1,1,912,484,97,109,0,7,1
2,1,912,484,97,109,0,7,1
3,1,912,484,97,109,0,7,1
4,1,912,484,97,109,0,7,1
5,1,912,484,97,109,0,7,1
6,1,912,484,97,109,0,7,1
7,1,912,484,97,109,0,7,1
8,1,912,484,97,109,0,7,1
9,1,912,484,97,109,0,7,1
10,1,912,484,97,109,0,7,1
11,1,912,484,97,109,0,7,1
12,1,912,484,97,109,0,7,1
13,1,912,484,97,109,0,7,1
14,1,912,484,97,109,0,7,1
15,1,912,484,97,109,0,7,1
16,1,912,484,97,109,0,7,1
17,1,912,484,97,109,0,7,1
18,1,912,484,97,109,0,7,1
19,1,912,484,97,109,0,7,1
20,1,912,484,97,109,0,7,1
21,1,912,484,97,109,0,7,1
22,1,912,484,97,109,0,7,1
23,1,912,484,97,109,0,7,1
24,1,912,484,97,109,0,7,1
25,1,912,484,97,109,0,7,1
26,1,912,484,97,109,0,7,1
27,1,912,484,97,109,0,7,1
28,1,912,484,97,109,0,7,1
29,1,912,484,97,109,0,7,1
30,1,912,484,97,109,0,7,1
31,1,912,484,97,109,0,7,1
32,1,912,484,97,109,0,7,1
33,1,912,484,97,109,0,7,1
34,1,912,484,97,109,0,7,1
35,1,912,484,97,109,0,7,1
36,1,912,484,97,109,0,7,1
37,1,912,484,97,109,0,7,1
38,1,912,484,97,109,0,7,1
39,1,912,484,97,109,0,7,1
40,1,912,484,97,109,0,7,1
41,1,912,484,97,109,0,7,1
42,1,912,484,97,109,0,7,1
43,1,912,484,97,109,0,7,1
44,1,912,484,97,109,0,7,1
45,1,912,484,97,109,0,7,1
46,1,912,484,97,109,0,7,1
47,1,912,484,97,109,0,7,1
48,1,912,484,97,109,0,7,1
49,1,912,484,97,109,0,7,1
50,1,912,484,97,109,0,7,1
51,1,912,484,97,109,0,7,1
52,1,912,484,97,109,0,7,1
53,1,912,484,97,109,0,7,1
54,1,912,484,97,109,0,7,1
55,1,912,484,97,109,0,7,1
56,1,912,484,97,109,0,7,1
57,1,912,484,97,109,0,7,1
58,1,912,484,97,109,0,7,1
59,1,912,484,97,109,0,7,1
60,1,912,484,97,109,0,7,1
61,1,912,484,97,109,0,7,1
62,1,912,484,97,109,0,7,1
63,1,912,484,97,109,0,7,1
64,1,912,484,97,109,0,7,1
65,1,912,484,97,109,0,7,1
66,1,912,484,97,109,0,7,1
67,1,912,484,97,109,0,7,1
68,1,912,484,97,109,0,7,1
69,1,912,484,97,109,0,7,1
70,1,912,484,97,109,0,7,1
71,1,912,484,97,109,0,7,1
72,1,912,484,97,109,0,7,1
73,1,912,484,97,109,0,7,1
74,1,912,484,97,109,0,7,1
75,1,912,484,97,109,0,7,1
76,1,912,484,97,109,0,7,1
77,1,912,484,97,109,0,7,1
78,1,912,484,97,109,0,7,1
79,1,912,484,97,109,0,7,1
80,1,912,484,97,109,0,7,1
81,1,912,484,97,109,0,7,1
82,1,912,484,97,109,0,7,1
83,1,912,484,97,109,0,7,1
84,1,912,484,97,109,0,7,1
85,1,912,484,97,109,0,7,1
86,1,912,484,97,109,0,7,1
87,1,912,484,97,109,0,7,1
88,1,912,484,97,109,0,7,1
89,1,912,484,97,109,0,7,1
90,1,912,484,97,109,0,7,1
91,1,912,484,97,109,0,7,1
92,1,912,484,97,109,0,7,1
93,1,912,484,97,109,0,7,1
94,1,912,484,97,109,0,7,1
95,1,912,484,97,109,0,7,1
96,1,912,484,97,109,0,7,1
97,1,912,484,97,109,0,7,1
98,1,912,484,97,109,0,7,1
99,1,912,484,97,109,0,7,1
100,1,912,484,97,109,0,7,1
101,1,912,484,97,109,0,7,1
102,1,912,484,97,109,0,7,1
103,1,912,484,97,109,0,7,1
104,1,912,484,97,109,0,7,1
105,1,912,484,97,109,0,7,1
106,1,912,484,97,109,0,7,1
107,1,912,484,97,109,0,7,1
108,1,912,484,97,109,0,7,1
109,1,912,484,97,109,0,7,1
110,1,912,484,97,109,0,7,1
111,1,912,484,97,109,0,7,1
112,1,912,484,97,109,0,7,1
113,1,912,484,97,109,0,7,1
114,1,912,484,97,109,0,7,1
115,1,912,484,97,109,0,7,1
116,1,912,484,97,109,0,7,1
117,1,912,484,97,109,0,7,1
118,1,912,484,97,109,0,7,1
119,1,912,484,97,109,0,7,1
120,1,912,484,97,109,0,7,1
121,1,912,484,97,109,0,7,1
122,1,912,484,97,109,0,7,1
123,1,912,484,97,109,0,7,1
124,1,912,484,97,109,0,7,1
125,1,912,484,97,109,0,7,1
126,1,912,484,97,109,0,7,1
127,1,912,484,97,109,0,7,1
128,1,912,484,97,109,0,7,1
129,1,912,484,97,109,0,7,1
130,1,912,484,97,109,0,7,1
131,1,912,484,97,109,0,7,1
132,1,912,484,97,109,0,7,1
133,1,912,484,97,109,0,7,1
134,1,912,484,97,109,0,7,1
135,1,912,484,97,109,0,7,1
136,1,912,484,97,109,0,7,0.93878
137,1,912,484,97,109,0,7,0.86735
138,1,912,484,97,109,0,7,0.79592
139,1,912,484,97,109,0,7,0.72449
140,1,912,484,97,109,0,7,0.65306
141,1,912,484,97,109,0,7,0.64286
142,1,912,484,97,109,0,7,0.63265
143,1,912,484,97,109,0,7,0.62245
144,1,912,484,97,109,0,7,0.61224
145,1,912,484,97,109,0,7,0.60204
146,1,912,484,97,109,0,7,0.59184
147,1,912,484,97,109,0,7,0.58163
148,1,912,484,97,109,0,7,0.57143
149,1,912,484,97,109,0,7,0.56122
150,1,912,484,97,109,0,7,0.54082
151,1,912,484,97,109,0,7,0.53061
152,1,912,484,97,109,0,7,0.5102
153,1,912,484,97,109,0,7,0.4898
154,1,912,484,97,109,0,7,0.46939
155,1,912,484,97,109,0,7,0.44898
156,1,912,484,97,109,0,7,0.42857
157,1,912,484,97,109,0,7,0.36735
158,1,912,484,97,109,0,7,0.30612
159,1,912,484,97,109,0,7,0.2449
160,1,912,484,97,109,0,7,0.20408
161,1,912,484,97,109,0,7,0.16327
162,1,912,484,97,109,0,7,0.11224
163,1,912,484,97,109,0,7,0.11224
164,1,912,484,97,109,0,7,0.10204
165,1,912,484,97,109,0,7,0.10204
166,1,912,484,97,109,0,7,0.091837
167,1,912,484,97,109,0,7,0.061224
168,1,912,484,97,109,0,7,0.030612
169,1,912,484,97,109,0,7,0
170,1,912,484,97,109,0,7,0
171,1,912,484,97,109,0,7,0
172,1,912,484,97,109,0,7,0
173,1,912,484,97,109,0,7,0
174,1,912,484,97,109,0,7,0
175,1,912,484,97,109,0,7,0
176,1,912,484,97,109,0,7,0
177,1,912,484,97,109,0,7,0
178,1,912,484,97,109,0,7,0
179,1,912,484,97,109,0,7,0
180,1,912,484,97,109,0,7,0
181,1,912,484,97,109,0,7,0
182,1,912,484,97,109,0,7,0
183,1,912,484,97,109,0,7,0.010204
184,1,912,484,97,109,0,7,0.061224
185,1,912,484,97,109,0,7,0.10204
186,1,912,484,97,109,0,7,0.15306
187,1,912,484,97,109,0,7,0.20408
188,1,912,484,97,109,0,7,0.21429
189,1,912,484,97,109,0,7,0.23469
190,1,912,484,97,109,0,7,0.2551
191,1,912,484,97,109,0,7,0.27551
192,1,912,484,97,109,0,7,0.27551
193,1,912,484,97,109,0,7,0.23469
194,1,912,484,97,109,0,7,0.19388
195,1,912,484,97,109,0,7,0.15306
196,1,912,484,97,109,0,7,0.071429
197,1,912,484,97,109,0,7,0.010204
198,1,912,484,97,109,0,7,0
199,1,912,484,97,109,0,7,0
200,1,912,484,97,109,0,7,0
201,1,912,484,97,109,0,7,0
202,1,912,484,97,109,0,7,0.030612
203,1,912,484,97,109,0,7,0.071429
204,1,912,484,97,109,0,7,0.10204
205,1,912,484,97,109,0,7,0.14286
206,1,912,484,97,109,0,7,0.15306
207,1,912,484,97,109,0,7,0.17347
208,1,912,484,97,109,0,7,0.18367
209,1,912,484,97,109,0,7,0.17347
210,1,912,484,97,109,0,7,0.15306
211,1,912,484,97,109,0,7,0.13265
212,1,912,484,97,109,0,7,0.10204
213,1,912,484,97,109,0,7,0.081633
214,1,912,484,97,109,0,7,0.05102
215,1,912,484,97,109,0,7,0.030612
216,1,912,484,97,109,0,7,0
217,1,912,484,97,109,0,7,0
218,1,912,484,97,109,0,7,0
219,1,912,484,97,109,0,7,0
220,1,912,484,97,109,0,7,0
221,1,912,484,97,109,0,7,0
222,1,912,484,97,109,0,7,0
223,1,912,484,97,109,0,7,0
224,1,912,484,97,109,0,7,0
225,1,912,484,97,109,0,7,0
226,1,912,484,97,109,0,7,0
227,1,912,484,97,109,0,7,0
228,1,912,484,97,109,0,7,0
229,1,912,484,97,109,0,7,0
230,1,912,484,97,109,0,7,0
231,1,912,484,97,109,0,7,0
232,1,912,484,97,109,0,7,0
233,1,912,484,97,109,0,7,0
234,1,912,484,97,109,0,7,0
235,1,912,484,97,109,0,7,0
236,1,912,484,97,109,0,7,0
237,1,912,484,97,109,0,7,0
238,1,912,484,97,109,0,7,0
239,1,912,484,97,109,0,7,0
240,1,912,484,97,109,0,7,0
241,1,912,484,97,109,0,7,0
242,1,912,484,97,109,0,7,0
243,1,912,484,97,109,0,7,0
244,1,912,484,97,109,0,7,0
245,1,912,484,97,109,0,7,0
246,1,912,484,97,109,0,7,0
247,1,912,484,97,109,0,7,0
248,1,912,484,97,109,0,7,0
249,1,912,484,97,109,0,7,0
250,1,912,484,97,109,0,7,0
251,1,912,484,97,109,0,7,0
252,1,912,484,97,109,0,7,0
253,1,912,484,97,109,0,7,0
254,1,912,484,97,109,0,7,0
255,1,912,484,97,109,0,7,0
256,1,912,484,97,109,0,7,0
257,1,912,484,97,109,0,7,0
258,1,912,484,97,109,0,7,0
259,1,912,484,97,109,0,7,0
260,1,912,484,97,109,0,7,0
261,1,912,484,97,109,0,7,0
262,1,912,484,97,109,0,7,0
263,1,912,484,97,109,0,7,0
264,1,912,484,97,109,0,7,0
265,1,912,484,97,109,0,7,0
266,1,912,484,97,109,0,7,0
267,1,912,484,97,109,0,7,0
268,1,912,484,97,109,0,7,0
269,1,912,484,97,109,0,7,0
270,1,912,484,97,109,0,7,0
271,1,912,484,97,109,0,7,0
272,1,912,484,97,109,0,7,0
273,1,912,484,97,109,0,7,0
274,1,912,484,97,109,0,7,0
275,1,912,484,97,109,0,7,0
276,1,912,484,97,109,0,7,0
277,1,912,484,97,109,0,7,0.010204
278,1,912,484,97,109,0,7,0.020408
279,1,912,484,97,109,0,7,0.020408
280,1,912,484,97,109,0,7,0.030612
281,1,912,484,97,109,0,7,0.030612
282,1,912,484,97,109,0,7,0
283,1,912,484,97,109,0,7,0
284,1,912,484,97,109,0,7,0
285,1,912,484,97,109,0,7,0
286,1,912,484,97,109,0,7,0
287,1,912,484,97,109,0,7,0
288,1,912,484,97,109,0,7,0
289,1,912,484,97,109,0,7,0
290,1,912,484,97,109,0,7,0
291,1,912,484,97,109,0,7,0
292,1,912,484,97,109,0,7,0
293,1,912,484,97,109,0,7,0
294,1,912,484,97,109,0,7,0
295,1,912,484,97,109,0,7,0
296,1,912,484,97,109,0,7,0
297,1,912,484,97,109,0,7,0
298,1,912,484,97,109,0,7,0
299,1,912,484,97,109,0,7,0
300,1,912,484,97,109,0,7,0
301,1,912,484,97,109,0,7,0
1,2,1338,418,167,379,1,1,1
2,2,1342,417,168,380,1,1,1
3,2,1346,417,170,380,1,1,1
4,2,1351,417,171,381,1,1,1
5,2,1355,417,173,381,1,1,1
6,2,1360,417,174,382,1,1,1
7,2,1374,415,162,384,1,1,1
8,2,1389,414,149,386,1,1,1
9,2,1403,412,137,388,1,1,1
10,2,1418,411,124,390,1,1,1
11,2,1426,409,127,393,1,1,1
12,2,1435,408,129,395,1,1,1
13,2,1444,407,131,397,1,1,1
14,2,1453,406,133,399,1,1,1
15,2,1453,407,156,400,1,1,1
16,2,1453,408,180,402,1,1,1
17,2,1453,409,204,403,1,1,1
18,2,1453,411,228,404,1,1,1
19,2,1455,411,232,406,1,1,1
20,2,1458,411,236,408,1,1,1
21,2,1461,411,239,410,1,1,1
22,2,1464,411,243,413,1,1,1
23,2,1471,411,237,415,1,1,1
24,2,1478,411,231,417,1,1,1
25,2,1486,411,225,419,1,1,1
26,2,1504,408,215,421,1,1,1
27,2,1522,406,205,423,1,1,1
28,2,1540,403,195,426,1,1,1
29,2,1558,401,185,428,1,1,1
30,2,1576,398,175,431,1,1,1
31,2,1594,396,166,433,1,1,1
32,2,1600,396,179,439,1,1,1
33,2,1607,396,192,446,1,1,1
34,2,1614,396,205,452,1,1,1
35,2,1620,396,218,459,1,1,1
36,2,1627,396,231,465,1,1,1
37,2,1634,397,244,471,1,1,1
38,2,1637,396,247,474,1,1,1
39,2,1640,396,250,477,1,1,1
40,2,1643,395,254,480,1,1,1
41,2,1646,395,257,483,1,1,1
42,2,1649,394,260,486,1,1,1
43,2,1652,394,264,489,1,1,1
44,2,1670,393,254,490,1,1,0.98431
45,2,1688,392,244,491,1,1,0.95102
46,2,1707,391,234,492,1,1,0.91064
47,2,1725,390,224,493,1,1,0.87111
48,2,1743,389,215,495,1,1,0.82407
49,2,1762,388,204,496,1,1,0.77561
50,2,1780,387,195,497,1,1,0.71939
51,2,1798,386,185,498,1,1,0.66129
52,2,1817,386,175,499,1,1,0.59091
53,2,1818,385,181,499,1,1,0.56593
54,2,1819,385,187,499,1,1,0.54255
55,2,1821,385,192,498,1,1,0.51813
56,2,1822,385,198,498,1,1,0.49749
1,3,586,447,85,263,1,1,1
2,3,586,446,85,264,1,1,1
3,3,586,446,85,264,1,1,1
4,3,586,446,85,264,1,1,1
5,3,586,446,85,264,1,1,1
6,3,586,446,86,264,1,1,1
7,3,586,445,86,265,1,1,1
8,3,586,445,86,265,1,1,1
9,3,586,445,86,265,1,1,1
10,3,586,445,86,265,1,1,1
11,3,587,445,86,266,1,1,1
12,3,587,444,86,267,1,1,1
13,3,587,444,86,267,1,1,1
14,3,587,444,87,267,1,1,1
15,3,587,444,87,267,1,1,1
16,3,587,444,87,267,1,1,1
17,3,587,444,88,268,1,1,1
18,3,587,444,88,268,1,1,1
19,3,588,444,88,268,1,1,1
20,3,589,444,88,268,1,1,1
21,3,590,444,88,268,1,1,1
22,3,590,444,89,268,1,1,1
23,3,591,444,89,268,1,1,1
24,3,592,444,89,269,1,1,1
25,3,593,444,89,269,1,1,1
26,3,593,444,90,269,1,1,1
27,3,594,444,90,269,1,1,1
28,3,595,444,90,269,1,1,1
29,3,596,444,90,269,1,1,1
30,3,597,445,90,269,1,1,1
31,3,598,444,90,270,1,1,1
32,3,600,444,89,270,1,1,1
33,3,602,443,88,271,1,1,1
34,3,603,443,88,271,1,1,1
35,3,605,443,87,271,1,1,1
36,3,607,442,87,272,1,1,1
37,3,609,442,86,272,1,1,1
38,3,610,442,86,272,1,1,1
39,3,612,441,85,273,1,1,1
40,3,614,441,84,273,1,1,1
41,3,616,441,84,274,1,1,1
42,3,616,441,85,274,1,1,1
43,3,617,441,85,275,1,1,1
44,3,618,441,86,276,1,1,1
45,3,619,441,86,277,1,1,1
46,3,620,441,86,278,1,1,1
47,3,621,442,87,278,1,1,1
48,3,621,442,88,276,1,1,1
49,3,622,443,88,274,1,1,1
50,3,623,443,88,273,1,1,1
51,3,624,444,88,271,1,1,1
52,3,623,444,89,272,1,1,1
53,3,623,444,89,273,1,1,1
54,3,623,444,89,274,1,1,1
55,3,623,444,89,275,1,1,1
56,3,623,444,89,276,1,1,1
57,3,623,444,89,277,1,1,1
58,3,623,445,89,278,1,1,1
59,3,622,445,90,279,1,1,1
60,3,622,445,90,280,1,1,1
61,3,622,445,90,281,1,1,1
62,3,622,445,90,282,1,1,1
63,3,622,445,90,283,1,1,1
64,3,622,445,90,284,1,1,1
65,3,622,446,91,285,1,1,1
66,3,621,445,92,286,1,1,0.95699
67,3,620,445,93,286,1,1,0.92553
68,3,620,444,93,287,1,1,0.89362
69,3,619,444,94,287,1,1,0.86316
70,3,619,444,94,288,1,1,0.83158
71,3,618,443,94,289,1,1,0.79093
72,3,617,443,95,289,1,1,0.77162
73,3,616,443,95,289,1,1,0.75086
74,3,616,443,95,289,1,1,0.74048
75,3,615,442,95,290,1,1,0.71972
76,3,614,442,96,290,1,1,0.70206
77,3,613,442,96,290,1,1,0.68151
78,3,613,442,96,291,1,1,0.6701
79,3,614,441,96,292,1,1,0.67123
80,3,615,441,96,292,1,1,0.67123
81,3,616,441,97,292,1,1,0.67458
82,3,617,441,97,293,1,1,0.67458
83,3,618,440,97,294,1,1,0.67568
84,3,619,440,98,294,1,1,0.66893
85,3,620,440,98,294,1,1,0.66893
86,3,622,440,98,295,1,1,0.67005
87,3,624,440,98,295,1,1,0.68004
88,3,626,440,98,296,1,1,0.69003
89,3,628,440,99,296,1,1,0.69313
90,3,630,440,99,297,1,1,0.70302
91,3,632,440,100,297,1,1,0.70696
92,3,634,440,100,298,1,1,0.72648
93,3,636,440,101,299,1,1,0.73882
94,3,638,440,100,299,1,1,0.74601
95,3,640,440,99,300,1,1,0.75332
96,3,642,440,98,301,1,1,0.76079
97,3,644,440,97,302,1,1,0.7684
98,3,646,440,97,303,1,1,0.77846
99,3,647,439,98,304,1,1,0.78142
100,3,648,439,100,305,1,1,0.78574
101,3,650,439,101,306,1,1,0.79747
102,3,651,439,101,306,1,1,0.7968
103,3,653,439,100,306,1,1,0.79411
104,3,655,439,99,306,1,1,0.80195
105,3,657,439,98,306,1,1,0.7993
106,3,659,440,97,306,1,1,0.79658
107,3,660,440,97,306,1,1,0.79592
108,3,661,440,97,307,1,1,0.78571
109,3,663,440,97,308,1,1,0.79592
110,3,664,440,97,309,1,1,0.78571
111,3,666,440,97,310,1,1,0.78571
112,3,667,440,97,310,1,1,0.79592
113,3,669,440,97,310,1,1,0.80612
114,3,670,440,98,311,1,1,0.81818
115,3,672,440,98,311,1,1,0.82828
116,3,674,440,98,312,1,1,0.8389
117,3,674,439,98,314,1,1,0.83992
118,3,675,439,98,315,1,1,0.83992
119,3,676,439,98,317,1,1,0.85039
120,3,677,439,97,318,1,1,0.84934
121,3,677,438,98,320,1,1,0.84191
122,3,678,438,98,322,1,1,0.83094
123,3,679,438,97,323,1,1,0.81859
124,3,680,438,97,324,1,1,0.80791
125,3,681,438,97,326,1,1,0.79717
126,3,681,437,98,326,1,1,0.77914
127,3,682,437,98,326,1,1,0.76768
128,3,683,437,98,326,1,1,0.75758
129,3,684,437,98,325,1,1,0.74747
130,3,685,437,98,325,1,1,0.73737
131,3,685,437,99,325,1,1,0.72
132,3,686,437,99,324,1,1,0.73
133,3,687,437,99,324,1,1,0.73
134,3,688,437,99,324,1,1,0.73
135,3,689,437,99,324,1,1,0.73
136,3,689,436,100,325,1,1,0.72277
137,3,689,436,101,326,1,1,0.72549
138,3,690,436,101,327,1,1,0.72549
139,3,692,435,105,328,1,1,0.74606
140,3,694,435,109,328,1,1,0.76435
141,3,697,435,112,329,1,1,0.7889
142,3,699,435,116,329,1,1,0.83859
143,3,701,435,120,329,1,1,0.87678
144,3,704,435,124,330,1,1,0.92048
145,3,705,434,125,331,1,1,0.93732
146,3,706,434,127,332,1,1,0.939
147,3,707,434,128,332,1,1,0.93272
148,3,709,434,129,333,1,1,0.93346
149,3,711,434,126,334,1,1,0.93945
150,3,713,435,124,335,1,1,0.93829
151,3,715,436,121,335,1,1,0.93677
152,3,717,437,119,336,1,1,0.93551
153,3,719,436,118,337,1,1,0.93516
154,3,721,436,117,338,1,1,0.9346
155,3,723,436,117,338,1,1,0.92643
156,3,725,436,116,339,1,1,0.92579
157,3,728,436,115,340,1,1,0.93346
158,3,731,435,114,341,1,1,0.93308
159,3,735,435,113,342,1,1,0.94936
160,3,738,435,112,342,1,1,0.95743
161,3,742,435,111,343,1,1,0.96564
162,3,744,435,111,344,1,1,0.97415
163,3,746,435,112,345,1,1,0.98291
164,3,748,435,112,346,1,1,0.98291
165,3,750,435,113,347,1,1,0.99153
166,3,752,435,113,348,1,1,0.99153
167,3,754,435,114,349,1,1,1
168,3,756,435,114,350,1,1,1
169,3,759,436,114,351,1,1,1
170,3,760,436,115,352,1,1,1
171,3,762,437,116,352,1,1,1
172,3,764,437,116,354,1,1,1
173,3,766,438,117,354,1,1,1
174,3,768,438,117,355,1,1,1
175,3,770,439,118,356,1,1,1
176,3,772,438,115,357,1,1,1
177,3,774,438,112,357,1,1,1
178,3,777,437,108,359,1,1,1
179,3,779,437,105,359,1,1,1
180,3,782,437,102,360,1,1,1
181,3,783,436,103,361,1,1,1
182,3,784,436,104,361,1,1,1
183,3,785,435,105,362,1,1,1
184,3,786,435,106,363,1,1,1
185,3,787,434,107,364,1,1,0.98194
186,3,788,434,108,364,1,1,0.97316
187,3,790,434,109,365,1,1,0.96443
188,3,792,433,109,366,1,1,0.96443
189,3,794,433,109,366,1,1,0.95541
190,3,796,432,109,367,1,1,0.95541
191,3,799,432,108,367,1,1,0.955
192,3,801,431,111,368,1,1,0.95657
193,3,803,431,115,369,1,1,0.95829
194,3,805,431,119,369,1,1,0.95991
195,3,808,431,122,370,1,1,0.96853
196,3,810,430,130,371,1,1,0.96261
197,3,812,430,139,372,1,1,0.96469
198,3,814,430,148,372,1,1,0.95973
199,3,817,430,156,373,1,1,0.95541
200,3,818,430,156,374,1,1,0.93631
201,3,819,431,156,375,1,1,0.9172
202,3,821,432,156,376,1,1,0.9172
203,3,822,433,156,377,1,1,0.91083
204,3,824,434,156,378,1,1,0.91083
205,3,827,433,155,379,1,1,0.91667
206,3,831,433,154,380,1,1,0.92258
207,3,835,433,152,380,1,1,0.93464
208,3,839,433,151,381,1,1,0.94737
209,3,843,432,149,382,1,1,0.96
210,3,847,432,147,383,1,1,0.97297
211,3,851,432,145,383,1,1,0.97945
212,3,855,432,144,384,1,1,0.95862
213,3,861,431,140,385,1,1,0.95035
214,3,867,431,137,386,1,1,0.94203
215,3,873,431,133,386,1,1,0.93284
216,3,879,431,130,387,1,1,0.92366
217,3,881,430,130,391,1,1,0.8855
218,3,884,430,130,395,1,1,0.85496
219,3,886,429,131,400,1,1,0.81818
220,3,889,429,131,404,1,1,0.78788
221,3,892,429,129,405,1,1,0.75385
222,3,896,429,127,406,1,1,0.69531
223,3,899,429,126,407,1,1,0.62205
224,3,903,429,124,408,1,1,0.552
225,3,907,429,122,410,1,1,0.4878
226,3,908,428,123,411,1,1,0.40323
227,3,910,428,124,412,1,1,0.328
228,3,912,428,124,413,1,1,0.256
229,3,913,428,126,413,1,1,0.1811
230,3,915,427,126,415,1,1,0.10236
231,3,917,427,127,416,1,1,0.03125
232,3,918,427,128,416,1,1,0.046512
233,3,920,427,129,417,1,1,0.069231
234,3,922,427,130,418,1,1,0.091603
235,3,922,426,131,418,1,1,0.098485
236,3,923,425,132,419,1,1,0.11278
237,3,924,424,133,420,1,1,0.12687
238,3,925,423,133,420,1,1,0.13433
239,3,926,422,134,421,1,1,0.14815
240,3,927,421,135,422,1,1,0.16176
241,3,929,421,137,422,1,1,0.18841
242,3,931,421,139,423,1,1,0.19286
243,3,933,421,142,423,1,1,0.2028
244,3,935,421,144,424,1,1,0.2069
245,3,937,421,146,424,1,1,0.21088
246,3,940,421,148,425,1,1,0.22148
247,3,942,421,154,425,1,1,0.24516
248,3,944,421,160,426,1,1,0.26708
249,3,946,421,166,426,1,1,0.28743
250,3,948,421,173,427,1,1,0.31034
251,3,950,421,172,428,1,1,0.30058
252,3,952,422,171,429,1,1,0.28488
253,3,954,423,170,430,1,1,0.26901
254,3,956,424,169,431,1,1,0.25294
255,3,958,424,169,432,1,1,0.24118
256,3,960,425,168,433,1,1,0.22485
257,3,962,426,167,434,1,1,0.20833
258,3,964,427,166,435,1,1,0.19162
259,3,966,428,166,436,1,1,0.17964
260,3,968,427,165,437,1,1,0.16265
261,3,970,427,164,438,1,1,0.14545
262,3,972,427,163,438,1,1,0.14634
263,3,974,426,163,440,1,1,0.15244
264,3,976,426,162,440,1,1,0.15337
265,3,979,426,160,441,1,1,0.15528
266,3,981,426,159,441,1,1,0.15625
267,3,983,425,159,443,1,1,0.1625
268,3,985,425,158,443,1,1,0.16352
269,3,987,425,157,444,1,1,0.16456
270,3,990,425,156,445,1,1,0.17197
271,3,991,424,157,445,1,1,0.17722
272,3,993,423,157,446,1,1,0.18354
273,3,995,422,157,447,1,1,0.18354
274,3,997,422,157,446,1,1,0.18987
275,3,999,421,157,447,1,1,0.18987
276,3,1000,420,159,448,1,1,0.19375
277,3,1002,419,159,449,1,1,0.2
278,3,1004,419,159,448,1,1,0.2
279,3,1006,418,159,449,1,1,0.20625
280,3,1008,417,159,450,1,1,0.20625
281,3,1010,417,160,450,1,1,0.21118
282,3,1010,416,160,451,1,1,0.20497
283,3,1010,415,160,452,1,1,0.19255
284,3,1010,415,160,453,1,1,0.18012
285,3,1009,416,161,453,1,1,0.17284
286,3,1009,417,161,454,1,1,0.16049
287,3,1009,418,161,454,1,1,0.14815
288,3,1009,419,161,455,1,1,0.14198
289,3,1008,419,161,455,1,1,0.12346
290,3,1008,419,161,456,1,1,0.11111
291,3,1007,419,162,456,1,1,0.09816
292,3,1007,419,162,457,1,1,0.09816
293,3,1007,420,162,457,1,1,0.092025
294,3,1008,420,161,457,1,1,0.08642
295,3,1009,420,160,458,1,1,0.080745
296,3,1010,420,159,459,1,1,0.075
297,3,1012,421,158,459,1,1,0.081761
298,3,1012,421,158,459,1,1,0.075472
299,3,1012,421,159,460,1,1,0.075
300,3,1012,422,160,460,1,1,0.074534
301,3,1011,421,160,461,1,1,0.062112
1,4,1585,-1,336,578,0,9,0.98153
2,4,1585,-1,336,578,0,9,0.97777
3,4,1585,-1,336,578,0,9,0.974
4,4,1585,-1,336,578,0,9,0.97023
5,4,1585,-1,336,578,0,9,0.96665
6,4,1585,-1,336,578,0,9,0.96195
7,4,1585,-1,336,578,0,9,0.95642
8,4,1585,-1,336,578,0,9,0.95111
9,4,1585,-1,336,578,0,9,0.94624
10,4,1585,-1,336,578,0,9,0.9409
11,4,1585,-1,336,578,0,9,0.93516
12,4,1585,-1,336,578,0,9,0.92978
13,4,1585,-1,336,578,0,9,0.9162
14,4,1585,-1,336,578,0,9,0.90224
15,4,1585,-1,336,578,0,9,0.88621
16,4,1585,-1,336,578,0,9,0.87013
17,4,1585,-1,336,578,0,9,0.86656
18,4,1585,-1,336,578,0,9,0.86311
19,4,1585,-1,336,578,0,9,0.86042
20,4,1585,-1,336,578,0,9,0.85711
21,4,1585,-1,336,578,0,9,0.84929
22,4,1585,-1,336,578,0,9,0.84129
23,4,1585,-1,336,578,0,9,0.83406
24,4,1585,-1,336,578,0,9,0.82544
25,4,1585,-1,336,578,0,9,0.81658
26,4,1585,-1,336,578,0,9,0.80561
27,4,1585,-1,336,578,0,9,0.78899
28,4,1585,-1,336,578,0,9,0.77097
29,4,1585,-1,336,578,0,9,0.75424
30,4,1585,-1,336,578,0,9,0.73557
31,4,1585,-1,336,578,0,9,0.72574
32,4,1585,-1,336,578,0,9,0.7244
33,4,1585,-1,336,578,0,9,0.72307
34,4,1585,-1,336,578,0,9,0.72174
35,4,1585,-1,336,578,0,9,0.72124
36,4,1585,-1,336,578,0,9,0.72572
37,4,1585,-1,336,578,0,9,0.73145
38,4,1585,-1,336,578,0,9,0.73238
39,4,1585,-1,336,578,0,9,0.73456
40,4,1585,-1,336,578,0,9,0.73534
41,4,1585,-1,336,578,0,9,0.7375
42,4,1585,-1,336,578,0,9,0.73833
43,4,1585,-1,336,578,0,9,0.74037
44,4,1585,-1,336,578,0,9,0.75561
45,4,1585,-1,336,578,0,9,0.77148
46,4,1585,-1,336,578,0,9,0.7885
47,4,1585,-1,336,578,0,9,0.80474
48,4,1585,-1,336,578,0,9,0.82117
49,4,1585,-1,336,578,0,9,0.83876
50,4,1585,-1,336,578,0,9,0.85557
51,4,1585,-1,336,578,0,9,0.87256
52,4,1585,-1,336,578,0,9,0.89125
53,4,1585,-1,336,578,0,9,0.89171
54,4,1585,-1,336,578,0,9,0.8927
55,4,1585,-1,336,578,0,9,0.89468
56,4,1585,-1,336,578,0,9,0.89567
57,4,1585,-1,336,578,0,9,0.99359
58,4,1585,-1,336,578,0,9,0.99359
59,4,1585,-1,336,578,0,9,0.99359
60,4,1585,-1,336,578,0,9,0.99359
61,4,1585,-1,336,578,0,9,0.99359
62,4,1585,-1,336,578,0,9,0.99359
63,4,1585,-1,336,578,0,9,0.99359
64,4,1585,-1,336,578,0,9,0.99359
65,4,1585,-1,336,578,0,9,0.99359
66,4,1585,-1,336,578,0,9,0.99359
67,4,1585,-1,336,578,0,9,0.99359
68,4,1585,-1,336,578,0,9,0.99359
69,4,1585,-1,336,578,0,9,0.99359
70,4,1585,-1,336,578,0,9,0.99359
71,4,1585,-1,336,578,0,9,0.99359
72,4,1585,-1,336,578,0,9,0.99359
73,4,1585,-1,336,578,0,9,0.99359
74,4,1585,-1,336,578,0,9,0.99359
75,4,1585,-1,336,578,0,9,0.99359
76,4,1585,-1,336,578,0,9,0.99359
77,4,1585,-1,336,578,0,9,0.99359
78,4,1585,-1,336,578,0,9,0.99359
79,4,1585,-1,336,578,0,9,0.99359
80,4,1585,-1,336,578,0,9,0.99359
81,4,1585,-1,336,578,0,9,0.99359
82,4,1585,-1,336,578,0,9,0.99359
83,4,1585,-1,336,578,0,9,0.99359
84,4,1585,-1,336,578,0,9,0.99359
85,4,1585,-1,336,578,0,9,0.99359
86,4,1585,-1,336,578,0,9,0.99359
87,4,1585,-1,336,578,0,9,0.99359
88,4,1585,-1,336,578,0,9,0.99359
89,4,1585,-1,336,578,0,9,0.99359
90,4,1585,-1,336,578,0,9,0.99359
91,4,1585,-1,336,578,0,9,0.99359
92,4,1585,-1,336,578,0,9,0.99359
93,4,1585,-1,336,578,0,9,0.99359
94,4,1585,-1,336,578,0,9,0.99359
95,4,1585,-1,336,578,0,9,0.99359
96,4,1585,-1,336,578,0,9,0.99359
97,4,1585,-1,336,578,0,9,0.99359
98,4,1585,-1,336,578,0,9,0.99359
99,4,1585,-1,336,578,0,9,0.99359
100,4,1585,-1,336,578,0,9,0.99359
101,4,1585,-1,336,578,0,9,0.99359
102,4,1585,-1,336,578,0,9,0.99359
103,4,1585,-1,336,578,0,9,0.99359
104,4,1585,-1,336,578,0,9,0.99359
105,4,1585,-1,336,578,0,9,0.99359
106,4,1585,-1,336,578,0,9,0.99359
107,4,1585,-1,336,578,0,9,0.99359
108,4,1585,-1,336,578,0,9,0.99359
109,4,1585,-1,336,578,0,9,0.99359
110,4,1585,-1,336,578,0,9,0.99359
111,4,1585,-1,336,578,0,9,0.99359
112,4,1585,-1,336,578,0,9,0.99359
113,4,1585,-1,336,578,0,9,0.99359
114,4,1585,-1,336,578,0,9,0.99359
115,4,1585,-1,336,578,0,9,0.99359
116,4,1585,-1,336,578,0,9,0.99359
117,4,1585,-1,336,578,0,9,0.99359
118,4,1585,-1,336,578,0,9,0.99359
119,4,1585,-1,336,578,0,9,0.99359
120,4,1585,-1,336,578,0,9,0.99359
121,4,1585,-1,336,578,0,9,0.99359
122,4,1585,-1,336,578,0,9,0.99359
123,4,1585,-1,336,578,0,9,0.99359
124,4,1585,-1,336,578,0,9,0.99359
125,4,1585,-1,336,578,0,9,0.99359
126,4,1585,-1,336,578,0,9,0.99359
127,4,1585,-1,336,578,0,9,0.99359
128,4,1585,-1,336,578,0,9,0.99359
129,4,1585,-1,336,578,0,9,0.99359
130,4,1585,-1,336,578,0,9,0.99359
131,4,1585,-1,336,578,0,9,0.99359
132,4,1585,-1,336,578,0,9,0.99359
133,4,1585,-1,336,578,0,9,0.99359
134,4,1585,-1,336,578,0,9,0.99359
135,4,1585,-1,336,578,0,9,0.99359
136,4,1585,-1,336,578,0,9,0.99359
137,4,1585,-1,336,578,0,9,0.99359
138,4,1585,-1,336,578,0,9,0.99359
139,4,1585,-1,336,578,0,9,0.99359
140,4,1585,-1,336,578,0,9,0.99359
141,4,1585,-1,336,578,0,9,0.99359
142,4,1585,-1,336,578,0,9,0.99359
143,4,1585,-1,336,578,0,9,0.99359
144,4,1585,-1,336,578,0,9,0.99359
145,4,1585,-1,336,578,0,9,0.99359
146,4,1585,-1,336,578,0,9,0.99359
147,4,1585,-1,336,578,0,9,0.99359
148,4,1585,-1,336,578,0,9,0.99359
149,4,1585,-1,336,578,0,9,0.99359
150,4,1585,-1,336,578,0,9,0.99359
151,4,1585,-1,336,578,0,9,0.99359
152,4,1585,-1,336,578,0,9,0.99359
153,4,1585,-1,336,578,0,9,0.99359
154,4,1585,-1,336,578,0,9,0.99359
155,4,1585,-1,336,578,0,9,0.99359
156,4,1585,-1,336,578,0,9,0.99359
157,4,1585,-1,336,578,0,9,0.99359
158,4,1585,-1,336,578,0,9,0.99359
159,4,1585,-1,336,578,0,9,0.99359
160,4,1585,-1,336,578,0,9,0.99359
161,4,1585,-1,336,578,0,9,0.99359
162,4,1585,-1,336,578,0,9,0.99359
163,4,1585,-1,336,578,0,9,0.99359
164,4,1585,-1,336,578,0,9,0.99359
165,4,1585,-1,336,578,0,9,0.99359
166,4,1585,-1,336,578,0,9,0.99359
167,4,1585,-1,336,578,0,9,0.99359
168,4,1585,-1,336,578,0,9,0.99359
169,4,1585,-1,336,578,0,9,0.99359
170,4,1585,-1,336,578,0,9,0.99359
171,4,1585,-1,336,578,0,9,0.99359
172,4,1585,-1,336,578,0,9,0.99359
173,4,1585,-1,336,578,0,9,0.99359
174,4,1585,-1,336,578,0,9,0.99359
175,4,1585,-1,336,578,0,9,0.99359
176,4,1585,-1,336,578,0,9,0.99359
177,4,1585,-1,336,578,0,9,0.99359
178,4,1585,-1,336,578,0,9,0.99359
179,4,1585,-1,336,578,0,9,0.99359
180,4,1585,-1,336,578,0,9,0.99359
181,4,1585,-1,336,578,0,9,0.99359
182,4,1585,-1,336,578,0,9,0.99359
183,4,1585,-1,336,578,0,9,0.99359
184,4,1585,-1,336,578,0,9,0.99359
185,4,1585,-1,336,578,0,9,0.99359
186,4,1585,-1,336,578,0,9,0.99359
187,4,1585,-1,336,578,0,9,0.99359
188,4,1585,-1,336,578,0,9,0.99359
189,4,1585,-1,336,578,0,9,0.99359
190,4,1585,-1,336,578,0,9,0.99359
191,4,1585,-1,336,578,0,9,0.99359
192,4,1585,-1,336,578,0,9,0.99359
193,4,1585,-1,336,578,0,9,0.99359
194,4,1585,-1,336,578,0,9,0.99359
195,4,1585,-1,336,578,0,9,0.99359
196,4,1585,-1,336,578,0,9,0.99359
197,4,1585,-1,336,578,0,9,0.99359
198,4,1585,-1,336,578,0,9,0.99359
199,4,1585,-1,336,578,0,9,0.99359
200,4,1585,-1,336,578,0,9,0.99359
201,4,1585,-1,336,578,0,9,0.99359
202,4,1585,-1,336,578,0,9,0.99359
203,4,1585,-1,336,578,0,9,0.99359
204,4,1585,-1,336,578,0,9,0.99359
205,4,1585,-1,336,578,0,9,0.99359
206,4,1585,-1,336,578,0,9,0.99359
207,4,1585,-1,336,578,0,9,0.99359
208,4,1585,-1,336,578,0,9,0.99359
209,4,1585,-1,336,578,0,9,0.99359
210,4,1585,-1,336,578,0,9,0.99359
211,4,1585,-1,336,578,0,9,0.99359
212,4,1585,-1,336,578,0,9,0.99359
213,4,1585,-1,336,578,0,9,0.99359
214,4,1585,-1,336,578,0,9,0.99359
215,4,1585,-1,336,578,0,9,0.99359
216,4,1585,-1,336,578,0,9,0.99359
217,4,1585,-1,336,578,0,9,0.99359
218,4,1585,-1,336,578,0,9,0.99359
219,4,1585,-1,336,578,0,9,0.99359
220,4,1585,-1,336,578,0,9,0.99359
221,4,1585,-1,336,578,0,9,0.99359
222,4,1585,-1,336,578,0,9,0.99359
223,4,1585,-1,336,578,0,9,0.99359
224,4,1585,-1,336,578,0,9,0.99359
225,4,1585,-1,336,578,0,9,0.99359
226,4,1585,-1,336,578,0,9,0.99359
227,4,1585,-1,336,578,0,9,0.99359
228,4,1585,-1,336,578,0,9,0.99359
229,4,1585,-1,336,578,0,9,0.99359
230,4,1585,-1,336,578,0,9,0.99359
231,4,1585,-1,336,578,0,9,0.99359
232,4,1585,-1,336,578,0,9,0.99359
233,4,1585,-1,336,578,0,9,0.99359
234,4,1585,-1,336,578,0,9,0.99359
235,4,1585,-1,336,578,0,9,0.99359
236,4,1585,-1,336,578,0,9,0.99359
237,4,1585,-1,336,578,0,9,0.99359
238,4,1585,-1,336,578,0,9,0.99359
239,4,1585,-1,336,578,0,9,0.99359
240,4,1585,-1,336,578,0,9,0.99359
241,4,1585,-1,336,578,0,9,0.99359
242,4,1585,-1,336,578,0,9,0.99359
243,4,1585,-1,336,578,0,9,0.99359
244,4,1585,-1,336,578,0,9,0.99359
245,4,1585,-1,336,578,0,9,0.99359
246,4,1585,-1,336,578,0,9,0.99359
247,4,1585,-1,336,578,0,9,0.99359
248,4,1585,-1,336,578,0,9,0.99359
249,4,1585,-1,336,578,0,9,0.99359
250,4,1585,-1,336,578,0,9,0.93947
251,4,1585,-1,336,578,0,9,0.9294
252,4,1585,-1,336,578,0,9,0.91997
253,4,1585,-1,336,578,0,9,0.91033
254,4,1585,-1,336,578,0,9,0.90049
255,4,1585,-1,336,578,0,9,0.89104
256,4,1585,-1,336,578,0,9,0.87588
257,4,1585,-1,336,578,0,9,0.86148
258,4,1585,-1,336,578,0,9,0.84726
259,4,1585,-1,336,578,0,9,0.83321
260,4,1585,-1,336,578,0,9,0.81934
261,4,1585,-1,336,578,0,9,0.80564
262,4,1585,-1,336,578,0,9,0.7947
263,4,1585,-1,336,578,0,9,0.80359
264,4,1585,-1,336,578,0,9,0.81238
265,4,1585,-1,336,578,0,9,0.82193
266,4,1585,-1,336,578,0,9,0.83053
267,4,1585,-1,336,578,0,9,0.83988
268,4,1585,-1,336,578,0,9,0.8483
269,4,1585,-1,336,578,0,9,0.85662
270,4,1585,-1,336,578,0,9,0.86835
271,4,1585,-1,336,578,0,9,0.88129
272,4,1585,-1,336,578,0,9,0.89312
273,4,1585,-1,336,578,0,9,0.90683
274,4,1585,-1,336,578,0,9,0.89918
275,4,1585,-1,336,578,0,9,0.89174
276,4,1585,-1,336,578,0,9,0.88789
277,4,1585,-1,336,578,0,9,0.8923
278,4,1585,-1,336,578,0,9,0.89601
279,4,1585,-1,336,578,0,9,0.90047
280,4,1585,-1,336,578,0,9,0.90405
281,4,1585,-1,336,578,0,9,0.90812
282,4,1585,-1,336,578,0,9,0.92368
283,4,1585,-1,336,578,0,9,0.93922
284,4,1585,-1,336,578,0,9,0.95553
285,4,1585,-1,336,578,0,9,0.94445
286,4,1585,-1,336,578,0,9,0.9304
287,4,1585,-1,336,578,0,9,0.91627
288,4,1585,-1,336,578,0,9,0.90198
289,4,1585,-1,336,578,0,9,0.88744
290,4,1585,-1,336,578,0,9,0.8728
291,4,1585,-1,336,578,0,9,0.85834
292,4,1585,-1,336,578,0,9,0.85525
293,4,1585,-1,336,578,0,9,0.8526
294,4,1585,-1,336,578,0,9,0.84961
295,4,1585,-1,336,578,0,9,0.84677
296,4,1585,-1,336,578,0,9,0.84446
297,4,1585,-1,336,578,0,9,0.84208
298,4,1585,-1,336,578,0,9,0.83932
299,4,1585,-1,336,578,0,9,0.83731
300,4,1585,-1,336,578,0,9,0.83512
301,4,1585,-1,336,578,0,9,0.83278
1,5,1163,441,33,89,0,8,1
2,5,1163,441,33,89,0,8,1
3,5,1163,441,33,89,0,8,1
4,5,1163,441,33,89,0,8,1
5,5,1163,441,33,89,0,8,1
6,5,1163,441,33,89,0,8,1
7,5,1163,441,33,89,0,8,1
8,5,1163,441,33,89,0,8,1
9,5,1163,441,33,89,0,8,1
10,5,1163,441,33,89,0,8,1
11,5,1163,441,33,89,0,8,1
12,5,1163,441,33,89,0,8,1
13,5,1163,441,33,89,0,8,1
14,5,1163,441,33,89,0,8,1
15,5,1163,441,33,89,0,8,1
16,5,1163,441,33,89,0,8,1
17,5,1163,441,33,89,0,8,1
18,5,1163,441,33,89,0,8,1
19,5,1163,441,33,89,0,8,1
20,5,1163,441,33,89,0,8,1
21,5,1163,441,33,89,0,8,1
22,5,1163,441,33,89,0,8,1
23,5,1163,441,33,89,0,8,1
24,5,1163,441,33,89,0,8,1
25,5,1163,441,33,89,0,8,1
26,5,1163,441,33,89,0,8,1
27,5,1163,441,33,89,0,8,1
28,5,1163,441,33,89,0,8,1
29,5,1163,441,33,89,0,8,1
30,5,1163,441,33,89,0,8,1
31,5,1163,441,33,89,0,8,1
32,5,1163,441,33,89,0,8,1
33,5,1163,441,33,89,0,8,1
34,5,1163,441,33,89,0,8,1
35,5,1163,441,33,89,0,8,1
36,5,1163,441,33,89,0,8,1
37,5,1163,441,33,89,0,8,1
38,5,1163,441,33,89,0,8,1
39,5,1163,441,33,89,0,8,1
40,5,1163,441,33,89,0,8,1
41,5,1163,441,33,89,0,8,1
42,5,1163,441,33,89,0,8,1
43,5,1163,441,33,89,0,8,1
44,5,1163,441,33,89,0,8,1
45,5,1163,441,33,89,0,8,1
46,5,1163,441,33,89,0,8,1
47,5,1163,441,33,89,0,8,1
48,5,1163,441,33,89,0,8,1
49,5,1163,441,33,89,0,8,1
50,5,1163,441,33,89,0,8,1
51,5,1163,441,33,89,0,8,1
52,5,1163,441,33,89,0,8,1
53,5,1163,441,33,89,0,8,1
54,5,1163,441,33,89,0,8,1
55,5,1163,441,33,89,0,8,1
56,5,1163,441,33,89,0,8,1
57,5,1163,441,33,89,0,8,1
58,5,1163,441,33,89,0,8,1
59,5,1163,441,33,89,0,8,1
60,5,1163,441,33,89,0,8,1
61,5,1163,441,33,89,0,8,1
62,5,1163,441,33,89,0,8,1
63,5,1163,441,33,89,0,8,1
64,5,1163,441,33,89,0,8,1
65,5,1163,441,33,89,0,8,1
66,5,1163,441,33,89,0,8,1
67,5,1163,441,33,89,0,8,1
68,5,1163,441,33,89,0,8,1
69,5,1163,441,33,89,0,8,1
70,5,1163,441,33,89,0,8,1
71,5,1163,441,33,89,0,8,1
72,5,1163,441,33,89,0,8,1
73,5,1163,441,33,89,0,8,1
74,5,1163,441,33,89,0,8,1
75,5,1163,441,33,89,0,8,1
76,5,1163,441,33,89,0,8,1
77,5,1163,441,33,89,0,8,1
78,5,1163,441,33,89,0,8,1
79,5,1163,441,33,89,0,8,1
80,5,1163,441,33,89,0,8,1
81,5,1163,441,33,89,0,8,1
82,5,1163,441,33,89,0,8,1
83,5,1163,441,33,89,0,8,1
84,5,1163,441,33,89,0,8,1
85,5,1163,441,33,89,0,8,1
86,5,1163,441,33,89,0,8,1
87,5,1163,441,33,89,0,8,1
88,5,1163,441,33,89,0,8,1
89,5,1163,441,33,89,0,8,1
90,5,1163,441,33,89,0,8,1
91,5,1163,441,33,89,0,8,1
92,5,1163,441,33,89,0,8,1
93,5,1163,441,33,89,0,8,1
94,5,1163,441,33,89,0,8,1
95,5,1163,441,33,89,0,8,1
96,5,1163,441,33,89,0,8,1
97,5,1163,441,33,89,0,8,1
98,5,1163,441,33,89,0,8,1
99,5,1163,441,33,89,0,8,1
100,5,1163,441,33,89,0,8,1
101,5,1163,441,33,89,0,8,1
102,5,1163,441,33,89,0,8,1
103,5,1163,441,33,89,0,8,1
104,5,1163,441,33,89,0,8,1
105,5,1163,441,33,89,0,8,1
106,5,1163,441,33,89,0,8,1
107,5,1163,441,33,89,0,8,1
108,5,1163,441,33,89,0,8,1
109,5,1163,441,33,89,0,8,1
110,5,1163,441,33,89,0,8,1
111,5,1163,441,33,89,0,8,1
112,5,1163,441,33,89,0,8,1
113,5,1163,441,33,89,0,8,1
114,5,1163,441,33,89,0,8,1
115,5,1163,441,33,89,0,8,1
116,5,1163,441,33,89,0,8,1
117,5,1163,441,33,89,0,8,1
118,5,1163,441,33,89,0,8,1
119,5,1163,441,33,89,0,8,1
120,5,1163,441,33,89,0,8,1
121,5,1163,441,33,89,0,8,1
122,5,1163,441,33,89,0,8,1
123,5,1163,441,33,89,0,8,1
124,5,1163,441,33,89,0,8,1
125,5,1163,441,33,89,0,8,1
126,5,1163,441,33,89,0,8,1
127,5,1163,441,33,89,0,8,1
128,5,1163,441,33,89,0,8,1
129,5,1163,441,33,89,0,8,1
130,5,1163,441,33,89,0,8,1
131,5,1163,441,33,89,0,8,1
132,5,1163,441,33,89,0,8,1
133,5,1163,441,33,89,0,8,1
134,5,1163,441,33,89,0,8,1
135,5,1163,441,33,89,0,8,1
136,5,1163,441,33,89,0,8,1
137,5,1163,441,33,89,0,8,1
138,5,1163,441,33,89,0,8,1
139,5,1163,441,33,89,0,8,1
140,5,1163,441,33,89,0,8,1
141,5,1163,441,33,89,0,8,1
142,5,1163,441,33,89,0,8,1
143,5,1163,441,33,89,0,8,1
144,5,1163,441,33,89,0,8,1
145,5,1163,441,33,89,0,8,1
146,5,1163,441,33,89,0,8,1
147,5,1163,441,33,89,0,8,1
148,5,1163,441,33,89,0,8,1
149,5,1163,441,33,89,0,8,1
150,5,1163,441,33,89,0,8,1
151,5,1163,441,33,89,0,8,1
152,5,1163,441,33,89,0,8,1
153,5,1163,441,33,89,0,8,1
154,5,1163,441,33,89,0,8,0.97255
155,5,1163,441,33,89,0,8,0.91765
156,5,1163,441,33,89,0,8,0.8902
157,5,1163,441,33,89,0,8,0.83791
158,5,1163,441,33,89,0,8,0.75817
159,5,1163,441,33,89,0,8,0.7049
160,5,1163,441,33,89,0,8,0.65229
161,5,1163,441,33,89,0,8,0.60294
162,5,1163,441,33,89,0,8,0.52353
163,5,1163,441,33,89,0,8,0.47124
164,5,1163,441,33,89,0,8,0.39183
165,5,1163,441,33,89,0,8,0.33954
166,5,1163,441,33,89,0,8,0.2634
167,5,1163,441,33,89,0,8,0.21144
168,5,1163,441,33,89,0,8,0.13235
169,5,1163,441,33,89,0,8,0.10523
170,5,1163,441,33,89,0,8,0.10065
171,5,1163,441,33,89,0,8,0.10131
172,5,1163,441,33,89,0,8,0.096078
173,5,1163,441,33,89,0,8,0.091503
174,5,1163,441,33,89,0,8,0.089216
175,5,1163,441,33,89,0,8,0.084641
176,5,1163,441,33,89,0,8,0.082353
177,5,1163,441,33,89,0,8,0.077778
178,5,1163,441,33,89,0,8,0.077778
179,5,1163,441,33,89,0,8,0.077778
180,5,1163,441,33,89,0,8,0.077778
181,5,1163,441,33,89,0,8,0.088889
182,5,1163,441,33,89,0,8,0.14248
183,5,1163,441,33,89,0,8,0.16928
184,5,1163,441,33,89,0,8,0.095425
185,5,1163,441,33,89,0,8,0.097059
186,5,1163,441,33,89,0,8,0.098693
187,5,1163,441,33,89,0,8,0.098039
188,5,1163,441,33,89,0,8,0.099346
189,5,1163,441,33,89,0,8,0.097712
190,5,1163,441,33,89,0,8,0.098693
191,5,1163,441,33,89,0,8,0.096078
192,5,1163,441,33,89,0,8,0.097386
193,5,1163,441,33,89,0,8,0.098039
194,5,1163,441,33,89,0,8,0.093791
195,5,1163,441,33,89,0,8,0.094118
196,5,1163,441,33,89,0,8,0.094444
197,5,1163,441,33,89,0,8,0.094771
198,5,1163,441,33,89,0,8,0.12157
199,5,1163,441,33,89,0,8,0.22778
200,5,1163,441,33,89,0,8,0.33399
201,5,1163,441,33,89,0,8,0.44412
202,5,1163,441,33,89,0,8,0.46765
203,5,1163,441,33,89,0,8,0.52092
204,5,1163,441,33,89,0,8,0.57418
205,5,1163,441,33,89,0,8,0.57418
206,5,1163,441,33,89,0,8,0.62745
207,5,1163,441,33,89,0,8,0.68072
208,5,1163,441,33,89,0,8,0.70719
209,5,1163,441,33,89,0,8,0.73399
210,5,1163,441,33,89,0,8,0.78431
211,5,1163,441,33,89,0,8,0.68824
212,5,1163,441,33,89,0,8,0.34902
213,5,1163,441,33,89,0,8,0.33333
214,5,1163,441,33,89,0,8,0.23529
215,5,1163,441,33,89,0,8,0
216,5,1163,441,33,89,0,8,0
217,5,1163,441,33,89,0,8,0
218,5,1163,441,33,89,0,8,0
219,5,1163,441,33,89,0,8,0
220,5,1163,441,33,89,0,8,0
221,5,1163,441,33,89,0,8,0
222,5,1163,441,33,89,0,8,0
223,5,1163,441,33,89,0,8,0
224,5,1163,441,33,89,0,8,0
225,5,1163,441,33,89,0,8,0
226,5,1163,441,33,89,0,8,0
227,5,1163,441,33,89,0,8,0
228,5,1163,441,33,89,0,8,0
229,5,1163,441,33,89,0,8,0
230,5,1163,441,33,89,0,8,0
231,5,1163,441,33,89,0,8,0
232,5,1163,441,33,89,0,8,0.0039216
233,5,1163,441,33,89,0,8,0.0078431
234,5,1163,441,33,89,0,8,0.0062092
235,5,1163,441,33,89,0,8,0.0065359
236,5,1163,441,33,89,0,8,0.0068627
237,5,1163,441,33,89,0,8,0
238,5,1163,441,33,89,0,8,0
239,5,1163,441,33,89,0,8,0
240,5,1163,441,33,89,0,8,0
241,5,1163,441,33,89,0,8,0.17647
242,5,1163,441,33,89,0,8,0.44118
243,5,1163,441,33,89,0,8,0.73529
244,5,1163,441,33,89,0,8,0.88235
245,5,1163,441,33,89,0,8,1
246,5,1163,441,33,89,0,8,1
247,5,1163,441,33,89,0,8,1
248,5,1163,441,33,89,0,8,1
249,5,1163,441,33,89,0,8,1
250,5,1163,441,33,89,0,8,1
251,5,1163,441,33,89,0,8,1
252,5,1163,441,33,89,0,8,1
253,5,1163,441,33,89,0,8,1
254,5,1163,441,33,89,0,8,1
255,5,1163,441,33,89,0,8,1
256,5,1163,441,33,89,0,8,1
257,5,1163,441,33,89,0,8,1
258,5,1163,441,33,89,0,8,1
259,5,1163,441,33,89,0,8,1
260,5,1163,441,33,89,0,8,1
261,5,1163,441,33,89,0,8,1
262,5,1163,441,33,89,0,8,1
263,5,1163,441,33,89,0,8,1
264,5,1163,441,33,89,0,8,1
265,5,1163,441,33,89,0,8,1
266,5,1163,441,33,89,0,8,1
267,5,1163,441,33,89,0,8,1
268,5,1163,441,33,89,0,8,1
269,5,1163,441,33,89,0,8,1
270,5,1163,441,33,89,0,8,1
271,5,1163,441,33,89,0,8,1
272,5,1163,441,33,89,0,8,1
273,5,1163,441,33,89,0,8,1
274,5,1163,441,33,89,0,8,1
275,5,1163,441,33,89,0,8,1
276,5,1163,441,33,89,0,8,1
277,5,1163,441,33,89,0,8,0.91765
278,5,1163,441,33,89,0,8,0.83333
279,5,1163,441,33,89,0,8,0.74706
280,5,1163,441,33,89,0,8,0.63333
281,5,1163,441,33,89,0,8,0.5451
282,5,1163,441,33,89,0,8,0.46275
283,5,1163,441,33,89,0,8,0.35294
284,5,1163,441,33,89,0,8,0.27059
285,5,1163,441,33,89,0,8,0.18824
286,5,1163,441,33,89,0,8,0.078431
287,5,1163,441,33,89,0,8,0.05098
288,5,1163,441,33,89,0,8,0.05098
289,5,1163,441,33,89,0,8,0.052941
290,5,1163,441,33,89,0,8,0.052941
291,5,1163,441,33,89,0,8,0.052941
292,5,1163,441,33,89,0,8,0.052941
293,5,1163,441,33,89,0,8,0.052941
294,5,1163,441,33,89,0,8,0.052941
295,5,1163,441,33,89,0,8,0.052941
296,5,1163,441,33,89,0,8,0.052941
297,5,1163,441,33,89,0,8,0.042484
298,5,1163,441,33,89,0,8,0.042484
299,5,1163,441,33,89,0,8,0.04085
300,5,1163,441,33,89,0,8,0.039216
301,5,1163,441,33,89,0,8,0.04085
1,6,1308,431,34,118,0,8,0.85714
2,6,1308,431,34,118,0,8,0.97143
3,6,1308,431,34,118,0,8,1
4,6,1308,431,34,118,0,8,1
5,6,1308,431,34,118,0,8,1
6,6,1308,431,34,118,0,8,1
7,6,1308,431,34,118,0,8,1
8,6,1308,431,34,118,0,8,1
9,6,1308,431,34,118,0,8,1
10,6,1308,431,34,118,0,8,1
11,6,1308,431,34,118,0,8,1
12,6,1308,431,34,118,0,8,1
13,6,1308,431,34,118,0,8,1
14,6,1308,431,34,118,0,8,1
15,6,1308,431,34,118,0,8,1
16,6,1308,431,34,118,0,8,1
17,6,1308,431,34,118,0,8,1
18,6,1308,431,34,118,0,8,1
19,6,1308,431,34,118,0,8,1
20,6,1308,431,34,118,0,8,1
21,6,1308,431,34,118,0,8,1
22,6,1308,431,34,118,0,8,1
23,6,1308,431,34,118,0,8,1
24,6,1308,431,34,118,0,8,1
25,6,1308,431,34,118,0,8,1
26,6,1308,431,34,118,0,8,1
27,6,1308,431,34,118,0,8,1
28,6,1308,431,34,118,0,8,1
29,6,1308,431,34,118,0,8,1
30,6,1308,431,34,118,0,8,1
31,6,1308,431,34,118,0,8,1
32,6,1308,431,34,118,0,8,1
33,6,1308,431,34,118,0,8,1
34,6,1308,431,34,118,0,8,1
35,6,1308,431,34,118,0,8,1
36,6,1308,431,34,118,0,8,1
37,6,1308,431,34,118,0,8,1
38,6,1308,431,34,118,0,8,1
39,6,1308,431,34,118,0,8,1
40,6,1308,431,34,118,0,8,1
41,6,1308,431,34,118,0,8,1
42,6,1308,431,34,118,0,8,1
43,6,1308,431,34,118,0,8,1
44,6,1308,431,34,118,0,8,1
45,6,1308,431,34,118,0,8,1
46,6,1308,431,34,118,0,8,1
47,6,1308,431,34,118,0,8,1
48,6,1308,431,34,118,0,8,1
49,6,1308,431,34,118,0,8,1
50,6,1308,431,34,118,0,8,1
51,6,1308,431,34,118,0,8,1
52,6,1308,431,34,118,0,8,1
53,6,1308,431,34,118,0,8,1
54,6,1308,431,34,118,0,8,1
55,6,1308,431,34,118,0,8,1
56,6,1308,431,34,118,0,8,1
57,6,1308,431,34,118,0,8,1
58,6,1308,431,34,118,0,8,1
59,6,1308,431,34,118,0,8,1
60,6,1308,431,34,118,0,8,1
61,6,1308,431,34,118,0,8,1
62,6,1308,431,34,118,0,8,1
63,6,1308,431,34,118,0,8,1
64,6,1308,431,34,118,0,8,1
65,6,1308,431,34,118,0,8,1
66,6,1308,431,34,118,0,8,1
67,6,1308,431,34,118,0,8,1
68,6,1308,431,34,118,0,8,1
69,6,1308,431,34,118,0,8,1
70,6,1308,431,34,118,0,8,1
71,6,1308,431,34,118,0,8,1
72,6,1308,431,34,118,0,8,1
73,6,1308,431,34,118,0,8,1
74,6,1308,431,34,118,0,8,1
75,6,1308,431,34,118,0,8,1
76,6,1308,431,34,118,0,8,1
77,6,1308,431,34,118,0,8,1
78,6,1308,431,34,118,0,8,1
79,6,1308,431,34,118,0,8,1
80,6,1308,431,34,118,0,8,1
81,6,1308,431,34,118,0,8,1
82,6,1308,431,34,118,0,8,1
83,6,1308,431,34,118,0,8,1
84,6,1308,431,34,118,0,8,1
85,6,1308,431,34,118,0,8,1
86,6,1308,431,34,118,0,8,1
87,6,1308,431,34,118,0,8,1
88,6,1308,431,34,118,0,8,1
89,6,1308,431,34,118,0,8,1
90,6,1308,431,34,118,0,8,1
91,6,1308,431,34,118,0,8,1
92,6,1308,431,34,118,0,8,1
93,6,1308,431,34,118,0,8,1
94,6,1308,431,34,118,0,8,1
95,6,1308,431,34,118,0,8,1
96,6,1308,431,34,118,0,8,1
97,6,1308,431,34,118,0,8,1
98,6,1308,431,34,118,0,8,1
99,6,1308,431,34,118,0,8,1
100,6,1308,431,34,118,0,8,1
101,6,1308,431,34,118,0,8,1
102,6,1308,431,34,118,0,8,1
103,6,1308,431,34,118,0,8,1
104,6,1308,431,34,118,0,8,1
105,6,1308,431,34,118,0,8,1
106,6,1308,431,34,118,0,8,1
107,6,1308,431,34,118,0,8,1
108,6,1308,431,34,118,0,8,1
109,6,1308,431,34,118,0,8,1
110,6,1308,431,34,118,0,8,1
111,6,1308,431,34,118,0,8,1
112,6,1308,431,34,118,0,8,1
113,6,1308,431,34,118,0,8,1
114,6,1308,431,34,118,0,8,1
115,6,1308,431,34,118,0,8,1
116,6,1308,431,34,118,0,8,1
117,6,1308,431,34,118,0,8,1
118,6,1308,431,34,118,0,8,1
119,6,1308,431,34,118,0,8,1
120,6,1308,431,34,118,0,8,1
121,6,1308,431,34,118,0,8,1
122,6,1308,431,34,118,0,8,1
123,6,1308,431,34,118,0,8,1
124,6,1308,431,34,118,0,8,1
125,6,1308,431,34,118,0,8,1
126,6,1308,431,34,118,0,8,1
127,6,1308,431,34,118,0,8,1
128,6,1308,431,34,118,0,8,1
129,6,1308,431,34,118,0,8,1
130,6,1308,431,34,118,0,8,1
131,6,1308,431,34,118,0,8,1
132,6,1308,431,34,118,0,8,1
133,6,1308,431,34,118,0,8,1
134,6,1308,431,34,118,0,8,1
135,6,1308,431,34,118,0,8,1
136,6,1308,431,34,118,0,8,1
137,6,1308,431,34,118,0,8,1
138,6,1308,431,34,118,0,8,1
139,6,1308,431,34,118,0,8,1
140,6,1308,431,34,118,0,8,1
141,6,1308,431,34,118,0,8,1
142,6,1308,431,34,118,0,8,1
143,6,1308,431,34,118,0,8,1
144,6,1308,431,34,118,0,8,1
145,6,1308,431,34,118,0,8,1
146,6,1308,431,34,118,0,8,1
147,6,1308,431,34,118,0,8,1
148,6,1308,431,34,118,0,8,1
149,6,1308,431,34,118,0,8,1
150,6,1308,431,34,118,0,8,1
151,6,1308,431,34,118,0,8,1
152,6,1308,431,34,118,0,8,1
153,6,1308,431,34,118,0,8,1
154,6,1308,431,34,118,0,8,1
155,6,1308,431,34,118,0,8,1
156,6,1308,431,34,118,0,8,1
157,6,1308,431,34,118,0,8,1
158,6,1308,431,34,118,0,8,1
159,6,1308,431,34,118,0,8,1
160,6,1308,431,34,118,0,8,1
161,6,1308,431,34,118,0,8,1
162,6,1308,431,34,118,0,8,1
163,6,1308,431,34,118,0,8,1
164,6,1308,431,34,118,0,8,1
165,6,1308,431,34,118,0,8,1
166,6,1308,431,34,118,0,8,1
167,6,1308,431,34,118,0,8,1
168,6,1308,431,34,118,0,8,1
169,6,1308,431,34,118,0,8,1
170,6,1308,431,34,118,0,8,1
171,6,1308,431,34,118,0,8,1
172,6,1308,431,34,118,0,8,1
173,6,1308,431,34,118,0,8,1
174,6,1308,431,34,118,0,8,1
175,6,1308,431,34,118,0,8,1
176,6,1308,431,34,118,0,8,1
177,6,1308,431,34,118,0,8,1
178,6,1308,431,34,118,0,8,1
179,6,1308,431,34,118,0,8,1
180,6,1308,431,34,118,0,8,1
181,6,1308,431,34,118,0,8,1
182,6,1308,431,34,118,0,8,1
183,6,1308,431,34,118,0,8,1
184,6,1308,431,34,118,0,8,1
185,6,1308,431,34,118,0,8,1
186,6,1308,431,34,118,0,8,1
187,6,1308,431,34,118,0,8,1
188,6,1308,431,34,118,0,8,1
189,6,1308,431,34,118,0,8,1
190,6,1308,431,34,118,0,8,1
191,6,1308,431,34,118,0,8,1
192,6,1308,431,34,118,0,8,1
193,6,1308,431,34,118,0,8,1
194,6,1308,431,34,118,0,8,1
195,6,1308,431,34,118,0,8,1
196,6,1308,431,34,118,0,8,1
197,6,1308,431,34,118,0,8,1
198,6,1308,431,34,118,0,8,1
199,6,1308,431,34,118,0,8,1
200,6,1308,431,34,118,0,8,1
201,6,1308,431,34,118,0,8,1
202,6,1308,431,34,118,0,8,1
203,6,1308,431,34,118,0,8,1
204,6,1308,431,34,118,0,8,1
205,6,1308,431,34,118,0,8,1
206,6,1308,431,34,118,0,8,1
207,6,1308,431,34,118,0,8,1
208,6,1308,431,34,118,0,8,1
209,6,1308,431,34,118,0,8,1
210,6,1308,431,34,118,0,8,1
211,6,1308,431,34,118,0,8,1
212,6,1308,431,34,118,0,8,1
213,6,1308,431,34,118,0,8,1
214,6,1308,431,34,118,0,8,1
215,6,1308,431,34,118,0,8,1
216,6,1308,431,34,118,0,8,1
217,6,1308,431,34,118,0,8,1
218,6,1308,431,34,118,0,8,1
219,6,1308,431,34,118,0,8,1
220,6,1308,431,34,118,0,8,1
221,6,1308,431,34,118,0,8,1
222,6,1308,431,34,118,0,8,1
223,6,1308,431,34,118,0,8,1
224,6,1308,431,34,118,0,8,1
225,6,1308,431,34,118,0,8,1
226,6,1308,431,34,118,0,8,1
227,6,1308,431,34,118,0,8,1
228,6,1308,431,34,118,0,8,1
229,6,1308,431,34,118,0,8,1
230,6,1308,431,34,118,0,8,1
231,6,1308,431,34,118,0,8,1
232,6,1308,431,34,118,0,8,1
233,6,1308,431,34,118,0,8,1
234,6,1308,431,34,118,0,8,1
235,6,1308,431,34,118,0,8,1
236,6,1308,431,34,118,0,8,1
237,6,1308,431,34,118,0,8,0.74286
238,6,1308,431,34,118,0,8,0.71429
239,6,1308,431,34,118,0,8,0.65714
240,6,1308,431,34,118,0,8,0.6
241,6,1308,431,34,118,0,8,0.51429
242,6,1308,431,34,118,0,8,0.42857
243,6,1308,431,34,118,0,8,0.34286
244,6,1308,431,34,118,0,8,0.25714
245,6,1308,431,34,118,0,8,0.17143
246,6,1308,431,34,118,0,8,0.085714
247,6,1308,431,34,118,0,8,0
248,6,1308,431,34,118,0,8,0
249,6,1308,431,34,118,0,8,0
250,6,1308,431,34,118,0,8,0
251,6,1308,431,34,118,0,8,0
252,6,1308,431,34,118,0,8,0
253,6,1308,431,34,118,0,8,0
254,6,1308,431,34,118,0,8,0
255,6,1308,431,34,118,0,8,0
256,6,1308,431,34,118,0,8,0
257,6,1308,431,34,118,0,8,0
258,6,1308,431,34,118,0,8,0
259,6,1308,431,34,118,0,8,0
260,6,1308,431,34,118,0,8,0
261,6,1308,431,34,118,0,8,0
262,6,1308,431,34,118,0,8,0
263,6,1308,431,34,118,0,8,0
264,6,1308,431,34,118,0,8,0.040816
265,6,1308,431,34,118,0,8,0.085714
266,6,1308,431,34,118,0,8,0.13061
267,6,1308,431,34,118,0,8,0.16735
268,6,1308,431,34,118,0,8,0.13445
269,6,1308,431,34,118,0,8,0.12605
270,6,1308,431,34,118,0,8,0.14286
271,6,1308,431,34,118,0,8,0.19328
272,6,1308,431,34,118,0,8,0.21849
273,6,1308,431,34,118,0,8,0.2437
274,6,1308,431,34,118,0,8,0.26891
275,6,1308,431,34,118,0,8,0.29412
276,6,1308,431,34,118,0,8,0.31933
277,6,1308,431,34,118,0,8,0.39496
278,6,1308,431,34,118,0,8,0.47059
279,6,1308,431,34,118,0,8,0.54622
280,6,1308,431,34,118,0,8,0.62185
281,6,1308,431,34,118,0,8,0.69748
282,6,1308,431,34,118,0,8,0.7964
283,6,1308,431,34,118,0,8,0.89724
284,6,1308,431,34,118,0,8,1
285,6,1308,431,34,118,0,8,1
286,6,1308,431,34,118,0,8,1
287,6,1308,431,34,118,0,8,1
288,6,1308,431,34,118,0,8,1
289,6,1308,431,34,118,0,8,1
290,6,1308,431,34,118,0,8,1
291,6,1308,431,34,118,0,8,1
292,6,1308,431,34,118,0,8,1
293,6,1308,431,34,118,0,8,1
294,6,1308,431,34,118,0,8,1
295,6,1308,431,34,118,0,8,1
296,6,1308,431,34,118,0,8,1
297,6,1308,431,34,118,0,8,1
298,6,1308,431,34,118,0,8,1
299,6,1308,431,34,118,0,8,1
300,6,1308,431,34,118,0,8,1
301,6,1308,431,34,118,0,8,1
20,7,907,414,30,139,0,9,0.58065
21,7,907,414,30,139,0,9,0.58065
22,7,907,414,30,139,0,9,0.58065
23,7,907,414,30,139,0,9,0.58065
24,7,907,414,30,139,0,9,0.58065
25,7,907,414,30,139,0,9,0.58065
26,7,907,414,30,139,0,9,0.58065
27,7,907,414,30,139,0,9,0.58065
28,7,907,414,30,139,0,9,0.58065
29,7,907,414,30,139,0,9,0.58065
30,7,907,414,30,139,0,9,0.58065
31,7,907,414,30,139,0,9,0.58065
32,7,907,414,30,139,0,9,0.58065
33,7,907,414,30,139,0,9,0.58065
34,7,907,414,30,139,0,9,0.58065
35,7,907,414,30,139,0,9,0.58065
36,7,907,414,30,139,0,9,0.58065
37,7,907,414,30,139,0,9,0.58065
38,7,907,414,30,139,0,9,0.58065
39,7,907,414,30,139,0,9,0.58065
40,7,907,414,30,139,0,9,0.58065
41,7,907,414,30,139,0,9,0.58065
42,7,907,414,30,139,0,9,0.58065
43,7,907,414,30,139,0,9,0.58065
44,7,907,414,30,139,0,9,0.58065
45,7,907,414,30,139,0,9,0.58065
46,7,907,414,30,139,0,9,0.58065
47,7,907,414,30,139,0,9,0.58065
48,7,907,414,30,139,0,9,0.58065
49,7,907,414,30,139,0,9,0.58065
50,7,907,414,30,139,0,9,0.58065
51,7,907,414,30,139,0,9,0.58065
52,7,907,414,30,139,0,9,0.58065
53,7,907,414,30,139,0,9,0.58065
54,7,907,414,30,139,0,9,0.58065
55,7,907,414,30,139,0,9,0.58065
56,7,907,414,30,139,0,9,0.58065
57,7,907,414,30,139,0,9,0.58065
58,7,907,414,30,139,0,9,0.58065
59,7,907,414,30,139,0,9,0.58065
60,7,907,414,30,139,0,9,0.58065
61,7,907,414,30,139,0,9,0.58065
62,7,907,414,30,139,0,9,0.58065
63,7,907,414,30,139,0,9,0.58065
64,7,907,414,30,139,0,9,0.58065
65,7,907,414,30,139,0,9,0.58065
66,7,907,414,30,139,0,9,0.58065
67,7,907,414,30,139,0,9,0.58065
68,7,907,414,30,139,0,9,0.58065
69,7,907,414,30,139,0,9,0.58065
70,7,907,414,30,139,0,9,0.58065
71,7,907,414,30,139,0,9,0.58065
72,7,907,414,30,139,0,9,0.58065
73,7,907,414,30,139,0,9,0.58065
74,7,907,414,30,139,0,9,0.58065
75,7,907,414,30,139,0,9,0.58065
76,7,907,414,30,139,0,9,0.58065
77,7,907,414,30,139,0,9,0.58065
78,7,907,414,30,139,0,9,0.58065
79,7,907,414,30,139,0,9,0.58065
80,7,907,414,30,139,0,9,0.58065
81,7,907,414,30,139,0,9,0.58065
82,7,907,414,30,139,0,9,0.58065
83,7,907,414,30,139,0,9,0.58065
84,7,907,414,30,139,0,9,0.58065
85,7,907,414,30,139,0,9,0.58065
86,7,907,414,30,139,0,9,0.58065
87,7,907,414,30,139,0,9,0.58065
88,7,907,414,30,139,0,9,0.58065
89,7,907,414,30,139,0,9,0.58065
90,7,907,414,30,139,0,9,0.58065
91,7,907,414,30,139,0,9,0.58065
92,7,907,414,30,139,0,9,0.58065
93,7,907,414,30,139,0,9,0.58065
94,7,907,414,30,139,0,9,0.58065
95,7,907,414,30,139,0,9,0.58065
96,7,907,414,30,139,0,9,0.58065
97,7,907,414,30,139,0,9,0.58065
98,7,907,414,30,139,0,9,0.58065
99,7,907,414,30,139,0,9,0.58065
100,7,907,414,30,139,0,9,0.58065
101,7,907,414,30,139,0,9,0.58065
102,7,907,414,30,139,0,9,0.58065
103,7,907,414,30,139,0,9,0.58065
104,7,907,414,30,139,0,9,0.58065
105,7,907,414,30,139,0,9,0.58065
106,7,907,414,30,139,0,9,0.58065
107,7,907,414,30,139,0,9,0.58065
108,7,907,414,30,139,0,9,0.58065
109,7,907,414,30,139,0,9,0.58065
110,7,907,414,30,139,0,9,0.58065
111,7,907,414,30,139,0,9,0.58065
112,7,907,414,30,139,0,9,0.58065
113,7,907,414,30,139,0,9,0.58065
114,7,907,414,30,139,0,9,0.58065
115,7,907,414,30,139,0,9,0.58065
116,7,907,414,30,139,0,9,0.58065
117,7,907,414,30,139,0,9,0.58065
118,7,907,414,30,139,0,9,0.58065
119,7,907,414,30,139,0,9,0.58065
120,7,907,414,30,139,0,9,0.58065
121,7,907,414,30,139,0,9,0.58065
122,7,907,414,30,139,0,9,0.58065
123,7,907,414,30,139,0,9,0.58065
124,7,907,414,30,139,0,9,0.58065
125,7,907,414,30,139,0,9,0.58065
126,7,907,414,30,139,0,9,0.58065
127,7,907,414,30,139,0,9,0.58065
128,7,907,414,30,139,0,9,0.58065
129,7,907,414,30,139,0,9,0.58065
130,7,907,414,30,139,0,9,0.58065
131,7,907,414,30,139,0,9,0.58065
132,7,907,414,30,139,0,9,0.58065
133,7,907,414,30,139,0,9,0.58065
134,7,907,414,30,139,0,9,0.58065
135,7,907,414,30,139,0,9,0.47005
136,7,907,414,30,139,0,9,0.37581
137,7,907,414,30,139,0,9,0.30092
138,7,907,414,30,139,0,9,0.23502
139,7,907,414,30,139,0,9,0.17857
140,7,907,414,30,139,0,9,0.19286
141,7,907,414,30,139,0,9,0.18571
142,7,907,414,30,139,0,9,0.18571
143,7,907,414,30,139,0,9,0.17857
144,7,907,414,30,139,0,9,0.17857
145,7,907,414,30,139,0,9,0.17143
146,7,907,414,30,139,0,9,0.17143
147,7,907,414,30,139,0,9,0.16429
148,7,907,414,30,139,0,9,0.16429
149,7,907,414,30,139,0,9,0.15714
150,7,907,414,30,139,0,9,0.15714
151,7,907,414,30,139,0,9,0.15
152,7,907,414,30,139,0,9,0.15
153,7,907,414,30,139,0,9,0.15
154,7,907,414,30,139,0,9,0.15
155,7,907,414,30,139,0,9,0.15
156,7,907,414,30,139,0,9,0.15
157,7,907,414,30,139,0,9,0.15714
158,7,907,414,30,139,0,9,0.16544
159,7,907,414,30,139,0,9,0.17512
160,7,907,414,30,139,0,9,0.17558
161,7,907,414,30,139,0,9,0.18226
162,7,907,414,30,139,0,9,0.18825
163,7,907,414,30,139,0,9,0.18456
164,7,907,414,30,139,0,9,0.18249
165,7,907,414,30,139,0,9,0.1818
166,7,907,414,30,139,0,9,0.18456
167,7,907,414,30,139,0,9,0.18479
168,7,907,414,30,139,0,9,0.18594
169,7,907,414,30,139,0,9,0.18963
170,7,907,414,30,139,0,9,0.19286
171,7,907,414,30,139,0,9,0.1947
172,7,907,414,30,139,0,9,0.19654
173,7,907,414,30,139,0,9,0.19839
174,7,907,414,30,139,0,9,0.20115
175,7,907,414,30,139,0,9,0.20484
176,7,907,414,30,139,0,9,0.20853
177,7,907,414,30,139,0,9,0.20599
178,7,907,414,30,139,0,9,0.20806
179,7,907,414,30,139,0,9,0.21014
180,7,907,414,30,139,0,9,0.21152
181,7,907,414,30,139,0,9,0.21359
182,7,907,414,30,139,0,9,0.26498
183,7,907,414,30,139,0,9,0.35023
184,7,907,414,30,139,0,9,0.39631
185,7,907,414,30,139,0,9,0.43318
186,7,907,414,30,139,0,9,0.47926
187,7,907,414,30,139,0,9,0.52535
188,7,907,414,30,139,0,9,0.53456
189,7,907,414,30,139,0,9,0.553
190,7,907,414,30,139,0,9,0.57143
191,7,907,414,30,139,0,9,0.55253
192,7,907,414,30,139,0,9,0.42673
193,7,907,414,30,139,0,9,0.35346
194,7,907,414,30,139,0,9,0.28018
195,7,907,414,30,139,0,9,0.20691
196,7,907,414,30,139,0,9,0.11429
197,7,907,414,30,139,0,9,0.11429
198,7,907,414,30,139,0,9,0.11429
199,7,907,414,30,139,0,9,0.11429
200,7,907,414,30,139,0,9,0.11429
201,7,907,414,30,139,0,9,0.12143
202,7,907,414,30,139,0,9,0.12857
203,7,907,414,30,139,0,9,0.13571
204,7,907,414,30,139,0,9,0.14286
205,7,907,414,30,139,0,9,0.13571
206,7,907,414,30,139,0,9,0.13571
207,7,907,414,30,139,0,9,0.13571
208,7,907,414,30,139,0,9,0.13571
209,7,907,414,30,139,0,9,0.12857
210,7,907,414,30,139,0,9,0.12857
211,7,907,414,30,139,0,9,0.12857
212,7,907,414,30,139,0,9,0.12857
213,7,907,414,30,139,0,9,0.12143
214,7,907,414,30,139,0,9,0.12143
215,7,907,414,30,139,0,9,0.12143
216,7,907,414,30,139,0,9,0.12143
217,7,907,414,30,139,0,9,0.11429
218,7,907,414,30,139,0,9,0.11429
219,7,907,414,30,139,0,9,0.096774
220,7,907,414,30,139,0,9,0.072581
221,7,907,414,30,139,0,9,0.048387
222,7,907,414,30,139,0,9,0.010369
223,7,907,414,30,139,0,9,0
224,7,907,414,30,139,0,9,0
225,7,907,414,30,139,0,9,0
226,7,907,414,30,139,0,9,0
227,7,907,414,30,139,0,9,0
228,7,907,414,30,139,0,9,0
229,7,907,414,30,139,0,9,0
230,7,907,414,30,139,0,9,0
231,7,907,414,30,139,0,9,0
232,7,907,414,30,139,0,9,0
233,7,907,414,30,139,0,9,0
234,7,907,414,30,139,0,9,0
235,7,907,414,30,139,0,9,0
236,7,907,414,30,139,0,9,0
237,7,907,414,30,139,0,9,0
238,7,907,414,30,139,0,9,0
239,7,907,414,30,139,0,9,0
240,7,907,414,30,139,0,9,0
241,7,907,414,30,139,0,9,0
242,7,907,414,30,139,0,9,0
243,7,907,414,30,139,0,9,0
244,7,907,414,30,139,0,9,0
245,7,907,414,30,139,0,9,0
246,7,907,414,30,139,0,9,0
247,7,907,414,30,139,0,9,0
248,7,907,414,30,139,0,9,0
249,7,907,414,30,139,0,9,0
250,7,907,414,30,139,0,9,0
251,7,907,414,30,139,0,9,0.032258
252,7,907,414,30,139,0,9,0.046083
253,7,907,414,30,139,0,9,0.059908
254,7,907,414,30,139,0,9,0.073733
255,7,907,414,30,139,0,9,0.087558
256,7,907,414,30,139,0,9,0.10138
257,7,907,414,30,139,0,9,0.11521
258,7,907,414,30,139,0,9,0.12903
259,7,907,414,30,139,0,9,0.14286
260,7,907,414,30,139,0,9,0.14286
261,7,907,414,30,139,0,9,0.14286
262,7,907,414,30,139,0,9,0.14286
263,7,907,414,30,139,0,9,0.15
264,7,907,414,30,139,0,9,0.14286
265,7,907,414,30,139,0,9,0.14286
266,7,907,414,30,139,0,9,0.13571
267,7,907,414,30,139,0,9,0.13571
268,7,907,414,30,139,0,9,0.12857
269,7,907,414,30,139,0,9,0.12857
270,7,907,414,30,139,0,9,0.12143
271,7,907,414,30,139,0,9,0.12143
272,7,907,414,30,139,0,9,0.11429
273,7,907,414,30,139,0,9,0.11429
274,7,907,414,30,139,0,9,0.11429
275,7,907,414,30,139,0,9,0.11429
276,7,907,414,30,139,0,9,0.11429
277,7,907,414,30,139,0,9,0.10714
278,7,907,414,30,139,0,9,0.10714
279,7,907,414,30,139,0,9,0.10714
280,7,907,414,30,139,0,9,0.10714
281,7,907,414,30,139,0,9,0.10714
282,7,907,414,30,139,0,9,0.10714
283,7,907,414,30,139,0,9,0.10714
284,7,907,414,30,139,0,9,0.10714
285,7,907,414,30,139,0,9,0.10714
286,7,907,414,30,139,0,9,0.10714
287,7,907,414,30,139,0,9,0.10714
288,7,907,414,30,139,0,9,0.11429
289,7,907,414,30,139,0,9,0.11429
290,7,907,414,30,139,0,9,0.11429
291,7,907,414,30,139,0,9,0.12143
292,7,907,414,30,139,0,9,0.11429
293,7,907,414,30,139,0,9,0.10714
294,7,907,414,30,139,0,9,0.1
295,7,907,414,30,139,0,9,0.092857
296,7,907,414,30,139,0,9,0.085714
297,7,907,414,30,139,0,9,0.078571
298,7,907,414,30,139,0,9,0.071429
299,7,907,414,30,139,0,9,0.064286
300,7,907,414,30,139,0,9,0.057143
301,7,907,414,30,139,0,9,0.05
1,8,1416,431,184,336,1,1,0.51351
2,8,1422,431,183,337,1,1,0.5163
3,8,1428,431,182,338,1,1,0.51366
4,8,1434,431,181,339,1,1,0.51099
5,8,1440,432,180,339,1,1,0.50829
6,8,1454,431,172,341,1,1,0.53179
7,8,1468,430,165,343,1,1,0.58434
8,8,1482,430,158,344,1,1,0.64151
9,8,1497,429,149,346,1,1,0.70667
10,8,1511,429,142,347,1,1,0.77622
11,8,1525,428,135,349,1,1,0.78676
12,8,1540,428,127,351,1,1,0.80469
13,8,1542,427,142,354,1,1,0.76224
14,8,1544,426,157,358,1,1,0.72785
15,8,1546,425,172,361,1,1,0.63006
16,8,1549,425,187,364,1,1,0.54787
17,8,1550,428,190,363,1,1,0.43455
18,8,1552,431,192,363,1,1,0.32642
19,8,1553,434,195,363,1,1,0.31122
20,8,1555,438,198,362,1,1,0.29648
21,8,1568,434,193,365,1,1,0.31443
22,8,1582,430,187,368,1,1,0.32979
23,8,1596,427,181,371,1,1,0.37912
24,8,1606,425,181,373,1,1,0.42857
25,8,1616,423,181,375,1,1,0.47253
26,8,1627,422,180,376,1,1,0.48619
27,8,1637,420,187,379,1,1,0.51596
28,8,1647,419,195,381,1,1,0.54592
29,8,1657,418,202,383,1,1,0.57143
30,8,1667,417,210,385,1,1,0.59716
31,8,1677,416,218,388,1,1,0.61644
32,8,1680,416,221,390,1,1,0.54955
33,8,1683,416,225,393,1,1,0.4823
34,8,1686,416,229,396,1,1,0.41739
35,8,1690,416,232,399,1,1,0.35193
36,8,1693,416,233,402,1,1,0.26496
37,8,1696,416,234,405,1,1,0.17872
38,8,1699,416,235,408,1,1,0.15254
39,8,1728,416,224,408,1,1,0.13333
40,8,1757,416,213,408,1,1,0.10748
41,8,1786,416,203,408,1,1,0.083333
42,8,1815,416,192,408,1,1,0.056995
43,8,1844,416,181,408,1,1,0.021978
1,9,1056,484,36,110,1,1,0.94595
2,9,1055,483,36,110,1,1,0.94643
3,9,1055,483,36,110,1,1,0.94643
4,9,1055,483,36,110,1,1,0.94643
5,9,1055,483,36,110,1,1,0.94643
6,9,1055,483,36,110,1,1,0.94643
7,9,1055,483,36,110,1,1,0.94643
8,9,1055,483,36,110,1,1,0.94643
9,9,1055,483,36,110,1,1,0.94643
10,9,1055,483,36,110,1,1,0.94643
11,9,1055,483,36,110,1,1,0.94643
12,9,1055,483,36,110,1,1,0.94643
13,9,1055,483,36,110,1,1,0.94643
14,9,1055,483,36,110,1,1,0.94643
15,9,1055,483,36,110,1,1,0.94643
16,9,1055,483,36,110,1,1,0.94643
17,9,1055,483,36,110,1,1,0.94643
18,9,1055,483,36,110,1,1,0.94643
19,9,1055,483,36,110,1,1,0.94643
20,9,1055,483,36,110,1,1,0.94643
21,9,1055,483,36,110,1,1,0.94643
22,9,1055,483,36,110,1,1,0.94643
23,9,1055,483,36,110,1,1,0.94643
24,9,1055,483,36,110,1,1,0.94643
25,9,1055,483,36,110,1,1,0.94643
26,9,1055,483,36,110,1,1,0.94643
27,9,1055,483,36,110,1,1,0.94643
28,9,1055,483,36,110,1,1,0.94643
29,9,1055,483,36,110,1,1,0.94643
30,9,1055,483,36,110,1,1,0.94643
31,9,1055,483,36,110,1,1,0.94643
32,9,1055,483,36,110,1,1,0.94643
33,9,1055,483,36,110,1,1,0.94643
34,9,1055,483,36,110,1,1,0.94643
35,9,1055,483,36,110,1,1,0.94643
36,9,1055,483,36,110,1,1,0.94643
37,9,1054,483,37,110,1,1,0.94784
38,9,1054,483,37,110,1,1,0.94784
39,9,1054,483,37,110,1,1,0.94784
40,9,1054,483,37,110,1,1,0.94784
41,9,1054,483,37,110,1,1,0.94784
42,9,1054,483,37,110,1,1,0.94784
43,9,1054,483,37,110,1,1,0.94784
44,9,1054,483,37,110,1,1,0.94784
45,9,1054,483,37,110,1,1,0.94784
46,9,1054,483,37,110,1,1,0.94784
47,9,1054,483,37,110,1,1,0.94784
48,9,1054,483,37,110,1,1,0.94784
49,9,1054,483,37,110,1,1,0.94784
50,9,1054,483,37,110,1,1,0.94784
51,9,1054,483,37,110,1,1,0.94784
52,9,1054,483,37,110,1,1,0.94784
53,9,1054,483,37,110,1,1,0.94784
54,9,1054,483,37,110,1,1,0.94784
55,9,1054,483,37,110,1,1,0.94784
56,9,1054,483,37,110,1,1,0.94784
57,9,1054,483,37,110,1,1,0.94784
58,9,1054,483,37,110,1,1,0.94784
59,9,1054,483,37,110,1,1,0.92176
60,9,1054,483,37,110,1,1,0.92176
61,9,1054,483,37,110,1,1,0.92176
62,9,1054,483,37,110,1,1,0.92176
63,9,1054,483,37,110,1,1,0.92176
64,9,1054,483,37,110,1,1,0.92176
65,9,1054,483,37,110,1,1,0.92176
66,9,1054,483,37,110,1,1,0.92176
67,9,1054,483,37,110,1,1,0.92176
68,9,1054,483,37,110,1,1,0.92176
69,9,1054,483,37,110,1,1,0.92176
70,9,1054,483,37,110,1,1,0.92176
71,9,1054,483,37,110,1,1,0.92176
72,9,1054,483,37,110,1,1,0.92176
73,9,1053,483,38,110,1,1,0.92377
74,9,1053,483,38,110,1,1,0.92377
75,9,1053,483,38,110,1,1,0.92377
76,9,1053,483,38,110,1,1,0.92377
77,9,1053,483,38,110,1,1,0.92377
78,9,1053,483,38,110,1,1,0.92377
79,9,1053,483,38,110,1,1,0.92377
80,9,1053,483,38,110,1,1,0.92377
81,9,1053,483,38,110,1,1,0.92377
82,9,1053,483,38,110,1,1,0.92377
83,9,1053,483,38,110,1,1,0.92377
84,9,1053,483,38,110,1,1,0.92377
85,9,1053,483,38,110,1,1,0.92377
86,9,1053,483,38,110,1,1,0.92377
87,9,1053,483,38,110,1,1,0.92377
88,9,1053,483,38,110,1,1,0.92377
89,9,1053,483,38,110,1,1,0.92377
90,9,1053,483,38,110,1,1,0.92377
91,9,1053,483,37,110,1,1,0.94784
92,9,1053,483,37,110,1,1,0.94784
93,9,1053,483,37,110,1,1,0.94784
94,9,1053,483,37,110,1,1,0.94784
95,9,1053,483,37,110,1,1,0.94784
96,9,1053,483,37,110,1,1,0.94784
97,9,1053,483,37,110,1,1,0.94784
98,9,1053,483,37,110,1,1,0.94784
99,9,1053,483,37,110,1,1,0.94784
100,9,1053,483,37,110,1,1,0.94784
101,9,1053,483,37,110,1,1,0.94784
102,9,1053,483,37,110,1,1,0.94784
103,9,1053,483,37,110,1,1,0.94784
104,9,1053,483,37,110,1,1,0.94784
105,9,1053,483,37,110,1,1,0.94784
106,9,1053,483,37,110,1,1,0.94784
107,9,1053,483,37,110,1,1,0.94784
108,9,1053,483,37,110,1,1,0.94784
109,9,1052,483,38,110,1,1,0.94918
110,9,1052,483,38,110,1,1,0.94918
111,9,1052,483,38,110,1,1,0.94918
112,9,1052,483,38,110,1,1,0.94918
113,9,1052,483,38,110,1,1,0.94918
114,9,1052,483,38,110,1,1,0.94918
115,9,1052,483,38,110,1,1,0.94918
116,9,1052,483,38,110,1,1,0.92377
117,9,1052,483,38,110,1,1,0.92377
118,9,1052,483,38,110,1,1,0.92377
119,9,1052,483,38,110,1,1,0.92377
120,9,1052,483,38,110,1,1,0.92377
121,9,1052,483,38,110,1,1,0.92377
122,9,1052,483,38,110,1,1,0.92377
123,9,1052,483,38,110,1,1,0.92377
124,9,1052,483,38,110,1,1,0.92377
125,9,1052,483,38,110,1,1,0.92377
126,9,1052,483,38,110,1,1,0.92377
127,9,1052,483,38,110,1,1,0.92377
128,9,1052,483,38,110,1,1,0.92377
129,9,1052,483,38,110,1,1,0.92377
130,9,1052,483,38,110,1,1,0.92377
131,9,1052,483,38,110,1,1,0.92377
132,9,1052,483,38,110,1,1,0.92377
133,9,1052,483,38,110,1,1,0.92377
134,9,1052,483,38,110,1,1,0.92377
135,9,1052,483,38,110,1,1,0.92377
136,9,1052,483,38,110,1,1,0.92377
137,9,1052,483,38,110,1,1,0.92377
138,9,1052,483,38,110,1,1,0.92377
139,9,1052,483,38,110,1,1,0.92377
140,9,1052,483,38,110,1,1,0.92377
141,9,1052,483,38,110,1,1,0.92377
142,9,1052,483,38,110,1,1,0.92377
143,9,1052,483,38,110,1,1,0.92377
144,9,1052,483,38,110,1,1,0.92377
145,9,1051,483,39,110,1,1,0.92568
146,9,1051,483,39,110,1,1,0.92568
147,9,1051,483,39,110,1,1,0.92568
148,9,1051,483,39,110,1,1,0.92568
149,9,1051,483,39,110,1,1,0.92568
150,9,1051,483,39,110,1,1,0.92568
151,9,1051,483,39,110,1,1,0.92568
152,9,1051,483,39,110,1,1,0.92568
153,9,1051,483,39,110,1,1,0.92568
154,9,1051,483,39,110,1,1,0.92568
155,9,1051,483,39,110,1,1,0.92568
156,9,1051,483,39,110,1,1,0.92568
157,9,1051,483,39,110,1,1,0.92568
158,9,1051,483,39,110,1,1,0.92568
159,9,1051,483,39,110,1,1,0.92568
160,9,1051,483,39,110,1,1,0.92568
161,9,1051,483,39,110,1,1,0.92568
162,9,1051,483,39,110,1,1,0.92568
163,9,1051,483,39,110,1,1,0.92568
164,9,1051,483,39,110,1,1,0.92568
165,9,1051,483,39,110,1,1,0.92568
166,9,1051,483,39,110,1,1,0.92568
167,9,1051,483,39,110,1,1,0.92568
168,9,1051,483,39,110,1,1,0.92568
169,9,1051,483,39,110,1,1,0.92568
170,9,1051,483,39,110,1,1,0.92568
171,9,1051,483,39,110,1,1,0.92568
172,9,1051,483,39,110,1,1,0.92568
173,9,1051,483,39,110,1,1,0.92568
174,9,1051,483,39,110,1,1,0.9009
175,9,1051,483,39,110,1,1,0.9009
176,9,1051,483,39,110,1,1,0.9009
177,9,1051,483,39,110,1,1,0.7259
178,9,1051,483,39,110,1,1,0.5259
179,9,1051,483,39,110,1,1,0.4759
180,9,1051,483,39,110,1,1,0.4009
181,9,1051,483,38,110,1,1,0.35967
182,9,1051,483,38,110,1,1,0.28274
183,9,1051,483,38,110,1,1,0.2571
184,9,1051,483,38,110,1,1,0.23146
185,9,1051,483,38,110,1,1,0.20582
186,9,1051,483,38,110,1,1,0.15454
187,9,1051,483,38,110,1,1,0.1289
188,9,1051,483,38,110,1,1,0.10326
189,9,1051,483,38,110,1,1,0.051975
190,9,1051,483,38,110,1,1,0.026334
191,9,1051,484,38,109,1,1,0
192,9,1051,484,38,109,1,1,0
193,9,1051,484,38,109,1,1,0
194,9,1051,484,38,109,1,1,0
195,9,1051,484,38,109,1,1,0
196,9,1051,484,38,109,1,1,0
197,9,1051,484,38,109,1,1,0
198,9,1051,484,38,109,1,1,0
199,9,1051,484,38,109,1,1,0
200,9,1051,484,38,109,1,1,0
201,9,1051,484,38,109,1,1,0
202,9,1051,484,38,109,1,1,0
203,9,1051,484,38,109,1,1,0
204,9,1051,484,38,109,1,1,0
205,9,1051,484,38,109,1,1,0
206,9,1051,484,38,109,1,1,0
207,9,1051,484,38,109,1,1,0
208,9,1051,484,38,109,1,1,0
209,9,1051,484,38,109,1,1,0
210,9,1051,484,38,109,1,1,0
211,9,1051,485,38,108,1,1,0
212,9,1051,485,38,108,1,1,0
213,9,1051,485,38,108,1,1,0
214,9,1051,486,38,107,1,1,0
215,9,1051,486,38,107,1,1,0
216,9,1051,487,38,106,1,1,0
217,9,1051,487,38,106,1,1,0
218,9,1051,487,38,106,1,1,0
219,9,1051,488,38,105,1,1,0
220,9,1051,488,38,105,1,1,0
221,9,1051,489,39,104,1,1,0.2
222,9,1051,488,39,105,1,1,0.475
223,9,1051,488,39,105,1,1,0.725
224,9,1051,488,39,105,1,1,0.9
225,9,1051,488,39,105,1,1,0.9
226,9,1051,488,39,105,1,1,0.9
227,9,1051,488,39,105,1,1,0.9
228,9,1051,488,39,105,1,1,0.9
229,9,1051,488,39,105,1,1,0.9
230,9,1051,488,39,105,1,1,0.9
231,9,1051,488,39,105,1,1,0.875
232,9,1051,487,39,105,1,1,0.875
233,9,1051,487,39,105,1,1,0.875
234,9,1051,487,39,105,1,1,0.825
235,9,1051,487,39,105,1,1,0.8
236,9,1051,487,39,105,1,1,0.75
237,9,1051,487,39,105,1,1,0.7
238,9,1051,487,39,105,1,1,0.675
239,9,1051,487,39,105,1,1,0.625
240,9,1051,487,39,105,1,1,0.575
241,9,1051,487,39,105,1,1,0.475
242,9,1051,487,39,105,1,1,0.375
243,9,1051,487,39,105,1,1,0.25
244,9,1051,487,39,105,1,1,0.15
245,9,1051,487,39,105,1,1,0.05
246,9,1051,487,39,105,1,1,0
247,9,1051,487,39,105,1,1,0
248,9,1051,487,39,105,1,1,0
249,9,1051,487,39,105,1,1,0
250,9,1051,487,39,105,1,1,0
251,9,1051,487,39,105,1,1,0
252,9,1051,487,39,105,1,1,0
253,9,1051,487,39,105,1,1,0
254,9,1051,487,39,105,1,1,0
255,9,1051,487,39,105,1,1,0
256,9,1051,487,39,105,1,1,0
257,9,1051,487,39,105,1,1,0
258,9,1051,487,39,105,1,1,0
259,9,1051,487,39,105,1,1,0
260,9,1051,487,39,105,1,1,0
261,9,1051,487,39,105,1,1,0
262,9,1051,486,39,106,1,1,0
263,9,1051,486,39,106,1,1,0
264,9,1051,486,39,106,1,1,0
265,9,1051,486,39,106,1,1,0
266,9,1051,486,39,106,1,1,0
267,9,1051,486,39,106,1,1,0
268,9,1051,486,39,106,1,1,0
269,9,1051,486,39,106,1,1,0
270,9,1051,486,39,106,1,1,0
271,9,1051,486,39,106,1,1,0
272,9,1051,486,39,105,1,1,0
273,9,1051,486,39,105,1,1,0
274,9,1051,486,39,105,1,1,0
275,9,1051,486,39,105,1,1,0
276,9,1051,486,39,105,1,1,0
277,9,1051,486,39,105,1,1,0
278,9,1051,486,39,105,1,1,0
279,9,1051,486,39,105,1,1,0
280,9,1051,486,39,105,1,1,0
281,9,1051,486,39,105,1,1,0
282,9,1051,486,39,105,1,1,0
283,9,1051,486,39,105,1,1,0
284,9,1051,486,39,105,1,1,0
285,9,1051,486,39,105,1,1,0
286,9,1051,486,39,105,1,1,0
287,9,1051,486,39,105,1,1,0
288,9,1051,486,39,105,1,1,0
289,9,1051,486,39,105,1,1,0
290,9,1051,486,39,105,1,1,0
291,9,1051,486,40,105,1,1,0
292,9,1051,485,40,106,1,1,0
293,9,1051,485,40,106,1,1,0
294,9,1051,485,40,106,1,1,0
295,9,1051,485,40,106,1,1,0
296,9,1051,485,40,106,1,1,0
297,9,1051,485,40,106,1,1,0
298,9,1051,485,40,106,1,1,0
299,9,1051,485,40,106,1,1,0
300,9,1051,485,40,106,1,1,0
301,9,1051,485,40,106,1,1,0
1,10,1091,484,31,115,1,1,1
2,10,1090,484,32,114,1,1,1
3,10,1090,484,32,114,1,1,1
4,10,1090,484,32,114,1,1,1
5,10,1090,484,32,114,1,1,1
6,10,1090,484,32,114,1,1,1
7,10,1090,484,32,114,1,1,1
8,10,1090,484,32,114,1,1,1
9,10,1090,484,32,114,1,1,1
10,10,1090,484,32,114,1,1,1
11,10,1090,484,32,114,1,1,1
12,10,1090,484,32,114,1,1,1
13,10,1090,484,32,114,1,1,1
14,10,1090,484,32,114,1,1,1
15,10,1090,484,32,114,1,1,1
16,10,1090,484,32,114,1,1,1
17,10,1090,484,32,114,1,1,1
18,10,1090,484,32,114,1,1,1
19,10,1090,484,32,114,1,1,1
20,10,1090,484,32,114,1,1,1
21,10,1090,484,32,114,1,1,1
22,10,1090,484,32,114,1,1,1
23,10,1090,484,32,114,1,1,1
24,10,1090,484,32,114,1,1,1
25,10,1090,484,32,114,1,1,1
26,10,1090,484,32,114,1,1,1
27,10,1090,484,32,114,1,1,1
28,10,1090,484,32,114,1,1,1
29,10,1090,484,32,114,1,1,1
30,10,1090,484,32,114,1,1,1
31,10,1090,484,32,114,1,1,1
32,10,1090,484,32,114,1,1,1
33,10,1090,484,32,114,1,1,1
34,10,1090,484,32,114,1,1,1
35,10,1090,484,32,114,1,1,1
36,10,1090,484,32,114,1,1,1
37,10,1090,484,32,114,1,1,1
38,10,1090,484,32,114,1,1,1
39,10,1090,484,32,114,1,1,1
40,10,1090,484,32,114,1,1,1
41,10,1090,484,32,114,1,1,1
42,10,1090,484,32,114,1,1,1
43,10,1090,484,32,114,1,1,1
44,10,1090,484,32,114,1,1,1
45,10,1090,484,32,114,1,1,1
46,10,1090,484,32,114,1,1,1
47,10,1090,484,32,114,1,1,1
48,10,1090,484,32,114,1,1,1
49,10,1090,484,32,114,1,1,1
50,10,1090,484,32,114,1,1,1
51,10,1090,484,32,114,1,1,1
52,10,1090,484,32,114,1,1,1
53,10,1090,484,32,114,1,1,1
54,10,1090,484,32,114,1,1,1
55,10,1090,484,32,114,1,1,1
56,10,1090,484,32,114,1,1,1
57,10,1090,484,32,114,1,1,1
58,10,1090,484,32,114,1,1,1
59,10,1089,484,33,114,1,1,1
60,10,1089,484,33,114,1,1,1
61,10,1089,484,33,114,1,1,1
62,10,1089,484,33,114,1,1,1
63,10,1089,484,33,114,1,1,1
64,10,1089,484,33,114,1,1,1
65,10,1089,484,33,114,1,1,1
66,10,1089,484,33,114,1,1,1
67,10,1089,484,33,114,1,1,1
68,10,1089,484,33,114,1,1,1
69,10,1089,484,33,114,1,1,1
70,10,1089,484,33,114,1,1,1
71,10,1089,484,33,114,1,1,1
72,10,1089,484,33,114,1,1,1
73,10,1089,484,33,114,1,1,1
74,10,1089,484,33,114,1,1,1
75,10,1089,484,33,114,1,1,1
76,10,1089,484,33,114,1,1,1
77,10,1089,484,33,114,1,1,1
78,10,1089,484,34,114,1,1,1
79,10,1089,484,34,114,1,1,1
80,10,1089,484,34,114,1,1,1
81,10,1089,484,34,114,1,1,1
82,10,1089,484,34,114,1,1,1
83,10,1089,484,34,114,1,1,1
84,10,1089,484,34,114,1,1,1
85,10,1089,484,34,114,1,1,1
86,10,1089,484,34,114,1,1,1
87,10,1089,484,34,114,1,1,1
88,10,1089,484,34,114,1,1,1
89,10,1089,484,34,114,1,1,1
90,10,1089,484,34,114,1,1,1
91,10,1089,484,34,114,1,1,1
92,10,1089,484,34,114,1,1,1
93,10,1089,484,34,114,1,1,1
94,10,1089,484,34,114,1,1,1
95,10,1089,484,34,114,1,1,1
96,10,1089,484,34,114,1,1,1
97,10,1089,484,34,114,1,1,1
98,10,1089,484,34,114,1,1,1
99,10,1089,484,34,114,1,1,1
100,10,1089,484,34,114,1,1,1
101,10,1089,484,34,114,1,1,1
102,10,1089,484,34,114,1,1,1
103,10,1089,484,34,114,1,1,1
104,10,1089,484,34,114,1,1,1
105,10,1089,484,34,114,1,1,1
106,10,1089,484,34,114,1,1,1
107,10,1089,484,34,114,1,1,1
108,10,1089,484,34,114,1,1,1
109,10,1089,484,34,114,1,1,1
110,10,1089,484,34,114,1,1,1
111,10,1089,484,34,114,1,1,1
112,10,1089,484,34,114,1,1,1
113,10,1089,484,34,114,1,1,1
114,10,1089,484,34,114,1,1,1
115,10,1089,484,34,114,1,1,1
116,10,1088,484,35,113,1,1,1
117,10,1088,484,35,113,1,1,1
118,10,1088,484,35,113,1,1,1
119,10,1088,484,35,113,1,1,1
120,10,1088,484,35,113,1,1,1
121,10,1088,484,35,113,1,1,1
122,10,1088,484,35,113,1,1,1
123,10,1088,484,35,113,1,1,1
124,10,1088,484,35,113,1,1,1
125,10,1088,484,35,113,1,1,1
126,10,1088,484,35,113,1,1,1
127,10,1088,484,35,113,1,1,1
128,10,1088,484,35,113,1,1,1
129,10,1088,484,35,113,1,1,1
130,10,1088,484,35,113,1,1,1
131,10,1088,484,35,113,1,1,1
132,10,1088,484,35,113,1,1,1
133,10,1088,484,35,113,1,1,1
134,10,1088,484,35,113,1,1,1
135,10,1088,484,35,113,1,1,1
136,10,1088,484,35,113,1,1,1
137,10,1088,484,35,113,1,1,1
138,10,1088,484,35,113,1,1,1
139,10,1088,484,35,113,1,1,1
140,10,1088,484,35,113,1,1,1
141,10,1088,484,35,113,1,1,1
142,10,1088,484,35,113,1,1,1
143,10,1088,484,35,113,1,1,1
144,10,1088,484,35,113,1,1,1
145,10,1088,484,35,113,1,1,1
146,10,1088,484,35,113,1,1,1
147,10,1088,484,35,113,1,1,1
148,10,1088,484,35,113,1,1,1
149,10,1088,484,35,113,1,1,1
150,10,1088,484,35,113,1,1,1
151,10,1088,484,35,113,1,1,1
152,10,1088,484,35,113,1,1,1
153,10,1088,484,35,113,1,1,1
154,10,1088,484,36,113,1,1,1
155,10,1088,484,36,113,1,1,1
156,10,1088,484,36,113,1,1,1
157,10,1088,484,36,113,1,1,1
158,10,1088,484,36,113,1,1,1
159,10,1088,484,36,113,1,1,1
160,10,1088,484,36,113,1,1,1
161,10,1088,484,36,113,1,1,1
162,10,1088,484,36,113,1,1,1
163,10,1088,484,36,113,1,1,1
164,10,1088,484,36,113,1,1,1
165,10,1088,484,36,113,1,1,1
166,10,1088,484,36,113,1,1,1
167,10,1088,484,36,113,1,1,1
168,10,1088,484,36,113,1,1,1
169,10,1088,484,36,113,1,1,1
170,10,1088,484,36,113,1,1,1
171,10,1088,484,36,113,1,1,1
172,10,1088,484,36,113,1,1,1
173,10,1088,484,36,113,1,1,1
174,10,1087,484,37,113,1,1,1
175,10,1087,484,37,113,1,1,1
176,10,1087,484,37,113,1,1,1
177,10,1087,484,37,113,1,1,1
178,10,1087,484,37,113,1,1,1
179,10,1087,484,37,113,1,1,1
180,10,1087,484,37,113,1,1,1
181,10,1087,484,37,113,1,1,1
182,10,1087,484,37,113,1,1,1
183,10,1087,484,37,113,1,1,1
184,10,1087,484,37,113,1,1,1
185,10,1087,484,37,113,1,1,1
186,10,1087,484,37,113,1,1,1
187,10,1087,484,37,113,1,1,1
188,10,1087,484,37,113,1,1,1
189,10,1087,484,37,113,1,1,1
190,10,1087,484,37,113,1,1,1
191,10,1087,484,37,113,1,1,1
192,10,1087,484,37,113,1,1,0.94737
193,10,1087,484,37,113,1,1,0.76316
194,10,1087,484,37,113,1,1,0.57895
195,10,1087,484,37,113,1,1,0.39474
196,10,1087,484,37,113,1,1,0.21053
197,10,1087,484,37,113,1,1,0.026316
198,10,1087,484,37,113,1,1,0
199,10,1087,484,37,113,1,1,0
200,10,1087,484,37,113,1,1,0
201,10,1087,484,37,113,1,1,0
202,10,1087,484,37,113,1,1,0
203,10,1087,484,37,113,1,1,0
204,10,1087,484,37,113,1,1,0
205,10,1087,484,37,113,1,1,0
206,10,1087,484,37,113,1,1,0
207,10,1087,484,37,113,1,1,0
208,10,1087,484,37,113,1,1,0
209,10,1087,484,37,113,1,1,0
210,10,1087,484,37,113,1,1,0
211,10,1087,484,37,113,1,1,0
212,10,1087,484,37,113,1,1,0
213,10,1087,484,37,113,1,1,0
214,10,1087,484,37,113,1,1,0
215,10,1087,484,37,113,1,1,0
216,10,1087,484,37,113,1,1,0
217,10,1087,484,37,113,1,1,0
218,10,1087,484,37,113,1,1,0
219,10,1087,484,37,113,1,1,0
220,10,1087,484,37,113,1,1,0
221,10,1087,484,37,113,1,1,0
222,10,1087,484,37,113,1,1,0
223,10,1087,484,37,113,1,1,0
224,10,1087,484,37,113,1,1,0.10526
225,10,1087,484,37,113,1,1,0.23684
226,10,1087,484,37,113,1,1,0.36842
227,10,1087,484,37,113,1,1,0.5
228,10,1087,484,37,113,1,1,0.63158
229,10,1087,484,37,113,1,1,0.68421
230,10,1087,484,37,113,1,1,0.76316
231,10,1086,484,39,112,1,1,0.825
232,10,1086,484,39,112,1,1,0.9
233,10,1086,484,39,112,1,1,0.975
234,10,1086,484,39,112,1,1,1
235,10,1086,484,39,112,1,1,1
236,10,1086,484,39,112,1,1,1
237,10,1086,484,39,112,1,1,1
238,10,1086,484,39,112,1,1,1
239,10,1086,484,39,112,1,1,1
240,10,1086,484,39,112,1,1,1
241,10,1086,484,39,112,1,1,1
242,10,1086,484,39,112,1,1,1
243,10,1086,484,39,112,1,1,1
244,10,1086,484,39,112,1,1,1
245,10,1086,484,39,112,1,1,1
246,10,1086,484,39,112,1,1,0.925
247,10,1086,484,39,112,1,1,0.725
248,10,1086,484,39,112,1,1,0.525
249,10,1086,484,39,112,1,1,0.325
250,10,1086,484,39,112,1,1,0.1
251,10,1086,484,39,112,1,1,0.075
252,10,1086,484,39,112,1,1,0.05
253,10,1086,484,39,112,1,1,0.025
254,10,1086,484,39,112,1,1,0
255,10,1086,484,39,112,1,1,0
256,10,1086,484,39,112,1,1,0
257,10,1086,484,39,112,1,1,0
258,10,1086,484,39,112,1,1,0
259,10,1086,484,39,112,1,1,0
260,10,1086,484,39,112,1,1,0
261,10,1086,484,39,112,1,1,0
262,10,1086,484,39,112,1,1,0
263,10,1086,484,39,112,1,1,0
264,10,1086,484,39,112,1,1,0
265,10,1086,484,39,112,1,1,0
266,10,1086,484,39,112,1,1,0
267,10,1086,484,39,112,1,1,0
268,10,1086,484,39,112,1,1,0
269,10,1086,484,39,112,1,1,0
270,10,1086,484,39,112,1,1,0
271,10,1086,484,39,112,1,1,0
272,10,1086,484,39,112,1,1,0
273,10,1086,484,39,112,1,1,0
274,10,1086,484,39,112,1,1,0
275,10,1086,484,39,112,1,1,0
276,10,1086,484,39,112,1,1,0
277,10,1086,484,39,112,1,1,0
278,10,1086,484,39,112,1,1,0
279,10,1086,484,39,112,1,1,0
280,10,1086,484,39,112,1,1,0
281,10,1086,484,39,112,1,1,0
282,10,1086,484,39,112,1,1,0
283,10,1086,484,39,112,1,1,0
284,10,1086,484,39,112,1,1,0
285,10,1086,484,39,112,1,1,0
286,10,1086,484,39,112,1,1,0
287,10,1086,484,39,112,1,1,0
288,10,1085,484,40,112,1,1,0
289,10,1085,484,40,112,1,1,0
290,10,1085,484,40,112,1,1,0
291,10,1085,484,40,112,1,1,0
292,10,1085,484,40,112,1,1,0
293,10,1085,484,40,112,1,1,0
294,10,1085,484,40,112,1,1,0
295,10,1085,484,40,112,1,1,0
296,10,1085,484,40,112,1,1,0
297,10,1085,484,40,112,1,1,0
298,10,1085,484,40,112,1,1,0
299,10,1085,484,40,112,1,1,0
300,10,1085,484,40,112,1,1,0
301,10,1085,484,40,112,1,1,0
1,11,734,487,29,68,0,2,0.31884
2,11,733,487,30,68,0,2,0.31884
3,11,733,487,30,69,0,2,0.31429
4,11,732,487,31,69,0,2,0.31429
5,11,732,487,32,70,0,2,0.30986
6,11,732,487,32,70,0,2,0.30986
7,11,731,487,33,71,0,2,0.29861
8,11,731,487,34,71,0,2,0.29881
9,11,730,487,35,72,0,2,0.28843
10,11,730,487,35,72,0,2,0.28843
11,11,730,487,36,73,0,2,0.28488
12,11,729,487,37,73,0,2,0.27916
13,11,728,487,38,73,0,2,0.30353
14,11,727,487,39,73,0,2,0.31486
15,11,727,487,39,74,0,2,0.32233
16,11,726,487,41,74,0,2,0.34857
17,11,725,487,42,74,0,2,0.36744
18,11,725,487,42,75,0,2,0.36414
19,11,724,487,43,75,0,2,0.38158
20,11,723,487,44,75,0,2,0.38918
21,11,723,487,45,76,0,2,0.40768
22,11,722,487,45,76,0,2,0.40147
23,11,722,488,45,76,0,2,0.40514
24,11,722,488,45,77,0,2,0.41695
25,11,721,489,46,77,0,2,0.41353
26,11,721,490,46,77,0,2,0.42499
27,11,721,490,45,78,0,2,0.42515
28,11,720,491,46,78,0,2,0.42203
29,11,720,491,46,79,0,2,0.43484
30,11,720,492,46,79,0,2,0.44149
31,11,720,493,46,79,0,2,0.45665
32,11,719,492,45,80,0,2,0.44203
33,11,718,491,45,82,0,2,0.42404
34,11,717,490,45,83,0,2,0.42184
35,11,716,490,45,84,0,2,0.39872
36,11,715,489,45,85,0,2,0.39965
37,11,714,488,44,87,0,2,0.36566
38,11,713,488,44,87,0,2,0.35732
39,11,712,487,44,89,0,2,0.3358
40,11,711,486,44,90,0,2,0.32967
41,11,710,486,44,91,0,2,0.30821
42,11,709,486,44,91,0,2,0.29275
43,11,709,486,44,91,0,2,0.27729
44,11,709,486,44,91,0,2,0.26957
45,11,709,486,44,91,0,2,0.25411
46,11,709,486,44,91,0,2,0.23865
47,11,709,486,44,91,0,2,0.23092
48,11,709,486,44,91,0,2,0.21546
49,11,709,486,44,91,0,2,0.20773
50,11,709,486,44,91,0,2,0.17778
51,11,709,486,44,91,0,2,0.13333
52,11,709,486,44,91,0,2,0.11111
53,11,709,486,44,91,0,2,0.066667
54,11,709,486,44,91,0,2,0.044444
55,11,709,486,44,91,0,2,0
56,11,709,486,44,91,0,2,0
57,11,709,486,44,91,0,2,0
58,11,709,486,44,91,0,2,0
59,11,709,486,44,91,0,2,0
60,11,708,486,44,91,0,2,0
61,11,708,486,44,91,0,2,0
62,11,708,486,44,91,0,2,0
63,11,708,486,44,91,0,2,0
64,11,708,486,44,91,0,2,0
65,11,708,486,44,91,0,2,0
66,11,708,486,44,91,0,2,0
67,11,708,486,44,91,0,2,0
68,11,708,486,44,91,0,2,0
69,11,708,486,44,91,0,2,0
70,11,708,486,44,91,0,2,0
71,11,708,486,44,91,0,2,0
72,11,708,486,44,91,0,2,0
73,11,708,486,44,91,0,2,0
74,11,708,486,44,91,0,2,0
75,11,708,486,44,91,0,2,0
76,11,708,486,44,91,0,2,0
77,11,708,486,44,91,0,2,0
78,11,707,486,44,91,0,2,0
79,11,707,486,44,91,0,2,0
80,11,707,486,44,91,0,2,0
81,11,707,486,44,91,0,2,0
82,11,707,486,44,91,0,2,0
83,11,707,486,44,91,0,2,0
84,11,707,486,44,91,0,2,0
85,11,707,486,44,91,0,2,0
86,11,707,486,44,91,0,2,0
87,11,707,486,44,91,0,2,0
88,11,707,486,44,91,0,2,0
89,11,707,486,44,91,0,2,0
90,11,707,486,44,91,0,2,0
91,11,707,486,44,91,0,2,0
92,11,707,486,44,91,0,2,0
93,11,707,486,44,91,0,2,0
94,11,707,486,44,91,0,2,0
95,11,707,486,44,91,0,2,0
96,11,706,486,44,91,0,2,0
97,11,706,486,44,91,0,2,0
98,11,706,486,44,91,0,2,0
99,11,706,486,44,91,0,2,0
100,11,706,486,44,91,0,2,0
101,11,706,487,44,91,0,2,0
102,11,706,487,44,91,0,2,0
103,11,706,487,44,91,0,2,0
104,11,706,487,44,91,0,2,0
105,11,706,487,44,91,0,2,0
106,11,706,487,44,91,0,2,0
107,11,706,487,44,91,0,2,0
108,11,706,487,44,91,0,2,0
109,11,706,487,44,91,0,2,0
110,11,706,487,44,91,0,2,0
111,11,706,487,44,91,0,2,0
112,11,706,487,44,91,0,2,0
113,11,706,487,44,91,0,2,0
114,11,705,487,44,91,0,2,0
115,11,705,487,44,91,0,2,0
116,11,705,487,44,91,0,2,0
117,11,705,487,44,91,0,2,0
118,11,705,487,44,91,0,2,0
119,11,705,487,44,91,0,2,0
120,11,705,487,44,91,0,2,0
121,11,705,487,44,91,0,2,0
122,11,705,487,44,91,0,2,0
123,11,705,487,44,91,0,2,0
124,11,705,487,44,91,0,2,0
125,11,705,487,44,91,0,2,0
126,11,705,487,44,91,0,2,0
127,11,705,487,44,91,0,2,0
128,11,705,487,44,91,0,2,0
129,11,705,487,44,91,0,2,0
130,11,705,487,44,91,0,2,0
131,11,705,487,44,91,0,2,0
132,11,704,487,44,91,0,2,0
133,11,704,487,44,91,0,2,0
134,11,704,487,44,91,0,2,0
135,11,704,487,44,91,0,2,0
136,11,704,487,44,91,0,2,0
137,11,704,487,44,91,0,2,0
138,11,704,487,44,91,0,2,0
139,11,704,487,44,91,0,2,0
140,11,704,487,44,91,0,2,0
141,11,704,487,44,91,0,2,0
142,11,704,487,44,91,0,2,0
143,11,704,487,44,91,0,2,0
144,11,704,487,44,91,0,2,0
145,11,704,487,44,91,0,2,0
146,11,704,487,44,91,0,2,0
147,11,704,487,44,91,0,2,0
148,11,704,487,44,91,0,2,0
149,11,704,487,44,91,0,2,0
150,11,703,487,44,91,0,2,0
151,11,703,487,44,91,0,2,0
152,11,703,487,44,91,0,2,0
153,11,703,487,44,91,0,2,0
154,11,703,487,44,91,0,2,0
155,11,703,487,44,91,0,2,0
156,11,703,487,44,91,0,2,0
157,11,703,487,44,91,0,2,0
158,11,703,487,44,91,0,2,0
159,11,703,487,44,91,0,2,0
160,11,703,487,44,91,0,2,0
161,11,703,488,44,91,0,2,0
162,11,703,488,44,91,0,2,0
163,11,703,488,44,91,0,2,0
164,11,703,488,44,91,0,2,0
165,11,703,488,44,91,0,2,0
166,11,703,488,44,91,0,2,0
167,11,703,488,44,91,0,2,0
168,11,702,488,44,91,0,2,0
169,11,702,488,44,91,0,2,0
170,11,702,488,44,91,0,2,0
171,11,702,488,44,91,0,2,0
172,11,702,488,44,91,0,2,0
173,11,702,488,44,91,0,2,0
174,11,702,488,44,91,0,2,0
175,11,702,488,44,91,0,2,0
176,11,702,488,44,91,0,2,0
177,11,702,488,44,91,0,2,0
178,11,702,488,44,91,0,2,0
179,11,702,488,44,91,0,2,0
180,11,702,488,44,91,0,2,0
181,11,702,488,44,91,0,2,0
182,11,702,488,44,91,0,2,0
183,11,702,488,44,91,0,2,0
184,11,702,488,44,91,0,2,0
185,11,702,488,44,91,0,2,0
186,11,701,488,44,91,0,2,0
187,11,701,488,44,91,0,2,0
188,11,701,488,44,91,0,2,0
189,11,701,488,44,91,0,2,0
190,11,701,488,44,91,0,2,0
191,11,701,488,44,91,0,2,0
192,11,701,488,44,91,0,2,0
193,11,701,488,44,91,0,2,0
194,11,701,488,44,91,0,2,0
195,11,701,488,44,91,0,2,0
196,11,701,488,44,91,0,2,0
197,11,701,488,44,91,0,2,0
198,11,701,488,44,91,0,2,0
199,11,701,488,44,91,0,2,0
200,11,701,488,44,91,0,2,0
201,11,701,488,44,91,0,2,0
202,11,701,488,44,91,0,2,0
203,11,701,488,44,91,0,2,0
204,11,700,488,44,91,0,2,0
205,11,700,488,44,91,0,2,0
206,11,700,488,44,91,0,2,0
207,11,700,488,44,91,0,2,0
208,11,700,488,44,91,0,2,0
209,11,700,488,44,91,0,2,0
210,11,700,488,44,91,0,2,0
211,11,700,488,44,91,0,2,0
212,11,700,488,44,91,0,2,0.0019324
213,11,700,488,44,91,0,2,0.0038647
214,11,700,488,44,91,0,2,0.0067633
215,11,700,488,44,91,0,2,0.0086957
216,11,700,488,44,91,0,2,0.011594
217,11,700,488,44,91,0,2,0.013527
218,11,700,488,44,91,0,2,0.015459
219,11,700,488,44,91,0,2,0.018357
220,11,700,488,44,91,0,2,0.02029
221,11,700,489,44,91,0,2,0.017391
222,11,699,489,44,91,0,2,0.02029
223,11,699,489,44,91,0,2,0.034541
224,11,699,489,44,91,0,2,0.034541
225,11,699,489,44,91,0,2,0.027778
226,11,699,489,44,91,0,2,0.027778
227,11,699,489,44,91,0,2,0.027778
228,11,699,489,44,91,0,2,0.027778
229,11,699,489,44,91,0,2,0.027778
230,11,699,489,44,91,0,2,0.027778
231,11,699,489,44,91,0,2,0.021014
232,11,698,489,44,91,0,2,0.021739
233,11,698,489,44,91,0,2,0.021739
234,11,698,489,44,91,0,2,0.021739
235,11,698,489,44,91,0,2,0.021739
236,11,698,489,44,91,0,2,0.021014
237,11,698,489,44,91,0,2,0.021014
238,11,698,489,44,91,0,2,0.021014
239,11,698,489,44,91,0,2,0.021014
240,11,698,489,44,91,0,2,0.018841
241,11,698,489,44,91,0,2,0.015217
242,11,698,488,43,92,0,2,0.020528
243,11,698,488,43,92,0,2,0.020528
244,11,698,488,43,92,0,2,0.01955
245,11,698,488,43,92,0,2,0.01955
246,11,698,488,43,92,0,2,0.01955
247,11,698,488,43,92,0,2,0.018573
248,11,698,488,43,92,0,2,0.018573
249,11,698,488,43,92,0,2,0.018573
250,11,698,488,43,92,0,2,0.018573
251,11,698,488,43,93,0,2,0.018375
252,11,698,488,43,93,0,2,0.016441
253,11,698,488,43,93,0,2,0.014507
254,11,698,488,43,93,0,2,0.012573
255,11,698,488,43,93,0,2,0.010638
256,11,698,488,43,93,0,2,0.0087041
257,11,698,488,43,93,0,2,0.0067698
258,11,698,488,43,93,0,2,0.0048356
259,11,698,488,43,93,0,2,0.0029014
260,11,698,488,43,93,0,2,0.00096712
261,11,698,488,43,94,0,2,0
262,11,698,488,43,94,0,2,0
263,11,698,488,43,94,0,2,0
264,11,698,488,43,94,0,2,0
265,11,698,488,43,94,0,2,0
266,11,698,488,43,94,0,2,0
267,11,698,488,43,94,0,2,0
268,11,698,488,43,94,0,2,0
269,11,698,488,43,94,0,2,0
270,11,698,488,43,94,0,2,0
271,11,698,488,43,95,0,2,0
272,11,698,488,43,95,0,2,0
273,11,698,488,43,95,0,2,0
274,11,698,488,43,95,0,2,0
275,11,698,488,43,95,0,2,0.00094697
276,11,698,488,43,95,0,2,0.0028409
277,11,698,487,42,96,0,2,0.0059938
278,11,698,487,42,96,0,2,0.00959
279,11,698,487,42,96,0,2,0.011988
280,11,698,487,42,96,0,2,0.014385
281,11,698,487,42,97,0,2,0.017798
282,11,698,487,42,97,0,2,0.018984
283,11,698,487,42,97,0,2,0.021357
284,11,698,487,42,97,0,2,0.022544
285,11,698,487,42,97,0,2,0.024917
286,11,698,487,42,97,0,2,0.02729
287,11,698,487,42,97,0,2,0.032036
288,11,698,487,42,97,0,2,0.034409
289,11,698,487,42,97,0,2,0.034409
290,11,698,487,42,97,0,2,0.034409
291,11,698,487,42,98,0,2,0.034062
292,11,698,487,42,98,0,2,0.034062
293,11,698,487,42,98,0,2,0.034062
294,11,698,487,42,98,0,2,0.034062
295,11,698,487,42,98,0,2,0.034062
296,11,698,487,42,98,0,2,0.034062
297,11,698,487,42,98,0,2,0.034062
298,11,698,487,42,98,0,2,0.034062
299,11,698,487,42,98,0,2,0.034062
300,11,698,487,42,98,0,2,0.034062
301,11,698,487,42,99,0,2,0.033721
1,12,679,492,53,105,0,2,0.30573
2,12,679,492,52,105,0,2,0.29263
3,12,679,492,52,105,0,2,0.28622
4,12,679,492,52,105,0,2,0.28622
5,12,679,492,52,105,0,2,0.27981
6,12,679,492,52,105,0,2,0.27981
7,12,679,492,52,105,0,2,0.27341
8,12,679,492,52,105,0,2,0.27341
9,12,679,492,52,105,0,2,0.267
10,12,679,492,52,105,0,2,0.267
11,12,679,492,52,105,0,2,0.26059
12,12,679,492,52,105,0,2,0.25418
13,12,679,492,52,105,0,2,0.24778
14,12,679,492,52,105,0,2,0.24137
15,12,679,492,52,105,0,2,0.23496
16,12,679,492,52,105,0,2,0.22214
17,12,679,492,52,105,0,2,0.21574
18,12,679,492,52,105,0,2,0.20933
19,12,679,492,52,105,0,2,0.20292
20,12,679,492,52,105,0,2,0.19651
21,12,679,492,52,105,0,2,0.1837
22,12,679,492,52,105,0,2,0.1837
23,12,679,492,52,105,0,2,0.17729
24,12,679,492,52,105,0,2,0.17088
25,12,679,492,52,105,0,2,0.16447
26,12,679,492,52,105,0,2,0.15806
27,12,679,492,52,105,0,2,0.15166
28,12,679,492,52,105,0,2,0.15166
29,12,679,492,52,105,0,2,0.14525
30,12,679,492,52,105,0,2,0.13884
31,12,679,492,52,105,0,2,0.13243
32,12,679,492,52,105,0,2,0.12602
33,12,679,492,52,105,0,2,0.11962
34,12,679,492,52,105,0,2,0.11321
35,12,679,492,52,105,0,2,0.11321
36,12,679,492,52,105,0,2,0.09434
37,12,679,492,52,105,0,2,0.075472
38,12,679,492,52,105,0,2,0.056604
39,12,679,492,52,105,0,2,0.037736
40,12,679,492,52,105,0,2,0.018868
41,12,679,492,52,105,0,2,0
42,12,679,492,52,105,0,2,0
43,12,679,492,52,105,0,2,0
44,12,679,492,52,105,0,2,0
45,12,679,492,52,105,0,2,0
46,12,679,492,52,105,0,2,0
47,12,679,492,52,105,0,2,0
48,12,679,492,52,105,0,2,0
49,12,679,492,52,105,0,2,0
50,12,679,492,52,105,0,2,0
51,12,679,492,52,105,0,2,0
52,12,679,492,52,105,0,2,0
53,12,679,492,52,105,0,2,0
54,12,679,492,52,105,0,2,0
55,12,679,492,52,105,0,2,0
56,12,679,492,52,105,0,2,0
57,12,679,492,51,105,0,2,0
58,12,679,492,51,105,0,2,0
59,12,679,492,51,105,0,2,0
60,12,679,492,51,105,0,2,0
61,12,679,492,51,105,0,2,0
62,12,679,492,51,105,0,2,0
63,12,679,492,51,105,0,2,0
64,12,679,492,51,105,0,2,0
65,12,679,492,51,105,0,2,0
66,12,679,492,51,105,0,2,0
67,12,679,492,51,105,0,2,0
68,12,679,492,51,105,0,2,0
69,12,679,492,51,105,0,2,0
70,12,679,492,51,105,0,2,0
71,12,679,492,51,105,0,2,0
72,12,679,492,51,105,0,2,0
73,12,679,492,51,105,0,2,0
74,12,679,492,51,105,0,2,0
75,12,679,492,51,105,0,2,0
76,12,679,492,51,105,0,2,0
77,12,679,492,51,105,0,2,0
78,12,679,492,51,105,0,2,0
79,12,679,492,51,105,0,2,0
80,12,679,492,51,105,0,2,0
81,12,679,492,51,105,0,2,0
82,12,679,492,51,105,0,2,0
83,12,679,492,51,105,0,2,0
84,12,679,492,51,105,0,2,0
85,12,679,492,51,105,0,2,0
86,12,679,492,51,105,0,2,0
87,12,679,492,51,105,0,2,0
88,12,679,492,51,105,0,2,0
89,12,679,492,51,105,0,2,0
90,12,679,492,51,105,0,2,0
91,12,679,492,51,105,0,2,0
92,12,679,492,51,105,0,2,0
93,12,679,492,51,105,0,2,0
94,12,679,492,51,105,0,2,0
95,12,679,492,51,105,0,2,0
96,12,679,492,51,105,0,2,0
97,12,679,492,51,105,0,2,0
98,12,679,492,51,105,0,2,0
99,12,679,492,51,105,0,2,0
100,12,679,492,51,105,0,2,0
101,12,679,492,51,105,0,2,0
102,12,679,492,51,105,0,2,0
103,12,679,492,51,105,0,2,0
104,12,679,492,51,105,0,2,0
105,12,679,492,51,105,0,2,0
106,12,679,492,51,105,0,2,0
107,12,679,492,51,105,0,2,0
108,12,679,492,51,105,0,2,0
109,12,679,492,51,105,0,2,0
110,12,679,492,51,105,0,2,0
111,12,679,492,51,106,0,2,0
112,12,679,492,50,106,0,2,0
113,12,679,492,50,106,0,2,0
114,12,679,492,50,106,0,2,0
115,12,679,492,50,106,0,2,0
116,12,679,492,50,106,0,2,0
117,12,679,492,50,106,0,2,0
118,12,679,492,50,106,0,2,0
119,12,679,492,50,106,0,2,0
120,12,679,492,50,106,0,2,0
121,12,679,492,50,106,0,2,0
122,12,679,492,50,106,0,2,0
123,12,679,492,50,106,0,2,0
124,12,679,492,50,106,0,2,0
125,12,679,492,50,106,0,2,0
126,12,679,492,50,106,0,2,0
127,12,679,492,50,106,0,2,0
128,12,679,492,50,106,0,2,0
129,12,679,492,50,106,0,2,0
130,12,679,492,50,106,0,2,0
131,12,679,492,50,106,0,2,0
132,12,679,492,50,106,0,2,0
133,12,679,492,50,106,0,2,0
134,12,679,492,50,106,0,2,0
135,12,679,492,50,106,0,2,0
136,12,679,492,50,106,0,2,0
137,12,679,492,50,106,0,2,0
138,12,679,492,50,106,0,2,0
139,12,679,492,50,106,0,2,0
140,12,679,492,50,106,0,2,0
141,12,679,492,50,106,0,2,0
142,12,679,492,50,106,0,2,0
143,12,679,492,50,106,0,2,0
144,12,679,492,50,106,0,2,0
145,12,679,492,50,106,0,2,0
146,12,679,492,50,106,0,2,0
147,12,679,492,50,106,0,2,0
148,12,679,492,50,106,0,2,0
149,12,679,492,50,106,0,2,0
150,12,679,492,50,106,0,2,0
151,12,679,492,50,106,0,2,0
152,12,679,492,50,106,0,2,0
153,12,679,492,50,106,0,2,0
154,12,679,492,50,106,0,2,0
155,12,679,492,50,106,0,2,0
156,12,679,492,50,106,0,2,0
157,12,679,492,50,106,0,2,0
158,12,679,492,50,106,0,2,0
159,12,679,492,50,106,0,2,0
160,12,679,492,50,106,0,2,0
161,12,679,492,50,106,0,2,0
162,12,679,492,50,106,0,2,0
163,12,679,492,50,106,0,2,0
164,12,679,492,50,106,0,2,0
165,12,679,492,50,106,0,2,0
166,12,679,492,50,106,0,2,0
167,12,679,492,49,106,0,2,0
168,12,679,492,49,106,0,2,0
169,12,679,492,49,106,0,2,0
170,12,679,492,49,106,0,2,0
171,12,679,492,49,106,0,2,0
172,12,679,492,49,106,0,2,0
173,12,679,492,49,106,0,2,0
174,12,679,492,49,106,0,2,0
175,12,679,492,49,106,0,2,0
176,12,679,492,49,106,0,2,0
177,12,679,492,49,106,0,2,0
178,12,679,492,49,106,0,2,0
179,12,679,492,49,106,0,2,0
180,12,679,492,49,106,0,2,0
181,12,679,492,49,106,0,2,0
182,12,679,492,49,106,0,2,0
183,12,679,492,49,106,0,2,0
184,12,679,492,49,106,0,2,0
185,12,679,492,49,106,0,2,0
186,12,679,492,49,106,0,2,0
187,12,679,492,49,106,0,2,0
188,12,679,492,49,106,0,2,0
189,12,679,492,49,106,0,2,0
190,12,679,492,49,106,0,2,0
191,12,679,492,49,106,0,2,0
192,12,679,492,49,106,0,2,0
193,12,679,492,49,106,0,2,0
194,12,679,492,49,106,0,2,0
195,12,679,492,49,106,0,2,0
196,12,679,492,49,106,0,2,0
197,12,679,492,49,106,0,2,0
198,12,679,492,49,106,0,2,0
199,12,679,492,49,106,0,2,0
200,12,679,492,49,106,0,2,0
201,12,679,492,49,106,0,2,0
202,12,679,492,49,106,0,2,0
203,12,679,492,49,106,0,2,0
204,12,679,492,49,106,0,2,0
205,12,679,492,49,106,0,2,0
206,12,679,492,49,106,0,2,0.006729
207,12,679,492,49,106,0,2,0.033645
208,12,679,492,49,106,0,2,0.060561
209,12,679,492,49,106,0,2,0.087477
210,12,679,492,49,106,0,2,0.11439
211,12,679,492,49,106,0,2,0.14131
212,12,679,492,49,106,0,2,0.15477
213,12,679,492,49,106,0,2,0.16822
214,12,679,492,49,106,0,2,0.18841
215,12,679,492,49,106,0,2,0.20187
216,12,679,492,49,106,0,2,0.22206
217,12,679,492,49,106,0,2,0.23551
218,12,679,492,49,106,0,2,0.24897
219,12,679,492,49,106,0,2,0.26916
220,12,679,492,49,106,0,2,0.28262
221,12,679,492,49,107,0,2,0.3
222,12,679,492,48,107,0,2,0.34014
223,12,679,492,48,107,0,2,0.34486
224,12,679,492,48,107,0,2,0.34486
225,12,679,492,48,107,0,2,0.34486
226,12,679,492,48,107,0,2,0.34486
227,12,679,492,48,107,0,2,0.34486
228,12,679,492,48,107,0,2,0.34486
229,12,679,492,48,107,0,2,0.34486
230,12,679,492,48,107,0,2,0.34486
231,12,679,492,48,107,0,2,0.35374
232,12,679,492,48,107,0,2,0.36716
233,12,679,492,48,107,0,2,0.36716
234,12,679,492,48,107,0,2,0.36716
235,12,679,492,48,107,0,2,0.36716
236,12,679,492,48,107,0,2,0.35317
237,12,679,492,48,107,0,2,0.31822
238,12,679,492,48,107,0,2,0.28326
239,12,679,492,48,107,0,2,0.2483
240,12,679,492,48,107,0,2,0.22676
241,12,679,492,48,107,0,2,0.1918
242,12,679,492,48,107,0,2,0.1918
243,12,679,492,48,107,0,2,0.1918
244,12,679,492,48,107,0,2,0.18481
245,12,679,492,48,107,0,2,0.18481
246,12,679,492,48,107,0,2,0.18481
247,12,679,492,48,107,0,2,0.17782
248,12,679,492,48,107,0,2,0.17782
249,12,679,492,48,107,0,2,0.19123
250,12,679,492,48,107,0,2,0.19123
251,12,679,492,48,107,0,2,0.19123
252,12,679,492,48,107,0,2,0.17725
253,12,679,492,48,107,0,2,0.16327
254,12,679,492,48,107,0,2,0.14928
255,12,679,492,48,107,0,2,0.1353
256,12,679,492,48,107,0,2,0.12132
257,12,679,492,48,107,0,2,0.10714
258,12,679,492,48,107,0,2,0.10658
259,12,679,492,48,107,0,2,0.06576
260,12,679,492,48,107,0,2,0.024943
261,12,679,492,48,107,0,2,0
262,12,679,492,48,107,0,2,0
263,12,679,492,48,107,0,2,0
264,12,679,492,48,107,0,2,0
265,12,679,492,48,107,0,2,0
266,12,679,492,48,107,0,2,0
267,12,679,492,48,107,0,2,0
268,12,679,492,48,107,0,2,0
269,12,679,492,48,107,0,2,0.021542
270,12,679,492,48,107,0,2,0.050265
271,12,679,492,48,107,0,2,0.078987
272,12,679,492,48,107,0,2,0.093348
273,12,679,492,48,107,0,2,0.10771
274,12,679,492,48,107,0,2,0.12207
275,12,679,492,48,107,0,2,0.14361
276,12,679,492,48,107,0,2,0.15797
277,12,679,492,47,107,0,2,0.17593
278,12,679,492,47,107,0,2,0.19792
279,12,679,492,47,107,0,2,0.21258
280,12,679,492,47,107,0,2,0.22724
281,12,679,492,47,107,0,2,0.24923
282,12,679,492,47,107,0,2,0.25656
283,12,679,492,47,107,0,2,0.27122
284,12,679,492,47,107,0,2,0.27855
285,12,679,492,47,107,0,2,0.29321
286,12,679,492,47,107,0,2,0.33488
287,12,679,492,47,107,0,2,0.41821
288,12,679,492,47,107,0,2,0.45988
289,12,679,492,47,107,0,2,0.45988
290,12,679,492,47,107,0,2,0.45988
291,12,679,492,47,107,0,2,0.45988
292,12,679,492,47,107,0,2,0.45988
293,12,679,492,47,107,0,2,0.47338
294,12,679,492,47,107,0,2,0.47338
295,12,679,492,47,107,0,2,0.47338
296,12,679,492,47,107,0,2,0.47338
297,12,679,492,47,107,0,2,0.47338
298,12,679,492,47,107,0,2,0.47338
299,12,679,492,47,107,0,2,0.47338
300,12,679,492,47,107,0,2,0.47338
301,12,679,492,47,107,0,2,0.4809
1,13,738,458,27,75,0,2,0.3985
2,13,737,457,27,75,0,2,0.40273
3,13,737,457,27,75,0,2,0.40273
4,13,737,457,27,75,0,2,0.40273
5,13,737,457,27,75,0,2,0.39474
6,13,736,457,27,75,0,2,0.39474
7,13,736,457,27,75,0,2,0.39474
8,13,736,457,27,75,0,2,0.39474
9,13,736,457,27,75,0,2,0.39474
10,13,735,457,27,75,0,2,0.39474
11,13,735,457,27,75,0,2,0.39474
12,13,735,457,27,75,0,2,0.39474
13,13,735,457,27,75,0,2,0.39474
14,13,734,457,27,75,0,2,0.39474
15,13,734,457,27,75,0,2,0.39474
16,13,734,457,27,75,0,2,0.39474
17,13,734,457,27,75,0,2,0.39474
18,13,733,457,27,75,0,2,0.39474
19,13,733,457,27,75,0,2,0.39474
20,13,733,457,27,75,0,2,0.39474
21,13,733,457,27,75,0,2,0.39474
22,13,732,457,27,75,0,2,0.39474
23,13,732,457,27,75,0,2,0.40789
24,13,732,458,27,75,0,2,0.39474
25,13,732,458,27,75,0,2,0.40789
26,13,732,459,27,75,0,2,0.40789
27,13,731,459,27,75,0,2,0.40179
28,13,731,459,27,75,0,2,0.41447
29,13,731,460,27,75,0,2,0.40789
30,13,731,460,27,75,0,2,0.42105
31,13,731,461,27,75,0,2,0.40602
32,13,731,461,27,74,0,2,0.38381
33,13,731,461,28,74,0,2,0.35862
34,13,731,461,29,74,0,2,0.33511
35,13,731,461,30,74,0,2,0.31183
36,13,731,461,31,74,0,2,0.30333
37,13,731,461,31,74,0,2,0.295
38,13,731,461,32,74,0,2,0.29818
39,13,731,461,33,74,0,2,0.30784
40,13,731,461,34,74,0,2,0.31848
41,13,731,461,35,74,0,2,0.33444
42,13,732,461,34,74,0,2,0.31467
43,13,733,461,34,75,0,2,0.30414
44,13,734,461,34,76,0,2,0.3013
45,13,735,461,34,76,0,2,0.29314
46,13,736,461,34,77,0,2,0.29487
47,13,737,461,34,78,0,2,0.29005
48,13,738,461,34,78,0,2,0.29512
49,13,739,461,34,79,0,2,0.28036
50,13,740,461,34,80,0,2,0.28148
51,13,741,461,34,81,0,2,0.27805
52,13,742,461,34,82,0,2,0.2747
53,13,743,462,35,82,0,2,0.33367
54,13,744,462,36,84,0,2,0.33291
55,13,745,463,36,84,0,2,0.32941
56,13,746,463,37,86,0,2,0.32456
57,13,747,464,38,86,0,2,0.30769
58,13,748,464,38,87,0,2,0.31265
59,13,749,465,39,88,0,2,0.29326
60,13,750,465,40,89,0,2,0.28293
61,13,751,466,41,90,0,2,0.29199
62,13,751,466,41,90,0,2,0.27473
63,13,752,467,41,90,0,2,0.26688
64,13,752,467,41,90,0,2,0.26688
65,13,753,468,41,90,0,2,0.25903
66,13,753,469,41,90,0,2,0.2428
67,13,754,469,41,90,0,2,0.23522
68,13,754,470,41,90,0,2,0.21193
69,13,755,470,41,90,0,2,0.21193
70,13,755,471,41,90,0,2,0.18969
71,13,756,472,41,90,0,2,0.18315
72,13,756,472,41,90,0,2,0.1685
73,13,757,472,41,90,0,2,0.16117
74,13,758,472,41,90,0,2,0.15385
75,13,758,472,41,90,0,2,0.13919
76,13,759,472,41,90,0,2,0.13658
77,13,760,472,41,90,0,2,0.12899
78,13,760,472,41,90,0,2,0.091052
79,13,761,472,41,90,0,2,0.053114
80,13,762,472,41,90,0,2,0.015175
81,13,763,472,41,90,0,2,0
82,13,762,472,41,90,0,2,0
83,13,762,472,41,90,0,2,0
84,13,762,472,41,90,0,2,0
85,13,762,472,41,90,0,2,0
86,13,761,472,41,90,0,2,0
87,13,761,472,41,91,0,2,0
88,13,761,472,41,91,0,2,0
89,13,761,472,41,91,0,2,0
90,13,760,472,42,91,0,2,0
91,13,760,472,41,91,0,2,0
92,13,760,472,41,92,0,2,0
93,13,760,472,41,92,0,2,0
94,13,759,472,42,92,0,2,0
95,13,759,472,41,92,0,2,0
96,13,759,472,41,92,0,2,0
97,13,759,472,41,93,0,2,0
98,13,758,472,42,93,0,2,0
99,13,758,472,42,93,0,2,0
100,13,758,472,41,93,0,2,0
101,13,758,473,41,92,0,2,0
102,13,757,473,42,92,0,2,0
103,13,757,473,42,93,0,2,0
104,13,757,473,41,93,0,2,0
105,13,757,473,41,93,0,2,0
106,13,756,473,42,93,0,2,0
107,13,756,473,42,93,0,2,0
108,13,756,473,42,94,0,2,0
109,13,756,473,41,94,0,2,0
110,13,755,473,42,94,0,2,0
111,13,755,473,42,94,0,2,0
112,13,755,473,42,94,0,2,0
113,13,755,473,41,95,0,2,0
114,13,754,473,42,95,0,2,0
115,13,754,473,42,95,0,2,0
116,13,754,473,42,95,0,2,0
117,13,754,473,42,95,0,2,0
118,13,753,473,42,96,0,2,0
119,13,753,473,42,96,0,2,0
120,13,753,473,42,96,0,2,0
121,13,753,474,42,95,0,2,0
122,13,752,474,42,95,0,2,0
123,13,752,474,42,95,0,2,0
124,13,752,474,42,96,0,2,0
125,13,752,474,42,96,0,2,0
126,13,751,474,43,96,0,2,0
127,13,751,474,42,96,0,2,0
128,13,751,474,42,96,0,2,0
129,13,751,474,42,97,0,2,0.0087803
130,13,750,474,43,97,0,2,0.025742
131,13,750,474,43,97,0,2,0.017161
132,13,750,474,42,97,0,2,0.017561
133,13,750,474,42,97,0,2,0.017561
134,13,749,474,43,98,0,2,0.017447
135,13,749,474,43,98,0,2,0.017447
136,13,749,474,42,98,0,2,0.017853
137,13,749,474,42,98,0,2,0.0089265
138,13,748,474,43,98,0,2,0
139,13,748,474,43,99,0,2,0
140,13,748,474,43,99,0,2,0
141,13,748,475,42,98,0,2,0
142,13,747,475,43,98,0,2,0
143,13,747,475,43,98,0,2,0
144,13,747,475,43,98,0,2,0
145,13,747,475,42,99,0,2,0
146,13,746,475,43,99,0,2,0
147,13,746,475,43,99,0,2,0
148,13,746,475,43,99,0,2,0
149,13,746,475,43,99,0,2,0
150,13,745,475,43,100,0,2,0
151,13,745,475,43,100,0,2,0
152,13,745,475,43,100,0,2,0
153,13,745,475,43,100,0,2,0
154,13,744,475,43,100,0,2,0
155,13,744,475,43,101,0,2,0
156,13,744,475,43,101,0,2,0
157,13,744,475,43,101,0,2,0
158,13,743,475,44,101,0,2,0
159,13,743,475,43,101,0,2,0
160,13,743,475,43,102,0,2,0
161,13,743,476,43,101,0,2,0
162,13,742,476,44,101,0,2,0
163,13,742,476,43,101,0,2,0
164,13,742,476,43,101,0,2,0
165,13,742,476,43,101,0,2,0
166,13,741,476,44,102,0,2,0
167,13,741,476,44,102,0,2,0
168,13,741,476,43,102,0,2,0
169,13,741,476,43,102,0,2,0.018535
170,13,740,476,44,102,0,2,0.0090615
171,13,740,476,44,103,0,2,0
172,13,740,476,43,103,0,2,0.0093969
173,13,740,476,43,103,0,2,0.018794
174,13,739,476,44,103,0,2,0.018376
175,13,739,476,44,103,0,2,0.027564
176,13,739,476,44,104,0,2,0.027302
177,13,739,476,43,104,0,2,0.027922
178,13,738,476,44,104,0,2,0.036402
179,13,738,476,44,104,0,2,0.036402
180,13,738,476,44,104,0,2,0.045503
181,13,738,477,44,104,0,2,0.035556
182,13,737,477,44,104,0,2,0.0086772
183,13,737,477,44,104,0,2,0
184,13,737,477,44,104,0,2,0
185,13,737,477,44,104,0,2,0
186,13,737,477,44,104,0,2,0
187,13,736,477,45,105,0,2,0
188,13,736,477,44,105,0,2,0
189,13,736,477,44,105,0,2,0
190,13,736,477,44,105,0,2,0
191,13,736,477,44,105,0,2,0
192,13,735,477,45,106,0,2,0
193,13,735,477,45,106,0,2,0
194,13,735,477,44,106,0,2,0
195,13,735,477,44,106,0,2,0
196,13,735,477,44,106,0,2,0
197,13,735,477,44,106,0,2,0
198,13,734,477,45,107,0,2,0
199,13,734,477,45,107,0,2,0
200,13,734,477,44,107,0,2,0
201,13,734,478,44,106,0,2,0
202,13,734,478,44,106,0,2,0
203,13,733,478,45,107,0,2,0
204,13,733,478,45,107,0,2,0
205,13,733,478,45,107,0,2,0
206,13,733,478,44,107,0,2,0
207,13,733,478,44,107,0,2,0
208,13,733,478,44,107,0,2,0
209,13,732,478,45,108,0,2,0
210,13,732,478,45,108,0,2,0
211,13,732,478,45,108,0,2,0
212,13,732,478,44,108,0,2,0
213,13,732,478,44,108,0,2,0
214,13,731,478,45,109,0,2,0
215,13,731,478,45,109,0,2,0
216,13,731,478,45,109,0,2,0
217,13,731,478,45,109,0,2,0
218,13,731,478,44,109,0,2,0
219,13,731,478,44,109,0,2,0
220,13,730,478,45,110,0,2,0
221,13,730,479,45,109,0,2,0
222,13,730,479,45,109,0,2,0
223,13,730,479,45,109,0,2,0
224,13,730,479,44,109,0,2,0.030707
225,13,729,479,45,110,0,2,0.059538
226,13,729,479,45,110,0,2,0.089307
227,13,729,479,45,110,0,2,0.096749
228,13,729,479,45,110,0,2,0.10419
229,13,729,479,45,110,0,2,0.11908
230,13,729,479,44,110,0,2,0.12933
231,13,728,479,45,111,0,2,0.14752
232,13,728,479,45,111,0,2,0.15489
233,13,728,479,45,111,0,2,0.16227
234,13,728,479,45,111,0,2,0.16964
235,13,728,479,45,111,0,2,0.18439
236,13,727,479,45,112,0,2,0.19257
237,13,727,479,45,112,0,2,0.19988
238,13,727,479,45,112,0,2,0.21451
239,13,727,479,45,112,0,2,0.22182
240,13,727,479,45,112,0,2,0.22913
241,13,727,480,45,112,0,2,0.23721
242,13,727,480,45,112,0,2,0.25856
243,13,727,480,46,112,0,2,0.27396
244,13,727,480,46,112,0,2,0.29486
245,13,727,480,47,112,0,2,0.30918
246,13,727,480,47,112,0,2,0.32282
247,13,727,480,48,112,0,2,0.32292
248,13,727,480,48,112,0,2,0.32292
249,13,727,480,49,112,0,2,0.32301
250,13,727,480,49,112,0,2,0.32301
251,13,727,480,50,113,0,2,0.32026
252,13,727,480,50,112,0,2,0.3231
253,13,727,480,50,112,0,2,0.3231
254,13,727,480,50,112,0,2,0.3231
255,13,727,480,50,112,0,2,0.3231
256,13,727,480,50,112,0,2,0.3231
257,13,727,480,50,112,0,2,0.31442
258,13,727,480,50,112,0,2,0.31442
259,13,727,480,50,112,0,2,0.31442
260,13,727,480,50,112,0,2,0.31442
261,13,727,480,50,112,0,2,0.31234
262,13,727,480,50,112,0,2,0.29984
263,13,727,480,51,112,0,2,0.28795
264,13,727,480,51,112,0,2,0.2757
265,13,727,480,51,112,0,2,0.26344
266,13,727,480,51,112,0,2,0.25119
267,13,727,480,51,112,0,2,0.23894
268,13,727,480,51,112,0,2,0.22668
269,13,727,480,51,112,0,2,0.21443
270,13,727,480,51,112,0,2,0.20218
271,13,727,480,51,112,0,2,0.1838
272,13,727,480,51,112,0,2,0.15317
273,13,727,480,51,112,0,2,0.12253
274,13,727,480,52,112,0,2,0.090165
275,13,727,480,52,112,0,2,0.06011
276,13,727,480,52,112,0,2,0.024044
277,13,727,480,52,112,0,2,0
278,13,727,480,52,112,0,2,0
279,13,727,480,52,112,0,2,0
280,13,727,480,52,112,0,2,0
281,13,727,480,52,112,0,2,0
282,13,727,480,52,112,0,2,0
283,13,727,480,52,112,0,2,0
284,13,727,480,52,112,0,2,0
285,13,727,480,52,112,0,2,0
286,13,727,480,53,112,0,2,0
287,13,727,480,53,112,0,2,0
288,13,727,480,53,112,0,2,0.011799
289,13,727,480,53,112,0,2,0.035398
290,13,727,480,53,112,0,2,0.064897
291,13,727,480,53,112,0,2,0.082596
292,13,727,480,53,112,0,2,0.10029
293,13,727,480,53,112,0,2,0.11799
294,13,727,480,53,112,0,2,0.13766
295,13,727,480,53,112,0,2,0.15487
296,13,727,480,53,112,0,2,0.17207
297,13,727,480,54,112,0,2,0.19147
298,13,727,480,54,112,0,2,0.1971
299,13,727,480,54,112,0,2,0.20837
300,13,727,480,54,112,0,2,0.21963
301,13,727,480,54,112,0,2,0.23089
1,14,1255,447,33,100,1,1,1
2,14,1255,447,33,100,1,1,1
3,14,1255,447,33,100,1,1,1
4,14,1255,447,33,100,1,1,1
5,14,1255,447,33,100,1,1,1
6,14,1255,447,33,100,1,1,1
7,14,1255,447,33,100,1,1,1
8,14,1255,447,33,100,1,1,1
9,14,1255,447,33,100,1,1,1
10,14,1256,447,33,100,1,1,1
11,14,1256,447,33,100,1,1,1
12,14,1256,447,33,100,1,1,1
13,14,1256,447,33,100,1,1,1
14,14,1256,447,33,100,1,1,1
15,14,1256,447,33,100,1,1,1
16,14,1256,447,33,100,1,1,1
17,14,1256,447,33,100,1,1,1
18,14,1257,447,33,100,1,1,1
19,14,1257,447,33,100,1,1,1
20,14,1257,447,33,100,1,1,1
21,14,1257,447,33,100,1,1,1
22,14,1257,447,33,100,1,1,1
23,14,1257,447,33,100,1,1,1
24,14,1257,447,33,100,1,1,1
25,14,1257,447,33,100,1,1,1
26,14,1258,447,33,100,1,1,1
27,14,1258,447,33,100,1,1,1
28,14,1258,447,33,100,1,1,1
29,14,1258,447,33,100,1,1,1
30,14,1258,447,33,100,1,1,1
31,14,1258,447,33,100,1,1,1
32,14,1258,447,33,100,1,1,1
33,14,1258,447,33,100,1,1,1
34,14,1258,447,33,100,1,1,1
35,14,1259,447,33,100,1,1,1
36,14,1259,447,33,100,1,1,1
37,14,1259,447,33,100,1,1,1
38,14,1259,447,33,100,1,1,1
39,14,1259,447,33,100,1,1,1
40,14,1259,447,33,100,1,1,1
41,14,1259,447,33,100,1,1,1
42,14,1259,447,33,100,1,1,1
43,14,1260,447,33,100,1,1,1
44,14,1260,447,33,100,1,1,1
45,14,1260,447,33,100,1,1,1
46,14,1260,447,33,100,1,1,1
47,14,1260,447,33,100,1,1,1
48,14,1260,447,33,100,1,1,1
49,14,1260,447,33,100,1,1,1
50,14,1260,447,33,100,1,1,1
51,14,1261,447,33,100,1,1,1
52,14,1261,447,33,100,1,1,1
53,14,1261,447,33,100,1,1,1
54,14,1261,447,33,100,1,1,1
55,14,1261,447,33,100,1,1,1
56,14,1261,447,33,100,1,1,1
57,14,1261,447,33,100,1,1,1
58,14,1261,447,33,100,1,1,1
59,14,1261,447,33,100,1,1,1
60,14,1261,447,33,100,1,1,1
61,14,1261,447,33,100,1,1,1
62,14,1261,447,33,100,1,1,1
63,14,1261,447,33,100,1,1,1
64,14,1261,447,33,100,1,1,1
65,14,1261,447,33,100,1,1,1
66,14,1261,447,33,100,1,1,1
67,14,1261,447,33,100,1,1,1
68,14,1261,447,33,100,1,1,1
69,14,1261,447,33,100,1,1,1
70,14,1261,447,33,100,1,1,1
71,14,1261,447,33,100,1,1,1
72,14,1261,447,33,100,1,1,1
73,14,1261,447,33,100,1,1,1
74,14,1261,447,33,100,1,1,1
75,14,1261,447,33,100,1,1,1
76,14,1261,447,33,100,1,1,1
77,14,1261,447,33,100,1,1,1
78,14,1261,447,33,100,1,1,1
79,14,1261,447,33,100,1,1,1
80,14,1261,447,33,100,1,1,1
81,14,1261,447,33,100,1,1,1
82,14,1261,447,33,100,1,1,1
83,14,1261,447,33,100,1,1,1
84,14,1261,447,33,100,1,1,1
85,14,1261,447,33,100,1,1,1
86,14,1261,447,33,100,1,1,1
87,14,1261,447,33,100,1,1,1
88,14,1261,447,33,100,1,1,1
89,14,1261,447,33,100,1,1,1
90,14,1261,447,33,100,1,1,1
91,14,1261,447,33,100,1,1,1
92,14,1260,447,34,99,1,1,1
93,14,1260,447,34,99,1,1,1
94,14,1259,447,35,99,1,1,1
95,14,1259,447,35,99,1,1,1
96,14,1258,447,36,99,1,1,1
97,14,1258,447,36,99,1,1,1
98,14,1257,447,37,99,1,1,1
99,14,1257,447,37,99,1,1,1
100,14,1256,447,38,99,1,1,1
101,14,1256,447,38,99,1,1,1
102,14,1255,447,38,99,1,1,1
103,14,1254,447,38,99,1,1,1
104,14,1253,447,38,99,1,1,1
105,14,1252,447,38,99,1,1,1
106,14,1251,447,38,99,1,1,1
107,14,1250,447,38,99,1,1,1
108,14,1249,447,38,99,1,1,1
109,14,1248,447,38,99,1,1,1
110,14,1247,447,38,99,1,1,1
111,14,1246,447,38,99,1,1,1
112,14,1245,446,38,99,1,1,1
113,14,1244,446,38,99,1,1,1
114,14,1243,446,38,99,1,1,1
115,14,1243,446,38,99,1,1,1
116,14,1242,446,38,99,1,1,1
117,14,1241,446,38,99,1,1,1
118,14,1241,446,38,99,1,1,1
119,14,1240,446,38,99,1,1,1
120,14,1239,446,38,99,1,1,1
121,14,1239,446,38,99,1,1,1
122,14,1237,446,38,99,1,1,1
123,14,1236,446,38,99,1,1,1
124,14,1235,446,38,99,1,1,1
125,14,1233,446,38,99,1,1,1
126,14,1232,446,38,99,1,1,1
127,14,1231,446,38,99,1,1,1
128,14,1229,446,38,99,1,1,1
129,14,1228,446,38,99,1,1,1
130,14,1227,446,38,99,1,1,1
131,14,1226,446,38,99,1,1,1
132,14,1224,446,38,99,1,1,1
133,14,1223,446,38,99,1,1,1
134,14,1222,446,38,99,1,1,1
135,14,1220,446,38,99,1,1,1
136,14,1219,446,38,99,1,1,1
137,14,1218,446,38,99,1,1,1
138,14,1216,446,38,99,1,1,1
139,14,1215,446,38,99,1,1,1
140,14,1214,446,38,99,1,1,1
141,14,1213,446,38,99,1,1,1
142,14,1211,446,38,99,1,1,1
143,14,1210,446,38,99,1,1,1
144,14,1209,446,38,99,1,1,1
145,14,1207,446,38,99,1,1,1
146,14,1206,446,38,99,1,1,1
147,14,1205,446,38,99,1,1,1
148,14,1203,446,38,99,1,1,1
149,14,1202,446,38,99,1,1,1
150,14,1201,446,38,99,1,1,1
151,14,1200,447,38,99,1,1,1
152,14,1198,447,38,99,1,1,1
153,14,1197,447,38,99,1,1,1
154,14,1196,447,38,99,1,1,1
155,14,1194,447,38,99,1,1,1
156,14,1193,447,38,99,1,1,1
157,14,1192,447,38,99,1,1,1
158,14,1190,447,38,99,1,1,1
159,14,1189,447,38,99,1,1,1
160,14,1188,447,38,99,1,1,1
161,14,1187,448,38,99,1,1,1
162,14,1185,448,38,99,1,1,1
163,14,1184,448,38,99,1,1,1
164,14,1182,448,38,99,1,1,1
165,14,1181,448,38,99,1,1,1
166,14,1179,448,38,99,1,1,1
167,14,1178,448,38,99,1,1,1
168,14,1176,448,38,99,1,1,1
169,14,1175,448,38,99,1,1,1
170,14,1173,448,38,99,1,1,1
171,14,1172,448,38,99,1,1,1
172,14,1171,448,38,99,1,1,1
173,14,1169,448,38,99,1,1,1
174,14,1168,448,38,99,1,1,1
175,14,1166,448,38,99,1,1,1
176,14,1165,448,38,99,1,1,1
177,14,1163,448,38,99,1,1,1
178,14,1162,448,38,99,1,1,1
179,14,1160,448,38,99,1,1,1
180,14,1159,448,38,99,1,1,1
181,14,1158,449,38,99,1,1,1
182,14,1156,449,38,99,1,1,1
183,14,1155,449,38,99,1,1,1
184,14,1154,449,38,99,1,1,1
185,14,1153,449,38,99,1,1,1
186,14,1152,449,38,99,1,1,1
187,14,1151,449,38,99,1,1,1
188,14,1150,449,38,99,1,1,1
189,14,1149,449,38,99,1,1,1
190,14,1148,449,38,99,1,1,1
191,14,1147,449,38,99,1,1,1
192,14,1145,449,38,99,1,1,1
193,14,1144,449,38,99,1,1,1
194,14,1143,449,38,99,1,1,1
195,14,1142,449,38,99,1,1,1
196,14,1141,449,38,99,1,1,1
197,14,1140,449,38,99,1,1,1
198,14,1139,449,38,99,1,1,1
199,14,1138,449,38,99,1,1,1
200,14,1137,449,38,99,1,1,1
201,14,1136,450,38,99,1,1,0.89744
202,14,1135,450,38,99,1,1,0.82051
203,14,1134,450,38,99,1,1,0.74359
204,14,1133,450,38,99,1,1,0.66667
205,14,1133,450,38,99,1,1,0.61538
206,14,1132,450,38,99,1,1,0.53846
207,14,1131,450,38,99,1,1,0.4359
208,14,1130,450,38,99,1,1,0.30769
209,14,1130,450,38,99,1,1,0.23077
210,14,1129,450,38,99,1,1,0.10256
211,14,1128,450,38,99,1,1,0
212,14,1127,450,38,99,1,1,0
213,14,1127,450,38,99,1,1,0
214,14,1126,450,38,99,1,1,0
215,14,1125,450,38,99,1,1,0
216,14,1124,450,38,99,1,1,0
217,14,1124,450,38,99,1,1,0
218,14,1123,450,38,99,1,1,0
219,14,1122,450,38,99,1,1,0
220,14,1122,450,38,99,1,1,0
221,14,1121,450,38,99,1,1,0
222,14,1121,450,38,99,1,1,0
223,14,1120,450,38,99,1,1,0
224,14,1120,450,38,99,1,1,0
225,14,1119,450,38,99,1,1,0
226,14,1119,450,38,99,1,1,0
227,14,1118,450,38,99,1,1,0
228,14,1118,450,38,99,1,1,0
229,14,1117,450,38,99,1,1,0
230,14,1117,450,38,99,1,1,0
231,14,1117,450,38,99,1,1,0.017436
232,14,1117,450,38,99,1,1,0.04359
233,14,1117,450,38,99,1,1,0.069744
234,14,1117,450,38,99,1,1,0.12974
235,14,1117,450,38,99,1,1,0.20667
236,14,1117,450,38,99,1,1,0.28359
237,14,1117,450,38,99,1,1,0.41179
238,14,1117,450,38,99,1,1,0.56564
239,14,1117,450,38,99,1,1,0.71949
240,14,1117,450,38,99,1,1,0.84769
241,14,1117,450,38,99,1,1,0.83897
242,14,1117,450,38,99,1,1,0.82154
243,14,1117,450,38,99,1,1,0.8041
244,14,1117,450,38,99,1,1,0.78667
245,14,1117,450,38,99,1,1,0.76923
246,14,1117,450,38,99,1,1,0.69231
247,14,1117,450,38,99,1,1,0.64103
248,14,1117,450,38,99,1,1,0.5641
249,14,1117,450,38,99,1,1,0.48718
250,14,1117,450,38,99,1,1,0.41026
251,14,1117,450,38,99,1,1,0.33333
252,14,1117,450,38,99,1,1,0.25641
253,14,1117,450,38,99,1,1,0.17949
254,14,1117,450,38,99,1,1,0.10256
255,14,1117,450,38,99,1,1,0.025641
256,14,1117,450,38,99,1,1,0
257,14,1117,450,38,99,1,1,0
258,14,1117,450,38,99,1,1,0
259,14,1117,450,38,99,1,1,0
260,14,1117,450,38,99,1,1,0
261,14,1117,450,38,99,1,1,0
262,14,1117,450,38,99,1,1,0
263,14,1117,450,38,99,1,1,0
264,14,1117,450,38,99,1,1,0
265,14,1117,450,38,99,1,1,0
266,14,1117,450,38,99,1,1,0
267,14,1117,450,38,99,1,1,0
268,14,1117,450,38,99,1,1,0
269,14,1117,450,38,99,1,1,0
270,14,1117,450,38,99,1,1,0
271,14,1117,450,38,99,1,1,0
272,14,1117,450,38,99,1,1,0
273,14,1117,450,38,99,1,1,0
274,14,1117,450,38,99,1,1,0
275,14,1117,450,38,99,1,1,0
276,14,1117,450,38,99,1,1,0
277,14,1117,450,38,99,1,1,0
278,14,1117,450,38,99,1,1,0
279,14,1117,450,38,99,1,1,0
280,14,1117,450,38,99,1,1,0
281,14,1117,449,38,99,1,1,0
282,14,1118,449,38,99,1,1,0
283,14,1118,449,38,99,1,1,0
284,14,1119,449,38,99,1,1,0
285,14,1119,449,38,99,1,1,0
286,14,1120,449,38,99,1,1,0
287,14,1121,449,38,99,1,1,0
288,14,1121,449,38,99,1,1,0
289,14,1121,449,38,99,1,1,0
290,14,1121,449,38,99,1,1,0
291,14,1121,449,38,99,1,1,0
292,14,1121,449,38,99,1,1,0
293,14,1121,449,38,99,1,1,0
294,14,1121,449,38,99,1,1,0
295,14,1121,449,38,99,1,1,0
296,14,1121,449,38,99,1,1,0
297,14,1121,449,38,99,1,1,0
298,14,1121,449,38,99,1,1,0
299,14,1121,449,38,99,1,1,0
300,14,1121,449,38,99,1,1,0
301,14,1120,449,38,99,1,1,0
1,15,1016,430,40,116,1,1,0.98687
2,15,1015,430,40,116,1,1,0.98666
3,15,1015,430,40,116,1,1,0.98666
4,15,1015,431,40,116,1,1,0.98645
5,15,1015,431,40,116,1,1,0.98645
6,15,1015,432,40,116,1,1,0.98624
7,15,1015,432,40,116,1,1,0.98624
8,15,1015,432,40,116,1,1,0.98624
9,15,1015,433,40,116,1,1,0.98603
10,15,1015,433,40,116,1,1,0.98603
11,15,1015,434,40,116,1,1,0.98582
12,15,1014,434,40,116,1,1,1
13,15,1014,434,40,116,1,1,1
14,15,1014,435,40,116,1,1,1
15,15,1014,435,40,116,1,1,1
16,15,1014,436,40,116,1,1,1
17,15,1014,436,40,116,1,1,1
18,15,1014,436,40,116,1,1,1
19,15,1014,437,40,116,1,1,1
20,15,1014,437,40,116,1,1,1
21,15,1014,438,40,116,1,1,1
22,15,1013,438,40,116,1,1,1
23,15,1013,438,40,116,1,1,1
24,15,1013,439,40,116,1,1,1
25,15,1013,439,40,116,1,1,1
26,15,1013,440,40,116,1,1,1
27,15,1013,440,40,116,1,1,1
28,15,1013,440,40,116,1,1,1
29,15,1013,441,40,116,1,1,1
30,15,1013,441,40,116,1,1,1
31,15,1013,442,40,116,1,1,1
32,15,1012,441,40,116,1,1,1
33,15,1012,441,40,116,1,1,1
34,15,1012,441,40,116,1,1,1
35,15,1011,441,40,116,1,1,1
36,15,1011,441,40,116,1,1,1
37,15,1011,441,40,116,1,1,1
38,15,1011,441,40,116,1,1,1
39,15,1010,441,40,116,1,1,1
40,15,1010,441,40,116,1,1,1
41,15,1010,441,40,116,1,1,1
42,15,1010,441,40,116,1,1,1
43,15,1009,441,40,116,1,1,0.98457
44,15,1009,441,40,116,1,1,0.98457
45,15,1009,441,40,116,1,1,0.98457
46,15,1009,441,40,116,1,1,0.98457
47,15,1008,441,40,116,1,1,0.96915
48,15,1008,441,40,116,1,1,0.96915
49,15,1008,441,40,116,1,1,0.96915
50,15,1007,441,40,116,1,1,0.95372
51,15,1007,441,40,116,1,1,0.95372
52,15,1007,441,40,116,1,1,0.95372
53,15,1007,441,40,116,1,1,0.95372
54,15,1006,441,40,116,1,1,0.93829
55,15,1006,441,40,116,1,1,0.93829
56,15,1006,441,40,116,1,1,0.93829
57,15,1006,441,40,116,1,1,0.93829
58,15,1005,441,40,116,1,1,0.92287
59,15,1005,441,40,116,1,1,0.92287
60,15,1005,441,40,116,1,1,0.92287
61,15,1005,441,40,116,1,1,0.92287
62,15,1004,441,40,115,1,1,0.90791
63,15,1004,441,40,115,1,1,0.90791
64,15,1004,441,40,115,1,1,0.90791
65,15,1004,441,40,115,1,1,0.90791
66,15,1004,441,40,115,1,1,0.90791
67,15,1004,441,40,114,1,1,0.90838
68,15,1004,441,40,114,1,1,0.90838
69,15,1004,441,40,114,1,1,0.90838
70,15,1004,441,40,114,1,1,0.90838
71,15,1004,441,40,114,1,1,0.90838
72,15,1004,441,40,113,1,1,0.90886
73,15,1004,441,40,113,1,1,0.90886
74,15,1004,441,40,113,1,1,0.90886
75,15,1004,441,40,113,1,1,0.90886
76,15,1004,442,40,112,1,1,0.90805
77,15,1004,442,39,111,1,1,0.90625
78,15,1004,442,39,111,1,1,0.90625
79,15,1004,442,39,111,1,1,0.90625
80,15,1004,442,39,111,1,1,0.90625
81,15,1004,442,39,111,1,1,0.90625
82,15,1004,442,39,110,1,1,0.90676
83,15,1004,442,39,110,1,1,0.90676
84,15,1004,442,39,110,1,1,0.90676
85,15,1004,442,39,110,1,1,0.90676
86,15,1004,442,39,110,1,1,0.90676
87,15,1004,442,39,109,1,1,0.90727
88,15,1004,442,39,109,1,1,0.90727
89,15,1004,442,39,109,1,1,0.90727
90,15,1004,442,39,109,1,1,0.90727
91,15,1004,443,39,108,1,1,0.90642
92,15,1004,443,39,107,1,1,0.90694
93,15,1004,443,39,107,1,1,0.90694
94,15,1004,443,39,107,1,1,0.90694
95,15,1004,443,39,107,1,1,0.90694
96,15,1004,443,39,106,1,1,0.90748
97,15,1004,443,39,106,1,1,0.90748
98,15,1004,443,39,106,1,1,0.90748
99,15,1004,443,39,106,1,1,0.90748
100,15,1004,443,39,105,1,1,0.90802
101,15,1005,443,38,105,1,1,0.92138
102,15,1005,443,38,105,1,1,0.92138
103,15,1005,443,38,105,1,1,0.92138
104,15,1005,443,38,104,1,1,0.92186
105,15,1005,443,38,104,1,1,0.92186
106,15,1005,444,38,103,1,1,0.9211
107,15,1005,444,38,103,1,1,0.9211
108,15,1005,444,38,103,1,1,0.9211
109,15,1005,444,38,102,1,1,0.92158
110,15,1005,444,38,102,1,1,0.92158
111,15,1006,444,37,102,1,1,0.93562
112,15,1006,444,37,102,1,1,0.93562
113,15,1006,444,37,101,1,1,0.93602
114,15,1006,444,37,101,1,1,0.93602
115,15,1006,444,37,101,1,1,0.93602
116,15,1006,444,37,101,1,1,0.93602
117,15,1006,444,37,100,1,1,0.93643
118,15,1006,444,37,100,1,1,0.93643
119,15,1006,444,37,100,1,1,0.93643
120,15,1006,444,37,100,1,1,0.93643
121,15,1007,445,36,99,1,1,0.95054
122,15,1006,445,36,99,1,1,0.93405
123,15,1006,445,36,99,1,1,0.93405
124,15,1006,445,36,99,1,1,0.93405
125,15,1006,445,36,99,1,1,0.93405
126,15,1006,445,36,99,1,1,0.93405
127,15,1006,445,36,99,1,1,0.93405
128,15,1005,445,36,99,1,1,0.91757
129,15,1005,445,36,99,1,1,0.91757
130,15,1005,445,36,99,1,1,0.91757
131,15,1005,445,36,99,1,1,0.91757
132,15,1005,445,36,99,1,1,0.91757
133,15,1005,445,36,99,1,1,0.91757
134,15,1004,445,36,99,1,1,0.90108
135,15,1004,445,36,99,1,1,0.90108
136,15,1004,445,36,99,1,1,0.90108
137,15,1004,445,36,99,1,1,0.90108
138,15,1004,445,36,99,1,1,0.90108
139,15,1004,445,36,99,1,1,0.90108
140,15,1003,445,36,99,1,1,0.88459
141,15,1003,445,36,99,1,1,0.88459
142,15,1003,445,36,99,1,1,0.88459
143,15,1003,445,36,99,1,1,0.88459
144,15,1003,445,36,99,1,1,0.88459
145,15,1003,445,36,99,1,1,0.88459
146,15,1003,445,36,99,1,1,0.88459
147,15,1002,445,36,99,1,1,0.86811
148,15,1002,445,36,99,1,1,0.86811
149,15,1002,445,36,99,1,1,0.86811
150,15,1002,445,36,99,1,1,0.86811
151,15,1002,445,36,99,1,1,0.86811
152,15,1002,445,36,99,1,1,0.86811
153,15,1001,445,36,99,1,1,0.85162
154,15,1001,445,36,99,1,1,0.85162
155,15,1001,445,36,99,1,1,0.85162
156,15,1001,445,36,99,1,1,0.85162
157,15,1001,445,36,99,1,1,0.85162
158,15,1001,445,36,99,1,1,0.85162
159,15,1000,445,36,99,1,1,0.83514
160,15,1000,445,36,99,1,1,0.83514
161,15,1000,445,36,99,1,1,0.83514
162,15,1000,445,36,99,1,1,0.83514
163,15,1000,445,36,99,1,1,0.83514
164,15,1000,445,36,99,1,1,0.83514
165,15,999,445,36,99,1,1,0.80811
166,15,999,445,36,99,1,1,0.79757
167,15,999,445,36,99,1,1,0.76595
168,15,999,445,36,99,1,1,0.73432
169,15,999,445,36,99,1,1,0.67568
170,15,999,445,36,99,1,1,0.56757
171,15,999,445,36,99,1,1,0.45946
172,15,998,445,36,99,1,1,0.32432
173,15,998,445,36,99,1,1,0.18919
174,15,998,445,36,99,1,1,0
175,15,998,445,36,99,1,1,0
176,15,998,445,36,99,1,1,0
177,15,997,445,36,99,1,1,0
178,15,997,445,36,99,1,1,0
179,15,997,445,36,99,1,1,0
180,15,997,445,36,99,1,1,0
181,15,997,445,36,99,1,1,0
182,15,996,445,36,99,1,1,0
183,15,996,445,36,99,1,1,0
184,15,996,445,36,99,1,1,0
185,15,996,445,36,99,1,1,0
186,15,996,445,36,99,1,1,0
187,15,995,445,36,99,1,1,0
188,15,995,445,36,99,1,1,0
189,15,995,445,36,99,1,1,0
190,15,995,445,36,99,1,1,0
191,15,995,445,36,99,1,1,0
192,15,994,445,36,99,1,1,0
193,15,994,445,36,99,1,1,0
194,15,994,445,36,99,1,1,0
195,15,994,445,36,99,1,1,0
196,15,994,445,36,99,1,1,0
197,15,993,445,36,99,1,1,0
198,15,993,445,36,99,1,1,0
199,15,993,445,36,99,1,1,0
200,15,993,445,36,99,1,1,0
201,15,993,445,36,99,1,1,0
202,15,992,445,36,99,1,1,0
203,15,992,445,36,99,1,1,0
204,15,992,445,36,99,1,1,0
205,15,992,445,36,99,1,1,0
206,15,992,445,36,99,1,1,0
207,15,991,445,36,99,1,1,0
208,15,991,445,36,99,1,1,0.010541
209,15,991,445,36,99,1,1,0.021081
210,15,991,445,36,99,1,1,0.069189
211,15,991,445,36,99,1,1,0.1127
212,15,990,445,36,98,1,1,0.18346
213,15,990,445,36,98,1,1,0.23751
214,15,990,445,35,98,1,1,0.3165
215,15,990,445,35,98,1,1,0.36111
216,15,989,445,36,97,1,1,0.37893
217,15,989,445,35,97,1,1,0.36111
218,15,989,445,35,97,1,1,0.27778
219,15,989,445,35,97,1,1,0.19444
220,15,988,445,35,96,1,1,0.083333
221,15,988,445,35,96,1,1,0.055556
222,15,988,445,35,96,1,1,0
223,15,988,445,34,96,1,1,0
224,15,988,445,34,96,1,1,0
225,15,987,445,35,95,1,1,0
226,15,987,445,34,95,1,1,0
227,15,987,446,34,94,1,1,0
228,15,987,446,34,94,1,1,0
229,15,986,446,34,93,1,1,0
230,15,986,446,34,93,1,1,0
231,15,986,446,34,93,1,1,0
232,15,986,446,33,93,1,1,0
233,15,986,446,33,93,1,1,0
234,15,985,446,34,92,1,1,0
235,15,985,446,33,92,1,1,0
236,15,985,446,33,92,1,1,0
237,15,985,446,33,92,1,1,0
238,15,984,446,33,91,1,1,0
239,15,984,446,33,91,1,1,0
240,15,984,446,33,91,1,1,0
241,15,984,446,32,91,1,1,0
242,15,984,446,32,91,1,1,0
243,15,983,447,33,89,1,1,0
244,15,983,447,32,89,1,1,0
245,15,983,447,32,89,1,1,0
246,15,983,447,32,89,1,1,0
247,15,982,447,32,88,1,1,0
248,15,982,447,32,88,1,1,0
249,15,982,447,32,88,1,1,0
250,15,982,447,31,88,1,1,0
251,15,982,447,31,88,1,1,0
252,15,981,447,32,87,1,1,0
253,15,981,447,31,87,1,1,0
254,15,981,447,31,87,1,1,0
255,15,981,447,31,87,1,1,0
256,15,980,447,31,86,1,1,0
257,15,980,447,31,86,1,1,0
258,15,980,447,31,86,1,1,0
259,15,980,448,30,85,1,1,0
260,15,979,448,31,84,1,1,0
261,15,979,448,31,84,1,1,0
262,15,979,448,30,84,1,1,0
263,15,979,448,30,84,1,1,0
264,15,979,448,30,84,1,1,0
265,15,978,448,30,83,1,1,0
266,15,978,448,30,83,1,1,0
267,15,978,448,30,83,1,1,0
268,15,978,448,29,83,1,1,0
269,15,977,448,30,82,1,1,0
270,15,977,448,30,82,1,1,0
271,15,977,448,29,82,1,1,0
272,15,977,448,29,82,1,1,0
273,15,977,448,29,82,1,1,0
274,15,976,448,29,81,1,1,0
275,15,976,449,29,80,1,1,0
276,15,976,449,29,80,1,1,0
277,15,976,449,28,80,1,1,0
278,15,975,449,29,79,1,1,0
279,15,975,449,29,79,1,1,0
280,15,975,449,28,79,1,1,0
281,15,975,449,28,79,1,1,0
282,15,975,449,28,79,1,1,0
283,15,974,449,28,78,1,1,0
284,15,974,449,28,78,1,1,0
285,15,974,449,28,78,1,1,0
286,15,974,449,27,78,1,1,0
287,15,973,449,28,77,1,1,0
288,15,973,449,28,77,1,1,0
289,15,973,449,27,77,1,1,0
290,15,973,449,27,77,1,1,0
291,15,973,450,27,76,1,1,0
292,15,972,449,27,76,1,1,0
293,15,972,449,27,76,1,1,0
294,15,971,449,27,76,1,1,0
295,15,971,449,27,76,1,1,0
296,15,971,449,27,76,1,1,0
297,15,970,449,27,76,1,1,0
298,15,970,449,27,76,1,1,0
299,15,970,449,27,76,1,1,0
300,15,969,449,27,76,1,1,0
301,15,969,449,27,76,1,1,0
1,17,1101,441,38,108,1,1,0.65843
2,17,1100,440,38,108,1,1,0.64832
3,17,1100,440,38,108,1,1,0.64832
4,17,1100,440,38,108,1,1,0.64832
5,17,1100,440,38,108,1,1,0.64832
6,17,1100,440,38,108,1,1,0.64832
7,17,1100,440,38,108,1,1,0.64832
8,17,1100,440,38,108,1,1,0.64832
9,17,1100,440,38,108,1,1,0.64832
10,17,1100,440,38,108,1,1,0.64832
11,17,1100,440,38,108,1,1,0.64832
12,17,1100,440,38,108,1,1,0.64832
13,17,1100,440,38,108,1,1,0.64832
14,17,1100,440,38,108,1,1,0.64832
15,17,1100,440,38,108,1,1,0.64832
16,17,1100,440,38,108,1,1,0.64832
17,17,1100,440,38,108,1,1,0.64832
18,17,1099,440,39,108,1,1,0.6422
19,17,1099,440,38,108,1,1,0.63303
20,17,1099,440,38,108,1,1,0.63303
21,17,1099,440,38,108,1,1,0.63303
22,17,1099,440,38,108,1,1,0.63303
23,17,1099,440,38,108,1,1,0.63303
24,17,1099,440,38,108,1,1,0.63303
25,17,1099,440,38,108,1,1,0.63303
26,17,1099,440,38,108,1,1,0.63303
27,17,1099,440,38,108,1,1,0.63303
28,17,1099,440,38,108,1,1,0.63303
29,17,1099,440,38,108,1,1,0.63303
30,17,1099,440,38,108,1,1,0.63303
31,17,1099,440,38,108,1,1,0.63303
32,17,1099,440,38,108,1,1,0.63303
33,17,1099,440,38,108,1,1,0.63303
34,17,1098,440,39,108,1,1,0.62729
35,17,1098,440,39,108,1,1,0.62729
36,17,1098,440,39,108,1,1,0.62729
37,17,1098,440,38,108,1,1,0.61774
38,17,1098,440,38,108,1,1,0.61774
39,17,1098,440,38,108,1,1,0.61774
40,17,1098,440,38,108,1,1,0.61774
41,17,1098,440,38,108,1,1,0.61774
42,17,1098,440,38,108,1,1,0.61774
43,17,1098,440,38,108,1,1,0.61774
44,17,1098,440,38,108,1,1,0.61774
45,17,1098,440,38,108,1,1,0.61774
46,17,1098,440,38,108,1,1,0.61774
47,17,1098,440,38,108,1,1,0.61774
48,17,1098,440,38,108,1,1,0.61774
49,17,1098,440,38,108,1,1,0.61774
50,17,1097,440,39,108,1,1,0.61239
51,17,1097,440,39,108,1,1,0.61239
52,17,1097,440,39,108,1,1,0.61239
53,17,1097,440,39,108,1,1,0.61239
54,17,1097,440,39,108,1,1,0.61239
55,17,1097,439,38,108,1,1,0.60856
56,17,1097,439,38,108,1,1,0.60856
57,17,1097,439,38,108,1,1,0.60856
58,17,1097,439,38,108,1,1,0.60856
59,17,1097,439,38,108,1,1,0.60856
60,17,1097,439,38,108,1,1,0.60856
61,17,1097,439,38,108,1,1,0.60856
62,17,1097,439,38,108,1,1,0.60856
63,17,1097,439,38,108,1,1,0.60856
64,17,1097,439,38,108,1,1,0.60856
65,17,1097,439,38,108,1,1,0.60856
66,17,1096,439,39,108,1,1,0.60367
67,17,1096,439,39,108,1,1,0.60367
68,17,1096,439,39,108,1,1,0.60367
69,17,1096,439,39,108,1,1,0.60367
70,17,1096,439,39,108,1,1,0.60367
71,17,1096,439,39,108,1,1,0.60367
72,17,1096,439,39,108,1,1,0.60367
73,17,1096,439,38,108,1,1,0.59351
74,17,1096,439,38,108,1,1,0.59351
75,17,1096,439,38,108,1,1,0.59351
76,17,1096,439,38,108,1,1,0.59351
77,17,1096,439,38,108,1,1,0.59351
78,17,1096,439,38,108,1,1,0.57845
79,17,1096,439,38,108,1,1,0.57845
80,17,1096,439,38,108,1,1,0.57845
81,17,1096,439,38,108,1,1,0.57845
82,17,1095,439,39,108,1,1,0.57431
83,17,1095,439,39,108,1,1,0.57431
84,17,1095,439,39,108,1,1,0.57431
85,17,1095,439,39,108,1,1,0.57431
86,17,1095,439,39,108,1,1,0.57431
87,17,1095,439,39,108,1,1,0.57431
88,17,1095,439,39,108,1,1,0.57431
89,17,1095,439,39,108,1,1,0.57431
90,17,1095,439,38,108,1,1,0.5634
91,17,1095,439,38,108,1,1,0.5634
92,17,1095,439,38,108,1,1,0.5634
93,17,1095,439,38,108,1,1,0.5634
94,17,1095,439,38,108,1,1,0.5634
95,17,1095,439,38,108,1,1,0.5634
96,17,1095,439,38,108,1,1,0.5634
97,17,1095,439,38,108,1,1,0.5634
98,17,1094,439,39,108,1,1,0.55963
99,17,1094,439,39,108,1,1,0.55963
100,17,1094,439,39,108,1,1,0.55963
101,17,1094,439,39,108,1,1,0.55963
102,17,1094,439,39,108,1,1,0.55963
103,17,1094,439,39,108,1,1,0.55963
104,17,1094,439,39,108,1,1,0.55963
105,17,1094,439,39,108,1,1,0.55963
106,17,1094,439,39,108,1,1,0.55963
107,17,1094,439,39,108,1,1,0.55963
108,17,1094,438,38,108,1,1,0.5554
109,17,1094,438,38,108,1,1,0.5554
110,17,1094,438,38,108,1,1,0.5554
111,17,1094,438,38,108,1,1,0.5554
112,17,1094,438,38,108,1,1,0.5554
113,17,1094,438,38,108,1,1,0.5554
114,17,1093,438,39,108,1,1,0.55206
115,17,1093,438,39,108,1,1,0.55206
116,17,1093,438,39,108,1,1,0.55206
117,17,1093,438,39,108,1,1,0.55206
118,17,1093,438,39,108,1,1,0.55206
119,17,1093,438,39,108,1,1,0.55206
120,17,1093,438,39,108,1,1,0.55206
121,17,1093,438,39,108,1,1,0.55206
122,17,1093,438,39,108,1,1,0.55206
123,17,1093,438,39,108,1,1,0.55206
124,17,1093,438,39,108,1,1,0.55206
125,17,1093,438,39,108,1,1,0.55206
126,17,1093,438,38,108,1,1,0.54058
127,17,1093,438,38,108,1,1,0.54058
128,17,1093,438,38,108,1,1,0.54058
129,17,1093,438,38,108,1,1,0.54058
130,17,1092,438,39,108,1,1,0.53761
131,17,1092,438,39,108,1,1,0.53761
132,17,1092,438,39,108,1,1,0.53761
133,17,1092,438,39,108,1,1,0.53761
134,17,1092,438,39,108,1,1,0.53761
135,17,1092,438,39,108,1,1,0.53761
136,17,1092,438,39,108,1,1,0.53761
137,17,1092,438,39,108,1,1,0.53761
138,17,1092,438,39,108,1,1,0.53761
139,17,1092,438,39,108,1,1,0.53761
140,17,1092,438,39,108,1,1,0.53761
141,17,1092,438,39,108,1,1,0.53761
142,17,1092,438,39,108,1,1,0.53761
143,17,1092,438,39,108,1,1,0.53761
144,17,1092,438,38,108,1,1,0.52576
145,17,1092,438,38,108,1,1,0.52576
146,17,1091,438,39,108,1,1,0.52317
147,17,1091,438,39,108,1,1,0.52317
148,17,1091,438,39,108,1,1,0.52317
149,17,1091,438,39,108,1,1,0.52317
150,17,1091,438,39,108,1,1,0.52317
151,17,1091,438,39,108,1,1,0.52317
152,17,1091,438,39,108,1,1,0.52317
153,17,1091,438,39,108,1,1,0.52317
154,17,1091,438,39,108,1,1,0.50872
155,17,1091,438,39,108,1,1,0.4461
156,17,1091,438,39,108,1,1,0.50872
157,17,1091,438,39,108,1,1,0.50872
158,17,1091,438,39,108,1,1,0.50872
159,17,1091,438,39,108,1,1,0.50872
160,17,1091,438,39,108,1,1,0.50872
161,17,1091,438,39,108,1,1,0.50872
162,17,1091,437,39,109,1,1,0.51318
163,17,1091,437,39,109,1,1,0.51318
164,17,1091,437,39,109,1,1,0.51318
165,17,1091,437,39,109,1,1,0.51318
166,17,1092,437,39,109,1,1,0.5275
167,17,1092,437,39,109,1,1,0.5275
168,17,1092,437,39,109,1,1,0.5275
169,17,1092,437,39,109,1,1,0.5275
170,17,1093,437,39,109,1,1,0.54182
171,17,1093,437,39,109,1,1,0.54182
172,17,1093,437,39,109,1,1,0.54182
173,17,1093,437,39,109,1,1,0.54182
174,17,1094,437,39,109,1,1,0.55614
175,17,1094,437,39,109,1,1,0.55614
176,17,1094,437,39,109,1,1,0.55614
177,17,1094,437,39,109,1,1,0.55614
178,17,1094,437,39,109,1,1,0.55614
179,17,1095,437,39,109,1,1,0.57045
180,17,1095,437,39,109,1,1,0.57045
181,17,1095,437,39,109,1,1,0.57045
182,17,1095,437,39,109,1,1,0.57045
183,17,1096,437,39,109,1,1,0.58477
184,17,1096,437,39,109,1,1,0.58477
185,17,1096,437,39,109,1,1,0.58477
186,17,1096,437,39,109,1,1,0.58477
187,17,1097,437,39,109,1,1,0.59909
188,17,1097,437,39,109,1,1,0.59909
189,17,1097,437,39,109,1,1,0.59909
190,17,1097,437,39,109,1,1,0.59909
191,17,1098,437,39,109,1,1,0.61341
192,17,1098,437,38,109,1,1,0.6035
193,17,1098,437,38,109,1,1,0.6035
194,17,1098,437,38,109,1,1,0.54872
195,17,1098,437,38,109,1,1,0.47203
196,17,1098,437,38,109,1,1,0.39534
197,17,1098,437,38,109,1,1,0.31865
198,17,1098,437,38,109,1,1,0.15385
199,17,1098,437,38,109,1,1,0.076923
200,17,1098,437,38,109,1,1,0
201,17,1098,437,38,109,1,1,0.0090909
202,17,1098,437,38,109,1,1,0
203,17,1098,437,38,109,1,1,0
204,17,1098,437,38,109,1,1,0
205,17,1098,437,38,109,1,1,0
206,17,1098,437,38,109,1,1,0
207,17,1098,437,38,109,1,1,0
208,17,1098,437,38,109,1,1,0
209,17,1098,437,38,109,1,1,0
210,17,1098,437,38,109,1,1,0
211,17,1098,437,38,109,1,1,0
212,17,1098,437,38,109,1,1,0
213,17,1098,437,38,109,1,1,0
214,17,1098,437,38,109,1,1,0
215,17,1098,437,38,109,1,1,0
216,17,1098,437,38,109,1,1,0
217,17,1098,437,38,109,1,1,0
218,17,1098,437,38,109,1,1,0
219,17,1098,437,38,109,1,1,0.0055944
220,17,1098,437,38,109,1,1,0.009324
221,17,1098,437,38,109,1,1,0.011422
222,17,1098,437,38,109,1,1,0.016317
223,17,1098,437,38,109,1,1,0.026107
224,17,1098,437,38,109,1,1,0.035897
225,17,1098,437,38,109,1,1,0.045688
226,17,1098,437,38,109,1,1,0.08345
227,17,1098,437,38,109,1,1,0.13823
228,17,1098,437,38,109,1,1,0.18485
229,17,1098,437,38,109,1,1,0.18881
230,17,1098,437,38,109,1,1,0.21748
231,17,1098,437,38,109,1,1,0.22121
232,17,1098,437,38,109,1,1,0.21702
233,17,1098,437,38,109,1,1,0.21282
234,17,1098,437,38,109,1,1,0.19744
235,17,1098,437,38,109,1,1,0.19394
236,17,1098,437,38,109,1,1,0.18345
237,17,1098,437,38,109,1,1,0.16876
238,17,1098,437,38,109,1,1,0.15058
239,17,1098,437,38,109,1,1,0.1324
240,17,1098,437,38,109,1,1,0.11422
241,17,1098,437,38,109,1,1,0.094872
242,17,1098,437,38,109,1,1,0.092541
243,17,1098,437,38,109,1,1,0.09021
244,17,1098,437,38,109,1,1,0.087879
245,17,1098,437,38,109,1,1,0.085548
246,17,1098,437,38,109,1,1,0.082051
247,17,1098,437,38,109,1,1,0.07972
248,17,1098,437,38,109,1,1,0.06317
249,17,1098,437,38,109,1,1,0.044755
250,17,1098,437,38,109,1,1,0.027972
251,17,1098,437,38,109,1,1,0.026107
252,17,1098,437,38,109,1,1,0.024242
253,17,1098,437,38,109,1,1,0.022378
254,17,1098,437,38,109,1,1,0.020513
255,17,1098,437,38,109,1,1,0.016783
256,17,1098,437,38,109,1,1,0.014918
257,17,1098,437,38,109,1,1,0.013054
258,17,1098,437,38,109,1,1,0.011189
259,17,1098,437,38,109,1,1,0.0074592
260,17,1098,437,38,109,1,1,0.0048951
261,17,1098,437,38,109,1,1,0.0032634
262,17,1098,437,38,109,1,1,0.0016317
263,17,1098,437,38,109,1,1,0
264,17,1098,437,38,109,1,1,0
265,17,1098,437,38,109,1,1,0
266,17,1098,437,38,109,1,1,0
267,17,1098,437,38,109,1,1,0
268,17,1098,437,38,109,1,1,0
269,17,1098,437,38,109,1,1,0
270,17,1098,437,38,109,1,1,0
271,17,1098,437,38,109,1,1,0
272,17,1098,437,38,109,1,1,0
273,17,1098,437,38,109,1,1,0
274,17,1098,437,38,109,1,1,0
275,17,1098,437,38,109,1,1,0
276,17,1098,437,38,109,1,1,0
277,17,1098,437,38,109,1,1,0
278,17,1098,437,38,109,1,1,0
279,17,1098,437,38,109,1,1,0
280,17,1098,437,38,109,1,1,0
281,17,1098,437,38,109,1,1,0
282,17,1098,436,38,109,1,1,0
283,17,1098,436,38,109,1,1,0
284,17,1098,436,38,109,1,1,0
285,17,1098,436,38,109,1,1,0
286,17,1098,436,38,109,1,1,0
287,17,1098,436,38,109,1,1,0
288,17,1098,436,38,109,1,1,0
289,17,1098,436,38,109,1,1,0
290,17,1098,436,38,109,1,1,0
291,17,1098,436,38,109,1,1,0
292,17,1098,436,38,109,1,1,0
293,17,1098,436,38,109,1,1,0
294,17,1098,436,38,109,1,1,0
295,17,1098,436,38,109,1,1,0
296,17,1098,436,38,109,1,1,0
297,17,1098,436,38,109,1,1,0
298,17,1098,436,38,109,1,1,0
299,17,1098,436,38,109,1,1,0
300,17,1098,436,38,109,1,1,0
301,17,1098,436,38,109,1,1,0
1,18,935,436,42,114,1,1,0.41739
2,18,934,435,42,114,1,1,0.42609
3,18,934,435,42,114,1,1,0.42609
4,18,934,435,42,114,1,1,0.42609
5,18,934,435,42,114,1,1,0.42609
6,18,934,435,42,114,1,1,0.42609
7,18,934,435,42,114,1,1,0.42609
8,18,934,435,42,114,1,1,0.42609
9,18,934,435,42,114,1,1,0.42609
10,18,934,435,42,114,1,1,0.42609
11,18,934,435,42,114,1,1,0.42609
12,18,933,435,42,114,1,1,0.42609
13,18,933,435,42,114,1,1,0.42609
14,18,933,435,42,114,1,1,0.42609
15,18,933,435,42,114,1,1,0.42609
16,18,933,435,42,114,1,1,0.42609
17,18,932,435,43,114,1,1,0.42609
18,18,932,435,42,114,1,1,0.42609
19,18,932,435,42,114,1,1,0.42609
20,18,932,435,42,114,1,1,0.36663
21,18,932,435,42,114,1,1,0.36663
22,18,931,435,43,114,1,1,0.3583
23,18,931,435,43,114,1,1,0.3583
24,18,931,435,42,114,1,1,0.35672
25,18,931,435,42,114,1,1,0.35672
26,18,931,435,42,114,1,1,0.35672
27,18,930,435,43,114,1,1,0.34862
28,18,930,435,43,114,1,1,0.34862
29,18,930,435,43,114,1,1,0.34862
30,18,930,435,42,114,1,1,0.34681
31,18,930,435,42,114,1,1,0.34681
32,18,929,435,43,114,1,1,0.33893
33,18,929,435,43,114,1,1,0.33893
34,18,929,435,43,114,1,1,0.33893
35,18,929,435,43,114,1,1,0.33893
36,18,929,435,42,114,1,1,0.33691
37,18,928,435,43,114,1,1,0.32925
38,18,928,435,43,114,1,1,0.32925
39,18,928,435,43,114,1,1,0.32925
40,18,928,435,43,114,1,1,0.32925
41,18,928,435,43,114,1,1,0.32925
42,18,928,435,43,114,1,1,0.32925
43,18,928,435,43,114,1,1,0.32925
44,18,928,435,43,114,1,1,0.32925
45,18,928,435,43,114,1,1,0.32925
46,18,928,435,43,114,1,1,0.32925
47,18,928,435,43,114,1,1,0.32925
48,18,928,435,43,114,1,1,0.32925
49,18,928,435,43,114,1,1,0.32925
50,18,928,435,43,114,1,1,0.32925
51,18,928,435,43,114,1,1,0.32925
52,18,928,435,43,114,1,1,0.32925
53,18,928,435,43,114,1,1,0.32925
54,18,928,435,43,114,1,1,0.32925
55,18,928,435,43,114,1,1,0.32925
56,18,928,435,43,114,1,1,0.32925
57,18,928,435,43,114,1,1,0.32925
58,18,928,435,43,114,1,1,0.32925
59,18,928,435,43,114,1,1,0.32925
60,18,928,435,43,114,1,1,0.32925
61,18,929,435,42,114,1,1,0.33691
62,18,928,435,42,114,1,1,0.327
63,18,928,435,42,114,1,1,0.327
64,18,928,435,42,114,1,1,0.327
65,18,928,435,42,114,1,1,0.327
66,18,928,435,42,114,1,1,0.327
67,18,928,435,42,114,1,1,0.327
68,18,927,435,43,114,1,1,0.31957
69,18,927,435,43,114,1,1,0.31957
70,18,927,435,43,114,1,1,0.31957
71,18,927,435,43,114,1,1,0.31957
72,18,927,435,42,114,1,1,0.31709
73,18,927,435,42,114,1,1,0.31709
74,18,927,435,42,114,1,1,0.31709
75,18,926,435,43,114,1,1,0.30988
76,18,926,435,43,114,1,1,0.30988
77,18,926,435,43,114,1,1,0.30988
78,18,926,435,43,114,1,1,0.30988
79,18,926,435,43,114,1,1,0.30988
80,18,926,435,43,114,1,1,0.30988
81,18,926,435,43,114,1,1,0.30988
82,18,926,435,43,114,1,1,0.30988
83,18,926,435,43,114,1,1,0.30988
84,18,926,435,43,114,1,1,0.30988
85,18,927,435,43,114,1,1,0.31957
86,18,927,435,43,114,1,1,0.31957
87,18,927,435,43,114,1,1,0.31957
88,18,927,435,43,114,1,1,0.31957
89,18,928,435,43,114,1,1,0.32925
90,18,928,435,43,114,1,1,0.32925
91,18,928,435,43,114,1,1,0.32925
92,18,929,435,42,114,1,1,0.33691
93,18,929,435,43,114,1,1,0.33893
94,18,929,435,43,114,1,1,0.33893
95,18,929,435,43,114,1,1,0.33893
96,18,930,435,42,114,1,1,0.34681
97,18,930,435,43,114,1,1,0.34862
98,18,930,435,43,114,1,1,0.34862
99,18,930,435,43,114,1,1,0.34862
100,18,931,435,42,114,1,1,0.35672
101,18,931,436,43,114,1,1,0.35099
102,18,931,436,43,114,1,1,0.35099
103,18,932,436,42,114,1,1,0.35915
104,18,932,436,42,114,1,1,0.35915
105,18,932,436,43,114,1,1,0.36047
106,18,932,436,43,114,1,1,0.36047
107,18,933,436,42,114,1,1,0.36886
108,18,933,436,42,114,1,1,0.36886
109,18,933,436,43,114,1,1,0.36996
110,18,933,436,43,114,1,1,0.36996
111,18,934,436,42,114,1,1,0.37856
112,18,934,436,42,114,1,1,0.37856
113,18,934,436,43,114,1,1,0.37945
114,18,935,436,42,114,1,1,0.38827
115,18,935,436,42,114,1,1,0.38827
116,18,935,436,42,114,1,1,0.38827
117,18,935,436,43,114,1,1,0.38893
118,18,936,436,42,114,1,1,0.39798
119,18,936,436,42,114,1,1,0.39798
120,18,936,436,42,114,1,1,0.39798
121,18,937,437,42,114,1,1,0.39919
122,18,938,437,42,114,1,1,0.4087
123,18,939,437,42,114,1,1,0.4087
124,18,940,437,42,114,1,1,0.4087
125,18,941,437,43,114,1,1,0.4087
126,18,943,437,42,114,1,1,0.4087
127,18,944,437,42,114,1,1,0.4087
128,18,945,437,43,114,1,1,0.4087
129,18,946,437,43,114,1,1,0.4087
130,18,947,437,43,114,1,1,0.4087
131,18,949,437,43,114,1,1,0.4087
132,18,949,436,43,114,1,1,0.41739
133,18,950,436,42,114,1,1,0.41739
134,18,951,436,41,114,1,1,0.41739
135,18,952,436,40,114,1,1,0.41739
136,18,953,436,39,114,1,1,0.41739
137,18,953,436,39,113,1,1,0.42105
138,18,954,436,38,113,1,1,0.42105
139,18,955,436,37,113,1,1,0.42105
140,18,956,436,36,113,1,1,0.42105
141,18,957,436,36,113,1,1,0.42105
142,18,957,436,36,113,1,1,0.42105
143,18,957,436,36,113,1,1,0.42105
144,18,957,436,36,113,1,1,0.42105
145,18,958,436,36,113,1,1,0.42105
146,18,958,436,36,113,1,1,0.42105
147,18,958,436,36,113,1,1,0.42105
148,18,959,437,35,113,1,1,0.41228
149,18,959,437,36,113,1,1,0.41228
150,18,959,437,36,113,1,1,0.41228
151,18,960,437,35,113,1,1,0.41228
152,18,960,437,35,113,1,1,0.41228
153,18,960,437,36,113,1,1,0.39
154,18,960,437,36,113,1,1,0.36771
155,18,961,438,35,113,1,1,0.34747
156,18,961,438,35,113,1,1,0.32505
157,18,961,438,36,113,1,1,0.26174
158,18,962,438,35,113,1,1,0.20175
159,18,962,438,35,113,1,1,0.1345
160,18,962,438,35,113,1,1,0.089669
161,18,963,439,35,113,1,1,0.054825
162,18,963,439,35,113,1,1,0.0087719
163,18,963,439,35,113,1,1,0
164,18,963,439,36,113,1,1,0
165,18,964,439,35,113,1,1,0
166,18,964,439,35,113,1,1,0
167,18,964,439,36,113,1,1,0
168,18,965,439,35,113,1,1,0
169,18,965,439,35,113,1,1,0
170,18,965,439,36,113,1,1,0
171,18,966,440,35,113,1,1,0
172,18,966,440,35,113,1,1,0
173,18,966,440,36,113,1,1,0
174,18,966,440,36,113,1,1,0
175,18,967,440,35,113,1,1,0
176,18,967,440,36,113,1,1,0
177,18,967,440,36,113,1,1,0
178,18,968,440,35,113,1,1,0
179,18,968,440,36,113,1,1,0
180,18,968,440,36,113,1,1,0
181,18,969,441,35,113,1,1,0
182,18,969,441,36,113,1,1,0
183,18,969,441,36,113,1,1,0.00071124
184,18,969,441,36,113,1,1,0.0016596
185,18,970,441,36,113,1,1,0.0026079
186,18,970,441,36,113,1,1,0.0035562
187,18,970,441,36,113,1,1,0.0052157
188,18,971,441,36,113,1,1,0.0064011
189,18,971,441,36,113,1,1,0.0078236
190,18,971,441,36,113,1,1,0.0099573
191,18,972,442,36,113,1,1,0.002845
192,18,971,442,36,113,1,1,0.0018966
193,18,970,442,36,113,1,1,0
194,18,970,442,35,113,1,1,0.00097466
195,18,969,442,35,113,1,1,0.0024366
196,18,968,442,36,113,1,1,0.0037933
197,18,968,442,35,113,1,1,0.0024366
198,18,967,442,35,113,1,1,0.0034113
199,18,966,442,35,113,1,1,0.002193
200,18,966,442,35,114,1,1,0.002657
201,18,966,442,35,114,1,1,0.0062802
202,18,966,442,35,114,1,1,0.035507
203,18,966,442,35,114,1,1,0.074879
204,18,966,442,35,114,1,1,0.10411
205,18,966,442,35,114,1,1,0.14324
206,18,966,442,35,114,1,1,0.15242
207,18,966,442,36,114,1,1,0.14806
208,18,967,442,35,114,1,1,0.12174
209,18,967,442,35,114,1,1,0.10145
210,18,967,442,35,114,1,1,0.081159
211,18,967,442,35,114,1,1,0.06087
212,18,967,442,35,114,1,1,0.030435
213,18,967,443,35,113,1,1,0.0099903
214,18,967,443,36,113,1,1,0
215,18,968,443,35,114,1,1,0
216,18,968,443,35,114,1,1,0
217,18,968,443,35,114,1,1,0
218,18,968,443,35,114,1,1,0
219,18,968,443,35,114,1,1,0
220,18,968,443,35,114,1,1,0
221,18,968,443,36,114,1,1,0
222,18,968,443,36,114,1,1,0
223,18,969,443,35,114,1,1,0
224,18,969,443,35,114,1,1,0
225,18,969,443,35,114,1,1,0
226,18,969,444,35,113,1,1,0
227,18,969,444,35,113,1,1,0
228,18,969,444,36,113,1,1,0
229,18,969,444,36,113,1,1,0
230,18,970,444,35,114,1,1,0
231,18,970,444,35,114,1,1,0
232,18,970,444,35,114,1,1,0
233,18,970,444,35,114,1,1,0
234,18,970,444,35,114,1,1,0
235,18,970,444,36,114,1,1,0
236,18,970,444,36,114,1,1,0
237,18,970,444,36,114,1,1,0
238,18,971,444,35,114,1,1,0
239,18,971,445,35,113,1,1,0
240,18,971,445,35,113,1,1,0
241,18,971,445,35,113,1,1,0
242,18,971,445,36,113,1,1,0
243,18,971,445,36,113,1,1,0
244,18,971,445,36,113,1,1,0
245,18,972,445,35,114,1,1,0
246,18,972,445,35,114,1,1,0
247,18,972,445,35,114,1,1,0
248,18,972,445,35,114,1,1,0
249,18,972,445,36,114,1,1,0
250,18,972,445,36,114,1,1,0
251,18,972,445,36,114,1,1,0
252,18,972,446,36,113,1,1,0
253,18,973,446,35,113,1,1,0
254,18,973,446,35,113,1,1,0
255,18,973,446,35,113,1,1,0
256,18,973,446,36,113,1,1,0
257,18,973,446,36,113,1,1,0
258,18,973,446,36,113,1,1,0
259,18,973,446,36,113,1,1,0
260,18,974,446,35,114,1,1,0
261,18,974,446,35,114,1,1,0
262,18,974,446,35,114,1,1,0
263,18,974,446,36,114,1,1,0
264,18,974,446,36,114,1,1,0
265,18,974,447,36,113,1,1,0
266,18,974,447,36,113,1,1,0
267,18,974,447,36,113,1,1,0
268,18,975,447,35,113,1,1,0
269,18,975,447,35,113,1,1,0
270,18,975,447,36,113,1,1,0
271,18,975,447,36,113,1,1,0
272,18,975,447,36,113,1,1,0
273,18,975,447,36,113,1,1,0
274,18,975,447,36,113,1,1,0
275,18,976,447,35,114,1,1,0
276,18,976,447,35,114,1,1,0
277,18,976,447,36,114,1,1,0
278,18,976,448,36,113,1,1,0
279,18,976,448,36,113,1,1,0.01707
280,18,976,448,36,113,1,1,0.025605
281,18,976,448,36,113,1,1,0.025605
282,18,976,448,36,113,1,1,0
283,18,977,448,35,113,1,1,0
284,18,977,448,36,113,1,1,0
285,18,977,448,36,113,1,1,0
286,18,977,448,36,113,1,1,0
287,18,977,448,36,113,1,1,0
288,18,977,448,36,113,1,1,0
289,18,977,448,36,113,1,1,0
290,18,978,449,36,113,1,1,0
291,18,978,448,36,113,1,1,0
292,18,979,448,36,113,1,1,0
293,18,979,448,36,113,1,1,0
294,18,980,448,36,113,1,1,0
295,18,981,448,35,113,1,1,0
296,18,981,448,36,113,1,1,0
297,18,982,448,36,113,1,1,0
298,18,982,448,36,113,1,1,0
299,18,983,448,36,113,1,1,0
300,18,984,448,35,113,1,1,0
301,18,984,447,36,113,1,1,0
1,19,442,446,105,283,1,1,1
2,19,442,446,107,282,1,1,1
3,19,442,446,109,282,1,1,1
4,19,442,446,111,282,1,1,1
5,19,442,446,113,282,1,1,1
6,19,442,446,115,282,1,1,1
7,19,442,446,117,282,1,1,1
8,19,442,446,119,282,1,1,1
9,19,442,446,121,282,1,1,1
10,19,442,446,123,282,1,1,1
11,19,442,446,125,282,1,1,1
12,19,442,445,125,283,1,1,1
13,19,443,445,125,284,1,1,1
14,19,444,445,125,284,1,1,1
15,19,445,445,124,285,1,1,1
16,19,446,445,124,286,1,1,1
17,19,446,444,125,287,1,1,1
18,19,447,444,124,288,1,1,1
19,19,448,444,124,288,1,1,1
20,19,449,444,124,289,1,1,1
21,19,450,444,124,290,1,1,1
22,19,452,444,123,289,1,1,1
23,19,454,444,122,289,1,1,1
24,19,456,444,121,289,1,1,1
25,19,459,444,120,289,1,1,1
26,19,461,444,119,289,1,1,1
27,19,463,444,118,289,1,1,1
28,19,466,444,117,289,1,1,1
29,19,468,444,116,289,1,1,1
30,19,470,444,115,289,1,1,1
31,19,473,444,114,289,1,1,1
32,19,473,444,114,290,1,1,1
33,19,474,444,114,292,1,1,1
34,19,475,444,113,293,1,1,1
35,19,475,444,114,295,1,1,1
36,19,476,444,114,297,1,1,1
37,19,477,444,113,298,1,1,1
38,19,477,444,114,300,1,1,1
39,19,478,444,113,301,1,1,1
40,19,479,444,113,303,1,1,1
41,19,480,444,113,305,1,1,1
42,19,480,443,113,307,1,1,1
43,19,480,442,113,309,1,1,1
44,19,480,442,113,310,1,1,1
45,19,480,441,113,312,1,1,1
46,19,480,441,113,313,1,1,1
47,19,480,440,113,315,1,1,1
48,19,480,439,113,317,1,1,1
49,19,480,439,113,318,1,1,1
50,19,480,438,113,320,1,1,1
51,19,481,438,112,322,1,1,1
52,19,481,438,113,321,1,1,1
53,19,481,438,115,321,1,1,1
54,19,481,438,117,321,1,1,1
55,19,481,438,119,321,1,1,1
56,19,481,438,121,321,1,1,1
57,19,481,438,122,321,1,1,1
58,19,481,438,124,321,1,1,1
59,19,481,438,126,321,1,1,1
60,19,481,438,128,321,1,1,1
61,19,481,438,130,321,1,1,1
62,19,483,438,130,321,1,1,1
63,19,486,439,130,321,1,1,1
64,19,488,440,130,321,1,1,1
65,19,491,440,130,321,1,1,1
66,19,494,441,130,321,1,1,1
67,19,496,442,130,321,1,1,1
68,19,499,442,130,321,1,1,1
69,19,501,443,130,321,1,1,1
70,19,504,444,130,321,1,1,1
71,19,507,445,130,321,1,1,1
72,19,510,444,128,322,1,1,1
73,19,513,444,126,323,1,1,1
74,19,516,444,124,323,1,1,1
75,19,519,443,122,325,1,1,1
76,19,523,443,119,325,1,1,1
77,19,526,443,117,326,1,1,1
78,19,529,442,115,327,1,1,1
79,19,532,442,113,328,1,1,1
80,19,535,442,111,328,1,1,1
81,19,539,442,108,329,1,1,1
82,19,540,442,108,330,1,1,1
83,19,541,442,108,332,1,1,1
84,19,542,442,109,334,1,1,1
85,19,543,442,109,335,1,1,1
86,19,544,443,110,336,1,1,1
87,19,545,443,110,338,1,1,1
88,19,546,443,110,339,1,1,1
89,19,547,443,111,341,1,1,1
90,19,548,443,111,343,1,1,1
91,19,550,444,111,344,1,1,1
92,19,550,444,111,345,1,1,1
93,19,550,444,112,346,1,1,1
94,19,550,444,113,348,1,1,1
95,19,550,444,114,349,1,1,1
96,19,550,444,115,351,1,1,1
97,19,550,444,116,352,1,1,1
98,19,550,444,117,353,1,1,1
99,19,550,444,118,355,1,1,1
100,19,550,444,119,356,1,1,1
101,19,550,444,120,358,1,1,1
102,19,550,443,121,359,1,1,1
103,19,550,442,123,360,1,1,1
104,19,551,442,123,360,1,1,1
105,19,551,441,125,361,1,1,1
106,19,552,441,126,361,1,1,1
107,19,552,440,127,362,1,1,1
108,19,552,439,129,363,1,1,1
109,19,553,439,129,363,1,1,1
110,19,553,438,131,364,1,1,1
111,19,554,438,132,365,1,1,1
112,19,554,438,132,367,1,1,1
113,19,555,439,132,368,1,1,1
114,19,556,440,131,369,1,1,1
115,19,556,440,132,371,1,1,1
116,19,557,441,132,372,1,1,1
117,19,558,442,131,373,1,1,1
118,19,558,442,132,375,1,1,1
119,19,559,443,131,376,1,1,1
120,19,560,444,131,377,1,1,1
121,19,561,445,131,378,1,1,1
122,19,562,443,132,381,1,1,1
123,19,564,442,132,383,1,1,1
124,19,565,441,133,385,1,1,1
125,19,567,440,133,387,1,1,1
126,19,568,439,134,389,1,1,1
127,19,570,437,134,392,1,1,1
128,19,571,436,135,394,1,1,1
129,19,573,435,135,396,1,1,1
130,19,574,434,136,398,1,1,1
131,19,576,433,136,400,1,1,1
132,19,575,433,137,402,1,1,1
133,19,575,433,138,405,1,1,1
134,19,575,434,139,407,1,1,1
135,19,574,434,141,409,1,1,1
136,19,574,435,142,411,1,1,1
137,19,574,435,142,414,1,1,1
138,19,573,435,144,416,1,1,1
139,19,573,436,145,418,1,1,1
140,19,573,436,146,421,1,1,1
141,19,573,437,147,423,1,1,1
142,19,571,437,146,426,1,1,1
143,19,569,437,146,429,1,1,1
144,19,567,437,146,432,1,1,1
145,19,565,437,146,435,1,1,1
146,19,563,437,146,438,1,1,1
147,19,561,437,146,441,1,1,1
148,19,559,437,146,444,1,1,1
149,19,557,437,146,447,1,1,1
150,19,555,437,146,450,1,1,1
151,19,553,438,146,453,1,1,1
152,19,551,436,147,454,1,1,1
153,19,549,434,149,456,1,1,1
154,19,547,433,151,457,1,1,1
155,19,546,431,152,459,1,1,1
156,19,544,430,154,460,1,1,1
157,19,542,428,156,462,1,1,1
158,19,541,426,157,464,1,1,1
159,19,539,425,159,465,1,1,1
160,19,537,423,161,467,1,1,1
161,19,536,422,162,468,1,1,1
162,19,536,422,168,469,1,1,1
163,19,536,422,174,470,1,1,1
164,19,536,422,180,471,1,1,1
165,19,536,422,187,472,1,1,1
166,19,536,422,193,473,1,1,1
167,19,536,422,199,474,1,1,1
168,19,536,422,206,475,1,1,1
169,19,536,422,212,476,1,1,1
170,19,536,422,218,477,1,1,1
171,19,536,422,225,479,1,1,1
172,19,540,422,222,480,1,1,1
173,19,544,422,219,481,1,1,1
174,19,549,422,216,482,1,1,1
175,19,553,422,213,484,1,1,1
176,19,558,422,210,485,1,1,1
177,19,562,422,207,486,1,1,1
178,19,566,422,204,488,1,1,1
179,19,571,422,201,489,1,1,1
180,19,575,422,198,490,1,1,1
181,19,580,423,195,491,1,1,1
182,19,584,423,192,493,1,1,1
183,19,589,423,189,496,1,1,1
184,19,594,423,186,499,1,1,1
185,19,599,423,183,502,1,1,1
186,19,604,423,180,505,1,1,1
187,19,609,423,176,507,1,1,1
188,19,614,423,173,510,1,1,1
189,19,619,423,170,513,1,1,1
190,19,624,423,167,516,1,1,1
191,19,629,423,164,519,1,1,1
192,19,632,423,164,521,1,1,1
193,19,635,423,165,523,1,1,1
194,19,638,423,166,525,1,1,1
195,19,641,424,167,526,1,1,1
196,19,644,424,168,528,1,1,1
197,19,647,424,168,530,1,1,1
198,19,650,425,169,531,1,1,1
199,19,653,425,170,533,1,1,1
200,19,656,425,171,535,1,1,1
201,19,660,426,171,536,1,1,1
202,19,664,424,169,540,1,1,1
203,19,668,423,167,544,1,1,1
204,19,672,422,165,547,1,1,1
205,19,676,420,163,552,1,1,1
206,19,680,419,162,555,1,1,1
207,19,684,418,160,559,1,1,1
208,19,688,416,158,563,1,1,1
209,19,692,415,156,567,1,1,1
210,19,696,414,154,570,1,1,1
211,19,700,413,153,574,1,1,1
212,19,702,412,158,575,1,1,1
213,19,704,411,163,576,1,1,1
214,19,707,410,167,577,1,1,1
215,19,709,409,172,579,1,1,1
216,19,712,408,176,580,1,1,1
217,19,714,407,181,581,1,1,1
218,19,716,406,186,583,1,1,1
219,19,719,405,190,584,1,1,1
220,19,721,404,195,585,1,1,1
221,19,724,403,199,587,1,1,1
222,19,727,403,207,587,1,1,1
223,19,730,404,216,586,1,1,1
224,19,734,404,224,587,1,1,1
225,19,737,405,232,586,1,1,1
226,19,741,405,240,587,1,1,1
227,19,744,406,249,586,1,1,1
228,19,747,406,257,586,1,1,1
229,19,751,407,265,586,1,1,1
230,19,754,407,274,586,1,1,1
231,19,758,408,282,586,1,1,1
232,19,764,408,276,585,1,1,1
233,19,770,408,270,585,1,1,1
234,19,776,408,264,585,1,1,1
235,19,783,408,257,585,1,1,1
236,19,789,408,251,585,1,1,1
237,19,795,408,245,585,1,1,1
238,19,802,408,238,585,1,1,1
239,19,808,408,232,585,1,1,1
240,19,814,408,226,585,1,1,1
241,19,821,408,219,585,1,1,1
242,19,830,407,213,590,1,1,1
243,19,839,407,207,594,1,1,1
244,19,848,407,201,598,1,1,1
245,19,858,407,194,603,1,1,1
246,19,867,407,188,607,1,1,1
247,19,876,407,182,611,1,1,1
248,19,886,407,175,616,1,1,1
249,19,895,407,169,620,1,1,1
250,19,904,407,163,624,1,1,1
251,19,914,407,156,629,1,1,1
252,19,917,407,157,630,1,1,1
253,19,920,407,158,631,1,1,1
254,19,923,407,159,632,1,1,1
255,19,926,407,160,633,1,1,1
256,19,929,407,161,634,1,1,1
257,19,932,407,162,635,1,1,1
258,19,935,407,163,636,1,1,1
259,19,938,407,164,637,1,1,1
260,19,941,407,165,638,1,1,1
261,19,945,407,165,639,1,1,1
262,19,946,407,165,639,1,1,1
263,19,947,407,165,639,1,1,1
264,19,948,407,165,639,1,1,1
265,19,949,407,165,639,1,1,1
266,19,950,407,165,639,1,1,1
267,19,951,407,165,639,1,1,1
268,19,952,407,165,639,1,1,1
269,19,953,407,165,639,1,1,1
270,19,954,407,165,639,1,1,1
271,19,955,407,165,639,1,1,1
272,19,957,406,164,639,1,1,1
273,19,960,406,163,639,1,1,1
274,19,963,406,161,638,1,1,1
275,19,966,405,160,639,1,1,1
276,19,969,405,159,639,1,1,1
277,19,972,405,157,638,1,1,1
278,19,975,404,156,639,1,1,1
279,19,978,404,154,638,1,1,1
280,19,981,404,153,638,1,1,1
281,19,984,404,152,638,1,1,1
282,19,985,404,152,638,1,1,1
283,19,987,404,152,638,1,1,1
284,19,989,404,152,638,1,1,1
285,19,990,404,152,638,1,1,1
286,19,992,404,152,638,1,1,1
287,19,994,404,152,638,1,1,1
288,19,995,404,152,638,1,1,1
289,19,997,404,152,638,1,1,1
290,19,999,404,152,638,1,1,1
291,19,1001,404,152,638,1,1,1
292,19,1001,403,152,638,1,1,1
293,19,1002,403,152,637,1,1,1
294,19,1003,402,152,637,1,1,1
295,19,1004,402,152,636,1,1,1
296,19,1005,402,152,635,1,1,1
297,19,1006,401,151,635,1,1,1
298,19,1007,401,151,634,1,1,1
299,19,1008,400,151,634,1,1,1
300,19,1009,400,151,633,1,1,1
301,19,1010,400,151,632,1,1,1
1,20,636,458,61,187,1,1,0.41935
2,20,636,458,61,187,1,1,0.41935
3,20,636,458,62,187,1,1,0.42857
4,20,637,458,61,187,1,1,0.43548
5,20,637,458,62,187,1,1,0.44444
6,20,638,458,61,187,1,1,0.43548
7,20,638,458,62,187,1,1,0.44444
8,20,638,458,62,187,1,1,0.44444
9,20,639,458,62,187,1,1,0.46032
10,20,639,458,62,187,1,1,0.46032
11,20,640,459,62,187,1,1,0.46032
12,20,640,459,63,187,1,1,0.46875
13,20,641,459,63,188,1,1,0.48438
14,20,641,459,64,189,1,1,0.47692
15,20,642,459,64,190,1,1,0.49231
16,20,642,460,66,190,1,1,0.50746
17,20,643,460,66,190,1,1,0.50746
18,20,643,460,67,191,1,1,0.51471
19,20,644,460,67,192,1,1,0.51471
20,20,644,460,68,193,1,1,0.50725
21,20,645,461,69,193,1,1,0.51429
22,20,645,461,69,193,1,1,0.5
23,20,646,461,69,193,1,1,0.5
24,20,647,461,69,193,1,1,0.5
25,20,648,461,69,194,1,1,0.5
26,20,649,461,69,194,1,1,0.5
27,20,650,461,69,194,1,1,0.5
28,20,651,461,68,195,1,1,0.49275
29,20,652,461,68,195,1,1,0.49275
30,20,653,461,68,195,1,1,0.49275
31,20,654,461,68,196,1,1,0.49275
32,20,654,461,69,196,1,1,0.48571
33,20,655,461,69,196,1,1,0.48571
34,20,656,461,69,196,1,1,0.48571
35,20,657,461,68,197,1,1,0.47826
36,20,658,461,68,197,1,1,0.46377
37,20,659,461,68,197,1,1,0.46377
38,20,660,461,68,198,1,1,0.46377
39,20,661,461,68,198,1,1,0.46377
40,20,662,461,68,198,1,1,0.46377
41,20,663,462,68,198,1,1,0.44928
42,20,663,461,69,199,1,1,0.44286
43,20,664,461,70,200,1,1,0.4507
44,20,665,460,70,201,1,1,0.43662
45,20,666,460,71,202,1,1,0.44444
46,20,667,460,72,203,1,1,0.45205
47,20,668,459,72,204,1,1,0.43836
48,20,669,459,73,205,1,1,0.44595
49,20,670,458,73,206,1,1,0.44595
50,20,671,458,74,207,1,1,0.45333
51,20,672,458,75,208,1,1,0.46053
52,20,673,458,75,208,1,1,0.47368
53,20,675,458,75,209,1,1,0.5
54,20,677,458,74,209,1,1,0.52
55,20,678,458,75,210,1,1,0.53947
56,20,680,458,74,210,1,1,0.56
57,20,682,458,74,211,1,1,0.58667
58,20,683,458,74,211,1,1,0.6
59,20,685,458,74,212,1,1,0.62667
60,20,687,458,74,213,1,1,0.65333
61,20,687,457,74,214,1,1,0.65333
62,20,688,457,74,215,1,1,0.66667
63,20,689,457,74,216,1,1,0.68
64,20,690,456,73,218,1,1,0.68919
65,20,691,456,73,219,1,1,0.68919
66,20,692,456,73,220,1,1,0.7027
67,20,693,455,73,220,1,1,0.71622
68,20,694,455,74,220,1,1,0.73333
69,20,696,455,73,219,1,1,0.75676
70,20,697,455,74,219,1,1,0.77333
71,20,698,455,74,218,1,1,0.8
72,20,700,455,74,218,1,1,0.82667
73,20,700,455,76,218,1,1,0.84416
74,20,701,456,77,217,1,1,0.85897
75,20,702,456,78,217,1,1,0.88608
76,20,703,457,79,216,1,1,0.9
77,20,704,458,80,215,1,1,0.92593
78,20,705,458,84,215,1,1,0.94118
79,20,706,458,89,216,1,1,0.94444
80,20,707,458,94,217,1,1,0.94737
81,20,709,458,98,218,1,1,0.94949
82,20,711,457,97,220,1,1,0.95918
83,20,713,457,96,221,1,1,0.96907
84,20,716,456,95,223,1,1,0.97917
85,20,718,456,94,224,1,1,0.98947
86,20,721,456,93,226,1,1,1
87,20,722,455,91,226,1,1,0.98913
88,20,724,455,89,226,1,1,0.98889
89,20,726,454,87,226,1,1,0.97727
90,20,728,454,85,226,1,1,0.97674
91,20,730,454,83,226,1,1,0.96429
92,20,732,454,83,227,1,1,0.96429
93,20,735,454,82,228,1,1,0.96386
94,20,738,454,82,229,1,1,0.98795
95,20,740,454,82,230,1,1,1
96,20,743,454,81,231,1,1,1
97,20,746,454,81,233,1,1,1
98,20,747,454,81,234,1,1,1
99,20,749,454,81,235,1,1,1
100,20,750,454,82,236,1,1,1
101,20,752,454,82,237,1,1,1
102,20,754,454,82,238,1,1,1
103,20,755,454,82,239,1,1,1
104,20,756,454,82,240,1,1,1
105,20,757,454,82,241,1,1,1
106,20,758,454,82,242,1,1,1
107,20,760,455,81,242,1,1,1
108,20,760,454,81,243,1,1,1
109,20,761,454,81,244,1,1,1
110,20,762,454,81,245,1,1,1
111,20,763,454,81,246,1,1,0.9878
112,20,764,454,80,245,1,1,0.98765
113,20,766,454,79,245,1,1,0.9875
114,20,768,454,78,245,1,1,0.98734
115,20,769,454,80,245,1,1,0.97531
116,20,770,454,83,245,1,1,0.96429
117,20,772,454,85,245,1,1,0.98837
118,20,773,454,88,245,1,1,0.98876
119,20,774,454,90,245,1,1,0.98901
120,20,776,454,92,245,1,1,1
121,20,777,454,95,245,1,1,1
122,20,779,454,97,245,1,1,1
123,20,780,454,97,246,1,1,1
124,20,782,454,96,247,1,1,1
125,20,784,454,95,248,1,1,1
126,20,785,454,95,249,1,1,1
127,20,787,454,94,250,1,1,1
128,20,789,454,93,252,1,1,1
129,20,791,453,92,253,1,1,1
130,20,793,452,91,255,1,1,1
131,20,795,451,91,257,1,1,1
132,20,797,451,90,257,1,1,1
133,20,799,450,89,259,1,1,1
134,20,801,449,89,261,1,1,1
135,20,803,449,88,261,1,1,1
136,20,805,448,88,263,1,1,1
137,20,807,447,87,265,1,1,1
138,20,809,447,86,265,1,1,1
139,20,811,446,86,267,1,1,1
140,20,813,445,85,269,1,1,1
141,20,815,445,85,270,1,1,1
142,20,816,445,85,271,1,1,1
143,20,818,446,85,271,1,1,0.95349
144,20,820,447,85,272,1,1,0.89535
145,20,822,448,85,272,1,1,0.89535
146,20,824,449,85,273,1,1,0.88372
147,20,825,449,85,274,1,1,0.87209
148,20,827,450,85,274,1,1,0.86047
149,20,829,451,85,275,1,1,0.89535
150,20,831,452,85,275,1,1,0.9186
151,20,833,453,85,276,1,1,0.95349
152,20,834,452,85,277,1,1,0.96512
153,20,835,451,85,278,1,1,0.96512
154,20,836,450,85,279,1,1,0.96512
155,20,837,450,85,280,1,1,0.95349
156,20,839,449,84,281,1,1,0.96471
157,20,840,448,84,282,1,1,0.95294
158,20,841,448,84,283,1,1,0.94118
159,20,842,447,84,284,1,1,0.91765
160,20,843,446,84,285,1,1,0.90588
161,20,845,446,84,286,1,1,0.89412
162,20,847,446,91,286,1,1,0.90217
163,20,850,446,97,286,1,1,0.90816
164,20,853,446,103,287,1,1,0.92308
165,20,856,446,109,287,1,1,0.92727
166,20,859,446,115,288,1,1,0.93966
167,20,861,446,118,288,1,1,0.93277
168,20,863,446,121,289,1,1,0.93443
169,20,866,446,124,290,1,1,0.936
170,20,868,445,123,292,1,1,0.93548
171,20,870,445,122,293,1,1,0.92683
172,20,872,445,121,294,1,1,0.92623
173,20,875,445,120,296,1,1,0.92562
174,20,877,445,119,297,1,1,0.925
175,20,879,445,118,298,1,1,0.91597
176,20,882,445,117,300,1,1,0.94915
177,20,886,444,114,301,1,1,0.9913
178,20,891,444,111,302,1,1,1
179,20,895,444,109,303,1,1,1
180,20,900,444,105,304,1,1,1
181,20,904,444,103,305,1,1,1
182,20,909,444,100,305,1,1,1
183,20,913,444,98,306,1,1,1
184,20,918,444,94,307,1,1,1
185,20,922,444,92,308,1,1,1
186,20,927,444,89,309,1,1,1
187,20,932,444,86,310,1,1,1
188,20,933,444,90,311,1,1,1
189,20,935,444,93,312,1,1,1
190,20,937,444,97,313,1,1,1
191,20,939,444,100,314,1,1,1
192,20,940,444,104,315,1,1,1
193,20,942,444,108,316,1,1,1
194,20,944,444,111,317,1,1,1
195,20,946,444,114,318,1,1,1
196,20,948,444,118,319,1,1,1
197,20,953,443,115,319,1,1,1
198,20,959,443,111,319,1,1,0.96429
199,20,965,443,107,319,1,1,0.91667
200,20,970,443,105,318,1,1,0.95283
201,20,975,443,103,317,1,1,0.99038
202,20,981,443,101,317,1,1,1
203,20,986,443,99,316,1,1,1
204,20,991,443,97,315,1,1,1
205,20,997,443,95,315,1,1,1
206,20,1001,443,105,315,1,1,1
207,20,1005,443,115,315,1,1,1
208,20,1009,444,126,315,1,1,1
209,20,1012,444,135,316,1,1,1
210,20,1015,445,144,316,1,1,1
211,20,1018,445,153,317,1,1,1
212,20,1022,446,162,318,1,1,1
213,20,1022,446,163,320,1,1,1
214,20,1023,446,164,323,1,1,1
215,20,1024,446,165,325,1,1,1
216,20,1025,447,166,327,1,1,1
217,20,1031,446,160,327,1,1,1
218,20,1037,446,154,327,1,1,1
219,20,1043,445,148,328,1,1,1
220,20,1049,445,142,328,1,1,1
221,20,1059,444,133,330,1,1,1
222,20,1070,444,124,331,1,1,1
223,20,1080,444,115,332,1,1,1
224,20,1091,444,106,333,1,1,1
225,20,1096,444,105,336,1,1,1
226,20,1101,444,105,339,1,1,1
227,20,1106,444,105,342,1,1,1
228,20,1111,444,105,346,1,1,1
229,20,1113,443,113,347,1,1,1
230,20,1116,443,121,348,1,1,1
231,20,1119,443,128,348,1,1,1
232,20,1122,443,136,349,1,1,1
233,20,1125,443,144,350,1,1,1
234,20,1128,442,144,353,1,1,1
235,20,1131,442,144,356,1,1,1
236,20,1134,442,144,359,1,1,1
237,20,1139,441,142,360,1,1,1
238,20,1145,440,139,362,1,1,1
239,20,1151,440,136,363,1,1,1
240,20,1160,439,129,362,1,1,1
241,20,1169,439,123,361,1,1,1
242,20,1178,438,117,361,1,1,1
243,20,1188,438,110,360,1,1,1
244,20,1193,438,112,360,1,1,1
245,20,1199,438,113,361,1,1,1
246,20,1204,438,115,362,1,1,1
247,20,1210,438,116,363,1,1,1
248,20,1212,438,135,364,1,1,1
249,20,1214,438,155,365,1,1,1
250,20,1216,438,175,366,1,1,1
251,20,1219,438,194,368,1,1,1
252,20,1221,438,196,369,1,1,1
253,20,1223,438,198,370,1,1,1
254,20,1226,438,199,372,1,1,1
255,20,1228,438,201,373,1,1,1
256,20,1231,438,203,375,1,1,1
257,20,1240,437,195,378,1,1,1
258,20,1249,436,187,381,1,1,1
259,20,1258,435,179,384,1,1,1
260,20,1267,435,172,386,1,1,1
261,20,1282,434,158,389,1,1,1
262,20,1297,433,144,392,1,1,1
263,20,1313,433,130,395,1,1,1
264,20,1322,432,130,398,1,1,1
265,20,1332,431,129,401,1,1,1
266,20,1342,431,128,404,1,1,1
267,20,1346,431,141,403,1,1,1
268,20,1350,432,154,402,1,1,1
269,20,1355,433,167,401,1,1,1
270,20,1358,433,178,402,1,1,1
271,20,1362,434,189,402,1,1,1
272,20,1366,435,200,403,1,1,1
273,20,1370,435,200,406,1,1,1
274,20,1374,436,201,409,1,1,1
275,20,1378,436,202,412,1,1,1
276,20,1382,437,203,415,1,1,1
277,20,1394,436,194,416,1,1,1
278,20,1407,435,185,417,1,1,1
279,20,1419,434,176,418,1,1,1
280,20,1432,433,167,419,1,1,1
281,20,1445,432,157,420,1,1,1
282,20,1458,431,147,422,1,1,1
283,20,1471,431,138,423,1,1,1
284,20,1475,431,153,423,1,1,1
285,20,1480,431,167,424,1,1,1
286,20,1485,431,181,424,1,1,1
287,20,1490,431,195,425,1,1,1
288,20,1492,431,210,428,1,1,1
289,20,1495,431,224,431,1,1,1
290,20,1498,431,238,434,1,1,1
291,20,1501,431,252,437,1,1,1
292,20,1503,431,253,440,1,1,1
293,20,1506,431,253,443,1,1,1
294,20,1509,432,254,446,1,1,1
295,20,1518,431,247,449,1,1,1
296,20,1528,430,239,452,1,1,1
297,20,1538,429,231,455,1,1,1
298,20,1548,428,223,459,1,1,1
299,20,1568,427,204,463,1,1,1
300,20,1588,426,186,467,1,1,1
301,20,1608,426,168,470,1,1,1
1,21,1364,434,51,124,1,1,0
2,21,1365,434,52,124,1,1,0
3,21,1366,434,54,124,1,1,0
4,21,1368,435,55,124,1,1,0
5,21,1369,435,57,124,1,1,0
6,21,1371,436,58,124,1,1,0
7,21,1372,436,60,124,1,1,0.032787
8,21,1373,436,62,124,1,1,0.25397
9,21,1375,437,63,124,1,1,0.4375
10,21,1376,437,65,124,1,1,0.63636
11,21,1378,438,66,124,1,1,0.71642
12,21,1382,437,64,125,1,1,0.81538
13,21,1387,437,62,125,1,1,0.90476
14,21,1391,437,61,126,1,1,1
15,21,1396,437,59,126,1,1,0.95
16,21,1401,436,56,127,1,1,0.91228
17,21,1405,436,55,128,1,1,0.85714
18,21,1410,436,53,128,1,1,0.7963
19,21,1415,436,51,129,1,1,0.76923
20,21,1414,434,55,129,1,1,0.78571
21,21,1414,433,58,129,1,1,0.79661
22,21,1414,432,62,129,1,1,0.79365
23,21,1413,431,66,129,1,1,0.86567
24,21,1413,430,69,129,1,1,0.92857
25,21,1413,429,73,129,1,1,0.98649
26,21,1417,429,71,129,1,1,1
27,21,1422,429,69,129,1,1,1
28,21,1426,429,68,130,1,1,1
29,21,1431,429,65,130,1,1,1
30,21,1435,429,64,131,1,1,1
31,21,1440,429,62,131,1,1,1
32,21,1445,430,60,131,1,1,1
33,21,1448,430,60,130,1,1,1
34,21,1451,430,60,130,1,1,1
35,21,1454,431,61,129,1,1,1
36,21,1454,430,62,129,1,1,1
37,21,1454,430,63,129,1,1,1
38,21,1454,430,64,129,1,1,1
39,21,1454,430,65,129,1,1,1
40,21,1454,430,66,129,1,1,1
41,21,1454,430,67,129,1,1,1
42,21,1458,430,65,129,1,1,1
43,21,1462,430,64,129,1,1,1
44,21,1466,430,63,129,1,1,1
45,21,1470,430,61,129,1,1,1
46,21,1474,430,60,129,1,1,1
47,21,1478,430,59,129,1,1,1
48,21,1482,430,57,129,1,1,1
49,21,1486,430,56,129,1,1,1
50,21,1490,430,55,129,1,1,1
51,21,1495,431,53,128,1,1,1
52,21,1497,430,53,128,1,1,1
53,21,1500,430,52,128,1,1,1
54,21,1502,430,53,128,1,1,1
55,21,1505,430,52,128,1,1,1
56,21,1507,430,53,128,1,1,1
57,21,1510,430,52,127,1,1,1
58,21,1512,430,53,127,1,1,1
59,21,1515,430,52,127,1,1,1
60,21,1518,430,51,127,1,1,1
61,21,1520,430,52,127,1,1,1
62,21,1523,430,51,126,1,1,1
63,21,1525,430,52,126,1,1,1
64,21,1528,430,51,126,1,1,1
65,21,1530,430,52,126,1,1,1
66,21,1533,430,51,126,1,1,1
67,21,1536,429,50,126,1,1,0.96078
68,21,1538,429,51,126,1,1,0.90385
69,21,1541,429,50,126,1,1,0.86275
70,21,1543,429,51,126,1,1,0.80769
71,21,1546,429,50,126,1,1,0.76471
72,21,1548,429,51,125,1,1,0.71154
73,21,1551,429,50,125,1,1,0.66667
74,21,1554,429,49,125,1,1,0.62
75,21,1556,429,50,125,1,1,0.56863
76,21,1559,429,49,125,1,1,0.52
77,21,1561,429,50,124,1,1,0.47059
78,21,1564,429,49,124,1,1,0.42
79,21,1566,429,50,124,1,1,0.37255
80,21,1569,429,49,124,1,1,0.32
1,22,1478,434,63,124,1,1,0
2,22,1480,433,62,125,1,1,0
3,22,1483,433,60,125,1,1,0
4,22,1486,433,59,126,1,1,0
5,22,1488,433,58,126,1,1,0
6,22,1491,432,57,128,1,1,0
7,22,1494,432,55,128,1,1,0
8,22,1496,432,55,129,1,1,0
9,22,1499,432,53,129,1,1,0
10,22,1502,432,52,130,1,1,0
11,22,1504,438,51,123,1,1,0
12,22,1508,438,51,123,1,1,0
13,22,1512,438,51,123,1,1,0
14,22,1516,438,51,123,1,1,0
15,22,1520,438,51,123,1,1,0
16,22,1521,437,52,123,1,1,0
17,22,1523,437,52,123,1,1,0
18,22,1525,436,52,123,1,1,0
19,22,1527,436,52,123,1,1,0
20,22,1529,436,52,123,1,1,0
21,22,1531,435,52,123,1,1,0
22,22,1533,435,52,123,1,1,0
23,22,1535,434,52,123,1,1,0
24,22,1537,434,52,123,1,1,0
25,22,1539,434,52,123,1,1,0
26,22,1547,437,42,121,1,1,0
27,22,1548,436,44,121,1,1,0
28,22,1550,436,45,121,1,1,0
29,22,1551,436,47,122,1,1,0.14583
30,22,1552,436,50,123,1,1,0.47059
31,22,1554,437,52,123,1,1,0.58491
32,22,1554,436,52,121,1,1,0.58491
33,22,1555,436,52,122,1,1,0.56604
34,22,1556,436,53,123,1,1,0.53704
35,22,1556,436,53,123,1,1,0.53704
36,22,1557,436,53,123,1,1,0.51852
37,22,1558,437,53,122,1,1,0.5
38,22,1562,437,52,119,1,1,0.43396
39,22,1566,437,52,117,1,1,0.35849
1,23,473,460,89,249,1,1,0.16667
2,23,473,460,89,249,1,1,0.14444
3,23,474,460,89,249,1,1,0.13333
4,23,475,460,89,249,1,1,0.12222
5,23,475,460,89,249,1,1,0.1
6,23,476,460,89,249,1,1,0.088889
7,23,477,460,89,249,1,1,0.077778
8,23,477,460,89,249,1,1,0.055556
9,23,478,460,89,249,1,1,0.044444
10,23,479,460,89,249,1,1,0.033333
11,23,480,460,89,249,1,1,0.022222
12,23,480,460,89,249,1,1,0.022222
13,23,481,460,89,249,1,1,0.022222
14,23,482,460,89,249,1,1,0.022222
15,23,482,460,89,249,1,1,0.022222
16,23,483,460,89,249,1,1,0.022222
17,23,484,460,89,249,1,1,0.022222
18,23,484,460,89,249,1,1,0.022222
19,23,485,460,89,249,1,1,0.022222
20,23,486,460,89,249,1,1,0.022222
21,23,487,460,89,249,1,1,0.022222
22,23,488,460,89,249,1,1,0.022222
23,23,489,460,89,249,1,1,0.022222
24,23,490,460,89,249,1,1,0.022222
25,23,492,460,89,249,1,1,0.022222
26,23,493,460,89,249,1,1,0.022222
27,23,494,460,89,249,1,1,0.022222
28,23,496,460,89,249,1,1,0.022222
29,23,497,460,89,249,1,1,0.022222
30,23,498,460,89,249,1,1,0.022222
31,23,500,460,89,249,1,1,0.022222
32,23,500,459,88,250,1,1,0.011236
33,23,500,459,88,251,1,1,0
34,23,500,459,88,252,1,1,0
35,23,500,458,88,253,1,1,0
36,23,500,458,88,254,1,1,0
37,23,500,458,88,255,1,1,0
38,23,500,457,88,256,1,1,0
39,23,500,457,88,257,1,1,0
40,23,500,457,88,258,1,1,0
41,23,500,457,88,259,1,1,0
42,23,500,456,88,260,1,1,0
43,23,500,456,88,261,1,1,0
44,23,500,456,88,262,1,1,0
45,23,500,455,88,263,1,1,0
46,23,500,455,88,264,1,1,0
47,23,500,455,88,265,1,1,0
48,23,500,454,88,266,1,1,0
49,23,500,454,88,267,1,1,0
50,23,500,454,88,268,1,1,0
51,23,500,454,88,269,1,1,0
52,23,500,453,88,270,1,1,0
53,23,500,453,88,271,1,1,0
54,23,500,453,88,272,1,1,0
55,23,500,452,88,273,1,1,0
56,23,500,452,88,274,1,1,0
57,23,500,452,88,275,1,1,0
58,23,500,452,88,276,1,1,0
59,23,500,452,88,276,1,1,0
60,23,500,452,88,277,1,1,0
61,23,500,452,88,278,1,1,0
62,23,500,452,88,278,1,1,0
63,23,500,452,88,279,1,1,0
64,23,500,452,88,280,1,1,0
65,23,500,452,88,280,1,1,0
66,23,500,452,88,281,1,1,0
67,23,500,452,88,282,1,1,0
68,23,500,452,88,282,1,1,0
69,23,500,452,88,283,1,1,0.011236
70,23,500,453,88,283,1,1,0.044944
71,23,501,453,88,282,1,1,0.067416
72,23,503,453,88,282,1,1,0.078652
73,23,504,453,89,282,1,1,0.1
74,23,506,453,89,282,1,1,0.11111
75,23,508,452,89,282,1,1,0.12222
76,23,510,451,90,283,1,1,0.14286
77,23,512,450,91,284,1,1,0.15217
78,23,514,450,92,284,1,1,0.16129
79,23,516,450,93,283,1,1,0.17021
80,23,518,450,94,283,1,1,0.17895
81,23,520,451,95,282,1,1,0.19792
82,23,520,450,95,284,1,1,0.20833
83,23,520,450,95,286,1,1,0.21875
84,23,520,449,95,289,1,1,0.22917
85,23,520,449,95,291,1,1,0.23958
86,23,521,449,94,293,1,1,0.24211
87,23,521,449,94,293,1,1,0.25263
88,23,521,449,94,294,1,1,0.26316
89,23,521,449,94,295,1,1,0.27368
90,23,521,449,94,296,1,1,0.28421
91,23,521,448,94,297,1,1,0.30526
92,23,521,448,94,298,1,1,0.30526
93,23,522,448,94,298,1,1,0.29474
94,23,522,448,94,299,1,1,0.29474
95,23,523,448,94,300,1,1,0.28421
96,23,523,448,94,300,1,1,0.28421
97,23,523,448,94,300,1,1,0.28421
98,23,523,449,94,299,1,1,0.28421
99,23,523,449,94,299,1,1,0.28421
100,23,524,450,94,298,1,1,0.27368
101,23,525,450,94,299,1,1,0.26316
102,23,526,450,95,300,1,1,0.25
103,23,528,450,94,301,1,1,0.23158
104,23,529,450,95,302,1,1,0.22917
105,23,530,450,95,303,1,1,0.21875
106,23,532,450,95,304,1,1,0.20833
107,23,533,450,95,305,1,1,0.19792
108,23,534,450,96,306,1,1,0.18557
109,23,536,450,96,308,1,1,0.17526
110,23,537,450,97,308,1,1,0.16327
111,23,539,450,97,308,1,1,0.15306
112,23,540,450,98,308,1,1,0.14141
113,23,542,451,98,307,1,1,0.13131
114,23,543,450,100,308,1,1,0.12871
115,23,545,450,102,308,1,1,0.1068
116,23,547,449,103,309,1,1,0.096154
117,23,549,449,105,309,1,1,0.084906
118,23,551,448,107,310,1,1,0.064815
119,23,553,448,108,310,1,1,0.055046
120,23,555,447,110,311,1,1,0.045045
121,23,557,447,112,311,1,1,0.035398
122,23,559,447,112,315,1,1,0.026549
123,23,561,447,112,320,1,1,0.026549
124,23,563,447,112,325,1,1,0.017699
125,23,564,447,112,326,1,1,0.026549
126,23,566,447,112,327,1,1,0.017699
127,23,568,447,112,329,1,1,0.017699
128,23,570,447,111,330,1,1,0.0089286
129,23,572,447,111,332,1,1,0.0089286
130,23,574,447,111,333,1,1,0
131,23,576,447,111,335,1,1,0
132,23,576,447,111,335,1,1,0
133,23,576,447,111,336,1,1,0
134,23,576,447,111,337,1,1,0
135,23,576,447,111,338,1,1,0
136,23,577,447,111,339,1,1,0
137,23,577,447,111,339,1,1,0
138,23,577,447,111,340,1,1,0
139,23,577,447,111,341,1,1,0
140,23,577,447,111,342,1,1,0
141,23,578,447,111,343,1,1,0
142,23,580,447,114,342,1,1,0
143,23,582,447,118,342,1,1,0
144,23,584,447,122,342,1,1,0
145,23,587,447,125,342,1,1,0.0079365
146,23,589,447,124,342,1,1,0.032
147,23,591,447,124,342,1,1,0.064
148,23,593,447,124,342,1,1,0.096
149,23,595,447,123,342,1,1,0.12097
150,23,597,447,123,342,1,1,0.15323
151,23,600,448,122,342,1,1,0.18699
152,23,602,448,122,342,1,1,0.21138
153,23,604,448,122,343,1,1,0.22764
154,23,607,448,121,344,1,1,0.2459
155,23,609,448,122,345,1,1,0.26829
156,23,612,448,121,346,1,1,0.28689
157,23,614,448,121,346,1,1,0.30328
158,23,616,448,122,347,1,1,0.3252
159,23,619,448,121,348,1,1,0.34426
160,23,621,448,121,349,1,1,0.36066
161,23,624,448,121,350,1,1,0.38525
162,23,626,447,120,352,1,1,0.34711
163,23,628,447,119,353,1,1,0.30833
164,23,630,447,119,354,1,1,0.275
165,23,633,447,117,355,1,1,0.22881
166,23,635,447,117,356,1,1,0.19492
167,23,637,447,116,358,1,1,0.15385
168,23,639,447,116,359,1,1,0.11111
169,23,642,447,114,360,1,1,0.069565
170,23,644,447,114,361,1,1,0.034783
171,23,646,447,113,362,1,1,0
172,23,649,447,112,364,1,1,0
173,23,649,447,113,363,1,1,0
174,23,649,447,115,362,1,1,0
175,23,649,447,117,362,1,1,0
176,23,649,447,119,361,1,1,0
177,23,649,447,121,361,1,1,0.0081967
178,23,649,447,123,360,1,1,0.016129
179,23,649,447,125,360,1,1,0.015873
180,23,649,447,127,359,1,1,0.023438
181,23,649,447,129,359,1,1,0.023077
182,23,651,446,129,360,1,1,0.030769
183,23,654,445,129,362,1,1,0.038462
184,23,656,444,129,364,1,1,0.038462
185,23,659,443,129,365,1,1,0.046154
186,23,662,443,128,366,1,1,0.046512
187,23,664,442,129,368,1,1,0.061538
188,23,667,441,128,369,1,1,0.062016
189,23,669,440,129,371,1,1,0.069231
190,23,672,439,128,373,1,1,0.069767
191,23,675,439,128,374,1,1,0.077519
192,23,677,441,128,374,1,1,0.069767
193,23,679,443,128,374,1,1,0.054264
194,23,681,445,128,374,1,1,0.03876
195,23,683,447,128,374,1,1,0.023256
196,23,686,449,128,374,1,1,0.015504
197,23,688,451,128,374,1,1,0.0077519
198,23,690,453,128,374,1,1,0
199,23,692,455,128,374,1,1,0
200,23,694,457,128,374,1,1,0
201,23,697,459,128,374,1,1,0
202,23,699,458,128,375,1,1,0
203,23,701,458,128,375,1,1,0
204,23,704,458,128,375,1,1,0
205,23,706,458,128,375,1,1,0
206,23,709,457,128,376,1,1,0
207,23,711,457,128,376,1,1,0
208,23,714,457,128,376,1,1,0
209,23,716,457,128,376,1,1,0
210,23,719,457,128,376,1,1,0
211,23,720,456,128,376,1,1,0
212,23,721,455,128,377,1,1,0
213,23,723,455,128,377,1,1,0
214,23,724,454,128,377,1,1,0
215,23,726,454,128,377,1,1,0
216,23,727,453,128,378,1,1,0
217,23,729,453,128,378,1,1,0
218,23,730,453,128,377,1,1,0
219,23,731,454,129,376,1,1,0
220,23,732,455,129,375,1,1,0
221,23,734,456,129,374,1,1,0
222,23,735,454,129,379,1,1,0
223,23,736,452,129,385,1,1,0
224,23,738,450,128,390,1,1,0
225,23,739,448,128,396,1,1,0
226,23,741,446,128,402,1,1,0
227,23,742,444,128,407,1,1,0.015504
228,23,743,442,128,413,1,1,0.031008
229,23,745,440,127,418,1,1,0.046875
230,23,746,438,127,424,1,1,0.0625
231,23,748,436,127,430,1,1,0.078125
232,23,749,436,130,431,1,1,0.1145
233,23,750,436,133,432,1,1,0.14925
234,23,751,436,136,433,1,1,0.18248
235,23,753,436,138,434,1,1,0.21583
236,23,754,436,142,435,1,1,0.24476
237,23,755,436,145,436,1,1,0.27397
238,23,757,436,147,437,1,1,0.30405
239,23,758,436,150,438,1,1,0.33113
240,23,759,436,153,439,1,1,0.35714
241,23,761,437,156,440,1,1,0.38217
242,23,764,436,154,441,1,1,0.42581
243,23,767,436,152,441,1,1,0.47059
244,23,770,436,150,441,1,1,0.51656
245,23,773,435,149,443,1,1,0.56667
246,23,777,435,146,443,1,1,0.61224
247,23,780,435,144,443,1,1,0.66207
248,23,783,434,143,445,1,1,0.71528
249,23,786,434,141,445,1,1,0.76761
250,23,789,434,139,445,1,1,0.82143
251,23,793,434,137,446,1,1,0.87681
252,23,795,434,136,449,1,1,0.89051
253,23,797,434,136,452,1,1,0.89781
254,23,800,434,134,455,1,1,0.91111
255,23,802,434,134,459,1,1,0.91852
256,23,804,434,133,462,1,1,0.93284
257,23,807,434,132,465,1,1,0.93985
258,23,809,434,132,468,1,1,0.94737
259,23,811,434,131,472,1,1,0.96212
260,23,814,434,130,475,1,1,0.96947
261,23,816,434,129,478,1,1,0.99231
262,23,818,434,129,481,1,1,0.98462
263,23,821,435,128,484,1,1,0.97674
264,23,821,434,128,485,1,1,0.9845
265,23,821,434,129,485,1,1,0.98462
266,23,821,433,130,487,1,1,0.98473
267,23,821,433,131,487,1,1,0.98485
268,23,821,432,132,488,1,1,0.98496
269,23,821,432,133,489,1,1,0.98507
270,23,821,431,134,490,1,1,0.98519
271,23,821,431,135,491,1,1,0.98529
272,23,821,430,137,492,1,1,0.98551
273,23,822,430,138,492,1,1,0.99281
274,23,823,430,140,492,1,1,0.99291
275,23,823,430,142,492,1,1,1
276,23,824,430,144,492,1,1,1
277,23,825,429,145,493,1,1,1
278,23,825,429,147,493,1,1,1
279,23,826,429,149,493,1,1,1
280,23,827,429,150,493,1,1,1
281,23,828,429,152,493,1,1,1
282,23,830,429,155,492,1,1,0.99359
283,23,833,429,158,492,1,1,0.96855
284,23,836,429,161,492,1,1,0.94444
285,23,838,429,164,491,1,1,0.92121
286,23,841,429,167,491,1,1,0.89881
287,23,844,429,170,491,1,1,0.87719
288,23,847,430,173,490,1,1,0.85057
289,23,849,430,171,491,1,1,0.86047
290,23,852,430,169,492,1,1,0.86471
291,23,855,431,167,492,1,1,0.86905
292,23,855,430,168,493,1,1,0.86391
293,23,855,429,169,495,1,1,0.86471
294,23,856,428,170,497,1,1,0.85965
295,23,859,427,168,499,1,1,0.85799
296,23,862,426,166,502,1,1,0.85629
297,23,865,425,164,504,1,1,0.85455
298,23,868,424,162,507,1,1,0.85276
299,23,875,423,155,509,1,1,0.85256
300,23,882,422,149,512,1,1,0.84667
301,23,889,421,143,515,1,1,0.84028
1,24,835,473,52,75,0,7,1
2,24,835,473,52,75,0,7,1
3,24,835,473,52,75,0,7,1
4,24,835,473,52,75,0,7,1
5,24,835,473,52,75,0,7,1
6,24,835,473,52,75,0,7,1
7,24,835,473,52,75,0,7,1
8,24,835,473,52,75,0,7,1
9,24,835,473,52,75,0,7,1
10,24,835,473,52,75,0,7,1
11,24,835,473,52,75,0,7,1
12,24,835,473,52,75,0,7,1
13,24,835,473,52,75,0,7,1
14,24,835,473,52,75,0,7,1
15,24,835,473,52,75,0,7,1
16,24,835,473,52,75,0,7,1
17,24,835,473,52,75,0,7,1
18,24,835,473,52,75,0,7,1
19,24,835,473,52,75,0,7,1
20,24,835,473,52,75,0,7,1
21,24,835,473,52,75,0,7,1
22,24,835,473,52,75,0,7,1
23,24,835,473,52,75,0,7,1
24,24,835,473,52,75,0,7,1
25,24,835,473,52,75,0,7,1
26,24,835,473,52,75,0,7,1
27,24,835,473,52,75,0,7,1
28,24,835,473,52,75,0,7,1
29,24,835,473,52,75,0,7,1
30,24,835,473,52,75,0,7,1
31,24,835,473,52,75,0,7,1
32,24,835,473,52,75,0,7,1
33,24,835,473,52,75,0,7,1
34,24,835,473,52,75,0,7,1
35,24,835,473,52,75,0,7,1
36,24,835,473,52,75,0,7,1
37,24,835,473,52,75,0,7,1
38,24,835,473,52,75,0,7,1
39,24,835,473,52,75,0,7,1
40,24,835,473,52,75,0,7,1
41,24,835,473,52,75,0,7,1
42,24,835,473,52,75,0,7,1
43,24,835,473,52,75,0,7,1
44,24,835,473,52,75,0,7,1
45,24,835,473,52,75,0,7,1
46,24,835,473,52,75,0,7,1
47,24,835,473,52,75,0,7,1
48,24,835,473,52,75,0,7,1
49,24,835,473,52,75,0,7,1
50,24,835,473,52,75,0,7,1
51,24,835,473,52,75,0,7,1
52,24,835,473,52,75,0,7,1
53,24,835,473,52,75,0,7,1
54,24,835,473,52,75,0,7,1
55,24,835,473,52,75,0,7,1
56,24,835,473,52,75,0,7,1
57,24,835,473,52,75,0,7,1
58,24,835,473,52,75,0,7,1
59,24,835,473,52,75,0,7,1
60,24,835,473,52,75,0,7,1
61,24,835,473,52,75,0,7,1
62,24,835,473,52,75,0,7,1
63,24,835,473,52,75,0,7,1
64,24,835,473,52,75,0,7,1
65,24,835,473,52,75,0,7,1
66,24,835,473,52,75,0,7,1
67,24,835,473,52,75,0,7,1
68,24,835,473,52,75,0,7,1
69,24,835,473,52,75,0,7,1
70,24,835,473,52,75,0,7,1
71,24,835,473,52,75,0,7,1
72,24,835,473,52,75,0,7,1
73,24,835,473,52,75,0,7,1
74,24,835,473,52,75,0,7,1
75,24,835,473,52,75,0,7,1
76,24,835,473,52,75,0,7,1
77,24,835,473,52,75,0,7,1
78,24,835,473,52,75,0,7,1
79,24,835,473,52,75,0,7,1
80,24,835,473,52,75,0,7,1
81,24,835,473,52,75,0,7,1
82,24,835,473,52,75,0,7,1
83,24,835,473,52,75,0,7,1
84,24,835,473,52,75,0,7,1
85,24,835,473,52,75,0,7,1
86,24,835,473,52,75,0,7,1
87,24,835,473,52,75,0,7,1
88,24,835,473,52,75,0,7,1
89,24,835,473,52,75,0,7,1
90,24,835,473,52,75,0,7,1
91,24,835,473,52,75,0,7,1
92,24,835,473,52,75,0,7,1
93,24,835,473,52,75,0,7,1
94,24,835,473,52,75,0,7,1
95,24,835,473,52,75,0,7,1
96,24,835,473,52,75,0,7,1
97,24,835,473,52,75,0,7,1
98,24,835,473,52,75,0,7,1
99,24,835,473,52,75,0,7,1
100,24,835,473,52,75,0,7,1
101,24,835,473,52,75,0,7,1
102,24,835,473,52,75,0,7,0.96226
103,24,835,473,52,75,0,7,0.9434
104,24,835,473,52,75,0,7,0.92453
105,24,835,473,52,75,0,7,0.90566
106,24,835,473,52,75,0,7,0.88679
107,24,835,473,52,75,0,7,0.86792
108,24,835,473,52,75,0,7,0.86792
109,24,835,473,52,75,0,7,0.84906
110,24,835,473,52,75,0,7,0.83019
111,24,835,473,52,75,0,7,0.81132
112,24,835,473,52,75,0,7,0.79245
113,24,835,473,52,75,0,7,0.71698
114,24,835,473,52,75,0,7,0.62264
115,24,835,473,52,75,0,7,0.5283
116,24,835,473,52,75,0,7,0.4717
117,24,835,473,52,75,0,7,0.41509
118,24,835,473,52,75,0,7,0.35849
119,24,835,473,52,75,0,7,0.30189
120,24,835,473,52,75,0,7,0.24528
121,24,835,473,52,75,0,7,0.18868
122,24,835,473,52,75,0,7,0.11321
123,24,835,473,52,75,0,7,0.037736
124,24,835,473,52,75,0,7,0
125,24,835,473,52,75,0,7,0
126,24,835,473,52,75,0,7,0
127,24,835,473,52,75,0,7,0
128,24,835,473,52,75,0,7,0
129,24,835,473,52,75,0,7,0
130,24,835,473,52,75,0,7,0
131,24,835,473,52,75,0,7,0
132,24,835,473,52,75,0,7,0
133,24,835,473,52,75,0,7,0
134,24,835,473,52,75,0,7,0
135,24,835,473,52,75,0,7,0
136,24,835,473,52,75,0,7,0
137,24,835,473,52,75,0,7,0
138,24,835,473,52,75,0,7,0
139,24,835,473,52,75,0,7,0
140,24,835,473,52,75,0,7,0
141,24,835,473,52,75,0,7,0
142,24,835,473,52,75,0,7,0
143,24,835,473,52,75,0,7,0
144,24,835,473,52,75,0,7,0
145,24,835,473,52,75,0,7,0
146,24,835,473,52,75,0,7,0
147,24,835,473,52,75,0,7,0
148,24,835,473,52,75,0,7,0
149,24,835,473,52,75,0,7,0
150,24,835,473,52,75,0,7,0
151,24,835,473,52,75,0,7,0
152,24,835,473,52,75,0,7,0
153,24,835,473,52,75,0,7,0
154,24,835,473,52,75,0,7,0
155,24,835,473,52,75,0,7,0
156,24,835,473,52,75,0,7,0
157,24,835,473,52,75,0,7,0
158,24,835,473,52,75,0,7,0
159,24,835,473,52,75,0,7,0
160,24,835,473,52,75,0,7,0
161,24,835,473,52,75,0,7,0
162,24,835,473,52,75,0,7,0
163,24,835,473,52,75,0,7,0
164,24,835,473,52,75,0,7,0
165,24,835,473,52,75,0,7,0
166,24,835,473,52,75,0,7,0
167,24,835,473,52,75,0,7,0
168,24,835,473,52,75,0,7,0
169,24,835,473,52,75,0,7,0
170,24,835,473,52,75,0,7,0
171,24,835,473,52,75,0,7,0
172,24,835,473,52,75,0,7,0
173,24,835,473,52,75,0,7,0
174,24,835,473,52,75,0,7,0
175,24,835,473,52,75,0,7,0
176,24,835,473,52,75,0,7,0
177,24,835,473,52,75,0,7,0
178,24,835,473,52,75,0,7,0.037736
179,24,835,473,52,75,0,7,0.056604
180,24,835,473,52,75,0,7,0.056604
181,24,835,473,52,75,0,7,0.018868
182,24,835,473,52,75,0,7,0
183,24,835,473,52,75,0,7,0
184,24,835,473,52,75,0,7,0
185,24,835,473,52,75,0,7,0
186,24,835,473,52,75,0,7,0
187,24,835,473,52,75,0,7,0
188,24,835,473,52,75,0,7,0
189,24,835,473,52,75,0,7,0
190,24,835,473,52,75,0,7,0
191,24,835,473,52,75,0,7,0
192,24,835,473,52,75,0,7,0
193,24,835,473,52,75,0,7,0
194,24,835,473,52,75,0,7,0
195,24,835,473,52,75,0,7,0
196,24,835,473,52,75,0,7,0
197,24,835,473,52,75,0,7,0
198,24,835,473,52,75,0,7,0
199,24,835,473,52,75,0,7,0
200,24,835,473,52,75,0,7,0
201,24,835,473,52,75,0,7,0
202,24,835,473,52,75,0,7,0
203,24,835,473,52,75,0,7,0
204,24,835,473,52,75,0,7,0
205,24,835,473,52,75,0,7,0
206,24,835,473,52,75,0,7,0
207,24,835,473,52,75,0,7,0
208,24,835,473,52,75,0,7,0
209,24,835,473,52,75,0,7,0
210,24,835,473,52,75,0,7,0
211,24,835,473,52,75,0,7,0
212,24,835,473,52,75,0,7,0
213,24,835,473,52,75,0,7,0
214,24,835,473,52,75,0,7,0
215,24,835,473,52,75,0,7,0
216,24,835,473,52,75,0,7,0
217,24,835,473,52,75,0,7,0
218,24,835,473,52,75,0,7,0
219,24,835,473,52,75,0,7,0
220,24,835,473,52,75,0,7,0
221,24,835,473,52,75,0,7,0
222,24,835,473,52,75,0,7,0
223,24,835,473,52,75,0,7,0
224,24,835,473,52,75,0,7,0
225,24,835,473,52,75,0,7,0
226,24,835,473,52,75,0,7,0
227,24,835,473,52,75,0,7,0
228,24,835,473,52,75,0,7,0
229,24,835,473,52,75,0,7,0
230,24,835,473,52,75,0,7,0
231,24,835,473,52,75,0,7,0
232,24,835,473,52,75,0,7,0
233,24,835,473,52,75,0,7,0
234,24,835,473,52,75,0,7,0
235,24,835,473,52,75,0,7,0
236,24,835,473,52,75,0,7,0
237,24,835,473,52,75,0,7,0
238,24,835,473,52,75,0,7,0
239,24,835,473,52,75,0,7,0
240,24,835,473,52,75,0,7,0
241,24,835,473,52,75,0,7,0
242,24,835,473,52,75,0,7,0
243,24,835,473,52,75,0,7,0
244,24,835,473,52,75,0,7,0
245,24,835,473,52,75,0,7,0
246,24,835,473,52,75,0,7,0
247,24,835,473,52,75,0,7,0
248,24,835,473,52,75,0,7,0
249,24,835,473,52,75,0,7,0
250,24,835,473,52,75,0,7,0
251,24,835,473,52,75,0,7,0
252,24,835,473,52,75,0,7,0
253,24,835,473,52,75,0,7,0
254,24,835,473,52,75,0,7,0
255,24,835,473,52,75,0,7,0
256,24,835,473,52,75,0,7,0
257,24,835,473,52,75,0,7,0
258,24,835,473,52,75,0,7,0
259,24,835,473,52,75,0,7,0
260,24,835,473,52,75,0,7,0
261,24,835,473,52,75,0,7,0
262,24,835,473,52,75,0,7,0
263,24,835,473,52,75,0,7,0
264,24,835,473,52,75,0,7,0
265,24,835,473,52,75,0,7,0
266,24,835,473,52,75,0,7,0
267,24,835,473,52,75,0,7,0
268,24,835,473,52,75,0,7,0
269,24,835,473,52,75,0,7,0
270,24,835,473,52,75,0,7,0
271,24,835,473,52,75,0,7,0
272,24,835,473,52,75,0,7,0
273,24,835,473,52,75,0,7,0
274,24,835,473,52,75,0,7,0
275,24,835,473,52,75,0,7,0
276,24,835,473,52,75,0,7,0
277,24,835,473,52,75,0,7,0
278,24,835,473,52,75,0,7,0
279,24,835,473,52,75,0,7,0
280,24,835,473,52,75,0,7,0
281,24,835,473,52,75,0,7,0
282,24,835,473,52,75,0,7,0
283,24,835,473,52,75,0,7,0
284,24,835,473,52,75,0,7,0.018868
285,24,835,473,52,75,0,7,0.056604
286,24,835,473,52,75,0,7,0.11321
287,24,835,473,52,75,0,7,0.16981
288,24,835,473,52,75,0,7,0.22642
289,24,835,473,52,75,0,7,0.26415
290,24,835,473,52,75,0,7,0.32075
291,24,835,473,52,75,0,7,0.37736
292,24,835,473,52,75,0,7,0.37736
293,24,835,473,52,75,0,7,0.37736
294,24,835,473,52,75,0,7,0.39623
295,24,835,473,52,75,0,7,0.45283
296,24,835,473,52,75,0,7,0.50943
297,24,835,473,52,75,0,7,0.56604
298,24,835,473,52,75,0,7,0.62264
299,24,835,473,52,75,0,7,0.75472
300,24,835,473,52,75,0,7,0.88679
301,24,835,473,52,75,0,7,0.92453
1,25,796,476,55,60,0,7,0.69643
2,25,796,476,55,60,0,7,0.69643
3,25,796,476,55,60,0,7,0.69643
4,25,796,476,55,60,0,7,0.69643
5,25,796,476,55,60,0,7,0.69643
6,25,796,476,55,60,0,7,0.69643
7,25,796,476,55,60,0,7,0.69643
8,25,796,476,55,60,0,7,0.69643
9,25,796,476,55,60,0,7,0.69643
10,25,796,476,55,60,0,7,0.69643
11,25,796,476,55,60,0,7,0.69643
12,25,796,476,55,60,0,7,0.69643
13,25,796,476,55,60,0,7,0.69643
14,25,796,476,55,60,0,7,0.69643
15,25,796,476,55,60,0,7,0.69643
16,25,796,476,55,60,0,7,0.69643
17,25,796,476,55,60,0,7,0.69643
18,25,796,476,55,60,0,7,0.69643
19,25,796,476,55,60,0,7,0.69643
20,25,796,476,55,60,0,7,0.69643
21,25,796,476,55,60,0,7,0.69643
22,25,796,476,55,60,0,7,0.69643
23,25,796,476,55,60,0,7,0.69643
24,25,796,476,55,60,0,7,0.69643
25,25,796,476,55,60,0,7,0.69643
26,25,796,476,55,60,0,7,0.69643
27,25,796,476,55,60,0,7,0.69643
28,25,796,476,55,60,0,7,0.69643
29,25,796,476,55,60,0,7,0.69643
30,25,796,476,55,60,0,7,0.69643
31,25,796,476,55,60,0,7,0.69643
32,25,796,476,55,60,0,7,0.69643
33,25,796,476,55,60,0,7,0.69643
34,25,796,476,55,60,0,7,0.69643
35,25,796,476,55,60,0,7,0.69643
36,25,796,476,55,60,0,7,0.69643
37,25,796,476,55,60,0,7,0.69643
38,25,796,476,55,60,0,7,0.69643
39,25,796,476,55,60,0,7,0.69643
40,25,796,476,55,60,0,7,0.69643
41,25,796,476,55,60,0,7,0.69643
42,25,796,476,55,60,0,7,0.69643
43,25,796,476,55,60,0,7,0.69643
44,25,796,476,55,60,0,7,0.69643
45,25,796,476,55,60,0,7,0.69643
46,25,796,476,55,60,0,7,0.69643
47,25,796,476,55,60,0,7,0.69643
48,25,796,476,55,60,0,7,0.69643
49,25,796,476,55,60,0,7,0.69643
50,25,796,476,55,60,0,7,0.69643
51,25,796,476,55,60,0,7,0.69643
52,25,796,476,55,60,0,7,0.69643
53,25,796,476,55,60,0,7,0.69643
54,25,796,476,55,60,0,7,0.69643
55,25,796,476,55,60,0,7,0.69643
56,25,796,476,55,60,0,7,0.69643
57,25,796,476,55,60,0,7,0.69643
58,25,796,476,55,60,0,7,0.69643
59,25,796,476,55,60,0,7,0.69643
60,25,796,476,55,60,0,7,0.69643
61,25,796,476,55,60,0,7,0.69643
62,25,796,476,55,60,0,7,0.69643
63,25,796,476,55,60,0,7,0.69643
64,25,796,476,55,60,0,7,0.69643
65,25,796,476,55,60,0,7,0.69643
66,25,796,476,55,60,0,7,0.69643
67,25,796,476,55,60,0,7,0.69643
68,25,796,476,55,60,0,7,0.6856
69,25,796,476,55,60,0,7,0.67857
70,25,796,476,55,60,0,7,0.66774
71,25,796,476,55,60,0,7,0.64988
72,25,796,476,55,60,0,7,0.64988
73,25,796,476,55,60,0,7,0.63203
74,25,796,476,55,60,0,7,0.61417
75,25,796,476,55,60,0,7,0.60334
76,25,796,476,55,60,0,7,0.58607
77,25,796,476,55,60,0,7,0.56821
78,25,796,476,55,60,0,7,0.55767
79,25,796,476,55,60,0,7,0.53981
80,25,796,476,55,60,0,7,0.52196
81,25,796,476,55,60,0,7,0.48214
82,25,796,476,55,60,0,7,0.46429
83,25,796,476,55,60,0,7,0.44643
84,25,796,476,55,60,0,7,0.41071
85,25,796,476,55,60,0,7,0.39286
86,25,796,476,55,60,0,7,0.35714
87,25,796,476,55,60,0,7,0.375
88,25,796,476,55,60,0,7,0.375
89,25,796,476,55,60,0,7,0.375
90,25,796,476,55,60,0,7,0.375
91,25,796,476,55,60,0,7,0.375
92,25,796,476,55,60,0,7,0.33929
93,25,796,476,55,60,0,7,0.30357
94,25,796,476,55,60,0,7,0.25
95,25,796,476,55,60,0,7,0.21429
96,25,796,476,55,60,0,7,0.17857
97,25,796,476,55,60,0,7,0.125
98,25,796,476,55,60,0,7,0.10714
99,25,796,476,55,60,0,7,0.071429
100,25,796,476,55,60,0,7,0.035714
101,25,796,476,55,60,0,7,0
102,25,796,476,55,60,0,7,0
103,25,796,476,55,60,0,7,0
104,25,796,476,55,60,0,7,0
105,25,796,476,55,60,0,7,0
106,25,796,476,55,60,0,7,0
107,25,796,476,55,60,0,7,0
108,25,796,476,55,60,0,7,0
109,25,796,476,55,60,0,7,0
110,25,796,476,55,60,0,7,0
111,25,796,476,55,60,0,7,0
112,25,796,476,55,60,0,7,0
113,25,796,476,55,60,0,7,0
114,25,796,476,55,60,0,7,0
115,25,796,476,55,60,0,7,0
116,25,796,476,55,60,0,7,0
117,25,796,476,55,60,0,7,0
118,25,796,476,55,60,0,7,0
119,25,796,476,55,60,0,7,0
120,25,796,476,55,60,0,7,0
121,25,796,476,55,60,0,7,0
122,25,796,476,55,60,0,7,0
123,25,796,476,55,60,0,7,0
124,25,796,476,55,60,0,7,0
125,25,796,476,55,60,0,7,0
126,25,796,476,55,60,0,7,0
127,25,796,476,55,60,0,7,0
128,25,796,476,55,60,0,7,0
129,25,796,476,55,60,0,7,0
130,25,796,476,55,60,0,7,0
131,25,796,476,55,60,0,7,0
132,25,796,476,55,60,0,7,0
133,25,796,476,55,60,0,7,0
134,25,796,476,55,60,0,7,0
135,25,796,476,55,60,0,7,0
136,25,796,476,55,60,0,7,0
137,25,796,476,55,60,0,7,0.017857
138,25,796,476,55,60,0,7,0.035714
139,25,796,476,55,60,0,7,0.23214
140,25,796,476,55,60,0,7,0.16071
141,25,796,476,55,60,0,7,0.089286
142,25,796,476,55,60,0,7,0
143,25,796,476,55,60,0,7,0
144,25,796,476,55,60,0,7,0
145,25,796,476,55,60,0,7,0
146,25,796,476,55,60,0,7,0
147,25,796,476,55,60,0,7,0
148,25,796,476,55,60,0,7,0
149,25,796,476,55,60,0,7,0
150,25,796,476,55,60,0,7,0
151,25,796,476,55,60,0,7,0
152,25,796,476,55,60,0,7,0
153,25,796,476,55,60,0,7,0
154,25,796,476,55,60,0,7,0
155,25,796,476,55,60,0,7,0
156,25,796,476,55,60,0,7,0
157,25,796,476,55,60,0,7,0
158,25,796,476,55,60,0,7,0
159,25,796,476,55,60,0,7,0
160,25,796,476,55,60,0,7,0
161,25,796,476,55,60,0,7,0
162,25,796,476,55,60,0,7,0
163,25,796,476,55,60,0,7,0
164,25,796,476,55,60,0,7,0
165,25,796,476,55,60,0,7,0
166,25,796,476,55,60,0,7,0
167,25,796,476,55,60,0,7,0
168,25,796,476,55,60,0,7,0
169,25,796,476,55,60,0,7,0
170,25,796,476,55,60,0,7,0
171,25,796,476,55,60,0,7,0
172,25,796,476,55,60,0,7,0
173,25,796,476,55,60,0,7,0
174,25,796,476,55,60,0,7,0
175,25,796,476,55,60,0,7,0
176,25,796,476,55,60,0,7,0
177,25,796,476,55,60,0,7,0
178,25,796,476,55,60,0,7,0
179,25,796,476,55,60,0,7,0
180,25,796,476,55,60,0,7,0
181,25,796,476,55,60,0,7,0
182,25,796,476,55,60,0,7,0
183,25,796,476,55,60,0,7,0
184,25,796,476,55,60,0,7,0
185,25,796,476,55,60,0,7,0
186,25,796,476,55,60,0,7,0
187,25,796,476,55,60,0,7,0
188,25,796,476,55,60,0,7,0
189,25,796,476,55,60,0,7,0
190,25,796,476,55,60,0,7,0
191,25,796,476,55,60,0,7,0
192,25,796,476,55,60,0,7,0
193,25,796,476,55,60,0,7,0
194,25,796,476,55,60,0,7,0
195,25,796,476,55,60,0,7,0
196,25,796,476,55,60,0,7,0
197,25,796,476,55,60,0,7,0
198,25,796,476,55,60,0,7,0
199,25,796,476,55,60,0,7,0
200,25,796,476,55,60,0,7,0
201,25,796,476,55,60,0,7,0
202,25,796,476,55,60,0,7,0
203,25,796,476,55,60,0,7,0
204,25,796,476,55,60,0,7,0
205,25,796,476,55,60,0,7,0
206,25,796,476,55,60,0,7,0
207,25,796,476,55,60,0,7,0
208,25,796,476,55,60,0,7,0
209,25,796,476,55,60,0,7,0
210,25,796,476,55,60,0,7,0
211,25,796,476,55,60,0,7,0
212,25,796,476,55,60,0,7,0
213,25,796,476,55,60,0,7,0
214,25,796,476,55,60,0,7,0
215,25,796,476,55,60,0,7,0
216,25,796,476,55,60,0,7,0
217,25,796,476,55,60,0,7,0
218,25,796,476,55,60,0,7,0
219,25,796,476,55,60,0,7,0
220,25,796,476,55,60,0,7,0
221,25,796,476,55,60,0,7,0
222,25,796,476,55,60,0,7,0
223,25,796,476,55,60,0,7,0
224,25,796,476,55,60,0,7,0
225,25,796,476,55,60,0,7,0
226,25,796,476,55,60,0,7,0
227,25,796,476,55,60,0,7,0
228,25,796,476,55,60,0,7,0
229,25,796,476,55,60,0,7,0
230,25,796,476,55,60,0,7,0
231,25,796,476,55,60,0,7,0
232,25,796,476,55,60,0,7,0
233,25,796,476,55,60,0,7,0
234,25,796,476,55,60,0,7,0
235,25,796,476,55,60,0,7,0
236,25,796,476,55,60,0,7,0
237,25,796,476,55,60,0,7,0
238,25,796,476,55,60,0,7,0
239,25,796,476,55,60,0,7,0
240,25,796,476,55,60,0,7,0
241,25,796,476,55,60,0,7,0
242,25,796,476,55,60,0,7,0
243,25,796,476,55,60,0,7,0
244,25,796,476,55,60,0,7,0
245,25,796,476,55,60,0,7,0
246,25,796,476,55,60,0,7,0
247,25,796,476,55,60,0,7,0
248,25,796,476,55,60,0,7,0
249,25,796,476,55,60,0,7,0
250,25,796,476,55,60,0,7,0
251,25,796,476,55,60,0,7,0
252,25,796,476,55,60,0,7,0
253,25,796,476,55,60,0,7,0.017857
254,25,796,476,55,60,0,7,0.071429
255,25,796,476,55,60,0,7,0.10714
256,25,796,476,55,60,0,7,0.14286
257,25,796,476,55,60,0,7,0.19643
258,25,796,476,55,60,0,7,0.23214
259,25,796,476,55,60,0,7,0.26786
260,25,796,476,55,60,0,7,0.32143
261,25,796,476,55,60,0,7,0.35714
262,25,796,476,55,60,0,7,0.39286
263,25,796,476,55,60,0,7,0.44643
264,25,796,476,55,60,0,7,0.44643
265,25,796,476,55,60,0,7,0.44643
266,25,796,476,55,60,0,7,0.44643
267,25,796,476,55,60,0,7,0.44643
268,25,796,476,55,60,0,7,0.44643
269,25,796,476,55,60,0,7,0.44643
270,25,796,476,55,60,0,7,0.44643
271,25,796,476,55,60,0,7,0.44643
272,25,796,476,55,60,0,7,0.44643
273,25,796,476,55,60,0,7,0.46429
274,25,796,476,55,60,0,7,0.48214
275,25,796,476,55,60,0,7,0.48214
276,25,796,476,55,60,0,7,0.5
277,25,796,476,55,60,0,7,0.51786
278,25,796,476,55,60,0,7,0.51786
279,25,796,476,55,60,0,7,0.53571
280,25,796,476,55,60,0,7,0.46429
281,25,796,476,55,60,0,7,0.33929
282,25,796,476,55,60,0,7,0.39286
283,25,796,476,55,60,0,7,0.44643
284,25,796,476,55,60,0,7,0.5
285,25,796,476,55,60,0,7,0.5
286,25,796,476,55,60,0,7,0.5
287,25,796,476,55,60,0,7,0.5
288,25,796,476,55,60,0,7,0.5
289,25,796,476,55,60,0,7,0.5
290,25,796,476,55,60,0,7,0.48214
291,25,796,476,55,60,0,7,0.44643
292,25,796,476,55,60,0,7,0.41071
293,25,796,476,55,60,0,7,0.375
294,25,796,476,55,60,0,7,0.32143
295,25,796,476,55,60,0,7,0.28571
296,25,796,476,55,60,0,7,0.25
297,25,796,476,55,60,0,7,0.19643
298,25,796,476,55,60,0,7,0.14286
299,25,796,476,55,60,0,7,0.071429
300,25,796,476,55,60,0,7,0
301,25,796,476,55,60,0,7,0
1,26,548,465,35,93,1,1,0.52778
2,26,547,464,35,93,1,1,0.52778
3,26,547,464,35,93,1,1,0.5
4,26,547,464,35,93,1,1,0.47222
5,26,547,464,35,93,1,1,0.47222
6,26,547,464,35,93,1,1,0.44444
7,26,547,464,35,93,1,1,0.41667
8,26,547,464,35,93,1,1,0.41667
9,26,547,464,35,93,1,1,0.38889
10,26,547,464,35,93,1,1,0.36111
11,26,547,464,35,93,1,1,0.33333
12,26,547,464,35,93,1,1,0.30556
13,26,547,464,35,93,1,1,0.27778
14,26,547,464,35,93,1,1,0.25
15,26,547,464,35,93,1,1,0.25
16,26,547,464,35,93,1,1,0.22222
17,26,547,464,35,93,1,1,0.19444
18,26,547,463,35,94,1,1,0.19444
19,26,547,463,35,94,1,1,0.16667
20,26,547,463,35,94,1,1,0.13889
21,26,547,463,35,94,1,1,0.11111
22,26,547,463,35,94,1,1,0.083333
23,26,547,463,35,94,1,1,0.055556
24,26,547,463,35,94,1,1,0.027778
25,26,547,463,35,94,1,1,0
26,26,547,463,35,94,1,1,0
27,26,547,463,35,93,1,1,0
28,26,547,463,35,93,1,1,0
29,26,547,463,35,93,1,1,0
30,26,547,463,35,93,1,1,0
31,26,547,463,35,93,1,1,0
32,26,547,463,35,93,1,1,0
33,26,547,463,35,93,1,1,0
34,26,547,463,35,93,1,1,0
35,26,547,462,35,94,1,1,0
36,26,547,462,35,94,1,1,0
37,26,547,462,35,94,1,1,0
38,26,547,462,35,94,1,1,0
39,26,547,462,35,94,1,1,0
40,26,547,462,35,94,1,1,0
41,26,547,462,35,94,1,1,0
42,26,547,462,35,94,1,1,0
43,26,547,462,35,94,1,1,0
44,26,547,462,35,94,1,1,0
45,26,547,462,35,94,1,1,0
46,26,547,462,35,94,1,1,0
47,26,547,462,35,94,1,1,0
48,26,547,462,35,94,1,1,0
49,26,547,462,35,94,1,1,0
50,26,547,462,35,94,1,1,0
51,26,547,462,35,94,1,1,0
52,26,546,462,35,94,1,1,0
53,26,545,462,35,94,1,1,0
54,26,544,462,35,94,1,1,0
55,26,543,462,35,94,1,1,0
56,26,543,462,35,94,1,1,0
57,26,542,462,35,94,1,1,0
58,26,541,462,35,94,1,1,0
59,26,540,462,35,94,1,1,0
60,26,539,463,35,93,1,1,0
61,26,539,463,35,94,1,1,0
62,26,538,463,35,94,1,1,0
63,26,537,463,35,94,1,1,0
64,26,536,463,35,94,1,1,0
65,26,536,463,35,94,1,1,0
66,26,535,463,35,94,1,1,0
67,26,534,463,35,94,1,1,0
68,26,533,464,35,93,1,1,0
69,26,532,464,35,93,1,1,0
70,26,532,464,35,93,1,1,0
71,26,531,464,35,94,1,1,0
72,26,530,464,35,94,1,1,0
73,26,529,464,35,94,1,1,0
74,26,529,464,35,94,1,1,0
75,26,528,464,35,94,1,1,0
76,26,527,465,35,93,1,1,0
77,26,526,465,35,93,1,1,0
78,26,525,465,35,93,1,1,0
79,26,525,465,35,93,1,1,0
80,26,524,465,35,93,1,1,0
81,26,523,465,35,94,1,1,0
82,26,522,465,35,94,1,1,0
83,26,522,465,35,94,1,1,0
84,26,521,465,35,94,1,1,0
85,26,520,466,35,93,1,1,0
86,26,519,466,35,93,1,1,0
87,26,518,466,35,93,1,1,0
88,26,518,466,35,93,1,1,0
89,26,517,466,35,93,1,1,0
90,26,516,466,35,93,1,1,0
91,26,515,466,35,94,1,1,0
92,26,515,466,35,94,1,1,0
93,26,514,467,35,93,1,1,0
94,26,513,467,35,93,1,1,0
95,26,512,467,35,93,1,1,0
96,26,511,467,35,93,1,1,0
97,26,511,467,35,93,1,1,0
98,26,510,467,35,93,1,1,0
99,26,509,467,35,93,1,1,0
100,26,508,467,35,93,1,1,0
101,26,508,468,35,93,1,1,0.47222
102,26,507,468,35,93,1,1,0.52778
103,26,507,468,35,94,1,1,0.58333
104,26,507,468,34,94,1,1,0.62857
105,26,506,468,35,95,1,1,0.66667
106,26,506,468,34,95,1,1,0.74286
107,26,506,468,34,96,1,1,0.77143
108,26,505,468,34,97,1,1,0.82857
109,26,505,468,34,97,1,1,0.88571
110,26,505,468,33,98,1,1,0.94118
111,26,504,468,34,98,1,1,1
112,26,504,468,33,99,1,1,1
113,26,504,469,33,99,1,1,1
114,26,502,469,33,99,1,1,1
115,26,501,469,33,100,1,1,1
116,26,500,469,33,101,1,1,1
117,26,499,468,33,102,1,1,1
118,26,499,468,33,102,1,1,1
119,26,499,468,33,103,1,1,1
120,26,499,468,33,103,1,1,1
121,26,499,468,33,103,1,1,1
122,26,499,468,33,104,1,1,1
123,26,498,467,33,104,1,1,1
124,26,497,467,33,104,1,1,1
125,26,497,467,33,104,1,1,1
126,26,496,467,33,104,1,1,1
127,26,495,466,33,105,1,1,1
128,26,495,466,33,105,1,1,1
129,26,494,466,33,105,1,1,1
130,26,494,466,33,105,1,1,1
131,26,493,466,34,105,1,1,1
132,26,493,466,34,105,1,1,1
133,26,493,467,34,105,1,1,1
134,26,491,467,35,105,1,1,1
135,26,489,467,36,105,1,1,1
136,26,488,467,36,105,1,1,1
137,26,486,467,37,105,1,1,1
138,26,485,467,38,106,1,1,1
139,26,484,468,39,105,1,1,1
140,26,484,469,39,104,1,1,1
141,26,484,470,39,103,1,1,1
142,26,482,469,40,104,1,1,1
143,26,481,468,40,105,1,1,1
144,26,480,468,40,105,1,1,1
145,26,479,467,40,106,1,1,1
146,26,478,467,41,106,1,1,1
147,26,477,466,40,107,1,1,1
148,26,476,466,40,108,1,1,1
149,26,475,465,39,109,1,1,1
150,26,474,465,39,110,1,1,1
151,26,474,465,38,111,1,1,1
152,26,473,465,38,110,1,1,1
153,26,473,465,37,109,1,1,1
154,26,473,465,36,108,1,1,1
155,26,473,465,35,108,1,1,1
156,26,472,465,35,108,1,1,1
157,26,472,465,34,108,1,1,1
158,26,472,465,33,108,1,1,1
159,26,471,465,34,108,1,1,1
160,26,471,465,33,108,1,1,1
161,26,471,465,32,108,1,1,1
162,26,471,465,32,109,1,1,1
163,26,471,465,31,108,1,1,1
164,26,471,465,31,108,1,1,1
165,26,471,465,31,108,1,1,1
166,26,471,465,31,108,1,1,1
167,26,471,465,31,108,1,1,1
168,26,471,465,31,108,1,1,1
169,26,471,465,31,108,1,1,1
170,26,471,465,31,108,1,1,1
171,26,471,465,31,108,1,1,1
172,26,470,465,31,108,1,1,1
173,26,469,465,32,108,1,1,1
174,26,469,465,32,108,1,1,1
175,26,468,465,32,108,1,1,1
176,26,467,465,33,108,1,1,1
177,26,467,465,33,108,1,1,1
178,26,466,465,34,108,1,1,1
179,26,465,465,34,108,1,1,1
180,26,465,465,34,108,1,1,1
181,26,464,465,35,108,1,1,1
182,26,463,465,36,108,1,1,1
183,26,463,465,35,108,1,1,1
184,26,462,465,36,108,1,1,1
185,26,461,465,37,108,1,1,1
186,26,461,465,37,108,1,1,1
187,26,461,465,36,108,1,1,1
188,26,461,465,36,108,1,1,1
189,26,461,465,36,109,1,1,1
190,26,461,465,36,109,1,1,1
191,26,461,466,36,109,1,1,1
192,26,460,466,36,108,1,1,1
193,26,460,466,36,108,1,1,1
194,26,459,466,37,108,1,1,1
195,26,459,466,36,108,1,1,1
196,26,459,466,36,108,1,1,1
197,26,458,466,37,108,1,1,1
198,26,458,466,36,108,1,1,1
199,26,457,466,37,108,1,1,1
200,26,457,466,37,108,1,1,1
201,26,457,466,37,108,1,1,1
202,26,455,466,37,108,1,1,1
203,26,454,466,37,108,1,1,1
204,26,453,466,37,108,1,1,1
205,26,452,466,37,108,1,1,1
206,26,451,466,37,108,1,1,1
207,26,449,466,38,108,1,1,1
208,26,448,466,38,108,1,1,1
209,26,447,466,38,108,1,1,1
210,26,446,466,38,108,1,1,1
211,26,445,466,38,109,1,1,1
212,26,444,466,38,108,1,1,1
213,26,443,466,39,108,1,1,1
214,26,442,466,39,108,1,1,1
215,26,441,466,40,108,1,1,1
216,26,440,466,40,108,1,1,1
217,26,439,466,41,108,1,1,1
218,26,438,466,41,108,1,1,1
219,26,437,466,42,108,1,1,1
220,26,436,466,42,108,1,1,1
221,26,435,467,43,107,1,1,1
222,26,433,466,44,108,1,1,1
223,26,432,466,44,108,1,1,1
224,26,431,466,44,108,1,1,1
225,26,430,466,44,108,1,1,1
226,26,429,466,45,108,1,1,1
227,26,427,465,46,109,1,1,1
228,26,426,465,46,109,1,1,1
229,26,425,465,46,109,1,1,1
230,26,424,465,46,109,1,1,1
231,26,423,465,47,110,1,1,1
232,26,422,465,46,110,1,1,1
233,26,422,465,45,110,1,1,1
234,26,422,465,44,110,1,1,1
235,26,422,465,42,110,1,1,1
236,26,422,465,41,110,1,1,1
237,26,422,465,40,110,1,1,1
238,26,422,465,38,110,1,1,1
239,26,422,465,37,110,1,1,1
240,26,422,465,36,110,1,1,1
241,26,422,465,35,111,1,1,1
242,26,421,464,35,111,1,1,1
243,26,421,464,35,111,1,1,1
244,26,420,464,35,111,1,1,1
245,26,420,464,35,111,1,1,1
246,26,419,464,35,111,1,1,1
247,26,419,464,35,111,1,1,1
248,26,418,464,35,111,1,1,1
249,26,418,464,35,111,1,1,1
250,26,417,464,35,111,1,1,1
251,26,417,464,35,111,1,1,1
252,26,415,464,36,110,1,1,1
253,26,414,464,37,110,1,1,1
254,26,413,464,38,110,1,1,1
255,26,412,464,38,110,1,1,1
256,26,411,464,39,110,1,1,1
257,26,410,464,40,110,1,1,1
258,26,409,464,40,110,1,1,1
259,26,408,464,41,110,1,1,1
260,26,407,464,42,110,1,1,1
261,26,406,464,43,110,1,1,1
262,26,404,464,43,110,1,1,1
263,26,403,464,42,110,1,1,1
264,26,402,464,42,110,1,1,1
265,26,401,464,41,111,1,1,1
266,26,400,464,41,111,1,1,1
267,26,398,464,41,111,1,1,1
268,26,397,464,40,112,1,1,1
269,26,396,464,40,112,1,1,1
270,26,395,464,39,112,1,1,1
271,26,394,465,39,112,1,1,1
272,26,393,465,39,112,1,1,1
273,26,393,465,39,112,1,1,1
274,26,392,465,39,112,1,1,1
275,26,392,465,39,112,1,1,1
276,26,392,465,39,112,1,1,1
277,26,391,465,39,112,1,1,1
278,26,391,465,39,112,1,1,1
279,26,390,465,39,112,1,1,1
280,26,390,465,39,112,1,1,1
281,26,390,466,39,112,1,1,1
282,26,389,465,39,112,1,1,1
283,26,388,465,40,112,1,1,1
284,26,387,465,40,112,1,1,1
285,26,387,465,40,112,1,1,1
286,26,386,465,41,112,1,1,1
287,26,385,465,41,111,1,1,1
288,26,385,465,41,111,1,1,1
289,26,384,465,41,111,1,1,1
290,26,383,465,42,111,1,1,1
291,26,383,465,42,111,1,1,1
292,26,382,464,42,111,1,1,1
293,26,382,464,42,111,1,1,1
294,26,382,464,42,111,1,1,1
295,26,382,464,42,111,1,1,1
296,26,382,464,42,111,1,1,1
297,26,382,464,42,111,1,1,1
298,26,382,464,42,111,1,1,1
299,26,382,464,42,111,1,1,1
300,26,382,464,42,111,1,1,1
301,26,382,464,42,111,1,1,1
31,27,496,456,27,102,1,1,0
32,27,496,456,27,102,1,1,0
33,27,496,456,27,102,1,1,0
34,27,496,456,27,102,1,1,0
35,27,496,456,27,102,1,1,0
36,27,496,456,27,102,1,1,0
37,27,496,456,27,102,1,1,0
38,27,496,456,27,102,1,1,0
39,27,496,456,27,102,1,1,0
40,27,496,456,27,102,1,1,0
41,27,496,456,27,102,1,1,0
42,27,496,456,27,102,1,1,0
43,27,496,456,27,102,1,1,0
44,27,496,456,27,102,1,1,0
45,27,496,456,27,102,1,1,0
46,27,496,456,27,102,1,1,0
47,27,496,456,27,102,1,1,0
48,27,496,456,28,102,1,1,0
49,27,496,456,28,102,1,1,0
50,27,496,456,28,102,1,1,0
51,27,496,456,28,102,1,1,0
52,27,496,456,28,102,1,1,0
53,27,496,456,28,102,1,1,0
54,27,496,456,28,102,1,1,0
55,27,496,456,28,102,1,1,0
56,27,496,456,28,103,1,1,0
57,27,496,456,28,103,1,1,0
58,27,496,456,28,103,1,1,0
59,27,496,456,28,103,1,1,0
60,27,496,456,28,103,1,1,0
61,27,496,456,28,103,1,1,0
62,27,496,456,28,103,1,1,0
63,27,496,456,28,103,1,1,0
64,27,496,456,28,103,1,1,0
65,27,496,456,29,103,1,1,0
66,27,496,456,29,103,1,1,0
67,27,496,456,29,103,1,1,0
68,27,496,456,29,103,1,1,0.010577
69,27,496,456,29,103,1,1,0.014103
70,27,496,456,29,103,1,1,0.014103
71,27,496,456,29,103,1,1,0.017628
72,27,496,456,29,103,1,1,0.024679
73,27,496,456,29,103,1,1,0.025641
74,27,496,456,29,103,1,1,0.032051
75,27,496,456,29,103,1,1,0.098718
76,27,496,456,29,103,1,1,0.19551
77,27,496,456,29,103,1,1,0.26218
78,27,496,456,29,103,1,1,0.32885
79,27,496,456,29,103,1,1,0.39551
80,27,496,456,29,103,1,1,0.49231
81,27,497,456,29,104,1,1,0.55556
82,27,497,456,29,104,1,1,0.55556
83,27,497,456,29,104,1,1,0.55556
84,27,497,456,29,104,1,1,0.58571
85,27,497,456,29,104,1,1,0.58571
86,27,497,456,29,104,1,1,0.61905
87,27,497,456,29,104,1,1,0.61905
88,27,497,456,29,104,1,1,0.64921
89,27,497,456,29,104,1,1,0.64921
90,27,497,456,29,104,1,1,0.64921
91,27,497,456,30,104,1,1,0.45469
92,27,497,456,30,104,1,1,0.45622
93,27,497,456,30,104,1,1,0.4341
94,27,497,456,30,104,1,1,0.3788
95,27,497,456,30,104,1,1,0.40799
96,27,497,456,30,104,1,1,0.40737
97,27,497,456,30,104,1,1,0.43564
98,27,497,456,30,104,1,1,0.43502
99,27,497,456,30,104,1,1,0.43441
100,27,497,456,30,104,1,1,0.40891
101,27,497,456,31,104,1,1,0.40446
102,27,497,456,31,104,1,1,0.38036
103,27,497,456,31,104,1,1,0.3875
104,27,497,456,31,104,1,1,0.39107
105,27,497,456,31,104,1,1,0.36339
106,27,497,456,31,104,1,1,0.36339
107,27,497,456,31,104,1,1,0.36339
108,27,497,456,31,104,1,1,0.33571
109,27,497,456,31,104,1,1,0.33571
110,27,497,456,31,104,1,1,0.33571
111,27,498,456,31,105,1,1,0.27948
112,27,498,456,31,104,1,1,0.28036
113,27,498,456,31,104,1,1,0.2881
114,27,498,456,31,104,1,1,0.23333
115,27,498,456,31,104,1,1,0.20595
116,27,498,456,31,104,1,1,0.17857
117,27,498,456,31,104,1,1,0.14196
118,27,498,456,31,104,1,1,0.14196
119,27,498,456,32,104,1,1,0.14113
120,27,498,456,32,104,1,1,0.14113
121,27,498,456,32,104,1,1,0.14113
122,27,498,456,32,104,1,1,0.14113
123,27,498,456,32,104,1,1,0.10476
124,27,498,456,32,104,1,1,0.10476
125,27,498,456,32,104,1,1,0.10476
126,27,498,456,33,104,1,1,0.15742
127,27,498,456,33,104,1,1,0.17507
128,27,498,456,33,104,1,1,0.17507
129,27,498,456,33,104,1,1,0.20168
130,27,498,456,33,104,1,1,0.20168
131,27,498,456,33,104,1,1,0.20168
132,27,498,456,33,104,1,1,0.20168
133,27,498,456,33,104,1,1,0.21008
134,27,498,456,34,104,1,1,0.25823
135,27,498,456,34,104,1,1,0.28381
136,27,498,456,34,104,1,1,0.30939
137,27,498,456,34,104,1,1,0.33497
138,27,498,456,34,104,1,1,0.33497
139,27,498,456,34,104,1,1,0.34204
140,27,498,456,34,104,1,1,0.34912
141,27,499,456,34,104,1,1,0.38095
142,27,499,455,34,105,1,1,0.40485
143,27,499,455,34,105,1,1,0.42345
144,27,499,455,34,105,1,1,0.44852
145,27,499,455,35,105,1,1,0.4827
146,27,500,455,34,105,1,1,0.49326
147,27,500,455,34,105,1,1,0.53908
148,27,500,455,34,105,1,1,0.56469
149,27,500,455,35,105,1,1,0.62264
150,27,500,455,35,105,1,1,0.6478
151,27,501,455,34,105,1,1,0.68949
152,27,501,455,34,105,1,1,0.71536
153,27,501,455,35,105,1,1,0.54114
154,27,501,455,35,105,1,1,0.54114
155,27,501,455,35,105,1,1,0.54114
156,27,502,455,34,105,1,1,0.5558
157,27,502,455,35,105,1,1,0.56813
158,27,502,455,35,105,1,1,0.56813
159,27,502,455,35,105,1,1,0.56813
160,27,502,455,35,105,1,1,0.54036
161,27,503,455,35,106,1,1,0.51168
162,27,503,455,35,106,1,1,0.51168
163,27,503,455,35,106,1,1,0.51168
164,27,504,455,35,106,1,1,0.5109
165,27,504,455,35,106,1,1,0.5109
166,27,505,456,35,105,1,1,0.50681
167,27,505,456,35,105,1,1,0.50681
168,27,505,456,35,105,1,1,0.47956
169,27,506,456,35,105,1,1,0.47904
170,27,506,456,35,105,1,1,0.47904
171,27,507,457,35,105,1,1,0.80556
172,27,507,457,35,105,1,1,0.91667
173,27,507,457,35,105,1,1,1
174,27,507,457,35,105,1,1,1
175,27,507,457,35,105,1,1,1
176,27,507,457,35,105,1,1,1
177,27,507,457,35,105,1,1,1
178,27,507,457,35,105,1,1,1
179,27,507,457,35,105,1,1,1
180,27,507,457,35,105,1,1,1
181,27,508,457,35,105,1,1,1
182,27,508,456,34,106,1,1,1
183,27,508,456,34,106,1,1,0.66676
184,27,508,456,34,106,1,1,0.69453
185,27,508,456,34,106,1,1,0.69453
186,27,508,456,34,106,1,1,0.69453
187,27,508,456,34,106,1,1,0.69453
188,27,509,456,33,106,1,1,0.71413
189,27,509,456,33,106,1,1,0.71413
190,27,509,456,33,106,1,1,0.74272
191,27,509,456,33,106,1,1,0.74272
192,27,509,455,33,107,1,1,0.7451
193,27,509,455,33,107,1,1,0.7451
194,27,509,455,33,107,1,1,0.7451
195,27,510,455,32,107,1,1,0.76655
196,27,510,455,32,107,1,1,0.76655
197,27,510,455,32,107,1,1,0.79574
198,27,510,455,32,107,1,1,0.79574
199,27,510,455,32,107,1,1,0.79574
200,27,510,455,32,107,1,1,0.79574
201,27,511,455,31,107,1,1,0.81944
202,27,511,455,31,107,1,1,0.81944
203,27,511,455,31,107,1,1,0.81944
204,27,511,455,31,107,1,1,0.84954
205,27,512,455,31,107,1,1,0.87963
206,27,512,456,31,106,1,1,0.8785
207,27,512,456,31,106,1,1,0.8785
208,27,513,456,31,106,1,1,0.90888
209,27,513,456,31,106,1,1,0.93925
210,27,513,456,31,106,1,1,0.93925
211,27,514,457,31,106,1,1,1
212,27,514,456,31,107,1,1,1
213,27,514,456,31,107,1,1,1
214,27,514,455,32,108,1,1,1
215,27,514,455,32,108,1,1,1
216,27,514,455,33,108,1,1,1
217,27,514,454,33,109,1,1,1
218,27,514,454,33,109,1,1,1
219,27,514,453,34,110,1,1,1
220,27,514,453,34,110,1,1,1
221,27,514,453,35,110,1,1,1
222,27,514,453,34,109,1,1,1
223,27,514,453,34,109,1,1,1
224,27,514,453,34,109,1,1,1
225,27,514,453,34,109,1,1,1
226,27,514,453,34,109,1,1,1
227,27,514,453,34,109,1,1,1
228,27,514,453,33,109,1,1,1
229,27,514,453,33,109,1,1,1
230,27,514,453,33,109,1,1,1
231,27,514,453,33,109,1,1,1
232,27,514,453,33,109,1,1,1
233,27,514,453,33,109,1,1,1
234,27,514,453,33,109,1,1,1
235,27,514,453,32,109,1,1,1
236,27,514,453,32,109,1,1,1
237,27,514,453,32,109,1,1,1
238,27,514,453,32,109,1,1,1
239,27,514,453,32,109,1,1,1
240,27,514,453,32,109,1,1,1
241,27,514,453,32,109,1,1,1
242,27,513,453,32,109,1,1,1
243,27,513,453,32,109,1,1,1
244,27,513,453,32,109,1,1,1
245,27,513,453,32,109,1,1,1
246,27,513,453,32,109,1,1,1
247,27,513,453,32,109,1,1,1
248,27,513,453,32,109,1,1,1
249,27,513,453,32,109,1,1,1
250,27,513,453,32,109,1,1,1
251,27,513,453,32,109,1,1,1
252,27,513,453,32,109,1,1,1
253,27,513,453,32,109,1,1,1
254,27,513,453,32,109,1,1,1
255,27,513,453,32,109,1,1,1
256,27,513,454,32,108,1,1,1
257,27,512,454,32,108,1,1,1
258,27,512,454,32,108,1,1,1
259,27,512,454,32,108,1,1,1
260,27,512,454,32,108,1,1,1
261,27,512,454,32,108,1,1,1
262,27,512,454,32,108,1,1,1
263,27,512,454,32,108,1,1,1
264,27,512,454,32,108,1,1,1
265,27,512,454,32,108,1,1,1
266,27,512,454,32,108,1,1,1
267,27,512,454,32,108,1,1,1
268,27,512,454,32,108,1,1,1
269,27,512,454,32,108,1,1,1
270,27,512,454,32,108,1,1,1
271,27,512,455,32,108,1,1,1
272,27,511,455,32,108,1,1,1
273,27,511,455,32,108,1,1,1
274,27,511,455,32,108,1,1,1
275,27,511,455,32,108,1,1,1
276,27,511,455,32,108,1,1,1
277,27,511,455,32,108,1,1,1
278,27,511,455,32,108,1,1,1
279,27,511,455,32,108,1,1,1
280,27,511,455,32,108,1,1,1
281,27,511,455,32,108,1,1,1
282,27,510,455,32,108,1,1,1
283,27,510,455,32,108,1,1,1
284,27,510,455,32,108,1,1,1
285,27,510,455,32,108,1,1,1
286,27,510,455,32,108,1,1,1
287,27,510,455,32,108,1,1,1
288,27,510,455,32,108,1,1,1
289,27,510,455,32,108,1,1,1
290,27,510,455,32,108,1,1,1
291,27,510,455,32,108,1,1,1
292,27,509,455,32,108,1,1,1
293,27,509,455,32,108,1,1,1
294,27,509,455,32,108,1,1,1
295,27,509,455,32,108,1,1,1
296,27,509,455,32,108,1,1,1
297,27,509,455,32,108,1,1,1
298,27,509,455,32,108,1,1,1
299,27,509,455,32,108,1,1,1
300,27,509,455,32,108,1,1,1
301,27,509,455,32,108,1,1,1
153,28,487,458,30,103,1,1,0.27792
154,28,487,458,30,103,1,1,0.308
155,28,487,458,30,103,1,1,0.33809
156,28,487,458,30,103,1,1,0.36818
157,28,487,458,30,103,1,1,0.39826
158,28,487,458,30,103,1,1,0.42835
159,28,487,458,30,103,1,1,0.42835
160,28,487,458,30,103,1,1,0.45844
161,28,487,458,30,103,1,1,0.034739
162,28,487,458,30,103,1,1,0.034739
163,28,487,458,30,103,1,1,0.034739
164,28,487,458,30,103,1,1,0.066998
165,28,487,458,30,103,1,1,0.066998
166,28,487,458,30,103,1,1,0.099256
167,28,487,458,30,103,1,1,0.099256
168,28,488,458,30,103,1,1,0.097084
169,28,488,458,30,103,1,1,0.12934
170,28,488,458,30,103,1,1,0.12934
171,28,488,458,30,103,1,1,0.1616
172,28,488,458,30,103,1,1,0.19169
173,28,488,458,30,103,1,1,0.19169
174,28,488,458,30,103,1,1,0.19169
175,28,488,458,30,103,1,1,0.22177
176,28,488,458,30,103,1,1,0.22177
177,28,488,458,30,103,1,1,0.22177
178,28,488,458,30,103,1,1,0.22177
179,28,488,458,30,103,1,1,0.25186
180,28,488,458,30,103,1,1,0.25186
181,28,488,458,30,103,1,1,0.28412
182,28,488,458,30,103,1,1,0.28412
183,28,489,459,30,103,1,1,0.30893
184,28,488,459,30,103,1,1,0.31079
185,28,488,459,30,103,1,1,0.31079
186,28,488,459,30,103,1,1,0.31079
187,28,488,459,30,103,1,1,0.34119
188,28,488,459,30,103,1,1,0.37345
189,28,487,459,31,103,1,1,0.36358
190,28,487,459,30,103,1,1,0.37531
191,28,487,459,30,103,1,1,0.37872
192,28,487,459,30,103,1,1,0.40881
193,28,487,459,30,103,1,1,0.40881
194,28,486,459,31,103,1,1,0.39814
195,28,486,459,31,103,1,1,0.45853
196,28,486,459,31,103,1,1,0.45853
197,28,486,459,30,103,1,1,0.47333
198,28,486,459,30,103,1,1,0.50341
199,28,485,459,31,103,1,1,0.48978
200,28,485,459,31,103,1,1,0.48978
201,28,485,459,31,103,1,1,0.52103
202,28,485,459,31,103,1,1,0.57933
203,28,485,459,31,103,1,1,0.60847
204,28,484,459,31,103,1,1,0.63972
205,28,484,459,31,103,1,1,0.70012
206,28,484,459,31,103,1,1,0.72927
207,28,484,459,31,103,1,1,0.75841
208,28,484,459,31,103,1,1,0.81881
209,28,483,459,31,103,1,1,0.85006
210,28,483,459,31,103,1,1,0.87921
211,28,483,459,31,103,1,1,0.9396
212,28,483,459,31,103,1,1,0.96875
213,28,483,459,31,103,1,1,0.96875
214,28,482,459,31,103,1,1,1
215,28,482,459,31,103,1,1,1
216,28,482,459,31,103,1,1,1
217,28,482,459,31,103,1,1,1
218,28,482,459,31,103,1,1,1
219,28,481,459,31,103,1,1,1
220,28,481,459,31,103,1,1,1
221,28,481,459,31,103,1,1,1
222,28,481,459,31,103,1,1,1
223,28,481,459,31,103,1,1,1
224,28,480,458,31,103,1,1,1
225,28,480,458,31,103,1,1,1
226,28,480,458,31,103,1,1,1
227,28,479,458,31,103,1,1,1
228,28,479,458,31,103,1,1,1
229,28,479,458,31,103,1,1,1
230,28,478,458,31,103,1,1,1
231,28,478,458,31,103,1,1,1
232,28,478,458,31,103,1,1,1
233,28,478,458,31,103,1,1,1
234,28,477,458,31,103,1,1,1
235,28,477,458,31,103,1,1,1
236,28,477,458,31,103,1,1,1
237,28,476,458,31,103,1,1,1
238,28,476,458,31,103,1,1,1
239,28,476,458,31,103,1,1,1
240,28,475,458,31,103,1,1,1
241,28,475,458,31,103,1,1,1
242,28,475,458,31,103,1,1,1
243,28,475,458,31,103,1,1,1
244,28,474,458,31,103,1,1,1
245,28,474,458,31,103,1,1,1
246,28,473,458,31,103,1,1,1
247,28,473,458,31,103,1,1,1
248,28,473,458,30,103,1,1,1
249,28,472,458,31,103,1,1,1
250,28,472,458,30,103,1,1,1
251,28,471,458,31,103,1,1,1
252,28,471,458,30,103,1,1,1
253,28,471,458,30,103,1,1,1
254,28,470,458,31,103,1,1,1
255,28,470,458,30,103,1,1,1
256,28,469,458,31,103,1,1,1
257,28,469,458,30,103,1,1,1
258,28,469,458,30,103,1,1,1
259,28,468,458,30,103,1,1,1
260,28,468,458,30,103,1,1,1
261,28,467,458,30,103,1,1,1
262,28,467,458,30,103,1,1,1
263,28,467,458,30,104,1,1,1
264,28,466,458,30,104,1,1,1
265,28,465,458,30,104,1,1,1
266,28,464,458,30,104,1,1,1
267,28,463,458,30,104,1,1,1
268,28,463,458,30,104,1,1,1
269,28,462,458,30,104,1,1,1
270,28,461,458,30,104,1,1,1
271,28,460,458,30,104,1,1,1
272,28,459,458,30,104,1,1,1
273,28,459,458,30,104,1,1,1
274,28,458,458,30,104,1,1,1
275,28,457,458,30,104,1,1,1
276,28,456,458,30,104,1,1,1
277,28,455,458,30,104,1,1,0.97143
278,28,455,458,30,104,1,1,0.97143
279,28,454,458,30,104,1,1,0.94286
280,28,453,458,30,104,1,1,0.91429
281,28,452,458,30,104,1,1,0.88571
282,28,451,458,30,104,1,1,0.85714
283,28,451,459,30,103,1,1,0.85577
284,28,450,458,30,104,1,1,0.82857
285,28,449,458,30,104,1,1,0.8
286,28,449,458,30,104,1,1,0.8
287,28,448,458,30,104,1,1,0.77143
288,28,448,458,30,104,1,1,0.77143
289,28,447,458,30,104,1,1,0.74009
290,28,447,458,30,105,1,1,0.73981
291,28,446,458,30,105,1,1,0.71089
292,28,446,458,30,105,1,1,0.71089
293,28,445,458,30,105,1,1,0.68198
294,28,444,457,30,106,1,1,0.65632
295,28,444,457,30,106,1,1,0.65632
296,28,443,457,30,106,1,1,0.62768
297,28,443,457,30,107,1,1,0.62724
298,28,442,457,30,107,1,1,0.59857
299,28,442,457,30,107,1,1,0.59857
300,28,441,457,30,107,1,1,0.56989
301,28,441,457,30,107,1,1,0.56989
64,29,482,468,29,96,1,1,0.2
65,29,481,467,29,97,1,1,0.33333
66,29,480,467,29,97,1,1,0.46667
67,29,479,467,30,98,1,1,0.54839
68,29,479,467,29,98,1,1,0.66667
69,29,478,467,29,98,1,1,0.73333
70,29,477,467,30,99,1,1,0.74194
71,29,476,467,30,99,1,1,0.80645
72,29,476,467,30,100,1,1,0.87097
73,29,475,466,30,101,1,1,0.93548
74,29,474,466,31,101,1,1,1
75,29,473,466,32,101,1,1,1
76,29,473,466,31,101,1,1,1
77,29,472,466,32,101,1,1,1
78,29,471,466,33,101,1,1,1
79,29,470,466,34,101,1,1,1
80,29,470,466,33,101,1,1,1
81,29,469,466,34,101,1,1,1
82,29,468,466,35,101,1,1,1
83,29,468,466,35,101,1,1,1
84,29,467,466,35,101,1,1,1
85,29,466,466,36,101,1,1,1
86,29,465,466,37,101,1,1,1
87,29,464,466,38,101,1,1,1
88,29,463,466,38,101,1,1,1
89,29,462,466,39,101,1,1,1
90,29,461,466,40,101,1,1,1
91,29,461,467,40,101,1,1,1
92,29,460,468,41,100,1,1,1
93,29,459,469,42,99,1,1,1
94,29,458,470,44,99,1,1,1
95,29,457,469,43,100,1,1,1
96,29,456,469,43,100,1,1,1
97,29,455,469,43,100,1,1,1
98,29,454,469,43,100,1,1,1
99,29,453,468,43,101,1,1,1
100,29,453,468,42,102,1,1,1
101,29,452,468,42,102,1,1,1
102,29,451,468,42,102,1,1,1
103,29,450,467,42,103,1,1,1
104,29,449,467,42,103,1,1,1
105,29,448,467,42,103,1,1,1
106,29,448,467,41,104,1,1,1
107,29,447,466,41,105,1,1,1
108,29,446,466,41,105,1,1,1
109,29,446,466,40,105,1,1,1
110,29,445,466,40,105,1,1,1
111,29,445,466,40,105,1,1,1
112,29,444,466,40,104,1,1,1
113,29,443,466,40,104,1,1,1
114,29,443,467,40,103,1,1,1
115,29,442,467,40,103,1,1,1
116,29,442,468,40,102,1,1,1
117,29,440,468,41,102,1,1,1
118,29,439,468,42,102,1,1,1
119,29,438,468,42,102,1,1,1
120,29,436,468,44,102,1,1,1
121,29,435,468,44,102,1,1,1
122,29,434,468,45,102,1,1,1
123,29,433,468,46,103,1,1,1
124,29,431,467,47,104,1,1,1
125,29,429,467,48,104,1,1,1
126,29,427,467,49,104,1,1,1
127,29,426,467,50,104,1,1,1
128,29,424,466,51,105,1,1,1
129,29,422,466,52,105,1,1,1
130,29,420,466,54,105,1,1,1
131,29,418,466,55,104,1,1,1
132,29,416,467,57,103,1,1,1
133,29,414,467,59,103,1,1,1
134,29,412,468,61,102,1,1,1
135,29,411,467,60,103,1,1,1
136,29,410,467,60,103,1,1,1
137,29,409,466,60,104,1,1,1
138,29,409,466,59,104,1,1,1
139,29,408,466,59,103,1,1,1
140,29,407,466,59,103,1,1,1
141,29,406,466,60,103,1,1,1
142,29,405,466,60,103,1,1,1
143,29,404,466,60,103,1,1,1
144,29,403,467,61,102,1,1,1
145,29,402,467,61,102,1,1,1
146,29,401,467,62,102,1,1,1
147,29,401,467,61,102,1,1,1
148,29,400,467,62,102,1,1,1
149,29,400,468,62,102,1,1,1
150,29,399,468,62,102,1,1,1
151,29,398,468,63,102,1,1,1
152,29,398,468,62,102,1,1,1
153,29,397,468,63,102,1,1,1
154,29,397,469,63,102,1,1,1
155,29,397,469,63,102,1,1,1
156,29,397,469,63,102,1,1,1
157,29,397,469,63,102,1,1,1
158,29,398,469,62,102,1,1,1
159,29,398,469,62,102,1,1,1
160,29,398,469,62,102,1,1,1
161,29,398,469,62,102,1,1,1
162,29,399,469,61,102,1,1,1
163,29,399,469,61,102,1,1,1
164,29,400,469,60,102,1,1,1
165,29,401,469,59,102,1,1,1
166,29,402,469,58,102,1,1,1
167,29,403,469,57,102,1,1,1
168,29,404,469,56,102,1,1,1
169,29,405,469,55,102,1,1,1
170,29,406,469,54,102,1,1,1
171,29,407,469,53,102,1,1,1
172,29,408,469,52,102,1,1,1
173,29,409,469,51,102,1,1,1
174,29,410,469,50,102,1,1,1
175,29,409,469,50,102,1,1,1
176,29,409,469,50,102,1,1,1
177,29,409,469,50,102,1,1,1
178,29,409,469,49,102,1,1,1
179,29,409,469,49,102,1,1,1
180,29,408,469,50,103,1,1,1
181,29,408,469,50,103,1,1,1
182,29,408,469,49,103,1,1,1
183,29,408,469,49,103,1,1,1
184,29,408,469,49,103,1,1,1
185,29,408,470,49,103,1,1,1
186,29,407,469,49,104,1,1,1
187,29,407,469,49,104,1,1,1
188,29,407,469,49,104,1,1,1
189,29,407,468,49,105,1,1,1
190,29,407,468,48,105,1,1,1
191,29,407,468,48,105,1,1,1
192,29,407,467,48,106,1,1,1
193,29,407,467,48,106,1,1,1
194,29,407,467,48,106,1,1,1
195,29,406,467,49,106,1,1,1
196,29,406,467,49,106,1,1,1
197,29,406,467,49,106,1,1,1
198,29,406,467,49,106,1,1,1
199,29,406,467,49,106,1,1,1
200,29,406,467,49,106,1,1,1
201,29,406,467,49,106,1,1,1
202,29,406,467,49,106,1,1,0.98
203,29,406,467,49,106,1,1,0.96
204,29,406,468,49,105,1,1,0.94
205,29,406,468,49,104,1,1,0.92
206,29,406,468,49,104,1,1,0.9
207,29,406,468,49,104,1,1,0.86
208,29,407,468,48,104,1,1,0.83673
209,29,407,468,48,104,1,1,0.81633
210,29,407,468,48,104,1,1,0.79592
211,29,408,469,47,103,1,1,0.77083
212,29,408,469,47,103,1,1,0.75
213,29,408,469,47,103,1,1,0.72917
214,29,409,469,46,103,1,1,0.70213
215,29,409,469,46,103,1,1,0.68085
216,29,409,469,46,103,1,1,0.65957
217,29,409,469,46,103,1,1,0.6383
218,29,410,470,45,102,1,1,0.6087
219,29,410,470,45,102,1,1,0.58696
220,29,410,470,45,102,1,1,0.56522
221,29,411,470,44,102,1,1,0.53333
222,29,411,470,44,102,1,1,0.48889
223,29,411,470,44,102,1,1,0.46667
224,29,412,471,44,101,1,1,0.42222
225,29,411,471,45,100,1,1,0.41304
226,29,411,471,45,100,1,1,0.3913
227,29,411,471,45,100,1,1,0.34783
228,29,410,471,46,100,1,1,0.34043
229,29,410,471,46,100,1,1,0.31915
230,29,410,471,46,100,1,1,0.29787
231,29,409,471,47,100,1,1,0.29167
232,29,409,471,47,100,1,1,0.27083
233,29,409,471,47,100,1,1,0.27083
234,29,408,471,48,100,1,1,0.28571
235,29,408,471,48,100,1,1,0.28571
236,29,408,471,48,100,1,1,0.28571
237,29,407,471,49,100,1,1,0.3
238,29,407,471,49,100,1,1,0.3
239,29,407,471,49,100,1,1,0.3
240,29,407,471,49,100,1,1,0.3
241,29,407,470,48,101,1,1,0.30612
242,29,407,470,48,101,1,1,0.28571
243,29,407,470,48,101,1,1,0.28571
244,29,407,470,48,101,1,1,0.26531
245,29,407,470,48,101,1,1,0.26531
246,29,407,470,48,101,1,1,0.26531
247,29,407,470,48,101,1,1,0.26531
248,29,407,470,48,101,1,1,0.26531
249,29,407,470,48,101,1,1,0.26531
250,29,407,470,48,101,1,1,0.26531
251,29,407,470,48,101,1,1,0.26531
252,29,407,470,48,101,1,1,0.2449
253,29,407,470,48,101,1,1,0.22449
254,29,407,470,48,101,1,1,0.20408
255,29,407,470,48,101,1,1,0.20408
256,29,407,470,48,101,1,1,0.18367
257,29,407,470,48,101,1,1,0.16327
258,29,407,470,48,101,1,1,0.16327
259,29,407,470,48,101,1,1,0.14286
260,29,407,470,48,101,1,1,0.12245
261,29,407,470,48,101,1,1,0.12245
262,29,407,470,48,101,1,1,0.16327
263,29,407,470,48,101,1,1,0.20408
264,29,407,470,48,101,1,1,0.22449
265,29,407,470,48,101,1,1,0.26531
266,29,407,470,48,101,1,1,0.28571
267,29,407,470,48,101,1,1,0.32653
268,29,407,470,48,101,1,1,0.36735
269,29,408,470,47,101,1,1,0.39583
270,29,408,470,47,101,1,1,0.4375
271,29,408,470,47,101,1,1,0.45833
272,29,408,470,47,101,1,1,0.47917
273,29,408,470,47,101,1,1,0.47917
274,29,408,470,47,101,1,1,0.5
275,29,408,470,47,101,1,1,0.5
276,29,408,470,47,101,1,1,0.5
277,29,408,470,47,101,1,1,0.52083
278,29,408,470,47,101,1,1,0.52083
279,29,408,470,47,101,1,1,0.54167
280,29,408,470,47,101,1,1,0.54167
281,29,408,470,47,101,1,1,0.54167
282,29,408,470,47,101,1,1,0.5625
283,29,408,470,47,101,1,1,0.5625
284,29,408,470,47,101,1,1,0.58333
285,29,408,470,47,101,1,1,0.58333
286,29,408,470,47,101,1,1,0.58333
287,29,408,470,47,101,1,1,0.60417
288,29,408,470,47,101,1,1,0.60417
289,29,408,469,47,102,1,1,0.625
290,29,408,469,47,102,1,1,0.625
291,29,408,469,47,102,1,1,0.625
292,29,408,469,47,102,1,1,0.64583
293,29,408,469,47,102,1,1,0.64583
294,29,408,469,47,102,1,1,0.64583
295,29,408,469,47,102,1,1,0.64583
296,29,408,469,47,102,1,1,0.64583
297,29,408,469,47,102,1,1,0.64583
298,29,409,469,46,102,1,1,0.65957
299,29,409,469,46,102,1,1,0.65957
300,29,409,469,46,102,1,1,0.65957
301,29,409,469,46,102,1,1,0.65957
1,30,376,446,41,104,0,7,1
2,30,375,446,41,104,0,7,1
3,30,375,446,41,104,0,7,1
4,30,375,446,41,104,0,7,1
5,30,375,446,41,104,0,7,1
6,30,375,446,41,104,0,7,1
7,30,375,446,41,104,0,7,1
8,30,375,446,41,104,0,7,1
9,30,375,446,41,104,0,7,1
10,30,375,446,41,104,0,7,1
11,30,375,446,41,104,0,7,1
12,30,375,446,41,104,0,7,1
13,30,375,446,41,104,0,7,1
14,30,375,446,41,104,0,7,1
15,30,375,446,41,104,0,7,1
16,30,375,446,41,104,0,7,1
17,30,375,446,41,104,0,7,1
18,30,375,446,41,104,0,7,1
19,30,375,446,41,104,0,7,1
20,30,375,446,41,104,0,7,1
21,30,375,446,41,104,0,7,1
22,30,375,446,41,104,0,7,1
23,30,375,446,41,104,0,7,1
24,30,375,446,41,104,0,7,1
25,30,375,446,41,104,0,7,1
26,30,375,446,41,104,0,7,1
27,30,375,446,41,104,0,7,1
28,30,375,446,41,104,0,7,1
29,30,375,446,41,104,0,7,1
30,30,375,446,41,104,0,7,1
31,30,375,446,41,104,0,7,1
32,30,375,446,41,104,0,7,1
33,30,375,446,41,104,0,7,1
34,30,375,446,41,104,0,7,1
35,30,375,446,41,104,0,7,1
36,30,375,446,41,104,0,7,1
37,30,375,446,41,104,0,7,1
38,30,375,446,41,104,0,7,1
39,30,375,446,41,104,0,7,1
40,30,375,446,41,104,0,7,1
41,30,375,446,41,104,0,7,1
42,30,375,446,41,104,0,7,1
43,30,375,446,41,104,0,7,1
44,30,374,446,42,104,0,7,1
45,30,374,446,42,104,0,7,1
46,30,374,446,42,104,0,7,1
47,30,374,446,42,104,0,7,1
48,30,374,446,42,104,0,7,1
49,30,374,446,42,104,0,7,1
50,30,374,446,42,104,0,7,1
51,30,374,446,42,104,0,7,1
52,30,374,446,42,104,0,7,1
53,30,374,446,42,104,0,7,1
54,30,374,446,41,104,0,7,1
55,30,374,446,41,104,0,7,1
56,30,374,446,41,104,0,7,1
57,30,374,446,41,104,0,7,1
58,30,374,446,41,104,0,7,1
59,30,374,446,41,104,0,7,1
60,30,374,446,41,104,0,7,1
61,30,374,446,41,104,0,7,1
62,30,374,446,41,104,0,7,1
63,30,374,446,41,104,0,7,1
64,30,374,446,41,104,0,7,1
65,30,374,446,41,104,0,7,1
66,30,374,446,41,104,0,7,1
67,30,374,446,41,104,0,7,1
68,30,374,446,41,104,0,7,1
69,30,374,446,41,104,0,7,1
70,30,374,446,41,104,0,7,1
71,30,374,446,41,104,0,7,1
72,30,374,446,41,104,0,7,1
73,30,374,446,41,104,0,7,1
74,30,374,446,41,104,0,7,1
75,30,374,446,41,104,0,7,1
76,30,374,446,41,104,0,7,1
77,30,374,446,41,104,0,7,1
78,30,374,446,41,104,0,7,1
79,30,374,446,41,104,0,7,1
80,30,374,446,41,104,0,7,1
81,30,374,446,41,104,0,7,1
82,30,374,446,41,104,0,7,1
83,30,374,446,41,104,0,7,1
84,30,374,446,41,104,0,7,1
85,30,374,446,41,104,0,7,1
86,30,373,446,42,104,0,7,1
87,30,373,446,42,104,0,7,1
88,30,373,446,42,104,0,7,1
89,30,373,446,42,104,0,7,1
90,30,373,446,42,104,0,7,1
91,30,373,446,42,104,0,7,1
92,30,373,446,42,104,0,7,1
93,30,373,446,42,104,0,7,1
94,30,373,446,42,104,0,7,1
95,30,373,446,42,104,0,7,1
96,30,373,446,42,104,0,7,1
97,30,373,446,42,104,0,7,1
98,30,373,446,42,104,0,7,1
99,30,373,446,42,104,0,7,1
100,30,373,446,42,104,0,7,1
101,30,373,446,42,104,0,7,1
102,30,373,446,42,104,0,7,1
103,30,373,446,42,104,0,7,1
104,30,373,446,42,104,0,7,1
105,30,373,446,42,104,0,7,1
106,30,373,446,42,104,0,7,1
107,30,373,446,41,104,0,7,1
108,30,373,446,41,104,0,7,1
109,30,373,446,41,104,0,7,1
110,30,373,446,41,104,0,7,1
111,30,373,446,41,104,0,7,1
112,30,373,446,41,104,0,7,1
113,30,373,446,41,104,0,7,1
114,30,373,446,41,104,0,7,1
115,30,373,446,41,104,0,7,1
116,30,373,446,41,104,0,7,1
117,30,373,446,41,104,0,7,1
118,30,373,446,41,104,0,7,1
119,30,373,446,41,104,0,7,1
120,30,373,446,41,104,0,7,1
121,30,373,446,41,104,0,7,1
122,30,373,446,41,104,0,7,1
123,30,373,446,41,104,0,7,1
124,30,373,446,41,104,0,7,1
125,30,373,446,41,104,0,7,1
126,30,373,446,41,104,0,7,1
127,30,373,446,41,104,0,7,1
128,30,372,446,42,104,0,7,1
129,30,372,446,42,104,0,7,1
130,30,372,446,42,104,0,7,1
131,30,372,446,42,104,0,7,1
132,30,372,446,42,104,0,7,1
133,30,372,446,42,104,0,7,0.9814
134,30,372,446,42,104,0,7,0.94485
135,30,372,446,42,104,0,7,0.92558
136,30,372,446,42,104,0,7,0.90698
137,30,372,446,42,104,0,7,0.88704
138,30,372,446,42,104,0,7,0.88704
139,30,372,446,42,104,0,7,0.86822
140,30,372,446,42,104,0,7,0.84939
141,30,372,446,42,104,0,7,0.83056
142,30,372,446,42,104,0,7,0.81174
143,30,372,446,42,104,0,7,0.79291
144,30,372,446,42,104,0,7,0.77674
145,30,372,446,42,104,0,7,0.75814
146,30,372,446,42,104,0,7,0.73953
147,30,372,446,42,104,0,7,0.73953
148,30,372,446,42,104,0,7,0.72093
149,30,372,446,42,104,0,7,0.72425
150,30,372,446,42,104,0,7,0.70587
151,30,372,446,42,104,0,7,0.68749
152,30,372,446,42,104,0,7,0.68749
153,30,372,446,42,104,0,7,0.6691
154,30,372,446,42,104,0,7,0.67309
155,30,372,446,42,104,0,7,0.67309
156,30,372,446,42,104,0,7,0.67309
157,30,372,446,42,104,0,7,0.67309
158,30,372,446,42,104,0,7,0.69125
159,30,372,446,41,104,0,7,0.70249
160,30,372,446,41,104,0,7,0.70249
161,30,372,446,41,104,0,7,0.70249
162,30,372,446,41,104,0,7,0.72109
163,30,372,446,41,104,0,7,0.72109
164,30,372,446,41,104,0,7,0.73968
165,30,372,446,41,104,0,7,0.75828
166,30,372,446,41,104,0,7,0.77687
167,30,372,446,41,104,0,7,0.79546
168,30,372,446,41,104,0,7,0.81406
169,30,372,446,41,104,0,7,0.83265
170,30,371,446,42,104,0,7,0.85471
171,30,371,446,42,104,0,7,0.87287
172,30,371,446,42,104,0,7,0.89103
173,30,371,446,42,104,0,7,0.90919
174,30,371,446,42,104,0,7,0.92735
175,30,371,446,42,104,0,7,0.90919
176,30,371,446,42,104,0,7,0.90919
177,30,371,446,42,104,0,7,0.90919
178,30,371,446,42,104,0,7,0.90919
179,30,371,446,42,104,0,7,0.90919
180,30,371,446,42,104,0,7,0.89103
181,30,371,446,42,104,0,7,0.89103
182,30,371,446,42,104,0,7,0.89103
183,30,371,446,42,104,0,7,0.89103
184,30,371,446,42,104,0,7,0.89103
185,30,371,446,42,104,0,7,0.89236
186,30,371,446,42,104,0,7,0.87287
187,30,371,446,42,104,0,7,0.87287
188,30,371,446,42,104,0,7,0.87287
189,30,371,446,42,104,0,7,0.87132
190,30,371,446,42,104,0,7,0.87132
191,30,371,446,42,104,0,7,0.87132
192,30,371,446,42,104,0,7,0.86977
193,30,371,446,42,104,0,7,0.86977
194,30,371,446,42,104,0,7,0.86977
195,30,371,446,42,104,0,7,0.85116
196,30,371,446,42,104,0,7,0.85116
197,30,371,446,42,104,0,7,0.85116
198,30,371,446,42,104,0,7,0.85116
199,30,371,446,42,104,0,7,0.85116
200,30,371,446,42,104,0,7,0.85116
201,30,371,446,42,104,0,7,0.85116
202,30,371,446,42,104,0,7,0.85116
203,30,371,446,42,104,0,7,0.85116
204,30,371,446,42,104,0,7,0.85293
205,30,371,446,42,104,0,7,0.85293
206,30,371,446,42,104,0,7,0.85293
207,30,371,446,42,104,0,7,0.85293
208,30,371,446,42,104,0,7,0.87132
209,30,371,446,42,104,0,7,0.87132
210,30,371,446,42,104,0,7,0.87132
211,30,371,447,42,104,0,7,0.8897
212,30,371,447,42,104,0,7,0.8897
213,30,371,447,42,104,0,7,0.8897
214,30,371,447,42,104,0,7,0.90808
215,30,371,447,42,104,0,7,0.90808
216,30,371,447,42,104,0,7,0.90808
217,30,371,447,42,104,0,7,0.90808
218,30,371,447,42,104,0,7,0.92735
219,30,371,447,42,104,0,7,0.92735
220,30,371,447,42,104,0,7,0.92735
221,30,371,447,42,104,0,7,0.94551
222,30,371,447,42,104,0,7,0.94551
223,30,371,447,42,104,0,7,0.94551
224,30,371,447,42,104,0,7,0.96412
225,30,371,447,42,104,0,7,0.94618
226,30,371,447,42,104,0,7,0.94618
227,30,371,447,42,104,0,7,0.94618
228,30,371,447,42,104,0,7,0.92824
229,30,371,447,42,104,0,7,0.92824
230,30,371,447,42,104,0,7,0.92824
231,30,371,447,42,104,0,7,0.9103
232,30,371,447,42,104,0,7,0.9103
233,30,371,447,42,104,0,7,0.9103
234,30,371,447,42,104,0,7,0.89236
235,30,371,447,42,104,0,7,0.89236
236,30,371,447,42,104,0,7,0.89236
237,30,371,447,42,104,0,7,0.87442
238,30,371,447,42,104,0,7,0.87442
239,30,371,447,42,104,0,7,0.87442
240,30,371,447,42,104,0,7,0.87442
241,30,371,447,42,104,0,7,0.87287
242,30,371,447,42,104,0,7,0.87287
243,30,371,447,42,104,0,7,0.87287
244,30,371,447,42,104,0,7,0.87287
245,30,371,447,42,104,0,7,0.87287
246,30,371,447,42,104,0,7,0.87287
247,30,371,447,42,104,0,7,0.87287
248,30,371,447,42,104,0,7,0.87287
249,30,371,447,42,104,0,7,0.87287
250,30,371,447,42,104,0,7,0.87287
251,30,371,447,42,104,0,7,0.87287
252,30,371,447,42,104,0,7,0.87287
253,30,371,447,42,104,0,7,0.87287
254,30,371,447,42,104,0,7,0.87154
255,30,371,447,42,104,0,7,0.87021
256,30,371,447,42,104,0,7,0.86888
257,30,371,447,42,104,0,7,0.86755
258,30,371,447,42,104,0,7,0.86622
259,30,371,447,42,104,0,7,0.86489
260,30,371,447,42,104,0,7,0.86357
261,30,371,447,42,104,0,7,0.84408
262,30,371,447,42,104,0,7,0.80509
263,30,371,447,42,104,0,7,0.7856
264,30,371,447,42,104,0,7,0.76611
265,30,371,447,42,104,0,7,0.74662
266,30,371,447,42,104,0,7,0.72713
267,30,371,447,42,104,0,7,0.68815
268,30,371,447,42,104,0,7,0.66866
269,30,371,447,42,104,0,7,0.64917
270,30,371,447,42,104,0,7,0.62968
271,30,371,447,42,104,0,7,0.61462
272,30,371,447,42,104,0,7,0.59535
273,30,371,447,42,104,0,7,0.59535
274,30,371,447,42,104,0,7,0.57608
275,30,371,447,42,104,0,7,0.57608
276,30,371,447,42,104,0,7,0.57608
277,30,371,447,42,104,0,7,0.55681
278,30,371,447,42,104,0,7,0.55681
279,30,371,447,42,104,0,7,0.53754
280,30,371,447,42,104,0,7,0.53754
281,30,371,447,42,104,0,7,0.54286
282,30,371,447,42,104,0,7,0.51827
283,30,371,447,42,104,0,7,0.499
284,30,371,447,42,104,0,7,0.47973
285,30,371,447,42,104,0,7,0.47973
286,30,371,447,42,104,0,7,0.46047
287,30,371,447,42,104,0,7,0.4412
288,30,371,447,42,104,0,7,0.4412
289,30,371,447,42,104,0,7,0.42193
290,30,371,447,42,104,0,7,0.40266
291,30,371,447,42,104,0,7,0.40266
292,30,371,447,42,104,0,7,0.3763
293,30,371,447,42,104,0,7,0.3763
294,30,371,447,42,104,0,7,0.3763
295,30,371,447,42,104,0,7,0.3763
296,30,371,447,42,104,0,7,0.3763
297,30,371,447,42,104,0,7,0.3763
298,30,371,447,42,104,0,7,0.3763
299,30,371,447,42,104,0,7,0.3763
300,30,371,447,42,104,0,7,0.3763
301,30,371,447,42,104,0,7,0.3763
1,31,418,459,40,84,1,1,0.58537
2,31,418,459,40,84,1,1,0.58537
3,31,418,459,40,84,1,1,0.58537
4,31,418,459,40,84,1,1,0.58537
5,31,418,459,40,84,1,1,0.58537
6,31,418,459,40,84,1,1,0.58537
7,31,418,459,40,84,1,1,0.58537
8,31,418,459,40,84,1,1,0.58537
9,31,418,459,40,84,1,1,0.58537
10,31,418,459,40,84,1,1,0.58537
11,31,418,459,40,84,1,1,0.58537
12,31,418,459,40,84,1,1,0.58537
13,31,418,459,40,84,1,1,0.60976
14,31,418,459,40,84,1,1,0.63415
15,31,418,459,40,84,1,1,0.65854
16,31,418,459,40,84,1,1,0.68293
17,31,418,459,40,84,1,1,0.68293
18,31,418,459,40,84,1,1,0.70732
19,31,418,459,40,84,1,1,0.73171
20,31,418,459,40,84,1,1,0.7561
21,31,418,459,40,84,1,1,0.78049
22,31,418,459,40,84,1,1,0.82927
23,31,418,459,40,84,1,1,0.87805
24,31,418,459,40,84,1,1,0.92683
25,31,418,459,40,84,1,1,1
26,31,418,459,40,84,1,1,1
27,31,418,459,40,84,1,1,1
28,31,419,459,39,84,1,1,1
29,31,419,459,39,84,1,1,1
30,31,419,459,39,84,1,1,1
31,31,419,459,39,84,1,1,1
32,31,419,459,39,84,1,1,1
33,31,419,459,39,84,1,1,1
34,31,419,459,39,84,1,1,1
35,31,419,459,39,84,1,1,1
36,31,419,459,39,84,1,1,1
37,31,419,459,39,84,1,1,1
38,31,419,459,39,84,1,1,1
39,31,419,459,39,84,1,1,1
40,31,419,459,39,84,1,1,1
41,31,419,459,39,84,1,1,1
42,31,419,459,39,84,1,1,1
43,31,419,459,39,84,1,1,1
44,31,419,459,39,84,1,1,1
45,31,419,459,39,84,1,1,1
46,31,419,459,39,84,1,1,1
47,31,419,459,39,84,1,1,1
48,31,419,459,39,84,1,1,1
49,31,419,459,39,84,1,1,1
50,31,419,459,39,84,1,1,1
51,31,419,459,39,84,1,1,1
52,31,419,459,39,84,1,1,1
53,31,419,459,39,84,1,1,1
54,31,419,459,39,84,1,1,1
55,31,420,459,38,84,1,1,1
56,31,420,459,38,84,1,1,1
57,31,420,459,38,84,1,1,1
58,31,420,459,38,84,1,1,1
59,31,420,459,38,84,1,1,1
60,31,420,459,38,84,1,1,1
61,31,420,459,38,84,1,1,1
62,31,420,459,38,84,1,1,1
63,31,420,459,38,84,1,1,1
64,31,420,459,38,84,1,1,1
65,31,420,459,38,84,1,1,1
66,31,420,459,38,84,1,1,1
67,31,420,459,38,84,1,1,1
68,31,420,459,38,84,1,1,1
69,31,420,459,38,84,1,1,1
70,31,420,459,38,84,1,1,1
71,31,420,459,38,84,1,1,1
72,31,420,459,38,84,1,1,1
73,31,420,459,38,84,1,1,1
74,31,420,459,38,84,1,1,1
75,31,420,459,38,84,1,1,1
76,31,420,459,38,84,1,1,1
77,31,420,459,38,84,1,1,1
78,31,420,459,38,84,1,1,1
79,31,420,459,38,84,1,1,1
80,31,420,459,38,84,1,1,1
81,31,421,459,37,84,1,1,1
82,31,421,458,37,84,1,1,1
83,31,422,458,37,84,1,1,1
84,31,423,458,36,84,1,1,1
85,31,423,458,37,83,1,1,1
86,31,424,458,36,83,1,1,1
87,31,425,457,36,84,1,1,1
88,31,425,457,36,83,1,1,1
89,31,426,457,36,83,1,1,0.97587
90,31,427,457,35,83,1,1,0.9504
91,31,428,457,35,83,1,1,0.92659
92,31,428,457,35,83,1,1,0.90344
93,31,428,457,35,83,1,1,0.88095
94,31,429,457,35,83,1,1,0.83565
95,31,429,457,35,84,1,1,0.80915
96,31,430,458,35,83,1,1,0.7586
97,31,430,458,35,83,1,1,0.73446
98,31,430,458,35,84,1,1,0.7098
99,31,431,458,35,84,1,1,0.65686
100,31,431,458,35,84,1,1,0.65686
101,31,432,459,35,84,1,1,0.60261
102,31,432,458,35,84,1,1,0.58333
103,31,433,458,35,84,1,1,0.5281
104,31,433,458,36,84,1,1,0.49253
105,31,434,458,35,84,1,1,0.45359
106,31,434,458,36,84,1,1,0.4442
107,31,435,458,36,83,1,1,0.38867
108,31,435,458,36,83,1,1,0.36422
109,31,436,458,36,83,1,1,0.33977
110,31,436,458,37,83,1,1,0.30952
111,31,437,458,37,83,1,1,0.28571
112,31,437,458,37,83,1,1,0.2619
113,31,438,458,37,83,1,1,0.21429
114,31,438,458,37,83,1,1,0.22462
115,31,439,458,37,83,1,1,0.17763
116,31,440,458,36,83,1,1,0.16667
117,31,440,458,37,83,1,1,0.11905
118,31,441,458,36,83,1,1,0.11905
119,31,441,458,37,83,1,1,0.11905
120,31,442,458,36,83,1,1,0.11905
121,31,443,458,36,83,1,1,0.11905
122,31,443,458,36,83,1,1,0.11905
123,31,443,458,36,83,1,1,0.11905
124,31,443,458,36,83,1,1,0.13127
125,31,444,458,36,83,1,1,0.17954
126,31,444,458,36,83,1,1,0.20367
127,31,444,458,36,83,1,1,0.20367
128,31,445,458,36,83,1,1,0.24196
129,31,445,458,36,83,1,1,0.26641
130,31,445,458,36,83,1,1,0.26641
131,31,446,458,36,84,1,1,0.31447
132,31,447,457,36,84,1,1,0.35612
133,31,449,457,35,84,1,1,0.38725
134,31,450,457,35,83,1,1,0.42063
135,31,452,457,34,83,1,1,0.4966
136,31,454,457,33,83,1,1,0.55952
137,31,455,456,33,83,1,1,0.53466
138,31,457,456,32,83,1,1,0.54798
139,31,458,456,32,82,1,1,0.55203
140,31,460,456,31,82,1,1,0.59676
141,31,462,456,30,82,1,1,0.61679
142,31,463,456,30,82,1,1,0.58842
143,31,464,456,30,82,1,1,0.58531
144,31,465,456,30,82,1,1,0.55849
145,31,466,456,30,83,1,1,0.49539
146,31,467,457,30,82,1,1,0.43257
147,31,468,457,30,82,1,1,0.36728
148,31,469,457,30,83,1,1,0.30876
149,31,470,457,30,83,1,1,0.2381
150,31,471,457,30,83,1,1,0.17665
151,31,472,458,31,83,1,1,0.13281
152,31,471,458,31,83,1,1,0.13542
153,31,471,458,31,83,1,1,0.098958
154,31,471,458,31,83,1,1,0.098958
155,31,471,458,31,83,1,1,0.098958
156,31,471,458,31,83,1,1,0.070312
157,31,471,458,31,83,1,1,0.070312
158,31,471,458,31,83,1,1,0.070312
159,31,471,458,31,83,1,1,0.041667
160,31,470,458,31,83,1,1,0.072917
161,31,470,458,31,83,1,1,0.072917
162,31,470,458,31,83,1,1,0.072917
163,31,470,458,31,83,1,1,0.072917
164,31,470,458,31,83,1,1,0.072917
165,31,470,458,31,83,1,1,0.072917
166,31,470,458,31,83,1,1,0.072917
167,31,470,458,31,83,1,1,0.072917
168,31,470,458,31,83,1,1,0.075521
169,31,469,458,31,83,1,1,0.10677
170,31,469,458,31,83,1,1,0.10677
171,31,469,458,31,83,1,1,0.10677
172,31,469,458,31,83,1,1,0.078125
173,31,469,458,31,83,1,1,0.049479
174,31,469,458,31,83,1,1,0.049479
175,31,469,458,31,83,1,1,0.049479
176,31,469,458,31,83,1,1,0.049479
177,31,468,458,31,83,1,1,0.052083
178,31,468,458,31,83,1,1,0.052083
179,31,468,458,31,83,1,1,0.052083
180,31,468,458,31,83,1,1,0.052083
181,31,468,458,31,83,1,1,0.052083
182,31,468,458,31,83,1,1,0.052083
183,31,468,458,31,83,1,1,0.05878
184,31,468,458,31,83,1,1,0.056548
185,31,468,458,31,83,1,1,0.056548
186,31,467,458,31,83,1,1,0.05878
187,31,467,458,31,83,1,1,0.05878
188,31,467,458,31,83,1,1,0.05878
189,31,467,458,31,83,1,1,0.056548
190,31,467,458,31,83,1,1,0.056548
191,31,467,458,31,83,1,1,0.063988
192,31,467,458,31,83,1,1,0.063988
193,31,467,458,31,83,1,1,0.063988
194,31,466,458,31,83,1,1,0.063988
195,31,466,458,31,83,1,1,0.063988
196,31,466,458,31,83,1,1,0.063988
197,31,466,458,31,83,1,1,0.063988
198,31,466,458,31,83,1,1,0.063988
199,31,466,458,31,83,1,1,0.061384
200,31,466,458,31,83,1,1,0.061384
201,31,466,458,31,83,1,1,0.061384
202,31,466,458,31,83,1,1,0.061384
203,31,465,458,31,83,1,1,0.063988
204,31,465,458,31,83,1,1,0.061384
205,31,465,458,31,83,1,1,0.061384
206,31,465,458,31,83,1,1,0.061384
207,31,465,458,31,83,1,1,0.061384
208,31,465,458,31,83,1,1,0.061384
209,31,465,458,31,83,1,1,0.05878
210,31,465,458,31,83,1,1,0.05878
211,31,465,458,31,83,1,1,0.05878
212,31,465,458,31,83,1,1,0.05878
213,31,466,458,30,83,1,1,0.057604
214,31,466,458,31,83,1,1,0.053571
215,31,467,458,30,83,1,1,0.052227
216,31,467,458,31,83,1,1,0.079241
217,31,468,458,30,83,1,1,0.078725
218,31,468,458,31,83,1,1,0.10491
219,31,469,458,30,83,1,1,0.073349
220,31,470,459,30,83,1,1,0.08871
221,31,469,459,30,83,1,1,0.095238
222,31,469,459,30,83,1,1,0.12097
223,31,469,459,30,83,1,1,0.15054
224,31,469,459,30,83,1,1,0.14785
225,31,469,459,30,83,1,1,0.17742
226,31,469,459,30,83,1,1,0.17742
227,31,469,459,30,83,1,1,0.17281
228,31,469,459,30,83,1,1,0.20276
229,31,469,459,30,83,1,1,0.23272
230,31,469,460,30,82,1,1,0.22969
231,31,468,460,30,82,1,1,0.23164
232,31,467,460,30,82,1,1,0.29421
233,31,466,460,30,82,1,1,0.32647
234,31,465,460,30,82,1,1,0.32647
235,31,464,460,30,82,1,1,0.38904
236,31,463,460,30,82,1,1,0.4213
237,31,462,460,30,82,1,1,0.4213
238,31,461,460,30,82,1,1,0.48387
239,31,460,460,30,82,1,1,0.51613
240,31,460,460,30,82,1,1,0.48387
241,31,457,460,30,82,1,1,0.55033
242,31,454,460,30,82,1,1,0.58531
243,31,452,460,30,82,1,1,0.58842
244,31,449,460,30,82,1,1,0.59153
245,31,446,460,30,82,1,1,0.59619
246,31,444,460,30,82,1,1,0.56937
247,31,441,460,30,82,1,1,0.54178
248,31,438,460,30,82,1,1,0.452
249,31,436,460,30,82,1,1,0.39059
250,31,433,460,30,82,1,1,0.30082
251,31,431,461,30,82,1,1,0.22969
252,31,430,461,30,82,1,1,0.20093
253,31,429,461,30,82,1,1,0.16984
254,31,428,461,30,82,1,1,0.13875
255,31,428,461,30,82,1,1,0.14108
256,31,427,461,30,82,1,1,0.10999
257,31,426,461,30,82,1,1,0.078896
258,31,426,461,30,82,1,1,0.081228
259,31,425,461,30,82,1,1,0.050136
260,31,424,461,30,82,1,1,0.047804
261,31,424,461,30,82,1,1,0.047804
262,31,423,461,30,82,1,1,0.050136
263,31,422,461,30,82,1,1,0.052468
264,31,421,461,30,82,1,1,0.052468
265,31,420,461,30,82,1,1,0.0548
266,31,419,461,30,82,1,1,0.0548
267,31,418,461,30,82,1,1,0.057132
268,31,417,461,30,82,1,1,0.059464
269,31,416,461,30,82,1,1,0.059464
270,31,416,462,30,82,1,1,0.052079
271,31,415,462,30,82,1,1,0.059464
272,31,414,462,30,82,1,1,0.059464
273,31,413,462,30,82,1,1,0.056354
274,31,412,462,30,82,1,1,0.055188
275,31,411,462,30,82,1,1,0.052079
276,31,410,462,30,82,1,1,0.04897
277,31,409,462,30,82,1,1,0.047804
278,31,408,462,30,82,1,1,0.044695
279,31,407,462,30,82,1,1,0.043529
280,31,406,462,30,82,1,1,0.04042
281,31,406,462,30,83,1,1,0.046083
282,31,406,462,30,83,1,1,0.041859
283,31,406,462,30,83,1,1,0.041859
284,31,406,462,30,83,1,1,0.043779
285,31,406,462,30,83,1,1,0.043779
286,31,406,462,30,83,1,1,0.043779
287,31,406,462,30,83,1,1,0.045699
288,31,406,462,30,83,1,1,0.045699
289,31,406,462,30,83,1,1,0.043395
290,31,406,462,30,83,1,1,0.043395
291,31,406,461,30,83,1,1,0.052227
292,31,406,461,30,83,1,1,0.049539
293,31,406,461,30,83,1,1,0.049539
294,31,406,461,30,83,1,1,0.049539
295,31,406,461,30,83,1,1,0.049539
296,31,406,461,30,83,1,1,0.049539
297,31,406,461,30,83,1,1,0.049539
298,31,406,461,30,83,1,1,0.049539
299,31,406,461,30,83,1,1,0.049539
300,31,406,461,30,83,1,1,0.049539
301,31,406,461,30,83,1,1,0.049539
1,36,582,456,35,133,1,1,0.11111
2,36,582,455,34,134,1,1,0.11429
3,36,582,455,34,134,1,1,0.11429
4,36,582,455,34,134,1,1,0.11429
5,36,582,455,34,134,1,1,0.11429
6,36,582,455,34,134,1,1,0.11429
7,36,582,455,34,134,1,1,0.11429
8,36,582,455,34,134,1,1,0.11429
9,36,582,455,34,134,1,1,0.11429
10,36,582,455,34,134,1,1,0.11429
11,36,582,455,34,134,1,1,0.14286
12,36,581,455,35,134,1,1,0.16667
13,36,581,455,35,134,1,1,0.16667
14,36,581,455,35,134,1,1,0.16667
15,36,581,455,35,134,1,1,0.16667
16,36,581,456,35,134,1,1,0.16667
17,36,581,456,35,134,1,1,0.16667
18,36,581,456,35,134,1,1,0.16667
19,36,581,456,35,134,1,1,0.19444
20,36,581,456,35,134,1,1,0.22222
21,36,581,457,35,134,1,1,0.25
22,36,581,456,35,135,1,1,0.25
23,36,581,456,35,135,1,1,0.27778
24,36,581,456,35,135,1,1,0.30556
25,36,581,456,35,135,1,1,0.30637
26,36,581,456,35,135,1,1,0.27941
27,36,581,455,35,136,1,1,0.27981
28,36,581,455,35,136,1,1,0.25203
29,36,581,455,35,136,1,1,0.25203
30,36,581,455,35,136,1,1,0.25203
31,36,581,455,35,136,1,1,0.22425
32,36,581,455,35,135,1,1,0.30637
33,36,581,455,36,135,1,1,0.35135
34,36,581,455,36,135,1,1,0.37838
35,36,581,455,37,135,1,1,0.39474
36,36,581,455,38,135,1,1,0.41026
37,36,581,455,38,135,1,1,0.46154
38,36,581,455,39,135,1,1,0.45
39,36,581,455,39,135,1,1,0.5
40,36,581,455,40,135,1,1,0.5122
41,36,581,455,41,135,1,1,0.52381
42,36,581,455,41,134,1,1,0.52381
43,36,581,455,41,134,1,1,0.54762
44,36,581,455,41,134,1,1,0.57143
45,36,581,455,41,134,1,1,0.59524
46,36,582,455,40,134,1,1,0.63415
47,36,582,455,40,134,1,1,0.65854
48,36,582,455,40,134,1,1,0.65854
49,36,582,455,40,134,1,1,0.68293
50,36,582,455,40,134,1,1,0.70732
51,36,583,455,39,134,1,1,0.725
52,36,583,455,39,134,1,1,0.7
53,36,583,455,39,134,1,1,0.65
54,36,583,455,39,134,1,1,0.6
55,36,583,455,39,134,1,1,0.55
56,36,583,455,39,134,1,1,0.5
57,36,583,455,40,134,1,1,0.46341
58,36,583,455,40,134,1,1,0.41463
59,36,583,455,40,134,1,1,0.34146
60,36,584,455,39,134,1,1,0.3
61,36,584,455,39,134,1,1,0.25
62,36,584,455,40,134,1,1,0.19512
63,36,584,455,40,134,1,1,0.12195
64,36,584,455,40,134,1,1,0.073171
65,36,584,455,40,134,1,1,0
66,36,584,455,40,134,1,1,0
67,36,584,455,41,134,1,1,0
68,36,585,455,40,134,1,1,0
69,36,585,455,40,134,1,1,0
70,36,585,455,40,134,1,1,0
71,36,585,455,40,134,1,1,0
72,36,585,455,40,134,1,1,0
73,36,585,455,41,134,1,1,0
74,36,585,455,41,135,1,1,0
75,36,585,455,41,135,1,1,0
76,36,586,455,40,135,1,1,0
77,36,586,455,40,135,1,1,0
78,36,586,455,41,135,1,1,0
79,36,586,455,41,135,1,1,0
80,36,586,455,41,135,1,1,0
81,36,586,455,41,135,1,1,0
82,36,586,455,41,135,1,1,0
83,36,586,455,42,135,1,1,0
84,36,587,455,41,135,1,1,0
85,36,587,455,41,135,1,1,0
86,36,587,455,41,135,1,1,0
87,36,587,455,41,135,1,1,0
88,36,587,455,41,135,1,1,0
89,36,587,455,42,135,1,1,0
90,36,587,455,42,135,1,1,0
91,36,587,455,42,135,1,1,0
92,36,588,455,41,135,1,1,0
93,36,588,455,41,135,1,1,0
94,36,588,455,42,135,1,1,0
95,36,588,455,42,135,1,1,0
96,36,588,455,42,136,1,1,0
97,36,588,455,42,136,1,1,0
98,36,588,455,42,136,1,1,0
99,36,588,455,43,136,1,1,0
100,36,588,455,43,136,1,1,0
101,36,589,455,42,136,1,1,0
102,36,589,455,42,136,1,1,0
103,36,589,455,42,136,1,1,0
104,36,589,455,43,136,1,1,0
105,36,589,455,43,136,1,1,0
106,36,589,455,43,136,1,1,0
107,36,589,455,43,136,1,1,0
108,36,589,455,43,136,1,1,0
109,36,590,455,42,136,1,1,0
110,36,590,455,43,136,1,1,0
111,36,590,455,43,136,1,1,0
112,36,590,455,43,136,1,1,0
113,36,590,455,43,136,1,1,0
114,36,590,455,43,136,1,1,0
115,36,590,455,44,136,1,1,0
116,36,590,455,44,136,1,1,0
117,36,591,455,43,136,1,1,0
118,36,591,455,43,136,1,1,0
119,36,591,455,43,137,1,1,0
120,36,591,455,44,137,1,1,0
121,36,591,455,44,137,1,1,0
122,36,591,455,44,137,1,1,0
123,36,591,455,44,137,1,1,0
124,36,591,455,44,137,1,1,0
125,36,592,455,43,137,1,1,0
126,36,592,455,44,137,1,1,0
127,36,592,455,44,137,1,1,0
128,36,592,455,44,137,1,1,0
129,36,592,455,44,137,1,1,0
130,36,592,455,44,137,1,1,0
131,36,592,455,45,137,1,1,0
132,36,592,455,45,137,1,1,0
133,36,593,455,44,137,1,1,0
134,36,593,455,44,137,1,1,0
135,36,593,455,44,137,1,1,0
136,36,593,455,45,137,1,1,0
137,36,593,455,45,137,1,1,0
138,36,593,455,45,137,1,1,0
139,36,593,455,45,137,1,1,0
140,36,593,455,45,137,1,1,0
141,36,594,455,45,138,1,1,0
142,36,593,455,44,138,1,1,0
143,36,592,455,44,139,1,1,0
144,36,591,455,44,139,1,1,0
145,36,590,455,44,140,1,1,0
146,36,589,455,44,140,1,1,0
147,36,588,455,44,141,1,1,0
148,36,587,455,44,141,1,1,0
149,36,586,455,44,142,1,1,0
150,36,585,455,44,142,1,1,0
151,36,584,456,44,142,1,1,0
152,36,583,456,44,142,1,1,0
153,36,583,456,44,142,1,1,0
154,36,582,456,44,142,1,1,0
155,36,582,456,44,143,1,1,0
156,36,582,456,44,143,1,1,0
157,36,581,456,44,143,1,1,0
158,36,581,456,44,144,1,1,0
159,36,580,456,44,144,1,1,0
160,36,580,456,44,144,1,1,0
161,36,580,457,44,144,1,1,0
162,36,579,457,44,144,1,1,0
163,36,579,457,44,144,1,1,0
164,36,578,457,45,144,1,1,0
165,36,578,457,44,144,1,1,0
166,36,578,457,44,144,1,1,0
167,36,577,457,45,144,1,1,0
168,36,577,457,44,144,1,1,0
169,36,576,457,45,144,1,1,0
170,36,576,457,45,144,1,1,0
171,36,576,458,45,143,1,1,0
172,36,575,457,46,144,1,1,0
173,36,575,457,46,144,1,1,0
174,36,574,457,47,145,1,1,0
175,36,574,457,47,145,1,1,0
176,36,573,457,49,146,1,1,0
177,36,573,457,49,146,1,1,0
178,36,572,457,50,146,1,1,0
179,36,572,457,50,147,1,1,0
180,36,571,457,51,147,1,1,0.076923
181,36,571,457,52,148,1,1,0.16981
182,36,570,456,53,150,1,1,0.25926
183,36,570,456,53,151,1,1,0.35185
184,36,569,456,54,152,1,1,0.45455
185,36,569,455,54,154,1,1,0.54545
186,36,569,455,54,155,1,1,0.63636
187,36,568,455,55,156,1,1,0.73214
188,36,568,454,55,158,1,1,0.82143
189,36,567,454,56,159,1,1,0.91228
190,36,567,454,56,160,1,1,1
191,36,567,454,57,162,1,1,1
192,36,567,453,57,162,1,1,1
193,36,568,453,57,162,1,1,1
194,36,568,453,58,162,1,1,1
195,36,569,453,57,162,1,1,1
196,36,569,453,58,162,1,1,1
197,36,570,453,58,162,1,1,1
198,36,570,453,60,162,1,1,1
199,36,570,453,63,163,1,1,1
200,36,570,453,66,164,1,1,1
201,36,571,453,68,165,1,1,1
202,36,572,453,67,165,1,1,1
203,36,574,453,65,165,1,1,1
204,36,576,453,64,166,1,1,1
205,36,578,453,62,166,1,1,1
206,36,580,453,61,167,1,1,1
207,36,581,453,60,167,1,1,1
208,36,583,453,58,167,1,1,1
209,36,585,453,57,168,1,1,1
210,36,587,453,55,168,1,1,1
211,36,589,454,54,168,1,1,1
212,36,590,453,54,169,1,1,1
213,36,591,453,54,169,1,1,1
214,36,593,453,53,169,1,1,1
215,36,594,453,53,169,1,1,1
216,36,595,453,53,170,1,1,1
217,36,596,454,53,169,1,1,1
218,36,598,454,53,170,1,1,1
219,36,599,455,53,169,1,1,1
220,36,600,455,53,170,1,1,1
221,36,602,456,53,170,1,1,1
222,36,603,455,53,171,1,1,1
223,36,604,454,53,173,1,1,1
224,36,605,453,53,174,1,1,1
225,36,607,453,52,175,1,1,1
226,36,608,452,53,176,1,1,1
227,36,609,451,53,178,1,1,1
228,36,611,451,52,178,1,1,1
229,36,612,450,52,180,1,1,1
230,36,613,449,52,181,1,1,1
231,36,615,449,52,182,1,1,1
232,36,616,449,53,181,1,1,1
233,36,617,449,55,181,1,1,1
234,36,618,449,56,181,1,1,1
235,36,619,449,58,181,1,1,1
236,36,621,450,59,180,1,1,1
237,36,622,450,63,180,1,1,1
238,36,623,450,67,181,1,1,1
239,36,625,451,70,180,1,1,1
240,36,626,451,74,181,1,1,1
241,36,628,452,77,181,1,1,1
242,36,629,451,76,182,1,1,1
243,36,630,451,75,182,1,1,1
244,36,631,451,75,182,1,1,1
245,36,632,450,74,183,1,1,1
246,36,633,450,73,183,1,1,1
247,36,634,450,73,183,1,1,1
248,36,637,449,70,184,1,1,1
249,36,641,449,66,185,1,1,1
250,36,645,448,62,186,1,1,1
251,36,649,448,58,187,1,1,1
252,36,650,448,59,187,1,1,1
253,36,651,448,60,187,1,1,1
254,36,652,448,61,187,1,1,1
255,36,654,449,61,187,1,1,1
256,36,655,449,62,187,1,1,1
257,36,656,449,63,187,1,1,1
258,36,658,450,63,187,1,1,1
259,36,659,450,64,187,1,1,1
260,36,660,450,65,187,1,1,1
261,36,662,451,65,187,1,1,1
262,36,664,450,65,188,1,1,1
263,36,666,450,65,188,1,1,1
264,36,668,450,65,188,1,1,1
265,36,670,449,65,189,1,1,1
266,36,672,449,65,189,1,1,1
267,36,674,449,65,190,1,1,1
268,36,678,448,63,191,1,1,1
269,36,682,447,61,193,1,1,1
270,36,686,446,59,195,1,1,1
271,36,690,446,58,196,1,1,1
272,36,692,446,61,195,1,1,1
273,36,694,446,64,195,1,1,1
274,36,696,446,68,195,1,1,1
275,36,699,446,70,194,1,1,1
276,36,701,446,74,194,1,1,1
277,36,703,446,77,194,1,1,1
278,36,706,447,80,193,1,1,1
279,36,708,447,85,194,1,1,1
280,36,710,447,90,195,1,1,1
281,36,713,448,95,195,1,1,1
282,36,714,447,93,196,1,1,1
283,36,716,446,91,197,1,1,1
284,36,717,446,89,197,1,1,1
285,36,719,445,87,198,1,1,1
286,36,721,445,85,198,1,1,1
287,36,725,444,81,198,1,1,1
288,36,729,443,77,199,1,1,1
289,36,733,442,73,200,1,1,1
290,36,738,442,69,200,1,1,1
291,36,741,442,68,200,1,1,1
292,36,744,442,67,201,1,1,1
293,36,747,442,66,202,1,1,1
294,36,751,442,65,203,1,1,1
295,36,754,442,64,204,1,1,1
296,36,757,442,63,205,1,1,1
297,36,761,443,62,205,1,1,1
298,36,762,443,64,205,1,1,1
299,36,764,443,66,206,1,1,1
300,36,766,443,68,207,1,1,1
301,36,768,443,70,208,1,1,1
58,37,662,448,70,187,1,1,0.014984
59,37,666,448,68,187,1,1,0.01696
60,37,670,448,67,188,1,1,0.019452
61,37,674,448,66,188,1,1,0.0199
62,37,678,449,65,188,1,1,0.019881
63,37,678,449,68,188,1,1,0.020857
64,37,678,449,71,189,1,1,0.018933
65,37,678,449,74,190,1,1,0.019058
66,37,678,450,77,190,1,1,0.016915
67,37,678,449,78,191,1,1,0.017009
68,37,678,449,79,192,1,1,0.017098
69,37,678,449,80,192,1,1,0.017271
70,37,678,449,81,193,1,1,0.01735
71,37,678,449,82,193,1,1,0.017886
72,37,679,449,82,194,1,1,0.018165
73,37,682,449,79,194,1,1,0.019231
74,37,685,449,77,194,1,1,0.023471
75,37,688,449,74,194,1,1,0.024889
76,37,691,449,72,195,1,1,0.029634
77,37,694,449,70,195,1,1,0.035571
78,37,697,449,67,195,1,1,0.03714
79,37,700,449,65,195,1,1,0.038265
80,37,704,449,62,196,1,1,0.039884
81,37,706,449,62,197,1,1,0.039683
82,37,708,449,62,198,1,1,0.035734
83,37,710,449,62,199,1,1,0.03619
84,37,712,449,62,200,1,1,0.031509
85,37,714,449,62,201,1,1,0.031903
86,37,716,450,62,201,1,1,0.027346
87,37,717,449,64,201,1,1,0.026961
88,37,719,448,65,202,1,1,0.031348
89,37,721,447,67,203,1,1,0.030781
90,37,724,447,66,203,1,1,0.031241
91,37,727,447,66,203,1,1,0.031241
92,37,731,447,64,204,1,1,0.032045
93,37,734,447,64,204,1,1,0.032045
94,37,738,447,63,205,1,1,0.03345
95,37,735,447,70,205,1,1,0.031588
96,37,732,447,77,205,1,1,0.054829
97,37,730,447,83,205,1,1,0.075127
98,37,733,447,84,205,1,1,0.063678
99,37,737,447,84,205,1,1,0.064477
100,37,741,447,84,205,1,1,0.042147
101,37,745,447,84,205,1,1,0.031182
102,37,749,448,84,205,1,1,0.039178
103,37,750,447,84,206,1,1,0.043592
104,37,751,447,84,207,1,1,0.043439
105,37,752,447,84,207,1,1,0.043439
106,37,753,446,84,209,1,1,0.047619
107,37,755,446,84,210,1,1,0.063674
108,37,756,446,84,210,1,1,0.047895
109,37,757,445,84,212,1,1,0.040265
110,37,758,445,84,212,1,1,0.040265
111,37,759,445,84,213,1,1,0.039582
112,37,761,445,84,214,1,1,0.051163
113,37,767,443,82,216,1,1,0.096441
114,37,773,442,81,218,1,1,0.14701
115,37,779,441,80,220,1,1,0.17502
116,37,782,441,80,220,1,1,0.1634
117,37,786,442,79,219,1,1,0.14909
118,37,789,442,79,220,1,1,0.13705
119,37,793,443,78,219,1,1,0.13418
120,37,797,444,77,219,1,1,0.11888
121,37,799,444,78,219,1,1,0.10587
122,37,802,444,79,220,1,1,0.10492
123,37,805,444,80,220,1,1,0.13955
124,37,808,444,81,221,1,1,0.17315
125,37,809,443,80,222,1,1,0.16669
126,37,811,442,79,223,1,1,0.17188
127,37,812,441,79,224,1,1,0.17556
128,37,814,440,77,225,1,1,0.17018
129,37,815,439,77,226,1,1,0.16994
130,37,817,439,76,227,1,1,0.16724
131,37,820,438,76,228,1,1,0.17927
132,37,824,437,75,230,1,1,0.20893
133,37,828,436,75,231,1,1,0.2458
134,37,832,435,74,233,1,1,0.2604
135,37,836,434,74,235,1,1,0.30079
136,37,839,435,78,235,1,1,0.34215
137,37,843,436,81,235,1,1,0.39541
138,37,846,438,85,234,1,1,0.44087
139,37,850,439,88,234,1,1,0.47674
140,37,854,441,91,234,1,1,0.5192
141,37,856,440,90,235,1,1,0.51597
142,37,858,440,89,235,1,1,0.52147
143,37,860,439,88,236,1,1,0.52022
144,37,862,439,87,237,1,1,0.51681
145,37,864,438,86,238,1,1,0.51541
146,37,866,438,85,238,1,1,0.51192
147,37,868,437,84,240,1,1,0.51931
148,37,870,437,83,240,1,1,0.51571
149,37,872,436,82,241,1,1,0.51404
150,37,875,436,81,242,1,1,0.52153
151,37,879,435,78,243,1,1,0.53102
152,37,884,435,75,244,1,1,0.55918
153,37,889,435,72,245,1,1,0.59015
154,37,893,435,70,246,1,1,0.61635
155,37,898,435,67,247,1,1,0.65459
156,37,903,435,64,248,1,1,0.69509
157,37,905,436,68,248,1,1,0.72411
158,37,908,437,71,249,1,1,0.761
159,37,911,438,74,250,1,1,0.79432
160,37,913,438,76,251,1,1,0.81138
161,37,915,439,78,251,1,1,0.8154
162,37,918,440,80,252,1,1,0.74689
163,37,920,439,78,253,1,1,0.65534
164,37,923,438,76,254,1,1,0.57229
165,37,926,437,73,255,1,1,0.47846
166,37,929,437,71,256,1,1,0.38348
167,37,931,436,72,257,1,1,0.35478
168,37,933,435,73,259,1,1,0.32703
169,37,936,434,74,261,1,1,0.30025
170,37,938,433,76,262,1,1,0.3307
171,37,941,433,77,263,1,1,0.36364
172,37,944,433,78,263,1,1,0.39586
173,37,947,433,80,264,1,1,0.42246
174,37,949,433,85,264,1,1,0.46713
175,37,951,433,91,265,1,1,0.51218
176,37,954,433,95,265,1,1,0.54245
177,37,956,433,101,266,1,1,0.577
178,37,959,433,106,267,1,1,0.60566
179,37,961,433,106,268,1,1,0.6056
180,37,963,433,107,269,1,1,0.61807
181,37,965,433,107,270,1,1,0.61801
182,37,968,434,107,270,1,1,0.62546
183,37,972,433,104,270,1,1,0.63451
184,37,976,433,101,270,1,1,0.65198
185,37,981,433,97,270,1,1,0.66714
186,37,985,433,95,269,1,1,0.68025
187,37,990,433,91,269,1,1,0.69762
188,37,994,432,88,270,1,1,0.67785
189,37,998,432,86,269,1,1,0.65951
190,37,1003,432,82,269,1,1,0.63159
191,37,1007,432,79,269,1,1,0.60583
192,37,1012,432,76,269,1,1,0.59048
193,37,1015,432,80,270,1,1,0.57524
194,37,1018,433,84,271,1,1,0.57102
195,37,1021,434,88,272,1,1,0.56702
196,37,1024,434,92,274,1,1,0.55445
197,37,1027,435,96,275,1,1,0.57956
198,37,1030,436,100,276,1,1,0.60432
199,37,1033,436,100,278,1,1,0.6139
200,37,1036,437,100,279,1,1,0.61245
201,37,1039,438,100,280,1,1,0.61101
202,37,1043,437,98,280,1,1,0.60459
203,37,1047,436,96,281,1,1,0.60792
204,37,1051,435,94,282,1,1,0.61131
205,37,1055,434,92,283,1,1,0.60435
206,37,1059,434,90,283,1,1,0.48924
207,37,1063,433,89,283,1,1,0.37825
208,37,1067,432,89,284,1,1,0.26561
209,37,1072,431,87,284,1,1,0.17576
210,37,1076,430,87,285,1,1,0.095518
211,37,1080,429,86,285,1,1,0.055944
212,37,1085,428,85,286,1,1,0.062718
213,37,1087,428,92,287,1,1,0.0625
214,37,1089,428,99,289,1,1,0.071448
215,37,1091,429,106,290,1,1,0.12882
216,37,1094,429,113,292,1,1,0.19316
217,37,1096,430,120,293,1,1,0.24979
218,37,1098,430,127,295,1,1,0.30532
219,37,1101,431,134,296,1,1,0.3577
220,37,1103,431,134,297,1,1,0.37171
221,37,1105,431,134,299,1,1,0.3764
222,37,1108,432,133,300,1,1,0.37663
223,37,1114,431,128,301,1,1,0.3917
224,37,1120,431,123,302,1,1,0.39796
225,37,1126,430,118,304,1,1,0.39066
226,37,1132,430,113,305,1,1,0.37221
227,37,1138,430,108,306,1,1,0.35206
228,37,1144,429,107,308,1,1,0.35689
229,37,1150,429,107,309,1,1,0.31924
230,37,1156,428,106,311,1,1,0.27049
231,37,1163,428,105,312,1,1,0.23654
232,37,1169,427,105,314,1,1,0.19407
233,37,1175,426,106,316,1,1,0.15976
234,37,1182,426,106,317,1,1,0.19232
235,37,1183,426,114,318,1,1,0.23187
236,37,1184,427,122,318,1,1,0.26396
237,37,1185,428,131,318,1,1,0.2951
238,37,1185,428,132,319,1,1,0.27632
239,37,1185,428,134,321,1,1,0.26547
240,37,1186,429,135,322,1,1,0.25897
241,37,1193,428,131,323,1,1,0.26814
242,37,1201,427,126,324,1,1,0.27729
243,37,1208,427,122,325,1,1,0.28513
244,37,1216,426,117,326,1,1,0.26528
245,37,1223,425,113,327,1,1,0.24182
246,37,1231,425,108,328,1,1,0.21575
247,37,1238,424,104,329,1,1,0.18834
248,37,1246,424,99,330,1,1,0.042296
249,37,1253,423,106,331,1,1,0.045181
250,37,1260,422,114,332,1,1,0.048048
251,37,1268,422,121,333,1,1,0.047904
252,37,1268,422,131,334,1,1,0.047761
253,37,1269,422,141,335,1,1,0.047619
254,37,1269,422,151,336,1,1,0.047478
255,37,1270,423,161,337,1,1,0.056176
256,37,1270,422,162,339,1,1,0.047059
257,37,1271,422,163,340,1,1,0.043988
258,37,1271,422,165,341,1,1,0.040936
259,37,1272,422,166,343,1,1,0.043552
260,37,1280,422,158,345,1,1,0.037572
261,37,1288,422,151,347,1,1,0.034483
262,37,1296,422,144,349,1,1,0.038108
263,37,1307,422,137,349,1,1,0.080559
264,37,1318,422,131,350,1,1,0.05793
265,37,1329,422,124,351,1,1,0.048955
266,37,1340,423,118,351,1,1,0.039152
267,37,1346,422,121,353,1,1,0.025424
268,37,1352,421,124,356,1,1,0.030812
269,37,1358,420,127,358,1,1,0.036212
270,37,1364,420,130,360,1,1,0.036011
271,37,1367,420,138,361,1,1,0.038674
272,37,1371,420,146,362,1,1,0.041322
273,37,1375,420,153,363,1,1,0.041209
274,37,1379,421,161,364,1,1,0.041096
275,37,1381,420,161,365,1,1,0.043716
276,37,1383,420,161,366,1,1,0.046322
277,37,1385,419,161,368,1,1,0.099067
278,37,1387,419,161,369,1,1,0.16136
279,37,1389,419,162,370,1,1,0.21704
280,37,1401,418,154,371,1,1,0.23226
281,37,1413,418,147,372,1,1,0.24563
282,37,1425,417,140,374,1,1,0.26264
283,37,1437,417,133,375,1,1,0.28152
284,37,1447,416,130,377,1,1,0.24494
285,37,1457,416,128,378,1,1,0.21082
286,37,1467,416,125,379,1,1,0.17669
287,37,1478,416,122,381,1,1,0.133
288,37,1479,415,138,383,1,1,0.13129
289,37,1481,414,154,385,1,1,0.13039
290,37,1483,413,169,387,1,1,0.13053
291,37,1485,413,185,389,1,1,0.12821
292,37,1488,412,186,390,1,1,0.12491
293,37,1491,412,187,391,1,1,0.12439
294,37,1494,412,188,392,1,1,0.12622
295,37,1497,411,189,394,1,1,0.15556
296,37,1500,411,190,395,1,1,0.18754
297,37,1504,411,191,396,1,1,0.21439
298,37,1515,410,183,397,1,1,0.21646
299,37,1526,409,175,399,1,1,0.2729
300,37,1537,409,167,400,1,1,0.3331
301,37,1551,409,162,401,1,1,0.37719
250,38,1857,413,212,371,1,1,0.30047
251,38,1846,411,202,372,1,1,0.36946
252,38,1836,409,192,373,1,1,0.44041
253,38,1826,407,182,374,1,1,0.51913
254,38,1816,405,172,375,1,1,0.60694
255,38,1806,404,162,375,1,1,0.70552
256,38,1789,404,171,374,1,1,0.76744
257,38,1772,405,181,373,1,1,0.81868
258,38,1755,406,191,371,1,1,0.86458
259,38,1738,407,201,370,1,1,0.90594
260,38,1721,408,211,368,1,1,0.9434
261,38,1704,409,221,367,1,1,0.97748
262,38,1688,410,230,366,1,1,1
263,38,1683,411,221,361,1,1,1
264,38,1678,412,212,357,1,1,1
265,38,1674,413,202,352,1,1,1
266,38,1669,414,193,348,1,1,1
267,38,1665,415,183,343,1,1,1
268,38,1660,416,174,339,1,1,1
269,38,1656,417,165,335,1,1,1
270,38,1647,414,148,337,1,1,1
271,38,1639,412,131,338,1,1,1
272,38,1630,409,115,340,1,1,1
273,38,1622,407,98,342,1,1,1
274,38,1608,409,108,339,1,1,1
275,38,1595,411,118,337,1,1,1
276,38,1582,413,127,334,1,1,0.97099
277,38,1569,416,137,331,1,1,0.8638
278,38,1555,418,148,328,1,1,0.75814
279,38,1542,420,157,326,1,1,0.67015
280,38,1529,422,167,323,1,1,0.58627
281,38,1516,425,177,320,1,1,0.51638
282,38,1509,423,163,318,1,1,0.41465
283,38,1502,422,150,316,1,1,0.2921
284,38,1495,420,136,314,1,1,0.034897
285,38,1488,419,123,312,1,1,0.0080388
286,38,1479,418,125,311,1,1,0.0039683
287,38,1471,418,127,309,1,1,0.054688
288,38,1463,418,128,307,1,1,0.12403
289,38,1455,418,130,305,1,1,0.19847
290,38,1437,418,142,302,1,1,0.32168
291,38,1420,418,154,299,1,1,0.41935
292,38,1403,419,166,296,1,1,0.50898
293,38,1400,420,163,293,1,1,0.55488
294,38,1397,421,160,291,1,1,0.60248
295,38,1395,422,157,289,1,1,0.64557
296,38,1391,421,147,289,1,1,0.73649
297,38,1387,420,138,289,1,1,0.84173
298,38,1383,420,129,288,1,1,1
299,38,1380,419,118,288,1,1,1
300,38,1376,419,109,287,1,1,1
301,38,1372,418,100,287,1,1,1
1,39,972,456,32,77,1,1,0.29371
2,39,972,456,32,77,1,1,0.30458
3,39,973,456,32,77,1,1,0.31546
4,39,974,456,32,77,1,1,0.32634
5,39,975,456,32,77,1,1,0.33722
6,39,976,456,32,77,1,1,0.3481
7,39,977,456,32,77,1,1,0.35897
8,39,978,456,32,77,1,1,0.3784
9,39,979,456,32,77,1,1,0.39782
10,39,980,456,32,77,1,1,0.41725
11,39,981,456,32,77,1,1,0.43667
12,39,982,455,32,77,1,1,0.43667
13,39,983,455,32,77,1,1,0.42541
14,39,985,455,32,77,1,1,0.40287
15,39,986,455,32,77,1,1,0.39161
16,39,988,455,32,77,1,1,0.36908
17,39,989,454,32,77,1,1,0.36597
18,39,990,454,32,77,1,1,0.35431
19,39,992,454,32,77,1,1,0.331
20,39,993,454,32,77,1,1,0.31935
21,39,995,454,32,77,1,1,0.29604
22,39,995,454,32,77,1,1,0.26573
23,39,996,454,32,77,1,1,0.25408
24,39,997,454,32,77,1,1,0.24242
25,39,998,454,32,77,1,1,0.23077
26,39,999,454,32,77,1,1,0.21911
27,39,999,454,32,77,1,1,0.21911
28,39,1000,454,32,77,1,1,0.20746
29,39,1001,454,32,77,1,1,0.1958
30,39,1002,454,32,77,1,1,0.18415
31,39,1003,454,32,77,1,1,0.17249
32,39,1004,454,32,77,1,1,0.13054
33,39,1005,454,32,77,1,1,0.11888
34,39,1006,454,32,77,1,1,0.10723
35,39,1008,454,32,77,1,1,0.053613
36,39,1009,454,32,77,1,1,0.041958
37,39,1010,454,32,77,1,1,0.030303
38,39,1012,454,32,77,1,1,0
39,39,1013,454,32,77,1,1,0
40,39,1014,454,32,77,1,1,0
41,39,1016,454,32,77,1,1,0
42,39,1016,454,32,77,1,1,0
43,39,1016,454,32,77,1,1,0
44,39,1017,454,32,77,1,1,0
45,39,1017,454,32,77,1,1,0
46,39,1018,454,32,77,1,1,0.030303
47,39,1018,454,32,77,1,1,0.060606
48,39,1019,455,32,77,1,1,0.090909
49,39,1019,454,32,77,1,1,0.090909
50,39,1020,454,32,77,1,1,0.15152
51,39,1021,454,32,77,1,1,0.18182
52,39,1022,454,32,77,1,1,0.19308
53,39,1023,454,32,77,1,1,0.20435
54,39,1024,454,32,77,1,1,0.24592
55,39,1025,454,32,77,1,1,0.25719
56,39,1026,454,32,77,1,1,0.26845
57,39,1028,455,32,77,1,1,0.28827
58,39,1029,454,32,77,1,1,0.33256
59,39,1030,454,32,77,1,1,0.34382
60,39,1031,454,32,77,1,1,0.35509
61,39,1032,454,32,77,1,1,0.36636
62,39,1033,454,32,77,1,1,0.40793
63,39,1034,454,32,77,1,1,0.41919
64,39,1035,454,32,77,1,1,0.43046
65,39,1036,454,32,77,1,1,0.44172
66,39,1037,454,32,77,1,1,0.45299
67,39,1038,454,32,77,1,1,0.46426
68,39,1039,454,32,77,1,1,0.47552
69,39,1040,454,32,77,1,1,0.48679
70,39,1041,454,32,77,1,1,0.49806
71,39,1042,454,32,77,1,1,0.50932
72,39,1042,454,32,77,1,1,0.50932
73,39,1043,454,32,77,1,1,0.50155
74,39,1044,454,32,77,1,1,0.51282
75,39,1044,454,32,77,1,1,0.51282
76,39,1045,454,32,77,1,1,0.52409
77,39,1046,454,32,77,1,1,0.50505
78,39,1046,454,32,77,1,1,0.50505
79,39,1047,454,32,77,1,1,0.48601
80,39,1048,454,32,77,1,1,0.46698
81,39,1049,454,32,77,1,1,0.44794
82,39,1050,454,32,77,1,1,0.4289
83,39,1051,454,32,77,1,1,0.40987
84,39,1053,454,32,77,1,1,0.37179
85,39,1054,454,32,77,1,1,0.37179
86,39,1056,454,32,77,1,1,0.37179
87,39,1057,454,32,77,1,1,0.37179
88,39,1058,454,32,77,1,1,0.37179
89,39,1060,454,32,77,1,1,0.37218
90,39,1061,454,32,77,1,1,0.37257
91,39,1063,454,32,77,1,1,0.36208
92,39,1063,454,32,77,1,1,0.36208
93,39,1064,454,32,77,1,1,0.35082
94,39,1065,454,32,77,1,1,0.33955
95,39,1066,454,32,77,1,1,0.32828
96,39,1067,454,32,77,1,1,0.31702
97,39,1067,454,32,77,1,1,0.31702
98,39,1068,454,32,77,1,1,0.29409
99,39,1069,454,32,77,1,1,0.28283
100,39,1070,454,32,77,1,1,0.27156
101,39,1071,454,32,77,1,1,0.2603
102,39,1072,454,31,77,1,1,0.25681
103,39,1073,454,31,77,1,1,0.24519
104,39,1074,454,31,77,1,1,0.23357
105,39,1075,454,31,77,1,1,0.22196
106,39,1076,454,31,77,1,1,0.21034
107,39,1077,454,30,77,1,1,0.20513
108,39,1078,454,30,77,1,1,0.19313
109,39,1079,454,30,77,1,1,0.18114
110,39,1080,454,30,77,1,1,0.16915
111,39,1081,454,30,78,1,1,0.15517
112,39,1082,453,30,79,1,1,0.14637
113,39,1084,453,30,79,1,1,0.12218
114,39,1086,453,30,79,1,1,0.085484
115,39,1087,453,31,79,1,1,0.071094
116,39,1089,453,31,79,1,1,0.047656
117,39,1091,452,30,80,1,1,0.025488
118,39,1092,452,31,80,1,1,0.012346
119,39,1094,452,31,80,1,1,0
120,39,1096,452,31,80,1,1,0
121,39,1098,452,31,80,1,1,0
122,39,1098,452,31,80,1,1,0
123,39,1099,452,31,81,1,1,0
124,39,1100,452,31,81,1,1,0
125,39,1101,452,31,82,1,1,0
126,39,1102,452,31,82,1,1,0.0625
127,39,1103,452,31,83,1,1,0.09375
128,39,1104,452,31,83,1,1,0.125
129,39,1105,452,31,84,1,1,0.15625
130,39,1106,452,31,84,1,1,0.1875
131,39,1107,452,31,85,1,1,0.21875
132,39,1108,453,31,85,1,1,0.25
133,39,1108,453,32,85,1,1,0.27273
134,39,1109,453,32,85,1,1,0.30303
135,39,1110,453,32,86,1,1,0.33333
136,39,1111,453,32,86,1,1,0.36364
137,39,1111,453,34,87,1,1,0.4
138,39,1112,453,34,87,1,1,0.42857
139,39,1113,453,34,88,1,1,0.45714
140,39,1114,453,34,88,1,1,0.48571
141,39,1115,453,35,89,1,1,0.52778
142,39,1116,453,35,89,1,1,0.55556
143,39,1117,453,35,89,1,1,0.58333
144,39,1118,453,35,89,1,1,0.63889
145,39,1119,453,36,90,1,1,0.67568
146,39,1120,453,36,90,1,1,0.7027
147,39,1121,453,36,90,1,1,0.72973
148,39,1122,453,36,90,1,1,0.75676
149,39,1124,454,36,90,1,1,0.81081
150,39,1124,454,36,90,1,1,0.81081
151,39,1125,454,35,90,1,1,0.83333
152,39,1126,455,35,90,1,1,0.86111
153,39,1126,455,35,90,1,1,0.86111
154,39,1127,455,34,90,1,1,0.88571
155,39,1128,456,34,90,1,1,0.91429
156,39,1129,455,33,90,1,1,0.94118
157,39,1130,455,33,90,1,1,0.97059
158,39,1131,455,33,89,1,1,1
159,39,1132,454,33,90,1,1,1
160,39,1133,454,33,89,1,1,1
161,39,1135,454,32,89,1,1,1
162,39,1136,454,32,89,1,1,1
163,39,1137,454,32,89,1,1,1
164,39,1138,454,32,89,1,1,1
165,39,1139,454,32,89,1,1,1
166,39,1140,455,32,89,1,1,1
167,39,1141,455,32,89,1,1,1
168,39,1142,455,32,89,1,1,1
169,39,1143,455,32,89,1,1,0.9697
170,39,1144,455,32,89,1,1,0.87879
171,39,1146,456,32,89,1,1,0.78788
172,39,1147,455,32,89,1,1,0.72727
173,39,1148,455,32,89,1,1,0.63636
174,39,1149,455,32,89,1,1,0.57576
175,39,1150,455,32,89,1,1,0.48485
176,39,1151,455,32,89,1,1,0.42424
177,39,1152,454,32,90,1,1,0.33333
178,39,1153,454,32,90,1,1,0.27273
179,39,1154,454,32,90,1,1,0.18182
180,39,1155,454,32,90,1,1,0.12121
181,39,1157,454,31,90,1,1,0.03125
182,39,1158,454,32,90,1,1,0
183,39,1159,454,34,90,1,1,0
184,39,1160,454,36,90,1,1,0.10811
185,39,1161,454,38,90,1,1,0.20513
186,39,1162,454,40,90,1,1,0.29268
187,39,1162,453,40,91,1,1,0.31707
188,39,1163,453,40,91,1,1,0.36585
189,39,1163,452,41,92,1,1,0.40476
190,39,1164,452,40,92,1,1,0.43902
191,39,1164,451,41,93,1,1,0.47619
192,39,1165,451,41,93,1,1,0.54762
193,39,1166,451,41,93,1,1,0.59524
194,39,1168,450,40,94,1,1,0.65854
195,39,1171,450,38,94,1,1,0.74359
196,39,1174,450,36,94,1,1,0.83784
197,39,1177,450,35,95,1,1,0.94444
198,39,1179,450,34,95,1,1,1
199,39,1182,450,32,95,1,1,1
200,39,1185,450,30,95,1,1,1
201,39,1188,450,29,96,1,1,1
202,39,1188,449,30,97,1,1,1
203,39,1189,449,30,97,1,1,1
204,39,1190,449,30,97,1,1,1
205,39,1190,449,31,97,1,1,1
206,39,1191,449,32,97,1,1,1
207,39,1192,449,32,97,1,1,1
208,39,1192,449,33,97,1,1,1
209,39,1193,449,33,97,1,1,1
210,39,1194,449,33,97,1,1,1
211,39,1195,449,34,97,1,1,1
212,39,1196,449,35,97,1,1,1
213,39,1198,449,36,97,1,1,1
214,39,1199,449,37,97,1,1,1
215,39,1201,449,38,98,1,1,1
216,39,1202,449,40,98,1,1,0.85366
217,39,1204,449,40,98,1,1,0.68293
218,39,1205,449,42,99,1,1,0.51163
219,39,1207,449,42,99,1,1,0.32558
220,39,1208,449,44,99,1,1,0.33333
221,39,1210,449,45,100,1,1,0.34783
222,39,1211,449,45,100,1,1,0.32609
223,39,1212,449,45,100,1,1,0.32609
224,39,1214,449,45,100,1,1,0.34783
225,39,1215,449,45,100,1,1,0.34783
226,39,1217,449,45,100,1,1,0.36957
227,39,1218,449,45,100,1,1,0.36957
228,39,1219,449,45,100,1,1,0.28261
229,39,1221,449,45,100,1,1,0.19565
230,39,1222,449,45,100,1,1,0.1087
231,39,1224,449,45,100,1,1,0.021739
232,39,1225,448,46,101,1,1,0
233,39,1227,448,46,101,1,1,0
234,39,1229,448,46,101,1,1,0
235,39,1231,448,46,101,1,1,0
236,39,1233,448,46,101,1,1,0
237,39,1235,448,47,101,1,1,0
238,39,1237,448,47,101,1,1,0
239,39,1239,448,47,102,1,1,0
240,39,1241,448,47,102,1,1,0
241,39,1243,448,47,102,1,1,0
242,39,1245,448,47,102,1,1,0
243,39,1247,448,48,102,1,1,0
244,39,1249,448,48,102,1,1,0
245,39,1251,448,48,102,1,1,0
246,39,1253,448,48,103,1,1,0
247,39,1255,448,48,103,1,1,0
248,39,1257,448,48,103,1,1,0
249,39,1259,448,49,103,1,1,0
250,39,1261,448,49,103,1,1,0
251,39,1263,448,49,103,1,1,0
252,39,1265,448,49,103,1,1,0
253,39,1267,448,49,103,1,1,0
254,39,1269,448,49,104,1,1,0
255,39,1271,448,50,104,1,1,0
256,39,1273,448,50,104,1,1,0
257,39,1275,448,50,104,1,1,0
258,39,1277,448,50,104,1,1,0
259,39,1279,448,50,104,1,1,0
260,39,1281,448,50,104,1,1,0
261,39,1283,448,51,105,1,1,0
262,39,1286,448,49,104,1,1,0.2
263,39,1290,448,46,104,1,1,0.3617
264,39,1293,448,44,103,1,1,0.55556
265,39,1297,448,41,103,1,1,0.7619
266,39,1300,448,39,102,1,1,1
267,39,1304,448,37,102,1,1,1
268,39,1305,447,40,102,1,1,0.14634
269,39,1307,446,42,103,1,1,0.18605
270,39,1309,445,44,104,1,1,0.24444
271,39,1311,445,46,104,1,1,0.31915
272,39,1312,445,46,104,1,1,0.34043
273,39,1313,445,47,104,1,1,0.375
274,39,1314,445,47,104,1,1,0.39583
275,39,1315,445,48,104,1,1,0.42857
276,39,1316,445,49,104,1,1,0.46
277,39,1319,445,47,104,1,1,0.5
278,39,1322,445,46,104,1,1,0.55319
279,39,1325,445,44,104,1,1,0.6
280,39,1328,445,43,104,1,1,0.65909
281,39,1331,445,42,105,1,1,1
282,39,1335,444,41,106,1,1,1
283,39,1339,443,40,107,1,1,1
284,39,1343,442,39,108,1,1,1
285,39,1347,442,38,108,1,1,1
286,39,1348,442,40,107,1,1,1
287,39,1349,442,43,107,1,1,1
288,39,1350,442,45,107,1,1,1
289,39,1351,442,48,107,1,1,1
290,39,1352,442,50,107,1,1,1
291,39,1353,442,53,107,1,1,1
292,39,1354,442,54,107,1,1,0.89091
293,39,1355,443,55,106,1,1,0.80357
294,39,1356,444,56,105,1,1,0.7193
295,39,1358,445,57,105,1,1,0.63793
296,39,1365,444,53,106,1,1,0.48148
297,39,1372,444,49,106,1,1,0.3
298,39,1379,444,46,106,1,1,0.085106
299,39,1380,443,47,107,1,1,0
300,39,1381,443,49,107,1,1,0
301,39,1383,443,50,107,1,1,0
11,40,638,454,39,133,1,1,0.0037313
12,40,638,454,38,132,1,1,0.0028918
13,40,638,454,38,131,1,1,0.0029138
14,40,638,454,38,131,1,1,0.0019425
15,40,638,454,38,130,1,1,0.0019573
16,40,638,454,38,130,1,1,0.0023488
17,40,638,454,38,131,1,1,0.0011655
18,40,639,454,38,132,1,1,0.0023135
19,40,639,454,39,133,1,1,0.0022388
20,40,640,454,39,134,1,1,0.0022222
21,40,641,455,39,134,1,1,0.0022222
22,40,640,455,39,132,1,1,0
23,40,640,455,38,131,1,1,0
24,40,639,455,39,130,1,1,0
25,40,639,455,38,129,1,1,0
26,40,639,455,38,128,1,1,0
27,40,639,455,38,129,1,1,0
28,40,639,455,38,130,1,1,0
29,40,639,455,39,131,1,1,0
30,40,639,455,39,132,1,1,0
31,40,640,456,39,133,1,1,0
32,40,640,456,39,132,1,1,0
33,40,640,456,39,131,1,1,0
34,40,641,456,38,131,1,1,0
35,40,641,456,38,130,1,1,0
36,40,641,456,39,129,1,1,0
37,40,642,456,38,129,1,1,0
38,40,642,456,38,128,1,1,0
39,40,642,456,38,127,1,1,0
40,40,643,456,37,127,1,1,0
41,40,643,456,38,126,1,1,0
42,40,643,456,38,125,1,1,0
43,40,644,456,37,125,1,1,0
44,40,644,456,37,124,1,1,0
45,40,644,456,37,123,1,1,0
46,40,645,456,37,123,1,1,0
47,40,645,456,37,123,1,1,0
48,40,646,456,37,123,1,1,0
49,40,646,456,37,123,1,1,0
50,40,647,456,37,124,1,1,0
51,40,648,456,37,124,1,1,0
52,40,648,456,37,124,1,1,0
53,40,649,456,37,125,1,1,0
54,40,649,456,37,125,1,1,0
55,40,650,456,37,125,1,1,0
56,40,651,456,37,126,1,1,0
57,40,651,456,37,126,1,1,0
58,40,652,456,37,126,1,1,0
59,40,652,456,38,126,1,1,0
60,40,653,456,37,126,1,1,0
61,40,654,456,37,126,1,1,0
62,40,654,456,38,126,1,1,0
63,40,655,456,37,126,1,1,0
64,40,655,456,38,126,1,1,0
65,40,656,456,38,126,1,1,0
66,40,657,456,38,127,1,1,0
67,40,657,456,38,126,1,1,0
68,40,658,456,38,125,1,1,0
69,40,659,456,38,125,1,1,0
70,40,660,456,38,124,1,1,0
71,40,661,456,38,124,1,1,0
72,40,662,456,38,124,1,1,0
73,40,663,456,38,124,1,1,0
74,40,664,456,38,125,1,1,0
75,40,665,456,38,125,1,1,0
76,40,667,456,38,126,1,1,0
77,40,668,456,38,125,1,1,0
78,40,670,456,38,125,1,1,0
79,40,672,456,38,125,1,1,0
80,40,674,456,38,125,1,1,0
81,40,676,456,38,125,1,1,0
82,40,677,455,38,126,1,1,0
83,40,678,455,38,126,1,1,0
84,40,680,455,38,126,1,1,0
85,40,681,455,38,126,1,1,0
86,40,683,455,38,126,1,1,0
87,40,685,455,38,126,1,1,0
88,40,687,455,38,126,1,1,0
89,40,689,455,38,126,1,1,0
90,40,691,455,38,126,1,1,0
91,40,693,455,38,126,1,1,0
92,40,695,455,38,126,1,1,0
93,40,696,455,38,126,1,1,0
94,40,698,455,38,126,1,1,0
95,40,700,455,38,126,1,1,0
96,40,702,455,38,126,1,1,0
97,40,704,455,38,125,1,1,0
98,40,706,455,38,124,1,1,0
99,40,708,455,38,124,1,1,0
100,40,710,455,38,123,1,1,0
101,40,713,455,38,123,1,1,0
102,40,715,454,37,122,1,1,0
103,40,717,454,37,121,1,1,0
104,40,719,454,37,120,1,1,0
105,40,721,453,37,121,1,1,0
106,40,723,453,38,121,1,1,0
107,40,726,453,37,121,1,1,0
108,40,728,453,38,121,1,1,0
109,40,730,453,38,121,1,1,0
110,40,733,453,38,121,1,1,0
111,40,735,453,38,121,1,1,0
112,40,738,453,38,121,1,1,0
113,40,740,453,38,120,1,1,0
114,40,743,453,37,120,1,1,0.00086994
115,40,745,453,37,119,1,1,0.0017544
116,40,748,453,37,119,1,1,0.0019737
117,40,751,452,37,120,1,1,0.0056546
118,40,754,452,37,120,1,1,0.0065246
119,40,757,452,37,120,1,1,0.0078295
120,40,760,452,37,121,1,1,0.021355
121,40,763,452,37,121,1,1,0.021786
122,40,766,452,37,121,1,1,0.034513
123,40,769,452,37,122,1,1,0.047283
124,40,771,452,37,121,1,1,0.06126
125,40,773,452,37,120,1,1,0.073945
126,40,776,452,37,120,1,1,0.07438
127,40,778,451,37,122,1,1,0.091784
128,40,781,451,37,124,1,1,0.10274
129,40,784,451,36,125,1,1,0.10039
130,40,787,451,36,127,1,1,0.081081
131,40,787,450,39,126,1,1,0.11398
132,40,788,449,41,126,1,1,0.15129
133,40,789,448,43,126,1,1,0.18039
134,40,790,447,45,126,1,1,0.2179
135,40,791,446,47,126,1,1,0.23376
136,40,792,446,49,125,1,1,0.26127
137,40,798,445,47,126,1,1,0.19931
138,40,804,444,45,128,1,1,0.1274
139,40,811,443,42,129,1,1,0.02093
140,40,817,442,40,131,1,1,0.02051
141,40,824,442,37,132,1,1,0.018995
142,40,824,442,39,130,1,1,0.019466
143,40,824,442,41,129,1,1,0.026374
144,40,824,442,44,128,1,1,0.028424
145,40,824,442,46,127,1,1,0.032912
146,40,825,442,48,126,1,1,0.035996
147,40,825,442,51,127,1,1,0.033654
148,40,825,442,55,128,1,1,0.03433
149,40,826,442,58,129,1,1,0.039896
150,40,831,442,55,128,1,1,0.051218
151,40,836,442,53,127,1,1,0.06684
152,40,842,442,49,126,1,1,0.066142
153,40,847,442,47,125,1,1,0.0625
154,40,853,442,43,124,1,1,0.058182
155,40,858,442,41,123,1,1,0.061444
156,40,864,442,38,122,1,1,0.056911
157,40,866,442,39,123,1,1,0.047177
158,40,869,442,39,125,1,1,0.046429
159,40,872,442,40,127,1,1,0.037157
160,40,875,441,39,127,1,1,0.037109
161,40,878,441,39,126,1,1,0.036417
162,40,881,441,39,126,1,1,0.036417
163,40,885,441,37,125,1,1,0.03655
164,40,888,441,37,125,1,1,0.03655
165,40,891,441,37,124,1,1,0.036842
166,40,895,441,36,124,1,1,0.036757
167,40,898,441,37,126,1,1,0.03419
168,40,902,441,37,129,1,1,0.031377
169,40,906,441,37,132,1,1,0.029679
170,40,907,441,37,132,1,1,0.024535
171,40,909,441,37,132,1,1,0.025326
172,40,911,441,37,132,1,1,0.026118
173,40,913,441,37,132,1,1,0.026909
174,40,916,441,37,129,1,1,0.026721
175,40,920,441,36,126,1,1,0.026389
176,40,924,441,36,123,1,1,0.026155
177,40,926,441,36,124,1,1,0.019459
178,40,929,441,36,126,1,1,0.019153
179,40,932,441,36,128,1,1,0.018228
180,40,934,441,37,129,1,1,0.017611
181,40,937,441,37,131,1,1,0.016746
182,40,940,442,37,132,1,1,0.01108
183,40,942,442,37,130,1,1,0.012053
184,40,944,442,37,128,1,1,0.013056
185,40,946,442,37,126,1,1,0.014505
186,40,949,442,36,124,1,1,0.015568
187,40,952,442,36,125,1,1,0.015873
188,40,955,442,36,126,1,1,0.015748
189,40,958,442,36,127,1,1,0.015625
190,40,961,442,36,128,1,1,0.015504
191,40,964,442,36,129,1,1,0.015385
192,40,967,442,36,130,1,1,0.015267
193,40,970,442,37,132,1,1,0.015038
194,40,972,442,36,128,1,1,0.015504
195,40,974,442,36,125,1,1,0.015873
196,40,976,442,36,122,1,1,0.01626
197,40,978,442,36,121,1,1,0.0081967
198,40,981,442,36,121,1,1,0.0081967
199,40,983,442,37,120,1,1,0.0082645
200,40,986,442,36,120,1,1,0.0082645
201,40,988,443,37,119,1,1,0
202,40,991,443,37,118,1,1,0
203,40,993,443,37,118,1,1,0
204,40,996,443,37,117,1,1,0
205,40,998,443,38,117,1,1,0
206,40,1001,444,38,116,1,1,0
207,40,1003,444,39,116,1,1,0.017094
208,40,1006,444,40,116,1,1,0.025016
209,40,1008,444,41,116,1,1,0.063899
210,40,1011,444,42,116,1,1,0.10078
211,40,1013,445,43,115,1,1,0.11364
212,40,1016,445,44,115,1,1,0.1408
213,40,1018,445,45,115,1,1,0.094828
214,40,1021,445,46,115,1,1,0.050807
215,40,1023,445,47,115,1,1,0.029274
216,40,1026,446,48,115,1,1,0.0086207
217,40,1028,445,47,118,1,1,0.070378
218,40,1031,445,46,121,1,1,0.13481
219,40,1034,445,44,123,1,1,0.2
220,40,1036,445,44,126,1,1,0.28889
221,40,1039,445,42,128,1,1,0.34253
222,40,1042,445,41,131,1,1,0.36165
223,40,1043,445,43,127,1,1,0.40323
224,40,1044,445,46,124,1,1,0.43898
225,40,1045,445,48,121,1,1,0.42707
226,40,1047,445,50,118,1,1,0.40419
227,40,1049,445,48,120,1,1,0.37426
228,40,1051,445,46,123,1,1,0.33922
229,40,1053,445,45,125,1,1,0.33299
230,40,1055,445,43,128,1,1,0.32488
231,40,1058,445,41,131,1,1,0.31566
232,40,1059,445,41,128,1,1,0.31728
233,40,1061,445,40,125,1,1,0.32404
234,40,1062,445,41,122,1,1,0.33101
235,40,1064,445,40,119,1,1,0.33841
236,40,1066,446,40,115,1,1,0.3402
237,40,1067,445,41,116,1,1,0.34493
238,40,1069,445,41,116,1,1,0.34371
239,40,1071,445,41,116,1,1,0.34249
240,40,1073,445,41,116,1,1,0.34127
241,40,1075,445,42,116,1,1,0.33989
242,40,1077,445,42,116,1,1,0.3387
243,40,1079,445,42,116,1,1,0.33751
244,40,1081,445,42,116,1,1,0.33631
245,40,1083,445,42,116,1,1,0.32677
246,40,1085,445,43,116,1,1,0.34848
247,40,1086,445,44,115,1,1,0.32778
248,40,1087,445,46,115,1,1,0.32043
249,40,1088,445,48,115,1,1,0.31369
250,40,1089,445,50,115,1,1,0.30088
251,40,1090,445,52,115,1,1,0.33979
252,40,1091,445,54,115,1,1,0.37586
253,40,1092,445,56,115,1,1,0.40941
254,40,1093,445,58,115,1,1,0.44068
255,40,1094,445,60,115,1,1,0.44262
256,40,1096,445,61,115,1,1,0.46774
257,40,1097,445,61,115,1,1,0.46774
258,40,1098,445,61,115,1,1,0.46774
259,40,1100,445,61,116,1,1,0.46774
260,40,1101,444,59,115,1,1,0.45
261,40,1103,444,57,114,1,1,0.44828
262,40,1105,444,55,113,1,1,0.44643
263,40,1106,444,54,111,1,1,0.41818
264,40,1108,444,52,110,1,1,0.41509
265,40,1110,444,50,109,1,1,0.41176
266,40,1112,444,48,108,1,1,0.40816
267,40,1112,444,48,108,1,1,0.36735
268,40,1112,444,48,108,1,1,0.34694
269,40,1112,444,48,108,1,1,0.32653
270,40,1112,445,48,108,1,1,0.28571
271,40,1113,445,48,108,1,1,0.26531
272,40,1113,445,48,108,1,1,0.22449
273,40,1113,446,48,108,1,1,0.18367
274,40,1113,446,48,108,1,1,0.14286
275,40,1113,446,48,108,1,1,0.10204
276,40,1114,447,48,108,1,1,0.061224
277,40,1117,447,48,108,1,1,0.081633
278,40,1120,447,48,108,1,1,0.10204
279,40,1123,447,48,108,1,1,0.12245
280,40,1127,447,48,108,1,1,0.16327
281,40,1130,447,48,108,1,1,0.16327
282,40,1133,447,48,108,1,1,0.22449
283,40,1137,447,48,108,1,1,0.30612
284,40,1140,447,48,108,1,1,0.36735
285,40,1143,447,48,108,1,1,0.42857
286,40,1147,447,48,108,1,1,0.5102
287,40,1148,447,48,108,1,1,0.53061
288,40,1149,447,48,108,1,1,0.55102
289,40,1150,447,48,108,1,1,0.59184
290,40,1152,447,48,108,1,1,0.63265
291,40,1153,447,48,108,1,1,0.65306
292,40,1154,447,48,108,1,1,0.67347
293,40,1156,447,48,108,1,1,0.71429
294,40,1157,447,48,108,1,1,0.73469
295,40,1158,447,48,108,1,1,0.7551
296,40,1160,447,48,108,1,1,0.79592
297,40,1162,446,47,108,1,1,0.8125
298,40,1164,446,47,108,1,1,0.85417
299,40,1166,446,47,107,1,1,0.875
300,40,1168,446,47,107,1,1,0.89583
301,40,1170,446,47,106,1,1,0.95833
208,41,721,456,19,65,1,1,0
209,41,721,455,19,66,1,1,0
210,41,722,455,19,66,1,1,0
211,41,723,455,19,66,1,1,0
212,41,723,454,19,67,1,1,0
213,41,724,454,19,67,1,1,0
214,41,725,454,19,67,1,1,0
215,41,726,454,19,67,1,1,0
216,41,727,454,19,67,1,1,0
217,41,727,454,19,67,1,1,0
218,41,728,454,19,67,1,1,0
219,41,729,454,19,67,1,1,0
220,41,730,454,19,67,1,1,0
221,41,731,454,19,67,1,1,0
222,41,732,454,19,67,1,1,0
223,41,733,454,19,67,1,1,0
224,41,734,454,19,68,1,1,0
225,41,735,454,19,67,1,1,0.036765
226,41,736,454,19,67,1,1,0.091912
227,41,737,454,19,67,1,1,0.091912
228,41,738,454,19,67,1,1,0.091912
229,41,739,454,19,67,1,1,0.11029
230,41,740,454,19,67,1,1,0.11029
231,41,741,454,19,67,1,1,0.12868
232,41,742,454,19,67,1,1,0.12868
233,41,743,454,19,67,1,1,0.12868
234,41,745,454,19,68,1,1,0.1087
235,41,746,453,19,69,1,1,0.13
236,41,747,453,19,69,1,1,0.13
237,41,748,453,19,69,1,1,0.13
238,41,749,453,19,69,1,1,0.14857
239,41,750,453,19,69,1,1,0.14857
240,41,751,453,19,69,1,1,0.14857
241,41,753,453,19,70,1,1,0.15211
242,41,754,453,19,69,1,1,0.19286
243,41,755,453,20,69,1,1,0.22041
244,41,756,453,20,69,1,1,0.22041
245,41,757,453,21,69,1,1,0.21039
246,41,758,453,21,69,1,1,0.19286
247,41,759,453,22,69,1,1,0.1677
248,41,760,453,23,69,1,1,0.14464
249,41,761,453,23,69,1,1,0.12857
250,41,762,453,24,69,1,1,0.108
251,41,763,453,24,69,1,1,0.092571
252,41,764,453,25,69,1,1,0.074176
253,41,766,453,25,69,1,1,0.044505
254,41,767,453,24,69,1,1,0.030857
255,41,768,453,24,70,1,1,0.73239
256,41,769,453,24,70,1,1,0.75718
257,41,770,453,24,71,1,1,0.775
258,41,771,453,24,71,1,1,0.8
259,41,772,453,24,72,1,1,0.79397
260,41,773,453,24,73,1,1,0.78811
261,41,774,453,24,72,1,1,0.78959
262,41,776,453,23,72,1,1,0.80479
263,41,778,453,22,72,1,1,0.79988
264,41,780,453,21,72,1,1,0.79452
265,41,782,453,20,72,1,1,0.76517
266,41,784,453,20,72,1,1,0.70646
267,41,785,453,21,71,1,1,0.65972
268,41,786,453,22,71,1,1,0.61534
269,41,788,453,23,71,1,1,0.5463
270,41,789,453,24,71,1,1,0.51
271,41,790,453,25,71,1,1,0.4765
272,41,792,453,26,71,1,1,0.42027
273,41,792,452,27,71,1,1,0.095238
274,41,792,452,28,71,1,1,0.091954
275,41,793,452,28,71,1,1,0.091954
276,41,793,451,29,71,1,1,0.092593
277,41,794,451,29,71,1,1,0.10417
278,41,794,451,30,71,1,1,0.10081
279,41,795,451,31,71,1,1,0.097656
280,41,797,451,30,70,1,1,0.11358
281,41,800,451,28,70,1,1,0.12142
282,41,803,451,27,70,1,1,0.13833
283,41,805,451,26,70,1,1,0.16954
284,41,808,451,25,70,1,1,0.1896
285,41,811,451,23,70,1,1,0.2054
286,41,814,451,22,70,1,1,0.24127
287,41,815,451,22,70,1,1,0.23944
288,41,817,451,22,70,1,1,0.25107
289,41,819,451,22,70,1,1,0.27802
290,41,821,451,22,70,1,1,0.28965
291,41,823,451,22,70,1,1,0.30129
292,41,825,451,22,70,1,1,0.32823
293,41,827,451,22,70,1,1,0.32456
294,41,829,451,22,70,1,1,0.32088
295,41,830,450,22,70,1,1,0.33313
296,41,832,450,22,70,1,1,0.32945
297,41,834,450,22,70,1,1,0.32578
298,41,836,449,22,70,1,1,0.33803
299,41,838,449,22,70,1,1,0.33803
300,41,840,449,22,70,1,1,0.33803
301,41,842,449,22,70,1,1,0.33803
209,42,735,450,20,70,1,1,0
210,42,736,450,19,70,1,1,0
211,42,737,450,19,70,1,1,0
212,42,738,450,19,71,1,1,0
213,42,738,450,20,70,1,1,0
214,42,739,450,20,70,1,1,0
215,42,740,450,20,70,1,1,0
216,42,741,450,20,70,1,1,0
217,42,742,450,20,70,1,1,0
218,42,743,450,20,70,1,1,0
219,42,744,450,20,70,1,1,0
220,42,745,450,20,70,1,1,0
221,42,746,450,20,71,1,1,0
222,42,747,450,20,71,1,1,0
223,42,748,450,20,71,1,1,0
224,42,749,450,20,72,1,1,0
225,42,750,450,20,72,1,1,0
226,42,752,450,19,73,1,1,0
227,42,753,450,19,73,1,1,0
228,42,754,450,19,73,1,1,0
229,42,755,450,19,73,1,1,0
230,42,756,450,19,73,1,1,0
231,42,757,450,19,73,1,1,0
232,42,758,450,19,73,1,1,0
233,42,759,450,19,73,1,1,0
234,42,760,450,19,73,1,1,0
235,42,761,450,19,73,1,1,0
236,42,762,450,19,74,1,1,0
237,42,762,450,19,73,1,1,0
238,42,763,450,19,73,1,1,0
239,42,764,450,19,73,1,1,0
240,42,765,450,19,73,1,1,0
241,42,765,450,19,73,1,1,0
242,42,766,450,19,73,1,1,0
243,42,767,450,19,73,1,1,0
244,42,768,450,19,73,1,1,0.040541
245,42,769,450,19,73,1,1,0.081081
246,42,769,450,19,72,1,1,0.016438
247,42,769,450,20,72,1,1,0.021526
248,42,769,450,21,72,1,1,0.026152
249,42,769,450,22,72,1,1,0.072067
250,42,769,450,23,72,1,1,0.11416
251,42,769,450,24,72,1,1,0.23123
252,42,769,450,25,72,1,1,0.2255
253,42,769,450,26,72,1,1,0.18316
254,42,769,450,27,72,1,1,0.18933
255,42,770,449,26,73,1,1,0.17067
256,42,771,449,26,73,1,1,0.14715
257,42,772,449,26,73,1,1,0.12362
258,42,773,448,26,74,1,1,0.1121
259,42,774,448,26,74,1,1,0.1121
260,42,775,448,26,74,1,1,0.1121
261,42,776,447,26,75,1,1,0.12378
262,42,777,447,26,75,1,1,0.12378
263,42,778,447,26,76,1,1,0.12217
264,42,778,447,26,76,1,1,0.1544
265,42,779,447,26,76,1,1,0.20202
266,42,780,447,26,76,1,1,0.22511
267,42,781,447,26,76,1,1,0.21789
268,42,781,447,26,76,1,1,0.24098
269,42,782,447,26,76,1,1,0.27898
270,42,783,447,26,76,1,1,0.28283
271,42,784,447,26,76,1,1,0.28283
272,42,784,447,26,76,1,1,0.35113
273,42,785,447,26,76,1,1,0.30736
274,42,786,447,26,76,1,1,0.27273
275,42,787,447,26,76,1,1,0.27273
276,42,788,447,26,76,1,1,0.56133
277,42,788,447,26,76,1,1,0.56133
278,42,789,447,26,76,1,1,0.53824
279,42,790,447,26,76,1,1,0.367
280,42,790,447,26,76,1,1,0.22318
281,42,791,447,26,76,1,1,0.1342
282,42,792,447,26,76,1,1,0.15344
283,42,792,447,26,76,1,1,0.15344
284,42,793,447,26,76,1,1,0.18134
285,42,794,447,26,76,1,1,0.19529
286,42,794,447,26,76,1,1,0.19529
287,42,795,447,26,76,1,1,0.20924
288,42,796,447,26,76,1,1,0.22318
289,42,796,447,26,76,1,1,0.22318
290,42,797,447,26,76,1,1,0.22318
291,42,798,447,26,76,1,1,0.20924
292,42,798,447,26,76,1,1,0.18134
293,42,799,447,26,76,1,1,0.16739
294,42,800,447,26,76,1,1,0.13949
295,42,800,446,26,76,1,1,0.11544
296,42,801,446,26,76,1,1,0.10101
297,42,802,446,26,76,1,1,0.07215
298,42,803,446,26,76,1,1,0.04329
299,42,804,446,26,76,1,1,0
300,42,805,446,26,76,1,1,0
301,42,806,446,26,76,1,1,0
122,43,575,455,20,61,1,1,0
123,43,575,454,20,61,1,1,0
124,43,575,454,20,61,1,1,0
125,43,575,454,20,61,1,1,0
126,43,575,454,20,60,1,1,0
127,43,575,454,20,60,1,1,0
128,43,575,454,21,60,1,1,0
129,43,575,454,21,60,1,1,0
130,43,575,454,21,60,1,1,0
131,43,575,454,21,60,1,1,0
132,43,575,454,21,60,1,1,0
133,43,576,454,20,60,1,1,0
134,43,576,454,21,61,1,1,0
135,43,576,454,21,61,1,1,0
136,43,576,454,21,61,1,1,0
137,43,577,455,20,60,1,1,0
138,43,577,455,20,60,1,1,0
139,43,577,455,20,60,1,1,0
140,43,577,455,21,61,1,1,0
141,43,578,455,20,61,1,1,0
142,43,578,455,20,61,1,1,0
143,43,578,455,20,61,1,1,0
144,43,578,455,20,61,1,1,0
145,43,579,456,20,61,1,1,0
146,43,579,455,20,61,1,1,0
147,43,579,455,20,61,1,1,0
148,43,579,455,20,61,1,1,0
149,43,579,455,20,61,1,1,0
150,43,579,455,20,61,1,1,0
151,43,579,455,20,61,1,1,0
152,43,580,455,19,61,1,1,0
153,43,580,455,20,61,1,1,0
154,43,580,455,20,61,1,1,0
155,43,580,455,20,61,1,1,0
156,43,580,455,20,61,1,1,0
157,43,580,455,20,61,1,1,0
158,43,580,455,20,61,1,1,0
159,43,581,455,19,61,1,1,0
160,43,581,455,20,61,1,1,0
161,43,581,455,20,61,1,1,0
162,43,581,455,20,61,1,1,0
163,43,581,455,20,61,1,1,0
164,43,581,455,20,61,1,1,0
165,43,581,455,20,61,1,1,0
166,43,582,455,19,61,1,1,0
167,43,582,455,19,61,1,1,0
168,43,582,455,20,61,1,1,0
169,43,582,455,20,61,1,1,0
170,43,582,455,20,61,1,1,0
171,43,582,455,20,61,1,1,0
172,43,583,455,19,61,1,1,0
173,43,583,455,19,61,1,1,0
174,43,583,455,19,61,1,1,0
175,43,583,455,20,61,1,1,0
176,43,583,455,20,61,1,1,0
177,43,583,455,20,61,1,1,0
178,43,583,455,20,61,1,1,0
179,43,584,455,19,61,1,1,0
180,43,584,455,19,61,1,1,0
181,43,584,455,19,61,1,1,0
182,43,584,455,20,61,1,1,0
183,43,584,454,20,61,1,1,0.0076805
184,43,584,454,20,61,1,1,0.015361
185,43,584,454,20,61,1,1,0.011521
186,43,585,454,19,61,1,1,0.015323
187,43,585,454,19,61,1,1,0.016129
188,43,585,454,19,61,1,1,0
189,43,585,454,19,61,1,1,0
190,43,585,454,20,61,1,1,0
191,43,585,454,20,61,1,1,0
192,43,585,454,20,61,1,1,0
193,43,586,454,19,61,1,1,0
194,43,586,454,19,61,1,1,0
195,43,586,454,19,61,1,1,0
196,43,586,454,19,61,1,1,0
197,43,586,454,20,61,1,1,0
198,43,586,454,20,61,1,1,0
199,43,587,454,19,61,1,1,0
200,43,587,454,19,61,1,1,0
201,43,587,454,19,61,1,1,0
202,43,587,454,19,61,1,1,0
203,43,587,454,19,61,1,1,0
204,43,587,454,19,61,1,1,0
205,43,587,454,20,61,1,1,0
206,43,588,454,19,61,1,1,0
207,43,588,454,19,61,1,1,0
208,43,588,454,19,61,1,1,0
209,43,588,454,19,61,1,1,0
210,43,588,454,19,61,1,1,0
211,43,588,454,19,61,1,1,0.0016129
212,43,588,454,20,61,1,1,0.0015361
213,43,589,454,19,61,1,1,0.0016129
214,43,589,454,19,61,1,1,0.0032258
215,43,589,454,19,61,1,1,0.0040323
216,43,589,454,19,61,1,1,0.0048387
217,43,589,454,19,61,1,1,0.0056452
218,43,589,454,19,61,1,1,0.0072581
219,43,590,454,19,61,1,1,0.016129
220,43,590,454,19,61,1,1,0.016129
221,43,590,454,19,61,1,1,0.018548
222,43,591,454,19,61,1,1,0.016129
223,43,591,454,19,61,1,1,0.010484
224,43,592,454,19,61,1,1,0.010484
225,43,592,454,19,61,1,1,0.020161
226,43,592,454,20,61,1,1,0.02381
227,43,593,455,19,60,1,1,0.016393
228,43,593,455,19,60,1,1,0.028689
229,43,594,455,19,60,1,1,0.032787
230,43,594,455,19,60,1,1,0.036885
231,43,594,455,20,60,1,1,0.017174
232,43,595,455,19,60,1,1,0.019672
233,43,595,455,20,60,1,1,0.022639
234,43,596,455,19,60,1,1,0.02623
235,43,596,456,20,60,1,1,0.015613
236,43,596,456,20,60,1,1,0.021077
237,43,597,456,19,60,1,1,0.02459
238,43,597,456,20,60,1,1,0.0242
239,43,598,456,19,60,1,1,0.027869
240,43,598,456,20,60,1,1,0.032787
241,43,598,456,20,60,1,1,0.035129
242,43,599,456,20,60,1,1,0.035909
243,43,599,457,20,59,1,1,0.02381
244,43,600,457,19,59,1,1,0.03
245,43,600,457,20,59,1,1,0.030952
246,43,600,457,20,59,1,1,0.033333
247,43,601,457,20,59,1,1,0.033333
248,43,601,457,20,59,1,1,0.02381
249,43,602,457,20,59,1,1,0.02381
250,43,602,457,20,59,1,1,0.025397
251,43,603,458,20,59,1,1,0.34762
252,43,603,458,20,59,1,1,0.34762
253,43,604,458,20,59,1,1,0.39365
254,43,604,458,20,59,1,1,0.4873
255,43,605,458,20,59,1,1,0.53333
256,43,605,459,20,59,1,1,0.71905
257,43,606,459,20,59,1,1,0.76587
258,43,606,459,20,59,1,1,0.76587
259,43,607,459,20,59,1,1,0.8127
260,43,607,459,20,59,1,1,0.8127
261,43,608,460,20,59,1,1,0.85714
262,43,608,459,20,59,1,1,0.90635
263,43,608,459,20,59,1,1,0.90635
264,43,609,459,20,59,1,1,0.95317
265,43,609,459,20,59,1,1,1
266,43,610,459,20,59,1,1,0.95238
267,43,610,458,20,59,1,1,1
268,43,610,458,20,59,1,1,1
269,43,611,458,20,59,1,1,1
270,43,611,458,20,59,1,1,1
271,43,612,458,20,59,1,1,1
272,43,612,458,20,59,1,1,1
273,43,613,458,20,59,1,1,1
274,43,614,458,20,59,1,1,1
275,43,614,458,20,59,1,1,1
276,43,615,459,20,59,1,1,1
277,43,616,459,20,59,1,1,1
278,43,616,459,20,59,1,1,1
279,43,617,459,20,59,1,1,1
280,43,618,459,20,59,1,1,1
281,43,619,460,20,59,1,1,1
282,43,619,460,20,59,1,1,1
283,43,620,460,20,59,1,1,1
284,43,620,460,20,59,1,1,1
285,43,621,460,20,59,1,1,1
286,43,621,460,20,59,1,1,1
287,43,622,460,20,59,1,1,1
288,43,622,460,20,59,1,1,1
289,43,623,460,20,59,1,1,1
290,43,623,460,20,59,1,1,1
291,43,624,460,20,59,1,1,1
292,43,624,459,20,59,1,1,1
293,43,624,459,20,59,1,1,1
294,43,625,459,19,59,1,1,1
295,43,625,459,20,59,1,1,1
296,43,626,459,19,59,1,1,1
297,43,626,459,19,59,1,1,1
298,43,626,459,20,59,1,1,1
299,43,627,459,19,59,1,1,1
300,43,627,459,19,59,1,1,1
301,43,628,459,19,59,1,1,1
231,44,603,457,18,60,1,1,0.028473
232,44,603,457,18,60,1,1,0.03365
233,44,604,457,18,60,1,1,0.03365
234,44,605,457,18,60,1,1,0.03365
235,44,605,457,18,60,1,1,0.036238
236,44,606,457,18,60,1,1,0.038827
237,44,607,457,18,60,1,1,0.038827
238,44,607,457,18,60,1,1,0.041415
239,44,608,457,18,60,1,1,0.044003
240,44,609,457,18,60,1,1,0.044003
241,44,610,457,18,60,1,1,0.14668
242,44,610,457,18,60,1,1,0.19931
243,44,611,457,18,60,1,1,0.24935
244,44,612,457,18,60,1,1,0.2994
245,44,613,457,18,60,1,1,0.39948
246,44,614,457,18,60,1,1,0.44953
247,44,615,457,18,60,1,1,0.49957
248,44,616,457,18,60,1,1,1
249,44,617,457,18,60,1,1,1
250,44,618,457,18,60,1,1,1
251,44,619,457,18,60,1,1,0.74116
252,44,619,457,18,60,1,1,0.74116
253,44,620,457,18,60,1,1,0.74116
254,44,621,457,18,60,1,1,0.79292
255,44,622,457,18,60,1,1,0.79292
256,44,623,457,18,60,1,1,0.84728
257,44,623,457,18,60,1,1,0.79638
258,44,624,457,18,60,1,1,0.84728
259,44,625,457,18,60,1,1,0.84728
260,44,626,457,18,60,1,1,0.89819
261,44,627,457,18,60,1,1,0.89991
262,44,627,457,19,60,1,1,0.90328
263,44,628,457,20,60,1,1,0.95394
264,44,629,457,20,60,1,1,0.95394
265,44,629,457,22,60,1,1,0.95795
266,44,630,457,22,61,1,1,0.95792
267,44,631,457,23,61,1,1,1
268,44,631,457,24,61,1,1,1
269,44,632,457,25,61,1,1,0.96464
270,44,633,457,25,61,1,1,0.92928
271,44,634,458,26,61,1,1,0.86141
272,44,635,458,25,60,1,1,0.85624
273,44,636,458,25,60,1,1,0.8203
274,44,637,458,25,60,1,1,0.78436
275,44,638,458,25,60,1,1,0.74842
276,44,640,458,24,60,1,1,0.70098
277,44,641,458,24,60,1,1,0.70098
278,44,642,458,24,60,1,1,0.66361
279,44,643,458,24,60,1,1,0.62623
280,44,644,458,24,60,1,1,0.58885
281,44,646,458,23,60,1,1,0.53279
282,44,646,457,23,60,1,1,0.54098
283,44,647,457,23,60,1,1,0.50273
284,44,647,457,23,60,1,1,0.50273
285,44,648,457,23,60,1,1,0.46448
286,44,649,457,23,60,1,1,0.42623
287,44,649,457,23,60,1,1,0.42623
288,44,650,457,23,60,1,1,0.38798
289,44,650,457,23,60,1,1,0.38798
290,44,651,457,23,60,1,1,0.34973
291,44,652,457,23,60,1,1,0.31148
292,44,653,457,23,60,1,1,0.27322
293,44,654,457,23,60,1,1,0.23497
294,44,655,457,23,60,1,1,0.19672
295,44,656,457,23,60,1,1,0.15847
296,44,658,457,23,60,1,1,0.081967
297,44,659,457,23,60,1,1,0.081967
298,44,660,457,23,60,1,1,0.081967
299,44,661,457,23,60,1,1,0.10246
300,44,662,457,23,60,1,1,0.12295
301,44,664,457,23,60,1,1,0.16393
110,45,663,462,25,72,0,7,0
111,45,663,462,25,72,0,7,0
112,45,663,462,25,72,0,7,0
113,45,663,462,25,72,0,7,0
114,45,663,462,25,72,0,7,0
115,45,663,462,25,72,0,7,0
116,45,663,462,25,72,0,7,0
117,45,663,462,25,72,0,7,0
118,45,663,462,25,72,0,7,0
119,45,663,462,25,72,0,7,0
120,45,663,462,25,72,0,7,0
121,45,663,462,25,72,0,7,0
122,45,662,462,25,72,0,7,0
123,45,662,462,25,72,0,7,0
124,45,662,462,25,72,0,7,0
125,45,662,462,25,72,0,7,0
126,45,662,462,25,72,0,7,0
127,45,662,462,25,72,0,7,0
128,45,662,462,25,72,0,7,0
129,45,662,462,25,72,0,7,0
130,45,662,462,25,72,0,7,0
131,45,662,462,25,72,0,7,0
132,45,662,462,25,72,0,7,0
133,45,662,462,25,72,0,7,0
134,45,662,462,25,72,0,7,0
135,45,662,462,25,72,0,7,0
136,45,662,462,25,72,0,7,0
137,45,662,462,25,72,0,7,0
138,45,662,462,25,72,0,7,0
139,45,662,462,25,72,0,7,0
140,45,662,462,25,72,0,7,0
141,45,662,462,25,72,0,7,0
142,45,662,462,25,72,0,7,0
143,45,662,462,25,72,0,7,0
144,45,662,462,25,72,0,7,0
145,45,662,462,25,72,0,7,0
146,45,662,462,25,72,0,7,0
147,45,662,462,25,72,0,7,0
148,45,662,462,25,72,0,7,0
149,45,661,463,25,72,0,7,0
150,45,661,463,25,72,0,7,0
151,45,661,463,25,72,0,7,0
152,45,661,463,25,72,0,7,0
153,45,661,463,25,72,0,7,0
154,45,661,463,25,72,0,7,0
155,45,661,463,25,72,0,7,0
156,45,661,463,25,72,0,7,0
157,45,661,463,25,72,0,7,0
158,45,661,463,25,72,0,7,0
159,45,661,463,25,72,0,7,0
160,45,661,463,25,72,0,7,0
161,45,661,463,25,72,0,7,0
162,45,661,463,25,72,0,7,0
163,45,661,463,25,72,0,7,0
164,45,661,463,25,72,0,7,0
165,45,661,463,25,72,0,7,0
166,45,661,463,25,72,0,7,0
167,45,661,463,25,72,0,7,0
168,45,661,463,25,72,0,7,0
169,45,661,463,25,72,0,7,0
170,45,661,463,25,72,0,7,0
171,45,661,463,25,72,0,7,0
172,45,661,463,25,72,0,7,0
173,45,661,463,25,72,0,7,0
174,45,661,463,25,72,0,7,0
175,45,661,463,25,72,0,7,0
176,45,660,464,25,72,0,7,0
177,45,660,464,25,72,0,7,0
178,45,660,464,25,72,0,7,0
179,45,660,464,25,72,0,7,0
180,45,660,464,25,72,0,7,0
181,45,660,464,25,72,0,7,0
182,45,660,464,25,72,0,7,0
183,45,660,464,25,72,0,7,0
184,45,660,464,25,72,0,7,0
185,45,660,464,25,72,0,7,0
186,45,660,464,25,72,0,7,0
187,45,660,464,25,72,0,7,0
188,45,660,464,25,72,0,7,0
189,45,660,464,25,72,0,7,0
190,45,660,464,25,72,0,7,0
191,45,660,464,25,72,0,7,0
192,45,660,464,25,72,0,7,0
193,45,660,464,25,72,0,7,0
194,45,660,464,25,72,0,7,0
195,45,660,464,25,72,0,7,0
196,45,660,464,25,72,0,7,0
197,45,660,464,25,72,0,7,0
198,45,660,464,25,72,0,7,0
199,45,660,464,25,72,0,7,0
200,45,660,464,25,72,0,7,0
201,45,660,464,25,72,0,7,0
202,45,660,464,25,72,0,7,0.15385
203,45,660,465,25,72,0,7,0.30769
204,45,659,464,25,72,0,7,0.5
205,45,659,464,25,72,0,7,0.65385
206,45,659,464,25,72,0,7,0.78398
207,45,659,464,25,72,0,7,0.84299
208,45,659,464,25,72,0,7,0.85774
209,45,659,464,25,72,0,7,0.85774
210,45,659,464,25,72,0,7,0.85774
211,45,659,464,25,72,0,7,0.85774
212,45,659,464,25,72,0,7,0.85774
213,45,659,464,25,72,0,7,0.85774
214,45,659,464,25,72,0,7,0.85774
215,45,658,464,25,72,0,7,0.88145
216,45,658,464,25,72,0,7,0.88145
217,45,658,464,25,72,0,7,0.88145
218,45,658,464,25,72,0,7,0.88145
219,45,658,464,25,72,0,7,0.88145
220,45,658,464,25,72,0,7,0.88145
221,45,658,463,25,72,0,7,0.88409
222,45,658,463,25,72,0,7,0.88409
223,45,658,463,25,72,0,7,0.88409
224,45,658,463,25,72,0,7,0.84563
225,45,658,463,25,72,0,7,0.80717
226,45,658,463,25,72,0,7,0.73024
227,45,657,463,25,72,0,7,0.6765
228,45,657,463,25,72,0,7,0.63804
229,45,657,463,25,72,0,7,0.59958
230,45,657,463,25,72,0,7,0.56112
231,45,657,463,25,72,0,7,0.48419
232,45,657,463,25,72,0,7,0.40358
233,45,657,463,25,72,0,7,0.2882
234,45,657,463,25,72,0,7,0.21128
235,45,657,463,25,72,0,7,0.09589
236,45,657,463,25,72,0,7,0.030558
237,45,657,463,25,72,0,7,0
238,45,657,463,25,72,0,7,0
239,45,657,462,25,72,0,7,0
240,45,657,462,25,72,0,7,0
241,45,657,462,25,72,0,7,0
242,45,657,462,25,72,0,7,0
243,45,657,462,25,72,0,7,0
244,45,657,462,25,72,0,7,0
245,45,657,462,25,72,0,7,0
246,45,657,462,25,72,0,7,0
247,45,657,462,25,72,0,7,0
248,45,657,462,25,72,0,7,0
249,45,657,462,25,72,0,7,0
250,45,657,462,25,72,0,7,0
251,45,657,462,25,72,0,7,0
252,45,657,462,25,72,0,7,0
253,45,657,462,25,72,0,7,0
254,45,657,462,25,72,0,7,0
255,45,657,462,25,72,0,7,0
256,45,657,462,25,72,0,7,0
257,45,657,462,25,72,0,7,0
258,45,657,462,25,72,0,7,0.038462
259,45,657,462,25,72,0,7,0.076923
260,45,657,462,25,72,0,7,0.11538
261,45,657,462,25,72,0,7,0.19231
262,45,657,462,25,72,0,7,0.26923
263,45,657,462,25,72,0,7,0.34615
264,45,657,462,25,72,0,7,0.42308
265,45,657,462,25,72,0,7,0.5
266,45,657,462,25,72,0,7,0.57692
267,45,657,462,25,72,0,7,0.65121
268,45,657,462,25,72,0,7,0.79452
269,45,657,462,25,72,0,7,0.87777
270,45,657,462,25,72,0,7,0.89357
271,45,657,462,25,72,0,7,0.89357
272,45,657,462,25,72,0,7,0.89094
273,45,657,462,25,72,0,7,0.89094
274,45,657,462,25,72,0,7,0.89094
275,45,657,462,25,72,0,7,0.89094
276,45,657,462,25,72,0,7,0.89094
277,45,658,462,25,72,0,7,0.86828
278,45,658,462,25,72,0,7,0.86565
279,45,658,462,25,72,0,7,0.86565
280,45,658,462,25,72,0,7,0.86565
281,45,658,462,25,72,0,7,0.86565
282,45,658,462,25,72,0,7,0.86565
283,45,658,462,25,72,0,7,0.86565
284,45,658,462,25,72,0,7,0.86565
285,45,658,462,25,72,0,7,0.86301
286,45,658,462,25,72,0,7,0.86301
287,45,658,462,25,72,0,7,0.86301
288,45,658,462,25,72,0,7,0.86301
289,45,658,462,25,72,0,7,0.86301
290,45,658,462,25,72,0,7,0.86301
291,45,658,462,25,72,0,7,0.86301
292,45,658,462,25,72,0,7,0.86038
293,45,658,462,25,72,0,7,0.86038
294,45,658,462,25,72,0,7,0.86038
295,45,658,462,25,72,0,7,0.86038
296,45,658,462,25,72,0,7,0.86038
297,45,658,462,25,72,0,7,0.86038
298,45,658,462,25,72,0,7,0.85774
299,45,658,462,25,72,0,7,0.85774
300,45,658,462,25,72,0,7,0.85774
301,45,658,462,25,72,0,7,0.86354
1,46,693,462,20,67,0,7,0.32633
2,46,693,462,21,67,0,7,0.29078
3,46,694,462,21,67,0,7,0.28075
4,46,694,462,23,67,0,7,0.25735
5,46,695,462,23,67,0,7,0.24816
6,46,696,462,24,67,0,7,0.23824
7,46,696,462,25,67,0,7,0.22059
8,46,697,462,25,67,0,7,0.19514
9,46,697,462,27,67,0,7,0.1812
10,46,698,462,27,67,0,7,0.17332
11,46,699,463,28,66,0,7,0.16006
12,46,698,462,28,67,0,7,0.14452
13,46,698,462,28,67,0,7,0.12931
14,46,698,462,28,67,0,7,0.1141
15,46,698,462,28,67,0,7,0.098884
16,46,698,462,28,67,0,7,0.091278
17,46,698,462,28,67,0,7,0.083671
18,46,698,462,28,67,0,7,0.076065
19,46,698,462,28,67,0,7,0.068458
20,46,698,462,28,67,0,7,0.060852
21,46,698,462,28,67,0,7,0.045639
22,46,698,462,28,67,0,7,0.038032
23,46,698,462,28,67,0,7,0.030426
24,46,698,462,28,67,0,7,0.022819
25,46,698,462,28,67,0,7,0.015213
26,46,698,462,28,67,0,7,0.0076065
27,46,698,462,28,67,0,7,0
28,46,698,462,28,67,0,7,0
29,46,698,462,28,67,0,7,0
30,46,698,462,28,67,0,7,0
31,46,698,462,28,67,0,7,0
32,46,698,462,27,67,0,7,0
33,46,698,462,27,67,0,7,0
34,46,698,462,27,67,0,7,0
35,46,698,462,27,67,0,7,0
36,46,698,462,27,67,0,7,0
37,46,698,462,27,67,0,7,0
38,46,698,462,27,67,0,7,0
39,46,698,462,27,67,0,7,0
40,46,698,462,27,67,0,7,0
41,46,698,462,27,67,0,7,0
42,46,698,462,27,67,0,7,0
43,46,698,462,27,67,0,7,0
44,46,698,462,27,67,0,7,0
45,46,698,462,27,67,0,7,0
46,46,698,462,27,67,0,7,0
47,46,697,462,28,67,0,7,0
48,46,697,462,28,67,0,7,0
49,46,697,462,28,67,0,7,0
50,46,697,462,28,67,0,7,0
51,46,697,462,28,67,0,7,0
52,46,697,462,27,67,0,7,0
53,46,697,462,27,67,0,7,0
54,46,697,462,27,67,0,7,0
55,46,697,462,27,67,0,7,0
56,46,697,462,27,67,0,7,0
57,46,697,462,27,67,0,7,0
58,46,697,462,27,67,0,7,0
59,46,697,462,27,67,0,7,0
60,46,697,462,27,67,0,7,0
61,46,697,462,27,67,0,7,0
62,46,697,462,27,67,0,7,0
63,46,697,462,27,67,0,7,0
64,46,697,462,27,67,0,7,0
65,46,697,462,27,67,0,7,0
66,46,697,462,27,67,0,7,0
67,46,697,462,27,67,0,7,0
68,46,697,462,27,67,0,7,0
69,46,697,462,27,67,0,7,0
70,46,697,462,27,67,0,7,0
71,46,697,462,27,67,0,7,0
72,46,697,462,26,67,0,7,0
73,46,697,462,26,67,0,7,0
74,46,697,462,26,67,0,7,0
75,46,697,462,26,67,0,7,0
76,46,697,462,26,67,0,7,0
77,46,697,462,26,67,0,7,0
78,46,697,462,26,67,0,7,0
79,46,697,462,26,67,0,7,0
80,46,697,462,26,67,0,7,0
81,46,697,462,26,67,0,7,0
82,46,696,462,27,67,0,7,0
83,46,696,462,27,67,0,7,0
84,46,696,462,27,67,0,7,0
85,46,696,462,27,67,0,7,0
86,46,696,462,27,67,0,7,0
87,46,696,462,27,67,0,7,0
88,46,696,462,27,67,0,7,0
89,46,696,462,27,67,0,7,0
90,46,696,462,27,67,0,7,0
91,46,696,462,27,67,0,7,0
92,46,696,462,26,67,0,7,0
93,46,696,462,26,67,0,7,0
94,46,696,462,26,67,0,7,0
95,46,696,462,26,67,0,7,0
96,46,696,462,26,67,0,7,0
97,46,696,462,26,67,0,7,0
98,46,696,462,26,67,0,7,0
99,46,696,462,26,67,0,7,0
100,46,696,462,26,67,0,7,0
101,46,696,462,26,67,0,7,0
102,46,696,462,26,67,0,7,0
103,46,696,462,26,67,0,7,0
104,46,696,462,26,67,0,7,0
105,46,696,462,26,67,0,7,0
106,46,696,462,26,67,0,7,0
107,46,696,462,26,67,0,7,0
108,46,696,462,26,67,0,7,0
109,46,696,462,26,67,0,7,0
110,46,696,462,26,67,0,7,0
111,46,696,462,26,67,0,7,0
112,46,696,462,25,67,0,7,0
113,46,696,462,25,67,0,7,0
114,46,696,462,25,67,0,7,0
115,46,696,462,25,67,0,7,0
116,46,696,462,25,67,0,7,0
117,46,695,462,26,67,0,7,0
118,46,695,462,26,67,0,7,0
119,46,695,462,26,67,0,7,0
120,46,695,462,26,67,0,7,0
121,46,695,462,26,67,0,7,0
122,46,695,462,26,67,0,7,0
123,46,695,462,26,67,0,7,0
124,46,695,462,26,67,0,7,0
125,46,695,462,26,67,0,7,0
126,46,695,462,26,67,0,7,0
127,46,695,462,26,67,0,7,0
128,46,695,462,26,67,0,7,0
129,46,695,462,26,67,0,7,0
130,46,695,462,26,67,0,7,0
131,46,695,462,26,67,0,7,0
132,46,695,462,25,67,0,7,0
133,46,695,462,25,67,0,7,0
134,46,695,462,25,67,0,7,0
135,46,695,462,25,67,0,7,0
136,46,695,462,25,67,0,7,0
137,46,695,462,25,67,0,7,0
138,46,695,462,25,67,0,7,0
139,46,695,462,25,67,0,7,0
140,46,695,462,25,67,0,7,0
141,46,695,462,25,67,0,7,0
142,46,695,462,25,67,0,7,0
143,46,695,462,25,67,0,7,0
144,46,695,462,25,67,0,7,0
145,46,695,462,25,67,0,7,0
146,46,695,462,25,67,0,7,0
147,46,695,462,25,67,0,7,0
148,46,695,462,25,67,0,7,0
149,46,695,462,25,67,0,7,0
150,46,695,462,25,67,0,7,0
151,46,695,462,25,67,0,7,0
152,46,694,461,25,68,0,7,0
153,46,694,461,25,68,0,7,0
154,46,694,461,25,68,0,7,0
155,46,694,461,25,68,0,7,0
156,46,694,461,25,68,0,7,0
157,46,694,461,25,68,0,7,0
158,46,694,461,25,68,0,7,0
159,46,694,461,25,68,0,7,0
160,46,694,461,24,68,0,7,0
161,46,694,461,24,68,0,7,0
162,46,693,461,25,68,0,7,0
163,46,693,461,25,68,0,7,0
164,46,693,461,25,68,0,7,0
165,46,693,461,25,68,0,7,0
166,46,693,461,25,68,0,7,0
167,46,693,461,25,68,0,7,0
168,46,693,461,24,68,0,7,0
169,46,693,461,24,68,0,7,0
170,46,693,461,24,68,0,7,0
171,46,693,461,24,68,0,7,0
172,46,692,461,25,68,0,7,0
173,46,692,461,25,68,0,7,0
174,46,692,461,25,68,0,7,0
175,46,692,461,25,68,0,7,0
176,46,692,461,25,68,0,7,0
177,46,692,461,24,68,0,7,0
178,46,692,461,24,68,0,7,0
179,46,692,461,24,68,0,7,0
180,46,692,461,24,68,0,7,0
181,46,692,461,24,68,0,7,0
182,46,691,461,25,68,0,7,0
183,46,691,461,25,68,0,7,0
184,46,691,461,25,68,0,7,0
185,46,691,461,24,68,0,7,0
186,46,691,461,24,68,0,7,0
187,46,691,461,24,68,0,7,0
188,46,691,461,24,68,0,7,0
189,46,691,461,24,68,0,7,0
190,46,691,461,24,68,0,7,0
191,46,691,461,24,68,0,7,0
192,46,690,461,25,68,0,7,0
193,46,690,461,24,68,0,7,0
194,46,690,461,24,68,0,7,0
195,46,690,461,24,68,0,7,0
196,46,690,461,24,68,0,7,0
197,46,690,461,24,68,0,7,0
198,46,690,461,24,68,0,7,0
199,46,690,461,24,68,0,7,0
200,46,690,461,24,68,0,7,0
201,46,690,461,24,68,0,7,0
202,46,690,461,23,68,0,7,0
203,46,690,461,23,68,0,7,0
204,46,690,461,23,68,0,7,0
205,46,690,461,23,68,0,7,0
206,46,690,461,23,68,0,7,0
207,46,690,461,23,68,0,7,0
208,46,690,461,22,68,0,7,0
209,46,690,461,22,68,0,7,0.039067
210,46,690,461,22,68,0,7,0.1172
211,46,690,461,22,68,0,7,0.19534
212,46,690,461,22,68,0,7,0.22936
213,46,690,461,22,68,0,7,0.26339
214,46,690,461,22,68,0,7,0.31443
215,46,690,461,21,68,0,7,0.3643
216,46,690,461,21,68,0,7,0.41765
217,46,690,461,21,68,0,7,0.41765
218,46,690,461,21,68,0,7,0.41765
219,46,690,461,21,68,0,7,0.41765
220,46,690,461,21,68,0,7,0.41765
221,46,691,462,20,67,0,7,0.41597
222,46,691,462,19,67,0,7,0.41471
223,46,691,462,19,67,0,7,0.41471
224,46,691,462,19,67,0,7,0.41471
225,46,691,462,19,68,0,7,0.4087
226,46,691,462,19,68,0,7,0.4087
227,46,691,462,19,68,0,7,0.4087
228,46,691,462,19,69,0,7,0.40286
229,46,691,462,19,69,0,7,0.40286
230,46,691,462,19,69,0,7,0.40286
231,46,691,462,19,70,0,7,0.39718
232,46,691,462,19,70,0,7,0.39507
233,46,691,462,19,70,0,7,0.39507
234,46,691,462,19,70,0,7,0.39507
235,46,691,462,19,70,0,7,0.39507
236,46,691,462,19,70,0,7,0.39507
237,46,691,462,19,70,0,7,0.39507
238,46,691,462,19,70,0,7,0.39507
239,46,691,462,19,70,0,7,0.28944
240,46,691,462,19,70,0,7,0.19014
241,46,691,462,19,70,0,7,0.09507
242,46,691,462,19,70,0,7,0.091549
243,46,691,462,19,70,0,7,0.091549
244,46,691,462,19,70,0,7,0.073239
245,46,691,462,19,70,0,7,0.073239
246,46,691,462,19,70,0,7,0.073239
247,46,691,462,19,70,0,7,0.05493
248,46,691,462,19,70,0,7,0.05493
249,46,691,462,19,70,0,7,0.05493
250,46,691,462,19,70,0,7,0.05493
251,46,691,462,19,70,0,7,0.05493
252,46,691,462,19,70,0,7,0.01831
253,46,691,462,19,70,0,7,0
254,46,691,462,19,70,0,7,0
255,46,691,462,19,70,0,7,0
256,46,691,462,19,70,0,7,0
257,46,691,462,19,70,0,7,0
258,46,691,462,19,70,0,7,0
259,46,691,462,19,70,0,7,0
260,46,691,462,19,70,0,7,0
261,46,691,462,19,70,0,7,0
262,46,691,462,19,70,0,7,0
263,46,691,462,19,70,0,7,0
264,46,691,462,19,70,0,7,0
265,46,691,462,19,70,0,7,0
266,46,691,462,19,70,0,7,0
267,46,691,462,19,70,0,7,0
268,46,691,462,19,70,0,7,0
269,46,691,462,19,70,0,7,0
270,46,691,462,19,70,0,7,0
271,46,691,462,19,70,0,7,0
272,46,691,462,19,70,0,7,0.021127
273,46,691,462,19,70,0,7,0.06338
274,46,691,462,19,70,0,7,0.10563
275,46,691,462,19,70,0,7,0.1662
276,46,691,462,19,70,0,7,0.20282
277,46,691,462,19,70,0,7,0.23592
278,46,691,462,19,70,0,7,0.28873
279,46,691,462,19,70,0,7,0.32394
280,46,691,462,19,70,0,7,0.35915
281,46,691,462,19,70,0,7,0.37676
282,46,691,462,19,70,0,7,0.37676
283,46,691,462,19,70,0,7,0.37676
284,46,691,462,19,70,0,7,0.37676
285,46,691,462,19,70,0,7,0.37676
286,46,691,462,19,70,0,7,0.37676
287,46,691,462,19,70,0,7,0.37676
288,46,691,462,19,70,0,7,0.37676
289,46,691,462,19,70,0,7,0.37676
290,46,691,462,19,70,0,7,0.37676
291,46,691,462,19,70,0,7,0.37676
292,46,691,462,19,70,0,7,0.37676
293,46,691,462,19,70,0,7,0.37676
294,46,691,462,19,70,0,7,0.37676
295,46,691,462,19,70,0,7,0.37676
296,46,691,462,19,70,0,7,0.37676
297,46,691,462,19,70,0,7,0.37676
298,46,691,462,19,70,0,7,0.37676
299,46,691,462,19,70,0,7,0.37676
300,46,691,462,19,70,0,7,0.37676
301,46,691,462,19,70,0,7,0.37676
1,47,713,478,19,57,0,7,0.24138
2,47,712,477,20,57,0,7,0.27258
3,47,712,477,20,57,0,7,0.27258
4,47,712,477,20,57,0,7,0.25452
5,47,712,477,20,57,0,7,0.25452
6,47,712,477,20,57,0,7,0.25452
7,47,712,477,20,57,0,7,0.25041
8,47,712,477,20,57,0,7,0.25041
9,47,712,477,20,57,0,7,0.24631
10,47,712,477,20,57,0,7,0.24631
11,47,712,477,19,57,0,7,0.25
12,47,712,477,19,57,0,7,0.24569
13,47,712,477,19,57,0,7,0.24138
14,47,712,477,19,57,0,7,0.23707
15,47,712,477,19,57,0,7,0.21121
16,47,712,477,19,57,0,7,0.19397
17,47,712,477,19,57,0,7,0.17672
18,47,712,477,19,57,0,7,0.16379
19,47,712,477,19,57,0,7,0.14655
20,47,712,477,19,57,0,7,0.12931
21,47,712,477,19,57,0,7,0.10345
22,47,712,477,19,57,0,7,0.086207
23,47,712,477,19,57,0,7,0.085345
24,47,712,477,19,57,0,7,0.075862
25,47,712,477,19,57,0,7,0.072414
26,47,712,477,19,57,0,7,0.067241
27,47,712,477,19,57,0,7,0.044828
28,47,712,477,19,57,0,7,0.024138
29,47,712,477,19,57,0,7,0.012069
30,47,712,477,19,57,0,7,0
31,47,712,477,19,57,0,7,0
32,47,712,477,19,57,0,7,0
33,47,712,477,19,57,0,7,0
34,47,712,477,19,57,0,7,0
35,47,712,477,19,57,0,7,0
36,47,712,477,19,57,0,7,0
37,47,712,477,19,57,0,7,0
38,47,712,477,19,57,0,7,0
39,47,712,477,19,57,0,7,0
40,47,712,477,19,57,0,7,0
41,47,712,477,19,57,0,7,0
42,47,712,477,19,57,0,7,0
43,47,712,477,19,57,0,7,0
44,47,712,477,19,57,0,7,0
45,47,712,477,19,57,0,7,0
46,47,712,477,19,57,0,7,0
47,47,712,477,19,57,0,7,0
48,47,712,477,19,57,0,7,0
49,47,712,477,19,57,0,7,0
50,47,712,477,19,57,0,7,0
51,47,712,477,19,57,0,7,0
52,47,712,477,19,57,0,7,0
53,47,712,477,19,57,0,7,0
54,47,712,477,19,57,0,7,0
55,47,712,477,19,57,0,7,0
56,47,712,477,19,57,0,7,0
57,47,712,477,19,57,0,7,0
58,47,712,477,19,57,0,7,0
59,47,712,477,19,57,0,7,0
60,47,712,477,19,57,0,7,0
61,47,712,477,19,57,0,7,0
62,47,712,477,19,57,0,7,0
63,47,712,477,19,57,0,7,0
64,47,712,477,19,57,0,7,0
65,47,712,477,19,57,0,7,0
66,47,712,477,19,57,0,7,0
67,47,712,477,19,57,0,7,0
68,47,712,477,19,57,0,7,0
69,47,712,477,19,57,0,7,0
70,47,712,477,19,57,0,7,0
71,47,712,477,19,57,0,7,0
72,47,712,477,19,57,0,7,0
73,47,712,477,19,57,0,7,0
74,47,712,477,19,57,0,7,0
75,47,712,477,19,57,0,7,0
76,47,712,477,19,57,0,7,0
77,47,712,477,19,57,0,7,0
78,47,712,477,19,57,0,7,0
79,47,712,477,19,57,0,7,0
80,47,712,477,19,57,0,7,0
81,47,712,477,19,57,0,7,0
82,47,712,477,19,57,0,7,0
83,47,712,477,19,57,0,7,0
84,47,712,477,19,57,0,7,0
85,47,712,477,19,57,0,7,0
86,47,712,477,19,57,0,7,0
87,47,712,477,19,57,0,7,0
88,47,712,477,19,57,0,7,0
89,47,712,477,19,57,0,7,0
90,47,712,477,19,57,0,7,0
91,47,712,477,19,57,0,7,0
92,47,712,477,19,57,0,7,0
93,47,712,477,19,57,0,7,0
94,47,712,477,19,57,0,7,0
95,47,712,477,19,57,0,7,0
96,47,712,477,19,57,0,7,0
97,47,712,477,19,57,0,7,0
98,47,712,477,19,57,0,7,0
99,47,712,477,19,57,0,7,0
100,47,712,477,19,57,0,7,0
101,47,712,477,19,57,0,7,0
102,47,712,477,19,57,0,7,0
103,47,712,477,19,57,0,7,0
104,47,712,477,19,57,0,7,0
105,47,712,477,19,57,0,7,0
106,47,712,477,19,57,0,7,0
107,47,712,477,19,57,0,7,0
108,47,712,477,19,57,0,7,0
109,47,712,477,19,57,0,7,0
110,47,712,477,19,57,0,7,0
111,47,712,477,19,57,0,7,0
112,47,712,477,19,57,0,7,0
113,47,712,477,19,57,0,7,0
114,47,712,477,19,57,0,7,0
115,47,712,477,19,57,0,7,0
116,47,712,477,19,57,0,7,0
117,47,712,477,19,57,0,7,0
118,47,712,477,19,57,0,7,0
119,47,712,477,19,57,0,7,0
120,47,712,477,19,57,0,7,0
121,47,712,477,19,57,0,7,0
122,47,712,477,19,57,0,7,0
123,47,712,477,19,57,0,7,0
124,47,712,477,19,57,0,7,0
125,47,713,477,18,57,0,7,0
126,47,713,477,17,57,0,7,0
127,47,713,477,17,57,0,7,0
128,47,713,477,17,57,0,7,0
129,47,713,477,17,57,0,7,0
130,47,713,477,17,57,0,7,0
131,47,713,477,17,57,0,7,0
132,47,713,477,17,57,0,7,0
133,47,713,477,17,57,0,7,0
134,47,713,477,17,57,0,7,0
135,47,713,477,17,57,0,7,0
136,47,713,477,17,57,0,7,0
137,47,713,477,17,57,0,7,0
138,47,713,477,17,57,0,7,0
139,47,713,477,17,57,0,7,0
140,47,713,477,17,57,0,7,0
141,47,713,477,17,57,0,7,0
142,47,713,477,17,57,0,7,0
143,47,713,477,17,57,0,7,0
144,47,713,477,17,57,0,7,0
145,47,713,477,17,57,0,7,0
146,47,713,477,17,57,0,7,0
147,47,713,477,17,57,0,7,0
148,47,713,477,17,57,0,7,0
149,47,713,477,17,57,0,7,0
150,47,713,477,17,57,0,7,0
151,47,713,477,17,57,0,7,0
152,47,713,477,17,57,0,7,0
153,47,713,477,17,57,0,7,0
154,47,713,477,17,57,0,7,0
155,47,713,477,17,57,0,7,0
156,47,713,477,17,57,0,7,0
157,47,713,477,17,57,0,7,0
158,47,713,477,17,57,0,7,0
159,47,713,477,17,57,0,7,0
160,47,713,477,17,57,0,7,0
161,47,713,477,17,57,0,7,0
162,47,713,477,17,57,0,7,0
163,47,713,477,17,57,0,7,0
164,47,713,477,17,57,0,7,0
165,47,713,477,17,57,0,7,0
166,47,713,477,17,57,0,7,0
167,47,713,477,17,57,0,7,0
168,47,713,477,17,57,0,7,0
169,47,713,477,17,57,0,7,0
170,47,713,477,17,57,0,7,0
171,47,713,477,17,57,0,7,0
172,47,713,477,17,57,0,7,0
173,47,713,477,17,57,0,7,0
174,47,713,477,17,57,0,7,0
175,47,713,477,17,57,0,7,0
176,47,713,477,17,57,0,7,0
177,47,713,477,17,57,0,7,0
178,47,713,477,17,57,0,7,0
179,47,713,477,17,57,0,7,0
180,47,713,477,17,57,0,7,0
181,47,713,477,17,57,0,7,0
182,47,713,477,17,57,0,7,0
183,47,713,477,17,57,0,7,0
184,47,713,477,17,57,0,7,0
185,47,713,477,17,57,0,7,0
186,47,713,477,17,57,0,7,0
187,47,713,477,17,57,0,7,0
188,47,713,477,17,57,0,7,0
189,47,713,477,17,57,0,7,0
190,47,713,477,17,57,0,7,0
191,47,713,477,17,57,0,7,0
192,47,713,477,17,57,0,7,0
193,47,713,477,17,57,0,7,0
194,47,713,477,17,57,0,7,0
195,47,713,477,17,57,0,7,0
196,47,713,477,17,57,0,7,0
197,47,713,477,17,57,0,7,0
198,47,713,477,17,57,0,7,0
199,47,713,477,17,57,0,7,0
200,47,713,477,17,57,0,7,0
201,47,713,477,17,57,0,7,0
202,47,713,477,17,57,0,7,0
203,47,713,477,17,57,0,7,0
204,47,713,477,17,57,0,7,0
205,47,713,477,17,57,0,7,0
206,47,713,477,17,57,0,7,0
207,47,713,477,17,57,0,7,0
208,47,713,477,17,57,0,7,0
209,47,713,477,17,57,0,7,0
210,47,713,477,17,57,0,7,0
211,47,713,477,17,57,0,7,0
212,47,713,477,17,57,0,7,0
213,47,713,477,17,57,0,7,0
214,47,713,477,17,57,0,7,0
215,47,713,477,17,57,0,7,0
216,47,713,477,17,57,0,7,0
217,47,713,477,17,57,0,7,0.010536
218,47,713,477,17,57,0,7,0.031609
219,47,713,477,17,57,0,7,0.063218
220,47,713,477,17,57,0,7,0.084291
221,47,713,477,17,57,0,7,0.12644
222,47,713,477,17,57,0,7,0.16092
223,47,713,477,17,57,0,7,0.1954
224,47,713,477,17,57,0,7,0.19732
225,47,713,477,17,57,0,7,0.18774
226,47,713,477,17,57,0,7,0.18774
227,47,713,477,17,57,0,7,0.18774
228,47,713,477,17,57,0,7,0.18774
229,47,713,477,17,57,0,7,0.18774
230,47,713,477,17,57,0,7,0.18774
231,47,713,477,17,57,0,7,0.17816
232,47,713,477,17,57,0,7,0.17816
233,47,713,477,17,57,0,7,0.17816
234,47,713,477,17,57,0,7,0.17816
235,47,713,477,17,57,0,7,0.17816
236,47,713,477,17,57,0,7,0.16858
237,47,713,477,17,57,0,7,0.16858
238,47,713,477,17,57,0,7,0.16858
239,47,713,477,17,57,0,7,0.16858
240,47,714,477,16,58,0,7,0.16351
241,47,713,477,16,58,0,7,0.17647
242,47,713,477,16,58,0,7,0.16251
243,47,713,477,16,58,0,7,0.16251
244,47,713,477,16,58,0,7,0.16251
245,47,713,477,16,58,0,7,0.16251
246,47,713,477,16,58,0,7,0.16251
247,47,713,477,16,58,0,7,0.16251
248,47,713,477,16,58,0,7,0.16251
249,47,713,477,16,58,0,7,0.16251
250,47,713,477,16,58,0,7,0.16251
251,47,713,477,16,58,0,7,0.16251
252,47,713,477,16,58,0,7,0.16251
253,47,713,477,16,58,0,7,0.16251
254,47,713,477,16,58,0,7,0.15155
255,47,713,477,16,58,0,7,0.12961
256,47,713,477,16,58,0,7,0.10768
257,47,713,477,16,58,0,7,0.085743
258,47,713,477,16,58,0,7,0.063809
259,47,713,477,16,58,0,7,0.041874
260,47,713,477,16,58,0,7,0.01994
261,47,713,477,16,58,0,7,0.0059821
262,47,713,477,16,58,0,7,0
263,47,713,477,16,58,0,7,0
264,47,713,477,16,58,0,7,0
265,47,713,477,16,58,0,7,0
266,47,713,477,16,58,0,7,0
267,47,712,477,16,58,0,7,0
268,47,712,477,16,58,0,7,0
269,47,712,477,16,58,0,7,0
270,47,712,477,16,58,0,7,0
271,47,712,477,16,58,0,7,0
272,47,712,477,16,58,0,7,0
273,47,712,477,16,58,0,7,0
274,47,712,477,16,58,0,7,0
275,47,712,477,16,58,0,7,0
276,47,712,477,16,58,0,7,0
277,47,712,477,16,58,0,7,0
278,47,712,477,16,58,0,7,0
279,47,712,477,16,58,0,7,0
280,47,712,477,16,58,0,7,0
281,47,712,477,16,58,0,7,0.0099701
282,47,712,477,16,58,0,7,0.01994
283,47,712,477,16,58,0,7,0.03988
284,47,712,477,16,58,0,7,0.04985
285,47,712,477,16,58,0,7,0.069791
286,47,712,477,16,58,0,7,0.089731
287,47,712,477,16,58,0,7,0.12961
288,47,712,477,16,58,0,7,0.15553
289,47,712,477,16,58,0,7,0.15553
290,47,712,477,16,58,0,7,0.15553
291,47,712,477,16,58,0,7,0.15553
292,47,712,477,16,58,0,7,0.15553
293,47,712,477,16,58,0,7,0.15553
294,47,711,477,16,58,0,7,0.16251
295,47,711,477,16,58,0,7,0.16251
296,47,711,477,16,58,0,7,0.16251
297,47,711,477,16,58,0,7,0.16251
298,47,711,477,16,58,0,7,0.16251
299,47,711,477,16,58,0,7,0.16251
300,47,711,477,16,58,0,7,0.16251
301,47,711,477,16,58,0,7,0.16251
1,50,734,505,31,44,0,4,0.0055556
2,50,733,504,31,45,0,4,0.0033967
3,50,733,504,31,45,0,4,0.0033967
4,50,733,504,31,45,0,4,0.0033967
5,50,733,504,31,45,0,4,0
6,50,733,504,31,45,0,4,0
7,50,733,504,31,46,0,4,0
8,50,733,504,31,46,0,4,0
9,50,733,504,31,46,0,4,0
10,50,733,504,31,46,0,4,0
11,50,733,504,31,46,0,4,0
12,50,733,504,31,46,0,4,0
13,50,733,504,31,47,0,4,0
14,50,733,504,31,47,0,4,0
15,50,733,504,31,47,0,4,0
16,50,733,504,31,47,0,4,0
17,50,733,504,31,47,0,4,0
18,50,733,504,31,47,0,4,0
19,50,733,504,31,48,0,4,0
20,50,733,504,31,48,0,4,0
21,50,733,504,31,48,0,4,0
22,50,733,503,30,49,0,4,0
23,50,733,503,30,49,0,4,0
24,50,733,503,30,50,0,4,0
25,50,733,503,30,50,0,4,0
26,50,733,503,30,50,0,4,0
27,50,733,503,30,50,0,4,0
28,50,733,503,30,50,0,4,0
29,50,733,503,30,50,0,4,0
30,50,733,503,30,51,0,4,0
31,50,733,503,30,51,0,4,0
32,50,733,503,30,51,0,4,0
33,50,733,503,30,51,0,4,0
34,50,733,503,30,51,0,4,0.032258
35,50,733,503,30,51,0,4,0.064516
36,50,733,503,30,52,0,4,0.096774
37,50,733,503,30,52,0,4,0.16129
38,50,733,503,30,52,0,4,0.19355
39,50,733,503,30,52,0,4,0.22581
40,50,733,503,30,52,0,4,0.25806
41,50,733,503,30,53,0,4,0.29032
42,50,733,502,31,54,0,4,0.34375
43,50,734,502,32,54,0,4,0.39394
44,50,735,501,32,56,0,4,0.42424
45,50,736,501,33,56,0,4,0.47059
46,50,737,501,34,57,0,4,0.51429
47,50,737,500,35,58,0,4,0.52778
48,50,738,500,36,58,0,4,0.56757
49,50,739,499,36,60,0,4,0.59459
50,50,740,499,37,60,0,4,0.63158
51,50,741,499,38,61,0,4,0.66667
52,50,742,499,38,61,0,4,0.69231
53,50,743,499,38,61,0,4,0.71795
54,50,744,499,38,61,0,4,0.74359
55,50,746,500,38,61,0,4,0.79487
56,50,747,500,38,61,0,4,0.79487
57,50,748,500,38,61,0,4,0.76923
58,50,750,501,38,61,0,4,0.79487
59,50,751,501,38,61,0,4,0.76923
60,50,752,501,38,61,0,4,0.74359
61,50,754,502,38,61,0,4,0.79487
62,50,754,501,38,62,0,4,0.76923
63,50,755,501,38,63,0,4,0.76923
64,50,756,501,37,63,0,4,0.78947
65,50,756,501,38,64,0,4,0.76923
66,50,757,501,38,65,0,4,0.76923
67,50,758,500,37,66,0,4,0.76316
68,50,758,500,38,67,0,4,0.71795
69,50,759,500,37,67,0,4,0.71053
70,50,760,500,37,68,0,4,0.68421
71,50,761,500,37,69,0,4,0.68421
72,50,761,500,37,69,0,4,0.63158
73,50,762,500,37,69,0,4,0.60526
74,50,763,500,37,69,0,4,0.57895
75,50,764,500,37,69,0,4,0.55263
76,50,765,501,37,69,0,4,0.52632
77,50,766,501,37,69,0,4,0.5
78,50,767,501,37,69,0,4,0.39474
79,50,768,501,37,69,0,4,0.26316
80,50,769,501,37,69,0,4,0.13158
81,50,770,502,37,69,0,4,0
82,50,769,502,37,69,0,4,0
83,50,769,502,37,69,0,4,0
84,50,768,502,38,70,0,4,0
85,50,768,502,37,70,0,4,0
86,50,767,502,38,70,0,4,0
87,50,767,503,38,70,0,4,0
88,50,766,503,39,70,0,4,0
89,50,766,503,38,70,0,4,0
90,50,765,503,39,71,0,4,0
91,50,765,503,39,71,0,4,0
92,50,764,504,40,70,0,4,0
93,50,764,504,39,71,0,4,0
94,50,763,504,40,71,0,4,0
95,50,763,504,40,71,0,4,0
96,50,762,504,41,72,0,4,0
97,50,762,505,40,71,0,4,0
98,50,761,505,41,71,0,4,0
99,50,761,505,41,72,0,4,0
100,50,760,505,41,72,0,4,0
101,50,760,505,41,72,0,4,0
102,50,759,505,42,73,0,4,0
103,50,759,506,42,72,0,4,0
104,50,759,506,41,72,0,4,0
105,50,758,506,42,73,0,4,0
106,50,758,506,42,73,0,4,0
107,50,757,506,43,73,0,4,0
108,50,757,507,42,73,0,4,0
109,50,756,507,43,73,0,4,0
110,50,756,507,43,73,0,4,0
111,50,755,507,44,74,0,4,0
112,50,755,507,43,74,0,4,0
113,50,754,508,44,73,0,4,0
114,50,754,508,44,74,0,4,0
115,50,753,508,44,74,0,4,0
116,50,753,508,44,74,0,4,0
117,50,752,508,45,75,0,4,0
118,50,752,508,45,75,0,4,0
119,50,751,509,45,74,0,4,0
120,50,751,509,45,75,0,4,0.021739
121,50,750,509,46,75,0,4,0.021277
122,50,750,509,46,75,0,4,0.042553
123,50,749,509,46,76,0,4,0.06383
124,50,749,510,46,75,0,4,0.085106
125,50,748,510,47,75,0,4,0.10417
126,50,748,510,47,76,0,4,0.10417
127,50,748,510,46,76,0,4,0.12766
128,50,747,510,47,76,0,4,0.14583
129,50,747,511,47,76,0,4,0.16667
130,50,746,511,47,76,0,4,0.1875
131,50,746,511,47,76,0,4,0.1875
132,50,745,511,48,77,0,4,0.16327
133,50,745,511,48,77,0,4,0.14286
134,50,744,512,48,76,0,4,0.10204
135,50,744,512,48,77,0,4,0.081633
136,50,743,512,49,77,0,4,0.06
137,50,743,512,49,77,0,4,0.04
138,50,742,512,49,78,0,4,0
139,50,742,512,49,78,0,4,0
140,50,741,513,50,77,0,4,0
141,50,741,513,50,78,0,4,0
142,50,740,513,50,78,0,4,0
143,50,740,513,50,78,0,4,0
144,50,739,513,51,79,0,4,0
145,50,739,514,50,78,0,4,0
146,50,738,514,51,78,0,4,0
147,50,738,514,51,79,0,4,0
148,50,737,514,52,79,0,4,0
149,50,737,514,51,79,0,4,0
150,50,737,515,51,79,0,4,0
151,50,736,515,52,79,0,4,0
152,50,736,515,52,79,0,4,0
153,50,735,515,52,80,0,4,0
154,50,735,515,52,80,0,4,0
155,50,734,515,53,80,0,4,0
156,50,734,516,53,80,0,4,0
157,50,733,516,53,80,0,4,0
158,50,733,516,53,80,0,4,0
159,50,732,516,54,81,0,4,0
160,50,732,516,53,81,0,4,0
161,50,731,517,54,80,0,4,0
162,50,731,517,54,81,0,4,0
163,50,730,517,55,81,0,4,0
164,50,730,517,54,81,0,4,0
165,50,729,517,55,82,0,4,0
166,50,729,518,55,81,0,4,0
167,50,728,518,56,81,0,4,0
168,50,728,518,55,82,0,4,0
169,50,727,518,56,82,0,4,0.035088
170,50,727,518,56,82,0,4,0.017544
171,50,727,519,56,82,0,4,0
172,50,727,519,55,82,0,4,0.017857
173,50,727,519,55,82,0,4,0.035714
174,50,727,519,55,82,0,4,0.035714
175,50,727,519,55,82,0,4,0.053571
176,50,727,519,55,82,0,4,0.053571
177,50,727,519,55,82,0,4,0.053571
178,50,727,519,55,82,0,4,0.071429
179,50,727,519,55,82,0,4,0.071429
180,50,727,519,55,82,0,4,0.089286
181,50,727,519,55,82,0,4,0.071429
182,50,727,518,55,83,0,4,0.035714
183,50,727,518,55,83,0,4,0
184,50,727,518,55,83,0,4,0
185,50,727,518,55,83,0,4,0
186,50,727,518,55,83,0,4,0
187,50,727,518,55,83,0,4,0
188,50,727,518,55,83,0,4,0
189,50,727,518,55,83,0,4,0
190,50,727,518,55,83,0,4,0
191,50,727,518,55,83,0,4,0
192,50,727,518,55,83,0,4,0
193,50,727,518,55,83,0,4,0
194,50,727,518,55,83,0,4,0
195,50,727,518,55,83,0,4,0
196,50,727,518,55,83,0,4,0
197,50,727,518,55,83,0,4,0
198,50,727,518,55,83,0,4,0
199,50,727,518,55,83,0,4,0
200,50,727,518,55,83,0,4,0
201,50,727,518,55,83,0,4,0
202,50,727,518,55,83,0,4,0
203,50,727,518,55,83,0,4,0
204,50,727,518,55,83,0,4,0
205,50,727,518,55,83,0,4,0
206,50,727,518,55,83,0,4,0
207,50,727,518,55,83,0,4,0
208,50,727,518,55,83,0,4,0
209,50,727,518,55,83,0,4,0
210,50,727,518,55,83,0,4,0
211,50,727,518,55,83,0,4,0
212,50,727,518,55,83,0,4,0
213,50,727,518,55,83,0,4,0
214,50,727,518,55,83,0,4,0
215,50,727,518,55,83,0,4,0
216,50,727,518,55,83,0,4,0
217,50,727,518,55,83,0,4,0
218,50,727,518,55,83,0,4,0
219,50,727,517,55,84,0,4,0
220,50,727,517,55,84,0,4,0
221,50,727,517,55,84,0,4,0
222,50,727,517,55,84,0,4,0
223,50,727,517,55,84,0,4,0.053571
224,50,727,517,55,84,0,4,0.125
225,50,727,517,55,84,0,4,0.17857
226,50,727,517,55,84,0,4,0.25
227,50,727,517,55,84,0,4,0.26786
228,50,727,517,55,84,0,4,0.28571
229,50,727,517,55,84,0,4,0.32143
230,50,727,517,55,84,0,4,0.33929
231,50,727,517,55,84,0,4,0.375
232,50,727,517,55,84,0,4,0.39286
233,50,727,517,55,84,0,4,0.41071
234,50,727,517,55,84,0,4,0.42857
235,50,727,517,55,84,0,4,0.46429
236,50,727,517,55,84,0,4,0.48214
237,50,727,517,55,84,0,4,0.5
238,50,727,517,55,84,0,4,0.53571
239,50,727,517,55,84,0,4,0.55357
240,50,727,517,55,84,0,4,0.57143
241,50,727,517,55,84,0,4,0.60714
242,50,727,517,55,84,0,4,0.66071
243,50,727,517,55,84,0,4,0.71429
244,50,727,517,55,84,0,4,0.76786
245,50,727,517,55,84,0,4,0.82143
246,50,727,517,55,84,0,4,0.89286
247,50,727,517,55,84,0,4,0.94643
248,50,727,517,55,84,0,4,1
249,50,727,517,55,84,0,4,1
250,50,727,517,55,84,0,4,1
251,50,727,517,55,84,0,4,1
252,50,727,517,55,84,0,4,1
253,50,727,517,55,84,0,4,1
254,50,727,517,55,84,0,4,1
255,50,727,517,55,84,0,4,1
256,50,727,517,55,84,0,4,1
257,50,727,516,55,85,0,4,1
258,50,727,516,55,85,0,4,1
259,50,727,516,55,85,0,4,1
260,50,727,516,55,85,0,4,1
261,50,727,516,55,85,0,4,0.98214
262,50,727,516,55,85,0,4,0.94643
263,50,727,516,55,85,0,4,0.91071
264,50,727,516,55,85,0,4,0.875
265,50,727,516,55,85,0,4,0.83929
266,50,727,516,55,85,0,4,0.80357
267,50,727,516,55,85,0,4,0.76786
268,50,727,516,55,85,0,4,0.73214
269,50,727,516,55,85,0,4,0.69643
270,50,727,516,55,85,0,4,0.66071
271,50,727,516,55,85,0,4,0.60714
272,50,727,516,55,85,0,4,0.51786
273,50,727,516,55,85,0,4,0.42857
274,50,727,516,55,85,0,4,0.32143
275,50,727,516,55,85,0,4,0.23214
276,50,727,516,55,85,0,4,0.125
277,50,727,516,55,85,0,4,0.035714
278,50,727,516,55,85,0,4,0
279,50,727,516,55,85,0,4,0
280,50,727,516,55,85,0,4,0
281,50,727,516,55,85,0,4,0
282,50,727,516,55,85,0,4,0
283,50,727,516,55,85,0,4,0
284,50,727,516,55,85,0,4,0
285,50,727,516,55,85,0,4,0
286,50,727,516,55,85,0,4,0
287,50,727,516,55,85,0,4,0
288,50,727,516,55,85,0,4,0.035714
289,50,727,516,55,85,0,4,0.10714
290,50,727,516,55,85,0,4,0.19643
291,50,727,516,55,85,0,4,0.25
292,50,727,516,55,85,0,4,0.30357
293,50,727,516,55,85,0,4,0.35714
294,50,727,515,55,86,0,4,0.42857
295,50,727,515,55,86,0,4,0.48214
296,50,727,515,55,86,0,4,0.53571
297,50,727,515,55,86,0,4,0.60714
298,50,727,515,55,86,0,4,0.625
299,50,727,515,55,86,0,4,0.66071
300,50,727,515,55,86,0,4,0.69643
301,50,727,515,55,86,0,4,0.73214
1,51,911,408,26,129,0,9,0.55897
2,51,910,408,26,129,0,9,0.5735
3,51,910,408,26,129,0,9,0.5735
4,51,910,408,26,129,0,9,0.5735
5,51,910,408,26,129,0,9,0.5735
6,51,910,408,26,129,0,9,0.5735
7,51,910,408,26,129,0,9,0.5735
8,51,910,408,26,129,0,9,0.5735
9,51,910,408,26,129,0,9,0.5735
10,51,910,408,26,129,0,9,0.5735
11,51,910,408,26,129,0,9,0.5735
12,51,910,408,26,129,0,9,0.55954
13,51,910,408,26,129,0,9,0.55954
14,51,910,408,26,129,0,9,0.55954
15,51,910,408,26,129,0,9,0.55954
16,51,910,408,26,129,0,9,0.55954
17,51,910,408,26,129,0,9,0.54558
18,51,910,408,26,129,0,9,0.54558
19,51,910,408,26,129,0,9,0.54558
20,51,910,408,26,129,0,9,0.046154
21,51,910,408,26,129,0,9,0.046154
22,51,910,408,26,129,0,9,0.046154
23,51,910,408,26,129,0,9,0.046154
24,51,910,408,26,129,0,9,0.046154
25,51,910,408,26,129,0,9,0.046154
26,51,910,408,26,129,0,9,0.046154
27,51,910,408,26,129,0,9,0.046154
28,51,910,408,26,129,0,9,0.046154
29,51,910,408,26,129,0,9,0.046154
30,51,910,408,26,129,0,9,0.046154
31,51,910,408,26,129,0,9,0.046154
32,51,910,408,26,129,0,9,0.046154
33,51,910,408,26,129,0,9,0.046154
34,51,910,408,26,129,0,9,0.046154
35,51,910,408,26,129,0,9,0.046154
36,51,910,408,26,129,0,9,0.046154
37,51,910,408,26,129,0,9,0.046154
38,51,910,408,26,129,0,9,0.046154
39,51,910,408,26,129,0,9,0.046154
40,51,910,408,26,129,0,9,0.046154
41,51,910,408,26,129,0,9,0.046154
42,51,910,408,26,129,0,9,0.046154
43,51,910,408,26,129,0,9,0.046154
44,51,910,408,26,129,0,9,0.046154
45,51,910,408,26,129,0,9,0.046154
46,51,910,408,26,129,0,9,0.046154
47,51,910,408,26,129,0,9,0.046154
48,51,910,408,26,129,0,9,0.046154
49,51,910,408,26,129,0,9,0.046154
50,51,910,408,26,129,0,9,0.046154
51,51,910,408,26,129,0,9,0.046154
52,51,910,408,26,129,0,9,0.046154
53,51,910,408,26,129,0,9,0.046154
54,51,910,408,26,129,0,9,0.046154
55,51,910,408,26,129,0,9,0.046154
56,51,910,408,26,129,0,9,0.046154
57,51,910,408,26,129,0,9,0.046154
58,51,910,408,26,129,0,9,0.046154
59,51,910,408,26,129,0,9,0.046154
60,51,910,408,26,129,0,9,0.046154
61,51,910,408,26,129,0,9,0.046154
62,51,910,408,26,129,0,9,0.046154
63,51,910,408,26,129,0,9,0.046154
64,51,910,408,26,129,0,9,0.046154
65,51,910,408,26,129,0,9,0.046154
66,51,910,408,26,129,0,9,0.046154
67,51,910,408,26,129,0,9,0.046154
68,51,910,408,26,129,0,9,0.046154
69,51,910,408,26,129,0,9,0.046154
70,51,910,408,26,129,0,9,0.046154
71,51,910,408,26,129,0,9,0.046154
72,51,910,408,26,129,0,9,0.046154
73,51,910,408,26,129,0,9,0.046154
74,51,910,408,26,129,0,9,0.046154
75,51,910,408,26,129,0,9,0.046154
76,51,910,408,26,129,0,9,0.046154
77,51,910,408,26,129,0,9,0.046154
78,51,910,408,26,129,0,9,0.046154
79,51,910,408,26,129,0,9,0.046154
80,51,910,408,26,129,0,9,0.046154
81,51,910,408,26,129,0,9,0.046154
82,51,910,408,26,129,0,9,0.046154
83,51,910,408,26,129,0,9,0.046154
84,51,910,408,26,129,0,9,0.046154
85,51,910,408,26,129,0,9,0.046154
86,51,910,408,26,129,0,9,0.046154
87,51,909,408,26,129,0,9,0.046154
88,51,909,408,26,129,0,9,0.046154
89,51,909,408,26,129,0,9,0.046154
90,51,909,408,26,129,0,9,0.046154
91,51,909,408,26,129,0,9,0.046154
92,51,909,408,26,129,0,9,0.046154
93,51,909,408,26,129,0,9,0.046154
94,51,909,408,26,129,0,9,0.046154
95,51,909,408,26,129,0,9,0.046154
96,51,909,408,26,129,0,9,0.046154
97,51,909,408,26,129,0,9,0.046154
98,51,909,408,26,129,0,9,0.046154
99,51,909,408,26,129,0,9,0.046154
100,51,909,408,26,129,0,9,0.046154
101,51,909,408,26,129,0,9,0.046154
102,51,909,408,26,129,0,9,0.046154
103,51,909,408,26,129,0,9,0.046154
104,51,909,408,26,129,0,9,0.046154
105,51,909,408,26,129,0,9,0.046154
106,51,909,408,26,129,0,9,0.046154
107,51,909,408,26,129,0,9,0.046154
108,51,909,408,26,129,0,9,0.046154
109,51,909,408,26,129,0,9,0.046154
110,51,909,408,26,129,0,9,0.046154
111,51,909,408,26,129,0,9,0.046154
112,51,909,408,26,129,0,9,0.046154
113,51,909,408,26,129,0,9,0.046154
114,51,909,408,26,129,0,9,0.046154
115,51,909,408,26,129,0,9,0.046154
116,51,909,408,26,129,0,9,0.046154
117,51,909,408,26,129,0,9,0.046154
118,51,909,408,26,129,0,9,0.046154
119,51,909,408,26,129,0,9,0.046154
120,51,909,408,26,129,0,9,0.046154
121,51,909,408,26,129,0,9,0.046154
122,51,909,408,26,129,0,9,0.046154
123,51,909,408,26,129,0,9,0.046154
124,51,909,408,26,129,0,9,0.046154
125,51,909,408,26,129,0,9,0.046154
126,51,909,408,26,129,0,9,0.046154
127,51,909,408,26,129,0,9,0.046154
128,51,909,408,26,129,0,9,0.046154
129,51,909,408,26,129,0,9,0.046154
130,51,909,408,26,129,0,9,0.046154
131,51,909,408,26,129,0,9,0.046154
132,51,909,408,26,129,0,9,0.046154
133,51,909,408,26,129,0,9,0.046154
134,51,909,408,26,129,0,9,0.046154
135,51,909,408,26,129,0,9,0.046154
136,51,909,408,26,129,0,9,0.046154
137,51,909,408,26,129,0,9,0.046154
138,51,909,408,26,129,0,9,0.046154
139,51,909,408,26,129,0,9,0.046154
140,51,909,408,26,129,0,9,0.046154
141,51,909,408,26,129,0,9,0.046154
142,51,909,408,26,129,0,9,0.046154
143,51,909,408,26,129,0,9,0.046154
144,51,909,408,26,129,0,9,0.046154
145,51,909,408,26,129,0,9,0.046154
146,51,909,408,26,129,0,9,0.046154
147,51,909,408,26,129,0,9,0.046154
148,51,909,408,26,129,0,9,0.046154
149,51,909,408,26,129,0,9,0.046154
150,51,909,408,26,129,0,9,0.046154
151,51,909,408,26,129,0,9,0.046154
152,51,909,408,26,129,0,9,0.046154
153,51,909,408,26,129,0,9,0.046154
154,51,909,408,26,129,0,9,0.046154
155,51,909,408,26,129,0,9,0.046154
156,51,909,408,26,129,0,9,0.046154
157,51,909,408,26,129,0,9,0.046154
158,51,909,408,26,129,0,9,0.046154
159,51,909,408,26,129,0,9,0.046154
160,51,909,408,26,129,0,9,0.046154
161,51,909,408,26,129,0,9,0.046154
162,51,909,408,26,129,0,9,0.046154
163,51,909,408,26,129,0,9,0.046154
164,51,909,408,26,129,0,9,0.046154
165,51,909,408,26,129,0,9,0.046154
166,51,909,408,26,129,0,9,0.046154
167,51,909,408,26,129,0,9,0.046154
168,51,909,408,26,129,0,9,0.046154
169,51,909,408,26,129,0,9,0.046154
170,51,909,408,26,129,0,9,0.046154
171,51,909,408,26,129,0,9,0.046154
172,51,908,408,26,129,0,9,0.046154
173,51,908,408,26,129,0,9,0.046154
174,51,908,408,26,129,0,9,0.046154
175,51,908,408,26,129,0,9,0.046154
176,51,908,408,26,129,0,9,0.046154
177,51,908,408,26,129,0,9,0.046154
178,51,908,408,26,129,0,9,0.046154
179,51,908,408,26,129,0,9,0.046154
180,51,908,408,26,129,0,9,0.046154
181,51,908,408,26,129,0,9,0.046154
182,51,907,408,26,129,0,9,0.046154
183,51,907,408,26,129,0,9,0.046154
184,51,907,408,26,129,0,9,0.046154
185,51,907,408,26,129,0,9,0.046154
186,51,907,408,26,129,0,9,0.046154
187,51,907,408,26,129,0,9,0.046154
188,51,907,408,26,129,0,9,0.046154
189,51,907,408,26,129,0,9,0.046154
190,51,907,408,26,129,0,9,0.046154
191,51,907,408,26,129,0,9,0.046154
192,51,907,408,26,129,0,9,0.046154
193,51,907,408,26,129,0,9,0.046154
194,51,907,408,26,129,0,9,0.046154
195,51,907,408,26,129,0,9,0.046154
196,51,907,408,26,129,0,9,0.046154
197,51,907,408,26,129,0,9,0.046154
198,51,907,408,26,129,0,9,0.046154
199,51,907,408,26,129,0,9,0.046154
200,51,907,408,26,129,0,9,0.046154
201,51,907,408,26,129,0,9,0.046154
202,51,907,408,26,129,0,9,0.046154
203,51,907,408,26,129,0,9,0.046154
204,51,907,408,26,129,0,9,0.046154
205,51,907,408,26,129,0,9,0.046154
206,51,907,408,26,129,0,9,0.046154
207,51,907,408,26,129,0,9,0.046154
208,51,907,408,26,129,0,9,0.046154
209,51,907,408,26,129,0,9,0.046154
210,51,907,408,26,129,0,9,0.046154
211,51,907,408,26,129,0,9,0.046154
212,51,907,408,26,129,0,9,0.046154
213,51,907,408,26,129,0,9,0.046154
214,51,907,408,26,129,0,9,0.046154
215,51,907,408,26,129,0,9,0.046154
216,51,907,408,26,129,0,9,0.046154
217,51,907,408,26,129,0,9,0.046154
218,51,907,408,26,129,0,9,0.046154
219,51,907,408,26,129,0,9,0.041026
220,51,907,408,26,129,0,9,0.02906
221,51,907,408,26,129,0,9,0.017094
222,51,907,408,26,129,0,9,0
223,51,907,408,26,129,0,9,0
224,51,907,408,26,129,0,9,0
225,51,907,408,26,129,0,9,0
226,51,907,408,26,129,0,9,0
227,51,907,408,26,129,0,9,0
228,51,907,408,26,129,0,9,0
229,51,907,408,26,129,0,9,0
230,51,907,408,26,129,0,9,0
231,51,907,408,26,129,0,9,0
232,51,907,408,26,129,0,9,0
233,51,907,408,26,129,0,9,0
234,51,907,408,26,129,0,9,0
235,51,907,408,26,129,0,9,0
236,51,907,408,26,129,0,9,0
237,51,907,408,26,129,0,9,0
238,51,907,408,26,129,0,9,0
239,51,907,408,26,129,0,9,0
240,51,907,408,26,129,0,9,0
241,51,907,408,26,129,0,9,0
242,51,907,408,26,129,0,9,0
243,51,907,408,26,129,0,9,0
244,51,907,408,26,129,0,9,0
245,51,907,408,26,129,0,9,0
246,51,907,408,26,129,0,9,0
247,51,907,408,26,129,0,9,0
248,51,907,408,26,129,0,9,0
249,51,907,408,26,129,0,9,0
250,51,907,408,26,129,0,9,0
251,51,907,408,26,129,0,9,0.011966
252,51,907,408,26,129,0,9,0.017094
253,51,907,408,26,129,0,9,0.022222
254,51,907,408,26,129,0,9,0.02735
255,51,907,408,26,129,0,9,0.032479
256,51,907,408,26,129,0,9,0.037607
257,51,907,408,26,129,0,9,0.042735
258,51,907,408,26,129,0,9,0.046154
259,51,907,408,26,129,0,9,0.046154
260,51,907,408,26,129,0,9,0.046154
261,51,907,408,26,129,0,9,0.046154
262,51,907,408,26,129,0,9,0.046154
263,51,907,408,26,129,0,9,0.046154
264,51,907,408,26,129,0,9,0.046154
265,51,907,408,26,129,0,9,0.046154
266,51,907,408,26,129,0,9,0.046154
267,51,907,408,26,129,0,9,0.046154
268,51,907,408,26,129,0,9,0.046154
269,51,907,408,26,129,0,9,0.046154
270,51,907,408,26,129,0,9,0.046154
271,51,907,408,26,129,0,9,0.046154
272,51,907,408,26,129,0,9,0.046154
273,51,907,408,26,129,0,9,0.046154
274,51,907,408,26,129,0,9,0.046154
275,51,907,408,26,129,0,9,0.046154
276,51,907,408,26,129,0,9,0.046154
277,51,907,408,26,129,0,9,0.046154
278,51,907,408,26,129,0,9,0.046154
279,51,907,408,26,129,0,9,0.046154
280,51,907,408,26,129,0,9,0.046154
281,51,907,408,26,129,0,9,0.046154
282,51,907,408,26,129,0,9,0.046154
283,51,907,408,26,129,0,9,0.046154
284,51,907,408,26,129,0,9,0.046154
285,51,907,408,26,129,0,9,0.046154
286,51,907,408,26,129,0,9,0.046154
287,51,907,408,26,129,0,9,0.046154
288,51,907,408,26,129,0,9,0.046154
289,51,907,408,26,129,0,9,0.046154
290,51,907,408,26,129,0,9,0.046154
291,51,907,408,26,129,0,9,0.046154
292,51,907,408,26,129,0,9,0.046154
293,51,907,408,26,129,0,9,0.046154
294,51,907,408,26,129,0,9,0.046154
295,51,907,408,26,129,0,9,0.046154
296,51,907,408,26,129,0,9,0.046154
297,51,907,408,26,129,0,9,0.046154
298,51,907,408,26,129,0,9,0.046154
299,51,907,408,26,129,0,9,0.046154
300,51,907,408,26,129,0,9,0.046154
301,51,907,408,26,129,0,9,0.046154
1,52,730,509,37,60,0,4,0.92105
2,52,730,509,37,60,0,4,0.94737
3,52,730,509,37,61,0,4,0.94737
4,52,730,509,37,62,0,4,0.94737
5,52,730,509,37,62,0,4,0.94737
6,52,730,509,37,63,0,4,0.94737
7,52,730,509,37,64,0,4,0.94737
8,52,730,509,37,64,0,4,0.94737
9,52,730,509,37,65,0,4,0.94737
10,52,730,509,37,66,0,4,0.94737
11,52,731,509,36,67,0,4,0.97297
12,52,730,509,36,67,0,4,0.94595
13,52,729,510,36,67,0,4,0.91892
14,52,728,510,36,67,0,4,0.89189
15,52,728,511,36,67,0,4,0.89189
16,52,727,511,36,67,0,4,0.86486
17,52,726,512,36,67,0,4,0.83784
18,52,726,512,36,67,0,4,0.83784
19,52,725,513,36,67,0,4,0.81081
20,52,724,513,36,67,0,4,0.78378
21,52,724,514,36,67,0,4,0.78378
22,52,722,514,37,67,0,4,0.73684
23,52,721,514,37,67,0,4,0.71053
24,52,720,514,37,67,0,4,0.68421
25,52,718,514,38,67,0,4,0.64103
26,52,717,515,38,66,0,4,0.61538
27,52,716,515,38,66,0,4,0.58974
28,52,714,515,39,66,0,4,0.55
29,52,713,515,39,66,0,4,0.525
30,52,712,515,39,66,0,4,0.5
31,52,711,516,39,66,0,4,0.475
32,52,710,516,39,66,0,4,0.45
33,52,710,516,39,66,0,4,0.45
34,52,709,516,39,66,0,4,0.425
35,52,709,516,39,66,0,4,0.425
36,52,708,517,39,66,0,4,0.4
37,52,708,517,39,66,0,4,0.4
38,52,707,517,39,66,0,4,0.375
39,52,707,517,39,66,0,4,0.375
40,52,706,517,39,66,0,4,0.35
41,52,706,518,39,66,0,4,0.35
42,52,705,518,39,66,0,4,0.3
43,52,705,518,39,66,0,4,0.25
44,52,705,518,39,66,0,4,0.225
45,52,705,518,39,66,0,4,0.175
46,52,705,518,39,66,0,4,0.125
47,52,705,518,39,66,0,4,0.1
48,52,705,518,39,66,0,4,0.05
49,52,705,518,39,66,0,4,0.025
50,52,705,518,39,66,0,4,0
51,52,705,518,39,66,0,4,0
52,52,705,518,39,66,0,4,0
53,52,705,518,39,66,0,4,0
54,52,705,518,39,66,0,4,0
55,52,705,518,39,66,0,4,0
56,52,705,518,39,66,0,4,0
57,52,704,518,40,66,0,4,0
58,52,704,518,40,66,0,4,0
59,52,704,518,40,66,0,4,0
60,52,704,518,39,66,0,4,0
61,52,704,518,39,66,0,4,0
62,52,704,518,39,66,0,4,0
63,52,704,518,39,66,0,4,0
64,52,704,518,39,66,0,4,0
65,52,704,518,39,66,0,4,0
66,52,704,518,39,66,0,4,0
67,52,704,518,39,66,0,4,0
68,52,704,518,39,66,0,4,0
69,52,704,518,39,67,0,4,0
70,52,704,518,39,67,0,4,0
71,52,704,518,39,67,0,4,0
72,52,704,518,39,67,0,4,0
73,52,703,518,40,67,0,4,0
74,52,703,518,40,67,0,4,0
75,52,703,518,40,67,0,4,0
76,52,703,518,40,67,0,4,0
77,52,703,518,40,67,0,4,0
78,52,703,518,39,67,0,4,0
79,52,703,518,39,67,0,4,0
80,52,703,518,39,67,0,4,0
81,52,703,518,39,67,0,4,0
82,52,703,518,39,67,0,4,0
83,52,703,518,39,67,0,4,0
84,52,703,518,39,67,0,4,0
85,52,703,518,39,67,0,4,0
86,52,703,518,39,67,0,4,0
87,52,703,518,39,67,0,4,0
88,52,703,518,39,67,0,4,0
89,52,702,518,40,67,0,4,0
90,52,702,518,40,67,0,4,0
91,52,702,518,40,67,0,4,0
92,52,702,518,40,67,0,4,0
93,52,702,518,40,67,0,4,0
94,52,702,518,40,67,0,4,0
95,52,702,518,40,67,0,4,0
96,52,702,519,40,67,0,4,0
97,52,702,519,39,67,0,4,0
98,52,702,519,39,67,0,4,0
99,52,702,519,39,67,0,4,0
100,52,702,519,39,67,0,4,0
101,52,702,519,39,67,0,4,0
102,52,702,519,39,67,0,4,0
103,52,702,519,39,67,0,4,0
104,52,701,519,40,67,0,4,0
105,52,701,519,40,67,0,4,0
106,52,701,519,40,67,0,4,0
107,52,701,519,40,67,0,4,0
108,52,701,519,40,67,0,4,0
109,52,701,519,40,67,0,4,0
110,52,701,519,40,67,0,4,0
111,52,701,519,40,67,0,4,0
112,52,701,519,40,67,0,4,0
113,52,701,519,40,67,0,4,0
114,52,701,519,40,67,0,4,0
115,52,701,519,39,67,0,4,0
116,52,701,519,39,67,0,4,0
117,52,701,519,39,67,0,4,0
118,52,701,519,39,67,0,4,0
119,52,701,519,39,67,0,4,0
120,52,700,519,40,67,0,4,0
121,52,700,519,40,67,0,4,0
122,52,700,519,40,67,0,4,0
123,52,700,519,40,67,0,4,0
124,52,700,519,40,68,0,4,0
125,52,700,519,40,68,0,4,0
126,52,700,519,40,68,0,4,0
127,52,700,519,40,68,0,4,0
128,52,700,519,40,68,0,4,0
129,52,700,519,40,68,0,4,0
130,52,700,519,40,68,0,4,0
131,52,700,519,40,68,0,4,0
132,52,700,519,40,68,0,4,0
133,52,700,519,39,68,0,4,0
134,52,700,519,39,68,0,4,0
135,52,700,519,39,68,0,4,0
136,52,699,519,40,68,0,4,0
137,52,699,519,40,68,0,4,0
138,52,699,519,40,68,0,4,0
139,52,699,519,40,68,0,4,0
140,52,699,519,40,68,0,4,0
141,52,699,519,40,68,0,4,0
142,52,699,519,40,68,0,4,0
143,52,699,519,40,68,0,4,0
144,52,699,519,40,68,0,4,0
145,52,699,519,40,68,0,4,0
146,52,699,519,40,68,0,4,0
147,52,699,519,40,68,0,4,0
148,52,699,519,40,68,0,4,0
149,52,699,519,40,68,0,4,0
150,52,699,519,40,68,0,4,0
151,52,699,520,40,68,0,4,0
152,52,698,520,40,68,0,4,0
153,52,698,520,40,68,0,4,0
154,52,698,520,40,68,0,4,0
155,52,698,520,40,68,0,4,0
156,52,698,520,40,68,0,4,0
157,52,698,520,40,68,0,4,0
158,52,698,520,40,68,0,4,0
159,52,698,520,40,68,0,4,0
160,52,698,520,40,68,0,4,0
161,52,698,520,40,68,0,4,0
162,52,698,520,40,68,0,4,0
163,52,698,520,40,68,0,4,0
164,52,698,520,40,68,0,4,0
165,52,698,520,40,68,0,4,0
166,52,698,520,40,68,0,4,0
167,52,698,520,40,68,0,4,0
168,52,698,520,40,68,0,4,0
169,52,698,520,40,68,0,4,0
170,52,697,520,40,68,0,4,0
171,52,697,520,40,68,0,4,0
172,52,697,520,40,68,0,4,0
173,52,697,520,40,68,0,4,0
174,52,697,520,40,68,0,4,0
175,52,697,520,40,68,0,4,0
176,52,697,520,40,68,0,4,0
177,52,697,520,40,68,0,4,0
178,52,697,520,40,68,0,4,0
179,52,697,520,40,68,0,4,0
180,52,697,520,40,68,0,4,0
181,52,697,520,40,68,0,4,0
182,52,697,520,40,68,0,4,0
183,52,697,520,40,68,0,4,0
184,52,697,520,40,68,0,4,0
185,52,697,520,40,68,0,4,0
186,52,697,520,40,68,0,4,0
187,52,697,520,40,68,0,4,0
188,52,696,520,40,68,0,4,0
189,52,696,520,40,68,0,4,0
190,52,696,520,40,68,0,4,0
191,52,696,520,40,68,0,4,0
192,52,696,520,40,68,0,4,0
193,52,696,520,40,68,0,4,0
194,52,696,520,40,68,0,4,0
195,52,696,520,40,68,0,4,0
196,52,696,520,40,69,0,4,0
197,52,696,520,40,69,0,4,0
198,52,696,520,40,69,0,4,0
199,52,696,520,40,69,0,4,0
200,52,696,520,40,69,0,4,0
201,52,696,520,40,69,0,4,0
202,52,696,520,40,69,0,4,0
203,52,696,520,40,69,0,4,0
204,52,696,520,40,69,0,4,0
205,52,696,520,40,69,0,4,0
206,52,695,520,40,69,0,4,0
207,52,695,520,40,69,0,4,0
208,52,695,520,40,69,0,4,0
209,52,695,520,40,69,0,4,0
210,52,695,520,40,69,0,4,0
211,52,695,520,40,69,0,4,0
212,52,695,520,40,69,0,4,0
213,52,695,520,40,69,0,4,0
214,52,695,520,40,69,0,4,0
215,52,695,520,40,69,0,4,0
216,52,695,520,40,69,0,4,0
217,52,695,520,40,69,0,4,0
218,52,695,520,40,69,0,4,0
219,52,695,520,40,69,0,4,0
220,52,695,520,40,69,0,4,0
221,52,695,520,40,69,0,4,0
222,52,695,520,40,69,0,4,0
223,52,695,520,40,69,0,4,0
224,52,694,520,40,69,0,4,0
225,52,694,520,40,69,0,4,0
226,52,694,520,40,69,0,4,0
227,52,694,520,40,69,0,4,0
228,52,694,520,40,69,0,4,0
229,52,694,520,40,69,0,4,0
230,52,694,520,40,69,0,4,0
231,52,694,520,40,69,0,4,0
232,52,694,520,40,69,0,4,0
233,52,694,520,40,69,0,4,0
234,52,694,520,40,69,0,4,0
235,52,694,520,40,69,0,4,0
236,52,694,520,40,69,0,4,0
237,52,694,520,40,69,0,4,0
238,52,694,520,40,69,0,4,0
239,52,694,520,40,69,0,4,0
240,52,694,520,40,69,0,4,0
241,52,694,520,40,70,0,4,0
242,52,694,520,40,70,0,4,0
243,52,694,520,40,70,0,4,0
244,52,694,520,40,70,0,4,0
245,52,694,520,40,70,0,4,0
246,52,694,520,40,70,0,4,0
247,52,694,520,40,70,0,4,0
248,52,694,520,40,70,0,4,0
249,52,694,520,40,70,0,4,0
250,52,694,520,40,70,0,4,0
251,52,694,520,40,70,0,4,0
252,52,694,520,40,70,0,4,0
253,52,694,520,40,70,0,4,0
254,52,694,520,40,70,0,4,0
255,52,694,520,40,70,0,4,0
256,52,694,520,40,70,0,4,0
257,52,694,520,40,70,0,4,0
258,52,694,520,40,70,0,4,0
259,52,694,520,40,70,0,4,0
260,52,694,520,40,70,0,4,0
261,52,694,520,40,70,0,4,0
262,52,694,520,40,70,0,4,0
263,52,694,520,40,70,0,4,0
264,52,694,520,40,70,0,4,0
265,52,694,520,40,70,0,4,0
266,52,694,520,40,70,0,4,0
267,52,694,520,40,70,0,4,0
268,52,694,520,40,70,0,4,0
269,52,694,520,40,70,0,4,0
270,52,694,520,40,70,0,4,0
271,52,694,520,40,70,0,4,0
272,52,694,520,40,70,0,4,0
273,52,694,520,40,70,0,4,0
274,52,694,520,40,70,0,4,0
275,52,694,520,40,70,0,4,0
276,52,694,520,40,70,0,4,0
277,52,694,520,40,70,0,4,0
278,52,694,520,40,70,0,4,0
279,52,694,520,40,70,0,4,0
280,52,694,520,40,70,0,4,0
281,52,694,520,40,70,0,4,0
282,52,694,520,40,70,0,4,0
283,52,694,520,40,70,0,4,0
284,52,694,520,40,70,0,4,0
285,52,694,520,40,70,0,4,0
286,52,694,520,40,70,0,4,0
287,52,694,520,40,70,0,4,0
288,52,694,520,40,71,0,4,0
289,52,694,520,40,71,0,4,0
290,52,694,520,40,71,0,4,0
291,52,694,520,40,71,0,4,0
292,52,694,520,40,71,0,4,0
293,52,694,520,40,71,0,4,0
294,52,694,520,40,71,0,4,0
295,52,694,520,40,71,0,4,0
296,52,694,520,40,71,0,4,0
297,52,694,520,40,71,0,4,0
298,52,694,520,40,71,0,4,0
299,52,694,520,40,71,0,4,0
300,52,694,520,40,71,0,4,0
301,52,694,520,40,71,0,4,0
1,53,679,528,46,79,0,4,0.59574
2,53,679,528,46,79,0,4,0.59574
3,53,679,528,46,79,0,4,0.57447
4,53,679,528,46,79,0,4,0.57447
5,53,679,528,46,79,0,4,0.55319
6,53,679,528,46,79,0,4,0.55319
7,53,679,528,46,79,0,4,0.53191
8,53,679,528,46,79,0,4,0.53191
9,53,679,528,46,79,0,4,0.51064
10,53,679,528,46,79,0,4,0.51064
11,53,679,528,46,79,0,4,0.48936
12,53,679,528,46,79,0,4,0.46809
13,53,679,528,46,79,0,4,0.44681
14,53,679,528,46,79,0,4,0.42553
15,53,679,528,46,79,0,4,0.40426
16,53,679,528,46,79,0,4,0.3617
17,53,679,528,46,79,0,4,0.34043
18,53,679,528,46,79,0,4,0.31915
19,53,679,528,46,79,0,4,0.29787
20,53,679,528,46,79,0,4,0.2766
21,53,679,528,46,79,0,4,0.23404
22,53,679,528,46,79,0,4,0.23404
23,53,679,528,46,79,0,4,0.21277
24,53,679,528,46,79,0,4,0.19149
25,53,679,528,46,79,0,4,0.17021
26,53,679,528,46,79,0,4,0.14894
27,53,679,528,46,79,0,4,0.12766
28,53,679,528,46,79,0,4,0.12766
29,53,679,528,46,79,0,4,0.10638
30,53,679,528,46,79,0,4,0.085106
31,53,679,528,46,79,0,4,0.06383
32,53,679,528,46,79,0,4,0.042553
33,53,679,528,46,79,0,4,0.021277
34,53,679,528,46,79,0,4,0
35,53,679,528,46,79,0,4,0
36,53,679,528,46,79,0,4,0
37,53,679,528,46,79,0,4,0
38,53,679,528,46,79,0,4,0
39,53,679,528,46,79,0,4,0
40,53,679,528,46,79,0,4,0
41,53,679,528,46,79,0,4,0
42,53,679,528,46,79,0,4,0
43,53,679,528,46,79,0,4,0
44,53,679,528,46,79,0,4,0
45,53,679,528,46,79,0,4,0
46,53,679,528,46,79,0,4,0
47,53,679,528,46,79,0,4,0
48,53,679,528,46,79,0,4,0
49,53,679,528,46,79,0,4,0
50,53,679,528,46,79,0,4,0
51,53,679,528,46,79,0,4,0
52,53,679,528,46,79,0,4,0
53,53,679,528,46,79,0,4,0
54,53,679,528,46,79,0,4,0
55,53,679,528,46,79,0,4,0
56,53,679,528,46,79,0,4,0
57,53,679,528,46,79,0,4,0
58,53,679,528,46,79,0,4,0
59,53,679,528,46,79,0,4,0
60,53,679,528,46,79,0,4,0
61,53,679,528,46,79,0,4,0
62,53,679,528,46,79,0,4,0
63,53,679,528,46,79,0,4,0
64,53,679,528,46,79,0,4,0
65,53,679,528,46,79,0,4,0
66,53,679,528,46,79,0,4,0
67,53,679,528,46,79,0,4,0
68,53,679,528,46,79,0,4,0
69,53,679,528,46,79,0,4,0
70,53,679,528,46,79,0,4,0
71,53,679,528,46,79,0,4,0
72,53,679,528,46,79,0,4,0
73,53,679,528,46,79,0,4,0
74,53,679,528,46,79,0,4,0
75,53,679,528,46,79,0,4,0
76,53,679,528,46,79,0,4,0
77,53,679,528,46,79,0,4,0
78,53,679,528,46,79,0,4,0
79,53,679,528,46,79,0,4,0
80,53,679,528,46,79,0,4,0
81,53,679,528,46,79,0,4,0
82,53,679,528,46,79,0,4,0
83,53,679,528,46,79,0,4,0
84,53,679,528,46,79,0,4,0
85,53,679,528,46,79,0,4,0
86,53,679,528,46,79,0,4,0
87,53,679,528,46,79,0,4,0
88,53,679,528,46,79,0,4,0
89,53,679,528,46,79,0,4,0
90,53,679,528,46,79,0,4,0
91,53,679,528,46,79,0,4,0
92,53,679,528,46,79,0,4,0
93,53,679,528,46,79,0,4,0
94,53,679,528,46,79,0,4,0
95,53,679,528,46,79,0,4,0
96,53,679,528,46,79,0,4,0
97,53,679,528,46,79,0,4,0
98,53,679,528,46,79,0,4,0
99,53,679,528,46,79,0,4,0
100,53,679,528,46,79,0,4,0
101,53,679,528,46,79,0,4,0
102,53,679,528,46,79,0,4,0
103,53,679,528,46,79,0,4,0
104,53,679,528,46,79,0,4,0
105,53,679,528,46,79,0,4,0
106,53,679,528,46,79,0,4,0
107,53,679,528,46,79,0,4,0
108,53,679,528,46,79,0,4,0
109,53,679,528,46,79,0,4,0
110,53,679,528,46,79,0,4,0
111,53,679,528,46,79,0,4,0
112,53,679,528,46,79,0,4,0
113,53,679,528,46,79,0,4,0
114,53,679,528,46,79,0,4,0
115,53,679,528,46,79,0,4,0
116,53,679,528,46,79,0,4,0
117,53,679,528,46,79,0,4,0
118,53,679,528,46,79,0,4,0
119,53,679,528,46,79,0,4,0
120,53,679,528,46,79,0,4,0
121,53,679,528,46,79,0,4,0
122,53,679,528,46,79,0,4,0
123,53,679,528,46,79,0,4,0
124,53,679,528,46,79,0,4,0
125,53,679,528,46,79,0,4,0
126,53,679,528,46,79,0,4,0
127,53,679,528,46,79,0,4,0
128,53,679,528,46,79,0,4,0
129,53,679,528,46,79,0,4,0
130,53,679,528,46,79,0,4,0
131,53,679,528,46,79,0,4,0
132,53,679,528,46,79,0,4,0
133,53,679,528,46,79,0,4,0
134,53,679,528,46,79,0,4,0
135,53,679,528,46,79,0,4,0
136,53,679,528,46,79,0,4,0
137,53,679,528,46,79,0,4,0
138,53,679,528,46,79,0,4,0
139,53,679,528,46,79,0,4,0
140,53,679,528,46,79,0,4,0
141,53,679,528,46,79,0,4,0
142,53,679,528,46,79,0,4,0
143,53,679,528,46,79,0,4,0
144,53,679,528,46,79,0,4,0
145,53,679,528,46,79,0,4,0
146,53,679,528,46,79,0,4,0
147,53,679,528,46,79,0,4,0
148,53,679,528,46,79,0,4,0
149,53,679,528,46,79,0,4,0
150,53,679,528,46,79,0,4,0
151,53,679,528,46,79,0,4,0
152,53,679,528,46,79,0,4,0
153,53,679,528,46,79,0,4,0
154,53,679,528,46,79,0,4,0
155,53,679,528,46,79,0,4,0
156,53,679,528,46,79,0,4,0
157,53,679,528,46,79,0,4,0
158,53,679,528,46,79,0,4,0
159,53,679,528,46,79,0,4,0
160,53,679,528,46,79,0,4,0
161,53,679,528,46,79,0,4,0
162,53,679,528,46,79,0,4,0
163,53,679,528,46,79,0,4,0
164,53,679,528,46,79,0,4,0
165,53,679,528,46,79,0,4,0
166,53,679,528,46,79,0,4,0
167,53,679,528,46,79,0,4,0
168,53,679,528,46,79,0,4,0
169,53,679,528,46,79,0,4,0
170,53,679,528,46,79,0,4,0
171,53,679,528,46,79,0,4,0
172,53,679,528,46,79,0,4,0
173,53,679,528,46,79,0,4,0
174,53,679,528,46,79,0,4,0
175,53,679,528,46,79,0,4,0
176,53,679,528,46,79,0,4,0
177,53,679,528,46,79,0,4,0
178,53,679,528,46,79,0,4,0
179,53,679,528,46,79,0,4,0
180,53,679,528,46,79,0,4,0
181,53,679,528,46,79,0,4,0
182,53,679,528,46,79,0,4,0
183,53,679,528,46,79,0,4,0
184,53,679,528,46,79,0,4,0
185,53,679,528,46,79,0,4,0
186,53,679,528,46,79,0,4,0
187,53,679,528,46,79,0,4,0
188,53,679,528,46,79,0,4,0
189,53,679,528,46,79,0,4,0
190,53,679,528,46,79,0,4,0
191,53,679,528,46,79,0,4,0
192,53,679,528,46,79,0,4,0
193,53,679,528,46,79,0,4,0
194,53,679,528,46,79,0,4,0
195,53,679,528,46,79,0,4,0
196,53,679,528,46,79,0,4,0
197,53,679,528,46,79,0,4,0
198,53,679,528,46,79,0,4,0
199,53,679,528,46,79,0,4,0
200,53,679,528,46,79,0,4,0
201,53,679,528,46,79,0,4,0
202,53,679,528,46,79,0,4,0
203,53,679,528,46,79,0,4,0
204,53,679,528,46,79,0,4,0
205,53,679,528,46,79,0,4,0
206,53,679,528,46,79,0,4,0.021277
207,53,679,528,46,79,0,4,0.10638
208,53,679,528,46,79,0,4,0.19149
209,53,679,528,46,79,0,4,0.2766
210,53,679,528,46,79,0,4,0.3617
211,53,679,528,46,79,0,4,0.44681
212,53,679,528,46,79,0,4,0.48936
213,53,679,528,46,79,0,4,0.53191
214,53,679,528,46,79,0,4,0.59574
215,53,679,528,46,79,0,4,0.6383
216,53,679,528,46,79,0,4,0.70213
217,53,679,528,46,79,0,4,0.74468
218,53,679,528,46,79,0,4,0.78723
219,53,679,528,46,79,0,4,0.85106
220,53,679,528,46,79,0,4,0.89362
221,53,679,528,46,79,0,4,0.95745
222,53,679,528,46,79,0,4,1
223,53,679,528,46,79,0,4,1
224,53,679,528,46,79,0,4,1
225,53,679,528,46,79,0,4,1
226,53,679,528,46,79,0,4,1
227,53,679,528,46,79,0,4,1
228,53,679,528,46,79,0,4,1
229,53,679,528,46,79,0,4,1
230,53,679,528,46,79,0,4,1
231,53,679,529,46,79,0,4,1
232,53,678,529,46,79,0,4,1
233,53,678,529,46,79,0,4,1
234,53,678,529,46,79,0,4,1
235,53,678,529,46,79,0,4,1
236,53,678,529,46,79,0,4,0.93617
237,53,678,529,46,79,0,4,0.82979
238,53,677,529,47,79,0,4,0.70833
239,53,677,529,47,79,0,4,0.60417
240,53,677,529,46,79,0,4,0.48936
241,53,677,529,46,79,0,4,0.38298
242,53,677,529,46,79,0,4,0.38298
243,53,677,529,46,79,0,4,0.38298
244,53,677,529,46,79,0,4,0.3617
245,53,676,529,47,79,0,4,0.35417
246,53,676,529,47,79,0,4,0.35417
247,53,676,529,47,79,0,4,0.33333
248,53,676,529,47,79,0,4,0.33333
249,53,676,529,46,79,0,4,0.31915
250,53,676,529,46,79,0,4,0.31915
251,53,676,529,46,79,0,4,0.31915
252,53,675,529,47,79,0,4,0.27083
253,53,675,529,47,79,0,4,0.22917
254,53,675,529,47,79,0,4,0.1875
255,53,675,529,47,79,0,4,0.14583
256,53,675,529,47,79,0,4,0.10417
257,53,675,529,47,79,0,4,0.0625
258,53,674,529,47,79,0,4,0
259,53,674,529,47,79,0,4,0
260,53,674,529,47,79,0,4,0
261,53,674,529,47,79,0,4,0
262,53,674,529,47,79,0,4,0
263,53,674,529,47,79,0,4,0
264,53,674,529,47,79,0,4,0
265,53,673,529,48,79,0,4,0
266,53,673,530,48,78,0,4,0
267,53,673,530,47,78,0,4,0.020833
268,53,673,530,47,78,0,4,0.10417
269,53,673,530,47,78,0,4,0.1875
270,53,673,530,47,78,0,4,0.27083
271,53,673,530,47,78,0,4,0.35417
272,53,672,530,48,78,0,4,0.40816
273,53,672,530,48,78,0,4,0.44898
274,53,672,530,48,78,0,4,0.4898
275,53,672,530,47,78,0,4,0.5625
276,53,672,530,47,78,0,4,0.60417
277,53,672,530,47,78,0,4,0.64583
278,53,671,530,48,79,0,4,0.71429
279,53,671,530,48,79,0,4,0.7551
280,53,671,530,48,79,0,4,0.79592
281,53,671,530,48,79,0,4,0.85714
282,53,671,530,48,79,0,4,0.87755
283,53,671,530,48,79,0,4,0.91837
284,53,671,530,47,79,0,4,0.95833
285,53,670,530,48,79,0,4,1
286,53,670,530,48,79,0,4,1
287,53,670,530,48,79,0,4,1
288,53,670,530,48,79,0,4,1
289,53,670,530,48,79,0,4,1
290,53,670,530,48,79,0,4,1
291,53,670,530,48,79,0,4,1
292,53,669,530,49,79,0,4,1
293,53,669,530,48,79,0,4,1
294,53,669,530,48,79,0,4,1
295,53,669,530,48,79,0,4,1
296,53,669,530,48,79,0,4,1
297,53,669,530,48,79,0,4,1
298,53,668,530,49,79,0,4,1
299,53,668,530,49,79,0,4,1
300,53,668,530,49,79,0,4,1
301,53,668,531,49,78,0,4,1
211,54,505,464,20,81,1,1,0
212,54,504,463,20,82,1,1,0
213,54,504,463,20,82,1,1,0
214,54,504,463,20,82,1,1,0
215,54,504,463,20,82,1,1,0
216,54,504,463,20,82,1,1,0
217,54,504,463,20,82,1,1,0
218,54,504,463,20,82,1,1,0
219,54,504,463,20,82,1,1,0.047619
220,54,504,463,20,82,1,1,0.047619
221,54,504,463,20,82,1,1,0.047619
222,54,503,463,21,82,1,1,0.045455
223,54,503,463,21,82,1,1,0.045455
224,54,503,463,21,82,1,1,0.090909
225,54,503,463,21,82,1,1,0.090909
226,54,503,463,21,82,1,1,0.090909
227,54,503,463,21,82,1,1,0.13636
228,54,503,463,21,82,1,1,0.13636
229,54,503,463,21,82,1,1,0.13636
230,54,503,463,21,82,1,1,0.18182
231,54,503,463,21,82,1,1,0.18182
232,54,502,463,22,82,1,1,0.17391
233,54,502,463,22,82,1,1,0.17391
234,54,502,463,22,82,1,1,0.21739
235,54,502,463,22,82,1,1,0.21739
236,54,502,463,22,82,1,1,0.21739
237,54,502,463,21,82,1,1,0.27273
238,54,502,463,21,82,1,1,0.27273
239,54,502,463,21,82,1,1,0.27273
240,54,502,463,21,82,1,1,0.31818
241,54,502,463,21,82,1,1,0.31818
242,54,501,463,22,82,1,1,0.26087
243,54,501,463,22,82,1,1,0.26087
244,54,501,463,22,82,1,1,0.30435
245,54,501,463,22,82,1,1,0.30435
246,54,501,463,22,82,1,1,0.34783
247,54,501,463,22,82,1,1,0.34783
248,54,501,463,22,82,1,1,0.3913
249,54,501,463,22,82,1,1,0.3913
250,54,501,463,22,82,1,1,0.43478
251,54,501,463,22,82,1,1,0.43478
252,54,500,463,23,82,1,1,0.45833
253,54,500,463,23,82,1,1,0.45833
254,54,500,463,23,82,1,1,0.45833
255,54,500,463,23,82,1,1,0.5
256,54,500,463,23,82,1,1,0.5
257,54,500,463,23,82,1,1,0.5
258,54,500,463,23,82,1,1,0.5
259,54,500,463,23,82,1,1,0.5
260,54,500,463,23,82,1,1,0.5
261,54,500,463,23,82,1,1,0.5
262,54,500,463,23,81,1,1,0.5
263,54,500,463,23,81,1,1,0.5
264,54,500,463,23,81,1,1,0.5
265,54,500,463,23,81,1,1,0.5
266,54,501,463,23,81,1,1,0.45833
267,54,501,463,23,81,1,1,0.45833
268,54,501,463,23,81,1,1,0.45833
269,54,501,463,23,81,1,1,0.45833
270,54,501,463,23,81,1,1,0.45833
271,54,502,464,23,80,1,1,0.41667
272,54,502,464,23,80,1,1,0.375
273,54,502,464,23,80,1,1,0.375
274,54,502,464,23,80,1,1,0.375
275,54,502,464,23,80,1,1,0.375
276,54,502,464,23,80,1,1,0.375
277,54,502,464,23,80,1,1,0.375
278,54,502,464,23,80,1,1,0.375
279,54,502,464,23,80,1,1,0.375
280,54,502,464,23,80,1,1,0.375
281,54,503,464,23,80,1,1,0.33333
282,54,503,464,23,80,1,1,0.29167
283,54,503,464,23,80,1,1,0.29167
284,54,503,464,23,80,1,1,0.29167
285,54,503,464,23,80,1,1,0.29167
286,54,503,464,23,80,1,1,0.29167
287,54,503,464,23,80,1,1,0.29167
288,54,503,464,23,80,1,1,0.29167
289,54,503,464,23,80,1,1,0.29167
290,54,503,464,23,80,1,1,0.29167
291,54,504,464,23,80,1,1,0.25
292,54,504,464,23,80,1,1,0.20833
293,54,504,464,23,80,1,1,0.20833
294,54,504,464,23,80,1,1,0.20833
295,54,504,464,23,80,1,1,0.20833
296,54,504,464,23,80,1,1,0.20833
297,54,504,464,23,80,1,1,0.20833
298,54,504,464,23,80,1,1,0.20833
299,54,504,464,23,80,1,1,0.20833
300,54,504,464,23,80,1,1,0.20833
301,54,505,464,23,80,1,1,0.16667
41,57,611,462,26,74,1,1,0
42,57,610,462,26,74,1,1,0
43,57,610,462,26,74,1,1,0
44,57,610,462,26,74,1,1,0
45,57,610,462,26,74,1,1,0
46,57,610,462,26,74,1,1,0
47,57,610,462,26,74,1,1,0
48,57,610,462,26,74,1,1,0
49,57,610,462,26,74,1,1,0
50,57,610,462,26,74,1,1,0
51,57,610,462,26,75,1,1,0.037037
52,57,609,461,26,75,1,1,0
53,57,609,461,26,75,1,1,0
54,57,609,461,26,75,1,1,0
55,57,609,461,26,75,1,1,0
56,57,609,461,26,75,1,1,0
57,57,609,461,26,75,1,1,0
58,57,609,461,26,75,1,1,0
59,57,609,461,26,75,1,1,0
60,57,609,461,26,75,1,1,0
61,57,609,461,25,75,1,1,0
62,57,608,461,26,75,1,1,0
63,57,608,461,26,75,1,1,0
64,57,608,461,26,74,1,1,0
65,57,608,461,26,74,1,1,0
66,57,608,461,26,74,1,1,0
67,57,608,461,26,74,1,1,0
68,57,608,461,26,74,1,1,0
69,57,608,461,26,74,1,1,0
70,57,608,461,25,74,1,1,0
71,57,608,461,25,74,1,1,0
72,57,607,461,26,74,1,1,0
73,57,607,461,26,74,1,1,0
74,57,607,461,26,74,1,1,0
75,57,607,461,26,74,1,1,0
76,57,607,461,26,73,1,1,0
77,57,607,461,26,73,1,1,0
78,57,607,461,26,73,1,1,0
79,57,607,461,26,73,1,1,0
80,57,607,461,25,73,1,1,0
81,57,607,461,25,73,1,1,0
82,57,606,461,26,73,1,1,0
83,57,606,461,26,73,1,1,0
84,57,606,461,26,73,1,1,0
85,57,606,461,26,73,1,1,0
86,57,606,461,26,73,1,1,0
87,57,606,461,26,73,1,1,0
88,57,606,461,26,72,1,1,0
89,57,606,461,25,72,1,1,0
90,57,606,461,25,72,1,1,0
91,57,606,461,25,72,1,1,0
92,57,605,461,26,72,1,1,0
93,57,605,461,26,72,1,1,0
94,57,605,461,26,72,1,1,0
95,57,605,461,26,72,1,1,0
96,57,605,461,26,72,1,1,0
97,57,605,461,26,72,1,1,0
98,57,605,461,26,72,1,1,0
99,57,605,461,25,72,1,1,0
100,57,605,461,25,71,1,1,0
101,57,605,461,25,71,1,1,0
102,57,604,461,26,71,1,1,0
103,57,604,461,26,71,1,1,0
104,57,604,461,26,71,1,1,0
105,57,604,461,26,71,1,1,0
106,57,604,461,26,71,1,1,0
107,57,604,461,26,71,1,1,0
108,57,604,461,25,71,1,1,0
109,57,604,461,25,71,1,1,0
110,57,604,461,25,71,1,1,0
111,57,604,461,25,71,1,1,0
112,57,603,461,26,70,1,1,0
113,57,603,461,26,70,1,1,0
114,57,603,461,26,70,1,1,0
115,57,603,461,26,70,1,1,0
116,57,603,461,26,70,1,1,0
117,57,603,461,26,70,1,1,0
118,57,603,461,25,70,1,1,0
119,57,603,461,25,70,1,1,0
120,57,603,461,25,70,1,1,0
121,57,603,461,25,70,1,1,0
122,57,602,461,26,70,1,1,0
123,57,602,461,26,70,1,1,0
124,57,602,461,26,69,1,1,0
125,57,602,461,26,69,1,1,0
126,57,602,461,26,69,1,1,0
127,57,602,461,25,69,1,1,0
128,57,602,461,25,69,1,1,0
129,57,602,461,25,69,1,1,0
130,57,602,461,25,69,1,1,0
131,57,602,461,25,69,1,1,0
132,57,601,461,26,69,1,1,0
133,57,601,461,26,69,1,1,0
134,57,601,461,26,69,1,1,0
135,57,601,461,26,69,1,1,0
136,57,601,461,26,69,1,1,0
137,57,601,460,25,69,1,1,0
138,57,601,460,25,69,1,1,0
139,57,601,460,25,69,1,1,0
140,57,601,460,25,69,1,1,0
141,57,601,460,25,69,1,1,0
142,57,600,460,26,69,1,1,0
143,57,600,460,26,69,1,1,0
144,57,600,460,26,69,1,1,0
145,57,600,460,26,69,1,1,0
146,57,600,460,25,69,1,1,0
147,57,600,460,25,69,1,1,0
148,57,600,460,25,69,1,1,0
149,57,600,460,25,68,1,1,0
150,57,600,460,25,68,1,1,0
151,57,600,460,25,68,1,1,0
152,57,599,460,26,68,1,1,0
153,57,599,460,26,68,1,1,0
154,57,599,460,26,68,1,1,0
155,57,599,460,25,68,1,1,0
156,57,599,460,25,68,1,1,0
157,57,599,460,25,68,1,1,0
158,57,599,460,25,68,1,1,0
159,57,599,460,25,68,1,1,0
160,57,599,460,25,68,1,1,0
161,57,599,460,25,67,1,1,0
162,57,598,460,26,67,1,1,0
163,57,598,460,26,67,1,1,0
164,57,598,460,26,67,1,1,0
165,57,598,460,25,67,1,1,0
166,57,598,460,25,67,1,1,0
167,57,598,460,25,67,1,1,0
168,57,598,460,25,67,1,1,0
169,57,598,460,25,67,1,1,0
170,57,598,460,25,67,1,1,0
171,57,598,460,25,67,1,1,0
172,57,597,460,26,67,1,1,0
173,57,597,460,26,66,1,1,0
174,57,597,460,25,66,1,1,0
175,57,597,460,25,66,1,1,0
176,57,597,460,25,66,1,1,0
177,57,597,460,25,66,1,1,0
178,57,597,460,25,66,1,1,0
179,57,597,460,25,66,1,1,0
180,57,597,460,25,66,1,1,0
181,57,597,460,25,66,1,1,0
182,57,596,460,26,66,1,1,0
183,57,596,460,26,66,1,1,0
184,57,596,460,25,66,1,1,0
185,57,596,460,25,65,1,1,0
186,57,596,460,25,65,1,1,0
187,57,596,460,25,65,1,1,0
188,57,596,460,25,65,1,1,0
189,57,596,460,25,65,1,1,0
190,57,596,460,25,65,1,1,0
191,57,596,460,25,65,1,1,0
192,57,595,460,26,65,1,1,0
193,57,595,460,25,65,1,1,0
194,57,595,460,25,65,1,1,0
195,57,595,460,25,65,1,1,0
196,57,595,460,25,65,1,1,0
197,57,595,460,25,64,1,1,0
198,57,595,460,25,64,1,1,0
199,57,595,460,25,64,1,1,0
200,57,595,460,25,64,1,1,0
201,57,595,460,25,64,1,1,0
202,57,594,460,26,64,1,1,0
203,57,594,460,25,64,1,1,0
204,57,594,460,25,64,1,1,0
205,57,594,460,25,64,1,1,0
206,57,594,460,25,64,1,1,0
207,57,594,460,25,64,1,1,0
208,57,594,460,25,64,1,1,0
209,57,594,460,25,63,1,1,0
210,57,594,460,25,63,1,1,0
211,57,594,460,25,63,1,1,0
212,57,593,460,25,63,1,1,0
213,57,593,460,25,63,1,1,0
214,57,593,460,25,63,1,1,0
215,57,593,460,25,63,1,1,0.038462
216,57,593,460,25,63,1,1,0.076923
217,57,593,460,25,63,1,1,0.11538
218,57,593,460,25,63,1,1,0.19231
219,57,593,460,25,63,1,1,0.23077
220,57,593,460,25,63,1,1,0.26923
221,57,593,460,25,63,1,1,0.34615
222,57,593,460,24,62,1,1,0.4
223,57,593,460,24,62,1,1,0.44
224,57,593,460,23,62,1,1,0.5
225,57,593,460,23,62,1,1,0.58333
226,57,593,460,23,62,1,1,0.625
227,57,593,460,22,62,1,1,0.69565
228,57,593,460,22,62,1,1,0.78261
229,57,593,460,21,62,1,1,0.86364
230,57,593,460,21,62,1,1,0.90909
231,57,593,460,21,62,1,1,1
232,57,592,460,21,62,1,1,1
233,57,592,460,21,62,1,1,1
234,57,592,460,21,62,1,1,1
235,57,592,460,21,62,1,1,1
236,57,592,460,21,62,1,1,1
237,57,592,460,21,62,1,1,1
238,57,592,460,21,62,1,1,1
239,57,591,460,21,62,1,1,1
240,57,591,460,21,62,1,1,1
241,57,591,460,21,62,1,1,1
242,57,591,460,21,62,1,1,1
243,57,591,460,21,62,1,1,1
244,57,591,460,21,62,1,1,1
245,57,591,460,21,62,1,1,1
246,57,591,460,21,62,1,1,1
247,57,590,460,21,62,1,1,1
248,57,590,460,21,62,1,1,1
249,57,590,460,21,62,1,1,1
250,57,590,460,21,62,1,1,1
251,57,590,460,21,62,1,1,1
252,57,590,460,21,62,1,1,1
253,57,590,460,21,62,1,1,1
254,57,589,460,21,62,1,1,1
255,57,589,460,21,62,1,1,1
256,57,589,460,21,62,1,1,1
257,57,589,460,21,62,1,1,1
258,57,589,460,21,62,1,1,1
259,57,589,460,21,62,1,1,1
260,57,589,460,21,62,1,1,1
261,57,589,460,21,62,1,1,1
262,57,588,460,21,62,1,1,1
263,57,588,460,21,62,1,1,1
264,57,588,460,21,62,1,1,1
265,57,587,460,21,62,1,1,1
266,57,587,460,21,62,1,1,1
267,57,587,460,21,62,1,1,1
268,57,586,460,21,62,1,1,1
269,57,586,460,21,62,1,1,1
270,57,586,460,21,62,1,1,1
271,57,586,460,21,62,1,1,1
272,57,585,460,21,62,1,1,1
273,57,585,460,21,62,1,1,1
274,57,585,460,21,62,1,1,1
275,57,584,460,21,62,1,1,1
276,57,584,460,21,62,1,1,1
277,57,584,460,21,62,1,1,0.95527
278,57,583,460,21,62,1,1,0.91053
279,57,583,460,21,62,1,1,0.91053
280,57,583,460,21,62,1,1,0.8658
281,57,583,460,21,62,1,1,0.8658
282,57,582,460,21,61,1,1,0.82111
283,57,582,460,21,61,1,1,0.82111
284,57,582,460,21,61,1,1,0.77639
285,57,582,460,21,61,1,1,0.77639
286,57,582,460,21,61,1,1,0.77639
287,57,581,460,22,61,1,1,0.70056
288,57,581,460,21,61,1,1,0.68695
289,57,581,460,21,61,1,1,0.68695
290,57,581,460,21,61,1,1,0.64223
291,57,581,460,21,61,1,1,1
292,57,580,460,22,60,1,1,0.61511
293,57,580,460,22,60,1,1,0.61511
294,57,580,460,22,60,1,1,0.61511
295,57,580,460,21,60,1,1,0.59762
296,57,580,460,21,60,1,1,0.59762
297,57,579,460,22,60,1,1,0.57234
298,57,579,460,22,60,1,1,0.57234
299,57,579,460,22,60,1,1,0.57234
300,57,579,460,22,60,1,1,0.57234
301,57,579,460,22,60,1,1,1
140,58,586,463,21,67,1,1,0
141,58,585,463,21,67,1,1,0
142,58,584,463,21,67,1,1,0
143,58,584,463,21,67,1,1,0
144,58,583,463,21,67,1,1,0
145,58,583,463,21,67,1,1,0
146,58,582,463,21,67,1,1,0
147,58,581,463,21,67,1,1,0
148,58,581,463,21,67,1,1,0
149,58,580,463,21,67,1,1,0
150,58,580,463,21,67,1,1,0
151,58,579,462,21,67,1,1,0
152,58,579,462,21,67,1,1,0
153,58,578,462,21,67,1,1,0
154,58,578,462,21,67,1,1,0
155,58,577,462,21,67,1,1,0
156,58,577,462,21,67,1,1,0
157,58,576,462,21,67,1,1,0
158,58,576,462,21,67,1,1,0
159,58,575,462,21,67,1,1,0
160,58,575,462,21,67,1,1,0
161,58,574,462,21,67,1,1,0
162,58,574,462,21,67,1,1,0
163,58,574,462,21,67,1,1,0
164,58,574,462,21,67,1,1,0
165,58,574,462,21,67,1,1,0
166,58,573,462,21,67,1,1,0
167,58,573,462,21,67,1,1,0
168,58,573,462,21,67,1,1,0
169,58,573,462,21,67,1,1,0
170,58,573,462,21,67,1,1,0
171,58,572,462,21,67,1,1,0
172,58,572,462,21,67,1,1,0
173,58,572,462,21,67,1,1,0
174,58,572,462,21,67,1,1,0
175,58,572,462,21,67,1,1,0
176,58,571,462,21,67,1,1,0
177,58,571,462,21,67,1,1,0
178,58,571,462,21,67,1,1,0
179,58,571,462,21,67,1,1,0
180,58,571,462,21,67,1,1,0
181,58,570,462,21,66,1,1,0.045455
182,58,570,462,21,66,1,1,0
183,58,570,462,21,66,1,1,0
184,58,570,462,21,66,1,1,0
185,58,570,462,21,66,1,1,0
186,58,570,462,21,66,1,1,0
187,58,570,462,21,66,1,1,0
188,58,570,462,21,65,1,1,0
189,58,570,462,21,65,1,1,0
190,58,570,462,21,65,1,1,0
191,58,570,462,20,65,1,1,0
192,58,570,462,20,65,1,1,0
193,58,570,462,20,65,1,1,0
194,58,570,462,20,65,1,1,0
195,58,570,462,20,65,1,1,0
196,58,569,462,21,64,1,1,0
197,58,569,462,21,64,1,1,0.045455
198,58,569,462,21,64,1,1,0.045455
199,58,569,462,21,64,1,1,0.045455
200,58,569,462,21,64,1,1,0.045455
201,58,569,462,20,64,1,1,0.095238
202,58,569,462,20,64,1,1,0.14286
203,58,569,462,20,63,1,1,0.2381
204,58,569,462,20,63,1,1,0.33333
205,58,569,462,20,63,1,1,0.42857
206,58,569,462,20,63,1,1,0.52381
207,58,569,462,20,63,1,1,0.57143
208,58,569,462,20,63,1,1,0.66667
209,58,569,462,20,63,1,1,0.7619
210,58,569,462,20,63,1,1,0.85714
211,58,568,462,20,62,1,1,1
212,58,568,462,20,62,1,1,1
213,58,568,462,20,62,1,1,1
214,58,568,462,20,62,1,1,1
215,58,568,462,20,62,1,1,1
216,58,568,462,20,62,1,1,1
217,58,568,462,20,62,1,1,1
218,58,568,462,20,62,1,1,1
219,58,568,462,20,62,1,1,1
220,58,568,462,20,62,1,1,1
221,58,568,462,20,62,1,1,1
222,58,568,462,20,62,1,1,1
223,58,568,462,20,62,1,1,1
224,58,568,462,20,62,1,1,1
225,58,568,462,20,62,1,1,1
226,58,568,462,19,62,1,1,1
227,58,568,462,19,62,1,1,1
228,58,568,462,19,62,1,1,1
229,58,568,462,19,62,1,1,1
230,58,568,462,19,62,1,1,1
231,58,568,462,19,62,1,1,1
232,58,568,462,19,62,1,1,1
233,58,568,462,19,62,1,1,1
234,58,568,462,19,62,1,1,1
235,58,568,462,19,62,1,1,1
236,58,568,462,19,62,1,1,1
237,58,568,462,19,62,1,1,1
238,58,568,462,19,62,1,1,1
239,58,568,462,19,62,1,1,1
240,58,568,462,19,62,1,1,1
241,58,567,462,19,62,1,1,1
242,58,567,462,19,62,1,1,1
243,58,567,462,19,62,1,1,1
244,58,567,462,19,62,1,1,1
245,58,567,462,19,62,1,1,1
246,58,567,462,19,62,1,1,1
247,58,566,462,19,62,1,1,1
248,58,566,462,19,62,1,1,1
249,58,566,462,19,62,1,1,1
250,58,566,462,19,62,1,1,1
251,58,566,462,19,62,1,1,1
252,58,566,462,19,62,1,1,1
253,58,565,462,19,62,1,1,1
254,58,565,462,19,62,1,1,1
255,58,565,462,19,62,1,1,1
256,58,565,462,19,62,1,1,1
257,58,565,462,19,62,1,1,1
258,58,565,462,19,62,1,1,1
259,58,564,462,19,62,1,1,1
260,58,564,462,19,62,1,1,1
261,58,564,462,19,62,1,1,1
262,58,564,462,19,62,1,1,1
263,58,564,462,19,62,1,1,1
264,58,564,462,19,62,1,1,1
265,58,563,462,19,62,1,1,1
266,58,563,462,19,62,1,1,1
267,58,563,462,19,62,1,1,1
268,58,563,462,19,62,1,1,1
269,58,563,462,19,62,1,1,1
270,58,563,462,19,62,1,1,1
271,58,562,461,20,62,1,1,1
272,58,562,461,20,62,1,1,1
273,58,561,461,21,62,1,1,1
274,58,561,461,22,62,1,1,1
275,58,561,461,22,62,1,1,1
276,58,560,461,23,62,1,1,1
277,58,560,461,24,61,1,1,0.96
278,58,560,461,24,61,1,1,0.92
279,58,559,461,25,61,1,1,0.92308
280,58,559,461,26,61,1,1,0.88889
281,58,559,461,26,61,1,1,0.88889
282,58,558,461,27,61,1,1,1
283,58,558,461,27,61,1,1,1
284,58,558,461,28,60,1,1,0.82759
285,58,557,461,29,60,1,1,0.83333
286,58,557,461,29,60,1,1,0.83333
287,58,557,461,30,60,1,1,0.77419
288,58,556,461,31,60,1,1,0.78125
289,58,556,461,31,60,1,1,0.78125
290,58,556,461,32,60,1,1,0.75758
291,58,556,461,32,59,1,1,0.75758
292,58,556,461,32,59,1,1,0.72727
293,58,556,461,32,59,1,1,0.72727
294,58,557,461,31,59,1,1,0.71875
295,58,557,461,31,59,1,1,0.71875
296,58,557,461,31,59,1,1,0.71875
297,58,558,461,30,59,1,1,0.67742
298,58,558,461,30,59,1,1,0.67742
299,58,558,461,30,59,1,1,0.67742
300,58,559,461,29,59,1,1,0.66667
301,58,559,461,27,58,1,1,0.71429
51,59,574,454,24,74,1,1,0.0026667
52,59,573,454,24,73,1,1,0.0016216
53,59,573,454,24,73,1,1,0.00054054
54,59,573,454,24,73,1,1,0
55,59,573,454,23,73,1,1,0
56,59,573,454,23,73,1,1,0
57,59,572,454,24,72,1,1,0
58,59,572,454,23,72,1,1,0
59,59,572,454,23,72,1,1,0
60,59,572,454,23,72,1,1,0
61,59,572,454,23,72,1,1,0
62,59,571,454,23,72,1,1,0
63,59,571,454,23,72,1,1,0
64,59,571,454,23,72,1,1,0
65,59,571,454,23,72,1,1,0
66,59,571,454,23,72,1,1,0
67,59,570,454,23,72,1,1,0
68,59,570,454,23,72,1,1,0
69,59,570,454,23,72,1,1,0
70,59,570,454,23,72,1,1,0
71,59,570,454,23,72,1,1,0
72,59,569,454,23,72,1,1,0
73,59,569,454,23,72,1,1,0
74,59,569,454,23,72,1,1,0
75,59,569,454,23,72,1,1,0
76,59,569,454,23,73,1,1,0
77,59,568,454,23,73,1,1,0
78,59,568,454,23,73,1,1,0
79,59,568,454,23,73,1,1,0
80,59,568,454,23,73,1,1,0
81,59,568,454,23,74,1,1,0
82,59,567,454,24,74,1,1,0
83,59,567,454,24,74,1,1,0
84,59,567,454,24,74,1,1,0
85,59,567,454,24,74,1,1,0
86,59,567,454,24,75,1,1,0
87,59,567,454,24,75,1,1,0
88,59,567,454,24,75,1,1,0
89,59,567,454,24,75,1,1,0
90,59,567,454,24,75,1,1,0
91,59,567,454,24,76,1,1,0
92,59,566,454,24,75,1,1,0
93,59,566,454,24,75,1,1,0
94,59,566,454,24,74,1,1,0
95,59,566,454,23,74,1,1,0
96,59,566,454,23,74,1,1,0
97,59,565,454,24,73,1,1,0
98,59,565,454,23,73,1,1,0
99,59,565,454,23,72,1,1,0
100,59,565,454,23,72,1,1,0
101,59,565,454,23,72,1,1,0
102,59,564,454,23,71,1,1,0
103,59,564,454,23,71,1,1,0
104,59,564,454,23,71,1,1,0
105,59,564,454,23,71,1,1,0
106,59,564,454,23,71,1,1,0
107,59,563,454,23,71,1,1,0
108,59,563,454,23,71,1,1,0
109,59,563,454,23,71,1,1,0
110,59,563,454,23,71,1,1,0
111,59,563,454,23,71,1,1,0
112,59,562,454,23,71,1,1,0
113,59,562,454,23,71,1,1,0
114,59,562,454,23,71,1,1,0
115,59,562,454,23,72,1,1,0
116,59,562,454,23,72,1,1,0
117,59,561,454,24,72,1,1,0
118,59,561,454,24,73,1,1,0
119,59,561,454,24,73,1,1,0
120,59,561,454,24,73,1,1,0
121,59,561,454,24,74,1,1,0
122,59,561,454,24,74,1,1,0
123,59,561,454,24,74,1,1,0
124,59,561,454,24,74,1,1,0.08
125,59,561,454,24,74,1,1,0.12
126,59,561,454,24,74,1,1,0.2
127,59,561,454,24,74,1,1,0.28
128,59,561,454,24,74,1,1,0.36
129,59,561,454,24,74,1,1,0.44
130,59,561,454,24,74,1,1,0.52
131,59,561,454,24,74,1,1,0.6
132,59,560,454,24,74,1,1,0.6
133,59,560,454,24,74,1,1,0.6
134,59,560,454,24,74,1,1,0.6
135,59,560,454,24,74,1,1,0.56
136,59,560,454,24,74,1,1,0.56
137,59,559,454,24,74,1,1,0.6
138,59,559,454,24,74,1,1,0.56
139,59,559,454,24,74,1,1,0.56
140,59,559,454,24,74,1,1,0.56
141,59,559,454,24,74,1,1,0.56
142,59,558,454,24,74,1,1,0.52
143,59,558,454,24,74,1,1,0.44
144,59,558,454,24,74,1,1,0.36
145,59,558,454,24,74,1,1,0.28
146,59,558,454,24,74,1,1,0.2
147,59,557,454,24,74,1,1,0.16
148,59,557,454,24,74,1,1,0.08
149,59,557,454,24,74,1,1,0
150,59,557,454,24,74,1,1,0
151,59,557,454,24,74,1,1,0
152,59,556,454,24,73,1,1,0
153,59,556,454,24,73,1,1,0
154,59,555,454,25,73,1,1,0
155,59,555,454,25,73,1,1,0
156,59,555,454,24,73,1,1,0
157,59,554,454,25,73,1,1,0
158,59,554,454,25,73,1,1,0
159,59,554,454,25,73,1,1,0
160,59,553,454,25,73,1,1,0
161,59,553,454,25,73,1,1,0
162,59,553,454,25,73,1,1,0
163,59,552,454,26,73,1,1,0
164,59,552,454,25,73,1,1,0
165,59,552,454,25,73,1,1,0
166,59,551,454,26,73,1,1,0
167,59,551,454,26,73,1,1,0
168,59,551,454,25,73,1,1,0
169,59,550,454,26,73,1,1,0
170,59,550,454,26,73,1,1,0
171,59,550,454,26,73,1,1,0
172,59,549,453,26,73,1,1,0
173,59,549,453,26,73,1,1,0
174,59,549,453,26,73,1,1,0
175,59,548,453,26,73,1,1,0.18519
176,59,548,453,26,73,1,1,0.37037
177,59,548,453,26,73,1,1,0.51852
178,59,547,453,26,73,1,1,0.7037
179,59,547,453,26,73,1,1,0.88889
180,59,547,453,26,73,1,1,0.89489
181,59,547,453,26,73,1,1,0.86236
182,59,547,453,25,72,1,1,0.88936
183,59,547,453,25,72,1,1,0.88936
184,59,547,453,25,72,1,1,0.85248
185,59,547,453,25,72,1,1,0.85037
186,59,547,453,25,72,1,1,0.85037
187,59,547,453,25,71,1,1,0.81303
188,59,547,453,25,71,1,1,0.81036
189,59,547,453,25,71,1,1,0.77244
190,59,547,453,25,71,1,1,0.77244
191,59,547,453,25,71,1,1,0.77244
192,59,547,453,25,70,1,1,0.76923
193,59,547,453,25,70,1,1,0.80769
194,59,547,453,25,70,1,1,0.80769
195,59,547,453,25,70,1,1,0.84615
196,59,547,453,25,70,1,1,0.84615
197,59,547,453,25,69,1,1,0.8511
198,59,547,453,25,69,1,1,0.8511
199,59,547,453,25,69,1,1,0.8511
200,59,547,453,25,69,1,1,0.8511
201,59,547,453,25,69,1,1,0.85604
202,59,547,453,24,69,1,1,0.89543
203,59,547,453,24,69,1,1,0.89543
204,59,547,453,24,69,1,1,0.89543
205,59,547,453,24,69,1,1,0.89543
206,59,547,454,24,68,1,1,0.89391
207,59,547,454,24,68,1,1,0.89391
208,59,547,454,24,68,1,1,0.89391
209,59,547,454,24,68,1,1,0.85623
210,59,547,454,24,68,1,1,0.85623
211,59,547,455,24,67,1,1,0.81824
212,59,547,455,24,66,1,1,0.81851
213,59,547,455,24,66,1,1,0.81851
214,59,547,455,24,66,1,1,0.81851
215,59,547,455,24,66,1,1,0.81851
216,59,547,455,24,66,1,1,0.81672
217,59,547,455,24,66,1,1,0.81672
218,59,548,455,23,66,1,1,0.85075
219,59,548,455,23,66,1,1,0.80908
220,59,548,455,23,66,1,1,0.80908
221,59,548,455,24,66,1,1,0.7409
222,59,548,455,24,65,1,1,0.78121
223,59,548,455,24,65,1,1,0.78121
224,59,548,455,24,65,1,1,0.78121
225,59,549,455,23,65,1,1,0.81376
226,59,549,455,23,65,1,1,0.81376
227,59,549,455,23,65,1,1,0.81376
228,59,549,455,23,65,1,1,0.81376
229,59,549,455,23,65,1,1,0.81376
230,59,549,455,23,65,1,1,0.81376
231,59,550,455,23,65,1,1,0.77652
232,59,550,455,23,65,1,1,0.77652
233,59,550,455,23,65,1,1,0.77652
234,59,550,455,23,65,1,1,0.77652
235,59,550,455,23,65,1,1,0.77652
236,59,550,455,23,65,1,1,0.77652
237,59,550,455,23,65,1,1,0.77652
238,59,550,455,23,65,1,1,0.77652
239,59,550,455,23,65,1,1,0.77652
240,59,550,455,23,65,1,1,0.77652
241,59,550,455,23,65,1,1,0.73927
242,59,550,455,23,65,1,1,0.73927
243,59,550,455,23,65,1,1,0.73927
244,59,550,455,23,65,1,1,0.73927
245,59,550,455,23,65,1,1,0.73927
246,59,550,455,23,65,1,1,0.73927
247,59,550,455,23,65,1,1,0.70202
248,59,550,455,23,65,1,1,0.70202
249,59,550,455,23,65,1,1,0.70202
250,59,550,455,23,65,1,1,0.70202
251,59,551,455,23,65,1,1,0.66477
252,59,551,455,23,64,1,1,0.66538
253,59,551,455,23,64,1,1,0.62821
254,59,551,455,23,64,1,1,0.62821
255,59,551,455,23,64,1,1,0.62821
256,59,551,455,23,64,1,1,0.62821
257,59,551,455,23,64,1,1,0.62821
258,59,552,455,22,64,1,1,0.61204
259,59,552,455,22,64,1,1,0.57324
260,59,552,455,22,64,1,1,0.57324
261,59,552,455,22,64,1,1,0.57324
262,59,552,455,22,64,1,1,0.57324
263,59,552,455,22,64,1,1,0.57324
264,59,552,455,22,64,1,1,0.57324
265,59,553,455,21,64,1,1,0.51329
266,59,553,455,21,64,1,1,0.51329
267,59,553,455,21,64,1,1,0.51329
268,59,553,455,21,64,1,1,0.51329
269,59,553,455,21,64,1,1,0.51329
270,59,553,455,21,64,1,1,0.51329
271,59,554,455,20,64,1,1,0.4381
272,59,554,455,20,63,1,1,0.43899
273,59,554,455,20,63,1,1,0.39583
274,59,554,455,20,63,1,1,0.39583
275,59,554,455,20,63,1,1,0.39583
276,59,554,455,20,63,1,1,0.35268
277,59,555,455,19,63,1,1,0.32031
278,59,555,455,19,63,1,1,0.32031
279,59,555,455,20,62,1,1,0.26757
280,59,555,455,20,62,1,1,0.26757
281,59,555,455,20,62,1,1,0.26757
282,59,555,455,20,62,1,1,0.22449
283,59,556,455,19,62,1,1,0.18571
284,59,556,455,19,62,1,1,0.18571
285,59,556,455,19,62,1,1,0.14048
286,59,556,455,20,61,1,1,0.13978
287,59,556,455,20,61,1,1,0.13978
288,59,556,455,20,61,1,1,0.096774
289,59,557,455,19,61,1,1,0.096774
290,59,557,455,19,61,1,1,0.096774
291,59,557,455,19,61,1,1,0.096774
292,59,557,455,19,61,1,1,0.096774
293,59,557,455,20,60,1,1,0.098361
294,59,557,455,20,60,1,1,0.098361
295,59,558,455,19,60,1,1,0.098361
296,59,558,455,19,60,1,1,0.098361
297,59,558,455,19,60,1,1,0.098361
298,59,558,455,19,60,1,1,0.098361
299,59,558,455,19,60,1,1,0.098361
300,59,559,455,19,60,1,1,0.098361
301,59,559,455,19,60,1,1,0.098361
199,60,610,463,23,57,1,1,0
200,60,609,462,23,57,1,1,0
201,60,609,462,23,57,1,1,0
202,60,609,462,23,57,1,1,0
203,60,609,462,23,57,1,1,0
204,60,609,462,23,57,1,1,0
205,60,608,462,23,57,1,1,0
206,60,608,462,23,57,1,1,0
207,60,608,462,23,57,1,1,0
208,60,608,462,23,57,1,1,0
209,60,608,462,23,57,1,1,0
210,60,608,462,23,57,1,1,0
211,60,607,462,23,57,1,1,0
212,60,607,462,23,57,1,1,0
213,60,607,462,23,57,1,1,0
214,60,607,462,23,57,1,1,0
215,60,607,462,23,57,1,1,0
216,60,607,461,23,57,1,1,0
217,60,606,461,23,57,1,1,0
218,60,606,461,23,57,1,1,0
219,60,606,461,23,57,1,1,0
220,60,606,461,23,57,1,1,0
221,60,606,461,23,57,1,1,0
222,60,605,461,23,57,1,1,0
223,60,605,461,23,57,1,1,0
224,60,605,461,23,57,1,1,0
225,60,605,461,23,57,1,1,0
226,60,605,461,23,57,1,1,0
227,60,605,461,23,57,1,1,0
228,60,604,461,23,57,1,1,0
229,60,604,461,23,57,1,1,0
230,60,604,461,23,57,1,1,0
231,60,604,461,23,57,1,1,0
232,60,604,460,23,57,1,1,0
233,60,604,460,23,57,1,1,0
234,60,603,460,23,57,1,1,0
235,60,603,460,23,57,1,1,0
236,60,603,460,23,57,1,1,0
237,60,603,460,23,57,1,1,0
238,60,603,460,23,57,1,1,0
239,60,603,460,23,57,1,1,0
240,60,602,460,23,57,1,1,0
241,60,602,460,23,57,1,1,0
242,60,602,460,23,57,1,1,0
243,60,602,460,23,57,1,1,0
244,60,602,460,23,57,1,1,0
245,60,601,460,23,57,1,1,0
246,60,601,460,23,57,1,1,0.041667
247,60,601,460,23,57,1,1,0.125
248,60,601,459,23,57,1,1,0
249,60,601,459,23,57,1,1,0.00071839
250,60,601,459,23,57,1,1,0.00071839
251,60,600,459,23,57,1,1,0.0021552
252,60,600,459,23,57,1,1,0.0021552
253,60,600,459,23,57,1,1,0.0028736
254,60,600,459,23,57,1,1,0.0028736
255,60,600,459,23,57,1,1,0.003592
256,60,600,459,23,57,1,1,0.003592
257,60,599,459,23,57,1,1,0.0050287
258,60,599,459,23,57,1,1,0.0050287
259,60,599,459,23,57,1,1,0.0057471
260,60,599,459,23,57,1,1,0.0057471
261,60,599,459,23,57,1,1,0.016523
262,60,598,459,23,57,1,1,0.0057471
263,60,598,459,23,57,1,1,0.0057471
264,60,598,458,23,57,1,1,0.02227
265,60,598,458,23,57,1,1,0.02227
266,60,598,458,23,57,1,1,0.063218
267,60,598,458,23,57,1,1,0.054598
268,60,597,458,23,57,1,1,0.094828
269,60,597,458,23,57,1,1,0.13649
270,60,597,458,23,57,1,1,0.13649
271,60,597,458,23,57,1,1,0.17672
272,60,597,458,23,57,1,1,0.21695
273,60,597,458,23,57,1,1,0.25862
274,60,596,458,23,57,1,1,0.30029
275,60,596,458,23,57,1,1,0.34052
276,60,596,458,23,57,1,1,0.38578
277,60,596,458,23,57,1,1,0.42672
278,60,596,458,23,57,1,1,0.46695
279,60,596,458,23,57,1,1,0.5079
280,60,596,458,23,56,1,1,0.54898
281,60,596,458,23,56,1,1,0.58918
282,60,596,458,23,56,1,1,0.62939
283,60,596,458,23,56,1,1,0.66959
284,60,596,458,23,56,1,1,0.66959
285,60,596,458,23,56,1,1,0.66959
286,60,596,458,23,56,1,1,0.66959
287,60,596,458,23,56,1,1,0.66959
288,60,596,458,23,56,1,1,0.7098
289,60,596,458,23,56,1,1,0.7098
290,60,596,458,23,56,1,1,0.7098
291,60,596,458,23,56,1,1,0.70833
292,60,596,458,23,56,1,1,0.7098
293,60,596,458,23,56,1,1,0.7098
294,60,596,458,23,55,1,1,0.70982
295,60,596,458,23,55,1,1,0.75
296,60,596,458,23,55,1,1,0.75
297,60,596,458,23,55,1,1,0.75
298,60,596,458,23,55,1,1,0.75
299,60,596,458,23,55,1,1,0.75
300,60,596,458,23,55,1,1,0.75
301,60,596,458,23,55,1,1,0.75
51,61,618,456,24,78,1,1,0.003038
52,61,617,456,24,77,1,1,0
53,61,617,456,24,77,1,1,0
54,61,617,456,24,77,1,1,0
55,61,617,456,24,77,1,1,0
56,61,617,456,23,77,1,1,0
57,61,616,456,24,77,1,1,0
58,61,616,456,24,77,1,1,0
59,61,616,456,24,77,1,1,0
60,61,616,456,23,77,1,1,0
61,61,616,456,23,77,1,1,0
62,61,615,456,24,76,1,1,0
63,61,615,456,24,76,1,1,0
64,61,615,456,23,76,1,1,0
65,61,615,456,23,76,1,1,0
66,61,615,456,23,76,1,1,0
67,61,614,456,24,76,1,1,0
68,61,614,456,23,76,1,1,0
69,61,614,456,23,76,1,1,0
70,61,614,456,23,76,1,1,0
71,61,614,456,23,76,1,1,0
72,61,613,456,23,75,1,1,0
73,61,613,456,23,75,1,1,0
74,61,613,456,23,75,1,1,0
75,61,613,456,23,75,1,1,0
76,61,613,456,23,75,1,1,0
77,61,612,456,23,75,1,1,0
78,61,612,456,23,75,1,1,0
79,61,612,456,23,75,1,1,0
80,61,612,456,23,75,1,1,0
81,61,612,456,23,75,1,1,0
82,61,611,456,23,75,1,1,0
83,61,611,456,23,74,1,1,0
84,61,611,456,23,74,1,1,0
85,61,611,456,23,74,1,1,0
86,61,611,456,23,74,1,1,0
87,61,610,456,23,74,1,1,0
88,61,610,456,23,74,1,1,0
89,61,610,456,23,74,1,1,0
90,61,610,456,23,74,1,1,0
91,61,610,456,23,74,1,1,0
92,61,609,456,23,74,1,1,0
93,61,609,456,23,74,1,1,0
94,61,609,456,23,74,1,1,0
95,61,609,456,23,73,1,1,0
96,61,609,456,23,73,1,1,0
97,61,608,456,23,73,1,1,0
98,61,608,456,23,73,1,1,0
99,61,608,456,23,73,1,1,0
100,61,608,456,23,73,1,1,0
101,61,608,456,23,73,1,1,0
102,61,608,456,22,73,1,1,0
103,61,607,456,23,73,1,1,0
104,61,607,456,23,73,1,1,0
105,61,607,456,23,73,1,1,0
106,61,607,456,23,73,1,1,0
107,61,607,456,22,72,1,1,0
108,61,606,456,23,72,1,1,0
109,61,606,456,23,72,1,1,0
110,61,606,456,23,72,1,1,0
111,61,606,456,23,72,1,1,0
112,61,606,456,22,72,1,1,0
113,61,605,456,23,72,1,1,0
114,61,605,456,23,72,1,1,0
115,61,605,456,23,72,1,1,0
116,61,605,456,23,72,1,1,0
117,61,605,456,22,72,1,1,0
118,61,604,456,23,71,1,1,0
119,61,604,456,23,71,1,1,0
120,61,604,456,23,71,1,1,0
121,61,604,456,23,71,1,1,0
122,61,604,456,22,71,1,1,0
123,61,603,456,23,71,1,1,0
124,61,603,456,23,71,1,1,0
125,61,603,456,23,71,1,1,0
126,61,603,456,23,71,1,1,0
127,61,603,456,22,71,1,1,0
128,61,603,456,22,71,1,1,0
129,61,602,456,23,71,1,1,0
130,61,602,456,23,70,1,1,0
131,61,602,456,23,70,1,1,0
132,61,602,456,22,70,1,1,0
133,61,602,456,22,70,1,1,0
134,61,601,456,23,70,1,1,0
135,61,601,456,23,70,1,1,0
136,61,601,456,23,70,1,1,0
137,61,601,456,22,70,1,1,0
138,61,601,456,22,70,1,1,0
139,61,600,456,23,70,1,1,0
140,61,600,456,23,70,1,1,0
141,61,600,456,23,70,1,1,0
142,61,600,456,22,69,1,1,0
143,61,600,456,22,69,1,1,0
144,61,599,456,23,69,1,1,0
145,61,599,456,23,69,1,1,0
146,61,599,456,23,69,1,1,0
147,61,599,456,22,69,1,1,0
148,61,599,456,22,69,1,1,0
149,61,598,456,23,69,1,1,0
150,61,598,456,23,69,1,1,0
151,61,598,456,23,69,1,1,0
152,61,598,456,22,69,1,1,0
153,61,598,456,22,68,1,1,0
154,61,597,456,23,68,1,1,0
155,61,597,456,23,68,1,1,0
156,61,597,456,23,68,1,1,0
157,61,597,456,22,68,1,1,0
158,61,597,456,22,68,1,1,0
159,61,597,456,22,68,1,1,0
160,61,596,456,23,68,1,1,0
161,61,596,456,23,68,1,1,0
162,61,596,456,22,68,1,1,0
163,61,596,456,22,68,1,1,0
164,61,596,456,22,68,1,1,0
165,61,595,456,23,67,1,1,0
166,61,595,456,23,67,1,1,0
167,61,595,456,22,67,1,1,0
168,61,595,456,22,67,1,1,0
169,61,595,456,22,67,1,1,0
170,61,594,456,23,67,1,1,0
171,61,594,456,23,67,1,1,0
172,61,594,456,22,67,1,1,0
173,61,594,456,22,67,1,1,0
174,61,594,456,22,67,1,1,0
175,61,593,456,23,67,1,1,0
176,61,593,456,23,67,1,1,0
177,61,593,456,22,66,1,1,0
178,61,593,456,22,66,1,1,0
179,61,593,456,22,66,1,1,0
180,61,592,456,23,66,1,1,0
181,61,592,456,23,66,1,1,0
182,61,592,456,22,66,1,1,0
183,61,592,456,22,66,1,1,0
184,61,592,456,22,66,1,1,0
185,61,592,456,22,66,1,1,0
186,61,591,456,23,66,1,1,0
187,61,591,456,22,66,1,1,0
188,61,591,456,22,65,1,1,0
189,61,591,456,22,65,1,1,0
190,61,591,456,22,65,1,1,0
191,61,590,456,23,65,1,1,0
192,61,590,456,22,65,1,1,0
193,61,590,456,22,65,1,1,0
194,61,590,456,22,65,1,1,0
195,61,590,456,22,65,1,1,0
196,61,589,456,23,65,1,1,0
197,61,589,456,22,65,1,1,0
198,61,589,456,22,65,1,1,0
199,61,589,456,22,65,1,1,0
200,61,589,456,22,64,1,1,0
201,61,588,456,23,64,1,1,0
202,61,588,456,22,64,1,1,0
203,61,588,456,22,64,1,1,0
204,61,588,456,22,64,1,1,0
205,61,588,456,22,64,1,1,0
206,61,587,456,23,64,1,1,0
207,61,587,456,22,64,1,1,0
208,61,587,456,22,64,1,1,0
209,61,587,456,22,64,1,1,0
210,61,587,456,22,64,1,1,0
211,61,587,456,22,64,1,1,0.0080268
212,61,586,455,22,64,1,1,0.057525
213,61,586,455,22,64,1,1,0.101
214,61,586,455,22,64,1,1,0.18796
215,61,585,455,22,64,1,1,0.19599
216,61,585,455,22,64,1,1,0.19933
217,61,585,455,22,64,1,1,0.20268
218,61,584,455,22,64,1,1,0.21405
219,61,584,455,22,64,1,1,0.21739
220,61,584,455,22,64,1,1,0.22074
221,61,584,455,22,64,1,1,0.23077
222,61,583,455,22,64,1,1,0.23545
223,61,583,455,22,64,1,1,0.2388
224,61,583,455,22,64,1,1,0.24214
225,61,582,455,22,64,1,1,0.24682
226,61,582,455,22,64,1,1,0.28562
227,61,582,455,22,64,1,1,0.28562
228,61,581,455,22,64,1,1,0.28696
229,61,581,455,22,64,1,1,0.28696
230,61,581,455,22,64,1,1,0.28696
231,61,581,455,22,64,1,1,0.28696
232,61,580,454,22,64,1,1,0.26087
233,61,580,454,22,64,1,1,0.26087
234,61,580,454,22,64,1,1,0.26087
235,61,580,454,22,64,1,1,0.26087
236,61,579,454,22,64,1,1,0.26221
237,61,579,454,22,64,1,1,0.26221
238,61,579,454,22,64,1,1,0.26221
239,61,579,454,22,64,1,1,0.22274
240,61,578,454,22,64,1,1,0.22408
241,61,578,454,22,64,1,1,0.26221
242,61,578,454,22,64,1,1,0.26221
243,61,578,454,22,64,1,1,0.26221
244,61,577,454,22,64,1,1,0.26355
245,61,577,454,22,64,1,1,0.26355
246,61,577,454,22,64,1,1,0.26355
247,61,577,454,22,64,1,1,0.26221
248,61,576,454,22,64,1,1,0.26355
249,61,576,454,22,64,1,1,0.26355
250,61,576,454,22,64,1,1,0.26355
251,61,576,454,22,64,1,1,0.26355
252,61,576,454,22,64,1,1,0.26355
253,61,576,454,22,64,1,1,0.30167
254,61,576,454,22,64,1,1,0.26221
255,61,576,454,22,64,1,1,0.26221
256,61,576,454,22,64,1,1,0.26221
257,61,576,454,22,64,1,1,0.26221
258,61,576,454,22,64,1,1,0.26221
259,61,576,454,22,64,1,1,0.30033
260,61,576,454,22,64,1,1,0.30033
261,61,577,454,22,64,1,1,0.299
262,61,577,454,22,64,1,1,0.25953
263,61,577,454,22,64,1,1,0.25953
264,61,577,454,22,64,1,1,0.25953
265,61,577,454,22,64,1,1,0.25819
266,61,577,454,22,64,1,1,0.25819
267,61,577,454,22,64,1,1,0.25819
268,61,577,454,22,64,1,1,0.21873
269,61,577,454,22,64,1,1,0.21873
270,61,577,454,22,64,1,1,0.21873
271,61,578,454,22,64,1,1,0.21405
272,61,578,454,22,64,1,1,0.17458
273,61,578,454,22,64,1,1,0.17458
274,61,578,454,22,64,1,1,0.13579
275,61,578,454,22,64,1,1,0.096321
276,61,578,454,22,64,1,1,0.096321
277,61,578,454,22,64,1,1,0.096321
278,61,578,454,22,64,1,1,0.095652
279,61,578,454,22,64,1,1,0.095652
280,61,578,454,22,64,1,1,0.095652
281,61,579,454,22,64,1,1,0.094983
282,61,579,454,22,64,1,1,0.094314
283,61,579,454,22,64,1,1,0.094314
284,61,579,454,22,64,1,1,0.094314
285,61,579,454,22,64,1,1,0.094314
286,61,579,454,22,64,1,1,0.094314
287,61,579,454,22,64,1,1,0.093645
288,61,579,454,22,64,1,1,0.093645
289,61,579,454,22,64,1,1,0.093645
290,61,579,454,22,64,1,1,0.093645
291,61,580,454,22,64,1,1,0.092977
292,61,580,454,21,63,1,1,0.09375
293,61,580,454,21,63,1,1,0.09375
294,61,580,454,21,63,1,1,0.09375
295,61,580,454,21,63,1,1,0.09375
296,61,580,454,21,63,1,1,0.09375
297,61,580,454,21,62,1,1,0.095238
298,61,580,454,21,62,1,1,0.095238
299,61,580,454,21,62,1,1,0.095238
300,61,580,454,21,62,1,1,0.095238
301,61,580,454,21,62,1,1,0.095238
111,62,532,456,29,71,1,1,0.038889
112,62,532,456,28,70,1,1,0.10393
113,62,532,456,28,70,1,1,0.17581
114,62,532,456,28,70,1,1,0.26663
115,62,532,456,28,70,1,1,0.36377
116,62,532,456,28,70,1,1,0.4609
117,62,532,456,27,70,1,1,0.57746
118,62,532,456,27,70,1,1,0.64889
119,62,532,456,27,70,1,1,0.72032
120,62,532,456,27,70,1,1,0.79175
121,62,532,456,27,70,1,1,0.86318
122,62,531,456,28,69,1,1,0.90837
123,62,531,456,28,69,1,1,0.97094
124,62,531,456,28,69,1,1,1
125,62,530,456,29,69,1,1,0.96667
126,62,530,456,29,69,1,1,0.93333
127,62,530,456,29,69,1,1,0.93333
128,62,529,456,30,69,1,1,0.90323
129,62,529,456,30,69,1,1,0.90323
130,62,529,456,30,69,1,1,0.90323
131,62,529,456,30,69,1,1,0.90323
132,62,528,456,30,69,1,1,0.87097
133,62,528,456,30,69,1,1,0.87097
134,62,528,456,30,69,1,1,0.83871
135,62,528,456,30,69,1,1,0.83871
136,62,528,456,30,69,1,1,0.83871
137,62,527,456,30,69,1,1,0.80645
138,62,527,456,30,69,1,1,0.80645
139,62,527,456,30,69,1,1,0.80645
140,62,527,456,30,69,1,1,0.80645
141,62,527,456,30,69,1,1,0.77419
142,62,526,456,30,69,1,1,0.74194
143,62,525,456,30,69,1,1,0.70968
144,62,525,456,30,69,1,1,0.70968
145,62,524,456,30,69,1,1,0.64516
146,62,524,456,30,69,1,1,0.64516
147,62,523,456,30,69,1,1,0.6129
148,62,522,456,30,69,1,1,0.58065
149,62,522,456,30,69,1,1,0.54839
150,62,521,456,30,69,1,1,0.51613
151,62,521,456,30,69,1,1,0.51613
152,62,520,456,30,68,1,1,0.48387
153,62,520,456,30,68,1,1,0.3871
154,62,520,456,30,68,1,1,0.32258
155,62,520,456,30,68,1,1,0.29032
156,62,520,456,30,68,1,1,0.22581
157,62,520,456,29,68,1,1,0.13333
158,62,519,456,30,68,1,1,0.096774
159,62,519,456,30,68,1,1,0.032258
160,62,519,456,30,68,1,1,0
161,62,519,456,30,68,1,1,0
162,62,519,456,29,68,1,1,0
163,62,519,456,29,68,1,1,0
164,62,518,456,30,68,1,1,0
165,62,518,456,30,68,1,1,0
166,62,518,457,30,67,1,1,0
167,62,518,457,29,67,1,1,0
168,62,518,457,29,67,1,1,0
169,62,518,457,29,67,1,1,0
170,62,517,457,30,67,1,1,0
171,62,517,457,30,67,1,1,0
172,62,517,457,29,67,1,1,0
173,62,517,457,29,67,1,1,0.033333
174,62,517,457,29,67,1,1,0.13333
175,62,517,457,29,67,1,1,0.13333
176,62,516,457,30,67,1,1,0.12903
177,62,516,457,29,67,1,1,0.1
178,62,516,457,29,67,1,1,0.1
179,62,516,457,29,67,1,1,0.1
180,62,516,457,29,67,1,1,0.1
181,62,516,458,29,66,1,1,0.066667
182,62,516,458,29,65,1,1,0.1
183,62,516,458,29,65,1,1,0.1
184,62,516,458,29,65,1,1,0.1
185,62,516,458,29,65,1,1,0.1
186,62,516,458,29,65,1,1,0.1
187,62,516,458,29,65,1,1,0.1
188,62,516,458,29,65,1,1,0.1
189,62,516,458,29,65,1,1,0.1
190,62,516,458,29,65,1,1,0.1
191,62,516,458,29,65,1,1,0.1
192,62,516,458,29,65,1,1,0.1
193,62,517,458,28,65,1,1,0.10345
194,62,517,458,28,65,1,1,0.10345
195,62,517,458,29,65,1,1,0.13333
196,62,517,458,29,65,1,1,0.13333
197,62,517,458,29,65,1,1,0.13333
198,62,517,458,29,65,1,1,0.13333
199,62,517,458,29,64,1,1,0.13333
200,62,517,458,29,64,1,1,0.13333
201,62,517,458,29,64,1,1,0.13333
202,62,517,458,29,64,1,1,0.13333
203,62,517,458,29,64,1,1,0.13333
204,62,517,458,29,64,1,1,0.13333
205,62,518,458,28,64,1,1,0.10345
206,62,518,458,28,64,1,1,0.10345
207,62,518,458,28,64,1,1,0.10345
208,62,518,458,28,64,1,1,0.068966
209,62,518,458,29,64,1,1,0.066667
210,62,518,458,29,64,1,1,0.066667
211,62,518,458,29,64,1,1,0.033333
212,62,518,458,29,64,1,1,0.066667
213,62,518,458,29,64,1,1,0.066667
214,62,518,458,29,64,1,1,0.033333
215,62,518,458,29,64,1,1,0.033333
216,62,519,458,28,64,1,1,0
217,62,519,458,28,63,1,1,0
218,62,519,458,28,63,1,1,0
219,62,519,458,28,63,1,1,0
220,62,519,458,28,63,1,1,0
221,62,519,458,28,63,1,1,0
222,62,519,458,28,63,1,1,0
223,62,519,458,29,63,1,1,0
224,62,519,458,29,63,1,1,0
225,62,519,458,29,63,1,1,0
226,62,519,458,29,63,1,1,0
227,62,519,458,29,63,1,1,0
228,62,520,458,28,63,1,1,0.034483
229,62,520,458,28,63,1,1,0.034483
230,62,520,458,28,63,1,1,0.034483
231,62,520,458,28,63,1,1,0.034483
232,62,520,458,28,63,1,1,0.034483
233,62,520,458,28,63,1,1,0.034483
234,62,520,458,28,62,1,1,0.034483
235,62,520,458,28,62,1,1,0.068966
236,62,520,458,28,62,1,1,0.068966
237,62,520,458,29,62,1,1,0.1
238,62,520,458,29,62,1,1,0.1
239,62,520,458,29,62,1,1,0.1
240,62,521,458,28,62,1,1,0.10345
241,62,521,458,28,62,1,1,0.10345
242,62,521,458,28,62,1,1,0.13793
243,62,521,458,28,62,1,1,0.13793
244,62,521,458,28,62,1,1,0.13793
245,62,521,458,28,62,1,1,0.13793
246,62,521,458,28,62,1,1,0.13793
247,62,521,458,28,62,1,1,0.13793
248,62,521,458,28,62,1,1,0.13793
249,62,521,458,28,62,1,1,0.13793
250,62,521,458,28,62,1,1,0.13793
251,62,522,458,28,62,1,1,0.17241
252,62,522,458,28,61,1,1,0.17241
253,62,522,458,28,61,1,1,0.17241
254,62,522,458,28,61,1,1,0.17241
255,62,522,458,28,61,1,1,0.17241
256,62,522,458,28,61,1,1,0.17241
257,62,522,458,28,61,1,1,0.2069
258,62,522,458,28,61,1,1,0.2069
259,62,522,458,28,61,1,1,0.2069
260,62,522,458,28,61,1,1,0.2069
261,62,522,458,28,61,1,1,0.2069
262,62,523,457,27,61,1,1,0.21429
263,62,524,457,27,61,1,1,0.25
264,62,525,457,26,60,1,1,0.25926
265,62,526,457,26,60,1,1,0.2963
266,62,527,457,25,60,1,1,0.30769
267,62,528,457,25,59,1,1,0.30769
268,62,529,457,24,59,1,1,0.32
269,62,530,457,24,58,1,1,0.32
270,62,531,457,23,58,1,1,0.33333
271,62,533,457,22,58,1,1,0.3913
272,62,533,457,21,58,1,1,0.45455
273,62,533,457,21,58,1,1,0.45455
274,62,533,457,21,58,1,1,0.45455
275,62,533,457,21,58,1,1,0.45455
276,62,533,457,21,59,1,1,0.45455
277,62,533,457,21,59,1,1,0.5
278,62,533,457,21,59,1,1,0.5
279,62,533,457,21,59,1,1,0.5
280,62,533,457,21,59,1,1,0.5
281,62,533,457,21,60,1,1,0.5
282,62,533,457,21,59,1,1,0.54545
283,62,533,457,21,59,1,1,0.54545
284,62,533,457,21,59,1,1,0.54545
285,62,533,457,21,59,1,1,0.54545
286,62,533,457,21,59,1,1,0.54545
287,62,533,457,21,59,1,1,0.54545
288,62,533,457,21,59,1,1,0.54545
289,62,533,457,21,59,1,1,0.54545
290,62,533,457,21,59,1,1,0.54545
291,62,533,457,21,59,1,1,0.54545
292,62,533,457,21,59,1,1,0.59091
293,62,533,457,21,59,1,1,0.59091
294,62,534,457,21,59,1,1,0.63636
295,62,534,457,21,59,1,1,0.63636
296,62,535,457,21,60,1,1,0.68182
297,62,535,457,21,60,1,1,0.68182
298,62,535,457,21,60,1,1,0.68182
299,62,536,457,21,60,1,1,0.72727
300,62,536,457,21,60,1,1,0.72727
301,62,537,457,21,61,1,1,0.77273
21,65,985,460,19,53,0,7,0.22222
22,65,985,459,19,53,0,7,0.23148
23,65,985,459,19,53,0,7,0.25463
24,65,985,459,19,53,0,7,0.27778
25,65,985,459,19,53,0,7,0.30093
26,65,985,459,19,53,0,7,0.32407
27,65,985,459,19,53,0,7,0.32407
28,65,985,459,19,53,0,7,0.34722
29,65,985,459,19,53,0,7,0.37037
30,65,985,459,19,53,0,7,0.39352
31,65,985,459,19,53,0,7,0.41667
32,65,985,459,19,53,0,7,0.41667
33,65,985,459,19,53,0,7,0.41667
34,65,985,459,19,53,0,7,0.41667
35,65,985,459,19,53,0,7,0.41667
36,65,985,459,19,53,0,7,0.41667
37,65,985,459,19,53,0,7,0.41667
38,65,985,459,19,53,0,7,0.41667
39,65,985,459,19,53,0,7,0.41667
40,65,985,459,19,53,0,7,0.41667
41,65,985,459,19,53,0,7,0.41667
42,65,985,459,19,53,0,7,0.41667
43,65,985,459,19,53,0,7,0.41667
44,65,985,459,19,53,0,7,0.41667
45,65,985,459,19,53,0,7,0.41667
46,65,985,459,19,53,0,7,0.41667
47,65,985,459,19,53,0,7,0.41667
48,65,985,459,19,53,0,7,0.41667
49,65,985,459,19,53,0,7,0.41667
50,65,985,459,19,53,0,7,0.41667
51,65,985,459,19,53,0,7,0.41667
52,65,985,459,19,53,0,7,0.41667
53,65,985,459,19,53,0,7,0.41667
54,65,985,459,19,53,0,7,0.41667
55,65,985,459,19,53,0,7,0.41667
56,65,985,459,19,53,0,7,0.41667
57,65,985,459,19,53,0,7,0.41667
58,65,985,459,19,53,0,7,0.41667
59,65,985,459,19,53,0,7,0.41667
60,65,985,459,19,53,0,7,0.41667
61,65,985,459,19,53,0,7,0.41667
62,65,985,459,19,53,0,7,0.41667
63,65,985,459,19,53,0,7,0.41667
64,65,985,459,19,53,0,7,0.41667
65,65,985,459,19,53,0,7,0.41667
66,65,985,459,19,53,0,7,0.41667
67,65,985,459,19,53,0,7,0.41667
68,65,985,459,19,53,0,7,0.41667
69,65,985,459,19,53,0,7,0.41667
70,65,985,459,19,53,0,7,0.41667
71,65,985,459,19,53,0,7,0.41667
72,65,985,459,19,53,0,7,0.41667
73,65,985,459,19,53,0,7,0.41667
74,65,985,459,19,53,0,7,0.41667
75,65,985,459,19,53,0,7,0.41667
76,65,985,459,19,53,0,7,0.41667
77,65,985,459,19,53,0,7,0.41667
78,65,985,459,19,53,0,7,0.41667
79,65,985,459,19,53,0,7,0.41667
80,65,985,459,19,53,0,7,0.41667
81,65,985,459,19,53,0,7,0.41667
82,65,985,459,19,53,0,7,0.41667
83,65,985,459,19,53,0,7,0.41667
84,65,985,459,19,53,0,7,0.41667
85,65,985,459,19,53,0,7,0.41667
86,65,985,459,19,53,0,7,0.41667
87,65,985,459,19,53,0,7,0.41667
88,65,985,459,19,53,0,7,0.41667
89,65,985,459,19,53,0,7,0.41667
90,65,985,459,19,53,0,7,0.41667
91,65,985,459,19,53,0,7,0.2537
92,65,985,459,19,53,0,7,0.24352
93,65,985,459,19,53,0,7,0.24352
94,65,985,459,19,53,0,7,0.24352
95,65,985,459,19,53,0,7,0.23333
96,65,985,459,19,53,0,7,0.23333
97,65,985,459,19,53,0,7,0.23333
98,65,985,459,19,53,0,7,0.23333
99,65,985,459,19,53,0,7,0.23333
100,65,985,459,19,53,0,7,0.23333
101,65,985,459,19,53,0,7,0.23333
102,65,985,459,19,53,0,7,0.23333
103,65,985,459,19,53,0,7,0.25
104,65,985,459,19,53,0,7,0.25
105,65,985,459,19,53,0,7,0.23611
106,65,985,459,19,53,0,7,0.23611
107,65,985,459,19,53,0,7,0.23611
108,65,985,459,19,53,0,7,0.22222
109,65,985,459,19,53,0,7,0.23148
110,65,985,459,19,53,0,7,0.24074
111,65,985,459,19,53,0,7,0.24074
112,65,985,459,19,53,0,7,0.22685
113,65,985,459,19,53,0,7,0.21296
114,65,985,459,19,53,0,7,0.19907
115,65,985,459,19,53,0,7,0.19907
116,65,985,459,19,53,0,7,0.18519
117,65,985,459,19,53,0,7,0.1713
118,65,985,459,19,53,0,7,0.15741
119,65,985,459,19,53,0,7,0.16481
120,65,985,459,19,53,0,7,0.15833
121,65,985,459,19,53,0,7,0.14352
122,65,985,459,19,53,0,7,0.1287
123,65,985,459,20,53,0,7,0.13051
124,65,985,459,20,53,0,7,0.1164
125,65,985,459,20,53,0,7,0.10229
126,65,985,459,20,53,0,7,0.066138
127,65,985,459,20,53,0,7,0.044092
128,65,985,459,20,53,0,7,0
129,65,985,459,20,53,0,7,0
130,65,985,459,20,53,0,7,0
131,65,985,459,20,53,0,7,0
132,65,985,459,20,53,0,7,0
133,65,985,459,20,53,0,7,0
134,65,985,459,20,53,0,7,0.022046
135,65,985,459,20,53,0,7,0.044092
136,65,985,459,20,53,0,7,0.088183
137,65,985,459,20,53,0,7,0.11023
138,65,985,459,20,53,0,7,0.15432
139,65,985,459,20,53,0,7,0.17637
140,65,985,459,20,53,0,7,0.22046
141,65,985,459,20,53,0,7,0.19841
142,65,985,459,20,53,0,7,0.19841
143,65,985,459,20,53,0,7,0.19841
144,65,985,459,20,53,0,7,0.19841
145,65,985,459,20,53,0,7,0.17637
146,65,985,459,20,53,0,7,0.17637
147,65,985,459,20,53,0,7,0.15432
148,65,985,459,20,53,0,7,0.15432
149,65,985,459,20,53,0,7,0.13228
150,65,985,459,20,53,0,7,0.13228
151,65,985,459,20,53,0,7,0.13228
152,65,985,459,20,53,0,7,0.13228
153,65,985,459,20,53,0,7,0.088183
154,65,985,459,20,53,0,7,0.088183
155,65,985,459,20,53,0,7,0.088183
156,65,985,459,20,53,0,7,0.088183
157,65,985,459,20,53,0,7,0.066138
158,65,985,459,20,53,0,7,0.066138
159,65,985,459,20,53,0,7,0.044092
160,65,985,459,20,53,0,7,0.044092
161,65,985,459,20,53,0,7,0.022046
162,65,985,459,20,53,0,7,0.022046
163,65,985,459,20,53,0,7,0.022046
164,65,985,459,20,53,0,7,0
165,65,985,459,20,53,0,7,0
166,65,985,459,20,53,0,7,0
167,65,985,459,20,53,0,7,0
168,65,985,459,20,53,0,7,0
169,65,985,459,20,53,0,7,0
170,65,985,459,20,53,0,7,0
171,65,985,459,20,53,0,7,0
172,65,985,459,20,53,0,7,0
173,65,985,459,20,53,0,7,0
174,65,985,459,20,53,0,7,0
175,65,985,459,20,53,0,7,0
176,65,985,459,20,53,0,7,0
177,65,985,459,20,53,0,7,0
178,65,985,459,20,53,0,7,0
179,65,985,459,20,53,0,7,0
180,65,985,459,20,53,0,7,0
181,65,985,459,20,53,0,7,0
182,65,985,459,20,53,0,7,0
183,65,985,459,20,53,0,7,0
184,65,985,459,20,53,0,7,0
185,65,985,459,20,53,0,7,0
186,65,985,459,20,53,0,7,0
187,65,985,459,20,53,0,7,0
188,65,985,459,20,53,0,7,0
189,65,985,459,20,53,0,7,0
190,65,985,459,20,53,0,7,0
191,65,985,459,20,53,0,7,0
192,65,985,459,20,53,0,7,0
193,65,985,459,20,53,0,7,0
194,65,985,459,20,53,0,7,0
195,65,985,459,20,53,0,7,0
196,65,985,459,20,53,0,7,0
197,65,985,459,20,53,0,7,0
198,65,985,459,20,53,0,7,0
199,65,985,459,20,53,0,7,0
200,65,985,459,20,53,0,7,0
201,65,985,459,20,53,0,7,0
202,65,985,459,20,53,0,7,0
203,65,985,459,20,53,0,7,0
204,65,985,459,20,53,0,7,0
205,65,985,459,20,53,0,7,0
206,65,985,459,20,53,0,7,0
207,65,985,459,20,53,0,7,0
208,65,985,459,20,53,0,7,0
209,65,985,459,20,53,0,7,0
210,65,985,459,20,53,0,7,0
211,65,985,459,20,53,0,7,0
212,65,985,459,20,53,0,7,0
213,65,985,459,20,53,0,7,0
214,65,985,459,20,53,0,7,0
215,65,985,459,20,53,0,7,0
216,65,985,459,20,53,0,7,0
217,65,985,459,20,53,0,7,0
218,65,985,459,20,53,0,7,0
219,65,985,459,20,53,0,7,0
220,65,985,459,20,53,0,7,0
221,65,985,459,20,53,0,7,0
222,65,985,459,20,53,0,7,0
223,65,985,459,20,53,0,7,0
224,65,985,459,20,53,0,7,0
225,65,985,459,21,53,0,7,0
226,65,985,459,21,53,0,7,0
227,65,985,459,21,53,0,7,0
228,65,985,459,21,53,0,7,0
229,65,985,459,21,53,0,7,0
230,65,985,459,21,53,0,7,0
231,65,985,459,21,53,0,7,0
232,65,985,459,21,53,0,7,0
233,65,985,459,21,53,0,7,0
234,65,985,459,21,53,0,7,0
235,65,985,459,21,53,0,7,0
236,65,985,459,21,53,0,7,0
237,65,985,459,21,53,0,7,0
238,65,985,459,21,53,0,7,0
239,65,985,459,21,53,0,7,0
240,65,985,459,21,53,0,7,0
241,65,985,459,21,53,0,7,0
242,65,985,459,21,53,0,7,0
243,65,985,459,21,53,0,7,0
244,65,985,459,21,53,0,7,0
245,65,985,459,21,53,0,7,0
246,65,985,459,21,53,0,7,0
247,65,985,459,21,53,0,7,0
248,65,985,459,21,53,0,7,0
249,65,985,459,21,53,0,7,0
250,65,985,459,21,53,0,7,0
251,65,985,459,21,53,0,7,0
252,65,985,459,21,53,0,7,0
253,65,985,459,21,53,0,7,0
254,65,985,459,21,53,0,7,0
255,65,985,459,21,53,0,7,0
256,65,985,459,21,53,0,7,0
257,65,985,459,21,53,0,7,0
258,65,985,459,21,53,0,7,0
259,65,985,459,21,53,0,7,0
260,65,985,459,21,53,0,7,0
261,65,985,459,21,53,0,7,0
262,65,985,459,21,53,0,7,0
263,65,985,459,21,53,0,7,0
264,65,985,459,21,53,0,7,0
265,65,985,459,21,53,0,7,0
266,65,985,459,21,53,0,7,0
267,65,985,459,21,53,0,7,0
268,65,985,459,21,53,0,7,0
269,65,985,459,21,53,0,7,0
270,65,985,459,21,53,0,7,0
271,65,985,459,21,53,0,7,0
272,65,985,459,21,53,0,7,0
273,65,985,459,21,53,0,7,0
274,65,985,459,21,53,0,7,0
275,65,985,459,21,53,0,7,0
276,65,985,459,21,53,0,7,0
277,65,985,458,21,54,0,7,0
278,65,985,458,21,54,0,7,0
279,65,985,458,21,54,0,7,0
280,65,985,458,21,54,0,7,0
281,65,985,458,21,54,0,7,0
282,65,985,458,21,54,0,7,0
283,65,985,458,21,54,0,7,0
284,65,985,458,21,54,0,7,0
285,65,985,458,21,54,0,7,0
286,65,985,458,21,54,0,7,0
287,65,985,458,21,54,0,7,0
288,65,985,458,21,54,0,7,0
289,65,985,458,21,54,0,7,0
290,65,985,458,21,54,0,7,0
291,65,985,458,21,54,0,7,0
292,65,985,458,21,54,0,7,0
293,65,985,458,21,54,0,7,0
294,65,985,458,21,54,0,7,0
295,65,985,458,21,54,0,7,0
296,65,985,458,21,54,0,7,0
297,65,985,458,21,54,0,7,0
298,65,985,458,21,54,0,7,0
299,65,985,458,21,54,0,7,0
300,65,985,458,21,54,0,7,0
301,65,985,458,21,54,0,7,0
1,66,1004,454,18,61,0,7,0.44482
2,66,1003,453,18,61,0,7,0.39983
3,66,1003,453,18,61,0,7,0.37606
4,66,1003,453,18,61,0,7,0.35229
5,66,1003,453,18,61,0,7,0.32852
6,66,1003,453,18,61,0,7,0.30475
7,66,1003,453,18,61,0,7,0.28098
8,66,1003,453,18,61,0,7,0.2309
9,66,1003,453,18,61,0,7,0.18081
10,66,1003,453,18,61,0,7,0.13073
11,66,1003,453,18,61,0,7,0.080645
12,66,1003,453,18,61,0,7,0.018676
13,66,1003,453,18,61,0,7,0.018676
14,66,1003,453,18,61,0,7,0.018676
15,66,1003,453,18,61,0,7,0.018676
16,66,1003,453,18,61,0,7,0.018676
17,66,1003,453,18,61,0,7,0.0093379
18,66,1003,453,18,61,0,7,0.0093379
19,66,1003,453,18,61,0,7,0.0093379
20,66,1003,453,18,61,0,7,0.0093379
21,66,1003,453,18,61,0,7,0.0093379
22,66,1003,453,18,61,0,7,0.008489
23,66,1003,453,18,61,0,7,0.008489
24,66,1003,453,18,61,0,7,0.008489
25,66,1003,453,18,61,0,7,0.008489
26,66,1003,453,18,61,0,7,0.008489
27,66,1003,453,18,61,0,7,0.008489
28,66,1003,453,18,61,0,7,0.008489
29,66,1003,453,18,61,0,7,0.008489
30,66,1003,453,18,61,0,7,0.008489
31,66,1003,453,18,61,0,7,0.008489
32,66,1003,453,18,61,0,7,0.033107
33,66,1003,453,18,61,0,7,0.058574
34,66,1003,453,18,61,0,7,0.084041
35,66,1003,453,18,61,0,7,0.13413
36,66,1003,453,18,61,0,7,0.15959
37,66,1003,453,18,61,0,7,0.18506
38,66,1003,453,18,61,0,7,0.23684
39,66,1003,453,18,61,0,7,0.18421
40,66,1003,453,18,61,0,7,0.18421
41,66,1003,453,18,61,0,7,0.18421
42,66,1003,453,18,61,0,7,0.18421
43,66,1003,453,18,61,0,7,0.15789
44,66,1003,453,18,61,0,7,0.15789
45,66,1003,453,18,61,0,7,0.15789
46,66,1003,453,18,61,0,7,0.15789
47,66,1003,453,18,61,0,7,0.13158
48,66,1003,453,18,61,0,7,0.13158
49,66,1003,453,18,61,0,7,0.13158
50,66,1003,453,18,61,0,7,0.10526
51,66,1003,453,18,61,0,7,0.10526
52,66,1003,453,18,61,0,7,0.10526
53,66,1003,453,18,61,0,7,0.10526
54,66,1003,453,18,61,0,7,0.078947
55,66,1003,453,18,61,0,7,0.078947
56,66,1003,453,18,61,0,7,0.078947
57,66,1003,453,18,61,0,7,0.078947
58,66,1003,453,18,61,0,7,0.052632
59,66,1003,453,18,61,0,7,0.052632
60,66,1003,453,18,61,0,7,0.052632
61,66,1003,453,18,61,0,7,0.052632
62,66,1003,453,18,61,0,7,0.026316
63,66,1003,453,18,61,0,7,0.026316
64,66,1003,453,18,61,0,7,0.026316
65,66,1003,453,18,61,0,7,0.026316
66,66,1003,453,18,61,0,7,0.026316
67,66,1003,453,18,61,0,7,0.026316
68,66,1003,453,18,61,0,7,0.026316
69,66,1003,453,18,61,0,7,0.026316
70,66,1003,453,18,61,0,7,0.026316
71,66,1003,453,18,61,0,7,0.026316
72,66,1003,453,18,61,0,7,0.026316
73,66,1003,453,18,61,0,7,0.026316
74,66,1003,453,18,61,0,7,0.026316
75,66,1003,453,18,61,0,7,0.026316
76,66,1003,453,18,61,0,7,0.026316
77,66,1003,453,18,61,0,7,0.026316
78,66,1003,453,18,61,0,7,0.026316
79,66,1003,453,18,61,0,7,0.026316
80,66,1003,453,18,61,0,7,0.026316
81,66,1003,453,18,61,0,7,0.026316
82,66,1003,453,18,61,0,7,0.026316
83,66,1003,453,18,61,0,7,0.026316
84,66,1003,453,18,61,0,7,0.026316
85,66,1003,453,18,61,0,7,0.026316
86,66,1003,453,18,61,0,7,0.026316
87,66,1003,453,18,61,0,7,0.026316
88,66,1003,453,18,61,0,7,0.026316
89,66,1003,453,18,61,0,7,0.026316
90,66,1003,453,18,61,0,7,0.026316
91,66,1003,453,18,61,0,7,0.016978
92,66,1003,453,18,61,0,7,0.016978
93,66,1003,453,18,61,0,7,0.016978
94,66,1003,453,18,61,0,7,0.016978
95,66,1003,453,18,61,0,7,0.016978
96,66,1003,453,18,61,0,7,0.016978
97,66,1003,453,18,61,0,7,0.016978
98,66,1003,453,18,61,0,7,0.016978
99,66,1003,453,18,61,0,7,0.016978
100,66,1003,453,18,61,0,7,0.016978
101,66,1003,453,18,61,0,7,0.016978
102,66,1003,453,18,61,0,7,0
103,66,1003,453,18,61,0,7,0
104,66,1003,453,18,61,0,7,0
105,66,1003,453,18,61,0,7,0
106,66,1003,453,18,61,0,7,0
107,66,1003,453,18,61,0,7,0
108,66,1003,453,18,61,0,7,0
109,66,1003,453,18,61,0,7,0
110,66,1003,453,18,61,0,7,0
111,66,1003,453,18,61,0,7,0.0025467
112,66,1003,453,18,61,0,7,0.0025467
113,66,1003,453,18,61,0,7,0.0025467
114,66,1003,453,18,61,0,7,0.0025467
115,66,1003,453,18,61,0,7,0.0025467
116,66,1003,453,18,61,0,7,0.0025467
117,66,1003,453,18,61,0,7,0.0025467
118,66,1003,453,18,61,0,7,0.0025467
119,66,1003,453,18,61,0,7,0.0025467
120,66,1003,453,18,61,0,7,0.0025467
121,66,1003,453,18,61,0,7,0.0033956
122,66,1003,453,18,61,0,7,0.0025467
123,66,1003,453,18,61,0,7,0.0025467
124,66,1003,453,18,61,0,7,0.0025467
125,66,1003,453,18,61,0,7,0.0025467
126,66,1003,453,18,61,0,7,0.0025467
127,66,1003,453,18,61,0,7,0.0025467
128,66,1003,453,18,61,0,7,0
129,66,1003,453,18,61,0,7,0
130,66,1003,453,18,61,0,7,0
131,66,1003,453,18,61,0,7,0
132,66,1003,453,18,61,0,7,0
133,66,1003,453,18,61,0,7,0.026316
134,66,1003,453,18,61,0,7,0.026316
135,66,1003,453,18,61,0,7,0.026316
136,66,1003,453,18,61,0,7,0.026316
137,66,1003,453,18,61,0,7,0.026316
138,66,1003,453,18,61,0,7,0.026316
139,66,1003,453,18,61,0,7,0.026316
140,66,1003,453,18,61,0,7,0
141,66,1003,453,18,61,0,7,0
142,66,1003,453,18,61,0,7,0
143,66,1003,453,18,61,0,7,0
144,66,1003,453,18,61,0,7,0
145,66,1003,453,18,61,0,7,0
146,66,1003,453,18,61,0,7,0
147,66,1003,453,18,61,0,7,0
148,66,1003,453,18,61,0,7,0
149,66,1003,453,18,61,0,7,0
150,66,1003,453,18,61,0,7,0
151,66,1003,453,18,61,0,7,0
152,66,1003,453,18,61,0,7,0
153,66,1003,453,18,61,0,7,0
154,66,1003,453,18,61,0,7,0
155,66,1003,453,18,61,0,7,0
156,66,1003,453,18,61,0,7,0
157,66,1003,453,18,61,0,7,0
158,66,1003,453,18,61,0,7,0
159,66,1003,453,18,61,0,7,0
160,66,1003,453,18,61,0,7,0
161,66,1003,453,18,61,0,7,0
162,66,1003,453,18,61,0,7,0
163,66,1003,453,18,61,0,7,0
164,66,1003,453,18,61,0,7,0
165,66,1003,453,18,61,0,7,0
166,66,1003,453,18,61,0,7,0
167,66,1003,453,18,61,0,7,0
168,66,1003,453,18,61,0,7,0
169,66,1003,453,18,61,0,7,0
170,66,1003,453,18,61,0,7,0
171,66,1003,453,18,61,0,7,0
172,66,1003,453,18,61,0,7,0
173,66,1003,453,18,61,0,7,0
174,66,1003,453,18,61,0,7,0
175,66,1003,453,18,61,0,7,0
176,66,1003,453,18,61,0,7,0
177,66,1003,453,18,61,0,7,0
178,66,1003,453,18,61,0,7,0
179,66,1003,453,18,61,0,7,0
180,66,1003,453,18,61,0,7,0
181,66,1003,453,18,61,0,7,0
182,66,1003,453,18,61,0,7,0
183,66,1003,453,18,61,0,7,0
184,66,1003,453,18,61,0,7,0
185,66,1003,453,18,61,0,7,0
186,66,1003,453,18,61,0,7,0
187,66,1003,453,18,61,0,7,0
188,66,1003,453,18,61,0,7,0
189,66,1003,453,18,61,0,7,0
190,66,1003,453,18,61,0,7,0
191,66,1003,453,18,61,0,7,0
192,66,1003,453,18,61,0,7,0
193,66,1003,453,18,61,0,7,0
194,66,1003,453,18,61,0,7,0
195,66,1003,453,18,61,0,7,0
196,66,1003,453,18,61,0,7,0
197,66,1003,453,18,61,0,7,0
198,66,1003,453,18,61,0,7,0
199,66,1003,453,18,61,0,7,0
200,66,1003,453,18,61,0,7,0
201,66,1003,453,18,61,0,7,0
202,66,1003,453,18,61,0,7,0
203,66,1003,453,18,61,0,7,0
204,66,1003,453,18,61,0,7,0
205,66,1003,453,18,61,0,7,0
206,66,1003,453,18,61,0,7,0
207,66,1003,453,18,61,0,7,0
208,66,1003,453,18,61,0,7,0
209,66,1003,453,18,61,0,7,0
210,66,1003,453,18,61,0,7,0
211,66,1003,453,18,61,0,7,0
212,66,1003,453,18,61,0,7,0
213,66,1003,453,18,61,0,7,0
214,66,1003,453,18,61,0,7,0
215,66,1003,453,18,61,0,7,0
216,66,1003,453,18,61,0,7,0
217,66,1003,453,18,61,0,7,0
218,66,1003,453,18,61,0,7,0
219,66,1003,453,18,61,0,7,0
220,66,1003,453,18,61,0,7,0
221,66,1003,453,18,61,0,7,0
222,66,1003,453,18,61,0,7,0
223,66,1003,453,18,61,0,7,0
224,66,1003,453,18,61,0,7,0
225,66,1003,453,18,61,0,7,0
226,66,1003,453,18,61,0,7,0
227,66,1003,453,18,61,0,7,0
228,66,1003,453,18,61,0,7,0
229,66,1003,453,18,61,0,7,0
230,66,1003,453,18,61,0,7,0
231,66,1003,453,18,61,0,7,0
232,66,1003,453,18,61,0,7,0
233,66,1003,453,18,61,0,7,0
234,66,1003,453,18,61,0,7,0
235,66,1003,453,18,61,0,7,0
236,66,1003,453,18,61,0,7,0
237,66,1003,453,18,61,0,7,0
238,66,1003,453,18,61,0,7,0
239,66,1003,453,18,61,0,7,0
240,66,1003,453,18,61,0,7,0
241,66,1003,453,18,61,0,7,0
242,66,1003,453,18,61,0,7,0
243,66,1003,453,18,61,0,7,0
244,66,1003,453,18,61,0,7,0
245,66,1003,453,18,61,0,7,0
246,66,1003,453,18,61,0,7,0
247,66,1003,453,18,61,0,7,0
248,66,1003,453,18,61,0,7,0
249,66,1003,453,18,61,0,7,0
250,66,1003,453,18,61,0,7,0
251,66,1003,453,18,61,0,7,0
252,66,1003,453,18,61,0,7,0
253,66,1003,453,18,61,0,7,0
254,66,1003,453,18,61,0,7,0
255,66,1004,453,18,61,0,7,0
256,66,1004,453,18,61,0,7,0
257,66,1004,453,18,61,0,7,0
258,66,1004,453,18,61,0,7,0
259,66,1004,453,18,61,0,7,0
260,66,1004,453,18,61,0,7,0
261,66,1004,453,18,61,0,7,0
262,66,1004,453,18,61,0,7,0
263,66,1004,453,18,61,0,7,0
264,66,1004,453,18,61,0,7,0
265,66,1004,453,18,61,0,7,0
266,66,1004,453,18,61,0,7,0
267,66,1004,453,18,61,0,7,0
268,66,1004,453,18,61,0,7,0
269,66,1004,453,18,61,0,7,0
270,66,1004,453,18,61,0,7,0
271,66,1004,453,18,61,0,7,0
272,66,1004,453,18,61,0,7,0
273,66,1004,453,18,61,0,7,0
274,66,1004,453,18,61,0,7,0
275,66,1004,453,18,61,0,7,0
276,66,1004,453,18,61,0,7,0
277,66,1004,453,18,61,0,7,0
278,66,1004,453,18,61,0,7,0
279,66,1004,453,18,61,0,7,0
280,66,1004,453,18,61,0,7,0
281,66,1004,453,18,61,0,7,0
282,66,1004,453,18,61,0,7,0
283,66,1005,453,18,61,0,7,0
284,66,1005,453,18,61,0,7,0
285,66,1005,453,18,61,0,7,0
286,66,1005,453,18,61,0,7,0
287,66,1005,453,18,61,0,7,0
288,66,1005,453,18,61,0,7,0
289,66,1005,453,18,61,0,7,0
290,66,1005,453,18,61,0,7,0
291,66,1005,453,18,61,0,7,0
292,66,1005,453,18,61,0,7,0
293,66,1005,453,18,61,0,7,0
294,66,1005,453,18,61,0,7,0
295,66,1005,453,18,61,0,7,0
296,66,1005,453,18,61,0,7,0
297,66,1005,453,18,61,0,7,0
298,66,1005,453,18,61,0,7,0
299,66,1005,453,18,61,0,7,0
300,66,1005,453,18,61,0,7,0
301,66,1005,453,18,61,0,7,0
146,67,921,441,29,93,1,1,0
147,67,921,441,29,93,1,1,0
148,67,922,441,29,93,1,1,0
149,67,923,441,29,93,1,1,0
150,67,924,441,29,93,1,1,0
151,67,925,441,29,93,1,1,0
152,67,925,441,30,93,1,1,0
153,67,926,441,30,94,1,1,0
154,67,927,441,30,94,1,1,0
155,67,928,441,30,94,1,1,0
156,67,929,441,30,94,1,1,0
157,67,930,441,29,94,1,1,0
158,67,930,441,30,94,1,1,0
159,67,931,441,30,95,1,1,0
160,67,932,441,30,95,1,1,0
161,67,933,441,30,95,1,1,0
162,67,934,441,30,95,1,1,0
163,67,934,441,31,95,1,1,0
164,67,935,441,31,95,1,1,0
165,67,936,441,31,96,1,1,0
166,67,937,441,31,96,1,1,0
167,67,938,441,30,96,1,1,0
168,67,939,441,30,96,1,1,0
169,67,939,441,31,96,1,1,0
170,67,940,441,31,96,1,1,0
171,67,941,442,31,96,1,1,0
172,67,942,442,31,96,1,1,0
173,67,943,442,31,96,1,1,0
174,67,943,442,32,96,1,1,0
175,67,944,442,32,96,1,1,0
176,67,945,442,32,96,1,1,0
177,67,946,442,31,96,1,1,0
178,67,947,442,31,97,1,1,0
179,67,948,442,31,97,1,1,0
180,67,948,442,32,97,1,1,0
181,67,949,442,32,97,1,1,0
182,67,950,442,32,97,1,1,0
183,67,951,442,32,97,1,1,0
184,67,952,442,32,98,1,1,0
185,67,952,442,33,98,1,1,0
186,67,953,442,33,98,1,1,0
187,67,954,442,32,98,1,1,0
188,67,955,442,32,98,1,1,0
189,67,956,442,32,98,1,1,0.0012244
190,67,957,442,32,99,1,1,0.0024242
191,67,957,442,33,99,1,1,0.0041176
192,67,958,442,33,99,1,1,0.0052941
193,67,959,442,33,99,1,1,0.0064706
194,67,960,442,33,99,1,1,0.0058824
195,67,961,442,33,99,1,1,0.0047059
196,67,962,443,33,99,1,1,0.0017647
197,67,962,443,33,99,1,1,0
198,67,963,443,33,99,1,1,0
199,67,964,443,33,99,1,1,0
200,67,965,443,33,99,1,1,0
201,67,966,444,33,99,1,1,0
202,67,966,444,33,99,1,1,0
203,67,967,444,33,99,1,1,0
204,67,968,444,33,99,1,1,0
205,67,969,444,33,99,1,1,0
206,67,970,445,33,99,1,1,0
207,67,970,445,33,99,1,1,0
208,67,971,445,33,99,1,1,0
209,67,972,445,33,99,1,1,0
210,67,972,445,33,99,1,1,0
211,67,973,445,33,99,1,1,0
212,67,974,445,33,99,1,1,0.057353
213,67,974,445,33,99,1,1,0.057353
214,67,975,445,33,99,1,1,0.045882
215,67,976,445,33,99,1,1,0.034412
216,67,977,445,33,99,1,1,0.029412
217,67,977,445,33,98,1,1,0
218,67,977,445,33,98,1,1,0
219,67,978,445,33,98,1,1,0
220,67,978,445,33,98,1,1,0
221,67,979,445,32,98,1,1,0
222,67,979,445,33,98,1,1,0
223,67,979,445,33,98,1,1,0
224,67,980,445,32,98,1,1,0
225,67,980,446,33,97,1,1,0
226,67,981,446,32,96,1,1,0
227,67,981,446,32,96,1,1,0
228,67,981,446,33,96,1,1,0
229,67,982,446,32,96,1,1,0
230,67,982,446,32,96,1,1,0
231,67,983,446,32,96,1,1,0
232,67,983,446,32,96,1,1,0
233,67,983,447,33,95,1,1,0
234,67,984,447,32,95,1,1,0
235,67,984,447,32,94,1,1,0
236,67,985,447,32,94,1,1,0
237,67,985,447,32,94,1,1,0
238,67,985,447,32,94,1,1,0
239,67,986,447,32,94,1,1,0
240,67,986,447,32,94,1,1,0
241,67,987,448,31,93,1,1,0
242,67,987,448,32,93,1,1,0
243,67,987,448,32,93,1,1,0
244,67,988,448,31,92,1,1,0
245,67,988,448,32,92,1,1,0
246,67,989,448,31,92,1,1,0
247,67,989,448,32,92,1,1,0
248,67,989,448,32,92,1,1,0
249,67,990,449,31,91,1,1,0
250,67,990,449,32,91,1,1,0
251,67,991,449,31,91,1,1,0
252,67,991,449,31,91,1,1,0
253,67,991,449,32,90,1,1,0
254,67,992,449,31,90,1,1,0
255,67,992,449,31,90,1,1,0
256,67,993,449,31,90,1,1,0
257,67,993,450,31,89,1,1,0
258,67,993,450,31,89,1,1,0
259,67,994,450,31,89,1,1,0
260,67,994,450,31,89,1,1,0
261,67,995,450,31,89,1,1,0
262,67,995,450,31,88,1,1,0
263,67,995,450,31,88,1,1,0
264,67,996,450,31,88,1,1,0
265,67,996,450,31,88,1,1,0
266,67,997,451,30,87,1,1,0
267,67,997,451,31,87,1,1,0
268,67,997,451,31,87,1,1,0
269,67,998,451,30,87,1,1,0
270,67,998,451,31,87,1,1,0
271,67,999,451,30,86,1,1,0
272,67,999,451,30,86,1,1,0
273,67,999,451,31,86,1,1,0
274,67,1000,452,30,85,1,1,0
275,67,1000,452,30,85,1,1,0
276,67,1001,452,30,85,1,1,0
277,67,1001,452,30,85,1,1,0
278,67,1001,452,31,85,1,1,0
279,67,1002,452,30,85,1,1,0
280,67,1002,452,30,84,1,1,0
281,67,1003,452,30,84,1,1,0
282,67,1003,453,30,83,1,1,0
283,67,1003,453,30,83,1,1,0
284,67,1004,453,30,83,1,1,0
285,67,1004,453,30,83,1,1,0
286,67,1005,453,29,83,1,1,0
287,67,1005,453,30,83,1,1,0
288,67,1005,453,30,83,1,1,0
289,67,1006,453,29,82,1,1,0
290,67,1006,454,30,81,1,1,0
291,67,1007,454,29,81,1,1,0
292,67,1007,454,30,81,1,1,0
293,67,1007,454,30,81,1,1,0
294,67,1008,454,29,81,1,1,0
295,67,1008,454,30,81,1,1,0
296,67,1009,454,29,81,1,1,0
297,67,1009,454,29,81,1,1,0
298,67,1009,455,30,79,1,1,0
299,67,1010,455,29,79,1,1,0
300,67,1010,455,29,79,1,1,0
301,67,1011,455,29,79,1,1,0
1,68,578,432,20,43,1,1,0.45779
2,68,578,431,20,43,1,1,0.45779
3,68,578,431,20,43,1,1,0.45779
4,68,578,431,20,43,1,1,0.45779
5,68,578,431,20,43,1,1,0.45779
6,68,578,431,20,43,1,1,0.45779
7,68,578,431,20,43,1,1,0.44372
8,68,578,430,20,43,1,1,0.46645
9,68,578,430,20,43,1,1,0.46645
10,68,578,430,20,43,1,1,0.46645
11,68,578,430,20,43,1,1,0.47727
12,68,578,430,20,43,1,1,0.45455
13,68,578,430,20,43,1,1,0.45455
14,68,578,429,20,43,1,1,0.47727
15,68,578,429,20,43,1,1,0.47727
16,68,578,429,20,43,1,1,0.48377
17,68,578,429,20,43,1,1,0.48377
18,68,578,429,20,43,1,1,0.48052
19,68,578,429,20,43,1,1,0.49351
20,68,578,429,20,43,1,1,0.50649
21,68,578,428,20,43,1,1,0.55195
22,68,578,428,20,43,1,1,0.54221
23,68,578,428,20,43,1,1,0.55195
24,68,578,428,20,43,1,1,0.56169
25,68,578,428,20,43,1,1,0.5368
26,68,578,428,20,43,1,1,0.51948
27,68,578,427,20,43,1,1,0.52922
28,68,578,427,20,43,1,1,0.51732
29,68,578,427,20,43,1,1,0.51732
30,68,578,427,20,43,1,1,0.51948
31,68,578,427,20,43,1,1,0.50541
32,68,578,427,20,43,1,1,0.51732
33,68,578,427,20,43,1,1,0.50541
34,68,578,426,20,43,1,1,0.52814
35,68,578,426,20,43,1,1,0.51623
36,68,578,426,20,43,1,1,0.50433
37,68,578,426,20,43,1,1,0.50433
38,68,578,426,20,43,1,1,0.49242
39,68,578,426,20,43,1,1,0.49242
40,68,578,425,20,43,1,1,0.50325
41,68,578,425,20,43,1,1,0.49134
42,68,578,425,20,43,1,1,0.47403
43,68,578,425,20,43,1,1,0.45671
44,68,578,425,20,43,1,1,0.45671
45,68,578,425,20,43,1,1,0.43939
46,68,578,425,20,43,1,1,0.43939
47,68,578,424,20,43,1,1,0.44481
48,68,578,424,20,43,1,1,0.42749
49,68,578,424,20,43,1,1,0.42749
50,68,578,424,20,43,1,1,0.41017
51,68,578,424,20,43,1,1,0.40476
52,68,578,424,20,43,1,1,0.38853
53,68,578,424,20,43,1,1,0.3539
54,68,578,424,20,43,1,1,0.31818
55,68,578,424,20,43,1,1,0.31818
56,68,578,424,20,43,1,1,0.31818
57,68,578,424,20,43,1,1,0.31818
58,68,579,424,20,43,1,1,0.31818
59,68,579,424,20,43,1,1,0.31818
60,68,579,424,20,43,1,1,0.31818
61,68,579,424,20,43,1,1,0.31818
62,68,579,424,20,43,1,1,0.31818
63,68,579,424,20,43,1,1,0.34091
64,68,579,424,20,43,1,1,0.36364
65,68,579,424,20,43,1,1,0.36364
66,68,579,424,20,43,1,1,0.38636
67,68,579,424,20,43,1,1,0.40909
68,68,579,424,20,43,1,1,0.40909
69,68,579,424,20,43,1,1,0.43182
70,68,580,424,20,43,1,1,0.45455
71,68,580,424,20,43,1,1,0.47727
72,68,580,424,20,43,1,1,0.45455
73,68,580,424,20,43,1,1,0.45455
74,68,580,423,20,43,1,1,0.47727
75,68,580,423,20,43,1,1,0.45455
76,68,580,423,20,43,1,1,0.45455
77,68,580,423,20,43,1,1,0.45455
78,68,580,423,20,43,1,1,0.43182
79,68,580,423,20,43,1,1,0.43182
80,68,580,423,20,43,1,1,0.43182
81,68,580,423,20,43,1,1,0.43182
82,68,581,423,20,43,1,1,0.43182
83,68,581,423,20,43,1,1,0.43182
84,68,581,423,20,43,1,1,0.43182
85,68,581,423,20,43,1,1,0.43182
86,68,581,423,20,43,1,1,0.45455
87,68,581,423,20,43,1,1,0.45455
88,68,581,423,20,43,1,1,0.45455
89,68,581,423,20,43,1,1,0.45455
90,68,581,423,20,43,1,1,0.45455
91,68,581,423,20,43,1,1,0.47727
92,68,581,423,20,43,1,1,0.47727
93,68,581,423,20,43,1,1,0.47727
94,68,582,423,20,43,1,1,0.47727
95,68,582,423,20,43,1,1,0.47727
96,68,582,423,20,43,1,1,0.47727
97,68,582,423,20,43,1,1,0.47727
98,68,582,423,20,43,1,1,0.47727
99,68,582,423,20,43,1,1,0.47727
100,68,582,423,20,43,1,1,0.47727
101,68,582,423,20,43,1,1,0.47727
102,68,582,422,20,43,1,1,0.30411
103,68,582,422,20,43,1,1,0.29004
104,68,582,422,20,43,1,1,0.31061
105,68,582,422,20,43,1,1,0.29545
106,68,583,422,20,43,1,1,0.27597
107,68,583,422,20,43,1,1,0.2619
108,68,583,422,20,43,1,1,0.24784
109,68,583,422,20,43,1,1,0.24784
110,68,583,422,20,43,1,1,0.23377
111,68,583,422,20,43,1,1,0.23377
112,68,583,422,20,43,1,1,0.23377
113,68,583,422,20,43,1,1,0.24784
114,68,583,422,20,43,1,1,0.2619
115,68,583,422,20,43,1,1,0.2619
116,68,583,422,20,43,1,1,0.27597
117,68,583,422,20,43,1,1,0.29004
118,68,584,422,20,43,1,1,0.26948
119,68,584,422,20,43,1,1,0.28247
120,68,584,422,20,43,1,1,0.29545
121,68,584,422,20,43,1,1,0.30844
122,68,584,422,20,43,1,1,0.28247
123,68,584,422,20,43,1,1,0.26948
124,68,584,422,20,43,1,1,0.25649
125,68,584,422,20,43,1,1,0.24351
126,68,584,422,20,43,1,1,0.23052
127,68,584,422,20,43,1,1,0.20455
128,68,584,422,20,43,1,1,0.19156
129,68,585,422,20,43,1,1,0.16558
130,68,585,422,20,43,1,1,0.15368
131,68,585,422,20,43,1,1,0.14177
132,68,585,422,20,43,1,1,0.14177
133,68,585,422,20,43,1,1,0.14177
134,68,585,422,20,43,1,1,0.15368
135,68,585,422,20,43,1,1,0.15368
136,68,585,422,20,43,1,1,0.16558
137,68,585,422,20,43,1,1,0.16558
138,68,585,422,20,43,1,1,0.16558
139,68,585,422,20,43,1,1,0.17749
140,68,585,422,20,43,1,1,0.17749
141,68,585,422,20,43,1,1,0.18939
142,68,585,422,20,43,1,1,0.18939
143,68,585,422,20,43,1,1,0.18939
144,68,585,422,20,43,1,1,0.18939
145,68,585,422,20,43,1,1,0.18939
146,68,585,422,20,43,1,1,0.18939
147,68,585,422,20,43,1,1,0.18939
148,68,585,422,20,43,1,1,0.18939
149,68,585,422,20,43,1,1,0.18939
150,68,585,422,20,43,1,1,0.18939
151,68,585,422,20,43,1,1,0.2013
152,68,585,422,20,43,1,1,0.17749
153,68,585,422,20,43,1,1,0.15368
154,68,585,422,20,43,1,1,0.14177
155,68,585,422,20,43,1,1,0.11797
156,68,585,422,20,43,1,1,0.10606
157,68,585,422,20,43,1,1,0.082251
158,68,585,422,20,43,1,1,0.058442
159,68,585,422,20,43,1,1,0.046537
160,68,585,422,20,43,1,1,0.022727
161,68,585,422,20,43,1,1,0
162,68,585,422,20,43,1,1,0
163,68,585,422,20,43,1,1,0
164,68,585,422,20,43,1,1,0
165,68,585,422,20,43,1,1,0
166,68,585,423,20,43,1,1,0
167,68,585,423,20,43,1,1,0
168,68,585,423,20,43,1,1,0
169,68,585,423,20,43,1,1,0
170,68,585,423,20,43,1,1,0
171,68,585,423,20,43,1,1,0
172,68,585,423,20,43,1,1,0
173,68,585,423,20,43,1,1,0
174,68,585,423,20,43,1,1,0
175,68,585,423,20,43,1,1,0
176,68,585,423,20,43,1,1,0
177,68,585,423,20,43,1,1,0
178,68,585,423,20,43,1,1,0
179,68,585,423,20,43,1,1,0
180,68,585,423,20,43,1,1,0
181,68,585,423,20,43,1,1,0
182,68,585,423,20,43,1,1,0
183,68,585,423,20,43,1,1,0.1342
184,68,585,423,20,43,1,1,0.30195
185,68,585,423,20,43,1,1,0.4697
186,68,585,423,20,43,1,1,0.63745
187,68,585,423,20,43,1,1,0.70563
188,68,585,423,20,43,1,1,0.70455
189,68,585,423,20,43,1,1,0.70455
190,68,585,423,20,43,1,1,0.70455
191,68,585,423,20,43,1,1,0.70455
192,68,585,423,20,43,1,1,0.68182
193,68,585,423,20,43,1,1,0.68182
194,68,585,423,20,43,1,1,0.68182
195,68,585,423,20,43,1,1,0.68182
196,68,585,423,20,43,1,1,0.68182
197,68,585,423,20,43,1,1,0.68182
198,68,585,423,20,43,1,1,0.68182
199,68,585,423,20,43,1,1,0.68182
200,68,585,423,20,43,1,1,0.68182
201,68,585,423,20,43,1,1,0.68182
202,68,586,424,20,43,1,1,0.65909
203,68,586,424,20,43,1,1,0.65909
204,68,586,424,20,43,1,1,0.65909
205,68,586,424,20,43,1,1,0.65909
206,68,586,424,20,43,1,1,0.65909
207,68,586,424,20,43,1,1,0.65909
208,68,586,425,20,43,1,1,0.63636
209,68,586,425,20,43,1,1,0.63636
210,68,586,425,20,43,1,1,0.6461
211,68,586,425,20,43,1,1,0.66991
212,68,586,425,20,43,1,1,0.64286
213,68,586,426,20,43,1,1,0.62229
214,68,586,426,20,43,1,1,0.62446
215,68,586,426,20,43,1,1,0.62554
216,68,587,426,20,43,1,1,0.62446
217,68,587,426,20,43,1,1,0.63853
218,68,587,427,20,43,1,1,0.6158
219,68,587,427,20,43,1,1,0.61688
220,68,587,427,20,43,1,1,0.61688
221,68,587,427,20,43,1,1,0.61688
222,68,587,427,20,43,1,1,0.61797
223,68,587,428,20,43,1,1,0.59524
224,68,587,428,20,43,1,1,0.59307
225,68,587,428,20,43,1,1,0.59524
226,68,587,428,20,43,1,1,0.59632
227,68,587,428,20,43,1,1,0.61364
228,68,587,428,20,43,1,1,0.61364
229,68,587,429,20,43,1,1,0.59091
230,68,588,429,20,43,1,1,0.59091
231,68,588,429,20,43,1,1,0.59091
232,68,588,429,20,43,1,1,0.57468
233,68,588,429,20,43,1,1,0.57468
234,68,588,430,20,43,1,1,0.55195
235,68,588,430,20,43,1,1,0.55844
236,68,588,430,20,43,1,1,0.56061
237,68,588,430,20,43,1,1,0.56061
238,68,588,430,20,43,1,1,0.56061
239,68,588,431,20,43,1,1,0.53788
240,68,588,431,20,43,1,1,0.54004
241,68,588,431,20,43,1,1,0.54004
242,68,588,431,20,43,1,1,0.54004
243,68,588,431,20,43,1,1,0.5487
244,68,589,432,20,43,1,1,0.53247
245,68,589,432,20,43,1,1,0.53247
246,68,589,432,20,43,1,1,0.53247
247,68,589,432,20,43,1,1,0.53571
248,68,589,432,20,43,1,1,0.54221
249,68,589,432,20,43,1,1,0.54437
250,68,590,432,20,43,1,1,0.54762
251,68,590,433,20,43,1,1,0.53463
252,68,590,433,20,43,1,1,0.53463
253,68,590,433,20,43,1,1,0.53571
254,68,590,433,20,43,1,1,0.53571
255,68,591,433,20,43,1,1,0.54113
256,68,591,433,20,43,1,1,0.5487
257,68,591,434,20,43,1,1,0.52489
258,68,591,434,20,43,1,1,0.52489
259,68,591,434,20,43,1,1,0.52489
260,68,592,434,20,43,1,1,0.5303
261,68,592,434,20,43,1,1,0.52489
262,68,592,434,20,43,1,1,0.52489
263,68,592,435,20,43,1,1,0.50216
264,68,592,435,20,43,1,1,0.4881
265,68,593,435,20,43,1,1,0.49242
266,68,593,435,20,43,1,1,0.49242
267,68,593,435,20,43,1,1,0.49242
268,68,593,435,20,43,1,1,0.49242
269,68,593,436,20,43,1,1,0.4697
270,68,594,436,20,43,1,1,0.47403
271,68,594,436,20,43,1,1,0.4697
272,68,594,436,20,43,1,1,0.4697
273,68,594,436,20,43,1,1,0.4697
274,68,594,436,20,43,1,1,0.4697
275,68,595,437,20,43,1,1,0.4513
276,68,595,437,20,43,1,1,0.4513
277,68,595,437,20,43,1,1,0.4513
278,68,595,437,20,43,1,1,0.4513
279,68,595,437,20,43,1,1,0.4513
280,68,595,437,20,43,1,1,0.4513
281,68,595,438,20,43,1,1,0.42424
282,68,595,438,20,43,1,1,0.42424
283,68,595,438,20,43,1,1,0.42424
284,68,595,438,20,43,1,1,0.42424
285,68,595,438,20,43,1,1,0.42424
286,68,595,438,20,43,1,1,0.42424
287,68,595,439,20,43,1,1,0.40152
288,68,595,439,20,43,1,1,0.40152
289,68,595,439,20,43,1,1,0.40152
290,68,595,439,20,43,1,1,0.40152
291,68,595,439,20,43,1,1,0.39719
292,68,595,439,20,43,1,1,0.40152
293,68,595,440,20,43,1,1,0.37879
294,68,595,440,20,43,1,1,0.37879
295,68,595,440,20,43,1,1,0.37879
296,68,596,440,20,43,1,1,0.38312
297,68,596,440,20,43,1,1,0.38312
298,68,596,440,20,43,1,1,0.38312
299,68,596,441,20,43,1,1,0.36039
300,68,596,441,20,43,1,1,0.36039
301,68,596,441,20,43,1,1,0.36039
1,69,596,429,18,42,1,1,0.36353
2,69,595,428,18,42,1,1,0.34517
3,69,595,428,18,42,1,1,0.34517
4,69,595,428,18,42,1,1,0.34517
5,69,595,428,18,42,1,1,0.34517
6,69,595,428,18,42,1,1,0.34517
7,69,595,428,18,42,1,1,0.32681
8,69,595,428,18,42,1,1,0.32191
9,69,595,427,18,42,1,1,0.34517
10,69,595,427,18,42,1,1,0.34517
11,69,595,427,18,42,1,1,0.34517
12,69,595,427,18,42,1,1,0.32681
13,69,595,427,18,42,1,1,0.32681
14,69,595,427,18,42,1,1,0.32191
15,69,595,427,18,42,1,1,0.32191
16,69,595,427,18,42,1,1,0.32191
17,69,595,426,18,42,1,1,0.34517
18,69,595,426,18,42,1,1,0.34517
19,69,595,426,18,42,1,1,0.34517
20,69,595,426,18,42,1,1,0.34517
21,69,595,426,18,42,1,1,0.34027
22,69,595,426,18,42,1,1,0.34027
23,69,595,426,18,42,1,1,0.34027
24,69,595,425,18,42,1,1,0.36353
25,69,595,425,18,42,1,1,0.36353
26,69,595,425,18,42,1,1,0.36353
27,69,595,425,18,42,1,1,0.35863
28,69,595,425,18,42,1,1,0.35863
29,69,595,425,18,42,1,1,0.35863
30,69,595,425,18,42,1,1,0.37699
31,69,595,425,18,42,1,1,0.35863
32,69,595,424,18,42,1,1,0.39535
33,69,595,424,18,42,1,1,0.40759
34,69,595,424,18,42,1,1,0.41738
35,69,595,424,18,42,1,1,0.44676
36,69,595,424,18,42,1,1,0.46756
37,69,595,424,18,42,1,1,0.49939
38,69,595,424,18,42,1,1,0.5153
39,69,595,423,18,42,1,1,0.56793
40,69,595,423,18,42,1,1,0.59731
41,69,595,423,18,42,1,1,0.59731
42,69,595,423,18,42,1,1,0.59731
43,69,595,423,18,42,1,1,0.59731
44,69,595,423,18,42,1,1,0.59731
45,69,595,423,18,42,1,1,0.59731
46,69,595,423,18,42,1,1,0.59731
47,69,595,423,18,42,1,1,0.59241
48,69,595,423,18,42,1,1,0.59241
49,69,595,423,18,42,1,1,0.59241
50,69,595,423,18,42,1,1,0.59241
51,69,595,423,18,42,1,1,0.59241
52,69,595,423,18,42,1,1,0.59241
53,69,595,423,18,42,1,1,0.59241
54,69,595,423,18,42,1,1,0.59241
55,69,595,423,18,42,1,1,0.5508
56,69,595,423,18,42,1,1,0.50918
57,69,595,423,18,42,1,1,0.48837
58,69,595,423,18,42,1,1,0.42962
59,69,595,423,18,42,1,1,0.388
60,69,595,423,18,42,1,1,0.34639
61,69,595,423,18,42,1,1,0.30477
62,69,595,423,18,42,1,1,0.26316
63,69,595,423,18,42,1,1,0.28029
64,69,595,423,18,42,1,1,0.29743
65,69,595,423,18,42,1,1,0.29743
66,69,595,423,18,42,1,1,0.31457
67,69,595,423,18,42,1,1,0.3317
68,69,595,423,18,42,1,1,0.3317
69,69,595,423,18,42,1,1,0.34884
70,69,595,423,18,42,1,1,0.34149
71,69,595,423,18,42,1,1,0.35741
72,69,595,423,18,42,1,1,0.34149
73,69,595,423,18,42,1,1,0.34149
74,69,595,423,18,42,1,1,0.33415
75,69,595,423,18,42,1,1,0.31824
76,69,595,423,18,42,1,1,0.31824
77,69,595,423,18,42,1,1,0.31701
78,69,595,423,18,42,1,1,0.30233
79,69,595,423,18,42,1,1,0.30233
80,69,595,423,18,42,1,1,0.30233
81,69,595,423,18,42,1,1,0.30233
82,69,595,423,18,42,1,1,0.27907
83,69,595,423,18,42,1,1,0.27907
84,69,595,423,18,42,1,1,0.27907
85,69,595,423,18,42,1,1,0.27907
86,69,595,423,18,42,1,1,0.29376
87,69,595,423,18,42,1,1,0.29376
88,69,595,423,18,42,1,1,0.29376
89,69,595,423,18,42,1,1,0.29376
90,69,595,423,18,42,1,1,0.29376
91,69,595,423,18,42,1,1,0.30845
92,69,595,423,18,42,1,1,0.30845
93,69,595,423,18,42,1,1,0.30845
94,69,595,423,18,42,1,1,0.28274
95,69,595,423,18,42,1,1,0.28274
96,69,595,423,18,42,1,1,0.28274
97,69,595,423,18,42,1,1,0.28274
98,69,595,423,18,42,1,1,0.28274
99,69,595,423,18,42,1,1,0.28274
100,69,595,423,18,42,1,1,0.28274
101,69,595,423,18,42,1,1,0.28274
102,69,595,423,18,42,1,1,0.26928
103,69,595,423,18,42,1,1,0.25581
104,69,596,423,18,42,1,1,0.27907
105,69,596,423,18,42,1,1,0.26438
106,69,596,423,18,42,1,1,0.24235
107,69,596,423,18,42,1,1,0.22889
108,69,596,423,18,42,1,1,0.21542
109,69,596,423,18,42,1,1,0.21542
110,69,596,423,18,42,1,1,0.20196
111,69,596,423,18,42,1,1,0.20196
112,69,596,423,18,42,1,1,0.20196
113,69,596,423,18,42,1,1,0.21542
114,69,596,423,18,42,1,1,0.22889
115,69,596,423,18,42,1,1,0.22889
116,69,596,423,18,42,1,1,0.24235
117,69,596,423,18,42,1,1,0.25581
118,69,596,423,18,42,1,1,0.23256
119,69,596,423,18,42,1,1,0.2448
120,69,596,423,18,42,1,1,0.25704
121,69,596,423,18,42,1,1,0.26928
122,69,596,423,18,42,1,1,0.2448
123,69,596,423,18,42,1,1,0.23256
124,69,596,423,18,42,1,1,0.22032
125,69,596,423,18,42,1,1,0.20808
126,69,596,423,18,42,1,1,0.19584
127,69,596,423,18,42,1,1,0.17136
128,69,596,423,18,42,1,1,0.15912
129,69,596,423,18,42,1,1,0.13219
130,69,596,423,18,42,1,1,0.12118
131,69,596,423,18,42,1,1,0.11016
132,69,596,423,18,42,1,1,0.11016
133,69,596,423,18,42,1,1,0.11016
134,69,596,423,18,42,1,1,0.12118
135,69,596,423,18,42,1,1,0.12118
136,69,596,423,18,42,1,1,0.13219
137,69,596,423,18,42,1,1,0.13219
138,69,596,423,18,42,1,1,0.13219
139,69,596,423,18,42,1,1,0.14321
140,69,596,423,18,42,1,1,0.14321
141,69,596,423,18,42,1,1,0.15422
142,69,596,423,18,42,1,1,0.15422
143,69,596,423,18,42,1,1,0.15422
144,69,596,423,18,42,1,1,0.15422
145,69,596,423,18,42,1,1,0.15422
146,69,596,423,18,42,1,1,0.15422
147,69,596,423,18,42,1,1,0.15422
148,69,596,423,18,42,1,1,0.15422
149,69,596,423,18,42,1,1,0.15422
150,69,596,423,18,42,1,1,0.15422
151,69,596,423,18,42,1,1,0.16524
152,69,596,423,18,42,1,1,0.14321
153,69,596,423,18,42,1,1,0.12118
154,69,596,423,18,42,1,1,0.11016
155,69,596,423,18,42,1,1,0.088127
156,69,596,423,18,42,1,1,0.077111
157,69,596,423,18,42,1,1,0.05508
158,69,596,423,18,42,1,1,0.033048
159,69,596,423,18,42,1,1,0.022032
160,69,596,423,18,42,1,1,0
161,69,597,423,18,42,1,1,0
162,69,597,423,18,42,1,1,0
163,69,597,423,18,42,1,1,0
164,69,597,423,18,42,1,1,0
165,69,597,423,18,42,1,1,0
166,69,597,423,18,42,1,1,0
167,69,597,423,18,42,1,1,0
168,69,597,423,18,42,1,1,0
169,69,597,423,18,42,1,1,0
170,69,597,423,18,42,1,1,0
171,69,597,423,18,42,1,1,0
172,69,597,423,18,42,1,1,0
173,69,597,423,18,42,1,1,0
174,69,597,423,18,42,1,1,0
175,69,597,423,18,42,1,1,0
176,69,597,423,18,42,1,1,0
177,69,597,423,18,42,1,1,0
178,69,597,423,18,42,1,1,0
179,69,597,423,18,42,1,1,0
180,69,597,423,18,42,1,1,0
181,69,597,423,18,42,1,1,0
182,69,597,423,18,42,1,1,0
183,69,597,423,18,42,1,1,0
184,69,597,423,18,42,1,1,0
185,69,597,423,18,42,1,1,0
186,69,597,423,18,42,1,1,0
187,69,597,423,18,42,1,1,0.1175
188,69,597,423,18,42,1,1,0.30355
189,69,597,423,18,42,1,1,0.37944
190,69,597,423,18,42,1,1,0.37944
191,69,597,423,18,42,1,1,0.37944
192,69,597,423,18,42,1,1,0.3672
193,69,597,423,18,42,1,1,0.3672
194,69,597,423,18,42,1,1,0.3672
195,69,597,423,18,42,1,1,0.3672
196,69,597,423,18,42,1,1,0.3672
197,69,597,423,18,42,1,1,0.3672
198,69,597,423,18,42,1,1,0.3672
199,69,597,423,18,42,1,1,0.3672
200,69,597,423,18,42,1,1,0.3672
201,69,597,423,18,42,1,1,0.3672
202,69,597,423,18,42,1,1,0.34272
203,69,597,423,18,42,1,1,0.34272
204,69,597,423,18,42,1,1,0.34272
205,69,597,423,18,42,1,1,0.34272
206,69,597,423,18,42,1,1,0.34272
207,69,597,423,18,42,1,1,0.34272
208,69,597,423,18,42,1,1,0.35496
209,69,597,423,18,42,1,1,0.35496
210,69,597,423,18,42,1,1,0.35496
211,69,597,423,18,42,1,1,0.36597
212,69,597,423,18,42,1,1,0.35496
213,69,597,423,18,42,1,1,0.3672
214,69,597,423,18,42,1,1,0.3672
215,69,597,423,18,42,1,1,0.3672
216,69,597,423,18,42,1,1,0.33415
217,69,597,423,18,42,1,1,0.34394
218,69,598,424,18,42,1,1,0.3672
219,69,598,424,18,42,1,1,0.37576
220,69,598,424,18,42,1,1,0.37576
221,69,598,424,18,42,1,1,0.38433
222,69,598,424,18,42,1,1,0.37454
223,69,598,424,18,42,1,1,0.37944
224,69,598,425,18,42,1,1,0.34517
225,69,598,425,18,42,1,1,0.34517
226,69,598,425,18,42,1,1,0.33415
227,69,599,425,18,42,1,1,0.35618
228,69,599,425,18,42,1,1,0.36597
229,69,599,426,18,42,1,1,0.35129
230,69,599,426,18,42,1,1,0.31946
231,69,599,426,18,42,1,1,0.33415
232,69,599,426,18,42,1,1,0.34394
233,69,599,426,18,42,1,1,0.35129
234,69,599,426,18,42,1,1,0.37332
235,69,600,427,18,42,1,1,0.39045
236,69,600,427,18,42,1,1,0.39045
237,69,600,427,18,42,1,1,0.39045
238,69,600,427,18,42,1,1,0.38923
239,69,600,427,18,42,1,1,0.40024
240,69,600,428,18,42,1,1,0.37576
241,69,600,428,18,42,1,1,0.37576
242,69,600,428,18,42,1,1,0.37576
243,69,601,428,18,42,1,1,0.41983
244,69,601,428,18,42,1,1,0.39902
245,69,601,428,18,42,1,1,0.39902
246,69,601,429,18,42,1,1,0.37576
247,69,601,429,18,42,1,1,0.37576
248,69,601,429,18,42,1,1,0.37576
249,69,601,429,18,42,1,1,0.37576
250,69,601,429,18,42,1,1,0.34517
251,69,602,430,18,42,1,1,0.37332
252,69,602,430,18,42,1,1,0.37332
253,69,602,430,18,42,1,1,0.37454
254,69,602,430,18,42,1,1,0.37576
255,69,602,430,18,42,1,1,0.34517
256,69,602,431,18,42,1,1,0.33293
257,69,603,431,18,42,1,1,0.37576
258,69,603,431,18,42,1,1,0.37576
259,69,603,431,18,42,1,1,0.37576
260,69,603,431,18,42,1,1,0.34517
261,69,603,432,18,42,1,1,0.32191
262,69,603,432,18,42,1,1,0.32191
263,69,604,432,18,42,1,1,0.36353
264,69,604,432,18,42,1,1,0.35251
265,69,604,432,18,42,1,1,0.32436
266,69,604,433,18,42,1,1,0.3011
267,69,604,433,18,42,1,1,0.29988
268,69,604,433,18,42,1,1,0.29988
269,69,605,433,18,42,1,1,0.33905
270,69,605,433,18,42,1,1,0.31212
271,69,605,434,18,42,1,1,0.28886
272,69,605,434,18,42,1,1,0.28886
273,69,605,434,18,42,1,1,0.28886
274,69,605,434,18,42,1,1,0.28886
275,69,606,434,18,42,1,1,0.3011
276,69,606,435,18,42,1,1,0.28397
277,69,606,435,18,42,1,1,0.28397
278,69,606,435,18,42,1,1,0.28397
279,69,606,435,18,42,1,1,0.28397
280,69,606,435,18,42,1,1,0.28397
1,70,1036,453,25,67,1,1,0.08767
2,70,1035,452,25,67,1,1,0.08767
3,70,1035,452,25,67,1,1,0.08767
4,70,1035,452,25,67,1,1,0.08767
5,70,1035,452,24,67,1,1,0.072941
6,70,1034,451,25,68,1,1,0.071349
7,70,1034,451,25,68,1,1,0.071349
8,70,1034,451,25,68,1,1,0.071349
9,70,1034,451,24,67,1,1,0.056471
10,70,1034,451,24,67,1,1,0.056471
11,70,1033,450,25,68,1,1,0.055184
12,70,1033,450,24,68,1,1,0.057391
13,70,1033,450,24,68,1,1,0.057391
14,70,1033,450,24,68,1,1,0.057391
15,70,1033,450,24,68,1,1,0.057391
16,70,1032,449,24,68,1,1,0.03942
17,70,1031,449,24,68,1,1,0.01971
18,70,1030,449,24,68,1,1,0
19,70,1029,449,24,68,1,1,0
20,70,1028,448,24,69,1,1,0
21,70,1027,448,24,69,1,1,0
22,70,1026,448,24,69,1,1,0
23,70,1026,448,24,69,1,1,0
24,70,1026,448,24,69,1,1,0
25,70,1026,448,24,69,1,1,0
26,70,1026,448,24,69,1,1,0
27,70,1026,448,24,69,1,1,0
28,70,1026,448,24,69,1,1,0
29,70,1026,448,24,69,1,1,0
30,70,1026,448,24,69,1,1,0
31,70,1026,448,24,69,1,1,0
32,70,1026,448,24,69,1,1,0
33,70,1027,449,24,69,1,1,0
34,70,1027,449,24,69,1,1,0
35,70,1027,449,24,69,1,1,0
36,70,1027,449,24,69,1,1,0
37,70,1027,449,24,69,1,1,0
38,70,1027,449,24,69,1,1,0
39,70,1027,449,24,69,1,1,0.04
40,70,1027,449,24,69,1,1,0.04
41,70,1027,449,24,69,1,1,0.04
42,70,1028,450,24,69,1,1,0.08
43,70,1027,450,24,69,1,1,0.08
44,70,1027,450,24,69,1,1,0.08
45,70,1027,450,24,69,1,1,0.08
46,70,1027,450,24,69,1,1,0.042286
47,70,1027,450,24,69,1,1,0.044571
48,70,1027,450,24,69,1,1,0.0085714
49,70,1027,450,24,69,1,1,0.0068571
50,70,1027,450,24,69,1,1,0.0091429
51,70,1027,450,24,69,1,1,0.0091429
52,70,1027,450,24,69,1,1,0.0091429
53,70,1026,450,24,69,1,1,0.0068571
54,70,1026,450,24,69,1,1,0.0091429
55,70,1026,450,24,69,1,1,0.0091429
56,70,1026,450,24,69,1,1,0.0091429
57,70,1026,450,24,69,1,1,0.011429
58,70,1026,451,24,69,1,1,0.0085714
59,70,1026,451,24,69,1,1,0.0085714
60,70,1026,451,24,69,1,1,0.0085714
61,70,1026,451,24,69,1,1,0.0085714
62,70,1026,451,24,69,1,1,0.010286
63,70,1025,451,24,69,1,1,0.0085714
64,70,1025,451,24,69,1,1,0.0085714
65,70,1025,451,24,69,1,1,0.0085714
66,70,1025,451,24,69,1,1,0.0085714
67,70,1025,451,24,69,1,1,0.0085714
68,70,1025,451,24,69,1,1,0.0085714
69,70,1025,451,24,69,1,1,0.0085714
70,70,1025,451,24,69,1,1,0.0085714
71,70,1025,451,24,69,1,1,0.0085714
72,70,1025,451,24,69,1,1,0.0085714
73,70,1025,452,24,69,1,1,0.0057143
74,70,1024,451,24,69,1,1,0.0068571
75,70,1024,451,24,69,1,1,0.0068571
76,70,1023,451,24,69,1,1,0.0051429
77,70,1023,451,24,69,1,1,0.083429
78,70,1023,451,24,69,1,1,0.083429
79,70,1022,451,24,69,1,1,0.12
80,70,1022,451,24,69,1,1,0.12
81,70,1022,451,24,69,1,1,0.12
82,70,1020,451,24,69,1,1,0.04
83,70,1019,451,24,69,1,1,0
84,70,1017,451,24,69,1,1,0
85,70,1016,451,24,69,1,1,0
86,70,1015,451,24,69,1,1,0
87,70,1013,451,24,69,1,1,0
88,70,1012,451,24,69,1,1,0
89,70,1011,451,24,69,1,1,0
90,70,1009,451,24,69,1,1,0
91,70,1008,451,24,69,1,1,0
92,70,1007,451,24,69,1,1,0
93,70,1006,451,24,69,1,1,0
94,70,1006,451,24,69,1,1,0
95,70,1006,451,24,69,1,1,0
96,70,1005,451,24,69,1,1,0
97,70,1005,451,24,69,1,1,0
98,70,1005,451,24,69,1,1,0
99,70,1004,452,24,69,1,1,0
100,70,1004,452,24,69,1,1,0
101,70,1004,452,24,69,1,1,0.018286
102,70,1003,452,24,69,1,1,0.036571
103,70,1003,452,24,69,1,1,0.036571
104,70,1003,452,24,69,1,1,0.036571
105,70,1002,453,24,69,1,1,0.053143
106,70,1002,453,24,69,1,1,0.053143
107,70,1002,453,24,69,1,1,0.053143
108,70,1001,453,24,69,1,1,0.070857
109,70,1001,453,24,69,1,1,0.070857
110,70,1001,453,24,69,1,1,0.070857
111,70,1001,454,24,69,1,1,0.085714
112,70,1000,454,24,69,1,1,0.10286
113,70,999,454,24,69,1,1,0.12
114,70,998,454,24,69,1,1,0.13714
115,70,998,454,23,69,1,1,0.14286
116,70,997,454,23,69,1,1,0.16071
117,70,996,454,24,69,1,1,0.17143
118,70,995,454,24,69,1,1,0.18857
119,70,995,454,23,70,1,1,0.19366
120,70,994,454,23,70,1,1,0.21127
121,70,993,454,23,70,1,1,0.24648
122,70,992,454,24,70,1,1,0.23662
123,70,992,454,23,70,1,1,0.24648
124,70,991,454,23,70,1,1,0.26408
125,70,990,454,23,70,1,1,0.28169
126,70,989,454,23,70,1,1,0.2993
127,70,989,454,23,71,1,1,0.29514
128,70,987,453,23,71,1,1,0.28704
129,70,986,453,23,71,1,1,0.2691
130,70,984,453,23,71,1,1,0.25116
131,70,983,453,23,71,1,1,0.21528
132,70,981,452,23,71,1,1,0.22222
133,70,980,452,23,71,1,1,0.2037
134,70,978,452,23,71,1,1,0.16667
135,70,977,452,23,71,1,1,0.14815
136,70,975,451,23,71,1,1,0.11458
137,70,974,451,23,71,1,1,0.095486
138,70,972,451,23,71,1,1,0.057292
139,70,971,451,23,71,1,1,0.038194
140,70,969,450,23,71,1,1,0
141,70,968,450,23,71,1,1,0
142,70,966,450,23,71,1,1,0
143,70,965,450,23,71,1,1,0
144,70,964,450,23,71,1,1,0
145,70,964,450,23,71,1,1,0
146,70,963,450,23,71,1,1,0
147,70,963,450,23,71,1,1,0
148,70,963,450,23,72,1,1,0
149,70,962,451,23,71,1,1,0
150,70,962,451,23,71,1,1,0
151,70,962,451,23,71,1,1,0
152,70,961,451,23,71,1,1,0
153,70,961,451,23,72,1,1,0
154,70,961,451,23,72,1,1,0
155,70,960,452,23,71,1,1,0
156,70,960,452,23,71,1,1,0
157,70,960,452,23,72,1,1,0
158,70,959,452,23,72,1,1,0
159,70,959,452,23,72,1,1,0
160,70,958,453,23,71,1,1,0
161,70,958,453,23,71,1,1,0
162,70,958,453,23,72,1,1,0
163,70,957,453,23,72,1,1,0
164,70,957,453,23,72,1,1,0
165,70,957,453,23,72,1,1,0
166,70,956,454,23,71,1,1,0
167,70,956,454,23,72,1,1,0
168,70,956,454,23,72,1,1,0
169,70,955,454,23,72,1,1,0
170,70,955,454,23,72,1,1,0
171,70,955,455,23,72,1,1,0
172,70,954,455,23,72,1,1,0
173,70,953,455,23,72,1,1,0
174,70,953,455,23,72,1,1,0
175,70,952,455,23,72,1,1,0
176,70,952,455,22,72,1,1,0
177,70,951,455,23,72,1,1,0
178,70,951,455,22,72,1,1,0
179,70,950,455,22,72,1,1,0
180,70,950,455,22,72,1,1,0
181,70,949,455,22,72,1,1,0
182,70,949,456,22,71,1,1,0
183,70,948,456,22,71,1,1,0
184,70,947,456,22,71,1,1,0
185,70,947,456,22,71,1,1,0
186,70,946,456,22,71,1,1,0
187,70,946,456,21,71,1,1,0
188,70,945,456,22,71,1,1,0
189,70,945,456,21,71,1,1,0
190,70,944,456,21,71,1,1,0
191,70,944,456,21,71,1,1,0
192,70,943,456,21,71,1,1,0
193,70,943,457,21,70,1,1,0
194,70,942,457,21,70,1,1,0.034571
195,70,941,457,21,70,1,1,0.086428
196,70,940,457,21,70,1,1,0.121
197,70,940,457,21,70,1,1,0.017286
198,70,939,457,21,70,1,1,0
199,70,938,457,21,70,1,1,0
200,70,938,457,21,70,1,1,0
201,70,937,457,21,70,1,1,0
202,70,936,457,21,70,1,1,0
203,70,935,457,21,70,1,1,0
204,70,935,457,21,70,1,1,0
205,70,934,457,21,70,1,1,0
206,70,933,457,21,70,1,1,0
91,71,987,473,21,43,1,1,0.19318
92,71,986,473,21,43,1,1,0.20455
93,71,986,473,21,43,1,1,0.20455
94,71,986,473,21,43,1,1,0.20455
95,71,985,473,21,43,1,1,0.21591
96,71,985,473,21,43,1,1,0.21591
97,71,985,473,21,43,1,1,0.21591
98,71,984,473,21,43,1,1,0.22727
99,71,984,473,21,43,1,1,0.22727
100,71,984,473,21,43,1,1,0.22727
101,71,983,473,21,43,1,1,0.23864
102,71,983,473,21,43,1,1,0.22727
103,71,983,474,21,43,1,1,0.20661
104,71,982,474,21,43,1,1,0.21694
105,71,981,474,21,43,1,1,0.21694
106,71,980,474,21,43,1,1,0.22727
107,71,980,474,21,43,1,1,0.22727
108,71,979,474,21,43,1,1,0.22727
109,71,978,474,21,43,1,1,0.22727
110,71,977,474,21,43,1,1,0.22727
111,71,977,474,21,43,1,1,0.22727
112,71,976,474,21,43,1,1,0.21694
113,71,975,474,21,43,1,1,0.19628
114,71,974,474,21,43,1,1,0.18595
115,71,974,474,21,43,1,1,0.18595
116,71,973,474,21,43,1,1,0.17562
117,71,972,474,21,43,1,1,0.15496
118,71,971,474,21,43,1,1,0.14463
119,71,971,475,21,43,1,1,0.13017
120,71,969,475,21,43,1,1,0.11157
121,71,968,475,21,43,1,1,0.092975
122,71,967,475,21,43,1,1,0.07438
123,71,966,475,21,43,1,1,0.055785
124,71,965,475,21,43,1,1,0.03719
125,71,964,475,21,43,1,1,0.0092975
126,71,962,475,21,43,1,1,0
127,71,961,475,21,43,1,1,0
128,71,960,475,21,43,1,1,0
129,71,959,475,21,43,1,1,0
130,71,958,475,21,43,1,1,0
131,71,957,476,21,43,1,1,0
132,71,956,475,21,43,1,1,0
133,71,955,475,21,43,1,1,0
134,71,955,475,21,43,1,1,0
135,71,954,475,21,43,1,1,0
136,71,953,475,21,43,1,1,0
137,71,953,475,21,43,1,1,0
138,71,952,475,21,43,1,1,0.018595
139,71,951,475,21,43,1,1,0.03719
140,71,951,475,21,43,1,1,0.046488
141,71,950,475,21,43,1,1,0.065083
142,71,949,475,21,43,1,1,0.07438
143,71,949,475,21,43,1,1,0.07438
144,71,948,475,21,43,1,1,0.065083
145,71,948,475,21,43,1,1,0.065083
146,71,947,475,21,43,1,1,0.055785
147,71,946,475,21,43,1,1,0.046488
148,71,945,475,21,43,1,1,0.046488
149,71,944,475,21,43,1,1,0.03719
150,71,943,475,21,43,1,1,0.018595
1,72,663,451,34,86,1,1,0.05977
2,72,664,451,34,85,1,1,0.074086
3,72,665,451,34,85,1,1,0.076412
4,72,666,451,34,85,1,1,0.090033
5,72,667,451,34,85,1,1,0.092359
6,72,668,451,34,85,1,1,0.10365
7,72,669,451,34,85,1,1,0.10598
8,72,671,451,34,85,1,1,0.13322
9,72,672,451,34,85,1,1,0.13555
10,72,673,451,34,85,1,1,0.14917
11,72,674,451,34,85,1,1,0.15216
12,72,675,451,34,85,1,1,0.15548
13,72,676,451,34,85,1,1,0.15714
14,72,677,451,34,85,1,1,0.1588
15,72,679,451,34,85,1,1,0.16977
16,72,680,451,34,85,1,1,0.16844
17,72,681,451,34,85,1,1,0.16844
18,72,682,451,34,85,1,1,0.16844
19,72,683,451,34,85,1,1,0.16844
20,72,684,451,34,85,1,1,0.16844
21,72,686,451,34,85,1,1,0.17807
22,72,687,450,34,86,1,1,0.1977
23,72,688,450,34,86,1,1,0.19639
24,72,689,450,34,86,1,1,0.19507
25,72,690,450,34,87,1,1,0.19156
26,72,691,450,34,87,1,1,0.19221
27,72,693,450,33,87,1,1,0.19352
28,72,694,450,34,87,1,1,0.21266
29,72,695,449,34,89,1,1,0.21905
30,72,696,449,34,89,1,1,0.2219
31,72,697,449,34,89,1,1,0.2219
32,72,698,449,34,89,1,1,0.2219
33,72,700,449,33,90,1,1,0.21913
34,72,701,449,33,90,1,1,0.21622
35,72,702,449,34,90,1,1,0.23203
36,72,703,448,34,91,1,1,0.23696
37,72,704,448,34,92,1,1,0.23103
38,72,706,448,33,92,1,1,0.23371
39,72,707,448,33,92,1,1,0.23023
40,72,708,448,33,92,1,1,0.22676
41,72,709,448,33,93,1,1,0.23154
42,72,710,448,34,93,1,1,0.22948
43,72,711,447,34,94,1,1,0.23008
44,72,713,447,33,94,1,1,0.22539
45,72,714,447,33,95,1,1,0.21507
46,72,715,447,33,95,1,1,0.20711
47,72,716,447,33,95,1,1,0.19945
48,72,717,447,33,95,1,1,0.19118
49,72,719,447,33,96,1,1,0.18981
50,72,720,447,33,96,1,1,0.18132
51,72,721,447,33,96,1,1,0.17677
52,72,722,447,33,96,1,1,0.11977
53,72,723,447,33,96,1,1,0.12068
54,72,724,447,33,96,1,1,0.12068
55,72,725,447,33,96,1,1,0.12098
56,72,726,447,33,96,1,1,0.12098
57,72,727,447,33,96,1,1,0.12068
58,72,729,447,33,96,1,1,0.11037
59,72,730,447,33,96,1,1,0.10673
60,72,731,447,33,96,1,1,0.098545
61,72,732,447,33,96,1,1,0.089448
62,72,733,447,33,96,1,1,0.087326
63,72,734,448,33,96,1,1,0.073378
64,72,735,448,33,96,1,1,0.067314
65,72,736,448,33,96,1,1,0.064585
66,72,737,448,33,96,1,1,0.067617
67,72,739,448,33,96,1,1,0.064888
68,72,740,448,33,96,1,1,0.062159
69,72,741,448,33,96,1,1,0.062159
70,72,742,448,33,96,1,1,0.058824
71,72,743,448,33,96,1,1,0.060036
72,72,744,448,33,96,1,1,0.054882
73,72,745,448,33,96,1,1,0.051546
74,72,746,448,33,96,1,1,0.051243
75,72,747,448,33,96,1,1,0.048514
76,72,749,449,33,96,1,1,0.046089
77,72,749,449,33,96,1,1,0.049121
78,72,750,449,33,96,1,1,0.05185
79,72,751,449,33,96,1,1,0.05185
80,72,752,449,33,96,1,1,0.05185
81,72,753,449,33,96,1,1,0.049121
82,72,754,449,33,96,1,1,0.041237
83,72,755,449,33,96,1,1,0.038811
84,72,756,449,32,96,1,1,0.030615
85,72,757,449,32,96,1,1,0.028429
86,72,757,449,33,96,1,1,0.032141
87,72,758,449,33,96,1,1,0.018193
88,72,759,449,33,96,1,1,0.014554
89,72,760,449,33,96,1,1,0.0075804
90,72,761,449,33,96,1,1,0.0060643
91,72,762,449,33,96,1,1,0.0030321
92,72,763,449,32,96,1,1,0
93,72,764,449,32,96,1,1,0
94,72,765,449,32,96,1,1,0
95,72,766,449,32,96,1,1,0
96,72,766,449,33,96,1,1,0
97,72,767,449,33,96,1,1,0
98,72,768,449,33,96,1,1,0
99,72,769,449,33,96,1,1,0
100,72,770,449,32,96,1,1,0
101,72,771,449,32,96,1,1,0
102,72,772,449,32,96,1,1,0
103,72,773,449,32,96,1,1,0
104,72,774,449,32,96,1,1,0
105,72,775,449,32,96,1,1,0
106,72,775,449,33,96,1,1,0
107,72,776,449,33,96,1,1,0
108,72,777,449,32,96,1,1,0
109,72,778,449,32,96,1,1,0
110,72,779,449,32,96,1,1,0
111,72,780,449,32,96,1,1,0
112,72,781,449,32,96,1,1,0
113,72,782,449,32,96,1,1,0
114,72,783,449,32,96,1,1,0
115,72,784,449,32,96,1,1,0
116,72,784,449,32,95,1,1,0
117,72,785,449,32,95,1,1,0.00094697
118,72,785,449,32,94,1,1,0.0038278
119,72,786,449,32,94,1,1,0.0066986
120,72,787,449,31,94,1,1,0.0098684
121,72,787,449,32,93,1,1,0.011605
122,72,788,449,32,93,1,1,0.01354
123,72,788,449,32,92,1,1,0.016618
124,72,789,449,32,92,1,1,0.018573
125,72,790,449,31,92,1,1,0.019153
126,72,790,449,32,91,1,1,0.020751
127,72,791,449,31,91,1,1,0.014266
128,72,792,450,31,90,1,1,0.0075549
129,72,792,450,32,89,1,1,0.0077441
130,72,793,450,31,89,1,1,0.0083333
131,72,793,450,32,88,1,1,0
132,72,794,450,31,88,1,1,0
133,72,795,450,31,88,1,1,0
134,72,795,450,31,87,1,1,0
135,72,796,450,31,87,1,1,0
136,72,796,450,32,86,1,1,0
137,72,797,450,31,86,1,1,0.0093391
138,72,798,450,31,86,1,1,0.056034
139,72,798,450,31,85,1,1,0.12282
140,72,799,450,31,85,1,1,0.085029
141,72,800,451,31,84,1,1,0.045956
142,72,799,452,32,83,1,1,0
143,72,799,453,33,82,1,1,0
144,72,798,454,34,81,1,1,0
145,72,798,456,35,79,1,1,0
146,72,797,457,36,78,1,1,0
147,72,797,458,37,77,1,1,0
148,72,797,459,37,76,1,1,0
149,72,796,461,39,74,1,1,0
150,72,796,462,39,73,1,1,0
151,72,795,463,41,72,1,1,0
152,72,795,464,41,71,1,1,0
112,73,554,456,21,56,1,1,0
113,73,553,455,21,56,1,1,0
114,73,553,455,21,56,1,1,0
115,73,553,455,21,56,1,1,0
116,73,553,455,21,56,1,1,0
117,73,552,455,21,56,1,1,0
118,73,552,455,21,56,1,1,0
119,73,552,455,21,56,1,1,0.00079745
120,73,552,455,21,56,1,1,0.0023923
121,73,551,455,22,56,1,1,0.0045767
122,73,551,455,21,55,1,1,0.0064935
123,73,551,455,21,55,1,1,0.05276
124,73,551,455,21,55,1,1,0.05276
125,73,550,455,22,55,1,1,0.051242
126,73,550,455,21,55,1,1,0.053571
127,73,550,455,21,55,1,1,0.053571
128,73,550,455,21,55,1,1,0.053571
129,73,549,455,22,55,1,1,0.052019
130,73,549,455,22,55,1,1,0.052019
131,73,549,454,21,55,1,1,0.063312
132,73,549,454,21,55,1,1,0.061688
133,73,548,454,22,55,1,1,0.060559
134,73,548,454,22,55,1,1,0.060559
135,73,548,454,21,55,1,1,0.063312
136,73,548,454,21,55,1,1,0.063312
137,73,547,454,22,55,1,1,0.060559
138,73,547,454,22,55,1,1,0.060559
139,73,547,454,22,55,1,1,0.060559
140,73,547,454,21,54,1,1,0.063636
141,73,546,454,22,54,1,1,0.062451
142,73,546,454,22,54,1,1,0.06087
143,73,546,454,22,54,1,1,0.10277
144,73,546,454,21,54,1,1,0.10744
145,73,545,454,22,54,1,1,0.14625
146,73,545,454,22,54,1,1,0.14625
147,73,545,454,22,54,1,1,0.14466
148,73,545,454,22,54,1,1,0.18656
149,73,544,454,22,54,1,1,0.18814
150,73,544,454,22,54,1,1,0.14308
151,73,544,454,22,54,1,1,0.056126
152,73,544,454,22,54,1,1,0.011067
153,73,544,454,22,54,1,1,0.0079051
154,73,544,454,22,54,1,1,0.0047431
155,73,544,454,22,54,1,1,0.0031621
156,73,544,454,22,54,1,1,0
157,73,543,454,22,54,1,1,0
158,73,543,454,22,54,1,1,0
159,73,543,454,22,54,1,1,0
160,73,543,454,22,54,1,1,0
161,73,543,454,22,54,1,1,0
162,73,543,454,22,54,1,1,0
163,73,543,454,22,54,1,1,0
164,73,543,454,22,54,1,1,0
165,73,542,454,22,54,1,1,0
166,73,542,454,22,54,1,1,0
167,73,542,454,22,54,1,1,0
168,73,542,454,22,54,1,1,0
169,73,542,454,22,54,1,1,0
170,73,542,454,22,54,1,1,0
171,73,542,454,22,54,1,1,0
172,73,542,454,22,54,1,1,0
173,73,541,454,22,54,1,1,0.0071146
174,73,541,454,22,54,1,1,0.10119
175,73,541,454,22,54,1,1,0.057708
176,73,541,454,22,54,1,1,0.057708
177,73,541,454,22,54,1,1,0.098814
178,73,541,454,22,54,1,1,0.055336
179,73,541,454,22,54,1,1,0.055336
180,73,541,454,22,54,1,1,0.055336
181,73,540,454,22,54,1,1,0.059289
182,73,540,454,22,54,1,1,0.057708
183,73,540,454,22,54,1,1,0.057708
184,73,540,454,22,54,1,1,0.057708
185,73,540,454,22,54,1,1,0.057708
186,73,540,454,22,54,1,1,0.057708
187,73,540,454,22,54,1,1,0.057708
188,73,540,454,22,54,1,1,0.057708
189,73,539,454,22,54,1,1,0.059289
190,73,539,454,22,54,1,1,0.059289
191,73,539,454,22,54,1,1,0.059289
192,73,539,454,22,54,1,1,0.056126
193,73,539,454,22,54,1,1,0.056126
194,73,539,454,22,54,1,1,0.056126
195,73,539,454,22,54,1,1,0.01581
196,73,539,454,22,54,1,1,0.01581
197,73,539,455,22,54,1,1,0.0094862
198,73,538,455,22,54,1,1,0.0094862
199,73,538,455,22,54,1,1,0.0094862
200,73,538,455,22,54,1,1,0.0094862
201,73,538,455,22,54,1,1,0.0094862
202,73,537,455,22,54,1,1,0.0094862
203,73,537,455,22,54,1,1,0.0094862
204,73,537,455,22,54,1,1,0.0094862
205,73,537,455,22,54,1,1,0.0071146
206,73,536,455,22,54,1,1,0.013439
207,73,536,455,22,54,1,1,0.013439
208,73,536,455,22,54,1,1,0.011858
209,73,536,455,22,54,1,1,0.011858
210,73,535,455,22,54,1,1,0.012648
211,73,535,455,22,54,1,1,0.019763
212,73,535,455,22,54,1,1,0.011067
213,73,535,455,22,54,1,1,0.011067
214,73,534,455,22,54,1,1,0
215,73,534,455,22,54,1,1,0
216,73,534,455,22,54,1,1,0
217,73,534,455,22,54,1,1,0
218,73,533,455,22,54,1,1,0
219,73,533,455,22,54,1,1,0
220,73,533,455,22,54,1,1,0
221,73,533,455,22,54,1,1,0
222,73,532,455,22,54,1,1,0
223,73,532,455,22,54,1,1,0
224,73,532,455,22,54,1,1,0
225,73,532,455,22,54,1,1,0
226,73,531,455,22,54,1,1,0
227,73,531,455,22,54,1,1,0
228,73,531,455,22,54,1,1,0.0023715
229,73,531,455,22,54,1,1,0.0023715
230,73,530,455,22,54,1,1,0.0023715
231,73,530,455,22,54,1,1,0.04585
232,73,530,455,22,54,1,1,0.04585
