128,-1,679.3,383.1,38.4,112.5,1
128,-1,2.3,374,91.7,235.5,1
128,-1,1366.8,381.8,52.3,139.1,1
128,-1,603.3,405.8,34.4,52.5,1
128,-1,790.4,376.5,52.8,132.8,1
128,-1,894.2,384.4,72.2,168.6,1
128,-1,431.7,378.7,63.8,144.8,1
128,-1,960.1,369.1,50.5,148,1
128,-1,180.7,393.7,60.8,144.4,1
128,-1,866,380.8,31.5,112.4,0.996
128,-1,95.8,402.1,35.5,106.2,0.995
128,-1,1772.6,341.1,148.4,565.4,0.994
128,-1,388.1,406.2,25.2,77.8,0.09
128,-1,588.5,405.6,30.3,47.8,0.088
128,-1,418.4,401.9,29.7,98.5,0.057
315,-1,1499.7,225.6,235.4,751.7,1
315,-1,1098.8,278.3,66.2,164.2,1
315,-1,696.3,286,44.3,119.7,1
315,-1,19,279.4,35.5,96.4,1
315,-1,222,261,74.5,217.8,1
315,-1,905.9,283.1,48.9,133.4,1
315,-1,777.5,258.7,76.3,207,1
315,-1,1018.4,271.7,52.6,150.4,1
315,-1,494.7,281.1,48.7,110.2,1
315,-1,841.6,271.8,56.4,152,0.999
315,-1,76.6,277.2,60.4,141.9,0.998
315,-1,1155.9,274.7,34.5,119.4,0.995
315,-1,637.5,294.3,23.3,61.7,0.934
315,-1,1736.7,214.2,184.3,749.8,0.713
315,-1,995.2,288.9,23.2,63.3,0.152
315,-1,932.4,287.8,33.9,91.3,0.118
315,-1,193.3,280.7,36.6,131.8,0.053
102,-1,547.6,398.7,35.8,105.3,1
102,-1,831.7,394.2,72,176.6,1
102,-1,719.4,389,46,127.1,1
102,-1,603.3,400.9,28.8,69.5,1
102,-1,319.7,399.1,35.8,93.5,1
102,-1,1240,404.6,44,123.7,1
102,-1,676.7,396.1,43.5,115.2,0.999
102,-1,1783.4,377.4,137.6,520.5,0.998
102,-1,488.4,418.3,34.3,52.8,0.991
102,-1,345.1,404,25.9,81.5,0.159
102,-1,576.2,399.3,27.4,82.5,0.051
134,-1,17.9,364.6,100.4,239.7,1
134,-1,939.7,376.8,70.6,163.9,1
134,-1,726.6,375.8,38.5,114.1,1
134,-1,234.2,387.8,61,139.4,1
134,-1,650.9,397.1,37,53.2,1
134,-1,1430.8,374.9,53.6,144.5,1
134,-1,1009.1,359.9,55.9,151.9,1
134,-1,833.6,371.5,50.5,130.3,1
134,-1,473.3,365.4,70,149.6,1
134,-1,911.8,368.1,34.1,112.6,0.997
134,-1,149.1,389.9,33.4,101.3,0.979
134,-1,1765.4,323.6,155.6,582.9,0.965
134,-1,445.6,393.9,28.1,84.3,0.949
134,-1,429.3,397.1,23.2,82.1,0.193
134,-1,818.4,375.4,36.2,108.9,0.113
138,-1,35.4,347.9,107.2,239.1,1
138,-1,955.4,362.6,74.5,169.3,1
138,-1,751,357.5,39.7,117.4,1
138,-1,1034.6,345.2,55.7,157.6,1
138,-1,850.7,359.6,50.5,129.3,1
138,-1,1460.5,366.8,54,142.5,1
138,-1,264.5,372.9,58.3,136.6,1
138,-1,672.8,383.9,39.6,53.9,1
138,-1,177.2,374.4,33.4,106.5,0.999
138,-1,485.9,370.2,35.1,102,0.986
138,-1,934.7,358.9,33.7,107.9,0.974
138,-1,457,376,26.4,83.8,0.915
138,-1,1757.6,325.7,163.4,588.6,0.831
138,-1,701.4,383.3,36.9,57.2,0.408
138,-1,205.3,382.3,28.2,92.8,0.397
138,-1,772.1,362,28,82.4,0.397
222,-1,1388.3,354.2,212.1,673.7,1
222,-1,1639.5,340.5,270,719.4,1
222,-1,602,345,85.2,182.4,1
222,-1,214.5,357.7,41.6,117.6,1
222,-1,399.8,359.1,52.9,130,1
222,-1,841.7,356.6,54.7,151.5,1
222,-1,997.8,375.5,65.8,159.3,1
222,-1,1273.6,329.9,97.8,299.9,1
222,-1,897.3,361.2,50.7,141.4,1
222,-1,1081.3,371.6,36.1,115.7,1
222,-1,478.4,370.7,39.5,112.6,0.998
222,-1,695.8,372.3,24.1,63,0.985
222,-1,184.8,361,26.1,66,0.983
222,-1,808.1,390.9,37.7,54.1,0.975
222,-1,502.1,353.3,43,126,0.956
222,-1,971.6,365.7,43.2,121.9,0.774
222,-1,712.3,376.7,24.5,59.5,0.072
79,-1,1221.3,436.2,42.2,116.1,1
79,-1,609.1,431,29.1,71.3,1
79,-1,749.6,420.6,45.9,123.5,1
79,-1,699.4,428.1,42.8,116.3,1
79,-1,890.4,426.7,72.8,175.7,1
79,-1,824.1,421.2,43.4,118.1,1
79,-1,469,423.9,51.6,130.4,1
79,-1,1441,345,165.9,624,1
79,-1,523.4,424.4,32.6,98.3,0.999
79,-1,1,427.9,53.1,220.4,0.996
79,-1,27.6,416.2,83.6,210.1,0.993
79,-1,92.7,432.7,56.9,152.6,0.989
87,-1,1216,429.7,44.2,119.4,1
87,-1,517.6,418.6,39.4,95.2,1
87,-1,597.8,419.7,27.8,73.8,1
87,-1,2,399.5,76.1,218.1,1
87,-1,734.2,411.2,49,126.6,1
87,-1,860.5,420.8,69.6,165.5,1
87,-1,1537.4,323.7,261.7,745.8,1
87,-1,689,414.6,42.9,117.4,1
87,-1,821.2,411.5,43.7,124.2,0.999
87,-1,435.8,422.9,60.3,105.6,0.752
82,-1,874.7,422.4,75,172.1,1
82,-1,1220.3,432.9,41.9,122,1
82,-1,604.5,426.8,27,71.2,1
82,-1,453,417.2,60.7,132.2,1
82,-1,743.2,417.5,46.7,124.1,1
82,-1,1482.7,324.6,187,693.3,1
82,-1,695.7,424.2,41.8,117.7,1
82,-1,821.6,415.6,43.9,120.6,1
82,-1,520.4,423.7,34.7,94.1,1
82,-1,16.2,416.1,85.5,199.7,1
82,-1,84.6,426.9,56.3,149.4,0.996
18,-1,577.7,422.4,93.4,215.6,1
18,-1,1534.8,440.2,45.1,109.6,1
18,-1,366.5,431.1,85.2,186.4,1
18,-1,1149.7,418.8,48.7,118.8,1
18,-1,1370.4,401.1,89.2,272.8,1
18,-1,1097.4,431,40,107.2,1
18,-1,506,433.7,65.1,184.6,1
18,-1,289.5,439.9,31.4,72.5,0.999
18,-1,454.2,438.1,65.1,175.3,0.999
18,-1,1048.1,428.5,34.4,86.4,0.996
18,-1,787.5,444.1,21.8,67.2,0.983
18,-1,701,440,23.5,60.8,0.972
18,-1,751.2,443.4,21.9,60.6,0.932
18,-1,738.4,442,23.1,58.2,0.928
18,-1,684,443.7,23.3,60.2,0.859
170,-1,758.2,343.9,43.3,131.8,1
170,-1,934,343.5,69.1,172.1,1
170,-1,1636.5,308.1,206.4,612.6,1
170,-1,271,361.6,52.3,132.6,1
170,-1,832.2,342.3,52.1,133.1,1
170,-1,568.5,339.2,68.2,160.6,1
170,-1,1072.3,324.7,65.7,187.9,1
170,-1,148.7,367.4,41.6,107.6,1
170,-1,1528.7,341.5,58.4,161.1,1
170,-1,464.6,355.7,39.8,114.5,1
170,-1,685.8,373.5,36.4,54.1,0.999
170,-1,106,363.7,27.7,72.9,0.986
170,-1,878.9,344.1,37.2,109.3,0.965
170,-1,428.5,366.7,26,85.5,0.817
170,-1,439.5,365.2,36.9,98.1,0.591
170,-1,121.7,362.8,39.1,81.7,0.223
307,-1,806.1,246.4,78.8,202.4,1
307,-1,1478.1,208.1,232.1,749.4,1
307,-1,1099.4,264.7,67.5,160.1,1
307,-1,1033.7,259.1,47.1,138.3,1
307,-1,914,265,48.7,134.2,1
307,-1,282.9,240.1,76.8,209.4,1
307,-1,1162.7,261.6,34.7,118.6,0.999
307,-1,58,254,36.7,95.7,0.999
307,-1,242,268.7,57.1,180.4,0.998
307,-1,711.9,268.8,39.9,115.6,0.998
307,-1,98.2,258.3,52.9,139.1,0.997
307,-1,1727.7,190.9,193.3,805.3,0.989
307,-1,741.1,270.3,39.7,117.5,0.976
307,-1,979.6,274.2,23.5,54.4,0.972
307,-1,648.7,278.2,24.3,62.6,0.953
307,-1,666.3,270.4,40.4,69,0.321
307,-1,80.3,257.8,34.8,106.8,0.224
307,-1,692.3,274.4,30.3,80.3,0.058
230,-1,619.5,339.5,75.5,178.2,1
230,-1,1370.7,327.4,229,693.8,1
230,-1,232.4,346.1,41,120.5,1
230,-1,860.5,342.2,56.6,161.3,1
230,-1,1638.9,317.8,263.3,730.3,1
230,-1,1012.3,362.9,71.2,164.2,1
230,-1,911.7,357.4,51.6,141.6,1
230,-1,427,353.4,54.8,124.8,1
230,-1,1109.5,366.2,36,114.2,0.999
230,-1,495.1,360.5,39,120.9,0.984
230,-1,729,366.6,24.1,67.1,0.943
230,-1,702.4,363.7,26,69.2,0.855
230,-1,209.1,351,26,71.7,0.852
230,-1,744.7,368.7,25.7,59,0.422
230,-1,990.8,367,37.7,110.6,0.387
285,-1,1420.3,233.7,242.3,735.4,1
285,-1,575.6,271.6,99.2,217.3,1
285,-1,875.4,285.7,72.2,175.6,1
285,-1,1661,214.6,260,781.4,1
285,-1,1100.6,294.1,65,163.6,1
285,-1,827.2,298.7,51.5,119.4,1
285,-1,1174.4,295.1,36.5,121.8,1
285,-1,1051.9,291,45,134.8,1
285,-1,193.5,304,46.1,124,1
285,-1,512,296,50.1,119.8,0.999
285,-1,161.1,296.3,34.9,85.9,0.999
285,-1,763.2,306.5,22.7,61.7,0.984
285,-1,405.8,289.6,59.3,169.8,0.931
285,-1,700.1,312,23.3,59.1,0.904
285,-1,988.6,308.5,22.6,56,0.88
285,-1,683.8,313.1,25,58.8,0.876
285,-1,934.2,300.3,39.3,128.4,0.218
285,-1,179.9,301.9,33.8,104.4,0.214
285,-1,1019.8,307.9,28.4,59.4,0.14
76,-1,897.1,424.7,72.9,171.9,1
76,-1,753.2,419.1,47.8,122.5,1
76,-1,1222.6,431.3,43.9,119.5,1
76,-1,826.8,419.1,43.4,115.9,1
76,-1,612.9,428.9,28.3,70.7,1
76,-1,1392.5,342.4,182.5,587.8,1
76,-1,704.7,427.7,44.2,113.6,1
76,-1,3.6,428.3,75.4,215.2,1
76,-1,476,424.7,50.7,127.3,1
76,-1,523.5,428.5,36.6,91.6,0.998
76,-1,49.4,424.2,75.6,190.9,0.694
76,-1,103.7,435.6,52.2,138.5,0.273
284,-1,1422.3,235.2,237.6,734.8,1
284,-1,588.2,272.3,95.4,217.2,1
284,-1,1664.9,214.9,256.1,783.6,1
284,-1,1102.6,293.3,65.6,166.6,1
284,-1,1175.6,293.9,36.9,124.3,1
284,-1,837.4,295.7,49.5,121.6,1
284,-1,166.3,290.7,33.8,87.6,1
284,-1,885.6,282.9,68.6,179.3,1
284,-1,1054.8,290.7,42.9,134.7,1
284,-1,516.4,294.9,49.9,119.1,0.999
284,-1,199.6,299.3,49.5,126.5,0.999
284,-1,768.7,304.8,22.7,61.4,0.994
284,-1,409.7,286.8,62.6,177.5,0.977
284,-1,706.5,311,22.8,59,0.932
284,-1,744.5,308.1,23.1,59.4,0.842
284,-1,993.1,307.4,22.4,58.2,0.841
284,-1,1014.7,307.5,25.3,54.6,0.565
284,-1,1026.2,303.5,28.1,68,0.307
284,-1,180.2,294.4,39.1,112.3,0.18
284,-1,937.7,298.5,40.2,126.3,0.118
144,-1,49.3,346.9,103.3,243.2,1
144,-1,774.9,352.9,43,126.7,1
144,-1,975,362.6,69.2,165.7,1
144,-1,298.9,368.3,57.3,138.9,1
144,-1,873.9,353.8,48.8,129.8,1
144,-1,1065.8,339.1,59,165.3,1
144,-1,1494.9,360.9,55,142.5,1
144,-1,698.3,381.7,40.5,50,1
144,-1,201,377.2,35.8,102.1,1
144,-1,509.9,369.4,32.9,101.1,0.994
144,-1,542.2,351.8,66.2,151.7,0.956
144,-1,154.2,374.7,25.9,71,0.954
144,-1,490.4,374.2,28.5,85.7,0.907
144,-1,740.2,373,34.5,58.3,0.662
144,-1,186.4,374.3,25.4,86.2,0.37
144,-1,1816.3,318.5,104.7,615.8,0.107
144,-1,222.8,383.4,27.2,86.9,0.094
144,-1,956.5,357.2,39.4,123.5,0.072
144,-1,528.2,360.7,42.4,121.7,0.062
144,-1,821,358.7,27.4,63.7,0.062
182,-1,1521.1,290.5,186.3,635,1
182,-1,882.2,331.2,63.8,168.2,1
182,-1,709,328.8,46.1,139.3,1
182,-1,220.7,347.8,51.4,132.3,1
182,-1,1721.1,277.8,196.2,622.5,1
182,-1,81.8,356,44.2,110.6,1
182,-1,1047.9,301.2,69.3,207.8,1
182,-1,782.2,327.7,50.9,133.6,1
182,-1,512.4,322.5,75,164.2,1
182,-1,647.4,359.9,39,54.6,0.999
182,-1,403.6,337.1,42.5,123.3,0.998
182,-1,938,332.5,39.7,102.3,0.997
182,-1,830,327.3,38.8,115.7,0.997
182,-1,41.3,355.1,24,69.6,0.957
182,-1,388.7,346.4,31.9,104.6,0.81
182,-1,674.3,353.5,34.8,59.7,0.491
182,-1,200.5,362.4,31.2,104.9,0.194
280,-1,1431.2,256.9,232.1,726.6,1
280,-1,1126.1,299.9,66.3,164.6,1
280,-1,1699.1,244.8,221.9,768.5,1
280,-1,628.6,275.7,87,215.2,1
280,-1,1207,298.5,36,119.1,1
280,-1,868.6,306.3,42.1,107,1
280,-1,1082.1,293.7,45.1,135.2,1
280,-1,916.6,289.1,65.1,176.8,1
280,-1,1,304.3,56.7,193.9,1
280,-1,246.2,302.1,46.9,122.1,0.999
280,-1,540.9,295.3,50.8,117.9,0.998
280,-1,459.2,290.5,61.1,169.1,0.997
280,-1,811.4,308.8,23,63.1,0.989
280,-1,220.7,295.8,34.7,90.5,0.98
280,-1,739.5,310.7,23.4,63.1,0.966
280,-1,1032.8,312.1,22.5,50,0.908
280,-1,1047,310.3,25.8,52.9,0.891
280,-1,760.5,310.2,23.1,60.5,0.714
119,-1,581,397.9,37.9,111,1
119,-1,1709,365.8,187.2,554.8,1
119,-1,356.6,399.5,52,134.4,1
119,-1,1272.2,402.2,47.7,126.7,0.999
119,-1,828.1,398.9,65.1,164.8,0.999
119,-1,734.3,392.9,46.4,122.1,0.999
119,-1,80.2,406.8,62.8,142.5,0.997
119,-1,692.6,397.8,40.1,121.4,0.997
119,-1,509.6,419.9,39.6,51,0.996
119,-1,327.1,407.6,34.5,98.5,0.977
119,-1,867.3,384.4,52.2,146,0.968
119,-1,779.1,392,29.7,108.1,0.952
119,-1,623.1,400.2,26.7,66.4,0.841
119,-1,305.3,412.3,27.6,77.4,0.358
140,-1,42.1,347.1,106.2,239.2,1
140,-1,757,357.1,42,118.6,1
140,-1,962.9,361.2,70.8,169.6,1
140,-1,1044.1,341.5,56.2,160.4,1
140,-1,278.3,367.5,56.3,137.5,1
140,-1,1471.4,365.3,55.1,139.7,1
140,-1,858.3,357.5,49.8,129,1
140,-1,682.3,381.8,37.7,52.4,1
140,-1,183.3,373.8,34.8,103.3,0.998
140,-1,490.9,364.3,36.1,106.6,0.996
140,-1,1783.6,335.8,137.4,588.3,0.965
140,-1,943,356.4,36.1,115.5,0.954
140,-1,784.1,359.1,31,74,0.567
140,-1,456.9,372.7,23.8,72.8,0.248
140,-1,523.5,357.7,58.4,127,0.192
94,-1,1225.5,422.9,44.4,124.5,1
94,-1,851.5,411.4,74.6,174.9,1
94,-1,720.7,405.1,50.6,128.4,1
94,-1,534.2,417.1,38,94.7,1
94,-1,601.8,416.9,27.5,68.3,1
94,-1,681.6,407.7,43,117.9,0.999
94,-1,1702.4,302.5,218.6,778.5,0.999
94,-1,479,428.5,41.2,54.4,0.997
94,-1,323.1,414.7,33.9,94.3,0.995
94,-1,301.2,421,27.4,84.2,0.885
94,-1,825.4,412.8,45.8,117.6,0.522
94,-1,502.4,426.6,40,60.8,0.102
28,-1,411.5,430.9,115.3,252.3,1
28,-1,1281.8,410.5,92.6,291.8,1
28,-1,1421.6,450,41.8,112.9,1
28,-1,1020.4,439.7,47.1,120.7,1
28,-1,115.9,453,33.5,78,1
28,-1,972.7,445.2,39.8,108.8,1
28,-1,211.8,446.6,82,196.9,1
28,-1,307.3,461.1,66,178.7,0.999
28,-1,931.8,443.7,33.7,86.9,0.999
28,-1,1235,439.5,65.2,181.2,0.998
28,-1,360,446,65.4,189.7,0.998
28,-1,659.8,457.2,23.6,76.6,0.99
28,-1,566.9,456.1,22,61.1,0.947
28,-1,579,455.6,21.3,62,0.937
28,-1,628.2,457.2,20.6,60.9,0.933
28,-1,680.3,455.1,21.7,71.3,0.136
28,-1,541.3,457.2,22.4,60.6,0.095
43,-1,166.4,427.3,139.9,311.7,1
43,-1,1219.6,407.9,121.5,332.2,1
43,-1,1078,440.3,71.6,175.5,1
43,-1,22,453.9,85.3,204.2,1
43,-1,877.8,438.8,49.2,116.8,1
43,-1,517.2,459.4,24.7,78.1,1
43,-1,833.8,446.6,42.9,110.7,0.998
43,-1,726.5,452.2,29.5,71.9,0.998
43,-1,114.7,463.4,69.1,188.7,0.997
43,-1,802.9,442.8,35.4,87.8,0.996
43,-1,419,459.4,21.8,59.5,0.965
43,-1,442,458.9,20.9,60.7,0.943
43,-1,456.9,458.2,22.6,64.5,0.937
43,-1,475.4,458.6,46.4,67.3,0.501
43,-1,530,459.4,24.6,69.9,0.27
83,-1,873.2,423,71.9,171.8,1
83,-1,1218.1,432.6,43.5,122.6,1
83,-1,451.9,415.8,58.5,132.3,1
83,-1,741.9,414.9,46.8,124.3,1
83,-1,602.9,424.1,26.8,71.4,1
83,-1,694.6,422.9,41.5,117.3,1
83,-1,821.2,413.3,44.4,122.1,1
83,-1,520.1,421.5,36,98.7,1
83,-1,1489.8,340.7,208.5,667.8,1
83,-1,7.2,409.6,86.7,208.9,1
83,-1,78.6,422.5,60,153,0.999
259,-1,29.4,315.5,83.2,205.5,1
259,-1,1404.6,283.4,224.1,737.9,1
259,-1,679.9,296.5,77.6,197.3,1
259,-1,1682.9,262.1,238.1,774.5,1
259,-1,1116,326.6,68.5,164.8,1
259,-1,1212.9,323.4,36.3,122.5,1
259,-1,545.2,305.9,51.8,148.4,1
259,-1,292.2,322.6,42.8,117.3,1
259,-1,989.5,317.6,57.9,149.4,0.999
259,-1,944.8,309.4,59,166,0.999
259,-1,825.2,329.9,23.6,65.1,0.999
259,-1,1084.6,318.2,47.7,130.1,0.997
259,-1,751.7,329.6,25.7,66.4,0.831
259,-1,512.8,328.5,31.2,101.9,0.285
259,-1,1038.5,332.9,30.7,73.2,0.101
169,-1,766.1,343.6,45.1,134.6,1
169,-1,1643.8,315.7,217.3,611.5,1
169,-1,941,347.6,71.3,168.8,1
169,-1,1077.5,324.1,69.6,188,1
169,-1,837.6,342,52.2,135.9,1
169,-1,688.3,373.1,41.6,52.7,1
169,-1,162.8,367.3,39.8,107.6,1
169,-1,575.4,338.8,69.6,157.6,1
169,-1,278.8,360.8,50.3,133.5,1
169,-1,471.5,354.8,40.7,115.2,1
169,-1,1532.6,343.7,58.8,158.2,0.999
169,-1,883.6,340,40.9,113.8,0.977
169,-1,125.8,367.4,22.6,67.3,0.972
169,-1,140.8,367.6,24.2,75.5,0.85
169,-1,457,363,29.2,102.4,0.807
169,-1,187.8,372.2,27.7,87,0.178
169,-1,1.8,332.4,48.3,277.2,0.074
146,-1,783.7,353,43.6,123.8,1
146,-1,50.6,353.9,105.5,249,1
146,-1,312.6,373.6,52.7,139.6,1
146,-1,1082.4,341.2,57.1,167.8,1
146,-1,982.4,364.6,70,166.8,1
146,-1,881.3,355.2,51.1,135.3,1
146,-1,1509.6,367.9,56.2,138.3,1
146,-1,710.6,386.9,34.9,53.5,1
146,-1,215.4,381.9,33.9,102.9,0.998
146,-1,520.4,370.5,33.6,105.2,0.996
146,-1,480.2,378.8,26.1,84,0.435
146,-1,155.7,384.7,22.2,60.1,0.415
146,-1,963.2,361.8,33.6,115,0.313
146,-1,556.4,362.9,50.5,124,0.054
58,-1,967.5,426.1,74.8,175.2,1
58,-1,1242.2,378.3,131.5,427.8,1
58,-1,107.4,439.1,80,206.3,1
58,-1,753.2,430.5,40.9,114.2,1
58,-1,648.2,436.4,25.7,68.6,1
58,-1,846.2,425.8,43.2,111.1,0.999
58,-1,798.5,422.8,46,123.1,0.999
58,-1,723.7,428.2,36.1,91.9,0.981
58,-1,368.6,450.2,22.3,64.6,0.974
58,-1,407.7,451.5,23.9,63.9,0.956
58,-1,392,450,22.5,65.9,0.921
58,-1,331.3,452.2,21.1,60,0.912
58,-1,353.3,450.5,21.5,61.5,0.901
58,-1,9.8,430,102.3,338.7,0.576
58,-1,423,457.4,23.9,60,0.09
317,-1,1530.9,232.6,220.7,757.2,1
317,-1,1106.6,280.6,71.7,161,1
317,-1,25,280,33.9,100.5,1
317,-1,909.6,282.5,49.7,134.6,1
317,-1,1028.1,268.2,52.8,150.1,1
317,-1,778.6,256.9,76.8,216.1,1
317,-1,501.6,284,49.4,111.9,1
317,-1,214.9,264.9,82.1,225.2,1
317,-1,1166.8,276.4,37.7,120.4,1
317,-1,841.6,270,58.7,156.3,0.999
317,-1,82.2,281.3,55.3,143.7,0.998
317,-1,719.8,292.1,26.2,63.5,0.993
317,-1,980.2,289.2,23.2,56,0.975
317,-1,651.2,295.7,21.9,63,0.89
317,-1,670.7,295.5,23.9,62.7,0.825
317,-1,637.5,295.7,23.2,62.3,0.743
317,-1,688.5,297.3,25.8,66.1,0.554
317,-1,993.2,290.2,23,56.1,0.471
317,-1,180.1,287.5,56.4,192.2,0.183
317,-1,1797.2,207.5,123.8,726.4,0.084
125,-1,650.7,389.3,36.6,111.4,1
125,-1,869.7,387.1,73.3,172.1,1
125,-1,1,385.3,74.1,226.3,1
125,-1,1336.9,389.2,49.8,137,1
125,-1,573,412,35.5,52.1,1
125,-1,401.7,381.2,68.1,147.2,1
125,-1,770.9,384.6,50.7,128.6,1
125,-1,145.7,400.4,61.5,143.8,1
125,-1,932.1,372.3,49.3,147.2,0.999
125,-1,1735.8,362,185.2,567.7,0.999
125,-1,836.4,385.1,30.5,108.5,0.998
125,-1,66.1,402.8,36.4,109.8,0.978
125,-1,747,394.6,33.6,105.8,0.913
125,-1,387.5,406.1,28.7,96.8,0.053
242,-1,1385.3,303.2,211.9,703.2,1
242,-1,1613.2,287.9,301.3,753.3,1
242,-1,1054.3,343.7,68.5,161.6,1
242,-1,1,322.5,73.8,197.5,1
242,-1,650.9,310.4,80.9,193.1,1
242,-1,903.6,328,52.8,156.5,1
242,-1,267,329.2,40.2,113.9,1
242,-1,1153.7,340.4,36.5,117.9,1
242,-1,954.1,334.6,50,144.8,1
242,-1,483.2,328.9,49.4,128.5,1
242,-1,778.1,342.1,26,67.5,0.999
242,-1,242.4,326.9,27.3,72.4,0.916
242,-1,879.7,353.4,31.8,59.8,0.618
242,-1,739.4,343.7,26.3,66.9,0.102
242,-1,716,335.6,40.6,82.2,0.072
132,-1,709.4,376.6,40.1,115.9,1
132,-1,820.8,372.9,51.8,134.5,1
132,-1,20.7,374.7,100.8,231.1,1
132,-1,927.5,379.6,72.4,168.7,1
132,-1,994.8,365.7,52.8,147.5,1
132,-1,224.1,390.6,56.8,139.9,1
132,-1,463.6,370,66.4,147.9,1
132,-1,1410.4,379.3,53.8,140.4,1
132,-1,636.7,402.2,40.7,51.9,1
132,-1,130.2,396.1,37.3,104.8,0.998
132,-1,901.6,373.5,34.8,111.2,0.998
132,-1,1780.7,326.7,140.3,580.1,0.989
132,-1,757.9,381.3,25.1,61.3,0.773
132,-1,449.9,388.1,35.3,107.5,0.119
163,-1,992.4,349,68.7,169.5,1
163,-1,809.7,345.6,43.2,127.5,1
163,-1,7.7,343.4,116.1,257.9,1
163,-1,326.6,367.6,51.1,130,1
163,-1,879.4,345.7,49.8,131.6,1
163,-1,1686.9,317.6,234.1,614.1,1
163,-1,609.3,342.7,67,156.5,1
163,-1,521.6,357.9,41.5,112.5,1
163,-1,1113,327.2,61.4,183.7,1
163,-1,216.2,368.7,39.1,108.5,1
163,-1,733.8,377.7,37.7,49.3,0.999
163,-1,1564.9,349.8,65.3,151.3,0.999
163,-1,175.2,368.9,23.2,65.8,0.942
163,-1,930,346,34.6,111.7,0.899
163,-1,490.7,370.5,24.8,81.9,0.851
163,-1,187.6,368.2,23.3,76.2,0.786
163,-1,769.7,374.8,40.1,59,0.141
71,-1,761.6,417,46.2,123,1
71,-1,1335.9,363.9,208.4,523.9,1
71,-1,1225.2,427.1,42.1,116.6,1
71,-1,914.7,423.7,70.6,168.9,1
71,-1,715.6,426.1,41.8,111.4,1
71,-1,832.2,413.8,41.8,116.9,1
71,-1,621.3,427.1,28.4,72.8,1
71,-1,490,419.7,49.2,127,1
71,-1,32.8,433.4,82.6,208.4,1
71,-1,526.7,429.9,37.3,89,0.917
71,-1,77.9,431.7,74.5,176,0.179
12,-1,1563.3,436.5,43.4,109.9,1
12,-1,612.3,418,90.1,213.3,1
12,-1,1123.1,429.8,41.7,108.7,1
12,-1,1366.8,397.3,80,249.3,1
12,-1,1174.7,416.7,49.3,120.9,1
12,-1,411.7,430.8,74.5,183.4,1
12,-1,541,430.9,61.8,181.2,1
12,-1,332.2,437.2,29.9,71.9,1
12,-1,492.8,439.7,62.7,169.2,1
12,-1,1076.7,426.7,36.7,86.9,0.998
12,-1,733.7,439.9,22.5,64,0.96
12,-1,814,441.9,22,69.4,0.959
12,-1,786.6,441.2,22.1,65.5,0.934
12,-1,771.2,439.9,23,62.8,0.927
12,-1,800.5,441.2,22.5,68,0.926
12,-1,1427.9,427.6,61.9,177.2,0.908
12,-1,748,436.2,33.9,69.6,0.255
12,-1,358.7,436.8,26,60.2,0.154
12,-1,830.6,439.5,20.5,68.4,0.121
69,-1,721.3,426.8,43.8,116.7,1
69,-1,1226.9,430.1,41.5,114.9,1
69,-1,924.4,422.7,71.3,174.3,1
69,-1,768.9,418.8,48,123.2,1
69,-1,1310.3,365.3,213.6,494.4,1
69,-1,834.4,413.8,42.8,119.1,1
69,-1,626.2,426.9,27.2,73.5,1
69,-1,43.8,432.6,85.3,212.6,1
69,-1,527.1,428.1,35.8,89.6,0.999
69,-1,1,457.3,42,189.1,0.996
69,-1,306.9,444.9,20.7,62.1,0.963
69,-1,318.6,445.3,21.4,62.7,0.535
69,-1,104.9,438.5,56.1,172.9,0.329
69,-1,291.9,446.8,24.7,60.7,0.106
69,-1,691.5,432.3,26.1,64.1,0.058
229,-1,612.4,342.1,81.6,179.7,1
229,-1,1381.2,327.9,220.1,694.6,1
229,-1,1011.4,367.9,69.1,162,1
229,-1,1634.1,312.9,276,730.3,1
229,-1,227.3,350.6,42.8,117.2,1
229,-1,1099.9,365.6,36.5,117.5,1
229,-1,861.3,350,52.5,152.1,1
229,-1,422.6,356.6,53.6,123.8,1
229,-1,907.1,357.7,53.9,142.4,1
229,-1,721.7,366.1,24.7,65.7,0.999
229,-1,1317,326.5,105.6,314.3,0.996
229,-1,198.4,349,27.2,72.6,0.967
229,-1,496.2,357.5,43.1,124.5,0.903
229,-1,823.4,385.5,32.9,45.5,0.465
229,-1,989.3,364.6,39.2,116.7,0.299
135,-1,19.3,360.9,101.3,240.7,1
135,-1,735.1,375.1,37.2,111,1
135,-1,944.9,372.7,69.8,167.4,1
135,-1,656.4,394.6,37.8,55.2,1
135,-1,244.8,383.9,58.5,139.3,1
135,-1,838.5,369.7,49.7,130,1
135,-1,1015.1,354.2,55.7,157.6,1
135,-1,1439.6,373.5,54.3,142.8,1
135,-1,483.6,364.3,66.7,144.9,0.998
135,-1,155.6,385.9,34.8,106.1,0.998
135,-1,917.2,370.1,34.8,107.6,0.987
135,-1,448.9,391.7,28.3,84.4,0.967
135,-1,1750.7,334.4,170.3,569.6,0.813
135,-1,817,380.8,30,90.7,0.259
135,-1,424.1,395.9,23.9,77.9,0.134
15,-1,596.3,415.2,93.9,218.8,1
15,-1,1111.2,429.1,42.6,107.8,1
15,-1,1552.1,437,43.7,109.3,1
15,-1,526.5,428.8,63.8,184.7,1
15,-1,1166,415,50.8,123.9,1
15,-1,392.8,431.6,83.5,182.6,1
15,-1,1371.6,400.3,89.9,261.7,1
15,-1,478.1,443,61.5,168.8,1
15,-1,314.5,437.3,31,69.8,0.999
15,-1,1062.3,427.2,33.2,83.7,0.999
15,-1,804.4,439.4,22.3,68.4,0.973
15,-1,731.8,436.9,22.8,62.7,0.934
15,-1,787.8,438.8,22.6,65.4,0.921
15,-1,711,438.5,21.2,63.3,0.85
15,-1,1091.9,427.3,30,89.6,0.291
136,-1,840.8,363.5,50.3,136.9,1
136,-1,740.4,365.9,39,115.1,1
136,-1,24.9,352.1,99.8,243.8,1
136,-1,950.7,367,71.9,170.9,1
136,-1,255.7,376.3,59.6,142.7,1
136,-1,1023.5,349.6,54.5,158.5,1
136,-1,1450.7,372.2,52.2,138.6,1
136,-1,664.4,389.9,39,53,0.999
136,-1,165.4,381.4,36.4,103.3,0.999
136,-1,495.7,364.7,59,134.1,0.993
136,-1,461,383.2,29.6,87,0.968
136,-1,928.2,363.8,32.3,106.6,0.956
136,-1,476,379.5,33.8,101.7,0.9
136,-1,1760.2,312,160.8,602.8,0.718
136,-1,716.2,383.7,33.1,66.7,0.286
136,-1,125.2,386.2,26.2,80.3,0.128
136,-1,796.7,372.8,23.3,54,0.109
261,-1,1416.1,284.6,231.2,736.7,1
261,-1,40.3,308.2,75.1,207,1
261,-1,1225,318.7,38.5,117.9,1
261,-1,1132.8,323.2,62.5,157.7,1
261,-1,1700.9,246.9,220.1,792,1
261,-1,685.7,294.6,75.5,201,1
261,-1,993,308.6,61.2,152.4,0.999
261,-1,300.3,314.3,40.2,117,0.999
261,-1,838.2,324,23,64.7,0.999
261,-1,553.8,300.3,53.4,155.4,0.998
261,-1,955.7,309.3,54.1,155.6,0.997
261,-1,1101.8,312.8,47.5,129.6,0.969
261,-1,813.2,322.3,23.1,61,0.858
261,-1,766.1,323.9,27.9,67.9,0.718
261,-1,535.1,314.3,36.8,142.1,0.223
196,-1,1399.6,308.2,205.5,642.1,1
196,-1,1615.8,299.8,263.2,637.5,1
196,-1,224.5,331.5,56.8,135.5,1
196,-1,867.1,338.8,67.9,165,1
196,-1,706.8,329.6,52.3,142.6,1
196,-1,1074.9,310.3,75.8,229.7,1
196,-1,511.9,314.3,76.6,175,1
196,-1,388.2,327.6,43.9,122.4,1
196,-1,767.8,326.5,53.7,141.2,1
196,-1,828.2,331.6,46.9,121.9,0.999
196,-1,70.6,344.7,43.6,108.4,0.998
196,-1,32.6,334.9,26.1,69.9,0.998
196,-1,660.7,361.6,35,50.9,0.997
196,-1,928.4,332.5,35.1,116.3,0.989
196,-1,367.5,341.3,28.5,96.3,0.83
196,-1,50.9,338.7,25.4,75.3,0.434
117,-1,563.6,403.8,38.5,99.8,1
117,-1,348.9,399,54.4,133.9,1
117,-1,818.1,397.2,68.4,163.1,1
117,-1,1256.2,401.8,47.5,123.2,0.999
117,-1,1729,357.1,155.6,560.1,0.999
117,-1,718.9,389.3,44.7,125,0.999
117,-1,65.3,405.9,60.6,146.2,0.997
117,-1,679.5,392.3,42.3,118.5,0.992
117,-1,869.6,382.8,45,137.4,0.984
117,-1,503.8,419.2,36.4,54.9,0.981
117,-1,317.3,405.1,33.5,90.7,0.976
117,-1,600.3,406.4,29.2,71.4,0.973
117,-1,753.6,387.4,32.3,115.3,0.97
117,-1,527.9,417.3,33.8,60.5,0.821
117,-1,907.9,381.1,32.3,102.1,0.633
157,-1,823.4,340,42.5,130.6,1
157,-1,54.5,336.6,116.2,257.3,1
157,-1,1012.2,347.1,69.8,166.9,1
157,-1,1119.2,326.2,62.8,174.5,1
157,-1,349.8,358.5,52.7,136.9,1
157,-1,899.1,343.7,50.5,132.2,1
157,-1,746.8,370.8,35.6,51.8,1
157,-1,1.7,372.9,64.2,204.9,1
157,-1,545.1,356.3,39.4,110.3,1
157,-1,245.9,367.7,35.4,100.6,1
157,-1,1563.2,347.6,63.8,148.9,1
157,-1,1778.7,295,142.3,634.2,0.995
157,-1,621.7,342.8,63,150.9,0.987
157,-1,513.7,370.2,28.4,84.4,0.939
157,-1,201.6,367.6,20.7,64.7,0.915
157,-1,936.8,339.4,33.1,112.8,0.792
157,-1,225,360.3,35.5,92.1,0.057
227,-1,1383,330.5,219.6,685.9,1
227,-1,604.4,339.4,88.7,182.8,1
227,-1,225.2,347.6,42,118.9,1
227,-1,853,349.5,54.2,151.9,1
227,-1,1004.8,364.1,71.8,167.2,1
227,-1,1094.1,365.5,36.1,116.5,1
227,-1,1633,312.4,281.7,738.1,1
227,-1,417.4,353.6,55.2,128.1,1
227,-1,904.1,353.5,53.6,145.3,0.999
227,-1,1305.1,320.1,109.2,328.9,0.999
227,-1,503.1,346.4,50.4,129.5,0.999
227,-1,718.3,363.2,24.8,62,0.996
227,-1,194,350.9,30.5,78.4,0.986
227,-1,818.8,386.2,31,48.3,0.943
227,-1,464.3,363.8,35.1,111,0.782
149,-1,65.7,353,106.2,248.6,1
149,-1,800.9,355,40.3,124.2,1
149,-1,991.7,358.9,71.4,174,1
149,-1,329.6,373.8,53.3,136.5,1
149,-1,1097.8,338.6,59.8,171,1
149,-1,891.6,357.3,52.2,129.9,1
149,-1,725,385.9,35.3,53.1,0.999
149,-1,1.1,394.2,56.8,194.8,0.999
149,-1,231.6,379.3,32.5,104.7,0.999
149,-1,1527.8,366.8,59,140.8,0.998
149,-1,532.5,374.1,30.5,102.6,0.975
149,-1,512.2,377.2,29,91.5,0.927
149,-1,186.5,380.3,22.3,59.6,0.695
149,-1,1803.9,331.7,117.1,596.2,0.603
149,-1,249.8,383.4,26.7,95.5,0.21
149,-1,869.8,371.9,27.8,68.5,0.115
149,-1,486.2,381.1,25.8,76.1,0.1
269,-1,1450,258.5,249,731.2,1
269,-1,46.1,295.7,74.4,199.2,1
269,-1,688.1,276.7,93.9,210.1,1
269,-1,1154.4,304.2,70.8,162.8,1
269,-1,1244.1,304.2,38.2,118.9,1
269,-1,965.5,292.4,55.2,164.9,0.999
269,-1,313.6,298.6,42,118.2,0.999
269,-1,850.3,313,23.4,65,0.997
269,-1,1710.2,219.1,210.8,793.7,0.996
269,-1,1004.5,294.1,57.5,148.5,0.996
269,-1,521.3,305.4,44.6,144.7,0.993
269,-1,1124.2,296.6,47.5,132.9,0.983
269,-1,1089.7,311.2,23,54.8,0.955
269,-1,782.9,311.6,23.8,59.6,0.855
269,-1,545.5,284.3,58.7,156.7,0.827
269,-1,295.5,296.1,29.1,73.4,0.26
118,-1,570.7,397,38.9,114,1
118,-1,822.3,400.6,68.1,168.4,1
118,-1,67.1,410.8,59.3,142.2,0.999
118,-1,350.4,398.7,52.5,136.5,0.999
118,-1,1716,358.8,179.7,568.6,0.999
118,-1,1260.3,403.1,47.4,124.9,0.999
118,-1,756.1,393.5,35.5,114.6,0.995
118,-1,500.3,425,37.1,49.7,0.994
118,-1,687.7,396.3,40.8,124.3,0.991
118,-1,712.9,395.2,48.7,121.5,0.985
118,-1,321.3,408.3,33.2,96.6,0.979
118,-1,603.5,399.9,32.5,80.2,0.959
118,-1,864.8,384,51.1,147.9,0.873
118,-1,791.3,400.7,28,99.3,0.196
206,-1,301.5,361.5,53.4,128,1
206,-1,1636.4,331.3,270,676.9,1
206,-1,551.5,346.6,77.8,174.4,1
206,-1,1386.5,338.8,213.5,679.3,1
206,-1,132.9,360.2,42.3,117.9,1
206,-1,769.9,356,51.7,144.2,1
206,-1,924.3,368.7,69.9,165.2,1
206,-1,1148.2,335.9,84.4,252.1,1
206,-1,434.9,359.7,43.7,118.9,1
206,-1,824.8,355.8,53.8,140.9,1
206,-1,988.5,361.7,38.3,120,0.999
206,-1,727.9,390.1,37.4,53.5,0.994
206,-1,892.5,364,44.3,121.9,0.982
206,-1,405.6,369.9,36.6,97.4,0.851
206,-1,117.2,356.4,28,97.1,0.73
206,-1,466.3,357.4,28.1,98.3,0.174
206,-1,389.2,373.8,27.2,87.6,0.099
3,-1,1212.3,411.6,44.7,118.2,1
3,-1,1364.4,393.1,75.9,226.1,1
3,-1,1155.2,420,40.9,107.1,1
3,-1,1583.6,422.8,42.4,107.4,1
3,-1,1462.9,419.3,77.4,178.3,1
3,-1,664.6,411.7,75.8,199.8,1
3,-1,457.8,427.2,75.1,182.8,1
3,-1,1103.9,419.3,33.3,80,1
3,-1,387.5,434,27.7,66.7,0.999
3,-1,535.6,433.1,65.4,173.5,0.999
3,-1,579.3,423.6,58.2,177.6,0.998
3,-1,848.1,433.1,21.8,69.9,0.992
3,-1,813.6,429.9,21.4,63.3,0.939
3,-1,781,427.6,21.4,64,0.832
3,-1,825.9,425,23,71.4,0.639
3,-1,760.6,431.4,23.1,69.7,0.378
3,-1,712.2,421.3,63.4,173,0.109
3,-1,864.6,435.3,23.3,67.9,0.108
243,-1,1387.5,300.1,212,715.8,1
243,-1,1,321,74.6,197,1
243,-1,651.2,308,83.5,194.9,1
243,-1,1057.8,342.6,71,162,1
243,-1,905,327.7,54.1,156.7,1
243,-1,1605.6,274,306.2,758.7,1
243,-1,268.8,326.8,42.5,116.9,1
243,-1,1157.6,338,36,117.3,1
243,-1,955.9,335.4,50.2,142.5,1
243,-1,486,328.2,49.8,131.5,0.999
243,-1,781.6,342.4,24.8,63.8,0.999
243,-1,242.5,325.5,26.1,68.1,0.748
243,-1,878,351.4,30.5,57.7,0.466
243,-1,717.3,333.7,41.5,86.1,0.075
41,-1,191.3,439.6,134.2,291.7,1
41,-1,1092.3,445.9,70.5,172.4,1
41,-1,1223.7,419.1,113.1,320.8,1
41,-1,32.3,454.3,93.5,200.9,1
41,-1,891.2,440.9,46.9,120.6,1
41,-1,133.3,467.1,64.7,180.7,0.999
41,-1,849.6,454.7,39.2,108.2,0.999
41,-1,817.4,445.2,33.4,91,0.998
41,-1,737,456.9,27,69.5,0.998
41,-1,530,462.5,23.8,76.3,0.997
41,-1,431.4,463.2,22.4,58.8,0.967
41,-1,445.4,461,21.6,62.7,0.958
41,-1,456.8,459.8,22.6,64.8,0.95
41,-1,511.7,460.4,22.9,72.3,0.905
41,-1,471.5,457,47.2,71.3,0.729
41,-1,1310.3,452.4,42.4,128.9,0.119
298,-1,1490.8,192.8,224.2,733.5,1
298,-1,847.7,246.4,72.4,194.9,1
298,-1,769.3,274.2,50.1,114.5,1
298,-1,1107.8,265,68.4,155.7,1
298,-1,1174.8,260.5,36.6,114.4,1
298,-1,929.5,264.8,51,135.3,0.999
298,-1,1053.4,257.6,40,135.3,0.999
298,-1,149.4,273.3,51.5,135.8,0.999
298,-1,1694.9,172.7,226.1,806.3,0.999
298,-1,306.9,281.3,57,162,0.999
298,-1,111.6,266.2,37.2,94.1,0.999
298,-1,345.8,254.2,71.4,193.2,0.998
298,-1,684.1,281,23.4,60.7,0.942
298,-1,699.9,278.6,22.3,60.5,0.82
298,-1,725.8,278.4,46,70.2,0.447
298,-1,976.9,271.8,31.8,71.8,0.405
298,-1,1021.7,273.6,23.2,54,0.401
33,-1,312,436.7,113.6,262.2,1
33,-1,122.9,451.4,89.2,200,1
33,-1,1244.6,419.8,97.6,302.4,1
33,-1,905.1,452.8,43.9,110.9,1
33,-1,1361.7,463.2,44.2,109.8,1
33,-1,17.5,457.6,36.6,84.1,1
33,-1,222,461.3,69.8,183.8,1
33,-1,953.6,445.7,48.5,120.1,1
33,-1,1160.4,449.3,75.6,173.9,0.999
33,-1,869.7,451.6,30.8,87.6,0.993
33,-1,595.5,462.3,23.4,74.7,0.993
33,-1,486.2,461.8,22.3,60.3,0.954
33,-1,505.7,461.2,22.4,61.9,0.947
33,-1,521,461.8,22.1,62.1,0.925
33,-1,570.7,462.8,22.7,67.4,0.908
33,-1,534.2,457.6,39,68.5,0.364
33,-1,63.8,451.9,25.2,67.4,0.294
33,-1,44.4,454.5,27.2,72.6,0.078
26,-1,1310.2,411.9,94.2,290.6,1
26,-1,462.4,442.5,107.1,234.1,1
26,-1,1055,436.2,46.4,123.2,1
26,-1,1451.6,450.2,45,110.9,1
26,-1,256.9,453.4,82.1,185.8,1
26,-1,354.8,457.7,66.7,178.8,1
26,-1,171.5,448.8,32.3,79.5,0.999
26,-1,1000.4,447.6,39.2,105.4,0.997
26,-1,695.5,458.9,23.9,75.7,0.994
26,-1,972.8,444,31.2,85.3,0.985
26,-1,610.5,454.6,22.4,61.6,0.965
26,-1,624,455.4,22.6,60.6,0.949
26,-1,405.1,450.9,63.3,182.3,0.941
26,-1,654.7,457.8,22.8,61.4,0.935
26,-1,597.1,455.8,24.5,58.2,0.801
26,-1,1267.3,434.8,69.9,192,0.452
26,-1,712.6,461.2,21.7,70.4,0.215
26,-1,724.1,457.7,21.9,63.7,0.207
26,-1,196.5,446.9,26.5,63.8,0.166
26,-1,950.7,442.2,25.4,63.8,0.126
160,-1,820.9,342.5,43.1,130.2,1
160,-1,1006.4,348.4,71.6,169.3,1
160,-1,1119.7,327.7,62.7,177,1
160,-1,38.5,339.4,117.9,254.1,1
160,-1,343.5,363.2,52.7,132.5,1
160,-1,236.7,368.3,37,103.5,1
160,-1,748.1,374.6,33.7,50.4,1
160,-1,896.2,342.9,49.9,133.6,1
160,-1,624.3,345.7,63.1,146.8,0.999
160,-1,539.8,358.9,38.3,109.8,0.999
160,-1,1733,298.9,188,633.4,0.999
160,-1,1571.8,342.8,65.9,156.3,0.998
160,-1,1.5,373.1,57.5,206.2,0.997
160,-1,516.6,365.9,30.8,95.4,0.96
160,-1,194.7,365.7,22.6,67.2,0.953
160,-1,934.8,342.8,36.2,108.4,0.894
160,-1,182,366.6,21,66.2,0.47
139,-1,41,348.3,106.7,238.2,1
139,-1,755,360.4,39.8,117,1
139,-1,960.7,361.9,71.2,169.4,1
139,-1,676,382.5,40.3,54.9,1
139,-1,1039.2,343.8,56.3,160.4,1
139,-1,854.7,357.6,50.8,129.2,1
139,-1,1465.9,365.3,54.7,140.9,1
139,-1,271.8,370.2,56.9,135,1
139,-1,180.4,375.3,34.9,104.7,0.999
139,-1,487.3,368,35.2,103.5,0.996
139,-1,939.6,356.8,34.1,114.9,0.975
139,-1,1778,330.4,143,589.7,0.892
139,-1,456.9,375.2,25.8,82.5,0.696
198,-1,1395.7,310.7,197.6,642.1,1
198,-1,227.3,335.5,57.3,136.4,1
198,-1,1609.4,289.7,269.6,669.3,1
198,-1,513.2,319,67.3,174.2,1
198,-1,1081.6,312.9,76.2,229.8,1
198,-1,871,342.5,65.4,163.6,1
198,-1,713.6,333.3,48.6,138,1
198,-1,387.2,331.9,43.9,123.4,1
198,-1,772.6,331.9,54.4,137.8,1
198,-1,832.7,332.5,43.4,123.3,0.999
198,-1,68,338.7,42.4,111.4,0.998
198,-1,931.1,337,37.7,115.5,0.998
198,-1,663.8,366.2,35.7,49.7,0.998
198,-1,37.3,337.2,26.3,70.7,0.983
198,-1,362.8,347.3,28.1,96.6,0.886
198,-1,56.8,336.5,26.5,88.7,0.345
112,-1,1697.2,363.7,221.2,549.4,1
112,-1,548.5,393.5,37.6,104.7,1
112,-1,812.1,394.1,66.1,168.2,1
112,-1,477.8,412.7,38.9,51.9,1
112,-1,1247.8,401,46.9,125.1,0.999
112,-1,44.7,395.5,59.4,151.7,0.999
112,-1,670.1,388,43.3,124.8,0.998
112,-1,705.3,382.8,47.4,128.6,0.996
112,-1,309.9,393.9,37,97.3,0.996
112,-1,588.9,395.6,28.3,68.3,0.986
112,-1,745.5,388.1,32.9,109.9,0.984
112,-1,293.4,401.9,30.3,86.3,0.465
112,-1,1215.2,411.6,26,95.7,0.296
112,-1,275.5,403.8,23.1,73.4,0.269
17,-1,1157.1,416.2,50.3,120.6,1
17,-1,583.8,415.1,99.7,224.3,1
17,-1,1541.4,438,43.7,108.8,1
17,-1,1369.7,400.5,92.2,267.7,1
17,-1,379.5,432.9,80.9,186.3,1
17,-1,515.6,434.3,63.7,181.6,1
17,-1,1103.7,430,40,105.4,1
17,-1,298.6,438.3,31.9,70.7,1
17,-1,461.7,439,65.6,175.5,0.999
17,-1,1052.6,428.9,34,85.1,0.999
17,-1,794.8,441,20.8,68.4,0.988
17,-1,709,436.9,22.8,63.4,0.951
17,-1,735,439.7,23.2,62.3,0.907
17,-1,687.9,442.2,26.5,65.6,0.687
17,-1,744,435.6,36.7,71.3,0.493
17,-1,1074.4,429.3,27.2,84.1,0.448
17,-1,317.6,435.7,26.2,63.5,0.155
309,-1,1476.3,201.4,231.5,747.7,1
309,-1,1096.5,270.2,65.9,154.9,1
309,-1,799.7,249.7,73.2,202.7,1
309,-1,267,241.9,75.7,213.1,1
309,-1,41.4,257.3,36.5,96.5,0.999
309,-1,909.7,266.4,45.6,131,0.999
309,-1,91.1,260.1,49.8,139.9,0.999
309,-1,1032.3,267.2,44.2,133.1,0.999
309,-1,1156.2,262.9,33.3,120.7,0.999
309,-1,730.5,271.4,44.7,118.4,0.998
309,-1,642.6,280,23.9,64.7,0.987
309,-1,227.8,273.1,56.8,179.3,0.985
309,-1,1728.5,187.5,192.5,800.5,0.975
309,-1,706.1,270.1,38.1,108.9,0.951
309,-1,979.1,277,22.2,50.6,0.942
309,-1,847,254.3,51.9,161.3,0.4
257,-1,1391,291.5,234.8,723.7,1
257,-1,23.4,313.9,87.8,201.3,1
257,-1,290.5,320.9,42.4,115.3,1
257,-1,1109.1,330.7,65.7,158.4,1
257,-1,671.5,292.9,83,202,1
257,-1,1208.2,324.6,36.5,120.1,1
257,-1,985.5,316.4,56.9,149.7,1
257,-1,542.6,305.4,52.2,150.5,1
257,-1,1674.1,259.8,246.9,779.8,1
257,-1,938.3,312.8,54.6,159.7,0.999
257,-1,818.8,326.7,24.5,64.3,0.999
257,-1,1078.6,318.6,47.8,127,0.997
257,-1,756.3,331.3,25,60.7,0.923
10,-1,1178.8,417.4,49.8,121,1
10,-1,1565.9,436,43.2,109.5,1
10,-1,623.9,425,85.7,204.8,1
10,-1,1126.4,429.7,40.7,108.4,1
10,-1,1362.7,401.1,79.2,247.7,1
10,-1,549.5,434.7,58.3,179,1
10,-1,422.8,430.7,76.6,184.6,1
10,-1,502.3,443.7,62.5,168.7,1
10,-1,342.9,438.8,31,68.4,0.999
10,-1,1427.8,426.1,70,183.5,0.998
10,-1,1077.6,427.8,36.2,86,0.996
10,-1,820.7,442.6,21.8,69.4,0.96
10,-1,775,438.7,24.8,63.9,0.946
10,-1,750.3,439.6,22.3,62.5,0.932
10,-1,799.8,440.7,23.2,65,0.922
10,-1,738.5,444.6,21.8,60.8,0.66
10,-1,832.5,442.7,22.2,67.7,0.268
72,-1,760.7,415.2,46.2,123.9,1
72,-1,1342,361,203.2,531.5,1
72,-1,712.7,422.4,42.2,115.7,1
72,-1,910.8,420.4,73.4,171.1,1
72,-1,1224.5,425,43,119.9,1
72,-1,486.9,419.9,49.1,128.5,1
72,-1,620,426.3,27.2,71.8,1
72,-1,832.9,413.6,41,116.7,1
72,-1,26,431.6,82,213.1,1
72,-1,526.4,428.3,37.5,91.6,0.972
72,-1,84.9,432.1,67.9,174.2,0.798
316,-1,1103,278.7,67.9,164.2,1
316,-1,1514.8,219.4,219.6,783.8,1
316,-1,912.6,281.8,46.9,132.1,1
316,-1,778.8,254.9,76.9,213.1,1
316,-1,1021.6,267.7,52.3,152.8,1
316,-1,22,273.2,36.1,103.2,1
316,-1,497.2,280.6,48.2,115.8,1
316,-1,219.7,260.6,81,222.7,1
316,-1,842.3,267.2,58.1,156.4,1
316,-1,695.1,283.8,44.3,122.5,0.999
316,-1,82.8,282.1,55.2,138.5,0.999
316,-1,1164,273,35.7,119.6,0.998
316,-1,647.5,293.6,22.4,63.9,0.932
316,-1,1757.6,208.3,163.4,753.7,0.638
316,-1,983.9,291.1,21.8,53.2,0.433
316,-1,185,277.7,57.5,194.8,0.23
302,-1,832.3,238.8,75.9,211.9,1
302,-1,1111.3,263.2,65.3,159.4,1
302,-1,1479.4,196.8,249.3,757.6,1
302,-1,925.5,267.8,53.2,136.1,1
302,-1,755.5,273.2,47.1,117.4,1
302,-1,131.3,268.9,51.2,135.4,1
302,-1,1047.2,262.9,44.7,134.4,0.999
302,-1,1173.7,261.5,35.5,119.3,0.999
302,-1,324.4,245.8,77.3,205,0.999
302,-1,92.7,264.8,36.4,93.2,0.999
302,-1,287.7,272.6,54.7,174.9,0.996
302,-1,1719.5,184,201.5,783.1,0.992
302,-1,676.5,282.6,23,60.4,0.987
302,-1,976.8,276.7,28.1,61.3,0.81
302,-1,703.1,280.6,22.5,61.8,0.743
302,-1,724.1,282.7,24.8,67.9,0.703
302,-1,1026.2,280.3,25.3,59.8,0.283
302,-1,740.8,279,33.7,98,0.279
302,-1,635.6,283.3,20.4,57.2,0.085
145,-1,49.8,346.7,105.8,244.3,1
145,-1,778,350.2,41.5,126.5,1
145,-1,978.5,360.6,68.9,167.5,1
145,-1,302.2,368,56.3,139.6,1
145,-1,1070,340.8,57.6,160.5,1
145,-1,875.5,352.4,49.6,130.7,1
145,-1,1502.8,367.7,56.6,134.8,1
145,-1,704.9,381.6,36.7,53.6,0.999
145,-1,206.4,374.8,34.4,106.5,0.999
145,-1,512.5,368.2,33.3,104.3,0.99
145,-1,492.1,374.6,28.8,85.1,0.897
145,-1,155,376.5,25.1,68.9,0.878
145,-1,811.6,359.1,28.8,70.1,0.428
145,-1,730.4,377.7,40.5,59.5,0.274
145,-1,548.8,354.3,59,148.9,0.223
145,-1,962.3,355.8,40,132,0.222
145,-1,1814.1,334.1,106.9,595.3,0.127
50,-1,51.1,433.6,158.7,332.5,1
50,-1,1026.7,437.3,70.9,177,1
50,-1,1237.1,390.3,101.9,378.2,1
50,-1,850,434.9,44.2,116.4,1
50,-1,188.7,448.3,72.2,205,1
50,-1,798.1,442.5,43.3,112.7,0.999
50,-1,474.9,457,27.7,81.3,0.999
50,-1,687.9,448.5,28.6,71.1,0.998
50,-1,766.9,440.3,36.4,92.7,0.996
50,-1,433.3,459.2,23.3,65.8,0.96
50,-1,386.6,460.4,21.7,60.5,0.939
50,-1,371.5,461.7,20.1,56.5,0.937
50,-1,407.8,458.9,21.8,63,0.923
50,-1,881.7,437.4,34.7,105.2,0.775
50,-1,5.9,520.6,29.1,132.4,0.558
179,-1,1538.6,317.9,200.9,614,1
179,-1,516.6,336.4,78.2,171.7,1
179,-1,714.9,342.2,42.5,134.9,1
179,-1,788.3,341.3,50,135.4,1
179,-1,1048.8,314.8,66.6,203.7,1
179,-1,887.3,343,65.1,165,1
179,-1,223.1,364.4,52.5,132.3,1
179,-1,407.6,352.8,43.7,123.6,1
179,-1,1725.7,283.4,195.3,646.6,1
179,-1,1493.4,336.5,61.2,163.9,1
179,-1,650.5,372.1,36.9,53.4,0.999
179,-1,948,343.8,37.6,100.7,0.999
179,-1,89.5,370.3,41.4,112.5,0.999
179,-1,835.5,341,36.7,116.5,0.985
179,-1,49.7,371.9,23.6,67.6,0.973
179,-1,391.3,365.1,31.2,99.5,0.74
179,-1,66,372.3,22.1,77.6,0.685
179,-1,200.9,375.6,32.2,99.8,0.162
179,-1,137.3,379.4,21.5,80.5,0.099
179,-1,685.9,366.9,34.8,69.2,0.092
299,-1,1487.7,189.6,234.6,747,1
299,-1,845.4,245.6,72.5,196.7,1
299,-1,1108.4,267,68.4,154.4,1
299,-1,764.3,271.3,51.4,120.1,1
299,-1,1051.7,258.5,40.8,138.7,1
299,-1,928.7,266.1,53.7,134.5,1
299,-1,1174.9,261.1,36.8,117.2,0.999
299,-1,299.9,278.6,61.6,167,0.999
299,-1,147.2,272.6,51.6,137.9,0.999
299,-1,1685.1,176.5,235.9,785.4,0.999
299,-1,109.3,268.4,35.8,94.2,0.999
299,-1,340.8,255.5,73.9,190.4,0.998
299,-1,678.4,282,24.4,62.7,0.969
299,-1,705.4,281.8,22.4,60.2,0.782
299,-1,976.4,274.1,31.7,72.4,0.476
299,-1,725.2,280.3,44.4,71.7,0.408
299,-1,1023.3,277.2,24.1,55.4,0.255
299,-1,128.6,267.9,36.3,116.4,0.168
235,-1,1378.8,328.1,226.6,702.6,1
235,-1,1,345.1,61.5,191.1,1
235,-1,630.2,321,89.5,197.1,1
235,-1,1034,357.9,69.7,162.5,1
235,-1,1637.3,344.2,261.4,683.4,1
235,-1,251.1,343.4,41.5,113.6,1
235,-1,1131.5,356.5,35.1,111.3,1
235,-1,925.3,350.5,53.6,141.9,1
235,-1,884.2,347.1,51.7,146.7,1
235,-1,749.5,351.8,25.9,67.8,0.999
235,-1,453.5,339.1,49.9,128.1,0.999
235,-1,501.3,341.4,44.4,132,0.992
235,-1,227,338.2,28.1,75.3,0.974
235,-1,853.7,372.4,30,48.4,0.757
235,-1,214.1,331.2,25.8,68.9,0.59
235,-1,979.9,359.3,31.7,87.6,0.107
314,-1,1015,265.3,52.1,146.5,1
314,-1,1500.2,209.7,219.7,787.5,1
314,-1,1097.6,273.5,65.7,163.8,1
314,-1,704.3,281,45.1,124.2,1
314,-1,779.9,264.6,71,196.6,1
314,-1,904.2,276.9,48,131.8,1
314,-1,843.6,266,56.8,153.9,1
314,-1,79.7,276.7,53.5,144.7,0.999
314,-1,490.5,276.5,51.2,113.6,0.999
314,-1,225.7,252.2,75.7,221.1,0.999
314,-1,21.2,272.7,36.8,99.9,0.999
314,-1,1149.6,274.3,43.8,125.4,0.995
314,-1,637.7,292.9,23.3,59.3,0.991
314,-1,1736.5,201.2,184.5,809,0.96
314,-1,179.6,270.9,62.4,190.1,0.754
314,-1,932,281.8,32.2,83.1,0.634
314,-1,42.1,276.5,36.4,101.8,0.254
314,-1,685.4,285.4,41.5,89.9,0.096
314,-1,573.9,293.4,23.8,76.3,0.062
211,-1,1409.9,338.5,198.9,668.7,1
211,-1,345.2,362.1,52.8,129.3,1
211,-1,1657.3,331.4,245.9,668.7,1
211,-1,576.2,346.7,80.7,180.5,1
211,-1,957.1,372.4,64.6,157.8,1
211,-1,167.9,363.6,41.4,114.7,1
211,-1,803.6,354.5,51.2,147.3,1
211,-1,466.9,351.6,47.2,131.1,1
211,-1,860.8,354.5,54.3,143,1
211,-1,1024,359.8,37.9,121.6,0.999
211,-1,1196.4,333.9,86.6,263.3,0.999
211,-1,766.1,388.1,40.3,57.6,0.986
211,-1,139.2,363.9,26.1,66.4,0.979
211,-1,923.2,363.1,43.8,120.1,0.973
211,-1,657.8,369.5,23.2,60.2,0.73
211,-1,124.8,365.1,21.6,57.8,0.268
211,-1,450.1,362.9,31.7,105,0.211
151,-1,812.9,350.3,43.1,126.6,1
151,-1,343.3,372.5,52.9,133.1,1
151,-1,57.1,349.9,114.9,249.4,1
151,-1,1006.9,359.2,70.2,169.8,1
151,-1,1112,334.9,61,174.7,1
151,-1,738.2,382.9,40.3,51.9,1
151,-1,901.5,353.1,49.7,128.7,1
151,-1,4.5,391,64.3,195.9,1
151,-1,1546.6,360.6,57.7,144.5,1
151,-1,236.1,375.3,35.2,105.7,0.999
151,-1,538.6,370.1,33.8,103.2,0.998
151,-1,516.5,378.7,27.9,84.4,0.937
151,-1,192.3,375.3,22.5,66.6,0.924
151,-1,1796.9,333.3,124.1,597.4,0.861
151,-1,931.2,350.8,34.1,115.7,0.091
324,-1,1582.8,186.4,225.5,813.7,1
324,-1,769.4,249.5,85.7,222,1
324,-1,1138.9,265.2,67.4,158.2,1
324,-1,525.1,276.9,49.8,116.3,1
324,-1,923.8,270.1,52.6,134.5,1
324,-1,32.2,280.4,36.2,98.7,1
324,-1,1058.4,259.2,48.8,147.6,1
324,-1,1200.1,259.1,39.4,124.3,1
324,-1,85,280.3,59.9,147.1,1
324,-1,850.5,258,60.3,160.6,0.999
324,-1,157.4,283.3,73,206.4,0.998
324,-1,193.9,249,85.6,233.2,0.996
324,-1,664.7,286,22.4,62.9,0.993
324,-1,1002.3,277.7,22.9,52.4,0.965
324,-1,983.2,280.8,26.4,54.3,0.854
324,-1,755.4,283.1,24,65.6,0.811
324,-1,711.1,282.7,20.9,59.2,0.68
324,-1,965.4,277.2,29.5,79.1,0.16
324,-1,686.6,281.3,37.7,66.9,0.157
61,-1,833.6,428.6,42.9,112.6,1
61,-1,785.3,425,43.4,119.4,1
61,-1,953.4,433.3,72.4,170.5,1
61,-1,636.1,435.5,27.3,68.4,1
61,-1,1260.2,375.6,118.9,448.6,1
61,-1,81,439.4,82.3,212.4,1
61,-1,737.3,433.6,43.7,109.4,0.999
61,-1,18.3,449.9,68.1,198.5,0.998
61,-1,1230.3,435.3,45.1,118.2,0.994
61,-1,328.8,453.1,22,60.8,0.963
61,-1,373.5,455.5,22.5,63.3,0.962
61,-1,715.4,435.4,36.5,88.2,0.959
61,-1,347.6,452.4,21.3,62.2,0.939
61,-1,385.9,463.2,22.6,56.1,0.666
301,-1,1483.3,188.4,243.1,755.4,1
301,-1,840.3,244.2,70,202.8,1
301,-1,759.7,269.7,47.5,118.7,1
301,-1,1110.1,265.6,68,155.9,1
301,-1,138.8,268.7,52.2,138.2,1
301,-1,96.6,271.5,37.3,88.8,1
301,-1,928,266.5,54.3,134.5,1
301,-1,1045.7,261.5,46.2,139.1,0.999
301,-1,1173.5,260.7,37.3,118.5,0.999
301,-1,291.4,272.3,56.5,172.9,0.998
301,-1,333.4,249.7,71.5,196.2,0.998
301,-1,1708.3,175.4,212.7,794,0.997
301,-1,678.1,281.4,23.7,63.1,0.993
301,-1,974.4,270.7,28.4,67.2,0.797
301,-1,691.6,281.2,23,60.7,0.75
301,-1,704.5,280.8,22.8,60.7,0.677
301,-1,1019,274.9,21.7,58.9,0.255
301,-1,723.9,278.4,50.6,79.2,0.135
98,-1,840.9,400.1,73.4,174.7,1
98,-1,719.6,395.4,48,126.2,1
98,-1,545,403,34.4,97.1,1
98,-1,1235,408.3,44.7,124.7,1
98,-1,604.3,403.3,28,72.3,1
98,-1,324.3,404.4,35.9,93.7,1
98,-1,680.3,396.5,41,118.5,0.999
98,-1,484.5,421.5,43,52.1,0.998
98,-1,299.3,409.3,26.1,73.6,0.794
98,-1,1788.3,393.4,132.7,527.9,0.177
98,-1,347.4,409,30.2,86.4,0.137
201,-1,727.2,340.4,48.3,143.8,1
201,-1,514.8,329.4,80.9,174.4,1
201,-1,1392.4,311,190,656.9,1
201,-1,246.3,347.1,55.2,133.5,1
201,-1,1616.2,291.1,265.9,682.9,1
201,-1,1101,318.5,76.5,239,1
201,-1,886,352.8,64.8,160.3,1
201,-1,781.2,337.8,54,143.9,1
201,-1,398.3,343.9,41.8,118.7,0.999
201,-1,89.5,342.5,39.9,111.2,0.999
201,-1,847.9,339.5,41.8,127.2,0.998
201,-1,945.6,345.8,31.7,114,0.996
201,-1,678.1,372.3,38.3,54.3,0.971
201,-1,1565.3,363.3,60.3,174.4,0.953
201,-1,372.1,352.7,37.2,105.5,0.81
201,-1,358.6,357.9,27.2,96.2,0.636
201,-1,69.9,339.4,33,95.8,0.178
201,-1,50.8,340.1,25.1,76.7,0.092
201,-1,830.8,340.5,34.7,131,0.074
310,-1,1479.6,199.7,231.3,750.2,1
310,-1,1095.9,271.5,66.8,154.4,1
310,-1,84.5,261.6,53.5,142.2,1
310,-1,798.8,253.8,69.9,201.3,1
310,-1,906.7,269,46.7,131.2,1
310,-1,35.7,258,36.6,97.1,1
310,-1,725.2,274.1,45.1,121,0.999
310,-1,255.9,243.2,79.4,209,0.999
310,-1,1029.5,268.6,44.8,133.1,0.999
310,-1,1152.9,263.8,35.2,124.8,0.998
310,-1,217.4,266.5,57.2,189.2,0.997
310,-1,641.5,281.2,23.7,63.3,0.987
310,-1,697.9,273.2,38.4,107.9,0.986
310,-1,1738.2,182.9,182.8,834.9,0.955
310,-1,984.2,277.9,20.9,51.3,0.791
310,-1,944.8,275.3,30.4,72.8,0.647
310,-1,846.1,259.5,50.8,159.5,0.463
137,-1,30.3,347.6,107.2,244.4,1
137,-1,745.2,359.7,39,119.4,1
137,-1,1027.8,345.5,56.4,161.8,1
137,-1,953.2,365.8,72,168.6,1
137,-1,260,373.5,58.8,139.1,1
137,-1,1452.9,367.8,54.9,143.6,1
137,-1,845.8,361.3,49.4,130.5,1
137,-1,670.2,385.6,40,54.8,1
137,-1,170.6,378.5,35.2,104.6,0.997
137,-1,458.6,379.5,28,86.2,0.973
137,-1,931.1,363,33.6,106.6,0.968
137,-1,474.3,378.6,30.4,96.3,0.941
137,-1,1769.7,324.6,151.3,587.4,0.938
137,-1,784.5,366.8,24.9,60.8,0.915
137,-1,495.8,369.5,49.5,121.9,0.699
137,-1,694.5,386,33.8,54.5,0.297
137,-1,195.3,383.6,25.6,94.9,0.102
322,-1,770.7,252.8,88.1,212.3,1
322,-1,1132.8,270.8,66.1,153.5,1
322,-1,1569.6,216.8,217.7,746.2,1
322,-1,519.6,277.9,50.9,116.6,1
322,-1,920.3,272.2,52.5,135.8,1
322,-1,1194.4,263.4,39.3,125.8,1
322,-1,1054.7,264,46.4,144.6,0.999
322,-1,849.7,261.3,56.7,151.3,0.999
322,-1,32.5,279.8,35.5,97.6,0.999
322,-1,86,284.3,55,143.5,0.999
322,-1,202.7,252.5,83.5,231.9,0.997
322,-1,166,282.3,72.8,208.6,0.997
322,-1,991.8,279.6,23.6,55.1,0.993
322,-1,662.3,287.3,23.4,63.9,0.962
322,-1,758.3,282.3,24.2,67.9,0.937
322,-1,718.8,282.7,22.2,59.5,0.865
322,-1,972.7,281.8,29.5,63.5,0.466
322,-1,683.9,283.9,40.8,68.6,0.38
322,-1,1004.5,276,24.3,56.7,0.204
327,-1,766,248.6,89.9,220,1
327,-1,1155.2,269.7,67.3,157.6,1
327,-1,1592.5,202.4,261.7,781.9,1
327,-1,934,271.2,54.2,138.4,1
327,-1,1067.1,257.3,51.1,155.1,1
327,-1,35.3,281.3,34.9,99.1,1
327,-1,169.5,251.4,104.4,244.9,1
327,-1,864.3,260.5,58.7,153,0.999
327,-1,538.9,275.3,49.8,122.7,0.999
327,-1,1215.4,264,37.3,120.5,0.999
327,-1,89,277.1,57.4,151.4,0.999
327,-1,1006.6,281.7,22.8,55,0.995
327,-1,751,280.7,24.9,65.4,0.861
327,-1,667.1,283.3,22.4,70.5,0.838
327,-1,713.1,280.9,22.9,62.7,0.814
327,-1,683.4,280.7,36.8,71.9,0.291
327,-1,973.2,273,39.5,90.9,0.053
53,-1,14.4,420.9,173.3,354.3,1
53,-1,1005.3,437.6,72.3,175.8,1
53,-1,1241,387.1,104.9,389.6,1
53,-1,674.6,441.5,27.3,76.1,1
53,-1,784.7,442.1,40.9,109.4,1
53,-1,166,442.8,75,202,1
53,-1,831.9,435.3,47.7,120,0.999
53,-1,461,453.4,27.6,83.9,0.999
53,-1,869.2,437.8,41.1,105.4,0.992
53,-1,756.7,441.7,36.6,88.8,0.975
53,-1,398.8,453.5,22.1,65.1,0.949
53,-1,355.5,457.6,20.6,58.9,0.939
53,-1,386.1,454.4,22.5,62,0.918
53,-1,367.9,456.1,25.9,63.1,0.866
275,-1,676.7,278.7,90.1,212.1,1
275,-1,1451.9,262.9,241.7,742.4,1
275,-1,26.7,305.7,81.2,193,1
275,-1,1153.9,307.4,71.4,164.1,1
275,-1,1238.9,303.7,36.6,118.8,1
275,-1,955.9,291.9,64.7,171,1
275,-1,1112.7,295.7,49.7,138.4,1
275,-1,280.9,296.5,41,120.7,0.999
275,-1,1706.9,250.2,214.1,764.7,0.999
275,-1,913.3,308.6,45,115.5,0.999
275,-1,846.9,312.5,22.3,61.7,0.996
275,-1,508.6,289.7,63.6,163.6,0.995
275,-1,566.9,295,57.4,127.2,0.871
275,-1,802.3,313.4,21.6,59,0.777
275,-1,789.9,314.8,21.8,58.8,0.745
275,-1,1059.8,316.8,22.3,53.4,0.439
275,-1,752.5,308.6,30.4,88.8,0.092
67,-1,929.5,424.1,71.6,179.4,1
67,-1,1225.9,433.3,41.7,114.3,1
67,-1,723.7,430.7,42.3,115.9,1
67,-1,1298,360.6,189.2,493.9,1
67,-1,770.8,420.9,46.9,124,1
67,-1,833.7,421,43.9,118.9,1
67,-1,52.6,438.7,83.8,210,1
67,-1,628.3,433.1,27.9,72.5,1
67,-1,1.4,441.8,52.3,210.7,1
67,-1,307.2,450.9,19.7,59.6,0.957
67,-1,318,449.2,20.7,61.4,0.926
67,-1,328.8,449.1,22.1,62.3,0.801
67,-1,533.2,437.3,34.7,83.6,0.316
67,-1,115.5,445.3,52.3,165,0.202
11,-1,1562.9,437,43.1,109,1
11,-1,1124,431.2,40.6,106.3,1
11,-1,614.3,422.5,93.3,209.8,1
11,-1,1176.8,417.8,48.3,120.6,1
11,-1,1364.3,397.5,80.5,252.7,1
11,-1,544.8,435,60.8,179.5,1
11,-1,416.2,431,73.2,186.1,1
11,-1,497.6,440.4,61.6,170.1,0.999
11,-1,335.6,438.5,33,72.1,0.999
11,-1,1076.8,428,36.8,85.3,0.998
11,-1,1423.5,428.4,74,184.4,0.995
11,-1,817.9,442.9,21.3,70.1,0.943
11,-1,741.9,442,22.3,62.6,0.935
11,-1,772.2,441.4,22,63.3,0.933
11,-1,725.6,444.2,23,62.9,0.922
11,-1,795.8,442,22.8,66.3,0.919
11,-1,830.1,442.1,20.7,68.5,0.306
60,-1,956.3,433.9,70.2,170.8,1
60,-1,836.4,427.2,43.1,111.5,1
60,-1,789.6,424,42.1,121.7,1
60,-1,89.8,442.5,78.1,204.8,1
60,-1,637.7,437.3,27.1,69.8,1
60,-1,1252,378.6,129.5,428.8,1
60,-1,736.9,433.3,44.4,113.4,0.999
60,-1,19.1,442.9,72.4,209.1,0.999
60,-1,711.7,431.2,32.1,89.7,0.958
60,-1,353.9,449.6,22.4,68.1,0.94
60,-1,329.4,452.5,21,62.8,0.938
60,-1,371.2,452.4,22.9,65,0.923
60,-1,342,449.4,20.7,70.7,0.853
60,-1,311.2,456,21.2,58.6,0.843
60,-1,392.9,459.4,22.9,58.1,0.555
60,-1,1231.5,438.8,39.7,117.2,0.38
60,-1,300.7,456.4,19.4,59.9,0.137
36,-1,251.5,439.3,124.2,284.7,1
36,-1,85.5,453,85.7,205.3,1
36,-1,876.1,460.6,43.8,108.2,1
36,-1,1127.9,455.8,74.3,170.1,1
36,-1,1236.1,416.2,98.1,333,1
36,-1,924.9,449.3,48.5,119.5,1
36,-1,183.4,468.3,64.7,186.6,1
36,-1,1334.4,468.1,42.6,103.4,1
36,-1,842.2,455,32.7,89.8,0.993
36,-1,567.5,469.3,23.7,73.3,0.989
36,-1,459.9,470.2,23.5,58.7,0.964
36,-1,475.5,468,23.9,63.3,0.953
36,-1,490.6,466.8,22.8,65,0.94
36,-1,534.7,466.6,23.2,68.8,0.938
36,-1,546.1,467.7,34.7,76.6,0.347
36,-1,591.6,466.4,20.1,67.2,0.132
247,-1,1363,310.3,243.4,710.2,1
247,-1,1.7,318.6,85.4,202.7,1
247,-1,1615.6,303,305.4,756.9,1
247,-1,275.2,321.3,42.2,117.3,1
247,-1,663.3,306.4,75,193.1,1
247,-1,1071.6,338.5,69.2,165,1
247,-1,1169.4,339.9,35.7,117.1,1
247,-1,917.9,322.7,50.6,159.1,0.999
247,-1,790.8,343.3,24.1,61.4,0.999
247,-1,962.4,331,52.3,148,0.999
247,-1,886.3,356,29.3,51.8,0.418
127,-1,667.2,383.7,39.5,110.2,1
127,-1,422.6,380.1,61.1,145.7,1
127,-1,782.9,379.1,53.5,131.4,1
127,-1,887.9,382.1,72.7,175.4,1
127,-1,2.6,375,85.4,239.2,1
127,-1,595.1,409.3,35.3,51.3,1
127,-1,172.9,396.4,59.6,142.8,1
127,-1,1360.9,383.4,48.9,136.8,1
127,-1,952.9,369.6,49.6,145.6,0.999
127,-1,1763.9,361.6,157.1,555.9,0.999
127,-1,84.7,403.1,33.2,99.7,0.996
127,-1,859.2,378.7,30.7,112.4,0.993
127,-1,388.1,404,26.3,77.7,0.724
127,-1,758.3,391.5,29,92.6,0.597
127,-1,837.5,376.9,27.9,107.5,0.07
63,-1,783.2,425.8,43.8,120.6,1
63,-1,944.8,432,72.1,170.8,1
63,-1,833.8,429.6,43.7,112.1,1
63,-1,71.4,445.3,80.9,203.4,1
63,-1,633.2,438.5,28,70.3,1
63,-1,1226.5,440.3,41.9,109.4,1
63,-1,730.3,437.1,43.4,110.2,1
63,-1,7.3,448,71.2,200.4,1
63,-1,1269.6,375.9,138.8,446.7,1
63,-1,348.6,451.7,21.9,66.1,0.948
63,-1,318.6,456.2,20.8,59.3,0.933
63,-1,364.8,453.9,21.9,64.5,0.597
63,-1,713.1,438.7,26.7,86.8,0.579
63,-1,332.7,450.9,20.8,66.3,0.411
63,-1,299.2,457.2,20.6,59.5,0.32
63,-1,135,447,47.8,157.3,0.096
63,-1,696.7,441.8,27.6,74.2,0.086
326,-1,1594.6,189,238.4,790,1
326,-1,771.7,244.1,85.7,227.7,1
326,-1,1147.8,267.4,64.5,158.9,1
326,-1,1062.1,255.6,52.1,154.9,1
326,-1,36.2,284.5,34.8,94,1
326,-1,533.3,275.3,48.7,121,1
326,-1,1209.3,260.3,39.7,123.6,1
326,-1,928.6,269.5,53.7,137.8,1
326,-1,92.4,282,53.6,146.9,0.999
326,-1,149.1,278.8,80.1,209.7,0.999
326,-1,856.7,258.1,59.5,160.3,0.999
326,-1,1005.9,279.7,23.5,51.7,0.996
326,-1,666.4,284.1,22.3,68.1,0.966
326,-1,190.9,257.6,83.5,227.6,0.916
326,-1,754.6,283.4,24.6,63.8,0.906
326,-1,715.5,281.7,22.2,61.1,0.823
326,-1,978.6,279.6,28.4,61.2,0.775
326,-1,689.1,280.8,38.7,70.3,0.227
44,-1,152.2,432.8,144,295.4,1
44,-1,1071.6,438.9,74.2,177.1,1
44,-1,1217.4,408.6,121.1,338.8,1
44,-1,9.3,449.1,88.8,206,1
44,-1,874.5,437.3,48.5,120.1,1
44,-1,513.1,458.9,24.7,78.9,1
44,-1,830.3,444.7,42,111.5,0.998
44,-1,721.8,451.6,30.1,69.8,0.996
44,-1,802,440.8,32.6,90.2,0.993
44,-1,419.4,460.2,21.7,60.3,0.955
44,-1,443.2,459.1,21.8,63.6,0.94
44,-1,459.5,459.2,23.6,66.1,0.935
44,-1,407.4,460.1,20.4,58.5,0.866
44,-1,111.7,463,54.9,178.1,0.637
44,-1,474.4,458.3,44.7,70.8,0.476
7,-1,1567.2,431.6,41.8,107.6,1
7,-1,1356.4,402,85.3,233.7,1
7,-1,640.4,417.3,82.1,206.4,1
7,-1,436.9,430.4,77.2,182.7,1
7,-1,1435.6,434.6,75.8,175.1,1
7,-1,562.5,433.9,58.2,176.1,1
7,-1,1191.8,412.8,51.3,122.1,0.999
7,-1,516.2,433.4,63.7,176.4,0.999
7,-1,1138.8,422.6,38.5,106,0.997
7,-1,362.1,436.5,30.3,73.7,0.995
7,-1,831.1,434.5,22.5,72.5,0.983
7,-1,1092,427.2,32.1,76.4,0.966
7,-1,814.5,434.9,22.7,65.6,0.923
7,-1,770.9,433.3,20.3,60,0.91
7,-1,742.8,436.4,22,59.2,0.866
7,-1,1110.1,427.3,29.3,83.7,0.809
7,-1,728.6,444,22.1,65.3,0.524
7,-1,604.2,443.6,39,121.1,0.068
220,-1,1386.5,348.1,225.2,688.5,1
220,-1,1639.8,332.9,272.9,716.9,1
220,-1,393,361.5,52.9,129.5,1
220,-1,600.5,346.2,88.2,182,1
220,-1,992.7,374.3,66.5,162,1
220,-1,212.3,361.6,41,117,1
220,-1,841.3,359.4,52.4,146.2,1
220,-1,895.9,360.8,51.2,141.1,1
220,-1,1259.2,331.9,93.9,293,1
220,-1,1073.5,373.5,36.2,112,1
220,-1,499.4,355.3,47.3,128.3,0.995
220,-1,474.2,375.1,33.9,112.2,0.988
220,-1,805.5,390.6,39.4,52.5,0.985
220,-1,691.9,374.5,24.4,61.1,0.978
220,-1,185.4,364.6,25.6,66.8,0.976
220,-1,968.3,366,39.9,119.3,0.96
220,-1,197.8,362.4,31.5,89,0.477
86,-1,1216.8,429.6,43.9,120.4,1
86,-1,520.5,417.5,38.8,97.7,1
86,-1,863.1,416.9,71.5,173,1
86,-1,1,402.6,82.4,208.3,1
86,-1,1530,330.6,243.6,740.2,1
86,-1,737.1,411.8,47.4,125.3,1
86,-1,599.4,420.3,27.3,71.9,1
86,-1,689.9,415.9,43.1,117.6,1
86,-1,435.1,413.4,67.5,127,1
86,-1,821.1,410.6,44.6,123,1
86,-1,73.9,425.7,52,148.8,0.371
204,-1,1386.2,330,212.2,659.5,1
204,-1,276.5,358.8,51.8,128.1,1
204,-1,536.5,342,72.8,174.2,1
204,-1,110.9,361.2,40,110.5,1
204,-1,1122.3,325.8,84.3,254.1,1
204,-1,905,359.6,70.7,170.4,1
204,-1,1624.8,323.8,242.4,668.7,1
204,-1,749.6,354.8,50.2,141.6,1
204,-1,802.5,352.6,53.2,141.1,1
204,-1,418.4,356.5,41.8,118.6,0.999
204,-1,965.4,359.4,36.6,113.6,0.998
204,-1,873.3,356.5,40.6,124.9,0.995
204,-1,703.4,385.5,38.5,52.6,0.995
204,-1,76.6,357.1,28.1,72.4,0.954
204,-1,395.7,366.6,29.6,98.3,0.918
8,-1,1184,417.2,48.4,120.9,1
8,-1,1358.4,404.2,80.5,234.7,1
8,-1,631.4,415.4,91.2,212,1
8,-1,1564.1,435.7,42.5,107.8,1
8,-1,1129.5,430.5,41,104.8,1
8,-1,431.7,430.5,76.2,185.6,1
8,-1,1431.4,430,73.1,176.6,1
8,-1,351.5,438.2,29,70.8,1
8,-1,552.9,431,62,183.4,1
8,-1,513.5,441,62.9,171.7,0.999
8,-1,1083.3,429.1,33.2,80.7,0.997
8,-1,826,441.9,21.2,69.3,0.969
8,-1,776.1,441.1,23.4,63.6,0.938
8,-1,752.6,443,22.2,61.1,0.929
8,-1,803.4,441.8,22.8,64.1,0.924
8,-1,740.3,445.3,21.7,60.7,0.881
32,-1,328.4,428.6,119.1,268.2,1
32,-1,965.7,443.1,48.2,118.2,1
32,-1,1250.6,416.2,93.3,307.5,1
32,-1,34.7,454.8,34.4,78.6,1
32,-1,918.8,450.4,39.9,108.6,1
32,-1,236.3,457.5,68.3,184.8,1
32,-1,143.1,447.2,81.9,202.9,1
32,-1,1170.5,445.5,76.6,178.6,1
32,-1,1372.2,458.4,43.1,110.9,1
32,-1,606.1,459.9,24.4,77.3,0.998
32,-1,879,445.1,33.7,88.1,0.997
32,-1,504.8,458.3,21.5,62,0.954
32,-1,560.7,458,21.9,65,0.93
32,-1,525.6,457.6,21.7,63.9,0.927
32,-1,492,457.9,21.1,60.4,0.905
228,-1,1380.7,334.9,222,675.5,1
228,-1,607.1,340.5,84.1,183.1,1
228,-1,1009.5,368,68.4,161.9,1
228,-1,226,351.4,43.2,117.1,1
228,-1,1096.1,367.1,36.5,116.7,1
228,-1,419.2,355.5,52.7,124.5,1
228,-1,1631.6,326.7,280.5,711.3,1
228,-1,856.7,352.8,53.4,151.1,1
228,-1,905.6,358.2,53.9,140.9,1
228,-1,719.4,365.3,25,66,0.999
228,-1,1311,321.6,107.5,324.9,0.999
228,-1,196.8,350.4,28.6,74.9,0.976
228,-1,498.6,352.3,44.4,127.4,0.973
228,-1,824,386.2,30.2,47.8,0.885
228,-1,211.7,352.3,28.9,95,0.671
228,-1,477,366.9,38.8,111.7,0.56
228,-1,990.1,363.5,43.6,127.8,0.111
210,-1,1401.4,341.5,210.9,666.8,1
210,-1,331.8,361.9,52.9,128.4,1
210,-1,1650.3,333.7,264.2,656.9,1
210,-1,795.8,353.3,55,149.8,1
210,-1,946.2,372,70.7,162.6,1
210,-1,575.5,352.3,70.7,175.1,1
210,-1,162.8,367.2,41.1,112.9,1
210,-1,458.5,352.4,47.5,129.8,1
210,-1,1184.1,335,87.7,258.4,1
210,-1,851.4,356.2,54.7,141.6,1
210,-1,1016.4,364.2,36.5,117.8,0.999
210,-1,755.5,390.1,39,52.6,0.995
210,-1,132,364.7,28.7,72.2,0.98
210,-1,918.4,364.3,41.8,118,0.794
210,-1,633.7,366.8,27.9,77.9,0.477
210,-1,119.4,364.9,24.4,61.6,0.453
200,-1,1393.7,305.6,193.9,658.6,1
200,-1,237.3,342.5,54.6,133.3,1
200,-1,1608.8,294.9,276.1,653.7,1
200,-1,719.8,338.6,49.8,140.8,1
200,-1,514.3,321.1,68.4,177.9,1
200,-1,877.3,350.7,63.6,158.3,1
200,-1,1087.3,315.4,79.4,237.2,1
200,-1,777,339.5,54,135.8,1
200,-1,391.5,335.8,44.7,125.8,1
200,-1,666.4,366.5,38.8,56.8,0.999
200,-1,934.1,344.3,37.7,113,0.999
200,-1,74.8,348.5,41.6,113.3,0.999
200,-1,840.5,340.4,41.4,123.4,0.999
200,-1,43.1,339.2,26.2,73.6,0.973
200,-1,359.5,351,25.7,96.2,0.569
190,-1,1420.7,285.8,232.8,648.4,1
190,-1,868.3,331.4,68,163.7,1
190,-1,221.8,340,52,134,1
190,-1,704.7,330.4,49.3,138.1,1
190,-1,1648,276.6,242.7,665.8,1
190,-1,1052.9,297.8,74.6,224,1
190,-1,509.1,315.6,77.1,169.1,1
190,-1,72.5,347.4,42.7,108.1,1
190,-1,771.9,329.7,50.9,134.6,1
190,-1,392.7,334.2,42.8,124.4,1
190,-1,650.9,360.7,38.7,52.6,0.998
190,-1,824.7,330.6,40.8,118.3,0.997
190,-1,34.1,344,25,71.2,0.991
190,-1,923.4,330.1,39,110.4,0.989
190,-1,365.1,345.8,30.4,96.7,0.946
190,-1,108.5,352.2,30.8,86.1,0.589
208,-1,571.6,348.5,65.4,176.9,1
208,-1,1385.3,347.9,225.4,669,1
208,-1,1639,340.1,274.3,648,1
208,-1,319.2,362.3,52,131.8,1
208,-1,149.3,363.7,42.4,116.1,1
208,-1,931.8,367.3,76,166.9,1
208,-1,784.7,357.1,52.3,144.6,1
208,-1,445.8,356.1,48,129.5,1
208,-1,1166.8,338.6,82.3,250.5,1
208,-1,1001.7,363.1,34.5,116.3,0.999
208,-1,834.6,355.3,51.4,143.1,0.999
208,-1,740,388.4,43.2,55.2,0.995
208,-1,120.5,364.4,25.1,67.2,0.952
208,-1,907.7,360.2,56.2,128.5,0.716
208,-1,429.8,365.1,33.1,106.7,0.428
208,-1,133.3,363.7,28.4,92.3,0.373
208,-1,636.1,370.3,24.5,62.9,0.242
258,-1,1398.4,279.5,226.5,739,1
258,-1,682.2,294.9,70.4,190.1,1
258,-1,23.5,312.4,87.5,202.1,1
258,-1,940.3,315.2,49.1,149.7,1
258,-1,1211.1,324.5,40,120.5,1
258,-1,1113,323.3,68.9,163.3,1
258,-1,986.5,311.3,60.6,152.6,1
258,-1,1674.8,259.9,246.2,791.2,0.999
258,-1,294.7,315.3,39.6,118.9,0.999
258,-1,542.4,300.3,55.6,148.5,0.999
258,-1,824,324.2,23.7,61.2,0.993
258,-1,1079.9,315.1,52,133.2,0.993
258,-1,775.5,332,22.6,52.5,0.798
258,-1,907.2,338.6,31.5,53.2,0.456
258,-1,1040.1,324.4,35.3,87.2,0.314
258,-1,761.3,332.9,23.2,55.1,0.188
258,-1,273.4,317.3,25.7,91.6,0.065
29,-1,395.7,429.2,113.3,253.2,1
29,-1,1406.1,450.3,43.5,113.7,1
29,-1,1275.9,410.7,93.8,289.2,1
29,-1,1007.9,437.5,46.6,120.5,1
29,-1,101.8,450.4,34,81.3,1
29,-1,958.6,445.2,43.5,109.4,1
29,-1,1218.8,439.3,71.6,180.7,1
29,-1,200.6,442.9,84.6,201.5,1
29,-1,292.1,460.1,64,177,0.999
29,-1,920.3,442.1,32.6,86,0.999
29,-1,645.4,456.4,22.9,75.3,0.998
29,-1,345.7,444.3,71.1,189.4,0.995
29,-1,551.7,453.8,21.5,61.3,0.96
29,-1,572,454.4,20.3,63,0.908
29,-1,533.4,455.9,22.8,58.2,0.786
29,-1,142.9,449.9,23.6,56,0.185
80,-1,1220.5,435.9,43,116.4,1
80,-1,606.1,429.1,28.9,72,1
80,-1,748.3,420.1,44.8,122.6,1
80,-1,881.4,424,75.6,176,1
80,-1,464.3,424.2,53,123.5,1
80,-1,820.6,419.9,44.5,119.2,1
80,-1,699,429.2,40.8,112.1,1
80,-1,1459.4,335,181.6,641.2,1
80,-1,517.4,426.5,37.1,94.4,1
80,-1,29.4,417.6,77,200.5,0.999
80,-1,1,437.8,50.8,197,0.997
80,-1,85.8,427.8,57.6,153.9,0.992
300,-1,763.4,269.1,52.1,121.9,1
300,-1,1480.4,187.9,243.6,752.4,1
300,-1,843.3,243.4,72.5,197.9,1
300,-1,1110.1,264.9,67.5,151.9,1
300,-1,100.8,266.1,37.8,96.5,1
300,-1,145.2,271.3,53.3,134.1,1
300,-1,295.3,273.2,58.9,168.6,0.999
300,-1,1049.4,257,43.6,139.5,0.999
300,-1,1175.7,260.5,37.4,117.4,0.999
300,-1,928,264.7,53.4,133,0.999
300,-1,335.3,250.3,71.3,192.4,0.999
300,-1,1705,177.9,216,762.5,0.998
300,-1,678.5,280.7,23.7,62.9,0.973
300,-1,707.8,278.6,21.7,60.2,0.846
300,-1,694.4,280.5,22.9,60.6,0.805
300,-1,975.7,272.3,30.5,68.9,0.689
300,-1,720.6,278.5,49.9,71.9,0.535
300,-1,503.3,239.4,97,227.3,0.149
300,-1,1022.6,273.8,23.1,56.2,0.137
294,-1,1468.1,215.6,228.4,714.8,1
294,-1,856.1,256.1,71.6,186.2,1
294,-1,1104.8,269.5,68.5,163.1,1
294,-1,1169.5,263.5,38.2,119,1
294,-1,780.1,282.1,53.3,114.7,1
294,-1,157.5,281.1,47.4,131.5,1
294,-1,1047,265.1,45.1,132.7,0.999
294,-1,1700,175.4,221,805.4,0.999
294,-1,928.5,272.5,49.5,132.4,0.999
294,-1,120.6,277.2,35.6,87.7,0.999
294,-1,323.8,282,58.1,171.1,0.997
294,-1,522.7,248.3,100.9,227.1,0.984
294,-1,681,285.8,22.9,62.4,0.983
294,-1,357.5,260,67.5,191.7,0.918
294,-1,761.2,285.1,24.3,67.4,0.895
294,-1,974,278.7,24.5,59.9,0.826
272,-1,36.4,302.1,76.1,199.8,1
272,-1,1453.1,260.6,240.3,753,1
272,-1,694.9,278.2,85,208.6,1
272,-1,1159.4,307.9,70.5,165.4,1
272,-1,1241.7,307.6,37.2,116.4,1
272,-1,957.5,286.9,65.8,182.8,1
272,-1,535.3,291.4,60.1,160.1,0.999
272,-1,1120.8,298.6,50.3,137.7,0.999
272,-1,296.3,297.7,41.1,123.6,0.999
272,-1,849.2,314.2,22,61.7,0.999
272,-1,1690.8,231.3,230.2,794.9,0.997
272,-1,1085.2,315.2,24.3,56.2,0.972
272,-1,781.8,313.9,24.6,59,0.896
272,-1,924,307.9,39.1,118.9,0.715
272,-1,1055.6,316.7,26.9,67.3,0.477
272,-1,1013.2,302.6,55,143.4,0.463
272,-1,585.8,298.2,38.1,118.2,0.229
75,-1,900.4,424.6,72.3,172.8,1
75,-1,754,418.4,48.1,123.8,1
75,-1,1222.5,430.9,42.8,118.9,1
75,-1,613.8,429.7,27.6,70.4,1
75,-1,1379.4,341.3,186.1,588.7,1
75,-1,828.1,418.4,41.9,117.6,1
75,-1,705,427.5,44.3,115.1,1
75,-1,478.5,428.1,48.6,126.2,1
75,-1,8.2,430.9,73.4,212,1
75,-1,524.3,429.4,37.4,90.8,0.999
75,-1,53.8,433.6,71.6,188.5,0.535
75,-1,102.5,434.8,57.6,146,0.401
279,-1,637.4,273.9,88.4,218.9,1
279,-1,1,307.4,68.3,195.5,1
279,-1,1433.4,257.5,238.8,736.5,1
279,-1,1129.5,304.4,67.4,160.7,1
279,-1,924.7,286.3,64.1,179.7,1
279,-1,875.3,296.4,44,121.2,1
279,-1,1708.2,238.5,212.8,782.9,1
279,-1,1210.2,303.4,35.8,117,0.999
279,-1,1087.5,294.1,47.3,138.6,0.999
279,-1,466.1,291.2,63,168.5,0.999
279,-1,253.1,302.2,46.5,121.9,0.999
279,-1,547.5,300.5,49.5,114.5,0.98
279,-1,818.2,308.9,22.8,63.1,0.978
279,-1,230.5,298.8,32.2,83.8,0.976
279,-1,1066.7,311.4,25.4,60.2,0.924
279,-1,735.4,314.2,22.8,62.3,0.915
279,-1,749.8,312.9,24.1,62.4,0.873
279,-1,763.7,312.9,22.6,59.7,0.791
279,-1,1033.6,315.5,21.9,47.6,0.733
194,-1,1408.9,317.5,215.2,636.9,1
194,-1,705.4,330.5,50,141.4,1
194,-1,1063.7,307.5,78.5,227.4,1
194,-1,1628.8,301.6,242.3,653.3,1
194,-1,863.2,336.6,70.3,167.1,1
194,-1,221.5,333.1,53.6,132.9,1
194,-1,514.1,313.1,79.2,177.1,1
194,-1,388.4,329.8,42.6,123.4,1
194,-1,69.2,342,42.8,105.6,1
194,-1,769.5,330.1,50.9,137,1
194,-1,655.7,361.5,37.7,52.5,0.999
194,-1,32,335,24.9,71.2,0.998
194,-1,826.3,330.8,42.7,120.9,0.993
194,-1,923.1,329.5,35.2,119.6,0.97
194,-1,369.2,343.9,27.5,98.3,0.778
194,-1,60.3,339.8,22.6,89.9,0.084
289,-1,1442.5,224.5,219.5,757.7,1
289,-1,1044.5,276.6,48.1,138.4,1
289,-1,858.9,274.1,73.5,184.3,1
289,-1,1100.6,283.2,64.8,160.3,1
289,-1,804.8,294.2,54.7,116.6,1
289,-1,1168.8,286.8,39.3,121.5,1
289,-1,1681.9,196.7,239.1,783.2,1
289,-1,545.9,265.1,102.6,223.2,1
289,-1,936.1,287.7,53.3,132.5,0.997
289,-1,169.9,293.4,47.4,132.6,0.995
289,-1,502.6,288.8,53.4,122.8,0.994
289,-1,358.4,293.9,54,158.7,0.992
289,-1,128.8,293.1,33.2,87.1,0.975
289,-1,759.2,297.6,22.6,64.1,0.974
289,-1,678,305.2,22.1,57.6,0.919
289,-1,691.4,303.4,21.2,60.9,0.853
289,-1,641.6,301.7,25.8,70,0.645
289,-1,773.3,302,27.9,72.5,0.543
289,-1,148.9,295.5,31.1,100.5,0.384
289,-1,979.2,291.6,67,76.9,0.055
289,-1,107.4,292.9,31.3,83.6,0.052
283,-1,1419.4,233.5,237.9,734,1
283,-1,594.8,269.3,94.5,218.9,1
283,-1,1671.7,214.1,249.3,786.2,1
283,-1,1107.2,297.9,64.8,159.8,1
283,-1,894.1,283.2,64.6,180.9,1
283,-1,1179.6,295.4,36.6,124.1,1
283,-1,208.5,298.3,45.9,126.1,0.999
283,-1,844.8,300.2,47.8,116,0.999
283,-1,1060.7,292.2,45.3,133.1,0.999
283,-1,177.7,290.4,32.3,89.3,0.998
283,-1,779,305.1,23.8,63.2,0.997
283,-1,521.8,295.4,51,118,0.994
283,-1,423.2,286.3,63,175.8,0.976
283,-1,710.2,309.4,22.5,61.7,0.954
283,-1,1019.1,308.5,23.8,53.4,0.884
283,-1,735.1,309.6,23.6,59.7,0.749
283,-1,994.8,310.3,22.5,56.3,0.624
283,-1,1034,306.8,26.2,65.8,0.611
283,-1,403.2,301.4,46.5,154.7,0.361
231,-1,1374.9,337.8,220.3,693.8,1
231,-1,619.6,340.7,84.3,183.4,1
231,-1,1019.5,371.7,65.3,158.7,1
231,-1,868.9,352.3,52.5,152,1
231,-1,235.8,350.5,41.3,115.4,1
231,-1,1639.7,328.5,259,732.5,1
231,-1,1112.8,367.1,36.8,121.3,1
231,-1,915.8,361.3,53.3,141.1,1
231,-1,436.2,354.1,53.9,125.8,1
231,-1,734.5,368,24.8,63.5,0.998
231,-1,503.2,354.9,39.6,123.3,0.977
231,-1,205.4,348.5,27.2,72.5,0.898
231,-1,987.8,370.7,32.4,106.2,0.888
231,-1,838.1,383.1,34.6,64.8,0.796
231,-1,6.2,366.8,36.6,190.7,0.385
231,-1,721.5,367.4,23.8,64.6,0.207
231,-1,700.2,364.4,28.6,74.7,0.077
59,-1,963,427.2,71.2,172.7,1
59,-1,644.5,434.9,25.9,71.3,1
59,-1,747,431.8,41.6,113.5,1
59,-1,101.7,440.3,78.2,205.8,1
59,-1,842.1,425.5,43.4,109.4,1
59,-1,1244.6,382.5,132.5,421.4,1
59,-1,793.7,423.9,47.2,122.7,1
59,-1,366.4,451.6,22.2,63.8,0.981
59,-1,718.6,432.6,35.4,86.5,0.963
59,-1,399.9,454,20.7,63.6,0.919
59,-1,328.4,452.7,20.8,60.5,0.905
59,-1,14.6,451.9,88.7,219.5,0.686
59,-1,341.3,448.8,19.7,66.6,0.624
59,-1,411.4,455.1,23.1,62.7,0.577
59,-1,311.5,454.7,19.6,58.1,0.176
59,-1,158.9,450.9,47.4,152.8,0.112
254,-1,13,313.3,87.3,199.7,1
254,-1,1094.1,331.9,66.9,162.8,1
254,-1,1375.9,309.4,235.6,698.9,1
254,-1,1659.6,260,261.4,749.5,1
254,-1,286.4,316.2,40.8,115.9,1
254,-1,664,293.7,89.8,204.2,1
254,-1,932.4,313.4,59.5,161.5,1
254,-1,981,318.3,53.7,148.7,0.999
254,-1,1194.5,329.7,36.9,117.7,0.999
254,-1,809.3,329.5,24.3,62.8,0.998
254,-1,538.5,304.1,50.7,148.5,0.958
254,-1,260.5,313.9,28.6,78,0.913
254,-1,767.3,330,22.6,60.6,0.73
254,-1,1066.2,332.2,36.6,102.2,0.162
246,-1,1369.4,301.4,238.1,729.2,1
246,-1,2.8,317.5,85.2,203.6,1
246,-1,1617,298.6,304,730.5,1
246,-1,664.7,304.1,74.3,198.6,1
246,-1,278.3,322.8,41.8,116.1,1
246,-1,1071.2,338.6,69.8,164.9,1
246,-1,1169,339.4,36,117.4,1
246,-1,916.9,323.8,51.1,158.8,1
246,-1,960,332.5,52.1,148.6,0.999
246,-1,792.3,342,23.7,63.5,0.999
246,-1,510.7,328.8,37.1,123.6,0.319
246,-1,264.1,321.9,31.7,89,0.318
246,-1,887,353.6,29.3,49,0.236
246,-1,1010.1,345.4,30.8,74.7,0.112
207,-1,1391.8,351,217,658.6,1
207,-1,562.9,351.7,69.4,171.6,1
207,-1,312.2,361.1,53.5,131.9,1
207,-1,1646,333.3,257,693.3,1
207,-1,140,363.1,42.1,116.8,1
207,-1,777.7,358.4,50.3,143.5,1
207,-1,932.5,369.6,67.3,165.7,1
207,-1,1157.8,337.7,84.5,253.1,1
207,-1,831.7,358.1,53,140.7,1
207,-1,997,364.7,36.2,115.7,1
207,-1,443.5,355.1,45.5,130.6,0.999
207,-1,739.4,392.2,37.6,54.8,0.989
207,-1,904.7,361,46.3,130.1,0.987
207,-1,111.9,364.6,26.5,72.7,0.938
207,-1,426.5,366.5,31.9,107.3,0.678
207,-1,634.5,369,23.2,64.4,0.486
207,-1,126.3,363.1,25.6,96.4,0.401
207,-1,620.1,372.2,27.4,73.4,0.069
207,-1,94.7,360.9,24.8,69.4,0.055
271,-1,1458.1,255.4,241.2,746.2,1
271,-1,40.9,299.3,76.3,197.7,1
271,-1,695.7,278.6,83.9,201.4,1
271,-1,1159,305,71,166,1
271,-1,1244.1,305.2,37,119.7,1
271,-1,307.9,301.8,43.4,120,1
271,-1,964.7,287.2,60.8,174.5,0.999
271,-1,851.2,313.5,23,63.4,0.999
271,-1,1696,249.2,225,770.3,0.998
271,-1,540.5,288.5,59.3,169,0.998
271,-1,1125.2,299.8,45.1,131.4,0.994
271,-1,1089.8,315.4,24.7,54,0.934
271,-1,786.3,312.4,24,61.1,0.87
271,-1,292.4,299.3,29.1,79.3,0.69
271,-1,998.4,297,59.7,150.3,0.248
271,-1,580.4,292.4,46,128.5,0.185
271,-1,933.3,312,33,95.7,0.127
104,-1,545.4,399.3,38.4,104.9,1
104,-1,829.6,396.3,70.1,174.2,1
104,-1,313.3,396.3,39.2,97.9,1
104,-1,1737.5,372.6,183.5,535.8,1
104,-1,598.6,398.7,29.1,72.4,1
104,-1,1242.7,403.5,45.1,125.9,1
104,-1,713.4,387.8,47.4,127,1
104,-1,672,393.3,45.2,119.3,0.999
104,-1,481.1,417.4,43.8,51.4,0.999
104,-1,750.5,389.4,33.5,109.8,0.964
104,-1,577.9,397.9,24.7,79.7,0.075
216,-1,593.7,346.9,87.1,182.2,1
216,-1,1400.6,332.2,224.4,687.8,1
216,-1,202.8,363.8,41.7,115.9,1
216,-1,1637,306.9,275.5,722.2,1
216,-1,377.6,365.6,49.5,128.1,1
216,-1,830.8,352.6,53.6,149.7,1
216,-1,973.9,364,77.9,173.8,1
216,-1,489.3,351.9,49.7,134.1,1
216,-1,882.1,360.3,52.2,139.2,1
216,-1,1056.2,365.2,38.1,121.6,1
216,-1,1235.3,328.5,90,285,0.999
216,-1,791.5,388.3,37.2,52.6,0.987
216,-1,172.5,368,26.2,67.5,0.968
216,-1,469.1,364.2,34.7,110.4,0.867
216,-1,953.4,364.1,53.9,129.5,0.395
216,-1,189,366.6,27.3,89.6,0.328
216,-1,671.4,371.1,27.5,73.7,0.27
216,-1,38.4,433.6,43.3,80.4,0.175
216,-1,690.1,377.8,21.5,54.3,0.162
116,-1,560,398.4,37.4,105.3,1
116,-1,1715.5,364,179.2,549.8,1
116,-1,815.7,394.1,67.4,164.4,1
116,-1,1252.3,400.7,47.1,125.5,1
116,-1,55.3,401.7,58.2,148.1,1
116,-1,711.1,386,49.5,128.5,0.999
116,-1,318,397.4,35.6,101.5,0.998
116,-1,490.5,416.7,40,53,0.994
116,-1,675.3,390,45.7,124.8,0.988
116,-1,754.7,386.6,31,113.9,0.987
116,-1,600.7,404.4,27.3,67.4,0.984
116,-1,865.9,382.8,48.1,137.4,0.978
116,-1,353.3,397.7,38.6,119.8,0.685
116,-1,533.9,410.3,37.1,67.6,0.303
172,-1,910,346.5,68.2,171.5,1
172,-1,737.4,345.6,44.7,135.9,1
172,-1,1055.4,322.1,68.6,194.7,1
172,-1,1599.1,305,205.6,616.1,1
172,-1,663.1,376.6,41.9,51,1
172,-1,248.7,369.2,52.7,130.6,1
172,-1,809.9,341.8,51.5,136.8,1
172,-1,437.3,355.5,41.4,119.8,1
172,-1,543.3,341.9,72.2,158.2,1
172,-1,1513.1,340.7,60.9,162,0.999
172,-1,123.4,373.2,41.8,107.5,0.998
172,-1,77.8,366.9,24.8,74.8,0.987
172,-1,852.1,341.3,40.6,114.3,0.98
172,-1,100.9,373.4,23.9,77.3,0.623
172,-1,1808.2,269.4,112.8,659.2,0.537
172,-1,396.8,372.4,25.3,80.4,0.515
172,-1,473.7,362.2,25.2,83.8,0.162
103,-1,546.5,396.5,36.9,106.3,1
103,-1,831,393.7,72,173.1,1
103,-1,717.9,386,46.2,130.5,1
103,-1,602.6,398.4,28,68.9,1
103,-1,317.2,397.4,37.8,93,1
103,-1,1771,371.1,150,534.8,1
103,-1,1242.2,403.9,43.2,121.8,1
103,-1,673.2,392.1,47,119.9,0.999
103,-1,482.3,416.8,42.4,52.2,0.996
103,-1,760.6,387.8,30.2,104.9,0.914
103,-1,356.3,402.2,25.7,73,0.866
103,-1,302.4,397,30.6,85.6,0.312
23,-1,523.4,439.1,100.5,229.4,1
23,-1,1495.5,447.5,43.7,112.3,1
23,-1,315.8,449.1,75.6,177.2,1
23,-1,1341.6,412.6,87.7,275.8,1
23,-1,233.7,448.2,31.6,76.3,1
23,-1,454.3,454.6,60,177.4,1
23,-1,1050.2,442.2,40.7,106.4,0.999
23,-1,1101.8,430,49.8,120.8,0.999
23,-1,405.8,454.9,63.6,173.5,0.999
23,-1,1012.1,440.7,34.7,85.5,0.994
23,-1,738.4,455.4,21.7,73.6,0.986
23,-1,660.5,451.6,22.5,61.7,0.985
23,-1,671.4,449.7,36,68.6,0.307
23,-1,777.1,453.9,20.8,70,0.089
113,-1,1702.2,363,214.7,555.7,1
113,-1,547.4,397.4,38.6,102,1
113,-1,813.3,391.1,69,173.4,1
113,-1,477.2,414.2,40.1,51.5,1
113,-1,1246.2,399.8,46.9,126.6,1
113,-1,45.2,399.9,61.7,144.6,1
113,-1,670,389.7,44.7,122.3,0.997
113,-1,703.3,384.5,49.5,125.8,0.995
113,-1,590.5,397.3,28.8,71.5,0.992
113,-1,745.5,387.1,33.8,111.8,0.99
113,-1,310.3,400.3,35.9,94.1,0.975
113,-1,293.8,407.8,31.1,84,0.801
113,-1,271.5,409.7,27.1,76.1,0.39
312,-1,1486.8,202.5,221,768.5,1
312,-1,1100.1,274.6,63.1,158.4,1
312,-1,705.3,277.1,49.2,123.4,1
312,-1,905.7,274.2,48.7,134.5,1
312,-1,784.3,252.5,76.1,206.9,1
312,-1,22.3,267.2,35.6,99.5,1
312,-1,235.7,246.5,73.8,219.1,0.999
312,-1,1021.5,268.9,49.7,141.4,0.999
312,-1,1151.7,267.5,35.8,119.5,0.998
312,-1,81.3,271.7,52,141.6,0.998
312,-1,842,263.3,56.1,153,0.984
312,-1,1727.6,192.8,193.4,817.9,0.982
312,-1,636,284.7,23.1,66.4,0.967
312,-1,200.1,270.3,59.7,195.1,0.95
312,-1,644.4,284.1,41.1,71.9,0.065
312,-1,932.4,276.6,32.5,99.3,0.062
62,-1,782.8,424.3,44.1,121.1,1
62,-1,946.6,433.8,71.4,169.9,1
62,-1,833.6,428.1,44.1,114.1,1
62,-1,633.4,438.8,27.5,69.4,1
62,-1,731.5,436.3,44.7,111.4,1
62,-1,1262.8,376.9,129.9,441.5,1
62,-1,8,450.8,73.1,199,1
62,-1,75.7,439.8,83.5,216.1,1
62,-1,1226.6,438.6,41.4,112.4,1
62,-1,354.1,452.4,21.4,64.7,0.949
62,-1,324.6,453.9,20.6,60.8,0.933
62,-1,304.4,456.5,19.1,59.5,0.878
62,-1,366.3,455.6,22.7,63.1,0.86
62,-1,712.7,438,29.8,86.4,0.755
62,-1,134.8,443.6,50.9,169.3,0.136
193,-1,1410.9,309.2,218.2,648.9,1
193,-1,221.8,334.4,55.2,134.6,1
193,-1,704.1,333.2,51.1,140.8,1
193,-1,1632.1,303,238.3,659.7,1
193,-1,512.4,313.8,81.5,175.1,1
193,-1,1062.8,306.8,74.8,224.4,1
193,-1,861.1,334.7,73.6,170.1,1
193,-1,71,342.5,41.7,106.7,1
193,-1,771,329.6,51.2,139,1
193,-1,654.2,359.4,38.7,54.8,0.999
193,-1,390.6,330.9,42,123.6,0.999
193,-1,33,337,25.9,74.8,0.997
193,-1,923.2,328.2,35.6,121,0.993
193,-1,825.2,329.7,43.8,122.3,0.989
193,-1,367,345.4,29,97.6,0.916
193,-1,59.8,339.3,22.3,92.2,0.254
65,-1,936.8,428.6,73.2,175.8,1
65,-1,1226.9,437.5,40.5,109.4,1
65,-1,726.6,433.1,41.5,114.6,1
65,-1,630.8,436,27.5,71.4,1
65,-1,775.5,423.2,47.5,125.3,1
65,-1,2,461.9,66.5,192.1,1
65,-1,834.2,424,42.9,117.1,1
65,-1,58.9,439.2,85,217.3,1
65,-1,1278.5,363.7,158.6,475.8,1
65,-1,343.9,449.3,23.7,65,0.979
65,-1,326.7,450.2,23.2,60.6,0.822
65,-1,305,450,20.6,59.7,0.685
65,-1,539.5,438.9,33.9,81.6,0.309
65,-1,114.4,435.1,63.8,175.8,0.091
126,-1,658.1,384.3,39.9,112.7,1
126,-1,413.5,383.7,62.6,142.3,1
126,-1,777,377.3,53.6,132,1
126,-1,880.8,379.5,75.4,175.4,1
126,-1,165.2,395.8,58.6,141.3,1
126,-1,1348.7,388.1,50,133.7,1
126,-1,1,376.9,81.5,238.8,1
126,-1,1750.3,350.9,170.7,571.8,1
126,-1,590.4,408.7,34.7,53.6,0.999
126,-1,948.5,368.4,49.9,147.3,0.999
126,-1,78.4,402.9,35.1,103.1,0.997
126,-1,849.6,378.8,33.2,112.2,0.996
126,-1,393.1,402.6,25.7,81.5,0.446
126,-1,679.3,386.7,30.6,86.6,0.438
126,-1,760.4,386.6,33.2,107.4,0.104
108,-1,1678.9,379.8,242.1,531.2,1
108,-1,548.2,395.9,36,100.9,1
108,-1,821.1,392,71.3,174.9,1
108,-1,307.6,398,37.8,95.7,1
108,-1,1245.4,402.1,47,127.5,1
108,-1,478.9,414.3,39.4,49.5,1
108,-1,670.7,389.5,44.2,123.2,0.999
108,-1,706.8,384.2,51.6,127.2,0.998
108,-1,593.2,398.6,28.8,66.9,0.997
108,-1,745.7,390.1,36.2,111,0.994
108,-1,358.6,402.8,29.8,79.8,0.077
308,-1,804.1,248.9,74.6,202.5,1
308,-1,1477.2,213.4,227.6,745.8,1
308,-1,1098,266.7,66.9,156.5,1
308,-1,273.4,243.6,75.7,209.1,1
308,-1,734.7,268.9,46.5,121.5,1
308,-1,911.9,262.5,46.8,135.8,1
308,-1,93.4,258.8,53.1,138,1
308,-1,1033.5,261.2,44.2,137.7,0.999
308,-1,46.7,257.4,36.9,92.6,0.999
308,-1,1160.2,260.7,31.4,121.7,0.998
308,-1,1727.1,188.6,193.9,796.5,0.991
308,-1,234.7,273.7,57.7,178.5,0.99
308,-1,975.8,275,24.4,53.5,0.985
308,-1,646.9,277.4,24.8,63.9,0.976
308,-1,708.2,270,36.7,107.2,0.946
308,-1,680.7,276,48,83.5,0.184
177,-1,1560.4,312.5,190.5,628.6,1
177,-1,718.7,345.2,42.3,132.1,1
177,-1,522.7,339.5,78.6,170.6,1
177,-1,890,347.5,67.9,169.3,1
177,-1,1493.3,342.4,60.2,162.1,1
177,-1,1047.3,319.2,68.8,202.5,1
177,-1,1739.1,281,181.9,649.6,1
177,-1,651.5,378.5,38.8,49.6,1
177,-1,793.8,347.1,51.3,132.4,1
177,-1,225.3,368.9,52.2,137.1,1
177,-1,417.5,361.9,40.3,117.2,0.999
177,-1,102,375.9,37.1,109.4,0.999
177,-1,952.9,353.3,36.7,100.2,0.999
177,-1,52.8,376.3,25,72,0.962
177,-1,842.9,345,32.7,116,0.959
177,-1,390.7,374,29.9,91.7,0.954
177,-1,69.5,378.7,26.1,73.7,0.838
177,-1,133.5,382.4,28.7,82.8,0.729
177,-1,764.6,354.6,28.8,78.2,0.469
177,-1,87.2,375.9,29.7,99.9,0.277
158,-1,52.1,341,113.8,253.7,1
158,-1,821.8,339,43.7,133.8,1
158,-1,1011.4,345.1,71,170.3,1
158,-1,1117.3,324.3,65,177.8,1
158,-1,348.4,359,52.1,136.3,1
158,-1,748.2,370.7,34.2,52.7,1
158,-1,245.1,367.9,35.6,102.3,1
158,-1,543.2,357.4,39.6,108.7,1
158,-1,897.9,343.1,50,132.1,1
158,-1,1.5,373.5,59.1,207.5,1
158,-1,1569.2,344,63,153,0.999
158,-1,625.3,342.7,64.5,151.3,0.999
158,-1,1745.1,305.7,175.9,606,0.999
158,-1,515.6,369.9,29.1,86.6,0.937
158,-1,200,367.6,20.3,65.7,0.921
158,-1,941.7,339.3,33,109.3,0.888
158,-1,227,361.7,35.8,95.3,0.081
54,-1,998.8,431,72.8,178.3,1
54,-1,7,416.9,154.7,361.9,1
54,-1,1242.4,385,106.7,403.4,1
54,-1,778.4,437.8,39.8,111,1
54,-1,155.9,437.6,75.9,206.5,1
54,-1,668.7,439.7,27.2,75,0.999
54,-1,826.6,429.8,47.9,121.4,0.999
54,-1,454.3,449.3,27.5,78.6,0.988
54,-1,867.7,432.6,39.4,107.3,0.988
54,-1,753.6,437.8,36.1,92.1,0.975
54,-1,407.5,450.1,24.8,69.8,0.955
54,-1,393.1,451.6,23.1,65.5,0.948
54,-1,356.1,453.4,22.2,60.7,0.939
54,-1,427,447.9,26.4,72.3,0.896
54,-1,367,450.6,26.8,66.1,0.889
153,-1,816.5,345.9,43,126.6,1
153,-1,59.7,344,114,256.1,1
153,-1,1007.2,351.9,71.7,171.6,1
153,-1,1113.3,330.6,62.4,171.1,1
153,-1,346.8,364.7,52.5,131.6,1
153,-1,746.1,378.7,34.7,48.2,1
153,-1,900.4,348.2,51,130.6,1
153,-1,3.4,381.4,66.7,199,1
153,-1,1549.6,352,58,147.4,0.999
153,-1,239.1,374.4,33.9,100.9,0.999
153,-1,542.2,363.7,34,104.2,0.998
153,-1,511.8,375,29.9,80.8,0.959
153,-1,200.2,370.4,23.2,67.6,0.95
153,-1,1798.5,322.7,122.5,607.7,0.718
153,-1,932.6,347.3,34.5,115.1,0.194
153,-1,600.7,351,67.2,158.3,0.052
213,-1,356.1,361.4,53.7,130.7,1
213,-1,1404,332.6,205.9,673.9,1
213,-1,582.9,347.6,83.6,178.9,1
213,-1,1660.9,318.4,237,687,1
213,-1,182.7,366.2,41.1,113,1
213,-1,962.7,365.4,69.3,164.2,1
213,-1,867.6,357.1,54.4,139.5,1
213,-1,813.6,356.1,54.1,144.3,1
213,-1,477.3,351.9,47.5,130.8,1
213,-1,1209.5,334.2,87.8,270.6,1
213,-1,1039.1,362.7,32.9,114.3,1
213,-1,775.9,388.8,39.7,54,0.985
213,-1,155.9,366.7,24.9,67.7,0.942
213,-1,938.5,362.1,43.3,118.5,0.919
213,-1,666.9,369.7,23.5,64.5,0.911
213,-1,456,364,28.3,101.6,0.652
213,-1,168.7,364,31,96,0.346
213,-1,652.2,372.9,28.8,78.2,0.053
14,-1,1558.2,436.5,43.9,110.2,1
14,-1,604.2,418.7,91.7,213,1
14,-1,530.6,430.9,65.7,185,1
14,-1,1369.6,399.5,86.8,260.8,1
14,-1,401.8,433.6,80,182.1,1
14,-1,1171,417.4,49.1,122.7,1
14,-1,1118.7,432,42.4,108.1,1
14,-1,484.9,441.7,62.4,171.5,0.999
14,-1,324,438.6,29.9,72.1,0.999
14,-1,1068,430.3,34.5,84.4,0.998
14,-1,811.5,441.6,23.1,68.4,0.981
14,-1,731.3,437.9,22.4,63.8,0.969
14,-1,776.5,440,22.9,60.4,0.932
14,-1,790.4,440,21.9,66.1,0.919
14,-1,708.5,442,22.8,64.6,0.166
52,-1,22.5,424.3,168.8,349,1
52,-1,1015.6,441.9,69.7,172.4,1
52,-1,837.1,437.2,46.3,119.6,1
52,-1,1238.9,389.5,103.5,386.2,1
52,-1,677.8,444.6,27.9,72.9,1
52,-1,172,444.1,75.9,205.1,1
52,-1,790,443.6,38.9,109.1,0.999
52,-1,464.7,454.8,28.6,82.3,0.999
52,-1,762.5,439.6,35,93.3,0.989
52,-1,873.4,438.5,36.5,108.3,0.964
52,-1,401.8,454.8,21.8,65.1,0.943
52,-1,387.9,455.5,21.2,63,0.938
52,-1,367.1,457.9,21.8,59,0.935
52,-1,452.4,455.9,23.7,75.9,0.444
88,-1,518,416.2,41.3,99.6,1
88,-1,1215.8,427.4,44.5,121.9,1
88,-1,597.4,420.3,27,73.7,1
88,-1,732.4,411.6,48.6,125.1,1
88,-1,2.1,401.9,72.9,208.8,1
88,-1,858.2,415.5,70.6,169.8,1
88,-1,1559.3,321.9,255.6,759.1,1
88,-1,686.4,413,44.4,120.3,1
88,-1,821.8,412.2,42.7,122.5,0.999
88,-1,461.4,434.7,41.9,61.9,0.274
88,-1,433.8,423.8,52.1,93.6,0.203
221,-1,1384.8,357.4,225.2,682.8,1
221,-1,600.8,343.1,88.2,184.6,1
221,-1,1633.1,343.1,272.7,696,1
221,-1,213.9,356.7,41.8,120.6,1
221,-1,842.8,358,52.9,148.7,1
221,-1,397.6,357.5,52.8,130.6,1
221,-1,997.2,373.8,66.2,160.2,1
221,-1,897.3,360.2,50.3,141.9,1
221,-1,1269.3,331.6,94.7,298.3,1
221,-1,1079.1,373.4,36,112.7,1
221,-1,477.6,373.1,36.9,111.6,0.995
221,-1,501.1,354.5,46.3,126.7,0.994
221,-1,187.9,361.6,27.4,68,0.983
221,-1,808.9,391.4,36.9,53.1,0.979
221,-1,696.6,374.5,24.6,62.7,0.971
221,-1,972.9,364.2,41.3,120.5,0.943
221,-1,715,376.4,24.7,60.5,0.064
253,-1,1089.6,333.4,68.5,164.7,1
253,-1,1372.6,308.6,237.8,704.6,1
253,-1,1655.8,289,253.1,744.4,1
253,-1,9.7,310.7,86.9,198.2,1
253,-1,285.8,313.6,41.5,117.6,1
253,-1,661.8,294.2,89.9,207.7,1
253,-1,928.8,313.6,61.2,163.3,1
253,-1,1190.5,330.2,36,119.9,0.999
253,-1,979,321.4,53.1,145.5,0.999
253,-1,805.8,331.8,24.5,61.2,0.999
253,-1,261.7,313.8,30.4,79.9,0.929
253,-1,780.4,332.5,21.9,58.4,0.856
253,-1,535.6,305.4,49.9,150.6,0.483
253,-1,1066.6,330.8,40.5,108,0.456
51,-1,37.3,427.1,159.4,345.4,1
51,-1,1025.7,441.7,67.3,173.2,1
51,-1,843.5,438.2,43.9,119,1
51,-1,1240.4,389,98.2,389.6,0.999
51,-1,682.8,448.6,28.2,72,0.999
51,-1,183.3,446.4,71.1,205.2,0.999
51,-1,796.1,446.1,38.6,109.9,0.998
51,-1,471.4,458.2,26.8,81.4,0.997
51,-1,763.6,442.5,34.3,90.2,0.995
51,-1,372.1,460,20.8,59.1,0.964
51,-1,403.9,459.5,22.7,62.6,0.948
51,-1,388.4,460,22.1,61.5,0.94
51,-1,881.2,436.6,34.5,107.8,0.931
51,-1,434.1,458.9,23.6,67.7,0.914
19,-1,1531.1,441.1,44.6,110.4,1
19,-1,568.7,421.9,96.2,218.3,1
19,-1,1090.7,433.5,40.9,106.8,1
19,-1,501.3,438.2,62.2,181.3,1
19,-1,358.6,438.6,82.7,180.4,1
19,-1,1365.8,403.7,89.9,275.3,1
19,-1,1143.7,420.9,48.1,120.2,1
19,-1,450.2,442.8,62,172.8,0.999
19,-1,280,440.7,31.3,72.5,0.999
19,-1,1037.9,431.4,35.6,84.5,0.997
19,-1,694.5,442.6,23.4,61.7,0.992
19,-1,781.5,445.8,22.4,68.7,0.973
19,-1,756,445.2,22.5,64.6,0.935
19,-1,736.8,441.1,22.7,61.5,0.912
19,-1,681.7,445.7,22.3,61,0.724
19,-1,706.4,438.5,32.8,69.1,0.088
148,-1,794.7,354,41.3,124.4,1
148,-1,59.9,352.8,110,248,1
148,-1,322.7,373,53.2,135.9,1
148,-1,987.4,356.2,71,175.5,1
148,-1,1093.9,337.9,60.1,168.6,1
148,-1,887.6,355,53.1,132.8,1
148,-1,719.8,387.5,36.6,51.3,1
148,-1,1522.5,364,56.6,141.6,1
148,-1,1,396.3,51.5,195.8,0.999
148,-1,226.1,378.6,31.2,104,0.996
148,-1,531.1,372.8,32,105.6,0.995
148,-1,512.9,377.2,29.6,91,0.888
148,-1,192.4,382,23,65.7,0.818
148,-1,486.3,382.6,26.8,72.9,0.668
148,-1,203.4,380.6,24.6,80.7,0.574
148,-1,1802.7,342.7,118.3,578.4,0.554
148,-1,572.8,356.8,57.3,144.7,0.101
148,-1,971.6,361.6,33.9,108.4,0.101
107,-1,1679.6,384.1,241.4,523.4,1
107,-1,548.3,396.2,35.9,99,1
107,-1,822.5,395.5,72.7,171,1
107,-1,479.3,415.5,40,50.1,1
107,-1,1243,403.4,46,125.7,1
107,-1,595.7,397.7,29.8,70.3,1
107,-1,310.9,400.6,35.7,89.4,1
107,-1,670.8,392.2,44.4,121.7,0.999
107,-1,708.2,386.8,50,126.2,0.997
107,-1,746.9,390.8,36.6,112.2,0.993
107,-1,276.9,411.4,19.7,57.5,0.146
156,-1,823,339.8,42.4,130.1,1
156,-1,61.6,333,113.7,260,1
156,-1,1010.4,348.4,72.3,166,1
156,-1,1117.8,328.1,62.2,172,1
156,-1,350.7,358.6,51.7,133.8,1
156,-1,747,370.4,35.6,51.8,1
156,-1,898.6,344.4,51.2,131.5,1
156,-1,1559,350.5,63.4,146,1
156,-1,245,368.6,36.2,99.9,1
156,-1,545.2,357,37.2,108.6,0.999
156,-1,1.2,373.2,65.7,200.4,0.999
156,-1,1784.8,305,136.2,623.8,0.994
156,-1,200.6,363,23.7,70.5,0.949
156,-1,514.4,369.6,28.8,85.4,0.937
156,-1,935.8,340.8,33.6,113.3,0.769
156,-1,615.4,346.3,64.2,150.3,0.465
262,-1,1425.9,288.5,230.8,738.7,1
262,-1,43.8,313.3,79.4,194,1
262,-1,689.2,288.3,81.1,201.9,1
262,-1,1228.6,319.6,37.4,112,1
262,-1,1134.4,321.7,63.6,155.5,1
262,-1,301.4,311.1,40,120.7,1
262,-1,548.8,298,55.1,151.8,1
262,-1,954.4,301.7,61.2,169,0.999
262,-1,1720.1,242.7,200.9,786.6,0.999
262,-1,839.9,319.9,24.3,66.3,0.995
262,-1,1105.4,310.7,47.3,134.4,0.927
262,-1,1075.7,321.8,24.6,64.4,0.904
262,-1,1000.6,308.7,51.6,146.6,0.902
262,-1,813.9,319.6,22.5,63.5,0.887
262,-1,1053.6,324.8,27.2,64.1,0.857
262,-1,761,319.3,30.7,77.9,0.476
262,-1,1035.8,322.6,32.9,90,0.134
262,-1,1086.4,319.4,32,83.3,0.1
168,-1,1649.3,310.7,215.2,609.6,1
168,-1,949.3,347.2,71.2,171,1
168,-1,1084.9,326.5,66.6,186.8,1
168,-1,773.7,345.3,44.1,130.1,1
168,-1,171.4,366.9,41.1,109.3,1
168,-1,846.7,343.3,50.3,133,1
168,-1,700.7,373.6,39,52.6,1
168,-1,288.2,363.8,49.9,131.5,1
168,-1,582.6,341.1,74.4,161,1
168,-1,479.9,357.1,39.8,112.2,1
168,-1,1539.4,345.3,61,158.5,0.999
168,-1,132.6,364.4,24.3,70.7,0.984
168,-1,456.7,365.9,29.4,91.9,0.885
168,-1,890.6,341.4,33.7,113.8,0.871
168,-1,1,327.7,60.2,285.2,0.263
97,-1,843.1,401.9,74.2,173.9,1
97,-1,543.9,406,35.9,96.5,1
97,-1,1232.8,410.5,45.4,125.4,1
97,-1,719.9,395.7,47.9,125,1
97,-1,323.7,404.4,37.5,94.5,1
97,-1,604.1,404.9,28.2,70.8,1
97,-1,681.2,398,41.1,117.9,0.998
97,-1,483.8,423.3,42.5,51.8,0.995
97,-1,291.9,408.3,28.8,73.6,0.777
217,-1,1393.5,326.4,226,693.9,1
217,-1,596.4,346.5,88.3,183.4,1
217,-1,1636.1,319.6,274.3,716.4,1
217,-1,978.5,368.5,72.6,169.2,1
217,-1,833.3,358.3,51.3,145.3,1
217,-1,380.1,364.5,54,127.9,1
217,-1,199.4,364,40.8,116.8,1
217,-1,1059.2,367,35.3,117.5,1
217,-1,886.7,362.7,52.2,138.8,1
217,-1,492.9,355.5,47.4,130.5,1
217,-1,1237.2,325.1,91.8,294.8,1
217,-1,798,389.4,39.5,56.2,0.981
217,-1,166.6,363.1,28.9,73.4,0.967
217,-1,686.3,372.7,26.3,65,0.909
217,-1,470.5,370.2,32,105.7,0.876
217,-1,956.7,366.5,42,119.8,0.566
320,-1,1124.3,275.1,68.8,159.6,1
320,-1,775.3,260.5,82,207.6,1
320,-1,1554.2,232.7,221,746.4,1
320,-1,918.7,279.4,50.2,135.1,1
320,-1,511.8,281.8,50.5,113.8,1
320,-1,29.2,285.2,35.1,92.2,1
320,-1,1039.9,265.2,52,147.1,1
320,-1,844.5,266.4,56.4,151.6,1
320,-1,203.8,255.5,86.4,238.1,0.999
320,-1,80.2,282,60.8,146.6,0.999
320,-1,1182.2,268,36.7,123.6,0.998
320,-1,983.4,286.8,23,53.4,0.97
320,-1,718.8,288.4,25.6,62,0.915
320,-1,744.2,285.6,21.3,59.6,0.893
320,-1,656.5,293.4,23,61.5,0.888
320,-1,676.3,292.9,23.4,63,0.785
320,-1,629.5,292.2,22.2,61.8,0.299
81,-1,876.3,423.3,76.6,173.5,1
81,-1,605.8,429.2,28.1,70.4,1
81,-1,1221,435.8,41.6,117.4,1
81,-1,459.6,422.3,56.4,126.3,1
81,-1,746.1,418,45.1,123.6,1
81,-1,1469.6,332.9,182.4,660.6,1
81,-1,698.2,426.8,39.6,113.6,1
81,-1,820.6,417.7,45.2,121.4,1
81,-1,22.5,414.5,82.8,205.2,1
81,-1,517.9,425.4,37.3,95.2,1
81,-1,86.4,429.2,54.6,149.6,0.995
81,-1,3,435.6,50.7,192.5,0.173
129,-1,682.3,381.2,38.1,114.6,1
129,-1,3.3,373.4,95.7,238.8,1
129,-1,901.6,382.8,72.4,172.7,1
129,-1,800.8,375.7,52.7,132.8,1
129,-1,439,378.3,63.5,145.4,1
129,-1,192.3,393,58.2,144.5,1
129,-1,966.4,368,50.6,145.1,1
129,-1,608,406.9,38.1,51.3,1
129,-1,1375.6,380.1,52.2,139.2,1
129,-1,103.9,404.3,34.3,102.4,0.996
129,-1,871.1,376.9,34.6,112.2,0.996
129,-1,1785.5,346.1,135.5,585.8,0.981
129,-1,412.3,401.6,25.2,82.6,0.893
129,-1,724.3,385.9,25.3,64.1,0.868
129,-1,394.8,406.5,22.6,77.7,0.07
129,-1,650.4,397.4,34.7,66.1,0.064
37,-1,238.6,436.2,121.6,293.6,1
37,-1,75.4,456,81.7,202.6,1
37,-1,1117.8,459.2,73,171.3,1
37,-1,868.1,457.4,43.9,111.7,1
37,-1,1230,414.3,100.6,328.9,1
37,-1,1328.7,465,41.7,106.1,1
37,-1,913.8,447.3,48,121.8,1
37,-1,172.1,470.1,67,182.4,1
37,-1,562,464,24,78.6,0.995
37,-1,836.2,453.1,34.2,91.8,0.992
37,-1,454.4,469.8,23.3,60.8,0.959
37,-1,476.8,467.6,22.9,63.3,0.94
37,-1,540.3,464.4,23.3,70.1,0.938
37,-1,492.4,462.6,42.8,71.7,0.504
167,-1,958.5,346.3,70.3,171.5,1
167,-1,296.5,366.1,50.8,129.5,1
167,-1,1664.6,317.3,213.2,608.8,1
167,-1,779.9,343.3,44.3,132.6,1
167,-1,1088.4,328.4,67.1,183.6,1
167,-1,852.1,343,51.5,134.7,1
167,-1,588.6,338.1,71.3,161.3,1
167,-1,491.9,355.9,41,114.3,1
167,-1,1,355.4,76.1,251.3,1
167,-1,176.5,366.2,42,110.1,1
167,-1,705.4,373.5,40.6,51.7,1
167,-1,1547.3,346.2,58.5,155.2,0.999
167,-1,141.2,366.6,23.6,66.7,0.941
167,-1,460.6,368.9,26.3,86.1,0.928
167,-1,908.7,343.4,30,114.7,0.736
167,-1,126.1,365.2,21.4,62,0.71
167,-1,153.2,363.6,23.4,83.6,0.622
167,-1,828.8,354.9,30,84.6,0.146
241,-1,1385.9,296.9,210,704.9,1
241,-1,1051.7,342.8,68.2,162.1,1
241,-1,1620.1,289.5,293.2,747.9,1
241,-1,1,322.2,72.8,198,1
241,-1,653.5,313.6,73.4,189.6,1
241,-1,903.6,328,51.8,156.2,1
241,-1,265.9,330.4,39.3,111.3,1
241,-1,1151,343,37,115.4,1
241,-1,952.3,334.4,48.8,144.8,1
241,-1,480.3,328.3,50.2,127.1,0.999
241,-1,775.7,341.7,26.1,67.9,0.999
241,-1,240.8,327.9,28,73.3,0.965
241,-1,878.7,353.2,33.6,62.3,0.608
241,-1,744.8,342.7,25.2,64.5,0.106
178,-1,1546.9,306.5,196.8,627.6,1
178,-1,222.7,366.6,54.5,136.5,1
178,-1,889.1,348.9,65.1,161.6,1
178,-1,519.8,342.6,75.3,168.4,1
178,-1,715.6,345.4,42.7,132.8,1
178,-1,1046.1,317.3,68.9,204.3,1
178,-1,1726.8,283.4,194.2,643.9,1
178,-1,789.4,345.4,50.5,132.6,1
178,-1,411.3,356.9,41.6,121.8,1
178,-1,1494.2,339.3,58.7,163,1
178,-1,948.9,349.4,39,95.4,0.999
178,-1,93.6,375.2,41.8,109.5,0.999
178,-1,649.8,376.3,37.7,51.5,0.999
178,-1,51.7,376.3,23.3,69.5,0.98
178,-1,834.6,342.5,36.7,117.6,0.975
178,-1,391.2,370,30.3,96.3,0.868
178,-1,68.9,378.1,24.6,74.1,0.779
178,-1,132.3,381,23.5,81.5,0.13
178,-1,674.6,374,34.6,58.9,0.119
46,-1,1055.8,437.1,73.4,176.2,1
46,-1,108.9,430.3,159.3,325.7,1
46,-1,1,453.9,76.5,209.4,1
46,-1,1220,405.4,119.1,348.8,1
46,-1,866.3,438.2,48.2,119.2,1
46,-1,710,450.2,27.6,73.8,1
46,-1,821.5,447.9,39.5,108.5,0.999
46,-1,497.7,460.2,27.7,81.2,0.999
46,-1,788.5,439.3,33.1,92.8,0.995
46,-1,237.5,450.1,61.8,196.1,0.986
46,-1,401.2,463.8,21.4,58.3,0.951
46,-1,426.8,461.2,22.3,62.7,0.939
46,-1,479.4,461.1,23.8,70.9,0.809
46,-1,804.4,447,35.4,98,0.635
46,-1,436.8,457.2,39.6,70.3,0.412
46,-1,906.4,437.5,28.8,100.4,0.061
143,-1,51,345.7,103.3,243.4,1
143,-1,972.3,359.5,69.1,169.6,1
143,-1,295.5,367.5,55.9,140.1,1
143,-1,1060.7,340,57,165.2,1
143,-1,772.5,353.5,40.8,124.8,1
143,-1,1489.4,359,56.8,145.3,1
143,-1,870.8,354.9,48.8,129.8,1
143,-1,694.5,381.3,37.4,49.8,1
143,-1,198,377.1,35.2,104,0.999
143,-1,507.4,368.9,31,99.3,0.997
143,-1,492.6,372.3,27.3,87,0.903
143,-1,157.2,376.9,24.3,69.2,0.711
143,-1,729.2,374.3,35.2,55.6,0.35
143,-1,229.6,381.7,24.3,86.1,0.159
143,-1,1808.5,322.4,112.5,605.9,0.156
143,-1,953.6,356.9,42,124.5,0.07
195,-1,1401.5,311.7,213.2,651.9,1
195,-1,510.8,313.7,80.4,174.9,1
195,-1,705.2,330.7,49.9,142.3,1
195,-1,1065.3,309,76.6,228.4,1
195,-1,221.6,332.1,54.2,134.1,1
195,-1,1622.2,301,246.9,656.6,1
195,-1,860,337.4,73.9,168.3,1
195,-1,389,329.2,43.5,124.8,1
195,-1,770.1,329.4,52.3,139.6,1
195,-1,71.1,340.5,42.2,107.2,1
195,-1,656,361.2,38,53.6,0.998
195,-1,922.9,332.9,36.7,118.1,0.991
195,-1,826.3,329.7,42.9,120.7,0.989
195,-1,33.8,336,23,69,0.982
195,-1,367.6,346.4,27,95,0.666
195,-1,676.9,351.4,38.8,71.3,0.092
57,-1,974.9,424.8,74.5,178.2,1
57,-1,117.4,439.2,78,203.9,1
57,-1,1240.8,381.1,131.3,418.1,1
57,-1,653.3,438,26.4,70,1
57,-1,758.5,431.2,41.5,114.6,0.999
57,-1,805.8,426.6,45.3,119.9,0.999
57,-1,849,427.2,42,111.7,0.999
57,-1,1,420.9,112.9,355.7,0.999
57,-1,732.2,434.6,35.1,92.1,0.978
57,-1,422.2,449.3,25.5,69.2,0.975
57,-1,370.9,449.5,22.7,65.6,0.96
57,-1,354.1,450.5,21.3,62.3,0.939
57,-1,338.3,452.6,19.6,60.7,0.926
57,-1,406.8,450.7,22.9,66,0.901
57,-1,782.9,430.9,34,114,0.462
57,-1,381.6,448,32.8,69.6,0.287
232,-1,1371.2,333.5,229.7,706.8,1
232,-1,621.6,325.3,87.7,194.7,1
232,-1,1024.1,360.9,69.6,168.2,1
232,-1,1630.3,325.4,268.1,719.8,1
232,-1,872.1,351.7,54.5,148.5,1
232,-1,241.8,349.2,39.9,115.9,1
232,-1,440.6,350.7,52.5,126,1
232,-1,920.2,358.1,52.4,140.1,1
232,-1,1116.5,365.8,36.4,113.3,1
232,-1,496.4,352.2,42.8,124,0.996
232,-1,740,363,25.2,59.1,0.994
232,-1,3.6,350.6,42.5,194.5,0.985
232,-1,846.6,380.2,35.1,55.7,0.971
232,-1,990.5,369.2,34.5,102.1,0.969
232,-1,213.2,344.7,27.3,72.3,0.95
232,-1,224.6,349.2,32.3,90.2,0.451
232,-1,830.4,382.3,33.4,44.8,0.348
215,-1,588.9,341.3,88.5,184.5,1
215,-1,366.2,363.6,52.9,127.3,1
215,-1,1398,324.8,219.1,684.6,1
215,-1,1660.9,309.1,248.7,702.9,1
215,-1,968.8,362.4,73,167.1,1
215,-1,823.7,355.1,54.6,146.2,1
215,-1,485.9,351.2,47.7,130.1,1
215,-1,876.4,356.2,52.7,137.9,1
215,-1,188.9,363.5,42.6,114.6,1
215,-1,1222.2,328.3,89.6,276.2,1
215,-1,1048.4,361.6,36.6,116.1,0.999
215,-1,791.6,389.4,34.2,51.1,0.986
215,-1,162,362.4,29.4,71.7,0.962
215,-1,466.7,360.1,36.7,112.6,0.667
215,-1,451.8,370.4,28.1,99,0.357
215,-1,147.9,361.9,24.7,59.2,0.355
215,-1,661.5,367.9,27.8,78.1,0.19
21,-1,340,444.7,74.9,178.3,1
21,-1,535.1,432.8,107.8,223.7,1
21,-1,1520.3,447.4,43.1,108.1,1
21,-1,1127.8,426.9,49.3,119.6,1
21,-1,1364,412.6,79.7,273.4,1
21,-1,1078.6,439.1,39.3,108.2,1
21,-1,484,447.7,57.8,176.5,1
21,-1,258.6,447.8,29.7,70.1,1
21,-1,1026.3,439.6,36.1,82,1
21,-1,426.3,448.8,65.6,173.4,0.999
21,-1,762.7,450.3,23.1,73.2,0.998
21,-1,663,452.4,23.2,58.3,0.968
21,-1,702,451.3,22.1,58.7,0.917
21,-1,734.6,447.9,37.3,73.2,0.128
325,-1,1587.6,204,232.1,773.7,1
325,-1,771.7,247.5,83.7,217.9,1
325,-1,1143.8,264.2,66.3,159,1
325,-1,530.1,273.7,49.4,119.2,1
325,-1,34.6,281.3,35.3,96.9,1
325,-1,1060.6,255.6,51.5,151.6,1
325,-1,926.7,269.3,52.3,133.1,1
325,-1,86.2,280.4,60.1,146.1,1
325,-1,1206.2,258.5,37.4,122.7,0.999
325,-1,853.4,257.4,59.3,160.5,0.999
325,-1,149,280.7,80.9,205.9,0.998
325,-1,194.3,247.1,85,241.7,0.993
325,-1,665.5,283.1,22,66,0.99
325,-1,1005.3,276.3,23.4,51.9,0.986
325,-1,755,281.1,25.3,67.4,0.794
325,-1,988.5,277.4,24,54.8,0.785
325,-1,709.5,279.5,21,60.6,0.631
325,-1,1020.7,276.1,22,53.7,0.064
306,-1,1473.1,209.4,239.7,756.4,1
306,-1,1106.1,264.2,67.9,164.5,1
306,-1,818,250.1,74.5,199.4,1
306,-1,722,271.2,45.5,122,1
306,-1,71,261.9,36.1,93.4,1
306,-1,1038.9,262.4,46.1,135.3,1
306,-1,297.5,242.2,78.1,215.4,1
306,-1,1167.2,262.1,36.6,120.8,1
306,-1,921.4,268.4,47.5,132.7,0.999
306,-1,113.1,261.7,52.6,140.9,0.999
306,-1,257.6,275.8,58.5,177.9,0.997
306,-1,666.7,280.2,23.9,62.9,0.985
306,-1,1727.9,188.6,193.1,812,0.975
306,-1,982.5,275.9,24.2,54.1,0.949
306,-1,750.2,274.9,34.9,111.7,0.672
306,-1,681.8,278.1,25.6,65.8,0.643
306,-1,886.4,268.3,40.6,126.4,0.337
306,-1,962.5,271.8,33.5,73.6,0.092
306,-1,628.9,282.1,20.4,60.8,0.059
74,-1,1224.9,426,42.7,119.8,1
74,-1,759.2,416.3,45.9,123.4,1
74,-1,907.6,422.2,71.7,173.1,1
74,-1,1358,354.8,199.2,553.3,1
74,-1,832.4,415.4,40.8,117.2,1
74,-1,618.3,427.6,27.8,71.6,1
74,-1,711.7,424.7,41.7,112,1
74,-1,483.1,421.9,50.2,130.2,1
74,-1,16.8,429.1,79.9,211.8,1
74,-1,526.4,429.9,39.2,91.2,0.99
74,-1,87,431.5,66.3,174,0.55
101,-1,832.9,394.2,72.9,171.8,1
101,-1,547.7,399,35.9,103,1
101,-1,720.7,389.9,45.6,125.8,1
101,-1,1240.9,404,45.1,125.2,1
101,-1,322.8,400.3,35.2,92.8,1
101,-1,605.2,399.3,28.2,71.5,1
101,-1,678.7,393.6,43.6,117.6,0.999
101,-1,1793.6,373.4,127.4,532.9,0.998
101,-1,487.5,419.5,41.6,51.7,0.995
101,-1,304.9,407.2,26.2,75.7,0.736
101,-1,345.6,402.3,27.8,84.7,0.562
276,-1,17.7,307.6,76.4,197.9,1
276,-1,662.9,280.2,92.3,213.9,1
276,-1,1149.7,306,70,164.5,1
276,-1,1453.9,267.6,240,742.5,1
276,-1,1105.7,296,53.5,136.9,1
276,-1,1236,302.5,37.1,119.3,1
276,-1,903.5,304.4,42.2,117.4,0.999
276,-1,1712,246.2,209,792.7,0.999
276,-1,946.8,291.8,66.1,174.5,0.999
276,-1,272.6,301.5,44.9,121.2,0.999
276,-1,495,290.4,66.6,167.2,0.997
276,-1,835.5,311.5,23.2,62.5,0.989
276,-1,559.7,297.5,52.2,124,0.988
276,-1,762.9,318.2,25,61.1,0.924
276,-1,1062.6,316.2,23.4,52.5,0.909
276,-1,811.4,314.5,22.4,59.8,0.842
121,-1,614.2,400.6,36.7,107.3,1
121,-1,371.9,396.4,57,138.4,1
121,-1,850.2,397.8,68.4,168.1,1
121,-1,1705.7,367.9,215.3,556.8,1
121,-1,114.1,411.1,60.6,145.1,1
121,-1,1306.9,398.2,47.8,132.1,1
121,-1,540.7,420.2,37.9,53.3,1
121,-1,756.3,393.1,47.8,124.2,0.997
121,-1,900.7,382.1,49,145.8,0.997
121,-1,721.3,398.9,40.9,120.8,0.994
121,-1,801.3,393.1,32.4,111.5,0.991
121,-1,659.9,401.9,25,60.7,0.817
121,-1,334.1,416.4,25.9,73.5,0.749
121,-1,8.5,397.5,44.9,199.3,0.41
150,-1,805.8,352.7,41.6,126.5,1
150,-1,64,351.5,108.6,246.9,1
150,-1,997.1,360.1,69.6,169.8,1
150,-1,334.4,372.4,53.1,134,1
150,-1,731.3,382.7,36,54.1,1
150,-1,1105.4,336.7,58.3,171.8,1
150,-1,1.1,392.2,63.9,195.4,1
150,-1,896,354.7,49.7,131.8,1
150,-1,233.8,376.9,34.5,106.3,0.999
150,-1,1532.5,363.1,59.8,144.5,0.999
150,-1,537,372.6,33.8,99.2,0.993
150,-1,1799.6,329.7,121.4,608.7,0.924
150,-1,516.2,378.2,27.7,85.2,0.911
150,-1,185.2,377.5,22.1,67,0.888
150,-1,774.1,375.7,36.7,63.3,0.464
150,-1,588.3,359.1,59.4,143.4,0.126
150,-1,865.3,368.5,29.1,67.3,0.079
39,-1,904.8,446,49.4,121.5,1
39,-1,1109.1,453.8,73.2,177.1,1
39,-1,56.7,448.3,91.8,209.3,1
39,-1,221.3,438.5,125.9,291.4,1
39,-1,1226,416.2,104,320.7,1
39,-1,157.5,472.4,65.9,180.9,1
39,-1,857.9,456.9,43.8,107.6,0.999
39,-1,1321.7,463.9,40.1,106.7,0.999
39,-1,829.7,451.7,32.3,89.2,0.995
39,-1,545.7,465.4,23.7,75.5,0.994
39,-1,448.5,467.3,22.6,61.3,0.951
39,-1,474,465.3,22.8,64.9,0.947
39,-1,494.7,463.9,23.6,67.6,0.937
39,-1,433.8,468.9,22.4,58.2,0.93
115,-1,816.8,393.5,69,168.7,1
115,-1,556.7,396.4,37.1,109.4,1
115,-1,1717.5,367.8,188.4,537.1,1
115,-1,314.5,395.7,37,105.6,1
115,-1,1250.1,398.1,46.9,129,1
115,-1,50.5,402.7,59.2,148.2,0.999
115,-1,484.2,416.9,40.9,51.9,0.998
115,-1,707.5,386.7,50.4,126.8,0.998
115,-1,748.7,389.1,35.7,115.3,0.996
115,-1,671.2,390.8,45.9,123,0.995
115,-1,599,400.5,28.5,71.7,0.991
115,-1,859.6,383.6,45.8,141.8,0.432
115,-1,350.1,401.7,33.5,114.1,0.123
159,-1,821.4,341.4,42.7,130.1,1
159,-1,50.8,341.4,112.1,253.5,1
159,-1,1117.6,324.9,64.1,176.5,1
159,-1,1009,345.7,72.4,170,1
159,-1,747.3,372.9,36,51.3,1
159,-1,346.4,359.5,49.1,134,1
159,-1,247.2,368,36,100.5,1
159,-1,897.5,340.9,50.2,134.4,1
159,-1,1573.2,344.6,64.8,153.1,1
159,-1,1736.2,302,184.8,612.9,0.999
159,-1,625.7,343.1,63.3,149.5,0.999
159,-1,1.6,374.5,55.8,209.4,0.999
159,-1,542.2,359.6,40.8,107.2,0.999
159,-1,940.1,340.1,38.3,111.2,0.956
159,-1,517.3,366.4,30.9,89.9,0.935
159,-1,199.9,368.5,20.7,62.6,0.929
159,-1,224.6,361.9,36.2,89.6,0.094
173,-1,729.9,345.1,43.2,131.4,1
173,-1,903.5,344.6,69.3,173.1,1
173,-1,1595,300.4,192.4,614.7,1
173,-1,241.5,368.6,51.9,131.8,1
173,-1,1050.9,321.7,67.4,192.3,1
173,-1,804.5,343.9,51.1,134.1,1
173,-1,113,371.4,43.5,110,1
173,-1,537.5,341.3,71.7,160.5,1
173,-1,434.7,356.8,39.6,117.4,1
173,-1,658.2,376.1,41,52,0.999
173,-1,1508.4,345,63.8,158.9,0.995
173,-1,1775.6,270.2,145.4,637.5,0.993
173,-1,848.1,345.1,37.1,111.9,0.974
173,-1,398.1,369.7,30.2,90.2,0.967
173,-1,76.6,371.6,21.8,70.8,0.851
173,-1,419.9,363.4,31.2,106.2,0.845
173,-1,92.8,371.2,21.1,82.2,0.424
173,-1,966.1,355.1,29.8,96.2,0.365
9,-1,1183.1,416.5,49.4,121.7,1
9,-1,1565.9,437.4,42.6,107.1,1
9,-1,1357.1,402.7,81.3,236.4,1
9,-1,630.5,417.3,86.2,210,1
9,-1,1129.4,429.5,41.4,107.2,1
9,-1,429.4,430.8,77.9,183.6,1
9,-1,350.8,438.1,29.3,71.2,1
9,-1,553.3,429.8,61.9,182.6,1
9,-1,1430.2,428.4,73.7,178.6,0.999
9,-1,510.1,439.4,65.9,171.7,0.999
9,-1,1081.4,428.9,34.7,84.3,0.997
9,-1,821.7,441.2,22.2,66.9,0.968
9,-1,778.2,439.2,23.5,63.5,0.944
9,-1,752.1,440.7,22.2,61,0.925
9,-1,804.7,439.8,22.9,64.4,0.919
9,-1,740.2,447.9,22.5,58.3,0.459
278,-1,1,308.7,79.3,195.7,1
278,-1,647.9,278.1,91.9,217.5,1
278,-1,1442.7,257.7,240.9,747.7,1
278,-1,1136.7,308.9,68.5,157.9,1
278,-1,932.9,293.7,64.6,173.8,1
278,-1,1217.9,303.6,35.4,116.6,1
278,-1,888.4,305.9,41.7,112.2,1
278,-1,1708.9,230.5,212.1,790.6,0.999
278,-1,1099.5,298.5,46.5,131.3,0.998
278,-1,260.4,300.7,43,125,0.998
278,-1,481.5,292.4,63.6,169.6,0.997
278,-1,822.2,312.3,22.2,64.9,0.997
278,-1,559.2,300,48.4,117.7,0.994
278,-1,1061.9,312.2,24.9,54.6,0.955
278,-1,755.7,313.6,23.2,61.7,0.898
278,-1,241.5,298.3,32,74.7,0.346
278,-1,1035.6,316.9,23.7,56.5,0.119
110,-1,1692.9,376.1,228.1,545.2,1
110,-1,546.6,395.7,38.2,104.2,1
110,-1,815.2,394.6,66.6,169.8,1
110,-1,477.7,413.4,39.5,50.4,1
110,-1,305,401.9,34.4,90.3,1
110,-1,1246.2,402.2,46.6,125.3,1
110,-1,669.7,390.5,43.6,122.2,0.999
110,-1,745.5,390.3,34.9,110.3,0.996
110,-1,586.7,397,29.4,71,0.993
110,-1,706.3,385.6,48.7,123,0.991
110,-1,273.7,409.6,22.3,62.9,0.545
109,-1,547.1,395.7,36.9,99.9,1
109,-1,817.9,393.5,70.7,172.3,1
109,-1,1683.9,388.4,237.1,524.8,1
109,-1,479.4,414.6,38.3,49.8,1
109,-1,305.3,399.4,36.2,95.4,1
109,-1,1244.8,402.8,46,126.6,1
109,-1,670.2,390.4,43.8,122.6,0.999
109,-1,591.7,398.4,28.7,68.1,0.999
109,-1,745.8,390.9,36.3,111.3,0.997
109,-1,705.5,384.9,52.3,125.1,0.996
166,-1,786.2,344,43.9,130.3,1
166,-1,965.4,346.9,70.5,169.8,1
166,-1,303.7,365.1,50.4,132.3,1
166,-1,1669.5,315.9,218.5,611.4,1
166,-1,713.8,374.2,36,52.8,1
166,-1,1.8,348.2,86.6,259.8,1
166,-1,1093,328,64.5,184.7,1
166,-1,1551.7,347,60.6,156.5,1
166,-1,185.8,366.2,40,107.9,1
166,-1,859.5,340.7,50.7,137.4,1
166,-1,591.8,338.1,69.7,161.8,1
166,-1,499.3,359.2,40.2,108.9,1
166,-1,909.1,344.5,33.9,111.6,0.958
166,-1,143.5,366.4,24.3,65.9,0.952
166,-1,481.1,364.5,31.6,96.2,0.902
166,-1,461,369.8,24.4,82,0.81
166,-1,159.6,360.8,32.4,88.6,0.206
244,-1,1373.2,300.4,233.7,714.2,1
244,-1,1598,281,316.3,753.8,1
244,-1,649.7,306.1,87.4,197.8,1
244,-1,1059.3,334.1,71.9,168.3,1
244,-1,271.7,324.3,41.1,118,1
244,-1,906,321,54.7,162.9,1
244,-1,1,323,78.6,199.9,1
244,-1,1161.7,337.6,37.5,117.2,1
244,-1,953.4,330.3,55.5,148.3,0.999
244,-1,488.1,323.5,53,130.9,0.999
244,-1,786.1,339.8,23,64.2,0.996
244,-1,877.7,351.7,30,57.2,0.918
244,-1,730.5,340.1,28.1,66.9,0.58
244,-1,188.5,308.6,26.3,82.5,0.382
244,-1,243.4,321.5,27.4,80.3,0.341
244,-1,1013.5,345.3,29.1,70.7,0.199
244,-1,259,324.3,31.6,92.3,0.154
290,-1,1442,233.3,230.3,724.6,1
290,-1,857.5,272,73.6,186.3,1
290,-1,1098.3,282.1,65.2,162.9,1
290,-1,1685.4,207.3,235.6,797.2,1
290,-1,543.4,270.7,102.3,214.4,1
290,-1,1041.3,278,48,138.9,1
290,-1,796.4,295.8,54.6,114.6,1
290,-1,352.7,289.4,50.8,163.5,1
290,-1,1165,285.2,33.3,114.4,0.999
290,-1,163.2,294.5,46.1,133.2,0.999
290,-1,931.1,291.9,47.9,132,0.999
290,-1,499.8,293.4,52.2,117.3,0.992
290,-1,131.4,291.3,32.2,84,0.989
290,-1,682.1,302.8,22.5,59.4,0.955
290,-1,758.5,302,24.6,62.7,0.954
290,-1,979,300.5,26,58.2,0.826
290,-1,663.6,304.6,22.6,57.4,0.752
290,-1,696.8,304.4,22.6,59.2,0.712
290,-1,962.4,296.8,29.1,82.6,0.21
290,-1,650,306,24.7,62.3,0.102
313,-1,1098.1,273,66.5,162.8,1
313,-1,1498.6,209.4,204.4,768.2,1
313,-1,693.4,276.1,47.6,126.6,1
313,-1,782.7,252,78.1,210,1
313,-1,1016.7,265.5,50.8,149.5,1
313,-1,909,275.5,47.3,129,1
313,-1,21.1,272.5,33,94.8,0.999
313,-1,222.6,249.5,81.5,219.3,0.999
313,-1,840.3,262.1,58.6,154.8,0.998
313,-1,82.4,271.9,54.1,138.8,0.998
313,-1,1153.1,265.5,36.4,130.4,0.995
313,-1,1725.4,207.5,195.6,785.4,0.96
313,-1,653.5,286.9,24.9,66.8,0.891
313,-1,634.5,285.1,23.6,69.1,0.864
313,-1,197.1,268.7,53.2,198.5,0.842
313,-1,500.3,278.2,43.1,113.6,0.115
256,-1,1387.5,296.7,232.1,714.8,1
256,-1,20.8,311,84.5,203.1,1
256,-1,1102.8,330.3,67.3,161,1
256,-1,287.7,318.1,41.9,117.4,1
256,-1,1677.3,240.9,243.7,802,1
256,-1,670.7,294.7,84,198,1
256,-1,542.2,306,50.7,144.6,1
256,-1,982.6,316.6,56,149.3,0.999
256,-1,936.6,313.6,56.1,159.2,0.999
256,-1,1201.9,327.6,38.9,119.8,0.999
256,-1,816.1,327.8,22.9,63.2,0.999
256,-1,1079.1,319.1,44.4,126.7,0.908
256,-1,760.4,329.9,23.1,61.6,0.88
256,-1,910.3,346.3,31.3,49.7,0.218
256,-1,274.4,319.7,30.7,92.2,0.182
304,-1,1472.8,213,255.4,739,1
304,-1,1109.8,265.7,66.3,159.6,1
304,-1,826.4,251.8,72.9,197.1,1
304,-1,313.9,248.5,71.6,200.9,1
304,-1,81.1,258.7,37.1,97.7,1
304,-1,926.2,268.8,50.2,132.4,0.999
304,-1,741.2,272.3,45.3,119.2,0.999
304,-1,1170,261.8,36.1,120.9,0.999
304,-1,272.7,273,54.7,175.2,0.999
304,-1,1043.5,265.2,44.5,131.4,0.998
304,-1,120.6,267.2,51,137.6,0.997
304,-1,672,282.8,24.1,61.9,0.994
304,-1,1723.2,188.8,197.8,791.9,0.937
304,-1,972.4,277.3,25.3,57.3,0.898
304,-1,705.3,279.1,42.5,73.5,0.411
304,-1,885.5,261.7,43.4,140.3,0.309
124,-1,640.4,393.6,36.6,104.1,1
124,-1,392.4,384.6,65.1,146.5,1
124,-1,866.4,390.1,68.7,169.3,1
124,-1,566.2,416.7,37.2,52.2,1
124,-1,141.8,402.9,59.5,145,1
124,-1,1,385.5,72.3,230.9,1
124,-1,766.9,385.6,51.6,128.7,1
124,-1,1730.8,367.8,190.2,555.5,0.999
124,-1,1331.1,394.3,48.4,133,0.999
124,-1,922.9,375,50.5,147.9,0.998
124,-1,827.8,385.1,30.4,115.5,0.99
124,-1,744.7,389.9,45,120,0.9
124,-1,361,408.1,26.6,72.8,0.811
124,-1,60.2,403.3,35.7,116.9,0.582
181,-1,710,331.7,47.1,139.8,1
181,-1,1527.5,298.9,188.3,625.8,1
181,-1,220.3,351.8,50.7,133.5,1
181,-1,784.3,331.6,49.8,135.7,1
181,-1,1726,280.2,195,636.4,1
181,-1,1046.3,307.6,69.4,204.7,1
181,-1,83.5,361.4,42.9,109.4,1
181,-1,881.7,336.6,63.6,165.5,1
181,-1,511.9,325.5,77.5,165.7,1
181,-1,646.1,363.2,40,55,1
181,-1,404.8,339,42.6,128.9,0.999
181,-1,940.5,337.6,39.3,100.4,0.999
181,-1,831.8,334.5,37.9,114.3,0.986
181,-1,43.6,360.2,24.2,69.5,0.953
181,-1,669,358.9,36.4,59.5,0.202
181,-1,60.3,360,25.7,80.2,0.124
328,-1,1619.5,191,237.8,808.4,1
328,-1,1157.4,271.2,66.7,161,1
328,-1,768.9,257.9,89.8,216.2,1
328,-1,166.4,256.8,103.8,244.5,1
328,-1,933.4,272.3,53.5,140.6,1
328,-1,1068.2,261.4,54.7,154.1,1
328,-1,36.3,285.6,38.4,100.8,1
328,-1,542.2,281.2,48.7,120,1
328,-1,864.6,263.6,58.6,155.7,1
328,-1,1217.5,266.3,40.3,123.7,0.999
328,-1,91.6,279.7,56,152.4,0.998
328,-1,1008.5,283.2,23.4,58.4,0.995
328,-1,732.2,284.7,24,64.6,0.965
328,-1,746.2,285.5,25.5,66.3,0.95
328,-1,757.8,286.5,29.9,75.1,0.284
328,-1,657.3,280.4,21.2,64.2,0.06
328,-1,598.5,294,31.4,85.5,0.057
328,-1,968.1,274.4,36.5,96.5,0.052
30,-1,358.6,429.1,122.4,256.7,1
30,-1,1259,414.5,100.8,292.9,1
30,-1,989.5,439.9,46.5,117.3,1
30,-1,1391.4,451.8,43.2,114.9,1
30,-1,167.3,449,88.8,194,1
30,-1,939.1,444.4,41.8,106.4,1
30,-1,1193.7,442.8,75.5,177.4,1
30,-1,70.3,449.2,32.7,77.3,1
30,-1,269.7,454.3,63.7,186,0.999
30,-1,901.7,443.1,34.7,89.4,0.996
30,-1,624.9,455.9,23,73.8,0.979
30,-1,531.1,453.6,20.9,61.1,0.952
30,-1,543.7,451.7,22,61.5,0.946
30,-1,599.5,455.9,21.4,64.1,0.926
30,-1,517.5,455,22.7,60.4,0.842
30,-1,571.4,455,24.4,63.9,0.816
30,-1,650.5,455.2,23.4,67.1,0.313
30,-1,317.2,448.8,80.8,185.5,0.209
238,-1,1379.7,312.9,216.5,712.6,1
238,-1,1627.3,302.9,281.1,740.5,1
238,-1,1,331,64,198.7,1
238,-1,641.9,315.5,78.7,190.7,1
238,-1,1041.9,347.2,71.1,161.6,1
238,-1,258.5,331.7,42.1,116.4,1
238,-1,1140.8,346.8,35.7,116.2,1
238,-1,900.3,332.1,45.4,152.3,0.999
238,-1,469.1,338.5,49.2,122.3,0.999
238,-1,935.9,340.4,53.2,143,0.999
238,-1,763.6,347.7,24,64.4,0.998
238,-1,235.3,331.6,27.2,70.9,0.966
238,-1,873.3,355.7,41.1,71,0.925
238,-1,517.9,338.6,32.8,112,0.679
238,-1,858.6,357.8,31.5,52.2,0.107
238,-1,741.6,342.2,28.9,70,0.055
25,-1,477.1,437.8,110.3,242.7,1
25,-1,1317.9,409.1,95.7,284.3,1
25,-1,1463.9,451.3,43.5,109.6,1
25,-1,1067.7,438,47.5,118,1
25,-1,273.7,450.5,79.4,189.1,1
25,-1,185.8,453.7,32.3,72.3,0.999
25,-1,370.9,456,66.6,180.5,0.999
25,-1,1010.5,447.5,42.3,104.3,0.999
25,-1,702.8,459.4,22,73.3,0.998
25,-1,426,452.2,53.5,182.2,0.997
25,-1,991.1,447.5,35.2,87.4,0.975
25,-1,621.6,455.8,22.9,58.9,0.957
25,-1,647.2,456.1,23.3,60.9,0.934
25,-1,1037.8,444.8,32.5,107.6,0.578
25,-1,603.7,457.5,22.1,59.4,0.306
295,-1,1477.7,193.7,227.6,743.6,1
295,-1,855.1,252.9,72.7,189.8,1
295,-1,1171.1,262.1,37.9,117.3,1
295,-1,779.8,278.6,50.7,122.1,1
295,-1,1105.8,268.4,65.6,160.3,1
295,-1,155.8,280.9,47.7,130.5,1
295,-1,1049,263.7,44.3,133.8,1
295,-1,928.6,270,48.3,132,0.999
295,-1,1699.3,178,221.7,781.6,0.999
295,-1,118,275.4,35.4,89.4,0.999
295,-1,321.3,285.7,57,162.9,0.997
295,-1,355.6,258.8,70.4,191.3,0.986
295,-1,681.7,284.4,23.8,63.3,0.979
295,-1,978.7,277.5,26,57.8,0.838
295,-1,761.1,284.8,23.9,68.3,0.814
295,-1,523.5,243,99,233.9,0.784
295,-1,1026.8,279.8,27.1,65.4,0.228
209,-1,1394,341.8,217.1,663,1
209,-1,325,360.6,54.6,133.7,1
209,-1,1648.1,333.7,259.1,665,1
209,-1,937.5,369.6,72.1,164.7,1
209,-1,569.6,352,72.4,175.1,1
209,-1,1170.7,335.9,87.5,257.8,1
209,-1,790.3,358.5,51.1,144.2,1
209,-1,156.5,365.5,43,115.6,1
209,-1,841.8,358.5,52.7,139.3,1
209,-1,453.9,354.5,47.2,126.7,0.999
209,-1,1008.9,363.1,37.3,117.7,0.999
209,-1,747.8,391.9,40.9,55.7,0.992
209,-1,121.6,362.8,25.1,67,0.932
209,-1,133.6,363.4,32.6,81.8,0.851
209,-1,635.5,369.7,26.3,65.4,0.788
209,-1,427.9,370,31.3,99.1,0.75
209,-1,913.3,366,41.4,114.8,0.312
209,-1,899.7,367.2,27.4,108.1,0.08
154,-1,819.3,344,42.9,126.5,1
154,-1,1115.9,331.7,61.2,168.7,1
154,-1,349.6,363.5,52.3,134,1
154,-1,1008.8,348.7,71.6,172.1,1
154,-1,60.9,338.7,111.9,258,1
154,-1,900.3,346,50.8,132.5,1
154,-1,240.7,371.8,37.4,104.7,1
154,-1,2.5,376.9,70.6,202.5,1
154,-1,1553.8,352.7,59.2,145.9,1
154,-1,542.5,359.9,35.9,106.6,1
154,-1,746.9,375.6,34.1,47.9,0.999
154,-1,197.8,369.1,22.9,66.7,0.948
154,-1,517.3,371.5,29.2,85.9,0.937
154,-1,1800.3,318.9,120.7,605.6,0.696
154,-1,607.4,348.3,61.6,158.9,0.149
152,-1,814.8,350.3,42.8,123.7,1
152,-1,55.9,348.7,115.4,250.8,1
152,-1,343.9,371.2,53.1,130.5,1
152,-1,1112,333.6,61.4,171.7,1
152,-1,1006.7,356.9,70.3,168.6,1
152,-1,741.9,381.7,36.2,50.5,1
152,-1,901,351.3,50,130,1
152,-1,1546.8,358.8,58,144.9,1
152,-1,3.9,389.3,65.3,197.7,1
152,-1,236.1,374.1,34,104.8,0.999
152,-1,539.8,367.9,33.1,104.8,0.998
152,-1,517.4,377,28.7,85.1,0.937
152,-1,193.3,373.4,21.8,68.6,0.932
152,-1,1798.7,324.9,122.3,615.1,0.426
255,-1,15.1,309.3,88.4,202.2,1
255,-1,1096.2,331.7,67,161,1
255,-1,1377.7,301.5,238.5,703.7,1
255,-1,1666.8,281.5,254.2,755.5,1
255,-1,287.4,315.7,41.1,117.1,1
255,-1,665.2,292.6,90.9,206,1
255,-1,1198,329.9,37.8,115.5,1
255,-1,979.9,317.4,55.1,148.2,0.999
255,-1,936.1,312.8,57.5,159.4,0.999
255,-1,810.5,328.2,24.3,62.7,0.999
255,-1,539.7,303.3,52,146.8,0.999
255,-1,764.2,330.1,23.9,60.4,0.744
255,-1,265.4,317.1,28.3,75.1,0.548
255,-1,911.1,342.3,33.7,56.6,0.335
255,-1,1075.3,326,51.5,130.9,0.207
255,-1,1180.8,331.2,34.5,106.4,0.156
48,-1,1043.2,441,71.2,174.4,1
48,-1,81.3,435.1,162.6,325.6,1
48,-1,859.5,436.7,46.4,122.4,1
48,-1,1225.3,397.1,116,363.1,1
48,-1,808.9,445.7,42.3,109.9,1
48,-1,700.2,445.6,27.3,71.6,1
48,-1,487.2,459.5,26.9,80.3,1
48,-1,1.6,451.9,54.4,212.7,1
48,-1,214.7,447.4,70.3,207.2,0.999
48,-1,781.3,442.7,35.2,91.3,0.98
48,-1,426.3,462.7,22.2,63.4,0.95
48,-1,391,463.8,22.5,59.7,0.927
48,-1,411,462.1,20.9,61.9,0.906
48,-1,440.2,459.1,40.3,70.9,0.624
48,-1,901.7,440.4,27.1,100.1,0.547
48,-1,839,447.2,32,108.7,0.096
70,-1,717.3,425.5,42.4,114.8,1
70,-1,1326.3,364,217,503.1,1
70,-1,763.9,417.2,47.3,123.8,1
70,-1,1226.4,427.5,41.8,116.9,1
70,-1,36.9,435.1,85.1,207.6,1
70,-1,919.3,424.8,70.2,169.5,1
70,-1,496.4,422.5,48.8,124.8,1
70,-1,623.5,426.5,27,74.7,1
70,-1,833.7,413.7,41,117.1,1
70,-1,523.5,428.5,39.4,95.9,0.55
70,-1,3.6,469.3,34.5,173.5,0.326
70,-1,104.1,442.4,58.3,158.1,0.318
5,-1,1356.2,398.3,82,238,1
5,-1,647.3,412.9,84,206.9,1
5,-1,1447.2,424.4,72.6,178.5,1
5,-1,1571.8,430.3,43.3,107.2,1
5,-1,447.7,430.4,72.3,180.5,1
5,-1,1143.5,424.5,39.8,106.9,1
5,-1,1197.9,413.5,48.5,119.7,1
5,-1,1093.9,423.1,32.5,82.6,0.999
5,-1,521.9,432.5,67.1,177.5,0.998
5,-1,569.4,429.2,60.6,173.5,0.996
5,-1,365.7,430.6,27.6,71.2,0.989
5,-1,834.5,436,22.2,70.7,0.979
5,-1,778.1,434.2,21.2,60.5,0.931
5,-1,819.1,437.2,22.7,64.6,0.92
5,-1,744.5,437,22.3,61.5,0.872
5,-1,728.3,442.3,25.5,69.5,0.684
5,-1,766.4,442.3,22.6,57,0.133
187,-1,872.2,328.7,67.8,167.9,1
187,-1,706.4,323.7,48.6,138.9,1
187,-1,1463.9,284.2,210.1,639.2,1
187,-1,220.2,342.5,50.9,129.3,1
187,-1,505.7,310.8,78.2,173.6,1
187,-1,1049.9,293.7,72.4,218.9,1
187,-1,1674.7,261.3,236.3,654.9,1
187,-1,74.4,346.5,42.6,110.6,1
187,-1,772,326.2,53.9,134.2,1
187,-1,396.5,332.7,41.9,122.4,1
187,-1,651.6,355.9,35.5,52.9,0.998
187,-1,823.4,324.4,40.5,119.8,0.998
187,-1,35.8,344.4,24.8,72.9,0.987
187,-1,926.4,326.5,36.8,109.2,0.972
187,-1,363.5,347.5,29.2,90.2,0.946
1,-1,1596.5,420.3,42,109,1
1,-1,1229.5,411.6,43.2,119,1
1,-1,1479.9,418.8,74,176.6,1
1,-1,680.8,417,67.8,196.9,1
1,-1,1113.9,416,31.5,82.7,1
1,-1,1369.7,390.1,78.9,234.1,1
1,-1,471.8,429,73,179,1
1,-1,1173.8,418.5,35.8,104.2,1
1,-1,585.5,432.3,57.5,173.5,0.999
1,-1,730.5,420.8,56.7,177.9,0.999
1,-1,397.9,432.3,28.9,71.5,0.998
1,-1,547.8,437.6,60.1,168.8,0.997
1,-1,860.9,431.9,22.5,72.7,0.997
1,-1,637.2,432.5,48.4,136,0.972
1,-1,812.5,428.7,21.9,64.4,0.923
1,-1,842.5,427.3,27.2,70.2,0.251
270,-1,1449.5,252.8,255.3,737.9,1
270,-1,695.8,276.7,86.9,205.5,1
270,-1,47.8,296.6,74.1,198.1,1
270,-1,1245.1,305.1,39.1,116.7,1
270,-1,1159.1,300.1,71.4,167.8,1
270,-1,965.6,289.1,60.1,166.6,1
270,-1,309.8,296.3,43.8,118.5,0.998
270,-1,850.8,310.6,23.9,64.2,0.995
270,-1,1696.6,219.3,224.4,799.5,0.994
270,-1,540.8,282.4,57,170.1,0.987
270,-1,1130,293,46.9,139.5,0.984
270,-1,999,293.6,59.3,151.8,0.939
270,-1,788,312.7,24.8,58.1,0.89
270,-1,1082.6,316.2,21.6,49.7,0.781
270,-1,573.5,284.1,51.3,142.4,0.123
270,-1,873.8,312.1,21.6,54.9,0.055
270,-1,1061.1,311.4,35.9,79.1,0.054
251,-1,6.8,312.5,86.9,197.6,1
251,-1,1649.8,281.3,263.5,762,1
251,-1,1087.1,334.4,68.1,166,1
251,-1,924.1,314.6,58.7,161.4,1
251,-1,1370.8,305.6,237.2,722.3,1
251,-1,283.6,313.3,40.9,117.2,1
251,-1,662.8,297,83.2,201.1,1
251,-1,1184.6,336.4,35.4,117.4,1
251,-1,977.5,323.9,50,145.1,0.999
251,-1,801.7,331.8,22.8,60.9,0.999
251,-1,256.6,311.5,27.9,69.1,0.937
251,-1,1064.3,333.9,35,108.2,0.654
251,-1,536.1,306.5,48.6,146.7,0.478
251,-1,776.5,333.1,25.2,63,0.233
174,-1,726.6,343.5,42.7,128.8,1
174,-1,1582.9,295.7,192.2,618.5,1
174,-1,893,345,74,169.4,1
174,-1,237.5,370.9,52.4,129,1
174,-1,1049.4,315.8,67.3,198.2,1
174,-1,534.9,334.5,73.4,166.6,0.999
174,-1,435.3,359.6,38.1,112.6,0.999
174,-1,658.5,380.4,34.2,50.6,0.999
174,-1,116.7,369.5,42.8,105.5,0.997
174,-1,807.8,341.6,52.3,134.7,0.996
174,-1,1502.9,345.5,59.7,158.8,0.995
174,-1,1780.3,271.8,140.7,635.8,0.957
174,-1,401.5,370.9,33,92.4,0.949
174,-1,420.7,365.8,30.9,99.3,0.871
174,-1,77.6,373,21.6,67.3,0.848
174,-1,840.7,342.8,33.2,123,0.582
174,-1,98.2,369.9,23.8,95.7,0.408
84,-1,869,422.1,70.5,171.3,1
84,-1,447.6,413.4,62.1,134.3,1
84,-1,601.7,421.4,27.5,74.5,1
84,-1,1217.2,431.5,43.3,121.5,1
84,-1,6.2,406.6,81.1,212.3,1
84,-1,740.4,413.6,46.6,124.3,1
84,-1,692.1,419.4,42.3,117.8,1
84,-1,1499.5,331.1,228.3,702.3,1
84,-1,821.7,412.5,42.2,120,1
84,-1,518.3,419.8,37.3,95.9,1
84,-1,75.4,421.6,61.1,152.8,0.999
84,-1,497.3,423.4,34.6,90.9,0.201
212,-1,1406.1,338.8,205.1,656.2,1
212,-1,351,362.3,52.9,129.2,1
212,-1,1662.9,308.3,236,714.5,1
212,-1,957.1,367.6,66.7,163,1
212,-1,578.5,346.9,84.5,178.8,1
212,-1,863.8,356.8,54.6,141.3,1
212,-1,173.2,368.1,43.2,112.9,1
212,-1,809.1,356.1,52.5,145.3,1
212,-1,473,354.7,44.1,124.2,1
212,-1,1031.4,360,34.1,117.6,1
212,-1,1202.7,336.5,86.5,264,1
212,-1,772.9,387.3,41.2,58.8,0.979
212,-1,146.2,364.1,25,65,0.961
212,-1,932.1,364.2,39.8,118.6,0.91
212,-1,660.4,369.6,23.9,62.8,0.789
212,-1,449.7,367.6,29.7,91.9,0.563
20,-1,1527.4,446.3,42.7,108.3,1
20,-1,352.5,439.8,71.8,190.3,1
20,-1,552.2,430.5,95.6,226.2,1
20,-1,1084.2,436.7,41.6,113.3,1
20,-1,268.2,446,30.1,70.6,1
20,-1,1362.4,417.2,83.6,268.9,1
20,-1,1134.1,427,48.8,123,1
20,-1,437.5,452.4,61,169.7,1
20,-1,492.6,446.3,59,176.1,1
20,-1,1032.3,435.6,35.2,86,0.999
20,-1,767.1,450.5,23.4,69.9,0.999
20,-1,691.6,448.3,21.7,61.9,0.972
20,-1,744.1,450.9,21.4,60.8,0.806
20,-1,286.1,445.5,24.5,64.9,0.329
55,-1,986.9,426.3,73.6,177,1
55,-1,136.3,437.6,76.2,205.7,1
55,-1,662.7,438,27.5,70.3,1
55,-1,1,410.3,143.7,371.1,1
55,-1,819.6,426.6,44.2,120.5,1
55,-1,1239.6,378,123.2,413.5,1
55,-1,446.3,447,28.9,79.2,1
55,-1,765.1,431.5,44.8,113.5,0.997
55,-1,859.4,430.3,40.4,109,0.991
55,-1,741.7,433.9,37.2,92.2,0.986
55,-1,388.8,446.8,23.7,66.7,0.971
55,-1,354.8,450.7,21.9,61.8,0.958
55,-1,371,448.1,26,65.1,0.937
55,-1,341.9,452.6,22.3,60,0.845
55,-1,799.7,433,29.1,111.2,0.32
55,-1,413.4,443.3,26.8,71.8,0.197
55,-1,330.1,454.6,19.6,57.6,0.065
78,-1,750.7,420.1,48.3,124,1
78,-1,1221.7,434.2,42.5,118.1,1
78,-1,892.5,424.5,72.5,177.4,1
78,-1,471.4,422.3,52.8,130.9,1
78,-1,611.1,431.6,28.9,70.9,1
78,-1,826,421,42.9,116.8,1
78,-1,701.7,428.6,43.2,114.4,1
78,-1,1426.8,339,170.1,617.9,1
78,-1,522.9,426,37,96.9,0.999
78,-1,1.2,425.5,61.2,222.4,0.999
78,-1,94.7,434.8,55.6,148.5,0.992
78,-1,34.7,420.8,84.5,202.2,0.99
34,-1,293.4,439.7,116.8,265.5,1
34,-1,1146.5,452.1,75.3,177.9,1
34,-1,1242.2,417.7,99,311.4,1
34,-1,110.5,454.1,87.1,197.3,1
34,-1,209.2,464,67.4,184.4,1
34,-1,894.7,453.8,44.4,113.9,1
34,-1,1353.3,464.5,42.1,107.6,1
34,-1,943.5,443.6,49.2,122.6,1
34,-1,5.7,454.2,31.1,88.5,0.999
34,-1,861,450.9,33,89.6,0.996
34,-1,586.9,462,23.8,77.5,0.994
34,-1,517.7,463.1,22.7,63.2,0.963
34,-1,488.7,464.5,21.8,57.5,0.95
34,-1,884,453.8,28.9,99.3,0.632
34,-1,571.3,466,25.2,72,0.584
34,-1,525.8,457.1,40.8,72.2,0.401
111,-1,1699.7,370.1,221.3,549.6,1
111,-1,547,395.9,38.9,102.4,1
111,-1,812.3,396.8,65.4,165.3,1
111,-1,478.6,412.8,37.8,52.1,1
111,-1,1246.4,402.1,46.7,123.5,0.999
111,-1,308.7,397.7,34.7,91.6,0.999
111,-1,671.1,388.8,41.8,125.5,0.998
111,-1,707.4,384.2,45.9,126.5,0.994
111,-1,589.4,396.6,29.5,68.8,0.993
111,-1,743.3,388.8,33.8,110,0.978
111,-1,273.5,404.4,23.1,71,0.321
111,-1,1215.6,412.3,26.9,96.1,0.205
22,-1,531.9,440,101.7,219.5,1
22,-1,1505.7,448.1,45,109.9,1
22,-1,1352.2,412.6,83.8,270.3,1
22,-1,326.4,446.3,76.8,177.8,1
22,-1,1066,437.5,41,113.3,1
22,-1,247.6,448.1,30,71.9,1
22,-1,1112.1,432.6,47.7,116.6,0.999
22,-1,469.3,446.1,61.5,180,0.999
22,-1,419.5,451.8,62.5,173.7,0.999
22,-1,1022,439.5,32.3,84.5,0.994
22,-1,667.5,451.9,23.8,61.1,0.99
22,-1,752.3,453,24.2,72.9,0.977
22,-1,722.1,454.8,21.4,59.5,0.94
22,-1,733.5,453.8,23.4,65.8,0.904
22,-1,702.6,450,22,60.8,0.894
22,-1,654.2,455.5,22.8,59.1,0.658
22,-1,770.6,453.3,19.8,70.2,0.328
291,-1,1456.6,231.3,216.5,736.2,1
291,-1,540.3,266.2,105,216.9,1
291,-1,791.6,289,55.3,118.5,1
291,-1,1695.3,201.3,225.7,793.2,1
291,-1,860.2,271,70.9,182.4,1
291,-1,1102.2,279.7,63.8,160.5,1
291,-1,1041.9,274.1,48,137.5,1
291,-1,162.4,289.4,46.4,132.4,0.999
291,-1,1167.2,280.7,35,113.4,0.999
291,-1,347.8,277.2,51.7,175.8,0.998
291,-1,931.5,285.3,47.2,132.4,0.998
291,-1,129.8,289.9,33.1,80.9,0.992
291,-1,501.1,290.9,51.5,115.1,0.976
291,-1,758.8,299.5,23.2,59.9,0.958
291,-1,686.4,299.3,22,60.7,0.929
291,-1,671.5,302.9,25.4,58.4,0.839
291,-1,658.7,299.5,23.8,59.3,0.815
291,-1,970.6,292.4,27.2,64.3,0.787
291,-1,195,295.1,32.9,96.5,0.326
291,-1,628.6,299.7,28.8,78.4,0.063
260,-1,38,309.6,75,210.4,1
260,-1,1409.8,294.6,229.4,727,1
260,-1,1125.4,327.1,63.1,159.5,1
260,-1,685.6,294.5,72.6,201.1,1
260,-1,1691.9,252.1,229.1,798.9,1
260,-1,297.8,319.4,40,115.2,1
260,-1,1218.7,323.2,36.4,121.4,1
260,-1,546.7,304.3,52.7,149.5,0.999
260,-1,990.5,313.1,60.4,151.8,0.999
260,-1,830.7,328.6,24.3,63.2,0.999
260,-1,950.7,310.9,57.1,157.3,0.998
260,-1,1093.1,317.4,52.1,129.2,0.976
260,-1,765.9,331.4,25.1,59.9,0.903
260,-1,527.5,321.5,35.5,131.8,0.643
260,-1,748.6,326.9,27.7,75,0.24
260,-1,817.2,328.7,23.9,65.5,0.182
252,-1,1655.1,299.4,250.6,746.4,1
252,-1,8.6,310.5,86.5,198,1
252,-1,1088.8,333.3,68.7,166.9,1
252,-1,1371.8,299.6,234.6,717.2,1
252,-1,661.2,293.8,89.7,204.4,1
252,-1,284.6,312.9,40.5,117.7,1
252,-1,926.8,312.4,61.8,164.8,1
252,-1,1186.9,332,36,120.4,1
252,-1,977,320.9,51.2,145.9,0.999
252,-1,804.6,330.5,24,61.2,0.998
252,-1,256,310.2,27.3,68.5,0.844
252,-1,790.5,331.2,22,60,0.796
252,-1,1065.3,332.2,34.7,105,0.605
252,-1,269.1,312.2,31.9,93.6,0.506
252,-1,533.8,304.7,49.6,149,0.225
176,-1,1562.1,304.7,191.9,636.3,1
176,-1,716.6,346.5,45.2,133,1
176,-1,890.9,345.6,69.3,173.7,1
176,-1,1493.2,340.8,60.2,164.2,1
176,-1,1048.6,316.3,66.3,201.5,1
176,-1,524.2,339.2,79,170.1,1
176,-1,1743,284.4,178,644.3,1
176,-1,227.9,372.4,49.9,131.3,1
176,-1,794.7,345.1,50.5,133.7,1
176,-1,418.3,360.3,40.5,121.1,1
176,-1,650.2,379.1,39.7,48.9,1
176,-1,105,373.7,38.3,110.3,0.999
176,-1,953,352.7,37.9,101.3,0.999
176,-1,393.1,370.7,30.4,94.6,0.95
176,-1,838.7,344.3,35.7,116.2,0.933
176,-1,54.2,375,24.6,71.7,0.932
176,-1,72.1,377.7,23.9,69.5,0.765
176,-1,130.4,380.7,29,91.3,0.614
176,-1,767.2,357.6,29.5,78.9,0.398
176,-1,677,376.1,37.1,57.9,0.11
186,-1,1474.3,280.3,204.3,637.9,1
186,-1,873.2,327.4,70.7,168.8,1
186,-1,708.2,322.5,46.5,138.7,1
186,-1,220.6,341.7,51.2,129.3,1
186,-1,509.4,308.2,75.1,173.2,1
186,-1,1048.5,292.4,72.4,218.8,1
186,-1,1681.2,266.2,228.4,637.7,1
186,-1,76,346.8,41.9,109.3,1
186,-1,773.1,325.8,54,133.7,1
186,-1,397.9,333.9,41.7,119.2,0.999
186,-1,650,353.9,37.7,53.2,0.998
186,-1,826.4,321,39.6,120.8,0.997
186,-1,37.1,345.1,24,71.3,0.987
186,-1,927.9,325.2,36.3,108.1,0.932
186,-1,365,346.8,29.2,90.1,0.918
186,-1,682.5,344.1,36.1,70.2,0.202
95,-1,848.8,407.9,72.1,175.1,1
95,-1,537.2,413.3,38.6,96.5,1
95,-1,1227.8,415.7,45.5,126.4,1
95,-1,720,403.6,51,126.9,1
95,-1,603.1,411.2,27,67.5,1
95,-1,324,411,37.2,98.2,0.999
95,-1,681.1,404,42.8,118.4,0.999
95,-1,482.4,428.1,40.1,52.3,0.997
95,-1,299.8,418.5,28.7,73.1,0.784
95,-1,1736.1,308.1,184.9,772.9,0.66
162,-1,997.7,345.9,69.9,172.7,1
162,-1,812.8,343.8,43.3,131.3,1
162,-1,21.8,341.5,109.4,255.2,1
162,-1,334,366.3,50.5,131.5,1
162,-1,1116,326.1,62.3,184.9,1
162,-1,1693.5,302.7,227.5,633.3,1
162,-1,886.3,344.7,48.9,133.2,1
162,-1,741,374.1,34.7,51.8,1
162,-1,222.2,369.7,37,105.2,1
162,-1,613.4,344.2,66.1,152.9,1
162,-1,529.3,358,39.6,111.2,0.999
162,-1,1568.5,347.1,62.1,154.4,0.999
162,-1,935.4,343.2,33.4,116.6,0.951
162,-1,181.7,367.3,19.9,62.2,0.935
162,-1,511.1,363.8,30.8,94.5,0.907
162,-1,204.6,368.2,26.4,77.1,0.721
162,-1,489.8,370,26,82.7,0.662
162,-1,763.7,373.1,35.2,54.4,0.295
245,-1,1376.5,299.6,228,711.9,1
245,-1,651.8,306,86.6,199.5,1
245,-1,2.7,320.5,82.1,199.4,1
245,-1,1061.5,341.2,72.2,163.4,1
245,-1,269.4,323.5,41.7,120.3,1
245,-1,1602.7,295.2,307.7,740.5,1
245,-1,908.1,327.9,54.6,157.1,1
245,-1,1162,338.4,36.7,116,1
245,-1,956.8,331.5,54.8,148,0.999
245,-1,785.8,341.8,22.6,63.4,0.998
245,-1,494.6,326.7,48.6,124.6,0.992
245,-1,245.1,320,27.2,69.7,0.795
245,-1,880.9,355,32.7,56,0.409
245,-1,1010.2,347.8,29.4,73.4,0.408
277,-1,8.5,308.3,81.3,192.5,1
277,-1,1453.3,265.6,235.7,730.3,1
277,-1,656,276,91.4,214.8,1
277,-1,1142.8,310.1,69.8,158.8,1
277,-1,894.3,310.3,41.4,106.5,1
277,-1,940.7,293.7,63.5,171.7,1
277,-1,1103.4,297.3,50.5,133.7,0.999
277,-1,1713.8,246.2,207.2,782.1,0.999
277,-1,1229.8,305.7,36.4,113.4,0.999
277,-1,559.2,296.2,50.2,124.7,0.999
277,-1,489.1,292.5,64.3,168.6,0.998
277,-1,276.3,305.5,45.4,121.7,0.998
277,-1,830.5,313.6,23.5,61.6,0.995
277,-1,255,295.9,35,100.8,0.961
277,-1,1063.9,314,23.3,56,0.923
277,-1,759.8,315.9,22.1,60.8,0.898
277,-1,849.1,311.7,24.4,61.8,0.079
123,-1,631.6,393.5,34.4,108.3,1
123,-1,384.2,390.7,60.3,138.6,1
123,-1,861.6,392.5,69.9,168.5,1
123,-1,1724.7,372.8,196.3,556,1
123,-1,134.3,405.9,60.3,142.6,1
123,-1,764.5,386.1,50.7,130.4,1
123,-1,560.4,419.3,36.3,52.3,0.999
123,-1,1320,395.6,50.6,128.8,0.999
123,-1,1,379.9,62.9,247,0.998
123,-1,917.3,376.9,50.1,145,0.996
123,-1,822.4,384.5,31.1,115.2,0.992
123,-1,733.6,392.7,43.1,119.5,0.986
123,-1,655.2,394.9,28.8,86.2,0.901
123,-1,37.8,401.4,44.4,143.8,0.685
123,-1,366.1,409,29.6,86.1,0.336
123,-1,578.5,415.1,40.4,58.6,0.06
267,-1,1445.1,287.1,240.1,704.7,1
267,-1,46.9,297.9,77.1,197.3,1
267,-1,1151.8,308.5,70,164.4,1
267,-1,681.5,279.5,99.1,210.9,1
267,-1,967.7,292.3,57.4,166.1,1
267,-1,1243.5,305.4,37.6,119.3,1
267,-1,520.7,308,43.8,141.5,1
267,-1,312.5,298.9,43.6,119,0.999
267,-1,849.9,312.7,23.7,65.8,0.998
267,-1,1116.3,298.2,46.8,129.5,0.998
267,-1,1725,227.7,196,805.2,0.996
267,-1,1012.9,303.4,49.7,139,0.936
267,-1,1094.7,312.9,26.3,58.9,0.918
267,-1,790.5,311.5,23.1,59.7,0.881
267,-1,561,290.6,53.8,147.9,0.728
267,-1,5.4,312.6,33.1,191.2,0.614
267,-1,298,298.3,33,88.8,0.197
214,-1,360.7,363.6,52.5,129.4,1
214,-1,585.5,346.3,86.4,180.6,1
214,-1,1405.1,330.4,207.7,676.1,1
214,-1,1666.5,305.2,233.4,707.1,1
214,-1,964.1,365.3,73.8,168,1
214,-1,817.6,356.3,53.8,145,1
214,-1,1215.2,326.1,90.4,274.3,1
214,-1,185.2,365.7,42.3,115,1
214,-1,870.8,357.9,52.8,139.3,1
214,-1,481.1,350.8,48.7,135.8,1
214,-1,1040.8,362.9,35.8,117.2,0.999
214,-1,776.3,391.8,41.3,54.3,0.984
214,-1,154.6,367.8,24.1,60.9,0.957
214,-1,666.1,369.1,25.2,67.5,0.893
214,-1,164.6,362.1,29.6,87.4,0.607
214,-1,453.6,369.6,27.2,94,0.429
214,-1,941.9,365.8,40.7,114.1,0.246
141,-1,45.8,346.8,106.2,240.2,1
141,-1,967.6,359.8,69.6,168.3,1
141,-1,761.9,353.8,41.5,122.4,1
141,-1,1050.8,340.5,59.4,160.8,1
141,-1,689,382.1,34.5,50.4,1
141,-1,283.7,363.7,57.9,140,1
141,-1,865.6,354,49.2,129,1
141,-1,1480.6,364.7,54.3,138.4,1
141,-1,191.2,375.4,35,102,0.999
141,-1,502.4,362.2,34.6,110.2,0.988
141,-1,166.8,375.9,26.9,74.1,0.701
141,-1,1801,321.8,120,612.8,0.616
141,-1,477.9,360,33.9,98.2,0.584
141,-1,946.7,356.9,44.4,119.5,0.289
141,-1,525.2,353.7,50.9,137.3,0.176
141,-1,849.4,363.3,30.5,99.8,0.122
141,-1,453.6,370.1,25.9,71.1,0.107
249,-1,4.6,315,87,198.9,1
249,-1,1367.8,314.1,241.5,710.4,1
249,-1,1625.6,298.4,293.9,775.4,1
249,-1,1076.6,337.7,68.6,163.4,1
249,-1,277.3,316.9,41.2,117.9,1
249,-1,668.5,305.8,68.8,191.7,1
249,-1,922.5,318.3,55.5,161.1,1
249,-1,1177.2,340.8,35.7,118.3,1
249,-1,967.4,330.3,52.6,146.4,0.999
249,-1,796.2,337.3,23.5,62.8,0.998
249,-1,1057.8,335.1,38.6,118.3,0.542
249,-1,887.3,350.7,27.5,49.9,0.063
286,-1,569.8,272.5,97.9,214.3,1
286,-1,1048.3,283.8,46.6,143.3,1
286,-1,872.4,280,70.5,177.4,1
286,-1,1098.8,290.5,66.6,163.1,1
286,-1,1420.4,238,229.4,722.5,1
286,-1,823.6,291.9,52.2,122.6,1
286,-1,191.3,299.6,41.7,124.4,1
286,-1,1171,293.8,37.3,116.4,0.999
286,-1,1646.8,215.4,274.2,789.4,0.999
286,-1,151.7,293,34.8,84,0.996
286,-1,381.4,291.1,60.3,166.5,0.994
286,-1,755,304,22.4,60.9,0.987
286,-1,510.5,293.4,50,116.8,0.981
286,-1,975.4,304.7,29.4,75.3,0.883
286,-1,942.7,298.7,45.3,121.2,0.87
286,-1,713.6,308.9,22.2,58.1,0.868
286,-1,678,311.3,22,54.9,0.839
286,-1,175.2,297.7,31.1,106.1,0.301
286,-1,1018.3,303.8,26.4,59.9,0.092
281,-1,1424.7,250.5,236.7,728.1,1
281,-1,619.2,273.1,80.4,214,1
281,-1,1687.1,222.8,233.9,773.7,1
281,-1,902.6,284.4,66.1,181.5,1
281,-1,1114.2,300.5,66.4,160.9,1
281,-1,1191.9,297.5,35.2,121.1,1
281,-1,228.1,302.3,46,122.5,1
281,-1,1072,294.3,45.9,131.5,1
281,-1,533.7,297.5,49.4,115,0.999
281,-1,851,304.9,45.1,108.8,0.999
281,-1,197,294.5,31.9,88.7,0.997
281,-1,795.7,306.9,22.6,62.8,0.994
281,-1,442.4,285.8,64.3,171.6,0.988
281,-1,730.8,310.9,22.6,60.4,0.931
281,-1,1022.5,308.6,22.6,54.3,0.855
281,-1,714.2,312.2,23.9,61.2,0.848
281,-1,422.7,300.1,44.9,144.3,0.307
281,-1,970.5,309.5,33.1,117.2,0.13
281,-1,990.7,313.6,26.5,72.2,0.12
281,-1,693.3,311.9,27.1,73.6,0.06
93,-1,530.4,417.6,39.3,96.2,1
93,-1,855.5,414.4,70.6,174.1,1
93,-1,1222.7,426.4,44.9,122.5,1
93,-1,721.1,407.7,49.6,127,1
93,-1,599.2,421.5,27.4,68.8,1
93,-1,1683.3,299.8,237.7,781.2,1
93,-1,681.4,409.7,45.3,121.4,1
93,-1,324.4,414.7,34.4,93.7,0.999
93,-1,481.6,431.3,38.5,54.8,0.993
93,-1,823.7,412.4,43.9,117,0.978
93,-1,306.7,422.1,26.1,83.5,0.498
93,-1,347.8,420.3,26.6,76.1,0.327
122,-1,377.9,391.2,60.2,142,1
122,-1,621.7,395.9,37.8,111.8,1
122,-1,126.9,409.3,59,143.3,1
122,-1,1314.8,397.1,47.7,130.3,1
122,-1,857,397.4,67.7,167.7,1
122,-1,1713.2,372.4,207.8,558,1
122,-1,550.2,419.1,38.4,54,0.999
122,-1,760.7,388.5,49.1,129,0.999
122,-1,814.3,388.8,32.9,115.9,0.999
122,-1,909.3,380.5,48.9,146.8,0.998
122,-1,1,385.8,61.9,245.5,0.992
122,-1,661.1,401.8,29.4,68.3,0.987
122,-1,729.8,395.6,40.2,120,0.978
122,-1,355.7,415.1,29.6,87.5,0.69
122,-1,581,419.1,33.9,56.3,0.477
38,-1,227.7,440.5,120.7,292.5,1
38,-1,1115,456.3,72.2,177.1,1
38,-1,65.2,458.1,83,201.5,1
38,-1,1230.4,416.3,98.6,317.8,1
38,-1,910.1,447.5,46.6,118.6,1
38,-1,165,471,66,181.1,0.999
38,-1,864.2,456.1,41.9,110.2,0.999
38,-1,1324.6,466.8,41.1,101.2,0.999
38,-1,558.2,467.3,24.4,76.3,0.99
38,-1,833,453.4,33,87.6,0.989
38,-1,454.6,468.9,23.4,61.2,0.958
38,-1,479.1,467.2,22.7,63.5,0.952
38,-1,532.7,466.6,22.8,67.2,0.925
38,-1,486.6,463.4,40,71.6,0.318
287,-1,559.5,275.8,101.4,213.4,1
287,-1,863.7,278.5,72.7,186.6,1
287,-1,1426.7,232.5,234.6,745.9,1
287,-1,1043.1,285.9,50.9,140.5,1
287,-1,1095.3,288.9,68.5,163.6,1
287,-1,1657.5,213.3,263.5,792.9,1
287,-1,814.4,295.8,53.7,119.3,0.999
287,-1,1167.2,291.7,35.2,117.9,0.998
287,-1,178.8,302.9,43.8,125.5,0.996
287,-1,145.1,298.7,31.7,82.4,0.988
287,-1,366.9,292.2,58.5,172,0.987
287,-1,937.3,303.8,50.8,111.7,0.978
287,-1,508.5,295.6,47.5,111.7,0.977
287,-1,751.1,308.4,20.7,60.7,0.969
287,-1,676.1,313.1,21.6,57.2,0.893
287,-1,697.1,309.9,21.9,59.8,0.849
287,-1,977.4,305.1,26.8,63.4,0.833
219,-1,598,344.5,92.3,184.2,1
219,-1,1637.1,329,271,707,1
219,-1,1391,332.3,227.5,704.1,1
219,-1,388.5,362.2,53.4,127,1
219,-1,988.1,370.2,69.4,166.1,1
219,-1,839.7,359.4,51.4,143.2,1
219,-1,207.7,360.4,42.2,116.8,1
219,-1,892.2,360.4,51.4,138.2,1
219,-1,1253.3,331.4,95,292.7,1
219,-1,1066.2,368.3,35.1,115,1
219,-1,494.5,357.9,45.8,122,0.999
219,-1,802.8,390.3,38.6,53.9,0.984
219,-1,692,371.6,24.5,61.8,0.98
219,-1,180.2,360.5,25.2,68.3,0.959
219,-1,963.1,364.2,38.3,121.2,0.942
219,-1,192.4,359.8,33.3,87.8,0.391
282,-1,1422.3,241.6,233,726.2,1
282,-1,1679.4,221.8,241.6,774.8,1
282,-1,603.2,273.2,90.4,215.7,1
282,-1,897.5,284.3,66.5,180.3,1
282,-1,1185.6,296.8,35.5,119.8,1
282,-1,1109.8,301,66.2,157.5,1
282,-1,217.2,300.8,46.8,124.3,1
282,-1,848.2,301.8,47.2,114.3,0.999
282,-1,1067.2,292,44.3,132.9,0.999
282,-1,185.5,295.9,34.8,83.3,0.998
282,-1,528.8,296.8,48.2,116.7,0.997
282,-1,788.5,306.4,23.1,61.6,0.995
282,-1,430.9,287.6,53.2,169,0.965
282,-1,716.1,311.2,23.2,59.6,0.947
282,-1,728.4,308.8,22.9,61.6,0.876
282,-1,1023.2,307.9,22.6,55.9,0.84
282,-1,990.9,313.1,23.9,64.9,0.237
282,-1,752.5,305.1,41.9,65.9,0.073
105,-1,546.8,398.1,37.1,102.1,1
105,-1,827,392.7,71.5,175.5,1
105,-1,1698.4,372.7,222.6,541,1
105,-1,598.7,398,28.9,69.9,1
105,-1,313.2,399.9,36.2,89.3,1
105,-1,1244.4,401.7,46,128.2,1
105,-1,481.9,415.7,43.1,51.1,0.999
105,-1,711.4,386.3,48.2,128.1,0.999
105,-1,672.3,394.8,43.1,117.4,0.999
105,-1,749.3,389.2,34.4,111,0.982
105,-1,292.2,405,27.5,72,0.761
105,-1,359.9,404.8,27.1,69.2,0.11
265,-1,1435.2,277.7,234.5,745.5,1
265,-1,45.5,301.3,75.3,198.8,1
265,-1,1144.8,313.4,67.7,162.5,1
265,-1,964.1,296.1,59.7,168.4,1
265,-1,679.1,286.2,96,205.1,1
265,-1,1237.6,309.6,39.3,119.7,1
265,-1,1109.1,302.7,50.8,132.9,1
265,-1,846.9,316.1,23.3,63.8,0.999
265,-1,306.4,302.7,41.8,118.6,0.999
265,-1,1722.8,217.8,198.2,822.6,0.999
265,-1,524.3,311.1,42.2,143.3,0.991
265,-1,556.9,293.2,52.3,156.3,0.974
265,-1,789.6,314.8,22.3,60.1,0.731
265,-1,1061.5,315.8,21.7,50.6,0.375
265,-1,1017.9,314.9,45.4,130.1,0.245
265,-1,928.3,329.6,37.7,72.3,0.057
199,-1,1399.2,300.7,190.5,661.6,1
199,-1,233.3,336.3,57.9,137,1
199,-1,1610.8,297.7,274.1,648.7,1
199,-1,716.8,331.7,50.6,140.6,1
199,-1,513.9,317.7,69.2,177.3,1
199,-1,876.6,342.3,64.2,162.1,1
199,-1,1090.2,312.5,75.9,233.9,1
199,-1,774.3,331.9,54.4,139.3,1
199,-1,387.9,334.8,44.2,122.1,1
199,-1,833.2,332.7,45.9,128.6,0.999
199,-1,70.6,343,42.7,111.5,0.999
199,-1,933.6,337.4,35.9,117.5,0.998
199,-1,668.1,365.3,35.6,52.7,0.996
199,-1,48.9,338.7,25.4,76.4,0.948
199,-1,363,349.5,27.7,96.8,0.87
199,-1,1554,354.8,46.8,166.8,0.19
292,-1,1465.3,216.3,220.4,764.3,1
292,-1,853.4,263.5,77,185.7,1
292,-1,1043,266.7,45.7,137.7,1
292,-1,1101.9,272.2,67.2,164.7,1
292,-1,788.8,287.4,53.6,117.3,1
292,-1,158.5,286,49.8,134.5,1
292,-1,1701.2,184.8,219.8,800.1,1
292,-1,1168.7,271.4,37.8,117.3,0.999
292,-1,533.2,257.8,100.5,229.8,0.999
292,-1,930.7,279.7,48.3,133.4,0.999
292,-1,339.6,281.3,56.3,172.9,0.995
292,-1,126.7,285.1,35.8,85.7,0.992
292,-1,758.3,293,25.8,61.7,0.953
292,-1,681.3,292.2,23.1,61,0.948
292,-1,663.6,292.2,24.1,60.7,0.761
292,-1,699.8,293.6,25.9,62.5,0.751
292,-1,966.6,288.3,27.5,66.3,0.695
292,-1,143.9,287.9,35.5,107.7,0.437
292,-1,506.1,286.1,48,112.7,0.357
292,-1,773.3,291.4,31.7,83.7,0.133
183,-1,1512.1,290.6,188.7,614.1,1
183,-1,880.8,329.5,65.9,169.8,1
183,-1,221.7,346,51.1,132,1
183,-1,708,327,46.4,141.5,1
183,-1,1714.2,269,199.7,643,1
183,-1,1048.1,298.6,69,208,1
183,-1,779.5,326.1,52.5,136,1
183,-1,80.1,354.2,43.8,108.8,1
183,-1,512.3,320.7,76.2,164.1,1
183,-1,649.3,358.8,36.5,53.9,0.999
183,-1,404.7,335.7,41.1,121.3,0.998
183,-1,829.1,323.7,36.3,118.1,0.993
183,-1,935.2,330.7,37.5,103.7,0.992
183,-1,40.9,355.3,23.2,69.1,0.975
183,-1,390.1,343.6,32.8,107,0.901
183,-1,677.5,349.9,33.4,59.8,0.624
183,-1,362.5,355.8,26.3,80.5,0.256
183,-1,202,358.5,31,101,0.145
183,-1,64.2,352.2,32,96.5,0.077
183,-1,456.2,348.8,22.5,78.8,0.052
225,-1,601,338.6,90.6,187.2,1
225,-1,1636.8,324.2,268.8,731.6,1
225,-1,218.6,348.2,41.3,121.5,1
225,-1,999.3,364.9,69.5,166.7,1
225,-1,1377,347.7,229.3,682.2,1
225,-1,408.3,355.8,53.7,126.8,1
225,-1,1086.8,367.9,36.9,114.8,1
225,-1,846.7,351.6,55.5,152,1
225,-1,899.1,356.9,51.7,144.5,0.999
225,-1,1289,327.5,105.5,314.6,0.996
225,-1,500,353.6,46.3,124.9,0.994
225,-1,484.6,365.6,34.7,112.4,0.979
225,-1,706.3,368.3,23.7,61.2,0.974
225,-1,816.6,388.8,35.5,54.4,0.969
225,-1,197.7,353.9,30.6,78.3,0.841
225,-1,183.6,350.7,26.1,67,0.386
165,-1,799.6,347.5,42.5,129.2,1
165,-1,1,341.2,101,264.4,1
165,-1,315.9,368.6,50,129.7,1
165,-1,977.1,345.8,71.9,175.2,1
165,-1,1675.9,322,241,609.4,1
165,-1,721.8,375.8,38.2,51.2,1
165,-1,1103.6,327.2,63.2,184.7,1
165,-1,200.7,368.7,39.2,107.6,1
165,-1,868.4,346.8,50.9,132.6,1
165,-1,508.1,360.7,38,110.1,1
165,-1,1556.6,349,59.6,155.3,1
165,-1,599.6,342.5,68.4,155.6,0.999
165,-1,916,344.1,36.8,111.5,0.983
165,-1,164.6,366.3,25.5,68.8,0.97
165,-1,488.1,367.2,29.6,91.7,0.912
165,-1,151.4,364.4,22.2,66.6,0.753
165,-1,181.1,365,22.4,81.7,0.628
100,-1,835.5,395.5,74.2,171.5,1
100,-1,721.2,391.5,45.8,125.1,1
100,-1,547.9,399.4,35.5,99.5,1
100,-1,324.4,396.9,36.3,95.8,1
100,-1,1240.3,404.4,45.1,125.1,1
100,-1,605.6,398.7,28,71.4,1
100,-1,681.7,394.9,40.5,116.6,0.999
100,-1,489.8,418.9,37,52.6,0.998
100,-1,1796.2,376.4,124.8,537.3,0.994
100,-1,295.3,407.1,27,69.9,0.853
100,-1,311.2,403.6,26.5,79.4,0.37
248,-1,1365.7,306.6,239.4,713.8,1
248,-1,1.9,318.4,85.9,200.5,1
248,-1,666.1,307.3,71.1,191.4,1
248,-1,1071.5,337.2,72,166.4,1
248,-1,1624.3,300.7,292.4,759.9,1
248,-1,274.8,319.7,42.4,119.3,1
248,-1,1174.7,341.4,34.8,116.5,1
248,-1,965.1,332.5,52.9,145.9,0.999
248,-1,921,320.8,50.2,160.7,0.999
248,-1,793.3,342.4,23.6,61.6,0.999
248,-1,888.8,353.8,28.1,52,0.241
248,-1,1056.6,335.6,46.5,131.6,0.1
164,-1,804.1,345.5,44.1,130.8,1
164,-1,320.8,368.2,52.8,131.1,1
164,-1,983.6,347.4,72,173.9,1
164,-1,1679.9,317.8,241.1,620.2,1
164,-1,1.6,341.6,112.9,260.9,1
164,-1,873.2,345.1,50.8,133.5,1
164,-1,1109.9,326.4,62.3,185.1,1
164,-1,731.5,377.6,34.8,48.9,1
164,-1,206.2,370.5,39.6,107,1
164,-1,515,360.2,37.7,109.7,1
164,-1,603.9,345.3,68.1,154.1,0.999
164,-1,1560.1,350.2,62,153.9,0.999
164,-1,922.3,343.6,33.8,113.1,0.962
164,-1,487.6,370.8,29,87.4,0.959
164,-1,173.2,369.4,24.1,67.1,0.936
164,-1,756.9,374.2,35.8,54.4,0.576
164,-1,152.8,370.7,19.2,61.2,0.507
164,-1,780.2,365.6,36.6,78.4,0.064
90,-1,520.5,417.5,40.9,98.6,1
90,-1,1218,429.8,44,123.4,1
90,-1,725.2,412.1,48,124.5,1
90,-1,596.3,420.6,27,74.8,1
90,-1,855.1,416.7,72.2,174.9,1
90,-1,681.8,414.3,45.1,120.3,1
90,-1,1625.1,316.1,235.5,764.9,1
90,-1,323.5,417.1,35.7,95.5,0.999
90,-1,821.1,411.2,45,123.3,0.994
90,-1,480.2,434,39.8,57,0.986
90,-1,500,427.4,38.5,73.4,0.244
90,-1,298.6,426.3,24.3,73,0.083
92,-1,1220,427.5,44.7,124.7,1
92,-1,528.4,418,37.8,97,1
92,-1,854.7,417.2,71.6,174.5,1
92,-1,1660.5,301.2,240.9,779.8,1
92,-1,723.4,411.2,46.4,122.4,1
92,-1,596.5,421.1,27.7,69.9,1
92,-1,684,413.3,42.4,118.8,1
92,-1,321.6,414.6,39.5,97.8,1
92,-1,822.3,411.7,45.3,119.6,0.988
92,-1,481,434.1,36.5,52.6,0.979
92,-1,300.9,418.4,28.2,86.2,0.732
89,-1,520.1,418,40.1,95.4,1
89,-1,1215.2,424.6,46.2,123.3,1
89,-1,2.8,406.8,69.1,211.1,1
89,-1,684.2,410.9,44.4,121.2,1
89,-1,857.5,408.6,73.3,178,1
89,-1,727.7,412,48.7,119.5,1
89,-1,597.5,419.2,27.4,72.6,1
89,-1,1587.1,342.3,251.1,733.5,1
89,-1,822.2,412.3,42.5,121.4,0.999
89,-1,470.1,432.8,37.2,63.1,0.888
89,-1,451.7,432.4,34.5,64.4,0.116
89,-1,546.2,416.6,32.5,77.8,0.051
305,-1,1478.3,213.5,239.9,750.2,1
305,-1,1108.9,265.7,67,162,1
305,-1,821,250.2,72.7,198.7,1
305,-1,77.7,262.3,36.3,95.3,1
305,-1,306.1,248.4,73.1,205,1
305,-1,731.1,271.5,47,119.6,1
305,-1,1041.9,262.5,44.3,133.8,1
305,-1,1167.9,261.8,37.4,123.9,0.999
305,-1,119.5,266.5,51.2,134.5,0.999
305,-1,925.3,269.5,46.9,131.2,0.999
305,-1,264.5,274.5,55.9,173.2,0.994
305,-1,670,280.1,22.2,64.1,0.986
305,-1,1725.1,188.9,195.9,797.4,0.984
305,-1,981,277.3,24.1,53.6,0.949
305,-1,964.7,276.1,28.5,71.9,0.454
305,-1,883.4,262.6,42.7,140.9,0.243
2,-1,1220.9,412.5,44.8,114.4,1
2,-1,1590.5,421.8,42.5,110,1
2,-1,1165.4,421.9,38,100.8,1
2,-1,1473.5,420.8,72.8,175.3,1
2,-1,466.2,427.5,73,179.6,1
2,-1,1367.5,390.7,76.6,228.5,1
2,-1,670.6,410.9,76,198.9,1
2,-1,1107.6,416.2,34.2,81.1,1
2,-1,586.5,426.2,56.4,177.4,0.999
2,-1,542.9,434.5,62.8,170.7,0.998
2,-1,396.2,429,28.2,70.5,0.997
2,-1,720,417.7,58.8,181.4,0.997
2,-1,857,432.5,21.8,71.7,0.997
2,-1,808.4,431.1,21.6,59.7,0.908
2,-1,838.9,427.9,27.7,70.2,0.587
2,-1,633.2,428.2,42.9,131.8,0.281
2,-1,1206,418.9,32.9,99.5,0.118
4,-1,1360.6,401.1,78.9,225.5,1
4,-1,1580.1,424.2,40.5,106.7,1
4,-1,656,407.2,83.4,207.6,1
4,-1,1457.5,421.2,74.5,180.4,1
4,-1,1204.7,411.8,45.7,119.1,1
4,-1,1149.8,419.4,42,109.3,1
4,-1,452.8,428.2,76.3,180.5,1
4,-1,575.9,421.7,58.1,182.3,1
4,-1,1098.3,418.3,31.7,85.8,1
4,-1,377.3,429.2,28.2,73.1,0.998
4,-1,525.7,432.6,69.3,175.5,0.996
4,-1,838.9,433.1,23.4,71.4,0.992
4,-1,821,431.3,22.4,65.9,0.925
4,-1,788.6,425.4,21.4,66.2,0.866
4,-1,773.9,428.8,23.5,63.7,0.092
6,-1,1356.2,400.8,83.5,234.2,1
6,-1,1567.5,432.3,42.2,106.9,1
6,-1,1444.8,425.8,70.1,175.6,1
6,-1,1194,414.4,47.6,118.1,1
6,-1,442.8,425.1,73.5,184.7,1
6,-1,642.8,415.6,84.4,205.8,1
6,-1,1139,424.6,40.5,107,1
6,-1,361.6,434.2,30,70.3,1
6,-1,568.4,430.2,58.9,173.2,0.999
6,-1,522.7,433.5,61.2,173.3,0.998
6,-1,1091,419.1,32.6,86.8,0.989
6,-1,833.5,435,22.6,73.5,0.986
6,-1,776.4,434.1,22.5,62.1,0.945
6,-1,815.2,435.7,23.5,65.7,0.918
6,-1,753.4,434.6,23,61.6,0.878
6,-1,1110.2,423.6,30.1,84,0.667
6,-1,739.3,442,22.1,60.7,0.634
6,-1,725.4,446.7,25.1,65.3,0.328
13,-1,610.5,416.7,89.2,213.2,1
13,-1,1562.5,436.7,43.2,110.3,1
13,-1,1122,430.7,40.9,107.6,1
13,-1,1174.6,417.1,48,121.4,1
13,-1,408.4,432.1,76.1,184.9,1
13,-1,536.7,434,62,176.5,1
13,-1,1369.1,400,83.5,254.9,1
13,-1,329.2,438,30.6,72.4,1
13,-1,487,440,64.5,169.9,1
13,-1,1072.6,427.2,34.6,86.4,0.998
13,-1,730.2,439.2,23.2,64.7,0.981
13,-1,811.8,441.9,22.9,70.2,0.96
13,-1,786.4,441.5,22.1,65.9,0.934
13,-1,767.5,439.6,22.7,62,0.921
13,-1,1424.5,423,61.5,203.5,0.607
13,-1,746,436.4,34.8,70,0.277
13,-1,830.3,440.2,21.2,70.5,0.172
16,-1,1549.4,437.2,43,108.6,1
16,-1,1162.1,415.2,51.3,122.1,1
16,-1,589.9,412.1,99.6,227.4,1
16,-1,1370.8,403.1,90.8,260.5,1
16,-1,1108.2,429.4,43.1,109.4,1
16,-1,388.8,430.7,77,184.3,1
16,-1,522.3,432.4,63.2,181.7,1
16,-1,304.4,438.4,32.7,70.5,1
16,-1,470.5,440.3,63.5,172.7,1
16,-1,1059,429,35.3,87.6,0.999
16,-1,799.6,440.8,21.4,68.6,0.975
16,-1,721.4,437,21.9,62,0.943
16,-1,734.2,437.7,21.8,62.6,0.919
16,-1,780.3,442.7,22.2,61.9,0.896
16,-1,703.1,444.9,24.5,59.8,0.502
24,-1,507.8,437.6,106.6,238.1,1
24,-1,1333.8,409.6,91.4,290,1
24,-1,1489.1,450.1,43.8,110.3,1
24,-1,298.3,450.1,80.8,187.6,1
24,-1,1095.4,433.5,49.8,121.8,1
24,-1,218.7,452.8,33.3,77,1
24,-1,434.6,456.3,64.7,176.4,0.999
24,-1,1046.2,440.8,41.5,114,0.999
24,-1,1002.2,442.4,32.9,86.4,0.999
24,-1,732.1,456.4,22,76.5,0.998
24,-1,395.6,458,65,174.1,0.995
24,-1,653.7,455.5,22,59.3,0.973
24,-1,672.6,455.6,22.2,62.4,0.896
24,-1,634.8,456.7,21.9,60,0.886
24,-1,621.3,456.5,23.3,56.5,0.833
24,-1,1077.6,440.8,32.5,109.5,0.523
24,-1,704.3,457.7,41.9,69.9,0.433
27,-1,1291.4,407.9,95.9,296.1,1
27,-1,438.3,431.8,102.2,244.4,1
27,-1,226.8,454.5,81.9,185.9,1
27,-1,1033.3,434.2,48.9,123.2,1
27,-1,141.9,448.6,32.5,79.6,1
27,-1,1433.1,450.3,44.5,108.6,0.999
27,-1,328,457.7,69.3,180.6,0.998
27,-1,378.3,451.7,60.7,183,0.994
27,-1,672.6,455.8,23.6,70.2,0.993
27,-1,950.5,441.7,33.8,87.1,0.993
27,-1,986.2,443,37.5,109.3,0.986
27,-1,590.3,454.8,22.2,58.6,0.96
27,-1,1247.7,436.1,72.9,185.5,0.953
27,-1,611.5,453.7,22.2,60.2,0.913
27,-1,648.2,452.4,22.5,65,0.808
27,-1,573.4,455.7,22.2,58.9,0.803
27,-1,1016.3,439.9,34.7,113.5,0.656
27,-1,166,448.4,27.5,61,0.104
27,-1,906.7,440.6,27,70.1,0.074
31,-1,341.8,426.6,122.8,263.6,1
31,-1,1257.2,417.3,92.9,296.8,1
31,-1,154.6,443.6,85.2,201.9,1
31,-1,977.1,441.7,46.7,116.2,1
31,-1,926.9,445.5,42.8,112,1
31,-1,1182.7,445.2,73.4,178.6,1
31,-1,51.2,449.3,34.6,80.5,1
31,-1,1381.5,456.7,43.5,111.8,1
31,-1,251.6,455.4,69.4,186.8,1
31,-1,888.5,443.7,33.7,89.7,0.999
31,-1,612.5,458.4,22.7,78,0.999
31,-1,514,456.4,20.8,61.3,0.959
31,-1,531.8,456.4,21.3,61.7,0.939
31,-1,551.9,456.5,22.3,64.8,0.919
31,-1,582.7,458.2,41.3,71.4,0.413
35,-1,270.9,443.2,119.6,274.3,1
35,-1,96.4,448.3,84.9,207.5,1
35,-1,929.3,449.2,49.6,119.4,1
35,-1,1134.2,458.1,77.1,172.5,1
35,-1,1340.5,465.8,42.6,106.2,1
35,-1,1236.5,418.1,98.9,326.1,1
35,-1,190.9,466.9,71.1,186.2,1
35,-1,883.3,459,43.6,109.4,1
35,-1,846.1,455.1,32.4,88.4,0.993
35,-1,570.2,467.5,23.7,75.2,0.982
35,-1,478,467,22.7,63.8,0.958
35,-1,464.4,468.5,22.7,60.3,0.957
35,-1,531.1,464.6,23.5,69.5,0.941
35,-1,494.2,466,23.6,65.6,0.926
35,-1,586.9,465.7,24.1,71,0.503
35,-1,545.8,464.8,38.2,79.4,0.367
40,-1,202.2,437.1,132.2,295.8,1
40,-1,1226.3,413.5,111.3,329.4,1
40,-1,896.8,443.9,47.1,119.2,1
40,-1,42.1,452.6,90.4,205.1,1
40,-1,1095.8,449.8,72.4,175.2,1
40,-1,137.5,467.4,68.1,178.3,1
40,-1,853.8,453.5,41.8,110,0.999
40,-1,818.7,444.9,34.4,93.4,0.997
40,-1,742.7,456.8,27.7,70.2,0.995
40,-1,537.2,465.7,24,75.2,0.993
40,-1,433.2,466,21.8,58.2,0.961
40,-1,450.2,463.8,22,61.6,0.95
40,-1,466.7,462.6,23.7,65.2,0.949
40,-1,504.8,462.4,23.9,70.9,0.94
40,-1,1317.4,457.8,38.9,116.3,0.859
42,-1,181.7,433.6,136.5,300.3,1
42,-1,1083.2,443.4,72.5,174.4,1
42,-1,1220.8,410.8,119.3,329.3,1
42,-1,25.7,454.9,91.5,200.9,1
42,-1,523.7,460.8,24.4,77.8,0.999
42,-1,841.7,450.4,38.9,108.2,0.999
42,-1,883.6,440.7,49.2,118.8,0.999
42,-1,126,466.6,67.2,187.6,0.998
42,-1,811.3,442.8,32.8,92.3,0.992
42,-1,732.3,451.7,26.6,71.7,0.991
42,-1,453,459.3,22.5,63.8,0.985
42,-1,424.6,460.6,21,58.6,0.951
42,-1,470.7,457,44,68.2,0.593
45,-1,129.4,420.9,149,322.4,1
45,-1,1063.5,436.7,73.5,178.6,1
45,-1,2.7,450.9,84.9,208.8,1
45,-1,1218.8,403.7,118.7,349,1
45,-1,870.5,435.8,46.6,121.3,1
45,-1,824.2,447,41.3,106.7,0.999
45,-1,715.3,451.6,27.9,68.2,0.998
45,-1,791.7,439.1,34.6,92.7,0.998
45,-1,506.6,460.4,25,76.4,0.995
45,-1,407.7,461.1,21.6,58.9,0.964
45,-1,422.1,458.9,22.9,63,0.953
45,-1,436.1,459.5,22.4,63.6,0.952
45,-1,459.7,459.6,23.8,67.5,0.91
45,-1,233.1,445.6,69.6,200.6,0.141
45,-1,900.5,433.5,32.6,110.4,0.14
47,-1,1050.6,437.8,71.2,174.2,1
47,-1,1221.5,395.3,120.5,363.4,1
47,-1,104.5,425,152.5,326.6,1
47,-1,815,443.7,41.4,111.8,1
47,-1,1.6,451.2,64.6,210.1,1
47,-1,861.7,437.6,47.1,118.1,1
47,-1,705.2,447,26.3,70.2,0.999
47,-1,494,457.4,25.9,80.1,0.999
47,-1,226.2,446,65.4,200.1,0.99
47,-1,784.5,442.1,35.5,87.9,0.988
47,-1,427.4,457.7,23.1,64.6,0.96
47,-1,397.1,458.9,21.2,62.3,0.942
47,-1,896.3,439.3,30.6,99.8,0.103
49,-1,69.9,435.8,158.1,324.8,1
49,-1,1036.8,439.1,75.2,175.2,1
49,-1,852.1,438.2,47.3,119.5,1
49,-1,1230.2,396.2,109.7,371.5,1
49,-1,483.6,459.5,27.3,79.8,1
49,-1,801.4,444.8,42.8,111.9,1
49,-1,207.1,448.3,71.5,202.5,0.999
49,-1,694.2,446.4,28.7,72.8,0.999
49,-1,774.4,444.2,34.1,83.9,0.99
49,-1,430.7,458.7,24,67.9,0.964
49,-1,388.8,461.3,22.5,62.5,0.943
49,-1,408.4,458.7,21.9,64.4,0.92
49,-1,902.3,441.9,30.4,101.1,0.892
49,-1,374.9,462.1,20.4,57.4,0.698
49,-1,6.4,448.5,33.4,216.6,0.607
49,-1,499.6,458.3,25.6,68.7,0.071
56,-1,981.3,425.8,75,180.7,1
56,-1,813.8,425.5,46,122.3,1
56,-1,128.9,436.6,75.3,209.6,1
56,-1,1239.4,377.5,126.4,415.4,1
56,-1,1,413.9,129,376,0.999
56,-1,660.6,438.8,26.6,68.5,0.999
56,-1,762.7,430.4,42.1,113.6,0.998
56,-1,855.4,427.3,40.6,112,0.996
56,-1,736.7,433.9,36.9,90.1,0.982
56,-1,434.6,446.4,28.3,77.2,0.978
56,-1,374.6,447.9,23.1,66.7,0.956
56,-1,352.2,450.4,21.9,63,0.951
56,-1,339.1,451.3,22.6,62.4,0.943
56,-1,390.1,446.8,25.5,67.5,0.891
56,-1,410.8,449.6,24.5,66.9,0.781
64,-1,781.4,425,45,122,1
64,-1,943.9,432,71.3,168.1,1
64,-1,1226.9,436.6,42.2,110.3,1
64,-1,633.6,438.4,27.5,69,1
64,-1,834.4,425.1,44,116.2,1
64,-1,730.6,436.2,43.7,111.1,1
64,-1,5.1,451.1,69.3,201.2,1
64,-1,67,445.2,84.8,207.7,1
64,-1,1276.8,370.2,146.6,457.2,0.999
64,-1,324.1,454.5,20.4,58.7,0.929
64,-1,352.8,454.4,20.7,63.7,0.92
64,-1,312.3,456.6,21.1,57.9,0.9
64,-1,364.8,456.8,22.3,60.3,0.785
64,-1,707.9,440.1,23.5,79.6,0.32
64,-1,300,457,20.1,58.1,0.238
64,-1,134.7,449.4,48.4,154.9,0.061
66,-1,932.9,425.3,71,176.8,1
66,-1,725.7,432.4,42.8,115.7,1
66,-1,1228.1,434.6,41.2,113,1
66,-1,56.5,440.2,82.7,212.4,1
66,-1,774.8,424.5,44.8,121.5,1
66,-1,629.5,435,28.2,72.7,1
66,-1,1286.7,359.6,190.4,480.8,1
66,-1,834.8,424.6,43.1,115.7,1
66,-1,1.8,447.8,62.3,204.7,0.999
66,-1,333.4,451.1,21.9,62,0.956
66,-1,316.6,454,21.2,57.6,0.887
66,-1,348.3,451.5,22.4,61.1,0.502
66,-1,534.1,440,35.5,85.4,0.453
66,-1,298.4,455.5,20.2,56.3,0.373
66,-1,111.7,445,52.2,171.6,0.096
68,-1,927.7,424,71.6,176.4,1
68,-1,1226,432.5,42.2,114.7,1
68,-1,722.2,429.1,42.3,115.8,1
68,-1,768.3,421,47.5,122.5,1
68,-1,625.3,430.6,27.2,72.5,1
68,-1,833.1,418.2,43.4,119.9,1
68,-1,1307.5,361.8,196.6,493.5,1
68,-1,49.6,433,88.3,217.8,1
68,-1,1,443.1,42.9,208.5,0.999
68,-1,524.5,431.3,38.7,91.5,0.997
68,-1,308.1,448.3,20.9,58.5,0.934
68,-1,322.2,447.7,22.1,60.7,0.745
68,-1,291.6,449.5,21.9,56.8,0.319
68,-1,103.3,439.3,64.1,174.9,0.227
73,-1,909.4,419.7,73.2,174,1
73,-1,759.6,415.5,46.9,124.1,1
73,-1,1345.6,358.5,206.8,538.6,1
73,-1,1224.6,425.4,43.3,120.7,1
73,-1,712.8,422.9,41.8,113.9,1
73,-1,486.6,420.8,48.1,129,1
73,-1,619.8,426.6,26.8,71.4,1
73,-1,833.6,414.2,40.5,116.3,1
73,-1,22,428.6,84,215.6,1
73,-1,527.6,427.9,37.4,93.3,0.992
73,-1,79.6,429.9,69.4,176.7,0.499
77,-1,752.3,420.5,47.6,122.6,1
77,-1,894.1,424.6,73.6,174.1,1
77,-1,1223.5,432.6,43.8,119.6,1
77,-1,473.5,425.8,50.4,124.6,1
77,-1,1405.5,342.4,179.4,606.2,1
77,-1,827.4,419.3,43.2,118.3,1
77,-1,702.9,430,43,111.8,1
77,-1,611.6,430.2,30.1,73.1,1
77,-1,1.6,428.7,67.5,216.2,1
77,-1,525,427.1,35.9,96.5,0.995
77,-1,39.2,423,83,197.3,0.863
77,-1,96,434.3,55.2,146.1,0.777
85,-1,439.7,412.6,65.1,132,1
85,-1,2,404.6,80.4,208.5,1
85,-1,864.8,419.6,71.9,172.2,1
85,-1,1517.7,321.3,249.9,750,1
85,-1,1216.2,430.8,44,119.4,1
85,-1,599.5,421.4,28.2,73,1
85,-1,518.8,418.8,38.1,94.4,1
85,-1,736.1,411.9,47.5,126.7,1
85,-1,690,417.2,43.3,118.7,1
85,-1,821.3,411.5,42.7,123.6,1
85,-1,72.4,421.4,59.8,149.2,0.996
91,-1,523.7,416.7,40.3,99.4,1
91,-1,1218.6,425.8,44.3,124.2,1
91,-1,855.8,413.8,70.9,177,1
91,-1,725.1,409.8,46.7,122.4,1
91,-1,1646.8,300.9,226.6,780.1,1
91,-1,681.4,412.1,46,121.7,1
91,-1,595.7,419.7,27.6,71.1,1
91,-1,324.3,415.7,34.7,94.5,0.997
91,-1,820.5,411.3,45.2,120.4,0.996
91,-1,478.5,435.6,37.2,52,0.959
91,-1,297.3,415,32.6,100,0.55
91,-1,345,421.7,27.1,78.5,0.193
96,-1,846.3,404.7,73.4,173.5,1
96,-1,541.5,407.9,35.9,95.4,1
96,-1,719.8,399.2,48.7,128.5,1
96,-1,1229.8,412.6,45,126.3,1
96,-1,602.5,408.7,27.7,68.9,1
96,-1,324.3,409.3,36.1,92.4,1
96,-1,679.4,401.8,43.1,118.3,0.999
96,-1,485,424.8,37.2,52.4,0.998
96,-1,293.7,412.9,27.7,72,0.882
96,-1,309.5,412.6,27.2,76.7,0.656
96,-1,346.5,413.1,28.2,84.5,0.37
96,-1,1776.6,277.1,144.4,803.9,0.071
99,-1,838.7,401.2,73.5,169.5,1
99,-1,720.6,394.9,46.8,125,1
99,-1,546.4,401.9,34.1,98.9,1
99,-1,603.7,402.4,29.2,73.6,1
99,-1,1237.2,406,43.5,125.3,1
99,-1,322.9,401.8,34.7,94.9,1
99,-1,680.3,396.5,40.5,118.6,0.999
99,-1,485.2,420.3,41.4,52.1,0.999
99,-1,1789.9,372.6,131.1,535.9,0.996
99,-1,297.2,408.3,27.7,72.8,0.857
106,-1,547.2,396.8,37.1,103.7,1
106,-1,1689.5,374.7,231.5,540,1
106,-1,824.6,394.4,71.8,173.3,1
106,-1,311,395.1,38,97.6,1
106,-1,597.2,398,29.5,70.4,1
106,-1,1244.4,402.4,46.2,127.1,1
106,-1,479.6,416.9,44.7,49.4,0.999
106,-1,670.9,395.5,43.2,119,0.999
106,-1,707.4,386.6,50.9,128.3,0.998
106,-1,749.5,390.2,35.5,111.3,0.992
114,-1,1711,372.9,204.9,537.3,1
114,-1,814.6,390.8,70.3,169.5,1
114,-1,551.4,397.2,37.5,103.9,1
114,-1,478.6,414.5,39.5,49.2,1
114,-1,1246,398.2,47.6,127.2,1
114,-1,49,398,60.5,147.1,0.999
114,-1,669.8,386.4,46,125.5,0.997
114,-1,747.3,387.1,34.6,112.6,0.996
114,-1,703.6,383.2,51.5,128.6,0.995
114,-1,315.4,400.1,32.9,91.6,0.991
114,-1,591,398.5,28.9,67.3,0.987
114,-1,299.4,404.5,31.3,83.6,0.76
114,-1,570.8,397.5,33.1,84.6,0.471
114,-1,268,408,26.4,73.2,0.055
120,-1,593.8,400.4,35.4,105.2,1
120,-1,1706.2,359.7,203.5,578.3,1
120,-1,363.1,399.7,53.7,138.3,1
120,-1,1280.2,401.3,48.1,127.6,1
120,-1,837.7,394.3,65.3,168.5,0.999
120,-1,92.1,408.8,66.1,144.2,0.998
120,-1,736.1,391.2,48,128.8,0.997
120,-1,701.5,393.6,42.3,123.2,0.988
120,-1,521,420.8,39.9,55.2,0.988
120,-1,787.1,389.7,30.5,111.5,0.983
120,-1,879.8,382.3,57.6,139.4,0.97
120,-1,326.5,405.5,33.4,94.5,0.958
120,-1,624.7,402.9,29.4,71.1,0.952
120,-1,562,414,36.7,70.4,0.8
130,-1,444.4,376.7,63.2,146.9,1
130,-1,688.1,380.4,38.3,114,1
130,-1,804.5,375.4,52.8,134.4,1
130,-1,7.1,375.9,101.2,233.5,1
130,-1,200.2,393.1,58.8,141.6,1
130,-1,909.2,380,73.3,173.4,1
130,-1,620.2,405.9,37,51.3,1
130,-1,1384.6,380.4,52.5,137.7,0.999
130,-1,110.7,400,35.1,104.2,0.999
130,-1,972.1,367.6,52.5,146.1,0.999
130,-1,878.9,375.9,33,114.6,0.997
130,-1,1789.6,341.1,131.4,578.1,0.992
130,-1,719.7,383.8,27.5,72,0.934
130,-1,410.8,403.7,25.9,81.3,0.847
130,-1,394.9,408.2,22.9,82.8,0.128
130,-1,782.7,388.9,34.4,85.7,0.051
131,-1,813.3,371.6,52.3,134.1,1
131,-1,455.7,371.4,65.6,149.9,1
131,-1,699.9,376.8,37.8,109.6,1
131,-1,13.5,371.9,105.1,237.5,1
131,-1,922.5,376.3,70.9,171.2,1
131,-1,1402,379.5,49.8,137.1,1
131,-1,212.8,387.1,60.3,143.7,1
131,-1,989.8,366.5,51.4,144.9,1
131,-1,633,401.5,34.9,51.4,0.999
131,-1,125.6,387.9,35.8,112.8,0.998
131,-1,897,380.4,30.3,96.8,0.992
131,-1,1784.8,335,136.2,572.1,0.988
131,-1,612.4,402.7,26.1,43.9,0.085
131,-1,417.3,391.5,24.8,94.3,0.083
133,-1,17.4,368.7,104.6,236.8,1
133,-1,934.2,377.2,71.3,170.4,1
133,-1,718.3,378.9,37.7,113.4,1
133,-1,230.2,388.6,58.5,140.8,1
133,-1,829.2,374.3,52.5,130.7,1
133,-1,1001.1,365.3,53.9,149.3,1
133,-1,467.4,369.2,66.5,148.2,1
133,-1,644.9,399.5,40.7,55.4,1
133,-1,1421,377.2,52,142.5,1
133,-1,138.5,393.8,35.9,103.9,0.999
133,-1,1770.7,331.1,150.3,568.5,0.996
133,-1,905.4,372.5,34.1,108.2,0.994
133,-1,748.4,381.1,29.4,66.9,0.94
133,-1,442.8,396.5,26.4,83.6,0.93
133,-1,428,399.5,23.2,81.4,0.322
133,-1,671,398.5,35.2,59.1,0.283
133,-1,163.9,396.8,25.3,93.8,0.106
142,-1,48.1,343.5,107.6,244.6,1
142,-1,768.1,352.1,41.3,125.3,1
142,-1,969.6,358.8,68.9,169.1,1
142,-1,1057.2,338.7,57.3,163.4,1
142,-1,692.1,380.7,35.8,49.5,1
142,-1,290.1,363.5,55.7,140,1
142,-1,867.2,354.2,49.9,128.1,1
142,-1,1488.4,362.1,55,140.7,1
142,-1,195.1,372.2,34.1,105.6,0.999
142,-1,507.8,367.1,33,105.2,0.986
142,-1,481.3,370,30.1,82.6,0.93
142,-1,156.4,375.1,25.8,74.2,0.451
142,-1,1802.5,336.4,118.5,593.2,0.134
142,-1,535.4,354.2,53.3,141.1,0.132
142,-1,946.9,353.6,39.7,111,0.1
147,-1,793.4,358.6,38.6,118.7,1
147,-1,55.2,350.8,109.6,251.6,1
147,-1,1086.1,339.4,59,169.5,1
147,-1,316.3,375.7,53.6,136.6,1
147,-1,982.7,360.3,71.9,172.2,1
147,-1,717.5,389.2,34.8,52.2,1
147,-1,884.1,357.1,51.8,131.2,1
147,-1,1516.2,363.1,58.3,146.4,0.999
147,-1,1,394.9,47,196.4,0.999
147,-1,220.7,380.2,34.2,103.2,0.999
147,-1,521.1,375.3,30.5,98.1,0.994
147,-1,162.2,377.5,24.9,71.9,0.786
147,-1,195,379.1,25.8,69,0.77
147,-1,484.7,381.7,25.5,72.8,0.631
147,-1,567,360.3,58.8,145.9,0.218
147,-1,1805.4,324.5,115.6,602.6,0.145
147,-1,547.6,374.2,29.1,104.6,0.092
155,-1,822.9,344.9,41.1,127,1
155,-1,63.8,338.7,109.6,254,1
155,-1,1116.2,330.3,61.5,171.5,1
155,-1,1008.9,349,73.1,169.9,1
155,-1,351,363.2,52.6,134.3,1
155,-1,898.7,345.9,52.3,132.2,1
155,-1,240.7,370.8,37.2,105.8,1
155,-1,747.7,374.4,33.7,50.3,1
155,-1,3.6,376.5,68.2,198.7,1
155,-1,543,360.8,34.7,105.8,1
155,-1,1554.9,352,60.9,147.3,0.998
155,-1,200,367.7,22.4,67,0.969
155,-1,518.8,371.6,28.5,83.9,0.915
155,-1,1794.6,309.7,126.4,611.1,0.824
155,-1,610.5,349.1,63.5,154.4,0.491
161,-1,815.1,345.6,43.1,131.1,1
161,-1,27.3,344.7,112.1,255.5,1
161,-1,1001.5,347.3,69.9,172.1,1
161,-1,335.4,367.2,50.4,131.2,1
161,-1,1702.1,301.2,218.9,631.9,1
161,-1,230.3,369.2,34.7,103.8,1
161,-1,891.8,345.4,46.7,131,1
161,-1,1117.6,325.3,64.8,183.5,1
161,-1,617.8,344.6,65.8,153.2,1
161,-1,533.7,363.9,40.1,105.8,0.999
161,-1,740.7,378,35.2,50.4,0.999
161,-1,1568.8,347.7,63.9,153.5,0.999
161,-1,199,371.1,26.1,66.9,0.966
161,-1,187.8,370.5,21.3,64.8,0.959
161,-1,511,368.6,32.6,92.4,0.956
161,-1,937.6,343.8,33.4,114.7,0.939
161,-1,490.3,374,23.9,75.8,0.261
171,-1,1625.8,299.3,188.9,621.8,1
171,-1,742.9,343.7,43.5,134.3,1
171,-1,915.9,346.3,72,168.7,1
171,-1,817.1,340.9,50,135.2,1
171,-1,1060.7,323.2,66.2,192.5,1
171,-1,253.1,368.3,53.9,130.3,1
171,-1,550.6,341.2,72.7,159.5,1
171,-1,135.2,370.4,42.2,108.7,1
171,-1,668.3,373.6,44,52.5,0.999
171,-1,1518.3,339.7,62.2,162.8,0.999
171,-1,447,356.8,38.9,116.8,0.998
171,-1,95.1,368.9,22.9,67.2,0.96
171,-1,425.4,362.6,29.6,103,0.957
171,-1,857.7,340.5,38.1,115.8,0.883
171,-1,115.9,368,23.8,84.8,0.524
171,-1,1820.1,279.9,100.9,647.7,0.363
175,-1,720.5,343.1,44.3,134,1
175,-1,892.7,347.5,70,172.6,1
175,-1,1580,296.6,192.4,632.8,1
175,-1,529.6,339.9,75.5,164.9,1
175,-1,1048.1,318.4,65.3,199.5,1
175,-1,803.5,341.7,50.9,135.4,1
175,-1,653.4,376.1,39.1,50.5,1
175,-1,1497.2,347.3,60.2,157.2,0.999
175,-1,232.2,374.9,52,129.1,0.999
175,-1,422.8,362,41,118.5,0.999
175,-1,111.2,373.9,38.7,111.6,0.998
175,-1,1763.5,274.8,157.5,643.6,0.991
175,-1,392.8,373.3,29.9,89.9,0.958
175,-1,953.1,353.2,38,99.9,0.94
175,-1,60.5,374.1,25.2,75.9,0.809
175,-1,843.2,341.7,34.3,112.9,0.688
175,-1,756.1,345.7,30.8,87.8,0.201
175,-1,74,374.8,24.7,80.3,0.185
180,-1,1540.1,307.5,189.7,624.6,1
180,-1,711.8,340.3,45.2,135.8,1
180,-1,515.5,332.9,76.6,168.1,1
180,-1,1725.6,282.9,195.4,645.1,1
180,-1,1047.5,312.8,68,204.6,1
180,-1,788.7,336.4,48.5,136.9,1
180,-1,886.3,339.2,63.6,167,1
180,-1,224.4,359.1,52.3,132.3,1
180,-1,406.5,346.3,44.4,125.5,1
180,-1,947.4,341.6,39.3,102.2,1
180,-1,86.9,367.8,41,110.4,1
180,-1,649.2,366.4,38.4,55.5,1
180,-1,1495.5,330.5,61.9,172.3,0.999
180,-1,835.1,336.7,37.4,113.8,0.985
180,-1,46,367.5,24.4,69.7,0.961
180,-1,678.7,363.4,35.7,63.1,0.271
180,-1,63.5,369.6,43.1,81.7,0.22
184,-1,1501.3,293.2,190.4,613.6,1
184,-1,1706.5,265.7,205.6,638.5,1
184,-1,708.2,323.8,45.8,139.6,1
184,-1,877.3,328.7,67.3,167.4,1
184,-1,221.3,344.6,50.4,131.6,1
184,-1,1046.3,296.3,70.3,209.4,1
184,-1,78,351.9,43.3,108.7,1
184,-1,777.1,324,52.5,135.3,1
184,-1,512.7,317.7,76.8,163.9,1
184,-1,648.8,355.8,37.4,53.9,0.999
184,-1,400.4,335.9,42,119.7,0.999
184,-1,828.3,324.2,38.2,117.1,0.998
184,-1,933.7,328.8,36.6,102.6,0.994
184,-1,42.6,354,22.4,70.6,0.932
184,-1,364.5,352.6,27.4,88.1,0.854
184,-1,681.8,345.9,36,68.4,0.22
185,-1,1490,281.8,194.5,634.9,1
185,-1,707.3,322.2,46.3,141,1
185,-1,874.7,328.2,69.7,166.5,1
185,-1,220.9,343,50.6,128.8,1
185,-1,1698.2,263.6,216.2,635.7,1
185,-1,1048.8,293.6,68.5,214.7,1
185,-1,511.4,316.5,76.3,165.2,1
185,-1,77.9,349.9,42.7,108.7,1
185,-1,777,326.2,53,130.9,1
185,-1,399.7,333.4,42.7,121.4,0.999
185,-1,649,354.7,38,53.8,0.998
185,-1,828.3,322.9,38.8,119,0.995
185,-1,931.1,325,36.6,109,0.974
185,-1,41.1,349.6,22.1,71.2,0.94
185,-1,364.3,350.1,28.3,90.8,0.801
185,-1,678.9,345.8,35.3,67.7,0.402
185,-1,763.7,334.6,27.2,80.5,0.4
188,-1,1452.3,276.4,211,641.9,1
188,-1,870.8,327.3,69.2,166.6,1
188,-1,705.8,323.6,48.2,138,1
188,-1,1664.1,262.6,245.1,666,1
188,-1,218.7,340,53.6,130.1,1
188,-1,507.3,308.3,77,171.7,1
188,-1,1051.8,293,72.8,220.6,1
188,-1,72,342.1,43.7,111.4,1
188,-1,768.1,320.8,56,140.6,1
188,-1,397.1,332.4,42.6,122.1,1
188,-1,824.6,320.6,41,124.1,0.999
188,-1,654.2,357.5,35.5,49.9,0.997
188,-1,925.1,322.5,38.2,115.8,0.992
188,-1,39.4,341.3,25.8,72,0.983
188,-1,362.9,347.5,28.7,90.3,0.904
189,-1,1430.2,282.5,224.1,645.3,1
189,-1,869.5,330.5,69.7,164.3,1
189,-1,220.1,339.2,53.8,135.5,1
189,-1,704.7,326.2,49.6,140.7,1
189,-1,509.7,312.2,77.6,168.6,1
189,-1,1051.2,298.1,71.5,223,1
189,-1,1655.8,273.2,243.5,655.5,1
189,-1,394.1,333.5,43,123.4,1
189,-1,74.6,341.8,40,113.9,1
189,-1,770.4,327.2,51.7,136.5,1
189,-1,823.8,327.5,39.9,121.6,0.998
189,-1,650.1,356.7,38,53.7,0.998
189,-1,33.3,340.6,21.1,70.4,0.966
189,-1,923.7,328.6,39.3,112.9,0.966
189,-1,362.5,348,28,88.6,0.872
189,-1,99.4,342.4,31.1,103.8,0.707
189,-1,684.8,343.9,38.1,79.6,0.067
191,-1,1405.6,292.6,241.5,662.5,1
191,-1,222.4,338.4,53.9,132.9,1
191,-1,704.9,331.5,49.5,139.6,1
191,-1,863.8,332.1,70.5,168.6,1
191,-1,1641.7,295.2,247.1,654.3,1
191,-1,1055.7,301.2,74.4,228.1,1
191,-1,511.3,316.3,76.8,170.6,1
191,-1,71.8,345.5,42.3,108,1
191,-1,771.9,328.4,49.2,135.8,1
191,-1,391,332,43.6,126.8,0.999
191,-1,650.8,362.4,40.1,51.5,0.999
191,-1,32.6,341.3,26.4,73,0.996
191,-1,823.5,329.8,42.6,121.9,0.994
191,-1,922.2,328.8,37.4,118.3,0.994
191,-1,365.7,344.1,29.4,100.6,0.93
191,-1,58.2,341.2,21.7,89.8,0.349
191,-1,104.1,350.9,26,83.3,0.174
192,-1,1407.3,301.1,228.2,643.6,1
192,-1,222.3,338,54,133.5,1
192,-1,1635,301.4,253.2,650.7,1
192,-1,705,332.1,49.7,139.7,1
192,-1,1057.9,305.6,75.8,227.2,1
192,-1,864.4,334.6,69.6,168.1,1
192,-1,512,316.8,78.6,171.6,1
192,-1,771.8,332.2,49.1,135.4,1
192,-1,70,344.8,43.7,108.7,1
192,-1,389.1,331.8,43.7,125.8,0.999
192,-1,652.7,361.4,38.8,54.2,0.998
192,-1,822.6,330.7,44.9,123.6,0.991
192,-1,923.6,331.5,34.5,115.9,0.99
192,-1,35.1,339.6,24.2,72.4,0.98
192,-1,366.4,344.4,28.5,99.1,0.896
192,-1,62.7,341.9,23.4,98.5,0.135
197,-1,225.3,333.9,57.3,135.9,1
197,-1,1616.1,290.9,269.8,657.7,1
197,-1,1395.7,315.9,205.9,636.9,1
197,-1,867.4,342.3,67.8,164.2,1
197,-1,1075.9,311.9,74.4,229.6,1
197,-1,709.3,330.4,51,142.6,1
197,-1,513.1,319.4,72,173.9,1
197,-1,387.8,330.7,45.8,124.6,1
197,-1,770.2,331.9,54.4,137.3,1
197,-1,831.5,332.7,42.8,120.5,0.999
197,-1,70.1,341,42.5,113.7,0.999
197,-1,661.4,363.3,37,53.2,0.995
197,-1,33.3,334.3,26.8,72.9,0.992
197,-1,927.4,337,37.6,113,0.988
197,-1,360.9,348.6,27.1,91.4,0.776
197,-1,56.8,337.8,27.2,83.6,0.381
197,-1,681.7,352.8,34.8,76.7,0.286
202,-1,521.7,335.9,79.9,168.5,1
202,-1,1385.9,318,191.6,665.8,1
202,-1,733.2,344.4,49.2,143.9,1
202,-1,96.4,349.7,40.1,106.9,1
202,-1,256.1,350.9,52.3,133,1
202,-1,784.2,343.7,57,144.8,1
202,-1,1105,316.4,77.2,248,1
202,-1,1609.1,307.6,258.8,693.7,1
202,-1,890.9,352.8,65.9,165.1,1
202,-1,402.6,345.9,43.3,121.5,0.998
202,-1,952.8,352.7,32.7,113,0.993
202,-1,679.4,376.5,39.3,54.2,0.991
202,-1,857.5,349.3,42.8,118,0.943
202,-1,362.4,364.1,30.3,89.3,0.914
202,-1,381.7,357,32.5,103.5,0.853
202,-1,70.6,344.5,31.6,80.7,0.427
202,-1,47.4,336.7,25.4,85.3,0.199
203,-1,529.2,340.3,74.5,174,1
203,-1,262.6,352.7,54,136.1,1
203,-1,1382.2,326,203.9,663,1
203,-1,1621.4,318,243.4,674.2,1
203,-1,737,349.8,51.1,146.2,1
203,-1,100.5,360.7,40.4,112.2,1
203,-1,895.1,361.5,68.8,164.7,1
203,-1,1107.5,323,83.1,248.9,1
203,-1,794.3,348.8,54.4,144.8,1
203,-1,409,351.3,42.8,122.3,1
203,-1,691.3,384.2,38.4,52.7,0.999
203,-1,954,355.8,36.9,116.9,0.996
203,-1,859.9,354.4,37.9,124,0.993
203,-1,68.9,359.3,29.1,73.3,0.984
203,-1,385.6,363.4,31.8,101.7,0.852
203,-1,365.4,366.1,24.7,91,0.379
205,-1,540.5,342.6,83.9,177.6,1
205,-1,1391.2,330.7,203.7,678,1
205,-1,1624.4,330,271.6,666.5,1
205,-1,759,354.3,49.4,142.8,1
205,-1,123,356.5,40.8,113.2,1
205,-1,913.6,362.4,68.9,167.9,1
205,-1,287.1,355.2,53.5,135.3,1
205,-1,1138.2,330,79.8,249.7,1
205,-1,426.3,350.3,42.7,125.3,1
205,-1,808.6,355.1,53,140.1,1
205,-1,978.2,362,32.1,113.2,0.996
205,-1,711.8,386.5,38,53.8,0.991
205,-1,882.4,356.2,45.4,121.7,0.974
205,-1,388.6,365.2,25.4,87.5,0.452
205,-1,404.9,360.5,34.5,105.4,0.391
205,-1,172.3,367.1,24.3,70.4,0.144
205,-1,86,352.4,23.5,66.3,0.099
218,-1,1634.2,321.9,275.5,713.3,1
218,-1,1390.8,340.9,229.5,686,1
218,-1,385.5,362.9,53.4,128.1,1
218,-1,599.1,347,87.8,181.2,1
218,-1,1063.3,367.3,34.7,115.4,1
218,-1,985.7,370.3,67.9,164.7,1
218,-1,838,359.4,50.6,143.3,1
218,-1,204.9,362.1,42.1,116.9,1
218,-1,889.1,362.7,52.2,138.1,1
218,-1,1248.8,328.4,91,282.5,1
218,-1,496.9,355,47.3,128.9,0.998
218,-1,802.5,389.6,38.5,57.5,0.986
218,-1,690.1,373.1,25.1,64.4,0.979
218,-1,171.8,361.7,27.5,70,0.97
218,-1,476.4,372.2,30.5,108.9,0.963
218,-1,963.8,365.3,42.4,126.6,0.881
218,-1,186.1,365.8,26.4,88.9,0.339
223,-1,600.1,342.3,89.9,184.7,1
223,-1,1380.6,347.1,217.4,694.9,1
223,-1,1639.5,337.3,264.8,719.4,1
223,-1,1000.7,372.9,65.2,160.6,1
223,-1,215.1,355.3,41.7,118.6,1
223,-1,402.3,356.9,53.3,130,1
223,-1,843.2,355.3,54.8,153.4,1
223,-1,1083.2,368.3,35.9,117.1,1
223,-1,898.6,360.1,49.6,142.1,1
223,-1,1280.2,328.6,97.6,310,1
223,-1,480.4,371.9,38.1,110.1,0.997
223,-1,698.5,371.7,24.8,63.4,0.986
223,-1,186.6,360,27.2,68.7,0.984
223,-1,499.7,358.1,39.7,120.5,0.969
223,-1,810.3,391.3,37.1,53.6,0.968
223,-1,975.1,369,41.6,114.6,0.71
223,-1,957.8,366.9,30.8,105.6,0.152
223,-1,713.4,371.2,24.7,63,0.099
224,-1,1636.9,341.1,265.3,708.7,1
224,-1,599.5,339,92.2,187.6,1
224,-1,1378.5,343.2,222.8,689.1,1
224,-1,218.6,350.6,41.9,119.4,1
224,-1,1000.2,368.1,68.4,163.5,1
224,-1,407.9,356.6,52.8,124.8,1
224,-1,846.4,352.5,54.3,152.4,1
224,-1,1285.8,328.9,100.1,310.7,1
224,-1,1086.4,366.9,35.9,118.3,1
224,-1,899.6,359.9,51,141.2,1
224,-1,481.6,366.4,37.6,109.2,0.996
224,-1,502,353,42.7,123.8,0.99
224,-1,188.8,353.5,28.1,71.9,0.974
224,-1,812.9,388.9,37.7,52.8,0.972
224,-1,700.5,368.9,22.4,60.4,0.969
224,-1,974,365.4,36.9,116.6,0.16
224,-1,717.3,374.4,24.5,58.9,0.091
226,-1,1382.7,342.1,221.3,680.9,1
226,-1,602.8,339.5,88.3,184.9,1
226,-1,219.4,348.7,42.8,121,1
226,-1,1002.6,366.8,70.6,165.5,1
226,-1,1633.7,327.4,276.7,708.2,1
226,-1,412.5,356.1,54.1,124.2,1
226,-1,1090.2,367.3,36.3,116.6,1
226,-1,850.1,352.5,53.1,150.1,1
226,-1,902.4,357.2,51.6,142.4,0.999
226,-1,1300.1,325.3,102.5,314.6,0.998
226,-1,714.3,366.4,25.3,65.6,0.996
226,-1,501.7,347.1,45.6,131.8,0.99
226,-1,818.9,384.9,31.5,52.6,0.962
226,-1,193.5,349.3,27.5,72.1,0.951
226,-1,473.8,366.6,31.5,108.4,0.852
226,-1,180.4,342.5,27.2,67.8,0.175
233,-1,1374.8,337.5,228.9,690.7,1
233,-1,1028.9,364.7,65.4,160.5,1
233,-1,243.4,346.9,40.6,114.9,1
233,-1,623.7,330.1,89.4,188.3,1
233,-1,1632.8,331.9,255.7,712.3,1
233,-1,876.1,348.2,53.2,153,1
233,-1,445.6,348.8,48.7,122.2,1
233,-1,1120.4,365.3,35.1,116,1
233,-1,921.9,353.8,53.2,142.2,1
233,-1,744.7,362.6,25.3,65.4,0.997
233,-1,499.5,352.2,38.5,118.1,0.995
233,-1,3,354.7,45.6,186.2,0.992
233,-1,997.2,364.8,33.2,100.7,0.95
233,-1,216.1,340.8,25.6,68.6,0.935
233,-1,850,378.2,33.6,52.5,0.928
233,-1,964.5,362,48.3,108.9,0.206
234,-1,1030.7,361.6,69.6,162,1
234,-1,1375.8,327.9,228.5,712.9,1
234,-1,879,343.7,53.3,153.9,1
234,-1,1638.6,323,264,740.1,1
234,-1,625.9,326.1,92.6,194.3,1
234,-1,247,345.3,41.9,114.9,1
234,-1,449.4,345.9,50.2,124.9,1
234,-1,1127.9,360.9,34.8,112.8,1
234,-1,748.9,357.3,25.5,67.7,0.999
234,-1,1,340.8,54.8,198,0.999
234,-1,502,349.2,41.7,123.1,0.999
234,-1,925.3,350.4,52.5,142,0.999
234,-1,848.4,376.7,34.2,47.1,0.898
234,-1,227.5,343.6,29,80.2,0.888
234,-1,216.4,338.3,25.7,69.3,0.513
234,-1,965.7,356.3,34.2,116.4,0.235
234,-1,987,366.1,29.8,85.7,0.103
236,-1,1378,325.1,224.6,714.6,1
236,-1,1,335.2,62.8,200,1
236,-1,1638.2,314.8,261.3,731.5,1
236,-1,635.9,320.4,82.7,194.1,1
236,-1,1038,349.7,70.1,166.4,1
236,-1,1134.2,351.7,35.4,116.1,1
236,-1,255.8,339.8,41.3,112.4,1
236,-1,931.4,343.2,53.8,145.4,1
236,-1,888.8,340.2,52.1,149.7,1
236,-1,458.9,338.3,52.5,126,0.999
236,-1,755.3,350.3,23.7,65.9,0.999
236,-1,231.4,338.5,28.1,72.6,0.977
236,-1,507.1,341.3,39.7,127.7,0.834
236,-1,857.6,366.2,32.6,50.9,0.782
236,-1,214.8,330.9,23.4,62.7,0.211
237,-1,1376.7,318.3,223.9,724.2,1
237,-1,1,334,64.9,197.3,1
237,-1,1631.2,320.8,285.5,716.4,1
237,-1,638.9,316.8,80.3,196,1
237,-1,1041.5,350.1,70.5,161.9,1
237,-1,1137.1,350.4,34.7,113.4,1
237,-1,934,343.4,54.9,141.8,1
237,-1,256.8,335.5,40.2,113.1,1
237,-1,465.3,339.1,50.6,123.3,0.999
237,-1,893.7,338.5,49.2,148.9,0.999
237,-1,758.3,346.7,25,69.6,0.999
237,-1,232.3,334.6,27.1,70.1,0.976
237,-1,871,355.5,42.8,83.6,0.69
237,-1,855.8,368.3,38.3,53,0.665
237,-1,515,337.5,39.6,121.2,0.645
237,-1,1026.1,356.5,33.1,104.6,0.077
239,-1,1379,314,221,710.4,1
239,-1,1.4,330.3,68.6,197.8,1
239,-1,1624.6,304.8,282.4,731.9,1
239,-1,1043,345.4,71,162.2,1
239,-1,643.7,315.6,75.6,190.1,1
239,-1,260.4,333.4,40.4,112.8,1
239,-1,1144.5,344.6,36.8,117.7,1
239,-1,472.4,336.7,50.6,123.8,1
239,-1,901.7,330.7,46.9,153.9,1
239,-1,941.2,341.2,51.8,141,0.999
239,-1,766.7,348.5,25.4,64.1,0.998
239,-1,236.5,330.8,27.9,72.2,0.981
239,-1,876.1,355.6,41.5,71.9,0.848
239,-1,748.9,347.4,24.1,63.3,0.397
239,-1,518.9,336.1,33.1,112.6,0.275
240,-1,1,327.9,71.7,193.8,1
240,-1,1378.9,308.4,213.4,708.3,1
240,-1,1622.5,294.4,288.8,752.4,1
240,-1,646.5,315.5,75.7,190.5,1
240,-1,263,329.2,40.9,115.5,1
240,-1,904.2,328.4,48,156.6,1
240,-1,1045.3,345.8,69.6,161,1
240,-1,475.2,333.3,52,125.9,1
240,-1,1146.3,345.7,36.8,115.4,1
240,-1,947.6,338.8,49.7,141.9,0.999
240,-1,768.7,347.6,25,65,0.999
240,-1,236.2,328.1,28.1,71.3,0.981
240,-1,874.8,356.3,38.7,65.5,0.921
240,-1,755.4,348.5,23.7,60,0.563
240,-1,514.9,328.8,36.8,120.2,0.143
240,-1,735,341.7,31.9,66.7,0.058
250,-1,4,314.1,88,197,1
250,-1,1631.9,313.6,280.1,739.6,1
250,-1,1366.4,314.4,248.1,718.2,1
250,-1,1080,334.9,70.3,165.9,1
250,-1,923,316,56.4,160.6,1
250,-1,280.9,315.6,40.8,115.8,1
250,-1,669.2,301.2,70,195.9,1
250,-1,1178.3,338.7,37.2,117.9,1
250,-1,972.1,325.4,52.6,146.8,0.999
250,-1,797,334.8,23.3,63.6,0.999
250,-1,258.3,314.6,26.7,68.5,0.908
250,-1,1061.4,333.3,38.1,114.5,0.563
250,-1,245.5,305.8,23.3,62.6,0.13
250,-1,889,348.7,28.1,49.3,0.073
263,-1,1428.5,290.9,233.5,723.4,1
263,-1,46,308.2,74.5,192.2,1
263,-1,961.7,298.9,61.6,167,1
263,-1,1138.2,320.2,65.1,158.2,1
263,-1,683.1,289.2,88.9,202.8,1
263,-1,1233.7,313.2,36.7,116.8,1
263,-1,302.9,307.7,41.3,119.3,0.999
263,-1,1712.6,231.6,208.4,815.1,0.999
263,-1,845.6,317.3,24.8,66.7,0.998
263,-1,551.5,295.1,57.5,157.3,0.996
263,-1,1108.7,312.7,45.4,119.4,0.978
263,-1,530,312.7,37.8,139.3,0.852
263,-1,1083.1,315.8,24,58.2,0.846
263,-1,808.3,316.8,21.2,61,0.831
263,-1,1068.9,316.2,21.9,52.7,0.74
263,-1,1006.5,313.5,49.7,134,0.294
263,-1,818.6,320.2,25.5,64.5,0.128
264,-1,1427.8,283.5,242,745.6,1
264,-1,46.2,305,74.4,195.3,1
264,-1,680.6,286.8,92.2,202.6,1
264,-1,962.1,297.8,60.8,166.2,1
264,-1,1141.8,315.9,67.3,162.5,1
264,-1,1235.6,310.5,38.4,117.5,1
264,-1,303.3,303.9,40.7,120.3,1
264,-1,846.3,317.8,24.1,63.3,0.999
264,-1,1722.1,217.2,198.9,823.4,0.999
264,-1,1108.3,305.3,47.7,128.7,0.998
264,-1,552.3,293.2,58.6,157.8,0.991
264,-1,524.8,312.4,41.2,140.4,0.968
264,-1,806.9,316.6,20.8,59.6,0.776
264,-1,1065.8,314.9,21,49.2,0.532
266,-1,1447.8,278.9,233.9,719.6,1
266,-1,46.1,300.6,77.8,193.5,1
266,-1,1149.3,308.6,71,166.3,1
266,-1,965.3,289.3,60,172.7,1
266,-1,1241.5,306.4,37.7,118.1,1
266,-1,680.1,280.8,100.4,210.9,1
266,-1,520.8,306.9,45.3,141.5,1
266,-1,1113.3,298.8,47.7,132.1,0.999
266,-1,312.7,300.4,42.1,117.6,0.999
266,-1,846.5,314.4,23.8,65.3,0.998
266,-1,1723,237.5,198,794.8,0.998
266,-1,782.6,311.8,23.9,60.4,0.839
266,-1,1017.2,305.4,47,141.4,0.804
266,-1,559.4,292.2,52.9,144.4,0.519
266,-1,296.1,300.9,29.3,74.4,0.33
266,-1,1100.1,312.9,29.2,73.7,0.125
266,-1,6.2,305.2,32.8,195.8,0.073
268,-1,1451.2,277.4,236.5,717.8,1
268,-1,47.4,296.5,74.3,198.2,1
268,-1,1154.2,307.7,69.4,161.3,1
268,-1,684.1,278.1,96.7,212.2,1
268,-1,1243.8,305.2,38.3,121.5,1
268,-1,969.8,297.5,54.3,159.4,1
268,-1,313.5,297.7,42.8,119.3,1
268,-1,520.4,307.6,43.9,146.6,0.999
268,-1,848.6,313.4,23.6,65.2,0.996
268,-1,1121.3,297.9,47.2,130.5,0.995
268,-1,1717.1,228.4,203.9,788.1,0.993
268,-1,1010.5,297.4,51.4,141.5,0.982
268,-1,1093.3,311.4,24.2,55.6,0.949
268,-1,787.2,310.4,23.4,60,0.878
268,-1,5.9,326.8,32.8,174.4,0.656
268,-1,557.8,286.9,56.6,153.6,0.6
268,-1,298.7,297.2,32.3,87,0.238
273,-1,35.6,302.3,75.8,195.8,1
273,-1,1451.8,255.2,243.3,754.4,1
273,-1,1155.2,306.2,72.1,166.7,1
273,-1,686.2,277.9,86.1,210.1,1
273,-1,959.4,290.8,65,173.1,1
273,-1,1239.7,307.8,37.2,117.7,1
273,-1,290.7,295.7,41.5,125.3,0.999
273,-1,1118.3,297.9,48.6,136.9,0.999
273,-1,1701.3,247,219.7,781.9,0.998
273,-1,846.8,314.1,23.9,63.6,0.998
273,-1,528.4,290.9,63.5,165.6,0.996
273,-1,927.5,308.3,41.3,109.4,0.971
273,-1,1090.9,316.8,26.1,55.8,0.848
273,-1,785,313.9,23.7,61.5,0.791
273,-1,570.3,291.2,49.8,135.7,0.438
273,-1,1058.4,321.6,22.2,56.8,0.277
274,-1,32.8,304.6,77.9,192.4,1
274,-1,1451,258.5,238.5,747,1
274,-1,680.3,277.8,88.2,219.1,1
274,-1,1154.5,307,72.5,164.9,1
274,-1,1240,306.8,36.7,119.9,1
274,-1,956,288.9,66.1,177.9,0.999
274,-1,1705.3,245.2,215.7,774.3,0.999
274,-1,285,299.5,41.3,120.4,0.999
274,-1,1116,297.1,49.8,136.6,0.999
274,-1,845.7,312.9,24.2,63.4,0.998
274,-1,518.1,290.8,64.9,163.2,0.995
274,-1,920.3,308.5,42.5,117.2,0.992
274,-1,575.1,294.2,48.2,126.4,0.924
274,-1,801.9,313.1,21.3,59.7,0.785
274,-1,1060.6,318.9,22.3,55,0.668
274,-1,1097.7,314,28.6,68.2,0.505
288,-1,1433,229.6,227.8,747.4,1
288,-1,863.7,274.6,71.1,186.3,1
288,-1,1099.4,288.3,65,161.8,1
288,-1,552.9,272.6,103.5,220.6,1
288,-1,1167.5,289.4,35.4,115.8,1
288,-1,1046.2,286,46.3,137,1
288,-1,810.9,299.5,51.1,113.7,1
288,-1,1658.8,211.3,262.2,788.3,0.999
288,-1,173.5,301.2,47.5,127.1,0.999
288,-1,756.8,303.5,23,61.7,0.997
288,-1,137.8,297.2,31.6,78.5,0.997
288,-1,365.9,298.5,54.2,162.3,0.996
288,-1,504.1,290.9,49.7,115.8,0.995
288,-1,934.9,295.3,44.3,130.4,0.993
288,-1,677.3,309.2,22.8,57.8,0.889
288,-1,695.6,307.3,21.6,59.5,0.823
288,-1,977.9,304.6,26.4,63.3,0.703
288,-1,156.3,298,32.2,102,0.335
288,-1,958.4,302.6,31.2,91.9,0.178
288,-1,638.3,301.1,28.6,81.2,0.083
293,-1,1466.7,221.5,219.4,717.2,1
293,-1,855.9,261.7,73.6,183.7,1
293,-1,783.5,284.8,52.6,117.4,1
293,-1,1099.5,271.1,70.7,163.9,1
293,-1,1702.6,186.3,218.4,795,1
293,-1,156.8,284.7,47.6,131,1
293,-1,524,253.8,109.4,232.3,1
293,-1,1044.4,267.4,44.5,133.2,1
293,-1,928.8,276.5,47.8,132,0.999
293,-1,1168.8,266.9,37,121.3,0.999
293,-1,330.2,285.8,58.8,170.2,0.996
293,-1,122.7,279.7,36.2,84.7,0.992
293,-1,680.4,288.9,23.3,60.5,0.966
293,-1,755,289.2,23.5,63.1,0.944
293,-1,974.7,285.1,24.8,56.7,0.871
293,-1,662.6,288.5,23.6,57.8,0.715
293,-1,699.4,292.8,26.1,60.8,0.611
296,-1,1483.2,182,218.7,739.7,1
296,-1,775.2,277,50.3,115.4,1
296,-1,850.7,250.8,76.2,194.3,1
296,-1,1169.8,261.6,38.1,118.6,1
296,-1,152.5,280.2,48.6,130.5,1
296,-1,1105.2,267.8,67.2,160.3,1
296,-1,927.3,269,49.3,134.1,0.999
296,-1,1050.4,264.7,42.4,130.3,0.999
296,-1,315.9,289,55.5,158,0.999
296,-1,114.3,274.8,36.2,89,0.998
296,-1,1711.5,166.5,209.5,804.6,0.997
296,-1,350.5,259.1,72.4,190,0.987
296,-1,683.1,283.4,24.3,63.7,0.967
296,-1,976.3,275.5,26.4,61.2,0.745
296,-1,520.8,247.8,91,213.7,0.212
296,-1,1026.8,280.8,26.2,63.8,0.134
297,-1,772.6,275,50.8,116.5,1
297,-1,1487.9,194.8,229.7,730.8,1
297,-1,1107.5,265.4,68.4,156.1,1
297,-1,850.7,249.8,71.7,190,1
297,-1,152,274.9,51.5,133.3,1
297,-1,1174.5,260.8,36.6,115.2,1
297,-1,311.4,282.7,55.3,160.9,1
297,-1,929.5,265.9,50.2,134.5,0.999
297,-1,1054,259.9,40.5,133,0.999
297,-1,113.3,268.8,37.5,92,0.999
297,-1,1698.7,161.4,222.3,810.1,0.999
297,-1,349.6,255.9,69.9,190.1,0.997
297,-1,685.7,281.3,23.5,60.5,0.94
297,-1,967.3,270.2,31.5,77.4,0.422
297,-1,1021.9,275.5,23.6,52.4,0.251
303,-1,1479.6,204.9,248.6,742.7,1
303,-1,828,246.4,73.5,204,1
303,-1,1111.8,264.6,63.9,158,1
303,-1,747.8,268.1,42.7,125.8,1
303,-1,927.7,267.1,51.9,133.6,1
303,-1,274.8,266.4,61.2,177.8,0.999
303,-1,317.1,246.7,75.8,204.3,0.999
303,-1,87.1,261.3,34.8,97.6,0.999
303,-1,1042.9,260.8,46,136.9,0.999
303,-1,1170.9,260.4,35.6,121.8,0.999
303,-1,123.4,258.4,51.9,141.9,0.998
303,-1,673.8,282.6,24.4,62.6,0.982
303,-1,1725.4,191.9,195.6,793.7,0.97
303,-1,977.8,276.1,27.3,59,0.871
303,-1,716.9,282.1,27,76,0.378
303,-1,171.8,264.1,29,98.2,0.056
303,-1,905.4,266.5,43,137.3,0.051
311,-1,1478.1,209.4,236.5,731.5,1
311,-1,1097,273.1,64.8,154.2,1
311,-1,28.2,261.1,37,98.9,1
311,-1,712.7,274.2,51.4,123.7,1
311,-1,83.4,264.6,51.7,141.2,1
311,-1,904,271.3,48.8,133.4,1
311,-1,792.9,252,71.2,201,1
311,-1,250.4,246.5,72.7,210.9,1
311,-1,1151.5,265.2,35.3,121.3,0.998
311,-1,1028.3,270.6,46.4,133.3,0.998
311,-1,210.4,268.8,57.7,184.9,0.996
311,-1,640.5,283.3,23.7,63.4,0.995
311,-1,1726.6,193.2,194.4,793.2,0.957
311,-1,839,260.3,56.6,160.2,0.848
311,-1,688.2,283.5,30.8,83.9,0.698
311,-1,984.2,280.1,20.9,54,0.643
311,-1,939.6,276.2,30.5,78.6,0.442
318,-1,1535.6,230,230.5,767.4,1
318,-1,1115.2,279.3,68.6,160.8,1
318,-1,779.2,258.5,77,216.8,1
318,-1,914.6,279.8,50.2,137.8,1
318,-1,505.7,281.2,51.6,113.4,1
318,-1,1030.9,267.3,54,149.2,1
318,-1,26.5,283.6,35.5,96,1
318,-1,843,266.8,58.7,157.6,1
318,-1,209.2,262.4,86.3,224.9,0.999
318,-1,83.1,281,57,145.9,0.998
318,-1,1174.4,272.6,36.4,119,0.997
318,-1,978.5,287.2,24.5,57.3,0.991
318,-1,723,289.5,25.9,61.5,0.988
318,-1,658.1,295.8,22.7,60,0.879
318,-1,672.4,295.7,22.7,62.4,0.829
318,-1,630,293.4,23.6,60.5,0.497
318,-1,710.4,295.4,24.7,60.7,0.433
318,-1,180.9,277.9,61.7,205.5,0.12
319,-1,1120.1,279,69.9,158.5,1
319,-1,1542.4,225.9,230.7,763.5,1
319,-1,778.2,263.1,79,208.8,1
319,-1,509.3,282.7,49.2,115.2,1
319,-1,916.4,279.4,50.2,138.4,1
319,-1,29.8,283.9,35.2,95,1
319,-1,210.5,259.2,85.6,232.6,1
319,-1,1037.6,267.5,53.2,146.8,1
319,-1,842.9,267.3,57.2,155,0.999
319,-1,81,280.6,59.4,149.2,0.999
319,-1,1179.7,268.5,36.4,124.1,0.998
319,-1,982.5,286.1,22.4,56.4,0.983
319,-1,731,288.7,24.3,61.7,0.981
319,-1,659.6,293,23.7,61.7,0.881
319,-1,677.1,293.4,23.6,63.4,0.772
319,-1,631.6,292.5,23.9,63.7,0.467
319,-1,716.2,293.4,26.3,60.6,0.436
319,-1,686.3,289.3,44.3,67.5,0.098
321,-1,1563.4,217,216.4,764.8,1
321,-1,771.8,258.6,87.2,207.5,1
321,-1,1126.7,273.5,68.1,156.2,1
321,-1,918,277.4,50.1,135.5,1
321,-1,513.3,280.8,50.3,113,1
321,-1,202.1,255.5,85.8,235.7,1
321,-1,30.4,283.8,36.2,92.9,1
321,-1,1044.6,264.8,51.6,146.6,1
321,-1,845.8,264.3,57.4,153.1,0.999
321,-1,81.9,283.5,59.7,147.5,0.999
321,-1,1187.6,266.6,35.1,122.9,0.997
321,-1,991.1,281,24.1,54.8,0.99
321,-1,724.1,287.9,24.5,62,0.926
321,-1,746,286.1,20.4,61,0.913
321,-1,658.1,291.7,22.5,60.6,0.892
321,-1,679.1,291.4,22.7,62.7,0.809
321,-1,173.2,285.4,62.5,199.4,0.619
321,-1,635.2,289,22.8,62.6,0.235
323,-1,767.2,251.3,88.9,214.3,1
323,-1,1577,210.2,219.2,766,1
323,-1,1134.8,268.6,67.5,155.7,1
323,-1,521.2,278.3,50.3,116.6,1
323,-1,921.7,271.7,53.3,136.9,1
323,-1,1057,263.4,47.3,144.5,1
323,-1,1196.4,262,38.6,125.9,1
323,-1,31.1,282.5,36.3,98.5,1
323,-1,86.7,282.8,55,145,0.999
323,-1,850.4,260.9,58,155.2,0.999
323,-1,161.4,282.5,72.2,210.3,0.998
323,-1,196,250.9,85.1,236.7,0.995
323,-1,993.2,280.4,23.6,53.8,0.988
323,-1,661.2,288.3,23.4,61.7,0.98
323,-1,720.9,283.2,21.3,58.1,0.903
323,-1,758.2,283.7,24.7,67.9,0.812
323,-1,688.4,283.8,41.3,66.3,0.364
