1,-1,473.9,425.4,59.629,180.89,2.3341,-1,-1,-1
1,-1,1366,391.01,68.644,207.93,1.1724,-1,-1,-1
1,-1,1482.5,416.87,63.98,193.94,1.1614,-1,-1,-1
1,-1,549.92,444.35,51.78,157.34,1.1568,-1,-1,-1
1,-1,669.58,404.94,68.644,207.93,0.86922,-1,-1,-1
1,-1,631.35,414.66,48.246,146.74,0.50919,-1,-1,-1
1,-1,1169,409,39,119,0.50583,-1,-1,-1
1,-1,1114.7,417.96,25.39,78.17,0.44005,-1,-1,-1
1,-1,711.37,391.01,68.644,207.93,0.20731,-1,-1,-1
1,-1,1225,409,39,119,-0.0030679,-1,-1,-1
1,-1,808.63,419.59,23.623,72.869,-0.026802,-1,-1,-1
1,-1,586.01,391.01,68.644,207.93,-0.10447,-1,-1,-1
1,-1,464.01,361.12,84.742,256.23,-0.10501,-1,-1,-1
1,-1,832.7,412.56,41.871,127.61,-0.11458,-1,-1,-1
1,-1,1458.7,355.57,97.492,294.47,-0.12475,-1,-1,-1
1,-1,558.15,432.79,68.644,207.93,-0.14672,-1,-1,-1
1,-1,875.57,395.41,41.871,127.61,-0.37107,-1,-1,-1
1,-1,1360.2,375.27,97.492,294.47,-0.46297,-1,-1,-1
2,-1,468.86,416.87,63.98,193.94,2.027,-1,-1,-1
2,-1,544.06,430.92,55.569,168.71,1.6507,-1,-1,-1
2,-1,1366,391.01,68.644,207.93,1.4576,-1,-1,-1
2,-1,1171,418.86,33.822,103.47,1.0054,-1,-1,-1
2,-1,669.58,404.94,68.644,207.93,0.79465,-1,-1,-1
2,-1,1480.3,413.27,59.629,180.89,0.71293,-1,-1,-1
2,-1,1104.4,413.27,29.314,89.943,0.65648,-1,-1,-1
2,-1,686.94,361.12,84.742,256.23,0.37238,-1,-1,-1
2,-1,621.5,414.66,48.246,146.74,0.12741,-1,-1,-1
2,-1,846.44,428.32,21.974,67.922,0.12126,-1,-1,-1
2,-1,1217,409,39,119,0.027172,-1,-1,-1
2,-1,572.08,391.01,68.644,207.93,-0.0013146,-1,-1,-1
2,-1,1360.2,375.27,97.492,294.47,-0.18603,-1,-1,-1
2,-1,1449.2,340.41,112.14,338.41,-0.2882,-1,-1,-1
2,-1,845.49,391.57,51.78,157.34,-0.2888,-1,-1,-1
2,-1,385,369,39,119,-0.29628,-1,-1,-1
2,-1,800.49,423.72,21.974,67.922,-0.34801,-1,-1,-1
2,-1,896.71,374.21,73.643,222.93,-0.47224,-1,-1,-1
3,-1,461.78,425.4,59.629,180.89,2.8052,-1,-1,-1
3,-1,532.74,430.92,55.569,168.71,1.7482,-1,-1,-1
3,-1,1361,385,79,239,1.7181,-1,-1,-1
3,-1,1469.6,416.87,63.98,193.94,0.88096,-1,-1,-1
3,-1,1098.4,413.27,29.314,89.943,0.87605,-1,-1,-1
3,-1,1161,417,39,119,0.77588,-1,-1,-1
3,-1,689,369,79,239,0.58021,-1,-1,-1
3,-1,618.34,421.14,41.871,127.61,0.50657,-1,-1,-1
3,-1,1209,409,39,119,0.33667,-1,-1,-1
3,-1,598.82,403.88,63.98,193.94,0.25376,-1,-1,-1
3,-1,369.69,369.69,41.871,127.61,-0.17453,-1,-1,-1
3,-1,843.87,419.61,27.284,83.853,-0.18298,-1,-1,-1
3,-1,446.86,378.26,84.742,256.23,-0.23976,-1,-1,-1
3,-1,558.78,425.4,59.629,180.89,-0.29817,-1,-1,-1
3,-1,1453,405.34,90.896,274.69,-0.31781,-1,-1,-1
3,-1,549.75,361.12,84.742,256.23,-0.32299,-1,-1,-1
3,-1,644.27,350.2,90.896,274.69,-0.38469,-1,-1,-1
3,-1,795.9,423.72,21.974,67.922,-0.49861,-1,-1,-1
4,-1,449.65,425.4,59.629,180.89,2.6887,-1,-1,-1
4,-1,1366,391.01,68.644,207.93,1.8829,-1,-1,-1
4,-1,532.74,430.92,55.569,168.71,1.6208,-1,-1,-1
4,-1,1153,417,39,119,1.4248,-1,-1,-1
4,-1,657.86,404.07,73.643,222.93,1.2386,-1,-1,-1
4,-1,1460.5,419.61,55.569,168.71,1.055,-1,-1,-1
4,-1,616.7,423.72,44.948,136.84,0.70091,-1,-1,-1
4,-1,1098.8,417.96,25.39,78.17,0.4867,-1,-1,-1
4,-1,689,369,79,239,0.41812,-1,-1,-1
4,-1,1360.2,375.27,97.492,294.47,0.27528,-1,-1,-1
4,-1,1209,409,39,119,0.26627,-1,-1,-1
4,-1,598.82,403.88,63.98,193.94,0.23655,-1,-1,-1
4,-1,1457,401,79,239,0.20236,-1,-1,-1
4,-1,837.25,432.91,21.974,67.922,0.02288,-1,-1,-1
4,-1,373.98,429.71,20.435,63.306,-0.049053,-1,-1,-1
4,-1,446.86,378.26,84.742,256.23,-0.055586,-1,-1,-1
4,-1,369.69,361.12,41.871,127.61,-0.19217,-1,-1,-1
4,-1,549.75,361.12,84.742,256.23,-0.23772,-1,-1,-1
4,-1,858.42,395.41,41.871,127.61,-0.29502,-1,-1,-1
4,-1,789.83,429.71,20.435,63.306,-0.35022,-1,-1,-1
4,-1,892.44,377.08,68.644,207.93,-0.35217,-1,-1,-1
4,-1,825.55,413.27,29.314,89.943,-0.48637,-1,-1,-1
5,-1,442.87,416.87,63.98,193.94,1.4966,-1,-1,-1
5,-1,1359.5,404.07,73.643,222.93,1.4638,-1,-1,-1
5,-1,1087.1,419.61,27.284,83.853,1.4478,-1,-1,-1
5,-1,650.8,416.87,63.98,193.94,1.2487,-1,-1,-1
5,-1,518.25,444.35,51.78,157.34,0.88977,-1,-1,-1
5,-1,1444,425.4,59.629,180.89,0.87743,-1,-1,-1
5,-1,1434.6,368.58,90.896,274.69,0.31971,-1,-1,-1
5,-1,1145,417,39,119,0.21583,-1,-1,-1
5,-1,595.16,413.27,59.629,180.89,0.13357,-1,-1,-1
5,-1,1193,417,39,119,-0.13053,-1,-1,-1
5,-1,669.79,378.26,84.742,256.23,-0.14985,-1,-1,-1
5,-1,534,350.2,90.896,274.69,-0.24067,-1,-1,-1
5,-1,846.44,396.15,44.948,136.84,-0.2986,-1,-1,-1
5,-1,817,433,19,59,-0.3923,-1,-1,-1
5,-1,926.82,385.12,48.246,146.74,-0.42077,-1,-1,-1
6,-1,437.53,425.4,59.629,180.89,1.8345,-1,-1,-1
6,-1,1359.5,404.07,73.643,222.93,1.8203,-1,-1,-1
6,-1,642.93,404.07,73.643,222.93,1.1137,-1,-1,-1
6,-1,1444,425.4,59.629,180.89,1.0794,-1,-1,-1
6,-1,1193,417,39,119,0.45867,-1,-1,-1
6,-1,1434.6,368.58,90.896,274.69,0.048535,-1,-1,-1
6,-1,356.83,434,20.435,63.306,0.032736,-1,-1,-1
6,-1,585.82,403.88,63.98,193.94,-0.069992,-1,-1,-1
6,-1,1143.2,425.83,33.822,103.47,-0.19347,-1,-1,-1
6,-1,518.25,444.35,51.78,157.34,-0.19673,-1,-1,-1
6,-1,1086.3,419.34,29.314,89.943,-0.25577,-1,-1,-1
6,-1,429.71,412.56,84.742,256.23,-0.2908,-1,-1,-1
6,-1,534,350.2,90.896,274.69,-0.30654,-1,-1,-1
6,-1,673,369,79,239,-0.39153,-1,-1,-1
7,-1,429.87,429.87,63.98,193.94,1.2447,-1,-1,-1
7,-1,1355.7,395.41,84.742,256.23,0.85272,-1,-1,-1
7,-1,1444,425.4,59.629,180.89,0.51781,-1,-1,-1
7,-1,521.43,442.23,55.569,168.71,0.19461,-1,-1,-1
7,-1,586.01,404.94,68.644,207.93,-0.033155,-1,-1,-1
7,-1,532.6,361.12,84.742,256.23,-0.033861,-1,-1,-1
7,-1,641,385,79,239,-0.14517,-1,-1,-1
7,-1,1193,417,39,119,-0.26357,-1,-1,-1
7,-1,292.52,361.12,84.742,256.23,-0.34284,-1,-1,-1
7,-1,423.72,350.2,90.896,274.69,-0.45388,-1,-1,-1
8,-1,1359.5,404.07,73.643,222.93,2.2892,-1,-1,-1
8,-1,429.87,429.87,63.98,193.94,1.721,-1,-1,-1
8,-1,1185,417,39,119,1.2804,-1,-1,-1
8,-1,637.81,416.87,63.98,193.94,1.1069,-1,-1,-1
8,-1,1431.8,425.4,59.629,180.89,1.0157,-1,-1,-1
8,-1,510.28,437.53,59.629,180.89,0.76009,-1,-1,-1
8,-1,1077.7,428.52,25.39,78.17,0.74461,-1,-1,-1
8,-1,1137,425,39,119,0.63413,-1,-1,-1
8,-1,657,385,79,239,0.42511,-1,-1,-1
8,-1,813.82,433.8,25.39,78.17,0.28994,-1,-1,-1
8,-1,601.19,429.71,41.871,127.61,0.16612,-1,-1,-1
8,-1,348.25,438.28,20.435,63.306,0.14542,-1,-1,-1
8,-1,1424.3,378.26,84.742,256.23,0.10922,-1,-1,-1
8,-1,572.08,404.94,68.644,207.93,0.047943,-1,-1,-1
8,-1,412.56,403.99,41.871,127.61,-0.017518,-1,-1,-1
8,-1,577,161,159,479,-0.11705,-1,-1,-1
8,-1,515.62,350.2,90.896,274.69,-0.13193,-1,-1,-1
8,-1,798.4,421.14,41.871,127.61,-0.15114,-1,-1,-1
8,-1,764.1,429.71,41.871,127.61,-0.17774,-1,-1,-1
8,-1,846.44,405.34,44.948,136.84,-0.33044,-1,-1,-1
9,-1,429.87,429.87,63.98,193.94,2.1548,-1,-1,-1
9,-1,1361,401,79,239,2.0251,-1,-1,-1
9,-1,1185,417,39,119,1.4461,-1,-1,-1
9,-1,510.28,437.53,59.629,180.89,1.34,-1,-1,-1
9,-1,1431.8,425.4,59.629,180.89,1.0651,-1,-1,-1
9,-1,668.51,430.92,55.569,168.71,0.85725,-1,-1,-1
9,-1,1135.6,426.46,36.321,110.96,0.51407,-1,-1,-1
9,-1,1424.3,412.56,84.742,256.23,0.50912,-1,-1,-1
9,-1,641,385,79,239,0.3905,-1,-1,-1
9,-1,1081.5,425.26,27.284,83.853,0.33831,-1,-1,-1
9,-1,572.08,404.94,68.644,207.93,0.13711,-1,-1,-1
9,-1,809.93,425.26,27.284,83.853,0.10443,-1,-1,-1
9,-1,515.62,350.2,90.896,274.69,-0.22961,-1,-1,-1
9,-1,769.23,429.44,23.623,72.869,-0.28208,-1,-1,-1
9,-1,1159,425.4,29.314,89.943,-0.34281,-1,-1,-1
9,-1,412.56,403.99,41.871,127.61,-0.38013,-1,-1,-1
9,-1,345,437,19,59,-0.43577,-1,-1,-1
9,-1,849.84,403.99,41.871,127.61,-0.46197,-1,-1,-1
10,-1,1361,401,79,239,2.0522,-1,-1,-1
10,-1,418.86,418.86,68.644,207.93,2.0473,-1,-1,-1
10,-1,1185,417,39,119,2.037,-1,-1,-1
10,-1,1421.7,418.86,68.644,207.93,1.2162,-1,-1,-1
10,-1,510.12,442.23,55.569,168.71,1.0603,-1,-1,-1
10,-1,1129,425,39,119,0.77105,-1,-1,-1
10,-1,1080.2,425.4,29.314,89.943,0.69125,-1,-1,-1
10,-1,644.27,368.58,90.896,274.69,0.42297,-1,-1,-1
10,-1,1373.3,381.02,104.56,315.68,0.36963,-1,-1,-1
10,-1,601.19,429.71,41.871,127.61,0.15748,-1,-1,-1
10,-1,809.93,430.92,27.284,83.853,0.096343,-1,-1,-1
10,-1,734.76,424.51,23.623,72.869,-0.0071747,-1,-1,-1
10,-1,768.33,432.91,21.974,67.922,-0.040842,-1,-1,-1
10,-1,583.04,413.27,59.629,180.89,-0.17673,-1,-1,-1
10,-1,568.28,180.14,148.29,446.86,-0.26016,-1,-1,-1
11,-1,1361,401,79,239,1.6112,-1,-1,-1
11,-1,425.4,437.53,59.629,180.89,1.6081,-1,-1,-1
11,-1,1184.9,425.83,33.822,103.47,1.2382,-1,-1,-1
11,-1,498.8,442.23,55.569,168.71,0.68183,-1,-1,-1
11,-1,1426.5,430.92,55.569,168.71,0.66132,-1,-1,-1
11,-1,1077.7,428.52,25.39,78.17,0.61874,-1,-1,-1
11,-1,1129,425,39,119,0.58625,-1,-1,-1
11,-1,1407.2,412.56,84.742,256.23,0.41053,-1,-1,-1
11,-1,625,385,79,239,0.37005,-1,-1,-1
11,-1,584.04,138.19,170.48,513.45,0.017047,-1,-1,-1
11,-1,412.56,378.26,84.742,256.23,-0.086542,-1,-1,-1
11,-1,273.92,390.88,63.98,193.94,-0.21282,-1,-1,-1
11,-1,515.45,361.12,84.742,256.23,-0.40771,-1,-1,-1
11,-1,335.87,424.51,23.623,72.869,-0.41372,-1,-1,-1
11,-1,841.27,403.99,41.871,127.61,-0.41865,-1,-1,-1
11,-1,1358.6,385.67,112.14,338.41,-0.49145,-1,-1,-1
11,-1,764.92,413.27,59.629,180.89,-0.49564,-1,-1,-1
12,-1,1380,404.94,68.644,207.93,1.2162,-1,-1,-1
12,-1,416.87,429.87,63.98,193.94,1.0893,-1,-1,-1
12,-1,498.8,442.23,55.569,168.71,0.84051,-1,-1,-1
12,-1,1185,417,39,119,0.64766,-1,-1,-1
12,-1,1373.3,381.02,104.56,315.68,0.45501,-1,-1,-1
12,-1,625,385,79,239,0.43175,-1,-1,-1
12,-1,1131.7,429.87,31.49,96.47,0.30936,-1,-1,-1
12,-1,1075.8,425.26,27.284,83.853,0.22973,-1,-1,-1
12,-1,568.28,180.14,148.29,446.86,0.13492,-1,-1,-1
12,-1,764.92,413.27,59.629,180.89,0.0054349,-1,-1,-1
12,-1,414.66,335.87,97.492,294.47,-0.21677,-1,-1,-1
12,-1,841.27,403.99,41.871,127.61,-0.30102,-1,-1,-1
12,-1,515.45,361.12,84.742,256.23,-0.32315,-1,-1,-1
13,-1,1377,401,79,239,2.0938,-1,-1,-1
13,-1,418.86,418.86,68.644,207.93,0.96697,-1,-1,-1
13,-1,498.8,442.23,55.569,168.71,0.92564,-1,-1,-1
13,-1,1185,417,39,119,0.77067,-1,-1,-1
13,-1,625,401,79,239,0.65372,-1,-1,-1
13,-1,1129,425,39,119,0.5935,-1,-1,-1
13,-1,1399.6,414.66,97.492,294.47,0.0093609,-1,-1,-1
13,-1,1077.7,428.52,25.39,78.17,-0.038172,-1,-1,-1
13,-1,598.14,180.14,148.29,446.86,-0.12038,-1,-1,-1
13,-1,544.22,404.94,68.644,207.93,-0.23056,-1,-1,-1
13,-1,1342.7,442.1,90.896,274.69,-0.38378,-1,-1,-1
13,-1,1352.6,338.9,128.96,388.88,-0.38455,-1,-1,-1
13,-1,385.67,295.16,112.14,338.41,-0.41883,-1,-1,-1
13,-1,841.27,403.99,41.871,127.61,-0.43375,-1,-1,-1
14,-1,1377,401,79,239,1.8403,-1,-1,-1
14,-1,487.49,442.23,55.569,168.71,1.3547,-1,-1,-1
14,-1,618.34,378.26,84.742,256.23,0.69627,-1,-1,-1
14,-1,416.87,429.87,63.98,193.94,0.67831,-1,-1,-1
14,-1,1121,425,39,119,0.48092,-1,-1,-1
14,-1,1074.1,425.4,29.314,89.943,-0.0089897,-1,-1,-1
14,-1,1180.4,419,36.321,110.96,-0.026966,-1,-1,-1
14,-1,578,419.61,55.569,168.71,-0.11301,-1,-1,-1
14,-1,254.78,389.14,73.643,222.93,-0.1834,-1,-1,-1
14,-1,538.43,389.14,73.643,222.93,-0.22576,-1,-1,-1
14,-1,1358.6,385.67,112.14,338.41,-0.233,-1,-1,-1
14,-1,577,161,159,479,-0.36383,-1,-1,-1
15,-1,1377,401,79,239,2.3647,-1,-1,-1
15,-1,609,401,79,239,1.7607,-1,-1,-1
15,-1,403.88,429.87,63.98,193.94,1.2333,-1,-1,-1
15,-1,486.03,437.53,59.629,180.89,1.0008,-1,-1,-1
15,-1,1169,417,39,119,0.65769,-1,-1,-1
15,-1,1121,425,39,119,0.64051,-1,-1,-1
15,-1,1070.1,425.26,27.284,83.853,0.23027,-1,-1,-1
15,-1,1358.6,385.67,112.14,338.41,0.17753,-1,-1,-1
15,-1,570.91,413.27,59.629,180.89,0.13687,-1,-1,-1
15,-1,533.84,416.87,63.98,193.94,-0.01795,-1,-1,-1
15,-1,497.24,350.2,90.896,274.69,-0.24005,-1,-1,-1
15,-1,577,161,159,479,-0.2798,-1,-1,-1
15,-1,803.26,433.8,25.39,78.17,-0.28893,-1,-1,-1
15,-1,255.64,389.02,59.629,180.89,-0.3296,-1,-1,-1
15,-1,851.93,374.21,73.643,222.93,-0.34762,-1,-1,-1
15,-1,739.23,391.01,68.644,207.93,-0.42851,-1,-1,-1
16,-1,1377,401,79,239,2.5826,-1,-1,-1
16,-1,601.19,395.41,84.742,256.23,1.7082,-1,-1,-1
16,-1,401.15,437.53,59.629,180.89,1.5683,-1,-1,-1
16,-1,1115.3,425.83,33.822,103.47,0.72263,-1,-1,-1
16,-1,476.18,442.23,55.569,168.71,0.64779,-1,-1,-1
16,-1,1064.5,425.26,27.284,83.853,0.51837,-1,-1,-1
16,-1,1358.6,385.67,112.14,338.41,0.40194,-1,-1,-1
16,-1,558.15,404.94,68.644,207.93,0.036483,-1,-1,-1
16,-1,1169,417,39,119,-0.0079029,-1,-1,-1
16,-1,498.3,361.12,84.742,256.23,-0.28754,-1,-1,-1
16,-1,851.93,374.21,73.643,222.93,-0.34892,-1,-1,-1
16,-1,378.26,412.56,84.742,256.23,-0.37314,-1,-1,-1
16,-1,577,161,159,479,-0.40303,-1,-1,-1
17,-1,1377,401,79,239,2.7051,-1,-1,-1
17,-1,593,401,79,239,1.571,-1,-1,-1
17,-1,390.88,429.87,63.98,193.94,1.3379,-1,-1,-1
17,-1,1358.6,385.67,112.14,338.41,0.63622,-1,-1,-1
17,-1,464.86,442.23,55.569,168.71,0.43131,-1,-1,-1
17,-1,1058.8,425.26,27.284,83.853,0.40927,-1,-1,-1
17,-1,1161,417,39,119,0.3327,-1,-1,-1
17,-1,1105,425,39,119,0.3266,-1,-1,-1
17,-1,544.22,404.94,68.644,207.93,0.032561,-1,-1,-1
17,-1,498.3,361.12,84.742,256.23,-0.12828,-1,-1,-1
17,-1,545,161,159,479,-0.16911,-1,-1,-1
17,-1,225,369,79,239,-0.4974,-1,-1,-1
18,-1,1377,401,79,239,1.546,-1,-1,-1
18,-1,593,401,79,239,1.3709,-1,-1,-1
18,-1,389.02,437.53,59.629,180.89,0.22589,-1,-1,-1
18,-1,464.86,442.23,55.569,168.71,0.10436,-1,-1,-1
18,-1,1358.6,385.67,112.14,338.41,0.093113,-1,-1,-1
18,-1,1049.9,425.4,29.314,89.943,-0.015734,-1,-1,-1
18,-1,546.83,416.87,63.98,193.94,-0.099502,-1,-1,-1
18,-1,478.86,350.2,90.896,274.69,-0.11943,-1,-1,-1
18,-1,552.38,148.03,182.79,550.38,-0.3889,-1,-1,-1
18,-1,225,385,79,239,-0.48987,-1,-1,-1
19,-1,1372.9,395.41,84.742,256.23,1.462,-1,-1,-1
19,-1,577,401,79,239,0.9552,-1,-1,-1
19,-1,377.89,429.87,63.98,193.94,0.51979,-1,-1,-1
19,-1,1149.9,421.14,41.871,127.61,0.21673,-1,-1,-1
19,-1,449.65,437.53,59.629,180.89,0.16702,-1,-1,-1
19,-1,1101.4,432.79,33.822,103.47,-0.13312,-1,-1,-1
19,-1,1047.5,430.92,27.284,83.853,-0.19388,-1,-1,-1
19,-1,1352.6,364.89,128.96,388.88,-0.20124,-1,-1,-1
19,-1,233.23,32.668,51.78,157.34,-0.24571,-1,-1,-1
19,-1,546.66,425.4,59.629,180.89,-0.32162,-1,-1,-1
19,-1,481.15,361.12,84.742,256.23,-0.3289,-1,-1,-1
19,-1,545,193,159,479,-0.33698,-1,-1,-1
20,-1,1361.1,405.34,90.896,274.69,1.2666,-1,-1,-1
20,-1,442.23,453.55,55.569,168.71,1.2029,-1,-1,-1
20,-1,349.22,432.79,68.644,207.93,1.1843,-1,-1,-1
20,-1,552.38,386.96,90.896,274.69,1.0259,-1,-1,-1
20,-1,1132.8,429.71,41.871,127.61,0.57009,-1,-1,-1
20,-1,1092.7,442.87,31.49,96.47,0.43458,-1,-1,-1
20,-1,285.88,377.77,44.948,136.84,0.15207,-1,-1,-1
20,-1,266.87,430.92,27.284,83.853,-0.043924,-1,-1,-1
20,-1,515.45,172.48,170.48,513.45,-0.14664,-1,-1,-1
20,-1,454.06,335.87,97.492,294.47,-0.19917,-1,-1,-1
20,-1,874.01,10.19,44.948,136.84,-0.30421,-1,-1,-1
20,-1,1352.6,338.9,128.96,388.88,-0.36548,-1,-1,-1
21,-1,1361.1,405.34,90.896,274.69,1.9451,-1,-1,-1
21,-1,549.75,412.56,84.742,256.23,1.1394,-1,-1,-1
21,-1,352.65,437.53,59.629,180.89,0.5536,-1,-1,-1
21,-1,1030.2,439.08,25.39,78.17,0.39123,-1,-1,-1
21,-1,430.92,453.55,55.569,168.71,0.38377,-1,-1,-1
21,-1,513,193,159,479,0.0055858,-1,-1,-1
21,-1,1129,425,39,119,-0.13474,-1,-1,-1
21,-1,1326.6,364.89,128.96,388.88,-0.24946,-1,-1,-1
21,-1,713.76,430.92,55.569,168.71,-0.46078,-1,-1,-1
22,-1,1342.7,405.34,90.896,274.69,1.4191,-1,-1,-1
22,-1,545,417,79,239,0.97955,-1,-1,-1
22,-1,430.92,453.55,55.569,168.71,0.20686,-1,-1,-1
22,-1,340.52,437.53,59.629,180.89,0.12646,-1,-1,-1
22,-1,1326.6,364.89,128.96,388.88,0.0036787,-1,-1,-1
22,-1,702.45,442.23,55.569,168.71,-0.16234,-1,-1,-1
22,-1,1025.3,439.29,23.623,72.869,-0.18576,-1,-1,-1
22,-1,182.94,403.88,63.98,193.94,-0.21714,-1,-1,-1
22,-1,515.45,172.48,170.48,513.45,-0.4818,-1,-1,-1
22,-1,1124.2,429.71,41.871,127.61,-0.48581,-1,-1,-1
23,-1,1342.7,405.34,90.896,274.69,1.4496,-1,-1,-1
23,-1,534,405.34,90.896,274.69,0.68193,-1,-1,-1
23,-1,408.29,453.55,55.569,168.71,0.63205,-1,-1,-1
23,-1,328.39,449.65,59.629,180.89,0.25666,-1,-1,-1
23,-1,1326.6,364.89,128.96,388.88,0.22029,-1,-1,-1
23,-1,1115.6,429.71,41.871,127.61,0.018499,-1,-1,-1
23,-1,1065,441,39,119,-0.28095,-1,-1,-1
23,-1,148.03,368.58,90.896,274.69,-0.37881,-1,-1,-1
23,-1,309.67,412.56,84.742,256.23,-0.38618,-1,-1,-1
23,-1,1013.5,437.53,29.314,89.943,-0.42779,-1,-1,-1
24,-1,515.45,412.56,84.742,256.23,1.4631,-1,-1,-1
24,-1,1310.6,389.02,120.26,362.77,1.424,-1,-1,-1
24,-1,312.9,442.87,63.98,193.94,1.3049,-1,-1,-1
24,-1,1001.4,443.59,29.314,89.943,0.70095,-1,-1,-1
24,-1,1105,433,39,119,0.3258,-1,-1,-1
24,-1,396.98,453.55,55.569,168.71,0.26383,-1,-1,-1
24,-1,138.19,395.41,84.742,256.23,-0.20421,-1,-1,-1
24,-1,1057,441,39,119,-0.45695,-1,-1,-1
25,-1,1320.8,394.97,97.492,294.47,1.5987,-1,-1,-1
25,-1,497,433,79,239,1.0636,-1,-1,-1
25,-1,286.91,442.87,63.98,193.94,1.032,-1,-1,-1
25,-1,1274.6,390.88,128.96,388.88,0.13342,-1,-1,-1
25,-1,977.12,443.59,29.314,89.943,0.056055,-1,-1,-1
25,-1,374.35,464.86,55.569,168.71,0.030346,-1,-1,-1
25,-1,476.18,385.67,112.14,338.41,-0.12996,-1,-1,-1
25,-1,148.78,43.224,51.78,157.34,-0.24231,-1,-1,-1
25,-1,655.79,437.53,59.629,180.89,-0.36435,-1,-1,-1
26,-1,273.92,442.87,63.98,193.94,0.71479,-1,-1,-1
26,-1,1321.4,412.56,84.742,256.23,0.66726,-1,-1,-1
26,-1,481.15,429.71,84.742,256.23,0.57527,-1,-1,-1
26,-1,1274.6,390.88,128.96,388.88,0.26267,-1,-1,-1
26,-1,97,401,79,239,-0.38247,-1,-1,-1
26,-1,127.67,32.668,51.78,157.34,-0.39284,-1,-1,-1
26,-1,970.5,446.69,21.974,67.922,-0.48385,-1,-1,-1
27,-1,446.86,429.71,84.742,256.23,0.84685,-1,-1,-1
27,-1,1262.1,389.02,120.26,362.77,0.76001,-1,-1,-1
27,-1,221.93,442.87,63.98,193.94,0.19084,-1,-1,-1
27,-1,1041,433,39,119,-0.34767,-1,-1,-1
28,-1,221.93,442.87,63.98,193.94,2.71,-1,-1,-1
28,-1,429.71,429.71,84.742,256.23,1.4246,-1,-1,-1
28,-1,928.72,442.23,27.284,83.853,1.3236,-1,-1,-1
28,-1,977,441,39,119,1.1768,-1,-1,-1
28,-1,1287.1,412.56,84.742,256.23,1.1298,-1,-1,-1
28,-1,306.47,464.86,55.569,168.71,1.0658,-1,-1,-1
28,-1,1248.6,390.88,128.96,388.88,0.69462,-1,-1,-1
28,-1,1025,433,39,119,0.55271,-1,-1,-1
28,-1,197.98,414.66,97.492,294.47,-0.027849,-1,-1,-1
28,-1,575.35,446.69,21.974,67.922,-0.053233,-1,-1,-1
28,-1,120.46,451.29,21.974,67.922,-0.1653,-1,-1,-1
28,-1,657.2,447.89,27.284,83.853,-0.17168,-1,-1,-1
28,-1,901.29,566.9,41.871,127.61,-0.18019,-1,-1,-1
28,-1,553,457,19,59,-0.18719,-1,-1,-1
28,-1,390.88,312.9,128.96,388.88,-0.26703,-1,-1,-1
28,-1,670.74,414.66,48.246,146.74,-0.28197,-1,-1,-1
28,-1,148.03,377.77,44.948,136.84,-0.31314,-1,-1,-1
28,-1,607.51,446.69,21.974,67.922,-0.32665,-1,-1,-1
28,-1,113,417,39,119,-0.364,-1,-1,-1
28,-1,618.31,423.37,31.49,96.47,-0.40084,-1,-1,-1
28,-1,368.58,148.03,182.79,550.38,-0.46587,-1,-1,-1
29,-1,208.94,442.87,63.98,193.94,2.5527,-1,-1,-1
29,-1,405.34,405.34,90.896,274.69,1.7558,-1,-1,-1
29,-1,292.02,449.65,59.629,180.89,1.3573,-1,-1,-1
29,-1,1287.1,412.56,84.742,256.23,1.1676,-1,-1,-1
29,-1,1225.7,437.53,59.629,180.89,1.1338,-1,-1,-1
29,-1,1009,433,39,119,0.99763,-1,-1,-1
29,-1,963.89,441.39,36.321,110.96,0.78661,-1,-1,-1
29,-1,919.38,444.35,25.39,78.17,0.76713,-1,-1,-1
29,-1,566.16,446.69,21.974,67.922,0.44565,-1,-1,-1
29,-1,1245.5,408.29,112.14,338.41,0.15437,-1,-1,-1
29,-1,541,453,19,59,-0.043614,-1,-1,-1
29,-1,177,417,79,239,-0.11567,-1,-1,-1
29,-1,191.01,402.13,104.56,315.68,-0.16239,-1,-1,-1
29,-1,697.44,196,68.644,207.93,-0.18993,-1,-1,-1
29,-1,104.42,449.14,23.623,72.869,-0.23986,-1,-1,-1
29,-1,978.46,438.28,41.871,127.61,-0.26879,-1,-1,-1
29,-1,661.21,429.71,41.871,127.61,-0.37177,-1,-1,-1
29,-1,645.88,447.89,27.284,83.853,-0.37791,-1,-1,-1
29,-1,368.58,148.03,182.79,550.38,-0.38669,-1,-1,-1
29,-1,585.82,416.87,63.98,193.94,-0.47394,-1,-1,-1
30,-1,182.94,442.87,63.98,193.94,2.2932,-1,-1,-1
30,-1,378.26,429.71,84.742,256.23,1.3665,-1,-1,-1
30,-1,267.77,449.65,59.629,180.89,1.1435,-1,-1,-1
30,-1,1261.7,414.66,97.492,294.47,1.0784,-1,-1,-1
30,-1,1201.4,437.53,59.629,180.89,1.0143,-1,-1,-1
30,-1,945,441,39,119,0.27345,-1,-1,-1
30,-1,987.03,429.71,41.871,127.61,0.11252,-1,-1,-1
30,-1,898.3,443.59,29.314,89.943,-0.012551,-1,-1,-1
30,-1,166.41,423.72,90.896,274.69,-0.064392,-1,-1,-1
30,-1,69.944,444.21,23.623,72.869,-0.24299,-1,-1,-1
30,-1,641.2,414.66,48.246,146.74,-0.49128,-1,-1,-1
31,-1,169.95,442.87,63.98,193.94,1.8713,-1,-1,-1
31,-1,355.57,414.66,97.492,294.47,1.1805,-1,-1,-1
31,-1,1189.3,449.65,59.629,180.89,1.1028,-1,-1,-1
31,-1,978.46,438.28,41.871,127.61,1.0292,-1,-1,-1
31,-1,1250.8,423.72,90.896,274.69,1.0139,-1,-1,-1
31,-1,255.64,449.65,59.629,180.89,0.87425,-1,-1,-1
31,-1,532.6,451.14,20.435,63.306,0.81192,-1,-1,-1
31,-1,886.18,443.59,29.314,89.943,0.79956,-1,-1,-1
31,-1,934.03,448.86,36.321,110.96,0.62881,-1,-1,-1
31,-1,148.03,423.72,90.896,274.69,0.43822,-1,-1,-1
31,-1,55.17,449.14,23.623,72.869,-0.013969,-1,-1,-1
31,-1,1167.1,412.56,84.742,256.23,-0.34747,-1,-1,-1
31,-1,1449.2,476.18,55.569,168.71,-0.41929,-1,-1,-1
31,-1,1222.6,390.88,128.96,388.88,-0.45867,-1,-1,-1
31,-1,544.22,418.86,68.644,207.93,-0.47266,-1,-1,-1
31,-1,641,177,79,239,-0.49691,-1,-1,-1
32,-1,150.29,433.93,73.643,222.93,1.9766,-1,-1,-1
32,-1,877.81,447.89,27.284,83.853,1.2209,-1,-1,-1
32,-1,243.51,461.78,59.629,180.89,1.1566,-1,-1,-1
32,-1,335.87,414.66,97.492,294.47,1.1238,-1,-1,-1
32,-1,969,441,39,119,1.1064,-1,-1,-1
32,-1,1250.8,423.72,90.896,274.69,1.0682,-1,-1,-1
32,-1,919.1,448.86,36.321,110.96,0.98481,-1,-1,-1
32,-1,1177.6,453.55,55.569,168.71,0.98407,-1,-1,-1
32,-1,600.63,453.55,27.284,83.853,0.50149,-1,-1,-1
32,-1,497,461,19,59,0.26259,-1,-1,-1
32,-1,520.21,451.29,21.974,67.922,0.081208,-1,-1,-1
32,-1,1222.6,390.88,128.96,388.88,-0.01616,-1,-1,-1
32,-1,37.946,444.35,25.39,78.17,-0.039802,-1,-1,-1
32,-1,937,441,39,119,-0.077065,-1,-1,-1
32,-1,1169,417,79,239,-0.14985,-1,-1,-1
32,-1,616.7,432.91,44.948,136.84,-0.21058,-1,-1,-1
32,-1,78.168,386.84,41.871,127.61,-0.22599,-1,-1,-1
32,-1,481,401,39,119,-0.35057,-1,-1,-1
32,-1,581.58,444.35,25.39,78.17,-0.41846,-1,-1,-1
33,-1,135.36,433.93,73.643,222.93,2.4711,-1,-1,-1
33,-1,227.27,464.86,55.569,168.71,1.4108,-1,-1,-1
33,-1,1242,414.66,97.492,294.47,0.94306,-1,-1,-1
33,-1,1157.6,442.87,63.98,193.94,0.88033,-1,-1,-1
33,-1,909.86,446.86,41.871,127.61,0.83049,-1,-1,-1
33,-1,867.99,449.65,29.314,89.943,0.78801,-1,-1,-1
33,-1,331.83,423.72,90.896,274.69,0.64036,-1,-1,-1
33,-1,952.73,438.28,41.871,127.61,0.57781,-1,-1,-1
33,-1,485,461,19,59,0.35771,-1,-1,-1
33,-1,508.23,449.14,23.623,72.869,0.07707,-1,-1,-1
33,-1,1196.6,390.88,128.96,388.88,-0.1342,-1,-1,-1
33,-1,602.7,423.24,51.78,157.34,-0.26534,-1,-1,-1
33,-1,65.327,386.96,44.948,136.84,-0.27678,-1,-1,-1
33,-1,576.31,449.63,25.39,78.17,-0.36293,-1,-1,-1
33,-1,1143.5,237.38,195.98,589.95,-0.42294,-1,-1,-1
33,-1,832.7,575.47,41.871,127.61,-0.45576,-1,-1,-1
33,-1,544.22,488.51,68.644,207.93,-0.47559,-1,-1,-1
33,-1,20.698,454.06,23.623,72.869,-0.48335,-1,-1,-1
33,-1,1813.2,355.57,97.492,294.47,-0.49949,-1,-1,-1
34,-1,126.36,446.72,68.644,207.93,1.7431,-1,-1,-1
34,-1,215.96,464.86,55.569,168.71,1.2742,-1,-1,-1
34,-1,1222.9,408.29,112.14,338.41,1.0465,-1,-1,-1
34,-1,1152.9,449.65,59.629,180.89,1.0276,-1,-1,-1
34,-1,313.45,423.72,90.896,274.69,0.85041,-1,-1,-1
34,-1,945,441,39,119,0.71514,-1,-1,-1
34,-1,897,457,39,119,0.254,-1,-1,-1
34,-1,855.86,449.65,29.314,89.943,0.072944,-1,-1,-1
34,-1,99.492,414.66,97.492,294.47,-0.086258,-1,-1,-1
34,-1,591.95,434.36,48.246,146.74,-0.14048,-1,-1,-1
34,-1,1820.4,429.87,63.98,193.94,-0.18246,-1,-1,-1
34,-1,1813.2,355.57,97.492,294.47,-0.27463,-1,-1,-1
34,-1,5.9246,454.06,23.623,72.869,-0.48041,-1,-1,-1
34,-1,1165.4,359.28,148.29,446.86,-0.48179,-1,-1,-1
35,-1,98.502,446.72,68.644,207.93,2.1328,-1,-1,-1
35,-1,1225.5,423.24,104.56,315.68,1.7848,-1,-1,-1
35,-1,292.52,446.86,84.742,256.23,1.5862,-1,-1,-1
35,-1,929,449,39,119,1.3957,-1,-1,-1
35,-1,885.48,460.65,33.822,103.47,1.0949,-1,-1,-1
35,-1,843.74,455.71,29.314,89.943,1.0089,-1,-1,-1
35,-1,197.98,503.31,48.246,146.74,0.85138,-1,-1,-1
35,-1,1140.8,461.78,59.629,180.89,0.28488,-1,-1,-1
35,-1,483.45,460.48,21.974,67.922,0.00040429,-1,-1,-1
35,-1,221.93,481.85,63.98,193.94,-0.12948,-1,-1,-1
35,-1,249.9,385.67,112.14,338.41,-0.1768,-1,-1,-1
35,-1,532.85,394.97,48.246,146.74,-0.20863,-1,-1,-1
35,-1,513.16,458.99,23.623,72.869,-0.27381,-1,-1,-1
35,-1,1820.5,368.58,90.896,274.69,-0.2785,-1,-1,-1
35,-1,1122.1,423.72,90.896,274.69,-0.3146,-1,-1,-1
35,-1,459.72,464.01,20.435,63.306,-0.35535,-1,-1,-1
35,-1,806.97,584.04,41.871,127.61,-0.38686,-1,-1,-1
35,-1,79.793,414.66,97.492,294.47,-0.39199,-1,-1,-1
35,-1,446.86,343.97,84.742,256.23,-0.3991,-1,-1,-1
35,-1,1195.3,329.43,148.29,446.86,-0.44763,-1,-1,-1
35,-1,507.85,429.87,63.98,193.94,-0.47261,-1,-1,-1
35,-1,579.94,442.1,44.948,136.84,-0.48579,-1,-1,-1
36,-1,90.571,448.86,73.643,222.93,2.0939,-1,-1,-1
36,-1,929,449,39,119,1.4451,-1,-1,-1
36,-1,276.69,442.1,90.896,274.69,1.3378,-1,-1,-1
36,-1,1222.9,408.29,112.14,338.41,1.2984,-1,-1,-1
36,-1,878.51,460.65,33.822,103.47,0.90714,-1,-1,-1
36,-1,1132.4,464.86,55.569,168.71,0.6609,-1,-1,-1
36,-1,182.89,461.78,59.629,180.89,0.64467,-1,-1,-1
36,-1,837.68,455.71,29.314,89.943,0.58542,-1,-1,-1
36,-1,806.97,584.04,41.871,127.61,0.27812,-1,-1,-1
36,-1,457,469,19,59,0.22707,-1,-1,-1
36,-1,1121,449,79,239,0.19681,-1,-1,-1
36,-1,478.68,458.99,23.623,72.869,0.11835,-1,-1,-1
36,-1,1818.7,361.12,84.742,256.23,-0.29223,-1,-1,-1
36,-1,20.698,385.12,48.246,146.74,-0.38142,-1,-1,-1
36,-1,455.86,351.89,63.98,193.94,-0.39744,-1,-1,-1
37,-1,84.573,446.72,68.644,207.93,2.1194,-1,-1,-1
37,-1,1222.9,408.29,112.14,338.41,1.5709,-1,-1,-1
37,-1,1121.1,464.86,55.569,168.71,0.86917,-1,-1,-1
37,-1,276.69,442.1,90.896,274.69,0.66001,-1,-1,-1
37,-1,170.76,473.9,59.629,180.89,0.62459,-1,-1,-1
37,-1,921,449,39,119,0.29426,-1,-1,-1
37,-1,871.55,460.65,33.822,103.47,0.066317,-1,-1,-1
37,-1,831.61,455.71,29.314,89.943,0.0073649,-1,-1,-1
37,-1,1105,449,79,239,-0.32831,-1,-1,-1
37,-1,60.095,434.36,97.492,294.47,-0.32911,-1,-1,-1
37,-1,155.34,241.08,84.742,256.23,-0.34293,-1,-1,-1
37,-1,1813.2,355.57,97.492,294.47,-0.38055,-1,-1,-1
37,-1,601.19,189.63,84.742,256.23,-0.44222,-1,-1,-1
37,-1,899.41,453.69,33.822,103.47,-0.47704,-1,-1,-1
38,-1,75.643,448.86,73.643,222.93,2.2418,-1,-1,-1
38,-1,1225.5,423.24,104.56,315.68,1.5839,-1,-1,-1
38,-1,258.31,442.1,90.896,274.69,0.79454,-1,-1,-1
38,-1,1121.1,464.86,55.569,168.71,0.61959,-1,-1,-1
38,-1,170.71,476.18,55.569,168.71,0.24417,-1,-1,-1
38,-1,918.44,446.86,41.871,127.61,0.2441,-1,-1,-1
38,-1,831.61,455.71,29.314,89.943,0.17474,-1,-1,-1
38,-1,1813.2,355.57,97.492,294.47,-0.20583,-1,-1,-1
38,-1,1105,417,79,239,-0.21804,-1,-1,-1
38,-1,865,457,39,119,-0.23597,-1,-1,-1
38,-1,1195.3,329.43,148.29,446.86,-0.24571,-1,-1,-1
38,-1,161,465,79,239,-0.47642,-1,-1,-1
38,-1,43.224,423.24,104.56,315.68,-0.48179,-1,-1,-1
38,-1,148.03,239.93,90.896,274.69,-0.49348,-1,-1,-1
39,-1,60.714,448.86,73.643,222.93,2.2246,-1,-1,-1
39,-1,1222.9,408.29,112.14,338.41,1.6021,-1,-1,-1
39,-1,233.23,423.24,104.56,315.68,1.2883,-1,-1,-1
39,-1,826.9,453.55,27.284,83.853,1.2268,-1,-1,-1
39,-1,1105.7,455.86,63.98,193.94,1.1024,-1,-1,-1
39,-1,913,449,39,119,0.69359,-1,-1,-1
39,-1,865,449,39,119,0.55228,-1,-1,-1
39,-1,158.63,473.9,59.629,180.89,0.26166,-1,-1,-1
39,-1,441,469,19,59,0.19048,-1,-1,-1
39,-1,463.91,454.06,23.623,72.869,-0.054736,-1,-1,-1
39,-1,789.83,584.04,41.871,127.61,-0.14042,-1,-1,-1
39,-1,442.23,363.04,55.569,168.71,-0.16285,-1,-1,-1
39,-1,316.17,503.31,48.246,146.74,-0.19786,-1,-1,-1
39,-1,552.55,434.36,48.246,146.74,-0.2745,-1,-1,-1
39,-1,429.71,343.97,84.742,256.23,-0.39577,-1,-1,-1
39,-1,345.72,454.06,48.246,146.74,-0.40255,-1,-1,-1
39,-1,478.71,419,73.643,222.93,-0.43329,-1,-1,-1
39,-1,1165.4,329.43,148.29,446.86,-0.43805,-1,-1,-1
39,-1,576.31,724.09,25.39,78.17,-0.45774,-1,-1,-1
39,-1,815.55,446.86,41.871,127.61,-0.46226,-1,-1,-1
39,-1,892.44,453.69,33.822,103.47,-0.46269,-1,-1,-1
40,-1,1222.9,408.29,112.14,338.41,2.2037,-1,-1,-1
40,-1,212.12,423.24,104.56,315.68,1.3245,-1,-1,-1
40,-1,56.715,446.72,68.644,207.93,1.193,-1,-1,-1
40,-1,1098.4,453.55,55.569,168.71,0.83363,-1,-1,-1
40,-1,815.59,453.55,27.284,83.853,0.63546,-1,-1,-1
40,-1,849,449,39,119,0.56016,-1,-1,-1
40,-1,905,441,39,119,0.45895,-1,-1,-1
40,-1,292.02,449.65,59.629,180.89,0.39454,-1,-1,-1
40,-1,429,465,19,59,-0.11984,-1,-1,-1
40,-1,1089,401,79,239,-0.14444,-1,-1,-1
40,-1,22.112,423.24,104.56,315.68,-0.18852,-1,-1,-1
40,-1,454.91,444.35,25.39,78.17,-0.25942,-1,-1,-1
40,-1,549.75,446.86,41.871,127.61,-0.37653,-1,-1,-1
40,-1,884.73,449.36,31.49,96.47,-0.37909,-1,-1,-1
41,-1,1222.3,414.66,97.492,294.47,2.1286,-1,-1,-1
41,-1,849,441,39,119,1.3355,-1,-1,-1
41,-1,212.12,423.24,104.56,315.68,1.2052,-1,-1,-1
41,-1,45.786,448.86,73.643,222.93,1.1361,-1,-1,-1
41,-1,1087.4,418.86,68.644,207.93,0.84967,-1,-1,-1
41,-1,813.42,443.59,29.314,89.943,0.76687,-1,-1,-1
41,-1,897,441,39,119,0.35802,-1,-1,-1
41,-1,1226.7,335.29,138.29,416.86,0.017069,-1,-1,-1
41,-1,878.51,446.72,33.822,103.47,-0.022476,-1,-1,-1
41,-1,449.63,444.35,25.39,78.17,-0.078963,-1,-1,-1
41,-1,286.91,442.87,63.98,193.94,-0.11292,-1,-1,-1
41,-1,772.68,584.04,41.871,127.61,-0.22969,-1,-1,-1
41,-1,425.42,459.72,20.435,63.306,-0.25125,-1,-1,-1
41,-1,528.8,460.19,25.39,78.17,-0.25246,-1,-1,-1
41,-1,425.4,352.65,59.629,180.89,-0.32222,-1,-1,-1
41,-1,528.8,433.8,51.78,157.34,-0.43645,-1,-1,-1
41,-1,1802.2,350.2,90.896,274.69,-0.48692,-1,-1,-1
42,-1,1222.3,414.66,97.492,294.47,2.1566,-1,-1,-1
42,-1,841,441,39,119,1.6846,-1,-1,-1
42,-1,42.786,446.72,68.644,207.93,1.6058,-1,-1,-1
42,-1,807.36,443.59,29.314,89.943,1.3532,-1,-1,-1
42,-1,197.98,434.36,97.492,294.47,1.2513,-1,-1,-1
42,-1,1079.7,442.87,63.98,193.94,1.1768,-1,-1,-1
42,-1,265.65,432.79,68.644,207.93,0.57226,-1,-1,-1
42,-1,897,441,39,119,0.54595,-1,-1,-1
42,-1,444.35,444.35,25.39,78.17,0.1801,-1,-1,-1
42,-1,125.45,464.86,55.569,168.71,0.05099,-1,-1,-1
42,-1,20.698,414.66,97.492,294.47,-0.081143,-1,-1,-1
42,-1,523.53,454.91,25.39,78.17,-0.085607,-1,-1,-1
42,-1,1195.3,299.57,148.29,446.86,-0.12118,-1,-1,-1
42,-1,871.73,449.36,31.49,96.47,-0.14017,-1,-1,-1
42,-1,421,461,19,59,-0.18219,-1,-1,-1
42,-1,772.68,584.04,41.871,127.61,-0.2704,-1,-1,-1
42,-1,92.896,460.48,90.896,274.69,-0.31152,-1,-1,-1
42,-1,317.78,442.23,55.569,168.71,-0.35971,-1,-1,-1
42,-1,534,442.1,44.948,136.84,-0.4071,-1,-1,-1
42,-1,1802.2,350.2,90.896,274.69,-0.43789,-1,-1,-1
42,-1,700.29,178.28,48.246,146.74,-0.44478,-1,-1,-1
42,-1,121.04,241.08,84.742,256.23,-0.46023,-1,-1,-1
43,-1,28.858,446.72,68.644,207.93,1.8652,-1,-1,-1
43,-1,1222.3,414.66,97.492,294.47,1.7155,-1,-1,-1
43,-1,182.02,408.29,112.14,338.41,1.5731,-1,-1,-1
43,-1,1080.2,437.53,59.629,180.89,1.5198,-1,-1,-1
43,-1,833,441,39,119,1.0711,-1,-1,-1
43,-1,804.27,442.23,27.284,83.853,0.79772,-1,-1,-1
43,-1,889,433,39,119,0.41807,-1,-1,-1
43,-1,267.77,449.65,59.629,180.89,0.38787,-1,-1,-1
43,-1,1195.3,299.57,148.29,446.86,-0.040611,-1,-1,-1
43,-1,413,461,19,59,-0.079482,-1,-1,-1
43,-1,865,433,39,119,-0.10589,-1,-1,-1
43,-1,437.53,437.53,29.314,89.943,-0.13834,-1,-1,-1
43,-1,518.25,454.91,25.39,78.17,-0.16615,-1,-1,-1
43,-1,523.01,434.36,48.246,146.74,-0.19521,-1,-1,-1
43,-1,103.89,241.08,84.742,256.23,-0.20747,-1,-1,-1
43,-1,307.13,444.35,51.78,157.34,-0.23872,-1,-1,-1
43,-1,258.23,395.41,84.742,256.23,-0.33174,-1,-1,-1
43,-1,412.56,326.82,84.742,256.23,-0.34658,-1,-1,-1
43,-1,1064.2,378.26,84.742,256.23,-0.39496,-1,-1,-1
43,-1,1793.5,335.87,97.492,294.47,-0.45733,-1,-1,-1
43,-1,122.26,461.78,59.629,180.89,-0.45915,-1,-1,-1
43,-1,801,433,39,119,-0.47611,-1,-1,-1
44,-1,1222.3,414.66,97.492,294.47,1.5468,-1,-1,-1
44,-1,1075.8,442.23,55.569,168.71,1.4504,-1,-1,-1
44,-1,169.9,423.24,104.56,315.68,1.3416,-1,-1,-1
44,-1,17,433,79,239,1.0638,-1,-1,-1
44,-1,833,441,39,119,0.85283,-1,-1,-1
44,-1,801.3,443.59,29.314,89.943,0.61623,-1,-1,-1
44,-1,1195.3,299.57,148.29,446.86,0.28699,-1,-1,-1
44,-1,247.92,442.87,63.98,193.94,0.23689,-1,-1,-1
44,-1,512.97,454.91,25.39,78.17,0.1703,-1,-1,-1
44,-1,523.01,434.36,48.246,146.74,0.02538,-1,-1,-1
44,-1,889,433,39,119,-0.077193,-1,-1,-1
44,-1,1057,401,79,239,-0.15874,-1,-1,-1
44,-1,433.8,444.35,25.39,78.17,-0.22327,-1,-1,-1
44,-1,117.12,465.47,51.78,157.34,-0.25431,-1,-1,-1
44,-1,295.16,442.23,55.569,168.71,-0.29472,-1,-1,-1
44,-1,409,461,19,59,-0.30261,-1,-1,-1
44,-1,99.492,237.38,97.492,294.47,-0.33081,-1,-1,-1
44,-1,1793.5,335.87,97.492,294.47,-0.33988,-1,-1,-1
44,-1,690.44,168.44,48.246,146.74,-0.37453,-1,-1,-1
44,-1,725.52,446.86,20.435,63.306,-0.43823,-1,-1,-1
45,-1,1225.5,402.13,104.56,315.68,1.8047,-1,-1,-1
45,-1,136.76,408.29,112.14,338.41,1.0547,-1,-1,-1
45,-1,1068.1,437.53,59.629,180.89,0.96663,-1,-1,-1
45,-1,792.96,442.23,27.284,83.853,0.56609,-1,-1,-1
45,-1,825,441,39,119,0.40792,-1,-1,-1
45,-1,881,433,39,119,0.11044,-1,-1,-1
45,-1,237.79,432.79,68.644,207.93,0.092538,-1,-1,-1
45,-1,1195.3,299.57,148.29,446.86,0.04106,-1,-1,-1
45,-1,81,449,79,239,-0.058981,-1,-1,-1
45,-1,13.996,455.86,63.98,193.94,-0.089302,-1,-1,-1
45,-1,283.84,442.23,55.569,168.71,-0.32656,-1,-1,-1
45,-1,1793.5,335.87,97.492,294.47,-0.39751,-1,-1,-1
45,-1,86.742,241.08,84.742,256.23,-0.4602,-1,-1,-1
46,-1,1222.9,408.29,112.14,338.41,2.0093,-1,-1,-1
46,-1,127.67,423.24,104.56,315.68,1.8787,-1,-1,-1
46,-1,1055.9,437.53,59.629,180.89,0.80318,-1,-1,-1
46,-1,789.17,443.59,29.314,89.943,0.74211,-1,-1,-1
46,-1,873,433,39,119,0.50822,-1,-1,-1
46,-1,817,441,39,119,0.29844,-1,-1,-1
46,-1,234.93,442.87,63.98,193.94,0.21412,-1,-1,-1
46,-1,84.573,460.65,68.644,207.93,0.18269,-1,-1,-1
46,-1,502.41,454.91,25.39,78.17,0.0072771,-1,-1,-1
46,-1,424.51,449.14,23.623,72.869,-0.01197,-1,-1,-1
46,-1,1217,289,159,479,-0.11208,-1,-1,-1
46,-1,899.41,439.76,33.822,103.47,-0.14477,-1,-1,-1
46,-1,283.84,442.23,55.569,168.71,-0.17208,-1,-1,-1
46,-1,753,585,39,119,-0.21469,-1,-1,-1
46,-1,1774.4,317.68,104.56,315.68,-0.38553,-1,-1,-1
46,-1,506.43,442.1,44.948,136.84,-0.47705,-1,-1,-1
46,-1,86.742,241.08,84.742,256.23,-0.48641,-1,-1,-1
46,-1,120.43,329.43,148.29,446.86,-0.49771,-1,-1,-1
47,-1,1237.8,389.02,120.26,362.77,1.9947,-1,-1,-1
47,-1,127.67,423.24,104.56,315.68,1.5161,-1,-1,-1
47,-1,817,441,39,119,1.0593,-1,-1,-1
47,-1,787.3,442.23,27.284,83.853,0.87931,-1,-1,-1
47,-1,223.86,432.79,68.644,207.93,0.80946,-1,-1,-1
47,-1,866.99,429.71,41.871,127.61,0.5273,-1,-1,-1
47,-1,1055.9,437.53,59.629,180.89,0.30269,-1,-1,-1
47,-1,1793.5,335.87,97.492,294.47,0.047106,-1,-1,-1
47,-1,91.51,464.86,55.569,168.71,-0.11423,-1,-1,-1
47,-1,1201.4,275.37,170.48,513.45,-0.12569,-1,-1,-1
47,-1,11.556,497.13,51.78,157.34,-0.47645,-1,-1,-1
47,-1,419.59,449.14,23.623,72.869,-0.49667,-1,-1,-1
47,-1,1747,368.58,90.896,274.69,-0.49933,-1,-1,-1
48,-1,1222.9,408.29,112.14,338.41,2.3034,-1,-1,-1
48,-1,114.14,408.29,112.14,338.41,0.70784,-1,-1,-1
48,-1,777.05,443.59,29.314,89.943,0.65121,-1,-1,-1
48,-1,221.93,455.86,63.98,193.94,0.64411,-1,-1,-1
48,-1,813.25,449.36,31.49,96.47,0.33666,-1,-1,-1
48,-1,1217,289,159,479,0.25586,-1,-1,-1
48,-1,858.42,429.71,41.871,127.61,0.17489,-1,-1,-1
48,-1,1045.7,418.86,68.644,207.93,0.15593,-1,-1,-1
48,-1,889,433,39,119,0.074941,-1,-1,-1
48,-1,492.09,449.65,29.314,89.943,-0.12276,-1,-1,-1
48,-1,73.754,461.78,59.629,180.89,-0.18058,-1,-1,-1
48,-1,738.38,584.04,41.871,127.61,-0.23906,-1,-1,-1
48,-1,272.53,442.23,55.569,168.71,-0.25989,-1,-1,-1
48,-1,461.78,364.77,59.629,180.89,-0.27445,-1,-1,-1
48,-1,1783.9,168.15,68.644,207.93,-0.45203,-1,-1,-1
48,-1,705,449,19,59,-0.47276,-1,-1,-1
49,-1,1237.8,389.02,120.26,362.77,2.3887,-1,-1,-1
49,-1,775.99,442.23,27.284,83.853,1.078,-1,-1,-1
49,-1,857,433,39,119,0.9629,-1,-1,-1
49,-1,1043.8,437.53,59.629,180.89,0.87841,-1,-1,-1
49,-1,106.56,423.24,104.56,315.68,0.81097,-1,-1,-1
49,-1,809,441,39,119,0.44753,-1,-1,-1
49,-1,209.93,432.79,68.644,207.93,0.40574,-1,-1,-1
49,-1,444.35,497.13,51.78,157.34,0.029033,-1,-1,-1
49,-1,889,433,39,119,-0.046536,-1,-1,-1
49,-1,61.629,461.78,59.629,180.89,-0.21489,-1,-1,-1
49,-1,409.94,451.29,21.974,67.922,-0.38443,-1,-1,-1
49,-1,699.41,446.69,21.974,67.922,-0.41657,-1,-1,-1
49,-1,487.49,453.55,27.284,83.853,-0.41866,-1,-1,-1
49,-1,261.22,442.23,55.569,168.71,-0.42096,-1,-1,-1
49,-1,1029.9,361.12,84.742,256.23,-0.43277,-1,-1,-1
49,-1,769,433,39,119,-0.45001,-1,-1,-1
50,-1,1237.8,389.02,120.26,362.77,2.364,-1,-1,-1
50,-1,801,441,39,119,1.2403,-1,-1,-1
50,-1,1031.7,437.53,59.629,180.89,1.1406,-1,-1,-1
50,-1,849,433,39,119,1.0684,-1,-1,-1
50,-1,770.33,442.23,27.284,83.853,1.0384,-1,-1,-1
50,-1,73.754,413.27,120.26,362.77,0.99364,-1,-1,-1
50,-1,195.94,455.86,63.98,193.94,0.41543,-1,-1,-1
50,-1,881,433,39,119,0.36698,-1,-1,-1
50,-1,404.82,449.14,23.623,72.869,0.041226,-1,-1,-1
50,-1,690.22,446.69,21.974,67.922,-0.031079,-1,-1,-1
50,-1,1201.4,275.37,170.48,513.45,-0.1715,-1,-1,-1
50,-1,761,433,39,119,-0.24921,-1,-1,-1
50,-1,1774.4,317.68,104.56,315.68,-0.36649,-1,-1,-1
50,-1,56.138,221.55,90.896,274.69,-0.41749,-1,-1,-1
50,-1,469.67,396.15,44.948,136.84,-0.48115,-1,-1,-1
51,-1,1237.8,389.02,120.26,362.77,2.1999,-1,-1,-1
51,-1,49.503,413.27,120.26,362.77,1.1523,-1,-1,-1
51,-1,764.92,443.59,29.314,89.943,0.61339,-1,-1,-1
51,-1,793,441,39,119,0.59655,-1,-1,-1
51,-1,873,433,39,119,0.5588,-1,-1,-1
51,-1,841,433,39,119,0.36976,-1,-1,-1
51,-1,182.94,455.86,63.98,193.94,0.26481,-1,-1,-1
51,-1,1019.6,437.53,59.629,180.89,0.17176,-1,-1,-1
51,-1,1012.8,378.26,84.742,256.23,0.014448,-1,-1,-1
51,-1,1201.4,275.37,170.48,513.45,-0.027711,-1,-1,-1
51,-1,400.75,451.29,21.974,67.922,-0.083503,-1,-1,-1
51,-1,1774.4,317.68,104.56,315.68,-0.20112,-1,-1,-1
51,-1,719.99,582.1,48.246,146.74,-0.24835,-1,-1,-1
51,-1,1074.6,424.51,48.246,146.74,-0.32087,-1,-1,-1
52,-1,1237.8,389.02,120.26,362.77,2.5672,-1,-1,-1
52,-1,46.255,430.92,112.14,338.41,1.6354,-1,-1,-1
52,-1,1019.6,437.53,59.629,180.89,1.4712,-1,-1,-1
52,-1,873,433,39,119,0.64882,-1,-1,-1
52,-1,789.83,438.28,41.871,127.61,0.53803,-1,-1,-1
52,-1,841.27,429.71,41.871,127.61,0.50444,-1,-1,-1
52,-1,1201.4,275.37,170.48,513.45,0.45526,-1,-1,-1
52,-1,182.07,432.79,68.644,207.93,0.37893,-1,-1,-1
52,-1,761.27,436.37,31.49,96.47,0.34939,-1,-1,-1
52,-1,365,457,19,59,0.17218,-1,-1,-1
52,-1,681.03,446.69,21.974,67.922,-0.23863,-1,-1,-1
52,-1,1774.4,317.68,104.56,315.68,-0.31581,-1,-1,-1
52,-1,33,353,159,479,-0.3883,-1,-1,-1
52,-1,391.57,444.35,25.39,78.17,-0.42458,-1,-1,-1
52,-1,454.06,394.97,48.246,146.74,-0.49691,-1,-1,-1
53,-1,25.251,413.27,120.26,362.77,2.1947,-1,-1,-1
53,-1,1237.8,389.02,120.26,362.77,2.1296,-1,-1,-1
53,-1,1007.4,437.53,59.629,180.89,1.9725,-1,-1,-1
53,-1,169.95,442.87,63.98,193.94,1.1331,-1,-1,-1
53,-1,832.7,429.71,41.871,127.61,0.82254,-1,-1,-1
53,-1,785,433,39,119,0.70126,-1,-1,-1
53,-1,754.77,436.37,31.49,96.47,0.53231,-1,-1,-1
53,-1,390.04,444.21,23.623,72.869,0.43079,-1,-1,-1
53,-1,361,457,19,59,0.37873,-1,-1,-1
53,-1,865,425,39,119,0.33058,-1,-1,-1
53,-1,1773.8,335.87,97.492,294.47,-0.061875,-1,-1,-1
53,-1,678.36,446.86,20.435,63.306,-0.078698,-1,-1,-1
53,-1,1201.4,275.37,170.48,513.45,-0.13386,-1,-1,-1
53,-1,465.47,449.63,25.39,78.17,-0.33605,-1,-1,-1
53,-1,1770,189.39,21.974,67.922,-0.37055,-1,-1,-1
53,-1,158.59,355.57,97.492,294.47,-0.49205,-1,-1,-1
54,-1,1007.4,437.53,59.629,180.89,1.5725,-1,-1,-1
54,-1,1237.8,389.02,120.26,362.77,1.4219,-1,-1,-1
54,-1,25.251,413.27,120.26,362.77,0.93917,-1,-1,-1
54,-1,865,425,39,119,0.69982,-1,-1,-1
54,-1,752.8,437.53,29.314,89.943,0.59563,-1,-1,-1
54,-1,168.15,432.79,68.644,207.93,0.32052,-1,-1,-1
54,-1,833,433,39,119,-0.064495,-1,-1,-1
54,-1,1773.8,335.87,97.492,294.47,-0.24502,-1,-1,-1
54,-1,993.48,350.2,90.896,274.69,-0.36483,-1,-1,-1
54,-1,1201.4,275.37,170.48,513.45,-0.46023,-1,-1,-1
55,-1,1248.6,390.88,128.96,388.88,1.7924,-1,-1,-1
55,-1,857,417,39,119,1.5551,-1,-1,-1
55,-1,995.31,425.4,59.629,180.89,1.5289,-1,-1,-1
55,-1,740.67,431.46,29.314,89.943,1.3213,-1,-1,-1
55,-1,769,433,39,119,0.81053,-1,-1,-1
55,-1,140.29,432.79,68.644,207.93,0.60235,-1,-1,-1
55,-1,343.97,446.86,20.435,63.306,0.48418,-1,-1,-1
55,-1,661.21,438.28,20.435,63.306,0.17185,-1,-1,-1
55,-1,375.27,434.36,23.623,72.869,0.12415,-1,-1,-1
55,-1,1774.4,317.68,104.56,315.68,0.07027,-1,-1,-1
55,-1,815.55,421.14,41.871,127.61,0.062581,-1,-1,-1
55,-1,352.65,340.52,59.629,180.89,-0.14647,-1,-1,-1
55,-1,-23.251,413.27,120.26,362.77,-0.37738,-1,-1,-1
55,-1,978.46,378.26,84.742,256.23,-0.37937,-1,-1,-1
55,-1,690.22,570.75,44.948,136.84,-0.39576,-1,-1,-1
55,-1,449.14,444.21,23.623,72.869,-0.40097,-1,-1,-1
55,-1,84.573,432.79,68.644,207.93,-0.44969,-1,-1,-1
56,-1,1248.6,390.88,128.96,388.88,1.3891,-1,-1,-1
56,-1,983.18,425.4,59.629,180.89,1.3522,-1,-1,-1
56,-1,849,417,39,119,1.2702,-1,-1,-1
56,-1,734.61,431.46,29.314,89.943,0.70338,-1,-1,-1
56,-1,140.29,432.79,68.644,207.93,0.57772,-1,-1,-1
56,-1,761,433,39,119,0.30764,-1,-1,-1
56,-1,339.68,446.86,20.435,63.306,0.20561,-1,-1,-1
56,-1,656.93,438.28,20.435,63.306,0.12117,-1,-1,-1
56,-1,815.55,421.14,41.871,127.61,-0.053388,-1,-1,-1
56,-1,1773.8,316.17,97.492,294.47,-0.092916,-1,-1,-1
56,-1,370.34,439.29,23.623,72.869,-0.19936,-1,-1,-1
56,-1,119.19,355.57,97.492,294.47,-0.27711,-1,-1,-1
56,-1,352.65,340.52,59.629,180.89,-0.37518,-1,-1,-1
56,-1,1214,157.22,44.948,136.84,-0.48375,-1,-1,-1
57,-1,849,417,39,119,1.7264,-1,-1,-1
57,-1,976.02,418.86,68.644,207.93,1.5857,-1,-1,-1
57,-1,1262.1,389.02,120.26,362.77,1.3284,-1,-1,-1
57,-1,126.36,432.79,68.644,207.93,0.84769,-1,-1,-1
57,-1,806.97,421.14,41.871,127.61,0.7626,-1,-1,-1
57,-1,734.61,431.46,29.314,89.943,0.58192,-1,-1,-1
57,-1,753,433,39,119,0.49236,-1,-1,-1
57,-1,652.64,438.28,20.435,63.306,0.3795,-1,-1,-1
57,-1,363.99,437.51,21.974,67.922,0.23695,-1,-1,-1
57,-1,331.11,446.86,20.435,63.306,0.20233,-1,-1,-1
57,-1,1198.9,391.01,138.29,416.86,0.065534,-1,-1,-1
57,-1,340.52,340.52,59.629,180.89,0.050764,-1,-1,-1
57,-1,61.629,449.65,59.629,180.89,-0.21876,-1,-1,-1
57,-1,1753.3,317.68,104.56,315.68,-0.41162,-1,-1,-1
57,-1,52.445,395.41,84.742,256.23,-0.4594,-1,-1,-1
57,-1,286.91,26.992,128.96,388.88,-0.48586,-1,-1,-1
58,-1,1248.6,390.88,128.96,388.88,1.5618,-1,-1,-1
58,-1,849,417,39,119,1.1515,-1,-1,-1
58,-1,973.98,430.92,55.569,168.71,0.7434,-1,-1,-1
58,-1,753,425,39,119,0.6883,-1,-1,-1
58,-1,112.43,432.79,68.644,207.93,0.63134,-1,-1,-1
58,-1,728.54,431.46,29.314,89.943,0.28203,-1,-1,-1
58,-1,648.87,432.91,21.974,67.922,0.091702,-1,-1,-1
58,-1,800.49,414.53,44.948,136.84,-0.095288,-1,-1,-1
58,-1,1222.3,237.38,195.98,589.95,-0.20528,-1,-1,-1
58,-1,329,449,19,59,-0.31711,-1,-1,-1
58,-1,355.57,434.36,23.623,72.869,-0.36718,-1,-1,-1
58,-1,52.984,442.87,63.98,193.94,-0.37625,-1,-1,-1
59,-1,1248.6,390.88,128.96,388.88,2.0873,-1,-1,-1
59,-1,841,417,39,119,1.276,-1,-1,-1
59,-1,971.06,425.4,59.629,180.89,1.0557,-1,-1,-1
59,-1,725.08,430.92,27.284,83.853,0.99829,-1,-1,-1
59,-1,745,433,39,119,0.9273,-1,-1,-1
59,-1,104.97,429.87,63.98,193.94,0.9199,-1,-1,-1
59,-1,322.53,446.86,20.435,63.306,0.40964,-1,-1,-1
59,-1,798.4,421.14,41.871,127.61,0.28281,-1,-1,-1
59,-1,42.786,446.72,68.644,207.93,0.271,-1,-1,-1
59,-1,354.8,437.51,21.974,67.922,0.15523,-1,-1,-1
59,-1,169.9,444.35,51.78,157.34,-0.040068,-1,-1,-1
59,-1,644.27,432.91,21.974,67.922,-0.043033,-1,-1,-1
59,-1,1222.3,237.38,195.98,589.95,-0.1403,-1,-1,-1
59,-1,92.896,368.58,90.896,274.69,-0.35264,-1,-1,-1
59,-1,721,417,39,119,-0.40779,-1,-1,-1
59,-1,351.89,416.87,31.49,96.47,-0.46251,-1,-1,-1
60,-1,91.972,442.87,63.98,193.94,1.7583,-1,-1,-1
60,-1,958.93,425.4,59.629,180.89,1.4168,-1,-1,-1
60,-1,1255,359.28,148.29,446.86,1.3652,-1,-1,-1
60,-1,737,433,39,119,0.83997,-1,-1,-1
60,-1,841,425,39,119,0.67682,-1,-1,-1
60,-1,17,417,79,239,0.48835,-1,-1,-1
60,-1,716.42,431.46,29.314,89.943,0.44039,-1,-1,-1
60,-1,317,453,19,59,0.011949,-1,-1,-1
60,-1,636.27,434.36,23.623,72.869,-0.11342,-1,-1,-1
60,-1,793.76,429.87,31.49,96.47,-0.15097,-1,-1,-1
60,-1,344.07,439.08,25.39,78.17,-0.17936,-1,-1,-1
60,-1,158.59,463.91,48.246,146.74,-0.28882,-1,-1,-1
60,-1,337,393,39,119,-0.37991,-1,-1,-1
60,-1,1754.1,316.17,97.492,294.47,-0.4019,-1,-1,-1
61,-1,1255,359.28,148.29,446.86,1.396,-1,-1,-1
61,-1,958.93,425.4,59.629,180.89,0.54644,-1,-1,-1
61,-1,91.972,442.87,63.98,193.94,0.28789,-1,-1,-1
61,-1,716.42,431.46,29.314,89.943,0.10956,-1,-1,-1
61,-1,13.996,455.86,63.98,193.94,-0.21979,-1,-1,-1
61,-1,833,425,39,119,-0.31232,-1,-1,-1
61,-1,737,433,39,119,-0.4712,-1,-1,-1
61,-1,322.64,699.41,44.948,136.84,-0.48519,-1,-1,-1
61,-1,1767.3,121.04,84.742,256.23,-0.49302,-1,-1,-1
62,-1,1255,359.28,148.29,446.86,1.1925,-1,-1,-1
62,-1,832.7,421.14,41.871,127.61,1.1018,-1,-1,-1
62,-1,949.71,429.87,63.98,193.94,0.69765,-1,-1,-1
62,-1,713.76,436.58,27.284,83.853,0.50718,-1,-1,-1
62,-1,148.78,454.91,51.78,157.34,0.42468,-1,-1,-1
62,-1,705,425,39,119,0.40039,-1,-1,-1
62,-1,75.643,433.93,73.643,222.93,0.26593,-1,-1,-1
62,-1,737,433,39,119,0.060919,-1,-1,-1
62,-1,1762.6,135.36,73.643,222.93,-0.083499,-1,-1,-1
62,-1,15.929,433.93,73.643,222.93,-0.087864,-1,-1,-1
62,-1,785,425,39,119,-0.24967,-1,-1,-1
62,-1,652.64,584.04,41.871,127.61,-0.37442,-1,-1,-1
62,-1,630.49,437.51,21.974,67.922,-0.42267,-1,-1,-1
63,-1,832.7,421.14,41.871,127.61,1.3869,-1,-1,-1
63,-1,1255,359.28,148.29,446.86,0.97213,-1,-1,-1
63,-1,78.976,442.87,63.98,193.94,0.87054,-1,-1,-1
63,-1,949.71,429.87,63.98,193.94,0.69559,-1,-1,-1
63,-1,713.76,436.58,27.284,83.853,0.69048,-1,-1,-1
63,-1,729,433,39,119,0.48379,-1,-1,-1
63,-1,14.929,446.72,68.644,207.93,0.47338,-1,-1,-1
63,-1,777,425,39,119,0.30039,-1,-1,-1
63,-1,630.49,437.51,21.974,67.922,0.23656,-1,-1,-1
63,-1,148.78,454.91,51.78,157.34,0.080619,-1,-1,-1
63,-1,705,425,39,119,-0.1371,-1,-1,-1
63,-1,338.9,423.37,31.49,96.47,-0.42107,-1,-1,-1
63,-1,1765.9,295.16,112.14,338.41,-0.42773,-1,-1,-1
63,-1,297,393,39,119,-0.44757,-1,-1,-1
63,-1,922.56,267.77,120.26,362.77,-0.44923,-1,-1,-1
64,-1,1284.9,359.28,148.29,446.86,1.4064,-1,-1,-1
64,-1,946.81,425.4,59.629,180.89,1.234,-1,-1,-1
64,-1,78.976,442.87,63.98,193.94,0.66799,-1,-1,-1
64,-1,729,433,39,119,0.47667,-1,-1,-1
64,-1,832.7,421.14,41.871,127.61,0.43174,-1,-1,-1
64,-1,14.929,446.72,68.644,207.93,0.3808,-1,-1,-1
64,-1,709.28,429.87,31.49,96.47,-0.019035,-1,-1,-1
64,-1,781.25,421.14,41.871,127.61,-0.029093,-1,-1,-1
64,-1,631.35,434.36,23.623,72.869,-0.38758,-1,-1,-1
64,-1,1773.8,316.17,97.492,294.47,-0.41473,-1,-1,-1
65,-1,1284.9,359.28,148.29,446.86,2.3195,-1,-1,-1
65,-1,940.04,430.92,55.569,168.71,1.134,-1,-1,-1
65,-1,65,417,79,239,0.48609,-1,-1,-1
65,-1,832.7,421.14,41.871,127.61,0.27342,-1,-1,-1
65,-1,777,425,39,119,0.069644,-1,-1,-1
65,-1,729.81,438.28,41.871,127.61,-0.1591,-1,-1,-1
65,-1,1774.4,296.57,104.56,315.68,-0.31861,-1,-1,-1
65,-1,1267.7,254.35,210.12,632.36,-0.34109,-1,-1,-1
65,-1,625.48,413.27,29.314,89.943,-0.47966,-1,-1,-1
66,-1,1281,353,159,479,2.0295,-1,-1,-1
66,-1,940.04,430.92,55.569,168.71,1.7553,-1,-1,-1
66,-1,833,417,39,119,1.1689,-1,-1,-1
66,-1,65.98,442.87,63.98,193.94,1.1194,-1,-1,-1
66,-1,777,425,39,119,0.66254,-1,-1,-1
66,-1,729,433,39,119,0.37279,-1,-1,-1
66,-1,644.06,584.04,41.871,127.61,0.04904,-1,-1,-1
66,-1,138.23,454.91,51.78,157.34,-0.12427,-1,-1,-1
66,-1,626.42,434.36,23.623,72.869,-0.20975,-1,-1,-1
66,-1,1773.8,316.17,97.492,294.47,-0.2624,-1,-1,-1
66,-1,340.41,436.58,27.284,83.853,-0.31526,-1,-1,-1
66,-1,710.36,431.46,29.314,89.943,-0.32921,-1,-1,-1
66,-1,113,385,79,239,-0.35467,-1,-1,-1
66,-1,929,369,79,239,-0.40733,-1,-1,-1
66,-1,1784.4,121.04,84.742,256.23,-0.42703,-1,-1,-1
67,-1,1304.3,343.97,170.48,513.45,2.3408,-1,-1,-1
67,-1,934.68,425.4,59.629,180.89,1.7608,-1,-1,-1
67,-1,833,417,39,119,1.6496,-1,-1,-1
67,-1,52.984,442.87,63.98,193.94,1.0463,-1,-1,-1
67,-1,721,425,39,119,0.95208,-1,-1,-1
67,-1,125.45,442.23,55.569,168.71,0.74057,-1,-1,-1
67,-1,772.68,421.14,41.871,127.61,0.70787,-1,-1,-1
67,-1,625.89,432.91,21.974,67.922,-0.027995,-1,-1,-1
67,-1,335.87,439.29,23.623,72.869,-0.08685,-1,-1,-1
67,-1,635.49,584.04,41.871,127.61,-0.30463,-1,-1,-1
67,-1,56.138,386.96,90.896,274.69,-0.3552,-1,-1,-1
67,-1,103.89,378.26,84.742,256.23,-0.46954,-1,-1,-1
67,-1,469.67,19.379,44.948,136.84,-0.47214,-1,-1,-1
67,-1,1765.9,295.16,112.14,338.41,-0.4759,-1,-1,-1
67,-1,927.01,361.12,84.742,256.23,-0.47842,-1,-1,-1
68,-1,1314.7,359.28,148.29,446.86,2.6908,-1,-1,-1
68,-1,934.68,425.4,59.629,180.89,1.5944,-1,-1,-1
68,-1,833,417,39,119,1.2518,-1,-1,-1
68,-1,52.984,442.87,63.98,193.94,0.55031,-1,-1,-1
68,-1,721,425,39,119,0.48181,-1,-1,-1
68,-1,772.68,421.14,41.871,127.61,0.34911,-1,-1,-1
68,-1,1267.7,254.35,210.12,632.36,-0.15123,-1,-1,-1
68,-1,125.45,442.23,55.569,168.71,-0.29211,-1,-1,-1
68,-1,429.71,266.8,41.871,127.61,-0.3522,-1,-1,-1
68,-1,625.89,432.91,21.974,67.922,-0.40073,-1,-1,-1
68,-1,418.86,28.858,138.29,416.86,-0.40191,-1,-1,-1
68,-1,617,393,39,119,-0.47768,-1,-1,-1
68,-1,1783.8,313.45,90.896,274.69,-0.48197,-1,-1,-1
68,-1,338.79,127.67,104.56,315.68,-0.49119,-1,-1,-1
69,-1,1313,353,159,479,2.4694,-1,-1,-1
69,-1,769,417,39,119,1.624,-1,-1,-1
69,-1,934.68,413.27,59.629,180.89,1.4527,-1,-1,-1
69,-1,833,409,39,119,1.2965,-1,-1,-1
69,-1,721,425,39,119,1.0066,-1,-1,-1
69,-1,625.89,428.32,21.974,67.922,0.75315,-1,-1,-1
69,-1,45.786,419,73.643,222.93,0.63178,-1,-1,-1
69,-1,125.45,442.23,55.569,168.71,0.077803,-1,-1,-1
69,-1,704.29,425.4,29.314,89.943,-0.27905,-1,-1,-1
69,-1,613.87,397.97,33.822,103.47,-0.39891,-1,-1,-1
69,-1,1784.4,103.89,84.742,256.23,-0.43624,-1,-1,-1
69,-1,97,369,79,239,-0.48932,-1,-1,-1
70,-1,1313,353,159,479,2.1993,-1,-1,-1
70,-1,923.72,416.87,63.98,193.94,1.5929,-1,-1,-1
70,-1,833,409,39,119,1.5773,-1,-1,-1
70,-1,721,425,39,119,1.4933,-1,-1,-1
70,-1,769,417,39,119,1.3057,-1,-1,-1
70,-1,42.786,432.79,68.644,207.93,1.1621,-1,-1,-1
70,-1,120.46,442.1,44.948,136.84,0.46651,-1,-1,-1
70,-1,621.5,424.51,23.623,72.869,0.18672,-1,-1,-1
70,-1,1788.6,295.16,112.14,338.41,0.079401,-1,-1,-1
70,-1,702.45,425.26,27.284,83.853,-0.21901,-1,-1,-1
70,-1,1784.4,103.89,84.742,256.23,-0.22401,-1,-1,-1
70,-1,488.05,249.12,44.948,136.84,-0.32858,-1,-1,-1
70,-1,613.07,389.14,36.321,110.96,-0.33778,-1,-1,-1
70,-1,97,369,79,239,-0.35268,-1,-1,-1
70,-1,481.15,155.34,84.742,256.23,-0.44035,-1,-1,-1
70,-1,20.698,355.57,97.492,294.47,-0.4687,-1,-1,-1
71,-1,1345,353,159,479,2.0618,-1,-1,-1
71,-1,922.56,425.4,59.629,180.89,1.5428,-1,-1,-1
71,-1,713,417,39,119,1.5347,-1,-1,-1
71,-1,833,409,39,119,1.32,-1,-1,-1
71,-1,769,417,39,119,1.1846,-1,-1,-1
71,-1,30.857,419,73.643,222.93,1.1793,-1,-1,-1
71,-1,621.5,424.51,23.623,72.869,0.47623,-1,-1,-1
71,-1,119.19,434.36,48.246,146.74,0.33979,-1,-1,-1
71,-1,91.972,416.87,63.98,193.94,-0.10325,-1,-1,-1
71,-1,1313.4,227.27,225.27,677.82,-0.12392,-1,-1,-1
71,-1,283.95,378.26,41.871,127.61,-0.20254,-1,-1,-1
71,-1,1729,345,39,119,-0.22754,-1,-1,-1
71,-1,506.88,412.56,41.871,127.61,-0.31057,-1,-1,-1
71,-1,1788.6,295.16,112.14,338.41,-0.32047,-1,-1,-1
71,-1,1784.4,103.89,84.742,256.23,-0.43078,-1,-1,-1
71,-1,74.517,350.2,90.896,274.69,-0.49996,-1,-1,-1
72,-1,1338.6,343.97,170.48,513.45,1.7613,-1,-1,-1
72,-1,764.1,412.56,41.871,127.61,1.4324,-1,-1,-1
72,-1,917.41,419.61,55.569,168.71,1.2081,-1,-1,-1
72,-1,833,409,39,119,0.77463,-1,-1,-1
72,-1,30.857,419,73.643,222.93,0.43027,-1,-1,-1
72,-1,713,417,39,119,0.37946,-1,-1,-1
72,-1,1419.3,316.17,195.98,589.95,0.13376,-1,-1,-1
72,-1,621.3,423.72,21.974,67.922,0.02634,-1,-1,-1
72,-1,102.82,430.92,55.569,168.71,-0.041295,-1,-1,-1
72,-1,1795.5,296.57,104.56,315.68,-0.099926,-1,-1,-1
72,-1,489.73,249.65,41.871,127.61,-0.24685,-1,-1,-1
72,-1,609,385,39,119,-0.40388,-1,-1,-1
72,-1,460.48,129.65,90.896,274.69,-0.42635,-1,-1,-1
72,-1,1300.6,104.97,258.92,778.76,-0.4422,-1,-1,-1
72,-1,926.57,374.21,73.643,222.93,-0.48645,-1,-1,-1
73,-1,1372.9,343.97,170.48,513.45,1.7958,-1,-1,-1
73,-1,764.1,412.56,41.871,127.61,1.6488,-1,-1,-1
73,-1,833,409,39,119,1.3838,-1,-1,-1
73,-1,917.41,419.61,55.569,168.71,1.003,-1,-1,-1
73,-1,718.33,425.83,33.822,103.47,0.62473,-1,-1,-1
73,-1,17,417,79,239,0.36848,-1,-1,-1
73,-1,102.82,430.92,55.569,168.71,-0.089597,-1,-1,-1
73,-1,488.05,249.12,44.948,136.84,-0.18065,-1,-1,-1
73,-1,1788.6,295.16,112.14,338.41,-0.36239,-1,-1,-1
73,-1,1287.5,331.83,182.79,550.38,-0.43207,-1,-1,-1
73,-1,621.5,424.51,23.623,72.869,-0.49505,-1,-1,-1
74,-1,713,417,39,119,2.0189,-1,-1,-1
74,-1,910.72,416.87,63.98,193.94,1.7027,-1,-1,-1
74,-1,833,409,39,119,1.3023,-1,-1,-1
74,-1,761,417,39,119,1.2148,-1,-1,-1
74,-1,1361.1,331.83,182.79,550.38,1.0881,-1,-1,-1
74,-1,14.929,432.79,68.644,207.93,0.63081,-1,-1,-1
74,-1,621.5,424.51,23.623,72.869,-0.053215,-1,-1,-1
74,-1,98.006,425.4,59.629,180.89,-0.06487,-1,-1,-1
74,-1,486.58,391.57,51.78,157.34,-0.21869,-1,-1,-1
74,-1,35.297,395.41,84.742,256.23,-0.37499,-1,-1,-1
74,-1,609,385,39,119,-0.39232,-1,-1,-1
74,-1,618.34,584.04,41.871,127.61,-0.41983,-1,-1,-1
74,-1,86.742,361.12,84.742,256.23,-0.48357,-1,-1,-1
75,-1,1397.8,331.83,182.79,550.38,1.8878,-1,-1,-1
75,-1,910.43,425.4,59.629,180.89,1.4858,-1,-1,-1
75,-1,755.53,421.14,41.871,127.61,1.2824,-1,-1,-1
75,-1,833,417,39,119,1.1804,-1,-1,-1
75,-1,704.08,421.14,41.871,127.61,1.0418,-1,-1,-1
75,-1,1,417,79,239,-0.069968,-1,-1,-1
75,-1,98.006,437.53,59.629,180.89,-0.25714,-1,-1,-1
75,-1,476.18,396.98,55.569,168.71,-0.37261,-1,-1,-1
75,-1,609.77,584.04,41.871,127.61,-0.41327,-1,-1,-1
75,-1,892.72,361.12,84.742,256.23,-0.42245,-1,-1,-1
76,-1,898.3,425.4,59.629,180.89,1.8527,-1,-1,-1
76,-1,1419.3,316.17,195.98,589.95,1.5814,-1,-1,-1
76,-1,833,417,39,119,1.2971,-1,-1,-1
76,-1,761,417,39,119,1.2066,-1,-1,-1
76,-1,705,425,39,119,1.1069,-1,-1,-1
76,-1,106.56,423.24,51.78,157.34,-0.07139,-1,-1,-1
76,-1,1,432.79,68.644,207.93,-0.09956,-1,-1,-1
76,-1,486.58,391.57,51.78,157.34,-0.26094,-1,-1,-1
76,-1,892.72,361.12,84.742,256.23,-0.31205,-1,-1,-1
76,-1,521,401,39,119,-0.39614,-1,-1,-1
76,-1,86.742,489.73,41.871,127.61,-0.4117,-1,-1,-1
76,-1,1795.6,292.02,120.26,362.77,-0.4206,-1,-1,-1
76,-1,1803.4,133.96,23.623,72.869,-0.47498,-1,-1,-1
77,-1,898.3,425.4,59.629,180.89,2.0679,-1,-1,-1
77,-1,755.53,421.14,41.871,127.61,1.9773,-1,-1,-1
77,-1,704.08,421.14,41.871,127.61,1.7966,-1,-1,-1
77,-1,833,417,39,119,1.5214,-1,-1,-1
77,-1,1419.3,355.57,195.98,589.95,1.5189,-1,-1,-1
77,-1,106.56,423.24,51.78,157.34,0.21815,-1,-1,-1
77,-1,607.51,589.13,44.948,136.84,0.0003124,-1,-1,-1
77,-1,1,442.87,63.98,193.94,-0.11735,-1,-1,-1
77,-1,481.15,412.56,41.871,127.61,-0.23716,-1,-1,-1
77,-1,78.976,416.87,63.98,193.94,-0.29466,-1,-1,-1
77,-1,892.72,361.12,84.742,256.23,-0.40286,-1,-1,-1
77,-1,1338.6,429.71,41.871,127.61,-0.46185,-1,-1,-1
78,-1,898.3,425.4,59.629,180.89,1.8756,-1,-1,-1
78,-1,1419.3,355.57,195.98,589.95,1.8755,-1,-1,-1
78,-1,755.53,421.14,41.871,127.61,1.8674,-1,-1,-1
78,-1,824.12,412.56,41.871,127.61,1.4509,-1,-1,-1
78,-1,705,425,39,119,1.3068,-1,-1,-1
78,-1,96.005,423.24,51.78,157.34,0.65599,-1,-1,-1
78,-1,611.65,429.44,23.623,72.869,0.43411,-1,-1,-1
78,-1,476.02,391.57,51.78,157.34,0.051566,-1,-1,-1
78,-1,515.45,403.99,41.871,127.61,-0.16547,-1,-1,-1
78,-1,875.57,361.12,84.742,256.23,-0.30144,-1,-1,-1
78,-1,33,369,79,239,-0.32879,-1,-1,-1
78,-1,1818.7,103.89,84.742,256.23,-0.4522,-1,-1,-1
79,-1,1419.3,355.57,195.98,589.95,1.989,-1,-1,-1
79,-1,886.18,425.4,59.629,180.89,1.268,-1,-1,-1
79,-1,753,425,39,119,1.1482,-1,-1,-1
79,-1,705,425,39,119,1.1471,-1,-1,-1
79,-1,824.12,412.56,41.871,127.61,1.113,-1,-1,-1
79,-1,85.449,423.24,51.78,157.34,0.48086,-1,-1,-1
79,-1,609.77,434,20.435,63.306,0.011052,-1,-1,-1
79,-1,26.992,416.87,63.98,193.94,-0.06025,-1,-1,-1
79,-1,601,385,39,119,-0.06839,-1,-1,-1
79,-1,465.47,402.13,51.78,157.34,-0.24843,-1,-1,-1
79,-1,515.45,403.99,41.871,127.61,-0.29547,-1,-1,-1
79,-1,875.57,361.12,84.742,256.23,-0.3134,-1,-1,-1
79,-1,598.32,589.13,44.948,136.84,-0.38218,-1,-1,-1
79,-1,1393.9,168.15,277.58,834.73,-0.4312,-1,-1,-1
79,-1,26.992,390.88,128.96,388.88,-0.4667,-1,-1,-1
79,-1,454.06,138.89,97.492,294.47,-0.49708,-1,-1,-1
80,-1,884.73,416.87,63.98,193.94,2.153,-1,-1,-1
80,-1,753,417,39,119,2.0035,-1,-1,-1
80,-1,824.12,412.56,41.871,127.61,1.9686,-1,-1,-1
80,-1,1436.6,338.79,210.12,632.36,1.6604,-1,-1,-1
80,-1,697,425,39,119,1.1377,-1,-1,-1
80,-1,85.449,423.24,51.78,157.34,0.71089,-1,-1,-1
80,-1,607.51,428.32,21.974,67.922,0.075395,-1,-1,-1
80,-1,463.91,404.82,48.246,146.74,-0.13205,-1,-1,-1
80,-1,28.858,404.94,68.644,207.93,-0.13429,-1,-1,-1
80,-1,592.62,584.04,41.871,127.61,-0.20069,-1,-1,-1
80,-1,1816.6,138.23,25.39,78.17,-0.22702,-1,-1,-1
80,-1,513,401,39,119,-0.2719,-1,-1,-1
80,-1,65,369,79,239,-0.4531,-1,-1,-1
80,-1,112.43,56.715,277.58,834.73,-0.49989,-1,-1,-1
81,-1,746.95,412.56,41.871,127.61,2.0839,-1,-1,-1
81,-1,824.12,412.56,41.871,127.61,1.7659,-1,-1,-1
81,-1,886.18,425.4,59.629,180.89,1.7648,-1,-1,-1
81,-1,1449.2,317.78,225.27,677.82,1.5591,-1,-1,-1
81,-1,697,425,39,119,0.94038,-1,-1,-1
81,-1,85.449,423.24,51.78,157.34,0.84011,-1,-1,-1
81,-1,606.72,424.51,23.623,72.869,0.72021,-1,-1,-1
81,-1,465,417,39,119,0.26825,-1,-1,-1
81,-1,999.89,408.27,20.435,63.306,-0.0015771,-1,-1,-1
81,-1,28.858,404.94,68.644,207.93,-0.029663,-1,-1,-1
81,-1,592.62,584.04,41.871,127.61,-0.17377,-1,-1,-1
81,-1,1409,65,319,959,-0.31724,-1,-1,-1
81,-1,454.06,119.19,97.492,294.47,-0.44225,-1,-1,-1
81,-1,593,385,39,119,-0.46832,-1,-1,-1
81,-1,515.45,395.41,41.871,127.61,-0.4788,-1,-1,-1
82,-1,1478.8,338.79,210.12,632.36,1.4261,-1,-1,-1
82,-1,745,417,39,119,1.3853,-1,-1,-1
82,-1,818.87,405.34,44.948,136.84,1.3454,-1,-1,-1
82,-1,883.47,430.92,55.569,168.71,1.1304,-1,-1,-1
82,-1,74.892,412.69,51.78,157.34,0.43371,-1,-1,-1
82,-1,460.48,405.34,44.948,136.84,0.38451,-1,-1,-1
82,-1,697,417,39,119,0.30768,-1,-1,-1
82,-1,602.92,423.72,21.974,67.922,0.12565,-1,-1,-1
82,-1,593,377,39,119,0.10684,-1,-1,-1
82,-1,454.06,119.19,97.492,294.47,-0.078742,-1,-1,-1
82,-1,381.02,127.67,104.56,315.68,-0.12928,-1,-1,-1
82,-1,1330,429.71,41.871,127.61,-0.27999,-1,-1,-1
82,-1,1002.7,396.15,44.948,136.84,-0.28357,-1,-1,-1
82,-1,28.569,469.67,44.948,136.84,-0.32888,-1,-1,-1
82,-1,513,393,39,119,-0.43017,-1,-1,-1
82,-1,1081,469,19,59,-0.49624,-1,-1,-1
83,-1,745,409,39,119,1.8035,-1,-1,-1
83,-1,874.05,425.4,59.629,180.89,1.625,-1,-1,-1
83,-1,817,409,39,119,1.4213,-1,-1,-1
83,-1,1478.8,338.79,210.12,632.36,1.0817,-1,-1,-1
83,-1,454.91,391.57,51.78,157.34,0.68591,-1,-1,-1
83,-1,689,417,39,119,0.65152,-1,-1,-1
83,-1,68.882,408.29,55.569,168.71,0.33831,-1,-1,-1
83,-1,602.92,423.72,21.974,67.922,0.2993,-1,-1,-1
83,-1,350.2,607.51,44.948,136.84,-0.0048508,-1,-1,-1
83,-1,515.45,386.84,41.871,127.61,-0.33397,-1,-1,-1
83,-1,582.1,582.1,48.246,146.74,-0.36769,-1,-1,-1
83,-1,19.379,469.67,44.948,136.84,-0.43008,-1,-1,-1
83,-1,14.929,404.94,68.644,207.93,-0.43794,-1,-1,-1
83,-1,1005.6,385.12,48.246,146.74,-0.49286,-1,-1,-1
84,-1,815.55,403.99,41.871,127.61,1.9432,-1,-1,-1
84,-1,737,409,39,119,1.7571,-1,-1,-1
84,-1,872.16,419.61,55.569,168.71,1.4889,-1,-1,-1
84,-1,1498.1,355.57,195.98,589.95,0.97579,-1,-1,-1
84,-1,689,417,39,119,0.53302,-1,-1,-1
84,-1,444.35,391.57,51.78,157.34,0.44472,-1,-1,-1
84,-1,74.892,412.69,51.78,157.34,0.20141,-1,-1,-1
84,-1,575.47,584.04,41.871,127.61,0.10262,-1,-1,-1
84,-1,596.87,419.59,23.623,72.869,0.080591,-1,-1,-1
84,-1,10.849,463.91,48.246,146.74,0.075159,-1,-1,-1
84,-1,1329,433,39,119,-0.20546,-1,-1,-1
84,-1,865,385,79,239,-0.34416,-1,-1,-1
84,-1,13.996,403.88,63.98,193.94,-0.36102,-1,-1,-1
85,-1,737,409,39,119,2.0034,-1,-1,-1
85,-1,815.55,403.99,41.871,127.61,1.9226,-1,-1,-1
85,-1,1521.1,338.79,210.12,632.36,1.653,-1,-1,-1
85,-1,861.93,413.27,59.629,180.89,1.1716,-1,-1,-1
85,-1,446.86,403.99,41.871,127.61,0.70421,-1,-1,-1
85,-1,689,417,39,119,0.58666,-1,-1,-1
85,-1,74.892,412.69,51.78,157.34,-0.0021319,-1,-1,-1
85,-1,1330,429.71,41.871,127.61,-0.21695,-1,-1,-1
85,-1,566.9,584.04,41.871,127.61,-0.32685,-1,-1,-1
85,-1,1561,279.58,277.58,834.73,-0.41857,-1,-1,-1
86,-1,737,409,39,119,2.1306,-1,-1,-1
86,-1,815.55,403.99,41.871,127.61,1.6334,-1,-1,-1
86,-1,861.93,413.27,59.629,180.89,1.4386,-1,-1,-1
86,-1,689,417,39,119,0.75649,-1,-1,-1
86,-1,1539.7,317.78,225.27,677.82,0.74803,-1,-1,-1
86,-1,69.944,414.66,48.246,146.74,0.10627,-1,-1,-1
86,-1,444.21,394.97,48.246,146.74,0.079409,-1,-1,-1
86,-1,598.32,419.13,21.974,67.922,-0.30264,-1,-1,-1
86,-1,566.9,584.04,41.871,127.61,-0.36115,-1,-1,-1
87,-1,815.55,403.99,41.871,127.61,1.906,-1,-1,-1
87,-1,861.93,413.27,59.629,180.89,1.6637,-1,-1,-1
87,-1,737,409,39,119,1.5927,-1,-1,-1
87,-1,678.36,412.56,41.871,127.61,0.52779,-1,-1,-1
87,-1,442.1,396.15,44.948,136.84,0.41774,-1,-1,-1
87,-1,593.73,419.13,21.974,67.922,0.22154,-1,-1,-1
87,-1,64.336,412.69,51.78,157.34,0.12729,-1,-1,-1
87,-1,1563.3,338.79,210.12,632.36,0.077914,-1,-1,-1
87,-1,562.4,582.1,48.246,146.74,-0.17879,-1,-1,-1
87,-1,585,377,39,119,-0.486,-1,-1,-1
88,-1,861.93,413.27,59.629,180.89,1.7732,-1,-1,-1
88,-1,729,409,39,119,1.2899,-1,-1,-1
88,-1,815.55,403.99,41.871,127.61,1.2709,-1,-1,-1
88,-1,681,417,39,119,0.35493,-1,-1,-1
88,-1,69.594,421.14,41.871,127.61,-0.24638,-1,-1,-1
88,-1,1584.9,317.78,225.27,677.82,-0.35422,-1,-1,-1
88,-1,562.4,582.1,48.246,146.74,-0.39334,-1,-1,-1
88,-1,1068.5,464.01,20.435,63.306,-0.46463,-1,-1,-1
89,-1,861.93,413.27,59.629,180.89,0.98584,-1,-1,-1
89,-1,815.55,403.99,41.871,127.61,-0.012425,-1,-1,-1
89,-1,846.44,313.45,90.896,274.69,-0.2659,-1,-1,-1
89,-1,359.91,106.56,104.56,315.68,-0.43023,-1,-1,-1
90,-1,815.55,403.99,41.871,127.61,2.2447,-1,-1,-1
90,-1,860.84,419.61,55.569,168.71,1.3697,-1,-1,-1
90,-1,729,409,39,119,0.93247,-1,-1,-1
90,-1,678.36,412.56,41.871,127.61,0.19628,-1,-1,-1
90,-1,549.92,581.58,51.78,157.34,0.13089,-1,-1,-1
90,-1,521,409,39,119,0.11189,-1,-1,-1
90,-1,1655.7,355.57,195.98,589.95,-0.19677,-1,-1,-1
90,-1,1337,433,39,119,-0.32632,-1,-1,-1
90,-1,585,377,39,119,-0.46255,-1,-1,-1
91,-1,849.8,413.27,59.629,180.89,1.1563,-1,-1,-1
91,-1,825,409,39,119,0.60359,-1,-1,-1
91,-1,729,409,39,119,0.37209,-1,-1,-1
91,-1,1647.7,338.79,210.12,632.36,0.10038,-1,-1,-1
91,-1,593,377,39,119,-0.19434,-1,-1,-1
91,-1,515.45,403.99,41.871,127.61,-0.38755,-1,-1,-1
91,-1,581.58,127.67,51.78,157.34,-0.45461,-1,-1,-1
92,-1,860.84,419.61,55.569,168.71,1.9363,-1,-1,-1
92,-1,824.12,403.99,41.871,127.61,1.2958,-1,-1,-1
92,-1,729,409,39,119,1.2731,-1,-1,-1
92,-1,1675.4,317.78,225.27,677.82,0.45134,-1,-1,-1
92,-1,678.36,412.56,41.871,127.61,0.20463,-1,-1,-1
92,-1,593,377,39,119,0.074897,-1,-1,-1
92,-1,529,409,39,119,-0.1112,-1,-1,-1
92,-1,446.86,395.41,41.871,127.61,-0.37169,-1,-1,-1
92,-1,832.75,403.88,63.98,193.94,-0.38238,-1,-1,-1
92,-1,558.32,592.62,41.871,127.61,-0.44346,-1,-1,-1
93,-1,849.8,413.27,59.629,180.89,0.83854,-1,-1,-1
93,-1,824.12,403.99,41.871,127.61,0.2639,-1,-1,-1
93,-1,1675.4,317.78,225.27,677.82,-0.095632,-1,-1,-1
93,-1,729.81,412.56,41.871,127.61,-0.1776,-1,-1,-1
93,-1,848.03,316.17,97.492,294.47,-0.34006,-1,-1,-1
94,-1,860.84,419.61,55.569,168.71,1.6222,-1,-1,-1
94,-1,828.06,396.15,44.948,136.84,0.57488,-1,-1,-1
94,-1,729.81,403.99,41.871,127.61,0.21046,-1,-1,-1
94,-1,681,409,39,119,0.056488,-1,-1,-1
94,-1,828.33,296.47,97.492,294.47,-0.32257,-1,-1,-1
94,-1,529,409,39,119,-0.44611,-1,-1,-1
94,-1,1862.5,414.66,48.246,146.74,-0.48704,-1,-1,-1
95,-1,856.04,423.24,51.78,157.34,1.5516,-1,-1,-1
95,-1,729,401,39,119,1.3067,-1,-1,-1
95,-1,832.7,395.41,41.871,127.61,1.1098,-1,-1,-1
95,-1,678.36,403.99,41.871,127.61,0.39501,-1,-1,-1
95,-1,328.39,413.27,29.314,89.943,0.27551,-1,-1,-1
95,-1,837,389.14,73.643,222.93,-0.057727,-1,-1,-1
95,-1,593,369,39,119,-0.11629,-1,-1,-1
95,-1,544.06,578,55.569,168.71,-0.15178,-1,-1,-1
95,-1,292.02,267.77,120.26,362.77,-0.17488,-1,-1,-1
95,-1,1353,425,39,119,-0.35537,-1,-1,-1
95,-1,537,401,39,119,-0.38041,-1,-1,-1
95,-1,739.69,394.97,48.246,146.74,-0.45667,-1,-1,-1
95,-1,1001.4,364.77,29.314,89.943,-0.46892,-1,-1,-1
96,-1,849.8,401.15,59.629,180.89,1.4822,-1,-1,-1
96,-1,729,393,39,119,1.3154,-1,-1,-1
96,-1,828.06,386.96,44.948,136.84,0.5491,-1,-1,-1
96,-1,678.36,395.41,41.871,127.61,0.42557,-1,-1,-1
96,-1,602.92,405.34,21.974,67.922,0.01858,-1,-1,-1
96,-1,292.02,267.77,120.26,362.77,-0.12455,-1,-1,-1
96,-1,599.94,377.08,33.822,103.47,-0.14388,-1,-1,-1
96,-1,841.27,326.82,84.742,256.23,-0.20663,-1,-1,-1
96,-1,1353,417,39,119,-0.37415,-1,-1,-1
96,-1,540.6,407.21,29.314,89.943,-0.42412,-1,-1,-1
96,-1,739.69,394.97,48.246,146.74,-0.45287,-1,-1,-1
97,-1,729,393,39,119,1.6207,-1,-1,-1
97,-1,849.53,408.29,55.569,168.71,1.4616,-1,-1,-1
97,-1,678.36,395.41,41.871,127.61,0.50402,-1,-1,-1
97,-1,828.06,386.96,44.948,136.84,0.37737,-1,-1,-1
97,-1,295.16,272.53,112.14,338.41,0.058688,-1,-1,-1
97,-1,601,361,39,119,0.028437,-1,-1,-1
97,-1,539.36,581.58,51.78,157.34,-0.17627,-1,-1,-1
97,-1,283.95,412.56,20.435,63.306,-0.19388,-1,-1,-1
97,-1,746.95,395.41,41.871,127.61,-0.30281,-1,-1,-1
97,-1,335.87,611.65,97.492,294.47,-0.42801,-1,-1,-1
98,-1,849.8,401.15,59.629,180.89,1.7727,-1,-1,-1
98,-1,729,393,39,119,1.5794,-1,-1,-1
98,-1,678.36,395.41,41.871,127.61,0.44804,-1,-1,-1
98,-1,593,361,39,119,0.06878,-1,-1,-1
98,-1,745.36,396.15,44.948,136.84,0.032028,-1,-1,-1
98,-1,307.13,465.47,51.78,157.34,-0.10059,-1,-1,-1
98,-1,828.06,386.96,44.948,136.84,-0.10334,-1,-1,-1
98,-1,285,413,19,59,-0.12197,-1,-1,-1
98,-1,359.28,672.78,73.643,222.93,-0.19605,-1,-1,-1
98,-1,321,385,39,119,-0.28225,-1,-1,-1
98,-1,177,81,39,119,-0.29527,-1,-1,-1
98,-1,292.02,267.77,120.26,362.77,-0.34002,-1,-1,-1
98,-1,1355.7,412.56,41.871,127.61,-0.39382,-1,-1,-1
98,-1,828.33,296.47,97.492,294.47,-0.42029,-1,-1,-1
99,-1,836.73,377.08,68.644,207.93,1.4416,-1,-1,-1
99,-1,729,393,39,119,1.285,-1,-1,-1
99,-1,681,393,39,119,0.88558,-1,-1,-1
99,-1,285,413,19,59,0.35078,-1,-1,-1
99,-1,321,377,39,119,0.043401,-1,-1,-1
99,-1,593,361,39,119,-0.022246,-1,-1,-1
99,-1,292.02,267.77,120.26,362.77,-0.24654,-1,-1,-1
99,-1,532.74,578,55.569,168.71,-0.40922,-1,-1,-1
99,-1,343.97,652.64,84.742,256.23,-0.46252,-1,-1,-1
100,-1,837.68,389.02,59.629,180.89,1.2176,-1,-1,-1
100,-1,721.23,386.84,41.871,127.61,0.92796,-1,-1,-1
100,-1,681,393,39,119,0.37988,-1,-1,-1
100,-1,746.95,386.84,41.871,127.61,-0.06046,-1,-1,-1
100,-1,307.13,465.47,51.78,157.34,-0.13913,-1,-1,-1
100,-1,601.19,352.54,41.871,127.61,-0.20038,-1,-1,-1
100,-1,338.9,286.91,63.98,193.94,-0.29415,-1,-1,-1
100,-1,292.02,267.77,120.26,362.77,-0.30091,-1,-1,-1
100,-1,331.83,625.89,90.896,274.69,-0.433,-1,-1,-1
100,-1,432.91,83.706,44.948,136.84,-0.46873,-1,-1,-1
100,-1,1085.6,442.57,20.435,63.306,-0.47363,-1,-1,-1
101,-1,721.23,386.84,41.871,127.61,0.82827,-1,-1,-1
101,-1,837.68,389.02,59.629,180.89,0.53538,-1,-1,-1
101,-1,681,393,39,119,0.33669,-1,-1,-1
101,-1,745,385,39,119,0.26694,-1,-1,-1
101,-1,601,353,39,119,-0.20842,-1,-1,-1
101,-1,306.32,473.76,48.246,146.74,-0.22833,-1,-1,-1
101,-1,329.1,374.35,55.569,168.71,-0.3752,-1,-1,-1
101,-1,276.69,350.2,90.896,274.69,-0.45737,-1,-1,-1
101,-1,340.41,295.16,55.569,168.71,-0.47059,-1,-1,-1
101,-1,1085.6,442.57,20.435,63.306,-0.49082,-1,-1,-1
102,-1,721.23,386.84,41.871,127.61,1.1774,-1,-1,-1
102,-1,837.68,389.02,59.629,180.89,1.0819,-1,-1,-1
102,-1,678.36,386.84,41.871,127.61,0.50278,-1,-1,-1
102,-1,593,353,39,119,0.086856,-1,-1,-1
102,-1,745,385,39,119,-0.1084,-1,-1,-1
102,-1,328.39,292.02,59.629,180.89,-0.3072,-1,-1,-1
102,-1,1768.5,468.86,128.96,388.88,-0.34133,-1,-1,-1
102,-1,276.69,350.2,90.896,274.69,-0.44062,-1,-1,-1
102,-1,824.12,361.12,84.742,256.23,-0.47304,-1,-1,-1
103,-1,721,385,39,119,0.99824,-1,-1,-1
103,-1,832.75,377.89,63.98,193.94,0.66909,-1,-1,-1
103,-1,745,385,39,119,0.54044,-1,-1,-1
103,-1,678.36,386.84,41.871,127.61,0.078047,-1,-1,-1
103,-1,725.08,374.35,55.569,168.71,-0.049402,-1,-1,-1
103,-1,1756,446.72,138.29,416.86,-0.25892,-1,-1,-1
103,-1,593,353,39,119,-0.26065,-1,-1,-1
103,-1,296.57,465.47,51.78,157.34,-0.44003,-1,-1,-1
103,-1,328.39,292.02,59.629,180.89,-0.4817,-1,-1,-1
104,-1,673,393,39,119,1.0857,-1,-1,-1
104,-1,825.55,389.02,59.629,180.89,1.0156,-1,-1,-1
104,-1,721.23,386.84,41.871,127.61,1.0001,-1,-1,-1
104,-1,745,385,39,119,0.026017,-1,-1,-1
104,-1,275.37,361.12,84.742,256.23,-0.15641,-1,-1,-1
104,-1,596.87,394.97,23.623,72.869,-0.18725,-1,-1,-1
104,-1,1355.7,403.99,41.871,127.61,-0.25684,-1,-1,-1
104,-1,1768.5,468.86,128.96,388.88,-0.27989,-1,-1,-1
104,-1,593,353,39,119,-0.34752,-1,-1,-1
105,-1,718.33,391.01,33.822,103.47,1.3553,-1,-1,-1
105,-1,822.8,363.15,68.644,207.93,1.0557,-1,-1,-1
105,-1,671.84,386.96,44.948,136.84,0.34798,-1,-1,-1
105,-1,281,409,19,59,0.16163,-1,-1,-1
105,-1,729.81,378.26,41.871,127.61,0.14768,-1,-1,-1
105,-1,510.28,570.91,59.629,180.89,-0.15527,-1,-1,-1
105,-1,598.32,396.15,21.974,67.922,-0.24133,-1,-1,-1
105,-1,276.69,341.01,44.948,136.84,-0.31591,-1,-1,-1
105,-1,1355.7,403.99,41.871,127.61,-0.32586,-1,-1,-1
105,-1,554.04,403.99,20.435,63.306,-0.32812,-1,-1,-1
105,-1,545.89,366.75,36.321,110.96,-0.35355,-1,-1,-1
105,-1,710.14,385.12,48.246,146.74,-0.37047,-1,-1,-1
105,-1,593,353,39,119,-0.3835,-1,-1,-1
106,-1,822.8,363.15,68.644,207.93,1.4812,-1,-1,-1
106,-1,713,385,39,119,1.2653,-1,-1,-1
106,-1,737,385,39,119,0.48509,-1,-1,-1
106,-1,510.12,578,55.569,168.71,0.26628,-1,-1,-1
106,-1,593.73,396.15,21.974,67.922,0.24203,-1,-1,-1
106,-1,552.55,399.89,23.623,72.869,-0.01561,-1,-1,-1
106,-1,673,393,39,119,-0.12352,-1,-1,-1
106,-1,275.37,408.27,20.435,63.306,-0.12596,-1,-1,-1
106,-1,275.37,361.12,84.742,256.23,-0.4611,-1,-1,-1
106,-1,359.91,148.78,104.56,315.68,-0.47882,-1,-1,-1
107,-1,712.66,386.84,41.871,127.61,1.1351,-1,-1,-1
107,-1,822.8,363.15,68.644,207.93,1.1246,-1,-1,-1
107,-1,669.79,386.84,41.871,127.61,0.29844,-1,-1,-1
107,-1,593.73,396.15,21.974,67.922,0.10819,-1,-1,-1
107,-1,737,385,39,119,0.032004,-1,-1,-1
107,-1,552.55,394.97,23.623,72.869,-0.15705,-1,-1,-1
107,-1,258.31,350.2,90.896,274.69,-0.22365,-1,-1,-1
107,-1,328.39,279.89,59.629,180.89,-0.39947,-1,-1,-1
107,-1,296.47,276.78,97.492,294.47,-0.48101,-1,-1,-1
107,-1,1355.7,403.99,41.871,127.61,-0.48705,-1,-1,-1
108,-1,819.75,364.89,63.98,193.94,1.4354,-1,-1,-1
108,-1,712.66,386.84,41.871,127.61,1.154,-1,-1,-1
108,-1,552.55,394.97,23.623,72.869,0.40237,-1,-1,-1
108,-1,673,393,39,119,0.15098,-1,-1,-1
108,-1,591.95,394.97,23.623,72.869,0.11932,-1,-1,-1
108,-1,737,385,39,119,0.092755,-1,-1,-1
108,-1,545,361,39,119,-0.24958,-1,-1,-1
108,-1,1361.1,396.15,44.948,136.84,-0.37367,-1,-1,-1
108,-1,258.31,350.2,90.896,274.69,-0.37645,-1,-1,-1
108,-1,337,393,39,119,-0.39532,-1,-1,-1
108,-1,515.45,584.04,41.871,127.61,-0.46412,-1,-1,-1
109,-1,713,385,39,119,1.7964,-1,-1,-1
109,-1,824.37,402.13,51.78,157.34,1.3798,-1,-1,-1
109,-1,807.14,359.28,73.643,222.93,0.85253,-1,-1,-1
109,-1,552.55,394.97,23.623,72.869,0.56763,-1,-1,-1
109,-1,593.73,396.15,21.974,67.922,0.43199,-1,-1,-1
109,-1,737,385,39,119,0.29272,-1,-1,-1
109,-1,669.79,386.84,41.871,127.61,0.050296,-1,-1,-1
109,-1,545,361,39,119,-0.23795,-1,-1,-1
109,-1,185.73,391.57,25.39,78.17,-0.27512,-1,-1,-1
109,-1,995.2,351.89,31.49,96.47,-0.42211,-1,-1,-1
109,-1,1355.7,403.99,41.871,127.61,-0.47468,-1,-1,-1
109,-1,718.81,381.02,51.78,157.34,-0.4772,-1,-1,-1
110,-1,705,385,39,119,1.2136,-1,-1,-1
110,-1,819.75,364.89,63.98,193.94,0.73873,-1,-1,-1
110,-1,549.92,391.57,25.39,78.17,0.64401,-1,-1,-1
110,-1,737,385,39,119,0.24351,-1,-1,-1
110,-1,589.13,396.15,21.974,67.922,0.22941,-1,-1,-1
110,-1,669.79,386.84,41.871,127.61,-0.058418,-1,-1,-1
110,-1,1702.9,419,148.29,446.86,-0.075438,-1,-1,-1
110,-1,545,361,39,119,-0.10017,-1,-1,-1
110,-1,312.13,402.64,27.284,83.853,-0.24023,-1,-1,-1
110,-1,584.04,343.97,41.871,127.61,-0.26854,-1,-1,-1
110,-1,1361.1,396.15,44.948,136.84,-0.30546,-1,-1,-1
110,-1,718.81,381.02,51.78,157.34,-0.39676,-1,-1,-1
110,-1,79.793,188.13,48.246,146.74,-0.41949,-1,-1,-1
111,-1,705,385,39,119,1.1567,-1,-1,-1
111,-1,813.42,389.02,59.629,180.89,0.71545,-1,-1,-1
111,-1,737,385,39,119,0.16545,-1,-1,-1
111,-1,1715.8,378.26,170.48,513.45,0.15019,-1,-1,-1
111,-1,662.65,377.77,44.948,136.84,-0.072949,-1,-1,-1
111,-1,481.85,572.83,63.98,193.94,-0.075668,-1,-1,-1
111,-1,545,361,39,119,-0.10741,-1,-1,-1
111,-1,297,369,39,119,-0.45278,-1,-1,-1
112,-1,705,385,39,119,1.0779,-1,-1,-1
112,-1,813.42,389.02,59.629,180.89,0.73636,-1,-1,-1
112,-1,1702.9,448.86,148.29,446.86,0.088889,-1,-1,-1
112,-1,737,385,39,119,0.010897,-1,-1,-1
112,-1,545,361,39,119,-0.040495,-1,-1,-1
112,-1,662.65,377.77,44.948,136.84,-0.044932,-1,-1,-1
112,-1,1,363.04,112.14,338.41,-0.14804,-1,-1,-1
112,-1,276.78,493.46,97.492,294.47,-0.23402,-1,-1,-1
112,-1,789.83,309.67,84.742,256.23,-0.27388,-1,-1,-1
112,-1,295.07,258.31,90.896,274.69,-0.35788,-1,-1,-1
112,-1,239.93,350.2,90.896,274.69,-0.36713,-1,-1,-1
112,-1,589.13,396.15,21.974,67.922,-0.38767,-1,-1,-1
112,-1,276.69,681.03,90.896,274.69,-0.41028,-1,-1,-1
112,-1,60.095,60.095,97.492,294.47,-0.4286,-1,-1,-1
113,-1,704.08,378.26,41.871,127.61,1.1669,-1,-1,-1
113,-1,813.42,389.02,59.629,180.89,0.9554,-1,-1,-1
113,-1,737,385,39,119,0.60195,-1,-1,-1
113,-1,545,361,39,119,0.41461,-1,-1,-1
113,-1,589.13,396.15,21.974,67.922,0.19175,-1,-1,-1
113,-1,665,385,39,119,0.046266,-1,-1,-1
113,-1,1700.3,474.58,138.29,416.86,0.029362,-1,-1,-1
113,-1,43.224,391.57,51.78,157.34,-0.31122,-1,-1,-1
113,-1,1364.3,403.99,41.871,127.61,-0.38956,-1,-1,-1
113,-1,60.095,60.095,97.492,294.47,-0.41916,-1,-1,-1
113,-1,789.83,309.67,84.742,256.23,-0.44915,-1,-1,-1
113,-1,1695.1,316.17,195.98,589.95,-0.49099,-1,-1,-1
114,-1,705,385,39,119,1.6453,-1,-1,-1
114,-1,813.42,389.02,59.629,180.89,1.4035,-1,-1,-1
114,-1,555.19,391.57,25.39,78.17,0.44852,-1,-1,-1
114,-1,43.224,391.57,51.78,157.34,0.43931,-1,-1,-1
114,-1,1691.9,368.58,182.79,550.38,0.39704,-1,-1,-1
114,-1,737,385,39,119,0.24887,-1,-1,-1
114,-1,593.73,396.15,21.974,67.922,0.045526,-1,-1,-1
114,-1,669.79,386.84,41.871,127.61,0.0017968,-1,-1,-1
114,-1,549.75,361.12,41.871,127.61,-0.18269,-1,-1,-1
114,-1,60.095,60.095,97.492,294.47,-0.40473,-1,-1,-1
114,-1,789.83,309.67,84.742,256.23,-0.46287,-1,-1,-1
115,-1,813.42,389.02,59.629,180.89,1.6791,-1,-1,-1
115,-1,1715.8,378.26,170.48,513.45,1.2854,-1,-1,-1
115,-1,713,385,39,119,1.1729,-1,-1,-1
115,-1,53.78,391.57,51.78,157.34,0.83047,-1,-1,-1
115,-1,553,369,39,119,0.51788,-1,-1,-1
115,-1,673,393,39,119,0.1433,-1,-1,-1
115,-1,503.31,591.95,48.246,146.74,-0.23105,-1,-1,-1
115,-1,598.32,396.15,21.974,67.922,-0.24526,-1,-1,-1
115,-1,746.95,386.84,41.871,127.61,-0.30914,-1,-1,-1
115,-1,64.336,22.112,104.56,315.68,-0.32136,-1,-1,-1
115,-1,806.97,326.82,84.742,256.23,-0.41565,-1,-1,-1
115,-1,276.78,493.46,97.492,294.47,-0.4424,-1,-1,-1
115,-1,1001.7,345.4,31.49,96.47,-0.48333,-1,-1,-1
116,-1,815.59,396.98,55.569,168.71,1.3379,-1,-1,-1
116,-1,1715.8,378.26,170.48,513.45,1.177,-1,-1,-1
116,-1,60.095,394.97,48.246,146.74,0.51821,-1,-1,-1
116,-1,713,393,39,119,0.46613,-1,-1,-1
116,-1,806.97,309.67,84.742,256.23,0.0049573,-1,-1,-1
116,-1,681,393,39,119,-0.085513,-1,-1,-1
116,-1,561,369,39,119,-0.28798,-1,-1,-1
116,-1,752.8,395.09,29.314,89.943,-0.29943,-1,-1,-1
116,-1,276.78,493.46,97.492,294.47,-0.48453,-1,-1,-1
117,-1,1695.1,355.57,195.98,589.95,0.45203,-1,-1,-1
117,-1,815.59,396.98,55.569,168.71,0.24132,-1,-1,-1
117,-1,65.327,405.34,44.948,136.84,0.024664,-1,-1,-1
117,-1,809.68,295.07,90.896,274.69,-0.23578,-1,-1,-1
117,-1,708.6,386.96,44.948,136.84,-0.29029,-1,-1,-1
117,-1,275.46,486.58,104.56,315.68,-0.42216,-1,-1,-1
118,-1,713,393,39,119,1.059,-1,-1,-1
118,-1,69.944,404.82,48.246,146.74,1.0281,-1,-1,-1
118,-1,824.37,412.69,51.78,157.34,0.95267,-1,-1,-1
118,-1,1715.8,378.26,170.48,513.45,0.86849,-1,-1,-1
118,-1,822.07,359.28,73.643,222.93,0.25923,-1,-1,-1
118,-1,569,377,39,119,0.25275,-1,-1,-1
118,-1,755.53,386.84,41.871,127.61,0.09903,-1,-1,-1
118,-1,678.36,395.41,41.871,127.61,-0.090659,-1,-1,-1
118,-1,713.76,385.67,55.569,168.71,-0.27528,-1,-1,-1
118,-1,309.67,378.26,41.871,127.61,-0.35309,-1,-1,-1
118,-1,318.24,146.76,41.871,127.61,-0.38591,-1,-1,-1
118,-1,296.47,513.16,97.492,294.47,-0.43399,-1,-1,-1
118,-1,601.19,352.54,41.871,127.61,-0.45195,-1,-1,-1
119,-1,826.9,396.98,55.569,168.71,1.6152,-1,-1,-1
119,-1,1715.8,378.26,170.48,513.45,0.88009,-1,-1,-1
119,-1,721.23,386.84,41.871,127.61,0.74874,-1,-1,-1
119,-1,867.73,375.27,48.246,146.74,0.53874,-1,-1,-1
119,-1,79.793,404.82,48.246,146.74,0.48464,-1,-1,-1
119,-1,764.1,378.26,41.871,127.61,0.082796,-1,-1,-1
119,-1,296.57,486.58,104.56,315.68,-0.11679,-1,-1,-1
119,-1,837,359.28,73.643,222.93,-0.11687,-1,-1,-1
119,-1,689,393,39,119,-0.27609,-1,-1,-1
119,-1,583.66,396.98,27.284,83.853,-0.4494,-1,-1,-1
119,-1,575.47,369.69,41.871,127.61,-0.45638,-1,-1,-1
120,-1,838.21,396.98,55.569,168.71,1.1478,-1,-1,-1
120,-1,89.642,404.82,48.246,146.74,0.51013,-1,-1,-1
120,-1,1695.1,355.57,195.98,589.95,0.11296,-1,-1,-1
120,-1,729.81,386.84,41.871,127.61,-0.023076,-1,-1,-1
120,-1,877.57,375.27,48.246,146.74,-0.077447,-1,-1,-1
120,-1,824.12,309.67,84.742,256.23,-0.2781,-1,-1,-1
120,-1,296.57,486.58,104.56,315.68,-0.46438,-1,-1,-1
121,-1,897.27,375.27,48.246,146.74,1.9663,-1,-1,-1
121,-1,860.84,396.98,55.569,168.71,1.9225,-1,-1,-1
121,-1,119.19,404.82,48.246,146.74,1.3065,-1,-1,-1
121,-1,753,393,39,119,1.2606,-1,-1,-1
121,-1,799.68,396.61,36.321,110.96,0.73606,-1,-1,-1
121,-1,651.04,399.89,23.623,72.869,0.35955,-1,-1,-1
121,-1,609.77,369.69,41.871,127.61,0.17038,-1,-1,-1
121,-1,721,393,39,119,-0.19945,-1,-1,-1
121,-1,1734.5,355.57,195.98,589.95,-0.24702,-1,-1,-1
121,-1,35.822,411.9,33.822,103.47,-0.35743,-1,-1,-1
121,-1,335.29,182.07,68.644,207.93,-0.38091,-1,-1,-1
121,-1,378.26,275.37,84.742,256.23,-0.39573,-1,-1,-1
121,-1,1145.7,442.57,20.435,63.306,-0.48847,-1,-1,-1
122,-1,907.12,375.27,48.246,146.74,1.9729,-1,-1,-1
122,-1,861.93,389.02,59.629,180.89,1.7507,-1,-1,-1
122,-1,761,385,39,119,1.6069,-1,-1,-1
122,-1,129.65,405.34,44.948,136.84,1.5375,-1,-1,-1
122,-1,809,385,39,119,1.1601,-1,-1,-1
122,-1,660.89,399.89,23.623,72.869,0.5506,-1,-1,-1
122,-1,626.92,369.69,41.871,127.61,0.23134,-1,-1,-1
122,-1,395.41,738.38,41.871,127.61,0.14193,-1,-1,-1
122,-1,1728.6,368.58,182.79,550.38,0.089036,-1,-1,-1
122,-1,729,393,39,119,-0.064884,-1,-1,-1
122,-1,117.96,364.89,63.98,193.94,-0.2357,-1,-1,-1
122,-1,371.39,403.88,31.49,96.47,-0.31824,-1,-1,-1
122,-1,338.79,486.58,104.56,315.68,-0.33707,-1,-1,-1
123,-1,872.16,396.98,55.569,168.71,1.8551,-1,-1,-1
123,-1,910.77,377.77,44.948,136.84,1.5466,-1,-1,-1
123,-1,138.84,405.34,44.948,136.84,1.4688,-1,-1,-1
123,-1,764.1,386.84,41.871,127.61,1.0594,-1,-1,-1
123,-1,817,385,39,119,0.4853,-1,-1,-1
123,-1,1750.1,378.26,170.48,513.45,0.4538,-1,-1,-1
123,-1,665.82,394.97,23.623,72.869,0.036122,-1,-1,-1
123,-1,340.41,476.18,112.14,338.41,-0.28219,-1,-1,-1
123,-1,549.92,602.7,51.78,157.34,-0.28336,-1,-1,-1
123,-1,737,393,39,119,-0.32041,-1,-1,-1
123,-1,897.73,364.89,63.98,193.94,-0.34059,-1,-1,-1
124,-1,919.38,370.46,51.78,157.34,2.0948,-1,-1,-1
124,-1,874.05,389.02,59.629,180.89,2.048,-1,-1,-1
124,-1,769,385,39,119,1.7172,-1,-1,-1
124,-1,146.76,403.99,41.871,127.61,1.304,-1,-1,-1
124,-1,822.07,389.14,36.321,110.96,0.91068,-1,-1,-1
124,-1,671.84,396.15,21.974,67.922,0.70937,-1,-1,-1
124,-1,1750.1,378.26,170.48,513.45,0.3283,-1,-1,-1
124,-1,641,377,39,119,-0.011968,-1,-1,-1
124,-1,738.38,386.84,41.871,127.61,-0.1836,-1,-1,-1
124,-1,779.08,385.12,48.246,146.74,-0.26172,-1,-1,-1
124,-1,377,377,39,119,-0.28151,-1,-1,-1
124,-1,130.96,364.89,63.98,193.94,-0.351,-1,-1,-1
124,-1,673,353,39,119,-0.42008,-1,-1,-1
124,-1,340.52,461.78,120.26,362.77,-0.42276,-1,-1,-1
124,-1,405.34,258.31,90.896,274.69,-0.43435,-1,-1,-1
125,-1,926.82,365.42,48.246,146.74,2.4933,-1,-1,-1
125,-1,883.47,385.67,55.569,168.71,1.7832,-1,-1,-1
125,-1,772.68,378.26,41.871,127.61,1.4952,-1,-1,-1
125,-1,148.74,394.97,48.246,146.74,1.1371,-1,-1,-1
125,-1,680.59,390.04,23.623,72.869,0.54282,-1,-1,-1
125,-1,833,377,39,119,0.37346,-1,-1,-1
125,-1,1750.1,378.26,170.48,513.45,0.11686,-1,-1,-1
125,-1,865,353,79,239,0.1066,-1,-1,-1
125,-1,649,369,39,119,-0.019553,-1,-1,-1
125,-1,745,385,39,119,-0.10741,-1,-1,-1
125,-1,385,385,39,119,-0.28821,-1,-1,-1
125,-1,69.594,378.26,41.871,127.61,-0.29708,-1,-1,-1
125,-1,359.91,486.58,104.56,315.68,-0.45286,-1,-1,-1
126,-1,940.49,359.91,51.78,157.34,2.021,-1,-1,-1
126,-1,894.78,385.67,55.569,168.71,1.1837,-1,-1,-1
126,-1,785,377,39,119,0.86943,-1,-1,-1
126,-1,169,401,39,119,0.17354,-1,-1,-1
126,-1,1765.4,368.58,182.79,550.38,0.13695,-1,-1,-1
126,-1,881,353,79,239,0.016211,-1,-1,-1
126,-1,359.91,486.58,104.56,315.68,-0.058345,-1,-1,-1
126,-1,841,377,39,119,-0.20392,-1,-1,-1
126,-1,657,361,39,119,-0.29163,-1,-1,-1
126,-1,948.16,293.5,68.644,207.93,-0.37276,-1,-1,-1
127,-1,946.52,365.42,48.246,146.74,2.2358,-1,-1,-1
127,-1,789.83,378.26,41.871,127.61,1.826,-1,-1,-1
127,-1,894.78,385.67,55.569,168.71,1.6884,-1,-1,-1
127,-1,175.6,386.96,44.948,136.84,0.85404,-1,-1,-1
127,-1,849,377,39,119,0.28718,-1,-1,-1
127,-1,1765.4,368.58,182.79,550.38,0.25693,-1,-1,-1
127,-1,699.41,386.96,21.974,67.922,0.11173,-1,-1,-1
127,-1,412.56,738.38,41.871,127.61,0.070427,-1,-1,-1
127,-1,769,377,39,119,-0.1634,-1,-1,-1
127,-1,665,369,39,119,-0.18942,-1,-1,-1
127,-1,86.742,378.26,41.871,127.61,-0.24297,-1,-1,-1
127,-1,169.95,351.89,63.98,193.94,-0.29235,-1,-1,-1
127,-1,401,377,39,119,-0.33199,-1,-1,-1
127,-1,429.71,258.23,84.742,256.23,-0.41198,-1,-1,-1
127,-1,575.47,601.19,41.871,127.61,-0.49697,-1,-1,-1
128,-1,956.37,365.42,48.246,146.74,2.6957,-1,-1,-1
128,-1,793,377,39,119,1.9963,-1,-1,-1
128,-1,898.3,376.9,59.629,180.89,1.8241,-1,-1,-1
128,-1,184.79,386.96,44.948,136.84,1.3786,-1,-1,-1
128,-1,857,377,39,119,0.61779,-1,-1,-1
128,-1,676.55,377.08,33.822,103.47,0.41935,-1,-1,-1
128,-1,769,377,39,119,0.06711,-1,-1,-1
128,-1,705.21,385.12,23.623,72.869,-0.0073399,-1,-1,-1
128,-1,169.95,351.89,63.98,193.94,-0.062034,-1,-1,-1
128,-1,416.87,390.88,31.49,96.47,-0.091877,-1,-1,-1
128,-1,676.59,328.24,51.78,157.34,-0.26257,-1,-1,-1
128,-1,98.47,397.38,31.49,96.47,-0.27252,-1,-1,-1
128,-1,401,689,39,119,-0.27639,-1,-1,-1
128,-1,809.68,368.58,44.948,136.84,-0.30501,-1,-1,-1
128,-1,442.1,258.31,90.896,274.69,-0.33804,-1,-1,-1
128,-1,403.88,351.89,63.98,193.94,-0.4617,-1,-1,-1
129,-1,966.22,365.42,48.246,146.74,2.4249,-1,-1,-1
129,-1,910.43,376.9,59.629,180.89,1.9336,-1,-1,-1
129,-1,798.4,369.69,41.871,127.61,1.622,-1,-1,-1
129,-1,188.13,385.12,48.246,146.74,0.87755,-1,-1,-1
129,-1,865,377,39,119,0.52383,-1,-1,-1
129,-1,681,369,39,119,0.21211,-1,-1,-1
129,-1,777,377,39,119,0.1644,-1,-1,-1
129,-1,417,377,39,119,-0.035437,-1,-1,-1
129,-1,713.19,386.96,21.974,67.922,-0.21486,-1,-1,-1
129,-1,687.14,328.24,51.78,157.34,-0.35097,-1,-1,-1
129,-1,409,689,39,119,-0.39502,-1,-1,-1
129,-1,28.858,404.94,68.644,207.93,-0.39784,-1,-1,-1
129,-1,416.87,351.89,63.98,193.94,-0.41616,-1,-1,-1
129,-1,582.1,601.8,48.246,146.74,-0.47356,-1,-1,-1
130,-1,972.16,359.91,51.78,157.34,1.9955,-1,-1,-1
130,-1,917.41,385.67,55.569,168.71,1.9244,-1,-1,-1
130,-1,806.97,369.69,41.871,127.61,1.4917,-1,-1,-1
130,-1,197.98,385.12,48.246,146.74,1.1241,-1,-1,-1
130,-1,689,369,39,119,0.29761,-1,-1,-1
130,-1,785,377,39,119,0.28392,-1,-1,-1
130,-1,874.32,374.21,36.321,110.96,0.18848,-1,-1,-1
130,-1,722.38,386.96,21.974,67.922,-0.26402,-1,-1,-1
130,-1,897,353,79,239,-0.3032,-1,-1,-1
130,-1,421.14,738.38,41.871,127.61,-0.30414,-1,-1,-1
130,-1,30.857,389.14,73.643,222.93,-0.45619,-1,-1,-1
130,-1,465,337,39,119,-0.49259,-1,-1,-1
130,-1,442.1,258.31,90.896,274.69,-0.4958,-1,-1,-1
130,-1,572.83,585.82,63.98,193.94,-0.49928,-1,-1,-1
131,-1,922.56,376.9,59.629,180.89,1.1606,-1,-1,-1
131,-1,818.87,368.58,44.948,136.84,0.80005,-1,-1,-1
131,-1,217.68,385.12,48.246,146.74,0.68233,-1,-1,-1
131,-1,985.29,351.72,55.569,168.71,0.67333,-1,-1,-1
131,-1,704.08,352.54,41.871,127.61,0.064689,-1,-1,-1
131,-1,366.75,38.321,36.321,110.96,-0.41148,-1,-1,-1
131,-1,19.379,331.83,90.896,274.69,-0.42844,-1,-1,-1
131,-1,883.2,368.58,44.948,136.84,-0.4835,-1,-1,-1
131,-1,481.15,163.91,41.871,127.61,-0.4918,-1,-1,-1
132,-1,993.27,359.91,51.78,157.34,2.0257,-1,-1,-1
132,-1,934.68,376.9,59.629,180.89,1.6522,-1,-1,-1
132,-1,824.12,369.69,41.871,127.61,1.5166,-1,-1,-1
132,-1,221.55,386.96,44.948,136.84,0.72938,-1,-1,-1
132,-1,704.08,352.54,41.871,127.61,0.70621,-1,-1,-1
132,-1,897,369,39,119,0.54131,-1,-1,-1
132,-1,434.36,729.84,48.246,146.74,0.25448,-1,-1,-1
132,-1,586.01,572.08,68.644,207.93,-0.3197,-1,-1,-1
132,-1,449,369,39,119,-0.37948,-1,-1,-1
132,-1,138.19,369.69,41.871,127.61,-0.40317,-1,-1,-1
132,-1,1246.2,423.72,21.974,67.922,-0.40473,-1,-1,-1
132,-1,32.668,444.35,51.78,157.34,-0.40989,-1,-1,-1
132,-1,1715.8,378.26,170.48,513.45,-0.49292,-1,-1,-1
133,-1,996.61,351.72,55.569,168.71,2.0932,-1,-1,-1
133,-1,832.7,369.69,41.871,127.61,1.8209,-1,-1,-1
133,-1,934.68,376.9,59.629,180.89,1.451,-1,-1,-1
133,-1,230.74,386.96,44.948,136.84,1.196,-1,-1,-1
133,-1,904.18,374.21,36.321,110.96,0.4017,-1,-1,-1
133,-1,721.23,352.54,41.871,127.61,0.15054,-1,-1,-1
133,-1,102.09,391.56,21.974,67.922,0.12663,-1,-1,-1
133,-1,35.297,343.97,84.742,256.23,-0.077895,-1,-1,-1
133,-1,150.45,390.88,31.49,96.47,-0.17828,-1,-1,-1
133,-1,433.8,729.37,51.78,157.34,-0.39298,-1,-1,-1
133,-1,437.53,801.3,59.629,180.89,-0.3995,-1,-1,-1
133,-1,809,377,39,119,-0.40237,-1,-1,-1
133,-1,444.35,328.24,51.78,157.34,-0.44295,-1,-1,-1
133,-1,602.7,592.14,51.78,157.34,-0.44319,-1,-1,-1
133,-1,408.29,476.18,112.14,338.41,-0.44383,-1,-1,-1
133,-1,221.93,351.89,63.98,193.94,-0.46737,-1,-1,-1
133,-1,520.84,26.992,128.96,388.88,-0.4684,-1,-1,-1
134,-1,1007.9,351.72,55.569,168.71,2.7559,-1,-1,-1
134,-1,951.35,374.35,55.569,168.71,1.6862,-1,-1,-1
134,-1,841,369,39,119,1.4485,-1,-1,-1
134,-1,241.08,386.84,41.871,127.61,0.86506,-1,-1,-1
134,-1,913,369,39,119,0.51888,-1,-1,-1
134,-1,754.46,375.27,23.623,72.869,0.46436,-1,-1,-1
134,-1,611.65,591.95,48.246,146.74,0.10187,-1,-1,-1
134,-1,506.88,326.82,41.871,127.61,0.026925,-1,-1,-1
134,-1,729.81,352.54,41.871,127.61,-0.19118,-1,-1,-1
134,-1,33,353,79,239,-0.20506,-1,-1,-1
134,-1,408.29,476.18,112.14,338.41,-0.28938,-1,-1,-1
134,-1,818.87,359.39,44.948,136.84,-0.3004,-1,-1,-1
134,-1,464.01,378.26,41.871,127.61,-0.33947,-1,-1,-1
134,-1,1649,433,39,119,-0.45264,-1,-1,-1
134,-1,108.18,391.13,20.435,63.306,-0.46482,-1,-1,-1
134,-1,453.55,148.08,55.569,168.71,-0.47222,-1,-1,-1
135,-1,1014.4,349.35,51.78,157.34,2.5694,-1,-1,-1
135,-1,951.35,374.35,55.569,168.71,1.6813,-1,-1,-1
135,-1,249.12,386.96,44.948,136.84,1.4454,-1,-1,-1
135,-1,913,361,39,119,1.1093,-1,-1,-1
135,-1,841,369,39,119,0.98333,-1,-1,-1
135,-1,763.74,377.77,21.974,67.922,0.41926,-1,-1,-1
135,-1,737,361,39,119,0.083171,-1,-1,-1
135,-1,513,329,39,119,0.056259,-1,-1,-1
135,-1,117,393,19,59,0.04222,-1,-1,-1
135,-1,37.758,313.45,90.896,274.69,0.0076079,-1,-1,-1
135,-1,247.92,364.89,63.98,193.94,-0.23677,-1,-1,-1
135,-1,433,689,39,119,-0.25554,-1,-1,-1
135,-1,454.91,328.24,51.78,157.34,-0.28784,-1,-1,-1
135,-1,444.21,729.84,48.246,146.74,-0.3356,-1,-1,-1
135,-1,468.86,338.9,63.98,193.94,-0.35042,-1,-1,-1
135,-1,546.83,26.992,128.96,388.88,-0.35397,-1,-1,-1
135,-1,607.29,583.04,59.629,180.89,-0.38576,-1,-1,-1
135,-1,460.65,126.36,68.644,207.93,-0.49282,-1,-1,-1
135,-1,645.88,283.84,55.569,168.71,-0.49301,-1,-1,-1
136,-1,1025.3,345.72,48.246,146.74,2.1635,-1,-1,-1
136,-1,958.93,364.77,59.629,180.89,1.9029,-1,-1,-1
136,-1,258.31,377.77,44.948,136.84,0.81206,-1,-1,-1
136,-1,849.84,361.12,41.871,127.61,0.4672,-1,-1,-1
136,-1,929,361,39,119,0.44533,-1,-1,-1
136,-1,169.95,377.89,31.49,96.47,0.17177,-1,-1,-1
136,-1,737,345,39,119,0.081382,-1,-1,-1
136,-1,125.33,382.55,20.435,63.306,-0.090759,-1,-1,-1
136,-1,52.445,343.97,84.742,256.23,-0.10607,-1,-1,-1
136,-1,524.03,318.24,41.871,127.61,-0.16485,-1,-1,-1
136,-1,773,377,19,59,-0.17303,-1,-1,-1
136,-1,469.67,341.01,44.948,136.84,-0.22244,-1,-1,-1
136,-1,433,689,39,119,-0.36193,-1,-1,-1
136,-1,750.48,317.68,51.78,157.34,-0.45446,-1,-1,-1
137,-1,1035.5,338.79,51.78,157.34,2.3999,-1,-1,-1
137,-1,962.67,363.04,55.569,168.71,2.1516,-1,-1,-1
137,-1,267.5,368.58,44.948,136.84,1.1299,-1,-1,-1
137,-1,857,361,39,119,1.0401,-1,-1,-1
137,-1,777.52,368.58,21.974,67.922,0.28666,-1,-1,-1
137,-1,929,353,39,119,0.16325,-1,-1,-1
137,-1,52.445,326.82,84.742,256.23,0.013201,-1,-1,-1
137,-1,129.65,377.77,21.974,67.922,-0.10395,-1,-1,-1
137,-1,529,321,39,119,-0.10498,-1,-1,-1
137,-1,745,353,39,119,-0.17002,-1,-1,-1
137,-1,1681,425,39,119,-0.281,-1,-1,-1
137,-1,465.47,317.68,51.78,157.34,-0.30907,-1,-1,-1
137,-1,423.24,465.47,210.12,632.36,-0.4456,-1,-1,-1
137,-1,476.18,363.04,55.569,168.71,-0.46728,-1,-1,-1
137,-1,611.81,572.83,63.98,193.94,-0.48527,-1,-1,-1
138,-1,1035.5,338.79,51.78,157.34,2.2546,-1,-1,-1
138,-1,973.98,363.04,55.569,168.71,1.5241,-1,-1,-1
138,-1,858.42,352.54,41.871,127.61,1.1119,-1,-1,-1
138,-1,275.37,369.69,41.871,127.61,0.85284,-1,-1,-1
138,-1,937,353,39,119,0.15744,-1,-1,-1
138,-1,755.53,335.39,41.871,127.61,0.15075,-1,-1,-1
138,-1,537,313,39,119,-0.153,-1,-1,-1
138,-1,182.89,376.9,29.314,89.943,-0.20289,-1,-1,-1
138,-1,1689,425,39,119,-0.2458,-1,-1,-1
138,-1,478.86,331.83,44.948,136.84,-0.34699,-1,-1,-1
138,-1,52.445,326.82,84.742,256.23,-0.35814,-1,-1,-1
138,-1,260.92,325.9,63.98,193.94,-0.4473,-1,-1,-1
138,-1,134.25,373.18,21.974,67.922,-0.46738,-1,-1,-1
138,-1,611.81,572.83,63.98,193.94,-0.48543,-1,-1,-1
139,-1,1046.1,338.79,51.78,157.34,2.0693,-1,-1,-1
139,-1,973.98,363.04,55.569,168.71,1.8908,-1,-1,-1
139,-1,276.69,359.39,44.948,136.84,0.97494,-1,-1,-1
139,-1,858.42,352.54,41.871,127.61,0.84774,-1,-1,-1
139,-1,782.11,363.99,21.974,67.922,0.81466,-1,-1,-1
139,-1,753,353,39,119,0.32381,-1,-1,-1
139,-1,937,353,39,119,0.14317,-1,-1,-1
139,-1,138.84,373.18,21.974,67.922,0.052376,-1,-1,-1
139,-1,52.445,326.82,84.742,256.23,-0.15887,-1,-1,-1
139,-1,476.18,363.04,55.569,168.71,-0.17003,-1,-1,-1
139,-1,763.74,322.64,44.948,136.84,-0.23434,-1,-1,-1
139,-1,623.25,578,55.569,168.71,-0.39198,-1,-1,-1
139,-1,537.78,360.49,23.623,72.869,-0.42463,-1,-1,-1
139,-1,423.24,465.47,210.12,632.36,-0.47878,-1,-1,-1
140,-1,1046.1,338.79,51.78,157.34,2.0462,-1,-1,-1
140,-1,973.98,363.04,55.569,168.71,1.2689,-1,-1,-1
140,-1,276.69,359.39,44.948,136.84,1.164,-1,-1,-1
140,-1,865,353,39,119,0.82804,-1,-1,-1
140,-1,761,353,39,119,0.38938,-1,-1,-1
140,-1,478.86,331.83,44.948,136.84,0.014232,-1,-1,-1
140,-1,52.445,326.82,84.742,256.23,-0.12019,-1,-1,-1
140,-1,729.84,178.28,97.492,294.47,-0.19614,-1,-1,-1
140,-1,138.89,370.34,23.623,72.869,-0.28085,-1,-1,-1
140,-1,541.17,309.67,41.871,127.61,-0.33552,-1,-1,-1
140,-1,408.29,453.55,225.27,677.82,-0.40176,-1,-1,-1
140,-1,487.49,351.72,55.569,168.71,-0.4885,-1,-1,-1
140,-1,583.04,25.251,120.26,362.77,-0.49041,-1,-1,-1
141,-1,1056.6,338.79,51.78,157.34,2.173,-1,-1,-1
141,-1,971.06,352.65,59.629,180.89,1.7041,-1,-1,-1
141,-1,286.63,355.57,48.246,146.74,0.9129,-1,-1,-1
141,-1,865,353,39,119,0.5456,-1,-1,-1
141,-1,791.3,359.39,21.974,67.922,-0.020228,-1,-1,-1
141,-1,488.05,331.83,44.948,136.84,-0.11879,-1,-1,-1
141,-1,761,329,39,119,-0.22014,-1,-1,-1
141,-1,143.44,368.58,21.974,67.922,-0.22844,-1,-1,-1
141,-1,84.573,377.08,68.644,207.93,-0.2682,-1,-1,-1
141,-1,583.04,25.251,120.26,362.77,-0.42571,-1,-1,-1
142,-1,1056.6,338.79,51.78,157.34,2.094,-1,-1,-1
142,-1,982.71,359.91,51.78,157.34,1.8466,-1,-1,-1
142,-1,286.63,355.57,48.246,146.74,0.98951,-1,-1,-1
142,-1,866.99,352.54,41.871,127.61,0.64256,-1,-1,-1
142,-1,769,353,39,119,-0.03269,-1,-1,-1
142,-1,1046,314.5,73.643,222.93,-0.31946,-1,-1,-1
142,-1,956.43,329.43,73.643,222.93,-0.32831,-1,-1,-1
142,-1,623.25,578,55.569,168.71,-0.38121,-1,-1,-1
142,-1,56.138,313.45,90.896,274.69,-0.39125,-1,-1,-1
142,-1,148.03,368.58,21.974,67.922,-0.40905,-1,-1,-1
142,-1,488.05,322.64,44.948,136.84,-0.4836,-1,-1,-1
143,-1,1064.7,335.87,48.246,146.74,2.4185,-1,-1,-1
143,-1,982.71,359.91,51.78,157.34,1.4664,-1,-1,-1
143,-1,295.07,368.58,44.948,136.84,0.75302,-1,-1,-1
143,-1,866.99,352.54,41.871,127.61,0.49319,-1,-1,-1
143,-1,800.49,363.99,21.974,67.922,0.34214,-1,-1,-1
143,-1,772.68,326.82,41.871,127.61,0.16166,-1,-1,-1
143,-1,1040.7,325.9,63.98,193.94,0.1147,-1,-1,-1
143,-1,152.63,373.18,21.974,67.922,0.028278,-1,-1,-1
143,-1,689,321,39,119,-0.29985,-1,-1,-1
143,-1,957.01,357.38,27.284,83.853,-0.42139,-1,-1,-1
143,-1,725.08,346.07,27.284,83.853,-0.45984,-1,-1,-1
143,-1,558.32,309.67,41.871,127.61,-0.49708,-1,-1,-1
144,-1,1064.5,329.1,55.569,168.71,2.9287,-1,-1,-1
144,-1,983.18,352.65,59.629,180.89,2.0401,-1,-1,-1
144,-1,875.57,352.54,41.871,127.61,0.74494,-1,-1,-1
144,-1,301.1,369.69,41.871,127.61,0.62551,-1,-1,-1
144,-1,157,377,19,59,0.54751,-1,-1,-1
144,-1,777,353,39,119,0.45936,-1,-1,-1
144,-1,497.24,331.83,44.948,136.84,-0.26739,-1,-1,-1
144,-1,619.41,583.04,59.629,180.89,-0.30514,-1,-1,-1
144,-1,961,345,39,119,-0.34179,-1,-1,-1
144,-1,749.54,178.28,97.492,294.47,-0.40804,-1,-1,-1
144,-1,65,353,79,239,-0.46923,-1,-1,-1
145,-1,1068.1,328.39,59.629,180.89,2.6611,-1,-1,-1
145,-1,985.29,363.04,55.569,168.71,1.9592,-1,-1,-1
145,-1,304.26,368.58,44.948,136.84,0.57812,-1,-1,-1
145,-1,881,353,39,119,0.43899,-1,-1,-1
145,-1,777,353,39,119,0.073112,-1,-1,-1
145,-1,98.502,377.08,68.644,207.93,-0.18946,-1,-1,-1
145,-1,961,353,39,119,-0.37149,-1,-1,-1
145,-1,56.715,363.15,68.644,207.93,-0.47889,-1,-1,-1
146,-1,1077.7,338.79,51.78,157.34,2.0641,-1,-1,-1
146,-1,988.7,351.89,63.98,193.94,1.0309,-1,-1,-1
146,-1,781.25,335.39,41.871,127.61,0.99323,-1,-1,-1
146,-1,884.14,352.54,41.871,127.61,0.72694,-1,-1,-1
146,-1,168.2,382.55,20.435,63.306,0.54675,-1,-1,-1
146,-1,1060.9,314.5,73.643,222.93,0.17843,-1,-1,-1
146,-1,313.45,368.58,44.948,136.84,-0.040109,-1,-1,-1
146,-1,969.05,356.18,33.822,103.47,-0.16127,-1,-1,-1
146,-1,68.882,430.92,55.569,168.71,-0.18083,-1,-1,-1
146,-1,1510.1,438.28,41.871,127.61,-0.18978,-1,-1,-1
146,-1,112.46,446.86,41.871,127.61,-0.31956,-1,-1,-1
147,-1,1080.2,328.39,59.629,180.89,2.9461,-1,-1,-1
147,-1,995.31,352.65,59.629,180.89,1.7523,-1,-1,-1
147,-1,321,377,39,119,0.721,-1,-1,-1
147,-1,881,361,39,119,0.6657,-1,-1,-1
147,-1,793,361,39,119,0.1757,-1,-1,-1
147,-1,792.96,306.47,55.569,168.71,0.047651,-1,-1,-1
147,-1,172.48,382.55,20.435,63.306,0.015271,-1,-1,-1
147,-1,111.28,442.1,44.948,136.84,-0.2769,-1,-1,-1
147,-1,966.22,257.08,97.492,294.47,-0.33469,-1,-1,-1
147,-1,74.892,433.8,51.78,157.34,-0.43389,-1,-1,-1
148,-1,1087.1,340.41,55.569,168.71,1.8215,-1,-1,-1
148,-1,995.31,352.65,59.629,180.89,1.6335,-1,-1,-1
148,-1,326.82,378.26,41.871,127.61,0.71872,-1,-1,-1
148,-1,978.46,275.37,84.742,256.23,-0.16248,-1,-1,-1
148,-1,892.39,350.2,44.948,136.84,-0.19344,-1,-1,-1
148,-1,1081.3,258.23,84.742,256.23,-0.26951,-1,-1,-1
149,-1,1098.4,340.41,55.569,168.71,2.577,-1,-1,-1
149,-1,1001.7,351.89,63.98,193.94,1.5596,-1,-1,-1
149,-1,329,377,39,119,0.59231,-1,-1,-1
149,-1,897,361,39,119,0.35196,-1,-1,-1
149,-1,798.4,343.97,41.871,127.61,0.32138,-1,-1,-1
149,-1,1249,305,39,119,-0.20609,-1,-1,-1
149,-1,515.62,341.01,44.948,136.84,-0.25172,-1,-1,-1
149,-1,975.1,276.69,90.896,274.69,-0.32955,-1,-1,-1
149,-1,81,353,79,239,-0.36736,-1,-1,-1
149,-1,626.92,686.94,41.871,127.61,-0.38714,-1,-1,-1
150,-1,1104.4,328.39,59.629,180.89,2.5284,-1,-1,-1
150,-1,1007.4,352.65,59.629,180.89,1.3969,-1,-1,-1
150,-1,901.29,352.54,41.871,127.61,0.69514,-1,-1,-1
150,-1,809,353,39,119,0.29142,-1,-1,-1
150,-1,335.39,378.26,41.871,127.61,0.092814,-1,-1,-1
150,-1,995.61,292.52,84.742,256.23,0.032459,-1,-1,-1
150,-1,529,345,39,119,-0.19678,-1,-1,-1
150,-1,65,337,79,239,-0.35844,-1,-1,-1
150,-1,813.82,307.13,51.78,157.34,-0.41079,-1,-1,-1
151,-1,1105.7,325.9,63.98,193.94,1.9421,-1,-1,-1
151,-1,905,353,39,119,1.5211,-1,-1,-1
151,-1,1007.4,352.65,59.629,180.89,1.1453,-1,-1,-1
151,-1,815.55,343.97,41.871,127.61,0.52128,-1,-1,-1
151,-1,343.97,369.69,41.871,127.61,0.1981,-1,-1,-1
151,-1,534,331.83,44.948,136.84,-0.070348,-1,-1,-1
151,-1,777.28,807.14,73.643,222.93,-0.24138,-1,-1,-1
151,-1,112.43,377.08,68.644,207.93,-0.28407,-1,-1,-1
151,-1,75.643,359.28,73.643,222.93,-0.32287,-1,-1,-1
151,-1,641.2,601.8,48.246,146.74,-0.35796,-1,-1,-1
151,-1,1081.3,241.08,84.742,256.23,-0.36105,-1,-1,-1
151,-1,1265,297,39,119,-0.385,-1,-1,-1
151,-1,201,381,19,59,-0.44029,-1,-1,-1
151,-1,782.15,169.9,104.56,315.68,-0.44388,-1,-1,-1
152,-1,1116.6,328.39,59.629,180.89,2.4764,-1,-1,-1
152,-1,905,353,39,119,1.7684,-1,-1,-1
152,-1,1014.4,359.91,51.78,157.34,1.6065,-1,-1,-1
152,-1,343.97,369.69,41.871,127.61,0.85624,-1,-1,-1
152,-1,815.55,343.97,41.871,127.61,0.51099,-1,-1,-1
152,-1,1001.2,314.5,73.643,222.93,0.41325,-1,-1,-1
152,-1,129.04,434.36,48.246,146.74,-0.078388,-1,-1,-1
152,-1,736.39,261.22,55.569,168.71,-0.1819,-1,-1,-1
152,-1,201,381,19,59,-0.20586,-1,-1,-1
152,-1,1085.4,239.93,90.896,274.69,-0.34859,-1,-1,-1
152,-1,788.93,178.28,97.492,294.47,-0.44077,-1,-1,-1
152,-1,65,353,79,239,-0.4548,-1,-1,-1
152,-1,1553,441,39,119,-0.4784,-1,-1,-1
152,-1,1269.9,299.57,36.321,110.96,-0.48237,-1,-1,-1
152,-1,627.8,586.01,68.644,207.93,-0.48965,-1,-1,-1
153,-1,1121.1,329.1,55.569,168.71,2.0659,-1,-1,-1
153,-1,1019.2,351.72,55.569,168.71,0.97672,-1,-1,-1
153,-1,905,345,39,119,0.70993,-1,-1,-1
153,-1,350.2,359.39,44.948,136.84,0.19721,-1,-1,-1
153,-1,824.12,335.39,41.871,127.61,0.0043127,-1,-1,-1
153,-1,995.61,275.37,84.742,256.23,-0.4219,-1,-1,-1
153,-1,111.28,295.07,90.896,274.69,-0.4398,-1,-1,-1
153,-1,65,337,79,239,-0.48669,-1,-1,-1
154,-1,1121.1,329.1,55.569,168.71,2.1566,-1,-1,-1
154,-1,909.86,343.97,41.871,127.61,1.0563,-1,-1,-1
154,-1,1019.2,351.72,55.569,168.71,0.59365,-1,-1,-1
154,-1,818.87,322.64,44.948,136.84,0.56886,-1,-1,-1
154,-1,352.54,361.12,41.871,127.61,0.36603,-1,-1,-1
154,-1,532.6,335.39,41.871,127.61,-0.14676,-1,-1,-1
154,-1,745,313,39,119,-0.18489,-1,-1,-1
154,-1,825.55,292.02,59.629,180.89,-0.38757,-1,-1,-1
154,-1,995.61,275.37,84.742,256.23,-0.39136,-1,-1,-1
155,-1,1121.1,329.1,55.569,168.71,2.4595,-1,-1,-1
155,-1,909.86,343.97,41.871,127.61,1.6144,-1,-1,-1
155,-1,352.54,361.12,41.871,127.61,1.1938,-1,-1,-1
155,-1,825,345,39,119,1.1498,-1,-1,-1
155,-1,1014.7,338.9,63.98,193.94,0.7906,-1,-1,-1
155,-1,338.9,312.9,63.98,193.94,-0.11294,-1,-1,-1
155,-1,747.7,261.22,55.569,168.71,-0.11334,-1,-1,-1
155,-1,205,373,19,59,-0.18151,-1,-1,-1
155,-1,637.81,702.79,63.98,193.94,-0.23664,-1,-1,-1
155,-1,815.59,306.47,55.569,168.71,-0.30287,-1,-1,-1
155,-1,621.5,335.87,48.246,146.74,-0.30358,-1,-1,-1
155,-1,788.93,178.28,97.492,294.47,-0.34419,-1,-1,-1
155,-1,65,353,79,239,-0.34905,-1,-1,-1
155,-1,631.54,595.16,59.629,180.89,-0.47573,-1,-1,-1
156,-1,1128.7,316.27,59.629,180.89,2.3261,-1,-1,-1
156,-1,1019.6,340.52,59.629,180.89,0.93419,-1,-1,-1
156,-1,905,345,39,119,0.73544,-1,-1,-1
156,-1,824.12,326.82,41.871,127.61,0.51029,-1,-1,-1
156,-1,352.54,361.12,41.871,127.61,0.33992,-1,-1,-1
156,-1,1281,289,39,119,-0.39153,-1,-1,-1
156,-1,129.04,424.51,48.246,146.74,-0.41962,-1,-1,-1
157,-1,1128.7,316.27,59.629,180.89,2.0846,-1,-1,-1
157,-1,1019.2,340.41,55.569,168.71,1.0183,-1,-1,-1
157,-1,909.86,343.97,41.871,127.61,0.91699,-1,-1,-1
157,-1,828.06,322.64,44.948,136.84,0.56823,-1,-1,-1
157,-1,359.39,359.39,44.948,136.84,0.25061,-1,-1,-1
157,-1,1281,281,39,119,-0.27067,-1,-1,-1
157,-1,534,331.83,44.948,136.84,-0.29195,-1,-1,-1
157,-1,1572.4,423.72,44.948,136.84,-0.41707,-1,-1,-1
158,-1,905,345,39,119,1.4571,-1,-1,-1
158,-1,1128.7,316.27,59.629,180.89,1.4456,-1,-1,-1
158,-1,1019.6,340.52,59.629,180.89,1.197,-1,-1,-1
158,-1,359.39,359.39,44.948,136.84,0.37749,-1,-1,-1
158,-1,825,337,39,119,0.10514,-1,-1,-1
158,-1,976.02,112.43,138.29,416.86,-0.25929,-1,-1,-1
158,-1,1115.6,241.08,84.742,256.23,-0.37141,-1,-1,-1
158,-1,826.9,295.16,55.569,168.71,-0.41336,-1,-1,-1
158,-1,1572.4,423.72,44.948,136.84,-0.45098,-1,-1,-1
159,-1,1118.7,312.9,63.98,193.94,1.1726,-1,-1,-1
159,-1,1019.6,340.52,59.629,180.89,1.0047,-1,-1,-1
159,-1,905,345,39,119,0.73897,-1,-1,-1
159,-1,352.54,361.12,41.871,127.61,0.46851,-1,-1,-1
159,-1,825,345,39,119,0.040824,-1,-1,-1
159,-1,937,337,39,119,-0.080151,-1,-1,-1
159,-1,1104.1,237.38,97.492,294.47,-0.30061,-1,-1,-1
159,-1,976.02,112.43,138.29,416.86,-0.32792,-1,-1,-1
159,-1,826.9,295.16,55.569,168.71,-0.36965,-1,-1,-1
159,-1,1768.5,468.86,128.96,388.88,-0.39279,-1,-1,-1
159,-1,532.6,335.39,41.871,127.61,-0.47955,-1,-1,-1
160,-1,1118.7,312.9,63.98,193.94,1.8395,-1,-1,-1
160,-1,905,345,39,119,1.6072,-1,-1,-1
160,-1,1007.4,340.52,59.629,180.89,1.5695,-1,-1,-1
160,-1,352.54,361.12,41.871,127.61,1.1703,-1,-1,-1
160,-1,825,345,39,119,0.51703,-1,-1,-1
160,-1,641.2,335.87,48.246,146.74,-0.065555,-1,-1,-1
160,-1,545,353,39,119,-0.078156,-1,-1,-1
160,-1,747.7,261.22,55.569,168.71,-0.12374,-1,-1,-1
160,-1,35.297,343.97,84.742,256.23,-0.15984,-1,-1,-1
160,-1,599.94,711.37,68.644,207.93,-0.35733,-1,-1,-1
160,-1,937,337,39,119,-0.36551,-1,-1,-1
160,-1,202.49,369.69,20.435,63.306,-0.37481,-1,-1,-1
160,-1,1756,474.58,138.29,416.86,-0.38765,-1,-1,-1
160,-1,524.81,331.83,44.948,136.84,-0.40503,-1,-1,-1
160,-1,1282.5,293.5,33.822,103.47,-0.40998,-1,-1,-1
160,-1,808.63,178.28,97.492,294.47,-0.4649,-1,-1,-1
161,-1,1118.7,312.9,63.98,193.94,2.0215,-1,-1,-1
161,-1,1007.4,340.52,59.629,180.89,1.5167,-1,-1,-1
161,-1,343.97,369.69,41.871,127.61,1.0193,-1,-1,-1
161,-1,897,345,39,119,0.65948,-1,-1,-1
161,-1,817,345,39,119,0.080721,-1,-1,-1
161,-1,529,361,39,119,-0.33783,-1,-1,-1
161,-1,929,337,39,119,-0.34445,-1,-1,-1
161,-1,985.92,237.38,97.492,294.47,-0.49346,-1,-1,-1
162,-1,1118.7,312.9,63.98,193.94,2.3135,-1,-1,-1
162,-1,345,369,39,119,1.5081,-1,-1,-1
162,-1,1007.9,351.72,55.569,168.71,1.4958,-1,-1,-1
162,-1,892.72,343.97,41.871,127.61,1.3117,-1,-1,-1
162,-1,817,345,39,119,0.59453,-1,-1,-1
162,-1,631.35,335.87,48.246,146.74,0.073619,-1,-1,-1
162,-1,17,353,79,239,-0.29905,-1,-1,-1
162,-1,340.52,316.27,59.629,180.89,-0.34658,-1,-1,-1
162,-1,926.57,344.36,36.321,110.96,-0.40446,-1,-1,-1
162,-1,529,353,39,119,-0.44039,-1,-1,-1
163,-1,1118.7,312.9,63.98,193.94,2.1439,-1,-1,-1
163,-1,995.31,352.65,59.629,180.89,1.3648,-1,-1,-1
163,-1,889,345,39,119,1.1236,-1,-1,-1
163,-1,341.01,359.39,44.948,136.84,1.0642,-1,-1,-1
163,-1,631.35,335.87,48.246,146.74,-0.17189,-1,-1,-1
163,-1,948.16,112.43,138.29,416.86,-0.29793,-1,-1,-1
163,-1,42.786,377.08,68.644,207.93,-0.44713,-1,-1,-1
163,-1,1734.5,316.17,195.98,589.95,-0.45559,-1,-1,-1
163,-1,921,337,39,119,-0.48575,-1,-1,-1
163,-1,809.68,341.01,44.948,136.84,-0.49863,-1,-1,-1
164,-1,1105.7,312.9,63.98,193.94,2.792,-1,-1,-1
164,-1,881,345,39,119,1.5862,-1,-1,-1
164,-1,331.83,359.39,44.948,136.84,1.2531,-1,-1,-1
164,-1,996.61,351.72,55.569,168.71,0.96854,-1,-1,-1
164,-1,809,345,39,119,0.79602,-1,-1,-1
164,-1,621.5,335.87,48.246,146.74,0.54101,-1,-1,-1
164,-1,513.16,355.57,48.246,146.74,0.13341,-1,-1,-1
164,-1,1734.5,316.17,195.98,589.95,0.029164,-1,-1,-1
164,-1,913,337,39,119,-0.14307,-1,-1,-1
164,-1,601.19,241.08,84.742,256.23,-0.19362,-1,-1,-1
164,-1,171.01,373.18,21.974,67.922,-0.33323,-1,-1,-1
164,-1,1563.2,368.58,44.948,136.84,-0.35704,-1,-1,-1
164,-1,566.69,159.39,55.569,168.71,-0.35886,-1,-1,-1
164,-1,948.16,112.43,138.29,416.86,-0.42396,-1,-1,-1
164,-1,553.36,732.5,73.643,222.93,-0.43559,-1,-1,-1
164,-1,1261.4,283.95,41.871,127.61,-0.43601,-1,-1,-1
165,-1,1105.7,312.9,63.98,193.94,3.1255,-1,-1,-1
165,-1,983.18,340.52,59.629,180.89,1.4929,-1,-1,-1
165,-1,875.57,343.97,41.871,127.61,1.2922,-1,-1,-1
165,-1,326.82,361.12,41.871,127.61,0.88716,-1,-1,-1
165,-1,798.4,343.97,41.871,127.61,0.69416,-1,-1,-1
165,-1,1734.5,316.17,195.98,589.95,0.54435,-1,-1,-1
165,-1,621.5,335.87,48.246,146.74,0.44886,-1,-1,-1
165,-1,163.91,373.98,20.435,63.306,0.38192,-1,-1,-1
165,-1,832.7,356.83,20.435,63.306,-0.11181,-1,-1,-1
165,-1,948.16,112.43,138.29,416.86,-0.16312,-1,-1,-1
165,-1,33,369,79,239,-0.24246,-1,-1,-1
165,-1,328.39,316.27,59.629,180.89,-0.26603,-1,-1,-1
165,-1,486.58,328.24,51.78,157.34,-0.28511,-1,-1,-1
165,-1,613.07,269.71,73.643,222.93,-0.29149,-1,-1,-1
165,-1,911.64,344.36,36.321,110.96,-0.30679,-1,-1,-1
165,-1,782.15,169.9,104.56,315.68,-0.46259,-1,-1,-1
165,-1,1554,368.58,44.948,136.84,-0.49094,-1,-1,-1
166,-1,1105.7,325.9,63.98,193.94,2.189,-1,-1,-1
166,-1,1695.1,316.17,195.98,589.95,1.6779,-1,-1,-1
166,-1,972.16,359.91,51.78,157.34,1.1179,-1,-1,-1
166,-1,313.45,359.39,44.948,136.84,0.99747,-1,-1,-1
166,-1,865,345,39,119,0.99343,-1,-1,-1
166,-1,1085.4,295.07,90.896,274.69,0.048352,-1,-1,-1
166,-1,956.43,314.5,73.643,222.93,0.010767,-1,-1,-1
166,-1,926.57,90.571,148.29,446.86,-0.10124,-1,-1,-1
166,-1,613.25,328.24,51.78,157.34,-0.15486,-1,-1,-1
166,-1,572.25,197.98,97.492,294.47,-0.25209,-1,-1,-1
166,-1,904.18,344.36,36.321,110.96,-0.28266,-1,-1,-1
166,-1,1601.6,195.01,241.51,726.54,-0.31721,-1,-1,-1
166,-1,789.83,326.82,41.871,127.61,-0.37238,-1,-1,-1
166,-1,17,369,79,239,-0.38503,-1,-1,-1
167,-1,1092.3,328.39,59.629,180.89,2.3936,-1,-1,-1
167,-1,1690,296.57,210.12,632.36,1.5467,-1,-1,-1
167,-1,962.67,351.72,55.569,168.71,1.4042,-1,-1,-1
167,-1,858.42,343.97,41.871,127.61,1.2922,-1,-1,-1
167,-1,309.67,361.12,41.871,127.61,1.1344,-1,-1,-1
167,-1,1081.3,309.67,84.742,256.23,0.53341,-1,-1,-1
167,-1,920.3,112.43,138.29,416.86,0.19534,-1,-1,-1
167,-1,593,257,79,239,0.13331,-1,-1,-1
167,-1,377,17,39,119,0.077918,-1,-1,-1
167,-1,559.83,819.75,63.98,193.94,-0.050718,-1,-1,-1
167,-1,781.25,343.97,41.871,127.61,-0.24143,-1,-1,-1
167,-1,1584.9,272.53,225.27,677.82,-0.26784,-1,-1,-1
167,-1,889,337,39,119,-0.34355,-1,-1,-1
167,-1,747.7,215.96,27.284,83.853,-0.35339,-1,-1,-1
167,-1,1,369,79,239,-0.41114,-1,-1,-1
168,-1,1087.4,307.43,68.644,207.93,3.0664,-1,-1,-1
168,-1,849.84,343.97,41.871,127.61,1.8256,-1,-1,-1
168,-1,1655.7,316.17,195.98,589.95,1.7004,-1,-1,-1
168,-1,958.93,340.52,59.629,180.89,1.5196,-1,-1,-1
168,-1,301.1,361.12,41.871,127.61,1.3912,-1,-1,-1
168,-1,592.14,328.24,51.78,157.34,1.3395,-1,-1,-1
168,-1,772.93,341.01,44.948,136.84,0.44717,-1,-1,-1
168,-1,577,257,79,239,0.031544,-1,-1,-1
168,-1,920.3,112.43,138.29,416.86,-0.10439,-1,-1,-1
168,-1,464.86,317.78,55.569,168.71,-0.11325,-1,-1,-1
168,-1,134.25,368.58,21.974,67.922,-0.23083,-1,-1,-1
168,-1,884.14,335.39,41.871,127.61,-0.24885,-1,-1,-1
168,-1,517,369,19,59,-0.26854,-1,-1,-1
168,-1,533,369,19,59,-0.2858,-1,-1,-1
168,-1,546.83,819.75,63.98,193.94,-0.38781,-1,-1,-1
168,-1,1240.1,292.11,36.321,110.96,-0.43729,-1,-1,-1
168,-1,729.81,472.58,41.871,127.61,-0.44046,-1,-1,-1
168,-1,747.7,159.39,112.14,338.41,-0.4823,-1,-1,-1
168,-1,1616.7,223.86,277.58,834.73,-0.49245,-1,-1,-1
169,-1,1079.7,312.9,63.98,193.94,3.5312,-1,-1,-1
169,-1,1647.7,296.57,210.12,632.36,2.0958,-1,-1,-1
169,-1,946.81,340.52,59.629,180.89,1.7551,-1,-1,-1
169,-1,841.27,343.97,41.871,127.61,1.0034,-1,-1,-1
169,-1,591.95,335.87,48.246,146.74,0.85512,-1,-1,-1
169,-1,292.52,361.12,41.871,127.61,0.54248,-1,-1,-1
169,-1,763.74,341.01,44.948,136.84,0.35271,-1,-1,-1
169,-1,920.3,112.43,138.29,416.86,0.21556,-1,-1,-1
169,-1,572.25,217.68,97.492,294.47,0.16658,-1,-1,-1
169,-1,1067,295.07,90.896,274.69,0.13963,-1,-1,-1
169,-1,523.5,807.14,73.643,222.93,-0.12493,-1,-1,-1
169,-1,455.43,343.97,41.871,127.61,-0.16398,-1,-1,-1
169,-1,476.02,349.35,51.78,157.34,-0.4093,-1,-1,-1
169,-1,881.78,344.36,36.321,110.96,-0.44453,-1,-1,-1
169,-1,449,289,79,239,-0.47652,-1,-1,-1
170,-1,1079.7,312.9,63.98,193.94,3.329,-1,-1,-1
170,-1,1647.7,296.57,210.12,632.36,2.1096,-1,-1,-1
170,-1,832.7,343.97,41.871,127.61,1.4171,-1,-1,-1
170,-1,934.68,340.52,59.629,180.89,1.3343,-1,-1,-1
170,-1,582.1,335.87,48.246,146.74,0.72889,-1,-1,-1
170,-1,896.71,90.571,148.29,446.86,0.49572,-1,-1,-1
170,-1,281,361,39,119,0.28695,-1,-1,-1
170,-1,1067,295.07,90.896,274.69,0.28106,-1,-1,-1
170,-1,552.55,217.68,97.492,294.47,0.19146,-1,-1,-1
170,-1,761,345,39,119,0.12091,-1,-1,-1
170,-1,871.55,342.26,33.822,103.47,0.025634,-1,-1,-1
170,-1,1225,289,39,119,-0.45056,-1,-1,-1
170,-1,465.47,349.35,51.78,157.34,-0.49737,-1,-1,-1
171,-1,1066.7,312.9,63.98,193.94,3.0966,-1,-1,-1
171,-1,1616.3,316.17,195.98,589.95,2.3033,-1,-1,-1
171,-1,825,345,39,119,1.3773,-1,-1,-1
171,-1,745,345,39,119,1.095,-1,-1,-1
171,-1,922.56,340.52,59.629,180.89,0.99815,-1,-1,-1
171,-1,562.4,335.87,48.246,146.74,0.9929,-1,-1,-1
171,-1,258.31,359.39,44.948,136.84,0.39183,-1,-1,-1
171,-1,1048.6,295.07,90.896,274.69,0.38622,-1,-1,-1
171,-1,736.39,317.78,55.569,168.71,0.22902,-1,-1,-1
171,-1,532.85,217.68,97.492,294.47,0.19471,-1,-1,-1
171,-1,1561,223.86,277.58,834.73,0.1541,-1,-1,-1
171,-1,884.73,130.96,128.96,388.88,0.14348,-1,-1,-1
171,-1,481,369,19,59,0.019913,-1,-1,-1
171,-1,857,337,39,119,-0.023473,-1,-1,-1
171,-1,1209,289,39,119,-0.19148,-1,-1,-1
171,-1,424.51,326.02,48.246,146.74,-0.19445,-1,-1,-1
171,-1,718.81,169.9,104.56,315.68,-0.43214,-1,-1,-1
172,-1,1053.7,312.9,63.98,193.94,3.2979,-1,-1,-1
172,-1,1605.5,296.57,210.12,632.36,2.0647,-1,-1,-1
172,-1,809.68,341.01,44.948,136.84,1.4672,-1,-1,-1
172,-1,910.43,340.52,59.629,180.89,1.1809,-1,-1,-1
172,-1,736.17,341.01,44.948,136.84,0.90158,-1,-1,-1
172,-1,555.37,329.1,55.569,168.71,0.73705,-1,-1,-1
172,-1,534,239.93,90.896,274.69,0.479,-1,-1,-1
172,-1,433,353,39,119,0.18859,-1,-1,-1
172,-1,249.12,359.39,44.948,136.84,0.031457,-1,-1,-1
172,-1,866.85,90.571,148.29,446.86,0.026242,-1,-1,-1
172,-1,473,369,19,59,-0.097288,-1,-1,-1
172,-1,1048.6,295.07,90.896,274.69,-0.10609,-1,-1,-1
172,-1,1201,289,39,119,-0.1636,-1,-1,-1
172,-1,844.46,344.36,36.321,110.96,-0.38187,-1,-1,-1
172,-1,126.36,370.11,33.822,103.47,-0.42955,-1,-1,-1
172,-1,468.86,845.74,63.98,193.94,-0.45164,-1,-1,-1
173,-1,1045.7,307.43,68.644,207.93,3.2359,-1,-1,-1
173,-1,1576.9,316.17,195.98,589.95,2.6657,-1,-1,-1
173,-1,806.97,343.97,41.871,127.61,1.7144,-1,-1,-1
173,-1,906.37,335.29,68.644,207.93,1.085,-1,-1,-1
173,-1,729.81,343.97,41.871,127.61,0.92997,-1,-1,-1
173,-1,549.92,338.79,51.78,157.34,0.8516,-1,-1,-1
173,-1,532.6,241.08,84.742,256.23,0.3717,-1,-1,-1
173,-1,841,337,39,119,0.25985,-1,-1,-1
173,-1,864.59,112.43,138.29,416.86,0.23475,-1,-1,-1
173,-1,469,369,19,59,0.10279,-1,-1,-1
173,-1,425,353,39,119,0.00926,-1,-1,-1
173,-1,1561,223.86,277.58,834.73,-0.027175,-1,-1,-1
173,-1,1193,289,39,119,-0.057635,-1,-1,-1
173,-1,69.922,373.18,21.974,67.922,-0.31404,-1,-1,-1
173,-1,1773.8,276.78,195.98,589.95,-0.40469,-1,-1,-1
174,-1,1563.3,296.57,210.12,632.36,1.8391,-1,-1,-1
174,-1,897.73,338.9,63.98,193.94,1.4213,-1,-1,-1
174,-1,1045.7,307.43,68.644,207.93,1.077,-1,-1,-1
174,-1,864.59,112.43,138.29,416.86,0.77682,-1,-1,-1
174,-1,801,345,39,119,0.52659,-1,-1,-1
174,-1,1773.8,276.78,195.98,589.95,-0.19042,-1,-1,-1
174,-1,539.36,338.79,51.78,157.34,-0.39482,-1,-1,-1
175,-1,1040.7,312.9,63.98,193.94,2.8111,-1,-1,-1
175,-1,1563.3,296.57,210.12,632.36,2.1631,-1,-1,-1
175,-1,897.73,338.9,63.98,193.94,0.98916,-1,-1,-1
175,-1,791.3,341.01,44.948,136.84,0.81504,-1,-1,-1
175,-1,497.24,221.55,90.896,274.69,0.55654,-1,-1,-1
175,-1,1030.2,295.07,90.896,274.69,0.48056,-1,-1,-1
175,-1,1734.5,316.17,195.98,589.95,0.11153,-1,-1,-1
175,-1,41,329,39,119,-0.21613,-1,-1,-1
175,-1,866.85,90.571,148.29,446.86,-0.43301,-1,-1,-1
175,-1,409,361,39,119,-0.48614,-1,-1,-1
175,-1,721,353,39,119,-0.48756,-1,-1,-1
176,-1,1045.7,307.43,68.644,207.93,3.3671,-1,-1,-1
176,-1,1563.3,296.57,210.12,632.36,1.9668,-1,-1,-1
176,-1,791.3,341.01,44.948,136.84,1.731,-1,-1,-1
176,-1,886.18,340.52,59.629,180.89,0.9015,-1,-1,-1
176,-1,717.79,341.01,44.948,136.84,0.60281,-1,-1,-1
176,-1,542.7,345.72,48.246,146.74,0.41094,-1,-1,-1
176,-1,515.62,221.55,90.896,274.69,0.35624,-1,-1,-1
176,-1,1732.2,296.57,210.12,632.36,0.11614,-1,-1,-1
176,-1,43.871,326.82,41.871,127.61,0.093781,-1,-1,-1
176,-1,864.59,112.43,138.29,416.86,-0.042071,-1,-1,-1
176,-1,1185,289,39,119,-0.11798,-1,-1,-1
176,-1,833,337,39,119,-0.31688,-1,-1,-1
176,-1,1241.6,341.01,44.948,136.84,-0.33316,-1,-1,-1
176,-1,1025.3,296.47,97.492,294.47,-0.38542,-1,-1,-1
176,-1,655.48,465.47,51.78,157.34,-0.41945,-1,-1,-1
176,-1,403.99,352.54,41.871,127.61,-0.4548,-1,-1,-1
176,-1,702.79,299.91,63.98,193.94,-0.48395,-1,-1,-1
176,-1,97,369,39,119,-0.49341,-1,-1,-1
177,-1,1045.7,307.43,68.644,207.93,3.3745,-1,-1,-1
177,-1,1539.7,272.53,225.27,677.82,2.39,-1,-1,-1
177,-1,791.3,341.01,44.948,136.84,1.6245,-1,-1,-1
177,-1,894.78,351.72,55.569,168.71,0.76387,-1,-1,-1
177,-1,1732.2,296.57,210.12,632.36,0.52154,-1,-1,-1
177,-1,532.74,340.41,55.569,168.71,0.48706,-1,-1,-1
177,-1,497.24,221.55,90.896,274.69,0.47861,-1,-1,-1
177,-1,41,329,39,119,0.36933,-1,-1,-1
177,-1,713.76,317.78,55.569,168.71,0.29193,-1,-1,-1
177,-1,1025.3,276.78,97.492,294.47,0.062829,-1,-1,-1
177,-1,409,361,39,119,0.0022937,-1,-1,-1
177,-1,454.06,365.42,23.623,72.869,-0.11286,-1,-1,-1
177,-1,864.59,112.43,138.29,416.86,-0.13114,-1,-1,-1
177,-1,1185,289,39,119,-0.20881,-1,-1,-1
177,-1,510.28,195.01,120.26,362.77,-0.232,-1,-1,-1
177,-1,697.7,169.9,104.56,315.68,-0.35518,-1,-1,-1
177,-1,1236.1,338.79,51.78,157.34,-0.38367,-1,-1,-1
178,-1,1045.7,307.43,68.644,207.93,2.9062,-1,-1,-1
178,-1,1521.1,296.57,210.12,632.36,2.2591,-1,-1,-1
178,-1,789.83,343.97,41.871,127.61,1.5074,-1,-1,-1
178,-1,878.51,335.29,68.644,207.93,0.64835,-1,-1,-1
178,-1,1734.5,276.78,195.98,589.95,0.62982,-1,-1,-1
178,-1,539.36,338.79,51.78,157.34,0.54031,-1,-1,-1
178,-1,513.16,217.68,97.492,294.47,0.35018,-1,-1,-1
178,-1,451.14,369.69,20.435,63.306,0.21536,-1,-1,-1
178,-1,708.6,341.01,44.948,136.84,0.17221,-1,-1,-1
178,-1,89,369,39,119,-0.043341,-1,-1,-1
178,-1,1025.3,296.47,97.492,294.47,-0.066048,-1,-1,-1
178,-1,1184.2,283.95,41.871,127.61,-0.11874,-1,-1,-1
178,-1,41,329,39,119,-0.13065,-1,-1,-1
178,-1,225,369,39,119,-0.14603,-1,-1,-1
178,-1,864.59,112.43,138.29,416.86,-0.29104,-1,-1,-1
178,-1,1601.6,243.51,241.51,726.54,-0.34695,-1,-1,-1
178,-1,1768.5,208.94,258.92,778.76,-0.35144,-1,-1,-1
178,-1,833,337,39,119,-0.35968,-1,-1,-1
178,-1,746.95,301.1,41.871,127.61,-0.42384,-1,-1,-1
178,-1,702.79,299.91,63.98,193.94,-0.43948,-1,-1,-1
179,-1,1045.7,307.43,68.644,207.93,2.6769,-1,-1,-1
179,-1,1537.5,316.17,195.98,589.95,2.2296,-1,-1,-1
179,-1,1728.6,295.07,182.79,550.38,1.1126,-1,-1,-1
179,-1,789.83,335.39,41.871,127.61,0.85175,-1,-1,-1
179,-1,884.73,338.9,63.98,193.94,0.71796,-1,-1,-1
179,-1,221.55,359.39,44.948,136.84,0.36495,-1,-1,-1
179,-1,1505.3,279.58,277.58,834.73,0.14053,-1,-1,-1
179,-1,513.16,217.68,97.492,294.47,0.078623,-1,-1,-1
179,-1,1011.9,258.31,90.896,274.69,-0.0036618,-1,-1,-1
179,-1,713.76,317.78,55.569,168.71,-0.03749,-1,-1,-1
179,-1,836.73,112.43,138.29,416.86,-0.19177,-1,-1,-1
179,-1,1236.1,328.24,51.78,157.34,-0.25302,-1,-1,-1
179,-1,468.86,182.94,128.96,388.88,-0.32252,-1,-1,-1
179,-1,651.04,473.76,48.246,146.74,-0.33406,-1,-1,-1
179,-1,401,353,39,119,-0.38857,-1,-1,-1
179,-1,697.7,148.78,104.56,315.68,-0.49162,-1,-1,-1
180,-1,1045.7,307.43,68.644,207.93,2.5848,-1,-1,-1
180,-1,1537.5,316.17,195.98,589.95,2.1961,-1,-1,-1
180,-1,789.83,335.39,41.871,127.61,1.7955,-1,-1,-1
180,-1,1734.5,276.78,195.98,589.95,1.0237,-1,-1,-1
180,-1,713,337,39,119,0.6121,-1,-1,-1
180,-1,493.46,197.98,97.492,294.47,0.38943,-1,-1,-1
180,-1,886.18,340.52,59.629,180.89,0.36485,-1,-1,-1
180,-1,223.93,361.12,41.871,127.61,0.15177,-1,-1,-1
180,-1,1505.3,223.86,277.58,834.73,0.10872,-1,-1,-1
180,-1,702.45,306.47,55.569,168.71,0.019272,-1,-1,-1
180,-1,1025.3,276.78,97.492,294.47,-0.15028,-1,-1,-1
180,-1,89,361,39,119,-0.18304,-1,-1,-1
180,-1,453,365,19,59,-0.23289,-1,-1,-1
180,-1,836.73,112.43,138.29,416.86,-0.25254,-1,-1,-1
180,-1,750.48,344.07,25.39,78.17,-0.3019,-1,-1,-1
180,-1,746.95,292.52,41.871,127.61,-0.42892,-1,-1,-1
180,-1,404.82,266.93,48.246,146.74,-0.48258,-1,-1,-1
180,-1,395.41,343.97,41.871,127.61,-0.4955,-1,-1,-1
181,-1,1045.7,307.43,68.644,207.93,2.3627,-1,-1,-1
181,-1,789.83,326.82,41.871,127.61,1.8459,-1,-1,-1
181,-1,1521.1,296.57,210.12,632.36,1.3257,-1,-1,-1
181,-1,1695.1,276.78,195.98,589.95,1.2449,-1,-1,-1
181,-1,713,337,39,119,0.94689,-1,-1,-1
181,-1,221.55,341.01,44.948,136.84,0.83,-1,-1,-1
181,-1,892.39,359.39,44.948,136.84,0.7978,-1,-1,-1
181,-1,522.41,316.27,59.629,180.89,0.79462,-1,-1,-1
181,-1,81,353,39,119,0.60805,-1,-1,-1
181,-1,884.73,325.9,63.98,193.94,0.53359,-1,-1,-1
181,-1,493.46,197.98,97.492,294.47,0.52028,-1,-1,-1
181,-1,825,329,39,119,0.45828,-1,-1,-1
181,-1,702.45,295.16,55.569,168.71,0.23104,-1,-1,-1
181,-1,453,357,19,59,0.17212,-1,-1,-1
181,-1,837,90.571,148.29,446.86,-0.13755,-1,-1,-1
181,-1,749.54,340.8,23.623,72.869,-0.14393,-1,-1,-1
181,-1,745,297,39,119,-0.4068,-1,-1,-1
181,-1,1025.3,276.78,97.492,294.47,-0.44482,-1,-1,-1
182,-1,1045.7,293.5,68.644,207.93,2.6556,-1,-1,-1
182,-1,1498.1,316.17,195.98,589.95,1.7947,-1,-1,-1
182,-1,883.47,329.1,55.569,168.71,1.4416,-1,-1,-1
182,-1,782.11,322.64,44.948,136.84,1.3705,-1,-1,-1
182,-1,1695.1,276.78,195.98,589.95,1.1587,-1,-1,-1
182,-1,708.6,322.64,44.948,136.84,1.0404,-1,-1,-1
182,-1,223.93,343.97,41.871,127.61,0.94234,-1,-1,-1
182,-1,532.85,316.17,48.246,146.74,0.8514,-1,-1,-1
182,-1,81,345,39,119,0.46776,-1,-1,-1
182,-1,1449.6,223.86,277.58,834.73,0.35101,-1,-1,-1
182,-1,833,321,39,119,0.28969,-1,-1,-1
182,-1,497.24,203.17,90.896,274.69,0.23773,-1,-1,-1
182,-1,453,353,19,59,0.10853,-1,-1,-1
182,-1,749.54,335.87,23.623,72.869,0.031139,-1,-1,-1
182,-1,837,90.571,148.29,446.86,-0.22203,-1,-1,-1
182,-1,1184.2,266.8,41.871,127.61,-0.25976,-1,-1,-1
182,-1,745,289,39,119,-0.27627,-1,-1,-1
182,-1,395.41,335.39,41.871,127.61,-0.30391,-1,-1,-1
182,-1,679.82,136.76,112.14,338.41,-0.49331,-1,-1,-1
183,-1,1045.7,293.5,68.644,207.93,3.2068,-1,-1,-1
183,-1,883.47,329.1,55.569,168.71,1.9576,-1,-1,-1
183,-1,1498.1,276.78,195.98,589.95,1.752,-1,-1,-1
183,-1,1675.4,272.53,225.27,677.82,1.2559,-1,-1,-1
183,-1,785,329,39,119,1.0476,-1,-1,-1
183,-1,712.66,326.82,41.871,127.61,0.89679,-1,-1,-1
183,-1,522.41,304.14,59.629,180.89,0.77446,-1,-1,-1
183,-1,221.55,341.01,44.948,136.84,0.75929,-1,-1,-1
183,-1,825,321,39,119,0.53952,-1,-1,-1
183,-1,81,345,39,119,0.40252,-1,-1,-1
183,-1,513.16,197.98,97.492,294.47,0.32302,-1,-1,-1
183,-1,745,289,39,119,0.27084,-1,-1,-1
183,-1,453,349,19,59,-0.16705,-1,-1,-1
183,-1,40.397,350.65,23.623,72.869,-0.21602,-1,-1,-1
183,-1,1449.6,223.86,277.58,834.73,-0.23919,-1,-1,-1
183,-1,936.71,325.9,31.49,96.47,-0.3413,-1,-1,-1
183,-1,361,297,39,119,-0.34704,-1,-1,-1
183,-1,692.17,279.89,59.629,180.89,-0.37592,-1,-1,-1
183,-1,833,65,159,479,-0.39543,-1,-1,-1
183,-1,1185,273,39,119,-0.40038,-1,-1,-1
184,-1,1045.7,293.5,68.644,207.93,3.2905,-1,-1,-1
184,-1,883.47,329.1,55.569,168.71,1.7561,-1,-1,-1
184,-1,1478.8,254.35,210.12,632.36,1.6534,-1,-1,-1
184,-1,781.25,318.24,41.871,127.61,1.43,-1,-1,-1
184,-1,1675.4,272.53,225.27,677.82,1.3597,-1,-1,-1
184,-1,221.55,341.01,44.948,136.84,0.85569,-1,-1,-1
184,-1,521.43,306.47,55.569,168.71,0.69739,-1,-1,-1
184,-1,708.6,322.64,44.948,136.84,0.68649,-1,-1,-1
184,-1,825,321,39,119,0.37347,-1,-1,-1
184,-1,81,337,39,119,0.37246,-1,-1,-1
184,-1,497.24,203.17,90.896,274.69,0.29768,-1,-1,-1
184,-1,451.14,343.97,20.435,63.306,-0.14221,-1,-1,-1
184,-1,750.48,328.24,25.39,78.17,-0.21548,-1,-1,-1
184,-1,837,90.571,148.29,446.86,-0.24643,-1,-1,-1
184,-1,745,289,39,119,-0.41981,-1,-1,-1
184,-1,697.44,265.65,68.644,207.93,-0.46295,-1,-1,-1
184,-1,1025.3,257.08,97.492,294.47,-0.4731,-1,-1,-1
184,-1,361,289,39,119,-0.47938,-1,-1,-1
184,-1,429.87,117.96,63.98,193.94,-0.48562,-1,-1,-1
185,-1,1046,284.64,73.643,222.93,2.9068,-1,-1,-1
185,-1,1478.8,254.35,210.12,632.36,2.2626,-1,-1,-1
185,-1,883.47,329.1,55.569,168.71,1.4659,-1,-1,-1
185,-1,781.25,318.24,41.871,127.61,1.3788,-1,-1,-1
185,-1,1675.4,227.27,225.27,677.82,1.1241,-1,-1,-1
185,-1,521.43,306.47,55.569,168.71,0.6996,-1,-1,-1
185,-1,212.36,331.83,44.948,136.84,0.66443,-1,-1,-1
185,-1,708.6,322.64,44.948,136.84,0.25395,-1,-1,-1
185,-1,493.46,197.98,97.492,294.47,0.21585,-1,-1,-1
185,-1,81,337,39,119,0.15054,-1,-1,-1
185,-1,829.53,321.96,36.321,110.96,0.066714,-1,-1,-1
185,-1,451.14,343.97,20.435,63.306,-0.039765,-1,-1,-1
185,-1,745,289,39,119,-0.18477,-1,-1,-1
185,-1,386.96,322.64,44.948,136.84,-0.34171,-1,-1,-1
185,-1,689.79,273.92,63.98,193.94,-0.40672,-1,-1,-1
186,-1,1046,284.64,73.643,222.93,2.9381,-1,-1,-1
186,-1,1675.4,227.27,225.27,677.82,2.2045,-1,-1,-1
186,-1,1458.7,276.78,195.98,589.95,1.7744,-1,-1,-1
186,-1,781.25,318.24,41.871,127.61,1.5227,-1,-1,-1
186,-1,528.8,307.13,51.78,157.34,1.2875,-1,-1,-1
186,-1,825,321,39,119,1.0662,-1,-1,-1
186,-1,215.35,335.39,41.871,127.61,1.0191,-1,-1,-1
186,-1,872.16,329.1,55.569,168.71,0.96113,-1,-1,-1
186,-1,697.7,286.01,51.78,157.34,0.47706,-1,-1,-1
186,-1,81,337,39,119,0.3884,-1,-1,-1
186,-1,486.58,191.01,104.56,315.68,0.17827,-1,-1,-1
186,-1,749.54,330.95,23.623,72.869,0.12523,-1,-1,-1
186,-1,913,321,39,119,-0.15847,-1,-1,-1
186,-1,1449.6,223.86,277.58,834.73,-0.1765,-1,-1,-1
186,-1,451.14,339.68,20.435,63.306,-0.19401,-1,-1,-1
186,-1,881.78,299.57,73.643,222.93,-0.30319,-1,-1,-1
186,-1,369,273,79,239,-0.43606,-1,-1,-1
187,-1,1046,284.64,73.643,222.93,2.9597,-1,-1,-1
187,-1,1675.4,227.27,225.27,677.82,2.0141,-1,-1,-1
187,-1,1458.7,276.78,195.98,589.95,1.9906,-1,-1,-1
187,-1,872.16,329.1,55.569,168.71,1.7581,-1,-1,-1
187,-1,521.43,306.47,55.569,168.71,1.4461,-1,-1,-1
187,-1,215.35,335.39,41.871,127.61,1.3431,-1,-1,-1
187,-1,777,329,39,119,0.95978,-1,-1,-1
187,-1,825,321,39,119,0.86574,-1,-1,-1
187,-1,708.6,322.64,44.948,136.84,0.59797,-1,-1,-1
187,-1,73,337,39,119,0.31208,-1,-1,-1
187,-1,377.77,322.64,44.948,136.84,0.29568,-1,-1,-1
187,-1,746.19,300.47,33.822,103.47,0.066715,-1,-1,-1
187,-1,486.58,169.9,104.56,315.68,-0.023827,-1,-1,-1
187,-1,913,321,39,119,-0.061401,-1,-1,-1
187,-1,836.73,112.43,138.29,416.86,-0.23784,-1,-1,-1
187,-1,681,209,39,119,-0.2417,-1,-1,-1
187,-1,1449.6,223.86,277.58,834.73,-0.24812,-1,-1,-1
187,-1,689.79,260.92,63.98,193.94,-0.3052,-1,-1,-1
187,-1,377.77,442.1,44.948,136.84,-0.39219,-1,-1,-1
187,-1,361.12,309.67,84.742,256.23,-0.47483,-1,-1,-1
188,-1,1046,284.64,73.643,222.93,1.9856,-1,-1,-1
188,-1,872.16,329.1,55.569,168.71,1.7439,-1,-1,-1
188,-1,1449.2,272.53,225.27,677.82,1.6242,-1,-1,-1
188,-1,1650.1,243.51,241.51,726.54,1.5804,-1,-1,-1
188,-1,521.43,306.47,55.569,168.71,0.99102,-1,-1,-1
188,-1,781.25,326.82,41.871,127.61,0.4797,-1,-1,-1
188,-1,215.35,335.39,41.871,127.61,0.26284,-1,-1,-1
188,-1,712.66,326.82,41.871,127.61,0.25242,-1,-1,-1
188,-1,825,321,39,119,0.16331,-1,-1,-1
188,-1,750.48,322.96,25.39,78.17,-0.053434,-1,-1,-1
188,-1,377,385,39,119,-0.14681,-1,-1,-1
188,-1,864.59,84.573,138.29,416.86,-0.15284,-1,-1,-1
188,-1,486.58,169.9,104.56,315.68,-0.21721,-1,-1,-1
188,-1,691.14,272.53,55.569,168.71,-0.23962,-1,-1,-1
188,-1,377.77,442.1,44.948,136.84,-0.35938,-1,-1,-1
189,-1,1045.7,293.5,68.644,207.93,2.7901,-1,-1,-1
189,-1,1650.1,243.51,241.51,726.54,2.1008,-1,-1,-1
189,-1,1458.7,276.78,195.98,589.95,1.9848,-1,-1,-1
189,-1,877.15,338.79,51.78,157.34,1.9105,-1,-1,-1
189,-1,221.55,331.83,44.948,136.84,1.0511,-1,-1,-1
189,-1,708.6,322.64,44.948,136.84,0.9908,-1,-1,-1
189,-1,523.01,316.17,48.246,146.74,0.78857,-1,-1,-1
189,-1,1045,276.78,97.492,294.47,0.47349,-1,-1,-1
189,-1,825,321,39,119,0.45366,-1,-1,-1
189,-1,739.96,299.57,36.321,110.96,0.32973,-1,-1,-1
189,-1,73,337,39,119,0.19438,-1,-1,-1
189,-1,493.46,197.98,97.492,294.47,0.09023,-1,-1,-1
189,-1,913,321,39,119,-0.070502,-1,-1,-1
189,-1,1449.6,223.86,277.58,834.73,-0.090028,-1,-1,-1
189,-1,781.25,326.82,41.871,127.61,-0.096088,-1,-1,-1
189,-1,866.85,314.5,73.643,222.93,-0.20735,-1,-1,-1
189,-1,689.79,273.92,63.98,193.94,-0.22735,-1,-1,-1
189,-1,702.45,136.76,112.14,338.41,-0.34152,-1,-1,-1
189,-1,368.58,442.1,44.948,136.84,-0.34635,-1,-1,-1
189,-1,836.73,84.573,138.29,416.86,-0.42913,-1,-1,-1
190,-1,1059.6,293.5,68.644,207.93,3.1486,-1,-1,-1
190,-1,877.15,338.79,51.78,157.34,2.3156,-1,-1,-1
190,-1,1675.4,272.53,225.27,677.82,2.0366,-1,-1,-1
190,-1,1458.7,276.78,195.98,589.95,1.9517,-1,-1,-1
190,-1,781.25,326.82,41.871,127.61,1.2221,-1,-1,-1
190,-1,521.43,306.47,55.569,168.71,1.1953,-1,-1,-1
190,-1,713,329,39,119,1.1949,-1,-1,-1
190,-1,223.93,335.39,41.871,127.61,1.0971,-1,-1,-1
190,-1,825,321,39,119,0.92516,-1,-1,-1
190,-1,73,337,39,119,0.58442,-1,-1,-1
190,-1,1045,276.78,97.492,294.47,0.56293,-1,-1,-1
190,-1,32.668,338.79,25.39,78.17,0.51363,-1,-1,-1
190,-1,913,329,39,119,0.41615,-1,-1,-1
190,-1,493.46,197.98,97.492,294.47,0.23282,-1,-1,-1
190,-1,385,329,39,119,0.15996,-1,-1,-1
190,-1,704.29,279.89,59.629,180.89,0.097325,-1,-1,-1
190,-1,754.55,336.42,21.974,67.922,-0.23376,-1,-1,-1
190,-1,368.58,276.69,90.896,274.69,-0.25204,-1,-1,-1
190,-1,866.85,299.57,73.643,222.93,-0.27688,-1,-1,-1
190,-1,864.59,84.573,138.29,416.86,-0.35971,-1,-1,-1
190,-1,1449.6,168.15,277.58,834.73,-0.37166,-1,-1,-1
190,-1,745,297,39,119,-0.4701,-1,-1,-1
191,-1,1060.9,299.57,73.643,222.93,3.2586,-1,-1,-1
191,-1,1675.4,272.53,225.27,677.82,2.3526,-1,-1,-1
191,-1,1449.2,272.53,225.27,677.82,1.9586,-1,-1,-1
191,-1,877.15,338.79,51.78,157.34,1.73,-1,-1,-1
191,-1,510.28,304.14,59.629,180.89,1.6368,-1,-1,-1
191,-1,712.66,326.82,41.871,127.61,1.3775,-1,-1,-1
191,-1,825,329,39,119,1.2702,-1,-1,-1
191,-1,772.93,322.64,44.948,136.84,1.0965,-1,-1,-1
191,-1,223.93,335.39,41.871,127.61,0.99985,-1,-1,-1
191,-1,493.46,197.98,97.492,294.47,0.41085,-1,-1,-1
191,-1,913,329,39,119,0.18902,-1,-1,-1
191,-1,702.79,273.92,63.98,193.94,0.17836,-1,-1,-1
191,-1,68.178,336.89,36.321,110.96,0.15015,-1,-1,-1
191,-1,1025.3,257.08,97.492,294.47,0.10397,-1,-1,-1
191,-1,866.85,314.5,73.643,222.93,0.038538,-1,-1,-1
191,-1,385,329,39,119,-0.11282,-1,-1,-1
191,-1,369.69,446.86,41.871,127.61,-0.31549,-1,-1,-1
191,-1,1560.5,260.92,258.92,778.76,-0.31642,-1,-1,-1
191,-1,864.59,84.573,138.29,416.86,-0.34925,-1,-1,-1
192,-1,1060.9,299.57,73.643,222.93,2.8143,-1,-1,-1
192,-1,1647.7,296.57,210.12,632.36,1.8563,-1,-1,-1
192,-1,1436.6,296.57,210.12,632.36,1.7461,-1,-1,-1
192,-1,872.16,340.41,55.569,168.71,1.6819,-1,-1,-1
192,-1,518.25,317.68,51.78,157.34,1.564,-1,-1,-1
192,-1,221.55,331.83,44.948,136.84,1.2122,-1,-1,-1
192,-1,708.6,331.83,44.948,136.84,1.2036,-1,-1,-1
192,-1,825,329,39,119,0.93378,-1,-1,-1
192,-1,777,329,39,119,0.7713,-1,-1,-1
192,-1,913,329,39,119,0.68134,-1,-1,-1
192,-1,702.79,273.92,63.98,193.94,0.22555,-1,-1,-1
192,-1,68.178,336.89,36.321,110.96,0.19279,-1,-1,-1
192,-1,493.46,197.98,97.492,294.47,0.17954,-1,-1,-1
192,-1,1025.3,276.78,97.492,294.47,0.021191,-1,-1,-1
192,-1,369.69,446.86,41.871,127.61,-0.19237,-1,-1,-1
192,-1,764.92,292.02,59.629,180.89,-0.23647,-1,-1,-1
192,-1,385,329,39,119,-0.26996,-1,-1,-1
192,-1,836.73,112.43,138.29,416.86,-0.36944,-1,-1,-1
193,-1,1047.1,292.52,84.742,256.23,2.9006,-1,-1,-1
193,-1,1419.3,316.17,195.98,589.95,2.3169,-1,-1,-1
193,-1,1647.7,296.57,210.12,632.36,2.2518,-1,-1,-1
193,-1,510.28,304.14,59.629,180.89,1.5375,-1,-1,-1
193,-1,874.05,328.39,59.629,180.89,1.4009,-1,-1,-1
193,-1,708.6,322.64,44.948,136.84,0.88153,-1,-1,-1
193,-1,825,329,39,119,0.70092,-1,-1,-1
193,-1,777,329,39,119,0.57979,-1,-1,-1
193,-1,221.55,331.83,44.948,136.84,0.41002,-1,-1,-1
193,-1,368.58,442.1,44.948,136.84,0.35603,-1,-1,-1
193,-1,910.77,322.64,44.948,136.84,0.15218,-1,-1,-1
193,-1,493.46,197.98,97.492,294.47,0.10533,-1,-1,-1
193,-1,1456.6,208.94,258.92,778.76,0.05253,-1,-1,-1
193,-1,378.26,326.82,41.871,127.61,-0.13036,-1,-1,-1
193,-1,689.79,273.92,63.98,193.94,-0.24449,-1,-1,-1
193,-1,764.92,292.02,59.629,180.89,-0.33909,-1,-1,-1
193,-1,858.42,275.37,84.742,256.23,-0.43713,-1,-1,-1
193,-1,68.178,336.89,36.321,110.96,-0.43801,-1,-1,-1
193,-1,386.84,515.45,41.871,127.61,-0.45458,-1,-1,-1
193,-1,746.19,307.43,33.822,103.47,-0.45913,-1,-1,-1
193,-1,89,337,39,119,-0.47001,-1,-1,-1
193,-1,1313.4,227.27,225.27,677.82,-0.4857,-1,-1,-1
193,-1,43.224,328.24,51.78,157.34,-0.49376,-1,-1,-1
194,-1,1047.1,292.52,84.742,256.23,2.6442,-1,-1,-1
194,-1,1419.3,316.17,195.98,589.95,2.2333,-1,-1,-1
194,-1,510.28,304.14,59.629,180.89,1.9967,-1,-1,-1
194,-1,1630.2,272.53,225.27,677.82,1.6941,-1,-1,-1
194,-1,772.68,326.82,41.871,127.61,1.4946,-1,-1,-1
194,-1,866.6,338.79,51.78,157.34,1.4365,-1,-1,-1
194,-1,825,329,39,119,1.2093,-1,-1,-1
194,-1,708.6,322.64,44.948,136.84,1.0704,-1,-1,-1
194,-1,223.93,326.82,41.871,127.61,0.70516,-1,-1,-1
194,-1,913,329,39,119,0.3162,-1,-1,-1
194,-1,493.46,197.98,97.492,294.47,0.30036,-1,-1,-1
194,-1,851.93,299.57,73.643,222.93,0.13759,-1,-1,-1
194,-1,361.12,446.86,41.871,127.61,-0.15808,-1,-1,-1
194,-1,1324.3,368.58,182.79,550.38,-0.3952,-1,-1,-1
194,-1,1456.6,208.94,258.92,778.76,-0.46448,-1,-1,-1
194,-1,73,329,39,119,-0.46827,-1,-1,-1
194,-1,385,329,39,119,-0.47128,-1,-1,-1
195,-1,1394.4,296.57,210.12,632.36,2.6328,-1,-1,-1
195,-1,1057,305,79,239,2.5951,-1,-1,-1
195,-1,1616.3,316.17,195.98,589.95,2.0864,-1,-1,-1
195,-1,510.28,304.14,59.629,180.89,1.4267,-1,-1,-1
195,-1,708.6,322.64,44.948,136.84,1.1196,-1,-1,-1
195,-1,921,329,39,119,1.0401,-1,-1,-1
195,-1,777,329,39,119,0.8741,-1,-1,-1
195,-1,872.16,340.41,55.569,168.71,0.78646,-1,-1,-1
195,-1,825,329,39,119,0.74872,-1,-1,-1
195,-1,1664.5,260.92,258.92,778.76,0.6836,-1,-1,-1
195,-1,493.46,197.98,97.492,294.47,0.63846,-1,-1,-1
195,-1,223.93,335.39,41.871,127.61,0.37893,-1,-1,-1
195,-1,754.46,335.87,23.623,72.869,-0.048303,-1,-1,-1
195,-1,764.92,279.89,59.629,180.89,-0.19438,-1,-1,-1
195,-1,702.79,273.92,63.98,193.94,-0.23905,-1,-1,-1
195,-1,1508.5,260.92,258.92,778.76,-0.2702,-1,-1,-1
195,-1,377.77,322.64,44.948,136.84,-0.33276,-1,-1,-1
195,-1,364.89,468.86,63.98,193.94,-0.39273,-1,-1,-1
195,-1,858.42,275.37,84.742,256.23,-0.41181,-1,-1,-1
196,-1,1073,305,79,239,2.9229,-1,-1,-1
196,-1,1605.5,296.57,210.12,632.36,2.03,-1,-1,-1
196,-1,1379.9,316.17,195.98,589.95,1.9742,-1,-1,-1
196,-1,772.93,322.64,44.948,136.84,1.2761,-1,-1,-1
196,-1,872.16,340.41,55.569,168.71,1.0449,-1,-1,-1
196,-1,712.66,326.82,41.871,127.61,1.0444,-1,-1,-1
196,-1,507.85,299.91,63.98,193.94,0.90105,-1,-1,-1
196,-1,921,329,39,119,0.845,-1,-1,-1
196,-1,221.55,322.64,44.948,136.84,0.32016,-1,-1,-1
196,-1,833,329,39,119,0.28848,-1,-1,-1
196,-1,1553.6,239.86,297.57,894.71,0.15199,-1,-1,-1
196,-1,493.46,197.98,97.492,294.47,0.0010071,-1,-1,-1
196,-1,1035.5,275.46,104.56,315.68,-0.26541,-1,-1,-1
196,-1,836.73,112.43,138.29,416.86,-0.28439,-1,-1,-1
196,-1,767.77,273.92,63.98,193.94,-0.33688,-1,-1,-1
196,-1,686.94,223.93,84.742,256.23,-0.36082,-1,-1,-1
197,-1,1073,305,79,239,3.1982,-1,-1,-1
197,-1,1394.4,296.57,210.12,632.36,2.2258,-1,-1,-1
197,-1,1605.5,296.57,210.12,632.36,1.9964,-1,-1,-1
197,-1,712.66,335.39,41.871,127.61,1.1575,-1,-1,-1
197,-1,872.16,340.41,55.569,168.71,0.95855,-1,-1,-1
197,-1,772.68,326.82,41.871,127.61,0.44737,-1,-1,-1
197,-1,832.7,326.82,41.871,127.61,0.38436,-1,-1,-1
197,-1,1553.6,239.86,297.57,894.71,0.34623,-1,-1,-1
197,-1,493.46,197.98,97.492,294.47,0.12275,-1,-1,-1
197,-1,921,329,39,119,0.11488,-1,-1,-1
197,-1,1030.2,295.07,90.896,274.69,-0.060072,-1,-1,-1
197,-1,233,337,39,119,-0.12973,-1,-1,-1
197,-1,753.16,307.43,33.822,103.47,-0.15916,-1,-1,-1
197,-1,702.79,286.91,63.98,193.94,-0.17502,-1,-1,-1
197,-1,777.05,279.89,59.629,180.89,-0.29267,-1,-1,-1
197,-1,459.21,312.13,27.284,83.853,-0.41349,-1,-1,-1
197,-1,836.73,112.43,138.29,416.86,-0.42633,-1,-1,-1
198,-1,1073,305,79,239,3.3968,-1,-1,-1
198,-1,1394.4,296.57,210.12,632.36,2.2539,-1,-1,-1
198,-1,1601.6,292.02,241.51,726.54,1.808,-1,-1,-1
198,-1,872.16,340.41,55.569,168.71,1.1911,-1,-1,-1
198,-1,717.79,331.83,44.948,136.84,0.94111,-1,-1,-1
198,-1,833,329,39,119,0.84971,-1,-1,-1
198,-1,232.5,335.39,41.871,127.61,0.7159,-1,-1,-1
198,-1,510.28,304.14,59.629,180.89,0.46174,-1,-1,-1
198,-1,781.25,335.39,41.871,127.61,0.42502,-1,-1,-1
198,-1,929,329,39,119,0.38635,-1,-1,-1
198,-1,702.79,286.91,63.98,193.94,-0.2674,-1,-1,-1
198,-1,498.8,182.02,112.14,338.41,-0.28227,-1,-1,-1
198,-1,836.73,112.43,138.29,416.86,-0.28488,-1,-1,-1
198,-1,1035.5,275.46,104.56,315.68,-0.43831,-1,-1,-1
198,-1,767.77,286.91,63.98,193.94,-0.48454,-1,-1,-1
199,-1,1073,305,79,239,2.551,-1,-1,-1
199,-1,1394.4,296.57,210.12,632.36,2.2336,-1,-1,-1
199,-1,1630.2,272.53,225.27,677.82,2.1703,-1,-1,-1
199,-1,877.15,349.35,51.78,157.34,1.6095,-1,-1,-1
199,-1,233,337,39,119,0.83012,-1,-1,-1
199,-1,717.79,331.83,44.948,136.84,0.5248,-1,-1,-1
199,-1,781.25,335.39,41.871,127.61,0.18119,-1,-1,-1
199,-1,521.43,317.78,55.569,168.71,0.090209,-1,-1,-1
199,-1,841,329,39,119,-0.0095989,-1,-1,-1
199,-1,837,90.571,148.29,446.86,-0.093313,-1,-1,-1
199,-1,702.79,273.92,63.98,193.94,-0.14223,-1,-1,-1
199,-1,1537,193,319,959,-0.34382,-1,-1,-1
199,-1,705,209,39,119,-0.3862,-1,-1,-1
200,-1,1089,305,79,239,2.9717,-1,-1,-1
200,-1,1394.4,296.57,210.12,632.36,2.3934,-1,-1,-1
200,-1,1630.2,272.53,225.27,677.82,2.2264,-1,-1,-1
200,-1,721.23,335.39,41.871,127.61,1.5912,-1,-1,-1
200,-1,874.05,340.52,59.629,180.89,1.3782,-1,-1,-1
200,-1,782.11,331.83,44.948,136.84,0.94118,-1,-1,-1
200,-1,841,337,39,119,0.68521,-1,-1,-1
200,-1,929,337,39,119,0.45749,-1,-1,-1
200,-1,241,345,39,119,0.44482,-1,-1,-1
200,-1,1048.6,295.07,90.896,274.69,0.3196,-1,-1,-1
200,-1,507.85,299.91,63.98,193.94,0.25384,-1,-1,-1
200,-1,1508.5,260.92,258.92,778.76,-0.11564,-1,-1,-1
200,-1,837,90.571,148.29,446.86,-0.16158,-1,-1,-1
200,-1,702.79,286.91,63.98,193.94,-0.2618,-1,-1,-1
200,-1,498.8,182.02,112.14,338.41,-0.30139,-1,-1,-1
200,-1,1601,65,319,959,-0.35013,-1,-1,-1
200,-1,789.17,292.02,59.629,180.89,-0.39369,-1,-1,-1
201,-1,1601.6,292.02,241.51,726.54,2.3268,-1,-1,-1
201,-1,1098.5,309.67,84.742,256.23,2.2298,-1,-1,-1
201,-1,1394.4,296.57,210.12,632.36,1.4724,-1,-1,-1
201,-1,883.47,351.72,55.569,168.71,1.2583,-1,-1,-1
201,-1,249.65,352.54,41.871,127.61,0.36003,-1,-1,-1
201,-1,726.98,341.01,44.948,136.84,0.060203,-1,-1,-1
201,-1,837,90.571,148.29,446.86,-0.18992,-1,-1,-1
201,-1,49.503,304.14,59.629,180.89,-0.34287,-1,-1,-1
201,-1,721,225,39,119,-0.3466,-1,-1,-1
201,-1,789.83,343.97,41.871,127.61,-0.35247,-1,-1,-1
202,-1,1601.6,292.02,241.51,726.54,1.9415,-1,-1,-1
202,-1,1358.6,317.78,225.27,677.82,1.7513,-1,-1,-1
202,-1,1098.5,309.67,84.742,256.23,1.6771,-1,-1,-1
202,-1,887.71,359.91,51.78,157.34,0.68026,-1,-1,-1
202,-1,824.12,69.594,170.48,513.45,-0.28823,-1,-1,-1
203,-1,1105,321,79,239,3.7868,-1,-1,-1
203,-1,1601.6,292.02,241.51,726.54,2.1371,-1,-1,-1
203,-1,1358.6,317.78,225.27,677.82,1.9439,-1,-1,-1
203,-1,800.49,350.2,44.948,136.84,1.7987,-1,-1,-1
203,-1,739.69,345.72,48.246,146.74,1.6582,-1,-1,-1
203,-1,898.27,359.91,51.78,157.34,1.444,-1,-1,-1
203,-1,865,353,39,119,1.3589,-1,-1,-1
203,-1,265,361,39,119,1.0276,-1,-1,-1
203,-1,953,353,39,119,0.72139,-1,-1,-1
203,-1,1119.9,296.57,104.56,315.68,0.22422,-1,-1,-1
203,-1,1064.7,296.47,97.492,294.47,0.1527,-1,-1,-1
203,-1,793.76,299.91,63.98,193.94,-0.1011,-1,-1,-1
203,-1,59.058,354.63,25.39,78.17,-0.22874,-1,-1,-1
203,-1,113,353,39,119,-0.26522,-1,-1,-1
203,-1,715.78,312.9,63.98,193.94,-0.38316,-1,-1,-1
203,-1,849.8,170.76,120.26,362.77,-0.44419,-1,-1,-1
204,-1,1115.6,326.82,84.742,256.23,3.257,-1,-1,-1
204,-1,1394.4,338.79,210.12,632.36,2.1849,-1,-1,-1
204,-1,906.1,363.04,55.569,168.71,1.9365,-1,-1,-1
204,-1,1630.2,317.78,225.27,677.82,1.8825,-1,-1,-1
204,-1,749.54,345.72,48.246,146.74,1.7899,-1,-1,-1
204,-1,809.68,350.2,44.948,136.84,1.1952,-1,-1,-1
204,-1,275.37,361.12,41.871,127.61,0.61871,-1,-1,-1
204,-1,961.31,352.54,41.871,127.61,0.37855,-1,-1,-1
204,-1,873,353,39,119,0.34165,-1,-1,-1
204,-1,412.56,352.54,41.871,127.61,0.094378,-1,-1,-1
204,-1,1092.3,219.26,120.26,362.77,-0.18379,-1,-1,-1
204,-1,533.84,325.9,63.98,193.94,-0.32335,-1,-1,-1
204,-1,113,353,39,119,-0.32568,-1,-1,-1
204,-1,866.85,120.43,148.29,446.86,-0.37203,-1,-1,-1
204,-1,1537,257,319,959,-0.40471,-1,-1,-1
204,-1,725.3,307.43,68.644,207.93,-0.42498,-1,-1,-1
205,-1,1122.1,313.45,90.896,274.69,2.4489,-1,-1,-1
205,-1,1394.4,338.79,210.12,632.36,2.171,-1,-1,-1
205,-1,1630.2,317.78,225.27,677.82,2.0223,-1,-1,-1
205,-1,917.41,363.04,55.569,168.71,1.244,-1,-1,-1
205,-1,815.55,352.54,41.871,127.61,0.50395,-1,-1,-1
205,-1,289,361,39,119,0.26774,-1,-1,-1
205,-1,969,361,39,119,0.074858,-1,-1,-1
205,-1,753,377,39,119,-0.074729,-1,-1,-1
205,-1,866.85,90.571,148.29,446.86,-0.17649,-1,-1,-1
205,-1,140.29,42.786,68.644,207.93,-0.35065,-1,-1,-1
206,-1,1149.9,326.82,84.742,256.23,2.6336,-1,-1,-1
206,-1,1403.9,317.78,225.27,677.82,2.5194,-1,-1,-1
206,-1,1647.7,338.79,210.12,632.36,2.2546,-1,-1,-1
206,-1,929.93,370.46,51.78,157.34,1.3573,-1,-1,-1
206,-1,828.06,350.2,44.948,136.84,1.1531,-1,-1,-1
206,-1,305,361,39,119,0.83273,-1,-1,-1
206,-1,771.59,338.79,51.78,157.34,0.57963,-1,-1,-1
206,-1,892.39,341.01,44.948,136.84,0.39594,-1,-1,-1
206,-1,987.03,361.12,41.871,127.61,0.24876,-1,-1,-1
206,-1,1613.3,239.86,297.57,894.71,-0.029318,-1,-1,-1
206,-1,117.12,328.24,51.78,157.34,-0.47823,-1,-1,-1
207,-1,1158.9,331.83,90.896,274.69,2.6101,-1,-1,-1
207,-1,1394.4,338.79,210.12,632.36,2.3483,-1,-1,-1
207,-1,782.11,359.39,44.948,136.84,1.6752,-1,-1,-1
207,-1,934.68,364.77,59.629,180.89,1.3785,-1,-1,-1
207,-1,1616.7,279.58,277.58,834.73,1.3733,-1,-1,-1
207,-1,841.27,361.12,41.871,127.61,1.204,-1,-1,-1
207,-1,313,361,39,119,1.0793,-1,-1,-1
207,-1,993,361,39,119,0.39568,-1,-1,-1
207,-1,905,361,39,119,-0.023176,-1,-1,-1
207,-1,767.77,325.9,63.98,193.94,-0.053935,-1,-1,-1
207,-1,558.78,340.52,59.629,180.89,-0.10808,-1,-1,-1
207,-1,832.75,312.9,63.98,193.94,-0.40291,-1,-1,-1
207,-1,153,353,39,119,-0.49321,-1,-1,-1
208,-1,1158.9,331.83,90.896,274.69,2.6576,-1,-1,-1
208,-1,1419.3,355.57,195.98,589.95,2.1934,-1,-1,-1
208,-1,1630.2,317.78,225.27,677.82,1.9469,-1,-1,-1
208,-1,940.04,374.35,55.569,168.71,0.92549,-1,-1,-1
208,-1,1001,361,39,119,0.83415,-1,-1,-1
208,-1,849,361,39,119,0.75622,-1,-1,-1
208,-1,321,361,39,119,0.72995,-1,-1,-1
208,-1,779.08,355.57,48.246,146.74,0.40263,-1,-1,-1
208,-1,1338.2,279.58,277.58,834.73,0.026589,-1,-1,-1
208,-1,910.77,341.01,44.948,136.84,-0.053848,-1,-1,-1
208,-1,378.26,395.41,84.742,256.23,-0.42596,-1,-1,-1
208,-1,1655.7,60.095,48.246,146.74,-0.43826,-1,-1,-1
208,-1,909.86,309.67,84.742,256.23,-0.44442,-1,-1,-1
209,-1,1167.1,326.82,84.742,256.23,2.8496,-1,-1,-1
209,-1,1630.2,317.78,225.27,677.82,1.8992,-1,-1,-1
209,-1,1403.9,317.78,225.27,677.82,1.7776,-1,-1,-1
209,-1,951.35,374.35,55.569,168.71,1.4238,-1,-1,-1
209,-1,791.3,359.39,44.948,136.84,1.3339,-1,-1,-1
209,-1,855.63,359.39,44.948,136.84,1.3111,-1,-1,-1
209,-1,326.82,361.12,41.871,127.61,1.0725,-1,-1,-1
209,-1,1008.7,366.75,36.321,110.96,1.0133,-1,-1,-1
209,-1,921,361,39,119,0.34245,-1,-1,-1
209,-1,641,373,19,59,-0.057933,-1,-1,-1
209,-1,1177.6,340.41,112.14,338.41,-0.17967,-1,-1,-1
209,-1,845.74,312.9,63.98,193.94,-0.31086,-1,-1,-1
209,-1,650.8,130.96,63.98,193.94,-0.36048,-1,-1,-1
209,-1,780.76,312.9,63.98,193.94,-0.37258,-1,-1,-1
209,-1,1143.2,196,138.29,416.86,-0.37795,-1,-1,-1
209,-1,1601,257,319,959,-0.39613,-1,-1,-1
209,-1,892.72,69.594,170.48,513.45,-0.39689,-1,-1,-1
209,-1,161,361,39,119,-0.43952,-1,-1,-1
209,-1,402.64,351.72,27.284,83.853,-0.45856,-1,-1,-1
209,-1,572.83,325.9,63.98,193.94,-0.47842,-1,-1,-1
210,-1,1177.3,331.83,90.896,274.69,2.8709,-1,-1,-1
210,-1,1394.4,338.79,210.12,632.36,1.7357,-1,-1,-1
210,-1,800.49,359.39,44.948,136.84,1.7335,-1,-1,-1
210,-1,951.05,370.46,51.78,157.34,1.5864,-1,-1,-1
210,-1,1630.2,317.78,225.27,677.82,1.5333,-1,-1,-1
210,-1,335.39,361.12,41.871,127.61,1.1179,-1,-1,-1
210,-1,1012.8,361.12,41.871,127.61,1.093,-1,-1,-1
210,-1,855.63,350.2,44.948,136.84,1.0482,-1,-1,-1
210,-1,177,353,39,119,0.21319,-1,-1,-1
210,-1,921,361,39,119,0.17331,-1,-1,-1
210,-1,941.5,359.28,73.643,222.93,-0.25476,-1,-1,-1
210,-1,793.76,312.9,63.98,193.94,-0.37889,-1,-1,-1
210,-1,861.93,316.27,59.629,180.89,-0.38731,-1,-1,-1
210,-1,589.13,350.2,44.948,136.84,-0.38735,-1,-1,-1
210,-1,1189.3,316.27,120.26,362.77,-0.39956,-1,-1,-1
210,-1,1675.4,60.095,48.246,146.74,-0.42619,-1,-1,-1
210,-1,1601,257,319,959,-0.48699,-1,-1,-1
211,-1,1201.4,326.82,84.742,256.23,3.4526,-1,-1,-1
211,-1,809.68,359.39,44.948,136.84,1.8661,-1,-1,-1
211,-1,961.6,370.46,51.78,157.34,1.7569,-1,-1,-1
211,-1,343.97,361.12,41.871,127.61,1.5311,-1,-1,-1
211,-1,1650.1,292.02,241.51,726.54,1.4834,-1,-1,-1
211,-1,1403.9,317.78,225.27,677.82,1.2929,-1,-1,-1
211,-1,1025,361,39,119,0.77972,-1,-1,-1
211,-1,864.82,350.2,44.948,136.84,0.72642,-1,-1,-1
211,-1,935.59,352.54,41.871,127.61,0.17853,-1,-1,-1
211,-1,585.82,338.9,63.98,193.94,-0.038769,-1,-1,-1
211,-1,956.43,359.28,73.643,222.93,-0.062927,-1,-1,-1
211,-1,1158.9,331.83,90.896,274.69,-0.21844,-1,-1,-1
211,-1,185,353,39,119,-0.34669,-1,-1,-1
211,-1,871.73,299.91,63.98,193.94,-0.4457,-1,-1,-1
212,-1,1202.6,316.17,97.492,294.47,3.3191,-1,-1,-1
212,-1,1650.1,292.02,241.51,726.54,1.9184,-1,-1,-1
212,-1,972.16,370.46,51.78,157.34,1.6314,-1,-1,-1
212,-1,1403.9,317.78,225.27,677.82,1.5924,-1,-1,-1
212,-1,352.54,361.12,41.871,127.61,1.3449,-1,-1,-1
212,-1,815.55,361.12,41.871,127.61,0.87473,-1,-1,-1
212,-1,937,361,39,119,0.71969,-1,-1,-1
212,-1,874.01,350.2,44.948,136.84,0.5994,-1,-1,-1
212,-1,1033,361,39,119,0.26997,-1,-1,-1
212,-1,193,353,39,119,-0.063966,-1,-1,-1
212,-1,956.43,344.36,73.643,222.93,-0.19001,-1,-1,-1
212,-1,583.04,340.52,59.629,180.89,-0.22179,-1,-1,-1
212,-1,1312.9,318.24,41.871,127.61,-0.33989,-1,-1,-1
213,-1,1214,331.83,90.896,274.69,2.7125,-1,-1,-1
213,-1,1403.9,317.78,225.27,677.82,2.0204,-1,-1,-1
213,-1,1650.1,292.02,241.51,726.54,1.8712,-1,-1,-1
213,-1,972.16,370.46,51.78,157.34,1.3331,-1,-1,-1
213,-1,361,361,39,119,1.3297,-1,-1,-1
213,-1,818.87,350.2,44.948,136.84,1.0321,-1,-1,-1
213,-1,881,361,39,119,0.72568,-1,-1,-1
213,-1,944.16,352.54,41.871,127.61,0.62552,-1,-1,-1
213,-1,806.75,312.9,63.98,193.94,0.12001,-1,-1,-1
213,-1,1033,361,39,119,0.11574,-1,-1,-1
213,-1,948.16,335.29,68.644,207.93,-0.079435,-1,-1,-1
213,-1,583.04,340.52,59.629,180.89,-0.21895,-1,-1,-1
213,-1,193,353,39,119,-0.22128,-1,-1,-1
213,-1,883.47,329.1,55.569,168.71,-0.36832,-1,-1,-1
213,-1,1507.9,69.944,48.246,146.74,-0.43103,-1,-1,-1
213,-1,1196.6,286.91,128.96,388.88,-0.47867,-1,-1,-1
214,-1,1202.6,316.17,97.492,294.47,3.0888,-1,-1,-1
214,-1,1403.9,317.78,225.27,677.82,2.0637,-1,-1,-1
214,-1,1650.1,292.02,241.51,726.54,2.0002,-1,-1,-1
214,-1,369,369,39,119,1.8242,-1,-1,-1
214,-1,973.98,363.04,55.569,168.71,1.614,-1,-1,-1
214,-1,818.48,355.57,48.246,146.74,1.1208,-1,-1,-1
214,-1,884.14,361.12,41.871,127.61,0.71656,-1,-1,-1
214,-1,945,361,39,119,0.67522,-1,-1,-1
214,-1,1041,361,39,119,0.67086,-1,-1,-1
214,-1,193,353,39,119,0.1674,-1,-1,-1
214,-1,736.17,671.84,44.948,136.84,-0.11756,-1,-1,-1
214,-1,715.78,663.8,63.98,193.94,-0.20649,-1,-1,-1
214,-1,352.65,316.27,59.629,180.89,-0.23353,-1,-1,-1
214,-1,585.82,338.9,63.98,193.94,-0.35579,-1,-1,-1
214,-1,808.87,293.5,68.644,207.93,-0.45203,-1,-1,-1
214,-1,439.08,354.63,25.39,78.17,-0.45619,-1,-1,-1
215,-1,1222.3,316.17,97.492,294.47,3.5508,-1,-1,-1
215,-1,1403.9,317.78,225.27,677.82,2.2729,-1,-1,-1
215,-1,1650.1,292.02,241.51,726.54,1.5047,-1,-1,-1
215,-1,971.06,364.77,59.629,180.89,1.3079,-1,-1,-1
215,-1,828.06,359.39,44.948,136.84,1.1611,-1,-1,-1
215,-1,369,361,39,119,1.0035,-1,-1,-1
215,-1,883.2,350.2,44.948,136.84,0.5911,-1,-1,-1
215,-1,953,353,39,119,0.40339,-1,-1,-1
215,-1,929.93,233.23,104.56,315.68,-0.11634,-1,-1,-1
215,-1,1049,361,39,119,-0.11724,-1,-1,-1
215,-1,819.75,312.9,63.98,193.94,-0.18197,-1,-1,-1
215,-1,363.04,317.78,55.569,168.71,-0.25831,-1,-1,-1
215,-1,201,353,39,119,-0.31272,-1,-1,-1
215,-1,602.7,359.91,51.78,157.34,-0.48763,-1,-1,-1
216,-1,1235.7,326.82,84.742,256.23,2.4948,-1,-1,-1
216,-1,1403.9,317.78,225.27,677.82,2.3441,-1,-1,-1
216,-1,1650.1,292.02,241.51,726.54,1.4442,-1,-1,-1
216,-1,993.27,370.46,51.78,157.34,1.0783,-1,-1,-1
216,-1,1057,361,39,119,0.79836,-1,-1,-1
216,-1,961,361,39,119,0.70235,-1,-1,-1
216,-1,838.18,355.57,48.246,146.74,0.59343,-1,-1,-1
216,-1,1237.8,292.02,120.26,362.77,0.47154,-1,-1,-1
216,-1,822.8,293.5,68.644,207.93,0.009027,-1,-1,-1
216,-1,377.77,359.39,44.948,136.84,-0.027988,-1,-1,-1
216,-1,897.27,355.57,48.246,146.74,-0.033137,-1,-1,-1
216,-1,736.17,681.03,44.948,136.84,-0.06297,-1,-1,-1
216,-1,971.35,329.43,73.643,222.93,-0.079793,-1,-1,-1
216,-1,951.05,233.23,104.56,315.68,-0.17736,-1,-1,-1
216,-1,217,353,39,119,-0.38051,-1,-1,-1
216,-1,381.02,644.92,51.78,157.34,-0.38814,-1,-1,-1
217,-1,1242,316.17,97.492,294.47,3.3368,-1,-1,-1
217,-1,1403.9,317.78,225.27,677.82,2.37,-1,-1,-1
217,-1,837.25,359.39,44.948,136.84,1.5826,-1,-1,-1
217,-1,386.84,361.12,41.871,127.61,1.2442,-1,-1,-1
217,-1,1057,361,39,119,0.97628,-1,-1,-1
217,-1,1650.1,292.02,241.51,726.54,0.95978,-1,-1,-1
217,-1,993.27,370.46,51.78,157.34,0.88741,-1,-1,-1
217,-1,961,361,39,119,0.77446,-1,-1,-1
217,-1,892.39,359.39,44.948,136.84,0.43445,-1,-1,-1
217,-1,971.35,344.36,73.643,222.93,0.28762,-1,-1,-1
217,-1,951.05,233.23,104.56,315.68,-0.2175,-1,-1,-1
217,-1,832.75,312.9,63.98,193.94,-0.37773,-1,-1,-1
217,-1,598.82,338.9,63.98,193.94,-0.42986,-1,-1,-1
217,-1,207.83,326.02,48.246,146.74,-0.47935,-1,-1,-1
217,-1,717.79,184.79,44.948,136.84,-0.48371,-1,-1,-1
217,-1,1345,65,319,959,-0.49546,-1,-1,-1
218,-1,1250.8,331.83,90.896,274.69,2.9925,-1,-1,-1
218,-1,1403.9,317.78,225.27,677.82,2.686,-1,-1,-1
218,-1,901.29,361.12,41.871,127.61,1.5618,-1,-1,-1
218,-1,993.27,370.46,51.78,157.34,1.5598,-1,-1,-1
218,-1,969,361,39,119,1.2955,-1,-1,-1
218,-1,838.18,355.57,48.246,146.74,1.2125,-1,-1,-1
218,-1,1675.4,317.78,225.27,677.82,1.0204,-1,-1,-1
218,-1,393,361,39,119,0.95648,-1,-1,-1
218,-1,1065,361,39,119,0.88033,-1,-1,-1
218,-1,971.35,344.36,73.643,222.93,0.50717,-1,-1,-1
218,-1,1204.4,317.68,104.56,315.68,-0.086599,-1,-1,-1
218,-1,611.94,351.72,55.569,168.71,-0.12924,-1,-1,-1
218,-1,1248.6,286.91,128.96,388.88,-0.16136,-1,-1,-1
218,-1,951.35,249.9,112.14,338.41,-0.22937,-1,-1,-1
218,-1,207.83,326.02,48.246,146.74,-0.26638,-1,-1,-1
218,-1,405.34,386.96,90.896,274.69,-0.31908,-1,-1,-1
218,-1,736.17,681.03,44.948,136.84,-0.34797,-1,-1,-1
218,-1,385.67,317.78,55.569,168.71,-0.43352,-1,-1,-1
218,-1,1563.3,338.79,210.12,632.36,-0.45415,-1,-1,-1
218,-1,686.94,721.23,41.871,127.61,-0.48213,-1,-1,-1
219,-1,1403.9,317.78,225.27,677.82,2.747,-1,-1,-1
219,-1,1246.6,317.68,104.56,315.68,2.6376,-1,-1,-1
219,-1,996.61,374.35,55.569,168.71,1.5932,-1,-1,-1
219,-1,1675.4,317.78,225.27,677.82,1.5108,-1,-1,-1
219,-1,395.41,361.12,41.871,127.61,1.376,-1,-1,-1
219,-1,846.44,359.39,44.948,136.84,1.1526,-1,-1,-1
219,-1,901.58,359.39,44.948,136.84,0.92984,-1,-1,-1
219,-1,969,361,39,119,0.86705,-1,-1,-1
219,-1,1065,369,39,119,0.57425,-1,-1,-1
219,-1,956.72,276.69,90.896,274.69,0.30199,-1,-1,-1
219,-1,598.82,338.9,63.98,193.94,-0.032389,-1,-1,-1
219,-1,212.36,331.83,44.948,136.84,-0.034651,-1,-1,-1
219,-1,1576.9,394.97,195.98,589.95,-0.052431,-1,-1,-1
219,-1,832.75,312.9,63.98,193.94,-0.28031,-1,-1,-1
219,-1,697.7,338.79,51.78,157.34,-0.39122,-1,-1,-1
219,-1,1345,65,319,959,-0.48552,-1,-1,-1
220,-1,1403.9,317.78,225.27,677.82,2.3496,-1,-1,-1
220,-1,848.03,355.57,48.246,146.74,1.9118,-1,-1,-1
220,-1,1261.7,316.17,97.492,294.47,1.8518,-1,-1,-1
220,-1,996.61,374.35,55.569,168.71,1.7247,-1,-1,-1
220,-1,901.58,359.39,44.948,136.84,1.6017,-1,-1,-1
220,-1,395.41,361.12,41.871,127.61,1.5569,-1,-1,-1
220,-1,1675.4,317.78,225.27,677.82,1.4302,-1,-1,-1
220,-1,977,361,39,119,0.97418,-1,-1,-1
220,-1,1073,369,39,119,0.77374,-1,-1,-1
220,-1,217,353,39,119,-0.011564,-1,-1,-1
220,-1,611.94,351.72,55.569,168.71,-0.20778,-1,-1,-1
220,-1,215.96,317.78,55.569,168.71,-0.21837,-1,-1,-1
220,-1,1576.9,394.97,195.98,589.95,-0.22676,-1,-1,-1
220,-1,919.38,338.79,51.78,157.34,-0.24059,-1,-1,-1
220,-1,966.22,257.08,97.492,294.47,-0.27947,-1,-1,-1
220,-1,1355.7,318.24,41.871,127.61,-0.47358,-1,-1,-1
221,-1,1394.4,338.79,210.12,632.36,2.4826,-1,-1,-1
221,-1,1647.7,338.79,210.12,632.36,1.5465,-1,-1,-1
221,-1,1261.7,335.87,97.492,294.47,1.3565,-1,-1,-1
221,-1,848.03,355.57,48.246,146.74,1.1492,-1,-1,-1
221,-1,1073,369,39,119,1.039,-1,-1,-1
221,-1,1003.8,381.02,51.78,157.34,1.0148,-1,-1,-1
221,-1,901.58,359.39,44.948,136.84,0.70847,-1,-1,-1
221,-1,978.46,361.12,41.871,127.61,0.66068,-1,-1,-1
221,-1,401,361,39,119,0.45227,-1,-1,-1
221,-1,929,369,39,119,0.10949,-1,-1,-1
221,-1,986.28,329.43,73.643,222.93,-0.0055886,-1,-1,-1
221,-1,217.68,326.02,48.246,146.74,-0.10948,-1,-1,-1
221,-1,1314.7,120.43,297.57,894.71,-0.2495,-1,-1,-1
221,-1,972.16,233.23,104.56,315.68,-0.27181,-1,-1,-1
221,-1,607.29,340.52,59.629,180.89,-0.38071,-1,-1,-1
222,-1,1394.4,338.79,210.12,632.36,2.6934,-1,-1,-1
222,-1,1630.2,317.78,225.27,677.82,1.8008,-1,-1,-1
222,-1,1281.4,335.87,97.492,294.47,1.7996,-1,-1,-1
222,-1,978.46,361.12,41.871,127.61,1.6642,-1,-1,-1
222,-1,848.03,355.57,48.246,146.74,1.4908,-1,-1,-1
222,-1,996.61,374.35,55.569,168.71,1.1234,-1,-1,-1
222,-1,901.58,359.39,44.948,136.84,1.0295,-1,-1,-1
222,-1,1073,369,39,119,0.75454,-1,-1,-1
222,-1,401,361,39,119,0.75223,-1,-1,-1
222,-1,929,369,39,119,0.3225,-1,-1,-1
222,-1,223.93,343.97,41.871,127.61,0.21839,-1,-1,-1
222,-1,607.29,340.52,59.629,180.89,0.14989,-1,-1,-1
222,-1,966.22,257.08,97.492,294.47,-0.17825,-1,-1,-1
222,-1,1314.7,120.43,297.57,894.71,-0.20923,-1,-1,-1
222,-1,897.73,312.9,63.98,193.94,-0.27297,-1,-1,-1
222,-1,708.26,338.79,51.78,157.34,-0.28163,-1,-1,-1
222,-1,396.98,317.78,55.569,168.71,-0.29229,-1,-1,-1
222,-1,1264.6,547.78,21.974,67.922,-0.49121,-1,-1,-1
223,-1,1358.6,317.78,225.27,677.82,2.1977,-1,-1,-1
223,-1,1281.4,335.87,97.492,294.47,1.9257,-1,-1,-1
223,-1,1630.2,317.78,225.27,677.82,1.8359,-1,-1,-1
223,-1,409,361,39,119,1.2255,-1,-1,-1
223,-1,848.03,355.57,48.246,146.74,1.0567,-1,-1,-1
223,-1,901.58,359.39,44.948,136.84,0.99439,-1,-1,-1
223,-1,978.46,361.12,41.871,127.61,0.9856,-1,-1,-1
223,-1,1081,369,39,119,0.93898,-1,-1,-1
223,-1,929,369,39,119,0.90025,-1,-1,-1
223,-1,996.61,374.35,55.569,168.71,0.87724,-1,-1,-1
223,-1,223.93,343.97,41.871,127.61,0.25634,-1,-1,-1
223,-1,966.22,257.08,97.492,294.47,-0.050389,-1,-1,-1
223,-1,623.81,349.35,51.78,157.34,-0.15897,-1,-1,-1
223,-1,1345,65,319,959,-0.33618,-1,-1,-1
223,-1,1601,257,319,959,-0.34293,-1,-1,-1
223,-1,897.73,312.9,63.98,193.94,-0.42744,-1,-1,-1
224,-1,1359.1,340.52,241.51,726.54,2.3236,-1,-1,-1
224,-1,1288.8,317.68,104.56,315.68,2.0095,-1,-1,-1
224,-1,1630.2,317.78,225.27,677.82,1.4187,-1,-1,-1
224,-1,985,361,39,119,0.86285,-1,-1,-1
224,-1,412.56,352.54,41.871,127.61,0.82492,-1,-1,-1
224,-1,1081,369,39,119,0.8229,-1,-1,-1
224,-1,901.58,359.39,44.948,136.84,0.67712,-1,-1,-1
224,-1,1007.9,374.35,55.569,168.71,0.65617,-1,-1,-1
224,-1,848.03,355.57,48.246,146.74,0.62809,-1,-1,-1
224,-1,225,345,39,119,0.12967,-1,-1,-1
224,-1,978.46,309.67,84.742,256.23,-0.035185,-1,-1,-1
224,-1,1601,257,319,959,-0.14656,-1,-1,-1
224,-1,927.01,352.54,41.871,127.61,-0.29864,-1,-1,-1
224,-1,897.73,312.9,63.98,193.94,-0.34339,-1,-1,-1
224,-1,971.06,195.01,120.26,362.77,-0.38384,-1,-1,-1
224,-1,227.27,329.1,55.569,168.71,-0.39593,-1,-1,-1
224,-1,611.94,340.41,55.569,168.71,-0.41097,-1,-1,-1
225,-1,1358.6,317.78,225.27,677.82,2.9045,-1,-1,-1
225,-1,1288.8,317.68,104.56,315.68,2.3035,-1,-1,-1
225,-1,1616.7,279.58,277.58,834.73,1.8847,-1,-1,-1
225,-1,985,361,39,119,0.95231,-1,-1,-1
225,-1,1007.9,363.04,55.569,168.71,0.64975,-1,-1,-1
225,-1,412.56,352.54,41.871,127.61,0.54263,-1,-1,-1
225,-1,848.03,355.57,48.246,146.74,0.44231,-1,-1,-1
225,-1,1081,361,39,119,0.42862,-1,-1,-1
225,-1,901.29,361.12,41.871,127.61,0.3215,-1,-1,-1
225,-1,985.92,257.08,97.492,294.47,0.22551,-1,-1,-1
225,-1,233,345,39,119,-0.20519,-1,-1,-1
225,-1,621.5,365.42,48.246,146.74,-0.21682,-1,-1,-1
225,-1,929,369,39,119,-0.23905,-1,-1,-1
225,-1,645.88,249.9,27.284,83.853,-0.38712,-1,-1,-1
225,-1,1281,65,319,959,-0.40532,-1,-1,-1
226,-1,1358.6,317.78,225.27,677.82,2.7564,-1,-1,-1
226,-1,1601.6,292.02,241.51,726.54,2.0708,-1,-1,-1
226,-1,1288.8,317.68,104.56,315.68,1.7532,-1,-1,-1
226,-1,1007.9,363.04,55.569,168.71,1.0739,-1,-1,-1
226,-1,985,361,39,119,1.0647,-1,-1,-1
226,-1,901.58,359.39,44.948,136.84,0.9063,-1,-1,-1
226,-1,412.56,352.54,41.871,127.61,0.7899,-1,-1,-1
226,-1,929,361,39,119,0.43036,-1,-1,-1
226,-1,855.63,359.39,44.948,136.84,0.28109,-1,-1,-1
226,-1,1089,361,39,119,-0.084045,-1,-1,-1
226,-1,227.53,316.17,48.246,146.74,-0.14057,-1,-1,-1
226,-1,1578.7,206.78,341.97,1027.9,-0.22102,-1,-1,-1
226,-1,623.81,359.91,51.78,157.34,-0.40639,-1,-1,-1
226,-1,897.73,312.9,63.98,193.94,-0.43529,-1,-1,-1
226,-1,978.46,275.37,84.742,256.23,-0.44443,-1,-1,-1
226,-1,828.06,221.55,90.896,274.69,-0.45655,-1,-1,-1
226,-1,1281,65,319,959,-0.45722,-1,-1,-1
227,-1,1358.6,317.78,225.27,677.82,2.6854,-1,-1,-1
227,-1,1612.5,312.9,258.92,778.76,2.5332,-1,-1,-1
227,-1,1007.9,363.04,55.569,168.71,1.7768,-1,-1,-1
227,-1,1290.8,317.78,112.14,338.41,1.2119,-1,-1,-1
227,-1,987.03,352.54,41.871,127.61,0.65309,-1,-1,-1
227,-1,1089,361,39,119,0.5845,-1,-1,-1
227,-1,412.56,352.54,41.871,127.61,0.4836,-1,-1,-1
227,-1,909.86,361.12,41.871,127.61,0.27082,-1,-1,-1
227,-1,849.53,340.41,55.569,168.71,0.15831,-1,-1,-1
227,-1,935.59,361.12,41.871,127.61,-0.064024,-1,-1,-1
227,-1,995.61,292.52,84.742,256.23,-0.11343,-1,-1,-1
227,-1,232.5,335.39,41.871,127.61,-0.17406,-1,-1,-1
227,-1,1281,65,319,959,-0.18774,-1,-1,-1
227,-1,961.31,69.594,170.48,513.45,-0.48894,-1,-1,-1
227,-1,874.05,146.51,120.26,362.77,-0.48929,-1,-1,-1
228,-1,1358.6,317.78,225.27,677.82,2.5756,-1,-1,-1
228,-1,1612.5,312.9,258.92,778.76,2.047,-1,-1,-1
228,-1,993,361,39,119,1.8467,-1,-1,-1
228,-1,1007.4,352.65,59.629,180.89,1.4754,-1,-1,-1
228,-1,425,353,39,119,1.162,-1,-1,-1
228,-1,1288.8,317.68,104.56,315.68,0.98605,-1,-1,-1
228,-1,857.88,355.57,48.246,146.74,0.7343,-1,-1,-1
228,-1,910.77,359.39,44.948,136.84,0.53447,-1,-1,-1
228,-1,1089.9,361.12,41.871,127.61,0.46752,-1,-1,-1
228,-1,232.5,335.39,41.871,127.61,0.081974,-1,-1,-1
228,-1,935.59,361.12,41.871,127.61,-0.0052784,-1,-1,-1
228,-1,1281,65,319,959,-0.054955,-1,-1,-1
228,-1,419.61,317.78,55.569,168.71,-0.39209,-1,-1,-1
228,-1,985.92,257.08,97.492,294.47,-0.46644,-1,-1,-1
228,-1,238.59,329.1,55.569,168.71,-0.46912,-1,-1,-1
229,-1,1358.6,317.78,225.27,677.82,2.462,-1,-1,-1
229,-1,1616.7,279.58,277.58,834.73,1.7515,-1,-1,-1
229,-1,1014.4,370.46,51.78,157.34,1.1539,-1,-1,-1
229,-1,993,361,39,119,1.0713,-1,-1,-1
229,-1,1290.8,317.78,112.14,338.41,0.79424,-1,-1,-1
229,-1,421.14,352.54,41.871,127.61,0.73239,-1,-1,-1
229,-1,913,361,39,119,0.60573,-1,-1,-1
229,-1,1097,361,39,119,0.53236,-1,-1,-1
229,-1,864.82,359.39,44.948,136.84,0.45046,-1,-1,-1
229,-1,1001.2,344.36,73.643,222.93,0.41834,-1,-1,-1
229,-1,935.59,361.12,41.871,127.61,0.35409,-1,-1,-1
229,-1,237.38,316.17,48.246,146.74,0.073944,-1,-1,-1
229,-1,1281,193,319,959,-0.10282,-1,-1,-1
229,-1,619.41,340.52,59.629,180.89,-0.24149,-1,-1,-1
229,-1,910.43,316.27,59.629,180.89,-0.41045,-1,-1,-1
229,-1,828.06,221.55,90.896,274.69,-0.45364,-1,-1,-1
230,-1,1359.1,292.02,241.51,726.54,2.5145,-1,-1,-1
230,-1,1612.5,312.9,258.92,778.76,1.7509,-1,-1,-1
230,-1,1014.7,338.9,63.98,193.94,0.87671,-1,-1,-1
230,-1,429.71,352.54,41.871,127.61,0.50861,-1,-1,-1
230,-1,867.73,355.57,48.246,146.74,0.095879,-1,-1,-1
230,-1,1097,361,39,119,0.083154,-1,-1,-1
230,-1,1324.3,1,366.58,1101.8,-0.1949,-1,-1,-1
230,-1,993.48,258.31,90.896,274.69,-0.24287,-1,-1,-1
230,-1,986.28,120.43,148.29,446.86,-0.2999,-1,-1,-1
230,-1,249,345,39,119,-0.30422,-1,-1,-1
230,-1,945,361,39,119,-0.45486,-1,-1,-1
231,-1,1358.6,317.78,225.27,677.82,2.0206,-1,-1,-1
231,-1,1612.5,312.9,258.92,778.76,1.6492,-1,-1,-1
231,-1,1019.6,364.77,59.629,180.89,1.1862,-1,-1,-1
231,-1,867.73,355.57,48.246,146.74,1.028,-1,-1,-1
231,-1,1105,361,39,119,0.44822,-1,-1,-1
231,-1,441,353,39,119,0.36955,-1,-1,-1
231,-1,944.16,361.12,41.871,127.61,0.25544,-1,-1,-1
231,-1,918.44,361.12,41.871,127.61,0.13708,-1,-1,-1
231,-1,995.61,361.12,41.871,127.61,-0.033965,-1,-1,-1
231,-1,619.41,340.52,59.629,180.89,-0.15386,-1,-1,-1
231,-1,1345,129,319,959,-0.21,-1,-1,-1
231,-1,922.56,316.27,59.629,180.89,-0.3268,-1,-1,-1
231,-1,521,353,39,119,-0.45395,-1,-1,-1
231,-1,241.08,335.39,41.871,127.61,-0.47544,-1,-1,-1
232,-1,1359.1,292.02,241.51,726.54,1.9481,-1,-1,-1
232,-1,1612.5,312.9,258.92,778.76,1.5434,-1,-1,-1
232,-1,1030.5,363.04,55.569,168.71,0.79584,-1,-1,-1
232,-1,1009,361,39,119,0.74799,-1,-1,-1
232,-1,872.16,340.41,55.569,168.71,0.48338,-1,-1,-1
232,-1,1113,361,39,119,0.16898,-1,-1,-1
232,-1,1001.2,344.36,73.643,222.93,-0.246,-1,-1,-1
232,-1,446.86,343.97,41.871,127.61,-0.27302,-1,-1,-1
232,-1,634.57,351.72,55.569,168.71,-0.36091,-1,-1,-1
232,-1,987.03,373.98,20.435,63.306,-0.3962,-1,-1,-1
232,-1,257.08,335.87,48.246,146.74,-0.44572,-1,-1,-1
232,-1,929,361,39,119,-0.4821,-1,-1,-1
232,-1,798.4,575.47,41.871,127.61,-0.48977,-1,-1,-1
233,-1,1359.1,340.52,241.51,726.54,1.8476,-1,-1,-1
233,-1,1612.5,312.9,258.92,778.76,1.596,-1,-1,-1
233,-1,1030.5,363.04,55.569,168.71,1.5133,-1,-1,-1
233,-1,877.57,345.72,48.246,146.74,0.87306,-1,-1,-1
233,-1,1121,361,39,119,0.48748,-1,-1,-1
233,-1,449,345,39,119,0.37478,-1,-1,-1
233,-1,961,361,39,119,0.3378,-1,-1,-1
233,-1,919.38,338.79,51.78,157.34,0.22403,-1,-1,-1
233,-1,1011.9,341.01,44.948,136.84,0.066919,-1,-1,-1
233,-1,634.57,340.41,55.569,168.71,-0.064123,-1,-1,-1
233,-1,257,337,39,119,-0.33813,-1,-1,-1
233,-1,1345,1,319,959,-0.37339,-1,-1,-1
233,-1,1012.8,275.37,84.742,256.23,-0.44562,-1,-1,-1
233,-1,1016.1,90.571,148.29,446.86,-0.44802,-1,-1,-1
233,-1,741.77,806.75,63.98,193.94,-0.49232,-1,-1,-1
234,-1,1650.1,292.02,241.51,726.54,1.443,-1,-1,-1
234,-1,1394.4,338.79,210.12,632.36,1.3612,-1,-1,-1
234,-1,1031.7,352.65,59.629,180.89,1.3164,-1,-1,-1
234,-1,883.2,350.2,44.948,136.84,0.60196,-1,-1,-1
234,-1,455.43,343.97,41.871,127.61,0.4335,-1,-1,-1
234,-1,961,361,39,119,0.14694,-1,-1,-1
234,-1,1121,353,39,119,0.1319,-1,-1,-1
234,-1,1352.6,455.86,63.98,193.94,0.12857,-1,-1,-1
234,-1,1314.7,239.86,297.57,894.71,0.037326,-1,-1,-1
234,-1,1012.8,275.37,84.742,256.23,-0.057941,-1,-1,-1
234,-1,644.92,349.35,51.78,157.34,-0.13679,-1,-1,-1
234,-1,1537,257,319,959,-0.15899,-1,-1,-1
234,-1,265,337,39,119,-0.21359,-1,-1,-1
234,-1,937,369,39,119,-0.22404,-1,-1,-1
234,-1,871.73,312.9,63.98,193.94,-0.42557,-1,-1,-1
234,-1,1016.1,90.571,148.29,446.86,-0.43492,-1,-1,-1
234,-1,736.17,221.55,90.896,274.69,-0.46118,-1,-1,-1
234,-1,838.21,351.72,55.569,168.71,-0.46488,-1,-1,-1
235,-1,1650.1,292.02,241.51,726.54,1.2389,-1,-1,-1
235,-1,1027.7,338.9,63.98,193.94,1.0566,-1,-1,-1
235,-1,1394.4,338.79,210.12,632.36,1.027,-1,-1,-1
235,-1,1129,353,39,119,0.53032,-1,-1,-1
235,-1,455.43,335.39,41.871,127.61,0.4815,-1,-1,-1
235,-1,643.66,328.39,59.629,180.89,0.47901,-1,-1,-1
235,-1,887.42,345.72,48.246,146.74,0.14751,-1,-1,-1
235,-1,265,329,39,119,0.046616,-1,-1,-1
235,-1,1314.7,239.86,297.57,894.71,-0.12569,-1,-1,-1
235,-1,961.31,352.54,41.871,127.61,-0.2265,-1,-1,-1
235,-1,936.71,130.96,128.96,388.88,-0.25844,-1,-1,-1
235,-1,1014.7,156.95,128.96,388.88,-0.27531,-1,-1,-1
235,-1,761,329,39,119,-0.45318,-1,-1,-1
236,-1,1046.1,359.91,51.78,157.34,1.1249,-1,-1,-1
236,-1,1394.4,338.79,210.12,632.36,1.0599,-1,-1,-1
236,-1,1616.7,279.58,277.58,834.73,1.0014,-1,-1,-1
236,-1,887.42,335.87,48.246,146.74,0.98887,-1,-1,-1
236,-1,944.16,352.54,41.871,127.61,0.31757,-1,-1,-1
236,-1,645.88,329.1,55.569,168.71,0.28235,-1,-1,-1
236,-1,465,337,39,119,0.15118,-1,-1,-1
236,-1,1137,345,39,119,0.077597,-1,-1,-1
236,-1,969.88,343.97,41.871,127.61,0.070124,-1,-1,-1
236,-1,1025,345,39,119,0.064485,-1,-1,-1
236,-1,273,329,39,119,-0.15976,-1,-1,-1
236,-1,1031.1,314.5,73.643,222.93,-0.22971,-1,-1,-1
236,-1,1014.4,212.12,104.56,315.68,-0.40992,-1,-1,-1
236,-1,856.04,338.79,51.78,157.34,-0.47492,-1,-1,-1
236,-1,1314.7,239.86,297.57,894.71,-0.48153,-1,-1,-1
237,-1,1358.6,317.78,225.27,677.82,1.0896,-1,-1,-1
237,-1,1616.7,279.58,277.58,834.73,1.068,-1,-1,-1
237,-1,1043.8,340.52,59.629,180.89,0.99003,-1,-1,-1
237,-1,643.66,316.27,59.629,180.89,0.81029,-1,-1,-1
237,-1,887.71,328.24,51.78,157.34,0.5148,-1,-1,-1
237,-1,1137,345,39,119,0.1681,-1,-1,-1
237,-1,944.16,343.97,41.871,127.61,-0.10163,-1,-1,-1
237,-1,1025.3,237.38,97.492,294.47,-0.15463,-1,-1,-1
237,-1,969.88,343.97,41.871,127.61,-0.30477,-1,-1,-1
237,-1,276.69,322.64,44.948,136.84,-0.40616,-1,-1,-1
237,-1,949.71,286.91,63.98,193.94,-0.41239,-1,-1,-1
238,-1,1616.7,279.58,277.58,834.73,1.3884,-1,-1,-1
238,-1,1379.9,316.17,195.98,589.95,0.88914,-1,-1,-1
238,-1,1041.9,340.41,55.569,168.71,0.79694,-1,-1,-1
238,-1,643.66,316.27,59.629,180.89,0.72698,-1,-1,-1
238,-1,897.27,335.87,48.246,146.74,0.13657,-1,-1,-1
238,-1,1338.2,279.58,277.58,834.73,0.054956,-1,-1,-1
238,-1,1025.3,237.38,97.492,294.47,-0.0030885,-1,-1,-1
238,-1,1137,345,39,119,-0.039603,-1,-1,-1
238,-1,273,321,39,119,-0.17205,-1,-1,-1
238,-1,409.94,23.974,21.974,67.922,-0.23199,-1,-1,-1
238,-1,953,353,39,119,-0.30796,-1,-1,-1
238,-1,958.93,292.02,59.629,180.89,-0.34129,-1,-1,-1
238,-1,769,321,39,119,-0.40018,-1,-1,-1
238,-1,867.73,197.98,97.492,294.47,-0.47596,-1,-1,-1
239,-1,1612.5,260.92,258.92,778.76,1.435,-1,-1,-1
239,-1,1397.8,331.83,182.79,550.38,0.98264,-1,-1,-1
239,-1,1040.7,325.9,63.98,193.94,0.87382,-1,-1,-1
239,-1,643.66,316.27,59.629,180.89,0.63532,-1,-1,-1
239,-1,897.27,335.87,48.246,146.74,0.60632,-1,-1,-1
239,-1,952.73,343.97,41.871,127.61,0.36272,-1,-1,-1
239,-1,977,345,39,119,0.34222,-1,-1,-1
239,-1,1025.3,237.38,97.492,294.47,-0.0014213,-1,-1,-1
239,-1,1144.7,345.4,31.49,96.47,-0.081068,-1,-1,-1
239,-1,962.67,306.47,55.569,168.71,-0.097444,-1,-1,-1
239,-1,1338.2,279.58,277.58,834.73,-0.11249,-1,-1,-1
239,-1,273,321,39,119,-0.14251,-1,-1,-1
239,-1,861.93,328.39,59.629,180.89,-0.42832,-1,-1,-1
239,-1,928.72,306.47,55.569,168.71,-0.43223,-1,-1,-1
239,-1,1029.9,35.297,170.48,513.45,-0.46021,-1,-1,-1
240,-1,1612.5,260.92,258.92,778.76,1.7043,-1,-1,-1
240,-1,1358.6,317.78,225.27,677.82,1.3637,-1,-1,-1
240,-1,1054.9,355.57,48.246,146.74,0.67928,-1,-1,-1
240,-1,1145,345,39,119,0.64504,-1,-1,-1
240,-1,643.66,316.27,59.629,180.89,0.4197,-1,-1,-1
240,-1,897.27,326.02,48.246,146.74,0.26415,-1,-1,-1
240,-1,958.93,292.02,59.629,180.89,0.15415,-1,-1,-1
240,-1,1030.2,258.31,90.896,274.69,0.021053,-1,-1,-1
240,-1,265,321,39,119,-0.098231,-1,-1,-1
240,-1,789.83,601.19,41.871,127.61,-0.36439,-1,-1,-1
240,-1,1345,1,319,959,-0.49889,-1,-1,-1
241,-1,1650.1,292.02,241.51,726.54,1.6001,-1,-1,-1
241,-1,1359.1,292.02,241.51,726.54,1.5278,-1,-1,-1
241,-1,1064.7,355.57,48.246,146.74,1.155,-1,-1,-1
241,-1,978.46,335.39,41.871,127.61,0.42367,-1,-1,-1
241,-1,1040.7,325.9,63.98,193.94,0.35501,-1,-1,-1
241,-1,655.79,316.27,59.629,180.89,0.17859,-1,-1,-1
241,-1,898.27,328.24,51.78,157.34,0.099397,-1,-1,-1
241,-1,275.37,309.67,41.871,127.61,0.03771,-1,-1,-1
241,-1,1150.5,344.36,36.321,110.96,-0.024535,-1,-1,-1
241,-1,1025.3,237.38,97.492,294.47,-0.23058,-1,-1,-1
242,-1,1650.1,292.02,241.51,726.54,1.8773,-1,-1,-1
242,-1,1394.4,296.57,210.12,632.36,1.4577,-1,-1,-1
242,-1,1053.7,325.9,63.98,193.94,0.75174,-1,-1,-1
242,-1,1153,337,39,119,0.6344,-1,-1,-1
242,-1,985,345,39,119,0.58375,-1,-1,-1
242,-1,650.8,312.9,63.98,193.94,0.23112,-1,-1,-1
242,-1,907.12,326.02,48.246,146.74,0.14228,-1,-1,-1
242,-1,275.37,309.67,41.871,127.61,0.037912,-1,-1,-1
242,-1,1030.2,239.93,90.896,274.69,-0.083448,-1,-1,-1
242,-1,1314.7,120.43,297.57,894.71,-0.28071,-1,-1,-1
242,-1,1,321.36,68.644,207.93,-0.30091,-1,-1,-1
242,-1,961.31,335.39,41.871,127.61,-0.32942,-1,-1,-1
242,-1,497.24,432.91,44.948,136.84,-0.33717,-1,-1,-1
243,-1,1650.1,292.02,241.51,726.54,2.1311,-1,-1,-1
243,-1,1359.1,292.02,241.51,726.54,1.2886,-1,-1,-1
243,-1,1053.7,325.9,63.98,193.94,0.87833,-1,-1,-1
243,-1,1153,337,39,119,0.34795,-1,-1,-1
243,-1,907.12,326.02,48.246,146.74,0.19089,-1,-1,-1
243,-1,987.03,335.39,41.871,127.61,0.017748,-1,-1,-1
243,-1,655.79,304.14,59.629,180.89,-0.067405,-1,-1,-1
243,-1,1,325.9,63.98,193.94,-0.12066,-1,-1,-1
243,-1,1045,237.38,97.492,294.47,-0.14399,-1,-1,-1
243,-1,828.06,148.03,44.948,136.84,-0.31012,-1,-1,-1
243,-1,961,337,39,119,-0.44613,-1,-1,-1
243,-1,273,313,39,119,-0.46644,-1,-1,-1
243,-1,488.05,322.64,44.948,136.84,-0.46863,-1,-1,-1
243,-1,887.42,178.28,97.492,294.47,-0.49172,-1,-1,-1
244,-1,1664.5,260.92,258.92,778.76,1.9738,-1,-1,-1
244,-1,1359.1,292.02,241.51,726.54,1.6872,-1,-1,-1
244,-1,1161,337,39,119,0.82734,-1,-1,-1
244,-1,1059.6,307.43,68.644,207.93,0.56621,-1,-1,-1
244,-1,1045,237.38,97.492,294.47,0.022534,-1,-1,-1
244,-1,1,325.9,63.98,193.94,0.0017725,-1,-1,-1
244,-1,1537.5,394.97,195.98,589.95,-0.16257,-1,-1,-1
244,-1,907.12,326.02,48.246,146.74,-0.17962,-1,-1,-1
244,-1,666.03,338.79,51.78,157.34,-0.40607,-1,-1,-1
244,-1,289,313,39,119,-0.46074,-1,-1,-1
244,-1,1493.9,120.43,297.57,894.71,-0.47793,-1,-1,-1
245,-1,1664.5,260.92,258.92,778.76,1.7322,-1,-1,-1
245,-1,1359.1,292.02,241.51,726.54,1.709,-1,-1,-1
245,-1,655.79,316.27,59.629,180.89,0.36824,-1,-1,-1
245,-1,1053.7,325.9,63.98,193.94,0.16161,-1,-1,-1
245,-1,1161,337,39,119,0.14539,-1,-1,-1
245,-1,1035.5,212.12,104.56,315.68,0.0082247,-1,-1,-1
245,-1,1539.7,317.78,225.27,677.82,-0.2229,-1,-1,-1
245,-1,1304.3,1,341.97,1027.9,-0.26457,-1,-1,-1
245,-1,908.82,328.24,51.78,157.34,-0.26561,-1,-1,-1
245,-1,984.29,331.83,44.948,136.84,-0.34841,-1,-1,-1
245,-1,1046,90.571,148.29,446.86,-0.4408,-1,-1,-1
246,-1,1404.6,260.92,258.92,778.76,1.8915,-1,-1,-1
246,-1,1664.5,260.92,258.92,778.76,1.4759,-1,-1,-1
246,-1,1075.8,340.41,55.569,168.71,0.88626,-1,-1,-1
246,-1,13.996,312.9,63.98,193.94,0.65386,-1,-1,-1
246,-1,919.38,317.68,51.78,157.34,0.55076,-1,-1,-1
246,-1,1169,337,39,119,0.54158,-1,-1,-1
246,-1,663.8,299.91,63.98,193.94,0.16689,-1,-1,-1
246,-1,969.88,335.39,41.871,127.61,0.021597,-1,-1,-1
246,-1,995.61,335.39,41.871,127.61,-0.035921,-1,-1,-1
246,-1,1055.6,326.82,41.871,127.61,-0.078337,-1,-1,-1
246,-1,289,313,39,119,-0.17349,-1,-1,-1
246,-1,1493.9,120.43,297.57,894.71,-0.34904,-1,-1,-1
246,-1,1047.1,258.23,84.742,256.23,-0.37779,-1,-1,-1
246,-1,1057,33,159,479,-0.38561,-1,-1,-1
246,-1,296.57,307.13,51.78,157.34,-0.41994,-1,-1,-1
247,-1,1407.6,292.02,241.51,726.54,1.7568,-1,-1,-1
247,-1,1650.1,292.02,241.51,726.54,1.1472,-1,-1,-1
247,-1,1075.8,340.41,55.569,168.71,0.78134,-1,-1,-1
247,-1,1169,337,39,119,0.53124,-1,-1,-1
247,-1,663.8,299.91,63.98,193.94,0.42255,-1,-1,-1
247,-1,919.38,317.68,51.78,157.34,0.4034,-1,-1,-1
247,-1,1055.6,326.82,41.871,127.61,-0.2285,-1,-1,-1
247,-1,295.07,313.45,44.948,136.84,-0.23119,-1,-1,-1
247,-1,995.61,335.39,41.871,127.61,-0.24855,-1,-1,-1
247,-1,1,299.57,73.643,222.93,-0.27111,-1,-1,-1
247,-1,1505.3,168.15,277.58,834.73,-0.27812,-1,-1,-1
247,-1,965.91,331.83,44.948,136.84,-0.29853,-1,-1,-1
247,-1,1040.7,130.96,128.96,388.88,-0.33914,-1,-1,-1
247,-1,901.58,184.79,90.896,274.69,-0.36334,-1,-1,-1
248,-1,1403.9,317.78,225.27,677.82,1.8693,-1,-1,-1
248,-1,1650.1,292.02,241.51,726.54,1.3037,-1,-1,-1
248,-1,1167.1,335.39,41.871,127.61,1.2509,-1,-1,-1
248,-1,663.8,299.91,63.98,193.94,0.82383,-1,-1,-1
248,-1,1080.2,328.39,59.629,180.89,0.69777,-1,-1,-1
248,-1,919.38,317.68,51.78,157.34,0.497,-1,-1,-1
248,-1,966.22,326.02,48.246,146.74,0.078072,-1,-1,-1
248,-1,281,313,39,119,-0.071326,-1,-1,-1
248,-1,985.29,295.16,55.569,168.71,-0.080731,-1,-1,-1
248,-1,13.996,312.9,63.98,193.94,-0.11329,-1,-1,-1
248,-1,1040.7,130.96,128.96,388.88,-0.21143,-1,-1,-1
248,-1,1505.3,168.15,277.58,834.73,-0.23996,-1,-1,-1
248,-1,296.47,306.32,48.246,146.74,-0.28125,-1,-1,-1
248,-1,769.23,178.28,97.492,294.47,-0.43643,-1,-1,-1
249,-1,1650.1,292.02,241.51,726.54,1.6531,-1,-1,-1
249,-1,1359.1,292.02,241.51,726.54,1.6151,-1,-1,-1
249,-1,655.65,293.5,68.644,207.93,0.86477,-1,-1,-1
249,-1,1169,337,39,119,0.79945,-1,-1,-1
249,-1,1080.2,340.52,59.629,180.89,0.71851,-1,-1,-1
249,-1,916.97,326.02,48.246,146.74,0.37922,-1,-1,-1
249,-1,972.16,317.68,51.78,157.34,0.29474,-1,-1,-1
249,-1,13.996,312.9,63.98,193.94,0.20271,-1,-1,-1
249,-1,1523.7,269.71,148.29,446.86,-0.14503,-1,-1,-1
249,-1,283.95,301.1,41.871,127.61,-0.20279,-1,-1,-1
249,-1,1057.8,331.83,44.948,136.84,-0.30203,-1,-1,-1
249,-1,1056.6,212.12,104.56,315.68,-0.34798,-1,-1,-1
249,-1,1508.5,260.92,258.92,778.76,-0.35849,-1,-1,-1
250,-1,1650.1,292.02,241.51,726.54,1.683,-1,-1,-1
250,-1,1358.6,317.78,225.27,677.82,1.4157,-1,-1,-1
250,-1,1087.1,340.41,55.569,168.71,0.85932,-1,-1,-1
250,-1,663.8,299.91,63.98,193.94,0.81976,-1,-1,-1
250,-1,1177,337,39,119,0.70386,-1,-1,-1
250,-1,1523.7,269.71,148.29,446.86,0.54378,-1,-1,-1
250,-1,919.38,317.68,51.78,157.34,0.54009,-1,-1,-1
250,-1,976.07,326.02,48.246,146.74,0.44681,-1,-1,-1
250,-1,1067,322.64,44.948,136.84,0.29673,-1,-1,-1
250,-1,14.929,307.43,68.644,207.93,0.14704,-1,-1,-1
250,-1,283.95,301.1,41.871,127.61,-0.14339,-1,-1,-1
250,-1,317,305,19,59,-0.39589,-1,-1,-1
250,-1,1040.7,130.96,128.96,388.88,-0.40754,-1,-1,-1
251,-1,1394.4,296.57,210.12,632.36,1.9834,-1,-1,-1
251,-1,1650.1,292.02,241.51,726.54,1.5169,-1,-1,-1
251,-1,1177,329,39,119,0.72536,-1,-1,-1
251,-1,669.58,293.5,68.644,207.93,0.68361,-1,-1,-1
251,-1,1088.3,338.79,51.78,157.34,0.67156,-1,-1,-1
251,-1,976.07,316.17,48.246,146.74,0.47105,-1,-1,-1
251,-1,14.929,307.43,68.644,207.93,0.32918,-1,-1,-1
251,-1,1067,322.64,44.948,136.84,0.24548,-1,-1,-1
251,-1,926.82,316.17,48.246,146.74,0.17801,-1,-1,-1
251,-1,1533.2,279.58,138.29,416.86,0.096498,-1,-1,-1
251,-1,1075.9,299.57,73.643,222.93,0.072125,-1,-1,-1
251,-1,289,305,39,119,0.010723,-1,-1,-1
251,-1,1004.2,326.82,41.871,127.61,-0.0066694,-1,-1,-1
251,-1,907.12,178.28,97.492,294.47,-0.066749,-1,-1,-1
251,-1,1498.1,237.38,195.98,589.95,-0.13778,-1,-1,-1
251,-1,1374.4,180.14,297.57,894.71,-0.3376,-1,-1,-1
251,-1,1059.6,112.43,138.29,416.86,-0.45479,-1,-1,-1
252,-1,1358.6,317.78,225.27,677.82,1.6305,-1,-1,-1
252,-1,1650.1,292.02,241.51,726.54,1.4259,-1,-1,-1
252,-1,1087.1,329.1,55.569,168.71,1.2385,-1,-1,-1
252,-1,1185,329,39,119,1.1246,-1,-1,-1
252,-1,976.07,316.17,48.246,146.74,0.7341,-1,-1,-1
252,-1,1537,257,159,479,0.69826,-1,-1,-1
252,-1,663.8,286.91,63.98,193.94,0.49745,-1,-1,-1
252,-1,14.929,307.43,68.644,207.93,0.40289,-1,-1,-1
252,-1,926.82,316.17,48.246,146.74,0.22365,-1,-1,-1
252,-1,1067,313.45,44.948,136.84,0.11006,-1,-1,-1
252,-1,1004.2,326.82,41.871,127.61,0.031853,-1,-1,-1
252,-1,289,305,39,119,-0.18209,-1,-1,-1
252,-1,1064.2,258.23,84.742,256.23,-0.31562,-1,-1,-1
253,-1,1352.6,260.92,258.92,778.76,1.9423,-1,-1,-1
253,-1,1537,257,159,479,1.4314,-1,-1,-1
253,-1,1650.1,292.02,241.51,726.54,1.3471,-1,-1,-1
253,-1,1098.8,338.79,51.78,157.34,1.2116,-1,-1,-1
253,-1,976.07,316.17,48.246,146.74,1.0184,-1,-1,-1
253,-1,1185,329,39,119,0.96034,-1,-1,-1
253,-1,669.58,279.58,68.644,207.93,0.78054,-1,-1,-1
253,-1,14.929,307.43,68.644,207.93,0.77157,-1,-1,-1
253,-1,929.93,317.68,51.78,157.34,0.69824,-1,-1,-1
253,-1,1072.8,318.24,41.871,127.61,0.64674,-1,-1,-1
253,-1,1073.5,307.43,68.644,207.93,0.13972,-1,-1,-1
253,-1,1002.7,322.64,44.948,136.84,-0.012621,-1,-1,-1
253,-1,289,305,39,119,-0.43748,-1,-1,-1
253,-1,777.05,279.89,59.629,180.89,-0.46983,-1,-1,-1
254,-1,1359.1,292.02,241.51,726.54,2.1589,-1,-1,-1
254,-1,976.07,316.17,48.246,146.74,1.9454,-1,-1,-1
254,-1,1664.5,260.92,258.92,778.76,1.6818,-1,-1,-1
254,-1,669.58,279.58,68.644,207.93,1.0912,-1,-1,-1
254,-1,1098.4,329.1,55.569,168.71,1.0524,-1,-1,-1
254,-1,14.929,307.43,68.644,207.93,0.90449,-1,-1,-1
254,-1,1185,329,39,119,0.80407,-1,-1,-1
254,-1,1586.5,260.92,128.96,388.88,0.7848,-1,-1,-1
254,-1,929.93,317.68,51.78,157.34,0.64204,-1,-1,-1
254,-1,1076.2,322.64,44.948,136.84,0.34244,-1,-1,-1
254,-1,283.95,301.1,41.871,127.61,-0.06891,-1,-1,-1
254,-1,1537.5,237.38,195.98,589.95,-0.10996,-1,-1,-1
254,-1,1004.2,326.82,41.871,127.61,-0.15244,-1,-1,-1
254,-1,1537,129,319,959,-0.26008,-1,-1,-1
254,-1,1064.2,258.23,84.742,256.23,-0.34354,-1,-1,-1
254,-1,513,329,39,119,-0.49798,-1,-1,-1
255,-1,1664.5,260.92,258.92,778.76,1.768,-1,-1,-1
255,-1,1403.9,272.53,225.27,677.82,1.7359,-1,-1,-1
255,-1,676.79,286.91,63.98,193.94,1.5176,-1,-1,-1
255,-1,976.07,316.17,48.246,146.74,1.4755,-1,-1,-1
255,-1,1578.7,241.08,170.48,513.45,0.90988,-1,-1,-1
255,-1,1072.8,318.24,41.871,127.61,0.89672,-1,-1,-1
255,-1,1104.1,335.87,48.246,146.74,0.87823,-1,-1,-1
255,-1,1193,329,39,119,0.81761,-1,-1,-1
255,-1,15.929,299.57,73.643,222.93,0.79031,-1,-1,-1
255,-1,928.72,306.47,55.569,168.71,0.69553,-1,-1,-1
255,-1,1080.2,304.14,59.629,180.89,0.56581,-1,-1,-1
255,-1,1067,221.55,90.896,274.69,-0.106,-1,-1,-1
255,-1,292.52,301.1,41.871,127.61,-0.10931,-1,-1,-1
255,-1,1004.2,326.82,41.871,127.61,-0.13831,-1,-1,-1
255,-1,258.23,301.1,41.871,127.61,-0.234,-1,-1,-1
255,-1,1492.9,901.29,41.871,127.61,-0.25057,-1,-1,-1
255,-1,1537,193,319,959,-0.36076,-1,-1,-1
256,-1,1359.1,292.02,241.51,726.54,2.2857,-1,-1,-1
256,-1,985.92,316.17,48.246,146.74,1.8815,-1,-1,-1
256,-1,680.04,292.02,59.629,180.89,1.8263,-1,-1,-1
256,-1,1664.5,260.92,258.92,778.76,1.0407,-1,-1,-1
256,-1,1109.7,329.1,55.569,168.71,1.0143,-1,-1,-1
256,-1,940.04,306.47,55.569,168.71,0.73612,-1,-1,-1
256,-1,1201,329,39,119,0.63457,-1,-1,-1
256,-1,15.929,299.57,73.643,222.93,0.63295,-1,-1,-1
256,-1,1076.2,313.45,44.948,136.84,0.41375,-1,-1,-1
256,-1,1304.3,1,341.97,1027.9,0.039241,-1,-1,-1
256,-1,1578.7,241.08,170.48,513.45,-0.11904,-1,-1,-1
256,-1,689,273,79,239,-0.37329,-1,-1,-1
256,-1,763.74,308.85,21.974,67.922,-0.38216,-1,-1,-1
256,-1,1064.7,217.68,97.492,294.47,-0.42644,-1,-1,-1
256,-1,910.43,304.14,59.629,180.89,-0.46557,-1,-1,-1
257,-1,689.79,286.91,63.98,193.94,2.0744,-1,-1,-1
257,-1,1403.9,272.53,225.27,677.82,1.9407,-1,-1,-1
257,-1,985.92,316.17,48.246,146.74,1.3762,-1,-1,-1
257,-1,1104.4,316.27,59.629,180.89,0.89708,-1,-1,-1
257,-1,1664.5,260.92,258.92,778.76,0.88517,-1,-1,-1
257,-1,26.992,312.9,63.98,193.94,0.74677,-1,-1,-1
257,-1,1081.3,318.24,41.871,127.61,0.41162,-1,-1,-1
257,-1,1345,65,319,959,0.34831,-1,-1,-1
257,-1,1201,321,39,119,0.24125,-1,-1,-1
257,-1,940.49,317.68,51.78,157.34,0.11623,-1,-1,-1
257,-1,266.8,309.67,41.871,127.61,-0.079462,-1,-1,-1
257,-1,926.82,178.28,97.492,294.47,-0.18629,-1,-1,-1
257,-1,1084.4,217.68,97.492,294.47,-0.20299,-1,-1,-1
257,-1,788.93,178.28,97.492,294.47,-0.47666,-1,-1,-1
257,-1,497.13,370.46,51.78,157.34,-0.49277,-1,-1,-1
258,-1,1404.6,260.92,258.92,778.76,2.7902,-1,-1,-1
258,-1,1664.5,260.92,258.92,778.76,1.3566,-1,-1,-1
258,-1,1105.7,312.9,63.98,193.94,0.24669,-1,-1,-1
258,-1,1084.4,217.68,97.492,294.47,0.20213,-1,-1,-1
258,-1,1201.4,326.82,41.871,127.61,-0.04334,-1,-1,-1
258,-1,1281,65,319,959,-0.074207,-1,-1,-1
258,-1,995.76,316.17,48.246,146.74,-0.080104,-1,-1,-1
258,-1,1064.2,35.297,170.48,513.45,-0.33547,-1,-1,-1
258,-1,946.81,292.02,59.629,180.89,-0.47849,-1,-1,-1
259,-1,1404.6,260.92,258.92,778.76,2.5961,-1,-1,-1
259,-1,1119.9,328.24,51.78,157.34,1.5863,-1,-1,-1
259,-1,689.79,286.91,63.98,193.94,1.4482,-1,-1,-1
259,-1,1647.2,241.08,170.48,513.45,1.4172,-1,-1,-1
259,-1,1664.5,260.92,258.92,778.76,0.73808,-1,-1,-1
259,-1,1094.6,313.45,44.948,136.84,0.64678,-1,-1,-1
259,-1,995.76,316.17,48.246,146.74,0.62407,-1,-1,-1
259,-1,1209,321,39,119,0.14055,-1,-1,-1
259,-1,28.858,307.43,68.644,207.93,-0.014394,-1,-1,-1
259,-1,951.05,317.68,51.78,157.34,-0.12282,-1,-1,-1
259,-1,1081.3,258.23,84.742,256.23,-0.33033,-1,-1,-1
259,-1,808.63,582.1,48.246,146.74,-0.45034,-1,-1,-1
259,-1,1281,65,319,959,-0.48004,-1,-1,-1
259,-1,305,313,39,119,-0.48442,-1,-1,-1
259,-1,754.77,104.97,63.98,193.94,-0.494,-1,-1,-1
260,-1,1407.6,292.02,241.51,726.54,2.6711,-1,-1,-1
260,-1,697.44,279.58,68.644,207.93,1.6223,-1,-1,-1
260,-1,1130.5,328.24,51.78,157.34,1.1871,-1,-1,-1
260,-1,1217,321,39,119,1.0481,-1,-1,-1
260,-1,995.76,316.17,48.246,146.74,0.87288,-1,-1,-1
260,-1,1647.2,241.08,170.48,513.45,0.58581,-1,-1,-1
260,-1,1094.6,313.45,44.948,136.84,0.40416,-1,-1,-1
260,-1,951.35,306.47,55.569,168.71,0.36871,-1,-1,-1
260,-1,1105.7,284.64,73.643,222.93,0.34317,-1,-1,-1
260,-1,37.377,340.52,59.629,180.89,0.24688,-1,-1,-1
260,-1,1672.5,223.86,277.58,834.73,0.10807,-1,-1,-1
260,-1,309.67,301.1,41.871,127.61,-0.23256,-1,-1,-1
260,-1,1372.9,69.594,341.97,1027.9,-0.24625,-1,-1,-1
260,-1,275.37,309.67,41.871,127.61,-0.25367,-1,-1,-1
260,-1,1753.3,32.668,51.78,157.34,-0.48566,-1,-1,-1
261,-1,1404.6,260.92,258.92,778.76,2.5037,-1,-1,-1
261,-1,697.44,279.58,68.644,207.93,1.5102,-1,-1,-1
261,-1,1132.4,317.78,55.569,168.71,1.1323,-1,-1,-1
261,-1,1005.6,306.32,48.246,146.74,0.81126,-1,-1,-1
261,-1,956.37,316.17,48.246,146.74,0.73652,-1,-1,-1
261,-1,1104.1,306.32,48.246,146.74,0.67954,-1,-1,-1
261,-1,1697,225,159,479,0.66813,-1,-1,-1
261,-1,1225,313,39,119,0.63041,-1,-1,-1
261,-1,39.988,312.9,63.98,193.94,0.40458,-1,-1,-1
261,-1,309.67,301.1,41.871,127.61,-0.009307,-1,-1,-1
261,-1,1664.5,208.94,258.92,778.76,-0.18988,-1,-1,-1
261,-1,1019.6,279.89,59.629,180.89,-0.40543,-1,-1,-1
262,-1,1403.9,272.53,225.27,677.82,1.9702,-1,-1,-1
262,-1,1141.1,328.24,51.78,157.34,1.1946,-1,-1,-1
262,-1,697.44,279.58,68.644,207.93,0.90979,-1,-1,-1
262,-1,1697,225,159,479,0.63513,-1,-1,-1
262,-1,1004.2,309.67,41.871,127.61,0.58399,-1,-1,-1
262,-1,1115.6,309.67,41.871,127.61,0.42121,-1,-1,-1
262,-1,1115.3,293.5,68.644,207.93,0.25523,-1,-1,-1
262,-1,995.31,279.89,59.629,180.89,0.10222,-1,-1,-1
262,-1,1225,313,39,119,0.094234,-1,-1,-1
262,-1,1672.5,168.15,277.58,834.73,0.081649,-1,-1,-1
262,-1,961.6,307.13,51.78,157.34,0.012795,-1,-1,-1
262,-1,1434.1,180.14,297.57,894.71,-0.12901,-1,-1,-1
262,-1,1104.1,217.68,97.492,294.47,-0.40118,-1,-1,-1
262,-1,39.988,312.9,63.98,193.94,-0.45236,-1,-1,-1
263,-1,1436.6,296.57,210.12,632.36,1.6921,-1,-1,-1
263,-1,1141.1,317.68,51.78,157.34,1.4228,-1,-1,-1
263,-1,1233,313,39,119,1.2586,-1,-1,-1
263,-1,704.29,279.89,59.629,180.89,1.1267,-1,-1,-1
263,-1,1115.6,309.67,41.871,127.61,0.58816,-1,-1,-1
263,-1,1003.8,296.57,51.78,157.34,0.58709,-1,-1,-1
263,-1,961.6,307.13,51.78,157.34,0.46215,-1,-1,-1
263,-1,1702.9,239.86,148.29,446.86,0.13977,-1,-1,-1
263,-1,1120.6,269.71,73.643,222.93,0.104,-1,-1,-1
263,-1,42.786,307.43,68.644,207.93,0.053974,-1,-1,-1
263,-1,1434.1,180.14,297.57,894.71,-0.00074337,-1,-1,-1
263,-1,313,297,39,119,-0.26693,-1,-1,-1
263,-1,1664.5,208.94,258.92,778.76,-0.33071,-1,-1,-1
263,-1,704.08,258.23,84.742,256.23,-0.39202,-1,-1,-1
264,-1,1449.2,272.53,225.27,677.82,2.026,-1,-1,-1
264,-1,715.78,273.92,63.98,193.94,1.3639,-1,-1,-1
264,-1,1151.6,317.68,51.78,157.34,1.1426,-1,-1,-1
264,-1,1121,305,39,119,0.61261,-1,-1,-1
264,-1,1233,305,39,119,0.57411,-1,-1,-1
264,-1,1005.6,296.47,48.246,146.74,0.56218,-1,-1,-1
264,-1,961.6,296.57,51.78,157.34,0.43773,-1,-1,-1
264,-1,42.786,293.5,68.644,207.93,0.34426,-1,-1,-1
264,-1,524.81,304.26,44.948,136.84,0.13996,-1,-1,-1
264,-1,309.67,292.52,41.871,127.61,-0.04227,-1,-1,-1
264,-1,1715.8,206.78,170.48,513.45,-0.15155,-1,-1,-1
264,-1,1120.6,269.71,73.643,222.93,-0.27614,-1,-1,-1
264,-1,1510.1,944.16,41.871,127.61,-0.41129,-1,-1,-1
264,-1,1345,65,319,959,-0.42072,-1,-1,-1
265,-1,711.37,265.65,68.644,207.93,1.677,-1,-1,-1
265,-1,1449.2,272.53,225.27,677.82,1.6454,-1,-1,-1
265,-1,1151.6,317.68,51.78,157.34,1.3451,-1,-1,-1
265,-1,1122.1,295.07,44.948,136.84,1.0613,-1,-1,-1
265,-1,1235.7,301.1,41.871,127.61,0.79138,-1,-1,-1
265,-1,1003.8,296.57,51.78,157.34,0.73036,-1,-1,-1
265,-1,42.786,293.5,68.644,207.93,0.71555,-1,-1,-1
265,-1,961.6,296.57,51.78,157.34,0.62372,-1,-1,-1
265,-1,524.81,304.26,44.948,136.84,-0.28861,-1,-1,-1
265,-1,313,297,39,119,-0.4301,-1,-1,-1
265,-1,1128.7,279.89,59.629,180.89,-0.43776,-1,-1,-1
265,-1,284.64,210,73.643,222.93,-0.43821,-1,-1,-1
266,-1,1456.1,243.51,241.51,726.54,1.539,-1,-1,-1
266,-1,1162.2,307.13,51.78,157.34,1.5058,-1,-1,-1
266,-1,711.37,265.65,68.644,207.93,1.4827,-1,-1,-1
266,-1,1122.1,295.07,44.948,136.84,0.85376,-1,-1,-1
266,-1,1011.9,295.07,44.948,136.84,0.76442,-1,-1,-1
266,-1,966.22,296.47,48.246,146.74,0.70838,-1,-1,-1
266,-1,1248.6,306.41,31.49,96.47,0.49931,-1,-1,-1
266,-1,318.24,283.95,41.871,127.61,0.34987,-1,-1,-1
266,-1,42.786,293.5,68.644,207.93,0.3349,-1,-1,-1
266,-1,1241.6,295.07,44.948,136.84,-0.12157,-1,-1,-1
266,-1,1135.6,269.71,73.643,222.93,-0.13618,-1,-1,-1
267,-1,1456.1,243.51,241.51,726.54,1.8962,-1,-1,-1
267,-1,715.78,273.92,63.98,193.94,1.2911,-1,-1,-1
267,-1,1162.2,307.13,51.78,157.34,1.1555,-1,-1,-1
267,-1,1011.9,295.07,44.948,136.84,1.0236,-1,-1,-1
267,-1,1122.1,295.07,44.948,136.84,0.55606,-1,-1,-1
267,-1,966.22,296.47,48.246,146.74,0.54061,-1,-1,-1
267,-1,1244.3,301.1,41.871,127.61,0.49468,-1,-1,-1
267,-1,42.786,293.5,68.644,207.93,0.29612,-1,-1,-1
267,-1,318.24,283.95,41.871,127.61,0.00080991,-1,-1,-1
267,-1,1019.6,255.64,59.629,180.89,-0.42261,-1,-1,-1
267,-1,966.22,138.89,97.492,294.47,-0.47407,-1,-1,-1
268,-1,1456.1,243.51,241.51,726.54,1.7259,-1,-1,-1
268,-1,1166.3,306.47,55.569,168.71,1.3533,-1,-1,-1
268,-1,1011.9,295.07,44.948,136.84,1.2387,-1,-1,-1
268,-1,1244.3,301.1,41.871,127.61,1.0987,-1,-1,-1
268,-1,715.78,273.92,63.98,193.94,0.97897,-1,-1,-1
268,-1,1131.3,295.07,44.948,136.84,0.61504,-1,-1,-1
268,-1,52.984,299.91,63.98,193.94,0.23846,-1,-1,-1
268,-1,972.16,296.57,51.78,157.34,-0.14197,-1,-1,-1
268,-1,1345,65,319,959,-0.28991,-1,-1,-1
268,-1,313.45,276.69,44.948,136.84,-0.31686,-1,-1,-1
268,-1,1135.6,269.71,73.643,222.93,-0.34139,-1,-1,-1
268,-1,1019.6,255.64,59.629,180.89,-0.3642,-1,-1,-1
268,-1,1105.7,247.92,63.98,193.94,-0.41506,-1,-1,-1
268,-1,966.22,138.89,97.492,294.47,-0.44672,-1,-1,-1
268,-1,1697,449,159,479,-0.47679,-1,-1,-1
269,-1,1166.3,306.47,55.569,168.71,1.6257,-1,-1,-1
269,-1,1456.1,243.51,241.51,726.54,1.5432,-1,-1,-1
269,-1,1012.8,292.52,41.871,127.61,0.99391,-1,-1,-1
269,-1,1249,305,39,119,0.89115,-1,-1,-1
269,-1,711.37,265.65,68.644,207.93,0.49401,-1,-1,-1
269,-1,1131.3,295.07,44.948,136.84,0.39957,-1,-1,-1
269,-1,42.786,293.5,68.644,207.93,-0.23107,-1,-1,-1
269,-1,1697,449,159,479,-0.2978,-1,-1,-1
269,-1,1135.6,269.71,73.643,222.93,-0.34939,-1,-1,-1
269,-1,985.29,283.84,55.569,168.71,-0.36027,-1,-1,-1
269,-1,1345,65,319,959,-0.47578,-1,-1,-1
270,-1,1456.1,243.51,241.51,726.54,1.3844,-1,-1,-1
270,-1,1166.3,306.47,55.569,168.71,1.32,-1,-1,-1
270,-1,1003.8,286.01,51.78,157.34,0.54205,-1,-1,-1
270,-1,711.37,265.65,68.644,207.93,0.28895,-1,-1,-1
270,-1,1132.8,292.52,41.871,127.61,0.094656,-1,-1,-1
270,-1,1249,305,39,119,-0.14017,-1,-1,-1
270,-1,1655.1,405.34,182.79,550.38,-0.2022,-1,-1,-1
270,-1,1132.8,206.78,84.742,256.23,-0.29375,-1,-1,-1
270,-1,1774.4,338.79,104.56,315.68,-0.36938,-1,-1,-1
270,-1,1345,65,319,959,-0.38522,-1,-1,-1
271,-1,711.37,265.65,68.644,207.93,1.6441,-1,-1,-1
271,-1,1456.1,243.51,241.51,726.54,1.5044,-1,-1,-1
271,-1,1166.3,306.47,55.569,168.71,1.4627,-1,-1,-1
271,-1,1002.7,295.07,44.948,136.84,1.4358,-1,-1,-1
271,-1,1131.3,295.07,44.948,136.84,0.66093,-1,-1,-1
271,-1,42.786,293.5,68.644,207.93,0.34422,-1,-1,-1
271,-1,1249,305,39,119,0.34346,-1,-1,-1
271,-1,972.16,296.57,51.78,157.34,0.071728,-1,-1,-1
271,-1,313,289,39,119,-0.071708,-1,-1,-1
271,-1,1029.9,309.67,41.871,127.61,-0.08134,-1,-1,-1
271,-1,858.42,309.67,20.435,63.306,-0.27229,-1,-1,-1
271,-1,1345,65,319,959,-0.35392,-1,-1,-1
271,-1,1135.6,269.71,73.643,222.93,-0.41681,-1,-1,-1
271,-1,593,297,39,119,-0.47678,-1,-1,-1
272,-1,1166.3,306.47,55.569,168.71,1.3692,-1,-1,-1
272,-1,1456.6,208.94,258.92,778.76,1.2617,-1,-1,-1
272,-1,711.37,265.65,68.644,207.93,1.2079,-1,-1,-1
272,-1,1244.3,301.1,41.871,127.61,0.49194,-1,-1,-1
272,-1,1131.3,295.07,44.948,136.84,0.13975,-1,-1,-1
272,-1,1643.1,538.43,148.29,446.86,-0.04423,-1,-1,-1
272,-1,266.93,286.63,48.246,146.74,-0.22826,-1,-1,-1
272,-1,39.988,299.91,63.98,193.94,-0.30156,-1,-1,-1
272,-1,1002.7,304.26,44.948,136.84,-0.32747,-1,-1,-1
272,-1,966.22,306.32,48.246,146.74,-0.45824,-1,-1,-1
273,-1,1173,316.17,48.246,146.74,1.839,-1,-1,-1
273,-1,1456.1,243.51,241.51,726.54,1.5673,-1,-1,-1
273,-1,702.64,254.78,73.643,222.93,0.97273,-1,-1,-1
273,-1,1124.2,301.1,41.871,127.61,0.49679,-1,-1,-1
273,-1,1244.3,301.1,41.871,127.61,0.45174,-1,-1,-1
273,-1,961.6,296.57,51.78,157.34,0.25926,-1,-1,-1
273,-1,995.76,296.47,48.246,146.74,0.24857,-1,-1,-1
273,-1,1647.2,515.45,170.48,513.45,0.13146,-1,-1,-1
273,-1,39.988,299.91,63.98,193.94,0.13042,-1,-1,-1
273,-1,1029.9,309.67,41.871,127.61,-0.028103,-1,-1,-1
273,-1,592.97,300.47,33.822,103.47,-0.11982,-1,-1,-1
273,-1,1122.1,203.17,90.896,274.69,-0.19806,-1,-1,-1
273,-1,1372.9,1,341.97,1027.9,-0.32519,-1,-1,-1
273,-1,266.8,301.1,41.871,127.61,-0.47348,-1,-1,-1
273,-1,892.39,120.46,44.948,136.84,-0.49862,-1,-1,-1
274,-1,1456.1,243.51,241.51,726.54,1.5534,-1,-1,-1
274,-1,1173,316.17,48.246,146.74,1.4546,-1,-1,-1
274,-1,1122.1,295.07,44.948,136.84,0.82362,-1,-1,-1
274,-1,702.64,269.71,73.643,222.93,0.7556,-1,-1,-1
274,-1,1244.3,301.1,41.871,127.61,0.28363,-1,-1,-1
274,-1,592.97,300.47,33.822,103.47,-0.12215,-1,-1,-1
274,-1,1025,313,39,119,-0.16575,-1,-1,-1
274,-1,1655.7,355.57,195.98,589.95,-0.20194,-1,-1,-1
274,-1,993.27,296.57,51.78,157.34,-0.2063,-1,-1,-1
274,-1,1115.3,223.86,68.644,207.93,-0.20884,-1,-1,-1
274,-1,1144.7,286.91,63.98,193.94,-0.21578,-1,-1,-1
274,-1,892.72,121.04,41.871,127.61,-0.27931,-1,-1,-1
274,-1,962.67,295.16,55.569,168.71,-0.30455,-1,-1,-1
274,-1,39.988,299.91,63.98,193.94,-0.30967,-1,-1,-1
274,-1,759.02,295.16,55.569,168.71,-0.40978,-1,-1,-1
275,-1,1456.1,243.51,241.51,726.54,1.6608,-1,-1,-1
275,-1,702.79,273.92,63.98,193.94,1.5971,-1,-1,-1
275,-1,1173,316.17,48.246,146.74,1.178,-1,-1,-1
275,-1,1025,313,39,119,0.49577,-1,-1,-1
275,-1,1122.1,295.07,44.948,136.84,0.477,-1,-1,-1
275,-1,995.76,296.47,48.246,146.74,0.0037776,-1,-1,-1
275,-1,898.3,328.39,59.629,180.89,-0.10244,-1,-1,-1
275,-1,961.6,296.57,51.78,157.34,-0.12336,-1,-1,-1
275,-1,1241,305,39,119,-0.13113,-1,-1,-1
275,-1,1655.7,355.57,195.98,589.95,-0.13934,-1,-1,-1
275,-1,690.44,197.98,97.492,294.47,-0.19371,-1,-1,-1
275,-1,301.1,292.52,41.871,127.61,-0.28022,-1,-1,-1
275,-1,585,297,39,119,-0.3033,-1,-1,-1
275,-1,258.31,295.07,44.948,136.84,-0.48358,-1,-1,-1
275,-1,518.25,296.57,51.78,157.34,-0.49712,-1,-1,-1
276,-1,1456.6,260.92,258.92,778.76,2.0559,-1,-1,-1
276,-1,689.79,273.92,63.98,193.94,1.7215,-1,-1,-1
276,-1,1155,306.47,55.569,168.71,0.98622,-1,-1,-1
276,-1,1112.9,295.07,44.948,136.84,0.80967,-1,-1,-1
276,-1,1233,305,39,119,0.2586,-1,-1,-1
276,-1,1021.3,301.1,41.871,127.61,0.14596,-1,-1,-1
276,-1,1675.4,272.53,225.27,677.82,0.076296,-1,-1,-1
276,-1,951.35,295.16,55.569,168.71,0.072779,-1,-1,-1
276,-1,585.82,306.41,31.49,96.47,-0.13798,-1,-1,-1
276,-1,14.929,307.43,68.644,207.93,-0.26102,-1,-1,-1
276,-1,747.7,295.16,55.569,168.71,-0.36819,-1,-1,-1
276,-1,951.35,136.76,112.14,338.41,-0.43331,-1,-1,-1
276,-1,1098.5,189.63,84.742,256.23,-0.45588,-1,-1,-1
276,-1,670.74,197.98,97.492,294.47,-0.48178,-1,-1,-1
276,-1,289,297,39,119,-0.49564,-1,-1,-1
277,-1,1449.2,272.53,225.27,677.82,2.1369,-1,-1,-1
277,-1,683.51,265.65,68.644,207.93,1.7167,-1,-1,-1
277,-1,1151.6,307.13,51.78,157.34,1.4553,-1,-1,-1
277,-1,951.05,296.57,51.78,157.34,1.3268,-1,-1,-1
277,-1,1112.9,295.07,44.948,136.84,1.0546,-1,-1,-1
277,-1,1409,65,319,959,0.37849,-1,-1,-1
277,-1,1012.8,301.1,41.871,127.61,0.30624,-1,-1,-1
277,-1,1227.1,301.1,41.871,127.61,0.16284,-1,-1,-1
277,-1,13.996,312.9,63.98,193.94,0.13647,-1,-1,-1
277,-1,576.97,304.14,29.314,89.943,0.12475,-1,-1,-1
277,-1,283.95,292.52,41.871,127.61,-0.11863,-1,-1,-1
277,-1,1720.7,272.53,225.27,677.82,-0.14516,-1,-1,-1
277,-1,570.75,295.07,44.948,136.84,-0.35831,-1,-1,-1
277,-1,670.74,197.98,97.492,294.47,-0.36528,-1,-1,-1
277,-1,498.16,279.89,59.629,180.89,-0.4036,-1,-1,-1
277,-1,1135.6,284.64,73.643,222.93,-0.43711,-1,-1,-1
277,-1,808.63,158.59,97.492,294.47,-0.44073,-1,-1,-1
277,-1,951.05,148.78,104.56,315.68,-0.49026,-1,-1,-1
278,-1,1456.1,243.51,241.51,726.54,2.066,-1,-1,-1
278,-1,669.58,265.65,68.644,207.93,1.713,-1,-1,-1
278,-1,1153.4,316.17,48.246,146.74,1.6841,-1,-1,-1
278,-1,940.04,295.16,55.569,168.71,1.6558,-1,-1,-1
278,-1,1103.8,295.07,44.948,136.84,0.93682,-1,-1,-1
278,-1,1218.5,301.1,41.871,127.61,0.44692,-1,-1,-1
278,-1,1004.2,301.1,41.871,127.61,0.30607,-1,-1,-1
278,-1,1135.6,269.71,73.643,222.93,0.041669,-1,-1,-1
278,-1,569,297,39,119,0.032802,-1,-1,-1
278,-1,1716.5,260.92,258.92,778.76,-0.21313,-1,-1,-1
278,-1,1345,65,319,959,-0.25394,-1,-1,-1
278,-1,486.03,279.89,59.629,180.89,-0.2715,-1,-1,-1
278,-1,1087.4,28.858,138.29,416.86,-0.3498,-1,-1,-1
278,-1,273,297,39,119,-0.37878,-1,-1,-1
279,-1,1449.2,272.53,225.27,677.82,1.9393,-1,-1,-1
279,-1,1141.1,307.13,51.78,157.34,1.3799,-1,-1,-1
279,-1,655.65,265.65,68.644,207.93,1.2535,-1,-1,-1
279,-1,929.93,296.57,51.78,157.34,0.85748,-1,-1,-1
279,-1,1094.6,295.07,44.948,136.84,0.59425,-1,-1,-1
279,-1,1672.5,223.86,277.58,834.73,0.49594,-1,-1,-1
279,-1,561.03,306.47,27.284,83.853,0.093883,-1,-1,-1
279,-1,1209,305,39,119,0.012544,-1,-1,-1
279,-1,995.61,301.1,41.871,127.61,-0.042201,-1,-1,-1
279,-1,1409,65,319,959,-0.33186,-1,-1,-1
279,-1,464.86,266.87,27.284,83.853,-0.35974,-1,-1,-1
279,-1,1081.3,189.63,84.742,256.23,-0.42303,-1,-1,-1
279,-1,1135.6,269.71,73.643,222.93,-0.43399,-1,-1,-1
279,-1,461.78,279.89,59.629,180.89,-0.44031,-1,-1,-1
279,-1,961.6,286.01,51.78,157.34,-0.46073,-1,-1,-1
279,-1,258.23,292.52,41.871,127.61,-0.49985,-1,-1,-1
280,-1,1404.6,208.94,258.92,778.76,2.0287,-1,-1,-1
280,-1,928.72,283.84,55.569,168.71,1.7874,-1,-1,-1
280,-1,650.8,273.92,63.98,193.94,1.7203,-1,-1,-1
280,-1,984.29,295.07,44.948,136.84,1.1557,-1,-1,-1
280,-1,1128.7,292.02,59.629,180.89,1.0888,-1,-1,-1
280,-1,1085.4,285.88,44.948,136.84,0.9117,-1,-1,-1
280,-1,1698.6,243.51,241.51,726.54,0.55381,-1,-1,-1
280,-1,1201.4,292.52,41.871,127.61,0.47281,-1,-1,-1
280,-1,461.78,279.89,59.629,180.89,0.2347,-1,-1,-1
280,-1,551.19,300.47,33.822,103.47,0.11877,-1,-1,-1
280,-1,257,289,39,119,-0.30342,-1,-1,-1
280,-1,809.68,304.26,21.974,67.922,-0.4666,-1,-1,-1
281,-1,1407.6,243.51,241.51,726.54,2.1876,-1,-1,-1
281,-1,1121.1,295.16,55.569,168.71,2.0064,-1,-1,-1
281,-1,906.1,283.84,55.569,168.71,1.9758,-1,-1,-1
281,-1,637.81,273.92,63.98,193.94,1.2892,-1,-1,-1
281,-1,1698.6,243.51,241.51,726.54,1.2821,-1,-1,-1
281,-1,965.91,295.07,44.948,136.84,1.2502,-1,-1,-1
281,-1,1072.8,292.52,41.871,127.61,1.03,-1,-1,-1
281,-1,1193,297,39,119,0.65092,-1,-1,-1
281,-1,540.6,304.14,29.314,89.943,0.11035,-1,-1,-1
281,-1,437.53,279.89,59.629,180.89,0.063879,-1,-1,-1
281,-1,233,289,39,119,0.052169,-1,-1,-1
281,-1,532.6,292.52,41.871,127.61,-0.00084712,-1,-1,-1
281,-1,797,305,19,59,-0.077581,-1,-1,-1
281,-1,857,297,39,119,-0.088378,-1,-1,-1
281,-1,1068.1,255.64,59.629,180.89,-0.16519,-1,-1,-1
281,-1,1372.9,1,341.97,1027.9,-0.24691,-1,-1,-1
281,-1,198.21,318.24,41.871,127.61,-0.49122,-1,-1,-1
282,-1,906.1,283.84,55.569,168.71,2.4427,-1,-1,-1
282,-1,1407.6,243.51,241.51,726.54,2.0741,-1,-1,-1
282,-1,1664.5,208.94,258.92,778.76,1.6646,-1,-1,-1
282,-1,1119.9,296.57,51.78,157.34,1.4656,-1,-1,-1
282,-1,965.91,295.07,44.948,136.84,1.2328,-1,-1,-1
282,-1,1185,297,39,119,1.1226,-1,-1,-1
282,-1,624.81,260.92,63.98,193.94,0.98265,-1,-1,-1
282,-1,1064.2,292.52,41.871,127.61,0.90445,-1,-1,-1
282,-1,430.92,283.84,55.569,168.71,0.34595,-1,-1,-1
282,-1,524.03,292.52,41.871,127.61,-0.099679,-1,-1,-1
282,-1,215.35,292.52,41.871,127.61,-0.14361,-1,-1,-1
282,-1,1372.9,1,341.97,1027.9,-0.2724,-1,-1,-1
282,-1,828.06,111.28,44.948,136.84,-0.36821,-1,-1,-1
282,-1,845.49,264.9,51.78,157.34,-0.42114,-1,-1,-1
282,-1,785.54,305.38,20.435,63.306,-0.48466,-1,-1,-1
283,-1,1664.5,208.94,258.92,778.76,1.9709,-1,-1,-1
283,-1,1407.6,243.51,241.51,726.54,1.9203,-1,-1,-1
283,-1,894.78,283.84,55.569,168.71,1.5681,-1,-1,-1
283,-1,956.72,295.07,44.948,136.84,1.4656,-1,-1,-1
283,-1,1109.4,296.57,51.78,157.34,1.2671,-1,-1,-1
283,-1,1057.8,285.88,44.948,136.84,0.90983,-1,-1,-1
283,-1,1177,297,39,119,0.90815,-1,-1,-1
283,-1,611.81,260.92,63.98,193.94,0.83263,-1,-1,-1
283,-1,206.78,292.52,41.871,127.61,0.22773,-1,-1,-1
283,-1,521,297,39,119,0.052881,-1,-1,-1
283,-1,419.61,283.84,55.569,168.71,-0.020358,-1,-1,-1
283,-1,771.59,592.14,51.78,157.34,-0.36205,-1,-1,-1
283,-1,585,313,39,119,-0.47268,-1,-1,-1
283,-1,929.15,285.88,44.948,136.84,-0.47276,-1,-1,-1
284,-1,1407.6,243.51,241.51,726.54,2.2939,-1,-1,-1
284,-1,1664.5,208.94,258.92,778.76,1.5751,-1,-1,-1
284,-1,1109.4,296.57,51.78,157.34,1.5286,-1,-1,-1
284,-1,947.53,295.07,44.948,136.84,1.2885,-1,-1,-1
284,-1,1054.9,276.78,48.246,146.74,1.1712,-1,-1,-1
284,-1,897.27,286.63,48.246,146.74,0.54994,-1,-1,-1
284,-1,1168.1,285.88,44.948,136.84,0.44051,-1,-1,-1
284,-1,613.87,265.65,68.644,207.93,0.090701,-1,-1,-1
284,-1,513,297,39,119,-0.037737,-1,-1,-1
284,-1,1090.8,254.78,73.643,222.93,-0.29797,-1,-1,-1
284,-1,887.71,127.67,104.56,315.68,-0.47002,-1,-1,-1
285,-1,1407.6,243.51,241.51,726.54,2.3497,-1,-1,-1
285,-1,1098.8,296.57,51.78,157.34,1.2333,-1,-1,-1
285,-1,1664.5,208.94,258.92,778.76,1.2066,-1,-1,-1
285,-1,944.16,292.52,41.871,127.61,0.88815,-1,-1,-1
285,-1,1048.6,285.88,44.948,136.84,0.87843,-1,-1,-1
285,-1,1169,289,39,119,0.8298,-1,-1,-1
285,-1,506.88,292.52,41.871,127.61,0.46184,-1,-1,-1
285,-1,599.94,265.65,68.644,207.93,0.23595,-1,-1,-1
285,-1,874.05,279.89,59.629,180.89,0.20241,-1,-1,-1
285,-1,1304.3,1,341.97,1027.9,-0.32894,-1,-1,-1
285,-1,401.15,279.89,59.629,180.89,-0.34419,-1,-1,-1
285,-1,951.35,261.22,55.569,168.71,-0.44972,-1,-1,-1
285,-1,815.55,112.46,41.871,127.61,-0.47128,-1,-1,-1
285,-1,193.98,285.88,44.948,136.84,-0.47202,-1,-1,-1
286,-1,1404.6,208.94,258.92,778.76,2.0031,-1,-1,-1
286,-1,1672.5,168.15,277.58,834.73,1.0465,-1,-1,-1
286,-1,1098.8,296.57,51.78,157.34,0.91852,-1,-1,-1
286,-1,1048.6,285.88,44.948,136.84,0.30432,-1,-1,-1
286,-1,945,297,39,119,0.17723,-1,-1,-1
286,-1,1324.3,-72.517,366.58,1101.8,-0.096279,-1,-1,-1
286,-1,585.82,260.92,63.98,193.94,-0.20926,-1,-1,-1
286,-1,1158.9,285.88,44.948,136.84,-0.41659,-1,-1,-1
287,-1,1407.6,243.51,241.51,726.54,2.3304,-1,-1,-1
287,-1,1098.8,296.57,51.78,157.34,1.2718,-1,-1,-1
287,-1,1672.5,168.15,277.58,834.73,1.0955,-1,-1,-1
287,-1,1039.4,285.88,44.948,136.84,0.62448,-1,-1,-1
287,-1,561,257,79,239,-0.050263,-1,-1,-1
287,-1,1158.5,292.52,41.871,127.61,-0.088477,-1,-1,-1
287,-1,937,297,39,119,-0.21317,-1,-1,-1
287,-1,1025,193,79,239,-0.22145,-1,-1,-1
287,-1,1304.3,1,341.97,1027.9,-0.25511,-1,-1,-1
287,-1,1068.1,98.006,120.26,362.77,-0.30448,-1,-1,-1
287,-1,389.02,279.89,59.629,180.89,-0.37285,-1,-1,-1
287,-1,425,257,39,119,-0.40882,-1,-1,-1
287,-1,361,329,39,119,-0.49724,-1,-1,-1
288,-1,1407.6,243.51,241.51,726.54,2.0106,-1,-1,-1
288,-1,1104.1,296.47,48.246,146.74,2.0053,-1,-1,-1
288,-1,935.59,292.52,41.871,127.61,0.86026,-1,-1,-1
288,-1,1664.5,208.94,258.92,778.76,0.81821,-1,-1,-1
288,-1,1047.1,283.95,41.871,127.61,0.81211,-1,-1,-1
288,-1,568.28,254.78,73.643,222.93,0.66393,-1,-1,-1
288,-1,1161,289,39,119,0.54288,-1,-1,-1
288,-1,498.3,292.52,41.871,127.61,0.48285,-1,-1,-1
288,-1,872.16,283.84,55.569,168.71,0.47182,-1,-1,-1
288,-1,377.89,273.92,63.98,193.94,-0.40064,-1,-1,-1
288,-1,1080.2,292.02,59.629,180.89,-0.41766,-1,-1,-1
288,-1,1372.9,1,341.97,1027.9,-0.44095,-1,-1,-1
288,-1,806.97,292.52,41.871,127.61,-0.44501,-1,-1,-1
288,-1,1025,193,79,239,-0.49745,-1,-1,-1
289,-1,1104.1,296.47,48.246,146.74,1.6239,-1,-1,-1
289,-1,1404.6,208.94,258.92,778.76,1.5847,-1,-1,-1
289,-1,1158.5,283.95,41.871,127.61,0.82896,-1,-1,-1
289,-1,1698.6,195.01,241.51,726.54,0.69453,-1,-1,-1
289,-1,549.75,241.08,84.742,256.23,-0.048821,-1,-1,-1
289,-1,377.89,273.92,63.98,193.94,-0.15055,-1,-1,-1
289,-1,1035.2,276.78,48.246,146.74,-0.28008,-1,-1,-1
289,-1,929.15,285.88,44.948,136.84,-0.41321,-1,-1,-1
289,-1,861.93,267.77,59.629,180.89,-0.44167,-1,-1,-1
290,-1,1098.8,286.01,51.78,157.34,2.5447,-1,-1,-1
290,-1,1449.2,227.27,225.27,677.82,2.2307,-1,-1,-1
290,-1,1039.4,276.69,44.948,136.84,1.1652,-1,-1,-1
290,-1,929,289,39,119,1.1154,-1,-1,-1
290,-1,860.84,272.53,55.569,168.71,0.91739,-1,-1,-1
290,-1,1720.7,227.27,225.27,677.82,0.67406,-1,-1,-1
290,-1,497,289,39,119,0.65978,-1,-1,-1
290,-1,376.9,279.89,59.629,180.89,0.61513,-1,-1,-1
290,-1,1409,129,319,959,0.19089,-1,-1,-1
290,-1,1158.5,275.37,41.871,127.61,-0.0045106,-1,-1,-1
290,-1,549.75,241.08,84.742,256.23,-0.068858,-1,-1,-1
290,-1,361.12,258.23,84.742,256.23,-0.31857,-1,-1,-1
290,-1,1090.8,239.86,73.643,222.93,-0.41982,-1,-1,-1
290,-1,922.56,243.51,59.629,180.89,-0.45432,-1,-1,-1
291,-1,1098.8,286.01,51.78,157.34,2.2704,-1,-1,-1
291,-1,1449.2,227.27,225.27,677.82,1.8719,-1,-1,-1
291,-1,929.15,285.88,44.948,136.84,1.0129,-1,-1,-1
291,-1,861.93,267.77,59.629,180.89,0.80253,-1,-1,-1
291,-1,1038.5,275.37,41.871,127.61,0.77313,-1,-1,-1
291,-1,1698.6,195.01,241.51,726.54,0.58805,-1,-1,-1
291,-1,498.3,283.95,41.871,127.61,0.48083,-1,-1,-1
291,-1,1409,129,319,959,0.22994,-1,-1,-1
291,-1,374.35,272.53,55.569,168.71,-0.013178,-1,-1,-1
291,-1,1158.5,275.37,41.871,127.61,-0.18788,-1,-1,-1
291,-1,1090.8,254.78,73.643,222.93,-0.3479,-1,-1,-1
291,-1,545,241,79,239,-0.38044,-1,-1,-1
291,-1,353,257,79,239,-0.38538,-1,-1,-1
291,-1,1031.7,255.64,59.629,180.89,-0.39452,-1,-1,-1
292,-1,1098.4,272.53,55.569,168.71,2.1688,-1,-1,-1
292,-1,861.93,267.77,59.629,180.89,1.2937,-1,-1,-1
292,-1,1456.6,208.94,258.92,778.76,0.96519,-1,-1,-1
292,-1,927.01,275.37,41.871,127.61,0.88917,-1,-1,-1
292,-1,364.89,260.92,63.98,193.94,0.83555,-1,-1,-1
292,-1,1039.4,267.5,44.948,136.84,0.76571,-1,-1,-1
292,-1,498.3,283.95,41.871,127.61,0.3407,-1,-1,-1
292,-1,1167.1,266.8,41.871,127.61,-0.031488,-1,-1,-1
292,-1,544.06,249.9,55.569,168.71,-0.078353,-1,-1,-1
292,-1,801,281,39,119,-0.10771,-1,-1,-1
292,-1,1089,241,79,239,-0.16363,-1,-1,-1
292,-1,1053.2,238.59,55.569,168.71,-0.18855,-1,-1,-1
292,-1,532.6,223.93,84.742,256.23,-0.32473,-1,-1,-1
292,-1,53,293,19,59,-0.36806,-1,-1,-1
292,-1,129.04,276.78,48.246,146.74,-0.37614,-1,-1,-1
292,-1,785,177,79,239,-0.41885,-1,-1,-1
293,-1,1098.4,261.22,55.569,168.71,1.9737,-1,-1,-1
293,-1,860.84,261.22,55.569,168.71,1.5219,-1,-1,-1
293,-1,1456.1,195.01,241.51,726.54,1.5172,-1,-1,-1
293,-1,927.01,275.37,41.871,127.61,1.4265,-1,-1,-1
293,-1,1039.4,258.31,44.948,136.84,0.84459,-1,-1,-1
293,-1,1169,265,39,119,0.44735,-1,-1,-1
293,-1,498.3,275.37,41.871,127.61,0.34789,-1,-1,-1
293,-1,364.77,267.77,59.629,180.89,0.32709,-1,-1,-1
293,-1,546.83,234.93,63.98,193.94,0.12519,-1,-1,-1
293,-1,157.22,276.69,44.948,136.84,0.023956,-1,-1,-1
293,-1,785,177,79,239,-0.22654,-1,-1,-1
293,-1,849,225,79,239,-0.25837,-1,-1,-1
293,-1,806.97,241.08,84.742,256.23,-0.32697,-1,-1,-1
293,-1,343.97,206.78,84.742,256.23,-0.40323,-1,-1,-1
294,-1,1456.6,156.95,258.92,778.76,1.9211,-1,-1,-1
294,-1,1104.4,255.64,59.629,180.89,1.758,-1,-1,-1
294,-1,860.84,261.22,55.569,168.71,1.6085,-1,-1,-1
294,-1,1045,257.08,48.246,146.74,0.96564,-1,-1,-1
294,-1,927.01,266.8,41.871,127.61,0.78223,-1,-1,-1
294,-1,505,273,39,119,0.55143,-1,-1,-1
294,-1,534.53,243.51,59.629,180.89,0.46361,-1,-1,-1
294,-1,1169,265,39,119,0.30285,-1,-1,-1
294,-1,532.6,223.93,84.742,256.23,0.28401,-1,-1,-1
294,-1,163.91,275.37,41.871,127.61,0.14798,-1,-1,-1
294,-1,849,225,79,239,0.037445,-1,-1,-1
294,-1,363.04,261.22,55.569,168.71,0.020842,-1,-1,-1
294,-1,801,265,39,119,-0.066832,-1,-1,-1
294,-1,343.97,206.78,84.742,256.23,-0.098519,-1,-1,-1
294,-1,122.26,279.89,29.314,89.943,-0.13387,-1,-1,-1
294,-1,127.67,264.9,51.78,157.34,-0.14468,-1,-1,-1
294,-1,777,273,39,119,-0.25857,-1,-1,-1
294,-1,785,217,39,119,-0.293,-1,-1,-1
294,-1,923.72,221.93,63.98,193.94,-0.48328,-1,-1,-1
294,-1,1716.5,156.95,258.92,778.76,-0.49672,-1,-1,-1
295,-1,1109.4,264.9,51.78,157.34,2.1581,-1,-1,-1
295,-1,1456.1,195.01,241.51,726.54,2.1035,-1,-1,-1
295,-1,858.74,247.92,63.98,193.94,1.5574,-1,-1,-1
295,-1,1045,247.23,48.246,146.74,0.97635,-1,-1,-1
295,-1,927.01,266.8,41.871,127.61,0.81098,-1,-1,-1
295,-1,1169,257,39,119,0.49026,-1,-1,-1
295,-1,505,273,39,119,0.36909,-1,-1,-1
295,-1,352.65,255.64,59.629,180.89,0.32752,-1,-1,-1
295,-1,530.29,237.79,68.644,207.93,0.27836,-1,-1,-1
295,-1,1105.7,239.86,73.643,222.93,-0.031808,-1,-1,-1
295,-1,127.67,264.9,51.78,157.34,-0.04687,-1,-1,-1
295,-1,163.91,275.37,41.871,127.61,-0.066321,-1,-1,-1
295,-1,343.97,206.78,84.742,256.23,-0.24004,-1,-1,-1
295,-1,791.3,249.12,44.948,136.84,-0.24568,-1,-1,-1
295,-1,878.51,404.94,68.644,207.93,-0.3309,-1,-1,-1
295,-1,549.75,223.93,84.742,256.23,-0.47725,-1,-1,-1
296,-1,1109.7,261.22,55.569,168.71,2.3699,-1,-1,-1
296,-1,1456.1,195.01,241.51,726.54,1.8284,-1,-1,-1
296,-1,927.01,266.8,41.871,127.61,1.6858,-1,-1,-1
296,-1,1045,247.23,48.246,146.74,1.4503,-1,-1,-1
296,-1,849.8,243.51,59.629,180.89,1.2455,-1,-1,-1
296,-1,1167.1,258.23,41.871,127.61,0.62332,-1,-1,-1
296,-1,344.36,239.86,73.643,222.93,0.53202,-1,-1,-1
296,-1,510.28,279.89,29.314,89.943,0.3258,-1,-1,-1
296,-1,533.84,234.93,63.98,193.94,0.15532,-1,-1,-1
296,-1,157.22,267.5,44.948,136.84,-0.086093,-1,-1,-1
296,-1,506.88,266.8,41.871,127.61,-0.10496,-1,-1,-1
296,-1,793,273,39,119,-0.30536,-1,-1,-1
296,-1,129.65,267.5,44.948,136.84,-0.37649,-1,-1,-1
296,-1,1702.9,419,148.29,446.86,-0.38345,-1,-1,-1
296,-1,887.71,106.56,104.56,315.68,-0.38568,-1,-1,-1
296,-1,17,257,39,119,-0.41321,-1,-1,-1
296,-1,800.49,74.517,44.948,136.84,-0.49791,-1,-1,-1
297,-1,929.15,258.31,44.948,136.84,2.7451,-1,-1,-1
297,-1,1119.9,264.9,51.78,157.34,2.2396,-1,-1,-1
297,-1,1456.6,156.95,258.92,778.76,1.5387,-1,-1,-1
297,-1,850.66,237.79,68.644,207.93,1.4301,-1,-1,-1
297,-1,1045,247.23,48.246,146.74,1.2745,-1,-1,-1
297,-1,1177,257,39,119,0.71105,-1,-1,-1
297,-1,351.89,247.92,63.98,193.94,0.094308,-1,-1,-1
297,-1,533.84,234.93,63.98,193.94,-0.014692,-1,-1,-1
297,-1,1105.7,224.93,73.643,222.93,-0.16728,-1,-1,-1
297,-1,782.11,249.12,44.948,136.84,-0.22445,-1,-1,-1
297,-1,923.72,208.94,63.98,193.94,-0.24189,-1,-1,-1
297,-1,157.22,267.5,44.948,136.84,-0.27427,-1,-1,-1
297,-1,1700.3,446.72,138.29,416.86,-0.41213,-1,-1,-1
297,-1,772.68,155.34,84.742,256.23,-0.41778,-1,-1,-1
298,-1,929.15,258.31,44.948,136.84,2.462,-1,-1,-1
298,-1,1119.9,264.9,51.78,157.34,2.2743,-1,-1,-1
298,-1,850.66,237.79,68.644,207.93,1.5147,-1,-1,-1
298,-1,1449.6,112.43,277.58,834.73,1.4753,-1,-1,-1
298,-1,1048.6,249.12,44.948,136.84,1.1156,-1,-1,-1
298,-1,1177,257,39,119,1.0387,-1,-1,-1
298,-1,1105.7,239.86,73.643,222.93,-0.0029248,-1,-1,-1
298,-1,377,329,39,119,-0.093841,-1,-1,-1
298,-1,351.89,247.92,63.98,193.94,-0.151,-1,-1,-1
298,-1,806.97,241.08,84.742,256.23,-0.22356,-1,-1,-1
298,-1,1647.2,412.56,170.48,513.45,-0.23399,-1,-1,-1
298,-1,772.93,129.65,90.896,274.69,-0.28274,-1,-1,-1
298,-1,923.72,208.94,63.98,193.94,-0.41205,-1,-1,-1
298,-1,136.76,249.9,55.569,168.71,-0.41747,-1,-1,-1
298,-1,718.81,106.56,104.56,315.68,-0.44208,-1,-1,-1
298,-1,887.71,106.56,104.56,315.68,-0.46805,-1,-1,-1
298,-1,530.29,223.86,68.644,207.93,-0.49941,-1,-1,-1
299,-1,1119.9,264.9,51.78,157.34,2.1824,-1,-1,-1
299,-1,926.82,257.08,48.246,146.74,1.7754,-1,-1,-1
299,-1,845.74,247.92,63.98,193.94,1.7672,-1,-1,-1
299,-1,1508.5,156.95,258.92,778.76,1.3677,-1,-1,-1
299,-1,1177,257,39,119,0.91342,-1,-1,-1
299,-1,1048.6,249.12,44.948,136.84,0.67373,-1,-1,-1
299,-1,377,329,39,119,0.089628,-1,-1,-1
299,-1,335.29,251.72,68.644,207.93,0.072808,-1,-1,-1
299,-1,887.71,106.56,104.56,315.68,-0.24429,-1,-1,-1
299,-1,155.34,266.8,41.871,127.61,-0.32266,-1,-1,-1
299,-1,335.39,35.297,41.871,127.61,-0.34984,-1,-1,-1
299,-1,769.23,247.23,48.246,146.74,-0.42706,-1,-1,-1
299,-1,1105.7,239.86,73.643,222.93,-0.44593,-1,-1,-1
300,-1,929.15,258.31,44.948,136.84,2.232,-1,-1,-1
300,-1,1119.9,264.9,51.78,157.34,1.8142,-1,-1,-1
300,-1,1508.5,156.95,258.92,778.76,1.2953,-1,-1,-1
300,-1,1048.6,249.12,44.948,136.84,1.256,-1,-1,-1
300,-1,849.8,243.51,59.629,180.89,1.0404,-1,-1,-1
300,-1,1177,257,39,119,0.53184,-1,-1,-1
300,-1,338.9,247.92,63.98,193.94,0.37521,-1,-1,-1
300,-1,127.67,254.35,51.78,157.34,-0.15171,-1,-1,-1
300,-1,515.45,232.5,41.871,127.61,-0.1618,-1,-1,-1
300,-1,923.72,208.94,63.98,193.94,-0.18935,-1,-1,-1
300,-1,1105.7,239.86,73.643,222.93,-0.20721,-1,-1,-1
300,-1,892.39,249.12,44.948,136.84,-0.21232,-1,-1,-1
300,-1,1030.2,129.65,90.896,274.69,-0.24586,-1,-1,-1
300,-1,528.8,233.23,51.78,157.34,-0.25796,-1,-1,-1
300,-1,729.84,119.19,97.492,294.47,-0.3339,-1,-1,-1
300,-1,887.71,106.56,104.56,315.68,-0.39851,-1,-1,-1
301,-1,1119.9,264.9,51.78,157.34,1.642,-1,-1,-1
301,-1,1504.6,195.01,241.51,726.54,1.6081,-1,-1,-1
301,-1,929.15,267.5,44.948,136.84,1.1515,-1,-1,-1
301,-1,836.73,237.79,68.644,207.93,0.56397,-1,-1,-1
301,-1,1045,247.23,48.246,146.74,0.50697,-1,-1,-1
301,-1,1167.1,258.23,41.871,127.61,-0.006446,-1,-1,-1
301,-1,515.62,203.17,90.896,274.69,-0.073276,-1,-1,-1
301,-1,923.72,221.93,63.98,193.94,-0.0738,-1,-1,-1
301,-1,1690.5,546.83,128.96,388.88,-0.17746,-1,-1,-1
301,-1,887.42,119.19,97.492,294.47,-0.29219,-1,-1,-1
301,-1,1105.7,224.93,73.643,222.93,-0.35823,-1,-1,-1
301,-1,326.82,241.08,84.742,256.23,-0.39424,-1,-1,-1
301,-1,148.74,257.08,48.246,146.74,-0.42058,-1,-1,-1
301,-1,777,265,39,119,-0.48329,-1,-1,-1
301,-1,781.01,14.929,68.644,207.93,-0.4934,-1,-1,-1
302,-1,927.01,266.8,41.871,127.61,2.5378,-1,-1,-1
302,-1,1505.3,168.15,277.58,834.73,1.5199,-1,-1,-1
302,-1,1119.9,264.9,51.78,157.34,1.4435,-1,-1,-1
302,-1,836.73,237.79,68.644,207.93,1.0354,-1,-1,-1
302,-1,1045,247.23,48.246,146.74,0.92366,-1,-1,-1
302,-1,1167.1,258.23,41.871,127.61,0.92317,-1,-1,-1
302,-1,312.9,247.92,63.98,193.94,0.2829,-1,-1,-1
302,-1,138.84,258.31,44.948,136.84,0.014931,-1,-1,-1
302,-1,313.45,239.93,90.896,274.69,-0.12455,-1,-1,-1
302,-1,769,265,39,119,-0.24042,-1,-1,-1
302,-1,798.4,78.168,41.871,127.61,-0.24286,-1,-1,-1
302,-1,510.28,231.39,59.629,180.89,-0.27917,-1,-1,-1
302,-1,729.84,119.19,97.492,294.47,-0.28482,-1,-1,-1
302,-1,910.72,208.94,63.98,193.94,-0.4189,-1,-1,-1
302,-1,91.943,267.77,29.314,89.943,-0.43661,-1,-1,-1
303,-1,1119.9,264.9,51.78,157.34,2.2796,-1,-1,-1
303,-1,1504.6,195.01,241.51,726.54,1.6192,-1,-1,-1
303,-1,1045,247.23,48.246,146.74,0.90674,-1,-1,-1
303,-1,927.01,266.8,41.871,127.61,0.8818,-1,-1,-1
303,-1,1167.1,258.23,41.871,127.61,0.51815,-1,-1,-1
303,-1,910.72,208.94,63.98,193.94,0.054774,-1,-1,-1
303,-1,312.9,247.92,63.98,193.94,0.02171,-1,-1,-1
303,-1,832.75,247.92,63.98,193.94,-0.015745,-1,-1,-1
303,-1,1081.3,172.48,84.742,256.23,-0.28659,-1,-1,-1
303,-1,359.39,331.83,44.948,136.84,-0.29193,-1,-1,-1
303,-1,877.57,257.08,48.246,146.74,-0.39974,-1,-1,-1
303,-1,729.84,119.19,97.492,294.47,-0.4874,-1,-1,-1
303,-1,1029.9,155.34,84.742,256.23,-0.49977,-1,-1,-1
304,-1,1119.9,264.9,51.78,157.34,2.2617,-1,-1,-1
304,-1,1508.5,208.94,258.92,778.76,1.5734,-1,-1,-1
304,-1,927.01,266.8,41.871,127.61,1.16,-1,-1,-1
304,-1,1045,257.08,48.246,146.74,0.7644,-1,-1,-1
304,-1,1168.1,258.31,44.948,136.84,0.7623,-1,-1,-1
304,-1,307.43,237.79,68.644,207.93,0.31251,-1,-1,-1
304,-1,129.65,258.31,44.948,136.84,-0.00091587,-1,-1,-1
304,-1,822.8,237.79,68.644,207.93,-0.061777,-1,-1,-1
304,-1,910.72,208.94,63.98,193.94,-0.078633,-1,-1,-1
304,-1,729.84,119.19,97.492,294.47,-0.25441,-1,-1,-1
304,-1,98.006,243.51,59.629,180.89,-0.32208,-1,-1,-1
304,-1,1394.4,254.35,210.12,632.36,-0.38092,-1,-1,-1
304,-1,1715.8,378.26,170.48,513.45,-0.47497,-1,-1,-1
305,-1,1109.7,261.22,55.569,168.71,1.7041,-1,-1,-1
305,-1,1494.4,227.27,225.27,677.82,1.6717,-1,-1,-1
305,-1,919.96,267.5,44.948,136.84,1.2601,-1,-1,-1
305,-1,1039.4,258.31,44.948,136.84,1.0948,-1,-1,-1
305,-1,822.8,237.79,68.644,207.93,1.0413,-1,-1,-1
305,-1,1167.1,258.23,41.871,127.61,0.94357,-1,-1,-1
305,-1,1473,129,319,959,0.51205,-1,-1,-1
305,-1,293.5,237.79,68.644,207.93,0.2032,-1,-1,-1
305,-1,129.65,258.31,44.948,136.84,0.16098,-1,-1,-1
305,-1,753,265,39,119,-0.033747,-1,-1,-1
305,-1,729.84,119.19,97.492,294.47,-0.037788,-1,-1,-1
305,-1,866.6,254.35,51.78,157.34,-0.049527,-1,-1,-1
305,-1,497.13,233.23,51.78,157.34,-0.22587,-1,-1,-1
305,-1,808.63,158.59,97.492,294.47,-0.34635,-1,-1,-1
305,-1,79.817,261.7,29.314,89.943,-0.37278,-1,-1,-1
305,-1,910.72,208.94,63.98,193.94,-0.40924,-1,-1,-1
306,-1,1109.7,261.22,55.569,168.71,2.1208,-1,-1,-1
306,-1,1456.1,195.01,241.51,726.54,1.8435,-1,-1,-1
306,-1,1035.5,243.79,51.78,157.34,1.2543,-1,-1,-1
306,-1,819.75,247.92,63.98,193.94,1.1886,-1,-1,-1
306,-1,918.44,266.8,41.871,127.61,0.82212,-1,-1,-1
306,-1,120.46,249.12,44.948,136.84,0.67458,-1,-1,-1
306,-1,1165.4,262.25,36.321,110.96,0.50593,-1,-1,-1
306,-1,745,265,39,119,0.25391,-1,-1,-1
306,-1,867.73,257.08,48.246,146.74,0.2299,-1,-1,-1
306,-1,710.14,119.19,97.492,294.47,0.217,-1,-1,-1
306,-1,293.5,237.79,68.644,207.93,-0.18981,-1,-1,-1
306,-1,487.49,227.27,55.569,168.71,-0.19833,-1,-1,-1
306,-1,803.26,148.78,104.56,315.68,-0.20858,-1,-1,-1
306,-1,1716.5,208.94,258.92,778.76,-0.38525,-1,-1,-1
306,-1,465,225,39,119,-0.46567,-1,-1,-1
307,-1,1456.1,195.01,241.51,726.54,2.35,-1,-1,-1
307,-1,1109.4,264.9,51.78,157.34,1.7453,-1,-1,-1
307,-1,1158.5,258.23,41.871,127.61,1.5024,-1,-1,-1
307,-1,910.77,258.31,44.948,136.84,1.4862,-1,-1,-1
307,-1,808.87,237.79,68.644,207.93,1.0806,-1,-1,-1
307,-1,1030.2,249.12,44.948,136.84,0.61847,-1,-1,-1
307,-1,111.28,249.12,44.948,136.84,0.50479,-1,-1,-1
307,-1,857.88,257.08,48.246,146.74,0.094268,-1,-1,-1
307,-1,697.7,106.56,104.56,315.68,-0.011032,-1,-1,-1
307,-1,788.93,158.59,97.492,294.47,-0.14979,-1,-1,-1
307,-1,85.88,231.39,59.629,180.89,-0.16499,-1,-1,-1
307,-1,454.06,217.68,48.246,146.74,-0.27607,-1,-1,-1
307,-1,897.73,208.94,63.98,193.94,-0.30334,-1,-1,-1
307,-1,851.93,419,73.643,222.93,-0.31579,-1,-1,-1
307,-1,243.51,267.77,59.629,180.89,-0.34546,-1,-1,-1
307,-1,279.58,237.79,68.644,207.93,-0.48074,-1,-1,-1
308,-1,1456.1,195.01,241.51,726.54,2.6494,-1,-1,-1
308,-1,907.12,257.08,48.246,146.74,1.4944,-1,-1,-1
308,-1,1109.4,264.9,51.78,157.34,1.3756,-1,-1,-1
308,-1,808.87,237.79,68.644,207.93,1.2804,-1,-1,-1
308,-1,1025.3,247.23,48.246,146.74,1.239,-1,-1,-1
308,-1,99.492,247.23,48.246,146.74,1.1096,-1,-1,-1
308,-1,1158,262.25,36.321,110.96,0.66205,-1,-1,-1
308,-1,857.88,247.23,48.246,146.74,0.38158,-1,-1,-1
308,-1,46.486,254.42,31.49,96.47,-0.064762,-1,-1,-1
308,-1,710.14,119.19,97.492,294.47,-0.077296,-1,-1,-1
308,-1,234.93,260.92,63.98,193.94,-0.19789,-1,-1,-1
308,-1,451.29,221.55,44.948,136.84,-0.31982,-1,-1,-1
308,-1,265.65,237.79,68.644,207.93,-0.34872,-1,-1,-1
308,-1,769.23,217.68,97.492,294.47,-0.47673,-1,-1,-1
308,-1,464.86,193.33,55.569,168.71,-0.48528,-1,-1,-1
309,-1,1456.1,195.01,241.51,726.54,2.3184,-1,-1,-1
309,-1,901.58,258.31,44.948,136.84,1.2285,-1,-1,-1
309,-1,1104.1,276.78,48.246,146.74,1.1799,-1,-1,-1
309,-1,794.94,237.79,68.644,207.93,1.1525,-1,-1,-1
309,-1,1025.3,257.08,48.246,146.74,1.0472,-1,-1,-1
309,-1,1153,257,39,119,0.90758,-1,-1,-1
309,-1,92.896,249.12,44.948,136.84,0.75208,-1,-1,-1
309,-1,442.1,230.74,44.948,136.84,0.17453,-1,-1,-1
309,-1,848.03,257.08,48.246,146.74,0.13008,-1,-1,-1
309,-1,231.39,267.77,59.629,180.89,-0.0022609,-1,-1,-1
309,-1,43.224,280.74,25.39,78.17,-0.12754,-1,-1,-1
309,-1,697.7,106.56,104.56,315.68,-0.28552,-1,-1,-1
309,-1,251.72,237.79,68.644,207.93,-0.37011,-1,-1,-1
310,-1,1456.1,195.01,241.51,726.54,2.3477,-1,-1,-1
310,-1,901.58,267.5,44.948,136.84,1.583,-1,-1,-1
310,-1,1104.1,276.78,48.246,146.74,1.2508,-1,-1,-1
310,-1,794.94,237.79,68.644,207.93,1.1382,-1,-1,-1
310,-1,1025.3,257.08,48.246,146.74,0.84598,-1,-1,-1
310,-1,1153,265,39,119,0.51023,-1,-1,-1
310,-1,848.03,257.08,48.246,146.74,0.40368,-1,-1,-1
310,-1,92.896,258.31,44.948,136.84,0.14348,-1,-1,-1
310,-1,446.86,232.5,41.871,127.61,-0.049467,-1,-1,-1
310,-1,64.336,254.35,51.78,157.34,-0.34139,-1,-1,-1
310,-1,704.08,138.19,84.742,256.23,-0.39561,-1,-1,-1
310,-1,221.93,260.92,63.98,193.94,-0.454,-1,-1,-1
310,-1,1762.6,478.71,148.29,446.86,-0.46396,-1,-1,-1
311,-1,1456.1,195.01,241.51,726.54,2.382,-1,-1,-1
311,-1,901.29,266.8,41.871,127.61,1.6268,-1,-1,-1
311,-1,1104.1,276.78,48.246,146.74,1.1657,-1,-1,-1
311,-1,1153,265,39,119,0.8215,-1,-1,-1
311,-1,794.94,237.79,68.644,207.93,0.80027,-1,-1,-1
311,-1,1025.3,257.08,48.246,146.74,0.75279,-1,-1,-1
311,-1,838.21,249.9,55.569,168.71,0.41502,-1,-1,-1
311,-1,83.706,258.31,44.948,136.84,0.36907,-1,-1,-1
311,-1,690.44,119.19,97.492,294.47,-0.10279,-1,-1,-1
311,-1,897.73,208.94,63.98,193.94,-0.15036,-1,-1,-1
311,-1,481,265,39,119,-0.19112,-1,-1,-1
311,-1,25,241,39,119,-0.2505,-1,-1,-1
311,-1,49.503,243.51,59.629,180.89,-0.40801,-1,-1,-1
311,-1,772.68,78.168,41.871,127.61,-0.44465,-1,-1,-1
311,-1,770.33,136.76,112.14,338.41,-0.47653,-1,-1,-1
312,-1,1494.4,227.27,225.27,677.82,1.9652,-1,-1,-1
312,-1,901.29,275.37,41.871,127.61,1.5029,-1,-1,-1
312,-1,1104.1,276.78,48.246,146.74,1.2795,-1,-1,-1
312,-1,785,225,79,239,1.1281,-1,-1,-1
312,-1,1015.5,257.08,48.246,146.74,1.1185,-1,-1,-1
312,-1,476.02,264.9,51.78,157.34,0.60434,-1,-1,-1
312,-1,79.793,266.93,48.246,146.74,0.17056,-1,-1,-1
312,-1,195.94,273.92,63.98,193.94,0.14601,-1,-1,-1
312,-1,1149.7,267.5,44.948,136.84,0.11085,-1,-1,-1
312,-1,1409,129,319,959,-0.01115,-1,-1,-1
312,-1,846.44,267.5,44.948,136.84,-0.059694,-1,-1,-1
312,-1,237.79,251.72,68.644,207.93,-0.14994,-1,-1,-1
312,-1,17,249,39,119,-0.19388,-1,-1,-1
312,-1,423.72,239.93,44.948,136.84,-0.3292,-1,-1,-1
312,-1,316.27,55.566,29.314,89.943,-0.34995,-1,-1,-1
312,-1,46.255,261.22,55.569,168.71,-0.44783,-1,-1,-1
312,-1,897.73,221.93,63.98,193.94,-0.44822,-1,-1,-1
312,-1,764.1,86.742,41.871,127.61,-0.479,-1,-1,-1
313,-1,1449.6,168.15,277.58,834.73,1.4422,-1,-1,-1
313,-1,901.29,275.37,41.871,127.61,0.59877,-1,-1,-1
313,-1,1098.4,272.53,55.569,168.71,0.51858,-1,-1,-1
313,-1,1019.2,249.9,55.569,168.71,0.44784,-1,-1,-1
313,-1,225,241,79,239,-0.13522,-1,-1,-1
313,-1,781.01,237.79,68.644,207.93,-0.24196,-1,-1,-1
313,-1,1009,177,79,239,-0.24508,-1,-1,-1
313,-1,1064.5,114.14,112.14,338.41,-0.29414,-1,-1,-1
313,-1,478.86,267.5,44.948,136.84,-0.31267,-1,-1,-1
314,-1,1456.6,208.94,258.92,778.76,1.6914,-1,-1,-1
314,-1,1015.5,266.93,48.246,146.74,0.35447,-1,-1,-1
314,-1,1153,273,39,119,0.18256,-1,-1,-1
314,-1,1098.8,275.46,51.78,157.34,0.13501,-1,-1,-1
314,-1,224.93,254.78,73.643,222.93,0.090251,-1,-1,-1
314,-1,892.39,276.69,44.948,136.84,0.069168,-1,-1,-1
314,-1,777.28,239.86,73.643,222.93,-0.063176,-1,-1,-1
314,-1,478.86,276.69,44.948,136.84,-0.16156,-1,-1,-1
314,-1,438.28,258.23,41.871,127.61,-0.3867,-1,-1,-1
314,-1,736.17,258.31,90.896,274.69,-0.4469,-1,-1,-1
314,-1,676.59,127.67,104.56,315.68,-0.4964,-1,-1,-1
315,-1,1456.6,208.94,258.92,778.76,2.1386,-1,-1,-1
315,-1,1025.3,266.93,48.246,146.74,1.1022,-1,-1,-1
315,-1,901.29,283.95,41.871,127.61,0.97853,-1,-1,-1
315,-1,481.15,283.95,41.871,127.61,0.93136,-1,-1,-1
315,-1,1109.7,283.84,55.569,168.71,0.6961,-1,-1,-1
315,-1,1149.9,275.37,41.871,127.61,0.40527,-1,-1,-1
315,-1,769,241,79,239,0.39209,-1,-1,-1
315,-1,223.86,265.65,68.644,207.93,0.34203,-1,-1,-1
315,-1,74.517,276.69,44.948,136.84,0.19683,-1,-1,-1
315,-1,429.71,258.23,41.871,127.61,-0.051432,-1,-1,-1
315,-1,473.9,267.77,59.629,180.89,-0.38342,-1,-1,-1
315,-1,841.27,275.37,41.871,127.61,-0.4399,-1,-1,-1
315,-1,897.73,221.93,63.98,193.94,-0.44146,-1,-1,-1
316,-1,1504.6,243.51,241.51,726.54,1.5416,-1,-1,-1
316,-1,1025.3,266.93,48.246,146.74,1.2757,-1,-1,-1
316,-1,897.27,276.78,48.246,146.74,1.1456,-1,-1,-1
316,-1,781.01,251.72,68.644,207.93,0.87222,-1,-1,-1
316,-1,488.05,276.69,44.948,136.84,0.77624,-1,-1,-1
316,-1,1114,286.63,48.246,146.74,0.5118,-1,-1,-1
316,-1,769.23,178.28,97.492,294.47,0.10124,-1,-1,-1
316,-1,74.517,276.69,44.948,136.84,0.052399,-1,-1,-1
316,-1,223.86,265.65,68.644,207.93,-0.085429,-1,-1,-1
316,-1,1158.5,275.37,41.871,127.61,-0.15585,-1,-1,-1
316,-1,438.28,258.23,41.871,127.61,-0.25944,-1,-1,-1
316,-1,1012.8,172.48,84.742,256.23,-0.27124,-1,-1,-1
316,-1,846.44,276.69,44.948,136.84,-0.3139,-1,-1,-1
317,-1,1508.5,208.94,258.92,778.76,2.2351,-1,-1,-1
317,-1,909.86,283.95,41.871,127.61,1.3684,-1,-1,-1
317,-1,1121.1,283.84,55.569,168.71,0.87729,-1,-1,-1
317,-1,1035.2,266.93,48.246,146.74,0.84512,-1,-1,-1
317,-1,83.706,276.69,44.948,136.84,0.70521,-1,-1,-1
317,-1,1169,273,39,119,0.67256,-1,-1,-1
317,-1,498.3,283.95,41.871,127.61,0.44409,-1,-1,-1
317,-1,781.01,251.72,68.644,207.93,0.43653,-1,-1,-1
317,-1,910.43,231.39,59.629,180.89,0.26421,-1,-1,-1
317,-1,848.03,276.78,48.246,146.74,0.0095369,-1,-1,-1
317,-1,769.23,178.28,97.492,294.47,-0.0056665,-1,-1,-1
317,-1,223.86,265.65,68.644,207.93,-0.063311,-1,-1,-1
317,-1,25.251,285.95,29.314,89.943,-0.13115,-1,-1,-1
317,-1,432.91,249.12,44.948,136.84,-0.15463,-1,-1,-1
317,-1,772.93,92.896,44.948,136.84,-0.2698,-1,-1,-1
318,-1,1508.5,208.94,258.92,778.76,1.8428,-1,-1,-1
318,-1,1035.2,266.93,48.246,146.74,0.85437,-1,-1,-1
318,-1,910.77,276.69,44.948,136.84,0.77628,-1,-1,-1
318,-1,1177,273,39,119,0.6205,-1,-1,-1
318,-1,1121.1,272.53,55.569,168.71,0.60577,-1,-1,-1
318,-1,781.01,251.72,68.644,207.93,0.4157,-1,-1,-1
318,-1,83.706,276.69,44.948,136.84,0.30235,-1,-1,-1
318,-1,209,257,79,239,0.023027,-1,-1,-1
318,-1,434.36,247.23,48.246,146.74,-0.057284,-1,-1,-1
318,-1,769.23,178.28,97.492,294.47,-0.098577,-1,-1,-1
318,-1,772.93,92.896,44.948,136.84,-0.18387,-1,-1,-1
318,-1,497.24,276.69,44.948,136.84,-0.33782,-1,-1,-1
318,-1,845.49,264.9,51.78,157.34,-0.35557,-1,-1,-1
319,-1,1508.5,208.94,258.92,778.76,1.1596,-1,-1,-1
319,-1,1130.5,275.46,51.78,157.34,1.0341,-1,-1,-1
319,-1,89.642,276.78,48.246,146.74,1.0303,-1,-1,-1
319,-1,1039.4,267.5,44.948,136.84,1.0192,-1,-1,-1
319,-1,848.03,266.93,48.246,146.74,0.94338,-1,-1,-1
319,-1,910.77,276.69,44.948,136.84,0.90325,-1,-1,-1
319,-1,777.28,254.78,73.643,222.93,0.70795,-1,-1,-1
319,-1,209,257,79,239,0.46095,-1,-1,-1
319,-1,1177,273,39,119,0.37745,-1,-1,-1
319,-1,910.72,221.93,63.98,193.94,0.20629,-1,-1,-1
319,-1,506.88,283.95,41.871,127.61,0.08278,-1,-1,-1
319,-1,442.1,249.12,44.948,136.84,0.032045,-1,-1,-1
319,-1,761.04,169.9,104.56,315.68,-0.28155,-1,-1,-1
319,-1,584.04,283.95,41.871,127.61,-0.4541,-1,-1,-1
319,-1,782.11,92.896,44.948,136.84,-0.46571,-1,-1,-1
319,-1,699.41,276.69,44.948,136.84,-0.49065,-1,-1,-1
320,-1,1130.5,275.46,51.78,157.34,1.4077,-1,-1,-1
320,-1,1508.5,208.94,258.92,778.76,1.3063,-1,-1,-1
320,-1,1046.1,254.35,51.78,157.34,1.1002,-1,-1,-1
320,-1,89.642,276.78,48.246,146.74,0.98387,-1,-1,-1
320,-1,918.44,275.37,41.871,127.61,0.69407,-1,-1,-1
320,-1,781.01,251.72,68.644,207.93,0.59127,-1,-1,-1
320,-1,210,254.78,73.643,222.93,0.4198,-1,-1,-1
320,-1,855.63,267.5,44.948,136.84,0.23459,-1,-1,-1
320,-1,1185,265,39,119,0.23436,-1,-1,-1
320,-1,769.23,178.28,97.492,294.47,0.15555,-1,-1,-1
320,-1,423.72,249.12,44.948,136.84,-0.24006,-1,-1,-1
320,-1,910.72,221.93,63.98,193.94,-0.30809,-1,-1,-1
321,-1,1045,257.08,48.246,146.74,1.3735,-1,-1,-1
321,-1,92.896,276.69,44.948,136.84,1.3079,-1,-1,-1
321,-1,1553.1,195.01,241.51,726.54,1.188,-1,-1,-1
321,-1,1141.1,275.46,51.78,157.34,1.1278,-1,-1,-1
321,-1,919.96,276.69,44.948,136.84,0.9142,-1,-1,-1
321,-1,781.01,251.72,68.644,207.93,0.87118,-1,-1,-1
321,-1,1185,265,39,119,0.85709,-1,-1,-1
321,-1,209,257,79,239,0.43924,-1,-1,-1
321,-1,855.63,267.5,44.948,136.84,0.35841,-1,-1,-1
321,-1,770.33,136.76,112.14,338.41,-0.10652,-1,-1,-1
321,-1,910.72,221.93,63.98,193.94,-0.21621,-1,-1,-1
321,-1,429.71,258.23,41.871,127.61,-0.24994,-1,-1,-1
321,-1,69.944,276.78,48.246,146.74,-0.42112,-1,-1,-1
322,-1,1054.9,257.08,48.246,146.74,1.2911,-1,-1,-1
322,-1,1553.1,195.01,241.51,726.54,1.126,-1,-1,-1
322,-1,1141.1,264.9,51.78,157.34,1.1021,-1,-1,-1
322,-1,919.96,267.5,44.948,136.84,1.0316,-1,-1,-1
322,-1,92.896,276.69,44.948,136.84,1.0097,-1,-1,-1
322,-1,855.63,258.31,44.948,136.84,0.77535,-1,-1,-1
322,-1,193,257,79,239,0.73859,-1,-1,-1
322,-1,777.28,239.86,73.643,222.93,0.70445,-1,-1,-1
322,-1,1193,265,39,119,0.52054,-1,-1,-1
322,-1,761.04,169.9,104.56,315.68,0.092209,-1,-1,-1
322,-1,433.8,243.79,51.78,157.34,-0.10563,-1,-1,-1
322,-1,524.03,275.37,41.871,127.61,-0.28501,-1,-1,-1
322,-1,33,257,39,119,-0.30361,-1,-1,-1
322,-1,923.72,208.94,63.98,193.94,-0.40964,-1,-1,-1
323,-1,1143.7,261.22,55.569,168.71,1.4825,-1,-1,-1
323,-1,1561,168.15,277.58,834.73,1.2586,-1,-1,-1
323,-1,927.01,275.37,41.871,127.61,1.2459,-1,-1,-1
323,-1,857.88,257.08,48.246,146.74,1.1448,-1,-1,-1
323,-1,1054.9,257.08,48.246,146.74,1.0369,-1,-1,-1
323,-1,92.896,276.69,44.948,136.84,0.93129,-1,-1,-1
323,-1,1201,257,39,119,0.84512,-1,-1,-1
323,-1,781.01,251.72,68.644,207.93,0.82129,-1,-1,-1
323,-1,193,257,79,239,0.46823,-1,-1,-1
323,-1,761.04,169.9,104.56,315.68,0.21609,-1,-1,-1
323,-1,922.56,219.26,59.629,180.89,0.15716,-1,-1,-1
323,-1,432.91,249.12,44.948,136.84,-0.17875,-1,-1,-1
323,-1,37.377,279.89,29.314,89.943,-0.33462,-1,-1,-1
324,-1,1560.5,156.95,258.92,778.76,1.2549,-1,-1,-1
324,-1,929.15,267.5,44.948,136.84,1.1394,-1,-1,-1
324,-1,1151.6,264.9,51.78,157.34,1.1071,-1,-1,-1
324,-1,857.88,257.08,48.246,146.74,1.0752,-1,-1,-1
324,-1,780.76,247.92,63.98,193.94,0.88693,-1,-1,-1
324,-1,1056.6,254.35,51.78,157.34,0.88289,-1,-1,-1
324,-1,1201,257,39,119,0.87469,-1,-1,-1
324,-1,95.316,275.37,41.871,127.61,0.44253,-1,-1,-1
324,-1,923.72,221.93,63.98,193.94,0.33921,-1,-1,-1
324,-1,196,265.65,68.644,207.93,0.22935,-1,-1,-1
324,-1,728.78,104.97,128.96,388.88,0.00073746,-1,-1,-1
324,-1,489.73,283.95,41.871,127.61,-0.15771,-1,-1,-1
324,-1,429.71,249.65,41.871,127.61,-0.42599,-1,-1,-1
324,-1,158.59,197.98,97.492,294.47,-0.42628,-1,-1,-1
324,-1,106.56,264.9,51.78,157.34,-0.4787,-1,-1,-1
325,-1,929.15,267.5,44.948,136.84,1.4421,-1,-1,-1
325,-1,1151.6,264.9,51.78,157.34,1.2217,-1,-1,-1
325,-1,777.28,239.86,73.643,222.93,1.19,-1,-1,-1
325,-1,1560.5,156.95,258.92,778.76,1.0396,-1,-1,-1
325,-1,857.88,257.08,48.246,146.74,1.0015,-1,-1,-1
325,-1,99.492,266.93,48.246,146.74,0.97357,-1,-1,-1
325,-1,1209,257,39,119,0.91146,-1,-1,-1
325,-1,1056.6,254.35,51.78,157.34,0.69719,-1,-1,-1
325,-1,172.48,241.08,84.742,256.23,0.39303,-1,-1,-1
325,-1,934.68,219.26,59.629,180.89,0.19312,-1,-1,-1
325,-1,728.78,104.97,128.96,388.88,0.12873,-1,-1,-1
325,-1,489.73,283.95,41.871,127.61,-0.11063,-1,-1,-1
325,-1,421.14,249.65,41.871,127.61,-0.21644,-1,-1,-1
325,-1,41,257,39,119,-0.33042,-1,-1,-1
325,-1,1135.6,210,73.643,222.93,-0.46035,-1,-1,-1
326,-1,929.15,267.5,44.948,136.84,1.3933,-1,-1,-1
326,-1,1612.5,156.95,258.92,778.76,1.2064,-1,-1,-1
326,-1,102.09,276.69,44.948,136.84,1.0181,-1,-1,-1
326,-1,1209,257,39,119,0.99443,-1,-1,-1
326,-1,780.76,247.92,63.98,193.94,0.98955,-1,-1,-1
326,-1,1155,261.22,55.569,168.71,0.89278,-1,-1,-1
326,-1,923.72,221.93,63.98,193.94,0.86545,-1,-1,-1
326,-1,172.48,241.08,84.742,256.23,0.69058,-1,-1,-1
326,-1,1064.7,257.08,48.246,146.74,0.62011,-1,-1,-1
326,-1,857.88,257.08,48.246,146.74,0.59337,-1,-1,-1
326,-1,728.78,104.97,128.96,388.88,-0.024726,-1,-1,-1
326,-1,421.14,249.65,41.871,127.61,-0.34911,-1,-1,-1
326,-1,396.98,215.96,55.569,168.71,-0.35011,-1,-1,-1
326,-1,80.196,272.53,55.569,168.71,-0.427,-1,-1,-1
326,-1,267.77,25.251,120.26,362.77,-0.49239,-1,-1,-1
327,-1,938.34,267.5,44.948,136.84,1.6257,-1,-1,-1
327,-1,781.01,251.72,68.644,207.93,1.5835,-1,-1,-1
327,-1,1162.2,264.9,51.78,157.34,1.4829,-1,-1,-1
327,-1,1616.7,168.15,277.58,834.73,1.439,-1,-1,-1
327,-1,1067.2,254.35,51.78,157.34,1.1621,-1,-1,-1
327,-1,866.6,254.35,51.78,157.34,0.98897,-1,-1,-1
327,-1,177,257,79,239,0.92048,-1,-1,-1
327,-1,1217,265,39,119,0.35963,-1,-1,-1
327,-1,102.09,276.69,44.948,136.84,0.14132,-1,-1,-1
327,-1,754.77,104.97,128.96,388.88,-0.088725,-1,-1,-1
328,-1,1616.7,168.15,277.58,834.73,1.5443,-1,-1,-1
328,-1,1217,265,39,119,1.0484,-1,-1,-1
328,-1,177,257,79,239,1.0046,-1,-1,-1
328,-1,938.34,276.69,44.948,136.84,0.98126,-1,-1,-1
328,-1,1162.2,275.46,51.78,157.34,0.69775,-1,-1,-1
328,-1,781.01,251.72,68.644,207.93,0.55618,-1,-1,-1
328,-1,1064.5,261.22,55.569,168.71,0.54247,-1,-1,-1
328,-1,867.73,266.93,48.246,146.74,0.15843,-1,-1,-1
328,-1,33,281,39,119,-0.013599,-1,-1,-1
328,-1,102.09,276.69,44.948,136.84,-0.072077,-1,-1,-1
328,-1,80.196,272.53,55.569,168.71,-0.24988,-1,-1,-1
328,-1,806.97,95.316,41.871,127.61,-0.40972,-1,-1,-1
328,-1,725.3,112.43,138.29,416.86,-0.45757,-1,-1,-1
