1,1,867,145,236,635,1,1,1
2,1,870,146,228,633,1,1,1
3,1,873,148,220,630,1,1,1
4,1,877,150,212,627,1,1,1
5,1,880,148,204,628,1,1,1
6,1,884,147,196,628,1,1,1
7,1,888,146,187,628,1,1,1
8,1,892,145,179,629,1,1,1
9,1,885,145,183,632,1,1,1
10,1,879,146,186,634,1,1,1
11,1,873,147,190,636,1,1,1
12,1,867,147,193,639,1,1,1
13,1,861,148,197,641,1,1,1
14,1,855,149,200,643,1,1,1
15,1,849,150,204,645,1,1,1
16,1,844,153,206,651,1,1,1
17,1,839,157,208,657,1,1,1
18,1,835,161,209,663,1,1,1
19,1,838,163,211,663,1,1,1
20,1,842,165,213,664,1,1,1
21,1,846,167,214,665,1,1,1
22,1,850,169,216,666,1,1,1
23,1,854,171,217,666,1,1,1
24,1,858,173,219,667,1,1,1
25,1,862,175,221,668,1,1,1
26,1,866,177,222,669,1,1,1
27,1,870,179,224,669,1,1,1
28,1,874,181,225,670,1,1,1
29,1,878,183,227,671,1,1,1
30,1,882,185,229,672,1,1,1
31,1,886,192,228,673,1,1,1
32,1,890,199,227,675,1,1,1
33,1,894,206,226,677,1,1,1
34,1,898,214,226,677,1,1,1
35,1,903,221,224,679,1,1,1
36,1,907,228,223,681,1,1,1
37,1,911,236,223,681,1,1,1
38,1,915,243,222,683,1,1,1
39,1,919,250,221,685,1,1,1
40,1,924,258,220,686,1,1,1
41,1,921,265,218,685,1,1,1
42,1,919,272,216,685,1,1,1
43,1,917,279,214,684,1,1,1
44,1,915,286,212,684,1,1,1
45,1,913,293,210,683,1,1,1
46,1,911,300,207,683,1,1,1
47,1,909,307,205,682,1,1,1
48,1,907,314,203,682,1,1,1
49,1,905,321,201,681,1,1,1
50,1,903,328,199,681,1,1,1
51,1,897,334,201,680,1,1,1
52,1,891,340,203,679,1,1,1
53,1,885,346,205,678,1,1,1
54,1,880,352,207,677,1,1,1
55,1,871,350,209,676,1,1,1
56,1,863,349,211,675,1,1,1
57,1,855,347,213,674,1,1,1
58,1,846,346,215,673,1,1,1
59,1,838,344,217,672,1,1,1
60,1,830,343,219,671,1,1,1
61,1,829,342,221,671,1,1,1
62,1,828,341,223,672,1,1,1
63,1,828,340,224,672,1,1,1
64,1,827,339,226,673,1,1,1
65,1,827,338,227,674,1,1,1
66,1,826,337,229,674,1,1,1
67,1,825,336,231,675,1,1,1
68,1,825,335,232,675,1,1,1
69,1,824,334,234,676,1,1,1
70,1,824,333,235,677,1,1,1
71,1,827,327,232,675,1,1,1
72,1,830,321,229,674,1,1,1
73,1,833,315,227,673,1,1,1
74,1,836,309,224,671,1,1,1
75,1,839,303,221,670,1,1,1
76,1,842,297,219,669,1,1,1
77,1,841,297,216,668,1,1,1
78,1,841,298,213,667,1,1,1
79,1,840,298,211,666,1,1,1
80,1,840,299,208,665,1,1,1
81,1,830,295,209,665,1,1,1
82,1,820,291,211,665,1,1,1
83,1,811,287,212,666,1,1,1
84,1,801,283,214,666,1,1,1
85,1,792,279,215,667,1,1,1
86,1,782,275,216,667,1,1,1
87,1,772,271,218,667,1,1,1
88,1,763,267,219,668,1,1,1
89,1,753,263,221,668,1,1,1
90,1,744,259,222,669,1,1,1
91,1,739,258,222,669,1,1,1
92,1,734,257,222,670,1,1,1
93,1,729,256,222,670,1,1,1
94,1,725,255,221,671,1,1,1
95,1,720,254,221,671,1,1,1
96,1,715,253,221,672,1,1,1
97,1,711,252,220,672,1,1,1
98,1,706,251,220,673,1,1,1
99,1,701,250,220,673,1,1,1
100,1,697,249,220,674,1,1,1
101,1,704,246,219,672,1,1,1
102,1,711,244,218,669,1,1,1
103,1,719,242,216,666,1,1,1
104,1,726,239,215,664,1,1,1
105,1,734,237,214,661,1,1,1
106,1,741,235,213,658,1,1,1
107,1,748,232,212,656,1,1,1
108,1,756,230,210,653,1,1,1
109,1,763,228,209,650,1,1,1
110,1,771,226,208,648,1,1,1
111,1,770,226,208,648,1,1,1
112,1,770,227,207,648,1,1,1
113,1,770,227,207,649,1,1,1
114,1,769,228,207,648,1,1,1
115,1,769,228,207,649,1,1,1
116,1,769,229,206,649,1,1,1
117,1,768,229,206,649,1,1,1
118,1,768,230,206,649,1,1,1
119,1,768,230,205,650,1,1,1
120,1,768,231,205,650,1,1,1
121,1,761,231,207,650,1,1,1
122,1,755,231,208,651,1,1,1
123,1,749,232,209,651,1,1,1
124,1,743,232,210,651,1,1,1
125,1,736,232,213,652,1,1,1
126,1,730,233,214,652,1,1,1
127,1,724,233,215,652,1,1,1
128,1,718,233,216,653,1,1,1
129,1,712,234,218,653,1,1,1
130,1,714,234,216,651,1,1,1
131,1,717,235,214,649,1,1,1
132,1,719,236,212,647,1,1,1
133,1,722,237,210,645,1,1,1
134,1,725,238,208,643,1,1,1
135,1,727,238,206,642,1,1,1
136,1,730,239,204,640,1,1,1
137,1,733,240,202,638,1,1,1
138,1,735,241,200,636,1,1,1
139,1,738,242,198,634,1,1,1
140,1,741,243,196,632,1,1,1
141,1,746,245,195,632,1,1,1
142,1,751,247,195,632,1,1,1
143,1,756,249,195,632,1,1,1
144,1,761,251,194,633,1,1,1
145,1,766,254,194,632,1,1,1
146,1,771,256,194,632,1,1,1
147,1,776,258,193,633,1,1,1
148,1,781,260,193,633,1,1,1
149,1,786,262,193,633,1,1,1
150,1,791,265,193,633,1,1,1
151,1,787,264,196,632,1,1,1
152,1,784,263,198,632,1,1,1
153,1,781,262,200,631,1,1,1
154,1,777,262,203,630,1,1,1
155,1,774,261,205,630,1,1,1
156,1,771,260,207,629,1,1,1
157,1,767,260,210,628,1,1,1
158,1,764,259,212,627,1,1,1
159,1,761,258,214,627,1,1,1
160,1,758,258,217,626,1,1,1
161,1,758,257,215,625,1,1,1
162,1,759,256,212,625,1,1,1
163,1,759,255,211,624,1,1,1
164,1,760,254,208,624,1,1,1
165,1,760,253,207,624,1,1,1
166,1,761,252,204,623,1,1,1
167,1,761,251,202,623,1,1,1
168,1,762,250,200,622,1,1,1
169,1,762,249,198,622,1,1,1
170,1,763,249,196,621,1,1,1
171,1,764,250,196,620,1,1,1
172,1,765,252,196,619,1,1,1
173,1,766,253,196,619,1,1,1
174,1,767,255,197,618,1,1,1
175,1,768,256,197,618,1,1,1
176,1,769,258,197,617,1,1,1
177,1,770,259,198,617,1,1,1
178,1,771,261,198,616,1,1,1
179,1,772,262,198,616,1,1,1
180,1,774,264,198,615,1,1,1
181,1,776,262,198,614,1,1,1
182,1,779,260,198,614,1,1,1
183,1,781,258,199,613,1,1,1
184,1,784,256,199,613,1,1,1
185,1,786,254,200,612,1,1,1
186,1,789,252,200,612,1,1,1
187,1,791,250,201,611,1,1,1
188,1,794,248,201,611,1,1,1
189,1,796,246,202,610,1,1,1
190,1,799,245,202,609,1,1,1
191,1,798,248,202,609,1,1,1
192,1,797,252,203,608,1,1,1
193,1,797,256,202,607,1,1,1
194,1,796,260,203,606,1,1,1
195,1,795,264,204,605,1,1,1
196,1,795,268,203,604,1,1,1
197,1,794,272,204,603,1,1,1
198,1,794,276,204,603,1,1,1
199,1,794,277,202,603,1,1,1
200,1,795,278,199,603,1,1,1
201,1,795,279,197,604,1,1,1
202,1,796,280,195,604,1,1,1
203,1,796,281,193,605,1,1,1
204,1,797,283,190,604,1,1,1
205,1,797,284,188,604,1,1,1
206,1,798,285,186,605,1,1,1
207,1,798,286,184,605,1,1,1
208,1,799,287,181,606,1,1,1
209,1,799,288,179,606,1,1,1
210,1,800,290,177,606,1,1,1
211,1,796,290,182,606,1,1,1
212,1,792,291,188,605,1,1,1
213,1,788,292,193,605,1,1,1
214,1,784,293,199,604,1,1,1
215,1,780,294,204,603,1,1,1
216,1,776,295,210,603,1,1,1
217,1,779,296,208,602,1,1,1
218,1,783,297,206,601,1,1,1
219,1,787,298,203,600,1,1,1
220,1,791,299,201,600,1,1,1
221,1,797,298,200,600,1,1,1
222,1,803,298,199,599,1,1,1
223,1,809,297,198,599,1,1,1
224,1,815,297,197,598,1,1,1
225,1,822,297,195,597,1,1,1
226,1,828,296,194,597,1,1,1
227,1,834,296,193,596,1,1,1
228,1,840,295,192,596,1,1,1
229,1,846,295,191,595,1,1,1
230,1,853,295,189,594,1,1,1
231,1,852,297,188,594,1,1,1
232,1,852,299,186,594,1,1,1
233,1,851,302,185,593,1,1,1
234,1,851,304,183,593,1,1,1
235,1,851,307,182,592,1,1,1
236,1,850,309,181,592,1,1,1
237,1,850,311,179,592,1,1,1
238,1,849,314,178,591,1,1,1
239,1,849,316,176,591,1,1,1
240,1,849,319,175,591,1,1,1
241,1,837,318,181,591,1,1,1
242,1,826,318,186,590,1,1,1
243,1,815,318,191,589,1,1,1
244,1,804,317,196,589,1,1,1
245,1,793,317,201,588,1,1,1
246,1,782,317,207,588,1,1,1
247,1,778,317,206,587,1,1,1
248,1,775,317,204,586,1,1,1
249,1,771,317,203,585,1,1,1
250,1,768,317,201,585,1,1,1
251,1,771,321,201,585,1,1,1
252,1,774,326,201,584,1,1,1
253,1,777,330,202,584,1,1,1
254,1,781,335,201,583,1,1,1
255,1,784,339,201,583,1,1,1
256,1,787,344,202,582,1,1,1
257,1,790,348,202,582,1,1,1
258,1,794,353,202,581,1,1,1
259,1,797,350,199,581,1,1,1
260,1,800,348,196,581,1,1,1
261,1,804,346,192,580,1,1,1
262,1,807,344,189,580,1,1,1
263,1,810,341,186,580,1,1,1
264,1,814,339,182,580,1,1,1
265,1,817,337,179,579,1,1,1
266,1,821,335,175,579,1,1,1
267,1,824,332,172,579,1,1,1
268,1,827,330,169,579,1,1,1
269,1,831,328,165,578,1,1,1
270,1,834,326,162,578,1,1,1
271,1,838,324,159,578,1,1,1
272,1,829,316,162,577,1,1,1
273,1,820,308,166,577,1,1,1
274,1,812,300,168,577,1,1,1
275,1,803,292,172,577,1,1,1
276,1,795,284,174,577,1,1,1
277,1,786,276,178,577,1,1,1
278,1,778,268,180,577,1,1,1
279,1,769,260,184,577,1,1,1
280,1,761,253,187,576,1,1,1
281,1,761,244,187,575,1,1,1
282,1,761,235,187,575,1,1,1
283,1,761,226,187,574,1,1,1
284,1,762,218,187,573,1,1,1
285,1,765,212,187,573,1,1,1
286,1,768,207,187,572,1,1,1
287,1,772,202,186,572,1,1,1
288,1,775,197,186,571,1,1,1
289,1,778,192,186,570,1,1,1
290,1,782,187,186,570,1,1,1
291,1,789,185,185,570,1,1,1
292,1,797,184,184,570,1,1,1
293,1,804,183,184,569,1,1,1
294,1,812,182,183,569,1,1,1
295,1,820,181,182,568,1,1,1
296,1,827,179,181,569,1,1,1
297,1,835,178,180,568,1,1,1
298,1,842,177,180,568,1,1,1
299,1,850,176,179,567,1,1,1
300,1,858,175,178,567,1,1,1
301,1,854,175,179,567,1,1,1
302,1,851,175,180,567,1,1,1
303,1,848,175,181,567,1,1,1
304,1,845,176,182,566,1,1,1
305,1,842,176,183,566,1,1,1
306,1,839,176,183,566,1,1,1
307,1,836,177,184,565,1,1,1
308,1,833,177,185,565,1,1,1
309,1,830,177,186,565,1,1,1
310,1,827,178,187,564,1,1,1
311,1,825,176,188,564,1,1,1
312,1,824,175,188,563,1,1,1
313,1,823,174,188,563,1,1,1
314,1,822,172,189,563,1,1,1
315,1,821,171,189,562,1,1,1
316,1,819,170,190,562,1,1,1
317,1,818,169,190,561,1,1,1
318,1,817,167,191,561,1,1,1
319,1,816,166,191,561,1,1,1
320,1,815,165,191,560,1,1,1
321,1,814,164,192,560,1,1,1
322,1,814,164,192,560,1,1,1
323,1,815,164,191,560,1,1,1
324,1,816,165,191,559,1,1,1
325,1,816,165,191,559,1,1,1
326,1,817,165,191,559,1,1,1
327,1,818,166,190,558,1,1,1
328,1,818,166,191,558,1,1,1
329,1,819,166,190,558,1,1,1
330,1,820,167,190,557,1,1,1
331,1,822,172,190,557,1,1,1
332,1,824,178,190,557,1,1,1
333,1,826,183,190,558,1,1,1
334,1,828,189,190,558,1,1,1
335,1,830,195,190,558,1,1,1
336,1,826,193,190,558,1,1,1
337,1,822,192,190,557,1,1,1
338,1,818,191,190,556,1,1,1
339,1,814,190,190,555,1,1,1
340,1,810,189,190,555,1,1,1
341,1,808,188,190,555,1,1,1
342,1,806,188,190,554,1,1,1
343,1,804,188,190,553,1,1,1
344,1,803,188,190,553,1,1,1
345,1,801,188,190,552,1,1,1
346,1,799,188,190,551,1,1,1
347,1,798,188,190,551,1,1,1
348,1,796,188,190,550,1,1,1
349,1,794,188,190,549,1,1,1
350,1,793,188,190,549,1,1,1
351,1,791,187,189,549,1,1,1
352,1,790,186,187,549,1,1,1
353,1,789,185,185,549,1,1,1
354,1,788,184,183,549,1,1,1
355,1,787,184,181,549,1,1,1
356,1,786,183,179,549,1,1,1
357,1,785,182,177,549,1,1,1
358,1,784,181,175,549,1,1,1
359,1,783,180,173,549,1,1,1
360,1,782,180,171,549,1,1,1
361,1,779,181,170,549,1,1,1
362,1,776,182,170,549,1,1,1
363,1,774,183,169,549,1,1,1
364,1,771,185,169,548,1,1,1
365,1,769,186,168,548,1,1,1
366,1,766,187,168,548,1,1,1
367,1,763,189,168,547,1,1,1
368,1,761,190,167,547,1,1,1
369,1,758,191,167,547,1,1,1
370,1,756,193,166,546,1,1,1
371,1,758,195,167,546,1,1,1
372,1,760,197,168,547,1,1,1
373,1,762,200,170,546,1,1,1
374,1,764,202,171,547,1,1,1
375,1,766,205,173,547,1,1,1
376,1,768,207,174,547,1,1,1
377,1,770,209,175,548,1,1,1
378,1,772,212,177,547,1,1,1
379,1,774,214,178,548,1,1,1
380,1,776,217,180,548,1,1,1
381,1,775,216,180,548,1,1,1
382,1,774,216,180,548,1,1,1
383,1,773,216,180,548,1,1,1
384,1,772,216,181,547,1,1,1
385,1,772,216,180,547,1,1,1
386,1,771,216,180,547,1,1,1
387,1,770,216,181,546,1,1,1
388,1,769,216,181,546,1,1,1
389,1,768,216,181,546,1,1,1
390,1,768,216,181,546,1,1,1
391,1,764,215,181,546,1,1,1
392,1,761,215,181,546,1,1,1
393,1,758,215,180,546,1,1,1
394,1,755,215,180,546,1,1,1
395,1,752,215,180,546,1,1,1
396,1,748,215,180,545,1,1,1
397,1,745,215,180,545,1,1,1
398,1,742,215,180,545,1,1,1
399,1,739,214,179,546,1,1,1
400,1,736,214,179,546,1,1,1
401,1,732,214,179,545,1,1,1
402,1,729,214,179,545,1,1,1
403,1,726,214,179,545,1,1,1
404,1,723,214,178,545,1,1,1
405,1,720,214,178,545,1,1,1
406,1,717,214,178,545,1,1,1
407,1,721,216,177,545,1,1,1
408,1,725,219,176,544,1,1,1
409,1,729,221,175,544,1,1,1
410,1,733,224,175,543,1,1,1
411,1,734,222,175,543,1,1,1
412,1,736,221,174,542,1,1,1
413,1,737,220,175,541,1,1,1
414,1,739,218,174,542,1,1,1
415,1,740,217,175,541,1,1,1
416,1,742,216,174,540,1,1,1
417,1,743,214,174,541,1,1,1
418,1,745,213,174,540,1,1,1
419,1,746,212,174,539,1,1,1
420,1,748,211,174,539,1,1,1
421,1,744,210,174,539,1,1,1
422,1,741,210,173,539,1,1,1
423,1,737,210,173,538,1,1,1
424,1,734,210,173,538,1,1,1
425,1,730,210,173,538,1,1,1
426,1,727,209,172,538,1,1,1
427,1,723,209,173,538,1,1,1
428,1,720,209,172,537,1,1,1
429,1,716,209,172,537,1,1,1
430,1,713,209,172,537,1,1,1
431,1,707,206,172,537,1,1,1
432,1,701,204,172,537,1,1,1
433,1,696,202,172,536,1,1,1
434,1,690,200,172,536,1,1,1
435,1,685,198,171,535,1,1,1
436,1,679,196,172,535,1,1,1
437,1,674,194,171,534,1,1,1
438,1,668,192,171,534,1,1,1
439,1,663,190,171,534,1,1,1
440,1,665,190,172,534,1,1,1
441,1,667,191,174,534,1,1,1
442,1,669,192,175,533,1,1,1
443,1,671,192,177,534,1,1,1
444,1,673,193,178,533,1,1,1
445,1,675,194,180,533,1,1,1
446,1,681,194,178,533,1,1,1
447,1,687,195,176,532,1,1,1
448,1,693,195,175,532,1,1,1
449,1,699,196,173,531,1,1,1
450,1,705,197,172,531,1,1,1
451,1,712,197,172,530,1,1,1
1,2,-33,10,385,1122,1,1,0.86969
2,2,-64,-5,408,1139,1,1,0.79681
3,2,-95,-20,431,1156,1,1,0.72602
4,2,-125,-35,453,1174,1,1,0.66405
5,2,-136,-36,443,1178,1,1,0.63338
6,2,-146,-37,432,1182,1,1,0.603
7,2,-156,-38,421,1186,1,1,0.57136
8,2,-167,-39,411,1190,1,1,0.53704
9,2,-177,-39,401,1194,1,1,0.50359
10,2,-187,-40,390,1198,1,1,0.46765
11,2,-198,-41,380,1202,1,1,0.42885
12,2,-208,-42,369,1206,1,1,0.38935
13,2,-218,-43,358,1210,1,1,0.34779
1,3,397,270,117,327,1,1,1
2,3,397,270,117,327,1,1,1
3,3,389,267,116,331,1,1,1
4,3,381,265,116,334,1,1,1
5,3,373,262,116,338,1,1,1
6,3,365,260,116,341,1,1,1
7,3,357,258,116,344,1,1,1
8,3,350,260,120,346,1,1,1
9,3,343,262,124,349,1,1,1
10,3,336,264,128,351,1,1,1
11,3,329,266,133,354,1,1,1
12,3,326,268,134,356,1,1,1
13,3,323,270,135,359,1,1,1
14,3,320,272,137,362,1,1,1
15,3,317,274,138,365,1,1,1
16,3,314,276,139,368,1,1,1
17,3,311,278,141,371,1,1,1
18,3,308,280,142,374,1,1,1
19,3,305,282,143,377,1,1,1
20,3,302,284,145,380,1,1,1
21,3,312,286,145,385,1,1,1
22,3,323,288,144,390,1,1,1
23,3,334,291,144,395,1,1,1
24,3,346,293,144,396,1,1,1
25,3,358,295,144,398,1,1,1
26,3,370,297,144,400,1,1,1
27,3,382,299,145,402,1,1,1
28,3,385,303,144,407,1,1,1
29,3,388,307,144,412,1,1,1
30,3,391,311,144,417,1,1,1
31,3,394,315,143,423,1,1,1
32,3,397,319,143,428,1,1,1
33,3,400,323,143,433,1,1,1
34,3,403,327,143,439,1,1,1
35,3,397,331,145,443,1,1,1
36,3,391,336,147,447,1,1,1
37,3,385,340,149,451,1,1,1
38,3,380,345,150,455,1,1,1
39,3,374,349,152,459,1,1,1
40,3,368,354,154,463,1,1,1
41,3,363,359,155,467,1,1,1
42,3,348,362,164,476,1,1,1
43,3,333,365,173,485,1,1,1
44,3,319,369,181,494,1,1,1
45,3,304,372,190,503,1,1,1
46,3,290,376,198,512,1,1,1
47,3,275,382,201,520,1,1,1
48,3,260,389,205,527,1,1,1
49,3,246,396,208,534,1,1,1
50,3,231,402,212,542,1,1,1
51,3,217,409,215,549,1,1,1
52,3,202,416,219,556,1,1,1
53,3,188,423,222,563,1,1,1
54,3,177,422,226,571,1,1,1
55,3,166,422,231,578,1,1,1
56,3,155,421,235,586,1,1,1
57,3,144,421,240,593,1,1,1
58,3,133,421,245,600,1,1,1
59,3,124,418,244,617,1,1,1
60,3,115,416,243,634,1,1,1
61,3,107,413,241,651,1,1,1
62,3,98,411,240,668,1,1,1
63,3,90,409,239,685,1,1,0.97959
64,3,79,404,244,696,1,1,0.97131
65,3,68,399,249,707,1,1,0.96328
66,3,57,395,254,717,1,1,0.95543
67,3,46,390,259,728,1,1,0.94787
68,3,35,385,264,739,1,1,0.94054
69,3,25,381,269,750,1,1,0.93209
70,3,12,373,267,764,1,1,0.92549
71,3,-1,365,265,779,1,1,0.91105
72,3,-13,357,263,794,1,1,0.8624
73,3,-26,349,261,809,1,1,0.81057
74,3,-38,342,258,822,1,1,0.76272
75,3,-51,334,257,837,1,1,0.71174
76,3,-63,326,254,852,1,1,0.66297
77,3,-76,318,252,867,1,1,0.6115
1,4,546,272,103,317,1,1,1
2,4,540,270,103,321,1,1,1
3,4,535,268,103,325,1,1,1
4,4,530,267,102,329,1,1,1
5,4,524,265,103,333,1,1,1
6,4,519,263,102,337,1,1,1
7,4,514,262,102,341,1,1,1
8,4,510,262,103,343,1,1,1
9,4,506,262,105,346,1,1,1
10,4,502,262,107,348,1,1,1
11,4,498,262,108,351,1,1,1
12,4,494,262,110,354,1,1,1
13,4,490,262,112,356,1,1,1
14,4,486,262,114,359,1,1,1
15,4,482,262,115,362,1,1,1
16,4,478,262,117,364,1,1,1
17,4,474,262,119,367,1,1,1
18,4,470,262,121,370,1,1,1
19,4,477,266,123,375,1,1,1
20,4,484,271,126,380,1,1,1
21,4,491,275,128,385,1,1,1
22,4,498,280,131,390,1,1,1
23,4,505,285,134,395,1,1,1
24,4,515,287,134,398,1,1,1
25,4,525,289,134,401,1,1,1
26,4,535,291,134,404,1,1,1
27,4,545,293,134,407,1,1,1
28,4,555,295,134,410,1,1,1
29,4,566,297,134,414,1,1,1
30,4,569,300,135,417,1,1,1
31,4,573,303,136,421,1,1,1
32,4,576,306,137,425,1,1,1
33,4,580,309,138,429,1,1,1
34,4,584,312,139,433,1,1,1
35,4,584,318,139,438,1,1,1
36,4,584,324,139,443,1,1,1
37,4,585,330,138,449,1,1,1
38,4,585,337,139,453,1,1,1
39,4,586,343,138,459,1,1,1
40,4,586,349,138,464,1,1,1
41,4,587,356,138,469,1,1,1
42,4,579,357,140,478,1,1,1
43,4,572,358,142,487,1,1,1
44,4,565,359,143,496,1,1,1
45,4,558,360,145,505,1,1,1
46,4,551,362,147,513,1,1,1
47,4,542,367,150,518,1,1,1
48,4,533,373,153,522,1,1,1
49,4,525,378,155,527,1,1,1
50,4,516,384,158,532,1,1,1
51,4,508,389,160,537,1,1,1
52,4,499,395,163,541,1,1,1
53,4,491,401,166,546,1,1,1
54,4,486,401,169,556,1,1,1
55,4,481,401,172,567,1,1,1
56,4,476,401,175,578,1,1,1
57,4,472,402,177,588,1,1,1
58,4,467,402,180,599,1,1,1
59,4,462,402,183,610,1,1,1
60,4,458,403,186,620,1,1,1
61,4,455,397,191,628,1,1,1
62,4,453,391,196,637,1,1,1
63,4,451,385,201,646,1,1,1
64,4,449,379,206,655,1,1,1
65,4,447,373,211,663,1,1,1
66,4,445,367,216,672,1,1,1
67,4,443,361,221,681,1,1,1
68,4,441,355,226,690,1,1,1
69,4,439,349,231,699,1,1,1
70,4,435,340,235,718,1,1,1
71,4,431,332,240,737,1,1,1
72,4,428,324,244,756,1,1,1
73,4,415,317,248,773,1,1,0.98708
74,4,403,310,252,791,1,1,0.97348
75,4,390,303,256,809,1,1,0.96049
76,4,378,297,260,826,1,1,0.948
77,4,365,290,265,844,1,1,0.93609
78,4,353,283,268,862,1,1,0.92468
79,4,340,276,273,880,1,1,0.91373
80,4,328,270,277,897,1,1,0.90312
81,4,308,259,279,920,1,1,0.89251
82,4,288,248,282,944,1,1,0.88148
83,4,268,237,285,968,1,1,0.871
84,4,241,224,295,981,1,1,0.87271
85,4,215,211,305,994,1,1,0.87437
86,4,188,198,316,1007,1,1,0.87599
87,4,162,186,326,1020,1,1,0.87659
88,4,135,175,337,1056,1,1,0.85714
89,4,108,165,348,1091,1,1,0.83883
90,4,81,155,360,1126,1,1,0.82165
91,4,51,141,380,1161,1,1,0.80895
92,4,21,127,401,1196,1,1,0.79699
93,4,-8,114,421,1230,1,1,0.76879
94,4,-43,101,442,1244,1,1,0.70897
95,4,-78,89,464,1257,1,1,0.65458
96,4,-112,76,485,1271,1,1,0.60639
97,4,-147,64,507,1284,1,1,0.56086
98,4,-182,51,529,1298,1,1,0.51914
99,4,-216,39,550,1311,1,1,0.48143
100,4,-251,33,571,1317,1,1,0.44484
101,4,-286,28,592,1322,1,1,0.41071
102,4,-321,22,613,1328,1,1,0.37895
1,5,699,338,41,127,1,1,1
2,5,696,337,41,127,1,1,1
3,5,693,336,41,127,1,1,1
4,5,690,336,41,127,1,1,1
5,5,687,335,41,127,1,1,1
6,5,684,334,41,127,1,1,1
7,5,681,334,41,127,1,1,1
8,5,679,334,41,127,1,1,1
9,5,678,335,41,127,1,1,1
10,5,677,336,41,127,1,1,1
11,5,675,337,41,127,1,1,1
12,5,674,338,41,127,1,1,1
13,5,673,339,41,127,1,1,1
14,5,670,340,41,128,1,1,1
15,5,668,341,40,130,1,1,1
16,5,665,342,41,131,1,1,1
17,5,663,343,40,133,1,1,1
18,5,661,344,40,135,1,1,1
19,5,666,348,43,134,1,1,1
20,5,671,352,46,133,1,1,1
21,5,676,357,49,132,1,1,1
22,5,689,358,48,132,1,1,1
23,5,703,359,46,133,1,1,1
24,5,717,360,44,133,1,1,1
25,5,731,361,42,134,1,1,1
26,5,745,362,40,135,1,1,1
27,5,753,367,40,135,1,1,1
28,5,762,372,40,135,1,1,1
29,5,770,377,40,135,1,1,1
30,5,779,383,40,135,1,1,1
31,5,784,388,40,135,1,1,1
32,5,790,393,40,135,1,1,1
33,5,796,398,40,135,1,1,1
34,5,802,404,40,135,1,1,1
35,5,804,409,40,135,1,1,1
36,5,807,415,40,135,1,1,1
37,5,809,420,40,135,1,1,1
38,5,812,426,40,135,1,1,1
39,5,811,431,40,135,1,1,1
40,5,811,436,40,135,1,1,1
41,5,811,441,40,135,1,1,1
42,5,811,447,40,135,1,1,1
43,5,808,452,40,135,1,1,1
44,5,805,457,40,135,1,1,1
45,5,802,463,40,135,1,1,1
46,5,795,468,43,136,1,1,1
47,5,788,474,46,137,1,1,1
48,5,781,480,49,138,1,1,1
49,5,774,486,53,139,1,1,1
50,5,769,491,53,139,1,1,1
51,5,764,496,53,139,1,1,1
52,5,759,501,53,139,1,1,0.96296
53,5,755,506,53,139,1,1,0.98148
54,5,752,509,53,139,1,1,1
55,5,750,512,53,139,1,1,1
56,5,748,515,53,139,1,1,1
57,5,746,518,53,139,1,1,1
58,5,743,518,53,139,1,1,1
59,5,741,519,53,139,1,1,1
60,5,739,520,53,139,1,1,1
61,5,737,521,53,139,1,1,1
62,5,739,517,53,140,1,1,1
63,5,741,514,53,141,1,1,1
64,5,744,511,52,141,1,1,1
65,5,746,508,52,142,1,1,1
66,5,749,505,52,143,1,1,1
67,5,750,501,52,143,1,1,1
68,5,751,498,52,143,1,1,1
69,5,753,494,52,143,1,1,1
70,5,754,491,52,143,1,1,1
71,5,756,488,52,143,1,1,1
72,5,755,486,52,143,1,1,1
73,5,754,484,52,143,1,1,1
74,5,754,483,52,143,1,1,1
75,5,753,481,52,143,1,1,1
76,5,753,480,52,143,1,1,1
77,5,748,475,54,146,1,1,1
78,5,744,471,55,148,1,1,1
79,5,740,467,56,150,1,1,1
80,5,735,463,58,152,1,1,1
81,5,731,459,59,154,1,1,1
82,5,727,455,60,157,1,1,1
83,5,719,452,60,157,1,1,1
84,5,711,450,60,157,1,1,1
85,5,703,448,60,157,1,1,1
86,5,695,446,60,157,1,1,1
87,5,688,442,60,157,1,1,1
88,5,681,438,60,157,1,1,1
89,5,674,434,60,157,1,1,1
90,5,667,430,60,157,1,1,1
91,5,660,428,60,157,1,1,1
92,5,654,426,60,157,1,1,1
93,5,648,424,60,157,1,1,1
94,5,642,422,60,157,1,1,1
95,5,636,420,60,157,1,1,1
96,5,635,419,60,157,1,1,1
97,5,634,419,60,157,1,1,1
98,5,633,419,60,157,1,1,1
99,5,633,419,60,157,1,1,1
100,5,634,417,60,160,1,1,1
101,5,636,415,59,163,1,1,1
102,5,638,413,59,167,1,1,1
103,5,646,411,61,168,1,1,1
104,5,654,409,63,170,1,1,1
105,5,663,407,64,171,1,1,1
106,5,671,405,66,173,1,1,1
107,5,680,404,68,174,1,1,0.98551
108,5,682,401,68,174,1,1,1
109,5,684,399,68,174,1,1,1
110,5,687,397,68,174,1,1,1
111,5,689,395,68,174,1,1,1
112,5,692,393,68,174,1,1,1
113,5,693,393,68,174,1,1,1
114,5,695,393,68,174,1,1,1
115,5,696,393,68,174,1,1,1
116,5,698,393,68,174,1,1,1
117,5,696,392,68,175,1,1,1
118,5,694,391,68,177,1,1,1
119,5,692,390,68,179,1,1,1
120,5,690,389,68,181,1,1,1
121,5,688,389,68,182,1,1,1
122,5,686,388,68,184,1,1,1
123,5,684,387,68,186,1,1,0.94203
124,5,682,386,68,188,1,1,0.88406
125,5,681,386,67,189,1,1,0.80882
126,5,677,385,67,189,1,1,0.77941
127,5,673,384,67,189,1,1,0.75
128,5,670,383,67,189,1,1,0.70588
129,5,666,382,67,189,1,1,0.67647
130,5,663,381,67,189,1,1,0.75
131,5,661,383,68,192,1,1,0.81159
132,5,659,385,70,195,1,1,0.84507
133,5,657,388,71,197,1,1,0.90278
134,5,655,390,73,200,1,1,0.94595
135,5,653,393,75,202,1,1,0.97368
136,5,653,393,78,205,1,1,0.97468
137,5,653,394,81,207,1,1,0.97561
138,5,653,395,84,209,1,1,0.96471
139,5,653,396,87,211,1,1,0.96591
140,5,653,397,91,213,1,1,0.95652
141,5,655,396,90,214,1,1,1
142,5,658,396,88,214,1,1,1
143,5,661,396,86,214,1,1,1
144,5,664,396,84,214,1,1,1
145,5,667,396,82,214,1,1,1
146,5,670,396,81,214,1,1,1
147,5,671,397,81,216,1,1,1
148,5,672,399,82,217,1,1,1
149,5,673,401,82,218,1,1,1
150,5,674,402,83,220,1,1,1
151,5,675,404,83,221,1,1,1
152,5,677,406,83,223,1,1,1
153,5,675,405,85,224,1,1,1
154,5,674,404,86,226,1,1,1
155,5,672,403,88,227,1,1,1
156,5,671,402,90,229,1,1,0.95604
157,5,666,401,90,230,1,1,0.95604
158,5,662,401,89,231,1,1,0.96667
159,5,657,401,89,231,1,1,0.97778
160,5,653,401,89,232,1,1,0.97778
161,5,644,399,93,235,1,1,0.94681
162,5,636,398,97,237,1,1,0.91837
163,5,627,397,101,239,1,1,0.89216
164,5,619,396,105,242,1,1,0.86792
165,5,611,395,105,242,1,1,0.84906
166,5,604,394,105,242,1,1,0.83019
167,5,596,393,105,242,1,1,0.82075
168,5,589,393,105,241,1,1,0.80189
169,5,584,392,105,245,1,1,0.84906
170,5,580,391,104,250,1,1,0.89524
171,5,575,390,104,255,1,1,1
172,5,571,389,103,260,1,1,1
173,5,565,387,103,263,1,1,1
174,5,560,385,102,266,1,1,1
175,5,555,384,102,269,1,1,1
176,5,555,383,101,272,1,1,1
177,5,555,383,101,274,1,1,0.98039
178,5,555,383,101,277,1,1,0.98039
179,5,555,383,101,279,1,1,0.9902
180,5,555,383,101,282,1,1,1
181,5,555,384,103,285,1,1,0.99038
182,5,555,385,105,288,1,1,1
183,5,555,386,108,291,1,1,1
184,5,555,387,110,294,1,1,1
185,5,555,388,113,297,1,1,1
186,5,555,386,114,298,1,1,1
187,5,555,384,116,299,1,1,1
188,5,555,382,117,300,1,1,1
189,5,555,381,119,300,1,1,0.86667
190,5,549,380,124,303,1,1,0.856
191,5,543,380,130,306,1,1,0.83206
192,5,537,380,135,308,1,1,0.82353
193,5,531,380,141,311,1,1,0.80282
194,5,525,380,147,314,1,1,0.79054
195,5,515,381,146,318,1,1,0.83673
196,5,505,383,146,321,1,1,0.88435
197,5,495,385,145,324,1,1,0.89726
198,5,485,387,145,327,1,1,0.90411
199,5,477,389,145,331,1,1,0.90411
200,5,470,391,144,335,1,1,0.89655
201,5,463,394,144,338,1,1,0.88966
202,5,453,394,144,343,1,1,0.88966
203,5,444,394,143,348,1,1,0.89583
204,5,435,394,142,353,1,1,0.8951
205,5,426,395,141,357,1,1,1
206,5,418,392,141,361,1,1,1
207,5,410,390,141,364,1,1,1
208,5,403,388,140,368,1,1,1
209,5,396,387,142,372,1,1,1
210,5,389,386,145,376,1,1,0.89041
211,5,382,385,147,380,1,1,0.87162
212,5,376,385,149,384,1,1,0.84667
213,5,370,387,151,388,1,1,0.85526
214,5,364,389,153,393,1,1,0.86364
215,5,358,391,155,398,1,1,0.87179
216,5,353,394,157,402,1,1,0.87975
217,5,352,393,159,406,1,1,0.875
218,5,352,393,161,410,1,1,0.8642
219,5,352,393,163,413,1,1,0.85976
220,5,351,393,165,417,1,1,0.85542
221,5,351,393,167,420,1,1,0.84524
222,5,351,393,169,424,1,1,1
223,5,347,388,171,430,1,1,0.84302
224,5,343,383,173,436,1,1,0.85057
225,5,339,379,175,441,1,1,0.85227
226,5,335,374,177,447,1,1,0.85955
227,5,331,370,179,453,1,1,0.86667
228,5,321,370,178,460,1,1,0.88268
229,5,311,371,178,467,1,1,0.89944
230,5,301,372,177,474,1,1,0.92135
231,5,291,373,177,481,1,1,0.9382
232,5,276,369,181,495,1,1,0.9011
233,5,262,366,184,508,1,1,0.87027
234,5,247,363,188,521,1,1,0.84127
235,5,233,360,191,534,1,1,0.8125
236,5,216,356,194,543,1,1,0.81026
237,5,200,352,196,552,1,1,0.80711
238,5,184,348,198,561,1,1,0.80402
239,5,168,344,200,570,1,1,0.801
240,5,152,341,203,578,1,1,0.79902
241,5,130,339,210,591,1,1,0.77251
242,5,109,338,217,604,1,1,0.74771
243,5,88,337,224,617,1,1,0.72
244,5,67,336,231,630,1,1,0.69828
245,5,43,337,237,636,1,1,0.67227
246,5,19,339,243,641,1,1,0.65164
247,5,-5,341,249,647,1,1,0.608
248,5,-30,340,257,671,1,1,0.51938
249,5,-54,340,265,694,1,1,0.43985
250,5,-79,340,273,717,1,1,0.36496
251,5,-103,340,281,740,1,1,0.29433
252,5,-118,339,281,749,1,1,0.23856
253,5,-132,338,280,759,1,1,0.18439
254,5,-147,337,280,768,1,1,0.13083
255,5,-161,336,279,778,1,1,0.078558
1,6,739,323,51,131,1,1,0.96591
2,6,736,322,51,131,1,1,0.96591
3,6,733,322,51,131,1,1,0.96562
4,6,731,322,51,131,1,1,0.98281
5,6,728,321,51,131,1,1,0.98281
6,6,725,321,51,131,1,1,0.98266
7,6,723,321,51,131,1,1,1
8,6,720,321,51,131,1,1,0.98266
9,6,718,321,51,131,1,1,0.96562
10,6,716,321,51,131,1,1,0.94886
11,6,713,321,51,131,1,1,0.9324
12,6,711,321,51,131,1,1,0.91623
13,6,709,322,51,131,1,1,0.89948
14,6,708,324,51,132,1,1,0.93233
15,6,708,326,50,133,1,1,0.98259
16,6,707,329,51,134,1,1,1
17,6,707,331,50,135,1,1,1
18,6,706,333,50,136,1,1,1
19,6,706,336,50,137,1,1,0.92839
20,6,717,339,50,137,1,1,0.98224
21,6,729,342,50,137,1,1,1
22,6,740,345,50,137,1,1,1
23,6,752,349,50,137,1,1,1
24,6,763,349,50,139,1,1,1
25,6,774,350,50,141,1,1,1
26,6,786,351,49,143,1,1,1
27,6,794,354,50,144,1,1,1
28,6,803,358,50,145,1,1,1
29,6,812,361,50,146,1,1,1
30,6,821,365,50,147,1,1,1
31,6,827,370,50,147,1,1,1
32,6,834,376,50,147,1,1,1
33,6,840,382,50,147,1,1,1
34,6,847,388,50,147,1,1,1
35,6,848,393,51,147,1,1,1
36,6,849,399,53,147,1,1,1
37,6,850,405,54,146,1,1,1
38,6,851,411,56,146,1,1,0.96849
39,6,851,416,56,147,1,1,0.98423
40,6,852,421,55,149,1,1,1
41,6,852,426,55,151,1,1,1
42,6,853,432,55,152,1,1,1
43,6,850,436,55,152,1,1,1
44,6,847,440,55,152,1,1,1
45,6,845,445,55,152,1,1,1
46,6,839,451,55,152,1,1,1
47,6,834,458,55,152,1,1,0.98401
48,6,828,464,55,152,1,1,0.95203
49,6,823,471,55,152,1,1,0.91947
50,6,819,475,55,153,1,1,0.93599
51,6,815,479,55,155,1,1,0.95227
52,6,811,483,55,157,1,1,0.96835
53,6,808,488,54,158,1,1,1
54,6,806,490,54,159,1,1,1
55,6,804,492,54,161,1,1,1
56,6,802,494,54,163,1,1,1
57,6,801,497,53,164,1,1,1
58,6,801,495,53,164,1,1,0.83333
59,6,801,494,53,164,1,1,0.68519
60,6,801,493,53,164,1,1,0.53704
61,6,801,492,53,164,1,1,0.51852
62,6,801,490,53,164,1,1,0.5
63,6,801,489,53,164,1,1,0.5
64,6,801,488,53,164,1,1,0.48148
65,6,801,487,53,164,1,1,0.48148
66,6,802,486,53,164,1,1,0.44444
67,6,803,482,53,164,1,1,0.40741
68,6,805,478,53,164,1,1,0.37037
69,6,807,474,53,164,1,1,0.31481
70,6,809,470,53,164,1,1,0.27778
71,6,811,466,53,164,1,1,0.2963
72,6,812,463,53,164,1,1,0.33333
73,6,813,460,53,164,1,1,0.37037
74,6,814,458,53,164,1,1,0.40741
75,6,815,455,53,164,1,1,0.44444
76,6,817,453,53,164,1,1,0.46296
77,6,813,451,55,165,1,1,0.5
78,6,810,449,57,167,1,1,0.53448
79,6,806,447,59,169,1,1,0.56667
80,6,803,445,61,170,1,1,0.59677
81,6,799,443,63,172,1,1,0.48438
82,6,796,442,65,173,1,1,0.36364
83,6,785,437,66,174,1,1,0.38806
84,6,774,432,68,175,1,1,0.3913
85,6,763,428,69,176,1,1,0.40161
86,6,752,423,71,177,1,1,0.36829
87,6,741,419,73,178,1,1,0.3247
88,6,736,414,73,178,1,1,0.29465
89,6,732,409,73,178,1,1,0.24891
90,6,727,404,73,178,1,1,0.21818
91,6,723,400,73,178,1,1,0.21622
92,6,720,398,73,180,1,1,0.18919
93,6,717,397,73,182,1,1,0.16216
94,6,715,395,72,184,1,1,0.13699
95,6,712,394,73,186,1,1,0.10811
96,6,709,393,73,188,1,1,0.081081
97,6,707,391,72,190,1,1,0.054795
98,6,704,390,72,192,1,1,0.027397
99,6,702,389,72,194,1,1,0
100,6,706,386,72,195,1,1,0
101,6,711,384,71,195,1,1,0
102,6,715,382,71,196,1,1,0
103,6,720,379,70,197,1,1,0
104,6,724,377,70,197,1,1,0.028169
105,6,729,375,69,198,1,1,0.071429
106,6,732,374,70,197,1,1,0.055484
107,6,736,374,70,196,1,1,0.025738
108,6,740,373,70,196,1,1,0.092443
109,6,744,373,71,195,1,1,0.15547
110,6,748,372,71,195,1,1,0.22251
111,6,752,372,71,194,1,1,0.1765
112,6,756,372,72,193,1,1,0.1307
113,6,758,370,72,193,1,1,0.11609
114,6,761,368,72,193,1,1,0.073789
115,6,763,366,72,193,1,1,0.058608
116,6,766,365,72,193,1,1,0.029374
117,6,764,365,72,195,1,1,0.042983
118,6,762,365,72,197,1,1,0.070292
119,6,761,365,71,200,1,1,0.097222
120,6,759,365,71,202,1,1,0.125
121,6,757,366,72,203,1,1,0.054795
122,6,756,366,71,206,1,1,0
123,6,754,366,71,208,1,1,0
124,6,752,366,71,210,1,1,0
125,6,751,367,71,212,1,1,0
126,6,746,367,71,212,1,1,0
127,6,742,367,71,212,1,1,0
128,6,737,367,71,212,1,1,0
129,6,733,368,71,212,1,1,0
130,6,732,368,71,214,1,1,0
131,6,732,368,71,217,1,1,0
132,6,732,368,71,219,1,1,0
133,6,732,368,70,222,1,1,0
134,6,732,368,70,224,1,1,0
135,6,732,368,70,227,1,1,0
136,6,733,367,72,228,1,1,0
137,6,734,367,74,229,1,1,0
138,6,736,367,75,229,1,1,0
139,6,737,367,77,230,1,1,0.0016095
140,6,739,367,78,230,1,1,0.0032879
141,6,740,367,80,231,1,1,0.0092593
142,6,741,367,82,232,1,1,0.05719
143,6,743,367,83,232,1,1,0.10265
144,6,744,367,85,233,1,1,0.14674
145,6,746,367,86,233,1,1,0.18961
146,6,747,367,88,234,1,1,0.22042
147,6,749,367,89,235,1,1,0.26121
148,6,749,368,89,235,1,1,0.29765
149,6,749,369,89,235,1,1,0.34388
150,6,749,370,89,235,1,1,0.38023
151,6,750,369,89,240,1,1,0.32563
152,6,752,368,88,246,1,1,0.27398
153,6,753,368,89,251,1,1,0.23527
154,6,755,367,88,257,1,1,0.18944
155,6,756,366,88,263,1,1,0.15394
156,6,758,366,88,268,1,1,0.14607
157,6,753,365,88,270,1,1,0.1573
158,6,749,365,88,271,1,1,0.16854
159,6,745,365,87,272,1,1,0.18182
160,6,741,365,87,273,1,1,0.19318
161,6,733,365,87,273,1,1,0.28409
162,6,726,366,87,273,1,1,0.375
163,6,718,367,87,272,1,1,0.46591
164,6,711,368,87,272,1,1,0.55682
165,6,701,366,93,275,1,1,0.62766
166,6,692,364,99,279,1,1,0.69
167,6,683,362,104,282,1,1,0.74286
168,6,674,360,110,286,1,1,0.79279
169,6,674,356,109,289,1,1,0.8
170,6,674,353,109,292,1,1,0.80909
171,6,674,350,109,294,1,1,0.77103
172,6,674,347,109,297,1,1,0.81946
173,6,668,346,114,299,1,1,0.84467
174,6,662,346,119,300,1,1,0.86775
175,6,656,346,124,301,1,1,0.88201
176,6,655,345,131,307,1,1,0.85035
177,6,655,345,137,312,1,1,0.8206
178,6,655,345,144,317,1,1,0.8
179,6,656,344,143,320,1,1,0.80556
180,6,657,344,143,323,1,1,0.8125
181,6,658,344,142,326,1,1,0.82517
182,6,659,344,142,328,1,1,0.82692
183,6,660,344,141,331,1,1,0.82751
184,6,662,344,140,334,1,1,0.84052
185,6,662,341,142,337,1,1,0.82499
186,6,662,338,145,340,1,1,0.82278
187,6,662,335,148,343,1,1,0.80822
188,6,663,333,150,345,1,1,0.8107
189,6,659,333,151,349,1,1,0.90132
190,6,656,333,152,353,1,1,0.93464
191,6,652,333,154,357,1,1,0.94194
192,6,649,333,155,361,1,1,0.94872
193,6,645,333,156,365,1,1,0.96815
194,6,642,333,157,369,1,1,0.97468
195,6,638,333,159,373,1,1,0.98125
196,6,635,334,160,376,1,1,0.99379
197,6,626,335,161,380,1,1,1
198,6,617,337,163,384,1,1,1
199,6,609,338,163,388,1,1,1
200,6,600,340,165,392,1,1,1
201,6,592,342,166,396,1,1,1
202,6,582,340,168,401,1,1,1
203,6,573,338,170,406,1,1,1
204,6,563,336,172,411,1,1,0.9255
205,6,554,335,174,415,1,1,0.93154
206,6,548,334,176,416,1,1,0.94163
207,6,542,334,179,416,1,1,0.95191
208,6,536,334,182,417,1,1,0.96193
209,6,527,333,189,424,1,1,0.94487
210,6,519,333,196,431,1,1,1
211,6,511,333,203,437,1,1,1
212,6,503,333,210,444,1,1,1
213,6,500,332,209,451,1,1,1
214,6,497,332,209,457,1,1,1
215,6,494,332,209,463,1,1,1
216,6,492,332,208,470,1,1,1
217,6,492,328,207,476,1,1,1
218,6,492,324,207,482,1,1,1
219,6,493,320,206,489,1,1,1
220,6,493,316,206,495,1,1,1
221,6,493,312,206,501,1,1,0.89466
222,6,494,309,205,507,1,1,0.8906
223,6,492,307,206,515,1,1,1
224,6,491,305,207,523,1,1,1
225,6,489,303,208,531,1,1,1
226,6,488,301,209,539,1,1,1
227,6,487,299,210,547,1,1,1
228,6,479,296,215,556,1,1,1
229,6,472,294,220,564,1,1,1
230,6,465,291,225,573,1,1,1
231,6,458,289,230,582,1,1,1
232,6,440,287,237,593,1,1,1
233,6,423,286,244,603,1,1,1
234,6,406,284,251,614,1,1,1
235,6,389,283,258,624,1,1,1
236,6,374,277,261,633,1,1,1
237,6,359,272,264,642,1,1,1
238,6,344,267,267,651,1,1,1
239,6,329,262,270,660,1,1,1
240,6,315,257,273,669,1,1,1
241,6,293,252,285,685,1,1,1
242,6,272,248,296,700,1,1,1
243,6,250,243,308,716,1,1,1
244,6,229,239,319,731,1,1,1
245,6,203,235,335,753,1,1,1
246,6,178,231,351,776,1,1,1
247,6,153,227,367,799,1,1,1
248,6,135,223,367,819,1,1,1
249,6,118,220,366,839,1,1,1
250,6,101,216,365,859,1,1,1
251,6,84,213,364,879,1,1,0.98636
252,6,69,207,367,894,1,1,0.97654
253,6,54,201,371,909,1,1,0.96703
254,6,39,195,375,924,1,1,0.95784
255,6,24,189,379,939,1,1,0.94894
256,6,10,183,382,955,1,1,0.93933
257,6,5,177,381,954,1,1,0.9466
258,6,0,172,380,952,1,1,0.95133
259,6,-5,167,380,951,1,1,0.94496
260,6,-17,159,379,993,1,1,0.88363
261,6,-29,151,378,1035,1,1,0.82663
262,6,-40,144,377,1077,1,1,0.77492
263,6,-87,138,407,1092,1,1,0.67668
264,6,-133,133,437,1107,1,1,0.59384
265,6,-180,128,468,1121,1,1,0.52158
266,6,-226,123,498,1136,1,1,0.45928
267,6,-255,123,497,1134,1,1,0.41016
268,6,-284,123,497,1132,1,1,0.36165
249,7,782,447,74,201,1,1,0
250,7,780,447,75,204,1,1,0
251,7,778,447,77,207,1,1,0
252,7,776,447,79,210,1,1,0
253,7,775,447,80,213,1,1,0.024691
254,7,774,447,81,214,1,1,0.085366
255,7,774,448,81,214,1,1,0.12195
256,7,774,448,81,216,1,1,0.15854
257,7,774,449,81,216,1,1,0.19512
258,7,774,449,81,218,1,1,0.2439
259,7,774,450,81,218,1,1,0.28049
260,7,774,451,81,219,1,1,0.31707
261,7,776,450,81,220,1,1,0.34146
262,7,778,449,81,221,1,1,0.35366
263,7,780,448,81,222,1,1,0.36585
264,7,782,448,82,223,1,1,0.38554
265,7,781,446,82,224,1,1,0.43373
266,7,780,444,83,225,1,1,0.4881
267,7,780,442,83,226,1,1,0.52381
268,7,779,438,83,227,1,1,0.57143
269,7,778,435,83,227,1,1,0.63095
270,7,777,431,83,228,1,1,0.67857
271,7,776,428,84,229,1,1,0.72941
272,7,771,422,84,230,1,1,0.68235
273,7,766,416,84,231,1,1,0.63529
274,7,761,410,84,233,1,1,0.6
275,7,756,404,84,234,1,1,0.55294
276,7,752,398,83,236,1,1,0.5119
277,7,746,391,83,236,1,1,0.47619
278,7,740,384,83,236,1,1,0.45238
279,7,735,378,83,235,1,1,0.40476
280,7,729,371,83,235,1,1,0.38095
281,7,724,365,83,235,1,1,0.44048
282,7,724,357,85,236,1,1,0.43023
283,7,725,349,86,238,1,1,0.41379
284,7,726,341,87,240,1,1,0.40909
285,7,726,333,89,242,1,1,0.43333
286,7,727,325,91,244,1,1,0.44565
287,7,728,317,92,245,1,1,0.47312
288,7,728,309,94,247,1,1,0.49474
289,7,729,301,95,249,1,1,0.51042
290,7,730,293,96,251,1,1,0.53608
291,7,731,285,98,253,1,1,0.58586
292,7,735,284,98,256,1,1,0.62626
293,7,739,284,98,258,1,1,0.65657
294,7,744,284,98,260,1,1,0.68687
295,7,748,283,98,263,1,1,0.72727
296,7,752,283,98,265,1,1,0.75758
297,7,757,283,98,267,1,1,0.78788
298,7,761,283,98,269,1,1,0.81818
299,7,765,282,98,272,1,1,0.85859
300,7,770,282,98,274,1,1,0.88889
301,7,774,282,98,276,1,1,0.80808
302,7,779,282,98,278,1,1,0.72727
303,7,778,281,98,278,1,1,0.70707
304,7,777,280,98,278,1,1,0.68687
305,7,777,280,97,277,1,1,0.66327
306,7,776,279,98,277,1,1,0.63636
307,7,776,279,97,277,1,1,0.61224
308,7,775,278,97,277,1,1,0.59184
309,7,774,277,98,277,1,1,0.56566
310,7,774,277,97,276,1,1,0.54082
311,7,773,276,97,276,1,1,0.53061
312,7,773,276,97,276,1,1,0.52041
313,7,769,274,98,279,1,1,0.54545
314,7,765,272,99,282,1,1,0.57
315,7,761,271,101,284,1,1,0.58824
316,7,757,269,102,287,1,1,0.60194
317,7,753,267,104,291,1,1,0.61905
318,7,749,266,105,293,1,1,0.64151
319,7,745,264,107,296,1,1,0.65741
320,7,741,262,108,299,1,1,0.6789
321,7,737,261,109,301,1,1,0.7
322,7,733,259,111,305,1,1,0.72321
323,7,729,257,112,308,1,1,0.76106
324,7,725,256,114,310,1,1,0.7913
325,7,721,254,115,313,1,1,0.81897
326,7,717,253,117,316,1,1,0.84746
327,7,715,252,118,319,1,1,0.86555
328,7,713,252,120,322,1,1,0.86777
329,7,711,252,121,325,1,1,0.88525
330,7,709,252,123,328,1,1,0.89516
331,7,708,252,124,331,1,1,0.912
332,7,706,254,124,333,1,1,0.944
333,7,704,256,125,336,1,1,0.96825
334,7,702,258,125,338,1,1,1
335,7,700,260,126,341,1,1,1
336,7,698,262,126,343,1,1,1
337,7,697,264,126,346,1,1,0.98425
338,7,691,266,129,349,1,1,0.97692
339,7,685,268,132,353,1,1,0.96992
340,7,679,270,136,357,1,1,0.81752
341,7,673,267,136,360,1,1,0.81752
342,7,667,264,137,363,1,1,0.81884
343,7,661,261,138,366,1,1,0.81295
344,7,655,259,139,369,1,1,0.81429
345,7,649,256,139,372,1,1,0.81429
346,7,643,253,140,375,1,1,0.8156
347,7,637,250,141,378,1,1,0.80986
348,7,631,248,142,381,1,1,0.81119
349,7,621,246,142,385,1,1,0.84615
350,7,612,244,142,390,1,1,0.86713
351,7,602,242,143,395,1,1,0.89583
352,7,593,240,143,400,1,1,0.91667
353,7,583,238,144,404,1,1,0.94483
354,7,574,236,144,409,1,1,0.96552
355,7,564,235,145,413,1,1,0.99315
356,7,555,233,145,418,1,1,1
357,7,545,231,146,423,1,1,1
358,7,536,229,146,427,1,1,1
359,7,526,227,147,432,1,1,1
360,7,517,225,147,437,1,1,1
361,7,507,223,148,442,1,1,1
362,7,498,222,148,446,1,1,1
363,7,490,222,150,450,1,1,0.98013
364,7,482,222,153,455,1,1,0.95455
365,7,474,222,156,459,1,1,0.92994
366,7,466,222,159,464,1,1,0.9
367,7,458,222,162,468,1,1,0.8773
368,7,450,222,164,473,1,1,0.86061
369,7,442,222,167,477,1,1,0.8631
370,7,434,222,170,482,1,1,0.8655
371,7,426,222,173,486,1,1,0.86782
372,7,419,223,175,490,1,1,0.86932
373,7,413,221,176,497,1,1,0.87006
374,7,407,219,178,504,1,1,0.86592
375,7,401,218,180,510,1,1,0.86188
376,7,395,216,181,517,1,1,0.86264
377,7,389,215,183,523,1,1,0.8587
378,7,383,213,185,530,1,1,0.86022
379,7,377,211,186,537,1,1,0.85561
380,7,372,210,187,544,1,1,0.85106
381,7,366,208,189,551,1,1,0.84737
382,7,360,207,190,557,1,1,0.84817
383,7,354,205,192,564,1,1,0.84456
384,7,348,203,194,571,1,1,0.84103
385,7,342,202,195,577,1,1,0.84184
386,7,336,200,197,584,1,1,0.83838
387,7,331,199,198,591,1,1,0.83417
388,7,315,194,205,600,1,1,0.85922
389,7,299,190,213,609,1,1,0.8785
390,7,283,186,221,618,1,1,0.8964
391,7,267,182,228,627,1,1,0.91703
392,7,251,177,236,636,1,1,0.92405
393,7,235,173,244,645,1,1,0.93061
394,7,219,169,251,654,1,1,0.94048
395,7,203,165,259,663,1,1,0.94615
396,7,187,160,267,672,1,1,0.95149
397,7,171,156,274,681,1,1,0.96364
398,7,155,152,282,690,1,1,0.9682
399,7,139,148,290,699,1,1,0.97251
400,7,124,144,297,708,1,1,0.97651
401,7,113,141,297,723,1,1,0.98993
402,7,102,139,297,737,1,1,1
403,7,91,136,298,752,1,1,1
404,7,80,134,298,766,1,1,1
405,7,69,131,298,781,1,1,1
406,7,58,129,299,796,1,1,1
407,7,51,124,306,806,1,1,0.99023
408,7,44,119,314,816,1,1,0.9746
409,7,37,114,322,826,1,1,0.95666
410,7,31,109,329,837,1,1,0.94242
411,7,19,102,332,851,1,1,0.95796
412,7,8,95,334,865,1,1,0.97015
413,7,-3,88,337,879,1,1,0.97041
414,7,-14,81,339,893,1,1,0.95294
415,7,-25,74,341,907,1,1,0.88596
416,7,-36,67,344,921,1,1,0.81739
417,7,-60,59,354,952,1,1,0.73803
418,7,-83,51,363,983,1,1,0.66209
419,7,-106,43,372,1015,1,1,0.59249
420,7,-129,35,381,1046,1,1,0.52306
421,7,-152,27,390,1077,1,1,0.59514
422,7,-175,19,400,1109,1,1,0.53683
423,7,-214,-2,412,1165,1,1,0.44406
424,7,-252,-23,424,1222,1,1,0.35739
425,7,-290,-44,436,1279,1,1,0.28189
426,7,-328,-65,448,1335,1,1,0.21605
427,7,-366,-86,460,1392,1,1,0.15809
1,8,1670,528,64,229,0,8,1
2,8,1670,528,64,229,0,8,1
3,8,1671,528,64,229,0,8,1
4,8,1672,528,64,229,0,8,1
5,8,1672,529,64,229,0,8,1
6,8,1673,529,64,229,0,8,1
7,8,1674,529,64,229,0,8,1
8,8,1675,530,64,229,0,8,1
9,8,1678,529,64,229,0,8,1
10,8,1682,529,64,229,0,8,1
11,8,1685,529,64,229,0,8,1
12,8,1689,529,64,229,0,8,1
13,8,1692,529,64,229,0,8,1
14,8,1696,529,64,229,0,8,1
15,8,1699,530,66,232,0,8,1
16,8,1702,531,69,235,0,8,1
17,8,1705,533,72,237,0,8,1
18,8,1708,534,74,240,0,8,1
19,8,1711,535,77,243,0,8,1
20,8,1715,537,79,246,0,8,1
21,8,1737,537,79,246,0,8,0.83158
22,8,1760,537,79,246,0,8,0.67834
23,8,1783,538,79,246,0,8,0.65167
24,8,1806,538,78,246,0,8,0.64234
25,8,1829,538,78,246,0,8,0.6407
1,9,1736,531,128,225,0,8,1
2,9,1736,531,133,224,0,8,1
3,9,1736,531,138,224,0,8,1
4,9,1736,531,144,224,0,8,0.9931
5,9,1737,531,148,224,0,8,1
6,9,1737,531,154,224,0,8,0.99355
7,9,1737,531,159,224,0,8,0.9875
8,9,1738,532,164,223,0,8,0.98788
9,9,1740,531,165,224,0,8,0.98193
10,9,1742,531,167,224,0,8,0.97024
11,9,1745,531,168,224,0,8,0.97041
12,9,1747,531,169,224,0,8,0.95882
13,9,1749,531,171,224,0,8,0.95349
14,9,1752,531,172,224,0,8,0.45318
15,9,1752,531,171,226,0,8,0.43092
16,9,1752,531,171,228,0,8,0.40175
17,9,1752,531,171,230,0,8,0.3925
18,9,1752,531,171,233,0,8,0.39157
19,9,1774,528,171,233,0,8,0.39937
20,9,1796,526,171,233,0,8,0.39542
21,9,1818,524,171,233,0,8,0.33472
22,9,1840,522,171,233,0,8,0.27475
23,9,1862,520,171,233,0,8,0.20304
369,10,721,300,60,188,1,1,0
370,10,722,302,60,191,1,1,0
371,10,723,304,61,194,1,1,0.032258
372,10,724,306,62,197,1,1,0.095238
373,10,725,308,62,200,1,1,0.14286
374,10,726,310,63,203,1,1,0.1875
375,10,727,312,64,206,1,1,0.24615
376,10,728,314,65,210,1,1,0.28788
377,10,727,314,66,210,1,1,0.32836
378,10,727,314,67,211,1,1,0.36765
379,10,727,314,68,212,1,1,0.43478
380,10,727,314,68,213,1,1,0.50725
381,10,727,314,69,214,1,1,0.52857
382,10,726,314,71,215,1,1,0.52778
383,10,726,314,71,216,1,1,0.55556
384,10,726,314,72,217,1,1,0.57534
385,10,726,314,73,218,1,1,0.59459
386,10,726,314,74,219,1,1,0.6
387,10,723,314,74,220,1,1,0.62667
388,10,720,314,75,221,1,1,0.64474
389,10,718,314,75,222,1,1,0.65789
390,10,715,314,76,223,1,1,0.68831
391,10,712,314,77,224,1,1,0.66667
392,10,710,314,77,225,1,1,0.65385
393,10,707,314,78,226,1,1,0.64557
394,10,704,314,79,227,1,1,0.6375
395,10,702,314,79,228,1,1,0.625
396,10,700,313,79,229,1,1,0.6
397,10,698,313,80,230,1,1,0.58025
398,10,696,312,80,231,1,1,0.5679
399,10,694,312,81,232,1,1,0.54878
400,10,692,311,81,233,1,1,0.53659
401,10,690,311,82,234,1,1,0.50602
402,10,688,310,82,235,1,1,0.49398
403,10,686,310,83,236,1,1,0.47619
404,10,685,310,83,237,1,1,0.45238
405,10,686,309,84,238,1,1,0.4
406,10,688,308,84,239,1,1,0.34118
407,10,690,307,85,240,1,1,0.36047
408,10,694,306,85,241,1,1,0.36047
409,10,698,305,86,242,1,1,0.35632
410,10,702,304,87,243,1,1,0.35227
411,10,707,303,87,244,1,1,0.30682
412,10,711,303,88,245,1,1,0.2809
413,10,716,303,88,246,1,1,0.23596
414,10,720,303,89,248,1,1,0.21111
415,10,725,303,89,249,1,1,0.16667
416,10,730,304,89,250,1,1,0.13333
417,10,726,302,89,252,1,1,0.18889
418,10,722,300,89,254,1,1,0.25556
419,10,719,299,88,255,1,1,0.30337
420,10,715,297,89,258,1,1,0.36667
421,10,712,295,88,260,1,1,0.35955
422,10,708,294,88,261,1,1,0.37079
423,10,705,292,87,264,1,1,0.36364
424,10,701,291,88,265,1,1,0.37079
425,10,697,289,88,267,1,1,0.37079
426,10,694,287,87,270,1,1,0.375
427,10,690,286,87,271,1,1,0.375
428,10,687,284,87,273,1,1,0.375
429,10,683,282,87,276,1,1,0.375
430,10,680,281,86,277,1,1,0.37931
431,10,676,279,86,279,1,1,0.35632
432,10,673,278,86,281,1,1,0.32184
433,10,673,277,86,282,1,1,0.26437
434,10,673,276,86,283,1,1,0.1954
435,10,674,275,85,284,1,1,0.12791
436,10,674,274,85,285,1,1,0.05814
437,10,674,273,85,286,1,1,0
438,10,675,272,85,288,1,1,0
439,10,675,271,85,289,1,1,0
440,10,675,270,85,290,1,1,0
441,10,676,269,84,291,1,1,0
442,10,676,268,84,292,1,1,0
443,10,676,267,84,293,1,1,0
444,10,677,266,84,295,1,1,0
445,10,677,265,84,296,1,1,0
446,10,677,264,84,297,1,1,0.0064745
447,10,678,263,83,298,1,1,0.01505
448,10,678,262,83,299,1,1,0.025595
449,10,679,261,83,301,1,1,0.034689
450,10,683,259,85,304,1,1,0.038582
451,10,688,258,86,307,1,1,0.071317
1,11,1123,374,810,88,0,9,0.96054
2,11,1121,374,810,88,0,9,0.96301
3,11,1120,375,810,88,0,9,0.96547
4,11,1119,375,810,88,0,9,0.96794
5,11,1118,376,810,88,0,9,0.97287
6,11,1117,376,810,88,0,9,0.97657
7,11,1116,377,810,88,0,9,0.98027
8,11,1115,379,810,88,0,9,0.98397
9,11,1114,382,810,87,0,9,0.98644
10,11,1114,384,809,88,0,9,0.98889
11,11,1113,387,809,87,0,9,0.99136
12,11,1113,390,809,87,0,9,0.99259
13,11,1113,386,809,87,0,9,0.99383
14,11,1114,383,808,87,0,9,0.99506
15,11,1114,380,808,87,0,9,0.99506
16,11,1115,377,808,87,0,9,0.93696
17,11,1115,381,808,87,0,9,0.99382
18,11,1116,385,808,87,0,9,0.99382
19,11,1117,390,808,87,0,9,0.99382
20,11,1117,394,808,87,0,9,0.99258
21,11,1118,398,808,87,0,9,0.97899
22,11,1119,403,808,87,0,9,0.96415
23,11,1120,407,808,87,0,9,0.95056
24,11,1120,412,808,87,0,9,0.93572
25,11,1121,416,808,87,0,9,0.91595
26,11,1122,420,808,87,0,9,0.89617
27,11,1123,425,808,87,0,9,0.87639
28,11,1123,429,808,87,0,9,0.85661
29,11,1124,434,808,87,0,9,0.83684
30,11,1125,438,808,87,0,9,0.83066
31,11,1126,442,808,87,0,9,0.82447
32,11,1126,447,808,87,0,9,0.81829
33,11,1127,451,808,87,0,9,0.81211
34,11,1128,456,808,87,0,9,0.80593
35,11,1129,460,808,87,0,9,0.80222
36,11,1129,464,808,87,0,9,0.79852
37,11,1130,469,808,87,0,9,0.79357
38,11,1131,473,808,87,0,9,0.78986
39,11,1131,478,808,87,0,9,0.78492
40,11,1132,482,808,87,0,9,0.78492
41,11,1133,486,808,87,0,9,0.78492
42,11,1134,491,808,87,0,9,0.78492
43,11,1134,495,808,87,0,9,0.78368
44,11,1135,500,808,87,0,9,0.78986
45,11,1136,504,808,87,0,9,0.79481
46,11,1137,508,808,87,0,9,0.80099
47,11,1137,513,808,87,0,9,0.80593
48,11,1138,517,808,87,0,9,0.81335
49,11,1139,522,808,87,0,9,0.81953
50,11,1140,526,808,87,0,9,0.82695
51,11,1140,530,808,87,0,9,0.83313
52,11,1141,535,808,87,0,9,0.83931
53,11,1142,539,808,87,0,9,0.84178
54,11,1143,544,808,87,0,9,0.84425
55,11,1144,542,808,87,0,9,0.84549
56,11,1145,541,808,87,0,9,0.84796
57,11,1147,540,808,87,0,9,0.8492
58,11,1148,538,808,88,0,9,0.84796
59,11,1150,537,808,88,0,9,0.84549
60,11,1151,536,808,88,0,9,0.84425
61,11,1153,534,808,89,0,9,0.84178
62,11,1154,533,808,89,0,9,0.83931
63,11,1156,532,807,89,0,9,0.83045
64,11,1157,531,808,89,0,9,0.81953
65,11,1158,529,808,90,0,9,0.80964
66,11,1160,528,808,90,0,9,0.79852
67,11,1161,527,808,90,0,9,0.79481
68,11,1163,525,808,91,0,9,0.7911
69,11,1164,524,808,90,0,9,0.78739
70,11,1166,523,808,90,0,9,0.78368
71,11,1167,522,808,90,0,9,0.77998
72,11,1169,520,807,91,0,9,0.77599
73,11,1170,519,808,91,0,9,0.77874
74,11,1172,518,807,91,0,9,0.78342
75,11,1173,516,808,92,0,9,0.78616
76,11,1174,515,808,92,0,9,0.78863
77,11,1176,514,808,92,0,9,0.79357
78,11,1177,513,808,92,0,9,0.79852
79,11,1179,511,807,93,0,9,0.80446
80,11,1180,510,808,93,0,9,0.80717
81,11,1182,509,807,93,0,9,0.81559
82,11,1183,507,808,94,0,9,0.822
83,11,1185,506,807,94,0,9,0.83045
84,11,1186,505,808,93,0,9,0.83684
85,11,1188,504,807,93,0,9,0.8453
86,11,1189,502,808,94,0,9,0.85414
87,11,1190,501,808,94,0,9,0.86279
88,11,1192,500,807,94,0,9,0.87376
89,11,1193,498,808,95,0,9,0.88133
90,11,1195,497,807,95,0,9,0.88614
91,11,1196,496,808,95,0,9,0.88752
92,11,1198,495,807,95,0,9,0.89233
93,11,1199,493,808,96,0,9,0.89246
94,11,1201,492,807,96,0,9,0.89109
95,11,1202,491,807,96,0,9,0.88985
96,11,1203,489,808,97,0,9,0.88752
97,11,1205,488,807,97,0,9,0.88614
98,11,1206,487,808,96,0,9,0.88381
99,11,1208,486,807,96,0,9,0.88243
100,11,1209,484,808,97,0,9,0.87763
101,11,1211,483,807,97,0,9,0.86881
102,11,1212,482,808,97,0,9,0.85785
103,11,1214,480,807,98,0,9,0.84901
104,11,1215,479,807,98,0,9,0.83911
105,11,1217,478,807,98,0,9,0.83416
106,11,1218,477,807,98,0,9,0.82797
107,11,1219,475,808,99,0,9,0.82077
108,11,1221,474,807,99,0,9,0.81559
109,11,1222,473,808,99,0,9,0.80841
110,11,1224,471,807,100,0,9,0.80569
111,11,1225,470,807,100,0,9,0.80074
112,11,1227,469,807,100,0,9,0.79703
113,11,1228,468,807,99,0,9,0.79208
114,11,1230,466,807,100,0,9,0.78837
115,11,1231,465,807,100,0,9,0.78342
116,11,1233,464,807,100,0,9,0.78218
117,11,1234,462,807,101,0,9,0.78094
118,11,1235,461,808,101,0,9,0.7775
119,11,1237,460,807,101,0,9,0.7797
120,11,1238,459,807,101,0,9,0.78094
121,11,1240,457,807,102,0,9,0.78218
122,11,1241,456,807,102,0,9,0.78342
123,11,1243,455,807,102,0,9,0.78465
124,11,1244,453,807,103,0,9,0.7896
125,11,1246,452,807,103,0,9,0.79332
126,11,1247,451,807,103,0,9,0.79827
127,11,1249,450,807,103,0,9,0.80198
128,11,1250,450,807,103,0,9,0.80569
129,11,1251,450,807,104,0,9,0.80941
130,11,1253,451,807,103,0,9,0.81312
131,11,1254,451,807,104,0,9,0.81559
132,11,1256,451,807,104,0,9,0.81683
133,11,1257,452,807,104,0,9,0.81807
134,11,1259,452,807,104,0,9,0.81931
135,11,1260,452,807,105,0,9,0.81807
136,11,1262,453,807,105,0,9,0.81559
137,11,1263,453,807,105,0,9,0.81312
138,11,1265,453,807,106,0,9,0.80941
139,11,1266,454,807,105,0,9,0.80569
140,11,1268,454,807,106,0,9,0.79703
141,11,1269,454,807,106,0,9,0.78837
142,11,1271,455,807,106,0,9,0.7797
143,11,1272,455,807,106,0,9,0.77104
144,11,1274,456,807,106,0,9,0.76361
145,11,1275,456,807,107,0,9,0.75495
146,11,1276,456,807,107,0,9,0.74629
147,11,1278,457,807,107,0,9,0.73762
148,11,1279,457,807,107,0,9,0.73391
149,11,1281,457,807,108,0,9,0.7302
150,11,1282,458,807,107,0,9,0.72649
151,11,1284,458,807,108,0,9,0.72277
152,11,1285,458,807,108,0,9,0.72277
153,11,1287,459,807,108,0,9,0.72153
154,11,1288,459,807,109,0,9,0.7203
155,11,1290,459,807,109,0,9,0.71906
156,11,1291,460,807,109,0,9,0.71782
157,11,1293,460,807,109,0,9,0.71658
158,11,1294,460,807,110,0,9,0.71535
159,11,1296,461,807,109,0,9,0.72649
160,11,1297,461,807,110,0,9,0.73639
161,11,1299,462,807,110,0,9,0.74629
162,11,1300,461,807,110,0,9,0.75619
163,11,1302,460,807,110,0,9,0.76114
164,11,1304,459,807,111,0,9,0.76361
165,11,1306,458,807,111,0,9,0.76114
166,11,1308,457,807,112,0,9,0.75866
167,11,1310,457,807,111,0,9,0.75619
168,11,1311,456,807,111,0,9,0.75495
169,11,1313,455,807,112,0,9,0.75248
170,11,1315,454,807,112,0,9,0.75
171,11,1317,453,807,113,0,9,0.74752
172,11,1319,452,807,113,0,9,0.74505
173,11,1321,452,807,113,0,9,0.74257
174,11,1322,451,807,113,0,9,0.74134
175,11,1324,450,807,113,0,9,0.73886
176,11,1326,449,807,114,0,9,0.73639
177,11,1328,448,807,114,0,9,0.73391
178,11,1330,447,807,115,0,9,0.73144
179,11,1332,447,807,114,0,9,0.72896
180,11,1333,446,807,114,0,9,0.72772
181,11,1335,445,807,115,0,9,0.72525
182,11,1337,444,807,115,0,9,0.72277
183,11,1339,443,807,116,0,9,0.7203
184,11,1341,442,807,116,0,9,0.71782
185,11,1343,442,807,116,0,9,0.71535
186,11,1340,443,807,116,0,9,0.71658
187,11,1338,444,807,117,0,9,0.71411
188,11,1336,445,807,118,0,9,0.71163
189,11,1334,446,807,118,0,9,0.70916
190,11,1332,447,807,119,0,9,0.70545
191,11,1330,448,807,120,0,9,0.70297
192,11,1328,450,807,119,0,9,0.69926
193,11,1326,451,806,120,0,9,0.70632
194,11,1323,452,807,121,0,9,0.71163
195,11,1321,453,807,121,0,9,0.71782
196,11,1319,454,807,122,0,9,0.72401
197,11,1317,455,807,123,0,9,0.7302
198,11,1315,456,807,123,0,9,0.73639
199,11,1313,458,807,123,0,9,0.74134
200,11,1311,459,806,124,0,9,0.74721
201,11,1309,460,806,124,0,9,0.75341
202,11,1306,461,807,125,0,9,0.75743
203,11,1304,462,807,126,0,9,0.76361
204,11,1302,463,807,126,0,9,0.76609
205,11,1300,464,807,127,0,9,0.76856
206,11,1298,466,807,127,0,9,0.76733
207,11,1296,467,807,127,0,9,0.76609
208,11,1294,468,806,128,0,9,0.7658
209,11,1292,469,806,129,0,9,0.76456
210,11,1290,470,806,129,0,9,0.76456
211,11,1287,471,807,130,0,9,0.76238
212,11,1285,473,807,130,0,9,0.76114
213,11,1283,474,807,130,0,9,0.7599
214,11,1281,475,807,131,0,9,0.75866
215,11,1279,476,806,132,0,9,0.75217
216,11,1277,477,806,132,0,9,0.74473
217,11,1275,478,806,133,0,9,0.7373
218,11,1273,479,806,134,0,9,0.72862
219,11,1270,481,807,133,0,9,0.71906
220,11,1268,482,807,134,0,9,0.7104
221,11,1266,483,807,135,0,9,0.7005
222,11,1264,484,807,135,0,9,0.69059
223,11,1262,485,806,136,0,9,0.68154
224,11,1260,486,806,137,0,9,0.68278
225,11,1258,487,806,137,0,9,0.68278
226,11,1256,489,806,137,0,9,0.68278
227,11,1253,490,807,138,0,9,0.68193
228,11,1251,491,807,138,0,9,0.68317
229,11,1249,492,807,139,0,9,0.68441
230,11,1247,493,806,140,0,9,0.68525
231,11,1245,494,806,140,0,9,0.68649
232,11,1243,496,806,140,0,9,0.68649
233,11,1241,497,806,141,0,9,0.68773
234,11,1239,498,806,141,0,9,0.68773
235,11,1237,499,806,142,0,9,0.68773
236,11,1234,500,807,143,0,9,0.68688
237,11,1232,501,807,143,0,9,0.68936
238,11,1230,502,806,144,0,9,0.69145
239,11,1228,504,806,144,0,9,0.69393
240,11,1226,505,806,144,0,9,0.69517
241,11,1224,506,806,145,0,9,0.7026
242,11,1222,507,806,146,0,9,0.7088
243,11,1220,508,806,146,0,9,0.71623
244,11,1217,509,807,147,0,9,0.72153
245,11,1215,510,806,148,0,9,0.72862
246,11,1213,512,806,147,0,9,0.73234
247,11,1211,513,806,148,0,9,0.73482
248,11,1209,514,806,149,0,9,0.7373
249,11,1207,515,806,149,0,9,0.73978
250,11,1205,516,806,150,0,9,0.74226
251,11,1203,517,806,151,0,9,0.74102
252,11,1201,519,806,151,0,9,0.73854
253,11,1201,519,806,151,0,9,0.7373
254,11,1201,520,806,151,0,9,0.73482
255,11,1201,521,806,151,0,9,0.72739
256,11,1202,522,806,151,0,9,0.71995
257,11,1202,520,806,151,0,9,0.71252
258,11,1203,519,806,151,0,9,0.71004
259,11,1203,518,806,151,0,9,0.70632
260,11,1204,517,806,151,0,9,0.7026
261,11,1204,516,806,150,0,9,0.69888
262,11,1205,515,806,150,0,9,0.69641
263,11,1205,514,806,150,0,9,0.69393
264,11,1206,513,806,150,0,9,0.69145
265,11,1207,512,806,150,0,9,0.68773
266,11,1207,510,806,150,0,9,0.68773
267,11,1208,509,806,150,0,9,0.68773
268,11,1208,508,806,150,0,9,0.68649
269,11,1209,507,806,150,0,9,0.68649
270,11,1209,506,806,149,0,9,0.68525
271,11,1210,505,806,149,0,9,0.68897
272,11,1210,504,806,149,0,9,0.69145
273,11,1211,503,806,149,0,9,0.69517
274,11,1212,502,806,149,0,9,0.69765
275,11,1213,495,806,151,0,9,0.70012
276,11,1215,488,806,154,0,9,0.7026
277,11,1217,482,806,155,0,9,0.70508
278,11,1219,475,805,158,0,9,0.70844
279,11,1221,468,805,161,0,9,0.70968
280,11,1222,462,806,162,0,9,0.71004
281,11,1224,455,806,165,0,9,0.71128
282,11,1226,448,805,168,0,9,0.71464
283,11,1228,442,805,169,0,9,0.71588
284,11,1230,435,805,172,0,9,0.71712
285,11,1232,429,805,174,0,9,0.70968
286,11,1235,427,805,174,0,9,0.70099
287,11,1238,425,805,174,0,9,0.69231
288,11,1242,423,805,174,0,9,0.68486
289,11,1245,421,805,174,0,9,0.67742
290,11,1248,420,805,173,0,9,0.66873
291,11,1252,418,805,173,0,9,0.65757
292,11,1255,416,805,173,0,9,0.64516
293,11,1258,414,805,173,0,9,0.634
294,11,1262,413,805,173,0,9,0.62159
295,11,1265,411,805,173,0,9,0.61414
296,11,1268,409,805,173,0,9,0.60546
297,11,1272,407,805,173,0,9,0.59677
298,11,1275,406,805,172,0,9,0.58809
299,11,1278,404,805,172,0,9,0.57816
300,11,1282,402,805,172,0,9,0.56948
301,11,1285,400,805,172,0,9,0.55955
302,11,1289,399,805,172,0,9,0.55707
303,11,1295,398,805,173,0,9,0.55459
304,11,1301,397,805,174,0,9,0.55211
305,11,1308,396,805,176,0,9,0.54963
306,11,1314,395,805,177,0,9,0.54963
307,11,1321,394,804,178,0,9,0.54907
308,11,1327,394,805,179,0,9,0.54839
309,11,1334,393,804,180,0,9,0.54783
310,11,1340,392,805,181,0,9,0.54591
311,11,1347,391,804,183,0,9,0.55155
312,11,1353,390,804,184,0,9,0.55652
313,11,1359,389,805,185,0,9,0.56079
314,11,1366,389,804,186,0,9,0.56522
315,11,1372,388,805,187,0,9,0.56576
316,11,1379,387,804,188,0,9,0.5677
317,11,1385,386,804,190,0,9,0.56894
318,11,1392,385,804,191,0,9,0.57019
319,11,1398,384,804,192,0,9,0.56646
320,11,1405,384,804,193,0,9,0.56273
321,11,1399,385,810,193,0,9,0.55487
322,11,1394,387,815,192,0,9,0.54657
323,11,1388,388,821,193,0,9,0.53771
324,11,1383,390,826,192,0,9,0.52963
325,11,1377,392,833,191,0,9,0.52158
326,11,1372,393,838,192,0,9,0.49821
327,11,1366,395,844,191,0,9,0.46509
328,11,1361,396,849,192,0,9,0.43176
329,11,1355,398,856,191,0,9,0.39907
330,11,1350,400,861,190,0,9,0.36659
331,11,1344,401,867,191,0,9,0.33525
332,11,1339,403,872,190,0,9,0.30355
333,11,1334,405,878,190,0,9,0.25597
334,11,1333,404,881,191,0,9,0.20862
335,11,1332,404,884,192,0,9,0.16271
336,11,1332,404,886,192,0,9,0.11612
337,11,1331,403,889,194,0,9,0.069663
338,11,1330,403,892,194,0,9,0.022396
339,11,1330,403,894,195,0,9,0
340,11,1329,403,897,195,0,9,0
341,11,1328,402,900,197,0,9,0
342,11,1328,402,902,197,0,9,0.019934
343,11,1327,402,905,198,0,9,0.048565
344,11,1326,401,908,199,0,9,0.10231
345,11,1326,401,910,200,0,9,0.15697
346,11,1325,401,913,200,0,9,0.50109
347,11,1324,401,916,201,0,9,0.50382
348,11,1324,400,918,202,0,9,0.50707
349,11,1323,400,921,203,0,9,0.50976
350,11,1322,400,924,203,0,9,0.51243
351,11,1322,400,926,204,0,9,0.51564
352,11,1321,399,929,206,0,9,0.51828
353,11,1320,399,932,206,0,9,0.5209
354,11,1320,399,934,207,0,9,0.5262
355,11,1319,398,937,208,0,9,0.53092
356,11,1318,398,940,209,0,9,0.53454
357,11,1318,398,942,209,0,9,0.54083
358,11,1317,398,945,210,0,9,0.54545
359,11,1316,397,948,211,0,9,0.55005
360,11,1316,397,950,212,0,9,0.55415
361,11,1315,397,953,212,0,9,0.55765
362,11,1314,396,956,214,0,9,0.56008
363,11,1314,396,958,214,0,9,0.56204
364,11,1313,396,961,215,0,9,0.56237
365,11,1312,396,964,215,0,9,0.56269
366,11,1312,395,966,217,0,9,0.56256
367,11,1311,395,969,217,0,9,0.56082
368,11,1310,395,972,218,0,9,0.56012
369,11,1310,395,975,219,0,9,0.5584
370,11,1309,397,975,220,0,9,0.56045
371,11,1309,400,974,221,0,9,0.56205
372,11,1308,402,974,223,0,9,0.56308
373,11,1308,405,974,224,0,9,0.5641
374,11,1308,407,973,226,0,9,0.56571
375,11,1307,410,973,226,0,9,0.56674
376,11,1307,412,972,228,0,9,0.56732
377,11,1307,415,972,229,0,9,0.56732
378,11,1306,418,972,230,0,9,0.56732
379,11,1306,420,971,232,0,9,0.57099
380,11,1305,423,971,232,0,9,0.57407
381,11,1305,425,971,234,0,9,0.57716
382,11,1305,428,970,235,0,9,0.57981
383,11,1304,430,970,237,0,9,0.58393
384,11,1304,433,969,238,0,9,0.58763
385,11,1304,436,969,239,0,9,0.59072
386,11,1303,437,969,239,0,9,0.5866
387,11,1303,439,968,238,0,9,0.58308
388,11,1302,440,968,238,0,9,0.57895
389,11,1302,442,968,238,0,9,0.57998
390,11,1302,444,967,237,0,9,0.58161
391,11,1301,445,967,237,0,9,0.58264
392,11,1301,447,967,237,0,9,0.58471
393,11,1300,448,967,237,0,9,0.58574
394,11,1300,450,966,236,0,9,0.58738
395,11,1300,452,966,236,0,9,0.58945
396,11,1299,451,966,239,0,9,0.59049
397,11,1299,451,965,242,0,9,0.59213
398,11,1298,451,965,244,0,9,0.5942
399,11,1298,451,964,247,0,9,0.59585
400,11,1298,451,964,250,0,9,0.59689
401,11,1297,451,964,252,0,9,0.59793
402,11,1297,451,963,255,0,9,0.59544
403,11,1296,451,963,257,0,9,0.59129
404,11,1296,451,962,260,0,9,0.58879
405,11,1296,451,962,263,0,9,0.58463
406,11,1295,450,962,265,0,9,0.58048
407,11,1295,450,961,266,0,9,0.579
408,11,1294,450,961,268,0,9,0.57588
409,11,1294,450,961,269,0,9,0.57277
410,11,1294,449,960,271,0,9,0.5692
411,11,1293,449,960,273,0,9,0.56504
412,11,1293,449,959,274,0,9,0.56146
413,11,1293,449,959,276,0,9,0.55625
414,11,1303,448,958,278,0,9,0.55474
415,11,1313,448,957,279,0,9,0.55324
416,11,1323,448,956,281,0,9,0.55172
417,11,1333,448,955,282,0,9,0.55021
418,11,1343,448,955,284,0,9,0.54707
419,11,1344,445,954,286,0,9,0.5445
420,11,1345,443,954,288,0,9,0.54555
421,11,1346,441,954,290,0,9,0.5466
422,11,1348,439,953,292,0,9,0.54822
423,11,1349,437,953,294,0,9,0.54612
424,11,1350,435,953,296,0,9,0.54298
425,11,1352,433,952,298,0,9,0.5404
426,11,1353,431,952,300,0,9,0.53725
427,11,1354,429,952,302,0,9,0.5404
428,11,1356,427,951,304,0,9,0.54307
429,11,1357,425,951,306,0,9,0.54622
430,11,1358,423,951,308,0,9,0.54832
431,11,1360,421,950,310,0,9,0.54679
432,11,1361,419,950,312,0,9,0.54469
433,11,1362,417,950,314,0,9,0.54154
434,11,1364,415,949,316,0,9,0.54105
435,11,1365,413,949,318,0,9,0.54
436,11,1366,411,949,320,0,9,0.53895
437,11,1368,409,948,322,0,9,0.53741
438,11,1369,410,948,323,0,9,0.53425
439,11,1371,411,947,325,0,9,0.53165
440,11,1372,412,947,327,0,9,0.52848
441,11,1374,413,946,329,0,9,0.52587
442,11,1375,414,946,331,0,9,0.51954
443,11,1377,415,945,333,0,9,0.51374
444,11,1378,416,945,334,0,9,0.5074
445,11,1380,417,944,336,0,9,0.50159
446,11,1381,418,944,338,0,9,0.49418
447,11,1383,419,943,340,0,9,0.48729
448,11,1384,420,943,342,0,9,0.47881
449,11,1386,421,942,344,0,9,0.4719
450,11,1389,421,942,347,0,9,0.46341
451,11,1393,422,941,349,0,9,0.45754
378,12,689,334,57,185,1,1,0
379,12,683,333,57,186,1,1,0
380,12,677,332,58,187,1,1,0
381,12,672,332,58,188,1,1,0
382,12,669,331,58,189,1,1,0
383,12,667,331,58,190,1,1,0
384,12,664,331,59,191,1,1,0
385,12,662,331,58,192,1,1,0
386,12,659,331,59,192,1,1,0
387,12,657,330,59,194,1,1,0
388,12,654,330,60,195,1,1,0
389,12,652,330,59,196,1,1,0
390,12,650,330,59,197,1,1,0
391,12,647,330,60,197,1,1,0
392,12,645,330,60,198,1,1,0
393,12,642,329,60,200,1,1,0
394,12,640,329,60,201,1,1,0
395,12,637,329,61,201,1,1,0
396,12,635,329,61,202,1,1,0
397,12,633,329,60,203,1,1,0
398,12,630,329,61,204,1,1,0
399,12,628,328,61,206,1,1,0
400,12,625,328,62,206,1,1,0
401,12,623,328,61,207,1,1,0
402,12,620,328,62,208,1,1,0
403,12,618,328,62,209,1,1,0
404,12,616,328,62,210,1,1,0
405,12,621,329,63,211,1,1,0.046875
406,12,627,330,63,212,1,1,0.09375
407,12,633,332,63,213,1,1,0.15625
408,12,636,331,63,214,1,1,0.25
409,12,639,330,64,215,1,1,0.32308
410,12,642,329,64,216,1,1,0.41538
411,12,646,328,64,217,1,1,0.52308
412,12,648,329,66,217,1,1,0.58209
413,12,650,331,69,216,1,1,0.65714
414,12,652,332,72,216,1,1,0.69863
415,12,654,334,75,215,1,1,0.84211
416,12,656,336,78,215,1,1,0.93671
417,12,652,335,81,215,1,1,0.90244
418,12,648,334,84,215,1,1,0.87059
419,12,644,333,87,215,1,1,0.85227
420,12,640,333,90,214,1,1,0.82418
421,12,636,332,93,214,1,1,0.80851
422,12,632,331,96,214,1,1,0.78351
423,12,629,331,98,213,1,1,0.76768
424,12,626,330,97,214,1,1,0.76531
425,12,623,329,96,216,1,1,0.76289
426,12,621,328,95,217,1,1,0.76042
427,12,618,327,94,219,1,1,0.75789
428,12,616,326,93,220,1,1,0.75532
429,12,613,325,92,222,1,1,0.75269
430,12,611,325,91,223,1,1,0.75
431,12,604,324,94,226,1,1,0.75789
432,12,597,324,97,228,1,1,0.77551
433,12,591,324,100,231,1,1,0.81188
434,12,591,322,98,232,1,1,0.82828
435,12,591,320,97,233,1,1,0.84694
436,12,591,318,96,234,1,1,0.85567
437,12,588,316,98,236,1,1,0.86869
438,12,586,314,99,239,1,1,0.82
439,12,584,312,100,242,1,1,0.78218
440,12,581,311,102,243,1,1,0.81553
441,12,579,309,103,246,1,1,0.84615
442,12,577,307,104,249,1,1,0.87619
443,12,575,306,106,251,1,1,0.8972
444,12,577,305,107,254,1,1,0.88889
445,12,580,305,107,256,1,1,0.87963
446,12,582,305,109,258,1,1,0.9
447,12,585,305,109,260,1,1,0.92727
448,12,587,305,111,262,1,1,0.94643
449,12,590,305,111,264,1,1,0.97321
450,12,592,305,112,266,1,1,1
451,12,595,305,113,268,1,1,1
1,13,1374,317,46,136,1,1,0.41606
2,13,1372,317,46,136,1,1,0.41606
3,13,1371,318,46,136,1,1,0.41606
4,13,1369,319,46,136,1,1,0.40876
5,13,1368,319,46,136,1,1,0.41606
6,13,1366,320,46,136,1,1,0.40876
7,13,1365,321,46,136,1,1,0.40876
8,13,1365,322,46,136,1,1,0.41606
9,13,1365,323,46,136,1,1,0.43066
10,13,1365,324,46,136,1,1,0.43796
11,13,1365,325,46,136,1,1,0.45255
12,13,1366,326,46,136,1,1,0.46715
13,13,1366,327,46,136,1,1,0.43066
14,13,1366,328,46,136,1,1,0.40146
15,13,1366,329,46,136,1,1,0.37226
16,13,1367,330,46,136,1,1,1
17,13,1367,331,46,136,1,1,0.36496
18,13,1367,332,46,136,1,1,0.38686
19,13,1367,333,46,136,1,1,0.41606
20,13,1368,334,46,136,1,1,0.43796
21,13,1382,336,46,136,1,1,0.45255
22,13,1396,338,46,136,1,1,0.47445
23,13,1410,340,46,136,1,1,0.48905
24,13,1424,341,46,136,1,1,0.51825
25,13,1439,342,46,136,1,1,0.54015
26,13,1453,343,46,136,1,1,0.56204
27,13,1468,344,46,136,1,1,0.59124
28,13,1483,346,46,136,1,1,0.60584
29,13,1491,350,46,136,1,1,0.61314
30,13,1500,355,46,136,1,1,0.60584
31,13,1508,360,46,136,1,1,0.59854
32,13,1517,364,46,136,1,1,0.60584
33,13,1525,369,46,136,1,1,0.59854
34,13,1534,374,46,136,1,1,0.59854
35,13,1539,380,46,136,1,1,0.58394
36,13,1544,386,46,136,1,1,0.56934
37,13,1549,392,46,136,1,1,0.56204
38,13,1551,399,46,136,1,1,0.54015
39,13,1553,406,46,136,1,1,0.52555
40,13,1555,413,46,136,1,1,0.50365
41,13,1558,420,46,136,1,1,0.48175
42,13,1556,426,46,136,1,1,0.47445
43,13,1554,432,46,136,1,1,0.45985
44,13,1552,438,46,136,1,1,0.45255
45,13,1550,444,46,136,1,1,0.43796
46,13,1548,450,46,136,1,1,0.42336
47,13,1546,456,46,136,1,1,0.41606
48,13,1541,460,46,136,1,1,0.41606
49,13,1537,464,46,136,1,1,0.42336
50,13,1533,468,46,136,1,1,0.42336
51,13,1529,472,46,136,1,1,0.42336
52,13,1525,476,46,136,1,1,0.43066
53,13,1523,476,46,136,1,1,0.45985
54,13,1522,476,46,136,1,1,0.49635
55,13,1521,476,46,136,1,1,0.48175
56,13,1520,476,46,136,1,1,0.47445
57,13,1519,476,46,136,1,1,0.46715
58,13,1518,477,46,136,1,1,0.44526
59,13,1518,478,46,136,1,1,0.43066
60,13,1518,479,46,136,1,1,0.41606
61,13,1518,481,46,136,1,1,0.38686
62,13,1521,477,46,136,1,1,0.40876
63,13,1525,474,46,136,1,1,0.42336
64,13,1528,471,46,136,1,1,0.43796
65,13,1532,468,46,136,1,1,0.44526
66,13,1538,464,46,136,1,1,0.46715
67,13,1544,460,46,136,1,1,0.48905
68,13,1551,457,46,136,1,1,0.49635
69,13,1553,455,46,136,1,1,0.50365
70,13,1555,453,46,136,1,1,0.51095
71,13,1557,451,46,136,1,1,0.51825
72,13,1559,449,46,136,1,1,0.51825
73,13,1561,447,46,136,1,1,0.52555
74,13,1563,445,46,136,1,1,0.53285
75,13,1565,443,46,136,1,1,0.53285
76,13,1568,442,46,136,1,1,0.53285
77,13,1566,440,46,136,1,1,0.54015
78,13,1564,438,46,136,1,1,0.54745
79,13,1562,437,46,136,1,1,0.54015
80,13,1560,435,46,136,1,1,0.54745
81,13,1558,434,46,136,1,1,0.54745
82,13,1552,430,46,136,1,1,0.56204
83,13,1546,427,46,136,1,1,0.57664
84,13,1540,424,46,136,1,1,0.59124
85,13,1534,421,46,136,1,1,0.60584
86,13,1528,417,46,136,1,1,0.62044
87,13,1522,414,46,136,1,1,0.63504
88,13,1516,411,46,136,1,1,0.64964
89,13,1510,408,46,136,1,1,0.65693
90,13,1505,405,46,136,1,1,0.67153
91,13,1501,399,46,136,1,1,0.70803
92,13,1498,394,46,136,1,1,0.73723
93,13,1495,389,46,136,1,1,0.75912
94,13,1493,388,46,136,1,1,0.75912
95,13,1492,387,46,136,1,1,0.75912
96,13,1490,387,46,136,1,1,0.74453
97,13,1489,386,46,136,1,1,0.74453
98,13,1488,386,46,136,1,1,0.73723
99,13,1492,385,46,136,1,1,0.73723
100,13,1497,384,46,136,1,1,0.72993
101,13,1502,384,46,136,1,1,0.72263
102,13,1512,381,46,136,1,1,0.73723
103,13,1522,379,46,136,1,1,0.73723
104,13,1533,377,46,136,1,1,0.74453
105,13,1543,374,46,136,1,1,0.75912
106,13,1554,372,46,136,1,1,0.76642
107,13,1564,370,46,136,1,1,0.76642
108,13,1575,368,46,136,1,1,0.77372
109,13,1580,367,46,136,1,1,0.77372
110,13,1586,366,46,136,1,1,0.76642
111,13,1592,365,46,136,1,1,0.76642
112,13,1597,364,46,136,1,1,0.76642
113,13,1603,363,46,136,1,1,0.76642
114,13,1609,362,46,136,1,1,0.75912
115,13,1615,362,46,136,1,1,0.75182
116,13,1617,362,48,136,1,1,0.74453
117,13,1619,362,50,136,1,1,0.72993
118,13,1622,362,51,136,1,1,0.72263
119,13,1624,362,53,136,1,1,0.71533
120,13,1626,362,55,136,1,1,0.70803
121,13,1629,363,57,135,1,1,0.69118
122,13,1627,363,55,135,1,1,0.68382
123,13,1626,363,52,136,1,1,0.67153
124,13,1624,364,51,135,1,1,0.65441
125,13,1623,364,48,136,1,1,0.64234
126,13,1622,365,46,136,1,1,0.62774
127,13,1621,365,46,136,1,1,0.62044
128,13,1620,365,46,136,1,1,0.62044
129,13,1619,365,46,136,1,1,0.62044
130,13,1618,365,46,136,1,1,0.62774
131,13,1618,366,46,136,1,1,0.62044
132,13,1618,365,49,136,1,1,0.62774
133,13,1618,365,52,136,1,1,0.63504
134,13,1618,364,55,136,1,1,0.64234
135,13,1618,364,58,136,1,1,0.64234
136,13,1619,364,61,136,1,1,0.64964
137,13,1625,363,58,136,1,1,0.65693
138,13,1631,363,56,136,1,1,0.65693
139,13,1638,363,53,136,1,1,0.66423
140,13,1644,363,51,136,1,1,0.66423
141,13,1650,363,49,136,1,1,0.66423
142,13,1657,363,46,136,1,1,0.67153
143,13,1663,364,49,136,1,1,0.66423
144,13,1669,365,53,136,1,1,0.66423
145,13,1675,366,57,136,1,1,0.65693
146,13,1681,368,61,135,1,1,0.64706
147,13,1687,369,57,136,1,1,0.64234
148,13,1694,371,53,136,1,1,0.62774
149,13,1700,373,50,136,1,1,0.61314
150,13,1707,375,46,136,1,1,0.60584
151,13,1708,376,48,135,1,1,0.60294
152,13,1709,377,51,135,1,1,0.59559
153,13,1711,378,53,135,1,1,0.59559
154,13,1712,379,55,135,1,1,0.58824
155,13,1713,380,58,135,1,1,0.58088
156,13,1715,381,60,135,1,1,0.58088
157,13,1714,380,57,136,1,1,0.58394
158,13,1714,380,53,136,1,1,0.58394
159,13,1713,380,50,136,1,1,0.59124
160,13,1713,380,46,136,1,1,0.59124
161,13,1707,379,49,135,1,1,0.61029
162,13,1702,378,51,135,1,1,0.61029
163,13,1697,377,53,135,1,1,0.61029
164,13,1692,376,55,135,1,1,0.61029
165,13,1687,375,57,135,1,1,0.61029
166,13,1682,374,60,135,1,1,0.61029
167,13,1680,372,57,145,1,1,0.58219
168,13,1678,371,55,154,1,1,0.54839
169,13,1677,370,52,163,1,1,0.51829
170,13,1679,369,49,167,1,1,0.50595
171,13,1681,368,47,171,1,1,0.49419
172,13,1683,367,45,175,1,1,0.48295
173,13,1681,366,49,167,1,1,0.5119
174,13,1680,365,52,159,1,1,0.5375
175,13,1679,364,55,151,1,1,0.56579
176,13,1683,362,56,153,1,1,0.56494
177,13,1687,361,57,155,1,1,0.55769
178,13,1691,360,58,156,1,1,0.55414
179,13,1695,358,59,159,1,1,0.55625
180,13,1699,357,60,160,1,1,0.5528
181,13,1704,356,61,162,1,1,0.54601
182,13,1710,355,62,162,1,1,0.54601
183,13,1717,354,62,162,1,1,0.54601
184,13,1724,354,62,162,1,1,0.53988
185,13,1731,353,62,162,1,1,0.54601
186,13,1738,352,62,162,1,1,0.55828
187,13,1745,352,63,162,1,1,0.56442
188,13,1747,352,63,165,1,1,0.56024
189,13,1750,353,63,168,1,1,0.5503
190,13,1753,354,63,171,1,1,0.5407
191,13,1755,355,64,174,1,1,0.53143
192,13,1758,356,64,177,1,1,0.52809
193,13,1761,357,64,180,1,1,0.51934
194,13,1757,359,64,179,1,1,0.51667
195,13,1754,361,64,179,1,1,0.51111
196,13,1751,363,64,178,1,1,0.50838
197,13,1748,365,64,178,1,1,0.50279
198,13,1745,367,64,177,1,1,0.5
199,13,1742,369,64,177,1,1,0.5
200,13,1739,371,63,177,1,1,0.49438
201,13,1736,373,63,176,1,1,0.49153
202,13,1733,375,63,176,1,1,0.48588
203,13,1730,377,63,175,1,1,0.48295
204,13,1727,379,63,175,1,1,0.47727
205,13,1724,381,63,175,1,1,0.47159
206,13,1725,381,63,174,1,1,0.48571
207,13,1726,381,64,173,1,1,0.49425
208,13,1727,381,65,172,1,1,0.50289
209,13,1728,381,65,171,1,1,0.51163
210,13,1729,381,66,170,1,1,0.52047
211,13,1730,382,67,169,1,1,0.52353
212,13,1733,383,67,170,1,1,0.52632
213,13,1737,384,66,172,1,1,0.52023
214,13,1741,385,65,173,1,1,0.51724
215,13,1745,386,64,175,1,1,0.51136
216,13,1749,387,63,176,1,1,0.50847
217,13,1753,389,63,177,1,1,0.5
218,13,1762,390,63,179,1,1,0.49444
219,13,1772,391,62,181,1,1,0.49451
220,13,1781,392,62,183,1,1,0.48913
221,13,1791,393,61,185,1,1,0.48387
222,13,1800,394,61,187,1,1,0.47872
223,13,1810,395,60,189,1,1,0.47368
224,13,1820,397,59,191,1,1,0.46354
225,13,1824,397,61,193,1,1,0.46392
226,13,1829,397,63,195,1,1,0.46939
227,13,1833,397,66,197,1,1,0.4697
228,13,1838,397,68,199,1,1,0.47
229,13,1843,397,70,201,1,1,0.4703
230,13,1843,399,69,203,1,1,0.46078
231,13,1843,401,69,205,1,1,0.45146
232,13,1844,403,68,208,1,1,0.44498
233,13,1844,405,68,210,1,1,0.43602
234,13,1844,407,68,212,1,1,0.42723
235,13,1845,409,67,215,1,1,0.41667
236,13,1842,411,70,211,1,1,0.41981
237,13,1840,414,73,206,1,1,0.42029
238,13,1838,417,76,202,1,1,0.41872
239,13,1836,418,74,205,1,1,0.41748
240,13,1834,419,73,208,1,1,0.41148
241,13,1833,421,70,210,1,1,0.40284
242,13,1831,422,69,213,1,1,0.3972
243,13,1830,424,67,215,1,1,0.38889
244,13,1826,424,66,206,1,1,0.41063
245,13,1823,424,65,198,1,1,0.43216
246,13,1820,424,64,190,1,1,0.46073
247,13,1817,424,65,197,1,1,0.44949
248,13,1815,425,65,203,1,1,0.43627
249,13,1812,426,66,209,1,1,0.42381
250,13,1810,427,67,215,1,1,0.41204
251,13,1813,427,67,215,1,1,0.41667
252,13,1816,427,67,215,1,1,0.42593
253,13,1820,427,67,215,1,1,0.42593
254,13,1823,427,67,215,1,1,0.43056
255,13,1826,427,67,215,1,1,0.43519
256,13,1830,427,67,215,1,1,0.43981
257,13,1835,426,67,215,1,1,0.43519
258,13,1840,426,67,215,1,1,0.43056
259,13,1846,425,67,215,1,1,0.43056
260,13,1851,425,67,215,1,1,0.42593
261,13,1856,424,67,215,1,1,0.40714
262,13,1862,424,67,215,1,1,0.36554
263,13,1865,422,67,215,1,1,0.35076
264,13,1869,420,67,215,1,1,0.32925
265,13,1873,419,67,215,1,1,0.30392
266,13,1876,417,67,215,1,1,0.28493
267,13,1880,416,67,215,1,1,0.2596
268,13,1884,414,67,215,1,1,0.23679
269,13,1888,413,67,215,1,1,0.21119
270,13,1886,411,67,215,1,1,0.22638
271,13,1884,409,67,215,1,1,0.24183
272,13,1882,407,67,215,1,1,0.25756
273,13,1880,405,67,215,1,1,0.27356
274,13,1878,403,67,215,1,1,0.28983
275,13,1876,401,67,215,1,1,0.28799
276,13,1873,396,67,215,1,1,0.30065
277,13,1870,392,67,215,1,1,0.3125
278,13,1868,388,67,215,1,1,0.31393
279,13,1867,378,70,221,1,1,0.30834
280,13,1866,369,73,226,1,1,0.3045
281,13,1865,360,77,232,1,1,0.29273
282,13,1869,353,75,232,1,1,0.27897
283,13,1874,346,73,232,1,1,0.26169
284,13,1879,339,71,233,1,1,0.23932
285,13,1884,332,69,233,1,1,0.21911
1,14,1025,246,116,397,1,1,0.32479
2,14,1023,244,116,401,1,1,0.35043
3,14,1021,242,116,405,1,1,0.37607
4,14,1019,241,116,408,1,1,0.39316
5,14,1016,239,115,412,1,1,0.40517
6,14,1013,238,115,415,1,1,0.41379
7,14,1010,237,115,418,1,1,0.43103
8,14,1007,236,115,422,1,1,0.43966
9,14,1005,236,115,422,1,1,0.44828
10,14,1004,236,115,422,1,1,0.46552
11,14,1002,237,115,422,1,1,0.46552
12,14,1001,237,115,422,1,1,0.48276
13,14,1000,238,115,422,1,1,0.49138
14,14,1000,238,115,422,1,1,0.51724
15,14,1000,239,115,422,1,1,0.53448
16,14,1000,240,115,422,1,1,0.56034
17,14,1001,241,115,422,1,1,0.59483
18,14,1001,242,115,422,1,1,0.62069
19,14,1001,243,115,422,1,1,0.57759
20,14,1002,244,115,422,1,1,0.53448
21,14,1013,248,115,422,1,1,0.58621
22,14,1025,253,115,422,1,1,0.63793
23,14,1036,257,115,422,1,1,0.68966
24,14,1048,262,115,422,1,1,0.74138
25,14,1053,265,126,424,1,1,0.75591
26,14,1058,269,137,426,1,1,0.77536
27,14,1064,273,147,427,1,1,0.79054
28,14,1069,277,158,429,1,1,0.80503
29,14,1075,281,168,431,1,1,0.81657
30,14,1079,284,169,431,1,1,0.80588
31,14,1084,288,169,430,1,1,0.81765
32,14,1088,292,170,430,1,1,0.82456
33,14,1093,296,170,429,1,1,0.83626
34,14,1098,300,170,429,1,1,0.84211
35,14,1103,304,168,430,1,1,0.85207
36,14,1108,309,166,431,1,1,0.86228
37,14,1113,313,165,433,1,1,0.86747
38,14,1118,318,163,434,1,1,0.87805
39,14,1123,323,162,435,1,1,0.88957
40,14,1123,331,162,435,1,1,0.86503
41,14,1123,340,162,435,1,1,0.89571
42,14,1123,349,162,435,1,1,0.92025
43,14,1124,358,162,435,1,1,0.95092
44,14,1119,365,162,437,1,1,0.94479
45,14,1115,372,162,439,1,1,0.94479
46,14,1111,379,161,441,1,1,0.95062
47,14,1107,386,161,443,1,1,0.95062
48,14,1101,390,161,443,1,1,0.93827
49,14,1096,395,161,443,1,1,0.9321
50,14,1090,399,161,443,1,1,0.91975
51,14,1085,404,161,443,1,1,0.91358
52,14,1080,409,161,443,1,1,0.90741
53,14,1078,410,161,443,1,1,0.91975
54,14,1076,411,161,443,1,1,0.92593
55,14,1075,412,161,443,1,1,0.96296
56,14,1073,413,161,443,1,1,0.98765
57,14,1072,414,161,443,1,1,1
58,14,1070,414,164,444,1,1,1
59,14,1069,415,167,445,1,1,1
60,14,1067,415,170,446,1,1,1
61,14,1066,416,173,447,1,1,1
62,14,1065,417,176,448,1,1,1
63,14,1069,416,180,448,1,1,1
64,14,1074,415,183,448,1,1,1
65,14,1079,414,186,448,1,1,1
66,14,1084,414,190,447,1,1,1
67,14,1087,409,190,448,1,1,1
68,14,1091,404,189,449,1,1,1
69,14,1094,400,189,450,1,1,1
70,14,1098,395,188,451,1,1,1
71,14,1101,390,188,452,1,1,1
72,14,1105,386,188,453,1,1,1
73,14,1104,381,186,453,1,1,1
74,14,1104,376,183,453,1,1,1
75,14,1104,371,180,453,1,1,1
76,14,1104,367,178,453,1,1,1
77,14,1103,368,175,452,1,1,1
78,14,1102,369,172,452,1,1,1
79,14,1101,370,169,452,1,1,1
80,14,1100,371,167,452,1,1,1
81,14,1094,367,167,455,1,1,1
82,14,1088,363,167,458,1,1,1
83,14,1082,360,167,460,1,1,1
84,14,1076,356,167,463,1,1,1
85,14,1071,353,166,466,1,1,1
86,14,1063,349,166,466,1,1,1
87,14,1056,345,166,466,1,1,1
88,14,1048,341,166,466,1,1,1
89,14,1041,338,166,466,1,1,1
90,14,1035,332,169,464,1,1,1
91,14,1029,326,173,462,1,1,1
92,14,1023,320,176,460,1,1,1
93,14,1018,315,179,457,1,1,1
94,14,1014,315,180,457,1,1,1
95,14,1010,315,181,457,1,1,1
96,14,1006,315,182,457,1,1,1
97,14,1003,316,183,456,1,1,1
98,14,1009,315,185,458,1,1,1
99,14,1016,314,186,460,1,1,1
100,14,1022,314,188,461,1,1,1
101,14,1029,313,189,464,1,1,1
102,14,1035,313,191,465,1,1,1
103,14,1042,312,192,467,1,1,1
104,14,1049,312,193,469,1,1,1
105,14,1055,310,191,469,1,1,1
106,14,1061,309,190,469,1,1,1
107,14,1067,308,189,468,1,1,1
108,14,1073,307,188,468,1,1,1
109,14,1080,306,186,468,1,1,1
110,14,1083,302,186,469,1,1,1
111,14,1087,298,186,471,1,1,1
112,14,1091,294,185,472,1,1,1
113,14,1095,290,185,474,1,1,1
114,14,1099,286,184,475,1,1,1
115,14,1103,283,184,476,1,1,1
116,14,1104,286,184,476,1,1,1
117,14,1105,289,184,476,1,1,1
118,14,1107,292,184,476,1,1,1
119,14,1106,294,184,476,1,1,1
120,14,1105,296,184,476,1,1,1
121,14,1104,299,184,476,1,1,1
122,14,1103,301,184,476,1,1,1
123,14,1102,304,184,476,1,1,1
124,14,1098,301,184,476,1,1,1
125,14,1095,299,184,476,1,1,1
126,14,1091,296,184,476,1,1,1
127,14,1088,294,184,476,1,1,1
128,14,1085,293,184,476,1,1,1
129,14,1082,292,184,476,1,1,1
130,14,1079,291,184,476,1,1,1
131,14,1078,290,183,479,1,1,1
132,14,1077,289,183,483,1,1,1
133,14,1076,288,183,487,1,1,1
134,14,1075,287,183,491,1,1,1
135,14,1074,287,183,494,1,1,1
136,14,1077,291,183,494,1,1,1
137,14,1080,295,183,494,1,1,1
138,14,1083,299,183,494,1,1,1
139,14,1086,304,183,494,1,1,1
140,14,1090,304,186,494,1,1,1
141,14,1095,304,188,495,1,1,1
142,14,1100,304,190,496,1,1,1
143,14,1105,304,192,497,1,1,1
144,14,1111,302,192,497,1,1,1
145,14,1118,300,192,497,1,1,1
146,14,1125,298,192,497,1,1,1
147,14,1132,297,192,497,1,1,1
148,14,1135,297,192,500,1,1,1
149,14,1138,298,192,502,1,1,1
150,14,1141,298,192,505,1,1,1
151,14,1145,299,191,507,1,1,1
152,14,1146,300,190,508,1,1,1
153,14,1147,301,190,509,1,1,1
154,14,1148,302,190,510,1,1,1
155,14,1149,304,190,510,1,1,1
156,14,1150,305,190,511,1,1,1
157,14,1151,306,190,512,1,1,1
158,14,1153,308,189,512,1,1,1
159,14,1144,307,189,512,1,1,1
160,14,1136,307,189,512,1,1,1
161,14,1128,307,189,512,1,1,1
162,14,1120,307,189,512,1,1,1
163,14,1113,304,192,512,1,1,1
164,14,1106,301,195,513,1,1,1
165,14,1099,298,198,513,1,1,1
166,14,1092,295,201,514,1,1,1
167,14,1085,293,204,514,1,1,1
168,14,1085,292,204,516,1,1,1
169,14,1086,292,203,517,1,1,1
170,14,1086,292,204,518,1,1,1
171,14,1087,292,203,519,1,1,1
172,14,1087,292,203,520,1,1,1
173,14,1088,291,203,522,1,1,1
174,14,1088,291,203,523,1,1,1
175,14,1089,291,202,524,1,1,1
176,14,1089,291,203,525,1,1,1
177,14,1090,291,202,526,1,1,1
178,14,1091,291,202,527,1,1,1
179,14,1096,290,202,526,1,1,1
180,14,1102,289,202,526,1,1,1
181,14,1108,288,202,526,1,1,1
182,14,1114,287,202,526,1,1,1
183,14,1122,287,202,526,1,1,1
184,14,1130,287,202,526,1,1,1
185,14,1138,287,202,526,1,1,1
186,14,1139,285,202,526,1,1,1
187,14,1141,283,202,526,1,1,1
188,14,1143,281,202,526,1,1,1
189,14,1145,283,202,526,1,1,1
190,14,1148,285,202,526,1,1,1
191,14,1150,287,202,526,1,1,1
192,14,1153,290,202,525,1,1,1
193,14,1148,291,202,528,1,1,1
194,14,1144,293,201,530,1,1,1
195,14,1139,294,201,533,1,1,1
196,14,1135,296,200,535,1,1,1
197,14,1131,298,199,538,1,1,1
198,14,1126,299,199,538,1,1,1
199,14,1122,300,199,538,1,1,1
200,14,1118,301,199,538,1,1,1
201,14,1113,303,199,537,1,1,1
202,14,1109,305,199,537,1,1,1
203,14,1104,307,199,537,1,1,1
204,14,1100,309,199,537,1,1,1
205,14,1099,309,200,539,1,1,1
206,14,1098,309,202,541,1,1,1
207,14,1097,309,204,543,1,1,1
208,14,1096,309,206,545,1,1,1
209,14,1095,309,208,548,1,1,1
210,14,1094,309,209,550,1,1,1
211,14,1093,309,211,552,1,1,1
212,14,1092,309,213,554,1,1,1
213,14,1091,309,215,556,1,1,1
214,14,1090,310,217,558,1,1,1
215,14,1096,311,217,558,1,1,1
216,14,1102,313,217,557,1,1,1
217,14,1108,315,217,557,1,1,1
218,14,1115,313,217,556,1,1,1
219,14,1122,311,217,556,1,1,1
220,14,1129,309,217,556,1,1,1
221,14,1137,311,217,556,1,1,1
222,14,1145,314,217,555,1,1,1
223,14,1153,317,217,555,1,1,1
224,14,1158,316,211,558,1,1,1
225,14,1163,315,206,561,1,1,1
226,14,1168,314,201,564,1,1,1
227,14,1173,314,196,566,1,1,1
228,14,1173,314,195,569,1,1,1
229,14,1173,314,194,572,1,1,1
230,14,1173,314,194,575,1,1,1
231,14,1173,314,193,578,1,1,1
232,14,1173,315,193,581,1,1,1
233,14,1169,314,196,581,1,1,1
234,14,1165,314,200,580,1,1,1
235,14,1161,314,204,579,1,1,1
236,14,1158,314,207,579,1,1,1
237,14,1152,316,211,578,1,1,1
238,14,1146,318,216,578,1,1,1
239,14,1140,320,220,578,1,1,1
240,14,1135,323,224,577,1,1,1
241,14,1130,324,223,578,1,1,1
242,14,1125,325,223,580,1,1,1
243,14,1120,327,222,581,1,1,1
244,14,1115,328,222,583,1,1,1
245,14,1110,330,222,584,1,1,1
246,14,1108,331,221,587,1,1,1
247,14,1106,332,221,590,1,1,1
248,14,1104,333,221,593,1,1,1
249,14,1102,334,221,596,1,1,1
250,14,1101,335,220,599,1,1,1
251,14,1102,337,220,599,1,1,1
252,14,1104,339,220,599,1,1,1
253,14,1106,341,219,599,1,1,1
254,14,1108,344,219,598,1,1,1
255,14,1114,343,219,594,1,1,1
256,14,1120,343,219,589,1,1,1
257,14,1127,343,218,585,1,1,1
258,14,1130,341,217,589,1,1,1
259,14,1133,339,217,593,1,1,1
260,14,1136,337,217,597,1,1,1
261,14,1140,336,216,600,1,1,1
262,14,1142,334,216,604,1,1,1
263,14,1145,333,215,607,1,1,1
264,14,1148,332,214,610,1,1,1
265,14,1151,331,214,613,1,1,1
266,14,1151,328,214,614,1,1,1
267,14,1152,325,213,615,1,1,1
268,14,1153,322,213,617,1,1,1
269,14,1154,319,212,618,1,1,1
270,14,1155,316,212,620,1,1,1
271,14,1153,311,211,617,1,1,1
272,14,1151,306,211,614,1,1,1
273,14,1149,301,210,611,1,1,1
274,14,1148,297,209,607,1,1,1
275,14,1139,290,216,606,1,1,1
276,14,1131,283,222,606,1,1,1
277,14,1123,276,228,606,1,1,1
278,14,1115,270,234,605,1,1,1
279,14,1114,263,234,606,1,1,1
280,14,1114,256,233,608,1,1,1
281,14,1114,249,232,610,1,1,1
282,14,1113,240,231,613,1,1,1
283,14,1113,231,230,616,1,1,1
284,14,1113,222,229,619,1,1,1
285,14,1120,215,228,619,1,1,1
286,14,1127,208,228,619,1,1,1
287,14,1134,202,228,618,1,1,1
288,14,1141,193,227,622,1,1,1
289,14,1148,184,226,627,1,1,1
290,14,1155,176,226,631,1,1,1
291,14,1168,173,222,631,1,1,1
292,14,1181,171,219,630,1,1,1
293,14,1194,168,215,630,1,1,1
294,14,1208,166,211,629,1,1,1
295,14,1217,167,208,632,1,1,1
296,14,1227,168,205,635,1,1,1
297,14,1237,170,202,637,1,1,1
298,14,1243,170,203,639,1,1,1
299,14,1249,170,205,642,1,1,1
300,14,1255,170,206,644,1,1,1
301,14,1261,170,208,647,1,1,1
302,14,1263,171,208,648,1,1,1
303,14,1266,172,207,650,1,1,1
304,14,1268,173,207,652,1,1,1
305,14,1271,174,206,654,1,1,0.84989
306,14,1272,172,205,655,1,1,0.82088
307,14,1273,171,205,656,1,1,0.79984
308,14,1274,170,204,656,1,1,0.77283
309,14,1275,169,204,657,1,1,0.74634
310,14,1276,168,204,658,1,1,0.72683
311,14,1272,168,204,657,1,1,0.67805
312,14,1269,168,203,657,1,1,0.63235
313,14,1265,168,203,656,1,1,0.56863
314,14,1262,168,203,656,1,1,0.5098
315,14,1261,164,203,658,1,1,0.46078
316,14,1261,161,202,659,1,1,0.41379
317,14,1260,157,202,661,1,1,0.35961
318,14,1260,154,201,662,1,1,0.31188
319,14,1263,152,201,665,1,1,0.28218
320,14,1266,150,201,669,1,1,0.25248
321,14,1270,148,200,673,1,1,0.22388
322,14,1269,148,205,673,1,1,0.18932
323,14,1268,149,210,672,1,1,0.12796
324,14,1268,150,214,671,1,1,0.065116
325,14,1271,150,213,671,1,1,0
326,14,1274,151,213,670,1,1,0
327,14,1277,152,213,670,1,1,0
328,14,1273,153,217,671,1,1,0
329,14,1269,154,221,673,1,1,0
330,14,1266,155,225,675,1,1,0
331,14,1262,156,229,676,1,1,0
332,14,1258,157,234,678,1,1,0.07234
333,14,1255,158,237,680,1,1,0.15966
334,14,1251,159,242,681,1,1,0.25103
335,14,1247,160,246,683,1,1,0.33603
336,14,1244,161,250,685,1,1,0.41833
337,14,1240,165,249,685,1,1,0.528
338,14,1236,170,249,684,1,1,0.636
339,14,1232,175,249,684,1,1,0.748
340,14,1228,180,249,683,1,1,0.856
341,14,1224,185,249,683,1,1,0.968
342,14,1220,177,250,690,1,1,1
343,14,1217,170,251,696,1,1,1
344,14,1213,163,253,702,1,1,1
345,14,1210,156,254,708,1,1,1
346,14,1207,149,255,714,1,1,1
347,14,1196,149,262,705,1,1,1
348,14,1185,149,269,697,1,1,1
349,14,1175,149,275,689,1,1,1
350,14,1169,149,277,692,1,1,1
351,14,1163,149,279,695,1,1,1
352,14,1157,149,281,698,1,1,1
353,14,1151,149,283,702,1,1,1
354,14,1146,148,282,706,1,1,1
355,14,1141,147,281,710,1,1,1
356,14,1136,147,281,714,1,1,1
357,14,1130,145,280,719,1,1,1
358,14,1124,143,280,724,1,1,1
359,14,1119,141,279,730,1,1,1
360,14,1114,141,279,729,1,1,1
361,14,1110,141,278,728,1,1,1
362,14,1106,141,278,728,1,1,1
363,14,1104,141,277,727,1,1,1
364,14,1102,141,277,727,1,1,1
365,14,1100,142,277,726,1,1,1
366,14,1099,139,277,726,1,1,1
367,14,1099,137,277,725,1,1,1
368,14,1099,134,276,725,1,1,1
369,14,1099,132,276,724,1,1,1
370,14,1098,133,275,729,1,1,1
371,14,1097,134,275,734,1,1,1
372,14,1097,136,274,739,1,1,1
373,14,1096,137,274,744,1,1,1
374,14,1096,139,273,749,1,1,1
375,14,1102,143,266,752,1,1,1
376,14,1108,148,260,754,1,1,1
377,14,1114,152,254,757,1,1,1
378,14,1121,157,247,760,1,1,1
379,14,1118,155,247,764,1,1,1
380,14,1116,154,246,767,1,1,1
381,14,1114,152,245,771,1,1,1
382,14,1112,151,245,775,1,1,1
383,14,1107,151,246,774,1,1,1
384,14,1102,151,248,773,1,1,1
385,14,1097,151,250,772,1,1,1
386,14,1092,151,259,770,1,1,1
387,14,1087,151,268,769,1,1,1
388,14,1082,151,277,768,1,1,1
389,14,1074,150,284,771,1,1,1
390,14,1066,149,291,774,1,1,1
391,14,1059,149,297,777,1,1,1
392,14,1056,150,298,779,1,1,1
393,14,1053,151,300,781,1,1,1
394,14,1051,153,301,782,1,1,1
395,14,1048,154,302,784,1,1,1
396,14,1045,155,304,786,1,1,1
397,14,1043,157,305,787,1,1,1
398,14,1042,155,304,790,1,1,1
399,14,1042,153,303,794,1,1,1
400,14,1042,151,302,798,1,1,1
401,14,1042,149,301,802,1,1,1
402,14,1046,148,300,801,1,1,1
403,14,1050,148,300,800,1,1,1
404,14,1054,147,299,800,1,1,1
405,14,1058,147,299,799,1,1,1
406,14,1062,147,299,798,1,1,1
407,14,1065,146,298,797,1,1,1
408,14,1068,145,298,796,1,1,1
409,14,1071,144,298,796,1,1,1
410,14,1079,145,294,800,1,1,1
411,14,1087,147,290,803,1,1,1
412,14,1095,149,286,806,1,1,1
413,14,1104,151,282,810,1,1,1
414,14,1107,151,281,816,1,1,1
415,14,1110,152,280,822,1,1,1
416,14,1113,153,279,828,1,1,1
417,14,1116,152,278,827,1,1,1
418,14,1119,151,278,826,1,1,1
419,14,1122,151,278,825,1,1,1
420,14,1121,144,278,831,1,1,1
421,14,1121,138,277,836,1,1,1
422,14,1121,132,276,842,1,1,1
423,14,1112,132,287,834,1,1,1
424,14,1103,132,299,826,1,1,1
425,14,1094,132,311,818,1,1,1
426,14,1086,132,322,811,1,1,1
427,14,1080,132,325,815,1,1,1
428,14,1075,133,328,818,1,1,1
429,14,1070,133,330,822,1,1,1
430,14,1065,134,333,825,1,1,1
431,14,1064,134,336,829,1,1,1
432,14,1064,134,338,833,1,1,1
433,14,1064,134,341,837,1,1,1
434,14,1065,130,341,840,1,1,1
435,14,1067,127,340,843,1,1,1
436,14,1069,124,339,846,1,1,1
437,14,1072,120,338,849,1,1,1
438,14,1075,117,338,851,1,1,1
439,14,1079,114,337,854,1,1,1
440,14,1082,111,337,856,1,1,1
441,14,1086,108,336,859,1,1,1
442,14,1092,110,336,851,1,1,1
443,14,1099,113,335,843,1,1,1
444,14,1106,116,334,835,1,1,1
445,14,1113,119,333,827,1,1,1
446,14,1121,125,332,829,1,1,1
447,14,1129,132,331,830,1,1,1
448,14,1137,138,331,832,1,1,1
449,14,1145,145,330,833,1,1,1
450,14,1153,152,330,834,1,1,1
451,14,1160,154,329,836,1,1,1
1,15,1855,326,40,113,1,1,0.42105
2,15,1853,328,40,113,1,1,0.40351
3,15,1852,330,40,113,1,1,0.39474
4,15,1850,332,40,113,1,1,0.37719
5,15,1849,334,40,113,1,1,0.36842
6,15,1847,336,40,113,1,1,0.35088
7,15,1846,338,40,113,1,1,0.34211
8,15,1844,340,40,113,1,1,0.34211
9,15,1843,342,40,113,1,1,0.35088
10,15,1841,344,40,113,1,1,0.35088
11,15,1840,346,40,113,1,1,0.35965
12,15,1839,348,40,113,1,1,0.36842
13,15,1840,348,40,113,1,1,0.33333
14,15,1842,348,40,113,1,1,0.30702
15,15,1843,349,40,113,1,1,0.27193
16,15,1845,349,40,113,1,1,0.24561
17,15,1847,349,40,113,1,1,0.2807
18,15,1848,350,40,113,1,1,0.30702
19,15,1850,350,40,113,1,1,0.35088
1,16,1794,336,38,106,1,1,0.35514
2,16,1792,336,38,106,1,1,0.35514
3,16,1791,336,38,106,1,1,0.36449
4,16,1790,336,38,106,1,1,0.36449
5,16,1789,336,38,106,1,1,0.37383
6,16,1788,336,38,106,1,1,0.37383
7,16,1787,336,38,106,1,1,0.38318
8,16,1786,336,38,106,1,1,0.40187
9,16,1784,343,38,106,1,1,0.36449
10,16,1782,350,38,106,1,1,0.31776
11,16,1781,357,38,106,1,1,0.28037
12,16,1783,354,38,106,1,1,0.33645
13,16,1786,351,38,106,1,1,0.3271
14,16,1789,348,38,106,1,1,0.3271
15,16,1791,349,38,106,1,1,0.28972
16,16,1794,350,38,106,1,1,0.25234
17,16,1797,352,37,105,1,1,0.27358
18,16,1799,353,38,105,1,1,0.30189
19,16,1802,355,37,104,1,1,0.33333
20,16,1805,356,37,104,1,1,0.3619
21,16,1808,358,37,104,1,1,0.38095
22,16,1828,356,37,104,1,1,0.44762
23,16,1848,354,37,105,1,1,0.5
1,17,1656,337,29,77,1,1,0.40171
2,17,1654,338,28,78,1,1,0.36927
3,17,1652,339,28,79,1,1,0.33621
4,17,1651,340,27,80,1,1,0.30511
5,17,1649,341,27,81,1,1,0.27352
6,17,1648,343,26,82,1,1,0.23159
7,17,1647,343,26,82,1,1,0.25747
8,17,1646,343,26,82,1,1,0.29094
9,17,1646,343,26,82,1,1,0.34851
10,17,1645,343,26,82,1,1,0.36903
11,17,1645,343,26,82,1,1,0.43106
12,17,1644,343,26,82,1,1,0.47925
13,17,1644,343,26,82,1,1,0.45739
14,17,1643,343,26,82,1,1,0.4266
15,17,1643,343,26,82,1,1,0.39581
16,17,1642,343,26,82,1,1,0.36502
17,17,1642,344,26,82,1,1,0.39402
18,17,1648,346,27,84,1,1,0.40504
19,17,1654,349,28,86,1,1,0.4019
20,17,1660,351,29,88,1,1,0.48315
21,17,1666,354,30,90,1,1,0.48352
22,17,1672,357,31,92,1,1,0.49462
23,17,1690,357,31,93,1,1,0.53191
24,17,1708,357,31,94,1,1,0.57895
25,17,1726,357,31,95,1,1,0.61458
26,17,1744,357,31,96,1,1,0.64948
27,17,1762,358,31,96,1,1,0.55316
28,17,1771,362,31,99,1,1,0.67
29,17,1781,367,30,101,1,1,0.65686
30,17,1791,371,29,104,1,1,0.6381
31,17,1801,376,28,107,1,1,0.61111
32,17,1808,382,29,104,1,1,0.61905
33,17,1815,389,30,101,1,1,0.60784
34,17,1822,395,32,99,1,1,0.61
35,17,1829,402,33,96,1,1,0.59794
36,17,1836,409,35,93,1,1,0.58511
37,17,1840,414,34,96,1,1,0.56701
38,17,1845,419,32,99,1,1,0.54
39,17,1849,425,31,101,1,1,0.37132
40,17,1854,430,29,104,1,1,0.36508
41,17,1859,436,28,107,1,1,0.35377
42,17,1855,441,31,107,1,1,0.375
43,17,1851,447,34,107,1,1,0.36614
44,17,1848,453,36,106,1,1,0.37383
45,17,1844,459,39,106,1,1,0.42056
46,17,1841,465,41,106,1,1,0.40187
47,17,1836,469,39,106,1,1,0.41121
48,17,1832,473,36,107,1,1,0.40741
49,17,1827,478,34,106,1,1,0.34766
50,17,1823,482,31,107,1,1,0.34057
51,17,1819,487,28,107,1,1,0.32663
52,17,1817,488,28,107,1,1,0.43519
53,17,1815,489,28,107,1,1,0.46296
54,17,1813,490,28,107,1,1,0.5
55,17,1812,491,28,107,1,1,0.47222
56,17,1810,492,28,107,1,1,0.4537
57,17,1808,493,28,107,1,1,0.43519
58,17,1807,494,28,107,1,1,0.40741
59,17,1808,492,29,107,1,1,0.41667
60,17,1810,491,29,107,1,1,0.41667
61,17,1811,490,30,107,1,1,0.40741
62,17,1813,489,30,106,1,1,0.41121
63,17,1814,488,31,106,1,1,0.41121
64,17,1816,487,32,106,1,1,0.41121
65,17,1821,484,33,106,1,1,0.42056
66,17,1826,481,34,106,1,1,0.43925
67,17,1831,478,35,106,1,1,0.45794
68,17,1837,476,36,106,1,1,0.45794
69,17,1840,471,36,107,1,1,0.49074
70,17,1844,467,36,107,1,1,0.51852
71,17,1848,463,36,107,1,1,0.5463
72,17,1849,462,36,107,1,1,0.53704
73,17,1850,461,36,107,1,1,0.53704
74,17,1851,460,36,107,1,1,0.53704
75,17,1853,460,36,106,1,1,0.52336
76,17,1854,459,36,106,1,1,0.52336
77,17,1855,458,36,106,1,1,0.52336
78,17,1857,458,36,106,1,1,0.51402
79,17,1852,457,36,106,1,1,0.50467
80,17,1847,456,36,106,1,1,0.50467
81,17,1842,455,36,106,1,1,0.50467
82,17,1835,451,36,106,1,1,0.52336
83,17,1828,448,36,106,1,1,0.54206
84,17,1821,444,36,106,1,1,0.57009
85,17,1814,441,36,106,1,1,0.58879
86,17,1807,437,36,106,1,1,0.60748
87,17,1800,434,36,106,1,1,0.62617
88,17,1794,431,36,106,1,1,0.64486
89,17,1789,427,36,104,1,1,0.67619
90,17,1785,424,35,101,1,1,0.71569
91,17,1780,420,36,99,1,1,0.49514
92,17,1776,417,35,96,1,1,0.55326
93,17,1772,414,35,93,1,1,0.62175
94,17,1769,412,35,96,1,1,0.56701
95,17,1767,410,35,99,1,1,0.51833
96,17,1764,409,36,101,1,1,0.47059
97,17,1762,407,36,104,1,1,0.77143
98,17,1760,406,36,106,1,1,0.75701
99,17,1765,404,36,106,1,1,0.76636
100,17,1770,402,36,107,1,1,0.75926
101,17,1775,401,37,107,1,1,0.75926
102,17,1785,399,37,102,1,1,0.80583
103,17,1796,397,36,97,1,1,0.84694
104,17,1807,395,35,92,1,1,0.90323
105,17,1817,394,35,92,1,1,0.90323
106,17,1828,393,35,92,1,1,0.90323
107,17,1839,392,35,92,1,1,0.89247
108,17,1850,391,35,92,1,1,0.89247
109,17,1861,390,35,92,1,1,0.89247
110,17,1867,389,35,94,1,1,0.86316
111,17,1873,388,35,96,1,1,0.84536
112,17,1879,388,35,98,1,1,0.81818
113,17,1885,387,36,100,1,1,0.78031
114,17,1891,387,36,102,1,1,0.62188
115,17,1897,386,36,104,1,1,0.48803
1,18,1635,340,25,78,1,1,0.43038
2,18,1633,341,26,79,1,1,0.4125
3,18,1632,342,27,80,1,1,0.40741
4,18,1630,343,29,81,1,1,0.39024
5,18,1629,344,30,82,1,1,0.38554
6,18,1628,345,31,83,1,1,0.36905
7,18,1625,346,32,85,1,1,0.36047
8,18,1622,347,33,87,1,1,0.36364
9,18,1620,348,33,89,1,1,0.37778
10,18,1617,349,35,91,1,1,0.38043
11,18,1615,350,35,93,1,1,0.39362
12,18,1612,351,36,95,1,1,0.40625
13,18,1610,352,37,98,1,1,0.34343
14,18,1611,352,35,94,1,1,0.32632
15,18,1612,352,34,90,1,1,0.30769
16,18,1613,352,32,86,1,1,0.28736
17,18,1615,352,30,82,1,1,0.3494
18,18,1621,353,30,82,1,1,0.38554
19,18,1627,355,31,81,1,1,0.42683
20,18,1633,356,31,82,1,1,0.3863
21,18,1639,358,32,81,1,1,0.39911
22,18,1646,360,32,81,1,1,0.41316
23,18,1664,360,32,83,1,1,0.44084
24,18,1682,361,32,85,1,1,0.46723
25,18,1700,362,32,87,1,1,0.48347
26,18,1718,363,32,89,1,1,0.49899
27,18,1736,364,32,91,1,1,0.66304
28,18,1744,368,33,92,1,1,0.52087
29,18,1753,372,33,94,1,1,0.53746
30,18,1762,376,33,96,1,1,0.54518
31,18,1771,381,34,97,1,1,0.53353
32,18,1778,387,35,95,1,1,0.52083
33,18,1786,393,36,93,1,1,0.48361
34,18,1793,400,38,91,1,1,0.45262
35,18,1801,406,39,89,1,1,0.42
36,18,1809,413,40,87,1,1,0.38165
37,18,1812,420,40,88,1,1,0.37599
38,18,1815,427,41,90,1,1,0.36107
39,18,1818,434,41,92,1,1,0.34921
40,18,1821,441,42,94,1,1,0.43158
41,18,1824,448,43,96,1,1,0.39175
42,18,1820,453,42,96,1,1,0.39175
43,18,1816,458,42,96,1,1,0.31048
44,18,1812,463,42,96,1,1,0.31935
45,18,1808,468,42,96,1,1,0.31072
46,18,1804,473,42,96,1,1,0.31048
47,18,1800,478,41,96,1,1,0.30928
48,18,1796,483,41,96,1,1,0.30044
49,18,1792,488,41,96,1,1,0.2921
50,18,1788,493,41,96,1,1,0.28351
51,18,1784,498,41,96,1,1,0.27491
52,18,1783,497,41,96,1,1,0.31713
53,18,1782,497,41,96,1,1,0.34021
54,18,1781,497,41,96,1,1,0.36917
55,18,1780,497,41,96,1,1,0.35346
56,18,1779,497,41,96,1,1,0.33481
57,18,1778,497,41,96,1,1,0.31664
58,18,1777,497,41,96,1,1,0.30191
59,18,1776,497,41,96,1,1,0.31419
60,18,1775,497,41,96,1,1,0.33505
61,18,1775,497,40,96,1,1,0.33493
62,18,1779,494,40,96,1,1,0.33342
63,18,1784,492,40,95,1,1,0.30488
64,18,1789,489,39,96,1,1,0.29227
65,18,1793,487,40,95,1,1,0.29878
66,18,1798,484,40,96,1,1,0.30978
67,18,1803,482,39,95,1,1,0.32812
68,18,1807,479,40,95,1,1,0.35061
69,18,1812,477,39,95,1,1,0.34271
70,18,1817,474,39,95,1,1,0.34453
71,18,1822,472,39,95,1,1,0.33854
72,18,1821,471,39,95,1,1,0.35729
73,18,1821,470,39,95,1,1,0.37005
74,18,1821,469,38,95,1,1,0.39263
75,18,1821,468,38,95,1,1,0.41026
76,18,1821,467,38,95,1,1,0.42308
77,18,1820,466,38,95,1,1,0.44872
78,18,1820,465,38,95,1,1,0.47436
79,18,1820,464,37,95,1,1,0.41228
80,18,1820,463,37,95,1,1,0.34786
81,18,1820,462,37,95,1,1,0.28344
82,18,1813,458,37,95,1,1,0.2955
83,18,1807,454,37,95,1,1,0.29934
84,18,1801,451,37,95,1,1,0.29605
85,18,1795,447,36,95,1,1,0.3049
86,18,1789,444,36,95,1,1,0.29392
87,18,1783,440,36,95,1,1,0.29195
88,18,1777,436,35,95,1,1,0.31481
89,18,1771,433,35,95,1,1,0.33854
90,18,1765,429,35,95,1,1,0.39352
91,18,1759,426,34,95,1,1,0.72917
92,18,1753,422,34,95,1,1,0.76042
93,18,1747,419,34,95,1,1,0.77083
94,18,1746,417,34,95,1,1,0.78125
95,18,1746,416,34,95,1,1,0.78125
96,18,1745,415,34,95,1,1,0.41845
97,18,1745,414,34,95,1,1,0.3744
98,18,1744,413,34,95,1,1,0.35238
99,18,1744,412,34,95,1,1,0.4625
100,18,1743,411,34,95,1,1,0.58661
26,19,844,364,30,113,1,1,0.35795
27,19,852,369,31,112,1,1,0.5625
28,19,860,374,32,112,1,1,0.42424
29,19,868,379,33,112,1,1,0.29412
30,19,876,384,34,112,1,1,0.17143
31,19,884,389,35,112,1,1,0.055556
32,19,887,394,36,111,1,1,0.081081
33,19,890,399,37,111,1,1,0.078947
34,19,893,404,38,111,1,1,0
35,19,896,410,39,110,1,1,0.075
36,19,899,415,40,110,1,1,0.097561
37,19,902,420,41,110,1,1,0.14286
38,19,906,426,42,109,1,1,0.16279
39,19,905,430,42,111,1,1,0.25581
40,19,905,435,41,112,1,1,0.38095
41,19,904,440,41,113,1,1,0.30952
42,19,904,445,41,115,1,1,0.2381
43,19,901,450,41,114,1,1,0.2619
44,19,898,456,41,113,1,1,0.28571
45,19,895,462,41,112,1,1,0.28571
46,19,892,468,41,111,1,1,0.38095
47,19,890,474,41,110,1,1,0.45238
48,19,883,479,40,111,1,1,0.56098
49,19,876,485,40,111,1,1,0.63415
50,19,869,491,40,112,1,1,0.68293
51,19,865,494,41,114,1,1,0.61905
52,19,862,498,41,115,1,1,0.57143
53,19,858,501,42,117,1,1,0.51163
54,19,855,505,42,118,1,1,0.44186
55,19,854,507,42,119,1,1,0.27907
56,19,853,509,42,121,1,1,0.13953
57,19,852,511,42,122,1,1,0
192,20,733,399,81,222,1,1,0
193,20,728,399,82,225,1,1,0
194,20,723,400,83,228,1,1,0
195,20,719,400,83,232,1,1,0
196,20,714,401,84,235,1,1,0
197,20,709,401,85,239,1,1,0.069767
198,20,705,402,85,242,1,1,0.11628
199,20,700,402,86,246,1,1,0.16092
200,20,696,403,86,249,1,1,0.1954
201,20,689,404,86,250,1,1,0.1954
202,20,682,405,86,251,1,1,0.2069
203,20,675,407,87,251,1,1,0.21591
204,20,668,408,87,252,1,1,0.22727
205,20,661,410,88,253,1,1,0.23596
206,20,657,408,89,254,1,1,0.24444
207,20,654,406,89,255,1,1,0.24444
208,20,651,405,89,256,1,1,0.24444
209,20,647,405,89,257,1,1,0.22222
210,20,643,405,89,258,1,1,0.18889
211,20,639,406,90,258,1,1,0.16484
212,20,637,406,90,259,1,1,0.15385
213,20,635,407,91,259,1,1,0.18478
214,20,633,407,91,261,1,1,0.19565
215,20,631,408,92,261,1,1,0.21505
216,20,629,408,92,262,1,1,0.22581
217,20,628,409,92,263,1,1,0.22581
218,20,630,409,92,263,1,1,0.24731
219,20,632,409,93,264,1,1,0.2766
220,20,635,409,93,265,1,1,0.30851
221,20,637,409,94,266,1,1,0.33684
222,20,640,409,93,267,1,1,0.3617
223,20,642,409,94,268,1,1,0.4
224,20,645,409,94,269,1,1,0.43158
225,20,647,409,95,270,1,1,0.46875
226,20,650,410,95,270,1,1,0.5
227,20,648,406,98,276,1,1,0.48485
228,20,646,402,102,282,1,1,0.45631
229,20,644,398,106,288,1,1,0.42056
230,20,637,397,109,294,1,1,0.38182
231,20,630,396,113,300,1,1,0.35131
232,20,623,395,117,306,1,1,0.39963
233,20,618,396,115,307,1,1,0.45799
234,20,614,398,112,308,1,1,0.52212
235,20,610,400,110,309,1,1,0.58559
236,20,605,402,108,310,1,1,0.7156
237,20,601,404,106,311,1,1,0.78505
238,20,597,406,103,312,1,1,0.85577
239,20,593,408,101,313,1,1,0.93137
240,20,582,406,103,319,1,1,0.93269
241,20,571,404,106,325,1,1,0.92523
242,20,560,402,108,331,1,1,0.91743
243,20,550,401,110,336,1,1,0.91892
244,20,539,399,112,342,1,1,0.9115
245,20,528,397,115,348,1,1,0.90517
246,20,518,396,117,354,1,1,0.89831
247,20,511,398,119,360,1,1,0.91667
248,20,504,400,122,366,1,1,1
249,20,498,402,124,373,1,1,1
250,20,491,405,126,378,1,1,1
251,20,485,407,128,385,1,1,1
252,20,478,409,131,391,1,1,1
253,20,472,412,133,397,1,1,1
254,20,469,412,135,401,1,1,1
255,20,467,412,136,405,1,1,1
256,20,465,413,137,408,1,1,1
257,20,463,413,138,412,1,1,1
258,20,461,414,140,416,1,1,1
259,20,454,410,142,422,1,1,1
260,20,447,407,144,428,1,1,1
261,20,440,403,146,435,1,1,1
262,20,433,400,149,441,1,1,1
263,20,426,397,151,447,1,1,1
264,20,420,393,152,454,1,1,1
265,20,413,390,154,460,1,1,1
266,20,406,387,157,466,1,1,1
267,20,399,383,159,473,1,1,1
268,20,392,380,161,479,1,1,1
269,20,386,377,163,485,1,1,1
270,20,374,369,165,491,1,1,1
271,20,362,361,167,498,1,1,1
272,20,351,354,169,504,1,1,1
273,20,337,345,172,511,1,1,1
274,20,324,336,175,519,1,1,1
275,20,310,327,178,526,1,1,1
276,20,297,318,181,534,1,1,1
277,20,285,307,184,546,1,1,1
278,20,273,297,188,557,1,1,1
279,20,261,286,192,569,1,1,1
280,20,249,276,196,580,1,1,1
281,20,239,263,199,591,1,1,1
282,20,229,250,203,603,1,1,1
283,20,219,237,207,615,1,1,1
284,20,209,224,211,627,1,1,1
285,20,199,211,214,638,1,1,1
286,20,189,198,218,650,1,1,1
287,20,179,185,222,662,1,1,1
288,20,169,172,226,674,1,1,1
289,20,152,164,237,689,1,1,1
290,20,136,157,248,703,1,1,1
291,20,120,150,258,717,1,1,1
292,20,104,143,269,731,1,1,1
293,20,88,136,279,745,1,1,1
294,20,72,129,290,759,1,1,1
295,20,53,126,300,778,1,1,1
296,20,34,124,311,796,1,1,1
297,20,15,122,322,815,1,1,1
298,20,7,113,321,838,1,1,1
299,20,0,104,320,861,1,1,0.99688
300,20,-8,95,320,884,1,1,0.97196
301,20,-15,87,319,906,1,1,0.95
302,20,-39,75,325,931,1,1,0.8773
303,20,-62,64,330,956,1,1,0.80967
304,20,-86,53,336,981,1,1,0.74184
305,20,-109,42,341,1006,1,1,0.67836
306,20,-141,37,350,1038,1,1,0.59544
307,20,-172,32,358,1071,1,1,0.50699
308,20,-203,27,366,1104,1,1,0.42364
1,21,1858,564,63,143,0,9,0.875
2,21,1858,568,63,143,0,9,0.79688
3,21,1858,572,63,143,0,9,0.71875
4,21,1858,576,63,143,0,9,0.625
5,21,1858,581,63,143,0,9,0.54688
6,21,1859,585,63,143,0,9,0.45312
7,21,1859,589,63,143,0,9,0.375
8,21,1859,594,63,143,0,9,0.28125
9,21,1859,598,63,143,0,9,0.23438
10,21,1859,602,63,143,0,9,0.17188
11,21,1860,607,63,143,0,9,0.10938
12,21,1859,608,63,143,0,9,0.0625
13,21,1859,610,63,143,0,9,0
14,21,1858,612,63,143,0,9,0
15,21,1858,614,63,143,0,9,0
16,21,1858,617,63,143,0,9,0.98438
17,21,1859,621,63,143,0,9,0.96875
18,21,1860,625,63,143,0,9,0.95312
19,21,1860,628,63,143,0,9,0.87337
20,21,1861,632,63,143,0,9,0.82574
21,21,1862,636,63,143,0,9,0.79167
22,21,1868,644,63,143,0,9,0.72852
23,21,1874,653,63,143,0,9,0.65538
24,21,1880,662,63,143,0,9,0.59418
25,21,1886,671,63,143,0,9,0.54688
1,22,1772,602,88,107,0,9,0
2,22,1772,604,88,107,0,9,0
3,22,1773,607,88,107,0,9,0
4,22,1774,610,88,107,0,9,0
5,22,1773,614,88,107,0,9,0
6,22,1773,619,88,107,0,9,0
7,22,1773,624,88,107,0,9,0
8,22,1773,628,88,107,0,9,0
9,22,1773,633,88,107,0,9,0
10,22,1773,638,88,107,0,9,0
11,22,1773,643,88,107,0,9,0
12,22,1772,644,88,107,0,9,0
13,22,1772,646,88,107,0,9,0
14,22,1772,648,88,107,0,9,0
15,22,1772,650,88,107,0,9,0
16,22,1772,652,88,107,0,9,0
17,22,1772,654,88,107,0,9,0
18,22,1775,660,88,107,0,9,0.86517
19,22,1778,667,88,107,0,9,0.8764
20,22,1782,673,88,107,0,9,0.85393
21,22,1785,680,88,107,0,9,1
22,22,1788,686,88,107,0,9,1
23,22,1792,693,88,107,0,9,1
24,22,1795,699,88,107,0,9,1
25,22,1798,706,88,107,0,9,0.97794
26,22,1802,713,88,107,0,9,0.98939
27,22,1820,722,88,107,0,9,0.99469
28,22,1838,731,88,107,0,9,0.93258
1,23,1670,652,99,51,0,9,0.01
2,23,1670,656,99,51,0,9,0.01
3,23,1671,660,99,51,0,9,0
4,23,1671,664,99,51,0,9,0.01
5,23,1672,668,99,51,0,9,0
6,23,1673,672,99,51,0,9,0
7,23,1673,676,99,51,0,9,0.01
8,23,1674,680,99,51,0,9,0.01
9,23,1674,684,99,51,0,9,0.04
10,23,1675,688,99,51,0,9,0.07
11,23,1676,692,99,51,0,9,0.09
12,23,1676,694,99,51,0,9,0.13
13,23,1677,697,99,51,0,9,0.15
14,23,1678,700,99,51,0,9,0.18
15,23,1679,703,99,51,0,9,0.2
16,23,1680,706,99,51,0,9,0.22
17,23,1680,709,99,51,0,9,0.25
18,23,1680,712,99,51,0,9,0.28
19,23,1680,716,99,51,0,9,0.31
20,23,1683,723,99,51,0,9,0.32
21,23,1686,731,99,51,0,9,0.51
22,23,1690,739,99,51,0,9,0.98
23,23,1693,746,99,51,0,9,0.99
24,23,1697,754,99,51,0,9,0.98
25,23,1700,762,99,51,0,9,0.98
26,23,1704,770,99,51,0,9,1
27,23,1721,779,99,51,0,9,0.97
28,23,1738,788,99,51,0,9,0.99
29,23,1756,798,99,51,0,9,1
30,23,1775,808,99,51,0,9,1
31,23,1794,818,99,51,0,9,1
32,23,1813,828,99,51,0,9,1
81,24,524,418,81,299,1,1,0.21951
82,24,514,415,82,301,1,1,0.31325
83,24,504,413,83,302,1,1,0.40476
84,24,494,410,85,305,1,1,0.5
85,24,484,408,86,306,1,1,0.57471
86,24,474,405,87,308,1,1,0.64773
87,24,465,403,88,310,1,1,0.73034
88,24,457,398,89,312,1,1,0.82222
89,24,449,394,90,314,1,1,0.91209
90,24,441,390,91,316,1,1,0.98913
91,24,433,386,93,317,1,1,1
92,24,425,382,94,319,1,1,1
93,24,417,378,95,321,1,1,1
94,24,410,374,96,323,1,1,1
95,24,405,374,97,324,1,1,1
96,24,400,374,98,326,1,1,1
97,24,395,374,99,328,1,1,1
98,24,390,374,100,330,1,1,1
99,24,390,372,99,332,1,1,1
100,24,390,370,99,334,1,1,1
101,24,390,369,99,335,1,1,1
102,24,390,367,99,337,1,1,1
103,24,390,366,99,338,1,1,1
104,24,398,364,98,342,1,1,1
105,24,406,363,98,345,1,1,1
106,24,414,362,98,348,1,1,1
107,24,422,361,98,351,1,1,1
108,24,430,360,98,354,1,1,1
109,24,428,357,99,356,1,1,1
110,24,427,354,100,359,1,1,1
111,24,426,351,101,362,1,1,1
112,24,424,348,103,365,1,1,1
113,24,423,345,104,368,1,1,1
114,24,422,342,105,371,1,1,1
115,24,420,339,107,374,1,1,1
116,24,419,336,108,377,1,1,1
117,24,418,334,109,379,1,1,1
118,24,410,333,111,383,1,1,1
119,24,402,333,114,387,1,1,1
120,24,394,333,116,391,1,1,1
121,24,386,332,119,396,1,1,1
122,24,378,332,121,400,1,1,1
123,24,370,332,124,404,1,1,1
124,24,362,331,127,408,1,1,1
125,24,354,331,129,412,1,1,1
126,24,346,331,132,416,1,1,1
127,24,338,330,134,421,1,1,1
128,24,330,330,137,425,1,1,1
129,24,322,330,140,429,1,1,1
130,24,318,328,139,435,1,1,1
131,24,314,326,139,441,1,1,1
132,24,310,325,139,446,1,1,1
133,24,306,323,139,452,1,1,1
134,24,302,322,139,457,1,1,1
135,24,298,322,142,461,1,1,1
136,24,294,322,145,466,1,1,1
137,24,290,323,148,470,1,1,1
138,24,286,323,151,475,1,1,1
139,24,282,323,154,480,1,1,1
140,24,278,324,158,484,1,1,1
141,24,275,325,160,489,1,1,1
142,24,272,326,162,495,1,1,1
143,24,269,327,164,500,1,1,1
144,24,266,328,166,506,1,1,1
145,24,263,329,168,511,1,1,1
146,24,260,330,170,517,1,1,1
147,24,254,327,172,526,1,1,1
148,24,248,324,175,536,1,1,1
149,24,243,321,177,545,1,1,1
150,24,237,318,180,555,1,1,1
151,24,232,315,182,564,1,1,1
152,24,226,312,185,574,1,1,1
153,24,221,309,187,584,1,1,1
154,24,208,306,191,594,1,1,1
155,24,195,303,195,605,1,1,1
156,24,183,300,199,616,1,1,1
157,24,170,298,203,626,1,1,1
158,24,157,295,207,636,1,1,1
159,24,145,292,211,647,1,1,1
160,24,132,289,215,658,1,1,1
161,24,120,287,219,668,1,1,1
162,24,102,284,225,682,1,1,1
163,24,85,281,230,697,1,1,1
164,24,67,278,236,711,1,1,1
165,24,50,275,241,726,1,1,1
166,24,33,273,246,740,1,1,1
167,24,23,268,244,750,1,1,1
168,24,13,263,243,760,1,1,1
169,24,4,258,241,770,1,1,1
170,24,-10,253,243,782,1,1,0.95492
171,24,-24,248,246,794,1,1,0.89879
172,24,-38,243,249,806,1,1,0.844
173,24,-52,238,252,818,1,1,0.79051
174,24,-66,233,255,830,1,1,0.73828
175,24,-80,228,258,843,1,1,0.68726
176,24,-107,225,277,861,1,1,0.60725
177,24,-134,223,296,879,1,1,0.53182
178,24,-161,220,315,898,1,1,0.46674
179,24,-188,218,334,916,1,1,0.41016
180,24,-214,216,352,934,1,1,0.36167
181,24,-224,214,352,949,1,1,0.33093
182,24,-233,213,351,963,1,1,0.30184
183,24,-243,211,351,978,1,1,0.27266
1,25,872,252,87,305,1,1,0
2,25,870,253,88,305,1,1,0
3,25,869,254,88,305,1,1,0.044944
4,25,868,255,88,305,1,1,0.10112
5,25,867,256,88,305,1,1,0.14607
6,25,866,257,88,306,1,1,0.20225
7,25,865,258,88,306,1,1,0.25843
8,25,864,259,88,306,1,1,0.31461
9,25,863,260,88,306,1,1,0.24719
10,25,862,261,88,306,1,1,0.19101
11,25,861,262,88,307,1,1,0.13483
12,25,862,262,88,307,1,1,0.05618
13,25,863,263,89,307,1,1,0
14,25,865,263,88,308,1,1,0
15,25,866,264,89,307,1,1,0
16,25,867,264,89,308,1,1,0
17,25,869,265,89,308,1,1,0
18,25,878,267,89,308,1,1,0
19,25,887,269,89,308,1,1,0
20,25,896,271,89,309,1,1,0
21,25,905,274,89,308,1,1,0
22,25,914,276,89,308,1,1,0
23,25,923,278,89,309,1,1,0
24,25,932,280,89,309,1,1,0
25,25,941,283,90,309,1,1,0
26,25,946,287,90,310,1,1,0
27,25,951,292,91,310,1,1,0
28,25,957,297,90,310,1,1,0
29,25,962,302,91,310,1,1,0
30,25,968,307,90,310,1,1,0
31,25,973,312,91,310,1,1,0
32,25,979,316,90,311,1,1,0
33,25,984,321,91,311,1,1,0
34,25,990,326,90,311,1,1,0
35,25,995,331,91,311,1,1,0
36,25,1001,336,90,311,1,1,0
37,25,1006,341,91,311,1,1,0
38,25,1012,345,90,312,1,1,0
39,25,1017,350,91,312,1,1,0
40,25,1023,355,90,312,1,1,0
41,25,1028,360,91,312,1,1,0
42,25,1034,365,90,312,1,1,0
43,25,1039,370,91,312,1,1,0
44,25,1045,375,91,313,1,1,0
45,25,1039,380,91,314,1,1,0
46,25,1034,386,91,314,1,1,0
47,25,1029,392,91,314,1,1,0
48,25,1024,398,91,314,1,1,0
49,25,1019,403,91,315,1,1,0
50,25,1015,409,91,315,1,1,0
51,25,1011,415,91,315,1,1,0
52,25,1006,421,92,315,1,1,0
53,25,1002,427,92,315,1,1,0
54,25,998,433,92,315,1,1,0
55,25,994,439,92,315,1,1,0
56,25,994,438,93,315,1,1,0
57,25,995,437,93,316,1,1,0.031915
58,25,996,436,93,316,1,1,0.085106
59,25,997,436,93,316,1,1,0.1383
60,25,998,435,93,316,1,1,0.18085
61,25,999,434,93,317,1,1,0.15957
62,25,1000,434,93,316,1,1,0.1383
63,25,1001,433,93,317,1,1,0.17021
64,25,1002,432,93,317,1,1,0.21277
65,25,1003,432,93,317,1,1,0.25532
66,25,1006,428,93,318,1,1,0.29787
67,25,1010,425,93,318,1,1,0.31915
68,25,1014,422,93,318,1,1,0.35106
69,25,1018,419,93,318,1,1,0.37234
70,25,1017,416,93,318,1,1,0.40426
71,25,1017,414,93,318,1,1,0.43617
72,25,1017,411,93,319,1,1,0.47872
73,25,1016,409,93,319,1,1,0.45745
74,25,1016,406,93,320,1,1,0.45745
75,25,1016,404,93,320,1,1,0.45745
76,25,1011,400,93,321,1,1,0.44681
77,25,1007,397,93,321,1,1,0.45745
78,25,1003,394,93,321,1,1,0.44681
79,25,999,391,93,322,1,1,0.43617
80,25,995,388,93,322,1,1,0.42553
81,25,990,385,94,322,1,1,0.47368
82,25,986,382,94,323,1,1,0.51579
83,25,982,379,94,323,1,1,0.55789
84,25,978,376,94,323,1,1,0.6
85,25,974,373,94,324,1,1,0.64211
86,25,965,368,94,324,1,1,0.64211
87,25,956,364,94,324,1,1,0.63158
88,25,947,360,95,324,1,1,0.625
89,25,938,355,95,324,1,1,0.61458
90,25,929,351,95,324,1,1,0.60417
91,25,920,347,96,324,1,1,0.56701
92,25,917,345,96,325,1,1,0.58763
93,25,915,343,96,326,1,1,0.61856
94,25,913,341,95,327,1,1,0.64583
95,25,911,340,95,327,1,1,0.67708
96,25,909,340,94,327,1,1,0.70526
97,25,907,341,94,327,1,1,0.73684
98,25,905,341,94,328,1,1,0.76842
99,25,903,342,94,328,1,1,0.8
100,25,908,341,94,328,1,1,0.89474
101,25,914,340,94,328,1,1,0.89474
102,25,920,339,94,329,1,1,0.89474
103,25,925,338,95,329,1,1,0.88542
104,25,931,337,95,329,1,1,0.88542
105,25,937,336,95,330,1,1,0.875
106,25,941,334,95,331,1,1,0.85417
107,25,945,333,95,331,1,1,0.83333
108,25,949,331,95,332,1,1,0.8125
109,25,953,330,95,332,1,1,0.79167
110,25,957,329,96,332,1,1,0.76289
111,25,961,327,96,333,1,1,0.81443
112,25,965,326,96,333,1,1,0.86598
113,25,969,324,96,334,1,1,0.90722
114,25,973,323,96,334,1,1,0.95876
115,25,978,322,96,334,1,1,1
116,25,976,321,96,335,1,1,1
117,25,975,321,96,335,1,1,1
118,25,973,321,96,335,1,1,0.97938
119,25,972,321,96,335,1,1,0.97938
120,25,970,321,96,335,1,1,0.95876
121,25,969,320,96,336,1,1,1
122,25,967,320,96,336,1,1,1
123,25,966,320,96,336,1,1,1
124,25,964,320,96,336,1,1,1
125,25,963,320,96,337,1,1,1
126,25,958,320,97,337,1,1,1
127,25,954,320,98,338,1,1,1
128,25,950,320,99,338,1,1,1
129,25,946,320,99,339,1,1,1
130,25,942,321,100,338,1,1,1
131,25,937,321,102,339,1,1,1
132,25,933,321,102,339,1,1,1
133,25,929,321,103,340,1,1,0.96154
134,25,925,321,104,340,1,1,0.91429
135,25,921,322,105,340,1,1,0.87736
136,25,923,322,102,341,1,1,0.8835
137,25,925,322,100,342,1,1,0.89109
138,25,928,323,97,342,1,1,0.91837
139,25,930,323,97,343,1,1,0.92857
140,25,932,324,98,343,1,1,0.93939
141,25,934,325,99,343,1,1,0.92
142,25,937,326,98,343,1,1,0.89899
143,25,939,327,99,343,1,1,0.87
144,25,941,328,100,343,1,1,0.85149
145,25,944,329,100,344,1,1,0.83168
146,25,946,329,100,345,1,1,0.80198
147,25,949,330,100,345,1,1,0.79208
148,25,951,331,100,345,1,1,0.76238
149,25,954,331,100,346,1,1,0.74257
150,25,956,332,101,346,1,1,0.71569
151,25,959,333,100,346,1,1,0.75248
152,25,961,333,101,347,1,1,0.78431
153,25,964,334,100,347,1,1,0.82178
154,25,966,335,101,347,1,1,0.85294
155,25,969,336,101,348,1,1,0.89216
156,25,964,335,101,349,1,1,0.85294
157,25,959,335,101,349,1,1,0.81373
158,25,954,335,102,349,1,1,0.7767
159,25,949,335,102,349,1,1,0.73786
160,25,945,335,102,350,1,1,0.69903
161,25,940,334,102,351,1,1,0.6699
162,25,935,334,102,351,1,1,0.64078
163,25,930,334,103,351,1,1,0.60577
164,25,925,334,103,351,1,1,0.57692
165,25,921,334,103,352,1,1,0.54808
166,25,918,333,103,353,1,1,0.53846
167,25,916,333,103,353,1,1,0.53846
168,25,914,333,103,353,1,1,0.52885
169,25,912,333,103,353,1,1,0.52885
170,25,910,333,103,354,1,1,0.51923
171,25,907,332,104,355,1,1,0.48571
172,25,905,332,104,355,1,1,0.45714
173,25,903,332,104,355,1,1,0.42857
174,25,901,332,104,355,1,1,0.39048
175,25,899,332,104,356,1,1,0.3619
176,25,900,330,104,357,1,1,0.3619
177,25,902,329,104,357,1,1,0.3619
178,25,903,328,105,357,1,1,0.36792
179,25,905,327,105,358,1,1,0.37736
180,25,907,326,105,358,1,1,0.37736
181,25,908,325,105,358,1,1,0.36792
182,25,910,324,105,359,1,1,0.35849
183,25,911,323,106,359,1,1,0.34579
184,25,913,322,106,359,1,1,0.33645
185,25,915,321,106,360,1,1,0.3271
186,25,915,321,106,360,1,1,0.29907
187,25,916,321,106,361,1,1,0.28037
188,25,916,322,107,361,1,1,0.25926
189,25,917,322,106,362,1,1,0.23364
190,25,917,323,107,362,1,1,0.21296
191,25,918,323,107,363,1,1,0.23148
192,25,919,324,107,363,1,1,0.24074
193,25,915,326,107,364,1,1,0.21296
194,25,912,329,107,364,1,1,0.18519
195,25,909,332,107,364,1,1,0.15741
196,25,906,333,107,364,1,1,0.13889
197,25,903,334,107,365,1,1,0.11111
198,25,900,336,107,365,1,1,0.083333
199,25,897,337,107,366,1,1,0.074074
200,25,894,339,107,366,1,1,0.064815
201,25,891,340,107,367,1,1,0.055556
202,25,888,341,107,368,1,1,0.037037
203,25,885,343,107,368,1,1,0.027778
204,25,882,344,107,369,1,1,0.018519
205,25,880,346,107,369,1,1,0.018519
206,25,879,346,107,370,1,1,0.018519
207,25,879,347,107,370,1,1,0.037037
208,25,879,347,107,371,1,1,0.055556
209,25,879,348,107,371,1,1,0.074074
210,25,879,348,107,372,1,1,0.083333
211,25,879,349,106,372,1,1,0.065421
212,25,879,349,106,373,1,1,0.046729
213,25,879,350,106,373,1,1,0.037383
214,25,879,350,106,374,1,1,0.018692
215,25,879,351,106,374,1,1,0.0093458
216,25,884,351,106,374,1,1,0.037383
217,25,889,351,106,375,1,1,0.074766
218,25,894,351,106,376,1,1,0.1028
219,25,899,352,106,375,1,1,0.14019
220,25,905,352,106,376,1,1,0.17757
221,25,910,352,106,377,1,1,0.17757
222,25,915,353,106,376,1,1,0.17757
223,25,920,353,106,377,1,1,0.17757
224,25,925,353,106,378,1,1,0.17757
225,25,931,354,106,378,1,1,0.18692
226,25,931,354,106,379,1,1,0.14019
227,25,932,355,105,379,1,1,0.09434
228,25,932,355,106,380,1,1,0.056075
229,25,933,356,105,380,1,1,0.009434
230,25,933,356,106,381,1,1,0
231,25,934,357,105,381,1,1,0
232,25,934,357,105,382,1,1,0.009434
233,25,935,358,105,382,1,1,0.037736
234,25,935,358,105,383,1,1,0.056604
235,25,936,359,105,383,1,1,0.075472
236,25,933,359,105,383,1,1,0.066038
237,25,930,359,105,384,1,1,0.056604
238,25,927,360,105,384,1,1,0.04717
239,25,925,360,105,385,1,1,0.04717
240,25,922,361,105,385,1,1,0.028302
241,25,919,361,105,385,1,1,0.056604
242,25,917,361,105,386,1,1,0.09434
243,25,914,362,105,386,1,1,0.12264
244,25,911,362,105,387,1,1,0.15094
245,25,909,363,105,387,1,1,0.18868
246,25,909,364,105,388,1,1,0.23585
247,25,910,366,105,388,1,1,0.29245
248,25,911,367,104,389,1,1,0.34286
249,25,911,369,105,389,1,1,0.39623
250,25,912,371,105,389,1,1,0.45283
251,25,913,372,104,390,1,1,0.42857
252,25,913,374,105,390,1,1,0.40566
253,25,914,375,104,391,1,1,0.37143
254,25,915,377,104,391,1,1,0.35238
255,25,916,379,104,392,1,1,0.33333
256,25,917,378,104,393,1,1,0.30476
257,25,918,378,105,393,1,1,0.29245
258,25,920,378,104,394,1,1,0.26667
259,25,921,378,105,394,1,1,0.28302
260,25,923,378,104,395,1,1,0.29524
261,25,924,378,105,395,1,1,0.31132
262,25,925,378,105,395,1,1,0.034829
263,25,927,378,105,396,1,1,0.033363
264,25,928,378,105,396,1,1,0.030773
265,25,930,378,105,397,1,1,0.36792
266,25,927,374,105,398,1,1,0.044593
267,25,924,371,105,398,1,1,0.042323
268,25,921,368,105,399,1,1,0.048679
269,25,919,364,105,400,1,1,0.047711
270,25,916,361,105,401,1,1,0.053999
271,25,913,358,105,401,1,1,0.042242
272,25,911,354,105,402,1,1,0.10663
273,25,908,351,105,403,1,1,0.1161
274,25,905,348,105,403,1,1,0.14403
275,25,903,345,105,404,1,1,0.15451
276,25,900,335,105,406,1,1,0.18525
277,25,897,326,105,407,1,1,0.20325
278,25,894,317,105,409,1,1,0.23932
279,25,891,307,105,411,1,1,0.26681
280,25,888,298,106,413,1,1,0.28292
281,25,885,289,106,414,1,1,0.26279
282,25,882,279,106,416,1,1,0.24339
283,25,879,270,106,418,1,1,0.25858
284,25,876,261,106,419,1,1,0.27352
285,25,874,252,106,421,1,1,0.26168
286,25,881,248,106,422,1,1,0.27249
287,25,888,245,106,422,1,1,0.30967
288,25,895,242,106,422,1,1,0.35585
289,25,902,239,107,422,1,1,0.38974
290,25,909,236,107,423,1,1,0.42636
291,25,916,233,107,423,1,1,0.43549
292,25,923,230,108,423,1,1,0.44058
293,25,930,227,108,423,1,1,0.44045
294,25,937,224,108,423,1,1,0.44954
295,25,945,221,108,424,1,1,0.45872
296,25,950,220,108,424,1,1,0.45872
297,25,955,219,108,425,1,1,0.44037
298,25,960,219,108,425,1,1,0.40367
299,25,965,218,109,425,1,1,0.36364
300,25,970,218,109,425,1,1,0.32727
301,25,975,217,109,426,1,1,0.38182
302,25,980,216,110,426,1,1,0.43243
303,25,985,216,110,426,1,1,0.47748
304,25,990,215,110,427,1,1,0.52252
305,25,996,215,110,427,1,1,0.56757
306,25,995,215,110,427,1,1,0.63063
307,25,994,215,110,427,1,1,0.65766
308,25,993,215,110,428,1,1,0.68468
309,25,992,215,110,428,1,1,0.71171
310,25,991,215,111,429,1,1,0.73214
311,25,990,215,111,429,1,1,0.75
312,25,989,215,111,429,1,1,0.77679
313,25,988,215,111,430,1,1,0.78571
314,25,987,215,111,430,1,1,0.77679
315,25,986,215,112,431,1,1,0.77876
316,25,984,213,113,430,1,1,0.77193
317,25,983,211,113,430,1,1,0.77193
318,25,981,209,115,430,1,1,0.75862
319,25,980,207,115,429,1,1,0.75862
320,25,979,205,116,429,1,1,0.76068
321,25,977,203,117,429,1,1,0.74576
322,25,976,201,117,428,1,1,0.73729
323,25,974,199,119,428,1,1,0.725
324,25,973,197,119,428,1,1,0.70833
325,25,972,196,120,427,1,1,0.70248
326,25,973,198,121,427,1,1,0.70492
327,25,974,200,122,428,1,1,0.71545
328,25,975,203,123,428,1,1,0.71774
329,25,976,205,124,429,1,1,0.728
330,25,978,208,124,429,1,1,0.736
331,25,979,210,125,429,1,1,0.73016
332,25,980,212,126,430,1,1,0.72441
333,25,981,215,127,430,1,1,0.71875
334,25,982,217,128,431,1,1,0.71318
335,25,984,220,128,431,1,1,0.71318
336,25,983,220,128,431,1,1,0.73643
337,25,982,220,128,432,1,1,0.75969
338,25,981,220,128,432,1,1,0.78295
339,25,980,220,128,433,1,1,0.8062
340,25,979,220,128,434,1,1,0.82946
341,25,978,220,128,434,1,1,0.83721
342,25,977,220,128,435,1,1,0.84496
343,25,976,220,128,435,1,1,0.85271
344,25,975,220,128,436,1,1,0.85271
345,25,974,221,129,436,1,1,0.86154
346,25,970,220,129,437,1,1,0.84615
347,25,967,220,128,437,1,1,0.82946
348,25,963,219,128,438,1,1,0.81395
349,25,960,219,127,438,1,1,0.80469
350,25,956,218,127,439,1,1,0.78125
351,25,953,218,126,439,1,1,0.77953
352,25,949,217,126,440,1,1,0.77165
353,25,946,217,125,440,1,1,0.76984
354,25,942,216,125,441,1,1,0.7619
355,25,939,216,124,442,1,1,0.76
356,25,932,215,124,443,1,1,0.728
357,25,926,215,123,443,1,1,0.70161
358,25,919,215,123,444,1,1,0.66935
359,25,913,214,122,445,1,1,0.64228
360,25,906,214,122,445,1,1,0.60976
361,25,900,214,121,446,1,1,0.59016
362,25,893,213,121,447,1,1,0.55738
363,25,887,213,120,447,1,1,0.52893
364,25,881,213,119,448,1,1,0.5
365,25,878,211,119,448,1,1,0.5
366,25,875,209,119,448,1,1,0.5
367,25,872,207,119,448,1,1,0.5
368,25,869,205,119,448,1,1,0.5
369,25,866,203,120,448,1,1,0.50413
370,25,867,206,120,448,1,1,0.53719
371,25,868,210,120,448,1,1,0.52066
372,25,869,214,121,447,1,1,0.5082
373,25,870,217,121,448,1,1,0.48361
374,25,872,221,121,448,1,1,0.47541
375,25,873,225,121,447,1,1,0.45082
376,25,874,228,121,448,1,1,0.43443
377,25,875,232,122,447,1,1,0.42276
378,25,876,236,122,447,1,1,0.39837
379,25,878,240,122,447,1,1,0.39024
380,25,877,239,122,447,1,1,0.34959
381,25,877,239,122,447,1,1,0.35772
382,25,876,239,123,447,1,1,0.3629
383,25,876,239,122,447,1,1,0.36585
384,25,875,239,123,447,1,1,0.3629
385,25,875,239,123,446,1,1,0.37097
386,25,874,239,123,446,1,1,0.37097
387,25,874,239,123,446,1,1,0.37097
388,25,873,239,124,446,1,1,0.376
389,25,873,239,124,446,1,1,0.384
390,25,872,238,124,446,1,1,0.376
391,25,871,238,124,446,1,1,0.4
392,25,870,237,124,446,1,1,0.416
393,25,869,237,124,446,1,1,0.44
394,25,868,237,124,445,1,1,0.456
395,25,867,236,124,446,1,1,0.472
396,25,866,236,124,445,1,1,0.496
397,25,865,235,124,446,1,1,0.512
398,25,864,235,124,445,1,1,0.528
399,25,863,235,125,445,1,1,0.55556
400,25,862,235,126,445,1,1,0.5748
401,25,862,235,126,445,1,1,0.6063
402,25,862,235,126,445,1,1,0.62992
403,25,862,235,126,445,1,1,0.65354
404,25,862,236,126,444,1,1,0.68504
405,25,862,236,126,444,1,1,0.70866
406,25,862,236,126,444,1,1,0.73228
407,25,862,236,126,444,1,1,0.70866
408,25,862,236,126,444,1,1,0.68504
409,25,862,237,127,444,1,1,0.66406
410,25,864,237,128,444,1,1,0.65116
411,25,867,237,129,444,1,1,0.66923
412,25,870,237,130,444,1,1,0.68702
413,25,873,237,131,444,1,1,0.69697
414,25,876,238,132,443,1,1,0.71429
415,25,878,238,134,443,1,1,0.71852
416,25,881,238,135,443,1,1,0.73529
417,25,884,238,136,443,1,1,0.75182
418,25,887,238,137,443,1,1,0.76087
419,25,890,239,138,443,1,1,0.77698
420,25,889,238,138,443,1,1,0.7554
421,25,889,237,138,443,1,1,0.78417
422,25,889,237,138,443,1,1,0.81295
423,25,889,236,137,443,1,1,0.84058
424,25,889,236,137,443,1,1,0.86232
425,25,889,235,137,443,1,1,0.8913
426,25,889,234,136,443,1,1,0.91971
427,25,889,234,136,443,1,1,0.94161
428,25,889,233,136,443,1,1,0.9708
429,25,889,233,136,443,1,1,1
430,25,888,231,135,443,1,1,1
431,25,887,230,135,443,1,1,1
432,25,886,229,135,443,1,1,1
433,25,885,228,135,443,1,1,1
434,25,884,227,135,443,1,1,1
435,25,883,225,135,443,1,1,1
436,25,882,224,135,443,1,1,1
437,25,881,223,135,443,1,1,1
438,25,880,222,135,443,1,1,1
439,25,879,221,135,443,1,1,1
440,25,883,221,135,443,1,1,1
441,25,888,222,134,442,1,1,1
442,25,892,222,135,443,1,1,1
443,25,897,223,134,442,1,1,1
444,25,902,223,134,443,1,1,1
445,25,906,224,134,442,1,1,1
446,25,911,224,133,442,1,1,1
447,25,915,225,134,442,1,1,1
448,25,920,225,133,442,1,1,1
449,25,925,226,133,442,1,1,1
450,25,931,224,133,442,1,1,1
451,25,938,223,133,442,1,1,1
91,26,946,392,87,229,1,1,0.13636
92,26,943,389,87,229,1,1,0.10227
93,26,941,387,87,229,1,1,0.068182
94,26,939,385,86,229,1,1,0.057471
95,26,937,383,86,229,1,1,0.034483
96,26,935,381,86,229,1,1,0.022989
97,26,936,380,86,229,1,1,0.011494
98,26,937,379,86,229,1,1,0.10345
99,26,939,379,85,228,1,1,0.2093
100,26,940,378,85,228,1,1,0.22093
101,26,941,377,85,228,1,1,0.2093
102,26,943,377,84,228,1,1,0.15294
103,26,954,375,83,228,1,1,0.20238
104,26,965,373,83,228,1,1,0.2619
105,26,976,372,83,228,1,1,0.2619
106,26,980,371,83,228,1,1,0.28571
107,26,985,370,82,228,1,1,0.31325
108,26,989,369,83,228,1,1,0.33333
109,26,994,369,82,228,1,1,0.33735
110,26,998,368,83,228,1,1,0.33333
111,26,1003,367,82,228,1,1,0.33735
112,26,1008,367,82,228,1,1,0.3494
113,26,1011,365,82,228,1,1,0.33735
114,26,1014,363,82,228,1,1,0.3253
115,26,1018,361,81,228,1,1,0.30488
116,26,1021,359,81,228,1,1,0.36585
117,26,1025,357,81,228,1,1,0.40244
118,26,1023,357,81,228,1,1,0.42683
119,26,1022,358,80,228,1,1,0.41975
120,26,1020,359,80,228,1,1,0.41975
121,26,1019,360,79,228,1,1,0.4125
122,26,1017,360,80,228,1,1,0.41975
123,26,1016,361,79,228,1,1,0.4125
124,26,1014,362,79,228,1,1,0.4125
125,26,1013,363,78,228,1,1,0.40506
126,26,1011,364,78,228,1,1,0.43038
127,26,1010,364,78,228,1,1,0.44304
128,26,1008,365,78,228,1,1,0.44304
129,26,1007,366,77,228,1,1,0.46154
130,26,1005,367,77,228,1,1,0.46154
131,26,1004,368,77,228,1,1,0.48718
132,26,1006,368,77,228,1,1,0.52564
133,26,1008,369,78,228,1,1,0.5443
134,26,1010,370,78,228,1,1,0.56962
135,26,1012,371,79,228,1,1,0.5875
136,26,1015,372,78,227,1,1,0.64557
137,26,1017,373,79,227,1,1,0.675
138,26,1019,374,79,227,1,1,0.7125
139,26,1021,374,80,228,1,1,0.71605
140,26,1024,375,79,227,1,1,0.7375
141,26,1026,376,80,227,1,1,0.75309
142,26,1028,377,80,227,1,1,0.79012
143,26,1030,378,81,227,1,1,0.80488
144,26,1033,379,80,226,1,1,0.85185
145,26,1035,380,81,226,1,1,0.87805
146,26,1037,380,81,227,1,1,0.87805
147,26,1039,381,82,227,1,1,0.86747
148,26,1042,382,81,226,1,1,0.87805
149,26,1044,383,82,226,1,1,0.86747
150,26,1046,384,82,226,1,1,0.85542
151,26,1048,385,83,226,1,1,0.85714
152,26,1051,386,83,226,1,1,0.85714
153,26,1049,386,83,226,1,1,0.80952
154,26,1047,386,83,226,1,1,0.75
155,26,1045,387,83,226,1,1,0.69048
156,26,1043,387,83,226,1,1,0.72619
157,26,1041,388,83,226,1,1,0.7619
158,26,1039,388,83,226,1,1,0.78571
159,26,1037,389,83,226,1,1,0.82143
160,26,1035,389,83,226,1,1,0.84524
161,26,1033,390,83,226,1,1,0.88095
162,26,1029,388,83,226,1,1,0.89286
163,26,1026,387,83,225,1,1,0.90476
164,26,1023,385,83,226,1,1,0.91667
165,26,1020,384,83,225,1,1,0.88095
166,26,1017,382,83,226,1,1,0.83333
167,26,1013,381,83,225,1,1,0.77381
168,26,1010,379,83,226,1,1,0.79762
169,26,1007,378,83,225,1,1,0.83333
170,26,1004,376,83,226,1,1,0.85714
171,26,1001,375,83,225,1,1,0.86905
172,26,998,374,83,225,1,1,0.85714
173,26,1000,374,83,225,1,1,0.90476
174,26,1002,374,84,225,1,1,0.95294
175,26,1004,375,85,225,1,1,0.98837
176,26,1007,375,85,225,1,1,0.95349
177,26,1009,376,85,224,1,1,0.94186
178,26,1011,376,86,225,1,1,0.91954
179,26,1013,376,87,225,1,1,0.94318
180,26,1016,377,87,224,1,1,0.97727
181,26,1018,377,87,225,1,1,1
182,26,1020,378,88,224,1,1,1
183,26,1022,378,89,224,1,1,1
184,26,1025,379,89,224,1,1,1
185,26,1026,378,89,224,1,1,1
186,26,1027,378,90,224,1,1,1
187,26,1028,378,90,224,1,1,1
188,26,1029,378,91,224,1,1,1
189,26,1030,377,92,224,1,1,1
190,26,1031,377,92,224,1,1,1
191,26,1032,377,93,224,1,1,1
192,26,1034,377,93,224,1,1,1
193,26,1030,379,93,224,1,1,1
194,26,1027,382,93,224,1,1,1
195,26,1024,384,92,224,1,1,1
196,26,1021,387,92,224,1,1,1
197,26,1018,390,91,224,1,1,1
198,26,1014,392,92,224,1,1,1
199,26,1011,395,91,224,1,1,1
200,26,1008,397,91,224,1,1,1
201,26,1005,400,90,224,1,1,1
202,26,1002,403,90,224,1,1,1
203,26,1001,403,90,224,1,1,1
204,26,1001,403,89,224,1,1,1
205,26,1000,404,89,224,1,1,1
206,26,1000,404,88,224,1,1,1
207,26,999,405,88,224,1,1,1
208,26,999,405,87,224,1,1,1
209,26,998,405,87,224,1,1,1
210,26,998,406,86,224,1,1,1
211,26,997,406,86,224,1,1,1
212,26,997,407,85,224,1,1,1
213,26,996,407,85,224,1,1,1
214,26,996,408,85,224,1,1,1
215,26,999,408,84,224,1,1,1
216,26,1002,409,84,224,1,1,1
217,26,1005,409,84,224,1,1,1
218,26,1008,410,84,224,1,1,1
219,26,1011,410,83,224,1,1,1
220,26,1014,411,83,224,1,1,1
221,26,1017,411,83,224,1,1,1
222,26,1020,412,83,224,1,1,0.97619
223,26,1024,413,82,224,1,1,0.96386
224,26,1027,413,82,224,1,1,0.93976
225,26,1030,413,82,224,1,1,0.90361
226,26,1034,413,81,224,1,1,0.95122
227,26,1037,413,81,224,1,1,0.9878
228,26,1040,413,81,224,1,1,1
229,26,1044,414,80,224,1,1,1
230,26,1044,415,79,224,1,1,1
231,26,1044,416,79,224,1,1,1
232,26,1044,417,79,224,1,1,1
233,26,1044,419,79,224,1,1,1
234,26,1040,420,79,224,1,1,0.9875
235,26,1037,421,78,224,1,1,0.93671
236,26,1033,422,79,225,1,1,0.925
237,26,1030,423,78,225,1,1,0.92405
238,26,1026,424,79,225,1,1,0.9125
239,26,1023,425,78,226,1,1,0.89873
240,26,1020,426,78,226,1,1,0.89873
241,26,1016,427,78,226,1,1,0.88608
242,26,1013,428,77,227,1,1,0.87179
243,26,1009,429,78,227,1,1,0.86076
244,26,1006,430,77,227,1,1,0.85897
245,26,1002,431,78,228,1,1,0.83544
246,26,999,432,77,228,1,1,0.79487
247,26,996,434,77,228,1,1,0.74359
248,26,993,435,77,228,1,1,0.70513
249,26,990,436,77,228,1,1,0.65385
250,26,987,437,77,228,1,1,0.42308
251,26,984,438,77,228,1,1,0.29487
250,27,934,404,97,323,1,1,0.14286
251,27,939,406,99,326,1,1,0.21
252,27,945,408,101,329,1,1,0.27451
253,27,951,411,102,331,1,1,0.33981
254,27,956,413,105,334,1,1,0.39623
255,27,962,415,106,337,1,1,0.4486
256,27,968,418,108,339,1,1,0.50459
257,27,971,418,110,342,1,1,0.52252
258,27,974,419,112,344,1,1,0.54867
259,27,977,419,114,347,1,1,0.56522
260,27,980,420,116,349,1,1,0.58974
261,27,983,420,118,352,1,1,0.60504
262,27,987,421,119,355,1,1,0.91667
263,27,990,417,120,358,1,1,0.94215
264,27,993,413,122,361,1,1,0.66667
265,27,996,409,124,364,1,1,0.68
266,27,999,406,126,366,1,1,0.73228
267,27,999,403,129,369,1,1,1
268,27,1000,400,132,373,1,1,1
269,27,1000,397,136,377,1,1,1
270,27,1001,394,139,381,1,1,1
271,27,1001,391,143,385,1,1,1
272,27,1002,389,146,388,1,1,1
273,27,998,384,145,392,1,1,1
274,27,995,380,144,396,1,1,1
275,27,991,376,144,400,1,1,1
276,27,988,372,143,404,1,1,0.99306
277,27,985,361,145,408,1,1,0.94521
278,27,983,350,146,412,1,1,0.89796
279,27,981,340,148,416,1,1,0.89262
280,27,978,329,150,420,1,1,0.90066
281,27,976,318,151,424,1,1,0.90789
282,27,974,308,153,428,1,1,0.9026
283,27,976,298,156,436,1,1,0.87261
284,27,979,289,158,444,1,1,0.84277
285,27,982,279,160,453,1,1,0.85714
286,27,985,270,162,461,1,1,0.87117
287,27,992,264,164,468,1,1,0.86061
288,27,1000,258,165,476,1,1,0.8494
289,27,1007,252,167,484,1,1,0.83929
290,27,1015,246,168,491,1,1,0.8284
291,27,1022,240,170,499,1,1,0.8538
292,27,1030,235,172,506,1,1,0.87283
293,27,1037,229,175,514,1,1,0.89205
294,27,1045,224,177,522,1,1,0.91573
295,27,1053,218,179,531,1,1,0.91111
296,27,1061,213,181,539,1,1,0.91209
297,27,1064,210,184,549,1,1,0.93514
298,27,1067,208,188,559,1,1,0.93122
299,27,1070,206,191,568,1,1,0.93229
300,27,1073,203,195,579,1,1,0.92857
301,27,1076,201,198,588,1,1,0.92965
302,27,1080,199,201,598,1,1,0.90594
303,27,1083,197,205,611,1,1,0.88835
304,27,1086,195,209,624,1,1,0.86667
305,27,1089,193,213,637,1,1,1
306,27,1093,191,216,651,1,1,1
307,27,1094,183,220,666,1,1,1
308,27,1095,176,225,681,1,1,1
309,27,1096,169,230,696,1,1,1
310,27,1097,161,234,712,1,1,1
311,27,1098,154,239,727,1,1,1
312,27,1100,147,243,742,1,1,1
313,27,1103,140,249,764,1,1,1
314,27,1107,133,254,786,1,1,1
315,27,1110,127,260,807,1,1,1
316,27,1114,120,265,830,1,1,1
317,27,1117,114,272,851,1,1,1
318,27,1121,107,277,873,1,1,1
319,27,1124,100,283,896,1,1,1
320,27,1128,94,288,917,1,1,1
321,27,1131,87,294,939,1,1,1
322,27,1135,81,300,961,1,1,1
323,27,1142,68,309,986,1,1,1
324,27,1150,56,318,1011,1,1,1
325,27,1157,44,328,1035,1,1,1
326,27,1165,32,337,1060,1,1,0.98869
327,27,1183,21,344,1088,1,1,0.97337
328,27,1201,10,352,1116,1,1,0.95882
329,27,1220,-1,358,1144,1,1,0.94323
330,27,1238,-12,366,1172,1,1,0.92072
331,27,1256,-23,373,1200,1,1,0.89925
332,27,1275,-33,380,1228,1,1,0.87876
333,27,1293,-44,402,1256,1,1,0.85919
334,27,1312,-55,424,1285,1,1,0.83981
335,27,1330,-66,446,1313,1,1,0.82192
336,27,1349,-76,468,1341,1,1,0.80477
337,27,1372,-93,486,1369,1,1,0.78832
338,27,1395,-109,505,1396,1,1,0.77309
339,27,1419,-125,523,1424,1,1,0.72607
340,27,1442,-142,541,1452,1,1,0.65689
341,27,1466,-158,559,1480,1,1,0.59251
342,27,1489,-174,578,1507,1,1,0.53435
343,27,1513,-190,596,1535,1,1,0.48053
344,27,1560,-215,627,1562,1,1,0.3972
345,27,1608,-240,658,1589,1,1,0.32262
1,28,794,330,41,119,1,1,1
2,28,792,330,41,119,1,1,1
3,28,790,330,42,119,1,1,1
4,28,788,330,42,119,1,1,1
5,28,786,330,43,119,1,1,1
6,28,785,331,42,119,1,1,1
7,28,783,331,43,119,1,1,1
8,28,781,331,43,119,1,1,1
9,28,779,331,44,119,1,1,1
10,28,777,331,44,119,1,1,1
11,28,776,332,44,119,1,1,1
12,28,775,332,45,119,1,1,1
13,28,775,333,45,119,1,1,1
14,28,775,333,45,119,1,1,1
15,28,775,334,45,119,1,1,1
16,28,775,335,46,119,1,1,1
17,28,776,338,47,119,1,1,1
18,28,778,342,47,119,1,1,1
19,28,780,346,47,118,1,1,1
20,28,782,350,47,118,1,1,1
21,28,784,354,47,118,1,1,1
22,28,798,356,46,118,1,1,1
23,28,812,358,46,119,1,1,0.89362
24,28,827,361,45,118,1,1,0.67391
25,28,841,363,44,119,1,1,0.46667
26,28,855,365,44,119,1,1,0.24444
27,28,870,368,43,119,1,1,0
28,28,879,371,43,119,1,1,0
29,28,889,375,42,119,1,1,0
30,28,898,378,42,119,1,1,0
31,28,908,382,41,119,1,1,0
32,28,912,387,41,119,1,1,0
33,28,916,393,41,119,1,1,0
34,28,920,398,41,119,1,1,0
1,29,1320,327,37,109,1,1,0.42727
2,29,1318,329,37,109,1,1,0.40909
3,29,1316,331,38,109,1,1,0.4
4,29,1314,333,38,109,1,1,0.38182
5,29,1312,335,39,109,1,1,0.37273
6,29,1311,337,39,110,1,1,0.35135
7,29,1307,338,39,110,1,1,0.35135
8,29,1303,339,39,110,1,1,0.36036
9,29,1300,341,39,110,1,1,0.36937
10,29,1296,342,39,110,1,1,0.37838
11,29,1293,344,39,110,1,1,0.38739
12,29,1290,344,38,110,1,1,0.41441
13,29,1287,344,38,110,1,1,0.37838
14,29,1284,345,38,110,1,1,0.34234
15,29,1287,346,39,110,1,1,0.30631
16,29,1291,348,39,110,1,1,0.26126
17,29,1295,349,39,111,1,1,0.28571
18,29,1299,351,39,111,1,1,0.30357
19,29,1302,352,40,111,1,1,0.33929
20,29,1306,354,40,111,1,1,0.35714
21,29,1310,355,40,112,1,1,0.38053
22,29,1314,357,40,112,1,1,0.40708
23,29,1318,359,40,112,1,1,0.42478
24,29,1329,360,40,112,1,1,0.46018
25,29,1340,361,40,112,1,1,0.48673
26,29,1351,362,40,112,1,1,0.51327
27,29,1363,364,40,112,1,1,0.53982
28,29,1370,367,40,112,1,1,0.54867
29,29,1378,370,40,112,1,1,0.56637
30,29,1386,373,39,112,1,1,0.57522
31,29,1394,377,39,112,1,1,0.57522
32,29,1397,382,39,112,1,1,0.57522
33,29,1400,388,39,112,1,1,0.55752
34,29,1404,394,39,112,1,1,0.54867
35,29,1405,400,39,112,1,1,0.53097
36,29,1406,406,40,112,1,1,0.51327
37,29,1408,412,40,112,1,1,0.50442
38,29,1409,418,40,113,1,1,0.48246
39,29,1411,424,40,113,1,1,0.47368
40,29,1412,430,41,113,1,1,0.45614
41,29,1414,437,41,113,1,1,0.42982
42,29,1409,442,41,113,1,1,0.42982
43,29,1404,447,41,114,1,1,0.41739
44,29,1399,453,41,113,1,1,0.41228
45,29,1395,458,41,114,1,1,0.4
46,29,1390,464,41,113,1,1,0.38596
47,29,1385,469,41,114,1,1,0.38261
48,29,1381,474,41,114,1,1,0.37391
49,29,1376,480,41,114,1,1,0.36522
50,29,1371,485,41,114,1,1,0.35652
51,29,1367,491,41,114,1,1,0.33913
52,29,1361,494,41,113,1,1,0.35965
53,29,1356,497,40,113,1,1,0.36842
54,29,1351,500,40,113,1,1,0.38596
55,29,1348,500,40,113,1,1,0.36842
56,29,1346,500,40,114,1,1,0.35652
57,29,1344,500,40,114,1,1,0.34783
58,29,1341,501,41,114,1,1,0.32174
59,29,1339,501,41,114,1,1,0.31304
60,29,1337,501,41,115,1,1,0.30172
61,29,1335,502,41,115,1,1,0.18227
62,29,1335,500,41,115,1,1,0.28448
63,29,1335,498,41,115,1,1,0.2931
64,29,1336,497,41,114,1,1,0.29565
65,29,1337,493,41,114,1,1,0.31304
66,29,1339,490,41,114,1,1,0.33043
67,29,1341,487,41,114,1,1,0.34783
68,29,1342,483,42,115,1,1,0.36207
69,29,1344,480,42,115,1,1,0.37931
70,29,1346,477,42,115,1,1,0.39655
71,29,1348,474,42,115,1,1,0.29872
72,29,1346,472,42,115,1,1,0.2905
73,29,1345,470,42,115,1,1,0.27927
74,29,1344,469,42,115,1,1,0.42241
75,29,1340,467,42,115,1,1,0.27586
76,29,1337,465,42,116,1,1,0.42735
77,29,1334,463,42,116,1,1,0.4359
78,29,1331,462,42,116,1,1,0.4359
79,29,1328,460,42,116,1,1,0.4359
80,29,1325,458,42,117,1,1,0.44068
81,29,1322,457,42,117,1,1,0.44068
82,29,1316,453,42,116,1,1,0.46154
83,29,1310,449,42,116,1,1,0.30471
84,29,1304,445,43,116,1,1,0.30303
85,29,1295,441,43,116,1,1,0.33178
86,29,1287,438,43,116,1,1,0.34771
87,29,1279,435,43,116,1,1,0.36597
88,29,1271,431,43,117,1,1,0.38174
89,29,1263,428,43,117,1,1,0.59322
90,29,1255,425,43,117,1,1,0.61017
91,29,1247,422,43,117,1,1,0.62712
92,29,1242,419,43,117,1,1,0.45801
93,29,1237,416,43,118,1,1,0.46257
94,29,1233,414,43,118,1,1,0.47097
95,29,1231,413,44,118,1,1,0.42017
96,29,1230,412,44,118,1,1,0.37647
97,29,1229,411,44,119,1,1,0.64167
98,29,1227,411,45,118,1,1,0.63866
99,29,1226,410,45,119,1,1,0.63333
100,29,1225,409,45,119,1,1,0.625
101,29,1224,409,45,119,1,1,0.61667
102,29,1232,407,45,118,1,1,0.63025
103,29,1240,405,45,118,1,1,0.63025
104,29,1249,403,44,118,1,1,0.63866
105,29,1253,401,44,118,1,1,0.64706
106,29,1258,400,44,118,1,1,0.64706
107,29,1262,399,44,118,1,1,0.63866
108,29,1267,398,44,118,1,1,0.63866
109,29,1271,397,45,118,1,1,0.63866
110,29,1276,395,44,119,1,1,0.63333
111,29,1280,394,45,119,1,1,0.63333
112,29,1285,393,44,119,1,1,0.63333
113,29,1289,392,45,119,1,1,0.63333
114,29,1294,391,45,119,1,1,0.625
115,29,1292,391,45,119,1,1,0.61667
116,29,1291,391,45,119,1,1,0.60833
117,29,1289,391,46,120,1,1,0.57429
118,29,1288,392,45,119,1,1,0.525
119,29,1287,392,45,120,1,1,0.51312
120,29,1285,392,46,120,1,1,0.49481
121,29,1284,393,45,119,1,1,0.47536
122,29,1282,393,46,120,1,1,0.45419
123,29,1281,393,46,120,1,1,0.44698
124,29,1280,394,46,120,1,1,0.45648
125,29,1277,394,46,120,1,1,0.44874
126,29,1274,394,46,121,1,1,0.44733
127,29,1271,394,46,121,1,1,0.23439
128,29,1268,395,46,121,1,1,0.21399
129,29,1265,395,46,121,1,1,0.21503
130,29,1262,395,46,122,1,1,0.22003
131,29,1259,396,46,121,1,1,0.22114
132,29,1256,396,46,122,1,1,0.39958
133,29,1253,396,46,122,1,1,0.38748
134,29,1251,397,46,122,1,1,0.37104
135,29,1252,397,46,122,1,1,0.4136
136,29,1253,397,46,122,1,1,0.38938
137,29,1254,398,46,122,1,1,0.35202
138,29,1255,398,46,122,1,1,0.33299
139,29,1256,399,46,122,1,1,0.31396
140,29,1257,399,46,122,1,1,0.25688
141,29,1258,400,46,122,1,1,0.19616
142,29,1258,400,46,122,1,1,0.13319
143,29,1258,400,46,122,1,1,0.066597
1,30,1350,342,31,93,1,1,0.17021
2,30,1346,343,31,93,1,1,0.16489
3,30,1343,344,31,94,1,1,0.16316
4,30,1340,345,31,94,1,1,0.15789
5,30,1337,347,31,94,1,1,0.15263
6,30,1334,348,31,95,1,1,0.13672
7,30,1331,349,31,95,1,1,0.14583
8,30,1328,351,31,95,1,1,0.15495
9,30,1325,352,31,95,1,1,0.16602
10,30,1322,353,31,96,1,1,0.17977
11,30,1319,355,31,96,1,1,0.18557
12,30,1318,355,31,97,1,1,0.23438
13,30,1318,356,31,97,1,1,0.22959
14,30,1318,357,31,97,1,1,0.22385
15,30,1317,358,32,97,1,1,0.15646
16,30,1317,359,32,97,1,1,0.10575
17,30,1317,360,31,97,1,1,0.09375
18,30,1316,361,32,97,1,1,0.074212
19,30,1316,362,32,97,1,1,0.051948
20,30,1316,363,32,97,1,1,0.019171
21,30,1316,364,32,98,1,1,0
22,30,1328,365,32,98,1,1,0.069789
23,30,1340,367,32,98,1,1,0.17141
24,30,1352,369,32,98,1,1,0.19743
25,30,1364,370,32,99,1,1,0.22303
26,30,1376,372,32,99,1,1,0.24727
27,30,1389,374,31,99,1,1,0.27094
28,30,1395,377,31,99,1,1,0.26
29,30,1401,380,31,100,1,1,0.23391
30,30,1407,383,31,100,1,1,0.22123
31,30,1414,387,31,100,1,1,0.20421
32,30,1416,392,31,100,1,1,0.18719
33,30,1418,398,31,100,1,1,0.16399
34,30,1420,403,32,101,1,1,0.14171
35,30,1423,409,31,101,1,1,0.15625
36,30,1425,415,32,101,1,1,0.16013
37,30,1427,420,32,102,1,1,0.15858
38,30,1430,426,31,102,1,1,0.17112
39,30,1432,431,32,103,1,1,0.17803
40,30,1434,437,32,103,1,1,0.17045
41,30,1437,443,32,103,1,1,0.17541
42,30,1431,448,32,103,1,1,0.16288
43,30,1426,453,32,104,1,1,0.15758
44,30,1421,458,32,104,1,1,0.15758
45,30,1416,464,32,104,1,1,0.13853
46,30,1411,469,32,104,1,1,0.13506
47,30,1406,474,31,105,1,1,0.12647
48,30,1401,480,31,104,1,1,0.11012
49,30,1396,485,31,105,1,1,0.10908
50,30,1391,490,31,105,1,1,0.10613
51,30,1386,496,31,105,1,1,0.090212
52,30,1383,497,31,105,1,1,0.13443
53,30,1380,498,31,106,1,1,0.17961
54,30,1377,500,31,105,1,1,0.22052
55,30,1374,501,32,106,1,1,0.20901
56,30,1372,503,31,106,1,1,0.18867
57,30,1369,504,31,106,1,1,0.16822
58,30,1366,505,32,107,1,1,0.14815
59,30,1363,507,32,106,1,1,0.12744
60,30,1360,508,32,107,1,1,0.10999
61,30,1358,510,32,107,1,1,0.094276
62,30,1359,507,32,107,1,1,0.10943
63,30,1361,504,32,107,1,1,0.13356
64,30,1363,501,32,107,1,1,0.15152
65,30,1365,498,32,107,1,1,0.16526
66,30,1367,495,32,108,1,1,0.17431
67,30,1369,492,32,108,1,1,0.18488
68,30,1371,489,32,108,1,1,0.19016
69,30,1373,486,32,108,1,1,0.20072
70,30,1375,483,32,108,1,1,0.21129
71,30,1377,481,32,108,1,1,0.21657
72,30,1374,479,32,108,1,1,0.20517
73,30,1371,477,32,108,1,1,0.18682
74,30,1368,475,33,108,1,1,0.17404
75,30,1366,473,32,109,1,1,0.18953
76,30,1363,471,33,109,1,1,0.2
77,30,1360,469,33,109,1,1,0.20455
78,30,1358,467,32,110,1,1,0.21349
79,30,1355,465,33,110,1,1,0.2194
80,30,1352,463,33,110,1,1,0.22417
81,30,1350,462,33,110,1,1,0.23662
82,30,1342,458,33,110,1,1,0.22072
83,30,1335,455,33,110,1,1,0.21622
84,30,1328,451,33,110,1,1,0.20032
85,30,1320,448,34,110,1,1,0.5045
86,30,1313,445,34,110,1,1,0.51351
87,30,1306,441,33,110,1,1,0.27027
88,30,1298,438,34,110,1,1,0.28726
89,30,1291,434,34,110,1,1,0.313
90,30,1284,431,34,110,1,1,0.33977
91,30,1277,428,34,110,1,1,0.36757
92,30,1272,426,34,110,1,1,0.37297
93,30,1267,424,34,111,1,1,0.61607
94,30,1263,423,34,110,1,1,0.62162
95,30,1258,421,34,111,1,1,0.625
96,30,1254,420,34,110,1,1,0.24865
97,30,1249,418,34,111,1,1,0.17857
98,30,1245,417,34,111,1,1,0.125
99,30,1249,413,34,111,1,1,0.22347
100,30,1253,410,34,111,1,1,0.32092
101,30,1257,406,34,112,1,1,0.43818
102,30,1261,403,35,112,1,1,0.38569
103,30,1266,402,35,112,1,1,0.32153
104,30,1272,401,35,112,1,1,0.27925
105,30,1278,401,35,112,1,1,0.30285
106,30,1284,400,35,112,1,1,0.32178
107,30,1289,400,35,112,1,1,0.33186
108,30,1295,399,35,112,1,1,0.35029
109,30,1301,399,35,112,1,1,0.36382
110,30,1307,398,35,112,1,1,0.39479
111,30,1313,398,35,112,1,1,0.40708
112,30,1313,397,36,112,1,1,0.34442
113,30,1314,397,36,112,1,1,0.27171
114,30,1315,397,36,112,1,1,0.19804
115,30,1316,396,36,113,1,1,0.24538
116,30,1317,396,36,113,1,1,0.27406
117,30,1317,396,37,112,1,1,0.29204
118,30,1318,395,37,113,1,1,0.33518
119,30,1319,395,37,113,1,1,0.36011
120,30,1320,395,37,113,1,1,0.38412
121,30,1321,395,37,113,1,1,0.41505
122,30,1316,396,37,113,1,1,0.34626
123,30,1312,397,36,113,1,1,0.28876
124,30,1307,398,37,113,1,1,0.22853
125,30,1303,399,36,114,1,1,0.19929
126,30,1298,400,36,114,1,1,0.1678
127,30,1294,401,36,114,1,1,0.14971
128,30,1289,402,36,114,1,1,0.12409
129,30,1285,404,36,114,1,1,0.4
130,30,1283,403,36,114,1,1,0.12409
131,30,1282,403,36,114,1,1,0.14665
132,30,1281,402,36,115,1,1,0.17125
133,30,1279,402,37,114,1,1,0.19451
134,30,1278,401,37,115,1,1,0.20826
135,30,1277,401,37,115,1,1,0.18512
136,30,1278,400,37,116,1,1,0.19073
137,30,1279,400,37,116,1,1,0.19073
138,30,1281,400,37,116,1,1,0.20265
139,30,1282,400,37,116,1,1,0.20648
140,30,1284,400,37,116,1,1,0.21862
141,30,1286,399,37,116,1,1,0.23932
142,30,1289,399,37,116,1,1,0.28025
143,30,1291,399,37,116,1,1,0.30387
144,30,1294,398,37,116,1,1,0.36527
145,30,1296,398,37,116,1,1,0.30004
146,30,1299,398,37,116,1,1,0.24786
147,30,1301,400,37,116,1,1,0.17949
148,30,1304,402,37,116,1,1,0.17319
149,30,1306,404,37,116,1,1,0.15497
150,30,1309,406,37,116,1,1,0.15205
329,31,1176,310,53,188,1,1,0.81481
330,31,1174,313,54,188,1,1,1
331,31,1172,316,55,188,1,1,1
332,31,1170,319,56,188,1,1,1
333,31,1168,322,57,188,1,1,1
334,31,1166,325,58,188,1,1,1
335,31,1164,328,59,188,1,1,1
336,31,1162,331,60,188,1,1,1
337,31,1160,334,61,188,1,1,1
338,31,1158,337,62,188,1,1,1
339,31,1157,341,62,187,1,1,1
340,31,1150,339,63,187,1,1,1
341,31,1144,338,64,187,1,1,1
342,31,1138,336,65,187,1,1,1
343,31,1132,335,66,187,1,1,1
344,31,1126,333,67,187,1,1,1
345,31,1120,332,68,187,1,1,1
346,31,1114,330,69,187,1,1,1
347,31,1108,329,70,187,1,1,1
348,31,1102,327,71,187,1,1,1
349,31,1096,326,72,187,1,1,1
350,31,1088,325,72,187,1,1,1
351,31,1080,324,73,188,1,1,1
352,31,1072,323,73,189,1,1,0.94595
353,31,1064,322,74,190,1,1,0.89333
354,31,1056,322,74,190,1,1,0.84
355,31,1048,321,75,190,1,1,0.78947
356,31,1040,320,75,191,1,1,0.77632
357,31,1032,319,76,192,1,1,0.76623
358,31,1024,318,76,193,1,1,0.75325
359,31,1017,318,76,193,1,1,0.75325
360,31,1008,318,76,194,1,1,0.72727
361,31,1000,319,76,194,1,1,0.71429
362,31,991,320,77,194,1,1,0.69231
363,31,983,321,77,195,1,1,0.67949
364,31,980,320,78,196,1,1,0.73418
365,31,978,320,78,196,1,1,0.74684
366,31,976,320,78,197,1,1,0.75949
367,31,974,320,78,197,1,1,0.77215
368,31,972,320,78,197,1,1,0.78481
369,31,970,320,79,198,1,1,0.7875
370,31,970,321,80,199,1,1,0.77778
371,31,970,323,82,199,1,1,0.77108
372,31,970,325,84,199,1,1,0.75294
373,31,970,327,86,199,1,1,0.74713
374,31,972,330,85,199,1,1,0.74419
375,31,974,333,85,200,1,1,0.75581
376,31,976,336,85,201,1,1,0.76744
377,31,978,339,84,202,1,1,0.76471
378,31,980,342,84,203,1,1,0.77647
379,31,982,346,84,203,1,1,0.77647
380,31,982,346,87,203,1,1,0.79545
381,31,983,346,89,203,1,1,0.81111
382,31,983,346,92,203,1,1,0.8172
383,31,984,346,95,204,1,1,0.84375
384,31,982,346,94,205,1,1,0.82105
385,31,981,347,93,206,1,1,0.80851
386,31,980,348,91,207,1,1,0.80435
387,31,979,349,90,207,1,1,0.79121
388,31,978,350,88,208,1,1,0.77528
389,31,977,351,87,209,1,1,0.76136
390,31,976,350,87,209,1,1,0.76136
391,31,975,350,88,209,1,1,0.70787
392,31,974,349,88,210,1,1,0.68539
393,31,973,349,89,210,1,1,0.65556
394,31,972,348,90,210,1,1,0.63736
395,31,971,347,92,211,1,1,0.60215
396,31,970,346,93,212,1,1,0.57447
397,31,969,346,95,211,1,1,0.55208
398,31,969,345,95,212,1,1,0.55208
399,31,968,344,97,213,1,1,0.54082
400,31,967,344,98,212,1,1,0.53535
401,31,966,343,100,213,1,1,0.52475
402,31,965,342,101,214,1,1,0.55882
403,31,965,342,102,214,1,1,0.59223
404,31,965,341,102,214,1,1,0.63107
405,31,966,340,102,215,1,1,0.6699
406,31,967,339,102,216,1,1,0.70874
407,31,972,339,101,216,1,1,0.7451
408,31,977,339,101,217,1,1,0.77451
409,31,982,339,101,218,1,1,0.79412
410,31,987,339,100,218,1,1,0.85149
411,31,992,339,100,219,1,1,0.89109
412,31,997,339,100,220,1,1,0.93069
413,31,1002,340,99,219,1,1,0.97
414,31,1007,340,99,220,1,1,0.98
415,31,1012,340,99,221,1,1,0.97
416,31,1017,340,98,221,1,1,0.9697
417,31,1022,340,98,222,1,1,0.94949
418,31,1027,340,98,223,1,1,0.92929
419,31,1032,341,98,223,1,1,0.90909
420,31,1032,339,97,224,1,1,0.90816
421,31,1032,338,97,225,1,1,0.90816
422,31,1032,336,97,227,1,1,0.90816
423,31,1032,335,96,228,1,1,0.82474
424,31,1032,333,96,230,1,1,0.73196
425,31,1032,332,96,231,1,1,0.63918
426,31,1032,331,95,231,1,1,0.5625
427,31,1032,329,95,233,1,1,0.5
428,31,1032,328,95,234,1,1,0.44792
429,31,1032,326,94,236,1,1,0.4
430,31,1032,325,94,237,1,1,0.34737
431,31,1033,324,93,238,1,1,0.32979
432,31,1033,323,92,239,1,1,0.33333
433,31,1034,322,91,240,1,1,0.32609
434,31,1034,321,91,241,1,1,0.33696
435,31,1035,320,90,242,1,1,0.35165
436,31,1035,319,90,243,1,1,0.37363
437,31,1036,318,89,244,1,1,0.4
438,31,1036,317,89,245,1,1,0.43333
439,31,1037,317,88,246,1,1,0.47191
440,31,1043,316,86,245,1,1,0.44828
441,31,1050,316,83,244,1,1,0.42857
442,31,1056,316,81,242,1,1,0.43902
443,31,1063,316,78,241,1,1,0.4557
444,31,1069,315,77,240,1,1,0.47436
445,31,1076,315,74,239,1,1,0.49333
446,31,1082,315,72,237,1,1,0.53425
447,31,1089,315,69,236,1,1,0.3
448,31,1096,315,67,235,1,1,0.33824
449,31,1102,314,70,238,1,1,0.60563
450,31,1108,314,73,240,1,1,0.60811
451,31,1114,313,76,243,1,1,0.5974
248,32,726,464,41,133,1,1,0.11905
249,32,724,466,41,133,1,1,0.21429
250,32,722,468,41,133,1,1,0.30952
251,32,720,470,41,133,1,1,0.28571
252,32,718,472,41,133,1,1,0.2381
253,32,716,474,42,134,1,1,0.2093
254,32,717,475,42,134,1,1,0.25581
255,32,719,476,42,134,1,1,0.32558
256,32,721,477,42,134,1,1,0.39535
257,32,722,478,42,134,1,1,0.44186
258,32,724,480,42,134,1,1,0.48837
259,32,726,481,41,135,1,1,0.54762
260,32,728,483,41,135,1,1,0.59524
261,32,728,481,41,135,1,1,0.59524
262,32,728,479,41,135,1,1,0.69048
263,32,728,477,41,135,1,1,0.7619
264,32,728,476,41,135,1,1,0.85714
265,32,726,474,43,135,1,1,0.88636
266,32,725,472,45,136,1,1,0.93478
267,32,724,470,47,137,1,1,1
268,32,722,467,47,138,1,1,1
269,32,720,465,48,138,1,1,1
270,32,718,463,48,138,1,1,1
271,32,717,461,48,138,1,1,1
272,32,710,454,49,139,1,1,1
273,32,704,448,49,139,1,1,1
274,32,698,442,49,140,1,1,0.96
275,32,692,436,49,140,1,1,0.9
276,32,686,430,49,141,1,1,0.84
277,32,681,424,48,141,1,1,0.81633
278,32,676,418,48,141,1,1,0.79592
279,32,671,412,48,142,1,1,0.77551
280,32,668,404,48,142,1,1,0.79592
281,32,665,396,48,142,1,1,0.79592
282,32,663,389,48,142,1,1,0.81633
283,32,664,381,48,142,1,1,0.89796
284,32,665,373,48,142,1,1,0.95918
285,32,666,366,48,142,1,1,1
286,32,667,358,48,142,1,1,1
287,32,668,350,48,142,1,1,1
288,32,669,343,48,142,1,1,1
289,32,674,339,48,142,1,1,1
290,32,680,335,47,142,1,1,1
291,32,685,332,48,142,1,1,0.93878
292,32,691,328,47,142,1,1,0.91667
293,32,696,324,47,142,1,1,0.89583
294,32,702,321,47,142,1,1,0.875
295,32,707,322,47,141,1,1,0.85417
296,32,713,323,47,141,1,1,0.8125
297,32,718,324,48,141,1,1,0.79592
298,32,724,325,48,141,1,1,0.7551
299,32,728,323,48,141,1,1,0.7551
300,32,732,322,48,141,1,1,0.77551
301,32,737,321,48,141,1,1,0.7551
302,32,738,321,47,143,1,1,0.85417
303,32,739,321,47,145,1,1,0.8125
304,32,740,321,47,147,1,1,0.77083
305,32,741,321,47,149,1,1,0.75
306,32,742,322,47,151,1,1,0.70833
307,32,742,323,47,151,1,1,0.70833
308,32,743,324,46,151,1,1,0.68085
309,32,744,326,46,151,1,1,0.6383
310,32,741,324,46,151,1,1,0.70213
311,32,738,323,46,151,1,1,0.74468
312,32,735,322,46,151,1,1,0.80851
313,32,732,321,46,151,1,1,0.78723
314,32,729,320,46,151,1,1,0.76596
315,32,726,319,47,151,1,1,0.72917
316,32,723,318,47,151,1,1,0.70833
317,32,720,317,47,151,1,1,0.6875
318,32,718,316,46,151,1,1,0.65957
319,32,715,315,46,151,1,1,0.6383
320,32,712,314,46,151,1,1,0.61702
321,32,709,313,47,151,1,1,0.58333
322,32,706,312,47,151,1,1,0.5625
323,32,703,311,47,151,1,1,0.54167
324,32,700,310,47,151,1,1,0.52083
325,32,697,309,47,151,1,1,0.5
326,32,695,308,47,151,1,1,0.45833
327,32,694,308,48,153,1,1,0.42857
328,32,693,309,49,154,1,1,0.4
329,32,692,310,51,156,1,1,0.36538
330,32,691,310,52,158,1,1,0.33962
331,32,690,311,54,159,1,1,0.32727
332,32,690,312,54,161,1,1,0.29091
333,32,689,313,56,162,1,1,0.26316
334,32,688,313,57,164,1,1,0.24138
335,32,687,314,59,166,1,1,0.21667
336,32,686,315,60,167,1,1,0.19672
337,32,686,316,61,169,1,1,0.17742
338,32,686,315,60,171,1,1,0.081967
339,32,686,315,60,173,1,1,0
340,32,686,314,59,176,1,1,0
341,32,686,314,59,178,1,1,0
342,32,684,314,59,177,1,1,0
343,32,682,314,59,177,1,1,0
344,32,680,314,59,177,1,1,0
345,32,678,314,59,177,1,1,0
346,32,676,314,59,177,1,1,0
347,32,674,314,59,177,1,1,0
348,32,673,314,58,177,1,1,0
349,32,663,312,61,179,1,1,0
350,32,653,310,64,182,1,1,0
351,32,644,309,67,184,1,1,0
352,32,637,309,67,184,1,1,0
353,32,631,310,66,183,1,1,0
354,32,624,310,66,184,1,1,0
355,32,618,311,65,183,1,1,0
356,32,612,312,65,183,1,1,0
357,32,601,311,65,182,1,1,0
358,32,590,310,65,182,1,1,0
359,32,580,309,65,182,1,1,0
360,32,568,309,67,182,1,1,0
361,32,556,309,70,183,1,1,0
362,32,545,310,72,183,1,1,0
363,32,543,309,72,183,1,1,0
364,32,542,309,71,182,1,1,0
365,32,541,309,71,182,1,1,0
366,32,538,310,71,181,1,1,0
367,32,535,311,71,181,1,1,0
368,32,533,313,70,180,1,1,0
369,32,533,313,70,180,1,1,0
370,32,534,314,69,179,1,1,0
371,32,534,314,70,179,1,1,0
372,32,535,315,69,178,1,1,0
373,32,536,316,69,177,1,1,0
374,32,537,318,69,176,1,1,0
375,32,539,320,68,176,1,1,0
376,32,541,323,68,175,1,1,0
377,32,540,324,69,178,1,1,0
378,32,539,325,71,181,1,1,0
379,32,538,326,72,184,1,1,0
380,32,537,328,74,186,1,1,0
381,32,536,329,75,189,1,1,0
382,32,535,330,77,192,1,1,0
383,32,535,332,78,194,1,1,0
384,32,533,331,78,194,1,1,0
385,32,532,331,77,193,1,1,0
386,32,531,331,76,192,1,1,0
387,32,530,331,75,191,1,1,0
388,32,529,331,74,190,1,1,0
389,32,528,331,73,189,1,1,0
390,32,527,331,72,188,1,1,0
391,32,526,331,71,187,1,1,0
392,32,525,331,71,186,1,1,0
393,32,523,330,70,185,1,1,0
394,32,521,329,70,184,1,1,0
395,32,520,328,69,183,1,1,0
396,32,518,327,68,182,1,1,0
397,32,516,326,68,181,1,1,0
398,32,515,326,67,180,1,1,0
399,32,514,326,67,179,1,1,0
400,32,514,327,66,177,1,1,0
401,32,514,327,65,177,1,1,0
402,32,514,328,64,175,1,1,0
403,32,514,328,64,175,1,1,0
404,32,514,329,63,173,1,1,0
405,32,514,329,62,173,1,1,0
406,32,514,330,61,171,1,1,0
407,32,514,331,61,170,1,1,0
408,32,518,331,60,171,1,1,0
409,32,523,331,59,172,1,1,0
410,32,527,331,59,173,1,1,0
411,32,532,331,58,174,1,1,0
412,32,536,331,58,175,1,1,0
413,32,541,331,57,176,1,1,0
414,32,545,331,57,177,1,1,0
415,32,550,331,56,178,1,1,0
416,32,554,331,56,179,1,1,0
417,32,559,331,55,180,1,1,0
418,32,563,331,55,181,1,1,0
419,32,568,331,54,183,1,1,0
420,32,564,328,57,184,1,1,0
421,32,561,326,59,185,1,1,0.083333
422,32,558,324,61,186,1,1,0.17742
423,32,554,322,64,189,1,1,0.26154
424,32,550,321,67,191,1,1,0.33824
425,32,547,320,70,194,1,1,0.42254
426,32,543,319,69,195,1,1,0.45714
427,32,540,319,67,195,1,1,0.5
428,32,537,318,66,197,1,1,0.55224
429,32,533,318,65,197,1,1,0.66667
430,32,530,317,64,199,1,1,0.78462
431,32,527,317,62,199,1,1,0.90476
432,32,524,317,61,200,1,1,1
433,32,520,317,61,200,1,1,1
434,32,516,317,61,200,1,1,1
435,32,513,317,61,200,1,1,1
436,32,512,315,61,200,1,1,1
437,32,511,314,61,200,1,1,1
438,32,510,312,61,200,1,1,1
439,32,510,311,61,200,1,1,1
440,32,509,309,61,200,1,1,1
441,32,508,308,61,200,1,1,1
442,32,508,307,61,200,1,1,1
443,32,511,306,61,200,1,1,1
444,32,515,306,61,200,1,1,1
445,32,519,305,61,200,1,1,0.98387
446,32,523,305,61,200,1,1,0.95161
447,32,528,306,62,199,1,1,0.90476
448,32,533,307,63,199,1,1,0.84375
449,32,539,308,63,199,1,1,0.79688
450,32,544,309,64,199,1,1,0.73846
451,32,549,310,65,199,1,1,0.69697
427,39,1016,320,77,231,1,1,0.1008
428,39,1014,318,77,232,1,1,0.10058
429,39,1012,317,78,233,1,1,0.09445
430,39,1011,316,78,234,1,1,0.11726
431,39,1009,315,79,235,1,1,0.13978
432,39,1007,314,79,235,1,1,0.15228
433,39,1006,313,79,236,1,1,0.17674
434,39,1004,311,80,238,1,1,0.18885
435,39,1002,310,81,239,1,1,0.21138
436,39,1001,309,80,239,1,1,0.22737
437,39,999,308,81,240,1,1,0.24992
438,39,997,307,82,241,1,1,0.26038
439,39,996,306,82,242,1,1,0.28797
440,39,995,306,83,243,1,1,0.30328
441,39,995,306,83,244,1,1,0.33552
442,39,995,306,83,245,1,1,0.34446
443,39,1000,305,83,246,1,1,0.38018
444,39,1005,304,84,247,1,1,0.38743
445,39,1011,303,84,248,1,1,0.4231
446,39,1016,302,85,249,1,1,0.44233
447,39,1022,302,85,249,1,1,0.46498
448,39,1027,301,86,250,1,1,0.68966
449,39,1032,300,87,251,1,1,0.5
450,39,1038,299,87,252,1,1,0.50076
451,39,1043,298,88,253,1,1,0.48385
428,40,814,304,97,255,1,1,0
429,40,809,304,96,253,1,1,0
430,40,804,305,96,251,1,1,0.020619
431,40,799,305,96,250,1,1,0.072165
432,40,794,306,96,248,1,1,0.12371
433,40,795,305,95,247,1,1,0.16667
434,40,796,305,94,246,1,1,0.22105
435,40,797,304,93,246,1,1,0.2766
436,40,798,304,92,244,1,1,0.32258
437,40,799,303,92,244,1,1,0.37634
438,40,800,303,91,243,1,1,0.43478
439,40,801,302,90,242,1,1,0.48352
440,40,802,302,89,241,1,1,0.5
441,40,803,301,88,241,1,1,0.51685
442,40,805,301,87,240,1,1,0.53409
443,40,810,301,88,239,1,1,0.53933
444,40,816,301,88,239,1,1,0.5618
445,40,822,301,88,239,1,1,0.5618
446,40,828,301,88,239,1,1,0.57303
447,40,834,301,88,239,1,1,0.57303
448,40,840,301,88,239,1,1,0.57303
449,40,846,301,88,239,1,1,0.58427
450,40,852,301,88,239,1,1,0.59551
451,40,858,301,88,239,1,1,0.59551
340,45,791,244,163,392,1,1,0.11585
341,45,785,241,162,395,1,1,0.1411
342,45,780,239,161,398,1,1,0.16049
343,45,774,236,160,402,1,1,0.18634
344,45,769,234,159,405,1,1,0.2125
345,45,763,231,158,409,1,1,0.23899
346,45,758,229,157,412,1,1,0.25949
347,45,752,226,156,416,1,1,0.29299
348,45,747,224,155,419,1,1,0.3141
349,45,742,222,154,422,1,1,0.33548
350,45,736,219,153,426,1,1,0.37013
351,45,731,217,152,429,1,1,0.39216
352,45,725,214,151,433,1,1,0.42763
353,45,720,212,150,436,1,1,0.45695
354,45,714,209,149,440,1,1,0.49333
355,45,709,207,148,443,1,1,0.52349
356,45,704,205,147,446,1,1,0.55405
357,45,694,204,149,450,1,1,0.60667
358,45,685,203,150,455,1,1,0.65563
359,45,676,202,152,460,1,1,0.69935
360,45,666,201,154,465,1,1,0.74839
361,45,657,200,155,470,1,1,0.78205
362,45,648,199,157,475,1,1,0.81013
363,45,638,198,159,479,1,1,0.85
364,45,629,197,160,484,1,1,0.88199
365,45,620,196,162,489,1,1,0.91411
366,45,610,195,164,494,1,1,0.94545
367,45,601,194,165,499,1,1,0.9759
368,45,592,193,167,504,1,1,1
369,45,587,192,170,510,1,1,1
370,45,582,191,174,517,1,1,0.99431
371,45,577,190,178,523,1,1,1
372,45,572,189,181,530,1,1,1
373,45,567,189,185,535,1,1,1
374,45,562,188,189,542,1,1,1
375,45,557,187,192,548,1,1,1
376,45,552,186,196,555,1,1,1
377,45,547,185,200,561,1,1,1
378,45,543,185,203,567,1,1,1
379,45,537,182,206,576,1,1,1
380,45,532,179,208,585,1,1,1
381,45,527,177,210,593,1,1,1
382,45,522,174,213,602,1,1,1
383,45,517,171,215,611,1,1,1
384,45,512,169,217,619,1,1,1
385,45,507,166,220,628,1,1,1
386,45,502,164,222,636,1,1,1
387,45,497,161,224,645,1,1,1
388,45,492,158,227,654,1,1,1
389,45,487,156,229,662,1,1,1
390,45,482,153,231,671,1,1,1
391,45,477,151,234,680,1,1,1
392,45,470,144,238,691,1,1,1
393,45,463,138,243,702,1,1,1
394,45,456,131,247,713,1,1,1
395,45,449,125,252,724,1,1,1
396,45,442,119,256,734,1,1,1
397,45,436,112,260,746,1,1,1
398,45,429,106,264,756,1,1,1
399,45,422,100,269,767,1,1,1
400,45,415,93,273,778,1,1,1
401,45,408,87,278,789,1,1,1
402,45,402,81,282,800,1,1,1
403,45,391,77,292,818,1,1,1
404,45,381,74,301,835,1,1,1
405,45,370,71,311,852,1,1,1
406,45,360,68,321,870,1,1,1
407,45,355,63,324,888,1,1,1
408,45,351,58,326,906,1,1,1
409,45,346,54,330,923,1,1,1
410,45,342,49,332,942,1,1,1
411,45,338,44,334,960,1,1,1
412,45,333,40,338,977,1,1,1
413,45,329,35,340,995,1,1,1
414,45,325,31,343,1013,1,1,1
415,45,304,19,356,1032,1,1,1
416,45,283,7,370,1051,1,1,1
417,45,263,-5,382,1070,1,1,0.9944
418,45,242,-17,396,1089,1,1,0.98349
419,45,222,-29,408,1109,1,1,0.97297
420,45,201,-41,422,1128,1,1,0.9566
421,45,181,-53,434,1147,1,1,0.81835
422,45,160,-65,448,1166,1,1,0.79168
423,45,140,-77,461,1186,1,1,0.79366
424,45,119,-89,475,1230,1,1,0.77781
425,45,99,-101,488,1274,1,1,0.76391
426,45,78,-113,502,1319,1,1,0.74824
427,45,58,-125,515,1363,1,1,0.73501
428,45,38,-136,528,1407,1,1,0.76705
429,45,16,-153,538,1434,1,1,0.75261
430,45,-5,-170,548,1461,1,1,0.73064
431,45,-26,-186,558,1487,1,1,0.69075
432,45,-47,-203,568,1514,1,1,0.65273
433,45,-68,-220,577,1541,1,1,0.61678
434,45,-89,-236,587,1567,1,1,0.58335
435,45,-110,-253,597,1594,1,1,0.55143
436,45,-131,-269,607,1620,1,1,0.52161
437,45,-194,-269,650,1616,1,1,0.46784
438,45,-257,-269,693,1612,1,1,0.42065
439,45,-320,-269,736,1609,1,1,0.37864
440,45,-349,-269,736,1601,1,1,0.354
441,45,-377,-269,736,1594,1,1,0.32983
442,45,-405,-269,736,1587,1,1,0.30545
443,45,-424,-269,723,1583,1,1,0.28158
444,45,-442,-269,709,1579,1,1,0.25705
445,45,-461,-269,696,1575,1,1,0.23105
446,45,-479,-269,683,1572,1,1,0.20477
447,45,-479,-269,639,1568,1,1,0.17208
448,45,-479,-269,596,1564,1,1,0.13524
428,46,884,332,53,195,1,1,0
429,46,877,332,55,193,1,1,0
430,46,870,332,57,191,1,1,0
431,46,863,332,59,190,1,1,0
432,46,856,332,61,188,1,1,0
433,46,849,332,63,186,1,1,0
434,46,843,333,64,184,1,1,0
435,46,840,332,66,182,1,1,0
436,46,837,331,68,180,1,1,0
437,46,834,330,71,179,1,1,0
438,46,833,329,70,179,1,1,0
439,46,832,329,70,179,1,1,0
440,46,831,328,69,180,1,1,0
441,46,830,328,69,180,1,1,0
442,46,827,325,68,180,1,1,0
443,46,824,322,68,181,1,1,0
444,46,821,319,67,182,1,1,0
445,46,818,317,67,182,1,1,0
446,46,813,317,67,182,1,1,0
447,46,809,318,66,182,1,1,0
448,46,805,318,65,183,1,1,0
449,46,801,319,65,183,1,1,0
450,46,800,318,64,183,1,1,0
451,46,799,317,64,184,1,1,0
27,52,1668,750,55,153,0,8,1
28,52,1681,754,57,157,0,8,1
29,52,1695,758,59,162,0,8,1
30,52,1708,763,62,165,0,8,1
31,52,1722,767,64,170,0,8,1
32,52,1736,772,66,174,0,8,1
33,52,1739,780,70,177,0,8,1
34,52,1743,789,74,179,0,8,1
35,52,1746,798,79,181,0,8,1
36,52,1750,807,83,183,0,8,1
37,52,1754,816,87,185,0,8,1
38,52,1759,823,87,185,0,8,1
39,52,1764,831,87,185,0,8,1
40,52,1769,838,87,185,0,8,1
41,52,1774,846,87,185,0,8,1
42,52,1780,854,87,185,0,8,1
43,52,1778,860,89,189,0,8,1
44,52,1776,866,92,194,0,8,1
45,52,1775,873,93,197,0,8,1
46,52,1773,879,96,202,0,8,0.99507
47,52,1771,885,98,206,0,8,0.94686
48,52,1770,892,100,210,0,8,0.89573
49,52,1769,894,104,211,0,8,0.88208
50,52,1769,896,108,213,0,8,0.86449
51,52,1769,898,111,215,0,8,0.84722
52,52,1769,900,115,217,0,8,0.83028
53,52,1769,902,112,215,0,8,0.8287
54,52,1770,904,108,213,0,8,0.8271
55,52,1771,906,104,211,0,8,0.82547
56,52,1772,908,100,210,0,8,0.81991
57,52,1777,909,105,210,0,8,0.81517
58,52,1782,911,111,209,0,8,0.80952
59,52,1787,912,116,209,0,8,0.80476
60,52,1792,914,122,209,0,8,0.79524
61,52,1796,912,119,210,0,8,0.80095
62,52,1801,910,116,212,0,8,0.80282
63,52,1806,908,113,213,0,8,0.80841
64,52,1811,906,110,215,0,8,0.80289
65,52,1815,904,108,217,0,8,0.78958
66,52,1820,902,105,218,0,8,0.7788
67,52,1825,900,102,220,0,8,0.76334
68,52,1830,898,99,222,0,8,0.74677
69,52,1832,896,99,222,0,8,0.73834
70,52,1835,895,99,222,0,8,0.71731
71,52,1838,894,99,222,0,8,0.69601
72,52,1844,892,99,222,0,8,0.6526
73,52,1851,890,99,222,0,8,0.59955
74,52,1857,888,99,222,0,8,0.5539
75,52,1864,886,99,222,0,8,0.49843
76,52,1862,884,99,224,0,8,0.51658
77,52,1861,883,99,225,0,8,0.52566
78,52,1860,882,99,226,0,8,0.53476
79,52,1859,881,98,227,0,8,0.54935
80,52,1858,880,98,228,0,8,0.55855
81,52,1856,878,99,230,0,8,0.57121
82,52,1855,877,98,231,0,8,0.58621
83,52,1854,876,98,232,0,8,0.59544
84,52,1853,875,98,233,0,8,0.60468
85,52,1852,874,98,234,0,8,0.61393
86,52,1849,870,98,234,0,8,0.653
87,52,1846,866,98,234,0,8,0.6931
88,52,1843,862,98,234,0,8,0.73424
89,52,1840,858,98,234,0,8,0.7764
90,52,1838,854,98,234,0,8,0.80984
91,52,1837,849,98,234,0,8,0.83765
92,52,1836,845,98,234,0,8,0.85859
93,52,1835,840,98,234,0,8,0.86869
94,52,1834,836,98,234,0,8,0.87879
95,52,1838,836,98,234,0,8,0.83838
96,52,1843,836,98,234,0,8,0.78788
97,52,1847,836,98,234,0,8,0.74747
98,52,1852,837,98,234,0,8,0.69697
99,52,1856,837,98,234,0,8,0.65657
100,52,1861,837,98,234,0,8,0.60606
27,53,1574,768,71,185,0,8,1
28,53,1582,772,71,185,0,8,1
29,53,1590,777,71,185,0,8,1
30,53,1598,782,71,185,0,8,1
31,53,1606,787,71,185,0,8,1
32,53,1614,792,71,185,0,8,1
33,53,1624,800,70,188,0,8,1
34,53,1634,808,70,192,0,8,1
35,53,1644,817,70,194,0,8,1
36,53,1654,825,70,198,0,8,1
37,53,1664,834,70,201,0,8,1
38,53,1669,842,70,201,0,8,1
39,53,1674,850,70,201,0,8,1
40,53,1679,858,70,201,0,8,1
41,53,1684,866,70,201,0,8,1
42,53,1690,874,70,201,0,8,1
43,53,1688,880,70,203,0,8,0.98529
44,53,1687,886,70,205,0,8,0.9466
45,53,1686,893,69,206,0,8,0.90821
46,53,1684,899,70,208,0,8,0.87081
47,53,1683,905,69,210,0,8,0.83412
48,53,1682,912,69,211,0,8,0.79717
49,53,1683,915,69,214,0,8,0.77209
50,53,1684,919,69,217,0,8,0.74312
51,53,1685,922,69,220,0,8,0.71946
52,53,1687,926,68,223,0,8,0.69196
53,53,1689,924,68,220,0,8,0.71041
54,53,1691,923,69,217,0,8,0.72477
55,53,1693,921,69,214,0,8,0.74419
56,53,1696,920,69,211,0,8,0.75943
57,53,1697,920,69,211,0,8,0.75943
58,53,1699,920,69,211,0,8,0.75943
59,53,1700,920,69,211,0,8,0.75943
60,53,1702,920,69,211,0,8,0.75943
61,53,1706,920,69,211,0,8,0.75943
62,53,1710,920,69,211,0,8,0.75943
63,53,1714,920,69,211,0,8,0.75943
64,53,1718,920,69,211,0,8,0.75943
65,53,1723,920,69,211,0,8,0.75943
66,53,1729,921,69,211,0,8,0.75472
67,53,1734,921,69,211,0,8,0.75472
68,53,1740,922,69,211,0,8,0.75
69,53,1745,920,69,211,0,8,0.75943
70,53,1750,918,69,211,0,8,0.76887
71,53,1756,916,69,211,0,8,0.7783
72,53,1755,913,73,216,0,8,0.77419
73,53,1755,911,77,220,0,8,0.76923
74,53,1754,908,82,225,0,8,0.76549
75,53,1754,906,86,230,0,8,0.75758
76,53,1753,904,86,232,0,8,0.75966
77,53,1752,903,86,233,0,8,0.76068
78,53,1752,901,85,235,0,8,0.76271
79,53,1751,900,86,236,0,8,0.76371
80,53,1751,899,85,237,0,8,0.76471
81,53,1750,897,85,239,0,8,0.76667
82,53,1749,896,86,240,0,8,0.76763
83,53,1749,894,85,242,0,8,0.76955
84,53,1748,893,85,243,0,8,0.77049
85,53,1748,892,85,244,0,8,0.77143
86,53,1744,888,85,244,0,8,0.78776
87,53,1740,885,85,244,0,8,0.8
88,53,1737,882,85,244,0,8,0.81224
89,53,1733,879,85,244,0,8,0.82449
90,53,1730,876,85,244,0,8,0.83673
91,53,1726,872,88,243,0,8,0.85656
92,53,1723,868,91,243,0,8,0.87295
93,53,1719,864,94,243,0,8,0.88934
94,53,1716,860,97,243,0,8,0.90574
95,53,1720,859,97,243,0,8,0.90984
96,53,1724,859,97,243,0,8,0.90984
97,53,1728,859,97,243,0,8,0.90984
98,53,1733,858,97,243,0,8,0.91393
99,53,1737,858,97,243,0,8,0.91393
100,53,1741,858,97,243,0,8,0.91393
101,53,1746,858,97,243,0,8,0.91393
102,53,1762,859,97,243,0,8,0.90984
103,53,1779,860,97,243,0,8,0.90574
104,53,1795,861,97,243,0,8,0.90164
105,53,1812,862,97,243,0,8,0.89754
106,53,1823,862,97,243,0,8,0.89754
107,53,1834,863,97,243,0,8,0.79316
108,53,1846,864,97,243,0,8,0.68062
109,53,1854,864,97,243,0,8,0.60802
110,53,1862,864,97,243,0,8,0.53542
111,53,1870,864,97,243,0,8,0.46282
112,53,1878,864,97,243,0,8,0.39022
66,54,1572,952,57,155,0,8,0.82692
67,54,1576,952,57,155,0,8,0.82692
68,54,1580,952,57,155,0,8,0.82692
69,54,1584,952,57,155,0,8,0.82692
70,54,1588,952,57,155,0,8,0.82692
71,54,1592,952,57,155,0,8,0.82692
72,54,1596,949,57,155,0,8,0.84615
73,54,1600,947,57,155,0,8,0.85897
74,54,1605,944,57,155,0,8,0.87821
75,54,1609,942,57,155,0,8,0.89103
76,54,1614,940,57,155,0,8,0.90385
77,54,1614,938,57,155,0,8,0.91667
78,54,1615,937,57,155,0,8,0.92308
79,54,1615,936,57,155,0,8,0.92949
80,54,1616,935,57,155,0,8,0.9359
81,54,1616,934,57,155,0,8,0.94231
82,54,1617,933,57,155,0,8,0.94872
83,54,1618,932,57,155,0,8,0.95513
84,54,1610,931,57,155,0,8,0.96154
85,54,1602,930,57,155,0,8,0.96795
86,54,1594,929,57,155,0,8,0.97436
87,54,1586,928,57,155,0,8,0.98077
88,54,1585,925,57,155,0,8,1
89,54,1584,922,57,155,0,8,1
90,54,1583,919,57,155,0,8,1
91,54,1582,916,57,155,0,8,1
92,54,1581,913,57,155,0,8,1
93,54,1580,910,57,155,0,8,1
94,54,1579,907,57,155,0,8,1
95,54,1578,904,57,155,0,8,1
96,54,1578,902,57,155,0,8,1
97,54,1583,903,56,153,0,8,1
98,54,1588,905,56,150,0,8,1
99,54,1593,907,56,147,0,8,1
100,54,1598,908,56,145,0,8,1
101,54,1603,910,56,142,0,8,1
102,54,1608,912,56,139,0,8,1
103,54,1621,911,58,138,0,8,1
104,54,1634,910,61,138,0,8,1
105,54,1647,909,63,138,0,8,1
106,54,1660,908,66,138,0,8,1
107,54,1671,909,66,138,0,8,1
108,54,1683,910,66,138,0,8,1
109,54,1694,911,66,138,0,8,1
110,54,1706,912,66,138,0,8,1
111,54,1715,912,66,138,0,8,1
112,54,1724,913,66,138,0,8,1
113,54,1733,913,66,138,0,8,1
114,54,1742,914,66,138,0,8,1
115,54,1744,916,66,138,0,8,1
116,54,1746,918,66,138,0,8,1
117,54,1749,920,66,138,0,8,1
118,54,1751,922,66,138,0,8,1
119,54,1754,924,66,138,0,8,1
120,54,1756,926,66,138,0,8,1
121,54,1758,928,66,138,0,8,1
122,54,1761,931,66,138,0,8,1
123,54,1763,933,66,138,0,8,1
124,54,1766,935,66,138,0,8,1
125,54,1768,937,66,138,0,8,1
126,54,1770,939,66,138,0,8,1
127,54,1773,941,66,138,0,8,1
128,54,1775,943,66,138,0,8,0.99281
129,54,1778,946,66,138,0,8,0.97122
130,54,1783,946,66,138,0,8,0.97122
131,54,1789,946,66,138,0,8,0.97122
132,54,1794,946,66,138,0,8,0.97122
133,54,1800,946,66,138,0,8,0.97122
134,54,1806,948,66,143,0,8,0.92361
135,54,1812,950,66,149,0,8,0.87333
136,54,1819,953,65,153,0,8,0.83117
137,54,1825,955,65,159,0,8,0.7875
138,54,1832,958,65,164,0,8,0.74545
139,54,1840,959,65,164,0,8,0.73939
140,54,1848,961,65,164,0,8,0.72727
141,54,1856,962,65,164,0,8,0.71028
172,55,981,408,37,127,1,1,0
173,55,980,408,37,127,1,1,0
174,55,980,409,37,126,1,1,0
175,55,980,409,37,126,1,1,0
176,55,980,410,37,126,1,1,0.052632
177,55,983,410,36,125,1,1,0.054054
178,55,986,410,35,125,1,1,0.055556
179,55,989,410,34,125,1,1,0.057143
180,55,992,410,33,125,1,1,0.088235
181,55,996,410,33,125,1,1,0.11765
182,55,1000,410,33,125,1,1,0.11765
183,55,1004,410,33,125,1,1,0.11765
184,55,1008,410,33,125,1,1,0.14706
185,55,1012,410,33,125,1,1,0.11765
186,55,1016,410,33,125,1,1,0.14706
187,55,1020,410,33,125,1,1,0.14706
188,55,1024,410,33,125,1,1,0.14706
189,55,1023,411,33,125,1,1,0.17647
190,55,1022,413,33,125,1,1,0.17647
191,55,1021,414,33,125,1,1,0.17647
192,55,1020,416,33,125,1,1,0.20588
193,55,1019,418,33,125,1,1,0.20588
194,55,1018,419,33,125,1,1,0.20588
195,55,1017,421,33,125,1,1,0.20588
196,55,1016,422,33,125,1,1,0.14706
197,55,1015,424,33,125,1,1,0.088235
198,55,1014,426,33,125,1,1,0
199,55,1009,427,33,125,1,1,0.058824
200,55,1004,428,33,125,1,1,0.11765
201,55,1000,429,33,125,1,1,0.14706
202,55,995,430,33,125,1,1,0.17647
203,55,990,431,33,125,1,1,0.23529
204,55,986,432,33,125,1,1,0.32353
205,55,985,432,33,125,1,1,0.35294
206,55,984,433,33,125,1,1,0.38235
207,55,984,434,33,125,1,1,0.35294
208,55,983,434,33,125,1,1,0.35294
209,55,982,435,33,125,1,1,0.32353
210,55,982,436,33,125,1,1,0.32353
211,55,982,436,33,125,1,1,0.32353
212,55,982,437,33,125,1,1,0.32353
213,55,982,438,33,125,1,1,0.29412
214,55,982,438,33,125,1,1,0.29412
215,55,982,439,33,125,1,1,0.38235
216,55,982,440,33,125,1,1,0.32353
217,55,988,440,33,125,1,1,0.26471
218,55,995,441,33,125,1,1,0.20588
219,55,1001,441,33,125,1,1,0.14706
220,55,1008,442,33,125,1,1,0.058824
221,55,1014,442,33,125,1,1,0
222,55,1021,443,33,125,1,1,0
229,56,1630,950,27,69,1,1,1
230,56,1628,951,27,69,1,1,1
231,56,1627,953,27,69,1,1,1
232,56,1626,955,27,69,1,1,1
233,56,1624,956,27,69,1,1,1
234,56,1623,958,27,69,1,1,1
235,56,1622,960,27,69,1,1,1
236,56,1618,961,27,69,1,1,1
237,56,1615,963,27,69,1,1,1
238,56,1612,964,27,69,1,1,1
239,56,1608,966,27,69,1,1,1
240,56,1605,967,27,69,1,1,1
241,56,1602,969,27,69,1,1,1
242,56,1598,970,27,69,1,1,1
243,56,1595,972,27,69,1,1,1
244,56,1592,974,27,69,1,1,1
245,56,1589,975,27,69,1,1,1
246,56,1586,976,27,69,1,1,1
247,56,1583,977,27,69,1,1,1
248,56,1580,978,27,69,1,1,1
249,56,1577,979,27,69,1,1,1
250,56,1574,980,27,69,1,1,1
251,56,1572,982,27,69,1,1,1
252,56,1575,982,27,69,1,1,1
253,56,1578,982,27,69,1,1,1
254,56,1581,982,27,69,1,1,1
255,56,1584,983,27,69,1,1,1
256,56,1587,983,27,69,1,1,1
257,56,1590,983,27,69,1,1,1
258,56,1594,984,27,69,1,1,1
259,56,1595,983,27,69,1,1,1
260,56,1596,983,27,69,1,1,1
261,56,1598,983,27,69,1,1,1
262,56,1599,983,27,69,1,1,1
263,56,1600,982,27,69,1,1,1
264,56,1602,982,27,69,1,1,1
265,56,1603,982,27,69,1,1,1
266,56,1604,982,27,69,1,1,1
267,56,1606,982,27,69,1,1,1
268,56,1604,981,27,69,1,1,1
269,56,1602,980,27,69,1,1,1
270,56,1600,979,27,69,1,1,1
271,56,1598,978,27,69,1,1,1
272,56,1592,972,27,69,1,1,1
273,56,1586,966,27,69,1,1,1
274,56,1580,960,27,69,1,1,1
275,56,1574,954,27,69,1,1,1
276,56,1568,948,27,69,1,1,1
300,57,1078,338,37,113,1,1,0
301,57,1079,338,36,115,1,1,0
302,57,1080,338,36,117,1,1,0
303,57,1081,338,36,119,1,1,0
304,57,1082,338,36,121,1,1,0
305,57,1083,338,36,123,1,1,0
306,57,1084,338,36,125,1,1,0
307,57,1083,338,36,125,1,1,0
308,57,1083,338,36,125,1,1,0
309,57,1082,339,36,125,1,1,0
310,57,1082,339,36,125,1,1,0
311,57,1082,340,36,125,1,1,0
312,57,1080,339,36,125,1,1,0
313,57,1078,338,36,125,1,1,0.031532
314,57,1077,338,36,125,1,1,0.1006
315,57,1075,337,36,125,1,1,0.1982
316,57,1073,336,36,125,1,1,0.22523
317,57,1072,336,36,125,1,1,0.22394
318,57,1071,334,36,125,1,1,0.21579
319,57,1070,333,36,125,1,1,0.24775
320,57,1069,331,36,125,1,1,0.27027
321,57,1068,330,36,125,1,1,0.27027
322,57,1066,330,36,125,1,1,0.24324
323,57,1065,330,36,125,1,1,0.21622
324,57,1063,330,36,125,1,1,0.18919
325,57,1062,330,36,125,1,1,0.16216
326,57,1062,331,36,125,1,1,0.10811
327,57,1063,332,36,125,1,1,0.081081
328,57,1064,334,36,125,1,1,0.054054
329,57,1065,335,36,125,1,1,0.027027
330,57,1066,337,36,125,1,1,0
331,57,1067,338,36,125,1,1,0
332,57,1068,340,36,125,1,1,0
333,57,1069,341,36,125,1,1,0
334,57,1070,343,36,125,1,1,0
335,57,1071,344,36,125,1,1,0
301,58,1078,382,27,79,1,1,0
302,58,1079,383,27,79,1,1,0
303,58,1081,384,27,79,1,1,0
304,58,1082,385,27,79,1,1,0
305,58,1084,386,27,79,1,1,0
306,58,1086,388,27,79,1,1,0
307,58,1085,388,27,79,1,1,0
308,58,1084,389,27,79,1,1,0
309,58,1083,389,27,79,1,1,0
310,58,1082,390,27,79,1,1,0
311,58,1081,389,27,79,1,1,0
312,58,1080,388,27,79,1,1,0
313,58,1079,387,27,79,1,1,0.10714
314,58,1078,387,27,79,1,1,0.25
315,58,1077,386,27,79,1,1,0.21429
316,58,1076,385,27,79,1,1,0.21429
317,58,1075,384,27,79,1,1,0.21429
318,58,1074,384,27,79,1,1,0.17857
319,58,1071,382,27,79,1,1,0.10714
320,58,1068,380,27,79,1,1,0
321,58,1066,378,27,79,1,1,0
322,58,1065,378,27,79,1,1,0
323,58,1065,378,27,79,1,1,0
324,58,1065,378,27,79,1,1,0
325,58,1065,378,27,79,1,1,0
326,58,1065,379,27,79,1,1,0
327,58,1066,379,27,79,1,1,0
328,58,1067,380,27,79,1,1,0
329,58,1068,380,27,79,1,1,0
330,58,1069,381,27,79,1,1,0
331,58,1070,381,27,79,1,1,0
332,58,1072,382,27,79,1,1,0
333,58,1073,386,27,79,1,1,0
334,58,1075,390,27,79,1,1,0
335,58,1076,394,27,79,1,1,0
249,59,1746,1002,37,103,1,1,0.75962
250,59,1749,1002,37,103,1,1,0.75962
251,59,1752,1003,37,103,1,1,0.75
252,59,1755,1004,37,103,1,1,0.74038
253,59,1758,1004,37,103,1,1,0.74038
254,59,1761,1005,37,103,1,1,0.73077
255,59,1764,1006,37,103,1,1,0.72115
256,59,1767,1006,37,103,1,1,0.72115
257,59,1770,1007,37,103,1,1,0.71154
258,59,1774,1008,37,103,1,1,0.70192
259,59,1775,1009,37,103,1,1,0.69231
260,59,1776,1010,37,103,1,1,0.68269
261,59,1777,1011,37,103,1,1,0.67308
262,59,1778,1012,37,103,1,1,0.66346
263,59,1780,1014,37,103,1,1,0.64423
264,59,1780,1014,37,103,1,1,0.64423
265,59,1780,1014,37,103,1,1,0.64423
266,59,1781,1014,37,103,1,1,0.64423
267,59,1781,1014,37,103,1,1,0.64423
268,59,1781,1014,37,103,1,1,0.64423
269,59,1782,1014,37,103,1,1,0.64423
270,59,1777,1010,37,103,1,1,0.68269
271,59,1772,1006,37,103,1,1,0.72115
272,59,1767,1002,37,103,1,1,0.75962
273,59,1762,998,37,103,1,1,0.79808
274,59,1758,994,37,103,1,1,0.83654
275,59,1749,989,37,103,1,1,0.88462
276,59,1741,984,37,103,1,1,0.93269
277,59,1732,979,37,103,1,1,0.98077
278,59,1724,974,37,103,1,1,1
279,59,1722,967,36,96,1,1,1
280,59,1720,960,36,90,1,1,1
281,59,1718,953,36,83,1,1,1
282,59,1716,946,36,77,1,1,1
283,59,1716,939,36,77,1,1,1
284,59,1717,932,36,77,1,1,1
285,59,1718,926,36,77,1,1,1
286,59,1720,920,36,77,1,1,1
287,59,1723,914,36,77,1,1,1
288,59,1726,908,36,77,1,1,1
289,59,1732,904,36,77,1,1,1
290,59,1739,901,36,77,1,1,1
291,59,1746,898,36,77,1,1,1
292,59,1753,898,36,77,1,1,1
293,59,1760,899,36,77,1,1,1
294,59,1768,900,36,77,1,1,1
295,59,1775,900,36,77,1,1,1
296,59,1783,900,36,77,1,1,1
297,59,1790,900,36,77,1,1,1
298,59,1798,900,36,77,1,1,1
299,59,1802,906,36,77,1,1,1
300,59,1807,913,36,77,1,1,1
301,59,1812,920,36,77,1,1,1
302,59,1815,920,36,77,1,1,1
303,59,1819,920,36,77,1,1,1
304,59,1823,921,36,77,1,1,1
305,59,1826,921,36,77,1,1,1
306,59,1830,921,36,77,1,1,1
307,59,1834,922,36,77,1,1,1
308,59,1832,920,36,77,1,1,1
309,59,1830,919,36,77,1,1,1
310,59,1828,918,36,77,1,1,1
311,59,1825,919,36,77,1,1,1
312,59,1823,920,36,77,1,1,1
313,59,1821,921,36,77,1,1,1
314,59,1819,922,36,77,1,1,1
315,59,1816,923,36,77,1,1,1
316,59,1814,924,36,77,1,1,1
317,59,1812,925,36,77,1,1,1
318,59,1810,926,36,77,1,1,1
109,76,935,392,40,134,1,1,0
110,76,936,391,42,134,1,1,0
111,76,937,390,45,135,1,1,0
112,76,938,389,48,136,1,1,0
113,76,940,388,50,136,1,1,0
114,76,941,387,53,137,1,1,0
115,76,942,386,56,138,1,1,0.017544
116,76,944,386,58,138,1,1,0
117,76,943,385,57,138,1,1,0
118,76,942,385,57,138,1,1,0
119,76,941,385,57,138,1,1,0
120,76,940,385,57,138,1,1,0
121,76,939,384,57,138,1,1,0
122,76,938,384,57,138,1,1,0.051724
123,76,937,384,57,138,1,1,0.034483
124,76,936,384,57,138,1,1,0.034483
125,76,935,383,57,138,1,1,0.054205
126,76,934,383,57,138,1,1,0.0048375
127,76,933,383,57,138,1,1,0.0052096
123,77,911,384,52,150,1,1,0.09434
124,77,908,384,53,151,1,1,0.14815
125,77,906,385,53,151,1,1,0.18519
126,77,904,386,53,151,1,1,0.24074
127,77,901,386,54,152,1,1,0.25455
128,77,899,387,54,152,1,1,0.27273
129,77,897,388,54,153,1,1,0.27273
130,77,897,389,55,154,1,1,0.19643
131,77,898,391,55,154,1,1,0.089286
132,77,899,392,55,155,1,1,0.017857
133,77,900,394,55,155,1,1,0
134,77,901,395,55,156,1,1,0
135,77,902,397,55,156,1,1,0
136,77,903,398,55,157,1,1,0
137,77,904,400,56,157,1,1,0
138,77,906,400,57,158,1,1,0
139,77,909,401,57,158,1,1,0
140,77,912,401,57,160,1,1,0
141,77,915,402,57,160,1,1,0
142,77,918,403,57,161,1,1,0
143,77,924,402,56,161,1,1,0
144,77,930,402,56,160,1,1,0
145,77,936,401,56,160,1,1,0
146,77,942,401,56,160,1,1,0
147,77,944,403,56,160,1,1,0
148,77,946,405,56,160,1,1,0
149,77,948,408,56,160,1,1,0
150,77,951,410,56,160,1,1,0
151,77,953,413,56,160,1,1,0
152,77,955,415,56,160,1,1,0
153,77,958,418,56,160,1,1,0
154,77,958,416,56,160,1,1,0
155,77,958,414,57,160,1,1,0
156,77,959,412,57,160,1,1,0
157,77,955,411,57,160,1,1,0
158,77,951,410,57,160,1,1,0
159,77,947,410,57,159,1,1,0
160,77,943,409,57,159,1,1,0
1,79,847,329,49,119,1,1,0.4
2,79,845,329,49,119,1,1,0.5
3,79,843,330,49,119,1,1,0.52
4,79,841,331,49,119,1,1,0.54
5,79,839,332,50,119,1,1,0.54902
6,79,838,333,49,119,1,1,0.56
7,79,836,333,49,120,1,1,0.58
8,79,834,334,50,120,1,1,0.58824
9,79,832,335,50,120,1,1,0.60784
10,79,830,336,50,120,1,1,0.62745
11,79,829,337,50,120,1,1,0.62745
12,79,828,336,50,120,1,1,0.66667
13,79,827,336,50,120,1,1,0.66667
14,79,826,336,50,120,1,1,0.56863
15,79,826,336,50,120,1,1,0.45098
16,79,829,339,50,120,1,1,0.29412
17,79,833,342,50,120,1,1,0.11765
18,79,836,345,50,120,1,1,0
19,79,840,348,50,120,1,1,0
20,79,843,351,50,120,1,1,0
21,79,847,355,50,120,1,1,0
22,79,859,357,50,120,1,1,0
23,79,872,359,50,120,1,1,0
23,80,1338,711,26,52,1,1,1
24,80,1351,712,26,51,1,1,1
25,80,1364,713,27,51,1,1,1
26,80,1378,714,27,51,1,1,1
27,80,1388,717,27,52,1,1,1
28,80,1398,721,27,52,1,1,1
29,80,1408,725,27,52,1,1,1
30,80,1419,729,26,52,1,1,1
31,80,1426,734,26,52,1,1,1
32,80,1433,740,26,52,1,1,1
33,80,1440,746,26,51,1,1,1
34,80,1447,752,26,51,1,1,1
35,80,1450,759,26,51,1,1,1
36,80,1453,766,27,51,1,1,1
37,80,1457,773,26,51,1,1,1
38,80,1460,780,27,51,1,1,1
39,80,1464,788,27,51,1,1,1
40,80,1463,793,26,51,1,1,1
41,80,1462,799,26,51,1,1,1
42,80,1461,804,26,51,1,1,1
43,80,1460,810,26,51,1,1,1
44,80,1459,816,26,51,1,1,1
45,80,1454,821,26,51,1,1,1
46,80,1449,827,26,51,1,1,1
47,80,1445,832,26,52,1,1,1
48,80,1440,838,26,52,1,1,1
49,80,1436,844,26,52,1,1,1
50,80,1433,847,26,52,1,1,1
51,80,1431,850,26,52,1,1,1
52,80,1428,854,26,52,1,1,1
53,80,1426,857,26,52,1,1,1
54,80,1424,861,26,52,1,1,1
55,80,1423,860,26,52,1,1,1
56,80,1422,860,26,52,1,1,1
57,80,1421,860,27,52,1,1,1
58,80,1420,860,27,52,1,1,1
59,80,1420,860,27,52,1,1,1
60,80,1422,857,27,52,1,1,1
61,80,1425,855,27,52,1,1,1
62,80,1428,853,27,52,1,1,1
63,80,1431,851,26,52,1,1,1
64,80,1433,849,27,51,1,1,1
65,80,1436,847,27,51,1,1,1
66,80,1439,844,26,52,1,1,1
67,80,1442,842,26,52,1,1,1
68,80,1444,840,27,51,1,1,1
69,80,1447,838,26,51,1,1,1
70,80,1450,836,26,51,1,1,1
71,80,1453,834,26,51,1,1,1
72,80,1451,831,26,52,1,1,1
73,80,1450,829,26,52,1,1,1
74,80,1449,827,26,52,1,1,1
75,80,1448,826,25,52,1,1,1
76,80,1447,826,25,52,1,1,1
77,80,1446,825,25,52,1,1,1
78,80,1445,825,25,52,1,1,1
79,80,1440,821,25,53,1,1,1
80,80,1436,818,25,53,1,1,1
81,80,1432,815,25,53,1,1,1
82,80,1428,812,25,53,1,1,1
83,80,1420,808,25,53,1,1,1
84,80,1413,805,25,52,1,1,1
85,80,1405,802,26,51,1,1,1
86,80,1398,799,26,51,1,1,1
87,80,1391,795,26,51,1,1,1
88,80,1384,791,26,51,1,1,1
89,80,1377,787,26,51,1,1,1
90,80,1370,783,26,51,1,1,1
91,80,1366,780,26,51,1,1,1
92,80,1362,777,26,51,1,1,1
93,80,1358,774,26,51,1,1,1
94,80,1354,771,26,52,1,1,1
95,80,1353,770,26,52,1,1,1
96,80,1352,770,26,51,1,1,1
97,80,1351,769,26,51,1,1,1
98,80,1351,769,25,51,1,1,1
99,80,1356,768,25,51,1,1,1
100,80,1362,767,25,51,1,1,1
101,80,1368,766,25,51,1,1,1
102,80,1374,765,25,51,1,1,1
103,80,1380,764,25,51,1,1,1
104,80,1386,763,25,51,1,1,1
105,80,1394,762,25,51,1,1,1
106,80,1403,761,25,51,1,1,1
107,80,1411,760,26,51,1,1,1
108,80,1420,759,26,51,1,1,1
109,80,1424,758,26,52,1,1,1
110,80,1428,758,26,52,1,1,1
111,80,1432,758,26,52,1,1,1
112,80,1436,758,26,52,1,1,1
113,80,1440,758,26,52,1,1,1
114,80,1445,758,25,53,1,1,1
115,80,1448,756,25,53,1,1,1
116,80,1451,755,25,52,1,1,1
117,80,1455,754,25,51,1,1,1
118,80,1455,754,25,51,1,1,1
119,80,1455,755,26,51,1,1,1
120,80,1455,755,26,52,1,1,1
121,80,1456,756,26,52,1,1,1
122,80,1452,756,26,52,1,1,1
123,80,1448,757,26,52,1,1,1
124,80,1445,757,26,53,1,1,1
125,80,1441,758,26,53,1,1,1
126,80,1438,759,26,53,1,1,1
127,80,1436,759,26,54,1,1,1
128,80,1435,760,25,54,1,1,1
129,80,1433,761,25,54,1,1,1
130,80,1432,762,25,54,1,1,1
131,80,1431,762,26,55,1,1,1
132,80,1431,763,26,55,1,1,1
133,80,1431,763,26,56,1,1,1
134,80,1431,764,27,56,1,1,1
135,80,1434,764,26,56,1,1,1
136,80,1437,764,26,56,1,1,1
137,80,1440,764,26,56,1,1,1
138,80,1443,764,26,56,1,1,1
139,80,1446,764,26,56,1,1,1
140,80,1449,764,26,56,1,1,1
141,80,1453,765,25,56,1,1,1
142,80,1458,765,25,56,1,1,1
143,80,1463,766,26,55,1,1,1
144,80,1469,767,26,55,1,1,1
145,80,1472,768,26,55,1,1,1
146,80,1476,770,26,55,1,1,1
147,80,1480,771,26,56,1,1,1
148,80,1484,773,26,56,1,1,1
149,80,1488,775,26,56,1,1,1
150,80,1490,777,26,56,1,1,1
151,80,1492,779,26,56,1,1,1
152,80,1494,781,26,56,1,1,1
153,80,1496,783,26,56,1,1,1
154,80,1499,786,26,55,1,1,1
155,80,1495,785,26,56,1,1,1
156,80,1492,785,26,56,1,1,1
157,80,1489,785,26,56,1,1,1
158,80,1486,785,26,56,1,1,1
159,80,1483,785,26,56,1,1,1
160,80,1477,784,26,56,1,1,1
161,80,1471,784,27,55,1,1,1
162,80,1466,783,26,56,1,1,1
163,80,1460,783,27,55,1,1,1
164,80,1455,783,27,55,1,1,1
165,80,1451,781,27,55,1,1,1
166,80,1448,780,26,55,1,1,1
167,80,1445,779,26,55,1,1,1
168,80,1442,778,25,55,1,1,1
169,80,1439,777,25,55,1,1,1
170,80,1438,775,25,55,1,1,1
171,80,1437,774,25,55,1,1,1
172,80,1437,772,25,56,1,1,1
173,80,1436,771,25,56,1,1,1
174,80,1436,770,25,56,1,1,1
175,80,1439,769,25,56,1,1,1
176,80,1442,769,25,56,1,1,1
177,80,1445,769,26,56,1,1,1
178,80,1449,769,25,56,1,1,1
179,80,1452,769,26,56,1,1,1
180,80,1455,769,26,56,1,1,1
181,80,1459,769,26,56,1,1,1
182,80,1464,769,26,56,1,1,1
183,80,1469,769,26,56,1,1,1
184,80,1474,769,26,56,1,1,1
185,80,1479,769,26,56,1,1,1
300,81,612,306,57,156,0,12,0.32759
301,81,613,307,57,155,0,12,0.34483
302,81,614,308,58,155,0,12,0.45763
303,81,615,309,59,155,0,12,0.55
304,81,616,310,60,155,0,12,0.46532
305,81,617,311,61,155,0,12,0.48149
306,81,613,310,61,155,0,12,0.60856
307,81,610,309,61,156,0,12,0.73844
308,81,607,308,61,157,0,12,0.80421
309,81,604,308,61,157,0,12,0.81819
310,81,601,307,61,158,0,12,0.83445
311,81,598,306,60,158,0,12,0.84689
312,81,595,306,60,158,0,12,0.86081
313,81,592,305,60,159,0,12,0.87643
314,81,589,304,60,160,0,12,0.8772
315,81,586,304,60,160,0,12,0.89085
316,81,582,302,60,162,0,12,0.91974
317,81,579,301,60,163,0,12,0.93353
318,81,575,300,61,164,0,12,0.935
319,81,572,299,61,165,0,12,0.9487
320,81,568,298,62,166,0,12,0.96236
321,81,565,296,62,168,0,12,0.96281
322,81,561,295,63,169,0,12,0.97592
323,81,558,294,63,170,0,12,0.98803
324,81,554,293,64,171,0,12,0.98828
325,81,551,292,64,172,0,12,1
326,81,551,293,64,172,0,12,0.9767
327,81,551,294,64,173,0,12,0.9412
328,81,551,295,65,173,0,12,0.90735
329,81,551,296,65,174,0,12,0.88312
330,81,552,298,65,174,0,12,0.8458
331,81,552,299,65,174,0,12,0.81022
332,81,552,300,65,175,0,12,0.78461
333,81,552,301,66,175,0,12,0.75068
334,81,552,302,66,176,0,12,0.71465
335,81,553,304,66,176,0,12,0.67442
336,81,548,307,67,176,0,12,0.69674
337,81,544,310,67,177,0,12,0.70456
338,81,540,313,67,178,0,12,0.72346
339,81,536,316,67,179,0,12,0.74346
340,81,532,320,67,179,0,12,0.75163
341,81,527,318,67,180,0,12,0.79331
342,81,523,316,67,181,0,12,0.82127
343,81,519,315,67,181,0,12,0.84874
344,81,515,313,67,182,0,12,0.82224
345,81,511,312,67,183,0,12,0.7954
346,81,504,310,67,183,0,12,0.82097
347,81,497,308,67,184,0,12,0.83362
348,81,490,306,68,185,0,12,0.84853
349,81,483,305,68,185,0,12,0.86029
350,81,476,303,69,186,0,12,0.87471
351,81,469,301,69,186,0,12,0.86303
352,81,462,300,69,186,0,12,0.86303
353,81,455,298,70,187,0,12,0.84125
354,81,448,296,70,188,0,12,0.84209
355,81,442,295,70,188,0,12,0.82994
356,81,432,295,71,189,0,12,0.8432
357,81,423,296,71,189,0,12,0.86572
358,81,414,296,71,190,0,12,0.89005
359,81,405,297,71,190,0,12,0.8894
360,81,396,297,71,192,0,12,0.8899
361,81,387,298,71,192,0,12,0.88925
362,81,378,298,71,193,0,12,0.88982
363,81,369,299,71,193,0,12,0.88918
364,81,360,299,71,194,0,12,0.90199
365,81,351,300,72,195,0,12,0.95136
366,81,350,301,72,196,0,12,0.92699
367,81,349,303,73,197,0,12,0.89066
368,81,348,305,73,197,0,12,0.86562
369,81,348,307,73,198,0,12,1
370,81,347,309,74,199,0,12,1
371,81,346,311,74,199,0,12,1
372,81,345,313,75,200,0,12,0.97368
373,81,345,314,74,201,0,12,0.90667
374,81,344,316,75,202,0,12,0.82895
375,81,343,318,76,203,0,12,0.75325
376,81,342,320,76,203,0,12,0.68831
377,81,342,322,76,204,0,12,0.61039
378,81,341,324,76,204,0,12,0.54545
379,81,340,326,77,205,0,12,0.47436
380,81,340,328,77,206,0,12,0.41026
381,81,337,327,76,206,0,12,0.37662
382,81,334,326,76,206,0,12,0.33766
383,81,331,325,75,206,0,12,0.30263
384,81,328,324,75,206,0,12,0.26316
304,82,665,328,52,146,0,12,1
305,82,662,328,52,146,0,12,1
306,82,660,328,52,147,0,12,1
307,82,658,329,52,147,0,12,1
308,82,655,329,53,147,0,12,1
309,82,653,329,53,148,0,12,1
310,82,651,330,52,148,0,12,1
311,82,648,330,53,149,0,12,1
312,82,646,330,53,149,0,12,1
313,82,644,331,53,149,0,12,1
314,82,641,331,54,150,0,12,1
315,82,639,331,54,150,0,12,1
316,82,637,332,53,150,0,12,1
317,82,635,332,53,151,0,12,1
318,82,632,332,54,152,0,12,1
319,82,630,333,54,151,0,12,1
320,82,628,333,54,152,0,12,1
321,82,625,333,54,153,0,12,1
322,82,623,334,54,152,0,12,1
323,82,621,334,54,153,0,12,1
324,82,618,334,55,154,0,12,1
325,82,616,335,55,154,0,12,1
326,82,614,335,55,154,0,12,1
327,82,611,335,55,155,0,12,1
328,82,609,336,55,155,0,12,1
329,82,607,336,55,155,0,12,1
330,82,605,336,55,156,0,12,1
331,82,602,337,56,156,0,12,1
332,82,600,337,55,157,0,12,1
333,82,598,337,55,157,0,12,1
334,82,595,338,56,157,0,12,1
335,82,593,338,56,158,0,12,1
336,82,591,338,56,158,0,12,1
337,82,588,339,57,158,0,12,1
338,82,586,339,56,159,0,12,1
339,82,584,339,56,160,0,12,1
340,82,581,340,57,159,0,12,0.67241
341,82,579,340,57,160,0,12,1
342,82,577,340,57,161,0,12,1
343,82,575,341,57,161,0,12,1
344,82,569,338,57,162,0,12,1
345,82,563,336,58,162,0,12,1
346,82,558,334,58,163,0,12,1
347,82,552,332,58,163,0,12,1
348,82,547,330,58,164,0,12,1
349,82,541,328,59,164,0,12,1
350,82,536,326,59,165,0,12,1
351,82,528,325,60,165,0,12,1
352,82,521,324,60,166,0,12,1
353,82,513,323,61,166,0,12,1
354,82,506,322,62,167,0,12,1
355,82,499,321,62,168,0,12,1
356,82,491,320,63,168,0,12,1
357,82,484,319,63,169,0,12,0.95312
358,82,477,319,64,169,0,12,0.90769
359,82,468,319,64,170,0,12,0.89231
360,82,459,320,64,170,0,12,0.89231
361,82,450,320,65,171,0,12,0.86364
362,82,441,321,65,171,0,12,0.86364
363,82,432,321,65,172,0,12,0.87879
364,82,424,322,65,173,0,12,0.87879
365,82,420,322,66,174,0,12,0.80597
366,82,417,323,66,175,0,12,0.73134
367,82,414,323,66,177,0,12,0.52239
368,82,411,324,66,178,0,12,0.41791
369,82,408,324,66,180,0,12,0.29851
370,82,405,325,66,181,0,12,0.1791
441,83,317,314,64,163,0,12,0.33846
442,83,321,314,64,163,0,12,0.83077
443,83,325,314,64,163,0,12,0.92402
444,83,329,314,65,163,0,12,0.86364
445,83,334,314,64,163,0,12,0.8
446,83,338,314,64,163,0,12,0.73846
447,83,342,314,65,163,0,12,0.66667
448,83,346,314,65,163,0,12,0.59091
449,83,351,314,64,163,0,12,0.53846
450,83,355,314,65,163,0,12,0.4697
451,83,359,314,65,163,0,12,0.39394
443,84,256,316,73,189,0,12,0.40541
444,84,264,314,73,190,0,12,0.94595
445,84,272,313,74,190,0,12,1
446,84,281,312,73,190,0,12,1
447,84,289,311,74,190,0,12,1
448,84,297,310,75,190,0,12,1
449,84,306,308,74,191,0,12,1
450,84,314,307,75,191,0,12,1
451,84,322,306,76,191,0,12,1
90,88,701,437,38,108,1,1,0
91,88,698,435,38,108,1,1,0.051282
92,88,696,434,37,108,1,1,0.13158
93,88,693,433,38,107,1,1,0.20513
94,88,691,432,37,107,1,1,0.31579
95,88,689,431,37,107,1,1,0.39474
96,88,690,430,37,107,1,1,0.34211
97,88,691,430,37,107,1,1,0.31579
98,88,692,429,37,108,1,1,0.26316
99,88,693,429,37,108,1,1,0.18421
192,89,806,388,84,219,1,1,0
193,89,802,389,84,221,1,1,0
194,89,798,390,85,223,1,1,0
195,89,794,391,85,226,1,1,0
196,89,790,392,86,228,1,1,0
197,89,786,393,86,231,1,1,0.0023781
198,89,782,394,87,233,1,1,0.037587
199,89,779,395,87,236,1,1,0.082231
200,89,775,395,88,238,1,1,0.13784
201,89,772,396,88,239,1,1,0.21498
202,89,769,397,88,241,1,1,0.30337
203,89,763,397,89,242,1,1,0.36667
204,89,758,397,89,244,1,1,0.43333
205,89,753,397,89,246,1,1,0.48889
206,89,748,397,90,248,1,1,0.54945
207,89,746,397,91,250,1,1,0.56522
208,89,745,398,91,251,1,1,0.58696
209,89,744,398,92,253,1,1,0.5914
210,89,742,399,93,254,1,1,0.61702
211,89,741,399,93,256,1,1,0.58511
212,89,740,400,94,258,1,1,0.54737
213,89,740,399,95,260,1,1,0.5
214,89,741,399,96,262,1,1,0.4433
215,89,742,398,97,264,1,1,0.38776
216,89,743,398,97,266,1,1,0.33673
217,89,743,398,99,267,1,1,0.36
218,89,744,397,100,270,1,1,0.38614
219,89,745,397,101,272,1,1,0.41176
220,89,746,397,101,273,1,1,0.44118
221,89,747,396,102,276,1,1,0.48544
222,89,747,396,104,277,1,1,0.53333
223,89,748,396,104,279,1,1,0.58095
224,89,749,395,105,281,1,1,0.62264
225,89,750,395,106,283,1,1,0.6729
226,89,751,395,107,285,1,1,0.71296
227,89,746,395,110,289,1,1,0.79279
228,89,742,396,112,292,1,1,0.86726
229,89,738,396,114,296,1,1,0.93913
230,89,733,397,117,299,1,1,1
231,89,729,397,119,303,1,1,1
232,89,725,398,121,306,1,1,1
233,89,721,399,124,309,1,1,1
234,89,717,398,122,311,1,1,1
235,89,713,397,120,313,1,1,1
236,89,709,396,118,315,1,1,0.95878
237,89,705,395,116,317,1,1,0.97508
238,89,701,394,114,319,1,1,1
239,89,697,393,113,322,1,1,1
240,89,690,393,115,326,1,1,1
241,89,684,393,116,330,1,1,1
242,89,677,394,119,334,1,1,1
243,89,671,394,120,338,1,1,1
244,89,665,395,122,342,1,1,1
245,89,658,395,122,346,1,1,1
246,89,651,396,123,349,1,1,1
247,89,644,397,124,352,1,1,1
248,89,637,397,125,356,1,1,1
249,89,630,398,126,359,1,1,1
250,89,624,399,126,363,1,1,1
251,89,621,398,128,369,1,1,1
252,89,618,398,131,374,1,1,1
253,89,616,398,133,379,1,1,1
254,89,612,398,136,384,1,1,1
255,89,608,398,139,390,1,1,1
256,89,605,399,141,394,1,1,1
257,89,601,399,144,400,1,1,0.99334
258,89,598,400,147,405,1,1,0.9739
259,89,591,402,153,407,1,1,0.9618
260,89,584,404,160,410,1,1,0.95067
261,89,578,406,166,413,1,1,0.94611
262,89,572,400,168,420,1,1,0.93491
263,89,566,394,171,427,1,1,0.93072
264,89,560,388,173,434,1,1,0.92615
265,89,554,382,176,441,1,1,0.92234
266,89,549,376,178,448,1,1,0.91825
267,89,543,370,180,455,1,1,0.91412
268,89,537,364,183,462,1,1,0.9108
269,89,531,358,185,469,1,1,0.90198
270,89,525,352,188,476,1,1,0.92346
271,89,520,346,190,483,1,1,0.94927
272,89,514,340,192,490,1,1,0.96476
273,89,508,334,195,497,1,1,0.99002
274,89,502,328,197,504,1,1,1
275,89,496,322,200,511,1,1,1
276,89,491,317,202,517,1,1,1
277,89,484,307,205,525,1,1,1
278,89,478,297,207,534,1,1,1
279,89,472,287,209,542,1,1,1
280,89,466,278,211,550,1,1,1
281,89,459,263,215,560,1,1,1
282,89,453,249,218,570,1,1,1
283,89,447,235,221,579,1,1,1
284,89,441,220,225,590,1,1,1
285,89,435,206,228,599,1,1,1
286,89,429,192,231,609,1,1,1
287,89,423,178,235,619,1,1,1
288,89,419,173,239,632,1,1,1
289,89,416,168,242,645,1,1,1
290,89,413,163,246,658,1,1,1
291,89,409,159,250,670,1,1,1
292,89,406,154,254,683,1,1,1
293,89,403,149,257,696,1,1,1
294,89,400,145,261,709,1,1,1
295,89,392,140,265,727,1,1,1
296,89,384,135,270,746,1,1,1
297,89,377,130,274,765,1,1,1
298,89,366,117,284,782,1,1,1
299,89,355,105,295,798,1,1,1
300,89,344,93,306,814,1,1,1
301,89,333,81,317,830,1,1,1
302,89,325,73,320,852,1,1,1
303,89,318,66,323,873,1,1,1
304,89,310,59,327,894,1,1,1
305,89,303,52,330,916,1,1,1
306,89,280,45,343,964,1,1,1
307,89,258,39,355,1012,1,1,1
308,89,236,32,367,1060,1,1,0.98869
309,89,214,26,379,1108,1,1,0.95131
310,89,193,18,392,1131,1,1,0.93905
311,89,172,10,405,1155,1,1,0.92647
312,89,152,3,418,1178,1,1,0.91433
313,89,117,-18,441,1213,1,1,0.88962
314,89,83,-38,464,1247,1,1,0.86538
315,89,48,-58,488,1282,1,1,0.84178
316,89,14,-79,510,1317,1,1,0.81942
317,89,-21,-99,534,1352,1,1,0.7654
318,89,-55,-119,557,1386,1,1,0.70051
319,89,-89,-139,580,1421,1,1,0.64184
320,89,-115,-154,582,1440,1,1,0.60035
321,89,-140,-168,583,1458,1,1,0.56151
322,89,-166,-182,585,1476,1,1,0.52283
323,89,-191,-196,586,1494,1,1,0.48612
324,89,-230,-208,587,1513,1,1,0.4331
325,89,-269,-219,589,1531,1,1,0.38235
326,89,-308,-230,590,1549,1,1,0.33247
