1,-1,867,171,235,606.8,1
1,-1,392,287,112.7,306.6,1
1,-1,544,257,108.6,345.2,0.999
1,-1,795,332,49,118.3,0.998
1,-1,-35,-27,405.1,1170.2,0.997
1,-1,1374,314,49.1,139.3,0.994
1,-1,1673,659,112.7,36.9,0.992
1,-1,699,337,41.6,128.2,0.991
1,-1,736,325,56.3,133.1,0.99
1,-1,1792,335,40.8,98.5,0.989
1,-1,1663,338,24.7,105.4,0.983
1,-1,1774,604,61.3,96.9,0.97
1,-1,1330,335,33.6,104.2,0.955
1,-1,1634,336,27.6,104.7,0.923
1,-1,1853,318,43,120.1,0.887
1,-1,1730,619,61.5,92.4,0.758
1,-1,1314,333,33.2,108.3,0.735
1,-1,1801,580,78.1,130,0.591
2,-1,799,327,41.5,120.8,1
2,-1,387,286,125.6,321.4,1
2,-1,879,141,223.8,641,1
2,-1,740,315,49.3,139.5,0.999
2,-1,530,260,119.2,321.2,0.999
2,-1,847,320,50,133.2,0.994
2,-1,-43,-34,393.3,1201.2,0.994
2,-1,1378,312,44.7,145.4,0.993
2,-1,698,324,43,142.5,0.993
2,-1,1675,657,100.4,43.2,0.983
2,-1,1342,341,31.6,98.5,0.979
2,-1,1765,618,63.2,95,0.973
2,-1,1794,336,38.3,100.8,0.97
2,-1,1801,603,57.4,108.3,0.967
2,-1,1324,332,37,111.4,0.966
2,-1,1728,618,69.9,95.9,0.956
2,-1,1856,321,40.8,114.6,0.948
2,-1,1816,581,76.1,121.5,0.947
2,-1,1660,338,29.3,105.5,0.94
2,-1,1639,338,28.6,100.5,0.915
2,-1,1783,307,98.6,217,0.714
2,-1,1636,533,120,174.2,0.652
2,-1,1303,334,34.8,99.7,0.495
3,-1,873,152,213.4,636,1
3,-1,788,333,46.6,123.1,1
3,-1,732,326,48.3,131.7,1
3,-1,543,256,107.6,335.4,1
3,-1,384,295,105.8,300.2,1
3,-1,700,330,41.6,137.5,0.997
3,-1,844,323,53,130.9,0.997
3,-1,1374,320,44,127.9,0.995
3,-1,-50,-28,395.5,1185.9,0.991
3,-1,1030,231,114.5,403,0.986
3,-1,1332,327,38.4,119.9,0.982
3,-1,1776,620,58.8,99.5,0.979
3,-1,1312,337,37.7,113.5,0.96
3,-1,1678,666,107.7,41.8,0.953
3,-1,1662,655,87.2,70.1,0.937
3,-1,1665,346,22.7,95.4,0.921
3,-1,1848,330,39.2,105.5,0.894
3,-1,1796,338,38.7,110.4,0.893
3,-1,1634,344,25.6,101.4,0.887
3,-1,1638,539,114.5,172.9,0.868
3,-1,1701,630,123.1,84.1,0.813
3,-1,1649,342,25.1,104.3,0.73
4,-1,381,290,112.8,313.4,1
4,-1,866,153,234.6,623.3,1
4,-1,787,335,44.7,118.3,1
4,-1,732,322,47.8,129.5,1
4,-1,531,252,111.7,343.4,1
4,-1,1772,604,78.1,125,0.998
4,-1,688,328,44.6,133.3,0.998
4,-1,1376,324,44,131.6,0.997
4,-1,1310,332,40.6,120.6,0.989
4,-1,1655,677,132.9,37.5,0.988
4,-1,1789,337,38.5,106.1,0.987
4,-1,-53,-63,367.9,1226,0.982
4,-1,834,324,49.4,123.9,0.979
4,-1,1850,326,43,116.2,0.978
4,-1,1337,336,36.1,114.1,0.942
4,-1,1657,349,23.7,97.1,0.928
4,-1,1646,543,111.5,177.5,0.902
4,-1,1704,641,116.1,76.6,0.896
4,-1,1629,345,27,100.5,0.885
4,-1,1643,347,27.1,104.4,0.8
4,-1,1832,595,66.5,125.9,0.435
5,-1,882,159,213.2,628.9,1
5,-1,363,260,135.5,348.1,1
5,-1,1773,605,73.5,126.7,0.999
5,-1,787,324,42.1,124,0.999
5,-1,525,249,100.4,353.9,0.999
5,-1,729,319,52.8,133.7,0.998
5,-1,683,332,47.7,124.5,0.997
5,-1,1368,325,48.6,133.5,0.997
5,-1,1786,339,42,106.5,0.997
5,-1,1679,672,98.5,42.8,0.997
5,-1,1314,332,38.3,112.7,0.995
5,-1,1654,346,26.5,105.3,0.97
5,-1,843,323,52.5,133.2,0.966
5,-1,-44,-76,348.5,1271.2,0.945
5,-1,1712,642,114.4,72.8,0.934
5,-1,1852,338,37.3,102.6,0.934
5,-1,1641,542,113.6,176.4,0.918
5,-1,1626,343,26.2,99.5,0.91
5,-1,1044,239,113.4,387.1,0.896
5,-1,1333,337,36.8,116.2,0.884
5,-1,1821,606,53.8,116.2,0.865
5,-1,1843,587,66.9,148.4,0.506
6,-1,875,135,209.6,647.5,1
6,-1,785,330,42.7,115.6,1
6,-1,524,275,99.5,322.9,1
6,-1,724,317,51.5,132.6,1
6,-1,363,260,118.5,340.9,1
6,-1,1781,627,66.8,99.4,0.999
6,-1,1026,235,118.7,417.6,0.999
6,-1,1368,323,46.2,126.7,0.999
6,-1,1824,587,69.7,149.4,0.998
6,-1,1670,684,106.7,35.3,0.997
6,-1,1783,344,40.4,102.7,0.992
6,-1,1308,337,38.7,112.6,0.991
6,-1,685,320,45.5,140.4,0.988
6,-1,1845,340,40.8,114.2,0.98
6,-1,1627,346,25.8,94.2,0.978
6,-1,831,321,56.5,131.2,0.973
6,-1,1690,659,53.9,71.7,0.965
6,-1,1657,544,90.4,184.2,0.953
6,-1,-34,-112,324,1365.7,0.944
6,-1,1655,344,25.9,104.8,0.924
6,-1,1715,655,67.6,70.4,0.861
6,-1,1641,347,28.4,105.3,0.784
6,-1,1822,327,46.6,116.6,0.501
6,-1,1338,327,31.2,108.2,0.46
7,-1,1368,323,42.2,134.3,1
7,-1,721,317,51,128.4,1
7,-1,515,263,102.5,335,1
7,-1,352,268,122.7,333.3,1
7,-1,877,134,182.7,644.5,1
7,-1,784,324,47.6,125,0.999
7,-1,1021,233,123.4,425.6,0.999
7,-1,1651,683,124.4,50.3,0.998
7,-1,1825,593,68.7,141.3,0.998
7,-1,682,319,47,147.1,0.993
7,-1,1788,348,36,101.2,0.991
7,-1,1311,333,41.6,125,0.989
7,-1,1778,621,67.6,120.6,0.987
7,-1,840,331,48.1,112.9,0.983
7,-1,1845,344,38.2,105.7,0.969
7,-1,1653,542,96.5,186.2,0.949
7,-1,1622,348,26,103.4,0.943
7,-1,1651,346,29.7,108.5,0.914
7,-1,-24,-164,288.4,1447.9,0.826
7,-1,1728,641,57.6,89.8,0.746
7,-1,1709,662,118.3,65.9,0.724
8,-1,1012,232,123.1,406.5,1
8,-1,720,317,47.4,136.6,1
8,-1,856,143,207.4,643.2,1
8,-1,508,260,113.8,340.8,1
8,-1,350,260,132.8,352.3,1
8,-1,777,329,43.8,116.1,1
8,-1,1365,327,45.9,134.4,0.999
8,-1,1792,624,85.8,118.2,0.999
8,-1,680,336,42.7,127.7,0.998
8,-1,1789,350,38.3,100.2,0.997
8,-1,1676,686,100.8,42,0.993
8,-1,1304,338,33.2,108.6,0.993
8,-1,1835,611,73.5,140.1,0.99
8,-1,1841,341,42,120.2,0.98
8,-1,1617,351,28.2,96.7,0.978
8,-1,1739,638,73.8,113,0.978
8,-1,1670,661,94.7,79.9,0.971
8,-1,1661,548,88.1,191.4,0.94
8,-1,1648,352,27.1,108,0.937
8,-1,1328,345,36.4,109.7,0.875
8,-1,-19,-150,254.1,1429.2,0.633
8,-1,1634,349,28.5,103.6,0.509
9,-1,514,270,108.1,320.3,1
9,-1,1008,230,124.3,415.4,1
9,-1,876,159,198.4,629.1,1
9,-1,341,275,138.5,346.5,1
9,-1,780,328,42.5,117.5,1
9,-1,1783,350,38.5,102.4,0.999
9,-1,1365,317,45.1,147.6,0.999
9,-1,713,314,55,136.7,0.999
9,-1,680,334,44.3,130.5,0.998
9,-1,1792,631,82.6,115.5,0.998
9,-1,1313,347,35.8,106.5,0.995
9,-1,1654,693,130.7,47,0.984
9,-1,827,324,54.3,134.9,0.983
9,-1,1842,347,39.1,111.3,0.982
9,-1,1293,341,37.8,111.4,0.961
9,-1,1839,611,75.7,136.1,0.953
9,-1,1619,354,25.4,95.9,0.939
9,-1,1648,351,25.1,105.6,0.927
9,-1,1664,644,91.5,110.9,0.919
9,-1,1725,659,74.5,80.7,0.919
9,-1,1632,353,29.5,105.6,0.815
9,-1,1668,541,86.4,160.7,0.601
9,-1,833,314,80.5,245.1,0.564
9,-1,-17,-131,231.2,1379.9,0.403
10,-1,880,147,185.3,645.7,1
10,-1,771,337,50.9,123.4,1
10,-1,497,264,121.3,350.1,1
10,-1,333,275,139.7,342.8,1
10,-1,717,321,47.1,138.4,0.999
10,-1,1362,326,48.4,139.7,0.999
10,-1,1003,233,126.3,414.8,0.999
10,-1,1304,344,37.3,111.5,0.998
10,-1,1813,625,79.5,115.9,0.997
10,-1,677,332,43.9,133.4,0.996
10,-1,1784,355,39.4,102.4,0.996
10,-1,1668,690,92.4,54.8,0.993
10,-1,1784,647,61.2,102.7,0.989
10,-1,830,335,52.9,129.5,0.962
10,-1,1843,347,40.5,114.4,0.955
10,-1,1747,650,57.3,98.5,0.924
10,-1,1616,355,31.6,102.4,0.914
10,-1,1671,619,86.4,113.7,0.898
10,-1,1647,353,25.3,110.5,0.869
11,-1,710,321,50,141.6,1
11,-1,330,272,132.6,358.4,1
11,-1,866,131,188.1,648.7,1
11,-1,502,258,113.5,365.7,1
11,-1,772,332,46,123,0.999
11,-1,995,232,125.1,440.8,0.999
11,-1,1677,693,94.9,50.2,0.998
11,-1,1366,325,44,143.1,0.998
11,-1,1313,354,31.3,102.3,0.998
11,-1,1844,623,72.9,126.5,0.997
11,-1,671,339,46,128.7,0.996
11,-1,1786,648,84.6,106.8,0.993
11,-1,1788,356,38.3,105.5,0.993
11,-1,828,333,53.4,127.1,0.986
11,-1,1295,348,39.8,113.9,0.984
11,-1,1616,355,28.5,96,0.965
11,-1,1840,346,44.1,114.8,0.959
11,-1,1709,674,113.8,78.7,0.932
11,-1,1644,352,28.3,105.3,0.898
11,-1,1629,351,28.5,112.8,0.645
11,-1,1667,637,81.7,109.9,0.431
12,-1,711,327,46.5,129.9,1
12,-1,853,144,191.9,647.6,1
12,-1,319,253,155.1,385.3,1
12,-1,489,252,122.5,383.1,1
12,-1,1370,328,45.4,141.9,0.999
12,-1,1790,643,62.3,117.3,0.999
12,-1,1856,593,68.9,174.1,0.999
12,-1,999,268,124.1,386.2,0.999
12,-1,777,335,45.2,120.5,0.998
12,-1,1783,351,43.5,110.7,0.996
12,-1,1690,686,71,67.2,0.996
12,-1,1296,349,33.6,109.2,0.995
12,-1,1318,358,28.9,97.8,0.995
12,-1,674,343,40.9,121.1,0.993
12,-1,1616,357,26.6,92.5,0.984
12,-1,1831,348,41.5,113.1,0.933
12,-1,819,330,53.5,136.3,0.918
12,-1,1640,354,30.7,110.8,0.898
12,-1,1715,675,114.2,77.7,0.873
13,-1,706,322,49.2,135.9,1
13,-1,865,153,197.4,619.4,1
13,-1,1363,326,47.7,141,1
13,-1,774,337,44.8,120,1
13,-1,495,267,111.8,334.3,1
13,-1,323,258,126.4,372.5,1
13,-1,1799,635,69.5,128,0.999
13,-1,1676,697,109.6,45.1,0.999
13,-1,1786,353,39.6,104.3,0.997
13,-1,1842,618,85.8,142.6,0.997
13,-1,826,335,49.9,123,0.997
13,-1,1313,354,30.6,100.9,0.997
13,-1,1297,345,35.5,117.2,0.991
13,-1,671,335,40.2,127.5,0.988
13,-1,1003,267,136.6,372.9,0.986
13,-1,1618,354,29.7,97.9,0.978
13,-1,1837,345,42.1,114.3,0.968
13,-1,1642,350,27.4,112.3,0.915
13,-1,1722,674,104.4,75.6,0.915
13,-1,1688,663,56.5,93.7,0.8
13,-1,1666,593,100.8,154.5,0.569
14,-1,853,145,218.3,632.5,1
14,-1,1356,325,61,136.1,1
14,-1,315,252,134.6,386.3,1
14,-1,488,265,108.5,345.9,1
14,-1,1798,632,74.3,129.9,0.999
14,-1,704,322,51.6,134.5,0.999
14,-1,774,336,44.7,121.2,0.999
14,-1,1867,598,59.8,173.8,0.996
14,-1,1786,352,40.3,102.5,0.996
14,-1,1686,695,93.9,51.2,0.996
14,-1,825,334,49.9,122.9,0.995
14,-1,1759,639,74,115.1,0.995
14,-1,1310,357,31.7,98.2,0.992
14,-1,667,340,39.8,128.7,0.992
14,-1,1287,346,40.1,115,0.989
14,-1,1614,352,29.7,96.9,0.983
14,-1,1840,342,38.8,114.1,0.983
14,-1,1670,610,119,142.1,0.926
14,-1,1637,345,32.6,115.7,0.918
15,-1,705,321,52.4,137.6,1
15,-1,835,124,228.8,673.4,1
15,-1,1853,596,69.3,171.5,1
15,-1,480,255,116.4,376.9,1
15,-1,314,268,140.5,374.3,1
15,-1,666,339,44,130.2,0.999
15,-1,1814,637,65.1,120.4,0.999
15,-1,772,335,44.7,123,0.998
15,-1,1361,325,47.9,134.3,0.998
15,-1,1678,701,110.6,47,0.997
15,-1,1786,355,41.8,101.1,0.993
15,-1,1286,343,40.7,116.3,0.993
15,-1,1696,675,119.1,75.7,0.99
15,-1,1843,345,37.8,107.9,0.987
15,-1,1610,355,31.4,87.8,0.982
15,-1,1634,352,27.4,104.1,0.924
15,-1,1314,353,32,99.5,0.834
15,-1,998,264,133.2,377.2,0.808
15,-1,1649,352,27.7,100.3,0.76
15,-1,1695,527,98.4,222.7,0.751
15,-1,1330,350,33.2,97.9,0.449
16,-1,709,325,46.8,132.9,1
16,-1,1864,606,58.1,157.9,1
16,-1,486,261,105,356.8,1
16,-1,840,131,224.4,660.6,1
16,-1,303,259,145.4,377.6,1
16,-1,664,340,41.5,130.5,0.999
16,-1,1792,631,89.4,132.7,0.998
16,-1,1360,331,49.7,135.5,0.996
16,-1,768,334,44.3,120.5,0.996
16,-1,1689,701,93.7,51.1,0.992
16,-1,1793,350,35.4,104.5,0.99
16,-1,1296,348,33.2,100.8,0.974
16,-1,1614,351,31,96.5,0.95
16,-1,1842,346,42.3,115.6,0.937
16,-1,1638,347,29.2,107.6,0.919
16,-1,1733,678,69.2,81.1,0.906
16,-1,1315,354,36.2,97.9,0.875
16,-1,1678,540,122.1,199.5,0.746
16,-1,1655,350,28.8,107.9,0.647
17,-1,707,328,52.9,135.7,1
17,-1,842,148,213.7,680.5,1
17,-1,483,253,112.7,390.1,1
17,-1,296,276,144,372,1
17,-1,666,344,44.7,123.1,1
17,-1,1370,323,48.8,145.6,0.999
17,-1,1828,620,89,163.6,0.998
17,-1,992,229,129.6,421.9,0.998
17,-1,772,341,44.9,117.4,0.996
17,-1,1688,702,89.9,50.3,0.991
17,-1,1302,352,35.8,108.3,0.988
17,-1,1799,350,36.2,104.5,0.983
17,-1,1760,638,94.7,122.1,0.977
17,-1,1846,351,39.3,109.7,0.966
17,-1,1641,350,30.9,109,0.946
17,-1,1724,683,69.5,83.8,0.936
17,-1,1284,348,36,110.5,0.911
17,-1,1623,354,28.1,102.4,0.886
17,-1,1325,343,37.1,113.1,0.726
17,-1,1690,649,79,101.3,0.637
17,-1,1601,352,28.6,106.1,0.442
18,-1,837,147,223.8,661.9,1
18,-1,774,339,47.8,121.3,1
18,-1,313,277,144.4,385.5,1
18,-1,479,259,126.8,393.2,1
18,-1,705,337,52.3,135,1
18,-1,1859,613,63.4,165.9,0.999
18,-1,1363,328,48.2,133.3,0.998
18,-1,1759,640,102.3,136.3,0.998
18,-1,1005,245,121,400.4,0.997
18,-1,658,353,50,120.1,0.997
18,-1,1299,354,41,100.2,0.986
18,-1,1688,708,97.3,50.3,0.986
18,-1,1795,347,37.9,109.7,0.981
18,-1,1845,344,41,120.1,0.975
18,-1,1639,353,27,106,0.936
18,-1,1280,348,36,108.5,0.897
18,-1,1651,355,31.6,107,0.887
18,-1,1615,351,27,109.4,0.857
18,-1,1331,348,37.7,114.2,0.687
19,-1,851,149,206,678,1
19,-1,316,280,134.4,381.6,1
19,-1,710,339,52.8,141.2,1
19,-1,477,250,119.3,402.1,1
19,-1,667,355,40.7,129.8,0.999
19,-1,1781,664,103.7,105.5,0.998
19,-1,991,247,139.8,418.4,0.998
19,-1,775,340,44.2,130.1,0.998
19,-1,1797,351,37,109.4,0.997
19,-1,1368,334,47.6,140.8,0.997
19,-1,1851,606,73.1,177.6,0.995
19,-1,1680,714,98.9,54,0.984
19,-1,1299,351,38.1,108.4,0.979
19,-1,1850,346,39.6,123.8,0.957
19,-1,1639,354,28,110.8,0.949
19,-1,1318,353,39.1,114.8,0.905
19,-1,1657,360,27.7,102.9,0.823
19,-1,1710,689,90.9,88.4,0.793
19,-1,1620,364,33.8,96.3,0.77
19,-1,1816,344,39.8,130,0.404
20,-1,712,338,57,140.2,1
20,-1,305,289,147,380.3,1
20,-1,459,273,131.2,379.7,1
20,-1,847,158,209.7,669.5,1
20,-1,1372,340,47.5,137.2,0.999
20,-1,775,347,50.3,124.2,0.999
20,-1,1843,622,80,194.3,0.998
20,-1,668,351,43,147.2,0.997
20,-1,1673,726,135.1,45.9,0.993
20,-1,1796,354,40.1,114.9,0.992
20,-1,994,243,128.5,417.1,0.991
20,-1,1783,670,86.7,111.6,0.976
20,-1,1300,358,36.9,99.4,0.973
20,-1,1639,361,28.5,102.4,0.967
20,-1,1707,539,98.5,225.8,0.959
20,-1,1623,360,25.3,97.2,0.957
20,-1,1853,357,35.4,112,0.825
20,-1,1659,360,27.8,105.3,0.776
20,-1,1325,361,30.4,103.7,0.665
20,-1,1283,348,33.5,117.2,0.586
21,-1,847,160,209.5,649.2,1
21,-1,473,278,148.2,398.5,1
21,-1,310,274,146.7,406.1,1
21,-1,675,355,46,131.8,0.999
21,-1,713,347,56.1,138.5,0.999
21,-1,991,260,133.4,414.5,0.999
21,-1,1383,348,46.2,138.3,0.997
21,-1,1822,648,99.4,153.1,0.996
21,-1,1707,722,96.5,60.5,0.994
21,-1,793,348,44.7,120.4,0.994
21,-1,1814,361,35.7,102,0.978
21,-1,1309,357,38,113.4,0.973
21,-1,1647,360,27.9,111.5,0.963
21,-1,1765,703,61.7,81.3,0.925
21,-1,1325,367,42.8,110.1,0.918
21,-1,1660,359,32.5,108.5,0.885
21,-1,1857,352,41.9,114.7,0.848
21,-1,1630,362,31.4,104.9,0.845
21,-1,1287,356,34.2,107.8,0.723
21,-1,1267,347,33.8,109.9,0.417
21,-1,1718,679,107.5,92.6,0.415
22,-1,1401,345,43.8,135.3,1
22,-1,318,289,150.5,401.6,1
22,-1,862,162,194.1,659,1
22,-1,497,266,126.1,410,1
22,-1,1014,283,122.4,376.4,1
22,-1,732,348,53.5,144.8,1
22,-1,806,353,43.4,120.4,1
22,-1,690,366,41.9,125.2,0.999
22,-1,1826,643,88.9,150.3,0.999
22,-1,1731,693,110.3,101.7,0.997
22,-1,1837,362,34.3,100,0.993
22,-1,1668,365,28.4,101.3,0.974
22,-1,1315,365,30.5,100.7,0.964
22,-1,1743,544,108.6,238.6,0.953
22,-1,1645,361,30.2,104.9,0.95
22,-1,1326,363,39.7,105.5,0.948
22,-1,1682,358,30.3,113.8,0.905
22,-1,1299,355,35,113,0.879
22,-1,1369,363,33.7,108.9,0.72
22,-1,1815,355,39.5,109.5,0.714
22,-1,1873,361,41.1,110.5,0.631
23,-1,1024,243,142.8,450.9,1
23,-1,505,295,125.3,382.4,1
23,-1,877,178,207.5,662.6,1
23,-1,747,347,50.8,135.2,1
23,-1,343,298,135.4,387.9,1
23,-1,1412,350,51.3,130.8,1
23,-1,813,360,50.4,123,0.999
23,-1,710,363,42.8,127.2,0.999
23,-1,1333,367,36.9,100.8,0.997
23,-1,1854,652,73.8,162.5,0.996
23,-1,1773,703,68.6,110.5,0.991
23,-1,1660,368,28.2,103.2,0.989
23,-1,1851,360,36.1,111.4,0.988
23,-1,1767,560,113.7,251.4,0.986
23,-1,1693,363,26.9,111.2,0.983
23,-1,1306,366,39.1,116.5,0.965
23,-1,1678,369,28.6,102.5,0.808
23,-1,1387,367,35.4,107,0.746
23,-1,1659,758,93.6,43.5,0.734
23,-1,1705,751,103.9,51,0.612
23,-1,1709,363,29.1,111.6,0.4
24,-1,527,285,122.4,391.5,1
24,-1,879,165,205.2,659.7,1
24,-1,338,276,160.5,416.9,1
24,-1,1016,256,150.2,435.7,1
24,-1,716,360,45.8,136.7,1
24,-1,1421,342,46.2,130.7,1
24,-1,827,361,45.7,118.2,0.999
24,-1,762,347,47.7,139.4,0.999
24,-1,1350,362,31.1,103.3,0.99
24,-1,1789,698,69.4,120.2,0.987
24,-1,1675,362,29.6,105.3,0.975
24,-1,1828,697,87.5,123.1,0.975
24,-1,1695,355,33.8,115.9,0.969
24,-1,1328,359,37.5,106.8,0.956
24,-1,1872,359,36.3,107,0.914
24,-1,1723,754,120.9,43.6,0.846
24,-1,1669,761,87.8,51.9,0.815
24,-1,1716,364,28.4,115.6,0.706
24,-1,1373,363,36.8,106.8,0.612
24,-1,1625,742,42.6,86.7,0.461
25,-1,1029,255,159.6,444.6,1
25,-1,350,286,139.2,410.6,1
25,-1,883,168,211.5,675.1,1
25,-1,1435,340,46.7,133.6,1
25,-1,534,281,115.7,398.5,1
25,-1,778,348,50.9,149.8,0.999
25,-1,728,363,41.9,141.6,0.998
25,-1,843,361,42.2,111,0.998
25,-1,1360,364,31.3,107.8,0.993
25,-1,1813,710,65.8,113.4,0.992
25,-1,1721,359,27.9,113.9,0.979
25,-1,1341,362,38.2,114.7,0.958
25,-1,1696,358,26.3,103.5,0.899
25,-1,1688,764,101.7,51.4,0.833
25,-1,1795,569,122.7,277,0.787
25,-1,1641,743,38.3,89.1,0.695
25,-1,1749,747,64,72.2,0.468
25,-1,1733,355,35.1,120,0.414
26,-1,867,195,216.3,639.7,1
26,-1,539,300,141,393,1
26,-1,1039,251,151.3,430.9,1
26,-1,357,287,163.9,433.1,1
26,-1,1451,333,48.3,143.2,1
26,-1,789,352,49.3,147.2,0.999
26,-1,1349,363,40.2,114.3,0.995
26,-1,746,373,42.3,121.5,0.993
26,-1,1742,361,31.5,110.5,0.987
26,-1,1374,366,37.6,101.3,0.986
26,-1,1835,708,67.7,125.3,0.956
26,-1,1709,364,28.3,104.6,0.913
26,-1,1714,768,93.3,52.9,0.846
26,-1,1559,751,53.5,137.2,0.755
26,-1,1743,773,135.6,45.2,0.672
26,-1,1662,747,42,97.6,0.536
26,-1,1724,359,28.9,98.3,0.511
27,-1,871,158,233.2,708.8,1
27,-1,801,360,49.4,137.4,1
27,-1,375,296,146.2,407.3,1
27,-1,1061,266,164.9,441.2,1
27,-1,551,301,130.5,416.6,1
27,-1,1471,348,47.6,137.7,0.997
27,-1,1368,361,39.3,119.2,0.992
27,-1,757,376,47.9,132.5,0.986
27,-1,1845,729,72.6,112,0.986
27,-1,1762,363,26.8,105.4,0.984
27,-1,1392,365,35.2,110.1,0.972
27,-1,1661,752,55.1,156,0.955
27,-1,1730,374,30.4,93.8,0.942
27,-1,1739,784,142.3,47.4,0.866
27,-1,1571,756,69.1,169.6,0.638
27,-1,1784,369,29.8,104.2,0.564
28,-1,889,194,218.7,645.7,1
28,-1,548,315,146.2,401,1
28,-1,812,357,54.4,146.3,1
28,-1,1071,274,156.4,433.7,1
28,-1,396,298,141.9,406.7,1
28,-1,1479,346,45.9,135.6,0.999
28,-1,1372,375,42.5,103.9,0.998
28,-1,762,382,44.6,131.7,0.997
28,-1,1677,746,57.2,165.3,0.989
28,-1,1873,728,54.2,118,0.977
28,-1,868,375,35,109.5,0.976
28,-1,1770,367,29.3,108.9,0.974
28,-1,1739,374,31.1,98.8,0.955
28,-1,1398,369,35.4,109.3,0.93
28,-1,1785,788,104.6,46.7,0.869
28,-1,1587,750,64.7,174.8,0.773
29,-1,886,174,239.8,712,1
29,-1,387,318,132.2,403.6,1
29,-1,557,297,143.1,421.9,1
29,-1,1072,294,157.1,423.5,1
29,-1,821,369,49.2,134,0.999
29,-1,1378,371,40.1,111.1,0.999
29,-1,764,387,45.6,120.2,0.998
29,-1,1494,352,42.5,126.2,0.996
29,-1,1691,758,62.7,170.5,0.995
29,-1,1784,373,26.7,98.8,0.986
29,-1,1753,369,29.8,105.5,0.982
29,-1,1590,773,60.6,167,0.962
29,-1,868,386,33.2,103.8,0.941
29,-1,1401,369,34.2,114.4,0.922
29,-1,1793,799,105.2,40.8,0.914
29,-1,1865,750,70.2,114,0.765
29,-1,1748,785,36.3,72.3,0.429
30,-1,1085,288,165.7,424.4,1
30,-1,821,369,50.6,142.2,1
30,-1,881,176,244.1,685,1
30,-1,396,325,143.5,416.4,1
30,-1,1386,374,39.2,115.3,1
30,-1,560,304,139.6,411.7,1
30,-1,1500,349,48.4,134.5,0.997
30,-1,1703,764,65,166.7,0.994
30,-1,782,385,41.9,130.5,0.987
30,-1,1761,380,32.1,98.9,0.985
30,-1,1794,373,26.8,109.2,0.981
30,-1,1762,812,126.5,41.6,0.971
30,-1,1603,787,63.7,152.4,0.964
30,-1,1412,379,30.9,108.6,0.958
30,-1,1773,367,37.4,118.2,0.633
31,-1,1095,273,172.8,428.7,1
31,-1,1511,362,42.7,131.8,1
31,-1,575,302,137.7,413,1
31,-1,1392,376,43.9,115.1,1
31,-1,889,198,238.3,697.5,1
31,-1,388,325,154.5,418.9,1
31,-1,825,377,51.3,145.1,0.999
31,-1,1616,786,74.2,191.8,0.997
31,-1,785,391,43.6,135.1,0.997
31,-1,1767,384,34.7,98.4,0.995
31,-1,1803,378,26.2,108,0.993
31,-1,1720,781,73.1,157.8,0.984
31,-1,1789,817,95.4,54.7,0.973
31,-1,1851,805,77.7,63.7,0.508
31,-1,1806,774,97.4,99.5,0.442
32,-1,896,175,218.3,723.2,1
32,-1,1401,382,37.9,112.9,1
32,-1,402,310,147.8,449.5,1
32,-1,1087,278,175,442.2,1
32,-1,576,287,143.3,447.5,1
32,-1,839,380,51.5,144.5,0.999
32,-1,1816,381,26.8,113.8,0.998
32,-1,1521,365,44.7,135.5,0.998
32,-1,1618,797,74.2,191.4,0.996
32,-1,789,391,41.1,145,0.995
32,-1,1781,385,33.9,101.7,0.989
32,-1,1731,788,68.3,149.5,0.965
32,-1,1817,820,93.2,58.1,0.954
32,-1,1799,376,34.3,114.3,0.929
32,-1,1694,786,67.6,151,0.687
33,-1,886,218,248.9,681,1
33,-1,1408,387,37.4,113.9,1
33,-1,392,320,157.4,428.4,1
33,-1,575,299,139,450.7,1
33,-1,841,387,46.7,144.7,1
33,-1,1099,294,169.5,444.8,1
33,-1,797,404,44.4,127.7,0.999
33,-1,1529,365,49,147.7,0.999
33,-1,1819,387,28.2,108.5,0.995
33,-1,1782,391,42,102.4,0.988
33,-1,1635,813,70.3,158.8,0.894
33,-1,1807,842,94.4,49.5,0.747
33,-1,1741,790,63.2,153.8,0.723
34,-1,1094,300,167.4,435.1,1
34,-1,886,218,241.5,674.7,1
34,-1,846,394,48,145.3,1
34,-1,1533,374,44.6,130.8,1
34,-1,390,339,152.7,445.8,1
34,-1,579,327,141.1,431.4,1
34,-1,1412,398,37.2,99.8,1
34,-1,800,401,43.2,140.2,0.997
34,-1,1826,394,29.8,108.9,0.993
34,-1,1790,398,34.4,99.4,0.986
34,-1,1637,811,67.7,181.6,0.936
34,-1,1772,805,52.1,143.4,0.916
34,-1,1729,805,62.7,152.5,0.553
34,-1,1815,842,71.7,68.7,0.416
35,-1,1544,380,42.8,130.6,1
35,-1,386,340,166.3,437.5,1
35,-1,575,310,141.5,464.7,1
35,-1,845,396,52,148.3,1
35,-1,1095,313,176.6,413.8,1
35,-1,898,221,229.7,680.5,1
35,-1,802,404,43.2,144,0.999
35,-1,1410,402,39.5,108.7,0.998
35,-1,1650,819,79.9,212.6,0.996
35,-1,1833,398,30.8,116.1,0.996
35,-1,1803,402,38.7,106.3,0.981
35,-1,1772,810,73.3,167.1,0.91
35,-1,1734,817,62.4,154.6,0.601
36,-1,1110,303,175.1,428.1,1
36,-1,1407,402,43.7,116.4,1
36,-1,384,341,143.9,440.9,1
36,-1,850,401,49.4,140.2,1
36,-1,895,212,234.3,715.2,1
36,-1,804,415,45.1,129.6,1
36,-1,592,344,118.5,423.3,1
36,-1,1542,389,44,128.2,0.998
36,-1,1806,410,40.1,102.7,0.996
36,-1,1843,408,28.6,107.4,0.995
36,-1,1657,824,66.3,210.3,0.991
36,-1,1774,804,82.1,205.7,0.925
36,-1,1734,818,72.7,167.5,0.713
37,-1,901,215,231.9,709.5,1
37,-1,375,328,166.4,471.5,1
37,-1,1126,324,165.8,422.2,1
37,-1,592,320,138.9,468.1,1
37,-1,855,403,52.6,152.5,1
37,-1,1551,387,44.3,147.4,0.999
37,-1,1431,417,32,103.2,0.999
37,-1,1665,840,73.6,197,0.998
37,-1,812,421,44,137.3,0.998
37,-1,1412,410,35.6,108.5,0.995
37,-1,1805,425,42.4,93.9,0.993
37,-1,1847,413,30.9,106,0.989
37,-1,1788,822,72.2,173,0.784
37,-1,1746,827,74.2,164.4,0.59
38,-1,1553,405,44.6,127.6,1
38,-1,919,236,219.1,665.3,1
38,-1,1414,421,43.3,110.2,1
38,-1,1130,322,168.7,444.3,1
38,-1,386,345,165.2,470.4,1
38,-1,593,318,139,466.3,1
38,-1,857,410,54.3,146.9,1
38,-1,1675,843,67.6,199.8,0.998
38,-1,813,427,39.9,128.5,0.996
38,-1,1852,417,28,111.1,0.993
38,-1,1814,429,36.7,92.6,0.982
38,-1,1752,833,68.5,163.3,0.776
38,-1,1777,819,79.4,188.5,0.649
39,-1,905,236,233,697.5,1
39,-1,367,339,156,460.5,1
39,-1,579,327,136.4,470.6,1
39,-1,1111,328,174.6,440.7,1
39,-1,854,415,54.8,144.8,1
39,-1,1418,425,38.4,112.5,1
39,-1,1549,406,49.8,141.7,0.999
39,-1,814,435,37.8,135.7,0.999
39,-1,1666,857,83.1,184.3,0.996
39,-1,1817,433,42.6,98.8,0.99
39,-1,1856,429,29.2,108.5,0.986
39,-1,1752,831,83.9,210.2,0.976
39,-1,1825,866,61,160.2,0.422
40,-1,1123,333,171.5,427.1,1
40,-1,927,248,206.6,691.3,1
40,-1,588,324,142.7,507.9,1
40,-1,347,366,162.6,453.6,1
40,-1,853,421,55.8,148.5,0.999
40,-1,1561,410,45.8,137.4,0.998
40,-1,1428,442,33.9,98.1,0.998
40,-1,803,443,48.2,134.2,0.997
40,-1,1409,428,41.5,112.6,0.996
40,-1,1764,835,91,208.4,0.995
40,-1,1825,439,40.8,107.2,0.992
40,-1,1855,431,29.8,108.5,0.987
40,-1,1678,866,75.3,177.3,0.978
40,-1,904,440,43.8,122.4,0.703
41,-1,355,361,161.3,465.3,1
41,-1,1128,331,156.3,454.6,1
41,-1,853,431,54.4,144,1
41,-1,931,274,197,646.3,1
41,-1,583,340,134.8,490.1,1
41,-1,1412,437,40.6,108.8,1
41,-1,1553,422,55.5,125.9,1
41,-1,1685,866,78.5,215.5,0.999
41,-1,805,441,47.4,140.8,0.996
41,-1,1766,839,99.3,229.1,0.996
41,-1,908,435,42.8,117.6,0.995
41,-1,1854,438,28.2,98.2,0.994
41,-1,1826,450,39.1,93.6,0.98
42,-1,577,349,147.6,480.6,1
42,-1,1117,360,182.3,444.6,1
42,-1,349,363,176.2,469,1
42,-1,906,242,226.5,680.2,1
42,-1,855,434,56.6,147.5,1
42,-1,1556,433,45.9,134.4,0.997
42,-1,1680,870,82.6,209.4,0.994
42,-1,1852,447,35.2,114.3,0.994
42,-1,810,453,43.3,135.1,0.994
42,-1,1413,451,35.6,109.8,0.992
42,-1,1779,854,80.9,191.7,0.988
42,-1,1814,453,47.7,107.3,0.982
42,-1,1435,445,35.9,107,0.867
43,-1,344,375,165.7,458.7,1
43,-1,580,364,133.5,470.5,1
43,-1,914,277,199.2,670.9,1
43,-1,1421,458,32.8,101.8,1
43,-1,1552,433,61.7,137.9,1
43,-1,847,439,56.6,144.3,1
43,-1,807,459,43.1,133.6,1
43,-1,1116,368,166.3,437.4,1
43,-1,1398,451,37.2,117.3,0.994
43,-1,1687,873,72.4,202.7,0.99
43,-1,1777,864,84.1,200.7,0.983
43,-1,1856,451,29.9,109,0.965
43,-1,1818,462,38,97.4,0.953
44,-1,570,360,123.8,492.7,1
44,-1,1126,361,161.1,465.5,1
44,-1,317,359,186.5,503.9,1
44,-1,921,286,203.9,666.7,1
44,-1,1555,432,47.8,145.6,1
44,-1,1410,454,38.7,116.6,1
44,-1,840,435,59.3,156.9,1
44,-1,801,459,41.1,134.9,0.998
44,-1,1768,870,92.9,192.3,0.997
44,-1,1854,456,29.9,105.5,0.995
44,-1,900,456,39.6,114.6,0.984
44,-1,1810,465,42.6,107.4,0.952
44,-1,1683,881,83.5,197.8,0.93
45,-1,842,443,50.7,151.2,1
45,-1,897,272,211.7,691.6,1
45,-1,1548,441,47,133.9,1
45,-1,316,382,178.5,488.9,1
45,-1,1116,356,153.3,468,1
45,-1,568,350,133.5,519.7,1
45,-1,1398,460,40,114.6,0.999
45,-1,797,447,46.6,151.4,0.994
45,-1,1849,461,29,104.9,0.991
45,-1,1779,873,89.5,187.2,0.986
45,-1,1814,469,42.2,101.1,0.963
45,-1,1069,380,83.3,305.2,0.87
45,-1,1679,906,89.4,176.5,0.863
46,-1,843,449,56.3,157.8,1
46,-1,1544,449,58.6,123.4,1
46,-1,1120,374,151.4,442.8,1
46,-1,920,271,196.7,720.7,1
46,-1,555,350,151.9,529.1,1
46,-1,292,363,202.6,553.2,1
46,-1,1396,464,39.6,108.9,0.999
46,-1,784,468,49,135.9,0.999
46,-1,893,467,37,109.9,0.995
46,-1,1811,477,40.6,90.2,0.995
46,-1,1775,877,92.5,205.5,0.995
46,-1,1843,465,33.8,101.5,0.99
46,-1,1678,899,82.9,202.7,0.955
47,-1,274,386,196.9,508.2,1
47,-1,909,283,192.5,713.6,1
47,-1,530,368,168.4,498.6,1
47,-1,1111,383,153.5,435.8,1
47,-1,833,451,58,162.1,1
47,-1,786,470,50.5,143.8,0.999
47,-1,1543,457,55.8,119.7,0.999
47,-1,1389,475,40.5,109.6,0.998
47,-1,1839,474,30,109.1,0.994
47,-1,1774,886,85.1,221.2,0.992
47,-1,1804,482,44,98.5,0.99
47,-1,885,475,42.5,115.1,0.99
47,-1,1677,900,91.8,227.4,0.929
48,-1,826,467,59.5,147.3,1
48,-1,779,479,53.4,140.8,1
48,-1,538,390,148.9,496.4,1
48,-1,1108,373,180.1,468.2,1
48,-1,883,303,232.5,704.6,1
48,-1,1536,464,46,137,1
48,-1,259,396,202.6,549.1,1
48,-1,1382,481,40.7,116.8,0.999
48,-1,1799,483,38.5,97.2,0.996
48,-1,1830,475,33.7,107.2,0.995
48,-1,1769,899,100.3,220.5,0.994
48,-1,1668,900,72.5,233.5,0.853
48,-1,1405,482,36,109.5,0.74
49,-1,1107,383,158.3,445.6,1
49,-1,525,371,158,517.4,1
49,-1,252,407,204.4,521,1
49,-1,899,323,197.3,688.8,1
49,-1,773,483,50.6,150,1
49,-1,824,461,58.9,162.4,1
49,-1,1536,467,43.9,128,0.999
49,-1,1375,478,45.6,118.1,0.998
49,-1,878,488,36.4,103.8,0.998
49,-1,1795,489,39.8,93,0.997
49,-1,1829,478,29,107,0.996
49,-1,1764,900,87.8,222.6,0.984
49,-1,1675,917,69.7,208.4,0.942
50,-1,895,315,191.1,671.2,1
50,-1,1093,395,150.2,455.4,1
50,-1,229,411,208.1,532.3,1
50,-1,504,380,181,544.2,1
50,-1,819,477,52.6,149.3,1
50,-1,1379,483,38.6,116,0.998
50,-1,1528,466,50.7,140.8,0.998
50,-1,872,487,44.1,112.7,0.997
50,-1,767,488,55.5,149.3,0.994
50,-1,1791,490,40.5,103.7,0.991
50,-1,1823,491,31.2,106.1,0.986
50,-1,1760,906,98.8,207.7,0.943
50,-1,1359,488,38.3,119.9,0.815
51,-1,898,332,202.8,692.5,1
51,-1,767,503,44.5,130.9,1
51,-1,221,420,225,542.1,1
51,-1,1077,406,171.5,447,1
51,-1,816,477,55.2,166.3,1
51,-1,516,390,156.8,517.9,1
51,-1,1531,473,44.9,135.3,1
51,-1,1380,495,37.1,107,0.999
51,-1,864,502,42.7,106.3,0.998
51,-1,1823,495,29.1,97.1,0.996
51,-1,1790,494,42.3,101.8,0.992
51,-1,1778,901,97.7,216.8,0.977
51,-1,1359,492,38.3,117.6,0.959
51,-1,1679,918,73.6,230.8,0.824
52,-1,756,496,52.6,145.9,1
52,-1,195,412,229.4,549.7,1
52,-1,1379,500,35.6,104.2,1
52,-1,499,383,164.9,566.7,1
52,-1,1087,413,164.4,446.6,1
52,-1,1522,478,42.4,127.8,1
52,-1,873,323,215.7,695.2,1
52,-1,813,476,53.7,167.2,1
52,-1,1814,494,31.3,105.3,0.997
52,-1,1783,497,43,102,0.995
52,-1,1357,497,38.9,118.6,0.995
52,-1,1756,912,94.6,216.9,0.962
52,-1,1669,921,79.6,213.1,0.858
53,-1,811,478,54.7,174.5,1
53,-1,1082,416,159.1,445.5,1
53,-1,888,344,203.1,685.8,1
53,-1,499,401,158.2,552.7,1
53,-1,180,418,223.1,559.6,1
53,-1,1356,499,39.9,110.9,1
53,-1,1520,477,53.6,144.2,0.999
53,-1,752,500,52.5,145.9,0.999
53,-1,860,510,41.4,106.8,0.997
53,-1,1813,490,27.7,109.2,0.995
53,-1,1780,501,44.1,95.3,0.993
53,-1,1760,910,91,217.4,0.963
53,-1,1683,926,79.8,212.7,0.903
53,-1,1383,499,36.5,106.6,0.757
54,-1,1369,504,36.2,109.4,1
54,-1,755,503,54.8,150.2,1
54,-1,175,411,233.7,590.8,1
54,-1,860,340,227.5,701,1
54,-1,810,496,50.6,151.3,1
54,-1,495,412,162.8,554.3,1
54,-1,1089,405,164.5,463.8,1
54,-1,1522,474,47.1,142.1,0.999
54,-1,1811,496,29.6,101.3,0.996
54,-1,1779,496,40,93.1,0.989
54,-1,1350,500,41,117.9,0.961
54,-1,1765,913,104,210.3,0.947
54,-1,1684,925,63.2,210.4,0.925
55,-1,161,420,223.5,581.2,1
55,-1,1075,413,175.9,433.6,1
55,-1,1365,501,35.7,108.9,1
55,-1,746,503,54,157.8,1
55,-1,870,342,206,699.1,1
55,-1,805,486,55.3,162.1,1
55,-1,474,396,175.9,582.9,1
55,-1,1523,479,44.7,130.2,0.998
55,-1,1809,493,29,107.5,0.997
55,-1,1775,499,40.4,90.7,0.995
55,-1,1345,499,38.6,114.7,0.981
55,-1,1780,917,84.9,206.5,0.903
55,-1,1704,920,54.8,215.6,0.879
56,-1,483,384,174.7,599.9,1
56,-1,1065,406,166.5,468.2,1
56,-1,149,426,244.5,586.7,1
56,-1,1356,505,38.8,110.2,1
56,-1,809,499,48.2,158.5,1
56,-1,856,340,209.6,679.1,1
56,-1,750,515,48.9,147.9,1
56,-1,1813,495,28.9,104.6,0.999
56,-1,1774,500,39.3,96.5,0.999
56,-1,1522,481,44.1,123.3,0.997
56,-1,1710,932,54.9,196.5,0.862
57,-1,1519,484,46.1,138.7,1
57,-1,475,392,165.7,615.3,1
57,-1,798,490,56.7,176.7,1
57,-1,1069,399,187.5,474.3,1
57,-1,744,515,57.2,147,1
57,-1,842,331,226.1,711.3,1
57,-1,122,427,263.7,619.4,1
57,-1,1360,504,38.3,117,0.999
57,-1,1809,493,29.7,107.8,0.996
57,-1,1777,498,38.6,97.5,0.993
57,-1,1339,501,40.6,114.1,0.881
58,-1,1068,412,174.9,446.3,1
58,-1,855,319,203.9,739.9,1
58,-1,742,515,54.8,148.5,1
58,-1,128,425,232.6,621.3,1
58,-1,470,403,195.3,590.8,1
58,-1,791,498,57.8,152.7,1
58,-1,1777,497,40.3,100.4,0.999
58,-1,1354,501,39.7,113.3,0.999
58,-1,1515,482,45.3,126.7,0.997
58,-1,1811,492,29.9,107.2,0.996
58,-1,1687,918,93.5,210.8,0.654
58,-1,1335,500,39.9,123,0.522
59,-1,801,492,53.5,163.3,1
59,-1,741,513,49.6,146.8,1
59,-1,113,403,227,626.5,1
59,-1,1072,417,178.7,469.2,1
59,-1,463,390,206,634.2,1
59,-1,836,327,217.9,712.6,1
59,-1,1773,496,41.6,100,0.999
59,-1,1520,475,46.7,134.7,0.999
59,-1,1811,492,28.5,108.9,0.998
59,-1,1341,503,40.7,117.4,0.998
59,-1,1014,428,89.2,313,0.998
59,-1,1372,497,37.6,120.3,0.769
60,-1,1078,422,180.7,437.3,1
60,-1,1353,503,35.2,110.1,1
60,-1,119,399,225.6,653.7,1
60,-1,465,402,180.8,609.3,1
60,-1,828,325,226.9,707.7,1
60,-1,731,515,56,146.3,1
60,-1,791,502,58.3,157.8,1
60,-1,1776,494,38.8,102.1,0.999
60,-1,1808,490,31.9,109.9,0.998
60,-1,1515,474,47.3,136.2,0.997
60,-1,1015,451,82.7,299.7,0.913
60,-1,1333,506,34.9,112.4,0.886
61,-1,1070,429,176.6,436,1
61,-1,841,324,196.2,715.6,1
61,-1,803,500,52.3,155,1
61,-1,455,400,184.6,611.5,1
61,-1,107,414,240.4,665.2,1
61,-1,1339,500,42.8,115.7,0.999
61,-1,742,516,46.7,150.7,0.999
61,-1,1776,494,38.1,100,0.998
61,-1,1516,479,46.7,128.9,0.998
61,-1,1006,440,93.4,299.2,0.997
61,-1,1809,489,33.3,111.4,0.995
61,-1,1363,498,37,117.4,0.431
61,-1,1774,899,96,274.5,0.402
62,-1,1067,415,182.9,458.4,1
62,-1,445,398,211.2,629.3,1
62,-1,833,320,212.7,698.8,1
62,-1,729,512,58,151.9,1
62,-1,96,398,234.8,686.7,1
62,-1,797,493,58.1,164.8,1
62,-1,1519,472,47.3,145.9,0.999
62,-1,1348,497,38.7,119,0.998
62,-1,995,426,106.8,324.4,0.994
62,-1,1810,488,29.5,109.7,0.992
62,-1,1778,488,39.4,104.7,0.991
62,-1,1321,498,43.6,117.5,0.876
63,-1,90,394,235.4,709.9,1
63,-1,832,324,210.5,698.6,1
63,-1,1525,468,49.4,137,1
63,-1,792,494,59.3,161.5,1
63,-1,439,390,202.4,633.6,1
63,-1,1069,416,175.2,441.2,1
63,-1,745,507,54.8,149.7,0.999
63,-1,1338,500,37,113,0.997
63,-1,1781,485,42.3,101.1,0.996
63,-1,1006,422,97.8,318.8,0.991
63,-1,1811,487,31.1,98.1,0.987
63,-1,1362,505,32.7,111.9,0.965
64,-1,824,352,211.8,664.2,1
64,-1,743,506,54,150,1
64,-1,1084,400,151.8,480.6,1
64,-1,87,410,244.7,692.5,1
64,-1,455,386,210.7,658.4,1
64,-1,1531,474,48,135.3,0.999
64,-1,1355,504,35.7,104.4,0.998
64,-1,1787,486,39,105.6,0.998
64,-1,1816,482,33.6,110.7,0.997
64,-1,996,427,86.2,311.7,0.996
64,-1,1335,497,43.6,118.7,0.984
64,-1,794,494,54.5,162.7,0.95
64,-1,1799,917,106.8,228,0.603
65,-1,58,410,272,698.4,1
65,-1,799,494,58,162,1
65,-1,1087,395,184.3,473.2,1
65,-1,822,335,225.1,691.3,1
65,-1,442,384,233.9,679.6,1
65,-1,1360,501,37.9,110.4,1
65,-1,744,509,50.6,140.9,0.999
65,-1,1793,490,42.5,100.3,0.999
65,-1,1535,464,45.8,135.9,0.999
65,-1,1339,488,39.4,115,0.998
65,-1,1007,418,89,327.8,0.998
65,-1,1821,481,35.3,108.1,0.998
65,-1,1811,914,76.8,233.5,0.871
65,-1,1708,910,71.5,225.7,0.48
66,-1,55,397,256.7,723.8,1
66,-1,826,322,206.3,725.7,1
66,-1,432,380,224.7,652,1
66,-1,1092,420,162.8,451.2,1
66,-1,1534,456,50.1,145,0.999
66,-1,751,510,49.9,139.6,0.999
66,-1,1794,484,40,96.6,0.999
66,-1,1344,495,43,118.2,0.998
66,-1,1020,415,89.4,331.3,0.998
66,-1,1829,477,35.5,112,0.997
66,-1,799,491,52.7,152.4,0.992
66,-1,1814,909,86.9,232.6,0.902
66,-1,1709,926,63.9,170.9,0.686
67,-1,1367,489,37,111,1
67,-1,1537,463,51.9,135.6,1
67,-1,809,345,234.9,678.8,1
67,-1,447,391,206.2,670.2,1
67,-1,49,398,261,713.4,1
67,-1,1078,417,201.2,442.2,1
67,-1,1805,485,38.7,96,0.999
67,-1,1833,474,35.3,105.6,0.999
67,-1,747,497,59.1,150,0.999
67,-1,999,406,93.9,329.7,0.998
67,-1,1338,490,40.2,111.6,0.995
67,-1,1828,915,80.4,218.2,0.858
67,-1,1733,920,58.6,206.3,0.741
68,-1,31,411,279.3,704.2,1
68,-1,1085,392,199.9,478.9,1
68,-1,748,494,57.8,146.2,1
68,-1,833,354,207.4,667.6,1
68,-1,437,367,228.2,685.6,1
68,-1,1371,491,30.7,105.7,1
68,-1,1546,459,48.6,132.1,1
68,-1,1011,424,108,328.3,0.999
68,-1,1834,475,35.1,107.8,0.999
68,-1,1350,483,43.2,118.3,0.997
68,-1,1808,481,40.9,100.7,0.997
68,-1,807,485,49.5,146.3,0.983
68,-1,1731,919,66.4,207.3,0.882
68,-1,1841,894,79.2,237.3,0.782
69,-1,811,470,59.2,169.8,1
69,-1,838,320,213.5,688.5,1
69,-1,449,353,207.5,717.9,1
69,-1,1095,414,181.2,437.3,1
69,-1,753,491,59.2,150.8,1
69,-1,33,395,264.4,726.1,1
69,-1,1557,452,39.9,146.7,1
69,-1,1016,418,87.9,332.9,0.999
69,-1,1352,483,41.5,112.9,0.998
69,-1,1812,479,37.8,102.4,0.998
69,-1,1843,472,33.8,116.5,0.997
69,-1,1739,920,68.3,205.9,0.959
69,-1,1826,901,85.8,231.5,0.584
70,-1,435,339,236,720.6,1
70,-1,1115,389,171.8,447.4,1
70,-1,758,489,58.2,152.1,1
70,-1,826,320,226.9,681.2,1
70,-1,6,380,281.6,753.1,1
70,-1,1847,469,35.4,108,0.999
70,-1,1018,408,101.8,339.5,0.999
70,-1,1553,453,43.1,136.1,0.999
70,-1,1364,481,38.7,113.1,0.998
70,-1,1820,475,38.3,99.2,0.994
70,-1,1752,911,69.6,212.4,0.975
70,-1,1343,484,39.2,106.8,0.935
71,-1,431,322,244.9,761.6,1
71,-1,755,481,57.5,156.5,1
71,-1,1113,401,173.9,458,1
71,-1,826,318,234.4,690.8,1
71,-1,-1,372,277.3,766.2,1
71,-1,1820,473,37.8,101.6,0.999
71,-1,1847,464,34.9,106.4,0.999
71,-1,1021,403,87.7,326.1,0.999
71,-1,1362,473,41.3,117,0.999
71,-1,1560,446,48.9,142.5,0.999
71,-1,1744,910,96.1,224.1,0.983
72,-1,416,317,239.2,762.5,1
72,-1,850,322,211,676,1
72,-1,1370,480,32.4,105.2,1
72,-1,750,474,59.2,148.1,1
72,-1,-5,333,271.2,819.6,1
72,-1,815,465,50.4,157.7,1
72,-1,1109,370,181.2,473.1,1
72,-1,1563,447,45.6,140.1,1
72,-1,1022,422,95.8,317.8,0.999
72,-1,1851,462,38.7,106.3,0.999
72,-1,1823,469,36.4,99.9,0.999
72,-1,1349,471,42.7,118.9,0.994
72,-1,1745,912,94.6,210.8,0.983
73,-1,1102,382,185,436.1,1
73,-1,815,447,59.9,187.5,1
73,-1,415,302,239.2,802.3,1
73,-1,854,298,199.1,696.5,1
73,-1,1560,446,46.1,128,1
73,-1,747,474,58.2,145.3,1
73,-1,1008,424,118.3,307.5,0.999
73,-1,1826,467,36.1,97.1,0.999
73,-1,-12,343,257.2,817.8,0.999
73,-1,1849,457,40,112.5,0.999
73,-1,1372,476,34.1,105.8,0.999
73,-1,1351,476,40.8,114,0.997
73,-1,1743,915,97.8,207.9,0.985
74,-1,1103,380,186.3,456.2,1
74,-1,407,312,235.2,780.2,1
74,-1,845,289,209.3,694,1
74,-1,813,456,57.8,160.3,1
74,-1,1564,440,49.5,144,1
74,-1,1850,461,37.7,107.3,0.999
74,-1,754,474,58.7,154,0.999
74,-1,1005,413,118.8,308.7,0.998
74,-1,-21,327,264.5,843.1,0.998
74,-1,1350,470,42.7,116.7,0.997
74,-1,1824,465,37.3,97.2,0.996
74,-1,1759,915,83.1,215.6,0.979
74,-1,1374,471,42.3,113.9,0.459
75,-1,843,293,222.6,685.1,1
75,-1,753,475,56,153.9,1
75,-1,404,294,235.6,817,1
75,-1,1085,377,189.2,461.8,1
75,-1,807,454,67.4,171.4,1
75,-1,1823,469,37.5,87.4,0.999
75,-1,1562,438,45.4,139.9,0.999
75,-1,1368,467,33.7,109.9,0.998
75,-1,1850,454,39.8,109.9,0.998
75,-1,-22,315,231.6,874.6,0.991
75,-1,1343,467,45.7,118.1,0.988
75,-1,1754,911,102.8,220.5,0.985
75,-1,1027,399,86,306.8,0.82
76,-1,1564,441,48.8,138.1,1
76,-1,1104,383,182.7,435.9,1
76,-1,374,299,265,827.8,1
76,-1,1363,466,33.8,108.2,1
76,-1,848,281,218.1,709.8,1
76,-1,754,482,54.2,136,1
76,-1,816,449,58,170.6,1
76,-1,1337,467,44.2,118.7,0.999
76,-1,1824,467,38.6,90.7,0.999
76,-1,1856,458,33.1,102.6,0.999
76,-1,1020,403,95.8,310.8,0.984
76,-1,1743,910,109.4,218.7,0.947
76,-1,-34,303,228.5,890,0.94
77,-1,846,305,213.8,679.3,1
77,-1,752,475,56.4,143.4,1
77,-1,365,289,249,835.2,1
77,-1,1097,367,186.3,454,1
77,-1,810,445,60.2,174.7,1
77,-1,1336,468,43.5,113.7,0.999
77,-1,1855,462,34.9,101.7,0.999
77,-1,1569,439,44.5,131.3,0.999
77,-1,1827,463,36.5,94.3,0.998
77,-1,1364,460,35.3,112.9,0.988
77,-1,1014,377,98.1,343.1,0.961
77,-1,1763,910,79.1,219.4,0.925
77,-1,-21,295,191.4,905.1,0.731
78,-1,368,284,240.6,871.4,1
78,-1,1091,378,178.5,440.6,1
78,-1,840,297,216,673.4,1
78,-1,1855,459,34.2,103.4,1
78,-1,1562,440,49.1,132.2,1
78,-1,803,443,62.5,180.2,1
78,-1,1820,465,37.4,95.4,0.999
78,-1,747,463,60.5,163,0.999
78,-1,1347,459,41.8,119.6,0.997
78,-1,1013,400,97.2,320.5,0.994
78,-1,1754,913,98.5,215.3,0.947
78,-1,1324,457,40.7,122.2,0.937
78,-1,1836,459,39.6,107.5,0.831
79,-1,1104,360,187.8,475.2,1
79,-1,834,289,229.7,696.8,1
79,-1,351,281,267.9,905.5,1
79,-1,799,443,65.7,185.8,1
79,-1,1565,440,42.8,133,0.999
79,-1,1359,464,34.7,111.6,0.999
79,-1,1822,461,37.6,99.8,0.999
79,-1,1850,458,37.9,102.7,0.999
79,-1,735,457,58.1,160.7,0.999
79,-1,1331,457,44.9,113.6,0.979
79,-1,1750,911,102.6,221.8,0.972
79,-1,1863,900,69.2,220.3,0.625
79,-1,1022,410,95.2,274.9,0.474
80,-1,838,298,208.6,658,1
80,-1,737,459,61.4,159.7,1
80,-1,796,445,67.4,181.3,1
80,-1,321,257,276.1,917.4,1
80,-1,1557,437,51.9,129.6,1
80,-1,1101,372,176.5,447.5,1
80,-1,1849,454,33.3,105.7,0.999
80,-1,1819,462,37.5,97.6,0.999
80,-1,1336,459,41.4,113.8,0.998
80,-1,1003,396,93.7,324.1,0.998
80,-1,1767,908,86.7,241.1,0.908
81,-1,1093,356,170.6,455.4,1
81,-1,836,298,212.3,654.9,1
81,-1,797,443,64.1,169.4,1
81,-1,305,246,280.2,933.7,1
81,-1,1556,439,50.9,124.3,0.999
81,-1,1812,460,37.6,94.6,0.999
81,-1,1846,454,33,103.3,0.999
81,-1,728,460,62,160.1,0.998
81,-1,1346,461,37.6,112.9,0.998
81,-1,1323,456,42.8,120.5,0.992
81,-1,1016,398,82,303.5,0.95
81,-1,1742,896,95.4,231.5,0.925
82,-1,296,244,284.1,957.1,1
82,-1,720,456,59.6,160.2,1
82,-1,839,300,195.7,666.3,1
82,-1,1080,362,195.3,467.6,1
82,-1,789,441,66,175.4,1
82,-1,1551,433,53,127.4,0.999
82,-1,1835,445,39.5,108.9,0.999
82,-1,1812,460,34.7,95.7,0.999
82,-1,1343,462,33.4,102.8,0.998
82,-1,1314,454,40.3,120.2,0.996
82,-1,993,388,91.6,318.4,0.991
82,-1,1751,891,88.4,246.1,0.459
83,-1,722,460,57.7,144.4,1
83,-1,1070,374,175.1,440.9,1
83,-1,833,275,183.1,692.3,1
83,-1,784,432,63.5,173.5,1
83,-1,1834,445,37.2,109.3,0.999
83,-1,283,228,247.8,998,0.999
83,-1,1313,446,41.2,116.2,0.999
83,-1,1802,451,40.7,99.7,0.999
83,-1,1549,424,47.3,136.6,0.999
83,-1,981,372,96.7,339.4,0.998
83,-1,509,414,81.1,293.9,0.998
83,-1,1339,458,30.7,108.5,0.976
83,-1,1294,454,41.6,117.4,0.974
83,-1,1753,886,99,269.4,0.587
83,-1,1854,887,87.1,223.4,0.453
84,-1,1067,363,173.5,450.6,1
84,-1,830,307,194.4,655.7,1
84,-1,240,208,312.9,1007.1,1
84,-1,1798,456,36.3,95.8,1
84,-1,777,433,64.3,178.3,1
84,-1,1543,425,46.4,138.6,1
84,-1,715,453,59.2,156.1,0.999
84,-1,1305,450,39.8,113.5,0.999
84,-1,1828,445,39,107.8,0.999
84,-1,980,375,101.3,317,0.998
84,-1,1329,454,34,108.5,0.997
84,-1,1752,896,89.2,245.7,0.974
84,-1,515,427,78.9,285,0.907
84,-1,1870,881,69.4,237.4,0.444
85,-1,1295,443,39.4,114.5,1
85,-1,806,286,208.1,670.2,1
85,-1,769,426,70.5,182.1,1
85,-1,1538,427,47.1,129.3,1
85,-1,209,220,316.3,1004.4,1
85,-1,1066,340,175.6,458.3,1
85,-1,708,450,57,149.4,0.999
85,-1,504,416,83.7,289.2,0.999
85,-1,1322,448,35.9,113.7,0.999
85,-1,1819,440,34.7,108.1,0.998
85,-1,1793,449,36.1,97.9,0.997
85,-1,975,370,93.5,308.8,0.992
85,-1,1753,894,74.5,242.8,0.924
85,-1,1855,876,92.5,219.5,0.698
86,-1,177,205,318.1,1013.7,1
86,-1,793,286,219.1,668.1,1
86,-1,1528,423,43.6,136.9,1
86,-1,698,442,57.2,156.8,1
86,-1,1073,348,161.1,475.5,1
86,-1,1283,441,43.5,113.9,1
86,-1,760,422,63.1,173.4,1
86,-1,1786,446,36.1,95,0.999
86,-1,469,404,90.5,319.3,0.998
86,-1,1812,443,34.2,102.3,0.998
86,-1,1315,445,34.3,120.2,0.997
86,-1,965,380,101.8,299,0.996
86,-1,1744,897,83.9,239.1,0.968
86,-1,1853,877,93.4,221,0.956
87,-1,1303,442,40.2,114,1
87,-1,757,419,66.1,174.8,1
87,-1,783,274,207.9,653.3,1
87,-1,171,170,313.7,1078.2,1
87,-1,1058,338,162.1,471.2,1
87,-1,1276,438,42.3,115.4,1
87,-1,687,435,57.1,162.7,0.999
87,-1,1520,413,50.5,142.8,0.999
87,-1,469,408,92.3,311.1,0.999
87,-1,1783,427,38.6,117.2,0.998
87,-1,951,356,95.8,336.8,0.998
87,-1,1804,435,35.6,110.5,0.993
87,-1,1856,865,84.1,230.3,0.976
87,-1,1738,889,86.9,245.9,0.967
88,-1,1056,353,168.9,466.9,1
88,-1,773,278,212.8,663.6,1
88,-1,145,154,340.9,1097.8,1
88,-1,1268,429,43.6,117.3,1
88,-1,736,414,73.7,178.6,0.999
88,-1,683,441,63.3,161.2,0.999
88,-1,461,404,81,305.4,0.999
88,-1,1520,411,46.2,139.1,0.998
88,-1,942,367,94.4,316.6,0.998
88,-1,1770,442,38.1,91,0.997
88,-1,1795,434,35.7,103.4,0.996
88,-1,1295,440,35.7,112.8,0.991
88,-1,1833,851,111.3,248.4,0.988
88,-1,1730,882,86.2,255.1,0.952
89,-1,1051,335,163.9,448.7,1
89,-1,1508,412,47.9,131.4,1
89,-1,770,268,205.5,669.8,1
89,-1,732,404,73.2,186.3,1
89,-1,940,356,98,332.1,0.999
89,-1,674,428,63.8,168.7,0.999
89,-1,1761,431,37,100.3,0.999
89,-1,101,98,377.7,1204.5,0.998
89,-1,1784,428,35.6,105.4,0.998
89,-1,1840,852,94.3,230.9,0.998
89,-1,1261,429,42.2,119.4,0.998
89,-1,445,401,92.2,309.1,0.997
89,-1,1286,434,36,117.6,0.997
89,-1,1735,871,79.3,256.3,0.883
90,-1,661,429,63.4,162.4,1
90,-1,1253,426,42.6,113.7,1
90,-1,725,404,70.7,186.7,1
90,-1,1036,330,173.6,453.1,1
90,-1,763,260,202.2,687.2,1
90,-1,1499,405,49.8,137.4,1
90,-1,60,132,391.3,1136.7,0.999
90,-1,447,390,101.4,331.7,0.999
90,-1,927,352,96.6,322.1,0.999
90,-1,1283,427,37.2,119.2,0.998
90,-1,1758,433,37.8,96.8,0.997
90,-1,1837,851,99.1,229.7,0.996
90,-1,1782,425,34.9,105.9,0.99
90,-1,1731,877,82.6,249.1,0.946
91,-1,1015,316,188.8,472.7,1
91,-1,732,277,235.1,655.1,1
91,-1,441,388,83.6,319.5,0.999
91,-1,654,421,60,162.7,0.999
91,-1,1750,421,40.3,102.6,0.999
91,-1,1275,423,35.9,115.8,0.999
91,-1,1504,395,45.3,138.6,0.999
91,-1,28,73,388.7,1235.9,0.998
91,-1,1248,415,46,123.4,0.997
91,-1,932,353,94.1,329.9,0.997
91,-1,1780,416,36.1,109.8,0.996
91,-1,1825,844,108.1,257.6,0.975
91,-1,1737,868,76.9,261.4,0.914
92,-1,717,256,227,677.3,1
92,-1,1499,402,44.4,126.7,1
92,-1,1242,413,42.3,124.4,1
92,-1,1021,336,177.7,439.8,1
92,-1,1747,421,37.4,97.3,0.999
92,-1,1268,422,37.9,114.9,0.999
92,-1,917,350,95.4,319.7,0.999
92,-1,658,423,54.4,160,0.999
92,-1,444,392,81.2,301.1,0.999
92,-1,1772,414,35.5,104.5,0.999
92,-1,-16,114,430.3,1170.4,0.998
92,-1,1831,836,102.4,241.9,0.995
92,-1,1729,861,95.8,257.4,0.964
93,-1,719,229,225.8,689.2,1
93,-1,1017,313,197.8,459.2,1
93,-1,1496,391,47.8,137.6,1
93,-1,915,349,93.2,310.8,0.999
93,-1,656,419,51.9,151,0.999
93,-1,1242,415,38.5,113.3,0.999
93,-1,1769,407,40.2,114.3,0.998
93,-1,1741,420,39.8,100.7,0.998
93,-1,410,376,102.5,315.4,0.998
93,-1,-25,107,423.9,1168.3,0.997
93,-1,1261,411,38.6,118.7,0.997
93,-1,1832,836,92,250.7,0.993
93,-1,1733,862,86.6,242.1,0.984
94,-1,1493,388,45.5,139.9,1
94,-1,1004,318,184.5,470.4,1
94,-1,710,250,233.2,664.2,1
94,-1,1233,409,44.1,121.9,1
94,-1,412,369,95,347.4,0.999
94,-1,914,335,103.5,314.6,0.999
94,-1,649,416,59.8,165,0.999
94,-1,1765,410,37.2,108.4,0.997
94,-1,1262,413,38.3,121,0.995
94,-1,-37,95,418.4,1200.8,0.995
94,-1,1738,416,39.1,101.5,0.993
94,-1,1829,843,100,222.6,0.991
94,-1,1718,863,102.6,256,0.982
95,-1,719,251,210.7,638.7,1
95,-1,638,420,53.3,153.9,1
95,-1,1016,318,185.1,458,1
95,-1,928,389,89.7,230.6,0.999
95,-1,405,382,92.6,330.1,0.999
95,-1,1490,384,46.6,138.8,0.999
95,-1,1762,410,38.3,102.7,0.998
95,-1,1233,407,43.9,120.7,0.993
95,-1,1260,414,37.9,114.3,0.988
95,-1,-26,84,379.2,1199.1,0.981
95,-1,1739,410,34.6,95.5,0.979
95,-1,897,349,96.2,328.9,0.974
95,-1,1833,833,106.6,225.3,0.972
95,-1,1727,863,97.9,257.2,0.942
96,-1,1488,388,50.6,133.1,1
96,-1,1229,408,43.2,125.7,1
96,-1,1012,326,179.6,441.2,1
96,-1,704,246,236.2,661.3,1
96,-1,638,418,53.4,159,1
96,-1,1763,411,39.1,102.8,0.999
96,-1,396,377,94.8,327.3,0.999
96,-1,920,357,83.1,299.3,0.997
96,-1,1739,414,32.5,96.6,0.996
96,-1,1256,416,34,115.7,0.987
96,-1,-34,54,372.8,1281.1,0.977
96,-1,1744,861,86.6,232,0.97
96,-1,1841,833,89.1,254.4,0.96
97,-1,1222,407,45.4,122.2,1
97,-1,1014,321,168.3,444.6,1
97,-1,638,420,54.5,151.4,1
97,-1,713,250,210.5,678.9,1
97,-1,1489,384,44.9,143.4,0.999
97,-1,931,380,85.9,232.3,0.999
97,-1,392,368,98.6,344.2,0.999
97,-1,1761,405,35.1,108.4,0.998
97,-1,1253,414,34.3,112,0.993
97,-1,1737,414,32.1,97.1,0.979
97,-1,1733,856,95.7,273.3,0.946
97,-1,1849,845,83,236.5,0.916
97,-1,899,359,82.6,317.1,0.863
97,-1,-54,48,373,1338.8,0.772
97,-1,687,422,46.5,135.2,0.688
98,-1,696,245,238.7,693.4,1
98,-1,1010,308,178.9,477.4,1
98,-1,638,418,58.9,150.6,1
98,-1,398,369,94.3,334.5,0.999
98,-1,1492,385,47.1,135.8,0.999
98,-1,896,343,113.4,317.7,0.999
98,-1,1230,415,48.6,102.1,0.998
98,-1,1764,406,33.7,109.4,0.998
98,-1,1745,415,35.1,98.5,0.983
98,-1,1833,848,103.7,234.5,0.928
98,-1,1726,862,96,265.8,0.911
99,-1,708,269,200.9,642.3,1
99,-1,993,304,192.4,463.5,1
99,-1,638,413,56.1,176.6,1
99,-1,396,364,103.2,335.8,0.999
99,-1,899,345,106.8,303.5,0.999
99,-1,1491,388,49.7,138.5,0.998
99,-1,1246,413,37.1,116,0.998
99,-1,1767,408,35.7,102.5,0.998
99,-1,1220,416,44.7,116.6,0.995
99,-1,1745,419,36.1,90,0.963
99,-1,1734,858,98.9,277.7,0.946
99,-1,1851,845,99.5,232.7,0.793
100,-1,711,267,206.8,650.4,1
100,-1,1022,320,191.7,450.7,1
100,-1,631,412,63.5,176.5,1
100,-1,1249,409,35,117.3,0.999
100,-1,1498,384,47.9,139.2,0.999
100,-1,903,347,94.1,318.4,0.999
100,-1,391,363,108.3,343.3,0.999
100,-1,1767,402,38,105.2,0.995
100,-1,1225,402,48.6,133.6,0.995
100,-1,1749,420,31.8,89.3,0.992
100,-1,-38,-6,320.1,1301.5,0.404
101,-1,691,245,221.9,688.2,1
101,-1,1004,306,199.2,469.9,1
101,-1,633,422,65.4,159.2,1
101,-1,909,361,104.2,314.1,0.999
101,-1,395,376,99.9,337.7,0.999
101,-1,1502,384,47.5,129,0.998
101,-1,1253,405,34.2,117.1,0.996
101,-1,1226,401,44,119.4,0.988
101,-1,1776,403,37,108.1,0.987
101,-1,1752,411,35.9,93.1,0.883
102,-1,1014,304,196.4,482.3,1
102,-1,715,236,209.5,666.5,1
102,-1,631,410,67.9,170.7,1
102,-1,390,371,88.2,347.3,0.999
102,-1,944,388,80.5,215,0.999
102,-1,1253,403,38.5,117.9,0.998
102,-1,912,343,91.5,307.7,0.995
102,-1,1503,380,49.7,131.8,0.994
102,-1,1775,397,39.8,113.9,0.99
102,-1,1226,407,45.6,122,0.93
102,-1,-19,-70,263.1,1316,0.567
102,-1,1754,413,33.4,92.3,0.543
103,-1,1020,299,208.4,487.7,1
103,-1,387,379,100.7,341.5,1
103,-1,645,419,64.6,154.5,1
103,-1,722,238,214.3,653.6,1
103,-1,923,342,99.2,311.5,0.999
103,-1,1788,403,39.7,108.1,0.998
103,-1,1263,403,37.7,117.5,0.998
103,-1,1517,378,46.9,138,0.998
103,-1,1234,403,44.8,124.4,0.991
103,-1,1762,415,35.2,93.9,0.817
104,-1,720,246,232.4,659.9,1
104,-1,1036,321,198.2,474.7,1
104,-1,407,356,105.9,347.3,1
104,-1,657,412,67.6,171.3,1
104,-1,1530,372,55.2,142.8,0.999
104,-1,941,332,89.2,323.4,0.999
104,-1,1246,403,42.7,117.8,0.994
104,-1,1801,398,38.9,109.1,0.993
104,-1,1273,404,36.4,110.8,0.981
104,-1,1803,869,88.5,260.2,0.957
105,-1,663,401,66.2,176.3,1
105,-1,1035,304,206,479.1,1
105,-1,733,257,226.7,635.4,1
105,-1,946,324,90.1,347.5,0.999
105,-1,417,356,96.3,352.4,0.999
105,-1,1542,378,49.5,139.2,0.999
105,-1,1823,397,36.3,103.4,0.994
105,-1,1271,402,38.6,114.8,0.991
105,-1,1806,860,112.8,263.5,0.969
105,-1,1250,399,43.6,130.8,0.93
105,-1,1291,402,39.5,116.5,0.649
106,-1,730,243,225.9,644.3,1
106,-1,1049,292,192.6,490.4,1
106,-1,1554,379,52.3,131.9,1
106,-1,670,399,66.1,176.4,1
106,-1,422,353,92.6,344.6,0.999
106,-1,952,314,94.7,353.2,0.999
106,-1,1832,392,41.6,107.4,0.996
106,-1,1269,397,46.4,124,0.994
106,-1,1829,869,93,247.3,0.945
106,-1,1247,402,43.1,115.1,0.461
107,-1,742,248,221.8,635.7,1
107,-1,1086,294,174,471,1
107,-1,681,400,64.1,171.4,1
107,-1,1565,373,50.2,131.8,0.999
107,-1,966,325,83.8,334.8,0.999
107,-1,429,353,93.7,361.3,0.999
107,-1,1270,402,43,119.7,0.996
107,-1,1842,391,35.6,109.3,0.993
107,-1,1292,400,41.5,115.9,0.942
107,-1,1840,861,91,254.8,0.671
108,-1,759,243,220.9,648.3,1
108,-1,1066,300,197.5,459.5,1
108,-1,675,395,68.1,186.1,1
108,-1,961,348,92.7,294.4,0.999
108,-1,1573,369,44.8,132.2,0.999
108,-1,419,352,113.3,362.5,0.997
108,-1,1853,389,38.3,107.7,0.995
108,-1,1287,399,41.8,116.8,0.994
108,-1,1260,395,43.6,121.1,0.872
109,-1,740,228,227.6,654.7,1
109,-1,684,395,68.3,177,1
109,-1,1076,297,196.1,475,1
109,-1,1583,364,52,137.9,0.999
109,-1,424,374,98.8,339.7,0.999
109,-1,964,333,86.8,314.7,0.997
109,-1,1299,402,37.2,109.5,0.993
109,-1,1862,389,37,105,0.99
109,-1,1273,398,43.1,122.4,0.89
110,-1,755,219,219.8,660.1,1
110,-1,690,395,62.3,169.2,1
110,-1,1079,304,184,461.3,1
110,-1,1589,368,44.4,136.1,0.999
110,-1,441,344,90.6,362.3,0.999
110,-1,990,346,88.3,276.7,0.996
110,-1,1866,391,33.6,105.9,0.991
110,-1,1305,398,37.1,113.5,0.982
110,-1,1280,396,45.2,123.4,0.974
110,-1,1255,392,46.8,123.8,0.401
111,-1,1099,297,176.7,475.3,1
111,-1,755,227,233.5,636.2,1
111,-1,1584,358,52.1,147.9,1
111,-1,679,390,75.9,184.6,1
111,-1,1280,392,51.3,124.8,0.999
111,-1,423,360,102.4,357.7,0.999
111,-1,972,331,110.3,312.9,0.998
111,-1,1873,385,34.9,110.1,0.946
111,-1,1314,399,37.5,108.3,0.852
112,-1,1593,365,47.2,132.7,1
112,-1,768,223,204.7,652.3,1
112,-1,691,385,68,192.1,1
112,-1,1084,301,180.2,464,1
112,-1,415,357,114.2,351.9,0.999
112,-1,1286,395,43,117.8,0.999
112,-1,1311,394,37.8,119.4,0.998
112,-1,964,323,98.8,329,0.998
112,-1,1877,386,34.8,106.4,0.944
113,-1,1093,295,201.5,468,1
113,-1,769,245,220.3,620.5,1
113,-1,691,386,66.5,186.3,1
113,-1,1601,360,49.9,141.6,0.999
113,-1,413,338,112.9,372.1,0.999
113,-1,1297,391,59.8,114.3,0.999
113,-1,1004,365,89.5,225.8,0.998
113,-1,972,326,88.6,316.7,0.996
113,-1,1272,385,51.7,127.7,0.692
113,-1,1883,390,34,97.8,0.598
114,-1,1603,364,47.5,128.8,1
114,-1,1105,289,184.3,459.9,1
114,-1,694,396,68,171.2,1
114,-1,770,221,219,655.2,1
114,-1,418,337,111.8,374.9,0.999
114,-1,1011,363,85.8,221.6,0.997
114,-1,1312,400,42.7,101.5,0.996
114,-1,967,326,99.8,309.6,0.993
114,-1,1291,386,41.2,125.9,0.95
115,-1,1095,290,204.1,488.8,1
115,-1,788,236,181.1,623,1
115,-1,1607,361,53.5,133.6,1
115,-1,692,393,71.7,175.3,1
115,-1,1295,393,41.8,114.3,0.999
115,-1,419,348,106,360.5,0.999
115,-1,950,392,50.4,131.5,0.999
115,-1,1019,364,82.4,226.1,0.997
115,-1,974,334,97.1,305.2,0.996
115,-1,1321,398,35.5,120.3,0.99
116,-1,944,384,52.7,139.6,1
116,-1,1115,296,178.4,468,1
116,-1,767,241,197.9,637,1
116,-1,1616,364,48.2,134.4,1
116,-1,693,396,75.4,178.5,1
116,-1,424,336,106.9,377,0.998
116,-1,981,315,96.9,339.3,0.996
116,-1,1317,396,41.6,115.4,0.995
116,-1,1290,384,49.1,130.8,0.991
117,-1,696,391,73.7,173.4,1
117,-1,1625,357,53.9,140.7,1
117,-1,785,243,196.7,621.3,1
117,-1,1103,282,203.1,464.4,1
117,-1,415,324,104.2,377.3,0.998
117,-1,975,316,86.6,339,0.995
117,-1,1296,385,45.4,126.6,0.989
117,-1,1324,395,36,115.4,0.987
117,-1,1025,351,77.8,267.7,0.975
118,-1,779,256,190.4,611.5,1
118,-1,695,384,76,193.4,1
118,-1,1630,360,48.5,131.2,1
118,-1,1104,294,188.8,468.2,1
118,-1,954,393,49,127.2,0.999
118,-1,408,334,107.6,374,0.999
118,-1,1030,364,81,227.7,0.999
118,-1,974,316,88.1,337.9,0.995
118,-1,1317,396,37.4,113.6,0.991
118,-1,1295,388,46.7,127.5,0.985
119,-1,1127,283,182.1,503.2,1
119,-1,761,236,201.5,636.2,1
119,-1,1623,364,54.9,141.9,1
119,-1,696,392,71.3,182,1
119,-1,950,385,48.8,139.3,0.999
119,-1,394,328,117.8,407.5,0.999
119,-1,1025,365,74.2,225.7,0.997
119,-1,1321,399,39.2,112.5,0.996
119,-1,981,318,108.6,335.8,0.995
119,-1,1296,392,45.2,126.3,0.993
120,-1,411,333,114.3,408.9,1
120,-1,1632,357,54.2,143.3,1
120,-1,760,225,224.8,632.4,1
120,-1,1114,301,168.7,466.1,1
120,-1,1289,391,48.4,126.8,1
120,-1,695,396,63.4,174.3,1
120,-1,980,327,105.2,322.1,0.997
120,-1,1321,394,38.5,121.3,0.993
121,-1,1631,362,49.1,137.3,1
121,-1,758,230,201.3,659.1,1
121,-1,695,396,70.4,178.8,1
121,-1,1118,298,176.7,470.5,1
121,-1,944,381,58.9,147.6,0.999
121,-1,393,325,119,394.8,0.999
121,-1,972,324,98.8,336.7,0.997
121,-1,1287,389,46.8,126.9,0.995
121,-1,1319,394,40.6,116.1,0.99
121,-1,1031,355,80.3,249.5,0.978
122,-1,1111,296,173.9,469,1
122,-1,762,220,193.6,640.2,1
122,-1,1630,365,51.8,136.1,1
122,-1,692,391,72.2,186,1
122,-1,947,386,54.4,145.6,0.999
122,-1,384,324,138.1,394.1,0.999
122,-1,1022,371,76.2,211.7,0.998
122,-1,970,326,112.4,323.4,0.998
122,-1,1281,393,45.5,126,0.991
122,-1,1307,401,42,117.1,0.989
123,-1,685,394,67.2,174.5,1
123,-1,1103,278,192.8,486.9,1
123,-1,761,229,186.6,654.2,1
123,-1,946,376,51.8,158.2,0.999
123,-1,1626,362,52.4,132.5,0.999
123,-1,382,313,121.9,432.6,0.999
123,-1,1282,389,43.7,128.8,0.999
123,-1,1012,366,82.8,224,0.999
123,-1,962,327,107.1,341.1,0.998
123,-1,1309,398,41.7,114.1,0.988
124,-1,1099,295,181.5,473.1,1
124,-1,755,220,197,643.3,1
124,-1,1630,368,50.5,132.4,0.999
124,-1,681,384,68.9,194.8,0.999
124,-1,1018,364,77.2,218.2,0.999
124,-1,957,313,105.4,344.5,0.999
124,-1,1287,397,41.5,117.1,0.999
124,-1,368,322,138.7,418.5,0.998
124,-1,929,385,54.5,139,0.98
124,-1,1315,394,36.1,112.1,0.958
125,-1,736,224,211.1,651.2,1
125,-1,1104,272,186.1,509.6,1
125,-1,1274,384,44.8,133.5,1
125,-1,681,392,67.7,183.6,1
125,-1,955,317,103.3,346,0.999
125,-1,1629,373,46.5,127.3,0.999
125,-1,359,325,127.2,421.8,0.997
125,-1,1301,403,39.6,112.4,0.997
125,-1,1020,373,77.5,207.6,0.991
125,-1,923,388,50.5,148.8,0.979
126,-1,721,228,221.2,659.6,1
126,-1,1094,290,188.7,471.2,1
126,-1,1010,370,75.7,222.3,0.999
126,-1,1624,361,52.6,143.2,0.999
126,-1,671,384,68.6,194.6,0.999
126,-1,943,311,104.7,353.5,0.998
126,-1,1295,400,38.1,114.3,0.998
126,-1,353,324,120.8,421.5,0.995
126,-1,1271,393,44.9,123,0.994
127,-1,734,239,206.4,619.5,1
127,-1,1089,292,182.5,494.1,1
127,-1,934,322,92.4,337.5,0.999
127,-1,675,384,70.6,190,0.999
127,-1,1617,366,56.5,142,0.998
127,-1,1003,364,83.8,235.9,0.998
127,-1,1294,402,37.8,116,0.993
127,-1,1267,397,46.3,127.1,0.992
127,-1,351,317,115.5,442,0.984
128,-1,903,385,52.8,155.5,1
128,-1,663,383,76.3,189.3,1
128,-1,1073,286,200.7,485.8,1
128,-1,708,227,229.7,640,1
128,-1,1003,371,79.6,218.4,1
128,-1,939,327,111.3,348.6,0.999
128,-1,1621,368,44.6,134.4,0.999
128,-1,1286,404,40.6,117.2,0.995
128,-1,339,320,120.3,437.8,0.991
128,-1,1264,395,41.8,115.8,0.933
129,-1,720,223,209,674.1,1
129,-1,1074,300,186.6,475.7,1
129,-1,903,389,54.5,157.2,1
129,-1,1000,371,83.4,224.9,1
129,-1,660,396,73.1,180.9,1
129,-1,926,303,115.7,350.2,0.999
129,-1,1613,365,51.4,144.5,0.999
129,-1,1286,402,38.9,116.5,0.998
129,-1,338,342,125.2,416.2,0.997
129,-1,1261,392,48.7,132.4,0.993
130,-1,897,394,51.5,144.1,1
130,-1,705,242,206.5,633.8,1
130,-1,1002,378,81.8,211.6,1
130,-1,656,390,82.2,197.7,1
130,-1,1061,273,216.3,503,1
130,-1,1617,370,51.4,137.3,0.999
130,-1,932,322,99.6,347,0.999
130,-1,1285,404,38.6,113.7,0.998
130,-1,334,322,132.6,445.8,0.986
130,-1,1264,398,40.1,119.9,0.982
131,-1,932,320,110.8,338.7,1
131,-1,1077,299,194.5,458.3,1
131,-1,726,231,212.4,653.3,1
131,-1,665,387,68.9,197,1
131,-1,1613,367,52.4,131.4,1
131,-1,1006,365,79.3,218.7,0.999
131,-1,1283,403,39.7,115.2,0.996
131,-1,1263,399,39.3,114.3,0.936
131,-1,302,312,156.6,463.8,0.862
132,-1,1080,287,176.9,497.8,1
132,-1,725,221,210.4,670.3,1
132,-1,656,381,80.5,199.5,1
132,-1,1008,367,82.4,218.1,1
132,-1,1616,369,51.1,131.8,1
132,-1,926,318,99,340.2,0.999
132,-1,1279,402,41.6,120.1,0.998
132,-1,1255,396,46.2,114.1,0.992
132,-1,317,287,151.3,497.6,0.676
133,-1,1075,307,192.2,485.1,1
133,-1,718,232,212.9,661.3,1
133,-1,1010,372,77.2,228.7,1
133,-1,1610,361,56.3,144.1,1
133,-1,659,387,71.2,207.4,1
133,-1,934,334,100.8,326.8,0.999
133,-1,1278,399,41,123.2,0.998
133,-1,1254,389,46.4,132.1,0.991
134,-1,1617,368,51.4,138,1
134,-1,1010,374,79.6,224.1,1
134,-1,1073,301,185.9,492.7,1
134,-1,730,240,202.3,635.6,1
134,-1,663,393,66.6,194.7,1
134,-1,938,324,90.1,340,0.999
134,-1,1254,392,44.9,128,0.998
134,-1,1282,403,36.3,111.1,0.787
135,-1,1080,295,194.6,491,1
135,-1,1007,367,86.4,227.4,1
135,-1,658,396,71.9,197.4,1
135,-1,720,240,203.6,629.5,1
135,-1,1624,367,51.8,144.4,1
135,-1,930,318,93.7,358.2,0.999
135,-1,900,393,54.1,163.8,0.994
135,-1,1264,404,43.9,110.1,0.986
136,-1,655,410,70.9,182.7,1
136,-1,1621,365,57.6,135.2,1
136,-1,1008,361,88.2,239.3,1
136,-1,1071,294,206.7,496.5,1
136,-1,730,231,188.9,645.1,1
136,-1,936,329,95,353.5,0.998
136,-1,896,398,53.3,154.3,0.997
136,-1,1273,408,39.5,103.2,0.987
137,-1,1071,307,202.8,493.7,1
137,-1,739,243,188.7,629.6,1
137,-1,1626,365,52.6,135.3,1
137,-1,1013,371,79.5,226.4,1
137,-1,1249,395,50.4,122,1
137,-1,651,400,76.3,202.2,1
137,-1,918,305,103.4,370.4,0.999
138,-1,1080,294,194.1,495.3,1
138,-1,915,317,117.2,341.2,1
138,-1,742,233,198.4,652.7,1
138,-1,1633,364,51.3,144.3,1
138,-1,1014,368,86.3,231.6,1
138,-1,650,395,80.1,215.8,1
138,-1,1257,409,44.2,116.8,0.995
138,-1,1287,411,32.8,109.7,0.64
139,-1,1083,289,192.2,502.2,1
139,-1,1643,367,49.4,129,1
139,-1,1020,375,81.7,225.1,1
139,-1,735,245,195.3,633.5,1
139,-1,654,394,75.9,209.6,1
139,-1,936,319,90.6,351.7,0.999
139,-1,1252,402,51.7,116,0.999
139,-1,903,402,58.8,147.2,0.977
139,-1,1283,408,42.7,118.2,0.748
139,-1,291,318,142.7,523.4,0.668
140,-1,1092,304,197.1,502.2,1
140,-1,925,337,96.2,326.3,1
140,-1,747,245,177.4,626.6,1
140,-1,1019,374,85.5,225.6,1
140,-1,660,398,79.6,211.1,1
140,-1,1636,359,57.4,138,0.999
140,-1,1281,407,41,117.1,0.998
140,-1,271,276,183,552.4,0.622
141,-1,1643,360,56.4,142.2,1
141,-1,741,261,196.7,619.8,1
141,-1,1086,310,214.9,497.5,1
141,-1,661,397,74.2,205.5,1
141,-1,1024,370,83.5,220.4,1
141,-1,938,338,87.2,328.1,0.999
141,-1,1283,405,44.9,124.1,0.998
142,-1,654,395,88,209.7,1
142,-1,922,332,99.5,342.4,1
142,-1,744,239,194.5,639,1
142,-1,1101,297,202.3,521.7,1
142,-1,1027,374,85.5,224.4,1
142,-1,1659,361,50.4,139.9,0.999
142,-1,1286,404,42.5,125.4,0.912
143,-1,1112,295,190.8,500.6,1
143,-1,761,263,195.1,625.1,1
143,-1,1660,356,48.2,140.9,1
143,-1,663,398,83.5,214.9,1
143,-1,1034,373,81.2,226,1
143,-1,936,319,106.4,343,0.999
143,-1,1286,403,41,114.1,0.992
144,-1,1097,296,222.5,509.9,1
144,-1,662,402,80.4,211.4,1
144,-1,754,269,215.2,600.9,1
144,-1,1036,386,78.9,219.1,1
144,-1,1669,362,49.6,136.3,0.999
144,-1,945,319,105.1,368.6,0.999
144,-1,1301,407,38.3,109.2,0.883
145,-1,776,245,196.3,656.6,1
145,-1,1037,385,83,220.6,1
145,-1,1677,364,55.1,136.6,1
145,-1,669,391,86.4,219.2,1
145,-1,1112,297,198.3,518,1
145,-1,946,334,106,336.1,0.999
145,-1,1291,403,41.9,114.6,0.994
146,-1,1131,299,185.2,493.8,1
146,-1,768,266,194,617.1,1
146,-1,958,337,89.2,335.7,1
146,-1,674,394,87.6,218,1
146,-1,1043,379,84.2,221,1
146,-1,1681,371,50.8,135.1,0.999
146,-1,1301,406,37.6,116.2,0.945
147,-1,1133,283,185.3,510.1,1
147,-1,1694,369,45.8,131.5,1
147,-1,945,320,108.2,361,1
147,-1,769,255,197.2,641.1,1
147,-1,1042,380,83.1,227.9,1
147,-1,679,389,80.2,225,1
147,-1,1300,405,41.1,124.2,0.993
148,-1,771,260,202.1,617.3,1
148,-1,964,332,108.6,356.5,1
148,-1,1118,290,209.7,511.7,1
148,-1,1044,383,85.1,220.1,1
148,-1,681,388,78.4,224.1,1
148,-1,1689,372,56.3,131,0.999
149,-1,781,263,209.3,621.5,1
149,-1,1145,308,192.1,493.7,1
149,-1,1695,369,53.5,139.7,1
149,-1,943,324,117.4,350.9,1
149,-1,672,397,96.2,229.3,1
149,-1,1050,381,78.9,230,0.999
150,-1,785,262,196.2,635.4,1
150,-1,969,329,94.6,369.8,1
150,-1,676,405,83.9,236.4,1
150,-1,1139,301,191.4,506.9,1
150,-1,1704,367,53.1,138.7,1
150,-1,1045,392,84.7,210,0.999
150,-1,1313,413,37.6,112.4,0.91
151,-1,1051,393,79,219.2,1
151,-1,1708,375,47.5,133.9,1
151,-1,774,272,194.6,627.6,1
151,-1,672,410,87.9,223.8,1
151,-1,1141,302,182.3,503.2,1
151,-1,971,340,103.9,349.3,0.999
151,-1,1305,419,39.4,112.3,0.948
151,-1,941,406,57.7,170.1,0.845
152,-1,777,262,217.4,626.1,1
152,-1,1050,391,86.8,221.6,1
152,-1,1138,309,204.3,495.6,1
152,-1,676,407,90.9,217.3,1
152,-1,951,338,114.7,370.5,0.999
152,-1,1714,378,51.4,127.5,0.999
153,-1,781,273,194.5,621,1
153,-1,1052,391,85.6,219.5,1
153,-1,1139,306,192.1,518.7,1
153,-1,683,410,84.5,223.7,1
153,-1,961,343,102.9,345.1,0.999
153,-1,1714,377,53.6,139.5,0.999
153,-1,1313,411,41.4,124,0.784
153,-1,234,283,203.1,643.1,0.422
154,-1,1156,293,193.1,512.6,1
154,-1,771,274,198.6,617.4,1
154,-1,1713,380,51.6,133.9,1
154,-1,678,398,84.2,235.5,1
154,-1,962,341,108.2,347.3,0.999
154,-1,1049,380,85.8,235.1,0.999
155,-1,1139,312,212.3,496.6,1
155,-1,674,403,85.4,231.2,1
155,-1,958,341,99.8,339.9,1
155,-1,1049,381,83.2,233,1
155,-1,793,262,184.6,624.5,1
155,-1,1717,374,53.1,138.9,1
155,-1,748,374,85.4,242.5,0.996
155,-1,210,248,221,668,0.405
156,-1,768,239,205.2,636.1,1
156,-1,1150,315,201,514.9,1
156,-1,669,403,99.4,223.9,1
156,-1,1048,389,80.9,225.9,1
156,-1,1720,381,52.1,131.7,1
156,-1,952,341,112.2,346.5,0.999
157,-1,774,241,220.5,661.1,1
157,-1,1154,317,182.7,487.2,1
157,-1,664,401,101.8,230.7,1
157,-1,1720,377,56.5,139.4,1
157,-1,1052,396,75.9,221.4,1
157,-1,960,354,106.7,344.2,0.999
158,-1,775,266,213.7,623.2,1
158,-1,664,396,86,231,1
158,-1,1718,376,53.9,129.2,1
158,-1,1044,381,83.1,238,1
158,-1,1155,294,185.6,543.7,1
158,-1,957,356,106.1,346.5,0.999
159,-1,1046,381,89.1,228.1,1
159,-1,774,253,216.3,621.9,1
159,-1,1126,310,194.2,496.7,1
159,-1,1715,381,53,136.6,1
159,-1,662,398,83.8,230.5,1
159,-1,952,338,96.9,340.1,0.999
160,-1,1125,296,198.4,528,1
160,-1,936,339,116.3,345.5,1
160,-1,785,255,205.8,645.6,1
160,-1,649,409,91.2,225.6,0.999
160,-1,1037,390,82.9,230.9,0.999
160,-1,1711,375,56.8,144.8,0.999
160,-1,737,364,84.6,274.7,0.988
161,-1,1133,304,188.6,488.3,1
161,-1,647,398,88,233,1
161,-1,1703,385,60,130.2,1
161,-1,763,263,229.1,619.7,1
161,-1,1022,383,91.3,240.2,1
161,-1,939,341,108.8,325.4,0.994
162,-1,1134,299,196.2,523.1,1
162,-1,639,397,95.4,241.5,1
162,-1,776,265,206.3,625,1
162,-1,1013,388,103.1,233.3,1
162,-1,1697,382,52.8,135.2,1
162,-1,719,383,92,259,0.999
162,-1,935,342,100.8,333.5,0.983
163,-1,758,248,201.2,616.5,1
163,-1,637,394,91.4,243,1
163,-1,1694,379,54.7,136.4,1
163,-1,1013,394,90.6,211.9,1
163,-1,1107,316,199.7,498.2,1
163,-1,913,334,114.5,349.4,0.999
163,-1,705,362,101.2,284.1,0.987
164,-1,621,401,108.8,242.4,1
164,-1,1096,300,203.5,513.5,1
164,-1,1691,382,56.6,130.3,1
164,-1,754,280,210.5,600.8,1
164,-1,1016,380,85.7,230.9,1
164,-1,913,343,111.9,334.7,0.999
164,-1,701,361,103.9,284.9,0.997
165,-1,1108,297,183.5,506.6,1
165,-1,707,365,101.6,269.3,1
165,-1,743,242,210.9,641.8,1
165,-1,1016,384,77,223.5,1
165,-1,1690,377,50.4,138.7,1
165,-1,605,393,107,241.6,1
165,-1,926,316,104.6,372.5,0.999
165,-1,59,230,248.2,785,0.407
166,-1,1681,377,47.1,138.5,1
166,-1,1106,301,203.5,515,1
166,-1,615,388,93.4,258.4,1
166,-1,760,269,209.6,600.4,1
166,-1,1010,383,79.3,226.1,1
166,-1,693,363,117.9,290.6,0.999
166,-1,934,317,93.9,377.9,0.998
166,-1,42,216,249,809.8,0.458
167,-1,1091,308,192.7,490.9,1
167,-1,602,388,105.8,260.2,1
167,-1,1681,370,59.3,154,1
167,-1,754,250,210.9,637.3,1
167,-1,1010,391,84.4,216.8,1
167,-1,695,351,107,289.1,0.999
167,-1,915,324,105.9,377.1,0.997
167,-1,36,209,247.3,812,0.436
168,-1,758,260,197.3,625.1,1
168,-1,589,392,100,263.6,1
168,-1,1072,291,209.9,520.8,1
168,-1,1002,385,87.4,227.1,1
168,-1,1680,379,55.9,138.6,1
168,-1,692,352,101,282.5,0.999
168,-1,901,325,109.7,363,0.996
168,-1,14,217,247.6,808.7,0.477
169,-1,1098,296,197.9,500.3,1
169,-1,750,248,200.9,627,1
169,-1,586,388,104.7,265.9,1
169,-1,1002,376,89.2,226.7,1
169,-1,1681,368,53.1,161.9,1
169,-1,680,356,116.1,301.4,0.999
169,-1,918,322,105.2,372.6,0.998
169,-1,5,182,241.2,860.3,0.764
170,-1,1085,293,206.8,524.2,1
170,-1,1009,378,82.8,218,1
170,-1,763,249,194.8,627.8,1
170,-1,672,350,127.2,290.3,1
170,-1,1679,363,54.5,167.6,1
170,-1,577,393,101.2,248.4,1
170,-1,915,340,97.2,341.7,0.997
170,-1,-7,139,263.9,928.8,0.688
171,-1,1086,290,188.8,519.9,1
171,-1,774,259,181.5,609.5,1
171,-1,1675,367,56.9,169.2,1
171,-1,665,350,131.3,294,1
171,-1,576,391,103.9,254.7,1
171,-1,1002,377,88.1,225,1
171,-1,912,322,99.3,354.4,0.989
171,-1,-13,126,258.1,961.5,0.66
172,-1,565,381,118.8,277.2,1
172,-1,1683,366,53.2,164.6,1
172,-1,669,342,114.1,302.1,1
172,-1,1069,277,223.5,537.9,1
172,-1,752,257,194.1,619.8,1
172,-1,999,375,86,226.2,1
172,-1,907,339,108.1,341.1,0.999
172,-1,-11,117,241,1002.6,0.454
173,-1,745,242,198.3,636.2,1
173,-1,1070,283,226.7,546.4,1
173,-1,559,394,113.8,246,1
173,-1,1672,371,56.2,165.2,1
173,-1,652,349,118.1,309.5,1
173,-1,996,369,84.7,231.2,0.999
173,-1,892,313,105.2,388.5,0.998
174,-1,738,249,223.2,625.9,1
174,-1,1081,307,195.4,505.4,1
174,-1,563,373,111.9,275.2,1
174,-1,658,330,115.7,313.9,1
174,-1,1677,363,51.4,156.6,1
174,-1,1000,374,91.7,224.8,0.999
175,-1,1093,304,188.1,491.7,1
175,-1,666,341,121.2,305.1,1
175,-1,1677,366,55,152.6,1
175,-1,760,247,196.5,635.6,1
175,-1,562,388,107.1,257.2,1
175,-1,997,381,81.7,208.4,1
176,-1,1086,309,194.9,508.4,1
176,-1,752,260,199.3,624,1
176,-1,660,348,137,322.2,1
176,-1,1687,360,52.9,155.8,1
176,-1,556,384,101.4,254.7,1
176,-1,1010,382,85.7,214.7,1
176,-1,904,310,116.7,373.9,0.999
177,-1,1690,360,56.7,159.7,1
177,-1,771,258,187.4,623.6,1
177,-1,1088,298,192.4,507.5,1
177,-1,537,377,117.2,279.3,1
177,-1,645,353,154,314.9,1
177,-1,1005,377,92.6,216.7,1
177,-1,904,328,115.4,362.4,0.999
178,-1,1092,309,206.5,499.6,1
178,-1,556,389,100.8,268.3,1
178,-1,1003,371,86,223.5,1
178,-1,647,357,139.3,314.6,1
178,-1,769,254,204.1,631.9,1
178,-1,1694,353,54.1,161.8,1
178,-1,979,416,39.1,122,0.941
179,-1,787,269,192.4,588.7,1
179,-1,1086,279,211.2,531.7,1
179,-1,553,382,101.6,269.8,1
179,-1,1008,368,96.5,244,1
179,-1,649,358,136.7,292.9,1
179,-1,1692,361,57.7,163,1
179,-1,986,424,37.7,112.1,0.988
180,-1,1017,362,81.5,237.7,1
180,-1,653,366,142,314.9,1
180,-1,540,366,127.9,298.9,1
180,-1,1113,285,179.6,517.1,1
180,-1,781,255,204.1,639.6,1
180,-1,1694,351,63.5,166.6,1
180,-1,988,422,36.2,114.1,0.773
181,-1,1103,305,215.5,504.9,1
181,-1,666,352,126.9,318.8,1
181,-1,1708,351,59.6,169.4,1
181,-1,543,383,117.5,289,1
181,-1,777,261,200.6,642.3,1
181,-1,1018,386,80.7,220.4,1
181,-1,990,418,39.7,116.3,0.927
182,-1,781,269,198.1,601,1
182,-1,1110,282,213.7,539.4,1
182,-1,1707,346,61.4,172.2,1
182,-1,648,361,149.4,304.7,1
182,-1,553,390,102.2,282,1
182,-1,1017,377,81.8,221.4,1
182,-1,992,424,45.4,117.1,0.988
183,-1,1719,356,57,168.2,1
183,-1,1123,269,196,557.3,1
183,-1,560,390,107.9,276.9,1
183,-1,789,259,195.7,599.1,1
183,-1,649,356,154.9,307.7,1
183,-1,1018,378,90.6,222.9,1
184,-1,658,338,161.5,339.3,1
184,-1,552,372,118.9,309.1,1
184,-1,789,259,192.1,614.3,1
184,-1,1138,299,204.6,509.2,1
184,-1,1726,354,61.7,166.7,1
184,-1,1032,378,83.8,220.7,1
184,-1,1006,421,37.5,109.6,0.964
185,-1,563,399,117.4,285.1,1
185,-1,1128,280,199.2,531.1,1
185,-1,655,330,152.8,339.8,1
185,-1,1732,352,60.1,173.4,1
185,-1,791,251,197.8,609.9,1
185,-1,1031,383,86.4,224.8,0.999
185,-1,1011,428,37.4,108,0.728
186,-1,558,396,125.9,289.7,1
186,-1,1144,281,199,540.4,1
186,-1,781,251,210.8,612.1,1
186,-1,661,351,150.7,323.2,1
186,-1,1031,380,90.6,218.4,1
186,-1,1743,349,60.6,162.5,1
187,-1,551,382,125.8,307.7,1
187,-1,798,244,191.8,615,1
187,-1,1747,354,60.3,162,1
187,-1,665,332,154.8,354.8,1
187,-1,1033,384,94,210.1,1
187,-1,1140,275,202.6,530,1
188,-1,1144,269,189,529.5,1
188,-1,1040,384,78,228.9,1
188,-1,1744,351,66.1,171.7,1
188,-1,792,258,197.1,609.4,1
188,-1,667,325,137.4,361,1
188,-1,552,380,121.9,291,1
188,-1,931,327,121.3,334.2,0.995
189,-1,553,388,110,283.6,1
189,-1,652,329,145.8,355.6,1
189,-1,1159,296,180.4,518.1,1
189,-1,799,246,188.8,607.5,1
189,-1,1751,352,67.3,169.9,1
189,-1,1032,369,88.9,240.9,1
190,-1,772,240,231,608,1
190,-1,1031,372,96.8,228.1,1
190,-1,1151,285,207.5,535.7,1
190,-1,543,372,143.9,305.2,1
190,-1,1753,354,58.5,171.6,1
190,-1,658,331,150.5,358.6,1
191,-1,1751,352,73.7,180.6,1
191,-1,1031,381,86.9,228.6,1
191,-1,808,254,189.7,599.4,1
191,-1,542,377,127.5,314.2,1
191,-1,1158,276,188.8,524.9,1
191,-1,644,313,155.8,371.2,1
192,-1,1034,370,88.9,246.4,1
192,-1,1148,281,188.7,531.8,1
192,-1,1762,352,59.5,172.5,1
192,-1,660,320,136.5,374.7,1
192,-1,782,245,220.8,629.6,1
192,-1,537,377,129.8,321,1
193,-1,656,324,152.6,382.8,1
193,-1,796,258,203.3,599.5,1
193,-1,1152,294,184.8,516.8,1
193,-1,1031,385,87.5,233.7,1
193,-1,528,370,129.9,329.2,1
193,-1,1757,350,64.1,178.6,1
194,-1,801,264,206.3,625.4,1
194,-1,529,373,127.5,319.5,1
194,-1,1751,372,67.7,173.7,1
194,-1,646,328,151.5,370.9,1
194,-1,1030,380,93.4,227,1
194,-1,1136,282,209.2,535.7,1
195,-1,511,370,134.7,314.4,1
195,-1,1755,366,60.7,172,1
195,-1,809,281,206,587.9,1
195,-1,630,347,176.7,364.6,1
195,-1,1146,300,198.3,537.5,1
195,-1,1026,387,81.8,217.5,0.999
196,-1,509,380,142.1,327.8,1
196,-1,1139,280,183.9,546.5,1
196,-1,797,267,205.3,605.6,1
196,-1,644,337,150.3,367.7,1
196,-1,1746,368,72.4,182.8,1
196,-1,1017,380,91.1,228,1
197,-1,1019,390,92.3,222,1
197,-1,804,260,204.8,607.6,1
197,-1,1137,286,184,539.5,1
197,-1,496,380,131.4,340.4,1
197,-1,613,340,180.1,374.5,1
197,-1,1749,365,68,179.5,1
198,-1,1748,359,60.9,190.6,1
198,-1,1123,292,210,553.2,1
198,-1,609,327,181.6,388.6,1
198,-1,798,251,211.5,631.6,1
198,-1,497,378,127.5,347.9,1
198,-1,1015,384,94.1,228.6,0.999
199,-1,1123,304,192.6,531.2,1
199,-1,1747,371,63.3,176.8,1
199,-1,802,275,202.8,598.2,1
199,-1,483,388,145.1,333.8,1
199,-1,594,334,176.3,397.4,1
199,-1,1017,388,90.8,229.2,1
200,-1,1009,390,81.3,240,1
200,-1,1118,301,192.2,539.2,1
200,-1,602,337,149.3,383.3,1
200,-1,776,385,84.3,245.5,1
200,-1,787,275,216.8,640.1,1
200,-1,463,405,143.7,327.6,1
200,-1,1741,371,64.3,177,1
201,-1,1734,378,63.4,178.9,1
201,-1,464,387,149.4,351.5,1
201,-1,787,289,211,591.6,1
201,-1,580,346,161.2,378.7,1
201,-1,1005,394,92.4,235,1
201,-1,1111,299,192.4,544.3,1
202,-1,449,382,127.5,348.2,1
202,-1,998,395,91.3,230.6,1
202,-1,563,334,191.3,394.9,1
202,-1,1731,389,69.5,178,1
202,-1,807,263,176.7,636,1
202,-1,1116,290,206,550.4,1
202,-1,750,404,86.7,235.7,0.982
203,-1,560,354,163.7,400.7,1
203,-1,1001,401,90.8,223,1
203,-1,1110,319,191.1,526.8,1
203,-1,798,266,182.2,621.8,1
203,-1,430,399,146.3,345.6,1
203,-1,1725,377,65.6,178.6,1
203,-1,676,405,97.1,242.6,0.982
203,-1,755,404,84.7,230.2,0.98
204,-1,422,387,162.9,365,1
204,-1,1721,377,66,178.8,1
204,-1,1096,295,222.6,552.1,1
204,-1,995,407,89.5,219.1,1
204,-1,749,396,111.4,255.4,1
204,-1,797,281,192.8,610.3,1
204,-1,561,334,175.5,407.2,1
205,-1,546,337,178.8,396.4,1
205,-1,425,397,135.7,351.2,1
205,-1,1725,383,58.9,168.8,1
205,-1,804,288,192,622.5,1
205,-1,757,398,86.6,253.9,1
205,-1,1095,310,222.7,541.3,1
205,-1,996,409,83.8,223.6,1
206,-1,748,389,101.1,263.8,1
206,-1,531,340,194.3,403.3,1
206,-1,420,394,139.2,356.1,1
206,-1,1722,376,65,174.6,1
206,-1,991,392,88.9,246.2,1
206,-1,1080,302,238.3,531.9,1
206,-1,805,295,165.4,592.8,1
207,-1,1733,377,60.6,167.2,1
207,-1,1086,311,208,525,1
207,-1,529,320,201.7,441.2,1
207,-1,793,299,185.6,595.2,1
207,-1,418,398,130.6,372,1
207,-1,996,400,83.5,226.2,1
207,-1,743,390,96.1,257,1
208,-1,531,317,187,447.9,1
208,-1,790,295,199,593.8,1
208,-1,1731,374,63.5,173.2,1
208,-1,1082,306,221.4,539,1
208,-1,1002,407,80.8,217,1
208,-1,414,400,128.6,342.7,1
208,-1,741,388,83.4,248.9,0.993
209,-1,385,378,154.1,371.7,1
209,-1,799,300,179,597.6,1
209,-1,1082,294,223.4,559.2,1
209,-1,740,396,103.2,261.8,1
209,-1,525,332,186.1,444.7,1
209,-1,996,406,81.4,216.8,1
209,-1,1735,379,62.2,168.7,0.999
210,-1,1002,409,79.8,216.9,1
210,-1,533,307,184.3,470.8,1
210,-1,381,383,148.4,385.4,1
210,-1,1096,316,216.2,534.5,1
210,-1,785,285,192.6,621.6,1
210,-1,1734,385,62.9,170,1
210,-1,733,390,98.9,279.4,0.999
211,-1,510,322,197.2,445.2,1
211,-1,783,280,202.6,621,1
211,-1,374,399,147.9,369.5,1
211,-1,1083,326,229,520.5,1
211,-1,1731,377,63.7,176.9,1
211,-1,997,400,90.8,224,1
212,-1,1080,320,238.6,542.6,1
212,-1,731,396,107.5,261.3,1
212,-1,377,383,158.7,383.2,1
212,-1,501,334,202.5,445.8,1
212,-1,788,285,189,606.7,1
212,-1,991,408,90.7,231.3,1
212,-1,1732,378,64.8,167.7,0.999
213,-1,1102,310,194.7,546.6,1
213,-1,1741,388,59.1,159.7,1
213,-1,998,400,85.5,229.3,1
213,-1,363,386,167.8,398,1
213,-1,778,293,195.4,608.3,1
213,-1,481,318,229.4,482.1,1
213,-1,730,397,92,260.1,0.998
214,-1,777,311,196,574.9,1
214,-1,503,324,200.2,476.2,1
214,-1,354,398,162.8,378.3,1
214,-1,1103,308,194.6,561.5,1
214,-1,999,406,82.6,228.6,1
214,-1,1741,389,65.8,174,0.999
214,-1,718,407,92.5,263.9,0.99
215,-1,1096,329,215.5,545.1,1
215,-1,348,390,164.5,402.2,1
215,-1,999,412,90.3,223.8,1
215,-1,502,332,197,471.5,1
215,-1,769,299,192,607.2,1
215,-1,1745,390,63.1,171.2,0.999
216,-1,1004,413,80.9,232.1,1
216,-1,774,281,211.5,643.8,1
216,-1,481,326,218.8,494.8,1
216,-1,348,392,161,394.2,1
216,-1,1751,386,70,180.1,1
216,-1,1103,312,209,552.3,1
217,-1,344,398,176.2,410.6,1
217,-1,489,317,213.7,497.5,1
217,-1,1120,302,199.1,556.3,1
217,-1,788,316,203.6,562.1,1
217,-1,1004,408,80.9,223,1
217,-1,1759,385,60.1,180.7,1
217,-1,736,407,98.3,262.7,0.999
218,-1,1133,324,192.3,533.5,1
218,-1,499,327,194.9,486.5,1
218,-1,1010,418,77.9,221.1,1
218,-1,749,411,103.4,246.3,1
218,-1,345,396,167.3,397.2,1
218,-1,775,296,198.9,593,1
218,-1,1765,382,65.1,191.9,0.998
218,-1,648,420,97.7,249.6,0.934
219,-1,345,392,156.8,408.7,1
219,-1,1140,328,193.7,535.2,1
219,-1,754,411,98.3,249.8,1
219,-1,1771,393,66.2,180.5,1
219,-1,484,318,226.3,499.2,1
219,-1,792,286,194.6,626.9,1
219,-1,1013,411,83.7,222.7,0.999
220,-1,496,313,209.3,516.6,1
220,-1,1783,390,66.1,185.4,1
220,-1,346,387,160.1,427.9,1
220,-1,1122,317,219.9,549.6,1
220,-1,1020,409,84.6,228,1
220,-1,748,401,95.8,262.3,1
220,-1,783,274,212.2,645.3,1
221,-1,498,300,190.9,506,1
221,-1,798,281,211.2,627.3,1
221,-1,1017,407,89,231.8,1
221,-1,1142,301,210.2,562.1,1
221,-1,742,395,105.8,278.4,1
221,-1,1791,391,64.6,182.1,1
221,-1,340,383,166.3,429.4,1
221,-1,652,413,85.6,260.3,0.976
222,-1,741,383,110.7,303.7,1
222,-1,502,318,208.4,497,1
222,-1,1803,394,56.5,188,1
222,-1,354,385,175.2,424.5,1
222,-1,798,310,195.4,588.4,1
222,-1,1160,327,205.6,537.2,1
222,-1,1025,417,82.2,221.7,1
223,-1,338,374,191,447.9,1
223,-1,1151,314,197,558,1
223,-1,1803,394,68.3,184.5,1
223,-1,644,421,93.6,263.5,1
223,-1,747,382,113.2,290.2,1
223,-1,503,289,198.8,521.9,1
223,-1,817,315,192.4,597.1,1
223,-1,1024,415,91.1,226.9,1
224,-1,1168,311,206.2,583.3,1
224,-1,1816,394,66.3,199.4,1
224,-1,352,374,171.6,449.8,1
224,-1,839,328,173.1,558.7,1
224,-1,480,289,205.8,546.7,1
224,-1,1027,416,90.6,230.2,1
224,-1,753,399,98.2,283.3,1
224,-1,650,408,85.6,256.2,0.999
225,-1,1173,307,185.5,563.4,1
225,-1,812,313,193.5,584.2,1
225,-1,331,377,174.7,421.5,1
225,-1,1823,390,59.8,203.1,1
225,-1,482,310,220.3,499.1,1
225,-1,740,388,130,299.7,1
225,-1,1035,416,88,228.5,0.999
225,-1,655,398,99.1,278.4,0.997
226,-1,1158,304,209.4,574.5,1
226,-1,742,402,115.8,286.3,1
226,-1,491,293,208.9,546.6,1
226,-1,336,370,159.1,442.1,1
226,-1,835,313,198.2,582.5,1
226,-1,1824,391,66,199.3,1
226,-1,1032,408,97,229.1,0.998
226,-1,659,390,100.2,284.8,0.998
227,-1,326,367,176.8,460.5,1
227,-1,836,311,186.6,579.1,1
227,-1,1828,391,71.3,203.3,1
227,-1,488,291,201.1,564.2,1
227,-1,1180,295,191.6,580.9,1
227,-1,751,385,119.7,293.1,1
227,-1,1032,423,96.4,216.3,1
227,-1,646,417,95.8,269.6,0.998
228,-1,486,303,212.4,546,1
228,-1,746,392,113,293.2,1
228,-1,1038,408,93.3,232.8,1
228,-1,1168,310,196.3,574.3,1
228,-1,338,378,161.1,446.2,1
228,-1,835,288,179.2,615.9,1
228,-1,1838,391,67.7,219.6,1
228,-1,654,409,98.7,268,0.998
229,-1,315,370,185.1,474.2,1
229,-1,447,278,246,581.9,1
229,-1,1844,404,65.1,187.6,1
229,-1,1173,299,212,582.9,1
229,-1,848,299,188.1,602.3,1
229,-1,752,399,107,289.1,1
229,-1,1036,413,100.7,240.9,0.999
229,-1,645,396,98.7,281.1,0.998
230,-1,1842,396,69,202.3,1
230,-1,454,291,225.6,579.6,1
230,-1,1168,313,205.7,580.2,1
230,-1,297,381,178.9,466.3,1
230,-1,860,302,185.6,592.9,1
230,-1,745,382,119,321.8,1
230,-1,637,390,103.5,305.8,0.999
230,-1,1034,411,95.3,239.5,0.999
231,-1,285,372,189.6,480.1,1
231,-1,1183,328,204.6,560.3,1
231,-1,839,290,188.2,621,1
231,-1,448,294,242.3,573.6,1
231,-1,1848,404,72.2,200.1,1
231,-1,746,399,109.3,300.4,1
231,-1,1041,420,85.5,226.6,0.997
231,-1,640,399,109.7,311.1,0.991
232,-1,863,289,166.3,609.5,1
232,-1,1170,327,199.7,576.5,1
232,-1,738,402,113.9,283.8,1
232,-1,1848,400,73.4,208.4,1
232,-1,430,295,239.4,606.8,1
232,-1,289,370,178.9,499.9,1
232,-1,641,408,93.5,307.9,0.999
232,-1,1039,422,82.5,231,0.999
233,-1,835,284,185.7,617.4,1
233,-1,726,403,114.9,292.9,1
233,-1,425,289,249.2,580.1,1
233,-1,260,385,186.4,491.9,1
233,-1,1178,329,188.9,565.7,1
233,-1,1848,401,64.1,207.5,1
233,-1,1043,417,81.3,224.5,0.999
233,-1,619,400,125.5,314.2,0.997
234,-1,838,314,180.1,583.4,1
234,-1,1840,415,74.1,209.7,1
234,-1,1031,417,87.3,239.1,1
234,-1,730,400,122.7,316.7,1
234,-1,256,387,186.2,482.5,1
234,-1,1158,312,206.9,582.5,1
234,-1,406,291,249,611.6,1
234,-1,613,398,111.5,317.8,0.998
235,-1,385,274,286.7,620.8,1
235,-1,1844,414,62.3,198,1
235,-1,1030,421,81.8,229.7,1
235,-1,851,295,189.5,614.2,1
235,-1,1165,332,199.9,548.8,1
235,-1,734,409,95.3,275,1
235,-1,222,359,214.4,541.3,1
235,-1,623,409,103,297.9,0.998
236,-1,393,254,254.4,645.8,1
236,-1,220,374,207,523.2,1
236,-1,730,379,99.5,310.9,1
236,-1,1170,327,199.6,567.1,1
236,-1,1031,425,80.3,234.1,1
236,-1,1840,415,77,216,1
236,-1,847,301,178.1,594.5,1
236,-1,614,401,103.1,310,0.999
236,-1,1763,1047,26,33.1,0.46
237,-1,1153,317,215.9,589.1,1
237,-1,367,255,252.2,657.8,1
237,-1,1839,418,72.3,209.9,1
237,-1,719,395,109,316.9,1
237,-1,847,304,185.8,576.8,1
237,-1,1027,424,78.5,235.4,1
237,-1,211,361,189.3,540.2,1
237,-1,603,406,100.1,297.9,0.999
238,-1,1158,342,207.9,543.4,1
238,-1,348,245,264.8,678.7,1
238,-1,194,357,202.7,552.4,1
238,-1,1837,407,69.1,215.7,1
238,-1,838,328,181.3,569.2,1
238,-1,705,378,126.1,340.3,0.999
238,-1,1023,424,82.4,230.9,0.999
238,-1,598,405,113.2,318.4,0.996
239,-1,171,355,199,562.2,1
239,-1,710,377,125,351.4,1
239,-1,1151,327,216.4,555.5,1
239,-1,1842,422,72.5,211.9,1
239,-1,842,326,195.1,592,1
239,-1,326,243,284.5,674.7,1
239,-1,1021,422,73.6,224.5,0.999
239,-1,574,416,107.8,308,0.998
240,-1,311,241,273.2,715.7,1
240,-1,706,390,112.4,325.5,1
240,-1,160,347,203.6,575.7,1
240,-1,842,318,185.1,601.8,1
240,-1,1127,332,237.7,556,1
240,-1,584,392,112.2,340.7,1
240,-1,1829,413,77.8,218.3,0.999
240,-1,1020,429,83.7,229.5,0.999
241,-1,833,340,187.6,591.8,1
241,-1,1121,329,224.6,576.2,1
241,-1,1836,423,70.3,207.5,1
241,-1,127,343,232.8,585.8,1
241,-1,303,228,293,691.6,1
241,-1,700,379,113.2,346,1
241,-1,567,411,116.4,331.2,0.999
241,-1,1017,425,81.5,231.2,0.995
242,-1,690,396,103.6,326,1
242,-1,824,336,187,549.6,1
242,-1,271,230,299.9,713.8,1
242,-1,92,348,232.6,586.6,1
242,-1,1124,323,219.3,579.4,1
242,-1,1832,417,63.9,222.4,1
242,-1,566,412,119.5,302.9,0.998
242,-1,1009,431,84,229.7,0.998
243,-1,820,330,169.8,575.1,1
243,-1,251,245,318.8,726.2,1
243,-1,1132,339,214.4,555.6,1
243,-1,69,342,236.1,586.1,1
243,-1,675,380,123.1,348,1
243,-1,551,393,116.7,343.2,1
243,-1,1831,426,62.2,200,1
243,-1,1006,440,92.2,230.1,0.996
243,-1,932,362,118.7,364.6,0.944
244,-1,665,387,113.2,339.1,1
244,-1,1129,349,211.9,564.9,1
244,-1,799,323,191.4,585.9,1
244,-1,248,245,298,727.9,1
244,-1,63,346,226.9,607.1,1
244,-1,1830,422,64,195.7,1
244,-1,1006,432,77.3,225.7,0.999
244,-1,539,399,131.6,355.5,0.999
244,-1,946,362,93.5,367.6,0.494
245,-1,1820,420,64.5,204.2,1
245,-1,204,223,341.4,777.3,1
245,-1,811,317,178,594.7,1
245,-1,1109,340,213.1,564.1,1
245,-1,663,378,121.5,354.2,1
245,-1,538,405,122.4,348.5,0.999
245,-1,41,345,268.1,613.7,0.999
245,-1,1006,424,75.4,236.5,0.993
245,-1,947,369,91.1,356.1,0.412
246,-1,790,297,191.3,611.5,1
246,-1,1096,323,244.8,597.1,1
246,-1,527,400,114.3,341.5,1
246,-1,201,229,321.6,757.2,1
246,-1,1818,419,62.5,213.9,0.999
246,-1,663,393,104.2,356.2,0.999
246,-1,0,329,260.3,654.4,0.999
246,-1,992,431,92.7,235.2,0.993
247,-1,1107,318,234,594.6,1
247,-1,165,221,331.1,798.3,1
247,-1,781,312,187.5,580.3,1
247,-1,503,402,117.7,334.1,1
247,-1,1817,418,65.2,204.7,0.999
247,-1,-13,346,270.6,647,0.999
247,-1,654,402,113.3,342.4,0.999
247,-1,986,449,95.5,222,0.962
247,-1,919,351,113,396.5,0.728
248,-1,138,215,371.6,799.4,1
248,-1,770,307,193.5,591.9,1
248,-1,1092,347,228.8,566.1,1
248,-1,631,395,115.1,362.5,1
248,-1,1812,430,70.6,196.8,1
248,-1,498,407,116,336.7,0.999
248,-1,-26,330,261.3,673.7,0.998
248,-1,909,360,111.8,393.1,0.998
248,-1,986,440,72.2,224.4,0.935
249,-1,783,299,180,629.3,1
249,-1,1811,430,71.1,205.8,1
249,-1,482,397,140.9,376.7,1
249,-1,628,389,135.8,378,1
249,-1,111,237,375.9,792.7,1
249,-1,1085,350,234.5,575.1,1
249,-1,-35,328,251.5,734.3,0.996
249,-1,987,440,67.1,226,0.976
249,-1,908,372,111.7,355.3,0.964
250,-1,622,389,121,377.5,1
250,-1,1093,353,226.6,587.1,1
250,-1,781,313,195,600.1,1
250,-1,93,214,396.2,844.8,1
250,-1,491,416,111.4,342.3,1
250,-1,1812,427,71.8,211.6,0.999
250,-1,-38,317,248.1,744.6,0.991
250,-1,969,446,77.8,248.2,0.789
250,-1,1752,1003,37.2,107.4,0.731
250,-1,935,416,90.4,324.8,0.415
251,-1,1812,431,72,200.8,1
251,-1,64,236,386.3,824.7,1
251,-1,785,334,171.5,590.2,1
251,-1,1094,334,240.6,575.4,1
251,-1,479,423,130,380.4,1
251,-1,637,409,120.7,357.5,0.999
251,-1,912,357,91,390.5,0.997
251,-1,967,429,92.6,307.3,0.965
251,-1,1752,1000,38.6,107.2,0.956
251,-1,-47,333,226.3,750.1,0.885
252,-1,1083,332,247.4,613.3,1
252,-1,781,345,191,581.6,1
252,-1,606,404,150.8,381.8,1
252,-1,82,205,338.8,864.4,1
252,-1,471,411,151.8,380.8,1
252,-1,1814,430,77.8,215.6,1
252,-1,957,425,96.6,299.5,0.975
252,-1,1750,999,37.6,113.1,0.96
252,-1,-35,336,176,757.4,0.886
253,-1,79,198,337.8,880.7,1
253,-1,1098,336,233.2,583.9,1
253,-1,608,382,134.9,412.7,1
253,-1,769,315,209.2,610.3,1
253,-1,476,419,117.7,382.2,1
253,-1,1810,426,78.1,215.9,1
253,-1,960,423,105.5,319.8,0.992
253,-1,1751,1004,38.4,112.2,0.866
254,-1,1111,334,215,599.6,1
254,-1,1820,425,70.2,219.2,1
254,-1,37,199,385.5,944.3,1
254,-1,760,343,202.1,608.5,1
254,-1,463,413,134.1,389.1,1
254,-1,599,378,140.8,396.4,1
254,-1,908,374,109.4,399,0.998
254,-1,1759,1007,33.5,101,0.896
255,-1,26,176,389.8,970.9,1
255,-1,1821,427,72.1,220,1
255,-1,785,343,197.7,595.4,1
255,-1,1102,334,226.2,588.1,1
255,-1,461,410,152,393.1,1
255,-1,603,395,138.2,380.7,1
255,-1,958,407,122.9,353.5,0.997
255,-1,1762,1009,31.9,106.5,0.873
256,-1,771,341,193.2,590.6,1
256,-1,1109,353,234,574.4,1
256,-1,1836,435,60,211.7,1
256,-1,11,173,391.3,997.4,1
256,-1,599,392,145,400.4,1
256,-1,467,414,123.4,396.2,1
256,-1,918,383,102.4,385.1,0.996
256,-1,959,414,122.3,361.3,0.976
256,-1,1769,1015,36.2,93.1,0.796
257,-1,799,342,189.6,562.2,1
257,-1,1128,340,216.3,590.8,1
257,-1,443,397,156.4,434.8,1
257,-1,602,402,142.9,393,1
257,-1,1834,424,69.4,220.9,1
257,-1,-14,166,423.7,1005.7,0.999
257,-1,931,394,116.7,368.3,0.997
257,-1,1769,1005,39.8,107.2,0.791
258,-1,1842,423,69.5,221.1,1
258,-1,790,353,197.4,562.2,1
258,-1,1132,339,228.1,581.8,1
258,-1,588,400,154.5,408.3,1
258,-1,459,418,137.5,406.7,1
258,-1,-9,185,392.9,995.7,0.999
258,-1,932,380,116.8,383.8,0.996
258,-1,1779,1017,29.2,81.7,0.755
259,-1,454,411,150,414.3,1
259,-1,808,342,170.9,578.5,1
259,-1,1137,352,214.2,588.2,1
259,-1,1853,431,60.8,201.8,1
259,-1,585,407,149.6,390.8,1
259,-1,-16,139,398,1066.1,0.999
259,-1,925,389,123.2,398.2,0.999
259,-1,721,479,44.2,126.4,0.736
259,-1,1779,1008,40.8,104.1,0.705
260,-1,454,401,148.8,434.6,1
260,-1,791,321,190.3,638.1,1
260,-1,1849,427,70.7,205.6,1
260,-1,588,401,157.9,423.7,1
260,-1,1127,333,215,617.7,1
260,-1,-38,156,412.4,1048.2,0.998
260,-1,986,424,131,352.8,0.997
260,-1,926,386,127.1,404.7,0.994
260,-1,723,481,47.2,135,0.83
261,-1,594,408,148.4,399.1,1
261,-1,444,394,147.7,415.4,1
261,-1,807,341,203.9,592.8,1
261,-1,1855,422,67.1,208.3,1
261,-1,1151,352,196.6,574.4,1
261,-1,993,428,116.9,327.5,0.998
261,-1,-44,144,408.1,1044.6,0.997
261,-1,720,482,50.4,143.3,0.984
262,-1,1137,325,227.7,621.6,1
262,-1,1862,434,61.8,190.8,1
262,-1,604,394,133.6,422.3,1
262,-1,435,393,143,416.9,1
262,-1,781,451,81.8,222.6,1
262,-1,819,345,191.7,577.4,1
262,-1,995,426,122.8,342.3,0.998
262,-1,720,483,52.4,130.5,0.996
262,-1,-38,117,386.5,1118.1,0.992
263,-1,586,410,164.1,408,1
263,-1,1136,331,233.8,607.7,1
263,-1,822,329,183.8,577.2,1
263,-1,420,409,166,448.8,1
263,-1,778,444,80.9,219.8,1
263,-1,998,422,109.1,333.1,0.998
263,-1,1869,426,59.9,211,0.998
263,-1,-52,109,377.7,1142.3,0.982
264,-1,782,446,80.9,230.5,1
264,-1,1138,332,214.9,603.6,1
264,-1,585,386,159,440.3,1
264,-1,425,386,149.1,468.3,1
264,-1,809,349,192.3,568.1,1
264,-1,990,429,118,338,0.999
264,-1,720,480,51.8,143.5,0.999
264,-1,1875,429,60.1,203,0.992
264,-1,-48,78,353.6,1174.6,0.95
264,-1,937,363,133.8,418.1,0.44
265,-1,829,339,185.6,580.4,1
265,-1,420,389,155.8,470,1
265,-1,567,398,147.3,424.3,1
265,-1,1161,340,210.1,582.1,1
265,-1,784,441,84.6,226,1
265,-1,719,473,47.6,136.5,0.999
265,-1,1004,410,132.2,358.3,0.999
265,-1,1876,425,63.7,202.8,0.966
265,-1,-38,107,337.3,1099.5,0.913
266,-1,570,400,145.7,411.5,1
266,-1,408,377,157.4,457.2,1
266,-1,830,329,175.3,586.3,1
266,-1,990,398,133.8,371.2,1
266,-1,1166,324,214.1,613.3,1
266,-1,783,440,79.6,229.9,1
266,-1,720,466,52,138.1,0.999
266,-1,1886,403,37.1,223.5,0.947
266,-1,1859,421,66.5,239.6,0.939
266,-1,-34,50,318.2,1119.7,0.703
266,-1,1793,1019,28.8,86.8,0.617
267,-1,1006,384,132.9,375.8,1
267,-1,559,363,179.7,484.6,1
267,-1,1137,326,221.9,602.1,1
267,-1,402,379,157.6,471.3,1
267,-1,778,440,90.5,229.4,1
267,-1,836,326,172.6,562,1
267,-1,715,476,51.5,121.9,0.997
267,-1,1864,417,59.3,227.1,0.957
267,-1,1781,1010,46.2,103.1,0.638
267,-1,-12,86,256,999.8,0.604
268,-1,827,321,175.6,582.3,1
268,-1,400,384,167.4,490.1,1
268,-1,566,363,164.1,463.3,1
268,-1,1001,413,142.1,336.7,1
268,-1,775,438,91.5,226.3,1
268,-1,1154,336,223.4,610.6,1
268,-1,718,471,49.9,137.7,0.999
268,-1,1874,437,50.1,223.3,0.711
268,-1,-4,74,226.3,993.8,0.663
268,-1,1791,1012,34.2,102.1,0.483
269,-1,826,331,180.4,558.5,1
269,-1,1010,390,123.4,361.2,1
269,-1,1144,326,228.9,612.5,1
269,-1,390,377,172.4,481,1
269,-1,783,431,74.7,239,1
269,-1,717,466,52.1,136.6,0.999
269,-1,558,356,160.2,476.5,0.999
270,-1,780,432,82.3,242.2,1
270,-1,835,335,173.2,559.5,1
270,-1,1162,321,219,606.5,1
270,-1,371,359,169.8,498,1
270,-1,557,351,165.1,475.8,1
270,-1,1006,397,135.4,380.3,1
270,-1,716,469,48.9,124.7,0.999
270,-1,1878,412,46.8,241.8,0.815
270,-1,1784,1019,34.5,87.9,0.595
271,-1,824,331,171.4,577,1
271,-1,1011,390,127.8,365.9,1
271,-1,1158,305,221.3,610.7,1
271,-1,528,338,178,490,1
271,-1,372,372,168.9,486.4,1
271,-1,713,459,51.5,144.8,0.999
271,-1,775,430,91.9,229.2,0.999
271,-1,1893,409,27.6,219.9,0.896
271,-1,1868,402,56.8,224.3,0.742
272,-1,1147,298,218.7,635.3,1
272,-1,1016,380,132.1,375.3,1
272,-1,514,350,184.4,480.5,1
272,-1,816,306,183.5,578.6,1
272,-1,359,367,170.9,502.9,1
272,-1,772,427,75.6,223.5,1
272,-1,709,463,47.9,124.4,0.997
272,-1,1891,404,29.4,214.9,0.876
272,-1,1775,997,36,114.6,0.776
272,-1,1761,992,73.9,110.8,0.442
273,-1,336,341,162,512.9,1
273,-1,823,308,181,586.7,1
273,-1,1137,285,237.8,641.1,1
273,-1,990,378,143.3,391.3,1
273,-1,769,420,74.2,229.2,1
273,-1,507,318,192,515.5,1
273,-1,699,455,56.2,139.7,0.999
273,-1,1762,997,37.7,108.1,0.934
273,-1,1882,396,40.9,233.1,0.813
274,-1,807,306,195.9,578.7,1
274,-1,332,326,163.8,500.2,1
274,-1,994,373,160,401.8,1
274,-1,1154,311,217.3,613.9,1
274,-1,522,321,177.1,506.9,1
274,-1,767,419,73.2,231,0.999
274,-1,699,450,43.4,129.7,0.998
274,-1,1746,993,61.9,108.1,0.894
274,-1,1872,417,52.2,230.2,0.863
275,-1,795,282,193.1,581.6,1
275,-1,495,328,200.3,499.6,1
275,-1,985,371,139.4,394.7,1
275,-1,1121,281,231,608.9,1
275,-1,305,311,200.3,546.7,1
275,-1,748,402,90.8,242.9,0.997
275,-1,687,435,50.7,134.6,0.992
275,-1,1751,994,34.5,100.9,0.972
275,-1,1880,403,65.1,216,0.844
276,-1,291,315,189.1,521.8,1
276,-1,751,406,87.8,226.2,1
276,-1,489,301,193.6,536.1,1
276,-1,1135,302,226.2,610,1
276,-1,981,356,158.6,417.5,1
276,-1,802,296,175,564.3,1
276,-1,1740,983,34.8,106,0.993
276,-1,688,435,46.2,141,0.992
276,-1,1867,397,78,216.5,0.955
277,-1,488,302,188.2,539.9,1
277,-1,745,387,85.6,237.6,1
277,-1,780,283,195.1,591.4,1
277,-1,978,369,155.2,396.9,1
277,-1,275,295,194.3,545.4,1
277,-1,1115,297,232.3,576.6,1
277,-1,1865,393,73.8,202.8,0.993
277,-1,1734,983,38.6,106.4,0.985
277,-1,676,441,40.1,124.5,0.975
278,-1,993,361,139.8,385.8,1
278,-1,1120,280,227.4,606.3,1
278,-1,267,281,192.4,580.3,1
278,-1,741,387,84.4,241.2,1
278,-1,479,313,183.1,499.3,1
278,-1,763,273,190.8,592.5,1
278,-1,1866,379,73.8,221.5,0.998
278,-1,1726,978,36.6,91.1,0.985
278,-1,672,420,55.5,140.7,0.977
279,-1,971,351,150.9,413.7,1
279,-1,262,277,195.9,588.7,1
279,-1,1125,269,211,594.2,1
279,-1,758,267,204.3,571.8,1
279,-1,466,281,194.6,554.2,1
279,-1,1864,377,76.2,228.9,0.998
279,-1,1720,964,41.5,99.7,0.987
279,-1,672,420,44.6,132.1,0.951
280,-1,246,273,188.1,572.7,1
280,-1,450,259,215.6,573,1
280,-1,958,319,163.7,436.1,1
280,-1,775,247,182.3,592.3,1
280,-1,730,374,83.7,235.1,1
280,-1,1105,264,226.3,609.1,1
280,-1,1722,957,36.6,94.3,0.999
280,-1,1869,372,70,212,0.992
280,-1,661,414,43.8,129.8,0.962
281,-1,772,243,185.5,591.7,1
281,-1,225,253,211.9,612.4,1
281,-1,719,357,94.3,230.8,1
281,-1,457,241,198.3,597.7,1
281,-1,1112,258,235.1,590.6,1
281,-1,968,303,172.7,447.5,1
281,-1,1719,951,36.8,87.8,0.998
281,-1,1871,366,66.6,231.8,0.987
281,-1,657,405,46.1,130,0.901
282,-1,976,304,155.4,424.6,1
282,-1,726,358,80.7,240.6,1
282,-1,1111,238,229.1,603.3,1
282,-1,215,251,215.1,605.5,1
282,-1,763,245,186.9,570.2,1
282,-1,457,244,195.1,578.4,1
282,-1,657,400,56.3,130.7,0.998
282,-1,1714,947,38.6,86.1,0.996
282,-1,1875,351,68.2,231.3,0.886
283,-1,229,233,190.9,603.1,1
283,-1,723,342,93.6,247.6,1
283,-1,456,210,209.3,609.5,1
283,-1,969,285,174.8,444.9,1
283,-1,1107,248,231.4,585.1,1
283,-1,768,219,184.5,573.1,1
283,-1,1714,939,38.3,83.5,0.995
283,-1,657,387,53.2,132.3,0.901
283,-1,1860,348,90,226.7,0.769
284,-1,1111,220,243.9,609.1,1
284,-1,447,204,211.9,607,1
284,-1,767,222,173,580.5,1
284,-1,206,244,231.2,613.1,1
284,-1,716,341,90.4,241.4,1
284,-1,965,273,171.6,454,1
284,-1,887,266,111.2,427.5,0.998
284,-1,1715,930,35.9,81.9,0.998
284,-1,657,383,46.7,134.8,0.987
284,-1,1867,338,58.5,239.5,0.449
285,-1,727,334,92.3,239.1,1
285,-1,778,204,179.7,578.4,1
285,-1,188,202,239.4,645.6,1
285,-1,1120,220,226.5,625.6,1
285,-1,433,192,233.6,613.5,1
285,-1,970,269,187,461.2,1
285,-1,1715,922,36.9,81.4,0.997
285,-1,654,361,50.1,154,0.993
286,-1,1131,208,237.2,609.6,1
286,-1,720,341,103.3,245,1
286,-1,184,195,225.6,651.3,1
286,-1,434,188,231,608.1,1
286,-1,761,209,188.4,566.5,1
286,-1,986,264,161.9,465.5,1
286,-1,659,369,51.9,141.7,0.999
286,-1,1719,919,37.9,78.7,0.997
287,-1,1129,191,248.2,639.3,1
287,-1,768,207,193.7,579.5,1
287,-1,416,154,224.7,640.9,1
287,-1,181,199,232.4,665.3,1
287,-1,987,256,174.6,481.6,1
287,-1,712,328,93.3,239.4,0.999
287,-1,1725,910,36.1,87.5,0.996
287,-1,668,355,47.3,143.3,0.996
288,-1,1153,196,228,637.5,1
288,-1,999,251,169.7,466.5,1
288,-1,168,197,248.7,666.5,1
288,-1,777,200,186.4,571.8,1
288,-1,724,296,100.5,262.3,1
288,-1,411,152,238.6,662.2,1
288,-1,1726,904,39.2,85.8,0.998
288,-1,674,343,51.6,139.9,0.996
289,-1,1013,242,161.1,486.1,1
289,-1,132,175,249.9,692.9,1
289,-1,780,178,180.7,585.3,1
289,-1,727,309,97.6,252.3,1
289,-1,1143,182,232.3,655,1
289,-1,414,137,253.9,666.8,1
289,-1,904,226,117.2,421.1,0.999
289,-1,671,345,43.8,141.4,0.994
289,-1,1732,913,36.1,75.1,0.984
290,-1,732,301,94.2,256.5,1
290,-1,786,189,168.9,576,1
290,-1,121,153,267.2,699.3,1
290,-1,1028,236,157.2,490.4,1
290,-1,1145,181,235.6,636.5,1
290,-1,408,150,236,661.2,1
290,-1,910,232,110.7,419.6,0.999
290,-1,677,332,51.6,146,0.996
290,-1,1738,901,36,77,0.994
291,-1,1021,250,173.3,470,1
291,-1,735,300,85,252.4,1
291,-1,408,135,255,689.6,1
291,-1,1163,178,218.5,645.1,1
291,-1,115,130,269,736.3,1
291,-1,789,187,179.3,562.8,1
291,-1,1748,891,31.4,79.2,0.984
291,-1,685,325,46.3,146.4,0.984
291,-1,920,222,99.7,403.8,0.886
292,-1,414,142,227.3,689.1,1
292,-1,796,189,178,559.3,1
292,-1,1034,226,169.9,515,1
292,-1,1168,165,237.2,641.1,1
292,-1,107,128,255.8,743.6,1
292,-1,927,215,111.3,430.2,0.998
292,-1,731,272,92.6,279,0.997
292,-1,684,322,51.9,150.9,0.996
292,-1,1748,892,32.9,74.9,0.982
293,-1,1025,216,170.6,506.5,1
293,-1,401,147,253.2,696.2,1
293,-1,95,119,279,773.9,1
293,-1,1194,170,215.5,628.7,1
293,-1,811,174,182.1,576.8,1
293,-1,747,273,89.5,269.5,0.999
293,-1,688,318,57.3,161.2,0.991
293,-1,1756,897,40.1,72.8,0.983
293,-1,943,217,107.9,403.5,0.457
294,-1,1206,167,220.7,635.9,1
294,-1,1058,221,153,520,1
294,-1,800,167,194.2,564.4,1
294,-1,750,284,95,253.2,1
294,-1,90,117,278.2,757.8,1
294,-1,410,140,241.1,699.3,1
294,-1,1769,902,36.3,72.3,0.995
294,-1,691,321,52.9,143.2,0.968
295,-1,385,141,264.1,735.7,1
295,-1,59,114,296.9,774.5,1
295,-1,1211,179,227.7,625.9,1
295,-1,805,169,195.3,581.7,1
295,-1,1051,224,171.9,513,1
295,-1,757,282,93.6,252.3,1
295,-1,950,224,107.3,434.2,0.998
295,-1,1777,900,29.7,67.5,0.996
295,-1,697,325,57.6,146.5,0.976
296,-1,1221,170,207.1,625.1,1
296,-1,824,183,174.4,558.2,1
296,-1,1061,220,183.9,534.8,1
296,-1,45,142,325.8,775.7,1
296,-1,376,134,281.6,769.2,1
296,-1,758,276,101.8,279.1,1
296,-1,956,221,108.1,423.9,0.999
296,-1,1785,904,33.2,70.3,0.998
296,-1,710,317,48.9,148,0.949
297,-1,23,124,328.1,788.7,1
297,-1,387,111,267.6,756.9,1
297,-1,1246,184,196.5,612.9,1
297,-1,1069,225,184,533.8,1
297,-1,761,263,98.9,287.9,1
297,-1,840,181,174.1,579.2,1
297,-1,965,211,108.8,421.4,0.999
297,-1,1793,903,36.2,74.5,0.994
297,-1,714,311,56,161.5,0.988
298,-1,372,116,288.7,795,1
298,-1,832,194,174.5,547.8,1
298,-1,20,120,320.8,803.4,1
298,-1,1081,204,185.6,553.8,1
298,-1,765,274,113.7,284.3,1
298,-1,1246,194,199.5,617.4,1
298,-1,961,212,121.1,431.1,0.999
298,-1,1800,901,34.2,79.1,0.995
298,-1,726,355,37.8,104.3,0.935
299,-1,1058,205,211.7,556.1,1
299,-1,359,115,300.2,790.2,1
299,-1,13,104,333.1,881.8,1
299,-1,856,174,174.3,564.7,1
299,-1,1255,194,209.3,595.9,1
299,-1,772,273,109.8,273.6,1
299,-1,976,228,114.9,417.2,0.998
299,-1,1808,904,37.1,79.5,0.998
299,-1,715,310,57.5,152.3,0.925
299,-1,1787,906,39.7,98,0.77
300,-1,1089,221,183.5,575.9,1
300,-1,849,170,175.5,568.9,1
300,-1,374,89,289.6,802.6,1
300,-1,-1,111,299.8,894.3,1
300,-1,1254,184,212.4,624,1
300,-1,768,270,111.5,283.4,1
300,-1,978,224,118.1,415,0.999
300,-1,1816,914,34.3,73.5,0.998
300,-1,728,365,46.5,100.3,0.923
300,-1,1774,901,41.8,80.4,0.51
301,-1,985,208,119.9,434.3,1
301,-1,860,164,178.5,582,1
301,-1,-9,108,305,913.4,1
301,-1,1260,144,227.3,687.5,1
301,-1,1089,199,201.3,600.2,1
301,-1,354,77,299,827.9,1
301,-1,767,289,103.8,262.3,0.999
301,-1,1818,916,39.9,97.4,0.99
301,-1,727,332,54.3,135.1,0.924
301,-1,1789,915,38.2,75.3,0.661
302,-1,988,227,114,402.4,1
302,-1,345,80,293.2,825.7,1
302,-1,847,179,184.3,575,1
302,-1,1080,203,213.6,607.6,1
302,-1,781,283,97,268.2,1
302,-1,1258,180,231.1,649.3,1
302,-1,-20,94,309.7,942.5,0.999
302,-1,735,329,51,135.8,0.952
302,-1,1800,906,44.7,89.2,0.584
303,-1,776,280,103.3,267.8,1
303,-1,342,68,298.7,880.3,1
303,-1,1286,165,204.2,636.9,1
303,-1,1096,195,195.3,619.9,1
303,-1,852,173,191.7,559.6,1
303,-1,-43,68,314.1,977.9,0.997
303,-1,990,200,113.4,434.1,0.995
303,-1,742,356,40.7,104.3,0.902
303,-1,723,323,55.8,144.1,0.826
303,-1,1817,924,36.4,74.6,0.754
303,-1,1828,905,39.7,85.4,0.508
304,-1,328,55,319.9,917.2,1
304,-1,1276,190,214.8,658.8,1
304,-1,1099,218,200.4,579.5,1
304,-1,851,180,187.5,571.6,1
304,-1,776,279,105.3,272.1,1
304,-1,984,219,117.4,421.4,0.999
304,-1,-38,56,292.9,996.1,0.993
304,-1,742,364,35.5,93.7,0.917
304,-1,728,327,54,141.2,0.807
304,-1,1834,924,37.3,82.6,0.666
304,-1,1847,919,42.6,100.5,0.454
305,-1,285,55,348.4,946.9,1
305,-1,1100,193,220.9,610.9,1
305,-1,1289,183,196.5,643.4,1
305,-1,842,176,199.4,575.9,1
305,-1,780,280,98.5,278.1,1
305,-1,985,214,120.3,421.9,0.999
305,-1,-41,26,244.2,1029.5,0.946
305,-1,746,363,37.2,100.6,0.874
305,-1,1835,916,41.1,99.9,0.74
306,-1,1267,169,213.5,656.9,1
306,-1,1086,191,214.7,631.7,1
306,-1,283,35,341.4,962.9,1
306,-1,783,285,90.6,260.1,1
306,-1,841,177,195.3,570.9,1
306,-1,999,211,117.4,429.7,0.999
306,-1,738,337,49.1,127,0.96
306,-1,1832,922,37,74,0.684
306,-1,-38,-17,211,1177.1,0.541
306,-1,1859,922,45.5,109,0.524
307,-1,1276,167,200.1,648.8,1
307,-1,789,272,97.6,283.5,1
307,-1,1090,187,204.3,657.5,1
307,-1,843,175,185.4,576.4,1
307,-1,262,39,353.9,997.5,1
307,-1,988,213,116.7,451.3,0.999
307,-1,737,337,51.5,132.4,0.92
307,-1,1832,920,34.4,75.7,0.893
307,-1,1817,912,38.9,95.4,0.654
307,-1,-25,-38,177.6,1259.3,0.528
308,-1,828,179,190.3,550.8,1
308,-1,233,38,383.1,1003,1
308,-1,1095,176,226.9,656.9,1
308,-1,1261,156,213.6,660.3,1
308,-1,990,205,112.9,453.5,0.999
308,-1,767,287,102,266.6,0.999
308,-1,1831,926,35.6,73.6,0.995
308,-1,734,343,46.3,130.7,0.903
309,-1,776,274,107,291.3,1
309,-1,1259,172,222.1,658.3,1
309,-1,1087,189,224.7,664.5,1
309,-1,220,22,378.3,1036.7,1
309,-1,820,198,213.7,546.3,1
309,-1,986,213,103,418.7,0.999
309,-1,1825,919,39.1,78.6,0.956
309,-1,731,345,47.9,131.8,0.818
310,-1,1266,172,195.4,643.7,1
310,-1,768,276,106.3,279.7,1
310,-1,221,20,380.9,1091.9,1
310,-1,838,196,166.3,537.9,1
310,-1,1090,187,234.3,664.6,1
310,-1,972,218,125.2,443.5,0.999
310,-1,1831,920,34.5,82.4,0.987
310,-1,736,359,38.1,116.8,0.891
311,-1,765,272,107.7,299.7,1
311,-1,1282,169,205.3,647.9,1
311,-1,1090,163,245,713.1,1
311,-1,174,15,403.1,1095.3,1
311,-1,836,171,174.8,591.9,1
311,-1,991,210,106.9,425.3,0.999
311,-1,1829,926,37.1,69.7,0.979
311,-1,723,332,52.6,145.5,0.789
312,-1,137,-12,445.3,1171.8,1
312,-1,816,163,205.3,596.2,1
312,-1,1107,163,235.3,721.4,1
312,-1,1271,173,206.1,655.4,1
312,-1,994,207,114.5,414.7,0.999
312,-1,761,280,102.9,266.1,0.997
312,-1,1825,920,42.3,72.4,0.957
312,-1,731,340,51,139,0.798
313,-1,146,-7,419.8,1213.5,1
313,-1,772,280,94.2,276.7,1
313,-1,1112,149,239.8,727.6,1
313,-1,1278,172,197.6,658,1
313,-1,835,156,177.3,602.9,1
313,-1,993,223,106.4,421,0.999
313,-1,1824,917,36.8,76.6,0.951
313,-1,731,338,41.1,132.1,0.8
314,-1,838,179,183.2,549.1,1
314,-1,1089,134,273.6,770.8,1
314,-1,764,277,97,279.3,1
314,-1,116,-39,458.9,1231.5,1
314,-1,1263,159,210.8,647.6,1
314,-1,998,199,114.6,439.5,0.999
314,-1,724,333,46,133.4,0.862
314,-1,1820,918,40.8,76.9,0.841
315,-1,1107,151,267.7,778.8,1
315,-1,808,186,212.5,548.7,1
315,-1,90,-69,445,1283.2,0.999
315,-1,977,232,120.7,403.3,0.999
315,-1,1287,152,179.3,663.3,0.995
315,-1,746,261,113.6,293.4,0.953
315,-1,722,333,45.4,140.4,0.938
315,-1,1816,924,44.4,75.9,0.585
316,-1,1100,126,269.8,819.3,1
316,-1,56,-71,489.7,1291.1,1
316,-1,811,169,194.2,568.8,1
316,-1,1267,142,215.5,694.2,1
316,-1,987,225,120.6,411.5,1
316,-1,754,265,102.5,288.5,0.992
316,-1,725,336,41.2,135.6,0.889
316,-1,1813,923,40.3,79.2,0.874
317,-1,1279,132,192,668.1,1
317,-1,966,219,138.8,400.9,1
317,-1,757,260,105,308.9,1
317,-1,1109,128,268.9,837.4,1
317,-1,802,179,204.4,560.5,1
317,-1,14,-140,506.6,1388.9,0.998
317,-1,718,321,43.2,143.1,0.942
317,-1,1809,915,41.3,83.4,0.482
318,-1,745,264,109.3,301.7,1
318,-1,983,218,118.1,412.2,1
318,-1,1118,143,265.7,808.2,1
318,-1,813,165,190.3,574,1
318,-1,-30,-146,565.8,1411.7,0.993
318,-1,715,326,41.4,148.4,0.968
318,-1,1808,922,40.5,70.6,0.765
319,-1,819,177,193.7,566.6,1
319,-1,980,209,120.3,438.1,1
319,-1,1285,156,196.3,655.9,1
319,-1,1126,91,276.8,884.1,1
319,-1,735,255,112.2,304.6,0.999
319,-1,-55,-177,575.5,1453.2,0.973
319,-1,711,324,43.3,144.7,0.96
320,-1,1126,118,273.7,886.6,1
320,-1,968,189,128.7,452.5,1
320,-1,817,174,183.6,564.1,1
320,-1,731,269,104.8,303.6,0.999
320,-1,-66,-176,527,1486.5,0.972
320,-1,704,319,43.7,149.5,0.967
320,-1,1803,917,41.4,74.9,0.593
321,-1,814,145,205.7,579.1,1
321,-1,1143,115,279.7,871.6,1
321,-1,730,254,121.2,316.1,1
321,-1,967,202,136.3,451.3,0.999
321,-1,706,318,45.7,144.8,0.98
321,-1,-78,-240,513.5,1607.9,0.782
322,-1,828,155,191.1,563.5,1
322,-1,1143,98,299.4,941.4,1
322,-1,959,196,135.7,436,0.999
322,-1,725,258,114.2,300.2,0.999
322,-1,699,311,49.4,149.9,0.993
322,-1,-108,-230,555.3,1605.4,0.611
323,-1,824,154,194.1,572.1,1
323,-1,1141,78,319.2,983.1,1
323,-1,729,264,110,300,1
323,-1,973,204,123.6,414.5,0.998
323,-1,701,312,44.7,158.1,0.991
323,-1,-34,-221,427.7,1589.5,0.407
324,-1,1152,68,320.6,986.4,1
324,-1,717,243,116.9,329.8,1
324,-1,798,158,206.4,578.7,1
324,-1,956,194,131.6,426.9,0.999
324,-1,-12,-172,359.7,1492,0.653
324,-1,1077,353,26.6,70.7,0.477
324,-1,1078,376,32.1,95.6,0.42
325,-1,1163,50,325.3,1017.7,1
325,-1,716,249,110.4,320.3,1
325,-1,816,144,186.9,566.4,1
325,-1,970,201,117.1,425.9,0.999
325,-1,1067,346,41.8,112.3,0.711
325,-1,-14,-206,334.7,1478.8,0.61
326,-1,1172,43,332.6,1053.2,1
326,-1,832,172,171.6,555.2,1
326,-1,713,245,110.3,329,1
326,-1,973,194,130.6,420.3,0.999
326,-1,687,315,48,142.3,0.932
326,-1,-32,-186,326,1456.9,0.737
327,-1,714,240,107,316.7,1
327,-1,821,173,186.2,540.2,1
327,-1,1192,27,339.6,1074.7,1
327,-1,975,206,114.3,412.4,0.999
327,-1,690,314,45.7,147,0.808
327,-1,1079,380,32.6,93.3,0.668
327,-1,13,25,239.7,1143.7,0.473
328,-1,963,200,123.7,423.1,1
328,-1,1187,4,363.8,1141.3,1
328,-1,807,163,189.8,561.4,1
328,-1,705,243,119.4,341.2,1
329,-1,812,158,178.5,577.5,1
329,-1,707,247,116.5,335,1
329,-1,1182,-11,399.9,1200,1
329,-1,962,192,134.1,442.1,0.999
330,-1,811,157,201.5,582.2,1
330,-1,1221,-25,371.3,1236.2,0.999
330,-1,715,246,113.6,329.7,0.999
330,-1,966,187,139.2,461,0.999
331,-1,822,160,197.8,571.5,1
331,-1,1257,-19,385.6,1231.2,1
331,-1,979,204,111.3,419.6,1
331,-1,707,259,125.8,305,1
332,-1,704,263,120.7,334.8,1
332,-1,837,198,171.2,525.1,1
332,-1,1257,-31,395.8,1213.8,1
332,-1,981,216,134.4,411.1,0.999
332,-1,1166,313,66.8,198.4,0.913
333,-1,1259,-25,435.6,1208.1,1
333,-1,824,180,193.4,542.5,1
333,-1,976,226,120.1,425.3,0.999
333,-1,699,240,121.9,354.4,0.999
333,-1,1174,317,59.9,194.3,0.99
333,-1,1084,387,32.5,95.5,0.407
334,-1,837,184,178.5,559.8,1
334,-1,711,251,130,350.9,0.999
334,-1,1329,-20,405.7,1264,0.999
334,-1,977,215,131.1,429.8,0.999
334,-1,1167,324,57,179.9,0.998
335,-1,989,227,120.6,418,1
335,-1,691,235,127.9,369.8,1
335,-1,826,185,194.3,573,1
335,-1,1166,328,65.7,183.5,0.999
335,-1,1294,-31,481.9,1227.1,0.998
336,-1,847,200,171.6,545.9,1
336,-1,990,230,122.3,427,1
336,-1,700,258,123.4,349.4,1
336,-1,1253,173,234.3,664.3,0.999
336,-1,1158,330,71.4,191,0.998
336,-1,1352,-57,432.7,1343,0.997
337,-1,823,180,186.8,564,1
337,-1,1160,339,62.6,171.4,1
337,-1,1252,171,230.9,685.1,1
337,-1,977,219,130.9,442.2,1
337,-1,700,270,127.8,341.7,1
337,-1,1364,-88,443.6,1383.6,0.995
338,-1,682,248,134.4,387.4,1
338,-1,1232,152,244.4,696.1,1
338,-1,830,197,179.6,544.6,1
338,-1,992,243,123.1,418.6,1
338,-1,1154,337,68.2,189.8,1
338,-1,1364,-151,520.6,1509.2,0.995
339,-1,1246,192,278.3,660,1
339,-1,978,230,135.3,455.3,1
339,-1,676,244,134.2,383.7,1
339,-1,830,196,174.2,555.9,1
339,-1,1152,335,59.8,190.7,0.999
339,-1,1385,-158,507.3,1482.7,0.942
340,-1,829,187,166.2,553.9,1
340,-1,1239,158,258,727.4,1
340,-1,675,276,125.5,341.3,1
340,-1,990,251,115.4,412.1,1
340,-1,1138,343,70.2,182.1,0.999
340,-1,1409,-171,532.5,1562.4,0.944
341,-1,978,229,129,430.2,1
341,-1,681,271,115.6,358,1
341,-1,818,194,201,552.5,1
341,-1,1225,159,254.3,706.8,1
341,-1,1139,332,74.5,204.1,0.999
341,-1,1422,-149,586.7,1480.6,0.473
342,-1,1219,163,241,689.5,1
342,-1,671,252,123.9,375.2,1
342,-1,986,237,119.2,422.2,1
342,-1,806,178,199.6,563.7,1
342,-1,1138,338,63.3,187.9,0.998
343,-1,656,240,135.6,399.4,1
343,-1,987,236,132.9,437.5,1
343,-1,1216,160,256.6,711.1,1
343,-1,1135,343,56.1,185.6,1
343,-1,808,195,190,542,1
343,-1,1421,-58,560.7,1309.3,0.487
344,-1,816,196,184.7,542.6,1
344,-1,1199,174,284,665.3,1
344,-1,992,237,128.7,428.7,1
344,-1,1126,338,71.1,176.7,1
344,-1,669,252,130.7,380.4,0.999
345,-1,983,229,128.7,435.1,1
345,-1,1213,162,246.4,700.2,1
345,-1,794,180,202.4,558.8,1
345,-1,662,252,136.3,364.7,1
345,-1,1130,325,65.6,192.2,0.999
346,-1,1203,146,250.8,707,1
346,-1,638,243,141.3,387.4,1
346,-1,975,211,129.4,449.5,1
346,-1,787,185,213.8,567.2,1
346,-1,1113,316,68.2,195.6,0.999
347,-1,1207,149,239.9,702.8,1
347,-1,797,198,194.5,538.3,1
347,-1,984,229,132.2,422.5,1
347,-1,635,262,138,363.6,1
347,-1,1106,323,77.4,201.9,0.998
348,-1,975,233,134.1,405.3,1
348,-1,1185,153,261.8,713.9,1
348,-1,794,204,183.4,551.2,1
348,-1,623,229,147.3,402.1,1
348,-1,1113,326,68.4,182,0.999
349,-1,1179,157,258.9,712.4,1
349,-1,954,224,136.1,430.8,1
349,-1,800,205,192.7,531.7,1
349,-1,616,236,152.6,384.3,0.999
349,-1,1100,324,74.9,183.5,0.995
350,-1,1164,150,263.7,707.7,1
350,-1,798,184,195.2,555.9,1
350,-1,966,226,134.4,416.2,1
350,-1,629,248,128.4,380.2,0.999
350,-1,1091,320,81.2,200.4,0.998
351,-1,798,197,196.4,561.1,1
351,-1,604,234,148.3,397.7,1
351,-1,952,223,145.8,431.2,1
351,-1,1166,167,282.8,687.3,1
351,-1,1091,323,83.1,200.3,0.988
352,-1,947,215,146,433.2,1
352,-1,1148,147,299.4,716.1,1
352,-1,596,239,146.2,398.3,1
352,-1,778,185,207.8,557.9,1
352,-1,1085,325,79.4,187.1,0.923
353,-1,585,234,145.6,397,1
353,-1,798,190,193.8,547.3,1
353,-1,1159,142,287.9,709.7,1
353,-1,952,211,130.1,453,1
353,-1,725,202,133.7,447.4,0.989
353,-1,1081,326,71.8,178.8,0.973
354,-1,943,213,129,454.3,1
354,-1,1158,164,256,680.3,1
354,-1,782,183,190.9,561.2,1
354,-1,569,224,157.6,413.2,1
354,-1,1069,318,74.3,205,0.983
355,-1,706,191,149,462.1,1
355,-1,805,185,172.7,534.5,1
355,-1,950,211,136.7,453.2,1
355,-1,1144,146,292.7,735.1,1
355,-1,562,236,142.5,392.4,1
355,-1,1058,325,70.7,217.8,0.973
356,-1,800,182,165.3,555.8,1
356,-1,695,212,160.8,450.8,1
356,-1,1123,155,286.2,720.9,1
356,-1,554,224,160.1,421,0.999
356,-1,937,222,129.2,429.7,0.999
356,-1,1048,333,77.5,197,0.925
357,-1,934,225,124.6,438.2,1
357,-1,790,189,180.5,551.2,1
357,-1,1127,135,287.1,729.3,1
357,-1,691,186,145.7,460.9,1
357,-1,556,230,131.4,432.3,1
357,-1,1036,309,82.5,193.8,0.899
358,-1,799,175,165.8,547.7,1
358,-1,675,203,150.3,459.1,1
358,-1,1131,149,275.6,715.5,1
358,-1,535,224,141.9,425.4,1
358,-1,922,212,137.2,465.1,0.999
358,-1,1027,323,81.4,209.4,0.845
359,-1,1114,146,286,721.7,1
359,-1,902,215,144.1,456.9,1
359,-1,536,239,147.9,424.9,1
359,-1,670,182,154.2,466.2,1
359,-1,788,186,154.9,529.6,1
359,-1,1016,325,77.7,178.3,0.977
360,-1,670,203,141.2,455.9,1
360,-1,768,170,193.2,562.7,1
360,-1,1115,154,274,700.6,1
360,-1,504,235,154.1,412.2,1
360,-1,911,205,135.6,447.4,0.999
360,-1,1016,305,73,217.4,0.935
361,-1,641,178,158.7,482.7,1
361,-1,761,168,186.5,571.2,1
361,-1,1101,159,297.6,700.9,1
361,-1,498,225,159,440.6,1
361,-1,900,226,118.4,426.1,0.999
361,-1,1001,324,81.1,191.2,0.998
362,-1,1106,152,274.5,722.5,1
362,-1,636,175,168.3,505.6,1
362,-1,765,164,174.4,575.4,1
362,-1,889,216,133.6,435.1,1
362,-1,499,210,151.3,449.1,1
362,-1,996,324,85.2,205.1,0.998
363,-1,1102,137,293.1,747.1,1
363,-1,608,194,187.1,482.1,1
363,-1,773,181,156.5,550.2,1
363,-1,476,226,157.3,448.8,1
363,-1,872,218,130.9,458.2,0.999
363,-1,977,319,87.2,202.8,0.998
364,-1,1095,143,296.1,749.5,1
364,-1,608,193,177,494.2,1
364,-1,753,189,186.4,557.2,1
364,-1,473,231,151,436.3,1
364,-1,877,209,137.8,460.2,0.998
364,-1,977,317,79.8,195.5,0.996
365,-1,1108,133,271.2,762.4,1
365,-1,446,218,190.3,469.2,1
365,-1,608,207,163.5,483.2,1
365,-1,754,177,188.5,579.5,1
365,-1,975,315,82.3,197.5,0.999
365,-1,880,231,128,428,0.991
366,-1,595,178,177,510.5,1
366,-1,1092,138,297.9,741,1
366,-1,754,184,183.4,572.1,1
366,-1,455,216,167.9,484.6,1
366,-1,868,202,139.6,463.5,0.997
366,-1,973,327,89.6,177.6,0.997
367,-1,737,194,184.8,550.3,1
367,-1,1106,128,260.5,750.5,1
367,-1,591,187,188,508.9,1
367,-1,450,220,162.9,471.8,1
367,-1,872,213,124.2,431.3,0.999
367,-1,963,319,84.5,201.1,0.999
368,-1,737,198,192.2,566.4,1
368,-1,588,183,182.5,520,1
368,-1,1092,129,269.1,738,1
368,-1,869,204,127.2,441.1,0.999
368,-1,448,237,163.3,451.9,0.999
368,-1,965,321,84,203.3,0.999
369,-1,1094,143,270.6,730.8,1
369,-1,591,182,179.9,529.6,1
369,-1,747,202,175.4,544.9,1
369,-1,430,212,162.5,485.7,0.999
369,-1,867,197,134.5,469.7,0.998
369,-1,976,316,76.9,193.4,0.996
370,-1,1095,160,265.3,701.6,1
370,-1,585,197,168.7,515.3,1
370,-1,431,231,174.8,482.9,1
370,-1,741,187,200.7,564.2,1
370,-1,977,319,83.5,197.7,0.998
370,-1,881,234,126.3,399.9,0.837
371,-1,763,210,163.8,514.2,1
371,-1,1093,131,291.3,745.6,1
371,-1,576,183,182.3,543.7,1
371,-1,418,225,178.3,489.3,1
371,-1,973,323,81.1,203.9,0.999
371,-1,879,220,118.7,425.1,0.998
371,-1,726,306,71.8,216.9,0.685
372,-1,1090,142,275.7,748,1
372,-1,753,209,173.7,521.4,1
372,-1,566,198,183.4,523.4,1
372,-1,422,224,171.4,485,1
372,-1,877,219,123.4,435.4,0.998
372,-1,980,322,85.5,196.4,0.996
372,-1,714,298,75.1,214.6,0.824
373,-1,574,195,177.2,532,1
373,-1,761,194,173.3,542,1
373,-1,1113,139,262.5,752.9,1
373,-1,411,209,181.2,500,1
373,-1,968,332,84.9,193.5,0.999
373,-1,877,210,126.9,463.4,0.998
373,-1,721,300,77.3,219.6,0.996
374,-1,1087,159,300.1,736.6,1
374,-1,548,178,189.3,537.5,1
374,-1,763,202,184.4,549.9,1
374,-1,391,233,182.8,492.7,1
374,-1,973,332,91.4,195.1,0.999
374,-1,725,311,68.7,203,0.999
374,-1,891,221,120.4,437.1,0.941
375,-1,387,225,180.1,514.8,1
375,-1,566,180,185.3,540.6,1
375,-1,1102,155,274.5,726.3,1
375,-1,753,190,179.2,583.4,1
375,-1,972,327,94.1,210.3,0.999
375,-1,882,232,112,433,0.997
376,-1,559,171,183.7,562.4,1
376,-1,1094,165,273,722.9,1
376,-1,393,212,180.2,532.2,1
376,-1,753,201,191.6,570.4,1
376,-1,984,339,80,197.7,1
376,-1,884,235,121.7,419.1,0.921
377,-1,760,207,193,575,1
377,-1,1096,158,276.2,750.5,1
377,-1,384,227,180.4,517.6,1
377,-1,533,174,199.8,564.3,1
377,-1,981,341,81,200.3,0.998
377,-1,722,310,72.3,227,0.99
378,-1,545,175,190.9,584.6,1
378,-1,1107,154,252.7,765.7,1
378,-1,770,207,184.7,578.1,1
378,-1,391,231,175.8,506.5,1
378,-1,728,311,65.8,214.8,1
378,-1,989,350,79.7,188.3,0.996
379,-1,1126,178,241.6,738.9,1
379,-1,541,173,208.9,591,1
379,-1,783,205,174.2,553.5,1
379,-1,377,207,187.9,530.1,1
379,-1,724,315,71.7,215.9,1
379,-1,987,351,89.8,198.7,0.999
380,-1,731,322,70.1,217.3,1
380,-1,1108,180,249,713.3,1
380,-1,364,210,187.8,544.8,1
380,-1,535,173,202.8,599.7,1
380,-1,778,223,181.9,542.9,1
380,-1,988,349,80.6,197.4,0.999
381,-1,732,321,69,220.2,1
381,-1,1105,150,253.1,766,1
381,-1,754,202,186.8,556.5,1
381,-1,515,168,219.4,614.9,1
381,-1,374,211,180.9,547.1,1
381,-1,987,353,81.2,196.9,0.999
381,-1,887,242,122.6,458.6,0.998
382,-1,724,324,67.5,210.6,1
382,-1,1099,163,249.5,756,1
382,-1,510,168,228.7,595.3,1
382,-1,766,216,188.6,548.2,1
382,-1,345,205,208.2,571.4,1
382,-1,983,354,95.6,197,0.996
383,-1,982,353,88.7,202.5,1
383,-1,774,228,173.1,550.6,1
383,-1,726,320,70,210.6,1
383,-1,1093,148,269.7,768.2,1
383,-1,518,182,214,593.9,1
383,-1,348,205,192.4,557.4,1
383,-1,888,232,124.6,464.1,0.996
384,-1,1107,146,258.3,785.7,1
384,-1,992,338,84.2,214.2,1
384,-1,778,210,165.8,543.7,1
384,-1,507,179,217.1,593.6,1
384,-1,347,199,181.2,570.7,1
384,-1,732,323,71.8,205.7,1
384,-1,889,248,120.6,444.7,0.999
385,-1,321,186,211.9,585.2,1
385,-1,1094,146,257,782.3,1
385,-1,772,223,179.9,542.2,1
385,-1,504,165,234.3,628.4,1
385,-1,982,343,89.5,216.1,0.999
385,-1,725,320,83.8,216.8,0.999
386,-1,516,182,213.3,610.3,1
386,-1,725,320,81.9,209.6,1
386,-1,771,216,175.3,563.5,1
386,-1,311,216,209.5,562.8,1
386,-1,1090,141,277.9,788.8,1
386,-1,979,352,87.2,204.2,0.999
386,-1,890,240,114,474.7,0.998
387,-1,493,159,235,647.4,1
387,-1,773,220,188.2,548.8,1
387,-1,1084,153,273.3,774.2,1
387,-1,312,192,216.7,582.4,1
387,-1,720,324,70.7,216.2,1
387,-1,985,352,88.5,197.7,0.999
388,-1,779,203,175.8,544,1
388,-1,485,138,231,677.4,1
388,-1,716,314,81.4,221.5,1
388,-1,1068,159,291.4,778.9,1
388,-1,300,179,199.3,597.7,1
388,-1,975,345,83.6,213.6,0.996
389,-1,1069,144,274.9,776.4,1
389,-1,298,185,208.4,590.8,1
389,-1,775,229,171.4,523.9,1
389,-1,714,313,76.1,223.2,1
389,-1,493,136,227.2,691.7,1
389,-1,973,338,94.2,217.1,0.999
389,-1,896,243,112.6,426.3,0.916
390,-1,766,229,184.4,540.8,1
390,-1,1062,130,282,816.2,1
390,-1,288,169,226.5,633.6,1
390,-1,716,314,81.2,225.7,1
390,-1,474,136,243,704.4,1
390,-1,976,344,85.5,212,0.999
391,-1,766,213,176.9,556.6,1
391,-1,464,144,245.4,695.2,1
391,-1,1060,155,297.3,781.5,1
391,-1,264,160,246,647.4,1
391,-1,710,317,80.5,213.5,1
391,-1,981,349,84.5,206.7,0.999
391,-1,877,269,133.2,392.7,0.901
392,-1,1048,164,306.3,756.9,1
392,-1,262,168,226,622.6,1
392,-1,711,315,76.9,221.9,1
392,-1,473,141,243,711.3,1
392,-1,970,340,98.4,222.1,1
392,-1,772,224,177.6,539.2,1
393,-1,712,323,70.2,220.1,1
393,-1,450,146,274.7,699.6,1
393,-1,1038,144,333.7,804.1,1
393,-1,258,185,219,629,1
393,-1,752,219,175.1,531.1,1
393,-1,980,348,84.8,206.1,1
393,-1,876,254,125.1,429.3,0.999
394,-1,460,135,227.5,708.8,1
394,-1,1039,159,315,766.2,1
394,-1,762,215,176.4,542.4,1
394,-1,971,345,94.7,216.5,1
394,-1,244,155,224.9,673.5,1
394,-1,704,315,77.8,231.6,1
395,-1,750,222,188.8,540.8,1
395,-1,1054,150,285.2,797.1,1
395,-1,452,126,247.5,726.1,1
395,-1,970,350,101.3,203.4,1
395,-1,222,152,253.8,683.7,1
395,-1,700,316,87.7,226,1
396,-1,966,352,105.4,206,1
396,-1,451,106,239.6,744.2,1
396,-1,1044,150,319.9,772.7,1
396,-1,182,147,266.1,692.6,1
396,-1,739,214,204.7,522.2,1
396,-1,692,305,78.2,226.4,0.996
396,-1,889,230,115.7,453.7,0.655
397,-1,187,154,253.5,683.3,1
397,-1,967,351,104.1,203.2,1
397,-1,1060,159,294.2,784.5,1
397,-1,750,231,188.6,539.9,1
397,-1,446,129,251.8,722.1,1
397,-1,699,306,77.8,234.4,1
397,-1,883,229,113,450,0.571
398,-1,163,148,277,684.5,1
398,-1,1054,139,300.7,818.8,1
398,-1,432,111,264.9,757.7,1
398,-1,971,348,94.9,208.7,1
398,-1,741,211,182.5,548.5,1
398,-1,701,305,73.7,239.6,1
398,-1,862,228,132.1,473.3,0.999
399,-1,418,78,270.5,792.4,1
399,-1,686,308,83.9,240,1
399,-1,744,218,173.8,528,1
399,-1,855,231,129.1,447.2,1
399,-1,152,138,276.5,708.2,1
399,-1,1043,155,288,784.8,1
399,-1,969,347,94.4,206.6,1
400,-1,144,115,282.6,748.4,1
400,-1,958,343,99.3,217.4,1
400,-1,865,243,122.1,446.2,1
400,-1,736,225,180.8,516.2,1
400,-1,416,80,266.1,804.6,1
400,-1,1050,161,286.9,790.7,1
400,-1,689,305,85,240.3,1
401,-1,1051,167,282.7,771.2,1
401,-1,686,295,80,255.3,1
401,-1,394,87,300.5,793.6,1
401,-1,124,123,290.7,737.6,1
401,-1,727,220,175.7,530.9,1
401,-1,959,334,97.8,223.2,1
401,-1,862,255,119,443.5,0.999
402,-1,847,241,133,453.4,1
402,-1,727,204,190.6,525.6,1
402,-1,392,88,294.4,814.7,1
402,-1,1038,137,313.6,814.4,1
402,-1,682,299,81.1,247.6,1
402,-1,133,114,260.6,748.8,1
402,-1,961,338,93.8,222.3,1
403,-1,1066,149,286.6,801.2,1
403,-1,392,78,287.2,823.8,1
403,-1,109,128,289.8,759.2,1
403,-1,847,236,131.5,442.6,1
403,-1,711,198,191.3,552.2,1
403,-1,962,341,95.6,212.4,1
404,-1,384,60,299.7,853.2,1
404,-1,97,139,287.8,750.7,1
404,-1,710,194,175.5,548.1,1
404,-1,965,344,98,218.9,1
404,-1,1060,139,295.7,827.1,1
404,-1,842,252,135.1,431.7,0.999
404,-1,675,312,69.1,223.6,0.966
405,-1,1061,160,281.5,805.3,1
405,-1,703,190,190,574.1,1
405,-1,66,118,306.4,782.7,1
405,-1,845,236,131.8,454.2,1
405,-1,370,55,316.9,860,1
405,-1,966,339,95.8,220.9,1
406,-1,65,130,297.3,773.3,1
406,-1,720,204,183.1,540.3,1
406,-1,1057,169,309.4,779.9,1
406,-1,362,73,310.6,863.6,1
406,-1,970,339,96.9,220.3,1
406,-1,843,228,136.5,474.8,0.999
407,-1,686,298,87.7,248.3,1
407,-1,712,210,178,568.7,1
407,-1,359,63,311.5,867.9,1
407,-1,39,118,329.4,792.9,1
407,-1,1068,145,277.8,802.9,1
407,-1,973,339,102.2,227.8,1
407,-1,858,240,128,437.8,0.999
407,-1,642,333,67.3,212.5,0.611
408,-1,1058,140,314,817.2,1
408,-1,359,66,317.1,894.9,1
408,-1,47,115,321.8,827.2,1
408,-1,704,199,199.3,577.7,1
408,-1,853,234,133.8,444.7,1
408,-1,982,342,100.4,225.9,0.999
409,-1,865,253,121.6,425.9,1
409,-1,39,122,327.1,822.7,1
409,-1,371,67,297.3,892.2,1
409,-1,1088,139,286.7,810.7,1
409,-1,729,222,170.7,545.5,1
409,-1,988,343,95.8,218,1
409,-1,645,340,55.9,200.9,0.999
409,-1,680,320,89.9,233.4,0.88
410,-1,25,91,332.8,860.1,1
410,-1,347,53,322.6,923.4,1
410,-1,1090,149,276,796.9,1
410,-1,695,309,86,245,1
410,-1,725,231,184.4,542.1,1
410,-1,646,336,60,210.7,0.999
410,-1,996,344,91.1,218.2,0.999
410,-1,879,247,128.4,425.9,0.999
411,-1,18,86,315.9,867.4,1
411,-1,1090,151,274.8,796.5,1
411,-1,723,225,182.1,548,1
411,-1,341,48,311.5,961.5,1
411,-1,991,345,88.6,212,1
411,-1,648,327,59.3,222.6,0.999
411,-1,864,222,128.5,449.2,0.999
412,-1,1092,169,283.2,779,1
412,-1,738,222,173.8,535.2,1
412,-1,3,81,340.5,882.7,1
412,-1,335,53,343.5,955.2,1
412,-1,1001,346,93.6,210,1
412,-1,651,325,66.3,218,1
412,-1,877,246,133.9,432.4,0.999
412,-1,697,325,66.5,220.5,0.409
413,-1,1016,350,92.6,229.6,1
413,-1,880,238,137.2,447.1,1
413,-1,1106,144,280.3,828.1,1
413,-1,339,25,321.1,995.5,1
413,-1,728,215,175.8,539.4,1
413,-1,649,340,72,203.9,1
413,-1,-16,70,334.7,899.2,1
414,-1,1098,139,309.7,821.2,1
414,-1,-22,88,353.7,873.2,1
414,-1,889,249,116.5,416.8,1
414,-1,1012,348,100.4,225.8,1
414,-1,337,31,301.4,1006.8,1
414,-1,757,229,169,527.3,1
414,-1,644,336,82.8,213.1,1
414,-1,714,306,81.1,232.2,0.997
415,-1,882,225,132.7,467.6,1
415,-1,649,327,77.3,217.4,1
415,-1,308,21,373.6,1032.7,1
415,-1,1127,136,275.6,832,1
415,-1,744,239,170.3,500.8,1
415,-1,1016,340,106.8,222,1
415,-1,-21,77,323.1,898.9,1
416,-1,886,231,132.8,448,1
416,-1,287,29,366.2,989.5,1
416,-1,1123,143,257.9,820,1
416,-1,657,336,78.8,208.6,1
416,-1,752,217,171.9,524.8,1
416,-1,1009,344,116.9,230.2,0.999
416,-1,-37,50,322.7,925.6,0.999
417,-1,273,-6,384.2,1072.9,1
417,-1,1115,134,275.6,855.3,1
417,-1,890,227,148,465.6,1
417,-1,752,227,168.5,507.6,1
417,-1,654,340,75.4,207.5,1
417,-1,1022,338,109.2,219.4,0.999
417,-1,-31,39,318.7,967.4,0.999
418,-1,888,235,138,442,1
418,-1,1108,159,290.1,826.9,1
418,-1,259,-43,390,1114.8,1
418,-1,722,298,94.2,248.4,1
418,-1,1028,346,91.2,227.6,1
418,-1,738,202,182,534.5,1
418,-1,651,327,81.9,221.8,0.999
418,-1,-40,46,298.1,991.7,0.994
419,-1,640,335,82.8,213.6,1
419,-1,1099,133,306.4,853.7,1
419,-1,737,198,186.9,564.3,1
419,-1,895,226,134.7,464.9,1
419,-1,255,-45,386.4,1119,1
419,-1,1024,339,103.3,234.3,0.999
419,-1,-41,-2,282.7,1053.2,0.972
420,-1,745,213,171.8,533.6,1
420,-1,207,-42,458.2,1131.8,1
420,-1,898,227,138.9,463,1
420,-1,641,335,80.7,214.5,1
420,-1,1126,141,277.3,838.4,1
420,-1,1028,334,99.1,237,0.999
420,-1,-61,18,317.5,1014.6,0.968
420,-1,706,295,77.2,244.5,0.47
421,-1,748,221,181.3,534.4,1
421,-1,639,329,101.2,216.2,1
421,-1,1118,152,284.4,830.5,1
421,-1,901,231,130.6,438.9,1
421,-1,204,-50,442.6,1119.3,1
421,-1,1030,333,97.7,237.9,0.998
421,-1,-50,2,296,1048.6,0.948
422,-1,638,329,100,209.9,1
422,-1,1029,336,103.6,225.7,1
422,-1,1108,147,296.5,840.6,1
422,-1,180,-55,430.1,1168.2,1
422,-1,739,212,191.3,548.8,1
422,-1,883,252,151.3,432.7,1
422,-1,-28,-3,227.2,1032.6,0.92
423,-1,1028,328,99.4,231.1,1
423,-1,636,333,90.6,209.7,1
423,-1,1100,116,308.4,867.3,1
423,-1,168,-84,446.9,1231.8,1
423,-1,890,234,138.6,442.3,1
423,-1,739,204,164.1,561.5,1
423,-1,-21,-12,226.2,1079,0.894
424,-1,624,332,98.8,209.8,1
424,-1,728,202,198.5,538,1
424,-1,1108,141,297.9,834.4,1
424,-1,889,240,142.5,458.6,1
424,-1,117,-90,487.6,1247.5,1
424,-1,1026,337,96.6,223.9,0.999
424,-1,-9,2,187.5,1006.2,0.448
425,-1,90,-102,499,1256.5,1
425,-1,719,205,175,551,1
425,-1,629,324,96.8,220.4,1
425,-1,894,246,132.7,436.2,1
425,-1,1082,125,340.4,837.6,1
425,-1,1023,330,93.5,227.3,0.999
426,-1,714,210,192.1,539.2,1
426,-1,893,236,133.6,438.7,1
426,-1,618,316,104.9,228.2,1
426,-1,1064,144,345.1,807.1,1
426,-1,553,318,60.1,186.1,1
426,-1,86,-129,496.2,1315.1,0.999
426,-1,1018,324,90.3,225.2,0.999
427,-1,717,220,189.3,532.2,1
427,-1,50,-138,555.7,1364.2,1
427,-1,1072,119,314.9,850.4,1
427,-1,891,245,130.9,436.1,1
427,-1,620,329,84.8,230.1,1
427,-1,1012,328,96.4,246.4,0.997
428,-1,1072,114,347.9,852.8,1
428,-1,612,320,104.6,227.9,1
428,-1,707,209,181.6,534.1,1
428,-1,534,309,61.7,211.8,1
428,-1,892,243,130.7,438.3,1
428,-1,14,-150,575.2,1430.3,0.998
428,-1,1015,322,87.4,234.8,0.997
429,-1,534,316,67.2,206,1
429,-1,884,246,135.5,419.5,1
429,-1,727,221,161.8,527.5,1
429,-1,1081,131,342.7,830.6,1
429,-1,614,335,90.8,217.2,1
429,-1,1012,329,77.7,227.3,0.999
429,-1,11,-165,558.8,1464.5,0.998
429,-1,674,273,97.3,290.2,0.622
430,-1,605,316,98.1,243.5,1
430,-1,714,214,170.9,535,1
430,-1,893,232,124.2,431.8,1
430,-1,1075,135,331.7,836.9,1
430,-1,533,311,66.4,205.9,1
430,-1,1004,328,81.4,226.3,0.998
430,-1,-18,-182,582.7,1487.6,0.998
431,-1,595,317,106.7,233.8,1
431,-1,1065,112,330.8,864.7,1
431,-1,883,231,138.9,444.7,1
431,-1,525,313,59.7,200.4,1
431,-1,689,196,177.1,555.9,1
431,-1,1007,321,80.3,230.9,0.995
431,-1,-43,-186,605.7,1475,0.995
431,-1,838,336,66.2,207.4,0.734
432,-1,680,197,188,571.7,1
432,-1,523,317,60.5,205.6,1
432,-1,1077,136,320.6,843.1,1
432,-1,880,244,130.7,420.3,1
432,-1,591,326,93.9,234.3,1
432,-1,-43,-197,556.6,1499.1,0.995
432,-1,1023,324,86.8,227.8,0.993
432,-1,834,327,68.1,212.7,0.972
432,-1,988,304,65.1,252.5,0.902
433,-1,520,311,67.1,205.7,1
433,-1,672,199,184.6,533.1,1
433,-1,891,249,137.3,409.4,1
433,-1,1060,139,364.4,845.9,1
433,-1,598,319,90.6,244.6,0.999
433,-1,1005,316,88.6,235.2,0.991
433,-1,-55,-220,559.5,1561.1,0.988
433,-1,826,309,73,226.9,0.971
434,-1,873,227,140.2,454.7,1
434,-1,1057,112,374,857.1,1
434,-1,680,194,180.9,551.4,1
434,-1,521,315,65.6,201.1,1
434,-1,592,314,90,250.2,0.999
434,-1,1002,306,77.6,246.6,0.989
434,-1,-25,-264,528.3,1596.7,0.925
434,-1,831,329,68.8,199.8,0.886
435,-1,514,313,67.6,198.2,1
435,-1,1072,129,326.6,839.5,1
435,-1,992,313,87.2,236.7,1
435,-1,589,317,99.2,235,1
435,-1,878,243,136.8,415.4,1
435,-1,674,203,178.5,540.7,1
435,-1,816,301,87.4,246.6,0.999
435,-1,-44,-276,524.6,1624.6,0.883
436,-1,999,307,86,251.9,1
436,-1,516,318,66.2,188.5,1
436,-1,679,205,176.4,532.9,1
436,-1,1068,119,357.9,851.5,1
436,-1,593,311,88.7,234.1,1
436,-1,862,225,163.4,429.7,0.999
436,-1,816,313,88.7,239.6,0.999
436,-1,-41,-289,487.3,1666.1,0.946
437,-1,883,231,138.9,421.6,1
437,-1,515,316,61.9,195.2,1
437,-1,1068,98,368.4,863.4,1
437,-1,592,301,91.5,254,1
437,-1,995,306,84.8,240.2,1
437,-1,663,203,179.7,525.8,1
437,-1,811,298,80,236,0.999
437,-1,-48,-279,510.3,1661.1,0.925
438,-1,810,299,80.1,248.5,1
438,-1,657,210,178.6,504.4,1
438,-1,583,298,99.6,259.7,1
438,-1,1070,100,355.6,859.6,1
438,-1,514,305,66.1,205.2,1
438,-1,881,208,145.6,468.1,0.999
438,-1,998,298,80.5,255.3,0.997
438,-1,-21,-266,451,1597,0.744
439,-1,1097,122,322.2,818.2,1
439,-1,581,311,101.4,239.6,1
439,-1,513,315,59.5,192.1,1
439,-1,672,197,174.9,542,1
439,-1,811,308,80.4,228.5,1
439,-1,879,216,138.6,455.3,1
439,-1,999,300,83.9,247.7,0.998
439,-1,1047,308,78.4,234,0.988
439,-1,-18,-263,396.4,1603.7,0.675
440,-1,810,305,82.5,224.6,1
440,-1,1094,113,346.1,841.1,1
440,-1,668,200,172.5,538.1,1
440,-1,507,305,65.9,200.6,1
440,-1,568,301,114.9,262,0.999
440,-1,878,211,156.1,474,0.999
440,-1,993,307,89.7,236.2,0.999
440,-1,1045,307,84.6,226.5,0.997
440,-1,-2,-212,376.7,1510.4,0.726
441,-1,672,197,174.9,528.6,1
441,-1,1086,109,330.3,860.5,1
441,-1,499,313,70.9,197.9,1
441,-1,896,216,132.9,450.3,0.999
441,-1,571,298,104.5,252.9,0.999
441,-1,990,305,95.4,248.2,0.998
441,-1,809,291,84,249.4,0.997
441,-1,21,-149,300.5,1437.5,0.534
442,-1,900,226,127.7,437.4,1
442,-1,1092,120,344.8,861.8,1
442,-1,505,303,65.3,204,1
442,-1,666,198,183.4,538.8,1
442,-1,812,310,80.8,231.3,1
442,-1,580,305,99.8,254.9,0.999
442,-1,1006,312,87,239.1,0.998
442,-1,3,-108,316,1362.9,0.762
443,-1,510,316,62.2,194.8,1
443,-1,813,311,83.3,227.1,1
443,-1,661,201,187.9,538.2,1
443,-1,905,240,128.7,439.5,1
443,-1,1126,124,303.5,842.1,1
443,-1,568,293,124.2,267.2,0.999
443,-1,1004,307,84.4,227.7,0.999
443,-1,1047,306,88.2,235.2,0.991
443,-1,7,-55,280.2,1246.1,0.654
444,-1,1105,123,327.6,857.7,1
444,-1,670,187,170.9,549.6,1
444,-1,514,312,63.8,192.1,1
444,-1,908,232,129.6,441.8,1
444,-1,821,303,79.8,226.8,1
444,-1,587,307,99.4,247.6,1
444,-1,994,295,105.2,254.7,0.999
444,-1,1057,308,86.3,253.2,0.95
444,-1,-2,-61,290.4,1234.3,0.632
445,-1,524,313,61.2,191.2,1
445,-1,817,312,94.5,233.5,1
445,-1,575,290,112.2,285.6,1
445,-1,1014,298,91.8,243.3,1
445,-1,1103,113,334.8,862.4,1
445,-1,685,197,168.7,521.7,1
445,-1,906,226,132.3,434.9,1
446,-1,571,281,119.8,284.8,1
446,-1,830,298,82,227.6,1
446,-1,1000,287,87.4,257.4,1
446,-1,520,306,73.5,206.1,1
446,-1,913,230,131.7,447.5,1
446,-1,1133,103,320.2,863.9,1
446,-1,666,198,176.4,516,1
446,-1,1078,307,82.4,239.8,0.997
447,-1,1124,128,327.6,832.9,1
447,-1,681,193,194.7,549.7,1
447,-1,530,312,65.9,196.5,1
447,-1,832,307,88.2,243,1
447,-1,587,303,104.7,263,1
447,-1,1013,288,99.6,269.7,0.999
447,-1,911,217,131.5,449.9,0.999
447,-1,1076,300,89.3,260.6,0.899
448,-1,695,194,169.6,539.3,1
448,-1,1128,127,327.2,848.2,1
448,-1,837,300,95.4,254.8,1
448,-1,592,303,105.2,259.6,1
448,-1,916,221,141.3,445.9,1
448,-1,530,304,71,200.3,1
448,-1,1005,299,116.2,245.4,0.999
448,-1,1079,309,87.4,248.5,0.711
449,-1,917,211,149.1,479.5,1
449,-1,845,311,89.5,236.2,1
449,-1,1032,302,92.3,246.9,1
449,-1,539,309,66.6,202.9,1
449,-1,1138,120,334.6,856.2,1
449,-1,682,197,184.4,519.3,1
449,-1,592,307,115.5,268.6,0.999
449,-1,1096,306,81.4,255.4,0.928
450,-1,1161,137,325.4,850.5,1
450,-1,705,202,179.3,533.8,1
450,-1,588,295,121.1,272.9,1
450,-1,935,224,136.8,444.7,1
450,-1,1031,302,94.6,239,1
450,-1,848,306,97.8,235.8,1
450,-1,542,307,62.4,198.9,1
450,-1,1105,315,73.8,237.5,0.998
451,-1,544,309,71.1,203.3,1
451,-1,701,194,175.7,542.4,1
451,-1,593,310,109.9,267.9,1
451,-1,931,217,139.2,454.2,1
451,-1,1161,116,313.9,875.5,1
451,-1,868,305,87,238.3,1
451,-1,1052,308,81.7,243.8,0.999
451,-1,1110,307,80.1,252.5,0.995
