1,1,17,150,77,191,1,1,1
2,1,20,148,78,195,1,1,1
3,1,23,147,79,199,1,1,1
4,1,26,146,79,202,1,1,1
5,1,29,144,80,206,1,1,1
6,1,33,142,81,210,1,1,1
7,1,36,142,82,213,1,1,1
8,1,40,140,82,217,1,1,1
9,1,44,139,83,220,1,1,1
10,1,50,138,84,224,1,1,1
11,1,58,138,85,227,1,1,1
12,1,65,136,85,231,1,1,1
13,1,72,136,86,234,1,1,1
14,1,75,134,87,238,1,1,1
15,1,78,132,88,243,1,1,1
16,1,87,127,89,247,1,1,1
17,1,88,125,90,251,1,1,1
18,1,82,124,92,258,1,1,1
19,1,81,122,95,264,1,1,1
20,1,79,111,97,271,1,1,1
21,1,75,108,99,277,1,1,1
22,1,71,105,102,285,1,1,1
23,1,72,105,104,292,1,1,1
24,1,71,105,107,300,1,1,1
25,1,69,102,109,307,1,1,1
26,1,67,98,112,316,1,1,1
27,1,65,95,116,325,1,1,1
28,1,64,92,119,333,1,1,1
29,1,62,88,122,342,1,1,1
30,1,49,82,131,349,1,1,1
31,1,56,78,129,359,1,1,1
32,1,56,76,132,367,1,1,1
33,1,61,72,133,374,1,1,1
34,1,69,72,138,384,1,1,1
35,1,71,70,141,392,1,1,1
36,1,71,66,144,401,1,1,1
37,1,73,63,147,409,1,1,1
38,1,68,53,152,423,1,1,1
39,1,66,48,158,436,1,1,0.99085
40,1,66,43,162,442,1,1,0.98871
41,1,55,46,166,443,1,1,0.97973
42,1,51,38,171,453,1,1,0.97577
43,1,43,30,178,472,1,1,0.95349
44,1,41,24,183,479,1,1,0.95208
45,1,33,23,188,486,1,1,0.94045
46,1,33,16,193,491,1,1,0.94512
47,1,23,5,199,510,1,1,0.93151
48,1,23,7,204,513,1,1,0.92218
49,1,12,5,209,515,1,1,0.92248
50,1,15,5,214,524,1,1,0.90667
51,1,19,2,203,521,1,1,0.91762
52,1,6,0,223,531,1,1,0.90226
53,1,1,-4,229,540,1,1,0.88725
54,1,-3,-7,233,548,1,1,0.85937
55,1,-6,-10,237,561,1,1,0.82897
56,1,-9,-14,241,573,1,1,0.80168
57,1,-18,-24,245,572,1,1,0.773
58,1,-13,-18,246,620,1,1,0.72914
59,1,-13,-17,246,619,1,1,0.73031
60,1,-13,-18,246,620,1,1,0.72914
61,1,-13,-18,246,620,1,1,0.72914
62,1,-14,-18,246,620,1,1,0.72601
63,1,-14,-18,247,620,1,1,0.7262
64,1,-14,-18,247,620,1,1,0.7262
65,1,-14,-18,247,620,1,1,0.7262
66,1,-14,-18,247,620,1,1,0.7262
67,1,-15,-18,248,620,1,1,0.72328
68,1,-15,-18,248,620,1,1,0.72328
69,1,-15,-18,248,620,1,1,0.72328
70,1,-15,-19,248,621,1,1,0.72212
71,1,-15,-18,248,620,1,1,0.72328
72,1,-15,-19,248,621,1,1,0.72212
73,1,-15,-19,248,621,1,1,0.72212
74,1,-16,-19,248,621,1,1,0.71902
75,1,-16,-19,249,621,1,1,0.71923
76,1,-16,-19,249,621,1,1,0.71923
77,1,-16,-19,249,621,1,1,0.71923
78,1,-16,-20,249,622,1,1,0.71807
79,1,-17,-19,250,621,1,1,0.71636
80,1,-17,-20,250,622,1,1,0.71521
81,1,-17,-20,250,622,1,1,0.71521
82,1,-18,-20,250,622,1,1,0.71214
83,1,-18,-20,251,622,1,1,0.71237
84,1,-18,-20,251,622,1,1,0.71237
85,1,-18,-20,251,622,1,1,0.71237
86,1,-18,-20,251,622,1,1,0.71237
87,1,-19,-20,252,622,1,1,0.70956
88,1,-19,-20,252,622,1,1,0.70956
89,1,-19,-20,252,622,1,1,0.70956
90,1,-20,-21,252,623,1,1,0.70538
91,1,-20,-20,253,622,1,1,0.70677
92,1,-20,-21,253,623,1,1,0.70563
93,1,-20,-21,253,623,1,1,0.70563
94,1,-20,-21,253,623,1,1,0.70563
95,1,-20,-21,253,623,1,1,0.70563
96,1,-20,-21,253,623,1,1,0.70563
97,1,-20,-21,253,623,1,1,0.70563
98,1,-20,-22,253,624,1,1,0.7045
99,1,-21,-21,254,623,1,1,0.70287
100,1,-21,-22,254,624,1,1,0.70174
101,1,-21,-22,254,624,1,1,0.70174
102,1,-22,-22,254,624,1,1,0.69873
103,1,-22,-22,255,624,1,1,0.699
104,1,-22,-22,255,624,1,1,0.699
105,1,-22,-22,255,624,1,1,0.699
106,1,-22,-22,255,624,1,1,0.699
107,1,-22,-22,255,624,1,1,0.699
108,1,-23,-22,255,624,1,1,0.696
109,1,-23,-22,255,624,1,1,0.696
110,1,-23,-22,255,624,1,1,0.696
111,1,-24,-23,256,625,1,1,0.69218
112,1,-24,-23,256,625,1,1,0.69218
113,1,-24,-23,256,625,1,1,0.69218
114,1,-24,-23,257,625,1,1,0.69247
115,1,-25,-23,258,625,1,1,0.6898
116,1,-24,-23,258,625,1,1,0.69276
117,1,-24,-23,259,625,1,1,0.69304
118,1,-24,-23,261,625,1,1,0.69361
119,1,-25,-23,263,625,1,1,0.69126
120,1,-25,-24,264,626,1,1,0.69044
121,1,-16,-25,257,626,1,1,0.71511
122,1,0,-25,241,626,1,1,0.76239
123,1,-6,-25,249,626,1,1,0.74411
124,1,-6,-25,250,625,1,1,0.74539
125,1,-7,-25,251,626,1,1,0.74125
126,1,-5,-25,251,625,1,1,0.74852
127,1,-10,-25,258,626,1,1,0.73304
128,1,-9,-26,258,626,1,1,0.73599
129,1,-1,-26,251,626,1,1,0.75947
130,1,1,-26,249,626,1,1,0.76555
131,1,2,-26,248,626,1,1,0.76555
132,1,-2,-26,251,626,1,1,0.75644
133,1,0,-26,249,626,1,1,0.76249
134,1,-28,-25,275,627,1,1,0.68402
135,1,-29,-25,273,627,1,1,0.68065
136,1,-29,-25,270,627,1,1,0.67972
137,1,-29,-25,268,627,1,1,0.67909
138,1,-30,-25,266,627,1,1,0.67559
139,1,-29,-26,263,628,1,1,0.6764
140,1,-29,-26,261,628,1,1,0.67574
141,1,-29,-26,258,628,1,1,0.67472
142,1,-29,-26,257,628,1,1,0.67438
143,1,-30,-26,256,628,1,1,0.67107
144,1,-30,-26,255,628,1,1,0.67071
145,1,-30,-26,254,628,1,1,0.67035
146,1,-27,-22,253,624,1,1,0.68334
147,1,-24,-17,251,593,1,1,0.72791
148,1,-22,-13,250,553,1,1,0.78703
149,1,-18,-9,248,513,1,1,0.86259
150,1,-22,-13,250,553,1,1,0.78703
151,1,-25,-18,253,594,1,1,0.72414
152,1,-29,-23,255,625,1,1,0.67692
153,1,-32,-27,257,629,1,1,0.66445
154,1,-32,-27,257,629,1,1,0.66445
155,1,-33,-27,258,629,1,1,0.66189
156,1,-33,-27,258,629,1,1,0.66189
157,1,-33,-27,258,629,1,1,0.66189
158,1,-34,-27,258,629,1,1,0.65894
159,1,-34,-28,259,630,1,1,0.6583
160,1,-34,-28,259,630,1,1,0.6583
161,1,-34,-28,259,630,1,1,0.6583
162,1,-34,-28,259,630,1,1,0.6583
163,1,-34,-28,259,630,1,1,0.6583
164,1,-34,-28,259,630,1,1,0.6583
165,1,-34,-28,259,630,1,1,0.6583
166,1,-34,-28,259,630,1,1,0.6583
167,1,-35,-29,260,631,1,1,0.65474
168,1,-35,-29,260,631,1,1,0.65474
169,1,-35,-29,260,631,1,1,0.65474
170,1,-36,-29,260,631,1,1,0.65183
171,1,-36,-29,261,631,1,1,0.65224
172,1,-36,-29,261,631,1,1,0.65224
173,1,-36,-29,261,631,1,1,0.65224
174,1,-36,-29,261,631,1,1,0.65224
175,1,-37,-29,262,631,1,1,0.64976
176,1,-37,-29,262,631,1,1,0.64976
177,1,-37,-29,262,631,1,1,0.64976
178,1,-37,-29,263,631,1,1,0.65017
179,1,-37,-30,263,632,1,1,0.64915
180,1,-38,-30,264,632,1,1,0.6467
181,1,-38,-30,264,632,1,1,0.6467
182,1,-38,-30,264,632,1,1,0.6467
183,1,-38,-30,264,632,1,1,0.6467
184,1,-38,-30,264,632,1,1,0.6467
185,1,-38,-30,264,632,1,1,0.6467
186,1,-39,-30,264,632,1,1,0.64383
187,1,-39,-31,265,633,1,1,0.64325
188,1,-39,-31,265,633,1,1,0.64325
189,1,-39,-31,265,633,1,1,0.64325
190,1,-39,-31,265,633,1,1,0.64325
191,1,-40,-31,266,633,1,1,0.64084
192,1,-40,-31,266,633,1,1,0.64084
193,1,-40,-31,266,633,1,1,0.64084
194,1,-40,-31,267,633,1,1,0.64127
195,1,-40,-32,267,634,1,1,0.64026
196,1,-41,-32,268,634,1,1,0.63788
197,1,-41,-32,268,634,1,1,0.63788
198,1,-42,-32,268,634,1,1,0.63507
199,1,-42,-32,269,634,1,1,0.63552
200,1,-42,-32,269,634,1,1,0.63552
201,1,-42,-32,269,634,1,1,0.63552
202,1,-42,-32,268,634,1,1,0.63507
203,1,-42,-32,267,634,1,1,0.63462
204,1,-42,-32,266,634,1,1,0.63417
205,1,-42,-32,265,634,1,1,0.63371
206,1,-42,-32,261,634,1,1,0.63184
207,1,-42,-32,257,634,1,1,0.62992
208,1,-42,-32,252,634,1,1,0.62743
209,1,-42,-32,248,634,1,1,0.62537
210,1,-43,-32,244,634,1,1,0.62015
211,1,-43,-32,240,634,1,1,0.6179
212,1,-42,-32,235,634,1,1,0.61818
213,1,-42,-32,231,634,1,1,0.6158
214,1,-42,-32,233,634,1,1,0.617
215,1,-42,-32,234,634,1,1,0.61759
216,1,-43,-32,236,634,1,1,0.61557
217,1,-42,-32,237,634,1,1,0.61933
218,1,-42,-32,241,634,1,1,0.62159
219,1,-42,-32,245,634,1,1,0.62378
220,1,-42,-32,248,634,1,1,0.62537
221,1,-42,-32,252,634,1,1,0.62743
222,1,-41,-31,254,633,1,1,0.6324
223,1,-40,-31,256,633,1,1,0.63632
224,1,-39,-29,258,631,1,1,0.6422
225,1,-38,-29,260,631,1,1,0.64601
226,1,-34,-26,257,628,1,1,0.65959
227,1,-31,-24,256,614,1,1,0.68331
228,1,-27,-20,246,585,1,1,0.72626
229,1,-12,-18,235,571,1,1,0.79294
230,1,-3,-15,229,562,1,1,0.83775
231,1,-13,-10,241,575,1,1,0.78512
232,1,-10,-7,238,575,1,1,0.79498
233,1,-4,-3,235,583,1,1,0.8045
234,1,-1,-1,236,560,1,1,0.84839
235,1,-2,-5,236,563,1,1,0.84029
236,1,-2,-13,236,548,1,1,0.86325
237,1,15,-6,225,537,1,1,0.89219
238,1,21,-1,226,528,1,1,0.90737
239,1,24,6,232,517,1,1,0.91699
240,1,23,11,236,510,1,1,0.91977
241,1,29,12,241,507,1,1,0.92323
242,1,34,3,236,509,1,1,0.93725
243,1,44,2,236,510,1,1,0.93738
244,1,51,1,234,511,1,1,0.9375
245,1,57,2,230,512,1,1,0.93372
246,1,59,1,228,513,1,1,0.93385
247,1,73,5,216,511,1,1,0.92969
248,1,76,4,214,515,1,1,0.92442
249,1,95,2,199,515,1,1,0.92829
250,1,101,5,206,514,1,1,0.92427
251,1,112,3,197,510,1,1,0.93542
252,1,119,9,196,507,1,1,0.92913
253,1,122,16,206,504,1,1,0.92079
254,1,135,25,201,504,1,1,0.90297
255,1,151,34,199,504,1,1,0.88515
256,1,156,24,196,499,1,1,0.914
257,1,165,27,196,495,1,1,0.91532
258,1,156,23,201,499,1,1,0.916
259,1,153,22,197,500,1,1,0.91617
260,1,141,17,200,502,1,1,0.92247
261,1,130,14,206,505,1,1,0.92292
262,1,112,9,206,508,1,1,0.92731
263,1,103,4,205,515,1,1,0.92442
264,1,92,3,206,524,1,1,0.91048
265,1,86,4,211,528,1,1,0.9017
266,1,75,2,216,535,1,1,0.89366
267,1,62,0,226,542,1,1,0.88398
268,1,62,-6,227,549,1,1,0.87273
269,1,57,-14,236,556,1,1,0.86176
270,1,52,-38,246,551,1,1,0.86957
271,1,48,-56,242,559,1,1,0.85714
272,1,39,-92,240,556,1,1,0.83303
273,1,37,-102,237,562,1,1,0.81705
274,1,35,-87,235,588,1,1,0.81494
275,1,27,-63,233,567,1,1,0.84507
276,1,34,-8,221,506,1,1,0.94675
277,1,30,3,228,502,1,1,0.9503
278,1,26,0,212,501,1,1,0.95618
279,1,8,23,207,495,1,1,0.92339
280,1,-15,23,202,495,1,1,0.85061
281,1,-61,0,207,503,1,1,0.6685
282,1,-98,10,215,495,1,1,0.51436
283,1,-76,14,194,509,1,1,0.55411
284,1,-63,21,193,494,1,1,0.62272
285,1,-46,16,183,494,1,1,0.69944
286,1,-42,29,188,495,1,1,0.70396
287,1,-46,36,196,494,1,1,0.68451
288,1,-36,37,186,493,1,1,0.72095
289,1,-13,47,173,477,1,1,0.8349
290,1,-18,52,186,465,1,1,0.82706
291,1,0,49,186,475,1,1,0.90271
292,1,5,48,185,461,1,1,0.93723
293,1,0,40,198,456,1,1,0.96014
294,1,13,42,195,465,1,1,0.94206
295,1,22,45,193,457,1,1,0.95197
296,1,34,46,186,463,1,1,0.9375
297,1,37,51,193,460,1,1,0.93275
298,1,40,52,198,462,1,1,0.92657
299,1,46,46,199,455,1,1,0.95395
300,1,63,47,188,452,1,1,0.73502
301,1,72,48,195,445,1,1,0.56963
302,1,87,31,191,464,1,1,0.38306
303,1,85,36,211,451,1,1,0.15789
304,1,92,40,196,446,1,1,0.040064
305,1,91,50,192,445,1,1,0.070099
306,1,91,50,197,452,1,1,0.20662
307,1,109,50,182,445,1,1,0.42246
308,1,117,50,179,445,1,1,0.59056
309,1,121,46,176,445,1,1,0.97534
310,1,126,46,166,445,1,1,0.97534
311,1,125,45,165,445,1,1,0.97758
312,1,119,47,163,465,1,1,0.93133
313,1,115,59,167,455,1,1,0.92544
314,1,112,58,175,455,1,1,0.92763
315,1,112,58,181,447,1,1,0.9442
316,1,116,58,183,455,1,1,0.92763
317,1,126,54,185,457,1,1,0.93231
318,1,128,50,181,455,1,1,0.94518
319,1,132,55,185,461,1,1,0.92208
320,1,145,50,185,474,1,1,0.90737
321,1,144,51,214,458,1,1,0.93682
322,1,154,47,214,458,1,1,0.94553
323,1,165,43,214,459,1,1,0.95217
324,1,176,39,214,459,1,1,0.96087
325,1,187,35,214,459,1,1,0.96957
326,1,192,33,214,465,1,1,0.96137
327,1,206,31,208,474,1,1,0.94737
328,1,212,30,206,493,1,1,0.91296
329,1,223,30,203,502,1,1,0.89662
330,1,223,28,203,476,1,1,0.94969
331,1,225,28,203,465,1,1,0.9721
332,1,225,27,206,470,1,1,0.96391
333,1,228,22,200,479,1,1,0.95625
334,1,232,23,194,495,1,1,0.92339
335,1,229,24,206,491,1,1,0.92886
336,1,227,19,196,490,1,1,0.94094
337,1,235,7,186,495,1,1,0.95565
338,1,239,9,192,495,1,1,0.95161
339,1,235,4,195,491,1,1,0.96951
340,1,232,3,203,492,1,1,0.96957
341,1,243,0,195,505,1,1,0.94862
342,1,249,4,199,504,1,1,0.94455
343,1,261,8,215,505,1,1,0.93478
344,1,270,5,209,505,1,1,0.94071
345,1,292,4,206,510,1,1,0.93346
346,1,296,-2,211,509,1,1,0.94118
347,1,304,-10,210,520,1,1,0.92131
348,1,313,-16,211,534,1,1,0.8972
349,1,320,-8,216,535,1,1,0.89552
350,1,319,-13,213,536,1,1,0.89385
351,1,329,-16,216,547,1,1,0.87591
352,1,327,-15,214,549,1,1,0.87273
353,1,333,-17,214,549,1,1,0.87273
354,1,340,-15,216,545,1,1,0.87912
355,1,343,-22,215,555,1,1,0.86331
356,1,352,-29,215,555,1,1,0.86331
357,1,351,-34,216,548,1,1,0.87432
358,1,352,-20,214,535,1,1,0.89552
359,1,353,8,214,530,1,1,0.89077
360,1,349,22,217,531,1,1,0.86278
361,1,352,14,216,525,1,1,0.88783
362,1,344,10,216,517,1,1,0.90927
363,1,354,11,206,520,1,1,0.90211
364,1,359,13,200,511,1,1,0.91406
365,1,358,20,203,515,1,1,0.89341
366,1,353,10,205,522,1,1,0.90057
367,1,358,7,211,525,1,1,0.90114
368,1,372,3,211,544,1,1,0.87706
369,1,382,13,206,543,1,1,0.86029
370,1,385,6,215,546,1,1,0.86837
371,1,395,2,215,535,1,1,0.89366
372,1,397,-5,232,553,1,1,0.86643
373,1,411,-12,246,565,1,1,0.78969
374,1,429,-27,228,584,1,1,0.7596
375,1,444,-26,234,590,1,1,0.68085
376,1,459,-27,258,594,1,1,0.56689
377,1,482,-33,264,601,1,1,0.47841
378,1,497,-45,285,645,1,1,0.37412
379,1,523,-32,263,633,1,1,0.3384
380,1,546,-34,243,635,1,1,0.29384
381,1,571,-34,220,635,1,1,0.23905
1,2,20,136,69,190,1,1,0.073298
2,2,24,134,69,191,1,1,0.072917
3,2,29,132,68,192,1,1,0.07772
4,2,34,131,68,196,1,1,0.076142
5,2,37,130,68,199,1,1,0.07
6,2,41,129,71,202,1,1,0.064039
7,2,44,129,73,202,1,1,0.064039
8,2,49,128,77,205,1,1,0.10655
9,2,53,128,79,205,1,1,0.11256
10,2,61,127,79,208,1,1,0.12368
11,2,68,126,78,211,1,1,0.092429
12,2,76,126,77,212,1,1,0.083604
13,2,84,124,77,216,1,1,0.091634
14,2,89,122,77,219,1,1,0.10303
15,2,94,120,77,222,1,1,0.11446
16,2,99,117,77,225,1,1,0.044248
17,2,104,115,77,228,1,1,0.08045
18,2,102,112,80,233,1,1,0.14498
19,2,100,108,82,238,1,1,0.12663
20,2,96,103,85,243,1,1,0.08902
21,2,97,101,87,248,1,1,0.13855
22,2,97,101,89,252,1,1,0.15797
23,2,97,100,91,257,1,1,0.14729
24,2,97,99,92,261,1,1,0.13847
25,2,97,99,94,265,1,1,0.14658
26,2,98,97,93,269,1,1,0.13089
27,2,98,94,92,274,1,1,0.10006
28,2,99,91,91,278,1,1,0.079398
29,2,100,89,90,282,1,1,0.065934
30,2,103,84,91,290,1,1,0.15217
31,2,106,79,92,298,1,1,0.13978
32,2,109,74,93,305,1,1,0.1545
33,2,112,69,93,311,1,1,0.12551
34,2,115,69,96,316,1,1,0.050311
35,2,119,69,98,319,1,1,0.053472
36,2,123,69,100,321,1,1,0.079208
37,2,127,69,102,324,1,1,0.087379
38,2,129,68,102,328,1,1,0.1068
39,2,132,66,101,332,1,1,0.088235
40,2,134,66,101,335,1,1,0.068627
41,2,136,64,100,339,1,1,0.14851
42,2,132,61,104,344,1,1,0.13333
43,2,128,57,108,350,1,1,0.13761
44,2,124,54,112,355,1,1,0.10619
45,2,120,51,116,360,1,1,0.12821
46,2,118,48,120,364,1,1,0.099174
47,2,117,47,123,367,1,1,0.14516
48,2,115,44,127,371,1,1,0.11719
49,2,114,42,130,374,1,1,0.17557
50,2,114,38,130,379,1,1,0.1145
51,2,115,35,129,383,1,1,0.16923
52,2,115,31,129,388,1,1,0.11538
53,2,115,28,128,392,1,1,0.10078
54,2,114,27,131,395,1,1,0.11364
55,2,112,25,134,399,1,1,0.11111
56,2,111,24,137,402,1,1,0.11594
57,2,109,23,140,405,1,1,0.15603
58,2,110,22,140,409,1,1,0.12057
59,2,112,21,141,412,1,1,0.14085
60,2,113,20,141,416,1,1,0.14789
61,2,115,19,141,419,1,1,0.16197
62,2,116,20,140,417,1,1,0.17021
63,2,118,21,139,415,1,1,0.17143
64,2,119,22,138,413,1,1,0.17266
65,2,121,23,137,411,1,1,0.18116
66,2,119,21,138,414,1,1,0.17266
67,2,118,19,139,417,1,1,0.17143
68,2,116,17,140,419,1,1,0.16312
69,2,115,15,141,422,1,1,0.16197
70,2,118,15,138,421,1,1,0.16547
71,2,122,15,136,421,1,1,0.18248
72,2,126,15,133,420,1,1,0.19403
73,2,130,15,130,419,1,1,0.20611
74,2,130,14,131,421,1,1,0.2197
75,2,131,13,131,423,1,1,0.2197
76,2,130,12,132,425,1,1,0.21805
77,2,131,11,132,427,1,1,0.22556
78,2,133,10,130,428,1,1,0.22901
79,2,136,9,129,428,1,1,0.24615
80,2,138,8,127,429,1,1,0.25
81,2,141,7,125,429,1,1,0.2619
82,2,135,11,133,423,1,1,0.26866
83,2,129,13,140,418,1,1,0.25532
84,2,123,17,148,412,1,1,0.25503
85,2,118,20,155,406,1,1,0.25641
86,2,114,21,155,406,1,1,0.23077
87,2,110,22,155,406,1,1,0.20513
88,2,105,23,155,406,1,1,0.17308
89,2,101,24,155,406,1,1,0.14744
90,2,101,24,161,406,1,1,0.18519
91,2,100,24,168,406,1,1,0.2071
92,2,100,24,174,405,1,1,0.23429
93,2,101,24,180,405,1,1,0.26519
94,2,103,24,178,407,1,1,0.26816
95,2,106,23,176,410,1,1,0.27684
96,2,110,23,173,412,1,1,0.28736
97,2,113,23,171,414,1,1,0.29651
98,2,120,22,165,414,1,1,0.31325
99,2,128,20,158,415,1,1,0.33333
100,2,135,18,152,415,1,1,0.35294
101,2,143,17,145,415,1,1,0.37671
102,2,143,17,145,415,1,1,0.38356
103,2,143,17,145,415,1,1,0.37671
104,2,143,17,145,415,1,1,0.37671
105,2,143,17,145,415,1,1,0.37671
106,2,143,17,145,415,1,1,0.37671
107,2,143,17,145,415,1,1,0.37671
108,2,143,17,145,415,1,1,0.38356
109,2,143,17,145,415,1,1,0.38356
110,2,143,17,145,415,1,1,0.38356
111,2,143,17,145,415,1,1,0.38356
112,2,143,17,145,415,1,1,0.38356
113,2,143,17,145,415,1,1,0.38356
114,2,143,17,145,415,1,1,0.37671
115,2,143,17,145,415,1,1,0.37671
116,2,143,17,145,415,1,1,0.36986
117,2,143,17,145,415,1,1,0.36301
118,2,144,18,145,415,1,1,0.35616
119,2,145,18,145,416,1,1,0.35616
120,2,145,18,145,416,1,1,0.34932
121,2,146,19,145,416,1,1,0.34247
122,2,145,18,145,416,1,1,0.33562
123,2,144,18,145,416,1,1,0.31507
124,2,142,18,145,415,1,1,0.29452
125,2,141,17,145,415,1,1,0.28767
126,2,142,18,145,415,1,1,0.28082
127,2,142,18,145,416,1,1,0.26712
128,2,143,18,145,416,1,1,0.26712
129,2,143,19,145,416,1,1,0.26027
130,2,143,19,145,416,1,1,0.26027
131,2,143,19,145,416,1,1,0.26027
132,2,143,19,145,416,1,1,0.26712
133,2,143,19,145,416,1,1,0.26712
134,2,143,20,145,416,1,1,0.28082
135,2,144,20,145,416,1,1,0.30822
136,2,144,21,145,416,1,1,0.32877
137,2,144,21,145,416,1,1,0.34247
138,2,144,21,145,416,1,1,0.36301
139,2,144,20,145,416,1,1,0.37671
140,2,143,20,145,416,1,1,0.38356
141,2,143,19,145,416,1,1,0.40411
142,2,143,19,145,416,1,1,0.41096
143,2,144,19,145,416,1,1,0.43151
144,2,144,19,145,416,1,1,0.43836
145,2,144,19,145,416,1,1,0.44521
146,2,144,19,145,416,1,1,0.43151
147,2,144,20,145,416,1,1,0.42466
148,2,144,20,145,416,1,1,0.41781
149,2,144,20,145,416,1,1,0.40411
150,2,144,20,145,416,1,1,0.41781
151,2,144,20,145,416,1,1,0.41781
152,2,144,19,145,416,1,1,0.43151
153,2,144,19,145,416,1,1,0.43836
154,2,144,20,145,416,1,1,0.43836
155,2,143,21,145,416,1,1,0.43151
156,2,143,21,145,416,1,1,0.43151
157,2,142,22,145,416,1,1,0.42466
158,2,142,22,145,416,1,1,0.43151
159,2,142,21,145,416,1,1,0.42466
160,2,141,21,145,416,1,1,0.41781
161,2,141,20,145,416,1,1,0.41781
162,2,141,20,145,416,1,1,0.41781
163,2,141,19,145,416,1,1,0.41781
164,2,141,19,145,416,1,1,0.41781
165,2,141,18,145,416,1,1,0.41781
166,2,140,17,145,420,1,1,0.41096
167,2,139,16,146,425,1,1,0.40816
168,2,138,15,146,429,1,1,0.40136
169,2,138,14,146,433,1,1,0.40136
170,2,137,13,148,434,1,1,0.4094
171,2,137,13,149,435,1,1,0.40667
172,2,136,13,151,435,1,1,0.40789
173,2,136,12,152,436,1,1,0.41176
174,2,136,12,152,436,1,1,0.41176
175,2,136,12,152,436,1,1,0.41176
176,2,136,12,152,436,1,1,0.41176
177,2,136,12,152,436,1,1,0.41176
178,2,136,12,152,436,1,1,0.40523
179,2,136,12,152,436,1,1,0.40523
180,2,134,12,154,435,1,1,0.4
181,2,136,12,152,436,1,1,0.40523
182,2,136,12,152,436,1,1,0.40523
183,2,136,12,152,436,1,1,0.40523
184,2,136,12,152,436,1,1,0.40523
185,2,136,12,152,436,1,1,0.40523
186,2,136,12,152,436,1,1,0.41176
187,2,136,12,152,436,1,1,0.40523
188,2,136,12,152,436,1,1,0.40523
189,2,136,12,152,436,1,1,0.40523
190,2,136,12,152,436,1,1,0.40523
191,2,136,12,152,436,1,1,0.40523
192,2,136,12,152,436,1,1,0.40523
193,2,136,12,152,436,1,1,0.40523
194,2,135,12,152,436,1,1,0.39216
195,2,134,12,152,437,1,1,0.38562
196,2,133,12,152,437,1,1,0.37908
197,2,132,12,152,437,1,1,0.37255
198,2,128,12,152,437,1,1,0.35294
199,2,124,11,152,437,1,1,0.32026
200,2,122,12,151,436,1,1,0.30263
201,2,118,11,151,436,1,1,0.27632
202,2,116,12,151,430,1,1,0.26974
203,2,112,14,152,424,1,1,0.2549
204,2,110,16,152,417,1,1,0.24837
205,2,108,17,152,411,1,1,0.24183
206,2,110,22,149,406,1,1,0.26667
207,2,112,26,146,401,1,1,0.29252
208,2,115,31,142,396,1,1,0.32867
209,2,118,35,139,391,1,1,0.36429
210,2,123,41,139,385,1,1,0.43571
211,2,128,46,140,380,1,1,0.50355
212,2,133,51,140,374,1,1,0.56738
213,2,139,57,140,368,1,1,0.6383
214,2,147,57,136,362,1,1,0.67153
215,2,155,58,132,356,1,1,0.71429
216,2,163,58,128,350,1,1,0.74419
217,2,172,58,124,344,1,1,0.76
218,2,175,66,122,334,1,1,0.74797
219,2,179,73,121,325,1,1,0.72131
220,2,182,80,119,315,1,1,0.71667
221,2,186,88,117,305,1,1,0.70339
222,2,193,90,110,297,1,1,0.72973
223,2,202,92,103,289,1,1,0.76923
224,2,210,95,95,280,1,1,0.83333
225,2,218,97,88,272,1,1,0.89888
226,2,224,100,87,264,1,1,0.92045
227,2,230,101,86,257,1,1,0.89655
228,2,237,104,84,249,1,1,0.87059
229,2,244,106,83,241,1,1,0.82143
230,2,247,109,83,237,1,1,0.82143
231,2,251,114,82,232,1,1,0.81928
232,2,254,117,82,228,1,1,0.81928
233,2,258,121,81,223,1,1,0.89024
234,2,265,121,78,220,1,1,0.96203
235,2,273,120,76,217,1,1,1
236,2,281,120,73,214,1,1,1
237,2,289,119,70,211,1,1,1
238,2,295,121,69,208,1,1,1
239,2,301,122,67,206,1,1,1
240,2,306,124,66,203,1,1,1
241,2,313,126,64,200,1,1,1
242,2,310,125,68,199,1,1,1
243,2,308,123,72,198,1,1,1
244,2,307,122,75,197,1,1,1
245,2,305,120,79,196,1,1,1
246,2,308,120,76,195,1,1,1
247,2,311,122,73,193,1,1,1
248,2,315,122,69,192,1,1,1
249,2,318,123,66,190,1,1,1
250,2,322,125,66,189,1,1,1
251,2,327,127,66,187,1,1,1
252,2,332,129,66,186,1,1,1
253,2,337,131,66,184,1,1,1
254,2,338,132,65,182,1,1,1
255,2,339,133,64,180,1,1,0.81538
256,2,340,134,63,178,1,1,0.79688
257,2,341,135,62,176,1,1,0.66667
258,2,337,138,61,175,1,1,0.66129
259,2,333,140,61,174,1,1,0.70968
260,2,329,144,60,172,1,1,0.70492
261,2,326,146,59,171,1,1,0.41667
262,2,324,146,59,170,1,1,0.25
263,2,323,146,58,169,1,1,0
264,2,321,145,58,168,1,1,0
265,2,320,145,57,167,1,1,0
266,2,317,141,56,166,1,1,0.2163
267,2,314,138,56,164,1,1,0.16746
268,2,312,133,55,163,1,1,0.29943
269,2,310,130,54,161,1,1,0.43311
270,2,310,111,55,158,1,1,0.52999
271,2,306,87,55,158,1,1,0.41981
272,2,304,54,53,163,1,1,0.1206
273,2,312,51,53,160,1,1,0.037037
274,2,309,68,51,161,1,1,0
275,2,307,88,55,150,1,1,0.017857
276,2,305,120,53,150,1,1,0
277,2,315,126,55,151,1,1,0
278,2,316,134,55,146,1,1,0.089286
279,2,310,148,63,149,1,1,0.23438
280,2,296,152,55,146,1,1,0.44643
281,2,269,138,56,144,1,1,0.73684
282,2,251,149,55,142,1,1,1
283,2,261,161,51,142,1,1,0.53846
284,2,271,164,48,142,1,1,0.40816
285,2,290,166,45,141,1,1,0.26087
286,2,305,166,45,140,1,1,0.1087
287,2,319,167,45,138,1,1,0.19565
288,2,334,167,44,137,1,1,0.022222
289,2,349,168,44,135,1,1,0.13333
290,2,364,168,45,135,1,1,0.15217
291,2,379,170,47,134,1,1,0.25
292,2,394,170,48,134,1,1,0.22449
293,2,410,171,49,133,1,1,0.16
294,2,420,170,51,135,1,1,0.25
295,2,429,167,52,138,1,1,0.18868
296,2,439,166,54,140,1,1,0.072727
297,2,449,164,55,142,1,1,0
298,2,454,165,52,139,1,1,0
299,2,460,167,49,135,1,1,0
300,2,465,168,46,132,1,1,0
301,2,471,170,43,128,1,1,0
302,2,471,170,43,127,1,1,0.068182
303,2,470,171,42,126,1,1,0
304,2,470,171,42,125,1,1,0
305,2,469,171,42,124,1,1,0
306,2,470,171,41,123,1,1,0
307,2,469,172,41,122,1,1,0
308,2,469,172,40,121,1,1,0.19512
309,2,469,172,40,120,1,1,0.60976
310,2,463,173,41,119,1,1,0.71429
311,2,457,175,41,118,1,1,0.80952
312,2,450,176,42,117,1,1,0.74419
313,2,444,177,42,116,1,1,0.74419
314,2,443,176,44,118,1,1,0.46667
315,2,434,179,43,119,1,1,0.20455
316,2,432,179,43,119,1,1,0
317,2,431,178,42,119,1,1,0
318,2,430,178,42,119,1,1,0
319,2,437,174,42,119,1,1,0
320,2,444,170,42,119,1,1,0.002907
321,2,451,167,43,118,1,1,0.20913
322,2,458,163,43,118,1,1,0.2055
323,2,466,160,43,118,1,1,0.22765
324,2,466,159,43,114,1,1,0.11364
325,2,469,153,42,118,1,1,0.18605
326,2,463,154,42,117,1,1,0
327,2,458,155,42,116,1,1,0
328,2,453,156,42,115,1,1,0
329,2,447,157,42,114,1,1,0
330,2,442,158,42,113,1,1,0
331,2,437,160,42,111,1,1,0
332,2,430,160,42,110,1,1,0
333,2,424,160,42,109,1,1,0
334,2,417,160,43,108,1,1,0
335,2,411,160,43,107,1,1,0
336,2,401,155,43,111,1,1,0
5,3,220,204,21,63,1,1,0.95455
6,3,225,203,22,64,1,1,0.86957
7,3,231,202,23,65,1,1,0.79167
8,3,237,202,23,65,1,1,0.79167
9,3,242,201,24,66,1,1,0.72
10,3,250,202,24,65,1,1,0.76
11,3,259,203,24,65,1,1,0.76
12,3,267,204,24,64,1,1,0.72
13,3,276,205,24,63,1,1,0.72
14,3,283,203,25,65,1,1,0.65385
15,3,291,200,25,67,1,1,0.61538
16,3,297,198,26,69,1,1,0.48148
17,3,305,195,26,71,1,1,0.66667
18,3,307,194,26,72,1,1,0.59259
19,3,311,193,25,73,1,1,0
20,3,313,192,25,74,1,1,0
21,3,316,191,24,75,1,1,0
22,3,320,191,24,75,1,1,0
23,3,324,190,25,76,1,1,0
24,3,328,189,25,76,1,1,0
25,3,331,189,26,76,1,1,0
26,3,335,189,26,76,1,1,0
27,3,339,188,27,77,1,1,0
28,3,343,187,27,77,1,1,0
29,3,347,187,27,77,1,1,0
30,3,350,187,28,77,1,1,0
31,3,354,186,28,78,1,1,0
32,3,358,185,29,78,1,1,0
33,3,362,185,29,78,1,1,0
34,3,369,187,28,80,1,1,0
35,3,375,190,30,80,1,1,0
36,3,389,185,27,83,1,1,0
37,3,391,185,26,84,1,1,0
38,3,395,189,25,80,1,1,0
39,3,399,193,24,76,1,1,0
40,3,403,196,23,72,1,1,0
4,4,232,192,28,71,1,1,0.80747
5,4,240,196,29,70,1,1,0.94085
6,4,247,196,28,70,1,1,0.96892
7,4,254,197,27,70,1,1,0.9668
8,4,262,198,25,69,1,1,0.88956
9,4,269,198,24,69,1,1,0.92343
10,4,277,198,24,69,1,1,0.92343
11,4,285,200,24,68,1,1,0.96116
12,4,294,200,23,68,1,1,0.95894
13,4,302,201,23,67,1,1,0.66667
14,4,310,199,23,69,1,1,0.66667
15,4,318,197,23,71,1,1,0.95949
16,4,325,194,23,73,1,1,0.70833
17,4,333,192,23,75,1,1,1
18,4,335,192,24,76,1,1,0.12
19,4,337,190,24,78,1,1,0
20,4,340,190,25,79,1,1,0
21,4,342,189,25,80,1,1,0
22,4,346,189,25,80,1,1,0
23,4,351,188,24,80,1,1,0
24,4,355,189,24,79,1,1,0
25,4,359,188,24,79,1,1,0
26,4,365,188,23,79,1,1,0
27,4,369,187,23,79,1,1,0
28,4,373,188,23,78,1,1,0
29,4,378,187,22,78,1,1,0
30,4,375,187,22,78,1,1,0
31,4,380,186,22,78,1,1,0
32,4,386,187,21,77,1,1,0.59091
33,4,396,186,21,77,1,1,1
34,4,403,186,22,79,1,1,0.86957
35,4,411,187,22,80,1,1,0.73913
36,4,419,186,23,82,1,1,0.66667
37,4,427,187,23,83,1,1,0.58333
38,4,431,186,23,84,1,1,0.29167
39,4,434,185,24,85,1,1,0.04
40,4,438,185,24,85,1,1,0
41,4,442,184,24,86,1,1,0
42,4,441,184,26,85,1,1,0
43,4,441,184,27,83,1,1,0
44,4,439,184,29,81,1,1,0
3,5,243,186,22,76,1,1,0.32919
4,5,251,186,22,76,1,1,0.11462
5,5,258,187,20,74,1,1,0.14857
6,5,265,187,20,73,1,1,0.1538
7,5,272,187,20,72,1,1,0.16569
8,5,279,188,20,70,1,1,0.16499
9,5,286,188,20,69,1,1,0.16939
10,5,294,189,21,71,1,1,0.15152
11,5,302,191,21,72,1,1,0.14072
12,5,309,191,22,74,1,1,0.12812
13,5,318,193,22,75,1,1,0.11384
14,5,326,191,22,77,1,1,0.11929
15,5,334,188,23,79,1,1,0.12917
16,5,342,186,23,81,1,1,0.13211
17,5,350,183,23,83,1,1,0.052083
18,5,353,182,23,84,1,1,0
19,5,356,182,22,84,1,1,0
20,5,359,180,22,85,1,1,0
21,5,363,180,21,85,1,1,0
22,5,365,179,22,85,1,1,0
23,5,368,178,23,85,1,1,0
24,5,371,177,24,85,1,1,0
25,5,374,177,25,85,1,1,0
26,5,377,177,25,84,1,1,0
27,5,379,176,26,84,1,1,0
28,5,382,175,27,84,1,1,0
29,5,385,174,28,84,1,1,0
30,5,391,174,27,85,1,1,0
31,5,396,174,27,86,1,1,0
32,5,402,173,26,87,1,1,0.20707
33,5,408,173,25,88,1,1,0.17891
34,5,416,173,26,89,1,1,0.27119
35,5,424,172,27,91,1,1,0.27717
36,5,433,171,27,92,1,1,0.25115
37,5,441,171,28,93,1,1,0.25018
38,5,445,171,26,94,1,1,0.20273
39,5,449,170,25,96,1,1,0.10111
40,5,453,169,23,97,1,1,0.061224
10,6,143,195,25,74,1,1,0.5
11,6,151,191,25,74,1,1,0.5
12,6,162,198,25,74,1,1,0.38462
13,6,163,199,23,72,1,1,0.75
14,6,170,196,24,73,1,1,0.76
15,6,178,194,25,73,1,1,0.73077
16,6,186,192,25,73,1,1,0.76923
17,6,194,190,26,73,1,1,0.55556
18,6,194,190,26,73,1,1,0.66667
19,6,194,189,26,74,1,1,0.77778
20,6,196,188,25,74,1,1,0.5
21,6,196,188,25,74,1,1,0.57692
22,6,197,184,26,78,1,1,0.59259
23,6,201,188,27,81,1,1,0.75
24,6,204,188,27,77,1,1,0.39286
25,6,207,188,28,81,1,1,0
26,6,211,188,28,75,1,1,0
27,6,216,187,28,79,1,1,0
28,6,220,186,27,75,1,1,0
29,6,225,185,27,73,1,1,0
30,6,229,185,27,72,1,1,0
31,6,233,185,27,73,1,1,0
32,6,239,184,26,74,1,1,0
33,6,243,184,26,77,1,1,0
34,6,247,182,26,73,1,1,0
35,6,252,182,27,77,1,1,0
36,6,261,182,26,81,1,1,0
37,6,262,184,26,79,1,1,0
38,6,265,188,26,79,1,1,0.14815
39,6,268,183,28,83,1,1,0.17241
40,6,268,187,31,80,1,1,0.28125
41,6,269,186,30,81,1,1,0.41935
42,6,266,183,30,85,1,1,0.51613
43,6,264,182,31,86,1,1,0.59375
44,6,269,181,37,86,1,1,0.36842
45,6,269,180,38,86,1,1,0.38462
46,6,270,181,38,84,1,1,0.35897
47,6,272,183,34,83,1,1,0.37143
48,6,273,181,34,80,1,1,0
49,6,281,183,32,77,1,1,0
50,6,280,182,34,79,1,1,0
51,6,280,182,34,79,1,1,0
52,6,283,178,33,79,1,1,0
53,6,282,178,34,79,1,1,0
54,6,284,178,35,79,1,1,0
55,6,287,179,35,79,1,1,0
17,7,45,191,28,69,1,1,0.67143
18,7,45,191,28,69,1,1,0.71626
19,7,45,191,28,69,1,1,0.72414
20,7,43,188,28,69,1,1,0.69064
21,7,46,192,26,67,1,1,0.75436
22,7,44,188,27,69,1,1,0.67143
23,7,48,191,28,71,1,1,0.57998
24,7,49,192,29,72,1,1,0.48219
66,8,554,201,23,40,1,1,0
67,8,554,200,23,41,1,1,0
68,8,554,200,23,41,1,1,0
69,8,554,200,23,41,1,1,0
70,8,555,200,23,42,1,1,0
71,8,555,200,23,42,1,1,0
72,8,555,200,23,42,1,1,0
73,8,555,200,23,42,1,1,0
74,8,556,200,23,43,1,1,0
75,8,556,200,23,43,1,1,0
76,8,556,200,23,43,1,1,0
77,8,556,199,23,44,1,1,0
78,8,557,199,23,45,1,1,0
79,8,557,199,23,45,1,1,0
80,8,557,199,23,45,1,1,0
81,8,557,199,23,45,1,1,0
82,8,558,199,23,46,1,1,0
83,8,558,199,23,46,1,1,0
84,8,558,199,23,46,1,1,0
85,8,558,199,23,46,1,1,0
86,8,559,199,23,47,1,1,0
87,8,558,198,23,48,1,1,0
88,8,558,198,23,48,1,1,0
89,8,558,198,23,48,1,1,0
90,8,558,197,23,49,1,1,0
91,8,558,197,23,49,1,1,0
92,8,557,197,23,49,1,1,0
93,8,557,196,23,50,1,1,0
94,8,557,196,23,50,1,1,0
95,8,557,196,23,50,1,1,0
96,8,557,196,23,51,1,1,0
97,8,556,195,23,52,1,1,0
98,8,556,195,23,52,1,1,0
99,8,556,195,23,52,1,1,0
100,8,556,194,23,53,1,1,0.041667
101,8,556,194,23,53,1,1,0.083333
102,8,555,194,23,53,1,1,0.041667
103,8,555,193,23,54,1,1,0
104,8,555,193,23,54,1,1,0
105,8,555,193,23,54,1,1,0
106,8,555,193,23,55,1,1,0
107,8,554,192,23,56,1,1,0
108,8,553,192,23,56,1,1,0
109,8,552,192,24,56,1,1,0
110,8,552,192,23,57,1,1,0
111,8,551,192,23,57,1,1,0
112,8,550,192,24,57,1,1,0
113,8,550,192,23,58,1,1,0
114,8,549,192,23,58,1,1,0
115,8,548,192,24,58,1,1,0
116,8,548,192,23,59,1,1,0
117,8,547,192,23,59,1,1,0
118,8,546,192,24,59,1,1,0
119,8,545,192,24,59,1,1,0
120,8,545,192,23,60,1,1,0
121,8,544,192,24,60,1,1,0
122,8,543,192,24,60,1,1,0
123,8,543,192,23,61,1,1,0
124,8,542,192,24,61,1,1,0
125,8,541,192,24,61,1,1,0
126,8,541,192,24,62,1,1,0
127,8,540,192,24,62,1,1,0
128,8,539,192,24,62,1,1,0
129,8,538,192,24,62,1,1,0
130,8,537,192,24,62,1,1,0
131,8,536,192,24,62,1,1,0
132,8,535,192,24,62,1,1,0
133,8,534,192,24,62,1,1,0
134,8,533,192,24,62,1,1,0
135,8,532,192,24,62,1,1,0
136,8,531,192,24,62,1,1,0
137,8,531,192,24,62,1,1,0
138,8,531,192,24,62,1,1,0
139,8,531,192,24,62,1,1,0
140,8,531,192,24,62,1,1,0
141,8,531,192,24,62,1,1,0
142,8,531,192,24,62,1,1,0
143,8,531,192,24,62,1,1,0
144,8,531,192,24,62,1,1,0
145,8,532,193,22,60,1,1,0
146,8,531,193,23,61,1,1,0
147,8,531,193,23,62,1,1,0
148,8,530,193,23,63,1,1,0
149,8,530,193,23,64,1,1,0
150,8,529,194,23,64,1,1,0
151,8,528,194,24,65,1,1,0
152,8,527,194,24,66,1,1,0
153,8,527,194,24,67,1,1,0
154,8,527,195,24,65,1,1,0
155,8,527,194,25,64,1,1,0
156,8,527,195,25,62,1,1,0
157,8,527,195,25,60,1,1,0
158,8,527,194,23,60,1,1,0
159,8,526,194,21,60,1,1,0.18182
160,8,525,193,20,61,1,1,0.61905
161,8,524,192,19,62,1,1,0.65
162,8,524,192,18,62,1,1,0.63158
163,8,522,190,20,65,1,1,0.57143
164,8,520,189,22,68,1,1,0.52174
165,8,519,187,24,71,1,1,0.52
166,8,519,188,25,70,1,1,0.53846
167,8,518,189,26,69,1,1,0.51852
168,8,518,189,27,68,1,1,0.53571
169,8,517,190,28,67,1,1,0.51724
170,8,516,190,28,67,1,1,0.48276
171,8,516,190,28,67,1,1,0
172,8,517,190,27,67,1,1,0
173,8,517,190,27,67,1,1,0
174,8,517,190,27,67,1,1,0
175,8,517,190,27,67,1,1,0
176,8,517,191,26,66,1,1,0
177,8,517,191,26,66,1,1,0
178,8,517,191,26,66,1,1,0.44444
179,8,517,191,26,66,1,1,0.44444
180,8,518,191,25,66,1,1,0.46154
181,8,518,191,25,66,1,1,0.46154
182,8,519,190,25,67,1,1,0.5
183,8,521,190,25,68,1,1,0.57692
184,8,522,190,24,68,1,1,0.64
185,8,524,189,24,69,1,1,0.72
186,8,524,189,24,69,1,1,0.76
187,8,525,188,24,70,1,1,0.8
188,8,526,188,23,70,1,1,0.83333
189,8,527,188,23,70,1,1,0.875
190,8,527,188,24,71,1,1,0.92
191,8,527,186,25,73,1,1,0.92308
192,8,528,186,25,74,1,1,0.96154
193,8,528,185,26,75,1,1,0.96296
194,8,528,185,27,76,1,1,1
195,8,528,187,27,76,1,1,1
196,8,527,187,28,77,1,1,0.96552
197,8,528,188,28,77,1,1,1
198,8,528,187,28,78,1,1,1
199,8,528,185,28,80,1,1,1
200,8,528,184,28,81,1,1,1
201,8,529,183,28,82,1,1,1
202,8,529,183,27,83,1,1,1
203,8,530,184,25,83,1,1,1
204,8,529,183,24,84,1,1,1
205,8,530,184,22,84,1,1,1
206,8,527,184,24,84,1,1,1
207,8,525,184,26,83,1,1,0.96296
208,8,523,184,27,83,1,1,0.89286
209,8,521,184,29,82,1,1,0.83333
210,8,520,184,28,83,1,1,0.82759
211,8,521,182,26,85,1,1,0.85185
212,8,521,182,25,86,1,1,0.88462
213,8,521,181,23,87,1,1,0.87642
214,8,519,180,24,88,1,1,0.8827
215,8,519,181,25,88,1,1,0.92308
216,8,517,180,26,89,1,1,0.89012
217,8,516,180,27,89,1,1,0.89286
218,8,513,181,29,88,1,1,0.83333
219,8,511,181,31,88,1,1,0.78125
220,8,508,182,32,87,1,1,0.69697
221,8,506,183,34,86,1,1,0.68571
222,8,506,184,33,86,1,1,0.67647
223,8,505,185,32,87,1,1,0.60606
224,8,505,186,31,87,1,1,0.625
225,8,505,187,30,87,1,1,0.58065
226,8,506,186,29,89,1,1,0.6
227,8,506,186,29,90,1,1,0.53333
228,8,507,184,28,92,1,1,0.55172
229,8,508,184,27,93,1,1,0.53571
230,8,509,184,29,94,1,1,0.6
231,8,509,183,31,96,1,1,0.625
232,8,510,183,32,97,1,1,0.63636
233,8,511,183,34,98,1,1,0.62857
234,8,516,181,34,101,1,1,0.65714
235,8,521,180,34,103,1,1,0.65714
236,8,525,178,37,105,1,1,0.97368
237,8,530,176,39,107,1,1,0.825
238,8,535,176,37,109,1,1,0.76316
239,8,541,175,35,111,1,1,0.69444
69,9,304,174,28,90,1,1,0.27586
70,9,304,175,27,88,1,1,0.28571
71,9,304,176,27,87,1,1,0.28571
72,9,303,177,26,86,1,1,0.33333
73,9,304,178,25,84,1,1,0.30769
74,9,304,177,25,84,1,1,0.30769
75,9,302,177,26,84,1,1,0.37037
76,9,302,177,26,83,1,1,0.37037
77,9,302,176,26,83,1,1,0.37037
78,9,301,177,26,84,1,1,0.40741
79,9,301,177,27,85,1,1,0.21429
80,9,300,178,27,86,1,1,0
81,9,300,178,27,87,1,1,0
82,9,300,178,27,87,1,1,0
83,9,300,178,27,87,1,1,0
84,9,300,177,27,88,1,1,0
85,9,299,177,27,88,1,1,0
86,9,299,177,27,88,1,1,0
87,9,299,177,27,88,1,1,0
88,9,299,176,27,88,1,1,0
89,9,299,176,27,88,1,1,0
90,9,299,175,27,89,1,1,0
91,9,298,175,27,89,1,1,0
92,9,298,175,27,89,1,1,0
93,9,298,175,27,89,1,1,0.5
94,9,298,176,27,89,1,1,0.5
95,9,298,175,27,90,1,1,0.5
96,9,298,176,26,90,1,1,0.51852
97,9,299,176,26,90,1,1,0.48148
98,9,300,176,25,90,1,1,0.46154
99,9,301,178,24,89,1,1,0.44
100,9,302,178,23,89,1,1,0.41667
101,9,303,179,22,88,1,1,0.3913
102,9,301,178,24,89,1,1,0.16133
103,9,300,177,26,90,1,1,0.14774
104,9,299,177,27,90,1,1,0.42857
105,9,298,176,29,91,1,1,0.4
106,9,298,176,29,91,1,1,0.4
107,9,298,176,29,91,1,1,0.4
108,9,298,176,29,91,1,1,0.36667
109,9,298,176,29,91,1,1,0.36667
110,9,298,176,29,91,1,1,0.36667
111,9,298,176,29,91,1,1,0.33333
112,9,298,176,29,91,1,1,0.33333
113,9,298,176,29,91,1,1,0
114,9,298,176,29,91,1,1,0
115,9,298,176,29,91,1,1,0
116,9,298,176,29,91,1,1,0
117,9,298,176,29,91,1,1,0
118,9,298,176,29,91,1,1,0
119,9,298,176,29,91,1,1,0
120,9,298,176,29,91,1,1,0
121,9,298,176,29,91,1,1,0
122,9,298,176,29,91,1,1,0
123,9,298,176,29,91,1,1,0.23333
124,9,298,176,29,91,1,1,0.23333
125,9,298,176,29,91,1,1,0.23333
126,9,298,176,29,91,1,1,0.2
127,9,298,176,29,91,1,1,0.2
128,9,298,176,29,91,1,1,0.2
129,9,298,176,29,91,1,1,0.2
130,9,298,176,29,91,1,1,0.16667
131,9,298,176,29,91,1,1,0.16667
132,9,298,176,29,91,1,1,0.16667
133,9,298,176,29,91,1,1,0.16667
134,9,298,176,29,91,1,1,0.13333
135,9,298,176,29,91,1,1,0.13333
136,9,298,176,29,91,1,1,0.13333
137,9,298,176,29,91,1,1,0.13333
138,9,298,176,29,91,1,1,0.1
139,9,298,176,29,91,1,1,0.1
140,9,298,176,29,91,1,1,0.1
141,9,298,176,29,91,1,1,0.1
142,9,298,176,29,91,1,1,0.066667
143,9,298,176,29,91,1,1,0.066667
144,9,298,176,29,91,1,1,0.066667
145,9,298,176,29,91,1,1,0.066667
146,9,298,176,29,91,1,1,0.033333
147,9,298,176,29,91,1,1,0.033333
148,9,298,176,29,91,1,1,0.033333
149,9,298,176,29,91,1,1,0.033333
150,9,298,176,29,91,1,1,0
151,9,298,176,29,91,1,1,0
152,9,298,176,29,91,1,1,0
153,9,298,176,29,91,1,1,0
154,9,298,176,29,91,1,1,0
155,9,298,176,29,91,1,1,0
156,9,298,176,29,91,1,1,0
157,9,298,176,29,91,1,1,0
158,9,298,176,29,91,1,1,0
159,9,298,176,29,91,1,1,0
160,9,298,176,29,91,1,1,0
93,10,271,189,21,63,1,1,0.22727
94,10,268,189,21,63,1,1,0.27273
95,10,266,190,20,62,1,1,0.19048
96,10,264,191,19,61,1,1,0
93,11,329,174,28,92,1,1,0
94,11,330,174,27,91,1,1,0
95,11,331,174,26,91,1,1,0
96,11,333,174,25,90,1,1,0
97,11,334,174,24,89,1,1,0
98,11,332,175,25,89,1,1,0
99,11,330,174,26,90,1,1,0
100,11,329,175,27,90,1,1,0
101,11,327,175,28,90,1,1,0
102,11,327,174,28,90,1,1,0
103,11,328,175,27,89,1,1,0
104,11,328,174,27,89,1,1,0
105,11,329,174,26,88,1,1,0
106,11,329,174,26,88,1,1,0
107,11,329,174,26,88,1,1,0
108,11,329,174,26,88,1,1,0
109,11,329,174,26,88,1,1,0
110,11,328,174,26,88,1,1,0
111,11,328,174,27,89,1,1,0
112,11,328,174,27,89,1,1,0
113,11,328,174,27,89,1,1,0
114,11,328,174,27,89,1,1,0
115,11,328,174,27,89,1,1,0
116,11,328,174,27,89,1,1,0
117,11,328,174,27,89,1,1,0
118,11,328,174,27,89,1,1,0
119,11,328,174,27,90,1,1,0
120,11,328,174,27,90,1,1,0
121,11,328,174,27,90,1,1,0
122,11,328,174,27,90,1,1,0
123,11,328,174,27,90,1,1,0
124,11,328,174,27,90,1,1,0
125,11,328,174,27,90,1,1,0
126,11,328,174,27,90,1,1,0
127,11,328,174,27,90,1,1,0
128,11,328,174,27,90,1,1,0
129,11,328,174,27,90,1,1,0
130,11,328,174,27,90,1,1,0
131,11,328,174,27,91,1,1,0
132,11,328,174,27,91,1,1,0
133,11,328,174,27,91,1,1,0
134,11,328,174,27,91,1,1,0
135,11,328,174,27,91,1,1,0
136,11,328,174,27,91,1,1,0
137,11,328,174,27,91,1,1,0
138,11,327,174,28,91,1,1,0
139,11,328,174,28,91,1,1,0
140,11,328,174,28,91,1,1,0
129,12,557,198,21,47,1,1,0
130,12,556,197,21,48,1,1,0
131,12,556,197,21,48,1,1,0
132,12,555,196,22,49,1,1,0
133,12,555,196,22,49,1,1,0
134,12,555,196,22,49,1,1,0
135,12,554,195,23,50,1,1,0
136,12,554,195,23,50,1,1,0
137,12,554,195,23,51,1,1,0
138,12,552,196,25,50,1,1,0
139,12,551,197,26,49,1,1,0
140,12,550,198,27,49,1,1,0
141,12,549,198,27,49,1,1,0
142,12,549,198,26,49,1,1,0
143,12,549,198,26,49,1,1,0
144,12,549,198,25,49,1,1,0
145,12,549,198,25,49,1,1,0
146,12,549,198,24,49,1,1,0
147,12,549,198,24,49,1,1,0
148,12,548,198,24,49,1,1,0
149,12,548,198,23,49,1,1,0
150,12,548,198,23,49,1,1,0
151,12,548,198,22,49,1,1,0
152,12,548,198,22,49,1,1,0
153,12,548,198,21,49,1,1,0
154,12,548,198,21,50,1,1,0
155,12,547,197,21,51,1,1,0
156,12,547,197,21,51,1,1,0
157,12,547,197,21,51,1,1,0.18182
158,12,547,197,21,51,1,1,0.68182
159,12,547,197,21,51,1,1,0.95455
160,12,547,197,21,51,1,1,1
161,12,547,197,21,51,1,1,1
162,12,547,197,21,51,1,1,1
163,12,546,197,22,51,1,1,1
164,12,546,197,22,52,1,1,1
165,12,546,197,22,52,1,1,1
166,12,546,197,22,52,1,1,1
167,12,546,197,22,52,1,1,1
168,12,546,197,22,52,1,1,1
169,12,546,197,22,52,1,1,1
170,12,546,197,22,52,1,1,0.82609
171,12,545,196,23,53,1,1,0
172,12,545,196,23,53,1,1,0
173,12,545,196,23,53,1,1,0
174,12,545,196,23,54,1,1,0
175,12,545,196,23,54,1,1,0
176,12,545,196,23,54,1,1,0
177,12,545,196,23,54,1,1,0
178,12,545,196,23,54,1,1,1
179,12,544,196,23,54,1,1,1
180,12,544,196,23,54,1,1,1
181,12,544,196,23,54,1,1,1
182,12,544,196,23,54,1,1,0.95833
183,12,544,196,23,54,1,1,0.875
184,12,544,196,23,55,1,1,0.875
185,12,544,196,23,55,1,1,0.79167
186,12,544,196,23,55,1,1,0.79167
187,12,543,195,24,56,1,1,0.72
188,12,543,195,24,56,1,1,0.72
189,12,543,195,24,56,1,1,0.68
190,12,543,195,24,56,1,1,0.64
191,12,543,195,24,56,1,1,0.6
192,12,543,195,24,56,1,1,0.56
193,12,543,195,24,56,1,1,0.52
194,12,543,195,24,57,1,1,0.48
195,12,542,195,25,57,1,1,0.46154
196,12,542,195,25,57,1,1,0.46154
197,12,542,195,25,57,1,1,0.42308
198,12,542,195,25,57,1,1,0.42308
199,12,542,195,25,57,1,1,0.42308
200,12,542,195,25,57,1,1,0.42308
201,12,542,195,25,57,1,1,0.38462
202,12,542,195,25,57,1,1,0.42308
203,12,542,195,25,58,1,1,0.46154
204,12,541,194,25,59,1,1,0.5
205,12,540,194,25,59,1,1,0.5
206,12,539,194,25,59,1,1,0.5
207,12,538,194,25,59,1,1,0.46154
208,12,537,194,25,59,1,1,0.46154
209,12,537,194,25,59,1,1,0.46154
210,12,536,193,25,60,1,1,0.5
211,12,535,193,25,60,1,1,0.5
212,12,534,193,25,60,1,1,0.5
213,12,533,193,25,60,1,1,0.53846
214,12,532,193,25,60,1,1,0.53846
215,12,532,193,25,60,1,1,0.5
216,12,532,193,25,60,1,1,0.53846
217,12,533,193,25,61,1,1,0.57692
218,12,534,194,25,60,1,1,0.65385
219,12,534,194,26,61,1,1,0.66667
220,12,535,194,26,61,1,1,0.77778
221,12,536,195,26,61,1,1,0.81481
222,12,536,195,27,61,1,1,0.85714
223,12,537,195,27,62,1,1,0.96429
224,12,538,196,27,62,1,1,1
225,12,538,196,27,62,1,1,1
226,12,539,197,25,60,1,1,1
227,12,540,197,25,60,1,1,1
228,12,542,197,25,61,1,1,1
229,12,543,197,25,62,1,1,1
230,12,547,197,24,63,1,1,1
231,12,553,198,23,63,1,1,1
232,12,557,197,22,64,1,1,1
233,12,562,198,21,64,1,1,1
234,12,567,197,24,66,1,1,1
235,12,573,196,27,68,1,1,1
236,12,578,194,30,70,1,1,1
237,12,584,193,33,72,1,1,1
238,12,587,192,32,73,1,1,1
239,12,591,190,30,74,1,1,1
240,12,595,189,28,74,1,1,1
185,13,297,176,29,91,1,1,0.16667
186,13,297,176,29,91,1,1,0.2
187,13,297,176,29,91,1,1,0.26667
188,13,297,176,29,91,1,1,0.3
189,13,297,176,29,91,1,1,0.33333
190,13,297,176,29,91,1,1,0.36667
191,13,297,176,29,91,1,1,0.4
192,13,297,176,29,91,1,1,0.46667
193,13,297,176,29,91,1,1,0.4
194,13,296,176,29,91,1,1,0.4
195,13,296,176,29,91,1,1,0.36667
196,13,295,176,29,91,1,1,0.0039855
197,13,295,176,29,91,1,1,0.33333
198,13,294,176,28,91,1,1,0.34483
199,13,294,176,28,91,1,1,0.27586
200,13,293,176,28,91,1,1,0.27586
201,13,293,176,28,91,1,1,0.24138
202,13,292,176,28,91,1,1,0.24138
203,13,291,176,29,91,1,1,0.23333
204,13,290,176,29,91,1,1,0.23333
1,14,240,199,25,66,1,1,0
2,14,244,198,25,66,1,1,0.46154
3,14,248,197,25,66,1,1,1
4,14,255,197,25,66,1,1,0.76923
5,14,265,201,23,64,1,1,0.79167
6,14,271,201,24,64,1,1,0.8
7,14,278,201,24,65,1,1,0.84
8,14,285,201,24,66,1,1,0.88
9,14,292,201,24,66,1,1,0.92
10,14,300,201,24,67,1,1,1
11,14,309,202,25,67,1,1,1
12,14,317,201,25,68,1,1,1
13,14,326,202,25,68,1,1,1
14,14,334,201,25,68,1,1,1
15,14,341,199,26,69,1,1,0.96296
16,14,349,198,26,69,1,1,0.37037
17,14,357,197,26,69,1,1,0
18,14,361,196,26,70,1,1,0
19,14,365,196,26,70,1,1,0
20,14,369,195,26,71,1,1,0
21,14,373,194,26,72,1,1,0
22,14,377,194,26,72,1,1,0
23,14,381,193,26,73,1,1,0
24,14,385,192,26,74,1,1,0
25,14,389,191,26,75,1,1,0
26,14,393,191,26,75,1,1,0
27,14,397,190,26,76,1,1,0
28,14,401,189,26,77,1,1,0
29,14,405,189,26,77,1,1,0
30,14,402,188,26,78,1,1,0
31,14,407,188,26,79,1,1,0.22222
32,14,409,189,26,79,1,1,1
33,14,419,186,26,80,1,1,1
34,14,430,186,26,82,1,1,1
35,14,438,186,27,83,1,1,1
36,14,446,186,27,85,1,1,1
37,14,454,186,27,86,1,1,1
38,14,457,186,27,87,1,1,1
39,14,459,185,28,88,1,1,1
40,14,462,185,28,89,1,1,0.55172
41,14,466,184,28,90,1,1,0
42,14,468,184,29,90,1,1,0
43,14,470,184,29,90,1,1,0
44,14,471,184,30,90,1,1,0
45,14,473,185,30,90,1,1,0
46,14,475,186,31,89,1,1,0
47,14,477,186,31,89,1,1,0
48,14,478,186,32,89,1,1,0
49,14,480,186,32,89,1,1,0
50,14,481,185,32,90,1,1,0
51,14,482,185,33,90,1,1,0
52,14,483,184,33,91,1,1,0
53,14,484,184,33,91,1,1,0
54,14,485,183,34,92,1,1,0
55,14,486,183,34,92,1,1,0
56,14,487,182,34,93,1,1,0
57,14,488,182,35,94,1,1,0
58,14,489,182,35,94,1,1,0
59,14,491,181,35,95,1,1,0
60,14,492,181,35,95,1,1,0
61,14,492,180,36,96,1,1,0
62,14,493,180,36,96,1,1,0
63,14,495,179,36,97,1,1,0
64,14,496,179,37,97,1,1,0
65,14,497,178,37,98,1,1,0
66,14,497,178,37,98,1,1,0
67,14,497,178,37,98,1,1,0
68,14,497,178,37,97,1,1,0
69,14,497,178,37,97,1,1,0
70,14,497,178,37,97,1,1,0
71,14,497,178,37,97,1,1,0
72,14,497,178,36,97,1,1,0
73,14,497,178,36,97,1,1,0
74,14,496,178,36,97,1,1,0
75,14,496,177,36,98,1,1,0
76,14,497,177,35,98,1,1,0
77,14,497,177,35,98,1,1,0
78,14,497,177,35,98,1,1,0
79,14,497,177,35,98,1,1,0
80,14,497,177,35,98,1,1,0
81,14,497,177,35,98,1,1,0
82,14,497,177,35,98,1,1,0
83,14,497,177,35,98,1,1,0
84,14,497,177,35,97,1,1,0
85,14,497,177,35,97,1,1,0
86,14,497,177,35,97,1,1,0
87,14,497,177,35,97,1,1,0
88,14,497,177,35,97,1,1,0
89,14,497,177,35,97,1,1,0
90,14,497,177,35,97,1,1,0
91,14,497,177,35,97,1,1,0
92,14,497,177,35,97,1,1,0
93,14,497,177,35,97,1,1,0
94,14,497,177,35,97,1,1,0
95,14,497,177,35,97,1,1,0
96,14,497,177,35,97,1,1,0
97,14,497,177,35,97,1,1,0
98,14,497,177,35,97,1,1,0
99,14,497,177,35,97,1,1,0
100,14,497,177,35,97,1,1,0
101,14,497,177,35,97,1,1,0
102,14,497,177,35,97,1,1,0
103,14,497,177,35,97,1,1,0
104,14,497,177,35,97,1,1,0
105,14,497,177,35,97,1,1,0
106,14,497,177,35,97,1,1,0
107,14,497,177,35,97,1,1,0
108,14,497,177,35,97,1,1,0
109,14,497,177,35,97,1,1,0
110,14,497,177,35,97,1,1,0
111,14,497,177,35,97,1,1,0
112,14,497,177,35,97,1,1,0
113,14,497,177,35,97,1,1,0
114,14,497,177,35,97,1,1,0
115,14,497,177,35,97,1,1,0
116,14,497,177,35,97,1,1,0
117,14,497,177,35,97,1,1,0
118,14,497,177,35,97,1,1,0
119,14,497,177,35,97,1,1,0
120,14,497,177,35,97,1,1,0
121,14,497,177,35,97,1,1,0
122,14,497,177,35,97,1,1,0
123,14,497,177,35,97,1,1,0
124,14,497,177,34,97,1,1,0
125,14,497,177,34,97,1,1,0
126,14,497,177,34,97,1,1,0
127,14,497,177,34,97,1,1,0
128,14,497,177,34,97,1,1,0
129,14,497,177,34,97,1,1,0
130,14,497,177,34,97,1,1,0
131,14,497,177,34,98,1,1,0
132,14,497,177,34,98,1,1,0
133,14,497,177,34,98,1,1,0
134,14,497,177,34,98,1,1,0
135,14,497,177,34,98,1,1,0
136,14,497,177,34,98,1,1,0
137,14,497,177,34,98,1,1,0
138,14,496,177,34,98,1,1,0
139,14,496,177,35,98,1,1,0
140,14,496,178,35,97,1,1,0
141,14,496,178,35,97,1,1,0
142,14,496,178,35,97,1,1,0
143,14,496,178,35,97,1,1,0
144,14,496,178,35,97,1,1,0
145,14,496,178,35,97,1,1,0
146,14,496,178,35,97,1,1,0
147,14,496,178,35,97,1,1,0
148,14,496,178,35,97,1,1,0
149,14,496,178,35,97,1,1,0
150,14,496,178,35,97,1,1,0
151,14,496,178,35,98,1,1,0
152,14,496,178,34,98,1,1,0
153,14,496,178,34,98,1,1,0
154,14,496,178,34,98,1,1,0
155,14,496,178,34,98,1,1,0
156,14,496,178,34,98,1,1,0
157,14,496,178,34,98,1,1,0
158,14,496,178,34,98,1,1,0
159,14,496,178,34,98,1,1,0
160,14,496,178,34,98,1,1,0
161,14,496,178,34,98,1,1,0.22857
162,14,496,178,34,98,1,1,0.54286
163,14,496,178,34,98,1,1,0.82857
164,14,496,178,34,98,1,1,0.8
165,14,496,178,34,98,1,1,0.77143
166,14,496,178,34,98,1,1,0.74286
167,14,496,178,34,98,1,1,0.71429
168,14,496,178,34,98,1,1,0.68571
169,14,496,178,34,98,1,1,0.65714
170,14,496,178,34,98,1,1,0.62857
171,14,496,178,34,98,1,1,0
172,14,496,178,34,98,1,1,0
173,14,496,178,34,98,1,1,0
174,14,496,178,34,98,1,1,0
175,14,496,178,35,98,1,1,0
176,14,496,179,35,97,1,1,0
177,14,496,179,35,97,1,1,0
178,14,496,179,35,97,1,1,0.47222
179,14,496,179,35,97,1,1,0.47222
180,14,496,179,35,97,1,1,0.47222
181,14,496,179,35,97,1,1,0.47222
182,14,496,179,35,97,1,1,0.5
183,14,496,179,35,97,1,1,0.5
184,14,496,179,34,97,1,1,0.48571
185,14,496,179,34,97,1,1,0.48571
186,14,495,179,34,97,1,1,0.45714
187,14,495,179,34,98,1,1,0.48571
188,14,495,179,34,98,1,1,0.48571
189,14,495,179,34,98,1,1,0.48571
190,14,494,179,34,98,1,1,0.45714
191,14,494,179,34,98,1,1,0.45714
192,14,494,180,34,97,1,1,0.45714
193,14,494,180,34,97,1,1,0.45714
194,14,493,180,34,97,1,1,0.42857
195,14,493,180,34,98,1,1,0.42857
196,14,493,180,34,98,1,1,0.4
197,14,493,180,34,98,1,1,0.4
198,14,492,180,34,98,1,1,0.37143
199,14,492,180,35,98,1,1,0.38889
200,14,492,181,35,97,1,1,0.36111
201,14,492,181,35,97,1,1,0.36111
202,14,492,181,35,97,1,1,0.36111
203,14,492,181,35,98,1,1,0.36111
204,14,492,181,34,98,1,1,0.31429
205,14,492,181,34,98,1,1,0.31429
206,14,491,181,34,98,1,1,0.28571
207,14,491,181,34,98,1,1,0.28571
208,14,491,182,34,97,1,1,0.25714
209,14,491,182,34,97,1,1,0.25714
210,14,490,182,34,97,1,1,0.22857
211,14,490,182,34,97,1,1,0.22857
212,14,489,182,34,97,1,1,0.17143
213,14,489,182,34,97,1,1,0.25714
214,14,487,182,34,97,1,1,0.25714
215,14,486,181,34,97,1,1,0.28571
216,14,485,181,34,97,1,1,0.31429
217,14,484,180,34,97,1,1,0.34286
218,14,483,180,34,97,1,1,0.37143
219,14,482,181,35,97,1,1,0.41667
220,14,482,181,35,97,1,1,0.47222
221,14,481,181,35,97,1,1,0.5
222,14,481,182,35,97,1,1,0.55556
223,14,482,182,35,97,1,1,0.69444
224,14,482,183,34,97,1,1,0.77143
225,14,483,183,34,97,1,1,0.88571
226,14,483,183,34,97,1,1,1
227,14,484,183,35,97,1,1,1
228,14,484,183,35,97,1,1,1
229,14,485,183,35,97,1,1,0.97222
230,14,487,183,33,101,1,1,0.97059
231,14,488,183,32,104,1,1,0.93939
232,14,490,181,31,108,1,1,0.9375
233,14,492,179,31,113,1,1,0.9375
234,14,491,175,36,118,1,1,0.40541
235,14,494,174,38,115,1,1,0.46154
225,15,288,173,34,103,1,1,0
226,15,286,172,34,102,1,1,0
227,15,285,172,33,101,1,1,0
228,15,283,172,33,100,1,1,0
229,15,281,171,33,99,1,1,0
230,15,279,171,32,98,1,1,0
231,15,277,170,32,98,1,1,0
232,15,275,169,32,97,1,1,0
233,15,274,169,31,96,1,1,0
234,15,272,168,31,95,1,1,0
235,15,270,168,31,94,1,1,0
236,15,268,167,30,93,1,1,0.0034317
237,15,267,167,30,92,1,1,0.0083247
238,15,261,164,34,101,1,1,0.23333
239,15,255,161,39,110,1,1,0.23108
240,15,250,158,43,118,1,1,0.45187
241,15,244,155,47,127,1,1,0.21484
242,15,234,154,48,129,1,1,0.18446
243,15,225,154,49,131,1,1,0
244,15,214,153,50,133,1,1,0
245,15,205,153,51,135,1,1,0
246,15,195,152,52,137,1,1,0
247,15,186,152,53,139,1,1,0
248,15,177,152,53,140,1,1,0
249,15,166,151,54,142,1,1,0
250,15,157,151,55,144,1,1,0
251,15,147,150,56,146,1,1,0
252,15,138,150,57,148,1,1,0
253,15,128,149,58,150,1,1,0
254,15,118,146,58,155,1,1,0.28814
255,15,108,142,58,160,1,1,0.72881
256,15,98,139,58,165,1,1,0.98305
257,15,89,135,58,170,1,1,1
258,15,59,132,70,176,1,1,1
259,15,30,131,82,181,1,1,1
260,15,1,128,94,187,1,1,1
261,15,-27,126,105,192,1,1,0.73585
229,16,451,169,34,120,1,1,0.37143
230,16,453,166,34,125,1,1,0.51429
231,16,455,164,34,129,1,1,0.65714
232,16,458,161,33,134,1,1,0.82353
233,16,460,159,33,138,1,1,0.58824
234,16,466,157,46,143,1,1,0.61702
235,16,474,157,40,136,1,1,0.5122
236,16,482,156,43,135,1,1,0.47727
237,16,490,155,46,134,1,1,0.46809
238,16,491,152,52,143,1,1,0.35849
239,16,494,148,57,153,1,1,0.27586
240,16,495,145,63,162,1,1,0.20312
241,16,497,142,68,171,1,1,0.14493
242,16,502,138,68,177,1,1,0.057971
243,16,508,135,69,183,1,1,0
244,16,513,131,69,189,1,1,0
245,16,519,127,69,195,1,1,0
246,16,526,124,67,201,1,1,0
247,16,532,122,66,206,1,1,0
248,16,539,119,64,211,1,1,0
234,17,-43,108,76,242,1,1,0
235,17,-22,109,76,242,1,1,0
236,17,-15,111,76,242,1,1,0
237,17,10,113,74,240,1,1,0.066667
238,17,20,114,72,228,1,1,0.013699
239,17,30,115,70,216,1,1,0
240,17,40,116,68,204,1,1,0
237,18,350,180,29,84,1,1,0.36667
238,18,352,179,29,85,1,1,0.5
239,18,355,178,29,86,1,1,0.53333
240,18,358,177,28,87,1,1,0.48276
241,19,394,176,31,87,1,1,0.5
242,19,392,176,32,87,1,1,0.63636
243,19,391,176,32,87,1,1,0.60606
244,19,389,175,33,87,1,1,0.61765
245,19,388,175,33,87,1,1,0.70588
246,19,389,174,32,88,1,1,0.69697
247,19,389,173,32,89,1,1,0.69697
248,19,391,173,31,89,1,1,0.65625
249,19,392,172,30,90,1,1,0.67742
250,19,393,172,32,93,1,1,0.66667
251,19,396,172,33,96,1,1,0.58824
252,19,397,172,35,99,1,1,0.52778
253,19,399,173,36,101,1,1,0.45946
254,19,398,172,38,103,1,1,0.41026
242,20,413,174,35,111,1,1,0.19444
243,20,411,175,35,109,1,1,0.36111
244,20,410,173,34,111,1,1,0.54286
245,20,412,172,34,113,1,1,0.62857
246,20,412,171,35,113,1,1,0.75
247,20,412,170,36,113,1,1,0.86486
248,20,412,169,36,113,1,1,1
249,20,413,168,37,113,1,1,1
250,20,415,169,37,116,1,1,1
251,20,416,169,38,119,1,1,1
252,20,418,170,38,122,1,1,1
253,20,421,170,38,125,1,1,1
254,20,420,170,38,127,1,1,0.87179
255,20,421,168,37,130,1,1,0.60526
256,20,421,168,37,132,1,1,0.36842
257,20,421,167,36,134,1,1,0.16216
258,20,415,166,38,138,1,1,0
259,20,409,164,40,142,1,1,0
260,20,404,164,42,145,1,1,0
261,20,398,162,44,149,1,1,0
262,20,392,161,46,153,1,1,0
263,20,387,159,48,157,1,1,0
264,20,381,159,50,160,1,1,0.058824
265,20,376,157,52,164,1,1,0.90566
266,20,369,152,55,165,1,1,1
267,20,361,147,58,166,1,1,1
268,20,354,142,61,166,1,1,1
269,20,346,137,64,167,1,1,1
270,20,339,115,63,172,1,1,1
271,20,331,93,63,178,1,1,1
272,20,317,48,62,192,1,1,1
273,20,314,41,64,192,1,1,1
274,20,304,51,63,202,1,1,1
275,20,294,70,67,204,1,1,1
276,20,289,99,71,210,1,1,1
277,20,281,114,76,210,1,1,1
278,20,269,114,75,219,1,1,1
279,20,247,128,79,225,1,1,1
280,20,224,126,84,229,1,1,1
281,20,189,104,86,244,1,1,1
282,20,158,107,86,257,1,1,1
283,20,148,110,87,271,1,1,1
284,20,146,108,94,277,1,1,1
285,20,155,102,92,282,1,1,1
286,20,162,101,93,291,1,1,1
287,20,168,105,96,293,1,1,1
288,20,174,98,95,306,1,1,1
289,20,182,100,97,323,1,1,1
290,20,198,98,102,332,1,1,1
291,20,208,91,106,345,1,1,1
292,20,216,84,111,370,1,1,1
293,20,229,74,116,386,1,1,1
294,20,237,67,119,400,1,1,1
295,20,241,55,127,423,1,1,1
296,20,245,50,126,440,1,1,0.97732
297,20,239,34,141,458,1,1,0.97386
298,20,229,20,156,476,1,1,0.90917
299,20,209,10,171,490,1,1,0.76869
300,20,208,-5,165,511,1,1,0.9375
301,20,187,-16,183,531,1,1,0.90226
302,20,163,-35,194,555,1,1,0.86331
303,20,119,-45,219,580,1,1,0.82616
304,20,100,-63,197,598,1,1,0.80134
305,20,52,-78,217,642,1,1,0.7465
306,20,9,-83,236,684,1,1,0.70073
307,20,-23,-91,234,692,1,1,0.6219
308,20,-103,-119,289,720,1,1,0.42699
242,21,28,164,55,93,1,1,0.10714
243,21,20,165,55,93,1,1,0.42857
244,21,13,165,54,95,1,1,0.69091
245,21,4,164,52,93,1,1,1
246,21,-10,161,50,95,1,1,0.78431
249,22,83,172,35,87,1,1,0.33333
250,22,75,172,38,90,1,1,0.43843
251,22,68,173,41,93,1,1,0.23936
252,22,60,175,43,95,1,1,0.15436
253,22,65,182,45,85,1,1,0.043478
254,22,57,180,46,89,1,1,0.085106
255,22,50,180,47,92,1,1,0.10417
256,22,42,178,48,96,1,1,0
257,22,35,177,49,99,1,1,0.005
250,23,463,144,57,180,1,1,0.2931
251,23,463,144,57,180,1,1,0.5
252,23,463,144,57,180,1,1,0.7069
253,23,464,145,55,178,1,1,0.92857
254,23,454,142,63,184,1,1,1
255,23,444,139,71,191,1,1,1
256,23,435,135,73,199,1,1,0.97297
257,23,427,133,86,203,1,1,0.73563
258,23,415,132,74,214,1,1,0.8
259,23,395,129,81,223,1,1,0.91463
260,23,385,127,84,231,1,1,0.94118
261,23,362,124,111,239,1,1,0.875
262,23,339,119,118,251,1,1,0.98319
263,23,319,119,131,261,1,1,0.99242
264,23,311,112,117,270,1,1,1
265,23,280,107,100,283,1,1,0.82178
266,23,267,96,89,289,1,1,0.72222
267,23,207,85,144,297,1,1,0.43448
268,23,176,76,161,305,1,1,0.2963
269,23,144,68,178,312,1,1,0.16201
270,23,108,42,164,335,1,1,0
271,23,73,10,148,367,1,1,0
272,23,37,-43,135,421,1,1,0.013173
273,23,-15,-60,155,433,1,1,0.19833
250,24,92,173,56,100,1,1,0.15789
251,24,77,176,47,95,1,1,0.72917
252,24,66,177,56,97,1,1,0.92982
253,24,67,182,56,97,1,1,0.96491
254,24,61,180,54,101,1,1,1
255,24,55,178,53,105,1,1,0.98148
256,24,31,176,56,106,1,1,0.82456
257,24,22,178,57,109,1,1,0.65517
258,24,-8,175,58,113,1,1,0.50847
253,25,505,143,35,160,1,1,0.0037957
254,25,503,143,39,158,1,1,0.025
255,25,501,144,43,156,1,1,0.15909
256,25,499,144,47,154,1,1,0
257,25,497,144,51,152,1,1,0
258,25,489,144,55,159,1,1,0
259,25,480,145,58,166,1,1,0
260,25,472,145,62,173,1,1,0
261,25,464,145,65,180,1,1,0
262,25,458,139,67,185,1,1,0
263,25,458,135,69,190,1,1,0
264,25,453,125,70,195,1,1,0
265,25,445,122,73,199,1,1,0
266,25,443,109,74,203,1,1,0
267,25,440,99,76,206,1,1,0
268,25,431,91,78,212,1,1,0
269,25,429,81,79,216,1,1,0
270,25,417,67,81,220,1,1,0
271,25,411,37,84,225,1,1,0
272,25,400,7,85,228,1,1,0
273,25,403,3,86,235,1,1,0
274,25,395,22,84,230,1,1,0
275,25,398,43,82,226,1,1,0
276,25,398,76,79,220,1,1,0
277,25,398,93,77,215,1,1,0
278,25,378,85,84,226,1,1,0
279,25,369,92,90,239,1,1,0
280,25,338,70,98,248,1,1,0
281,25,318,62,105,259,1,1,0.075472
282,25,317,64,105,268,1,1,0.018868
283,25,289,84,106,278,1,1,0.18692
284,25,291,83,107,286,1,1,0.37963
285,25,302,74,106,296,1,1,0.32503
286,25,310,75,106,304,1,1,0.41701
287,25,328,71,106,311,1,1,0.42991
288,25,335,64,104,327,1,1,0.55238
289,25,355,61,103,335,1,1,0.55769
290,25,371,54,107,347,1,1,0.55556
291,25,391,42,110,366,1,1,0.54054
292,25,405,33,125,385,1,1,0.50794
293,25,418,25,132,399,1,1,0.57895
294,25,433,15,143,426,1,1,0.56944
295,25,441,5,156,441,1,1,0.59236
296,25,451,1,155,460,1,1,0.69872
297,25,461,-17,166,487,1,1,0.96311
298,25,473,-27,190,503,1,1,0.83072
299,25,478,-22,183,521,1,1,0.81459
300,25,487,-45,191,559,1,1,0.6875
301,25,497,-55,197,572,1,1,0.60923
302,25,507,-65,199,584,1,1,0.54974
303,25,519,-70,217,602,1,1,0.44548
304,25,538,-96,231,654,1,1,0.32535
305,25,549,-103,250,704,1,1,0.24955
257,26,496,165,49,150,1,1,0
258,26,487,165,55,154,1,1,0
259,26,478,165,62,158,1,1,0
260,26,470,164,69,162,1,1,0
261,26,461,164,75,166,1,1,0
262,26,455,162,76,169,1,1,0
263,26,450,159,76,172,1,1,0
264,26,444,157,77,175,1,1,0
265,26,439,154,77,178,1,1,0
266,26,441,149,76,186,1,1,0
267,26,437,136,75,192,1,1,0
268,26,435,127,72,199,1,1,0
269,26,435,119,70,206,1,1,0
270,26,427,110,75,209,1,1,0
271,26,422,84,77,214,1,1,0
272,26,409,54,82,216,1,1,0
273,26,415,56,86,217,1,1,0
274,26,410,64,90,221,1,1,0
275,26,403,77,94,224,1,1,0
276,26,412,108,96,226,1,1,0
277,26,410,118,101,229,1,1,0
278,26,398,109,109,249,1,1,0
279,26,375,97,118,269,1,1,0
280,26,352,85,126,288,1,1,0
281,26,330,73,135,308,1,1,0
282,26,331,76,135,319,1,1,0
283,26,309,82,134,328,1,1,0.31111
284,26,332,82,134,340,1,1,0.37778
285,26,334,85,133,350,1,1,0.61194
286,26,354,78,133,367,1,1,0.70149
287,26,374,69,133,385,1,1,0.79851
288,26,393,62,133,402,1,1,0.90299
289,26,413,54,133,419,1,1,1
290,26,431,41,156,443,1,1,0.99099
291,26,451,20,178,484,1,1,0.95052
292,26,469,11,199,519,1,1,0.77731
293,26,495,-6,226,558,1,1,0.55228
294,26,515,-10,227,569,1,1,0.46537
295,26,534,-18,226,615,1,1,0.3673
296,26,560,-27,219,626,1,1,0.28186
253,27,135,151,71,145,1,1,0
254,27,127,148,82,150,1,1,0
255,27,109,148,82,150,1,1,0
256,27,78,149,82,149,1,1,0.24096
257,27,60,150,81,148,1,1,0.35366
258,27,31,146,83,155,1,1,0.33333
259,27,33,146,90,154,1,1,0.12088
260,27,-5,137,101,164,1,1,0.0098039
269,28,256,146,47,139,1,1,0
270,28,256,125,49,140,1,1,0.14
271,28,256,105,52,141,1,1,0.33962
272,28,256,85,55,141,1,1,0.57143
273,28,256,64,57,142,1,1,0.63793
274,28,267,90,45,127,1,1,0.71739
275,28,260,108,45,129,1,1,0.71739
276,28,273,134,43,133,1,1,0.36364
277,28,271,143,43,134,1,1,0.22727
278,28,269,147,42,135,1,1,0
279,28,270,159,44,130,1,1,0
280,28,251,160,44,130,1,1,0
281,28,220,151,43,129,1,1,0
282,28,204,159,43,130,1,1,0.068182
283,28,210,170,43,130,1,1,0.27273
284,28,222,174,43,130,1,1,0.25
285,28,236,171,43,131,1,1,0.29545
286,28,249,173,44,130,1,1,0.33333
287,28,263,173,45,130,1,1,0.36957
288,28,276,175,46,129,1,1,0.42553
289,28,290,176,47,128,1,1,0.45833
290,28,304,175,46,130,1,1,0.31915
291,28,319,176,46,131,1,1,0.21277
292,28,334,175,45,133,1,1,0.086957
293,28,349,175,44,134,1,1,0
294,28,354,174,44,133,1,1,0
295,28,360,173,44,132,1,1,0
296,28,367,173,43,130,1,1,0.022727
297,28,373,173,43,129,1,1,0.0073427
298,28,379,172,43,128,1,1,0.0045807
299,28,385,171,43,127,1,1,0
300,28,391,171,42,125,1,1,0
301,28,397,170,42,124,1,1,0
302,28,399,172,40,122,1,1,0.36585
303,28,402,174,38,120,1,1,0.38462
304,28,405,176,36,117,1,1,0.40541
305,28,408,178,34,115,1,1,0.4
306,28,404,179,34,114,1,1,0.057143
307,28,401,179,34,113,1,1,0
308,28,398,180,34,112,1,1,0
309,28,395,181,34,111,1,1,0
310,28,392,181,34,110,1,1,0
311,28,389,182,34,109,1,1,0
312,28,387,183,33,108,1,1,0.003238
313,28,384,183,33,107,1,1,0.0021786
314,28,381,184,33,106,1,1,0.0035734
315,28,378,185,33,105,1,1,0.018313
316,28,375,185,33,104,1,1,0.011765
270,29,302,134,47,126,1,1,0.083333
271,29,293,109,47,126,1,1,0
272,29,276,78,47,126,1,1,0.027559
273,29,274,72,46,125,1,1,0
274,29,267,89,45,127,1,1,0.0056046
275,29,260,107,45,129,1,1,0.0055184
276,29,253,132,44,129,1,1,0.38325
277,29,247,143,43,133,1,1,0.27273
278,29,231,143,46,138,1,1,0.31915
279,29,214,162,46,142,1,1,0
280,29,196,161,47,144,1,1,0
281,29,150,148,47,146,1,1,0
282,29,110,154,50,154,1,1,0.21569
283,29,112,169,49,156,1,1,0.58
284,29,107,159,52,159,1,1,0.28302
285,29,110,159,52,163,1,1,0.32075
286,29,114,158,56,165,1,1,0.26316
287,29,119,159,60,166,1,1,0.27869
288,29,124,158,63,168,1,1,0.35938
289,29,133,155,61,180,1,1,0.33871
290,29,132,156,74,173,1,1,0.38667
291,29,136,155,81,177,1,1,0.2561
292,29,140,154,87,180,1,1,0.28409
293,29,133,149,95,185,1,1,0.3125
294,29,131,147,96,195,1,1,0.19588
295,29,131,145,99,206,1,1,0.15
296,29,109,136,101,216,1,1,0
297,29,97,130,101,228,1,1,0
298,29,85,125,103,239,1,1,0
299,29,73,119,105,250,1,1,0
300,29,83,117,106,260,1,1,0
301,29,64,110,109,272,1,1,0.072727
302,29,51,108,113,283,1,1,0.31579
303,29,32,93,112,295,1,1,0.46903
304,29,8,86,116,305,1,1,0.71795
277,30,181,110,68,206,1,1,0
278,30,182,125,71,206,1,1,0.20833
279,30,183,140,75,206,1,1,0.40789
280,30,170,146,75,204,1,1,0.47368
281,30,138,133,79,204,1,1,0.525
282,30,129,136,74,202,1,1,0.38667
283,30,167,139,74,199,1,1,0.08
284,30,183,142,71,196,1,1,0.19444
285,30,198,145,68,193,1,1,0.27536
286,30,213,148,65,190,1,1,0.34848
287,30,228,151,63,188,1,1,0.42188
288,30,242,154,60,185,1,1,0.54098
289,30,258,157,57,182,1,1,0.62069
290,30,276,158,59,183,1,1,0.58333
291,30,293,160,62,184,1,1,0.65079
292,30,311,162,64,184,1,1,0.73846
293,30,330,163,66,185,1,1,0.76119
294,30,344,163,68,183,1,1,0.81159
295,30,359,163,71,181,1,1,0.86111
296,30,373,163,73,178,1,1,1
297,30,388,163,75,176,1,1,0.96053
298,30,399,163,92,175,1,1,0.7957
299,30,405,166,87,171,1,1,0.82955
300,30,413,166,78,171,1,1,0.93671
301,30,414,164,85,172,1,1,0.96512
302,30,444,166,59,168,1,1,1
303,30,450,165,63,169,1,1,1
304,30,456,164,66,170,1,1,0.91045
305,30,462,164,70,170,1,1,0.71831
306,30,461,163,72,172,1,1,0.65753
307,30,461,163,72,172,1,1,0.60274
308,30,477,157,73,172,1,1,0.32432
309,30,494,159,73,173,1,1,0.040541
293,31,196,191,33,120,1,1,0
294,31,203,191,37,120,1,1,0.23684
295,31,211,191,40,120,1,1,0.2439
296,31,218,190,44,120,1,1,0.53333
297,31,226,190,47,120,1,1,0.16667
298,31,229,189,47,121,1,1,0
299,31,230,188,48,123,1,1,0
300,31,233,187,48,124,1,1,0
301,31,235,186,49,125,1,1,0
302,31,238,185,49,126,1,1,0
303,31,240,184,49,128,1,1,0
304,31,242,183,50,129,1,1,0
305,31,245,182,50,130,1,1,0.19608
306,31,248,180,50,132,1,1,0.17647
307,31,251,179,51,133,1,1,0.19231
308,31,254,177,51,135,1,1,0.17308
309,31,257,176,51,136,1,1,0.21154
310,31,256,176,52,139,1,1,0.24528
311,31,256,175,53,143,1,1,0.22222
312,31,256,175,53,146,1,1,0.27778
313,31,256,175,54,149,1,1,0.21818
314,31,256,172,58,155,1,1,0.27119
315,31,257,168,63,161,1,1,0.29688
316,31,257,166,67,166,1,1,0.29412
317,31,257,172,66,161,1,1,0.1791
318,31,271,160,73,173,1,1,0.24324
319,31,284,158,74,174,1,1,0.25333
320,31,297,155,76,175,1,1,0.11688
321,31,311,153,77,176,1,1,0
322,31,321,149,78,179,1,1,0
323,31,333,144,78,183,1,1,0
324,31,344,139,79,186,1,1,0.05
325,31,355,135,79,189,1,1,0.1375
326,31,361,134,85,191,1,1,0.10465
327,31,366,134,90,193,1,1,0.043956
328,31,372,134,96,194,1,1,0.020619
329,31,378,133,101,196,1,1,0
330,31,388,131,96,202,1,1,0.051546
331,31,398,130,90,208,1,1,0.12088
332,31,409,128,85,214,1,1,0.17442
333,31,419,126,79,220,1,1,0.325
334,31,419,124,85,220,1,1,0.36047
335,31,418,122,92,221,1,1,0.25806
336,31,418,120,98,221,1,1,0.39394
337,31,418,118,104,221,1,1,0.41905
338,31,432,119,92,222,1,1,0.43011
339,31,447,119,79,223,1,1,0.3875
340,31,461,121,67,223,1,1,0.32353
341,31,476,121,54,224,1,1,0.23636
342,31,486,120,63,228,1,1,0.34375
343,31,496,119,72,232,1,1,0.43836
344,31,506,119,81,235,1,1,0.5
345,31,516,118,90,239,1,1,0.56044
346,31,537,117,88,244,1,1,0.68539
347,31,558,115,86,249,1,1,0.95402
348,31,580,113,83,254,1,1,0.72619
349,31,602,112,81,259,1,1,0.47561
297,32,3,123,77,221,1,1,0.4359
298,32,-16,117,79,224,1,1,0.4875
299,32,-23,112,80,224,1,1,0.55556
300,32,-28,119,77,224,1,1,0.62821
297,33,346,179,47,134,1,1,0.14583
298,33,349,174,51,137,1,1,0.25
299,33,353,170,55,140,1,1,0.42857
300,33,357,167,58,142,1,1,0.66102
301,33,361,162,62,145,1,1,0.64558
302,33,366,161,58,147,1,1,0.93243
303,33,371,161,54,149,1,1,0.94133
304,33,376,161,50,150,1,1,0.82288
305,33,382,160,46,152,1,1,0.84731
306,33,382,161,54,151,1,1,0.80718
307,33,383,162,62,150,1,1,0.78976
308,33,384,162,70,149,1,1,0.78535
309,33,385,163,78,148,1,1,0.7572
310,33,387,162,73,151,1,1,0.74769
311,33,388,162,69,154,1,1,0.61659
312,33,390,162,64,156,1,1,0.63782
313,33,392,161,59,159,1,1,0.67177
314,33,394,159,65,163,1,1,0.63027
315,33,397,158,71,166,1,1,0.67681
316,33,399,156,76,170,1,1,0.45105
317,33,402,155,82,173,1,1,0.38374
318,33,416,153,75,173,1,1,0.38271
319,33,433,147,71,182,1,1,0.42532
320,33,447,142,66,187,1,1,0.52009
321,33,463,138,60,191,1,1,0.33829
322,33,474,135,74,191,1,1,0.32083
323,33,486,130,87,192,1,1,0.16062
324,33,497,127,101,192,1,1,0.2134
325,33,508,123,114,192,1,1,0.26578
326,33,516,119,112,197,1,1,0.40328
327,33,525,115,111,202,1,1,0.48038
328,33,534,112,109,206,1,1,0.38195
329,33,543,108,107,211,1,1,0.29761
330,33,545,107,106,216,1,1,0.2721
331,33,548,106,105,220,1,1,0.32349
332,33,551,105,103,225,1,1,0.44129
333,33,554,104,102,229,1,1,0.84466
334,33,559,102,98,228,1,1,0.82828
335,33,564,102,95,226,1,1,0.79167
336,33,569,100,91,225,1,1,0.72826
337,33,574,99,87,223,1,1,0.64773
338,33,584,99,82,225,1,1,0.59036
339,33,594,99,78,226,1,1,0.51899
340,33,604,99,73,227,1,1,0.45946
341,33,615,99,68,229,1,1,0.37681
303,34,293,154,63,170,1,1,0.28125
304,34,293,154,63,170,1,1,0.92188
305,34,294,155,61,168,1,1,1
306,34,298,154,65,168,1,1,1
307,34,302,153,69,169,1,1,1
308,34,306,152,72,169,1,1,1
309,34,310,151,76,169,1,1,1
310,34,306,152,76,171,1,1,1
311,34,303,153,75,173,1,1,1
312,34,298,151,74,175,1,1,0.80909
313,34,295,155,74,177,1,1,1
314,34,304,153,73,183,1,1,1
315,34,313,151,72,190,1,1,1
316,34,320,144,64,195,1,1,1
317,34,325,142,79,201,1,1,1
318,34,328,140,92,204,1,1,1
319,34,337,132,86,214,1,1,1
320,34,340,126,95,219,1,1,1
321,34,343,118,103,225,1,1,0.84615
322,34,360,114,99,229,1,1,0.91
323,34,378,111,95,233,1,1,0.97917
324,34,395,107,90,237,1,1,1
325,34,413,103,86,241,1,1,1
326,34,416,100,91,246,1,1,1
327,34,419,97,97,250,1,1,1
328,34,421,94,102,255,1,1,1
329,34,425,91,107,259,1,1,0.98148
330,34,432,90,103,261,1,1,1
331,34,440,90,99,263,1,1,1
332,34,447,89,94,265,1,1,1
333,34,455,88,90,267,1,1,1
334,34,458,83,97,272,1,1,1
335,34,460,78,104,277,1,1,1
336,34,463,72,110,282,1,1,1
337,34,466,67,117,287,1,1,1
338,34,472,66,119,291,1,1,1
339,34,478,65,121,294,1,1,1
340,34,483,64,123,298,1,1,1
341,34,489,63,125,301,1,1,1
342,34,508,62,128,306,1,1,1
343,34,528,61,124,311,1,1,0.904
344,34,547,60,114,314,1,1,0.81739
345,34,567,60,116,319,1,1,0.63248
346,34,598,63,118,323,1,1,0.36134
305,35,262,155,59,155,1,1,0.028846
306,35,256,152,59,157,1,1,0.03038
307,35,250,149,60,160,1,1,0.034212
308,35,244,146,61,163,1,1,0.027439
309,35,238,143,61,165,1,1,0.0064127
310,35,230,140,62,168,1,1,0
311,35,222,143,62,164,1,1,0
312,35,215,137,64,171,1,1,0
313,35,208,136,64,172,1,1,0
314,35,201,131,66,175,1,1,0
315,35,193,129,65,181,1,1,0
316,35,187,124,67,187,1,1,0
317,35,179,121,68,190,1,1,0
318,35,166,123,68,191,1,1,0
319,35,155,129,66,188,1,1,0
320,35,150,125,70,190,1,1,0
321,35,151,110,71,203,1,1,0
322,35,143,103,78,215,1,1,0.13924
323,35,135,96,84,227,1,1,0.35294
324,35,128,89,91,239,1,1,0.52174
325,35,120,82,97,251,1,1,0.68367
326,35,108,81,97,260,1,1,0.85714
327,35,95,80,98,268,1,1,1
328,35,83,79,98,277,1,1,1
329,35,71,67,99,295,1,1,1
330,35,54,60,96,309,1,1,1
331,35,37,57,96,319,1,1,1
332,35,-1,37,115,343,1,1,0.98276
333,35,-16,34,119,350,1,1,0.85833
334,35,-50,17,121,375,1,1,0.58197
301,36,318,188,55,127,1,1,0.053571
302,36,322,191,48,127,1,1,0.26531
303,36,327,190,47,127,1,1,0.375
304,36,332,188,54,127,1,1,0.54545
305,36,338,191,52,126,1,1,0.66038
306,36,343,189,51,128,1,1,0.59615
307,36,348,188,50,129,1,1,0.52941
308,36,353,185,48,131,1,1,0.46939
309,36,359,184,47,132,1,1,0.41667
310,36,358,185,50,133,1,1,0.5098
311,36,356,187,63,133,1,1,0.64062
312,36,355,187,62,139,1,1,0.71429
313,36,355,184,59,141,1,1,0.75
314,36,363,185,59,143,1,1,0.75
315,36,370,191,55,143,1,1,0.71429
316,36,373,188,77,146,1,1,0.84615
317,36,376,187,87,152,1,1,0.67045
318,36,383,184,88,155,1,1,0.57303
319,36,402,178,75,155,1,1,0.71053
320,36,423,175,62,161,1,1,0.79365
321,36,460,175,52,162,1,1,1
322,36,469,164,64,167,1,1,1
323,36,484,161,89,175,1,1,1
324,36,491,157,100,176,1,1,1
325,36,511,148,96,185,1,1,1
326,36,529,148,78,186,1,1,1
327,36,558,139,65,194,1,1,1
328,36,565,142,81,195,1,1,0.92683
329,36,563,141,99,198,1,1,0.78
330,36,559,147,95,195,1,1,0.85417
331,36,566,154,91,192,1,1,0.81522
332,36,585,153,87,189,1,1,0.63636
309,37,101,103,95,311,1,1,0.20833
310,37,76,90,97,336,1,1,0.5102
311,37,52,78,99,360,1,1,0.73
312,37,-49,58,164,411,1,1,0.69697
313,37,-73,50,173,435,1,1,0.56812
300,38,2,148,63,169,1,1,0.20312
301,38,3,149,61,167,1,1,0.98387
302,38,3,146,65,170,1,1,0.72727
303,38,4,143,68,174,1,1,0.4058
304,38,5,140,71,178,1,1,0.041667
305,38,4,142,75,174,1,1,0.63158
306,38,13,147,67,169,1,1,0
307,38,17,145,65,171,1,1,0
308,38,26,143,65,173,1,1,0
309,38,29,142,62,174,1,1,1
310,38,37,138,56,180,1,1,0.68421
311,38,29,134,72,184,1,1,0.31507
312,38,31,142,76,173,1,1,0
313,38,14,145,91,177,1,1,0.054348
314,38,5,140,94,184,1,1,1
315,38,2,145,86,185,1,1,1
316,38,18,146,67,178,1,1,1
317,38,27,141,62,184,1,1,1
318,38,25,144,68,185,1,1,1
319,38,26,143,76,186,1,1,1
320,38,33,139,75,184,1,1,1
321,38,45,138,76,183,1,1,1
322,38,52,129,76,181,1,1,1
323,38,61,125,75,181,1,1,0.97368
324,38,69,123,75,180,1,1,0.77632
325,38,77,120,74,179,1,1,0.57333
326,38,71,121,77,179,1,1,0.47436
327,38,65,121,80,180,1,1,0.37037
328,38,59,122,83,180,1,1,0.28571
329,38,53,123,86,180,1,1,0.2069
330,38,50,121,81,182,1,1,0.04878
331,38,47,120,76,183,1,1,0
332,38,44,118,70,185,1,1,0
333,38,42,117,65,186,1,1,0.060606
334,38,38,114,65,186,1,1,0.48485
335,38,32,113,66,185,1,1,1
336,38,28,110,66,185,1,1,1
337,38,24,108,66,184,1,1,1
338,38,27,110,67,183,1,1,0.81506
339,38,29,111,68,182,1,1,0.88596
340,38,33,113,69,181,1,1,1
341,38,35,113,71,181,1,1,1
342,38,38,115,72,180,1,1,1
343,38,41,116,73,179,1,1,0.85135
344,38,44,118,74,178,1,1,0.66667
345,38,47,119,75,177,1,1,0.68598
346,38,57,123,77,174,1,1,0.75092
347,38,68,126,79,172,1,1,0.72818
348,38,78,130,81,169,1,1,0.76829
349,38,88,134,83,166,1,1,0.79762
350,38,100,131,79,168,1,1,1
351,38,110,127,76,171,1,1,1
352,38,122,124,72,173,1,1,1
353,38,134,121,68,175,1,1,1
354,38,141,121,70,175,1,1,1
355,38,148,121,72,175,1,1,1
356,38,155,120,74,175,1,1,1
357,38,157,124,79,169,1,1,1
358,38,161,127,77,175,1,1,1
359,38,177,154,57,170,1,1,1
360,38,187,159,54,171,1,1,1
361,38,186,154,57,170,1,1,0.80399
362,38,186,153,57,165,1,1,0.80681
363,38,182,157,63,163,1,1,0.74895
364,38,180,160,63,167,1,1,1
365,38,190,168,56,161,1,1,1
366,38,186,157,55,167,1,1,1
367,38,194,149,63,158,1,1,0.78125
368,38,208,148,63,159,1,1,1
369,38,220,155,69,162,1,1,1
370,38,220,159,71,163,1,1,1
371,38,221,155,69,163,1,1,1
372,38,235,156,64,158,1,1,1
373,38,249,157,55,158,1,1,1
374,38,259,158,56,157,1,1,1
375,38,267,158,59,157,1,1,1
376,38,271,159,59,156,1,1,1
377,38,275,160,60,156,1,1,1
378,38,278,161,58,157,1,1,1
379,38,283,160,55,159,1,1,1
380,38,286,161,53,160,1,1,1
381,38,290,161,50,161,1,1,1
382,38,288,161,53,160,1,1,1
383,38,285,161,64,158,1,1,0.98587
384,38,282,160,60,158,1,1,1
385,38,280,160,63,157,1,1,1
386,38,279,161,62,158,1,1,1
387,38,279,161,60,160,1,1,1
388,38,277,153,58,162,1,1,0.90517
389,38,279,162,57,162,1,1,1
390,38,274,163,56,159,1,1,1
391,38,269,165,55,156,1,1,1
392,38,265,167,53,152,1,1,1
393,38,260,168,52,149,1,1,1
394,38,257,168,54,150,1,1,1
395,38,255,168,56,152,1,1,1
396,38,252,168,58,153,1,1,1
397,38,250,168,60,154,1,1,1
398,38,250,167,57,153,1,1,1
399,38,249,166,55,153,1,1,1
400,38,249,165,52,152,1,1,1
401,38,249,164,49,151,1,1,1
402,38,246,164,53,151,1,1,1
403,38,243,163,57,151,1,1,0.81284
404,38,240,164,60,150,1,1,0.75898
405,38,237,163,64,150,1,1,0.68762
406,38,240,161,61,150,1,1,0.78167
407,38,243,159,58,150,1,1,1
408,38,246,156,55,150,1,1,1
409,38,249,154,52,150,1,1,1
410,38,247,155,51,150,1,1,1
411,38,245,155,49,150,1,1,1
412,38,242,157,48,149,1,1,1
413,38,240,157,46,149,1,1,1
414,38,234,160,47,147,1,1,1
415,38,228,162,47,145,1,1,1
416,38,221,166,48,142,1,1,1
417,38,215,168,48,140,1,1,0.93921
418,38,211,166,48,139,1,1,0.95977
419,38,208,166,48,137,1,1,1
313,39,303,208,24,62,1,1,0
314,39,297,207,24,61,1,1,0
315,39,291,206,24,61,1,1,0
316,39,285,205,24,61,1,1,0
317,39,279,203,24,61,1,1,0
318,39,273,202,24,60,1,1,0
338,40,427,187,23,59,1,1,0
339,40,424,189,23,56,1,1,0.54167
321,41,524,169,61,133,1,1,1
322,41,528,155,61,138,1,1,0.66129
323,41,534,152,63,143,1,1,0.375
324,41,536,146,63,146,1,1,0.015625
325,41,539,146,66,152,1,1,0
326,41,529,144,63,156,1,1,0
327,41,520,139,66,158,1,1,0.074627
328,41,509,135,63,164,1,1,0.15625
329,41,507,131,63,168,1,1,0.15625
330,41,500,128,63,172,1,1,0.14062
331,41,493,126,62,176,1,1,0.12698
332,41,486,124,62,179,1,1,0.008642
333,41,481,122,61,183,1,1,0
334,41,474,119,61,187,1,1,0
335,41,467,116,60,191,1,1,0
336,41,460,115,60,194,1,1,0.001261
337,41,454,112,59,198,1,1,0.0060302
338,41,448,111,60,202,1,1,0.015505
339,41,444,109,61,207,1,1,0.072426
340,41,438,107,62,211,1,1,0.38814
341,41,433,106,63,215,1,1,0.59223
342,41,432,105,68,222,1,1,0.55085
343,41,433,102,72,230,1,1,0.27036
344,41,433,101,77,237,1,1,0.33818
345,41,433,99,81,244,1,1,0.19512
346,41,445,95,81,253,1,1,0.23171
347,41,459,93,81,263,1,1,0.31707
348,41,470,87,80,270,1,1,0.32099
349,41,483,82,79,279,1,1,0.325
350,41,491,74,88,302,1,1,0.52809
351,41,499,66,97,326,1,1,0.52041
352,41,508,58,105,349,1,1,0.67925
353,41,516,50,114,372,1,1,0.72174
354,41,530,38,112,399,1,1,0.74336
355,41,544,25,120,424,1,1,0.67769
356,41,557,12,130,449,1,1,0.55725
357,41,573,2,134,476,1,1,0.5037
325,42,-11,131,42,155,1,1,0.72093
326,42,-19,127,51,158,1,1,0.61538
327,42,-20,124,50,164,1,1,0.58824
328,42,-25,124,56,165,1,1,0.54386
329,42,-33,121,83,166,1,1,0.59524
330,42,-26,121,71,167,1,1,0.625
331,42,-33,123,76,171,1,1,0.46753
332,42,-19,118,65,174,1,1,0
333,42,-21,118,68,175,1,1,0
334,42,-22,116,73,176,1,1,0
335,42,-35,115,76,178,1,1,0.4026
336,42,-50,112,81,179,1,1,0.32927
337,42,-46,109,86,179,1,1,0.26437
338,42,-51,116,90,179,1,1,0.42857
339,42,-47,114,83,183,1,1,0.42857
340,42,-47,112,76,182,1,1,0.37662
341,42,-50,109,80,185,1,1,0.37037
342,42,-38,113,82,180,1,1,0.44672
343,42,-30,115,81,184,1,1,0.62195
344,42,-20,118,88,185,1,1,0.76404
345,42,-11,120,81,184,1,1,0.85366
346,42,-14,128,90,179,1,1,0.83516
347,42,9,128,80,172,1,1,1
348,42,36,126,60,174,1,1,1
349,42,48,127,56,175,1,1,1
350,42,54,128,61,169,1,1,0.74649
351,42,59,129,66,163,1,1,0.76119
352,42,65,129,71,157,1,1,0.79167
353,42,71,130,76,151,1,1,0.81818
354,42,84,129,70,154,1,1,0.80282
355,42,97,129,65,157,1,1,0.77273
356,42,110,128,59,160,1,1,0.75
357,42,123,127,53,163,1,1,0.62963
358,42,120,136,61,163,1,1,0.66129
359,42,114,156,69,162,1,1,0.9
360,42,115,154,76,162,1,1,0.93706
361,42,113,163,84,161,1,1,0.85882
362,42,120,164,77,161,1,1,1
363,42,127,166,71,160,1,1,1
364,42,134,166,64,160,1,1,0.70769
365,42,142,168,57,159,1,1,0.82759
366,42,125,160,79,154,1,1,0.7625
367,42,132,148,75,159,1,1,0.81694
368,42,137,151,85,155,1,1,0.82558
369,42,156,160,70,152,1,1,0.90141
370,42,172,162,62,151,1,1,0.7619
371,42,185,159,59,152,1,1,0.6
372,42,195,158,57,155,1,1,0.68966
373,42,204,156,59,155,1,1,0.7516
374,42,209,156,66,155,1,1,0.74952
375,42,214,157,66,155,1,1,0.79238
376,42,220,157,63,153,1,1,0.79951
377,42,226,158,55,153,1,1,0.87662
378,42,228,156,53,156,1,1,0.92828
379,42,232,155,51,159,1,1,0.98137
380,42,235,160,51,155,1,1,0.98089
381,42,239,166,51,151,1,1,0.98077
382,42,238,168,51,148,1,1,0.96154
383,42,228,174,57,146,1,1,1
384,42,235,165,50,147,1,1,0.92157
385,42,234,164,49,146,1,1,0.92
386,42,232,166,51,146,1,1,0.90385
387,42,230,169,52,145,1,1,0.92453
388,42,229,164,53,151,1,1,0.88889
389,42,227,173,55,144,1,1,0.92857
390,42,223,172,54,144,1,1,0.92727
391,42,218,171,54,144,1,1,0.92727
392,42,215,169,53,144,1,1,0.92593
393,42,211,168,52,144,1,1,0.92453
394,42,209,169,53,144,1,1,0.88889
395,42,207,169,54,144,1,1,0.87273
396,42,206,170,55,144,1,1,0.82143
397,42,204,170,56,144,1,1,0.80702
398,42,203,168,54,146,1,1,0.85455
399,42,202,166,52,148,1,1,0.88679
400,42,202,164,49,150,1,1,0.9404
401,42,201,162,47,152,1,1,1
402,42,195,161,52,152,1,1,0.963
403,42,198,165,55,150,1,1,1
404,42,196,167,58,148,1,1,1
405,42,195,168,62,147,1,1,1
406,42,195,166,58,145,1,1,0.76271
407,42,195,165,55,143,1,1,0.85714
408,42,195,163,51,141,1,1,0.98077
409,42,195,161,47,139,1,1,1
410,42,192,161,47,139,1,1,1
411,42,187,162,48,139,1,1,1
412,42,184,163,48,138,1,1,1
413,42,181,163,48,138,1,1,1
414,42,177,164,49,139,1,1,1
415,42,173,166,50,139,1,1,1
416,42,169,167,50,140,1,1,1
417,42,166,169,51,140,1,1,1
418,42,161,168,51,139,1,1,1
419,42,155,167,52,137,1,1,1
325,43,552,149,58,138,1,1,0
326,43,545,147,58,142,1,1,0
327,43,539,146,57,146,1,1,0
328,43,532,144,56,150,1,1,0
329,43,526,142,55,154,1,1,0
330,43,519,141,54,157,1,1,0
331,43,512,140,54,161,1,1,0
332,43,506,138,53,165,1,1,0.037037
341,44,231,168,37,94,1,1,0.31579
342,44,225,167,40,96,1,1,0.58537
343,44,220,167,43,97,1,1,0.93182
344,44,213,166,46,98,1,1,1
345,44,208,166,49,99,1,1,1
346,44,208,167,49,102,1,1,1
347,44,207,168,49,104,1,1,1
348,44,207,169,48,107,1,1,1
349,44,207,170,48,109,1,1,1
350,44,203,168,49,110,1,1,1
351,44,199,164,49,112,1,1,1
352,44,194,162,50,113,1,1,0.98039
353,44,191,159,50,114,1,1,0.76471
354,44,185,156,50,117,1,1,0.47059
355,44,179,153,50,119,1,1,0.17647
356,44,173,150,50,122,1,1,0
357,44,167,147,50,124,1,1,0
358,44,156,156,49,125,1,1,0
359,44,145,178,48,126,1,1,0
360,44,146,185,47,129,1,1,0
361,44,123,181,46,129,1,1,0
362,44,100,173,54,136,1,1,0.36364
363,44,90,175,60,137,1,1,0.60656
364,44,79,178,66,142,1,1,0.71642
365,44,69,181,71,147,1,1,0.73611
366,44,31,169,72,149,1,1,0.054795
353,45,-73,46,125,310,1,1,0.4127
354,45,-76,44,142,313,1,1,0.46154
355,45,-78,43,159,315,1,1,0.50625
356,45,-61,42,155,315,1,1,0.60256
357,45,-56,41,165,315,1,1,0.65663
358,45,-80,50,185,315,1,1,0.56452
359,45,-55,77,159,316,1,1,0.65
360,45,-46,69,139,315,1,1,0.66429
361,45,-30,78,117,315,1,1,0.73729
362,45,-25,66,108,329,1,1,0.76147
363,45,-12,64,100,336,1,1,0.87129
364,45,-8,76,93,328,1,1,0.90426
365,45,-9,90,96,315,1,1,0.89691
366,45,-15,71,114,331,1,1,0.86087
367,45,-13,60,124,337,1,1,0.888
368,45,-8,66,132,326,1,1,0.93233
369,45,2,79,136,310,1,1,1
370,45,9,79,135,310,1,1,1
371,45,4,74,143,311,1,1,0.79202
372,45,19,75,130,311,1,1,0.82854
373,45,32,81,131,309,1,1,0.87744
374,45,33,82,130,308,1,1,0.83295
375,45,36,82,129,308,1,1,0.80373
376,45,37,82,128,307,1,1,0.8063
377,45,39,83,127,306,1,1,1
378,45,40,81,125,311,1,1,1
379,45,41,78,124,316,1,1,1
380,45,42,76,122,321,1,1,1
381,45,44,73,120,326,1,1,1
382,45,33,71,120,332,1,1,1
383,45,23,68,120,338,1,1,1
384,45,13,67,120,343,1,1,1
385,45,3,64,120,349,1,1,1
386,45,3,65,117,350,1,1,1
387,45,3,67,114,351,1,1,1
388,45,-36,53,147,363,1,1,0.75
389,45,-39,60,143,370,1,1,0.72222
390,45,-59,56,154,379,1,1,0.6129
391,45,-112,55,194,401,1,1,0.42051
392,45,-99,56,171,407,1,1,0.4186
393,45,-117,55,165,410,1,1,0.28916
394,45,-121,70,169,410,1,1,0.28235
395,45,-29,78,68,346,1,1,0.56522
396,45,-42,84,68,346,1,1,0.37681
353,46,504,59,81,306,1,1,0
354,46,508,50,84,318,1,1,0
355,46,512,41,88,330,1,1,0
356,46,515,31,92,342,1,1,0
357,46,520,22,95,354,1,1,0.052083
358,46,515,21,114,372,1,1,0.54783
359,46,504,41,135,391,1,1,0.52941
360,46,505,38,154,406,1,1,0.47742
361,46,500,18,168,425,1,1,0.42604
362,46,512,1,156,441,1,1,0.51591
363,46,525,-3,153,458,1,1,0.52005
364,46,528,-19,167,505,1,1,0.46189
365,46,533,-33,193,538,1,1,0.36791
366,46,570,-57,197,582,1,1,0.29523
333,47,233,198,20,49,1,1,0
334,47,225,195,20,49,1,1,0.33333
335,47,218,193,20,49,1,1,0.52381
336,47,210,191,20,48,1,1,0.80952
337,47,203,189,20,48,1,1,1
338,47,198,190,20,48,1,1,1
339,47,194,191,20,48,1,1,1
340,47,190,192,20,48,1,1,1
341,47,186,193,20,48,1,1,1
342,47,188,195,20,48,1,1,1
343,47,186,197,20,49,1,1,1
344,47,186,198,21,49,1,1,1
345,47,187,199,21,49,1,1,0.95455
346,47,188,201,21,49,1,1,0.90909
347,47,196,203,22,49,1,1,0.47826
348,47,196,202,22,49,1,1,0.47826
349,47,196,201,22,49,1,1,0.47826
350,47,196,200,22,49,1,1,0.30435
351,47,196,199,22,49,1,1,0.13043
352,47,197,198,22,50,1,1,0
353,47,200,193,22,50,1,1,0
354,47,199,200,22,50,1,1,0
355,47,198,207,23,50,1,1,0
356,47,194,202,23,50,1,1,0
357,47,191,197,23,50,1,1,0
358,47,191,202,23,50,1,1,0
359,47,192,226,23,50,1,1,0
360,47,196,230,24,51,1,1,0
361,47,187,225,23,51,1,1,0
362,47,179,220,22,51,1,1,0
363,47,179,222,24,52,1,1,0
364,47,181,229,24,53,1,1,0
365,47,174,232,25,53,1,1,0
366,47,158,219,25,53,1,1,0
367,47,159,209,25,53,1,1,0
368,47,171,212,25,54,1,1,0
369,47,177,221,25,54,1,1,0
370,47,175,219,26,54,1,1,0
371,47,174,217,26,54,1,1,0.40741
372,47,173,216,26,54,1,1,0.81481
373,47,178,216,25,55,1,1,1
374,47,184,217,24,56,1,1,1
375,47,184,216,26,57,1,1,1
376,47,185,216,27,57,1,1,1
377,47,183,215,27,57,1,1,1
378,47,181,214,28,57,1,1,1
379,47,177,212,27,55,1,1,1
380,47,174,217,24,55,1,1,1
381,47,169,217,25,57,1,1,1
382,47,164,218,26,58,1,1,1
383,47,158,218,27,59,1,1,1
384,47,150,215,27,61,1,1,1
385,47,142,213,28,62,1,1,1
386,47,134,212,28,62,1,1,1
387,47,126,212,28,62,1,1,1
388,47,119,212,28,62,1,1,1
389,47,110,219,28,62,1,1,1
390,47,101,218,26,60,1,1,1
391,47,84,212,26,61,1,1,1
392,47,76,211,25,63,1,1,1
393,47,67,214,24,64,1,1,1
394,47,67,216,24,64,1,1,1
395,47,52,215,25,64,1,1,1
396,47,45,215,25,64,1,1,1
397,47,38,215,25,64,1,1,1
398,47,30,215,26,65,1,1,1
399,47,23,213,27,67,1,1,1
400,47,16,213,27,68,1,1,1
401,47,9,212,28,69,1,1,1
402,47,-2,212,32,68,1,1,0.90909
403,47,-4,212,29,69,1,1,0.83333
404,47,-8,212,26,68,1,1,0.66667
376,48,459,192,31,93,1,1,0
377,48,460,193,29,91,1,1,0.73333
378,48,460,192,30,91,1,1,1
379,48,461,192,31,90,1,1,1
380,48,458,195,32,90,1,1,1
381,48,456,199,33,91,1,1,1
382,48,454,195,32,90,1,1,1
383,48,452,198,31,89,1,1,1
384,48,449,198,30,88,1,1,1
385,48,448,195,30,87,1,1,1
386,48,440,193,36,89,1,1,1
387,48,434,189,36,91,1,1,1
388,48,436,192,28,86,1,1,1
389,48,428,202,28,85,1,1,1
390,48,420,194,29,87,1,1,1
391,48,411,200,30,86,1,1,1
392,48,404,198,30,87,1,1,1
393,48,396,197,31,87,1,1,1
394,48,390,197,33,87,1,1,1
395,48,384,198,34,87,1,1,1
396,48,378,198,36,87,1,1,1
397,48,373,198,37,87,1,1,1
398,48,371,199,34,85,1,1,1
399,48,370,200,31,83,1,1,1
400,48,367,201,28,81,1,1,1
401,48,366,202,25,79,1,1,1
402,48,363,200,26,80,1,1,1
403,48,362,197,27,81,1,1,1
404,48,359,196,28,81,1,1,1
405,48,357,193,29,82,1,1,1
406,48,355,192,30,82,1,1,1
407,48,354,191,31,82,1,1,1
408,48,353,190,31,81,1,1,1
409,48,351,189,32,81,1,1,1
410,48,347,188,31,81,1,1,1
411,48,342,187,30,81,1,1,1
412,48,338,186,28,81,1,1,1
413,48,334,185,27,81,1,1,1
414,48,327,188,28,80,1,1,1
415,48,321,191,28,79,1,1,1
416,48,315,193,29,78,1,1,1
417,48,309,196,29,77,1,1,1
418,48,302,195,30,77,1,1,1
419,48,297,193,31,77,1,1,1
376,49,447,190,28,87,1,1,0.41379
377,49,448,191,26,85,1,1,0.45736
378,49,447,194,27,83,1,1,0.46429
379,49,446,197,29,82,1,1,0.5
380,49,445,200,30,81,1,1,0.41935
381,49,445,203,31,79,1,1,0.34375
382,49,442,201,30,78,1,1,0.3871
383,49,440,199,29,78,1,1,0.4
384,49,436,197,28,77,1,1,0.45535
385,49,432,197,26,76,1,1,0.59259
386,49,429,198,26,76,1,1,0.40741
387,49,423,197,27,76,1,1,0.39286
388,49,418,198,27,76,1,1,0.64286
389,49,413,201,26,76,1,1,0.56133
390,49,405,198,27,78,1,1,0.53571
391,49,398,197,26,79,1,1,0.50093
392,49,390,196,26,81,1,1,0.53026
393,49,384,195,25,82,1,1,0.47451
394,49,381,195,25,81,1,1,0.3621
395,49,377,196,26,79,1,1,0.27778
396,49,373,196,26,78,1,1,0.20581
397,49,370,198,26,76,1,1,0.11111
398,49,367,198,26,75,1,1,0.15936
399,49,364,199,27,73,1,1,0.2249
400,49,360,199,27,72,1,1,0.27055
401,49,357,200,27,70,1,1,0.34054
402,49,355,198,27,71,1,1,0.30556
403,49,353,196,27,72,1,1,0.33072
404,49,350,195,27,72,1,1,0.33072
405,49,348,193,27,73,1,1,0.32143
406,49,346,191,28,74,1,1,0.31954
407,49,344,190,29,75,1,1,0.34211
408,49,343,189,29,75,1,1,0.34211
409,49,341,187,30,76,1,1,0.34018
410,49,337,187,28,75,1,1,0.35345
411,49,333,188,26,73,1,1,0.33333
412,49,329,187,24,72,1,1,0.36
413,49,325,188,22,70,1,1,0.3913
414,49,318,189,23,71,1,1,0.375
415,49,310,191,25,72,1,1,0.42308
416,49,303,192,26,73,1,1,0.45195
417,49,296,193,27,74,1,1,0.48571
418,49,291,193,27,72,1,1,0.40949
419,49,286,193,28,71,1,1,0.37931
378,50,507,165,50,170,1,1,0
379,50,512,162,63,165,1,1,0.17188
380,50,507,163,75,168,1,1,0.51316
381,50,502,164,83,167,1,1,0.82143
382,50,506,162,81,175,1,1,1
383,50,506,162,87,182,1,1,1
384,50,508,153,86,187,1,1,1
385,50,517,150,71,191,1,1,1
386,50,520,148,69,206,1,1,1
387,50,522,145,73,219,1,1,1
388,50,523,137,76,231,1,1,1
389,50,522,137,80,245,1,1,1
390,50,517,126,82,256,1,1,1
391,50,500,111,112,275,1,1,1
392,50,495,106,126,281,1,1,1
393,50,488,102,155,312,1,1,0.98077
394,50,489,99,165,325,1,1,0.91566
395,50,489,88,175,346,1,1,0.86364
396,50,489,85,180,369,1,1,0.83978
397,50,494,75,187,391,1,1,0.78191
398,50,512,57,176,420,1,1,0.72881
399,50,527,39,176,444,1,1,0.63973
400,50,558,20,177,466,1,1,0.4603
401,50,565,23,175,488,1,1,0.40444
415,54,595,115,88,255,1,1,0
416,54,580,123,90,248,1,1,0
417,54,566,132,92,240,1,1,0
418,54,558,130,91,240,1,1,0
419,54,544,128,92,237,1,1,0
69,107,290,179,25,78,1,1,0.38462
70,107,290,179,25,78,1,1,0.53846
71,107,290,179,26,79,1,1,0.51852
72,107,290,179,27,80,1,1,0.46429
73,107,290,179,27,80,1,1,0.5
74,107,290,179,27,80,1,1,0.5
75,107,291,178,26,80,1,1,0.40741
76,107,291,179,26,79,1,1,0.40741
77,107,292,178,25,79,1,1,0.38462
78,107,292,178,24,75,1,1,0.36
79,107,291,178,24,71,1,1,0.4
80,107,292,178,23,67,1,1,0
81,107,292,178,22,63,1,1,0
82,107,292,178,22,65,1,1,0
83,107,291,178,23,67,1,1,0
84,107,291,178,23,68,1,1,0
85,107,291,178,23,70,1,1,0
86,107,290,178,23,72,1,1,0
87,107,289,178,24,74,1,1,0
88,107,289,178,24,75,1,1,0
89,107,288,178,24,77,1,1,0
90,107,288,178,24,79,1,1,0
91,107,288,178,25,81,1,1,0
92,107,287,178,25,82,1,1,0
93,107,287,178,25,84,1,1,0.42308
94,107,288,179,24,83,1,1,0.4
95,107,288,180,24,83,1,1,0.4
96,107,290,181,23,82,1,1,0.33333
97,107,291,182,22,81,1,1,0.34783
98,107,290,180,23,83,1,1,0.41667
99,107,290,180,23,84,1,1,0.45833
100,107,289,178,24,86,1,1,0.52
101,107,289,177,24,87,1,1,0.56818
102,107,289,177,24,87,1,1,0.19045
103,107,289,177,24,88,1,1,0.16315
104,107,290,177,23,88,1,1,0.375
105,107,290,177,23,88,1,1,0.33333
106,107,290,177,23,88,1,1,0.33333
107,107,289,177,24,88,1,1,0.36
108,107,289,177,24,88,1,1,0.36
109,107,290,177,24,88,1,1,0.32
110,107,290,177,24,88,1,1,0.32
111,107,290,177,24,88,1,1,0.32
112,107,291,177,23,88,1,1,0.29167
113,107,291,177,23,88,1,1,0
114,107,291,177,23,88,1,1,0
115,107,291,177,23,88,1,1,0
116,107,292,177,23,88,1,1,0
117,107,292,177,23,88,1,1,0
118,107,292,177,23,88,1,1,0
119,107,292,177,23,88,1,1,0
120,107,292,178,23,87,1,1,0
121,107,292,178,23,87,1,1,0
122,107,293,178,23,87,1,1,0
123,107,293,178,23,87,1,1,0.20833
124,107,293,178,23,87,1,1,0.20833
125,107,293,178,23,87,1,1,0.20833
126,107,293,178,23,87,1,1,0.20833
127,107,293,178,23,87,1,1,0.20833
128,107,293,178,23,87,1,1,0.20833
129,107,293,178,24,87,1,1,0.2
130,107,293,178,24,87,1,1,0.2
131,107,294,178,23,87,1,1,0.16667
132,107,294,178,23,87,1,1,0.16667
133,107,294,178,23,87,1,1,0.16667
134,107,294,178,23,87,1,1,0.16667
135,107,294,178,23,87,1,1,0.16667
136,107,294,178,23,87,1,1,0.16667
137,107,294,178,23,87,1,1,0.16667
138,107,294,178,23,87,1,1,0.16667
139,107,294,177,23,88,1,1,0.16667
140,107,294,177,23,88,1,1,0.16667
141,107,294,177,23,88,1,1,0.16667
142,107,294,177,23,88,1,1,0.16667
143,107,294,177,23,88,1,1,0.16667
144,107,293,177,23,88,1,1,0.20833
145,107,292,177,24,88,1,1,0.24
146,107,292,177,24,88,1,1,0.24
147,107,292,177,24,88,1,1,0.24
148,107,292,177,24,88,1,1,0.24
149,107,292,177,24,88,1,1,0.24
150,107,291,177,24,88,1,1,0.28
151,107,291,177,25,88,1,1,0
152,107,291,177,25,88,1,1,0
153,107,290,177,25,88,1,1,0
154,107,290,177,25,88,1,1,0
155,107,289,177,26,88,1,1,0
156,107,288,177,26,88,1,1,0
157,107,288,177,26,88,1,1,0
158,107,288,177,26,88,1,1,0
159,107,288,177,27,88,1,1,0
160,107,287,177,27,88,1,1,0.14286
161,107,287,177,27,88,1,1,0.28571
162,107,287,177,27,88,1,1,0.28571
163,107,285,177,28,88,1,1,0.27586
164,107,285,177,28,88,1,1,0.24138
165,107,285,177,28,88,1,1,0.24138
166,107,285,177,28,88,1,1,0.27586
167,107,285,177,28,88,1,1,0.27586
168,107,286,177,27,88,1,1,0.25
169,107,286,177,27,88,1,1,0.25
170,107,286,177,27,88,1,1,0.25
171,107,286,177,27,88,1,1,0.21429
172,107,286,177,27,88,1,1,0.14286
173,107,286,177,27,88,1,1,0.10714
174,107,286,177,27,88,1,1,0.10714
175,107,286,177,27,88,1,1,0
176,107,286,177,27,88,1,1,0
177,107,286,177,27,88,1,1,0
178,107,286,177,27,88,1,1,0
179,107,286,177,27,88,1,1,0
180,107,286,177,26,88,1,1,0
181,107,286,177,26,88,1,1,0
182,107,286,177,26,88,1,1,0.37037
183,107,286,177,26,88,1,1,0.40741
184,107,286,177,26,88,1,1,0.44444
185,107,287,177,26,88,1,1,0.2963
186,107,287,177,26,88,1,1,0.2963
187,107,287,177,26,88,1,1,0.2963
188,107,288,177,25,88,1,1,0.30769
189,107,288,177,25,88,1,1,0.30769
190,107,288,177,25,88,1,1,0.30769
191,107,288,177,25,88,1,1,0.30769
192,107,288,177,25,88,1,1,0.30769
193,107,288,177,25,88,1,1,0.30769
194,107,289,177,26,89,1,1,0.25926
195,107,292,176,27,90,1,1,0.14286
196,107,293,177,28,90,1,1,0.068966
197,107,287,175,27,90,1,1,0.28964
198,107,293,176,28,90,1,1,0.034483
199,107,291,178,28,88,1,1,0.10345
200,107,290,178,27,87,1,1,0.10714
201,107,289,179,26,85,1,1,0.14815
202,107,288,178,26,86,1,1,0.14815
203,107,288,179,25,86,1,1,0.11538
204,107,287,178,25,87,1,1,0.11538
269,108,278,155,37,108,1,1,0
270,108,271,130,40,113,1,1,0.0034232
271,108,265,105,43,118,1,1,0
272,108,254,74,45,122,1,1,0.014139
273,108,244,70,43,121,1,1,0
274,108,245,87,42,117,1,1,0.0067008
275,108,239,106,40,116,1,1,0.0039608
276,108,238,136,36,115,1,1,0
7,111,594,197,206,118,0,3,0.22705
8,111,582,195,218,122,0,3,0.26941
9,111,571,194,229,125,0,3,0.30435
10,111,559,193,241,128,0,3,0.33884
11,111,548,192,253,132,0,3,0.36614
12,111,529,189,272,136,0,3,0.41026
13,111,511,187,290,140,0,3,0.44674
14,111,493,185,308,144,0,3,0.47896
15,111,475,183,326,148,0,3,0.50765
16,111,457,181,344,152,0,3,0.53333
17,111,439,179,362,156,0,3,0.55647
18,111,412,178,371,159,0,3,0.61559
19,111,385,178,381,162,0,3,0.67016
20,111,358,178,391,165,0,3,0.72194
21,111,331,178,401,167,0,3,0.77114
22,111,304,178,411,170,0,3,0.75485
23,111,277,178,421,173,0,3,0.72749
24,111,245,177,434,170,0,3,0.69885
25,111,213,176,448,167,0,3,0.69488
26,111,181,175,462,165,0,3,0.71706
27,111,136,170,450,163,0,3,0.61419
28,111,108,169,438,160,0,3,0.53759
29,111,81,168,425,158,0,3,0.4554
30,111,53,167,413,156,0,3,0.34783
31,111,26,166,401,154,0,3,0.23829
32,111,5,165,389,152,0,3,0.13144
33,111,-15,164,376,150,0,3,0.11617
34,111,-21,166,353,144,0,3,0.12651
35,111,-26,168,329,139,0,3,0.13095
36,111,-32,170,306,133,0,3,0.13231
37,111,-37,172,282,128,0,3,0.079574
38,111,-42,175,259,121,0,3,0.0063052
39,111,-48,177,236,116,0,3,0.0055538
40,111,-53,179,212,110,0,3,0.0067673
41,111,-59,181,189,105,0,3,0
42,111,-64,183,165,99,0,3,0
1,112,566,181,228,98,0,3,0.32751
2,112,555,182,240,98,0,3,0.35685
3,112,545,183,252,98,0,3,0.37945
4,112,535,184,264,98,0,3,0.4
5,112,522,183,271,99,0,3,0.4375
6,112,509,182,279,100,0,3,0.47143
7,112,496,182,287,100,0,3,0.36451
8,112,484,181,293,101,0,3,0.36088
9,112,471,181,301,101,0,3,0.36067
10,112,458,180,309,103,0,3,0.35887
11,112,445,179,316,104,0,3,0.36124
12,112,433,179,323,104,0,3,0.32922
13,112,420,178,331,105,0,3,0.30734
14,112,407,178,338,105,0,3,0.28252
15,112,394,177,346,106,0,3,0.26025
16,112,382,177,353,107,0,3,0.23112
17,112,360,176,349,107,0,3,0.24175
18,112,338,175,346,107,0,3,0.23159
19,112,316,175,343,106,0,3,0.204
20,112,294,174,340,106,0,3,0.11541
21,112,272,173,337,106,0,3,0.044489
22,112,251,173,333,105,0,3,0.036013
23,112,233,173,330,105,0,3,0.032777
24,112,215,173,327,105,0,3,0.04809
25,112,198,174,323,104,0,3,0.057643
26,112,180,174,320,104,0,3,0.0056965
27,112,162,174,317,104,0,3,0
28,112,145,175,313,103,0,3,0
29,112,127,175,310,103,0,3,0
30,112,110,175,306,103,0,3,0
31,112,92,176,303,102,0,3,0
32,112,74,176,300,102,0,3,0
33,112,57,176,297,102,0,3,0
34,112,39,177,294,101,0,3,0
35,112,21,177,291,101,0,3,0
36,112,4,177,287,101,0,3,0
37,112,-14,178,284,100,0,3,0.066667
38,112,-31,178,280,100,0,3,0.064057
39,112,-49,178,277,100,0,3,0
40,112,-67,179,274,99,0,3,0
41,112,-84,179,270,99,0,3,0
42,112,-102,179,267,99,0,3,0
1,113,-73,152,345,145,0,3,0.31554
2,113,-81,151,338,145,0,3,0.27019
3,113,-89,151,331,145,0,3,0.2259
4,113,-97,151,325,145,0,3,0.18405
5,113,-105,151,318,145,0,3,0.15361
6,113,-113,151,311,145,0,3,0.16987
7,113,-120,150,304,145,0,3,0.18689
8,113,-128,150,297,145,0,3,0.19463
9,113,-136,150,290,145,0,3,0.20962
10,113,-144,150,284,145,0,3,0.17193
11,113,-152,150,277,145,0,3,0.20504
5,114,281,199,36,54,0,2,0.37838
6,114,307,198,35,55,0,2,0.48214
7,114,333,197,35,57,0,2,0.5
8,114,359,200,36,54,0,2,0.47273
9,114,391,199,36,54,0,2,0.50909
10,114,423,198,36,54,0,2,0.49877
11,114,455,197,36,54,0,2,0
5,115,268,225,63,36,0,4,0.67188
6,115,295,225,63,35,0,4,0.98438
7,115,323,226,62,34,0,4,1
8,115,350,226,62,35,0,4,1
9,115,378,227,62,35,0,4,1
10,115,405,227,63,36,0,4,0.82812
13,116,-41,128,72,174,0,2,0.27609
14,116,-32,139,73,168,0,2,0.34296
15,116,-20,143,74,162,0,2,0.46151
16,116,-20,145,75,155,0,2,0.4224
17,116,-20,142,73,170,0,2,0.34345
18,116,-23,140,73,173,0,2,0.31842
19,116,-26,138,74,177,0,2,0.29843
20,116,-29,137,74,180,0,2,0.27514
21,116,-32,135,75,183,0,2,0.2583
22,116,-35,133,75,187,0,2,0.23516
23,116,-38,132,76,190,0,2,0.21704
24,116,-37,131,76,191,0,2,0.22159
25,116,-36,130,76,192,0,2,0.2261
26,116,-35,129,77,194,0,2,0.23195
27,116,-34,128,77,195,0,2,0.23345
28,116,-33,127,78,197,0,2,0.23878
29,116,-31,125,78,198,0,2,0.25113
30,116,-29,123,78,200,0,2,0.25694
31,116,-27,121,79,202,0,2,0.27537
32,116,-25,120,79,202,0,2,0.28264
33,116,-23,118,80,204,0,2,0.29521
34,116,-21,116,80,206,0,2,0.30614
35,116,-19,115,81,207,0,2,0.31625
36,116,-20,113,81,209,0,2,0.31173
37,116,-20,112,80,211,0,2,0.30748
38,116,-21,110,80,214,0,2,0.30491
39,116,-21,109,79,216,0,2,0.30069
40,116,-21,107,78,218,0,2,0.3031
41,116,-22,106,78,220,0,2,0.28455
42,116,-22,105,77,222,0,2,0.26733
43,116,-22,103,76,225,0,2,0.22928
44,116,-23,102,76,227,0,2,0.21645
45,116,-23,100,76,229,0,2,0.17527
46,116,-24,99,76,231,0,2,0.17376
47,116,-24,97,75,234,0,2,0.12195
48,116,-24,96,74,236,0,2,0.12253
49,116,-25,95,74,238,0,2,0.061367
50,116,-25,93,73,240,0,2,0.080072
51,116,-25,92,72,242,0,2,0.1035
52,116,-26,90,72,245,0,2,0.028956
53,116,-26,89,71,247,0,2,0
54,116,-26,88,71,249,0,2,0
55,116,-27,86,71,249,0,2,0
56,116,-28,85,71,249,0,2,0
57,116,-28,84,71,249,0,2,0
58,116,-29,83,71,249,0,2,0
59,116,-30,82,71,249,0,2,0
60,116,-30,80,71,249,0,2,0
61,116,-31,79,71,249,0,2,0
62,116,-32,78,71,249,0,2,0
63,116,-32,77,71,249,0,2,0
64,116,-33,76,71,249,0,2,0
65,116,-33,75,71,249,0,2,0
66,116,-33,75,71,249,0,2,0
67,116,-33,75,71,249,0,2,0
68,116,-33,75,71,249,0,2,0
69,116,-33,75,71,249,0,2,0
70,116,-33,75,71,249,0,2,0
71,116,-33,75,71,249,0,2,0
72,116,-33,76,71,249,0,2,0
73,116,-33,76,71,249,0,2,0
74,116,-33,76,71,249,0,2,0
75,116,-33,76,71,249,0,2,0
76,116,-33,76,71,249,0,2,0
77,116,-33,76,71,249,0,2,0
78,116,-33,76,71,249,0,2,0
79,116,-32,77,71,249,0,2,0
80,116,-32,77,71,249,0,2,0
81,116,-32,77,71,249,0,2,0
82,116,-32,77,71,249,0,2,0
83,116,-32,77,71,249,0,2,0
84,116,-32,77,71,249,0,2,0
85,116,-32,78,71,249,0,2,0
86,116,-32,78,71,249,0,2,0
87,116,-32,78,71,249,0,2,0
88,116,-32,78,71,249,0,2,0
89,116,-32,78,71,249,0,2,0
90,116,-32,78,71,249,0,2,0
91,116,-32,78,71,249,0,2,0
92,116,-31,79,71,249,0,2,0
93,116,-31,79,71,249,0,2,0
94,116,-31,79,71,249,0,2,0
95,116,-31,79,71,249,0,2,0
96,116,-31,79,71,249,0,2,0
97,116,-31,79,71,249,0,2,0
98,116,-31,79,71,249,0,2,0
99,116,-31,80,71,249,0,2,0
100,116,-31,80,71,249,0,2,0
101,116,-31,80,71,249,0,2,0
102,116,-31,80,71,249,0,2,0
103,116,-31,80,71,249,0,2,0
104,116,-31,80,71,249,0,2,0
105,116,-30,81,71,249,0,2,0
106,116,-30,81,71,249,0,2,0
107,116,-30,81,71,249,0,2,0
108,116,-30,81,71,249,0,2,0
109,116,-30,81,71,249,0,2,0
110,116,-30,81,71,249,0,2,0
111,116,-30,81,71,249,0,2,0
112,116,-30,81,71,249,0,2,0
113,116,-30,81,71,249,0,2,0
114,116,-30,81,71,249,0,2,0
115,116,-30,81,71,249,0,2,0
116,116,-30,81,71,249,0,2,0
117,116,-30,81,71,249,0,2,0
118,116,-30,81,71,249,0,2,0
119,116,-30,81,71,249,0,2,0
120,116,-30,81,71,249,0,2,0
121,116,-30,81,71,249,0,2,0
122,116,-30,81,71,249,0,2,0
123,116,-30,81,71,249,0,2,0
124,116,-30,81,71,249,0,2,0
125,116,-30,81,71,249,0,2,0
126,116,-30,81,71,249,0,2,0
127,116,-30,81,71,249,0,2,0
128,116,-30,81,71,249,0,2,0
129,116,-30,81,71,249,0,2,0
130,116,-30,81,71,249,0,2,0
131,116,-30,81,71,249,0,2,0.0058333
132,116,-30,81,71,249,0,2,0
133,116,-30,81,71,249,0,2,0
134,116,-30,81,71,249,0,2,0
135,116,-30,81,71,249,0,2,0
136,116,-30,81,71,249,0,2,0
137,116,-30,81,71,249,0,2,0
138,116,-30,81,71,249,0,2,0
139,116,-30,81,71,249,0,2,0
140,116,-30,81,71,249,0,2,0
141,116,-30,81,71,249,0,2,0
142,116,-30,81,71,249,0,2,0
143,116,-30,81,71,249,0,2,0
144,116,-30,81,71,249,0,2,0
145,116,-30,81,71,249,0,2,0
146,116,-30,81,71,249,0,2,0
147,116,-30,81,71,249,0,2,0
148,116,-30,81,71,249,0,2,0
149,116,-30,81,71,249,0,2,0
150,116,-30,81,71,249,0,2,0
151,116,-30,81,71,249,0,2,0
152,116,-30,81,71,249,0,2,0
153,116,-30,81,71,249,0,2,0
154,116,-30,81,71,249,0,2,0
155,116,-30,81,71,249,0,2,0
156,116,-30,81,71,249,0,2,0
157,116,-30,81,71,249,0,2,0
158,116,-30,81,71,249,0,2,0
159,116,-30,81,71,249,0,2,0
160,116,-30,81,71,249,0,2,0
161,116,-30,81,71,249,0,2,0
162,116,-30,81,71,249,0,2,0
163,116,-30,81,71,249,0,2,0
164,116,-30,81,71,249,0,2,0
165,116,-30,81,71,249,0,2,0
166,116,-30,81,71,249,0,2,0
167,116,-30,81,71,249,0,2,0
168,116,-30,81,71,249,0,2,0
169,116,-30,81,71,249,0,2,0
170,116,-30,81,71,249,0,2,0
171,116,-30,81,71,249,0,2,0
172,116,-30,81,71,249,0,2,0
173,116,-30,81,71,249,0,2,0
174,116,-30,81,71,249,0,2,0
175,116,-30,81,71,249,0,2,0
176,116,-30,81,71,249,0,2,0
177,116,-30,81,71,249,0,2,0
178,116,-30,81,71,249,0,2,0
179,116,-30,81,71,249,0,2,0
180,116,-30,81,71,249,0,2,0
181,116,-30,81,71,249,0,2,0
182,116,-30,81,71,249,0,2,0
183,116,-30,81,71,249,0,2,0
184,116,-30,81,71,249,0,2,0
185,116,-30,81,71,249,0,2,0
186,116,-30,81,71,249,0,2,0
187,116,-30,81,71,249,0,2,0
188,116,-30,81,71,249,0,2,0
189,116,-30,81,71,249,0,2,0
190,116,-30,81,71,249,0,2,0
191,116,-30,81,71,249,0,2,0
192,116,-30,81,71,249,0,2,0
193,116,-30,81,71,249,0,2,0
194,116,-30,81,71,249,0,2,0
195,116,-30,81,71,249,0,2,0
196,116,-30,81,71,249,0,2,0
197,116,-30,81,71,249,0,2,0
198,116,-30,81,71,249,0,2,0
199,116,-30,81,71,249,0,2,0
200,116,-21,83,71,245,0,2,0
201,116,-12,85,71,242,0,2,0
202,116,-2,87,70,239,0,2,0
203,116,7,90,70,234,0,2,0
204,116,16,92,70,231,0,2,0
205,116,26,94,69,228,0,2,0
206,116,35,97,69,223,0,2,0
207,116,44,99,69,220,0,2,0
208,116,54,101,68,217,0,2,0
209,116,63,104,68,212,0,2,0
210,116,72,106,68,209,0,2,0
211,116,82,108,67,206,0,2,0
212,116,91,110,67,203,0,2,0
213,116,100,113,67,198,0,2,0
214,116,110,115,66,195,0,2,0
215,116,119,117,66,192,0,2,0
216,116,128,120,66,187,0,2,0
217,116,138,122,65,184,0,2,0
218,116,147,124,65,181,0,2,0
219,116,156,127,65,176,0,2,0
220,116,166,129,64,173,0,2,0
221,116,175,131,64,170,0,2,0
222,116,185,134,64,166,0,2,0
223,116,191,135,63,162,0,2,0
224,116,197,136,63,158,0,2,0
225,116,203,137,63,155,0,2,0
226,116,210,138,62,151,0,2,0
227,116,216,139,62,148,0,2,0.028976
228,116,222,140,62,144,0,2,0.11002
229,116,229,141,61,140,0,2,0.11325
230,116,235,142,61,137,0,2,0.091164
231,116,241,143,61,133,0,2,0.077034
232,116,247,144,61,130,0,2,0.055159
233,116,254,145,60,126,0,2,0.033045
234,116,260,146,60,122,0,2,0.04265
235,116,266,147,60,119,0,2,0.061202
236,116,273,148,59,115,0,2,0.024138
237,116,279,149,59,112,0,2,0.082596
238,116,285,150,59,108,0,2,0.021407
239,116,292,151,58,105,0,2,0.058523
240,116,296,151,58,105,0,2,0.089543
241,116,301,152,57,104,0,2,0.10837
242,116,305,153,57,103,0,2,0.044761
243,116,310,154,56,102,0,2,0
244,116,314,155,57,101,0,2,0
245,116,319,156,56,100,0,2,0
246,116,323,157,56,99,0,2,0
247,116,328,158,55,98,0,2,0
248,116,332,159,55,97,0,2,0.053571
249,116,337,160,55,97,0,2,0.12719
250,116,341,160,55,97,0,2,0.080175
251,116,346,161,54,96,0,2,0.046673
252,116,350,162,54,95,0,2,0.011364
253,116,355,163,53,94,0,2,0.0097466
254,116,359,164,54,93,0,2,0.015474
255,116,364,165,53,92,0,2,0.2266
256,116,368,166,53,91,0,2,0.25081
257,116,373,167,52,90,0,2,0.21833
258,116,377,168,52,89,0,2,0.17778
259,116,382,169,52,89,0,2,0
260,116,382,168,52,88,0,2,0
261,116,383,167,51,87,0,2,0
262,116,383,166,51,87,0,2,0
263,116,384,165,50,86,0,2,0
264,116,384,165,51,85,0,2,0.054562
265,116,385,164,50,84,0,2,0.093656
266,116,385,163,50,83,0,2,0.091503
267,116,386,162,49,83,0,2,0.077143
268,116,386,161,49,82,0,2,0.044337
269,116,387,161,49,81,0,2,0.027073
270,116,383,148,48,80,0,2,0.05291
271,116,379,116,48,79,0,2,0.098214
272,116,376,85,47,78,0,2,0.30485
273,116,374,84,47,78,0,2,0.13449
274,116,371,98,47,77,0,2,0.17895
275,116,369,122,47,76,0,2,0.083333
276,116,368,146,47,76,0,2,0
277,116,366,157,46,75,0,2,0
278,116,359,165,46,75,0,2,0
1,117,307,213,12,32,1,1,1
2,117,312,213,12,32,1,1,1
3,117,317,213,12,32,1,1,1
4,117,322,213,12,32,1,1,1
5,117,329,213,12,32,1,1,0.85315
6,117,336,213,12,32,1,1,0.16783
7,117,343,214,12,32,1,1,0
8,117,350,214,12,32,1,1,0.25175
9,117,357,215,12,32,1,1,1
10,117,365,215,12,32,1,1,1
11,117,374,216,12,32,1,1,1
12,117,383,216,12,32,1,1,1
13,117,392,216,12,32,1,1,1
14,117,402,217,12,32,1,1,0.38462
15,117,413,217,12,33,1,1,0
16,117,416,214,12,34,1,1,0
17,117,419,212,12,34,1,1,0
18,117,422,209,13,35,1,1,0
19,117,425,207,13,35,1,1,0
20,117,429,205,13,35,1,1,0
21,117,432,205,13,35,1,1,0
22,117,435,205,13,35,1,1,0
23,117,438,205,14,36,1,1,0
24,117,441,205,14,36,1,1,0
25,117,444,205,14,37,1,1,0
26,117,448,206,14,36,1,1,0
27,117,451,206,14,36,1,1,0
28,117,454,206,14,37,1,1,0
29,117,457,206,15,37,1,1,0
30,117,460,206,15,38,1,1,0.5625
31,117,463,206,15,38,1,1,1
32,117,467,207,15,38,1,1,1
33,117,476,206,16,38,1,1,1
34,117,486,205,16,39,1,1,1
35,117,495,204,17,40,1,1,1
36,117,505,204,17,40,1,1,1
37,117,510,206,17,41,1,1,1
38,117,515,206,18,41,1,1,1
39,117,521,206,18,41,1,1,0
40,117,523,206,18,41,1,1,0
41,117,525,206,18,42,1,1,0
42,117,522,206,19,42,1,1,0
43,117,520,203,19,42,1,1,0
44,117,520,203,20,42,1,1,0
45,117,521,203,20,42,1,1,0
46,117,522,203,20,43,1,1,0
47,117,524,203,20,44,1,1,0
48,117,526,203,21,45,1,1,0
49,117,529,204,21,45,1,1,0
50,117,533,204,22,46,1,1,1
51,117,535,203,22,46,1,1,0
52,117,538,202,22,47,1,1,0
53,117,540,202,22,47,1,1,0
54,117,543,201,22,47,1,1,0
55,117,545,200,22,48,1,1,0
56,117,548,200,22,48,1,1,0
57,117,550,199,23,48,1,1,0
58,117,553,198,22,49,1,1,0
59,117,555,198,23,49,1,1,0
60,117,558,197,22,49,1,1,0
61,117,560,196,23,50,1,1,0
62,117,563,196,23,50,1,1,0
63,117,563,196,24,51,1,1,0
64,117,565,195,24,52,1,1,0
65,117,567,195,25,52,1,1,0
66,117,569,195,25,52,1,1,0
67,117,572,195,25,53,1,1,0
68,117,574,194,25,54,1,1,0
69,117,576,194,26,54,1,1,0.037037
70,117,579,194,25,55,1,1,0.076923
71,117,581,194,26,55,1,1,0.14815
72,117,583,194,26,55,1,1,0.37037
73,117,586,193,26,57,1,1,0.51852
74,117,588,193,26,57,1,1,0
75,117,590,193,27,57,1,1,0
76,117,592,193,27,57,1,1,0
77,117,595,192,27,59,1,1,0
78,117,597,192,27,59,1,1,0
79,117,599,192,28,59,1,1,0
80,117,602,192,27,60,1,1,0
81,117,604,192,28,60,1,1,0
82,117,606,191,28,61,1,1,0
83,117,609,191,28,62,1,1,0
84,117,611,191,28,62,1,1,0
85,117,613,191,29,62,1,1,0.93333
86,117,616,191,29,63,1,1,0.83333
87,117,620,190,29,63,1,1,0.7
88,117,624,190,29,63,1,1,0.56667
89,117,628,189,29,63,1,1,0.43333
1,118,493,187,24,49,0,8,0
2,118,501,187,25,49,0,8,0
3,118,510,187,25,49,0,8,0
4,118,519,187,25,50,0,8,0
5,118,528,187,25,50,0,8,0
6,118,537,187,25,50,0,8,0
39,119,511,180,276,123,0,3,0.46931
40,119,484,179,282,123,0,3,0.55477
41,119,457,178,289,123,0,3,0.55862
42,119,430,178,296,122,0,3,0.52862
43,119,403,177,302,122,0,3,0.50165
44,119,376,176,309,123,0,3,0.47419
45,119,349,176,316,122,0,3,0.44479
46,119,322,175,322,122,0,3,0.42105
47,119,295,174,329,122,0,3,0.34848
48,119,269,174,335,122,0,3,0.31845
49,119,247,174,321,120,0,3,0.27019
50,119,225,175,307,118,0,3,0.15909
51,119,204,176,292,116,0,3,0.14334
52,119,182,176,278,114,0,3,0.15412
53,119,160,177,264,112,0,3,0.16981
54,119,139,178,250,110,0,3,0.17928
55,119,122,176,250,110,0,3,0.18725
56,119,106,175,250,110,0,3,0.099602
57,119,89,173,251,110,0,3,0
58,119,73,172,250,110,0,3,0
59,119,56,170,251,110,0,3,0
60,119,40,169,251,110,0,3,0
92,120,587,171,77,94,0,2,0.32794
93,120,558,171,76,93,0,2,0.32412
94,120,530,171,74,92,0,2,0.14151
95,120,501,172,74,91,0,2,0
96,120,473,172,72,90,0,2,0
97,120,444,173,72,89,0,2,0
98,120,416,173,70,88,0,2,0
99,120,387,174,70,87,0,2,0
100,120,359,174,68,86,0,2,0
101,120,330,175,68,85,0,2,0
102,120,302,175,66,84,0,2,0.0035119
103,120,274,176,65,83,0,2,0.0039683
104,120,248,174,65,83,0,2,0.026515
90,121,615,215,145,79,0,4,0.17808
91,121,583,215,141,78,0,4,0.38732
92,121,551,216,138,76,0,4,0.40288
93,121,520,217,134,74,0,4,0.42222
94,121,488,218,131,72,0,4,0.27273
95,121,457,219,127,71,0,4,0.015625
96,121,433,217,123,70,0,4,0
97,121,409,216,120,69,0,4,0
98,121,385,215,117,67,0,4,0
99,121,361,214,114,66,0,4,0
100,121,337,213,111,64,0,4,0
101,121,313,212,108,63,0,4,0
102,121,289,211,105,61,0,4,0.21698
103,121,265,210,102,60,0,4,0.21359
108,122,543,140,258,256,0,3,0.19691
109,122,486,136,314,253,0,3,0.15556
110,122,429,132,371,250,0,3,0.12634
111,122,372,128,429,246,0,3,0.10465
112,122,315,125,486,243,0,3,0.088296
113,122,258,122,543,241,0,3,0.10846
114,122,232,124,567,233,0,3,0.10563
115,122,206,126,529,225,0,3,0.11509
116,122,180,129,491,217,0,3,0.12602
117,122,155,132,462,210,0,3,0.086393
118,122,129,134,434,203,0,3,0.036782
119,122,104,137,405,195,0,3,0.036946
120,122,78,140,377,188,0,3,0.039683
121,122,53,143,348,180,0,3,0.040115
122,122,28,146,319,173,0,3,0.04375
303,123,521,125,101,246,1,1,0
304,123,517,123,105,250,1,1,0.19811
305,123,513,122,110,253,1,1,0.32432
306,123,509,120,115,258,1,1,1
307,123,505,119,120,261,1,1,1
308,123,501,118,125,265,1,1,1
309,123,497,116,130,277,1,1,1
310,123,493,114,135,289,1,1,1
311,123,492,119,140,307,1,1,1
312,123,487,100,144,325,1,1,1
313,123,484,92,148,345,1,1,1
314,123,481,85,153,365,1,1,1
315,123,482,77,162,398,1,1,0.97546
316,123,486,60,171,432,1,1,0.87619
317,123,491,44,180,466,1,1,0.77549
318,123,496,28,189,499,1,1,0.69142
319,123,501,12,198,533,1,1,0.61788
320,123,521,-19,228,591,1,1,0.42488
1,125,114,154,85,176,1,1,1
2,125,117,152,86,180,1,1,1
3,125,121,151,86,184,1,1,1
4,125,126,150,87,186,1,1,1
5,125,131,149,89,189,1,1,1
6,125,136,148,91,192,1,1,1
7,125,141,147,93,195,1,1,1
8,125,146,146,95,198,1,1,1
9,125,151,145,97,201,1,1,1
10,125,156,144,99,204,1,1,1
11,125,164,142,100,208,1,1,1
12,125,172,141,101,211,1,1,1
13,125,181,140,101,215,1,1,1
14,125,189,139,102,218,1,1,1
15,125,197,138,103,221,1,1,1
16,125,206,137,104,225,1,1,1
17,125,209,134,104,228,1,1,1
18,125,212,132,105,230,1,1,1
19,125,215,130,106,233,1,1,1
20,125,209,125,119,240,1,1,1
21,125,211,123,117,247,1,1,1
22,125,213,121,116,255,1,1,1
23,125,222,123,111,265,1,1,1
24,125,223,119,113,273,1,1,1
25,125,225,116,115,281,1,1,1
26,125,227,113,116,289,1,1,1
27,125,229,109,118,298,1,1,1
28,125,231,106,119,306,1,1,1
29,125,233,103,121,314,1,1,1
30,125,237,99,127,324,1,1,1
31,125,241,95,133,334,1,1,1
32,125,245,91,140,344,1,1,1
33,125,249,87,146,355,1,1,1
34,125,253,83,152,365,1,1,1
35,125,257,80,159,374,1,1,1
36,125,261,76,165,384,1,1,1
37,125,265,72,171,395,1,1,1
38,125,269,68,178,405,1,1,1
39,125,273,64,184,415,1,1,1
40,125,277,60,190,425,1,1,0.98826
41,125,282,57,196,435,1,1,0.97248
42,125,282,53,201,441,1,1,0.96833
43,125,283,50,205,447,1,1,0.96205
44,125,283,47,210,453,1,1,0.95595
45,125,284,44,215,459,1,1,0.95
46,125,284,41,220,465,1,1,0.94421
47,125,285,38,224,471,1,1,0.93856
48,125,286,34,228,478,1,1,0.93319
49,125,286,31,234,484,1,1,0.92784
50,125,287,28,238,490,1,1,0.92261
51,125,287,25,243,496,1,1,0.91751
52,125,288,22,247,502,1,1,0.91252
53,125,289,19,252,508,1,1,0.90766
54,125,291,16,256,514,1,1,0.90291
55,125,294,13,259,520,1,1,0.89827
56,125,297,10,262,526,1,1,0.89374
57,125,300,7,265,533,1,1,0.88764
58,125,303,4,268,539,1,1,0.88333
59,125,305,1,272,545,1,1,0.87912
60,125,308,-2,275,552,1,1,0.86799
61,125,311,-5,278,558,1,1,0.85868
62,125,314,-8,281,564,1,1,0.84956
63,125,317,-11,285,571,1,1,0.83916
64,125,315,-14,288,577,1,1,0.83045
65,125,313,-17,292,583,1,1,0.82192
66,125,312,-17,292,583,1,1,0.82192
67,125,312,-17,291,583,1,1,0.82192
68,125,312,-17,290,584,1,1,0.82051
69,125,312,-17,289,584,1,1,0.82051
70,125,312,-17,289,585,1,1,0.81911
71,125,312,-17,288,585,1,1,0.81911
72,125,312,-17,287,585,1,1,0.81911
73,125,312,-17,286,586,1,1,0.81772
74,125,312,-17,286,586,1,1,0.81772
75,125,312,-17,285,587,1,1,0.81633
76,125,312,-17,284,587,1,1,0.81633
77,125,312,-17,283,587,1,1,0.81633
78,125,312,-16,283,587,1,1,0.81633
79,125,312,-16,282,587,1,1,0.81633
80,125,312,-16,281,588,1,1,0.81494
81,125,312,-16,280,588,1,1,0.81494
82,125,312,-16,280,588,1,1,0.81494
83,125,312,-16,279,589,1,1,0.81356
84,125,312,-16,278,589,1,1,0.81356
85,125,312,-16,277,590,1,1,0.81218
86,125,312,-16,277,590,1,1,0.81218
87,125,312,-16,276,590,1,1,0.81218
88,125,312,-16,275,591,1,1,0.81081
89,125,312,-16,274,591,1,1,0.81081
90,125,312,-15,274,591,1,1,0.81081
91,125,312,-15,273,591,1,1,0.81081
92,125,312,-15,272,591,1,1,0.81081
93,125,312,-15,271,592,1,1,0.80944
94,125,312,-15,271,592,1,1,0.80944
95,125,312,-15,270,593,1,1,0.80808
96,125,312,-15,269,593,1,1,0.80808
97,125,312,-15,268,593,1,1,0.80808
98,125,312,-15,268,594,1,1,0.80672
99,125,312,-15,267,594,1,1,0.80672
100,125,312,-15,266,595,1,1,0.80537
101,125,312,-15,265,595,1,1,0.80537
102,125,312,-14,265,595,1,1,0.80537
103,125,311,-15,268,595,1,1,0.80537
104,125,311,-16,270,596,1,1,0.80402
105,125,310,-16,273,595,1,1,0.80537
106,125,310,-17,275,596,1,1,0.80402
107,125,310,-18,277,596,1,1,0.80402
108,125,309,-18,280,596,1,1,0.80402
109,125,309,-19,282,596,1,1,0.80402
110,125,309,-20,284,597,1,1,0.80268
111,125,308,-20,287,596,1,1,0.80402
112,125,308,-21,289,597,1,1,0.80268
113,125,308,-21,292,597,1,1,0.80268
114,125,307,-22,291,597,1,1,0.80268
115,125,307,-23,290,598,1,1,0.80134
116,125,307,-23,289,598,1,1,0.80134
117,125,307,-24,288,599,1,1,0.8
118,125,306,-24,288,599,1,1,0.8
119,125,306,-25,287,600,1,1,0.79867
120,125,306,-25,286,599,1,1,0.8
121,125,306,-26,285,600,1,1,0.79867
122,125,305,-26,285,600,1,1,0.79867
123,125,305,-27,284,601,1,1,0.79734
124,125,305,-28,283,602,1,1,0.79602
125,125,305,-28,282,602,1,1,0.79602
126,125,304,-29,282,603,1,1,0.7947
127,125,304,-29,281,602,1,1,0.79602
128,125,304,-30,280,603,1,1,0.7947
129,125,304,-30,279,603,1,1,0.7947
130,125,303,-31,279,604,1,1,0.79339
131,125,303,-31,278,604,1,1,0.79339
132,125,303,-32,277,605,1,1,0.79208
133,125,303,-32,276,605,1,1,0.79208
134,125,302,-33,278,605,1,1,0.79208
135,125,302,-34,279,606,1,1,0.79077
136,125,302,-34,281,606,1,1,0.79077
137,125,302,-35,282,607,1,1,0.78947
138,125,301,-35,284,607,1,1,0.78947
139,125,301,-36,286,608,1,1,0.78818
140,125,301,-36,287,608,1,1,0.78818
141,125,301,-37,288,609,1,1,0.78689
142,125,300,-37,291,609,1,1,0.78689
143,125,300,-38,292,610,1,1,0.7856
144,125,300,-39,293,611,1,1,0.78431
145,125,300,-39,295,611,1,1,0.78431
146,125,299,-40,297,612,1,1,0.78303
147,125,299,-40,298,612,1,1,0.78303
148,125,299,-41,300,613,1,1,0.78176
149,125,299,-41,301,613,1,1,0.78176
150,125,298,-42,303,614,1,1,0.78049
151,125,298,-42,305,614,1,1,0.78049
152,125,298,-43,306,615,1,1,0.77922
153,125,298,-43,308,615,1,1,0.77922
154,125,297,-44,298,615,1,1,0.77922
155,125,297,-45,288,615,1,1,0.77922
156,125,297,-45,277,615,1,1,0.77922
157,125,296,-46,268,615,1,1,0.77922
158,125,296,-46,257,615,1,1,0.77922
159,125,296,-47,247,615,1,1,0.77922
160,125,295,-48,237,615,1,1,0.77922
161,125,295,-48,227,615,1,1,0.77922
162,125,295,-49,216,615,1,1,0.77922
163,125,295,-49,206,615,1,1,0.77922
164,125,294,-50,208,616,1,1,0.77796
165,125,294,-51,209,617,1,1,0.7767
166,125,294,-51,210,617,1,1,0.7767
167,125,294,-52,211,618,1,1,0.77544
168,125,293,-52,213,618,1,1,0.77544
169,125,293,-53,214,619,1,1,0.77419
170,125,293,-53,215,619,1,1,0.77419
171,125,293,-54,216,620,1,1,0.77295
172,125,292,-54,218,620,1,1,0.77295
173,125,292,-55,219,621,1,1,0.7717
174,125,292,-55,220,621,1,1,0.7717
175,125,292,-56,221,622,1,1,0.77047
176,125,292,-56,223,622,1,1,0.77047
177,125,293,-55,221,618,1,1,0.77544
178,125,294,-53,220,614,1,1,0.78049
179,125,295,-52,219,611,1,1,0.78431
180,125,296,-50,218,607,1,1,0.78947
181,125,297,-49,217,604,1,1,0.79339
182,125,299,-47,214,600,1,1,0.79867
183,125,300,-46,213,597,1,1,0.80268
184,125,301,-44,212,593,1,1,0.80808
185,125,302,-43,211,590,1,1,0.81218
186,125,303,-41,210,586,1,1,0.81772
187,125,305,-40,207,583,1,1,0.82192
188,125,306,-38,206,579,1,1,0.82759
189,125,307,-37,205,576,1,1,0.83189
190,125,308,-35,204,572,1,1,0.8377
191,125,309,-34,203,569,1,1,0.84211
192,125,311,-32,201,565,1,1,0.84806
193,125,309,-34,203,569,1,1,0.84211
194,125,308,-35,204,572,1,1,0.8377
195,125,307,-37,205,576,1,1,0.83189
196,125,306,-38,207,579,1,1,0.82759
197,125,305,-39,208,582,1,1,0.82333
198,125,304,-41,209,586,1,1,0.81772
199,125,302,-42,211,589,1,1,0.81356
200,125,301,-43,213,592,1,1,0.80944
201,125,300,-45,214,596,1,1,0.80402
202,125,299,-46,215,599,1,1,0.8
203,125,298,-47,216,602,1,1,0.79602
204,125,297,-49,218,606,1,1,0.79077
205,125,296,-50,219,609,1,1,0.78689
206,125,294,-51,221,612,1,1,0.78303
207,125,293,-53,222,616,1,1,0.77796
208,125,292,-54,224,619,1,1,0.77419
209,125,291,-55,225,622,1,1,0.77047
210,125,290,-57,226,626,1,1,0.76555
211,125,289,-58,227,629,1,1,0.7619
212,125,288,-59,229,633,1,1,0.7571
213,125,288,-51,226,626,1,1,0.76555
214,125,289,-42,223,618,1,1,0.77544
215,125,290,-33,220,610,1,1,0.7856
216,125,290,-24,218,602,1,1,0.79602
217,125,291,-15,215,594,1,1,0.80672
218,125,292,-7,212,587,1,1,0.81633
219,125,292,2,210,579,1,1,0.82586
220,125,293,11,207,571,1,1,0.82168
221,125,294,20,204,563,1,1,0.81738
222,125,295,29,201,556,1,1,0.81149
223,125,297,32,195,544,1,1,0.82385
224,125,300,35,189,532,1,1,0.83677
225,125,303,39,183,519,1,1,0.85
226,125,305,42,177,507,1,1,0.86417
227,125,308,46,171,494,1,1,0.87879
228,125,311,49,165,482,1,1,0.89441
229,125,313,52,159,470,1,1,0.91083
230,125,316,56,153,457,1,1,0.92795
231,125,319,59,147,445,1,1,0.94619
232,125,322,63,141,432,1,1,0.96536
233,125,331,64,142,428,1,1,0.97203
234,125,341,66,142,423,1,1,0.97877
235,125,351,68,142,418,1,1,0.98568
236,125,361,69,143,414,1,1,0.99277
237,125,371,71,143,409,1,1,1
238,125,380,73,144,404,1,1,1
239,125,390,74,145,400,1,1,1
240,125,400,76,145,395,1,1,1
241,125,410,78,145,390,1,1,1
242,125,420,80,146,385,1,1,1
243,125,424,80,144,381,1,1,0.9931
244,125,429,81,141,377,1,1,0.84507
245,125,434,81,138,373,1,1,0.69065
246,125,439,82,135,369,1,1,0.53676
247,125,444,83,132,365,1,1,0.46617
248,125,456,83,131,366,1,1,0.33333
249,125,468,83,131,367,1,1,0.19697
250,125,480,84,130,367,1,1,0.16031
251,125,492,84,130,368,1,1,0.12214
252,125,504,84,129,369,1,1,0.084615
253,125,516,85,129,370,1,1,0.0076923
254,125,519,86,129,371,1,1,0.0076923
255,125,523,88,128,372,1,1,0
256,125,526,89,128,374,1,1,0
257,125,530,91,127,375,1,1,0
258,125,533,93,127,375,1,1,0
259,125,537,94,126,377,1,1,0
260,125,540,96,126,378,1,1,0
261,125,544,98,126,379,1,1,0
262,125,545,96,126,376,1,1,0
263,125,547,95,126,372,1,1,0
264,125,549,94,125,369,1,1,0
265,125,551,93,125,365,1,1,0
266,125,553,91,125,362,1,1,0
267,125,555,90,124,359,1,1,0
268,125,557,89,124,355,1,1,0
269,125,559,88,124,352,1,1,0
270,125,562,65,124,348,1,1,0
271,125,565,42,124,345,1,1,0
272,125,568,19,124,342,1,1,0
273,125,572,-3,123,338,1,1,0
274,125,571,7,123,335,1,1,0
275,125,570,18,123,331,1,1,0.064516
276,125,569,28,123,328,1,1,0.12903
277,125,568,39,123,324,1,1,0.19355
278,125,567,49,123,321,1,1,0.25806
279,125,567,60,122,318,1,1,0.3252
280,125,545,60,122,314,1,1,0.39024
281,125,512,55,121,312,1,1,0.40164
282,125,504,79,121,309,1,1,0.39344
283,125,496,104,121,306,1,1,0.19672
284,125,516,115,121,306,1,1,0.22951
242,126,587,-119,210,719,1,1,0.17062
243,126,568,-116,229,715,1,1,0.21278
244,126,549,-113,248,712,1,1,0.24874
245,126,530,-110,267,709,1,1,0.28001
246,126,512,-106,286,705,1,1,0.30559
247,126,506,-104,282,702,1,1,0.32571
248,126,500,-101,279,698,1,1,0.3458
249,126,494,-98,276,695,1,1,0.36599
250,126,501,-95,273,692,1,1,0.3539
251,126,508,-91,270,688,1,1,0.3419
252,126,515,-87,267,684,1,1,0.32945
253,126,517,-90,264,680,1,1,0.32981
254,126,520,-92,260,675,1,1,0.32918
255,126,523,-94,257,670,1,1,0.32718
256,126,507,-88,265,666,1,1,0.36253
257,126,491,-81,274,661,1,1,0.3955
258,126,475,-74,283,657,1,1,0.42639
259,126,470,-72,272,653,1,1,0.45972
260,126,465,-70,262,649,1,1,0.49418
261,126,460,-68,252,645,1,1,0.53158
262,126,456,-65,241,641,1,1,0.57156
263,126,450,-71,242,642,1,1,0.58676
264,126,444,-76,244,643,1,1,0.59932
265,126,438,-82,246,645,1,1,0.61067
266,126,432,-87,248,646,1,1,0.62271
267,126,426,-92,250,647,1,1,0.6345
268,126,420,-98,252,648,1,1,0.64605
269,126,414,-103,254,649,1,1,0.65738
270,126,408,-109,256,651,1,1,0.66745
271,126,402,-114,258,652,1,1,0.67831
272,126,397,-119,259,653,1,1,0.68878
273,126,389,-117,259,651,1,1,0.71354
274,126,381,-114,259,648,1,1,0.7396
275,126,373,-111,259,645,1,1,0.74303
276,126,365,-108,259,642,1,1,0.7465
277,126,358,-105,258,640,1,1,0.74883
278,126,350,-103,258,638,1,1,0.75117
279,126,342,-100,258,635,1,1,0.75472
280,126,334,-97,258,632,1,1,0.75829
281,126,326,-94,258,629,1,1,0.7619
282,126,319,-91,258,627,1,1,0.76433
283,126,351,-87,242,626,1,1,0.76555
284,126,383,-83,226,625,1,1,0.76677
285,126,416,-78,236,625,1,1,0.72795
286,126,448,-74,243,626,1,1,0.60554
287,126,481,-69,249,626,1,1,0.48995
288,126,514,-64,256,627,1,1,0.3777
370,127,-91,93,120,290,1,1,0.066116
371,127,-82,94,117,291,1,1,0.025424
372,127,-73,95,115,292,1,1,0.36207
373,127,-63,96,111,294,1,1,0.27679
374,127,-54,97,109,295,1,1,0.5
375,127,-44,99,106,296,1,1,0.57944
376,127,-42,94,104,297,1,1,0.59048
377,127,-40,90,102,298,1,1,0.36893
378,127,-45,90,99,296,1,1,0.39
379,127,-50,90,97,295,1,1,0.40816
380,127,-54,90,94,294,1,1,0.42105
381,127,-46,96,95,295,1,1,0.44792
382,127,-54,96,96,295,1,1,0.3299
383,127,-61,97,96,295,1,1,0.2268
414,128,566,-52,214,545,1,1,0.30667
415,128,552,-22,206,506,1,1,0.40705
416,128,540,23,207,455,1,1,0.48558
417,128,528,23,204,449,1,1,0.55122
418,128,516,24,202,443,1,1,0.61576
419,128,504,23,199,438,1,1,0.685
13,132,-33,230,59,122,0,4,0.43333
14,132,-26,228,59,123,0,4,0.55
15,132,-19,227,59,124,0,4,0.66667
16,132,-12,225,59,125,0,4,0.78333
17,132,-4,224,58,126,0,4,0.91525
18,132,-5,222,59,130,0,4,0.9
19,132,-6,221,61,133,0,4,0.8871
20,132,-6,220,62,136,0,4,0.88889
21,132,-7,219,63,140,0,4,0.875
22,132,-7,217,64,144,0,4,0.87692
23,132,-8,216,66,147,0,4,0.86567
24,132,-9,215,68,151,0,4,0.85507
25,132,-9,214,68,154,0,4,0.85507
26,132,-10,213,70,157,0,4,0.84507
27,132,-10,211,71,162,0,4,0.84722
28,132,-11,210,73,165,0,4,0.83784
29,132,-11,209,73,168,0,4,0.82432
30,132,-12,208,75,172,0,4,0.63158
31,132,-13,207,77,175,0,4,0.70513
32,132,-13,205,78,179,0,4,0.6962
33,132,-14,204,79,183,0,4,0.75
34,132,-14,203,80,186,0,4,0.81481
35,132,-15,202,82,189,0,4,0.80723
36,132,-15,201,83,193,0,4,0.80952
37,132,-16,200,83,193,0,4,0.79762
38,132,-16,200,83,193,0,4,0.79762
39,132,-16,199,83,194,0,4,0.77381
40,132,-16,199,83,194,0,4,0.77381
41,132,-17,198,84,195,0,4,0.63529
42,132,-17,198,84,194,0,4,0.58824
43,132,-17,198,83,194,0,4,0.5
44,132,-17,197,83,195,0,4,0.47619
45,132,-17,197,83,195,0,4,0.38095
46,132,-18,196,84,196,0,4,0.37647
47,132,-18,196,84,195,0,4,0.25882
48,132,-18,195,84,196,0,4,0.25882
49,132,-18,195,83,196,0,4,0.13095
50,132,-18,195,83,196,0,4,0.16667
51,132,-19,194,84,197,0,4,0.21176
52,132,-19,194,84,196,0,4,0.058824
53,132,-19,193,84,197,0,4,0
54,132,-19,193,84,197,0,4,0
55,132,-20,192,84,198,0,4,0
56,132,-20,192,84,198,0,4,0
57,132,-20,192,84,198,0,4,0
58,132,-20,191,84,198,0,4,0
59,132,-20,191,84,198,0,4,0
60,132,-21,190,85,199,0,4,0
61,132,-21,190,84,199,0,4,0
62,132,-21,189,84,200,0,4,0
63,132,-21,189,84,199,0,4,0
64,132,-21,189,84,199,0,4,0
65,132,-22,188,85,200,0,4,0
66,132,-22,188,85,200,0,4,0
67,132,-22,187,84,201,0,4,0
68,132,-22,187,84,200,0,4,0
69,132,-23,186,85,201,0,4,0
70,132,-23,186,85,201,0,4,0
71,132,-23,186,85,201,0,4,0
72,132,-23,185,85,202,0,4,0
73,132,-23,185,84,201,0,4,0
74,132,-24,184,85,202,0,4,0
75,132,-24,184,85,202,0,4,0
76,132,-24,183,85,203,0,4,0
77,132,-24,183,85,203,0,4,0
78,132,-24,183,85,203,0,4,0
79,132,-25,183,85,203,0,4,0
80,132,-25,183,85,203,0,4,0
81,132,-25,183,85,203,0,4,0
82,132,-25,183,85,203,0,4,0
83,132,-25,183,85,203,0,4,0
84,132,-25,183,85,203,0,4,0
85,132,-25,183,85,203,0,4,0
86,132,-25,183,85,203,0,4,0
87,132,-25,183,85,203,0,4,0
88,132,-25,183,85,203,0,4,0
89,132,-26,183,85,203,0,4,0
90,132,-26,183,85,203,0,4,0
91,132,-26,183,85,203,0,4,0
92,132,-26,183,85,203,0,4,0
93,132,-26,183,85,203,0,4,0
94,132,-26,184,85,203,0,4,0
95,132,-26,184,85,203,0,4,0
96,132,-26,184,85,203,0,4,0
97,132,-26,184,85,203,0,4,0
98,132,-26,184,85,203,0,4,0
99,132,-26,184,85,203,0,4,0
100,132,-27,184,85,203,0,4,0
101,132,-27,184,85,203,0,4,0
102,132,-27,184,85,203,0,4,0
103,132,-27,184,85,203,0,4,0
104,132,-27,184,85,203,0,4,0
105,132,-27,184,85,203,0,4,0
106,132,-27,184,85,203,0,4,0
107,132,-27,184,85,203,0,4,0
108,132,-27,184,85,203,0,4,0
109,132,-27,185,85,203,0,4,0
110,132,-27,185,85,203,0,4,0
111,132,-28,185,85,203,0,4,0
112,132,-28,185,85,203,0,4,0
113,132,-28,185,85,203,0,4,0
114,132,-28,185,85,203,0,4,0
115,132,-28,185,85,203,0,4,0
116,132,-28,185,85,203,0,4,0
117,132,-28,185,85,203,0,4,0
118,132,-28,185,85,203,0,4,0
119,132,-28,185,85,203,0,4,0
120,132,-28,185,85,203,0,4,0
121,132,-29,185,85,203,0,4,0
122,132,-29,185,85,203,0,4,0
123,132,-29,185,85,203,0,4,0
124,132,-29,186,85,203,0,4,0
125,132,-29,186,85,203,0,4,0
126,132,-29,186,85,203,0,4,0
127,132,-29,186,85,203,0,4,0
128,132,-29,186,85,203,0,4,0
129,132,-29,186,85,203,0,4,0
130,132,-29,186,85,203,0,4,0
131,132,-29,186,85,203,0,4,0.011628
132,132,-30,186,85,203,0,4,0
133,132,-30,186,85,203,0,4,0
134,132,-30,186,85,203,0,4,0
135,132,-30,186,85,203,0,4,0
136,132,-30,186,85,203,0,4,0
137,132,-30,186,85,203,0,4,0
138,132,-30,186,85,203,0,4,0
139,132,-30,186,85,203,0,4,0
140,132,-30,187,85,203,0,4,0
141,132,-30,187,85,203,0,4,0
142,132,-30,187,85,203,0,4,0
143,132,-31,187,85,203,0,4,0
144,132,-31,187,85,203,0,4,0
145,132,-31,187,85,203,0,4,0
146,132,-31,187,85,203,0,4,0
147,132,-31,187,85,203,0,4,0
148,132,-31,187,85,203,0,4,0
149,132,-31,187,85,203,0,4,0
150,132,-31,187,85,203,0,4,0
151,132,-31,187,85,203,0,4,0
152,132,-31,187,85,203,0,4,0
153,132,-32,187,85,203,0,4,0
154,132,-32,187,85,203,0,4,0
155,132,-32,188,85,203,0,4,0
156,132,-32,188,85,203,0,4,0
157,132,-32,188,85,203,0,4,0
158,132,-32,188,85,203,0,4,0
159,132,-32,188,85,203,0,4,0
160,132,-32,188,85,203,0,4,0
161,132,-32,188,85,203,0,4,0
162,132,-32,188,85,203,0,4,0
163,132,-32,188,85,203,0,4,0
164,132,-33,188,85,203,0,4,0
165,132,-33,188,85,203,0,4,0
166,132,-33,188,85,203,0,4,0
167,132,-33,188,85,203,0,4,0
168,132,-33,188,85,203,0,4,0
169,132,-33,188,85,203,0,4,0
170,132,-33,189,85,203,0,4,0
171,132,-33,189,85,203,0,4,0
172,132,-33,189,85,203,0,4,0
173,132,-33,189,85,203,0,4,0
174,132,-33,189,85,203,0,4,0
175,132,-34,189,85,203,0,4,0
176,132,-34,189,85,203,0,4,0
177,132,-34,189,85,203,0,4,0
178,132,-34,189,85,203,0,4,0
179,132,-34,189,85,203,0,4,0
180,132,-34,189,85,203,0,4,0
181,132,-34,189,85,203,0,4,0
182,132,-34,189,85,203,0,4,0
183,132,-34,189,85,203,0,4,0
184,132,-34,189,85,203,0,4,0
185,132,-34,190,85,203,0,4,0
186,132,-29,190,85,203,0,4,0
187,132,-29,190,85,203,0,4,0
188,132,-29,190,85,203,0,4,0
189,132,-29,190,85,203,0,4,0
190,132,-29,190,85,203,0,4,0
191,132,-29,190,85,203,0,4,0
192,132,-29,190,85,203,0,4,0
193,132,-29,190,85,203,0,4,0
194,132,-29,190,85,203,0,4,0
195,132,-29,190,85,203,0,4,0
196,132,-29,190,85,203,0,4,0
197,132,-29,190,85,203,0,4,0
198,132,-29,190,85,203,0,4,0
199,132,-29,190,85,203,0,4,0
200,132,-29,190,85,203,0,4,0
201,132,-22,191,87,198,0,4,0
202,132,-14,192,88,193,0,4,0
203,132,-6,193,89,189,0,4,0
204,132,2,194,91,184,0,4,0
205,132,10,195,92,180,0,4,0
206,132,18,196,93,175,0,4,0
207,132,25,197,95,171,0,4,0
208,132,33,198,97,166,0,4,0
209,132,41,199,98,162,0,4,0
210,132,49,200,99,157,0,4,0
211,132,57,201,100,152,0,4,0
212,132,65,202,102,148,0,4,0
213,132,73,203,103,143,0,4,0
214,132,80,204,105,139,0,4,0
215,132,88,205,106,134,0,4,0
216,132,96,206,108,130,0,4,0
217,132,104,207,109,125,0,4,0
218,132,112,208,110,121,0,4,0
219,132,120,209,111,116,0,4,0
220,132,128,210,113,112,0,4,0
221,132,134,209,112,111,0,4,0
222,132,141,209,111,110,0,4,0
223,132,148,208,109,109,0,4,0
224,132,155,208,108,108,0,4,0
225,132,162,207,106,107,0,4,0
226,132,169,207,105,106,0,4,0
227,132,176,207,104,105,0,4,0.038095
228,132,178,207,108,104,0,4,0.15596
229,132,180,207,112,104,0,4,0.17699
230,132,183,207,115,104,0,4,0.17241
231,132,193,207,113,103,0,4,0.19298
232,132,204,208,110,102,0,4,0.22523
233,132,215,209,107,101,0,4,0.24074
234,132,226,210,104,100,0,4,0.27619
235,132,237,211,101,99,0,4,0.35294
236,132,243,210,98,98,0,4,0.38384
237,132,250,209,95,97,0,4,0.40625
238,132,256,208,93,96,0,4,0.41489
239,132,263,207,90,95,0,4,0.41758
240,132,270,207,87,94,0,4,0.40909
241,132,274,207,85,93,0,4,0.45349
242,132,278,207,84,92,0,4,0.37647
243,132,282,208,83,90,0,4,0.30952
244,132,286,208,82,89,0,4,0.25301
245,132,291,209,80,88,0,4,0.17284
246,132,295,209,79,87,0,4,0.1625
247,132,299,209,78,86,0,4,0.1519
248,132,303,210,77,84,0,4,0.15385
249,132,307,210,76,83,0,4,0.14286
250,132,312,211,74,82,0,4,0.13333
251,132,316,212,74,81,0,4,0.14667
252,132,321,213,73,80,0,4,0.14865
253,132,325,214,73,79,0,4,0.10811
254,132,330,216,73,78,0,4,0.013514
255,132,334,217,73,77,0,4,0.054054
256,132,339,218,72,76,0,4,0.10959
257,132,343,220,73,75,0,4,0.17568
258,132,348,221,72,74,0,4,0.21918
259,132,352,222,72,73,0,4,0
260,132,357,224,72,72,0,4,0
261,132,359,224,71,71,0,4,0
262,132,362,225,70,69,0,4,0
263,132,364,225,69,68,0,4,0
264,132,367,226,68,67,0,4,0.057971
265,132,369,222,66,66,0,4,0.10448
266,132,371,219,65,65,0,4,0.10606
267,132,373,216,64,64,0,4,0.092308
268,132,373,207,63,63,0,4,0.0625
269,132,373,198,62,62,0,4,0.047619
270,132,374,190,61,61,0,4,0.080645
271,132,374,171,60,61,0,4,0.11475
272,132,375,153,58,60,0,4,0.28814
273,132,376,135,56,59,0,4,0.17544
274,132,376,154,54,59,0,4,0.090909
275,132,376,173,53,59,0,4,0
276,132,377,193,51,58,0,4,0
277,132,371,198,49,58,0,4,0
278,132,366,204,47,57,0,4,0
170,133,565,41,228,359,0,3,0.33188
171,133,498,46,296,351,0,3,0.44108
172,133,431,51,365,343,0,3,0.35519
173,133,364,56,433,335,0,3,0.29724
174,133,297,61,502,327,0,3,0.25447
175,133,230,66,571,320,0,3,0.22727
176,133,156,69,529,305,0,3,0.24151
177,133,83,73,486,289,0,3,0.12115
178,133,56,74,443,273,0,3,0.011261
179,133,29,75,400,258,0,3,0.014963
180,133,3,76,357,243,0,3,0.019553
181,133,-33,74,357,243,0,3,0.022346
182,133,-69,73,357,243,0,3,0
145,134,556,38,239,306,0,3,0.1875
146,134,506,45,262,298,0,3,0.1673
147,134,457,52,285,291,0,3,0.15035
148,134,408,59,307,284,0,3,0.13312
149,134,359,67,330,275,0,3,0.12085
150,134,310,74,352,268,0,3,0.11048
151,134,261,81,375,261,0,3,0.10904
152,134,212,89,398,253,0,3,0.035088
153,134,170,91,392,247,0,3,0.020356
154,134,128,93,387,242,0,3,0.018041
155,134,86,95,382,237,0,3,0.020888
156,134,44,97,376,231,0,3,0.02122
157,134,2,99,371,226,0,3,0.021505
158,134,-39,102,365,220,0,3,0.021858
159,134,-52,101,360,215,0,3,0.022161
160,134,-64,101,354,209,0,3,0.011268
161,134,-77,100,349,204,0,3,0
74,135,583,143,218,229,0,3,0.19178
75,135,511,157,282,228,0,3,0.15194
76,135,439,171,347,228,0,3,0.12644
77,135,395,161,394,227,0,3,0.11392
78,135,351,151,442,227,0,3,0.10158
79,135,307,141,490,227,0,3,0.10387
80,135,263,131,538,227,0,3,0.17254
81,135,233,133,531,228,0,3,0.17481
82,135,203,136,524,228,0,3,0.17333
83,135,173,139,517,228,0,3,0.17568
84,135,143,142,510,228,0,3,0.17613
85,135,124,140,487,222,0,3,0.12295
86,135,106,138,463,217,0,3,0.090517
87,135,88,136,439,212,0,3,0.10455
88,135,70,134,415,207,0,3,0.1226
89,135,51,132,393,202,0,3,0.13959
90,135,33,130,369,197,0,3,0.13243
91,135,15,128,345,192,0,3,0.12428
92,135,-3,126,321,187,0,3,0.11491
328,137,218,189,33,46,0,2,0
329,137,206,190,32,46,0,2,0.23017
330,137,194,192,32,46,0,2,0.41135
331,137,183,194,31,46,0,2,0.51064
332,137,167,186,30,46,0,2,0.6383
333,137,154,187,30,46,0,2,0.59574
334,137,141,189,30,46,0,2,0.53191
335,137,128,186,29,46,0,2,0.57447
336,137,115,184,28,45,0,2,0.6087
337,137,103,179,28,44,0,2,0.71111
338,137,94,187,27,44,0,2,0.49286
339,137,85,187,27,44,0,2,0.27381
340,137,76,188,27,44,0,2,0.01746
341,137,72,188,26,45,0,2,0
342,137,68,189,26,45,0,2,0
343,137,64,190,26,46,0,2,0
344,137,60,191,26,46,0,2,0
345,137,56,192,26,47,0,2,0
346,137,56,192,26,47,0,2,0
347,137,56,193,26,47,0,2,0
348,137,56,193,26,47,0,2,0
349,137,56,194,26,47,0,2,0
350,137,56,195,26,47,0,2,0
351,137,56,195,26,47,0,2,0.039352
352,137,56,196,26,47,0,2,0.11111
353,137,56,196,26,47,0,2,0.18519
354,137,56,197,26,47,0,2,0.19753
355,137,57,198,26,47,0,2,0.027778
356,137,50,196,26,47,0,2,0
328,138,214,208,42,36,0,4,0
329,138,201,211,41,36,0,4,0.52381
330,138,188,214,40,36,0,4,0.85366
331,138,175,218,40,35,0,4,1
332,138,162,216,40,35,0,4,1
333,138,150,215,39,35,0,4,1
334,138,138,214,39,35,0,4,1
335,138,125,213,39,35,0,4,1
336,138,113,212,39,35,0,4,1
337,138,101,211,38,35,0,4,1
338,138,89,210,38,35,0,4,0.84615
339,138,79,210,38,35,0,4,0.51282
340,138,70,210,38,35,0,4,0.15385
341,138,66,210,38,35,0,4,0
342,138,62,210,38,35,0,4,0
343,138,58,211,38,35,0,4,0
344,138,54,213,38,35,0,4,0
345,138,51,215,38,35,0,4,0
346,138,51,214,38,35,0,4,0
347,138,51,213,38,35,0,4,0
348,138,51,212,38,35,0,4,0
349,138,51,212,38,35,0,4,0
350,138,50,212,38,35,0,4,0.10256
351,138,49,212,38,35,0,4,0.25641
352,138,48,212,38,35,0,4,0.4359
353,138,47,212,38,35,0,4,0.46154
354,138,47,213,38,35,0,4,0.4359
355,138,46,216,38,35,0,4,0.076923
356,138,42,213,38,35,0,4,0
86,139,546,201,17,42,1,1,0
87,139,545,201,17,42,1,1,0
88,139,545,201,17,42,1,1,0
89,139,545,201,17,42,1,1,0
90,139,544,201,17,42,1,1,0
91,139,544,201,17,42,1,1,0
92,139,544,201,17,42,1,1,0
93,139,543,201,17,42,1,1,0
94,139,543,201,17,42,1,1,0
95,139,543,201,17,42,1,1,0
96,139,543,201,17,42,1,1,0
97,139,542,201,17,42,1,1,0
98,139,542,201,17,42,1,1,0
99,139,542,201,17,42,1,1,0
100,139,541,201,17,42,1,1,0
101,139,541,201,17,42,1,1,0
102,139,541,201,17,42,1,1,0
103,139,540,201,17,42,1,1,0
104,139,540,201,17,42,1,1,0
105,139,540,201,17,42,1,1,0
106,139,540,201,17,42,1,1,0
107,139,539,200,17,42,1,1,0
108,139,539,200,17,42,1,1,0
109,139,539,200,17,42,1,1,0
110,139,539,200,17,42,1,1,0
111,139,538,200,17,42,1,1,0
112,139,538,200,17,42,1,1,0
113,139,538,200,17,42,1,1,0
114,139,538,200,17,42,1,1,0
115,139,537,200,17,42,1,1,0
116,139,537,200,17,42,1,1,0
117,139,537,200,17,42,1,1,0
118,139,537,200,17,42,1,1,0
119,139,536,200,17,42,1,1,0
120,139,536,200,17,42,1,1,0
121,139,536,200,17,42,1,1,0
122,140,593,203,19,39,1,1,0.5
123,140,592,203,18,38,1,1,0.57895
124,140,591,203,18,37,1,1,0.63158
125,140,590,204,18,36,1,1,0.68421
126,140,589,204,18,35,1,1,0.73684
127,140,589,205,17,34,1,1,0.77778
128,140,588,204,17,37,1,1,0.83333
129,140,588,203,16,40,1,1,0.88235
130,140,588,203,16,42,1,1,0.88235
131,140,587,202,16,42,1,1,0.94118
132,140,587,202,16,42,1,1,0.94118
133,140,586,202,17,42,1,1,0.88889
134,140,586,202,17,42,1,1,0.88889
135,140,586,202,16,41,1,1,0.94118
136,140,585,202,17,41,1,1,0.94444
137,140,585,202,17,41,1,1,0.94444
138,140,585,202,17,41,1,1,0.88889
139,140,584,201,17,42,1,1,0.77778
140,140,584,201,17,42,1,1,0.72222
141,140,583,201,18,42,1,1,0.63158
142,140,583,201,17,42,1,1,0.5
143,140,583,201,17,42,1,1,0.44444
144,140,582,201,18,42,1,1,0.36842
145,140,582,201,17,42,1,1,0
146,140,582,201,17,42,1,1,0
147,140,581,201,18,42,1,1,0
148,140,581,201,18,42,1,1,0
149,140,580,201,18,42,1,1,0
150,140,580,201,18,43,1,1,0
151,140,580,200,18,44,1,1,0
152,140,579,200,18,44,1,1,0
153,140,579,200,18,44,1,1,0
154,140,579,200,18,44,1,1,0.10526
155,140,578,200,19,44,1,1,0.6
156,140,578,200,18,44,1,1,1
157,140,577,200,19,44,1,1,1
158,140,577,200,19,44,1,1,1
159,140,577,200,18,44,1,1,1
160,140,576,200,19,44,1,1,1
161,140,576,200,19,44,1,1,1
162,140,576,200,19,45,1,1,1
163,140,575,200,19,44,1,1,1
164,140,575,200,19,43,1,1,1
165,140,575,200,18,43,1,1,1
166,140,574,200,19,42,1,1,1
167,140,574,200,18,42,1,1,1
168,140,574,200,18,41,1,1,1
169,140,574,201,18,40,1,1,1
170,140,573,200,18,41,1,1,0
171,140,572,200,18,41,1,1,0
172,140,572,200,18,42,1,1,0
173,140,571,200,18,42,1,1,0
174,140,571,200,18,42,1,1,0
175,140,570,200,18,43,1,1,0
176,140,570,200,18,43,1,1,0
177,140,569,200,18,44,1,1,0.94737
178,140,569,200,18,44,1,1,1
179,140,568,200,18,44,1,1,1
180,140,568,200,18,45,1,1,1
181,140,567,200,18,45,1,1,0.94737
182,140,567,200,18,46,1,1,0.94737
183,140,566,200,18,46,1,1,0.89474
184,140,566,200,18,46,1,1,0.89474
185,140,566,200,18,46,1,1,0.89474
186,140,565,201,19,45,1,1,0.85
187,140,565,201,19,45,1,1,0.85
188,140,565,201,18,45,1,1,0.84211
189,140,564,202,19,44,1,1,0.8
190,140,564,202,19,44,1,1,0.8
191,140,564,202,19,44,1,1,0.8
192,140,564,203,19,44,1,1,0.8
193,140,563,202,19,45,1,1,0.75
194,140,562,202,19,45,1,1,0.7
195,140,562,202,19,45,1,1,0.7
196,140,561,202,19,46,1,1,0.65
197,140,561,202,18,46,1,1,0.63158
198,140,560,202,19,46,1,1,0.6
199,140,559,202,19,46,1,1,0.55
200,140,559,201,18,48,1,1,0.52632
201,140,558,201,19,48,1,1,0.5
202,140,558,201,18,48,1,1,0.47368
203,140,557,201,18,48,1,1,0.42105
204,140,556,201,19,49,1,1,0.45
205,140,556,201,18,49,1,1,0.47368
206,140,555,201,18,49,1,1,0.47368
49,143,629,116,161,222,0,3,0.074074
50,143,563,150,161,222,0,3,0.48148
51,143,525,142,230,251,0,3,0.47619
52,143,461,137,230,251,0,3,0.45455
53,143,399,98,308,278,0,3,0.32039
54,143,337,73,420,299,0,3,0.2209
55,143,304,59,420,299,0,3,0.20665
56,143,274,57,420,299,0,3,0.24703
57,143,202,55,494,298,0,3,0.25253
58,143,198,54,493,289,0,3,0.24494
59,143,128,57,566,347,0,3,0.20106
60,143,67,57,616,337,0,3,0.17828
61,143,42,60,615,325,0,3,0.17045
62,143,-47,84,614,284,0,3,0.092683
63,143,-80,75,614,284,0,3,0.095935
64,143,-26,78,491,283,0,3,0.11585
65,143,-62,88,463,258,0,3,0.11638
66,143,-27,95,388,239,0,3,0.13882
67,143,-40,97,388,239,0,3,0.13882
68,143,-77,98,387,210,0,3,0.13918
69,143,-52,101,345,209,0,3,0.10694
373,144,412,223,15,35,1,1,0
374,144,419,224,12,36,1,1,0.76923
375,144,419,224,12,36,1,1,1
376,144,418,222,12,36,1,1,1
377,144,417,221,12,36,1,1,1
378,144,415,221,12,36,1,1,1
379,144,414,221,11,36,1,1,1
380,144,410,222,12,36,1,1,1
381,144,407,223,12,36,1,1,1
382,144,404,224,12,36,1,1,1
383,144,401,225,12,36,1,1,1
384,144,389,220,12,36,1,1,0.85031
385,144,386,220,12,36,1,1,0.77547
386,144,383,220,12,36,1,1,0.7817
387,144,374,220,12,36,1,1,0.92516
388,144,370,218,12,36,1,1,0.92723
389,144,364,223,12,36,1,1,1
390,144,354,220,12,36,1,1,1
391,144,344,218,12,36,1,1,0.92723
392,144,337,218,11,36,1,1,0.91892
393,144,330,219,11,36,1,1,1
394,144,327,219,12,36,1,1,1
395,144,320,217,12,35,1,1,1
396,144,314,220,12,36,1,1,1
397,144,310,221,11,36,1,1,0.91667
398,144,306,223,11,35,1,1,0.83333
399,144,302,221,11,35,1,1,0.75
375,145,431,224,12,35,1,1,0.92308
376,145,429,222,11,35,1,1,0.83333
377,145,427,221,11,35,1,1,0.75
378,145,424,221,11,35,1,1,0.66667
379,145,422,222,10,34,1,1,0.63636
380,145,420,223,10,34,1,1,0.72727
381,145,418,224,11,34,1,1,0.83333
382,145,416,225,11,34,1,1,0.91667
383,145,414,226,12,35,1,1,1
384,145,400,221,12,35,1,1,0.84615
385,145,396,221,12,35,1,1,0.76923
386,145,393,222,12,35,1,1,1
387,145,386,221,12,35,1,1,0.92308
388,145,382,220,12,35,1,1,1
389,145,378,223,12,35,1,1,1
390,145,367,221,12,35,1,1,1
391,145,356,220,12,35,1,1,1
392,145,348,219,14,35,1,1,0.93333
393,145,341,219,15,34,1,1,0.9375
394,145,341,221,15,33,1,1,1
395,145,335,219,14,34,1,1,1
396,145,331,221,12,35,1,1,1
397,145,327,223,12,34,1,1,1
398,145,324,225,11,34,1,1,1
399,145,319,223,12,34,1,1,1
400,145,315,221,12,34,1,1,1
401,145,311,219,12,34,1,1,1
402,145,307,218,13,34,1,1,1
403,145,305,221,14,34,1,1,1
404,145,302,220,14,34,1,1,1
405,145,299,219,15,34,1,1,0.8125
1,146,325,-9,325,257,0,9,0.87112
2,146,332,-20,333,268,0,9,0.78879
3,146,339,-30,341,278,0,9,0.71852
4,146,346,-40,349,288,0,9,0.65517
5,146,353,-50,357,298,0,9,0.59388
6,146,360,-60,365,308,0,9,0.53799
7,146,367,-70,373,318,0,9,0.48398
8,146,374,-80,381,328,0,9,0.43023
9,146,381,-90,389,338,0,9,0.38245
10,146,388,-100,397,348,0,9,0.34511
11,146,395,-110,405,358,0,9,0.32444
12,146,401,-110,399,358,0,9,0.31309
13,146,408,-109,392,358,0,9,0.29843
14,146,414,-108,386,358,0,9,0.2892
15,146,421,-107,379,358,0,9,0.28383
16,146,427,-106,373,358,0,9,0.28052
17,146,434,-105,366,358,0,9,0.27495
18,146,440,-104,360,358,0,9,0.26986
19,146,447,-103,353,358,0,9,0.26562
20,146,453,-102,347,358,0,9,0.26053
21,146,460,-101,341,358,0,9,0.25483
22,146,463,-102,337,358,0,9,0.25462
23,146,467,-103,333,358,0,9,0.25281
24,146,471,-104,329,358,0,9,0.25012
25,146,474,-104,326,358,0,9,0.24813
26,146,478,-105,322,358,0,9,0.24439
27,146,482,-106,318,358,0,9,0.27378
28,146,485,-106,315,358,0,9,0.30062
29,146,489,-107,311,358,0,9,0.32712
30,146,493,-108,307,358,0,9,0.33462
31,146,497,-108,303,358,0,9,0.32986
32,146,504,-108,296,358,0,9,0.32123
33,146,512,-107,288,358,0,9,0.31208
34,146,519,-107,281,358,0,9,0.30248
35,146,527,-106,273,358,0,9,0.29205
36,146,535,-106,265,359,0,9,0.28005
37,146,542,-105,258,358,0,9,0.26938
38,146,550,-105,250,359,0,9,0.2558
39,146,557,-104,243,358,0,9,0.17165
40,146,565,-104,235,359,0,9,0.15923
41,146,573,-103,227,359,0,9,0.14664
42,146,574,-104,226,359,0,9,0.14512
43,146,575,-104,225,359,0,9,0.14277
44,146,576,-104,224,359,0,9,0.14043
45,146,577,-105,223,359,0,9,0.13889
46,146,578,-105,222,359,0,9,0.13655
47,146,579,-105,221,359,0,9,0.15043
48,146,580,-106,220,359,0,9,0.16884
49,146,581,-106,219,359,0,9,0.17076
50,146,582,-106,218,359,0,9,0.1115
51,146,583,-106,218,359,0,9,0.10373
52,146,585,-106,216,359,0,9,0.097491
53,146,587,-106,214,359,0,9,0.067674
54,146,589,-106,212,359,0,9,0.048826
55,146,591,-106,210,359,0,9,0.038178
56,146,593,-105,208,359,0,9,0.035726
57,146,595,-105,206,359,0,9,0.033333
58,146,597,-105,204,359,0,9,0.031599
59,146,599,-105,202,359,0,9,0.032184
60,146,601,-105,200,359,0,9,0.030956
61,146,603,-104,198,359,0,9,0.031295
62,146,603,-105,197,359,0,9,0.13541
63,146,603,-106,197,359,0,9,0.13488
64,146,603,-106,197,359,0,9,0.13133
65,146,603,-107,197,359,0,9,0.12374
66,146,604,-107,196,359,0,9,0.12792
67,146,604,-108,196,359,0,9,0.13095
68,146,604,-109,196,359,0,9,0.13043
69,146,604,-109,196,359,0,9,0.13043
70,146,604,-110,196,359,0,9,0.12912
71,146,605,-110,195,359,0,9,0.12466
72,146,604,-111,195,359,0,9,0.12537
73,146,604,-111,195,359,0,9,0.1229
74,146,604,-111,195,359,0,9,0.074461
75,146,604,-111,195,359,0,9,0.081803
76,146,604,-111,195,359,0,9,0.089144
77,146,604,-111,195,359,0,9,0.0839
78,146,604,-111,195,359,0,9,0.078656
79,146,604,-111,195,359,0,9,0.073413
80,146,604,-111,195,359,0,9,0.068169
81,146,604,-111,195,359,0,9,0.069218
82,146,604,-111,195,359,0,9,0.070791
83,146,604,-111,195,359,0,9,0.072364
84,146,604,-111,195,359,0,9,0.073937
85,146,604,-111,195,359,0,9,0.094671
86,146,604,-111,195,359,0,9,0.1095
87,146,604,-111,195,359,0,9,0.11249
88,146,604,-111,195,359,0,9,0.11583
89,146,604,-111,195,359,0,9,0.11899
90,146,604,-111,195,359,0,9,0.11752
91,146,604,-111,195,359,0,9,0.11222
92,146,604,-111,195,359,0,9,0.089144
93,146,604,-111,195,359,0,9,0.093056
94,146,604,-111,195,359,0,9,0.12235
95,146,604,-111,195,359,0,9,0.13005
96,146,604,-111,195,359,0,9,0.13005
97,146,604,-111,195,359,0,9,0.13005
98,146,604,-111,195,359,0,9,0.13005
99,146,604,-111,195,359,0,9,0.13005
100,146,604,-111,195,359,0,9,0.13005
101,146,604,-111,195,359,0,9,0.13005
102,146,604,-111,195,359,0,9,0.13005
103,146,604,-111,195,359,0,9,0.13005
104,146,604,-111,195,359,0,9,0.13005
105,146,604,-111,195,359,0,9,0.13005
106,146,604,-111,195,359,0,9,0.13005
107,146,604,-111,195,359,0,9,0.13005
108,146,604,-111,195,359,0,9,0.072888
109,146,604,-111,195,359,0,9,0.070791
110,146,604,-111,195,359,0,9,0.068693
111,146,604,-111,195,359,0,9,0.066596
112,146,604,-111,195,359,0,9,0.065023
113,146,604,-111,195,359,0,9,0.06345
114,146,604,-111,195,359,0,9,0.064498
115,146,604,-111,195,359,0,9,0.065547
116,146,604,-111,195,359,0,9,0.06712
117,146,604,-111,195,359,0,9,0.10683
118,146,604,-111,195,359,0,9,0.13005
119,146,604,-111,195,359,0,9,0.13005
120,146,604,-111,195,359,0,9,0.13005
121,146,604,-111,195,359,0,9,0.13005
122,146,603,-111,195,359,0,9,0.13356
123,146,603,-111,195,359,0,9,0.13356
124,146,603,-111,195,359,0,9,0.13356
125,146,603,-111,195,359,0,9,0.13356
126,146,603,-111,195,359,0,9,0.13356
127,146,603,-111,195,359,0,9,0.13356
128,146,603,-111,195,359,0,9,0.13356
129,146,603,-111,195,359,0,9,0.13356
130,146,603,-111,195,359,0,9,0.13356
131,146,603,-111,195,359,0,9,0.13356
132,146,603,-111,195,359,0,9,0.13356
133,146,602,-111,195,359,0,9,0.13707
134,146,602,-111,195,359,0,9,0.13707
135,146,602,-111,195,359,0,9,0.13707
136,146,602,-111,195,359,0,9,0.13707
137,146,602,-111,195,359,0,9,0.13707
138,146,602,-111,195,359,0,9,0.13707
139,146,602,-111,195,359,0,9,0.13707
140,146,602,-111,195,359,0,9,0.13707
141,146,602,-111,195,359,0,9,0.13707
142,146,602,-111,195,359,0,9,0.13707
143,146,602,-111,195,359,0,9,0.13707
144,146,602,-111,195,359,0,9,0.13707
145,146,601,-111,195,359,0,9,0.020975
146,146,601,-111,195,359,0,9,0.024943
147,146,601,-111,195,359,0,9,0.028912
148,146,601,-111,195,359,0,9,0.03288
149,146,601,-111,195,359,0,9,0.037415
150,146,601,-111,195,359,0,9,0.040349
151,146,601,-111,195,359,0,9,0.051474
152,146,601,-111,195,359,0,9,0.11293
153,146,601,-111,195,359,0,9,0.1195
154,146,601,-111,195,359,0,9,0.14059
155,146,601,-111,195,359,0,9,0.14059
156,146,601,-111,195,359,0,9,0.14059
157,146,600,-111,195,359,0,9,0.1441
158,146,600,-111,195,359,0,9,0.1441
159,146,600,-111,195,359,0,9,0.1441
160,146,600,-111,195,359,0,9,0.1441
161,146,600,-111,195,359,0,9,0.1441
162,146,600,-111,195,359,0,9,0.1441
163,146,600,-111,195,359,0,9,0.1441
164,146,600,-111,195,359,0,9,0.1441
165,146,600,-111,195,359,0,9,0.1441
166,146,600,-111,195,359,0,9,0.1441
167,146,600,-111,195,359,0,9,0.1441
168,146,599,-111,195,359,0,9,0.14762
169,146,599,-111,195,359,0,9,0.14762
170,146,599,-111,195,359,0,9,0.02381
171,146,599,-111,195,359,0,9,0.026786
172,146,599,-111,195,359,0,9,0.029762
173,146,599,-111,195,359,0,9,0.032738
174,146,599,-111,195,359,0,9,0.035714
175,146,599,-111,195,359,0,9,0.03869
176,146,599,-111,195,359,0,9,0.040476
177,146,599,-111,195,359,0,9,0.14762
178,146,599,-111,195,359,0,9,0.14762
179,146,599,-111,195,359,0,9,0.14762
180,146,598,-111,195,359,0,9,0.15113
181,146,598,-111,195,359,0,9,0.15113
182,146,598,-111,195,359,0,9,0.15113
183,146,598,-111,195,359,0,9,0.15113
184,146,598,-111,195,359,0,9,0.15113
185,146,598,-111,195,359,0,9,0.15113
186,146,598,-111,195,359,0,9,0.15113
187,146,598,-111,195,359,0,9,0.15113
188,146,598,-111,195,359,0,9,0.15113
189,146,598,-111,195,359,0,9,0.15113
190,146,598,-111,195,359,0,9,0.15113
191,146,598,-111,195,359,0,9,0.15113
192,146,597,-111,195,359,0,9,0.15465
193,146,597,-111,195,359,0,9,0.15465
194,146,597,-111,195,359,0,9,0.15465
195,146,597,-111,195,359,0,9,0.15465
196,146,597,-111,195,359,0,9,0.15465
197,146,597,-111,195,359,0,9,0.15465
198,146,596,-111,195,359,0,9,0.15816
199,146,596,-111,195,359,0,9,0.15816
200,146,596,-111,195,359,0,9,0.15816
201,146,596,-111,195,359,0,9,0.15816
202,146,596,-111,195,359,0,9,0.15816
203,146,596,-111,195,359,0,9,0.15816
204,146,596,-111,195,359,0,9,0.15816
205,146,595,-111,195,359,0,9,0.16168
206,146,595,-111,195,359,0,9,0.16168
207,146,595,-111,195,359,0,9,0.16168
208,146,595,-111,195,359,0,9,0.16168
209,146,595,-111,195,359,0,9,0.16168
210,146,595,-111,195,359,0,9,0.16168
211,146,595,-111,195,359,0,9,0.16168
212,146,594,-111,195,359,0,9,0.16519
213,146,594,-111,195,359,0,9,0.16519
214,146,594,-111,195,359,0,9,0.16519
215,146,593,-111,195,359,0,9,0.16871
216,146,593,-111,195,359,0,9,0.16871
217,146,593,-111,195,359,0,9,0.16871
218,146,592,-111,195,359,0,9,0.17222
219,146,592,-111,195,359,0,9,0.17222
220,146,592,-111,195,359,0,9,0.17222
221,146,592,-110,195,359,0,9,0.17292
222,146,593,-110,195,359,0,9,0.16939
223,146,594,-110,195,359,0,9,0.16586
224,146,595,-110,195,359,0,9,0.16233
225,146,597,-109,195,359,0,9,0.1559
226,146,598,-109,195,359,0,9,0.15235
227,146,599,-109,195,359,0,9,0.14881
228,146,601,-108,195,359,0,9,0.14229
229,146,602,-108,195,359,0,9,0.13873
230,146,603,-108,195,359,0,9,0.13518
231,146,605,-107,195,359,0,9,0.12857
232,146,611,-109,189,359,0,9,0.10965
233,146,618,-110,182,359,0,9,0.086931
234,146,624,-111,176,359,0,9,0.066164
245,147,36,197,20,43,1,1,0
246,147,33,196,19,43,1,1,0.6
247,147,30,196,19,42,1,1,1
248,147,30,195,19,42,1,1,1
249,147,30,194,19,42,1,1,1
250,147,32,196,19,42,1,1,1
251,147,34,198,19,43,1,1,1
252,147,36,201,19,43,1,1,1
253,147,41,202,19,43,1,1,1
254,147,41,204,19,43,1,1,0.8
304,148,446,208,23,60,1,1,0.41667
305,148,442,207,23,60,1,1,0.79167
306,148,439,206,23,60,1,1,0.91667
307,148,435,206,23,60,1,1,0.54167
308,148,432,205,23,60,1,1,0.041667
1,150,259,204,19,47,1,1,0.3
2,150,264,204,19,44,1,1,0.7
3,150,270,204,19,45,1,1,0.8
4,150,276,204,19,46,1,1,0.75
5,150,282,204,20,47,1,1,0
6,150,288,205,20,47,1,1,0.21825
7,150,294,205,21,48,1,1,0.59091
8,150,300,205,21,49,1,1,0.54545
9,150,306,206,22,50,1,1,0.52174
10,150,313,206,23,48,1,1,0.5
11,150,320,206,24,47,1,1,0.4
12,150,328,207,23,48,1,1,0.375
13,150,337,209,22,48,1,1,0.34783
14,150,348,207,22,50,1,1,0.47826
15,150,359,206,22,51,1,1,0.6087
236,151,231,169,50,108,1,1,0.43713
237,151,230,169,49,107,1,1,0.40222
238,151,229,169,48,107,1,1,0.3254
239,151,228,169,47,107,1,1,0.22029
324,152,507,194,22,53,1,1,0
325,152,508,195,23,53,1,1,0
326,152,507,195,21,54,1,1,0.36364
