1,-1,1020,437,38.8,107.4,1
1,-1,1255,449,38.9,96.8,1
1,-1,1345,432,172,372.2,1
1,-1,475,444,89.9,265.1,1
1,-1,580,458,89.4,253.5,1
1,-1,1054,478,38.1,113.2,1
1,-1,837,471,50.4,78.3,1
1,-1,1089,486,33.4,108.3,1
1,-1,374,446,42.3,100.6,1
1,-1,1099,437,43.2,110.5,1
1,-1,729,485,33.8,71.7,0.999
1,-1,548,462,36.3,93.4,0.999
1,-1,1417,422,200.4,363,0.998
1,-1,937,439,41.1,100.1,0.998
1,-1,972,452,29.6,83.1,0.997
1,-1,675,488,56.6,110.3,0.996
1,-1,740,453,24.1,65.4,0.993
1,-1,597,431,15.6,38.6,0.992
1,-1,462,457,23.8,71.7,0.848
1,-1,642,455,65.8,194.6,0.614
1,-1,991,458,23,60.4,0.512
2,-1,1430,412,168,352.5,1
2,-1,583,447,94,258.1,1
2,-1,1256,449,35.9,98,1
2,-1,1021,433,36.8,108,1
2,-1,475,443,82.1,263.5,1
2,-1,1056,481,37.8,112.1,1
2,-1,840,476,49.2,72.6,1
2,-1,1333,418,176.7,367,1
2,-1,1100,441,40.8,109.6,1
2,-1,375,449,41.8,96.9,1
2,-1,1088,485,35.3,113.1,0.999
2,-1,979,459,24,61.1,0.999
2,-1,937,440,41.5,102.9,0.999
2,-1,728,484,38.4,77.5,0.999
2,-1,547,456,33.1,96.6,0.998
2,-1,681,487,45.2,102.4,0.996
2,-1,599,425,18.2,40,0.975
2,-1,811,477,35,62.3,0.793
2,-1,974,457,34.9,90.3,0.786
3,-1,674,492,58.6,106,1
3,-1,587,444,74.7,249.1,1
3,-1,477,448,81.4,255,1
3,-1,1091,490,35.1,104.6,1
3,-1,1254,453,35.8,96,1
3,-1,1348,425,181.1,363.5,1
3,-1,838,473,47.3,77.5,1
3,-1,1056,482,37.6,112.5,1
3,-1,1021,440,38,95.3,1
3,-1,1100,441,40.2,108.2,1
3,-1,374,449,41.7,102.1,1
3,-1,981,457,26.8,66.3,0.999
3,-1,1445,416,171.8,370.8,0.998
3,-1,938,443,38.9,98.6,0.998
3,-1,730,485,35.7,74.4,0.997
3,-1,635,462,58.9,169.3,0.993
3,-1,547,460,38.1,96.4,0.989
3,-1,420,465,31.9,76.9,0.548
3,-1,975,462,37.9,107.1,0.527
4,-1,580,457,93.5,262.6,1
4,-1,1358,422,162.3,381.7,1
4,-1,1058,479,34.7,112.8,1
4,-1,1255,450,37.6,102,1
4,-1,1087,486,36.6,112.9,1
4,-1,1100,443,40.2,109.2,1
4,-1,375,450,41.8,100.2,1
4,-1,1017,436,44,107.9,1
4,-1,836,471,52.2,74.4,1
4,-1,471,443,87.6,274.2,0.999
4,-1,598,428,17.9,41.1,0.999
4,-1,673,482,59.6,120.4,0.999
4,-1,733,488,31.7,67.3,0.998
4,-1,937,440,40.1,101.8,0.998
4,-1,1439,429,165.3,354.5,0.998
4,-1,550,458,37.3,102.6,0.996
4,-1,980,457,24.2,68.7,0.996
4,-1,740,454,24.5,65.9,0.993
4,-1,648,463,58.3,180.6,0.842
4,-1,589,433,18.4,42.4,0.582
4,-1,417,462,32.9,85.2,0.452
5,-1,581,459,92.3,260.9,1
5,-1,1058,480,35.8,114.4,1
5,-1,469,463,83.5,254.6,1
5,-1,1364,407,183,402.6,1
5,-1,1259,450,36,102.1,1
5,-1,1100,442,40.9,109.5,1
5,-1,375,450,41.9,100.2,1
5,-1,1016,439,43.8,104.8,1
5,-1,835,469,52,77.1,1
5,-1,978,454,28.9,75.1,0.999
5,-1,733,487,32.4,69,0.999
5,-1,938,439,39.6,103.9,0.998
5,-1,682,490,50.8,107.3,0.998
5,-1,542,453,42.4,107.2,0.997
5,-1,596,428,19.9,44.2,0.997
5,-1,1090,486,32.7,111.8,0.997
5,-1,647,464,57.3,176.3,0.918
5,-1,419,463,31.7,81,0.514
6,-1,1059,481,35.3,115.9,1
6,-1,584,455,80.9,248.8,1
6,-1,677,489,55.6,106.5,1
6,-1,1374,413,154.4,399.2,1
6,-1,1023,434,34.3,109.1,1
6,-1,1086,485,37.9,114.5,1
6,-1,375,448,42.3,99.8,1
6,-1,838,473,49.4,71.9,1
6,-1,1258,450,35,101.6,1
6,-1,1100,442,38.7,104.2,1
6,-1,483,454,84.7,242.8,0.999
6,-1,732,487,33,70.4,0.999
6,-1,1448,416,169.5,353.7,0.999
6,-1,596,424,20.6,47,0.996
6,-1,933,436,41.8,114.4,0.994
6,-1,983,456,25.9,66.3,0.993
6,-1,635,456,69,190.9,0.992
6,-1,551,460,38.7,99.2,0.961
6,-1,446,457,75.6,245.9,0.745
6,-1,418,464,32.5,78.6,0.449
6,-1,739,471,39.4,98.1,0.408
7,-1,1388,407,159,386.1,1
7,-1,576,431,78.3,269.5,1
7,-1,679,490,51.1,108.7,1
7,-1,1258,448,36.9,104.1,1
7,-1,1088,487,34.5,107.5,1
7,-1,1015,442,41.2,96.1,1
7,-1,375,450,42.6,97.3,1
7,-1,834,470,56.1,79.6,1
7,-1,1101,445,39,101.4,1
7,-1,1054,482,41,113.6,0.999
7,-1,983,458,23,59.4,0.999
7,-1,470,454,77.9,248.9,0.999
7,-1,1465,433,173.3,333.4,0.999
7,-1,547,456,37.1,97.7,0.998
7,-1,635,451,65.9,187.2,0.998
7,-1,734,485,30.4,68.7,0.996
7,-1,935,440,36.8,100,0.996
7,-1,413,452,33.9,96.6,0.835
7,-1,931,427,52.3,143.6,0.426
8,-1,581,443,91.1,261.5,1
8,-1,1485,426,142.9,352,1
8,-1,1378,439,48.5,137.6,1
8,-1,374,450,41.7,99.1,1
8,-1,1014,441,40.6,101.6,1
8,-1,1091,486,35.3,111.5,1
8,-1,1256,451,36.1,98.1,1
8,-1,1381,420,160.9,360.2,1
8,-1,681,498,49.8,96.8,1
8,-1,838,474,51.6,72.4,1
8,-1,1103,445,38.4,101.5,1
8,-1,1056,482,35,109.7,0.999
8,-1,474,444,94.5,270.8,0.999
8,-1,731,492,36.2,64.3,0.999
8,-1,986,455,23.1,66.6,0.998
8,-1,935,435,36.9,107.9,0.998
8,-1,643,451,61.9,194.5,0.985
8,-1,417,457,33.3,88.2,0.835
8,-1,556,460,34.6,104.6,0.784
9,-1,592,454,77.2,260.5,1
9,-1,674,492,62.4,107.3,1
9,-1,1401,425,148.7,371.7,1
9,-1,835,472,53.7,75.4,1
9,-1,474,443,98.5,268.8,1
9,-1,1020,441,39.7,95.9,1
9,-1,1487,421,142.9,352.8,1
9,-1,1091,484,31.9,110.2,1
9,-1,1097,445,39.4,103.2,1
9,-1,1257,453,33.8,93.6,1
9,-1,374,447,41.1,100.7,1
9,-1,1057,481,33.1,114.2,0.999
9,-1,730,480,34.8,77.6,0.999
9,-1,1366,435,63.2,136.1,0.999
9,-1,932,435,42.9,117,0.998
9,-1,596,427,16.9,42.8,0.998
9,-1,986,456,23.9,65.1,0.997
9,-1,639,465,61.9,177.9,0.983
9,-1,418,466,32.1,75.5,0.683
9,-1,576,427,20,42.7,0.55
10,-1,581,455,93.9,264.1,1
10,-1,834,469,55.1,78.4,1
10,-1,484,458,85.3,258.7,1
10,-1,1413,425,128.2,376.8,1
10,-1,1090,485,32.6,111.6,1
10,-1,1018,444,39.2,87.5,1
10,-1,1256,446,34.1,105.4,1
10,-1,679,495,52.1,102.9,1
10,-1,372,446,43.2,101.1,1
10,-1,1100,438,42.5,109.1,1
10,-1,1055,483,34.3,110.9,0.999
10,-1,985,456,22.8,59.3,0.999
10,-1,1517,415,136.1,351.8,0.999
10,-1,934,434,39.9,113.1,0.998
10,-1,1375,440,64.5,126.5,0.998
10,-1,734,494,32.3,66,0.996
10,-1,596,425,19,44.2,0.995
10,-1,641,453,68.5,189.7,0.969
10,-1,552,464,35.6,92.3,0.949
10,-1,415,456,33.9,91,0.941
10,-1,459,470,41.7,120.7,0.586
10,-1,1306,424,46.1,126.5,0.485
10,-1,977,453,32.2,94.1,0.45
11,-1,984,454,23,60.6,1
11,-1,834,471,55.2,78.5,1
11,-1,1255,449,32.4,96.3,1
11,-1,578,434,96.8,284.8,1
11,-1,482,454,85.4,261.7,1
11,-1,1418,421,127,358.3,1
11,-1,1090,486,34.8,112.5,1
11,-1,1020,441,36.6,101.5,1
11,-1,374,445,42.5,100.7,1
11,-1,1100,438,42.5,109.1,1
11,-1,682,498,55.2,98.8,0.999
11,-1,1507,410,151,373.2,0.999
11,-1,1054,483,34.9,112,0.999
11,-1,936,433,39.1,110,0.999
11,-1,733,459,31.1,79.8,0.999
11,-1,1380,438,67.5,123.8,0.998
11,-1,646,461,61,183.4,0.947
11,-1,415,456,33.3,90.2,0.922
11,-1,988,453,29.7,79.8,0.916
11,-1,732,470,44.2,100.8,0.453
12,-1,1438,415,156.4,378.6,1
12,-1,591,451,77.8,256.3,1
12,-1,1256,451,33.4,97.9,1
12,-1,1091,485,31.6,111.2,1
12,-1,835,471,53.4,77.4,1
12,-1,375,451,41.7,95.6,1
12,-1,1021,444,35.7,96.8,1
12,-1,1100,440,41.6,107.1,1
12,-1,935,437,39.3,110.1,0.999
12,-1,1056,482,35.8,110.1,0.999
12,-1,474,446,85.4,272.8,0.999
12,-1,733,490,35.3,74.3,0.999
12,-1,683,492,50.6,102.3,0.998
12,-1,546,452,40.5,112.3,0.997
12,-1,1377,430,72.5,131.2,0.997
12,-1,980,454,27,66.9,0.996
12,-1,643,453,58.9,185,0.995
12,-1,595,425,20.3,46.9,0.995
12,-1,989,451,30.7,81.2,0.989
12,-1,572,457,36.8,139.3,0.978
12,-1,1523,426,146,353.6,0.967
12,-1,1304,413,44.8,135.6,0.86
13,-1,1057,483,35.3,111.4,1
13,-1,583,451,92.1,262.5,1
13,-1,1256,453,34.5,95.6,1
13,-1,375,444,40.3,104.9,1
13,-1,481,450,97.4,274.3,1
13,-1,832,471,56.6,77.1,1
13,-1,1441,422,143.4,386,1
13,-1,1090,484,33.6,116.3,1
13,-1,1100,441,39.8,104.9,1
13,-1,1536,420,136.9,357.3,0.999
13,-1,1384,431,61.5,129,0.999
13,-1,982,455,25.8,64.9,0.999
13,-1,935,435,39.9,112.2,0.999
13,-1,1017,440,32.8,93,0.998
13,-1,726,485,41,78.5,0.998
13,-1,595,429,18.6,39.9,0.997
13,-1,991,457,28.7,77.1,0.996
13,-1,683,500,47.8,94.8,0.996
13,-1,646,456,59.1,182.6,0.993
13,-1,1302,427,49.4,125.1,0.941
13,-1,460,459,38.2,106.2,0.807
13,-1,421,468,29.7,76.4,0.44
14,-1,492,455,90,266.2,1
14,-1,583,446,98.5,268.8,1
14,-1,1431,403,170.5,397.9,1
14,-1,1389,431,60.9,136.1,1
14,-1,839,473,50.9,71.8,1
14,-1,1100,442,40.7,103.4,1
14,-1,1089,487,33,113.1,1
14,-1,377,451,39.6,99.8,1
14,-1,1256,449,34.6,100.1,1
14,-1,984,455,25.6,63.6,0.999
14,-1,1538,410,145.6,378.4,0.999
14,-1,1054,479,37.3,119.3,0.999
14,-1,938,440,36.8,100,0.999
14,-1,1021,445,34.8,87,0.999
14,-1,728,479,39.8,82.3,0.998
14,-1,680,498,55.4,95.9,0.998
14,-1,988,454,35.6,93.3,0.99
14,-1,1305,420,45.5,125.8,0.91
14,-1,450,468,71.8,212.6,0.901
14,-1,657,475,62.2,149.2,0.891
14,-1,420,461,31.2,83.2,0.782
15,-1,1441,411,168.6,402.7,1
15,-1,935,440,37.6,100.7,1
15,-1,597,423,20.1,48.8,1
15,-1,577,441,91.2,269.7,1
15,-1,494,464,90.7,255.7,1
15,-1,1090,485,34.7,114.8,1
15,-1,1099,442,39.9,108.6,1
15,-1,1022,456,34.8,82.1,1
15,-1,1256,450,34.8,99.7,1
15,-1,833,470,53.2,79.9,1
15,-1,369,446,43.6,101.3,1
15,-1,1398,440,53.6,124.2,0.999
15,-1,681,489,48,101.3,0.999
15,-1,1055,484,37,110,0.999
15,-1,1539,430,186.1,364.5,0.998
15,-1,727,492,38.1,69.6,0.998
15,-1,988,460,33.1,80.5,0.998
15,-1,643,470,66.1,175.9,0.994
15,-1,1306,423,46.1,131.4,0.966
15,-1,420,456,30.8,88.4,0.957
15,-1,461,461,36.5,107.4,0.885
15,-1,453,463,72.6,218.6,0.727
16,-1,1017,445,38.9,94.6,1
16,-1,836,475,49.7,76,1
16,-1,934,438,41.4,107.1,1
16,-1,492,460,89.1,262.1,1
16,-1,1055,488,35.7,105.6,1
16,-1,1256,447,35.1,100.6,1
16,-1,1089,485,34.4,113.5,1
16,-1,376,445,40.8,105,1
16,-1,673,491,56.2,104.5,0.999
16,-1,1526,428,212.7,372.8,0.999
16,-1,580,458,38.3,127.4,0.999
16,-1,993,455,28,81.5,0.999
16,-1,580,452,92.7,270.8,0.999
16,-1,1396,437,56,126.6,0.999
16,-1,729,483,39.7,82,0.998
16,-1,597,428,17.1,39.4,0.998
16,-1,1100,438,40.6,108.4,0.998
16,-1,642,467,65.1,180.1,0.991
16,-1,1438,418,162,401.8,0.975
16,-1,468,469,43.5,112.9,0.92
16,-1,419,457,31.9,88.8,0.894
16,-1,1300,424,46.8,131.6,0.66
16,-1,812,475,27.9,64.2,0.489
17,-1,1019,447,39.6,92.4,1
17,-1,1256,451,35.1,98.7,1
17,-1,373,448,42.8,105.6,1
17,-1,472,451,95.6,258.8,1
17,-1,1545,421,201.2,395,1
17,-1,1053,485,41.7,106,1
17,-1,832,473,60,73.4,1
17,-1,1092,485,32.2,111.1,1
17,-1,725,482,39.9,78.2,0.999
17,-1,687,498,54.2,97.5,0.999
17,-1,592,446,81,256.3,0.999
17,-1,933,442,39.4,106.1,0.999
17,-1,1444,427,197.7,388.4,0.998
17,-1,1103,438,37.3,107.8,0.998
17,-1,991,452,34,92.2,0.997
17,-1,645,459,70.1,197.9,0.997
17,-1,1398,435,64.5,124.7,0.995
17,-1,548,456,42.4,104,0.673
17,-1,1303,432,46.8,117,0.66
18,-1,483,462,85.5,258.6,1
18,-1,835,472,51.1,75.2,1
18,-1,1089,484,34.5,113.2,1
18,-1,371,445,46.5,106.4,1
18,-1,1256,445,34.1,100.8,1
18,-1,1103,438,38.6,110.6,0.999
18,-1,593,452,85.8,250.8,0.999
18,-1,1053,480,39,116.9,0.999
18,-1,683,496,52.2,101.4,0.999
18,-1,1017,444,39.1,103.6,0.999
18,-1,1453,403,219.9,412.6,0.999
18,-1,939,440,35.6,98.8,0.999
18,-1,1401,427,53.7,136.9,0.998
18,-1,723,484,45.4,78.9,0.998
18,-1,992,452,34.5,92.1,0.997
18,-1,596,427,17.2,39.3,0.995
18,-1,649,460,63.8,192.5,0.987
18,-1,421,461,30.5,87.7,0.92
18,-1,1300,427,48.1,124.4,0.564
18,-1,550,452,42.8,108.1,0.402
19,-1,1255,447,36.7,98.3,1
19,-1,1092,484,31.8,117.7,1
19,-1,834,477,57.9,71.9,1
19,-1,1054,481,34.5,113,1
19,-1,372,448,47,107.6,1
19,-1,476,451,97,266.8,1
19,-1,934,439,38.9,104.5,0.999
19,-1,721,480,47.9,82.5,0.999
19,-1,1410,431,56.2,128.4,0.999
19,-1,1456,405,225,399.2,0.999
19,-1,589,433,82.5,285.8,0.999
19,-1,1101,436,39.3,110.9,0.999
19,-1,1019,449,36.1,85,0.998
19,-1,982,459,22.9,59.1,0.997
19,-1,649,460,66.9,200.4,0.997
19,-1,995,449,36.2,85.3,0.991
19,-1,418,456,30.5,89.6,0.953
19,-1,703,487,30.3,76.4,0.659
19,-1,1301,428,49.4,125.2,0.596
20,-1,594,447,91.1,257.1,1
20,-1,1255,449,36,94.9,1
20,-1,487,461,89,242.1,1
20,-1,1090,484,33.5,112.4,1
20,-1,831,477,59,72.3,1
20,-1,1459,407,231.6,408.1,1
20,-1,1051,479,38.2,117.2,1
20,-1,375,446,41.8,101.6,1
20,-1,932,439,38.8,105.4,0.999
20,-1,1103,439,38.6,111.5,0.998
20,-1,719,483,48.6,81.8,0.997
20,-1,992,447,38.6,97.7,0.997
20,-1,1017,448,39.1,92.3,0.996
20,-1,675,507,57.3,98.6,0.991
20,-1,593,427,18.3,40.6,0.983
20,-1,1408,436,55.2,121,0.981
20,-1,655,470,67.3,167,0.951
20,-1,418,459,32.1,89,0.935
20,-1,1302,427,48.8,125.1,0.616
21,-1,1090,479,33.9,124.6,1
21,-1,836,471,48.7,82.2,1
21,-1,496,464,87.7,254,1
21,-1,937,441,36.4,99.3,1
21,-1,590,440,97.4,274.3,1
21,-1,1019,450,31.9,90.3,1
21,-1,1051,479,38.1,115.6,1
21,-1,375,446,43.5,100.5,1
21,-1,1253,450,34.8,101.1,1
21,-1,1472,411,232.7,400.7,0.999
21,-1,1100,444,40.7,108.6,0.999
21,-1,720,480,47.8,86.3,0.998
21,-1,992,456,36.2,81.2,0.996
21,-1,682,492,55,106.1,0.994
21,-1,1414,441,51.9,119.5,0.948
21,-1,419,452,31.2,92.1,0.828
21,-1,1303,430,45.2,117.5,0.721
21,-1,980,460,21.6,58.9,0.638
21,-1,473,460,42.3,129.7,0.484
22,-1,585,456,92.5,265.4,1
22,-1,1086,487,37.3,113.9,1
22,-1,835,471,51.5,79.1,1
22,-1,494,452,89,270.4,1
22,-1,1055,485,33.1,108.4,1
22,-1,376,445,45.3,103.1,1
22,-1,1253,449,35.7,98.7,1
22,-1,1100,441,39.8,104.4,1
22,-1,1019,443,35.6,96.1,0.999
22,-1,1468,422,226.9,394.1,0.999
22,-1,933,435,44.5,106.9,0.999
22,-1,984,460,20.2,53.7,0.999
22,-1,1416,436,56.4,125.7,0.999
22,-1,720,486,45.2,78.4,0.999
22,-1,595,427,19.7,42.7,0.998
22,-1,1000,454,32.8,81.3,0.998
22,-1,681,493,52,103.6,0.99
22,-1,651,462,63.5,189.4,0.979
22,-1,415,463,37.5,86.6,0.889
22,-1,1303,431,47.9,121.6,0.632
23,-1,997,453,33.1,89.4,1
23,-1,1477,416,240.9,395.4,1
23,-1,480,450,94.1,268.1,1
23,-1,715,489,51.9,75.2,1
23,-1,985,461,20.4,52.8,1
23,-1,1420,429,64.7,139.2,1
23,-1,588,430,86.8,293,1
23,-1,832,476,57.4,73.1,1
23,-1,1253,444,35.8,104.3,1
23,-1,1056,486,32.4,111.3,1
23,-1,1085,488,38.3,108.3,1
23,-1,371,449,45.7,104.4,1
23,-1,1098,441,41.4,104.2,1
23,-1,933,437,42.5,111.5,0.999
23,-1,1020,445,33.6,85.8,0.995
23,-1,643,462,66.9,190.3,0.991
23,-1,416,456,32.1,94.9,0.808
23,-1,689,506,43.2,92.9,0.745
23,-1,578,433,19.7,47.6,0.521
23,-1,1304,430,48.3,122.3,0.448
24,-1,1411,428,78.3,139.9,1
24,-1,1253,445,35.8,101,1
24,-1,597,429,103.5,288.4,1
24,-1,931,437,44.1,113.5,1
24,-1,495,462,84.5,242.7,1
24,-1,723,494,39.2,71.8,1
24,-1,1466,407,241.9,423.6,1
24,-1,997,454,32.4,87.8,1
24,-1,832,476,57.7,73.2,1
24,-1,1090,484,33.2,116.4,1
24,-1,371,448,46.1,105.2,1
24,-1,1056,486,32.2,108.5,1
24,-1,1100,441,39.9,104.1,1
24,-1,985,464,19.9,53.7,0.999
24,-1,1014,448,34.5,87.2,0.993
24,-1,685,500,40.5,101.5,0.943
24,-1,417,454,31.6,91.9,0.921
24,-1,577,432,20.2,47,0.677
24,-1,1637,426,148.3,387.1,0.572
24,-1,1301,432,46.8,118.9,0.542
24,-1,569,464,44,130.9,0.406
25,-1,834,473,58.7,77.3,1
25,-1,500,441,85.1,283.9,1
25,-1,984,457,19.2,52.9,1
25,-1,1414,430,73.1,133.1,1
25,-1,720,492,48.1,75.9,1
25,-1,1100,446,39.3,99.1,1
25,-1,1473,397,246,437,1
25,-1,1054,480,38,115.6,1
25,-1,1086,489,37.3,106.9,1
25,-1,1253,449,36.4,94.9,1
25,-1,376,445,42.6,101.9,1
25,-1,591,453,96.9,266.8,0.999
25,-1,594,426,20.6,43.3,0.999
25,-1,935,437,42.2,111.1,0.998
25,-1,998,455,31.2,83.7,0.996
25,-1,1015,441,35.6,89.4,0.99
25,-1,670,479,52.5,138.6,0.928
25,-1,419,456,31.5,90.1,0.851
25,-1,578,433,18.5,45.3,0.549
25,-1,1300,425,48,123.2,0.509
25,-1,450,508,23.8,64,0.502
26,-1,1085,487,36.6,114.3,1
26,-1,1416,432,70.3,130.9,1
26,-1,489,450,88.1,260.5,1
26,-1,1051,485,36.5,112.8,1
26,-1,837,472,50.5,76.9,1
26,-1,718,485,45.6,83.5,1
26,-1,595,431,83.7,295.6,1
26,-1,1099,447,39.5,99.9,1
26,-1,1502,403,240.2,426.9,1
26,-1,1252,451,36.1,94.2,1
26,-1,371,444,43,105.8,1
26,-1,982,462,19.2,49.5,0.999
26,-1,935,440,36,103.6,0.999
26,-1,995,449,34.4,92.3,0.997
26,-1,650,461,68.9,196.8,0.996
26,-1,1017,445,35.4,93.2,0.996
26,-1,413,461,35.3,92.8,0.78
26,-1,571,473,38.5,128.9,0.51
27,-1,1427,435,63.9,135.7,1
27,-1,586,457,36.5,141.3,1
27,-1,935,440,36.9,104.1,1
27,-1,1058,479,36.3,112.8,1
27,-1,840,473,47.5,82.2,1
27,-1,1507,400,215.8,406.6,1
27,-1,1253,444,35.4,104.7,1
27,-1,478,453,94.8,271.9,1
27,-1,997,453,34.2,82.2,1
27,-1,373,448,42.3,102.6,1
27,-1,1086,488,40.1,111.3,1
27,-1,1097,437,38.3,105.9,1
27,-1,1650,412,172.4,382.3,0.999
27,-1,649,458,70.8,198.3,0.999
27,-1,587,451,100.7,270.7,0.999
27,-1,720,493,42.9,76,0.998
27,-1,1015,450,33.8,82.7,0.997
27,-1,985,460,20.7,52.9,0.997
27,-1,596,424,19.5,40.8,0.997
27,-1,415,462,35,92,0.841
27,-1,1300,427,46.8,120,0.503
27,-1,808,473,27.1,63.3,0.403
28,-1,651,457,68.5,187.9,1
28,-1,600,459,90.3,249.9,1
28,-1,831,471,58.6,81.3,1
28,-1,579,455,36.7,141.9,1
28,-1,491,452,73.4,255.3,1
28,-1,1098,440,39.8,106.1,1
28,-1,1536,420,203.4,406.1,1
28,-1,1254,447,34.2,100.7,1
28,-1,1054,481,36.9,111.8,1
28,-1,1427,425,69.1,132.4,1
28,-1,1092,485,29.7,116.2,1
28,-1,374,448,41.9,98,1
28,-1,937,440,39.8,105.3,0.999
28,-1,984,461,21.5,54.6,0.999
28,-1,1018,451,34,82.7,0.999
28,-1,997,452,33.7,81.1,0.998
28,-1,1653,433,186.5,370.1,0.997
28,-1,722,485,44.8,83.9,0.997
28,-1,596,424,19.2,41.1,0.996
28,-1,417,460,36.7,86.5,0.826
28,-1,552,466,27,78,0.783
28,-1,1304,427,46.1,124.7,0.556
28,-1,981,448,30.9,78.5,0.469
28,-1,808,475,27.9,65.6,0.422
29,-1,837,470,52.3,79.1,1
29,-1,1557,405,177.8,420.8,1
29,-1,596,442,80.2,285.1,1
29,-1,498,455,83.7,274.8,1
29,-1,1254,445,34.4,100.9,1
29,-1,1087,477,39.7,121.7,1
29,-1,372,452,45.7,101.1,1
29,-1,1056,483,33.3,114.4,1
29,-1,1427,444,58.3,114.6,1
29,-1,1100,443,40.5,104.1,1
29,-1,933,440,37.7,114.1,0.999
29,-1,656,464,66.9,185.5,0.999
29,-1,1683,423,156.3,396.1,0.999
29,-1,1019,455,32.6,75.1,0.998
29,-1,1002,455,31.3,80.7,0.998
29,-1,731,458,29.6,78.4,0.997
29,-1,720,485,47.3,86.6,0.997
29,-1,985,461,20,53.1,0.991
29,-1,413,458,34,93.9,0.935
29,-1,979,454,29.3,77.5,0.805
29,-1,580,459,28.6,84.9,0.728
29,-1,1299,431,48.3,121,0.455
30,-1,503,447,78,260.3,1
30,-1,653,459,67.7,192.1,1
30,-1,837,474,51.4,72.8,1
30,-1,1052,480,39.1,111.8,1
30,-1,600,433,84.3,281.5,1
30,-1,1578,401,168.9,438.7,1
30,-1,1100,443,38,106.6,1
30,-1,1254,442,35.6,105.3,1
30,-1,1090,487,33.3,109.9,1
30,-1,372,446,42.9,103.9,1
30,-1,1432,432,64.3,125.2,0.999
30,-1,935,442,39.2,103.9,0.998
30,-1,1673,424,217.9,391.9,0.998
30,-1,728,462,33.7,78.6,0.998
30,-1,1014,454,32.1,80.5,0.997
30,-1,575,454,39.5,138.3,0.997
30,-1,715,480,48,90.5,0.995
30,-1,985,460,20,51.8,0.994
30,-1,593,424,17.9,43.2,0.979
30,-1,1552,449,47.3,114.1,0.956
30,-1,413,457,32,84.8,0.955
30,-1,490,459,22,66.3,0.711
30,-1,1303,432,43.1,119.8,0.678
30,-1,995,455,32,85,0.418
31,-1,578,460,38.1,131.7,1
31,-1,1098,444,37.8,105.3,1
31,-1,1054,485,35.4,110.7,1
31,-1,589,427,99.2,285.3,1
31,-1,1596,402,169.2,434.9,1
31,-1,480,460,87.1,257.7,1
31,-1,377,447,41.9,105.1,1
31,-1,1254,443,36.1,106.5,1
31,-1,1089,486,34.5,113.3,1
31,-1,835,474,50.3,73,1
31,-1,931,443,45.5,108.7,0.999
31,-1,732,460,31.5,77.3,0.999
31,-1,657,459,71.9,201.9,0.999
31,-1,984,457,22,57.3,0.998
31,-1,1017,456,31.6,77.6,0.998
31,-1,1436,428,59.3,130.7,0.997
31,-1,716,489,50.5,84.5,0.996
31,-1,1636,403,269.2,415.9,0.995
31,-1,1552,434,51.8,116,0.929
31,-1,1002,455,27.9,74.7,0.926
31,-1,414,459,35.8,93.3,0.918
31,-1,1298,425,48.2,123.7,0.422
32,-1,731,457,27.9,74.8,1
32,-1,498,461,71.3,248.6,1
32,-1,1099,442,39,102.3,1
32,-1,584,454,39.4,131.2,1
32,-1,597,434,100.8,290.7,1
32,-1,1595,395,169.5,436.4,1
32,-1,1051,480,40.4,111.9,1
32,-1,376,448,41.7,104.4,1
32,-1,837,473,47.9,79,1
32,-1,1092,482,33.2,116.9,1
32,-1,1255,448,34.8,94.8,1
32,-1,1677,408,215.5,402.2,0.999
32,-1,1016,454,34,76,0.999
32,-1,928,445,43.1,101.8,0.999
32,-1,985,462,21.2,51.4,0.998
32,-1,714,484,51.2,88.6,0.995
32,-1,1444,436,53.2,125.3,0.995
32,-1,676,473,48.7,176.2,0.974
32,-1,418,460,32.3,92.8,0.916
32,-1,552,454,34.1,104.6,0.822
32,-1,1553,433,52.3,117.2,0.456
33,-1,500,448,77.4,261.2,1
33,-1,1089,485,33.2,114.4,1
33,-1,598,447,98.7,281.9,1
33,-1,1612,404,186,441.6,1
33,-1,1055,486,35.1,104.9,1
33,-1,1256,446,34,98.5,1
33,-1,1013,454,35.7,83.6,1
33,-1,375,448,42.6,106.6,1
33,-1,1100,442,38.7,102.8,1
33,-1,834,471,54.7,77.5,1
33,-1,575,455,39.9,133.8,0.999
33,-1,931,442,45.3,111.6,0.999
33,-1,988,456,19.5,54.7,0.999
33,-1,733,462,28.6,72.6,0.998
33,-1,1692,419,229.2,408.2,0.998
33,-1,1449,437,52.5,124.5,0.993
33,-1,677,474,48.8,181.3,0.987
33,-1,719,496,49.2,75.1,0.986
33,-1,594,426,19.1,42.3,0.982
33,-1,415,460,37.2,92.3,0.928
33,-1,582,418,19.4,48.3,0.854
33,-1,999,457,26.3,72,0.453
34,-1,615,451,83.5,260.4,1
34,-1,1015,459,32.2,76.6,1
34,-1,1053,480,38,112.6,1
34,-1,497,467,77.5,251.5,1
34,-1,578,455,38,132.5,1
34,-1,830,470,63.1,76.2,1
34,-1,372,448,44.3,106.3,1
34,-1,1621,404,194.6,440.8,1
34,-1,1255,445,35,102.1,1
34,-1,1088,485,34.9,113.2,1
34,-1,983,462,19.1,49.4,0.999
34,-1,933,434,43.4,111.7,0.999
34,-1,1100,443,38,106,0.999
34,-1,730,458,31.5,77.2,0.997
34,-1,1447,430,50.2,126.6,0.997
34,-1,1715,396,216.6,433.1,0.997
34,-1,667,475,67.1,182.8,0.994
34,-1,715,487,49.2,84.4,0.993
34,-1,596,424,20.3,45,0.983
34,-1,576,415,20.4,48.5,0.928
34,-1,563,459,23.4,68.1,0.9
34,-1,412,458,37.4,94.2,0.73
34,-1,1301,429,49.8,125.1,0.405
34,-1,913,447,55.8,132.8,0.404
35,-1,617,438,84.6,279.7,1
35,-1,831,472,61.4,73.3,1
35,-1,505,461,77,242.3,1
35,-1,372,451,41.6,97.4,1
35,-1,1628,414,209.1,451.1,1
35,-1,1089,487,32.6,111,1
35,-1,1098,442,38.3,103.3,1
35,-1,1056,484,36.9,109.8,1
35,-1,1009,456,29.4,78.3,1
35,-1,581,456,42.5,138.5,1
35,-1,1253,443,37.3,105.4,1
35,-1,492,458,24.2,70.4,0.999
35,-1,982,461,20,54.4,0.999
35,-1,934,441,37.7,103,0.999
35,-1,1453,425,52.7,132.1,0.999
35,-1,718,496,43.2,80.4,0.998
35,-1,734,460,29.6,68.6,0.997
35,-1,596,422,19.4,42.5,0.981
35,-1,695,482,41,103.7,0.772
35,-1,581,427,18.6,42.3,0.53
35,-1,914,441,56.8,137.8,0.466
36,-1,1635,393,220.3,466.4,1
36,-1,663,461,69.3,195.4,1
36,-1,506,462,76.7,244.9,1
36,-1,576,456,43.3,133.2,1
36,-1,370,449,43.9,104.4,1
36,-1,610,455,86.1,265.1,1
36,-1,832,471,58.9,79.4,1
36,-1,1087,484,34.7,116.5,1
36,-1,1054,486,36,108.5,1
36,-1,1009,456,30.4,78.2,1
36,-1,1255,449,34.6,97,1
36,-1,1098,441,38.6,102.4,1
36,-1,984,464,19.3,50.3,0.999
36,-1,937,445,32.8,94.3,0.999
36,-1,712,488,48.8,85.5,0.998
36,-1,491,455,25.6,75.6,0.998
36,-1,1454,434,58.6,122.4,0.995
36,-1,596,422,19.1,40.8,0.98
36,-1,581,423,19.1,44.8,0.905
36,-1,1551,434,51.4,130,0.82
36,-1,410,464,36,89.5,0.812
37,-1,1622,383,248.3,497.8,1
37,-1,836,474,51.8,78.1,1
37,-1,489,447,92.5,280.2,1
37,-1,1010,454,29.6,80,1
37,-1,1053,483,41.6,109.5,1
37,-1,377,450,40.7,101.6,1
37,-1,1256,444,35,102.3,1
37,-1,1096,441,40.5,104.2,1
37,-1,579,459,39.3,125.1,1
37,-1,1453,437,61.1,131.2,0.999
37,-1,1091,482,29.3,115.6,0.999
37,-1,934,438,40.6,108.8,0.999
37,-1,601,427,95.2,287.1,0.999
37,-1,663,459,75.8,204.3,0.999
37,-1,985,462,21.5,53.8,0.999
37,-1,736,460,26.7,67.9,0.998
37,-1,717,486,46.2,86.9,0.987
37,-1,1023,459,32.8,76.8,0.882
37,-1,411,469,35,86.1,0.711
37,-1,592,420,19,45.9,0.701
37,-1,1553,435,45.4,116.2,0.471
37,-1,1300,429,50.1,125.1,0.433
37,-1,977,454,32.2,84.7,0.406
38,-1,496,461,25.1,91.6,1
38,-1,583,451,41.8,142.4,1
38,-1,1260,448,34.3,102.4,1
38,-1,373,447,43,104,1
38,-1,490,455,93.1,264.3,1
38,-1,1628,414,269,448.7,1
38,-1,1017,453,27,77.7,1
38,-1,1090,485,34.2,113.6,1
38,-1,1054,485,35.8,111.5,1
38,-1,834,476,55.2,72.3,1
38,-1,664,460,75.8,202.5,0.999
38,-1,596,448,93.1,272.2,0.999
38,-1,1458,431,60.7,133.3,0.999
38,-1,937,442,35.8,98.6,0.999
38,-1,1101,442,39.7,103.9,0.999
38,-1,735,462,28.9,76,0.998
38,-1,985,462,19.6,50.3,0.998
38,-1,594,422,20.6,45,0.957
38,-1,718,498,45.8,68,0.898
38,-1,979,456,29.7,75.5,0.62
38,-1,1301,427,50,122.7,0.408
39,-1,1053,486,36.6,113.2,1
39,-1,1261,449,34.1,100.1,1
39,-1,1458,433,64,131.5,1
39,-1,838,470,52.8,81.3,1
39,-1,510,458,75.8,247.7,1
39,-1,373,448,41.1,99.9,1
39,-1,574,448,42.4,136,1
39,-1,1643,388,258.8,478.1,1
39,-1,1092,482,34.9,118,1
39,-1,1102,437,38.8,107,1
39,-1,1014,452,30.6,81.1,1
39,-1,985,461,20.6,52.9,0.999
39,-1,616,445,79.9,281.2,0.999
39,-1,662,455,74.8,200.8,0.999
39,-1,933,437,42.2,113.8,0.999
39,-1,494,453,29.5,110.6,0.997
39,-1,733,462,32.1,74.2,0.997
39,-1,721,483,40.6,89,0.985
39,-1,594,423,20.1,43.2,0.978
39,-1,1301,425,48.7,122.7,0.552
40,-1,502,454,83.5,258.7,1
40,-1,577,461,40,138,1
40,-1,934,438,42.5,112.7,1
40,-1,1053,484,35.8,110.7,1
40,-1,1096,441,39.6,106.6,1
40,-1,1644,395,246.1,479,1
40,-1,838,473,49.3,78.4,1
40,-1,1258,446,34.4,101,1
40,-1,375,450,41.8,102.5,1
40,-1,1008,453,35.3,80.3,1
40,-1,985,463,19.5,50.1,0.999
40,-1,1091,486,29.5,108.5,0.999
40,-1,620,430,90.9,287.3,0.999
40,-1,1456,429,58.3,126.1,0.999
40,-1,734,461,32.3,75.4,0.995
40,-1,596,425,17.8,39.8,0.945
40,-1,718,480,44.3,89.3,0.932
40,-1,702,470,41,114.2,0.856
40,-1,1300,428,47.1,119.1,0.478
40,-1,608,460,20.9,69.1,0.427
41,-1,985,462,19.8,50.5,1
41,-1,507,455,79.3,281,1
41,-1,1089,488,33.3,108.2,1
41,-1,1055,484,35.2,112.2,1
41,-1,371,449,43.5,103.9,1
41,-1,574,455,44.5,136.9,1
41,-1,1652,392,245.8,475.4,1
41,-1,1259,446,33.1,98,1
41,-1,835,473,54.1,73.4,1
41,-1,1100,437,39.3,110.4,1
41,-1,1012,455,30.8,76.7,1
41,-1,606,452,99.2,273.9,0.999
41,-1,934,437,43.1,114.7,0.999
41,-1,1463,437,63.5,126.4,0.998
41,-1,734,463,31.6,73.3,0.997
41,-1,493,461,25.7,70.6,0.982
41,-1,703,485,48.2,93.7,0.975
41,-1,596,424,18.3,41.2,0.961
41,-1,484,462,42.6,125.6,0.492
41,-1,1303,426,47.8,123.9,0.404
42,-1,1666,408,229.2,480,1
42,-1,495,449,86.3,271.5,1
42,-1,1015,459,30.5,73.9,1
42,-1,1089,488,34.4,108.9,1
42,-1,1258,447,35.4,101.9,1
42,-1,1054,484,37.5,108.8,1
42,-1,583,456,45,131.5,1
42,-1,1098,443,39.9,106.5,1
42,-1,834,473,55.1,74.1,1
42,-1,372,451,45.2,100.1,1
42,-1,933,439,39.2,109.1,0.999
42,-1,662,467,73.8,207.3,0.999
42,-1,986,460,18.8,48.7,0.999
42,-1,1460,434,65.9,114.6,0.999
42,-1,613,444,85.1,267.4,0.999
42,-1,735,461,31.9,73.3,0.998
42,-1,597,426,18.8,41.2,0.983
42,-1,723,478,43,93.8,0.903
42,-1,904,462,38.6,112,0.518
42,-1,1301,429,46.8,120.2,0.496
42,-1,979,457,28.3,72.3,0.411
43,-1,372,446,44.9,102.3,1
43,-1,505,458,94,284.8,1
43,-1,1018,461,29.4,72.7,1
43,-1,1092,480,34.7,117.8,1
43,-1,1648,413,288.7,449.8,1
43,-1,1053,488,41,108.1,1
43,-1,1258,448,33.6,95.7,1
43,-1,1099,442,39.7,103.4,1
43,-1,835,474,55.4,74.1,1
43,-1,581,450,43.7,138,1
43,-1,616,432,99.7,298,0.999
43,-1,985,456,20.3,55.1,0.999
43,-1,935,439,41,106.1,0.999
43,-1,1456,428,71.5,134.4,0.999
43,-1,734,456,33.1,78.3,0.994
43,-1,597,420,19.3,43.2,0.974
43,-1,715,489,42.8,93.8,0.968
43,-1,1005,448,30.7,82.9,0.875
43,-1,977,456,32,83.6,0.619
43,-1,1300,430,47,121.3,0.526
43,-1,413,463,30.5,82,0.501
44,-1,1054,485,37.2,107.2,1
44,-1,1088,484,35.9,116.2,1
44,-1,1012,453,29.2,75.4,1
44,-1,508,459,83.8,248,1
44,-1,1258,446,36.1,100.5,1
44,-1,1661,407,280.2,459.5,1
44,-1,373,446,41.2,103.5,1
44,-1,585,451,42.3,141.5,1
44,-1,1100,436,39.1,106.8,1
44,-1,833,473,58,74.2,1
44,-1,736,464,29,74.8,0.999
44,-1,616,432,101.4,298.6,0.999
44,-1,1463,427,66.6,133.5,0.999
44,-1,983,460,23.5,54.2,0.999
44,-1,933,439,42.1,108.4,0.999
44,-1,490,454,35.1,115.6,0.995
44,-1,594,419,21.1,46,0.988
44,-1,703,489,43.3,95.3,0.98
44,-1,723,473,46.8,97.5,0.773
44,-1,413,462,30.2,81.7,0.588
44,-1,1303,428,43.2,122.1,0.519
44,-1,812,482,26.1,55.1,0.431
45,-1,1088,482,35.6,116.9,1
45,-1,670,457,73.9,201.6,1
45,-1,583,459,36.5,134.3,1
45,-1,1258,444,37.7,106.5,1
45,-1,505,444,80.6,274.6,1
45,-1,1100,439,39.2,111.2,1
45,-1,602,454,100.7,254.5,1
45,-1,836,473,53.8,76.6,1
45,-1,1475,433,52.7,125.7,1
45,-1,372,449,42.9,95,1
45,-1,1054,487,38.7,107.4,1
45,-1,1011,456,29.3,80.1,1
45,-1,1687,387,233.6,477,1
45,-1,981,459,20.6,54.3,0.999
45,-1,736,460,35.7,81.8,0.999
45,-1,933,446,38.8,97.6,0.99
45,-1,597,426,19.1,42,0.984
45,-1,491,462,26.7,82,0.978
45,-1,483,462,42.4,125.3,0.554
45,-1,588,421,17.8,44.4,0.532
45,-1,1303,424,44.4,128.1,0.48
45,-1,979,453,31.7,83,0.401
46,-1,1051,481,39.4,114,1
46,-1,668,455,74.7,210.6,1
46,-1,1259,446,33.2,99.7,1
46,-1,504,464,93.3,278.6,1
46,-1,625,439,93,293.1,1
46,-1,1017,452,33.2,82.4,1
46,-1,1695,392,235.3,467.4,1
46,-1,1091,487,34.3,113.9,1
46,-1,579,457,38.7,137,1
46,-1,835,474,51.5,71.1,1
46,-1,1482,425,55.2,133,1
46,-1,1100,440,39,107.3,1
46,-1,372,445,43.8,106.8,1
46,-1,612,455,23.4,72.5,0.999
46,-1,985,461,20.7,50.9,0.999
46,-1,932,443,44.5,108.5,0.998
46,-1,734,461,39,79.5,0.996
46,-1,594,426,19.6,43.6,0.991
46,-1,1299,426,47.9,125.1,0.621
46,-1,902,466,46.5,116.7,0.552
47,-1,984,459,22.2,56.2,1
47,-1,375,449,40.9,101.3,1
47,-1,620,439,82.7,276.4,1
47,-1,1053,484,41.8,110.6,1
47,-1,1742,392,205,468.2,1
47,-1,1012,450,34.4,75.2,1
47,-1,500,441,93.5,291,1
47,-1,1258,450,35.4,101.4,1
47,-1,673,462,68.2,206.7,1
47,-1,1089,485,35.2,115.4,1
47,-1,1097,440,39.4,105.1,1
47,-1,832,472,54,75,1
47,-1,575,454,44.5,135.7,1
47,-1,1484,430,55.2,130.8,0.999
47,-1,734,460,34.5,82.6,0.997
47,-1,932,441,42.7,105.1,0.994
47,-1,597,422,19,42.6,0.993
47,-1,720,483,46,90.8,0.755
47,-1,902,472,52.8,112.1,0.714
47,-1,977,453,32.7,86.2,0.505
47,-1,1300,431,47,122.8,0.402
48,-1,1054,487,38,111.5,1
48,-1,983,457,21.8,57.3,1
48,-1,623,430,81.2,279.9,1
48,-1,1017,447,34,88,1
48,-1,373,451,42.9,101.8,1
48,-1,835,477,52.4,76.2,1
48,-1,1100,441,38.4,106.5,1
48,-1,496,468,89.5,246.3,1
48,-1,1087,485,35.5,116.5,1
48,-1,581,457,34.2,131.6,1
48,-1,1258,451,32.4,94.8,1
48,-1,735,460,38.1,85.1,0.999
48,-1,673,459,75,203.4,0.999
48,-1,1767,384,175,482.6,0.999
48,-1,597,421,19.9,44.7,0.995
48,-1,935,450,35.3,92.4,0.992
48,-1,1485,432,53.3,124.9,0.984
48,-1,608,463,23.8,64.6,0.963
48,-1,600,450,39.2,132.5,0.581
48,-1,1302,425,46.1,123.1,0.466
48,-1,414,463,35.9,90.4,0.444
49,-1,617,451,91.4,276.2,1
49,-1,1091,484,35.8,118,1
49,-1,376,445,39.2,99.9,1
49,-1,1010,453,31.3,79.1,1
49,-1,502,452,91,270.3,1
49,-1,1261,447,34.4,100.8,1
49,-1,832,473,52,73.5,1
49,-1,670,455,79.5,206.1,1
49,-1,1056,485,34.5,111,1
49,-1,583,450,40.3,131.5,1
49,-1,1101,437,39.8,106.9,1
49,-1,739,466,33.9,81,0.999
49,-1,983,461,20.2,55,0.999
49,-1,1775,397,179.4,483.8,0.998
49,-1,595,425,17.3,39.2,0.995
49,-1,933,440,41.8,106.4,0.995
49,-1,1486,441,54.3,122,0.972
49,-1,477,461,41.1,107.8,0.74
49,-1,903,456,40.8,109,0.622
49,-1,415,468,33.9,85.9,0.612
49,-1,1301,424,46.7,124.9,0.597
50,-1,1053,484,36.4,111.5,1
50,-1,622,440,88.7,270.4,1
50,-1,582,447,38.6,143.6,1
50,-1,1261,449,33.5,102.1,1
50,-1,1102,444,35.8,101.4,1
50,-1,834,477,57.2,76,1
50,-1,507,461,96.8,278,1
50,-1,1012,454,33.9,78.5,1
50,-1,376,447,40.6,100.6,1
50,-1,985,461,21,54.6,0.999
50,-1,1089,486,35.8,111.3,0.999
50,-1,741,461,34.5,88.8,0.998
50,-1,492,460,28,76.9,0.998
50,-1,680,457,65.8,207.8,0.997
50,-1,595,428,17.5,36.1,0.997
50,-1,1490,430,57.4,134.1,0.997
50,-1,934,442,40.1,101.1,0.995
50,-1,1786,402,182.7,491.1,0.944
50,-1,414,465,34.4,87.8,0.551
50,-1,911,454,44.1,113.2,0.489
50,-1,1302,428,46.5,124.6,0.427
51,-1,598,425,18.8,39,1
51,-1,668,460,75.8,197.5,1
51,-1,626,450,91.2,277.9,1
51,-1,1260,447,34.6,98.9,1
51,-1,741,460,33.2,84.1,1
51,-1,506,448,80.1,277.1,1
51,-1,1013,450,31.3,82.7,1
51,-1,1052,481,38.6,108.7,1
51,-1,371,448,43.4,103.7,1
51,-1,838,476,50.3,73.6,1
51,-1,586,453,40.3,132.6,1
51,-1,1495,424,51.3,132.8,0.999
51,-1,986,461,19.3,51.3,0.999
51,-1,1091,489,31.8,109.8,0.999
51,-1,1100,441,39.4,105.8,0.999
51,-1,937,444,34.4,97.3,0.997
51,-1,492,463,26,70.4,0.996
51,-1,1778,397,209.4,504.6,0.913
51,-1,416,460,32.1,87.8,0.836
51,-1,1304,423,45.5,127.8,0.785
51,-1,590,424,19.2,45.5,0.766
51,-1,981,453,32.3,84.9,0.606
51,-1,483,464,30.4,106.5,0.444
52,-1,1099,443,38.4,101.1,1
52,-1,1053,483,36.9,115.6,1
52,-1,487,453,105.4,290.2,1
52,-1,1264,446,32.2,102.4,1
52,-1,629,456,89.1,260.4,1
52,-1,372,448,42.1,101.2,1
52,-1,830,478,58,70.2,1
52,-1,1088,489,34.1,110.6,1
52,-1,585,455,39.8,134.6,1
52,-1,1010,453,34,84.7,1
52,-1,986,460,19.9,54.1,0.999
52,-1,1499,427,55.6,132.6,0.998
52,-1,615,457,24.6,78.2,0.998
52,-1,595,423,19.1,43.2,0.997
52,-1,932,443,39.1,106.9,0.997
52,-1,739,461,37.4,83.5,0.997
52,-1,707,491,49.6,103,0.942
52,-1,1822,390,140.8,521.8,0.871
52,-1,418,463,29.9,79.7,0.798
52,-1,906,468,47.8,114.3,0.703
52,-1,686,455,74.4,214,0.512
52,-1,1302,423,47.3,123.7,0.47
53,-1,619,448,87.4,260.8,1
53,-1,1088,489,34.4,111.2,1
53,-1,1055,486,34.7,111.3,1
53,-1,1255,451,41.2,94.1,1
53,-1,983,459,19.8,51.3,1
53,-1,1098,444,38.4,102,1
53,-1,502,442,87.2,297.6,1
53,-1,673,457,73,201.8,1
53,-1,1013,448,32.2,85.4,1
53,-1,832,476,53.8,72.6,1
53,-1,581,455,35.7,135.8,1
53,-1,375,448,41.8,98.3,1
53,-1,1501,431,55.5,130.4,0.999
53,-1,747,463,35.5,88.3,0.999
53,-1,596,424,19.4,41.5,0.999
53,-1,932,442,37.8,104.2,0.994
53,-1,1304,425,45.8,127.4,0.794
53,-1,603,454,30.6,89.3,0.774
53,-1,903,457,41.2,112.7,0.774
53,-1,418,461,29.1,86.2,0.676
53,-1,730,478,38.6,91.1,0.551
53,-1,1803,402,169.9,475.9,0.413
54,-1,633,438,98.7,292.8,1
54,-1,597,424,19.4,42.6,1
54,-1,372,449,43.8,102.2,1
54,-1,1088,487,34.4,114,1
54,-1,504,466,88.4,261.9,1
54,-1,1054,482,35.8,109.9,1
54,-1,983,457,21.3,53,1
54,-1,1260,451,34.2,96.7,1
54,-1,1012,453,31,74.5,1
54,-1,583,453,41.8,139.6,1
54,-1,836,475,52.7,73.9,1
54,-1,1099,439,40.9,108.2,1
54,-1,615,460,25.1,81.8,0.999
54,-1,1500,426,57.6,130.3,0.999
54,-1,742,467,38.2,85.2,0.998
54,-1,931,443,39.7,106.2,0.995
54,-1,1029,455,32.3,78.1,0.99
54,-1,487,451,36.8,126.2,0.916
54,-1,418,460,31.3,90.3,0.78
54,-1,903,460,40.1,108,0.657
55,-1,1091,486,33.2,113.4,1
55,-1,1017,456,32.7,78.1,1
55,-1,623,437,92.2,270.7,1
55,-1,487,439,102,304.4,1
55,-1,1053,483,38.1,115.3,1
55,-1,372,449,43.3,100.5,1
55,-1,986,459,19.6,51.5,1
55,-1,683,466,72.1,196.3,1
55,-1,584,451,44.1,142,1
55,-1,837,476,50.9,73.2,1
55,-1,1098,438,41.7,109.5,1
55,-1,1263,452,34.3,96.8,1
55,-1,1502,423,62.8,135.1,0.999
55,-1,742,463,39,88.3,0.998
55,-1,932,441,43,107.8,0.997
55,-1,598,423,17.4,37.6,0.996
55,-1,419,459,32.9,95,0.825
55,-1,590,426,19.7,44.5,0.814
55,-1,908,460,39.9,116.9,0.684
55,-1,1303,422,48.5,123.8,0.519
56,-1,488,438,105.5,309.7,1
56,-1,628,442,87.9,263.9,1
56,-1,1089,489,32.7,108.6,1
56,-1,1051,482,39.4,117.5,1
56,-1,986,459,20.6,55.9,1
56,-1,1097,443,40.4,106,1
56,-1,830,476,59.6,75.6,1
56,-1,375,448,42.2,99.1,1
56,-1,586,457,40.4,131.1,1
56,-1,1259,451,34.3,96.1,1
56,-1,1011,452,35.7,85.8,1
56,-1,749,464,36.6,89.2,0.999
56,-1,598,425,19.5,43.6,0.999
56,-1,1508,432,57.8,129.1,0.999
56,-1,934,434,39.9,110.7,0.999
56,-1,685,457,70.4,196.7,0.999
56,-1,1030,454,34.3,77.5,0.999
56,-1,904,474,47.1,110.2,0.789
56,-1,418,461,31.4,93,0.705
56,-1,611,450,29.2,96.8,0.649
56,-1,589,434,18.4,39.4,0.618
57,-1,1016,456,33.1,76.5,1
57,-1,1056,484,37.5,109.6,1
57,-1,621,436,93,286.4,1
57,-1,984,457,21.1,52.9,1
57,-1,505,463,80.8,277.1,1
57,-1,581,461,42.1,125.2,1
57,-1,372,450,43.7,104.7,1
57,-1,1098,437,39.5,106.9,1
57,-1,834,471,57.1,77.1,1
57,-1,1260,448,32.4,98.3,1
57,-1,681,456,74.9,214.8,0.999
57,-1,1090,484,34.1,114.1,0.999
57,-1,595,425,18.9,41.7,0.999
57,-1,932,437,39.7,113.6,0.999
57,-1,1511,426,51.5,124.4,0.998
57,-1,490,466,27.8,73.8,0.997
57,-1,746,470,42,85.5,0.997
57,-1,421,461,32.4,94.1,0.776
57,-1,1035,457,33.9,78.4,0.762
57,-1,1303,423,49.6,124.9,0.556
57,-1,980,452,32.8,86.4,0.479
57,-1,472,463,63.2,201.5,0.435
57,-1,902,471,51.3,111.7,0.433
58,-1,985,456,20.9,55.9,1
58,-1,1260,450,34.1,95.9,1
58,-1,619,435,97.1,300.1,1
58,-1,1054,485,38,109.7,1
58,-1,504,460,79.4,276.4,1
58,-1,1100,436,38.7,107.8,1
58,-1,587,461,39.6,127.2,1
58,-1,837,473,50.9,77.2,1
58,-1,376,449,41.4,105.8,1
58,-1,1012,448,33.1,80.5,1
58,-1,1090,482,34.2,115.4,0.999
58,-1,752,465,37.2,85.5,0.999
58,-1,680,454,75.3,204.2,0.999
58,-1,933,434,38,116.2,0.999
58,-1,1033,455,30.8,76.6,0.997
58,-1,1505,429,60.5,135.4,0.997
58,-1,596,426,18.7,38.7,0.997
58,-1,488,463,27.5,74.8,0.983
58,-1,572,456,24,73.5,0.913
58,-1,423,468,29.6,86.8,0.677
58,-1,1301,425,48.6,121.3,0.666
58,-1,902,477,51.4,104.8,0.613
59,-1,935,434,41.4,110.5,1
59,-1,492,452,82.6,271.5,1
59,-1,1051,480,42.4,114,1
59,-1,1261,450,35.2,97.6,1
59,-1,987,463,18.9,49.6,1
59,-1,686,447,78.8,213.1,1
59,-1,623,451,83.2,259.6,1
59,-1,376,449,41.9,101.2,1
59,-1,1002,451,34.5,83.1,1
59,-1,1087,483,36.8,114.7,1
59,-1,837,473,50.8,77.1,1
59,-1,587,454,41.8,140,1
59,-1,1100,439,37.4,103.6,1
59,-1,1032,452,29.7,80.1,0.999
59,-1,1516,432,50.8,129,0.997
59,-1,754,459,36.9,88.4,0.997
59,-1,598,424,18.6,42.5,0.996
59,-1,573,458,23.8,67.3,0.987
59,-1,980,454,28.5,74.4,0.846
59,-1,422,464,30.5,87.1,0.79
59,-1,1302,428,47.7,118.1,0.779
60,-1,1032,458,32.3,75.3,1
60,-1,617,443,86.7,270.6,1
60,-1,936,437,40.3,105,1
60,-1,495,467,87.9,261.6,1
60,-1,1089,485,36.9,118.1,1
60,-1,1056,480,36,109,1
60,-1,579,459,37.8,129.2,1
60,-1,986,462,20.2,50,1
60,-1,683,453,83,217.5,1
60,-1,832,470,61.1,73.7,1
60,-1,1260,443,35.6,103.9,1
60,-1,377,450,41,101.1,1
60,-1,1101,436,37.7,107.2,1
60,-1,1009,451,32.7,77.7,1
60,-1,1520,432,47.9,122.9,0.999
60,-1,749,462,41.8,96.7,0.999
60,-1,596,426,19.1,44.5,0.995
60,-1,976,450,29.5,78,0.687
60,-1,422,464,29.8,84.9,0.648
60,-1,1302,422,47.3,129.5,0.644
60,-1,906,476,46.5,106.6,0.611
61,-1,623,430,89.8,303.1,1
61,-1,486,458,100.3,278.3,1
61,-1,930,445,40.5,114.9,1
61,-1,1090,488,33.1,111.1,1
61,-1,985,459,19.2,52.6,1
61,-1,832,475,57,72,1
61,-1,1053,484,41.1,107,1
61,-1,1009,457,30.9,72,1
61,-1,577,451,41.7,142.5,1
61,-1,684,458,82.2,211.6,1
61,-1,1262,447,33.1,101.5,1
61,-1,374,446,45,104.9,1
61,-1,1035,457,32.9,78.4,0.999
61,-1,1102,441,37.8,106.2,0.999
61,-1,611,458,20.9,69.5,0.998
61,-1,1521,434,56.5,126.9,0.998
61,-1,750,462,42.1,90,0.995
61,-1,596,424,19.8,45.1,0.995
61,-1,905,468,48.2,114.8,0.924
61,-1,1301,423,47.8,128.5,0.78
61,-1,419,462,29.3,87.4,0.725
61,-1,977,451,30.7,78.5,0.555
61,-1,813,483,29.7,64,0.476
62,-1,1092,485,31.8,112.9,1
62,-1,620,429,98.8,291.7,1
62,-1,833,468,54.8,78.5,1
62,-1,1053,480,39.2,112,1
62,-1,505,448,87.6,279.7,1
62,-1,581,456,41.8,127.6,1
62,-1,1262,449,32.5,100.7,1
62,-1,691,458,73.1,211.6,1
62,-1,375,448,41.8,103.4,1
62,-1,986,463,17.6,46.9,1
62,-1,1007,450,34.8,92.2,1
62,-1,1100,438,37.3,104.7,1
62,-1,1526,440,50,124.8,0.999
62,-1,1034,456,32.1,77.2,0.999
62,-1,935,437,39.4,107.6,0.999
62,-1,598,424,19.6,42.1,0.995
62,-1,750,471,42.7,86.5,0.995
62,-1,979,459,30.4,74.2,0.97
62,-1,486,471,30.8,95.5,0.672
62,-1,1304,430,42.2,120.5,0.662
62,-1,903,470,48.9,114.3,0.582
62,-1,420,463,28.4,87,0.559
62,-1,580,423,19.7,46.1,0.531
63,-1,511,453,82.8,285.6,1
63,-1,986,463,19.3,52.2,1
63,-1,1051,485,38.9,106.5,1
63,-1,933,434,41.2,109.6,1
63,-1,1261,443,36.2,108.8,1
63,-1,607,438,95.1,290.1,1
63,-1,1100,436,38.3,108,1
63,-1,672,453,80.5,213.5,1
63,-1,584,457,39.6,124.1,1
63,-1,1004,451,32.5,85.6,1
63,-1,1088,485,35.3,112.1,1
63,-1,372,450,42.7,95.4,1
63,-1,748,466,43.2,96.3,0.999
63,-1,834,475,52.3,73.5,0.999
63,-1,1526,438,50.4,124.7,0.998
63,-1,1035,456,30.9,74.7,0.997
63,-1,595,423,18.4,42.3,0.984
63,-1,491,461,25.1,77.1,0.977
63,-1,1300,421,47.4,132.1,0.772
63,-1,484,458,40.7,110.7,0.736
63,-1,905,468,46,113.8,0.712
63,-1,978,450,31.9,85.6,0.649
63,-1,420,467,28.6,86.3,0.477
63,-1,809,483,29.8,64.7,0.443
64,-1,1260,445,36.1,102.2,1
64,-1,1056,484,35.7,108.6,1
64,-1,986,463,20,46.8,1
64,-1,832,473,53.8,71.3,1
64,-1,1010,456,27.5,75,1
64,-1,931,442,36.1,100.8,1
64,-1,510,452,77.9,265.4,1
64,-1,1099,438,37.5,104.1,1
64,-1,675,461,74.7,194.9,1
64,-1,631,435,95.6,308.9,1
64,-1,580,460,43.3,133.2,1
64,-1,376,444,44.1,109.2,1
64,-1,750,469,44.1,92.2,1
64,-1,1088,483,35.5,112.8,1
64,-1,1037,456,32.7,74.8,0.999
64,-1,611,458,25.9,75.4,0.999
64,-1,595,427,17,37.6,0.997
64,-1,1528,427,46.2,128.3,0.997
64,-1,494,456,29.6,79.5,0.959
64,-1,810,477,35.7,63.2,0.935
64,-1,1301,424,43,121.1,0.882
64,-1,483,464,35.7,102,0.841
64,-1,418,466,28.5,87.7,0.552
65,-1,986,461,18.6,51.3,1
65,-1,830,473,55.1,77.3,1
65,-1,574,454,43.7,131.5,1
65,-1,682,458,75.3,214.5,1
65,-1,1052,481,39.2,120.1,1
65,-1,1098,436,39.3,107.4,1
65,-1,1261,448,32.3,102.2,1
65,-1,622,446,81.4,293.5,1
65,-1,372,442,41.1,106.6,1
65,-1,1091,484,34.8,112.9,1
65,-1,749,469,43.4,91.4,1
65,-1,1004,451,35.2,85.7,1
65,-1,598,426,18.2,39.3,0.999
65,-1,499,450,86,264.9,0.999
65,-1,1036,461,29.7,71.4,0.999
65,-1,932,437,42.8,114.6,0.999
65,-1,611,455,21.9,78.5,0.998
65,-1,1531,429,45.4,126.4,0.996
65,-1,1301,421,47.6,135.2,0.882
65,-1,481,469,32.5,99.6,0.868
65,-1,419,462,28.6,83.9,0.625
65,-1,808,481,30.6,66.6,0.574
65,-1,585,421,18.8,46.8,0.493
66,-1,508,451,85.3,284.4,1
66,-1,629,450,81.7,279.4,1
66,-1,609,458,23.8,78.5,1
66,-1,1087,487,33.4,115.3,1
66,-1,1101,442,37.6,104.2,1
66,-1,1039,458,31.7,74.9,1
66,-1,682,457,75.1,216.7,1
66,-1,1051,483,38.6,118.3,1
66,-1,371,451,44.1,98.9,1
66,-1,1005,449,34,86.2,1
66,-1,1261,445,32.7,98.3,0.999
66,-1,598,425,17.5,39.9,0.999
66,-1,832,476,55.4,75.7,0.999
66,-1,753,469,40.4,91.8,0.999
66,-1,932,437,44.5,116.7,0.999
66,-1,983,464,21.7,51.1,0.999
66,-1,579,460,42,128.9,0.999
66,-1,1536,439,49.3,114.7,0.991
66,-1,1300,425,46.5,125.1,0.971
66,-1,484,467,32.9,94.7,0.958
66,-1,809,480,30,65.5,0.483
66,-1,411,458,39.3,92.2,0.447
67,-1,610,457,25.8,77.5,1
67,-1,678,448,75.7,206.1,1
67,-1,983,459,20.9,55.1,1
67,-1,622,453,91.6,279.9,1
67,-1,509,451,79.6,276.3,1
67,-1,1098,437,39.8,112.9,1
67,-1,1261,448,32.2,98.7,1
67,-1,1051,485,39.5,104.6,1
67,-1,1040,458,30.8,79.1,1
67,-1,1088,483,33.9,116.8,1
67,-1,1005,448,33,85.4,1
67,-1,375,447,41.6,99,1
67,-1,832,470,52.2,79.7,0.999
67,-1,932,437,44.2,116.6,0.999
67,-1,756,466,37.2,96.8,0.999
67,-1,585,454,46.9,130.5,0.998
67,-1,597,424,18.2,42,0.998
67,-1,1545,438,50.2,114.9,0.995
67,-1,1301,425,46.8,127.3,0.952
67,-1,478,462,40.2,108.1,0.951
67,-1,812,479,28,62.8,0.738
68,-1,1261,449,31.5,97.1,1
68,-1,504,445,85,286.6,1
68,-1,620,446,96.3,293,1
68,-1,981,460,19.4,52.5,1
68,-1,1040,459,31.8,72.8,1
68,-1,1089,487,34.1,112.7,1
68,-1,1097,439,38.1,103.8,1
68,-1,689,458,72.2,213.3,1
68,-1,1054,485,33.2,109.9,1
68,-1,372,448,43.4,104.4,1
68,-1,836,477,52.6,74.8,1
68,-1,1005,445,32.1,85,1
68,-1,755,469,41.8,95.5,0.999
68,-1,583,450,44.9,142.9,0.999
68,-1,932,437,35.9,103.6,0.999
68,-1,1537,434,53.8,120.4,0.998
68,-1,598,425,19,43.7,0.996
68,-1,486,462,33,95.2,0.845
68,-1,1299,422,47.3,132.1,0.811
68,-1,809,475,40.7,58.2,0.751
68,-1,580,419,18.8,44.5,0.499
68,-1,904,467,46.7,113.4,0.482
68,-1,421,457,34.9,95.7,0.472
69,-1,1039,457,29.5,75.8,1
69,-1,833,474,48.7,78.4,1
69,-1,982,460,20,54.2,1
69,-1,692,450,68.4,215,1
69,-1,499,457,90.2,277.2,1
69,-1,1005,445,34.9,88.5,1
69,-1,1260,443,35.7,106,1
69,-1,760,471,38.9,91.6,1
69,-1,1056,489,37.2,114.5,1
69,-1,620,438,98.7,305.4,1
69,-1,1098,437,38.4,104.9,1
69,-1,1088,484,35.6,112.8,1
69,-1,372,449,43.4,104.4,1
69,-1,933,439,42.1,113.4,0.999
69,-1,607,462,22.1,65.4,0.998
69,-1,594,423,19.2,43.4,0.997
69,-1,1537,425,51.4,131.9,0.996
69,-1,584,454,41.4,138.3,0.991
69,-1,480,464,35.1,95.2,0.988
69,-1,1301,421,47.4,130.4,0.806
69,-1,809,479,33.6,52.5,0.778
69,-1,415,460,35.4,87.8,0.4
70,-1,376,451,39.6,92.4,1
70,-1,1009,440,31,83.9,1
70,-1,984,454,21.6,57.8,1
70,-1,1042,459,29.4,74,1
70,-1,1260,443,35.4,106.4,1
70,-1,759,479,37,82.6,1
70,-1,833,471,49.5,81.8,1
70,-1,507,453,81.6,262.2,1
70,-1,1055,488,36.8,111.3,1
70,-1,609,458,26,80.4,1
70,-1,617,453,101.1,299.5,1
70,-1,693,451,69.2,207.4,1
70,-1,1098,436,39.1,106.6,1
70,-1,1090,483,32.3,116.2,1
70,-1,934,439,41.7,112.3,0.999
70,-1,595,421,19.3,43.5,0.997
70,-1,1545,433,49.3,122.9,0.997
70,-1,486,464,35.1,107.3,0.989
70,-1,578,459,40.6,130.8,0.976
70,-1,1300,422,47.1,131,0.834
70,-1,810,480,38.2,55.7,0.721
71,-1,1260,449,31.4,95.7,1
71,-1,934,434,37.9,113.2,1
71,-1,507,453,94.7,279.6,1
71,-1,832,471,55,77.8,1
71,-1,986,458,19.7,50.1,1
71,-1,688,448,74.2,209.2,1
71,-1,617,446,91.8,289.1,1
71,-1,1055,481,34,110.6,1
71,-1,1098,437,37.5,103.9,1
71,-1,1089,483,31.9,115.8,1
71,-1,1005,448,35.3,83.1,1
71,-1,375,448,43.9,101.3,1
71,-1,1040,454,31.9,74.1,0.999
71,-1,759,467,39.7,94.1,0.999
71,-1,1546,430,50.7,122.9,0.997
71,-1,597,421,19.4,43.2,0.995
71,-1,487,461,35.4,97,0.975
71,-1,587,457,36.7,131.3,0.974
71,-1,1301,425,43.6,123.5,0.857
71,-1,468,458,30.1,105.9,0.522
71,-1,811,482,28.8,61.3,0.479
72,-1,1052,485,37.9,109.3,1
72,-1,761,476,39.4,86.1,1
72,-1,1259,447,33,100.2,1
72,-1,833,473,54.1,75.2,1
72,-1,509,458,93.5,282.3,1
72,-1,933,441,37.3,102.5,1
72,-1,681,447,90.1,216.4,1
72,-1,1006,450,30.9,84.6,1
72,-1,620,433,99.5,312.7,1
72,-1,984,458,20.2,56,1
72,-1,1090,485,31.8,112.7,1
72,-1,1097,436,39.8,109,1
72,-1,372,449,43.9,99.1,1
72,-1,1043,454,33.4,74.5,0.998
72,-1,1549,426,51.9,125.5,0.996
72,-1,488,456,34.7,103.7,0.995
72,-1,603,454,30.1,81.5,0.993
72,-1,470,464,40.4,112.6,0.916
72,-1,597,423,17,37.1,0.916
72,-1,1302,427,42.6,121.2,0.886
72,-1,595,452,39.6,134.6,0.813
72,-1,812,480,31.7,64.3,0.704
72,-1,424,462,33,92.4,0.538
73,-1,835,473,53.7,75.6,1
73,-1,934,443,36.8,99.9,1
73,-1,1009,453,31.9,82.9,1
73,-1,512,461,87.3,281.2,1
73,-1,1260,447,32.9,100.5,1
73,-1,983,455,21.3,56.8,1
73,-1,596,446,128.3,299,1
73,-1,693,446,76.4,212.4,1
73,-1,1054,484,35.9,112.3,1
73,-1,1090,485,31.6,112,1
73,-1,372,450,43.7,99.1,1
73,-1,1093,439,43.5,112.2,1
73,-1,1551,422,55.6,134.7,0.995
73,-1,1042,457,33.4,72.1,0.995
73,-1,492,464,27.5,91.2,0.989
73,-1,765,482,36,82.5,0.989
73,-1,475,466,34.4,101.5,0.988
73,-1,1302,429,42.8,119.4,0.862
73,-1,811,482,30.3,63.7,0.727
73,-1,539,441,105.9,334.4,0.689
74,-1,833,470,54.7,76.8,1
74,-1,621,446,110.5,277.3,1
74,-1,699,452,67.9,198.3,1
74,-1,1260,447,33.1,102.7,1
74,-1,932,438,36.1,103.9,1
74,-1,522,455,83.9,266.5,1
74,-1,370,446,44.4,106.5,1
74,-1,1086,489,35.8,108.3,1
74,-1,982,460,20.9,51.7,1
74,-1,1052,482,36,110.1,1
74,-1,1097,436,40.1,108.1,1
74,-1,1007,453,33.1,82.8,0.999
74,-1,766,483,36.9,75.2,0.995
74,-1,1041,454,33.8,84.1,0.994
74,-1,493,465,31.7,88.8,0.991
74,-1,476,465,34.7,104.4,0.989
74,-1,1548,425,58.6,133.6,0.987
74,-1,592,451,41.7,130.9,0.975
74,-1,1300,426,43,126.4,0.655
75,-1,1261,449,34,103,1
75,-1,983,462,19.4,49.7,1
75,-1,831,471,52.2,81.2,1
75,-1,370,446,43.4,106.2,1
75,-1,932,436,36.5,106.9,1
75,-1,1052,484,40.4,109.6,1
75,-1,521,457,81.5,263.9,1
75,-1,620,434,84.8,293.2,1
75,-1,1007,451,32.2,83.2,1
75,-1,1087,489,35,109.6,1
75,-1,697,457,85.7,205.2,1
75,-1,1095,440,38.9,111.1,1
75,-1,492,456,33,109.4,0.998
75,-1,586,456,50.2,125.6,0.989
75,-1,1043,453,35.7,84.5,0.987
75,-1,1299,428,45.3,121.5,0.985
75,-1,1556,429,62.1,129.8,0.983
75,-1,765,485,37.7,73.8,0.974
75,-1,473,461,34.3,102.4,0.968
75,-1,536,439,106.8,341.5,0.604
76,-1,984,459,19.6,50.6,1
76,-1,375,443,41.3,106.4,1
76,-1,1008,451,31.2,79.9,1
76,-1,830,472,56.2,78,1
76,-1,933,443,36.6,99.4,1
76,-1,508,449,99.7,288.9,1
76,-1,1052,483,40.9,109.8,1
76,-1,1260,445,35.1,108,1
76,-1,619,448,95,280.3,1
76,-1,1086,489,35.4,110,1
76,-1,701,446,83.9,224.6,1
76,-1,1098,437,40.2,109.8,1
76,-1,491,460,32.3,95.9,0.992
76,-1,590,460,42.1,127.8,0.991
76,-1,469,466,36.1,109.1,0.991
76,-1,1560,433,57.7,124.4,0.981
76,-1,1045,448,32.1,83,0.951
76,-1,1299,420,46.8,130.6,0.865
76,-1,416,459,35.9,87,0.466
76,-1,776,487,33.7,75.4,0.445
77,-1,511,469,96.1,272.3,1
77,-1,614,452,95.5,274.4,1
77,-1,985,463,20.7,48,1
77,-1,371,446,42.6,104.7,1
77,-1,838,471,44.4,79.1,1
77,-1,1007,443,29.5,88.4,1
77,-1,934,436,38.6,112.2,1
77,-1,709,462,75.2,194.6,1
77,-1,1052,480,41,111.7,1
77,-1,1259,450,32,100.4,1
77,-1,1087,489,33.8,106.4,1
77,-1,1097,437,40.2,110.2,1
77,-1,495,464,32.4,95.3,0.998
77,-1,586,451,38.7,139.2,0.988
77,-1,469,472,37.6,99.2,0.986
77,-1,1559,423,49.3,125.1,0.967
77,-1,763,486,44.8,79.4,0.956
77,-1,1300,424,46,126.5,0.89
77,-1,1042,454,31.5,82.9,0.443
78,-1,984,456,20.9,55.1,1
78,-1,1262,451,31.3,91.2,1
78,-1,1096,440,41,106.8,1
78,-1,505,455,103.2,286.7,1
78,-1,1087,490,35.8,111.6,1
78,-1,1052,481,36.5,113,1
78,-1,833,473,58,75.2,1
78,-1,615,433,86.7,293.1,1
78,-1,368,445,45.2,102.3,1
78,-1,934,439,36.1,107,1
78,-1,697,460,87.6,219.2,0.999
78,-1,1005,448,30.3,83.8,0.996
78,-1,470,462,33.8,101.3,0.989
78,-1,592,453,38.5,129.9,0.988
78,-1,769,488,34.3,70,0.986
78,-1,1559,430,47.7,121.6,0.978
78,-1,811,474,38.3,71.7,0.843
78,-1,1298,425,45.7,131.8,0.816
79,-1,1096,439,41.7,108.7,1
79,-1,1261,451,31.8,92.2,1
79,-1,715,459,85.7,219.1,1
79,-1,1051,476,41.8,115.7,1
79,-1,494,454,35.5,114.4,1
79,-1,1087,489,35.4,112.9,1
79,-1,982,462,19.1,48.9,1
79,-1,519,459,101.5,267.3,1
79,-1,935,437,37.3,110.6,1
79,-1,613,440,90.6,295.1,1
79,-1,374,447,43.1,102.5,1
79,-1,836,476,51.5,71.7,1
79,-1,1006,452,30.7,89.1,0.999
79,-1,468,464,37.6,97.3,0.98
79,-1,1573,441,44,117,0.867
79,-1,812,468,30,74.3,0.791
79,-1,423,462,33.7,91.3,0.736
79,-1,1301,424,45.7,124.1,0.596
80,-1,985,462,20.4,48.6,1
80,-1,534,439,91.8,317.7,1
80,-1,1051,455,32.4,79.8,1
80,-1,1087,490,35.2,110.4,1
80,-1,1055,486,37.4,110.5,1
80,-1,622,440,88,292.5,1
80,-1,1096,441,40.6,104.8,1
80,-1,1260,446,36.2,100,1
80,-1,368,444,45.6,103.4,1
80,-1,836,476,49.5,74.9,1
80,-1,713,456,79.6,222.8,1
80,-1,1007,447,29.5,82.1,0.999
80,-1,936,433,40.7,116.1,0.999
80,-1,494,458,30.2,110,0.998
80,-1,467,469,34.2,95,0.99
80,-1,773,484,42,82.8,0.962
80,-1,1566,425,52.2,133.6,0.799
80,-1,813,467,30.3,74.5,0.704
80,-1,595,419,17.9,38.3,0.658
80,-1,421,463,34.8,86.8,0.647
80,-1,511,464,36.3,103.5,0.641
80,-1,1302,424,45.1,123.4,0.5
81,-1,1051,486,43.1,109.7,1
81,-1,372,449,42.7,98.4,1
81,-1,1008,448,31.7,85.5,1
81,-1,517,450,105,296,1
81,-1,622,440,87.1,293.2,1
81,-1,1086,490,35.3,110.7,1
81,-1,1094,439,42.1,108.7,1
81,-1,1261,447,36.4,100.6,1
81,-1,714,448,81.4,216.7,1
81,-1,985,464,21.2,50.7,1
81,-1,834,472,56.5,73.9,1
81,-1,496,453,31,119.4,0.999
81,-1,931,438,39.6,109.4,0.999
81,-1,467,469,33.6,94.9,0.996
81,-1,1050,445,29.6,82,0.992
81,-1,780,490,35.1,74.3,0.966
81,-1,593,418,19.3,45,0.846
81,-1,814,470,30.3,70.1,0.692
81,-1,1573,431,46.7,131.5,0.663
81,-1,1303,425,44.8,128.8,0.595
81,-1,571,434,106.9,325,0.588
82,-1,984,459,21,54.4,1
82,-1,1262,452,34.9,99.7,1
82,-1,1007,449,36.4,84.1,1
82,-1,527,453,93,296.7,1
82,-1,620,439,87.9,294.4,1
82,-1,1054,481,39.3,116.3,1
82,-1,1087,487,35.3,111.1,1
82,-1,710,454,88.7,217.6,1
82,-1,836,473,50.5,78.8,1
82,-1,371,444,44.4,108.8,1
82,-1,1095,437,42,109.3,1
82,-1,495,456,31.3,117.9,0.999
82,-1,934,436,40.9,110.7,0.999
82,-1,595,423,19,42.6,0.946
82,-1,464,463,34.6,96.1,0.89
82,-1,583,420,20.6,47.9,0.754
82,-1,1299,424,45.1,128.9,0.672
82,-1,428,446,34.7,111.1,0.603
82,-1,686,462,45.3,124.2,0.47
83,-1,620,451,98.9,275.5,1
83,-1,372,451,43,101.1,1
83,-1,532,450,90.6,297.8,1
83,-1,987,460,19,54.1,1
83,-1,1055,478,32.9,115.7,1
83,-1,832,473,53.9,77.2,1
83,-1,1087,485,35,112.1,1
83,-1,935,435,42.1,114.7,1
83,-1,1261,450,39.1,96.5,1
83,-1,1008,454,30.4,83.8,1
83,-1,720,455,97.2,217.7,1
83,-1,1096,439,41.9,108.2,1
83,-1,495,457,32.2,105.4,0.999
83,-1,466,462,34.4,94.4,0.998
83,-1,595,421,18.2,41.7,0.991
83,-1,1298,420,43.2,136.7,0.865
83,-1,563,438,111.8,332.5,0.752
84,-1,986,459,18.7,52.8,1
84,-1,834,473,49.1,78.5,1
84,-1,1052,480,42.1,113.4,1
84,-1,370,452,43.3,99.7,1
84,-1,1009,450,31.1,85.5,1
84,-1,936,437,40.5,111.1,1
84,-1,526,460,94.3,302.7,1
84,-1,724,467,85.8,228.1,1
84,-1,1098,444,39.6,105.4,1
84,-1,1089,486,34.7,111.4,1
84,-1,1263,447,32.9,96.9,1
84,-1,614,436,101.8,307.5,0.999
84,-1,495,459,35.2,109,0.999
84,-1,467,466,32.5,94.2,0.998
84,-1,595,422,17.8,39.7,0.991
84,-1,590,438,14.6,38.3,0.756
84,-1,578,418,17.6,40.9,0.678
84,-1,1159,446,34.5,85.4,0.509
84,-1,900,464,43.8,106.2,0.453
84,-1,1300,432,45.7,116.6,0.452
84,-1,704,454,41.8,107.4,0.401
85,-1,983,459,18.4,52.5,1
85,-1,520,437,101.3,306.2,1
85,-1,709,458,100.7,240.5,1
85,-1,1055,485,35.7,108,1
85,-1,1009,455,29.4,74.8,1
85,-1,935,438,40.8,108.9,1
85,-1,495,459,31.6,98.8,1
85,-1,1086,486,35.2,111.7,1
85,-1,1261,448,35.5,98.9,1
85,-1,836,474,53.4,76.5,1
85,-1,1098,440,40.5,106.3,1
85,-1,373,447,42.9,101.4,1
85,-1,623,443,90.9,289.3,0.999
85,-1,466,464,32,87.8,0.995
85,-1,577,441,100.9,318,0.777
85,-1,1301,423,44.6,127.4,0.751
86,-1,1055,479,40.2,117.6,1
86,-1,982,460,23,54,1
86,-1,615,438,99.8,306.9,1
86,-1,1008,452,31.5,78.6,1
86,-1,832,472,55.7,73.5,1
86,-1,531,457,90.4,281.1,1
86,-1,721,457,65.3,209.1,1
86,-1,1088,484,33.1,119,1
86,-1,1098,442,39.7,103,1
86,-1,1264,446,35.8,102.8,1
86,-1,935,438,41.4,109.8,1
86,-1,374,445,43.1,107.2,1
86,-1,496,455,34.8,106.9,0.999
86,-1,463,472,32.1,81,0.996
86,-1,596,423,17.2,41.3,0.99
86,-1,1298,421,46.5,128.4,0.688
86,-1,772,466,35,87.1,0.488
86,-1,578,417,17.9,42.2,0.423
87,-1,719,439,79.3,231.5,1
87,-1,1262,448,33.4,98.2,1
87,-1,1011,452,32,77.3,1
87,-1,626,437,106.6,308.5,1
87,-1,934,433,39.1,116.6,1
87,-1,515,435,109,317.3,1
87,-1,983,459,22,51.6,1
87,-1,1100,432,36.6,114,1
87,-1,1053,477,40.5,112.2,1
87,-1,1088,486,33.5,114.6,1
87,-1,838,476,48.6,68.9,1
87,-1,374,448,41.3,99.1,1
87,-1,497,452,32.2,116.2,0.999
87,-1,465,461,34.3,90.2,0.996
87,-1,579,435,100.9,335,0.691
87,-1,1301,427,44.1,120.6,0.6
87,-1,426,456,34.7,90.5,0.596
88,-1,984,463,19.1,49,1
88,-1,729,450,85.9,236.1,1
88,-1,1088,485,34.8,116,1
88,-1,641,429,94.7,303.3,1
88,-1,1010,453,29.9,74.2,1
88,-1,536,443,98.9,306.7,1
88,-1,1103,444,35.1,105.4,1
88,-1,930,436,41.8,113.2,1
88,-1,837,474,53.6,77.2,1
88,-1,1261,447,35.8,101.8,1
88,-1,1051,480,40,111.2,0.999
88,-1,497,454,31.9,107.5,0.998
88,-1,594,424,16.4,36.2,0.997
88,-1,370,443,43.1,110.5,0.996
88,-1,465,464,30.7,86,0.957
88,-1,981,456,27.6,70.5,0.652
88,-1,580,419,18.3,43.6,0.595
88,-1,578,452,112.1,308.8,0.577
88,-1,904,468,48.3,116.3,0.521
89,-1,627,432,101.2,296.7,1
89,-1,531,440,107.2,311.7,1
89,-1,1087,482,35.3,120.7,1
89,-1,377,448,40.8,97.2,1
89,-1,715,446,84,253.4,1
89,-1,985,460,20.8,55.4,1
89,-1,1262,446,36.9,99.6,1
89,-1,931,437,42.3,114.8,1
89,-1,1050,480,40.5,116.3,1
89,-1,837,472,51,79,1
89,-1,1100,438,39.2,108.1,1
89,-1,497,459,28.8,101.9,0.999
89,-1,1007,453,33.6,77.5,0.999
89,-1,462,466,32,86.3,0.933
89,-1,1297,426,46.7,122.3,0.772
90,-1,523,459,97,297,1
90,-1,984,457,19.8,56.4,1
90,-1,630,430,105.7,298.8,1
90,-1,1087,484,37.2,118.8,1
90,-1,719,447,101.9,250.9,1
90,-1,1266,446,31.4,98.8,1
90,-1,1099,444,40.3,107.8,1
90,-1,929,435,42.3,116.3,1
90,-1,1053,484,38.7,109.9,1
90,-1,375,445,41.2,102.7,1
90,-1,594,427,16.9,35.4,0.999
90,-1,497,455,27.6,106.6,0.999
90,-1,832,474,55,75.6,0.999
90,-1,1010,458,31,74.2,0.999
90,-1,603,464,43.3,116.7,0.913
90,-1,458,463,35.2,87.7,0.858
90,-1,560,436,109.6,350.4,0.713
90,-1,978,453,30.3,78.1,0.646
90,-1,1066,449,30.9,76.7,0.574
90,-1,1303,429,44.8,126.7,0.439
91,-1,932,434,38.3,114.9,1
91,-1,732,456,76.5,217.7,1
91,-1,834,472,54.1,75.2,1
91,-1,1008,455,30,77.7,1
91,-1,498,455,31.7,101.4,1
91,-1,628,432,100.9,303.6,1
91,-1,1264,452,31.3,95,1
91,-1,985,462,20.7,54.7,1
91,-1,527,434,91.9,307.5,1
91,-1,1090,483,37.2,119.5,1
91,-1,1052,486,36.7,107.8,1
91,-1,1099,438,40.5,107.4,1
91,-1,372,444,40.5,104.8,1
91,-1,608,461,24.5,64.1,0.966
91,-1,598,463,49,134.1,0.959
91,-1,458,462,36.4,95.3,0.948
91,-1,1300,425,46.5,126.2,0.72
91,-1,1067,452,30.4,73.5,0.715
91,-1,435,462,31.7,91.8,0.539
91,-1,563,440,115.4,355.3,0.506
91,-1,902,457,45,122.9,0.453
91,-1,972,455,31.3,84.1,0.421
92,-1,1262,445,38.3,103.8,1
92,-1,728,453,91.4,242,1
92,-1,637,447,108,287.9,1
92,-1,1054,484,37.8,106.7,1
92,-1,933,434,37.5,112.7,1
92,-1,985,459,19.3,52.2,1
92,-1,1090,486,35,121.7,1
92,-1,535,443,99.8,303.1,1
92,-1,1098,444,38.1,101.4,1
92,-1,496,455,31.8,105,1
92,-1,837,477,53.6,76,1
92,-1,375,446,42.4,103,1
92,-1,1010,450,29.8,83.5,0.999
92,-1,456,462,34.4,96.9,0.985
92,-1,599,421,18.1,43.1,0.94
92,-1,1300,423,46,123.5,0.736
92,-1,588,418,19.9,47.9,0.646
92,-1,900,460,45.6,116.3,0.503
92,-1,976,452,30.1,82.2,0.442
93,-1,592,466,42.1,129.9,1
93,-1,641,450,115.4,295,1
93,-1,495,459,29.2,96.4,1
93,-1,526,431,91.3,312.9,1
93,-1,1263,449,32.1,100.6,1
93,-1,986,456,19.7,55.1,1
93,-1,375,446,42.4,106.1,1
93,-1,1096,442,40.2,106.6,1
93,-1,1051,485,39.7,106.5,1
93,-1,1086,486,36,113.7,1
93,-1,1006,450,32.9,83.6,1
93,-1,836,478,54.3,74.9,1
93,-1,734,448,76.1,221,1
93,-1,933,434,39.8,105.5,0.999
93,-1,458,462,33.5,100.5,0.983
93,-1,1299,422,46.7,127.2,0.697
93,-1,905,455,42.3,121.5,0.593
93,-1,576,456,89.1,276.8,0.567
93,-1,1063,445,33.2,83.2,0.515
94,-1,1087,486,36.6,114.7,1
94,-1,637,450,120.8,295.4,1
94,-1,832,476,56.8,69.9,1
94,-1,983,455,21.7,59.8,1
94,-1,933,441,39,110.6,1
94,-1,497,458,32,111.7,1
94,-1,1005,451,31.3,87.6,1
94,-1,531,443,101.1,304.4,1
94,-1,731,448,74.6,223.1,1
94,-1,1261,447,33.3,103.6,1
94,-1,1051,486,40.7,108.5,1
94,-1,373,443,43.7,110.8,1
94,-1,1097,436,39.7,108.4,1
94,-1,455,461,34.5,99.1,0.99
94,-1,594,418,20.1,46.9,0.981
94,-1,1064,450,32.3,83.1,0.702
94,-1,1302,422,46.4,127,0.678
94,-1,508,473,42,118.4,0.557
94,-1,588,456,88.9,270,0.537
94,-1,904,456,43,122.3,0.412
95,-1,985,457,20.1,50.9,1
95,-1,1088,483,38.1,117.8,1
95,-1,371,448,43.3,103.2,1
95,-1,936,436,41.1,107.7,1
95,-1,746,445,78.5,228,1
95,-1,518,435,108.3,313.6,1
95,-1,1259,450,34.4,99.1,1
95,-1,838,473,49.9,72.2,1
95,-1,1011,454,28.3,78.3,1
95,-1,635,430,100.5,322,1
95,-1,1052,485,38.6,103.1,1
95,-1,1102,443,37.7,103.6,0.999
95,-1,498,456,30.4,107.6,0.998
95,-1,454,468,37.8,94.1,0.992
95,-1,607,457,44.1,128.3,0.933
95,-1,983,452,28.8,74.5,0.742
95,-1,1300,425,46.1,126,0.728
95,-1,436,460,32.6,92.7,0.691
95,-1,906,456,44.9,124.5,0.585
96,-1,631,445,110.8,292.2,1
96,-1,1102,432,36.3,113.6,1
96,-1,1088,487,37.7,113.2,1
96,-1,532,449,98.3,299.3,1
96,-1,743,442,86.3,241.5,1
96,-1,1257,446,36.7,104.1,1
96,-1,985,458,21.9,53.8,1
96,-1,935,440,41.5,110.7,1
96,-1,834,473,53.6,74.1,1
96,-1,1051,485,39,109.6,1
96,-1,373,449,42.5,103.5,1
96,-1,496,457,30.2,109.4,0.998
96,-1,1011,454,30.5,71.5,0.998
96,-1,595,423,18.6,42.8,0.995
96,-1,455,469,42.1,92.9,0.994
96,-1,1067,450,32.3,100.9,0.962
96,-1,1299,423,46.7,124.3,0.668
96,-1,440,468,28,83.3,0.426
97,-1,1087,487,37.2,113.1,1
97,-1,525,432,92,314.8,1
97,-1,984,461,22.2,54.3,1
97,-1,935,437,38.3,110.3,1
97,-1,629,445,108.2,291.7,1
97,-1,1010,456,31.2,73,1
97,-1,1053,483,37.9,108.1,1
97,-1,1260,444,36,107.1,1
97,-1,742,444,76.3,224.7,1
97,-1,1098,438,41.6,109.6,1
97,-1,834,473,53.7,72.8,1
97,-1,373,449,42.6,103.5,1
97,-1,454,470,39.6,90.1,0.998
97,-1,498,452,34.7,117.2,0.997
97,-1,594,453,47.8,140.4,0.993
97,-1,1073,461,26.5,77.5,0.969
97,-1,1303,426,44.9,124.7,0.717
97,-1,560,437,102.8,348.2,0.569
97,-1,437,462,30.1,93.4,0.494
98,-1,521,454,91.9,310.8,1
98,-1,1089,486,37.6,113.5,1
98,-1,736,448,79.8,211.3,1
98,-1,1009,454,30.8,72,1
98,-1,933,436,37.8,109.5,1
98,-1,650,426,109.1,316.8,1
98,-1,984,463,18.7,50.2,1
98,-1,1259,444,36.5,106.6,1
98,-1,1053,484,37.1,108.7,1
98,-1,1098,437,41.6,109.8,1
98,-1,372,449,39.7,103,1
98,-1,836,475,55.8,72.1,1
98,-1,457,470,40.3,93.9,0.999
98,-1,595,463,41.9,131.3,0.998
98,-1,595,427,16.7,38.6,0.997
98,-1,497,459,30.2,103.6,0.996
98,-1,556,428,108.6,365.8,0.986
98,-1,1071,451,30.4,91.1,0.964
98,-1,983,456,29,72.9,0.774
98,-1,1302,421,47.3,128.5,0.556
99,-1,984,461,19.3,48.7,1
99,-1,1006,451,31.6,79.5,1
99,-1,659,450,98,285.6,1
99,-1,530,453,93.3,294,1
99,-1,1259,452,33.1,98.3,1
99,-1,834,477,51.5,74.7,1
99,-1,749,456,74.9,222.7,1
99,-1,931,441,44.5,108.3,1
99,-1,374,445,46,107.1,1
99,-1,1088,484,33.7,117.8,1
99,-1,1052,483,38.7,106.6,1
99,-1,1097,437,39.7,105.1,1
99,-1,455,473,39.3,90.6,0.996
99,-1,500,460,29.8,101.7,0.995
99,-1,596,423,19.7,44,0.989
99,-1,1073,455,33.5,92.8,0.924
99,-1,439,463,31.2,89.5,0.876
99,-1,630,481,40.3,116.7,0.854
99,-1,568,459,98.9,327.5,0.734
99,-1,585,418,19.2,47,0.627
99,-1,1305,427,46.6,124.6,0.572
99,-1,972,454,30.9,79.5,0.416
100,-1,641,445,105.9,299.9,1
100,-1,1259,445,34.6,102.3,1
100,-1,1091,485,33.6,111.8,1
100,-1,373,446,42.7,105.6,1
100,-1,984,456,19.7,53.1,1
100,-1,1051,484,38.8,114,1
100,-1,1098,432,40.4,114.4,1
100,-1,1010,454,29.1,81.2,1
100,-1,742,451,77.8,210.3,1
100,-1,838,477,52.7,74.8,1
100,-1,934,436,40.8,115.3,0.999
100,-1,589,459,40.8,134.3,0.999
100,-1,516,453,97.1,298.1,0.999
100,-1,556,443,102.3,336.8,0.999
100,-1,455,473,39.9,94.5,0.997
100,-1,497,456,32.8,102,0.992
100,-1,596,421,19.1,41.7,0.989
100,-1,1072,450,31.8,91.1,0.961
100,-1,1302,421,46.2,127,0.82
100,-1,975,449,30.6,84,0.463
101,-1,372,447,43.6,106.2,1
101,-1,985,460,20,52.3,1
101,-1,933,438,39.4,102.3,1
101,-1,1255,449,41.7,95.9,1
101,-1,1052,479,37,113.5,1
101,-1,751,452,84.9,224.8,1
101,-1,1099,432,40.1,113.6,1
101,-1,645,432,104,307.3,1
101,-1,1090,483,32.1,115.8,1
101,-1,836,475,56.1,73.1,1
101,-1,452,474,41,87.4,0.999
101,-1,537,442,111.5,333.1,0.999
101,-1,1009,448,30.1,77.3,0.999
101,-1,1073,453,29.1,84,0.987
101,-1,496,459,32.4,108.9,0.975
101,-1,1306,423,43.2,121.9,0.77
101,-1,973,451,30.6,78,0.499
102,-1,754,447,71.3,206.1,1
102,-1,655,441,101.9,302.6,1
102,-1,1258,444,39.3,107.6,1
102,-1,931,442,42.6,104,1
102,-1,1055,485,38.1,107.8,1
102,-1,370,449,42.3,104.1,1
102,-1,1099,433,41.5,116.5,1
102,-1,1087,482,38.1,116.5,1
102,-1,833,474,57.6,77.6,1
102,-1,526,439,123.2,338.3,0.999
102,-1,986,460,19.6,52,0.999
102,-1,1006,449,30.9,91.2,0.999
102,-1,1073,448,30.7,88.9,0.995
102,-1,453,467,38.5,99.2,0.992
102,-1,496,463,32.8,101.9,0.991
102,-1,1306,423,42.8,122.5,0.709
102,-1,905,466,37.1,109,0.42
103,-1,718,460,40.5,118.1,1
103,-1,986,463,18.3,47.8,1
103,-1,1053,485,38.6,109.7,1
103,-1,749,456,77.2,217.6,1
103,-1,647,444,111,298.1,1
103,-1,374,447,44,106.2,1
103,-1,1007,451,33.1,85.9,1
103,-1,1086,485,37.6,113.9,1
103,-1,1254,447,39.2,104.5,1
103,-1,832,473,60.5,76.9,1
103,-1,1100,441,40.5,106.4,1
103,-1,591,459,48.9,132.8,0.999
103,-1,564,450,25.2,73.7,0.999
103,-1,526,441,86.9,306.4,0.999
103,-1,557,448,118.7,357.8,0.999
103,-1,931,432,45.8,115.5,0.999
103,-1,1076,452,31.8,87.6,0.993
103,-1,452,465,39.4,96.7,0.993
103,-1,596,420,18.5,42.9,0.988
103,-1,497,458,33.1,108.3,0.984
103,-1,983,458,28.5,71.5,0.675
103,-1,1309,425,42.4,122.1,0.608
104,-1,551,435,129.8,354.4,1
104,-1,1255,445,40,105.3,1
104,-1,984,461,19.2,51.3,1
104,-1,1090,481,36,118.2,1
104,-1,753,445,93.3,216.4,1
104,-1,1010,448,28.6,83.4,1
104,-1,930,439,44.6,109.6,1
104,-1,647,430,105.7,329.6,1
104,-1,1054,483,35.5,109.2,1
104,-1,370,448,44.6,104.6,1
104,-1,450,473,42.3,93.2,0.999
104,-1,831,473,60.2,73.2,0.999
104,-1,1100,431,39.6,114.9,0.998
104,-1,1078,452,31.5,84.8,0.997
104,-1,496,463,32.5,97.1,0.996
104,-1,981,456,29.2,74,0.714
104,-1,1306,426,43.5,122.8,0.515
104,-1,1065,458,39.7,112.2,0.411
105,-1,831,473,57.3,71.3,1
105,-1,1092,483,32.6,121.7,1
105,-1,1098,435,41.4,115,1
105,-1,1055,487,34.9,104,1
105,-1,1252,450,37.1,98.1,1
105,-1,749,447,81.5,231.6,1
105,-1,653,434,105.7,329.3,1
105,-1,934,436,44.2,120.2,1
105,-1,370,449,44.8,103.2,1
105,-1,539,456,96.9,299.6,0.999
105,-1,986,460,18.8,51.4,0.999
105,-1,1075,448,28.8,80.9,0.999
105,-1,1006,448,33.4,87.8,0.999
105,-1,497,453,29.6,111.1,0.998
105,-1,448,469,35.3,90.3,0.996
105,-1,597,422,19.3,43,0.982
105,-1,555,436,129.4,382.3,0.965
105,-1,1305,427,43.3,120.7,0.522
105,-1,981,455,29,73.6,0.48
105,-1,911,443,42.6,143.9,0.418
106,-1,1097,438,39,111.3,1
106,-1,556,458,129.5,329,1
106,-1,750,449,80.1,234.5,1
106,-1,830,472,61.6,78.6,1
106,-1,984,462,20.1,49.9,1
106,-1,1085,485,36.4,116.3,1
106,-1,935,437,43.1,118.9,1
106,-1,1053,485,34.9,113,1
106,-1,1006,453,30.7,84,1
106,-1,371,449,43.5,103.2,1
106,-1,1253,444,38,104.9,1
106,-1,720,454,37.3,117.5,0.999
106,-1,1076,450,28.4,80.1,0.999
106,-1,448,470,36.4,95.6,0.999
106,-1,654,421,96.9,339.5,0.999
106,-1,500,461,29.4,95.8,0.998
106,-1,597,423,20.6,44.5,0.985
106,-1,981,455,28.4,72.6,0.545
106,-1,1302,428,45.5,126.5,0.465
107,-1,372,451,40.9,94.9,1
107,-1,660,442,102,320.8,1
107,-1,1091,480,29.3,115.7,1
107,-1,753,454,90,241.7,1
107,-1,984,458,21.8,51.4,1
107,-1,555,456,131.2,345.2,1
107,-1,1076,452,29.7,85.5,1
107,-1,1007,451,32.8,88.1,1
107,-1,935,438,42.8,115.2,1
107,-1,1247,445,42.1,105.6,1
107,-1,1100,437,43,113.5,1
107,-1,828,474,62.6,75.2,1
107,-1,1054,484,37.2,108.2,1
107,-1,499,455,30.9,107.7,0.999
107,-1,447,468,34.9,95.7,0.997
107,-1,598,423,18.9,40.5,0.983
107,-1,976,450,24.4,75.1,0.937
107,-1,588,427,16.3,39.3,0.773
107,-1,904,451,43.1,140.5,0.511
107,-1,1301,423,43.8,121.9,0.501
108,-1,1005,449,33,82.2,1
108,-1,1251,447,36.6,102.1,1
108,-1,556,435,129.5,364,1
108,-1,662,428,92.4,336.2,1
108,-1,984,459,20.7,52.8,1
108,-1,829,471,65.5,70,1
108,-1,373,452,40.4,93.8,1
108,-1,498,458,33.5,106.1,1
108,-1,762,468,87.9,234.6,1
108,-1,1079,452,27.1,78.9,1
108,-1,1088,487,37.7,110.8,1
108,-1,935,437,42.9,118.6,1
108,-1,1051,480,42.2,114.4,1
108,-1,448,469,33.1,93.3,0.999
108,-1,1101,444,39.2,104.8,0.999
108,-1,976,452,25.9,81.1,0.852
108,-1,903,449,42.1,136.5,0.675
108,-1,1303,422,46.2,130,0.434
109,-1,1092,484,33.7,112.2,1
109,-1,983,457,20.3,54.1,1
109,-1,1080,452,27.4,79.2,1
109,-1,501,464,31.7,99.7,1
109,-1,655,444,102.2,303.2,1
109,-1,535,431,121.1,339.3,1
109,-1,935,438,39.4,106.4,1
109,-1,373,453,40.3,93.8,1
109,-1,1053,481,38.5,111.1,1
109,-1,760,453,78.2,227.4,1
109,-1,833,476,50.9,68.6,1
109,-1,1250,449,36.3,95.9,1
109,-1,1096,440,41.5,108.9,1
109,-1,1007,456,28.1,82.1,0.999
109,-1,448,468,32.4,92.2,0.998
109,-1,740,467,35.6,88.5,0.441
110,-1,561,458,112.2,324.6,1
110,-1,372,448,42.4,102.2,1
110,-1,833,473,57.8,78.2,1
110,-1,1088,483,33.3,111.7,1
110,-1,1052,484,38.2,114.5,1
110,-1,982,459,20.1,52.2,1
110,-1,727,457,48.4,124.7,1
110,-1,936,434,42.4,114.2,1
110,-1,759,439,84.9,244.4,1
110,-1,1248,450,37.7,95.4,1
110,-1,668,431,91.1,330.3,1
110,-1,499,460,39.9,124.5,1
110,-1,1096,436,41.6,109.4,1
110,-1,1009,455,30.4,71.8,0.998
110,-1,1079,457,31,72.8,0.997
110,-1,443,464,34.5,102.9,0.996
110,-1,597,420,19,41.2,0.96
110,-1,587,421,17.2,41.7,0.762
111,-1,372,441,42.3,110.6,1
111,-1,670,451,97.6,302.1,1
111,-1,544,438,135,343.4,1
111,-1,763,446,69.5,246.7,1
111,-1,501,456,28.3,97.5,1
111,-1,835,474,49.5,72.4,1
111,-1,1085,482,39.6,114,1
111,-1,1054,482,36.5,108.6,1
111,-1,1251,448,36.3,98.2,1
111,-1,935,439,45.4,118.2,1
111,-1,1099,437,38.6,108,1
111,-1,1007,457,29.2,68.5,0.999
111,-1,985,459,20.5,55,0.999
111,-1,444,463,34.8,99.5,0.997
111,-1,1079,453,26.6,73.3,0.972
111,-1,988,454,27.6,77.3,0.606
112,-1,1092,483,33.5,116.2,1
112,-1,1244,450,36.8,96.1,1
112,-1,935,439,43,115.9,1
112,-1,497,457,33.3,105.5,1
112,-1,371,440,44.1,112.3,1
112,-1,561,443,120,330.8,1
112,-1,776,444,79.1,239.7,1
112,-1,1052,484,38.4,108.5,1
112,-1,673,435,89.8,328.1,1
112,-1,836,472,54.5,76.5,1
112,-1,1099,444,39.4,99.2,1
112,-1,1085,452,27.3,80.3,0.999
112,-1,982,457,26.4,60.5,0.999
112,-1,1006,452,31.9,83.1,0.999
112,-1,445,471,30.6,87,0.998
112,-1,528,457,29.7,76.2,0.955
112,-1,598,422,19.1,41.7,0.895
113,-1,1051,479,42,112.9,1
113,-1,547,430,132,362.4,1
113,-1,1244,449,39.1,101.5,1
113,-1,496,458,32.8,101.3,1
113,-1,373,450,43.5,101.6,1
113,-1,771,455,79.4,232.9,1
113,-1,676,449,88,316,1
113,-1,830,472,61.9,78.1,1
113,-1,1095,440,42.5,107.6,1
113,-1,443,467,33.4,93.2,0.999
113,-1,936,432,44.4,122.5,0.999
113,-1,1091,480,31.1,118.5,0.999
113,-1,1006,455,29.8,77.6,0.999
113,-1,987,453,21,59.2,0.998
113,-1,528,452,29.1,77.5,0.978
113,-1,1304,427,46.1,122,0.605
113,-1,989,449,27.4,82.7,0.411
114,-1,372,440,43.4,111.7,1
114,-1,766,449,81,211.6,1
114,-1,1051,479,41.7,113.5,1
114,-1,939,442,37.1,104.4,1
114,-1,551,441,127.5,345.3,1
114,-1,683,432,99.1,314.9,1
114,-1,496,455,33.7,101.9,1
114,-1,1241,448,40.1,101,1
114,-1,1086,482,38.1,114.9,1
114,-1,1099,443,41.2,102.6,1
114,-1,835,471,55.1,72.7,0.999
114,-1,985,458,19.3,54.4,0.997
114,-1,443,460,35.4,94.8,0.997
114,-1,1012,461,28.3,72,0.997
114,-1,529,458,29,70.2,0.933
114,-1,1300,424,46.2,124,0.722
114,-1,977,451,31.5,86.8,0.643
115,-1,561,440,129.6,358.1,1
115,-1,1097,440,39.4,103.1,1
115,-1,1088,485,36.4,107.6,1
115,-1,1052,483,41.4,114.2,1
115,-1,497,447,33.3,112.6,1
115,-1,776,441,82.2,239,1
115,-1,679,451,88.5,293.3,1
115,-1,1245,449,40.4,98.9,1
115,-1,374,450,42.4,101.5,1
115,-1,934,436,41.5,108.5,1
115,-1,444,462,32.4,94.4,0.999
115,-1,833,472,53.9,77.9,0.999
115,-1,1012,461,27,66.5,0.996
115,-1,986,461,18.7,54.2,0.996
115,-1,529,458,30.3,70.7,0.964
115,-1,994,459,21.5,60.5,0.843
115,-1,1304,422,46.2,128.7,0.71
115,-1,999,449,29.2,84.9,0.583
115,-1,519,460,35.9,104.6,0.483
116,-1,768,443,82.8,253.3,1
116,-1,497,453,34.7,109.4,1
116,-1,1054,481,36.6,115.7,1
116,-1,827,476,59.2,68.7,1
116,-1,563,457,124.7,323.6,1
116,-1,445,463,35.2,92.3,1
116,-1,939,437,38,110.5,1
116,-1,663,446,100.1,308.8,1
116,-1,1241,448,38.2,100.4,1
116,-1,372,450,43.4,102.6,1
116,-1,1087,485,34.4,110.6,1
116,-1,1098,441,43.3,105.6,1
116,-1,1011,459,28.3,70.9,0.998
116,-1,985,458,19.6,54.9,0.998
116,-1,532,458,28.5,69.3,0.98
116,-1,597,426,15.7,38.6,0.96
116,-1,744,456,42.8,111.6,0.847
116,-1,980,456,30.3,78.6,0.701
116,-1,1304,426,46.2,125.7,0.695
116,-1,588,423,19.1,44.3,0.683
117,-1,1243,443,39.1,101.8,1
117,-1,985,463,17.8,48,1
117,-1,554,432,141.7,370.9,1
117,-1,1053,481,36.9,116.8,1
117,-1,1088,483,37.1,112.4,1
117,-1,833,477,52.9,70.7,1
117,-1,500,449,33.4,112.3,1
117,-1,772,448,84.8,242,1
117,-1,672,450,112.8,307.7,1
117,-1,443,467,38.1,98,1
117,-1,373,448,43.2,104.7,1
117,-1,1012,459,28.3,69,1
117,-1,937,440,40.3,110.7,1
117,-1,1098,440,40.1,103.1,1
117,-1,990,452,20.7,66.1,0.996
117,-1,533,458,27.8,73.4,0.985
117,-1,978,456,25.8,72,0.951
117,-1,1304,422,46.2,128.3,0.689
118,-1,564,458,109.3,336.3,1
118,-1,767,453,92.9,253.9,1
118,-1,448,472,33.2,93,1
118,-1,1088,487,33.6,115.1,1
118,-1,676,437,89.9,318.1,1
118,-1,499,445,32.8,113.5,1
118,-1,939,436,40.6,110.1,1
118,-1,1052,480,38.3,115,1
118,-1,1012,457,29.7,74.2,1
118,-1,373,449,42.8,103.8,1
118,-1,987,463,17.8,48.2,1
118,-1,1240,449,38.1,97.8,1
118,-1,1097,440,40.5,105.6,1
118,-1,530,456,27.3,71.6,0.987
118,-1,975,456,27.6,75,0.944
118,-1,596,420,18.3,40.8,0.934
118,-1,839,478,45,71.6,0.917
118,-1,1304,426,46.7,124.7,0.88
118,-1,993,457,22.8,63.6,0.798
118,-1,586,418,21.4,46.2,0.784
119,-1,932,437,43.4,108.3,1
119,-1,1051,478,38.7,120.6,1
119,-1,829,477,55.6,72.8,1
119,-1,562,456,21.9,68,1
119,-1,1100,443,41.2,105.2,1
119,-1,766,458,84.6,236.2,1
119,-1,497,457,34.9,103.6,1
119,-1,373,449,43.3,103.3,1
119,-1,551,445,123.2,351,1
119,-1,686,449,84.5,300.4,1
119,-1,1088,488,34.8,115.5,1
119,-1,1239,447,37,95.3,1
119,-1,988,460,19.3,51.7,1
119,-1,446,467,35.3,101.8,0.999
119,-1,1014,455,28.1,74.1,0.998
119,-1,530,451,28.8,78.7,0.998
119,-1,595,420,20.6,46,0.987
119,-1,671,465,23.2,69,0.85
119,-1,978,457,28.9,76.2,0.845
119,-1,1303,421,47.7,132.1,0.73
119,-1,997,460,21.7,56.3,0.435
120,-1,666,430,117.8,340.5,1
120,-1,377,446,39.2,99.6,1
120,-1,990,451,20.5,65.1,1
120,-1,499,461,26.6,97.8,1
120,-1,559,438,127.5,367.9,1
120,-1,784,456,86.5,236,1
120,-1,1102,442,38,101.8,1
120,-1,1089,487,33.8,113.3,1
120,-1,1236,445,37.4,103.9,1
120,-1,1052,481,40.2,111.1,1
120,-1,940,433,40.8,116.6,1
120,-1,443,473,32.4,93.4,0.999
120,-1,1008,455,31.6,76.8,0.994
120,-1,531,453,27.9,73.4,0.942
120,-1,1304,418,47.4,130.2,0.846
120,-1,975,465,24.9,70.4,0.571
121,-1,373,442,42.6,108,1
121,-1,785,448,90.4,227.7,1
121,-1,1103,446,37,100.6,1
121,-1,935,439,36.7,113,1
121,-1,1052,480,40.5,113.2,1
121,-1,687,434,89.4,324.7,1
121,-1,1087,487,35,114.1,1
121,-1,561,438,122.7,345.6,1
121,-1,1239,443,35.4,107.7,1
121,-1,494,450,38.1,108.9,1
121,-1,986,463,19.8,49.2,1
121,-1,445,473,31.7,96.3,0.999
121,-1,1011,454,29.8,71.2,0.994
121,-1,534,457,24.4,67.1,0.982
121,-1,980,451,27,83.2,0.91
121,-1,759,465,39.9,96.8,0.496
121,-1,1000,460,18.8,56.9,0.447
122,-1,372,449,44.5,103.3,1
122,-1,1089,481,35.5,120.4,1
122,-1,1053,483,39.8,114.3,1
122,-1,564,449,122.1,351.3,1
122,-1,674,424,106.6,354.6,1
122,-1,941,443,42.6,114.4,1
122,-1,986,459,20.2,55.1,1
122,-1,1239,443,37,101.1,1
122,-1,500,454,35.2,110.3,1
122,-1,1100,441,39.2,106.6,1
122,-1,797,454,81.9,230,1
122,-1,444,475,33.7,91.2,0.999
122,-1,596,424,17.7,40.6,0.998
122,-1,1016,449,27.1,77.2,0.991
122,-1,534,456,25,68.5,0.95
122,-1,763,449,41.6,111,0.917
122,-1,1306,427,46.5,124,0.848
122,-1,979,456,29.2,78.7,0.699
123,-1,573,440,118,355.1,1
123,-1,940,429,43.4,127.1,1
123,-1,673,454,91.6,313.2,1
123,-1,1052,482,40.2,113.6,1
123,-1,502,457,28.2,101.5,1
123,-1,1236,448,36.7,96.9,1
123,-1,799,457,78.7,205.4,1
123,-1,1089,483,37.3,115,1
123,-1,373,448,41.2,103.4,1
123,-1,989,460,19.9,56.8,1
123,-1,440,475,35,94,0.999
123,-1,1100,442,39.9,105.5,0.999
123,-1,1012,454,29.7,73,0.998
123,-1,560,453,25.7,78,0.991
123,-1,748,513,39.2,77.8,0.989
123,-1,531,451,28.2,87,0.748
123,-1,763,457,45.9,104,0.728
123,-1,983,449,29.9,79.4,0.566
123,-1,913,470,34.8,119.9,0.516
124,-1,941,437,41.9,111.1,1
124,-1,569,442,120.1,365.7,1
124,-1,796,444,82.8,256.2,1
124,-1,1053,482,38.5,112.4,1
124,-1,1018,458,25.9,72,1
124,-1,684,439,103.9,337.8,1
124,-1,373,447,42.7,104.9,1
124,-1,1235,450,36.4,94.9,1
124,-1,500,452,32.5,111.2,1
124,-1,1100,446,36.4,98.2,1
124,-1,1088,486,38.8,114,1
124,-1,989,458,19.5,56.7,1
124,-1,439,471,36.3,91.8,0.996
124,-1,596,420,19.3,43,0.984
124,-1,771,457,37.3,110.8,0.958
124,-1,531,452,27.8,85.6,0.767
125,-1,1232,449,35.9,99.1,1
125,-1,801,448,85,223.4,1
125,-1,566,430,124.1,371.4,1
125,-1,676,437,94.6,338.2,1
125,-1,1087,484,37.4,113.2,1
125,-1,1051,480,39.8,115.2,1
125,-1,373,443,43.3,105.3,1
125,-1,498,452,32.3,106.9,1
125,-1,988,454,20.5,63,1
125,-1,1099,442,36.6,100.1,1
125,-1,939,431,46.6,118.7,0.999
125,-1,1011,457,31.4,72.9,0.999
125,-1,438,477,34,83.1,0.992
125,-1,530,460,26.4,61.9,0.896
125,-1,752,497,48,85.4,0.872
125,-1,1000,455,20.5,61.9,0.778
125,-1,772,453,40.4,95.7,0.544
126,-1,676,439,104,329.4,1
126,-1,575,455,133.8,349.8,1
126,-1,499,452,32.8,105.6,1
126,-1,1086,485,38.7,113.7,1
126,-1,1231,450,39.7,94,1
126,-1,1048,483,40.7,108.6,1
126,-1,810,443,76.7,229.1,1
126,-1,986,457,21.4,56.2,1
126,-1,373,447,42.6,102,1
126,-1,1102,445,35.8,91.1,1
126,-1,600,428,17.7,37.3,0.999
126,-1,939,435,45.1,113.2,0.999
126,-1,437,475,34.1,86.5,0.998
126,-1,590,425,19.7,44,0.991
126,-1,1011,452,30.1,73.9,0.982
126,-1,533,451,23.3,71,0.977
126,-1,996,453,23.6,62,0.938
126,-1,778,448,36.9,99.5,0.903
126,-1,559,454,27.3,78.6,0.875
127,-1,495,457,31.8,100.7,1
127,-1,1229,447,38.4,96.1,1
127,-1,371,446,43.4,105.9,1
127,-1,683,447,94.8,319.7,1
127,-1,1055,483,36.4,109.3,1
127,-1,986,456,19,57.4,1
127,-1,585,457,117.3,342,1
127,-1,797,449,81.8,233.7,1
127,-1,1087,484,38.4,112.7,1
127,-1,563,457,24.7,72.2,0.999
127,-1,1104,452,33.3,86.6,0.999
127,-1,598,422,17.2,42.3,0.999
127,-1,945,434,43.2,117.6,0.999
127,-1,436,474,35.9,89.2,0.997
127,-1,1014,458,28.3,69.3,0.992
127,-1,531,457,26.1,71.5,0.977
127,-1,995,457,23.4,60.2,0.908
127,-1,980,449,29,81.2,0.793
127,-1,767,459,46.5,112.5,0.785
128,-1,1014,458,27.4,66.5,1
128,-1,572,451,127.2,351.8,1
128,-1,496,451,30.4,112.5,1
128,-1,1230,448,40.1,94.8,1
128,-1,688,428,90,321.9,1
128,-1,985,457,19.9,54,1
128,-1,790,453,94.7,253.8,1
128,-1,1086,484,38.9,116,1
128,-1,1052,482,39,113.9,1
128,-1,371,442,43.8,110,1
128,-1,942,433,45.5,114.3,1
128,-1,596,421,19.9,46.2,0.999
128,-1,1102,453,33.5,85.8,0.996
128,-1,433,460,36.1,102.8,0.991
128,-1,530,454,24.8,73.8,0.984
128,-1,761,493,42.6,105.9,0.945
128,-1,559,456,23.7,79.1,0.909
128,-1,585,420,22,55.7,0.802
128,-1,994,460,24.4,60.4,0.534
129,-1,497,457,30.9,102.5,1
129,-1,671,422,118.1,337.3,1
129,-1,578,455,127.2,341.1,1
129,-1,808,447,80.5,232,1
129,-1,1053,481,38.8,112.8,1
129,-1,1224,447,42.4,101.5,1
129,-1,986,451,23,65.8,1
129,-1,372,442,43.1,110,1
129,-1,942,436,45.3,111.1,1
129,-1,1090,483,33.3,116.4,0.999
129,-1,563,456,22.4,70.2,0.999
129,-1,597,422,19.4,44.6,0.999
129,-1,1103,445,34,92,0.998
129,-1,430,469,41.5,98.7,0.993
129,-1,1017,460,29.1,67,0.99
129,-1,530,459,26.2,64.5,0.94
129,-1,586,422,21,52.9,0.901
129,-1,779,460,39.3,103.1,0.849
129,-1,1000,452,34.2,80.3,0.437
130,-1,947,440,43.5,110.8,1
130,-1,564,451,138.4,363.4,1
130,-1,598,424,18.7,38.9,1
130,-1,785,435,108.5,281.6,1
130,-1,1050,483,41.2,111.5,1
130,-1,984,452,22.6,63.9,1
130,-1,1088,483,35.5,113.3,1
130,-1,1224,443,41.9,103.4,1
130,-1,752,499,46.1,94.3,1
130,-1,372,442,43.9,110.9,1
130,-1,495,450,35.4,118.4,1
130,-1,673,431,116,341.7,1
130,-1,429,465,42.3,105.7,0.999
130,-1,1102,447,33.6,96.8,0.998
130,-1,590,426,17.6,39.4,0.996
130,-1,1014,460,26.5,62.9,0.994
130,-1,534,461,23.8,67.1,0.986
131,-1,662,473,22.8,57.6,1
131,-1,1086,483,38.8,111.9,1
131,-1,788,454,107.7,256.3,1
131,-1,597,423,18.1,44.7,1
131,-1,372,446,43.6,108.3,1
131,-1,1219,441,45.1,110.2,1
131,-1,684,429,97.2,343.3,1
131,-1,562,456,23,70.7,1
131,-1,569,456,123.5,328.9,1
131,-1,949,433,38.7,117.7,1
131,-1,1054,484,38.1,110.5,1
131,-1,985,458,20.6,58.7,0.999
131,-1,1102,448,33.7,93.8,0.999
131,-1,434,465,39.9,106.6,0.999
131,-1,496,458,32.7,99.9,0.999
131,-1,1014,453,29.2,74.3,0.999
131,-1,532,459,25.1,70.7,0.991
131,-1,584,421,21.2,51.6,0.991
131,-1,768,474,32.5,90,0.616
132,-1,682,436,105.9,334.3,1
132,-1,1090,487,36.7,111.2,1
132,-1,584,451,114.8,353.3,1
132,-1,1227,456,36.1,91.1,1
132,-1,600,424,17.1,36.9,1
132,-1,793,451,93.3,259.4,1
132,-1,949,438,41.7,111.8,1
132,-1,1053,486,39.1,109.2,1
132,-1,499,454,33,110,1
132,-1,562,454,25.4,72.4,1
132,-1,372,447,44.1,107.8,1
132,-1,1104,452,33.2,88.2,0.999
132,-1,982,459,21.5,56.5,0.998
132,-1,589,424,19.6,43.5,0.997
132,-1,431,467,38.4,97.1,0.995
132,-1,1017,457,28.1,67.3,0.995
132,-1,529,464,24.7,62.1,0.971
132,-1,542,458,24,66.3,0.628
133,-1,1090,484,37.5,114.6,1
133,-1,567,430,137.6,399.4,1
133,-1,1053,480,39.8,116.5,1
133,-1,949,435,41.6,109.7,1
133,-1,798,452,91.9,247.4,1
133,-1,681,416,111.4,361.6,1
133,-1,494,457,36.4,111.7,1
133,-1,375,447,42.2,102.9,1
133,-1,1224,445,41.4,101.1,1
133,-1,1015,455,25.6,74.3,0.999
133,-1,1106,445,35,96.4,0.999
133,-1,984,458,18.9,50.7,0.998
133,-1,428,465,38.9,99.7,0.996
133,-1,530,458,25,66.6,0.976
133,-1,458,466,24.8,79.3,0.579
133,-1,782,471,27.9,85.8,0.416
134,-1,597,422,19.6,44.5,1
134,-1,1222,450,40.4,95.3,1
134,-1,572,447,127.3,364.6,1
134,-1,693,430,98.6,333.5,1
134,-1,1085,480,39.1,116.6,1
134,-1,953,435,40.2,110.3,1
134,-1,1051,480,41.1,116.9,1
134,-1,811,449,91.2,255.8,1
134,-1,373,447,42.9,101.4,1
134,-1,496,457,35.9,107.3,0.999
134,-1,1107,447,35.7,93.3,0.998
134,-1,430,469,36.2,91.8,0.997
134,-1,587,420,19.5,45.1,0.997
134,-1,985,453,22.8,63.7,0.995
134,-1,529,459,22.3,63.3,0.982
134,-1,1006,453,29.7,68.2,0.917
134,-1,559,447,24.3,84.2,0.852
134,-1,457,464,28.6,74.5,0.842
134,-1,542,462,21.6,60.5,0.702
134,-1,937,460,26,65.6,0.537
134,-1,1300,424,45.1,128.2,0.429
135,-1,579,435,136.3,375.1,1
135,-1,1052,481,40.7,117.2,1
135,-1,791,454,93.3,255.6,1
135,-1,1224,446,41.1,102.3,1
135,-1,954,438,42.8,112.1,1
135,-1,682,437,111.3,315.3,1
135,-1,1086,483,38.1,113.3,1
135,-1,496,456,33.2,108.4,1
135,-1,371,450,43,102.2,1
135,-1,560,450,24.1,75.7,0.999
135,-1,1012,455,30.4,70.1,0.999
135,-1,1107,449,38.4,92.3,0.998
135,-1,430,468,38.5,98.2,0.997
135,-1,530,460,23,62.7,0.992
135,-1,875,452,42.3,110,0.518
136,-1,1049,486,38.1,111.2,1
136,-1,1094,485,36.1,114.2,1
136,-1,695,441,104.7,329.9,1
136,-1,815,453,76.5,246.7,1
136,-1,946,432,46.2,118.4,1
136,-1,1221,445,41.9,106.8,1
136,-1,574,456,112.6,315,1
136,-1,375,447,41.2,104.8,1
136,-1,497,454,36.2,108.3,0.999
136,-1,984,456,22.1,62.3,0.999
136,-1,558,448,25.4,80.9,0.999
136,-1,1106,447,35.6,92.6,0.998
136,-1,428,464,37.5,100,0.997
136,-1,590,422,20.5,44.6,0.996
136,-1,1008,451,29.9,78.3,0.993
136,-1,528,459,26.2,70.3,0.991
136,-1,457,468,30.5,82.3,0.696
136,-1,877,454,42.6,110.7,0.447
137,-1,1219,448,38,104.6,1
137,-1,1051,483,40.2,111.1,1
137,-1,985,456,20.1,57,1
137,-1,805,456,86.3,259.2,1
137,-1,703,437,98.3,318.9,1
137,-1,590,455,100.2,339.6,1
137,-1,372,447,43.8,103.2,1
137,-1,560,456,27.6,74.9,1
137,-1,599,422,17.3,41.3,0.999
137,-1,1090,485,36,114.3,0.999
137,-1,493,448,35.4,119,0.999
137,-1,957,437,38.6,111.4,0.999
137,-1,1109,450,35.6,98.3,0.998
137,-1,1012,452,32,72.5,0.998
137,-1,428,467,37.6,99.1,0.996
137,-1,589,422,21.5,46.5,0.996
137,-1,528,457,25.2,70.4,0.98
137,-1,459,469,26.8,65.9,0.968
137,-1,681,458,31.7,87.9,0.859
137,-1,577,452,23.3,78.2,0.792
138,-1,1087,481,36.8,120.1,1
138,-1,702,440,96.9,310,1
138,-1,585,445,109.6,374,1
138,-1,832,443,84.3,226.1,1
138,-1,1051,484,40.7,111.3,1
138,-1,597,424,20.1,40.8,1
138,-1,1112,458,34.9,82,1
138,-1,987,458,19.9,55.1,1
138,-1,1213,449,39.3,95.5,1
138,-1,950,439,41.5,106,1
138,-1,377,446,40,108.3,1
138,-1,555,451,26.6,77.1,0.999
138,-1,496,448,36.4,116.3,0.998
138,-1,424,470,35.8,96,0.997
138,-1,1006,445,31.4,77.1,0.986
138,-1,529,457,25.6,70.6,0.981
138,-1,811,444,42.1,119.4,0.979
138,-1,460,468,27.5,73.2,0.878
138,-1,1309,428,43.4,117.7,0.733
138,-1,978,447,31.3,82.8,0.668
139,-1,703,436,92.2,328.4,1
139,-1,574,451,136.3,366.1,1
139,-1,1087,480,36.6,119,1
139,-1,957,438,33.8,108.4,1
139,-1,560,454,26.6,74.8,1
139,-1,1054,483,36.6,112.2,1
139,-1,1112,454,33.5,83.2,1
139,-1,983,463,18.7,46.6,1
139,-1,1217,446,38.7,100.4,1
139,-1,372,449,42.3,102,1
139,-1,824,450,75.5,244.4,0.999
139,-1,597,424,18.8,43.2,0.999
139,-1,425,474,35.9,94.5,0.998
139,-1,493,451,38.5,115.7,0.997
139,-1,530,461,25.9,67.2,0.987
139,-1,1006,448,30.7,81.1,0.927
139,-1,584,426,19.6,46.4,0.834
139,-1,459,467,26.1,76.7,0.81
139,-1,984,457,26.6,69.6,0.62
140,-1,1213,446,39.6,105.6,1
140,-1,1089,482,38.9,118.5,1
140,-1,987,453,21.5,59.2,1
140,-1,686,424,119.1,349.7,1
140,-1,1054,483,37.5,111,1
140,-1,588,446,132.3,352.3,1
140,-1,954,439,40.3,111.9,1
140,-1,376,448,40,103.7,1
140,-1,601,421,18.6,45,0.999
140,-1,815,443,96.8,260,0.999
140,-1,562,456,25.2,71.4,0.999
140,-1,1114,455,32,87.9,0.999
140,-1,425,469,36.7,96.3,0.998
140,-1,494,445,35.6,121.4,0.998
140,-1,529,457,24.3,66,0.993
140,-1,1017,453,29.3,69.9,0.972
140,-1,573,457,25.7,80.6,0.928
140,-1,590,426,17.4,38.3,0.92
140,-1,462,468,30.9,81.1,0.857
140,-1,903,443,42.2,122.6,0.748
141,-1,1054,481,37.5,109.9,1
141,-1,984,456,20.3,56.6,1
141,-1,561,454,25.5,72.6,1
141,-1,1213,449,36,101.9,1
141,-1,580,438,118.2,378.1,1
141,-1,1087,483,38,119.2,1
141,-1,684,430,117.6,337.3,1
141,-1,371,448,44.8,101.9,1
141,-1,823,449,72.4,261,0.999
141,-1,1013,452,31.8,76,0.999
141,-1,948,436,41.5,112.6,0.999
141,-1,426,472,33.1,92.1,0.998
141,-1,496,451,34.4,109.4,0.997
141,-1,1116,457,34.1,86,0.99
141,-1,534,458,23.9,68.1,0.969
141,-1,869,439,50.7,132.7,0.918
141,-1,805,448,24.8,82.7,0.815
141,-1,464,465,25.6,63.6,0.782
141,-1,903,438,40.7,129.5,0.547
142,-1,807,453,116.4,263.7,1
142,-1,1208,448,40.7,106.5,1
142,-1,1052,484,38.6,108.5,1
142,-1,986,459,20.7,55.3,1
142,-1,696,425,128.2,360.3,1
142,-1,956,439,38.3,113.3,1
142,-1,1091,482,37.5,119.1,1
142,-1,375,449,42,104.1,1
142,-1,585,454,114.5,342.5,1
142,-1,562,456,24.9,71.8,0.999
142,-1,495,449,37.4,115.6,0.999
142,-1,598,424,18.6,43.9,0.996
142,-1,1109,456,35.1,88.5,0.996
142,-1,533,456,24,69.5,0.993
142,-1,423,468,35.3,95.6,0.993
142,-1,1012,453,30,74.3,0.99
142,-1,473,463,33.3,88.2,0.678
142,-1,907,444,48.4,133.6,0.514
142,-1,587,424,18.6,47.5,0.444
143,-1,579,462,136.8,351.5,1
143,-1,1088,481,32.9,121,1
143,-1,702,431,112.8,343.7,1
143,-1,561,454,25.4,73.5,1
143,-1,1053,480,41.5,110.9,1
143,-1,818,445,84.4,285.6,1
143,-1,371,444,44.8,108.6,1
143,-1,1211,448,35.2,91.8,1
143,-1,956,436,41.2,118.6,1
143,-1,419,461,43.6,110.7,0.999
143,-1,487,454,41.4,106.9,0.998
143,-1,599,421,18.6,42.8,0.998
143,-1,1108,448,35,97.4,0.998
143,-1,529,460,23.7,67.7,0.991
143,-1,1007,452,31.2,74.3,0.979
143,-1,882,447,43.5,112.3,0.974
143,-1,588,425,18.1,39.9,0.961
143,-1,874,455,66.3,143.8,0.902
144,-1,1089,487,37.5,114.2,1
144,-1,828,449,80.3,275.6,1
144,-1,708,429,123.9,338.8,1
144,-1,371,445,41.8,102.1,1
144,-1,578,442,141.4,378.4,1
144,-1,1209,451,36.4,97,1
144,-1,1049,484,42.5,113,1
144,-1,955,443,37.4,101.3,0.999
144,-1,558,457,25,69.4,0.999
144,-1,982,455,22.3,59,0.998
144,-1,487,455,42.5,113,0.996
144,-1,528,459,25.3,65.3,0.996
144,-1,421,472,34.1,92.8,0.992
144,-1,998,447,38.5,90.9,0.991
144,-1,1102,447,38,98.5,0.98
144,-1,897,442,40.4,116.4,0.956
144,-1,867,436,80.7,237.3,0.911
144,-1,1125,454,35.9,95.5,0.405
145,-1,588,440,125.5,390,1
145,-1,825,452,77.3,257,1
145,-1,704,444,120,321.7,1
145,-1,986,457,20.7,58.5,1
145,-1,957,440,35.4,106.1,1
145,-1,1205,447,40.2,99.8,1
145,-1,1090,485,33.1,118.6,1
145,-1,1049,486,41.7,111.3,1
145,-1,370,446,44.3,105.4,1
145,-1,489,454,39.8,107.9,0.999
145,-1,562,455,24,70.9,0.999
145,-1,526,458,24.8,70.7,0.997
145,-1,1122,456,36.9,89.2,0.996
145,-1,425,468,32.7,93.8,0.995
145,-1,867,436,78.1,240.8,0.982
145,-1,1102,447,38.2,109.8,0.959
145,-1,1008,450,29.9,68.9,0.93
146,-1,604,450,127.4,355.1,1
146,-1,1053,479,40.7,109.3,1
146,-1,1210,448,35.8,99.5,1
146,-1,500,450,35.2,112.6,1
146,-1,957,437,39.6,118.3,1
146,-1,829,451,77.2,274.7,1
146,-1,586,459,33.3,93.9,1
146,-1,1087,483,39.2,112.9,1
146,-1,710,439,117,341,1
146,-1,598,425,20.5,42.2,1
146,-1,375,445,41.4,102.6,1
146,-1,480,460,40.3,111,0.999
146,-1,561,456,25.1,68.7,0.999
146,-1,988,460,19.7,56.6,0.999
146,-1,1007,452,31.7,75.6,0.998
146,-1,424,471,37,90.7,0.997
146,-1,527,457,24.8,70.1,0.985
146,-1,887,450,43.7,115.9,0.982
146,-1,1119,452,38.9,94.3,0.979
146,-1,887,440,65.3,212.6,0.961
146,-1,588,433,19.6,41.7,0.751
146,-1,1308,431,43.4,118.2,0.58
146,-1,566,469,42.4,112,0.451
147,-1,587,467,129.6,342.6,1
147,-1,369,443,45.3,107.9,1
147,-1,986,458,21.1,56.5,1
147,-1,1053,482,41.1,108.1,1
147,-1,499,454,36.8,109.1,1
147,-1,1206,450,37,95.9,1
147,-1,715,435,115.9,329.8,1
147,-1,957,440,36.8,99.6,1
147,-1,1007,453,28.6,69.7,0.999
147,-1,1087,479,35.6,116.3,0.999
147,-1,825,455,81.5,254.8,0.999
147,-1,559,453,26.6,72.7,0.999
147,-1,1124,456,32.5,85.3,0.999
147,-1,598,421,19.2,43.5,0.999
147,-1,882,435,77.8,222.5,0.996
147,-1,480,459,33.2,100.5,0.988
147,-1,416,464,41.2,93.1,0.986
147,-1,1096,441,38.4,111.3,0.978
147,-1,525,458,25.4,72.8,0.977
147,-1,589,433,19.4,41.4,0.74
148,-1,957,440,36.1,108.7,1
148,-1,597,424,19.6,40.1,1
148,-1,588,444,131.4,355.9,1
148,-1,699,441,128.1,332.3,1
148,-1,1049,485,41.2,110.5,1
148,-1,1204,447,34.9,101.2,1
148,-1,1011,457,29.5,70.7,1
148,-1,985,459,20.1,53.9,1
148,-1,1089,484,35.6,117.2,1
148,-1,832,451,79.2,266.1,1
148,-1,371,448,42.8,107.7,1
148,-1,499,453,35.3,106.2,0.999
148,-1,558,450,26.6,74.9,0.998
148,-1,480,459,38.9,107.7,0.997
148,-1,890,446,77.1,223.6,0.995
148,-1,415,466,40.9,92.4,0.992
148,-1,1122,452,35.4,90.5,0.972
148,-1,582,423,19.4,45.5,0.866
148,-1,525,458,24.2,73.9,0.806
148,-1,1100,446,34.8,101.4,0.797
148,-1,1305,430,41.6,116.1,0.459
149,-1,1051,485,40.2,109,1
149,-1,834,449,93.8,270.6,1
149,-1,985,461,20.9,53.2,1
149,-1,587,441,119.2,345.9,1
149,-1,713,445,120,323.9,1
149,-1,501,451,36.5,112.2,1
149,-1,1091,482,33,118.5,1
149,-1,1203,449,35,100.4,1
149,-1,956,441,37.8,103.3,1
149,-1,374,446,40.9,105.4,1
149,-1,557,457,24.6,74,0.999
149,-1,890,437,78.2,235.5,0.999
149,-1,421,467,34.2,100,0.997
149,-1,477,462,36.5,101.5,0.996
149,-1,1124,449,38.7,97.4,0.994
149,-1,1007,457,31.4,72.6,0.994
149,-1,581,421,19.3,46.5,0.874
149,-1,527,454,24.6,73.5,0.862
149,-1,1100,441,36,104.1,0.779
149,-1,570,453,25.8,72.9,0.72
150,-1,596,422,20,42.7,1
150,-1,828,450,81.5,260.1,1
150,-1,1087,487,38.8,116.3,1
150,-1,589,434,136.6,375.1,1
150,-1,371,451,44.7,102.1,1
150,-1,1199,441,40.6,108.9,1
150,-1,499,448,38,110.9,1
150,-1,1049,479,40.3,116.8,1
150,-1,708,444,115.6,333.2,1
150,-1,956,444,37.4,99.7,1
150,-1,1003,450,32,75.4,0.999
150,-1,479,455,34.8,112.5,0.999
150,-1,881,440,82.4,246.6,0.998
150,-1,984,456,21.7,57,0.997
150,-1,556,456,25.7,72.7,0.996
150,-1,1123,451,37.7,93.8,0.99
150,-1,416,468,40.2,92,0.989
150,-1,581,422,17.7,43.2,0.948
150,-1,574,455,23.3,80.8,0.775
150,-1,560,475,54.5,117.2,0.592
150,-1,526,461,23.9,62,0.579
150,-1,541,457,22.1,70.5,0.502
151,-1,590,444,123.8,350.3,1
151,-1,502,460,37.6,99.3,1
151,-1,884,442,83.6,233.3,1
151,-1,825,453,90.1,267.7,1
151,-1,1093,482,31.8,115.7,1
151,-1,959,446,35.5,97.8,1
151,-1,720,425,117.7,359.9,1
151,-1,1049,482,41.4,112,1
151,-1,1198,444,39.8,107.9,1
151,-1,371,444,45.3,108.2,1
151,-1,597,423,18.4,41.1,0.999
151,-1,554,457,23.5,70.7,0.999
151,-1,1123,458,35.5,83.8,0.999
151,-1,483,461,30.7,101.4,0.998
151,-1,988,460,19.8,50.7,0.998
151,-1,420,470,37.2,95.6,0.997
151,-1,1010,453,27.1,70.3,0.997
151,-1,576,462,22.8,63.8,0.996
151,-1,586,421,19.4,44.5,0.986
151,-1,1094,440,40.3,110,0.976
151,-1,563,480,44.4,112.4,0.662
151,-1,532,459,23,64.4,0.432
152,-1,822,450,93.7,272.4,1
152,-1,557,455,28.6,78.2,1
152,-1,1006,450,30.6,80.2,1
152,-1,578,458,49.8,144.2,1
152,-1,589,442,126.7,359.8,1
152,-1,1088,482,34.8,114.3,1
152,-1,369,451,41,99.2,1
152,-1,717,447,114.3,329,1
152,-1,1201,455,34.8,87.9,1
152,-1,1050,483,39.7,110.6,1
152,-1,496,455,37.5,109.3,0.999
152,-1,594,419,22,45.4,0.999
152,-1,957,444,41.7,108,0.999
152,-1,1124,448,38.1,100.6,0.999
152,-1,891,440,72.2,229.2,0.999
152,-1,418,470,37.8,96.2,0.998
152,-1,479,460,31.1,105.3,0.997
152,-1,1094,443,38.1,107.4,0.989
152,-1,581,413,19.7,48.5,0.966
152,-1,528,452,25.2,69.1,0.944
152,-1,1301,432,45.1,114.9,0.81
153,-1,1054,480,33.9,106.2,1
153,-1,1093,484,34.5,114.4,1
153,-1,827,447,96.8,269.4,1
153,-1,598,437,115.6,354.3,1
153,-1,554,457,26.2,74.7,1
153,-1,1010,451,30.7,77.6,1
153,-1,1126,458,32.6,83.1,1
153,-1,1196,453,38.5,91.3,1
153,-1,725,433,110.5,344.4,1
153,-1,372,451,41.9,95.6,1
153,-1,986,462,20.4,50.8,0.999
153,-1,960,447,34.2,95.6,0.999
153,-1,594,421,18.6,45.3,0.999
153,-1,479,455,32.5,103.7,0.999
153,-1,415,472,36.8,92.3,0.998
153,-1,882,441,85.4,229.2,0.998
153,-1,578,461,22.6,70.9,0.998
153,-1,498,448,34.7,114,0.996
153,-1,1094,443,43.8,111,0.986
153,-1,577,461,38.4,123.2,0.984
153,-1,581,421,18.3,43.9,0.951
153,-1,1304,432,41.3,112.6,0.924
153,-1,525,456,25.4,69.7,0.919
153,-1,544,458,20.2,65.6,0.517
154,-1,1125,456,38.7,88.2,1
154,-1,595,421,19.1,43.5,1
154,-1,575,449,44.6,147.1,1
154,-1,621,463,108.5,322.9,1
154,-1,825,446,94.6,270.7,1
154,-1,1051,482,35.8,111,1
154,-1,729,438,113.7,340.7,1
154,-1,1086,484,38.8,113.8,1
154,-1,375,449,40,101.1,1
154,-1,1196,448,37.8,93,1
154,-1,556,457,24.2,70.1,1
154,-1,959,448,34.9,93.8,0.999
154,-1,889,441,81.5,238,0.999
154,-1,985,461,21.7,56.3,0.999
154,-1,493,459,35.8,105.1,0.998
154,-1,419,466,37.7,103.5,0.998
154,-1,1006,453,26.6,72.9,0.997
154,-1,472,461,34,107.6,0.997
154,-1,583,416,18.6,45.4,0.982
154,-1,560,443,118,331,0.971
154,-1,530,459,20.5,58.5,0.857
154,-1,1298,423,44.5,129.9,0.762
154,-1,520,460,29,83.8,0.474
154,-1,1147,443,36.5,91.6,0.426
155,-1,731,440,98.2,339.7,1
155,-1,830,452,94.6,280.4,1
155,-1,418,471,40.9,94.3,1
155,-1,581,452,49.5,143.6,1
155,-1,556,457,26.2,71.8,1
155,-1,595,432,120.8,371.6,1
155,-1,1125,450,36.5,95.5,1
155,-1,1088,484,37.9,121,1
155,-1,371,449,41.9,101.9,1
155,-1,1194,444,38.7,104.2,1
155,-1,475,467,34,94.8,1
155,-1,1051,484,38.2,108.5,1
155,-1,894,445,77.3,231.2,0.999
155,-1,1009,448,26.5,78.7,0.999
155,-1,501,451,38.1,108.7,0.999
155,-1,986,458,22.4,59.3,0.998
155,-1,584,419,20.1,47,0.996
155,-1,956,445,34.6,87.5,0.994
155,-1,1300,431,46.7,118.6,0.992
155,-1,533,456,24,62.9,0.934
155,-1,546,446,96.2,273,0.918
155,-1,693,490,50.4,107.7,0.867
156,-1,675,453,33,86.2,1
156,-1,471,466,34.8,101.8,1
156,-1,555,457,23.7,69.9,1
156,-1,841,454,74.6,271.2,1
156,-1,1195,445,37.6,101.9,1
156,-1,582,462,44.3,145.2,1
156,-1,725,426,123,355.1,1
156,-1,416,471,41.5,95.9,1
156,-1,628,444,114.8,347.2,1
156,-1,1086,483,36,113.2,1
156,-1,1130,452,33.3,96.5,1
156,-1,1008,450,29.9,78.2,1
156,-1,1051,486,36.9,106.1,1
156,-1,373,448,43.6,102.2,1
156,-1,503,456,32.2,103.1,0.999
156,-1,984,454,19.5,56.9,0.999
156,-1,891,440,79.1,246.2,0.999
156,-1,593,424,17.9,41.5,0.999
156,-1,949,435,49.4,115.4,0.998
156,-1,569,462,25.3,74.2,0.998
156,-1,526,458,24.7,67.6,0.991
156,-1,575,444,103.2,373.7,0.984
156,-1,1300,421,45.8,133.9,0.943
156,-1,1152,444,34.2,92.2,0.934
156,-1,543,450,22.3,74.2,0.889
156,-1,557,449,32.3,98.9,0.719
156,-1,547,472,45,123.5,0.51
157,-1,619,439,117.1,370.8,1
157,-1,578,453,45,144.7,1
157,-1,732,438,122.1,338.5,1
157,-1,845,439,79.5,287,1
157,-1,416,476,37,86,1
157,-1,1129,452,34.3,90.8,1
157,-1,477,468,31,96,1
157,-1,1191,442,41.4,111.8,1
157,-1,1050,478,41.1,113.5,1
157,-1,370,449,44.9,102.6,1
157,-1,1088,491,30,112.6,0.999
157,-1,555,455,24.5,70.8,0.999
157,-1,1006,450,32.3,86.4,0.999
157,-1,983,459,21.2,55.4,0.999
157,-1,894,446,85.6,244.3,0.999
157,-1,493,459,36.7,103.6,0.998
157,-1,591,421,18.7,44.4,0.998
157,-1,579,419,21.6,51.3,0.989
157,-1,972,447,29.2,76.1,0.985
157,-1,1088,440,42,110.9,0.98
157,-1,564,442,95.7,317.6,0.969
157,-1,1303,434,40.2,111,0.948
157,-1,532,454,23.4,62.9,0.908
157,-1,515,458,33.2,98.8,0.661
158,-1,612,449,118.1,362.6,1
158,-1,370,446,42.9,100.6,1
158,-1,581,463,43.7,136.7,1
158,-1,849,458,81.9,283,1
158,-1,551,456,26.6,70.6,1
158,-1,1132,453,33,91.1,1
158,-1,567,457,23,77.8,1
158,-1,732,441,111.2,325.5,1
158,-1,1052,484,39.9,109.7,1
158,-1,468,466,39.1,103,1
158,-1,1188,445,41.9,102.9,1
158,-1,1088,483,40.2,120,0.999
158,-1,1011,449,27.7,80.2,0.999
158,-1,956,437,39.8,112.5,0.999
158,-1,420,468,39.3,100.9,0.999
158,-1,594,420,19.8,46.3,0.997
158,-1,896,446,79.7,231,0.997
158,-1,987,461,19.8,56,0.995
158,-1,503,459,32.6,98.2,0.994
158,-1,1298,431,47.4,124.2,0.988
158,-1,555,456,108.7,330,0.982
158,-1,578,423,21.1,50.6,0.981
158,-1,534,456,22,63,0.953
158,-1,1152,445,34.3,92.8,0.844
158,-1,813,469,63.1,92.2,0.818
159,-1,745,423,120.7,360.4,1
159,-1,579,455,43.2,137.7,1
159,-1,1050,481,41,111,1
159,-1,1133,452,35,93.1,1
159,-1,370,449,41.8,101,1
159,-1,1191,443,36,103.7,1
159,-1,1088,480,36,116.4,1
159,-1,837,442,88.5,284.4,0.999
159,-1,466,469,36.8,97.7,0.999
159,-1,614,439,128.5,356.2,0.999
159,-1,498,461,42.6,114.7,0.999
159,-1,962,448,37.9,95.6,0.999
159,-1,562,458,23,75.3,0.999
159,-1,419,462,37.6,101.9,0.999
159,-1,1010,456,28.6,73.7,0.994
159,-1,902,438,76.1,233.9,0.992
159,-1,591,421,19.1,43.7,0.989
159,-1,1092,439,38.8,106.6,0.986
159,-1,581,420,19.4,47.7,0.986
159,-1,556,455,108.4,329.4,0.983
159,-1,1299,422,43.8,127.6,0.953
159,-1,541,454,21,66.1,0.92
159,-1,1154,441,35.2,92.6,0.888
160,-1,849,441,98.4,298.7,1
160,-1,622,450,110,331.2,1
160,-1,1089,486,38.5,114.2,1
160,-1,731,441,111,343.6,1
160,-1,575,456,46.5,137,1
160,-1,505,459,34.6,99.4,1
160,-1,1006,452,32,72.8,1
160,-1,1047,482,39.4,116.3,1
160,-1,370,449,42.6,102.3,1
160,-1,1134,453,31.3,86.4,1
160,-1,1190,448,35.9,98.4,0.999
160,-1,472,469,34.5,91.1,0.999
160,-1,553,456,26.1,71.8,0.999
160,-1,416,472,37.3,92.1,0.999
160,-1,964,445,33.3,88.6,0.999
160,-1,566,442,112.2,412.8,0.991
160,-1,1094,440,38.2,104.4,0.989
160,-1,948,456,35.7,114.3,0.932
160,-1,1301,432,46.3,115.1,0.919
160,-1,909,431,85.9,246.3,0.608
160,-1,535,458,19.2,56.6,0.469
160,-1,489,456,34.8,111.9,0.418
161,-1,621,459,126.2,353.7,1
161,-1,734,438,129.8,340.4,1
161,-1,576,460,42.2,130.4,1
161,-1,419,471,37.5,96.4,1
161,-1,553,458,25.7,68.5,1
161,-1,1086,484,38.9,115.6,1
161,-1,369,442,43.8,109.3,1
161,-1,503,454,34,106.6,1
161,-1,851,459,85.9,266,1
161,-1,1006,451,32,74.8,1
161,-1,1053,485,37,109.9,1
161,-1,1134,455,32.6,91.1,1
161,-1,1187,446,39.2,104.6,0.999
161,-1,973,451,26.5,71.9,0.997
161,-1,933,432,38.8,113,0.996
161,-1,1093,443,39.1,102.4,0.995
161,-1,965,444,43.2,108,0.995
161,-1,468,470,34.4,102.1,0.988
161,-1,562,453,121.2,382.1,0.988
161,-1,589,425,19.4,43.9,0.984
161,-1,906,450,80.1,224.2,0.983
161,-1,578,419,20.8,51.6,0.917
161,-1,1300,422,44.9,131.8,0.905
161,-1,1151,445,36.3,88.7,0.799
161,-1,534,458,19.5,57.1,0.413
162,-1,580,460,43.1,135.6,1
162,-1,550,457,27.2,73,1
162,-1,624,450,125.7,353.6,1
162,-1,742,434,103.6,345,1
162,-1,420,473,36.5,92.5,1
162,-1,848,442,101.8,292.1,1
162,-1,1004,451,31.3,82.6,1
162,-1,1136,456,31.2,87.4,1
162,-1,1184,441,39.4,107.6,1
162,-1,370,448,43,102.4,1
162,-1,1051,485,39.6,109.9,1
162,-1,961,450,34.8,92.7,0.999
162,-1,467,467,38.9,102.6,0.999
162,-1,1081,481,38.6,111.3,0.999
162,-1,507,455,32.1,106.3,0.998
162,-1,1093,444,39.7,103.9,0.99
162,-1,910,444,84.8,235.9,0.987
162,-1,589,424,19.5,43.8,0.985
162,-1,557,456,119.6,365.8,0.981
162,-1,1299,426,48.1,126.5,0.977
162,-1,579,420,20.8,48.7,0.977
162,-1,987,458,21.2,60.7,0.577
162,-1,538,455,21.3,56.6,0.549
162,-1,824,473,44.5,89.2,0.535
163,-1,633,443,114.6,367.9,1
163,-1,584,460,44.9,142,1
163,-1,853,441,102.7,300.4,1
163,-1,1186,445,37.7,103,1
163,-1,374,444,42.8,104,1
163,-1,740,438,125.6,337.6,1
163,-1,1007,454,27.7,73.7,1
163,-1,553,452,26.4,70.6,1
163,-1,1051,486,40.2,105.6,1
163,-1,1137,455,32.1,90,1
163,-1,569,464,21.8,66.2,0.999
163,-1,418,470,36.9,97.4,0.999
163,-1,1088,444,43.1,112.8,0.999
163,-1,482,461,29.3,101.4,0.998
163,-1,505,456,33.7,105.8,0.998
163,-1,592,421,19,42.2,0.991
163,-1,963,444,33.2,97.6,0.989
163,-1,559,474,47.1,117.6,0.988
163,-1,582,420,19.3,46.2,0.988
163,-1,566,426,124.2,396.2,0.987
163,-1,943,437,42,117.4,0.967
163,-1,1301,424,47.3,124.8,0.966
163,-1,987,453,22,59.4,0.935
163,-1,930,451,61.5,160.3,0.889
164,-1,582,459,43.8,137.8,1
164,-1,1091,487,37.2,114.4,1
164,-1,370,447,44.6,101.4,1
164,-1,626,446,128.4,357.8,1
164,-1,475,457,36,107.3,1
164,-1,1185,450,35.5,98.4,1
164,-1,1139,452,33.7,94,1
164,-1,1004,449,29.5,85.6,1
164,-1,758,439,108.9,346.5,1
164,-1,1048,481,41.5,111.8,1
164,-1,1095,439,39.5,101.3,0.999
164,-1,422,469,32.6,92,0.999
164,-1,862,466,95.6,276.6,0.999
164,-1,553,454,25,72.7,0.999
164,-1,504,454,32.5,108.3,0.999
164,-1,958,447,42.9,106.2,0.99
164,-1,589,423,20.9,45.9,0.987
164,-1,571,421,139.1,437.3,0.984
164,-1,916,449,80.6,235.3,0.965
164,-1,1303,425,43.3,121.7,0.926
164,-1,546,476,44.8,117.9,0.883
164,-1,1156,441,34,92.2,0.473
165,-1,1002,453,31.9,80.3,1
165,-1,741,428,116.9,340.1,1
165,-1,1052,479,42.3,115.3,1
165,-1,582,457,43.5,136.5,1
165,-1,619,449,130.6,355.7,1
165,-1,370,451,45.8,97.8,1
165,-1,508,453,36.4,109.6,1
165,-1,864,457,102.9,285.2,0.999
165,-1,1177,451,41.3,97.4,0.999
165,-1,551,458,25,76.2,0.999
165,-1,1091,483,32.9,114.9,0.999
165,-1,421,472,35.2,92.7,0.998
165,-1,477,465,31.6,96.8,0.998
165,-1,1139,454,32.8,90.2,0.998
165,-1,1094,436,40,111.4,0.998
165,-1,593,424,18.5,40.5,0.996
165,-1,960,451,42.1,86.3,0.989
165,-1,564,440,104.1,364.9,0.979
165,-1,1297,429,48.8,123.6,0.948
165,-1,834,474,49.2,74.6,0.874
165,-1,945,457,47.2,124.8,0.807
165,-1,1153,450,44.7,81.7,0.744
165,-1,528,465,37.3,116.8,0.686
165,-1,933,450,67,188.9,0.428
166,-1,641,457,108.8,337.4,1
166,-1,845,452,142.7,289.7,1
166,-1,585,457,44.3,142.9,1
166,-1,1002,446,32.4,93.8,1
166,-1,549,454,27.7,73.2,1
166,-1,1091,484,37.4,112.6,1
166,-1,1051,483,41.9,111.6,1
166,-1,759,445,111.8,333.2,1
166,-1,373,447,43.1,101.9,1
166,-1,506,458,33.4,101,1
166,-1,573,463,22.1,67.1,0.999
166,-1,423,473,34.1,89.8,0.999
166,-1,1177,446,40.3,104.5,0.999
166,-1,482,458,30.8,103.5,0.999
166,-1,1141,450,35.8,93.4,0.999
166,-1,981,450,25,66.9,0.998
166,-1,590,423,19.8,43.7,0.997
166,-1,572,438,138.2,409,0.993
166,-1,971,453,38.2,96.8,0.99
166,-1,724,518,53.7,85.5,0.924
166,-1,543,476,47.3,120.6,0.905
166,-1,1304,434,42,108.7,0.778
166,-1,535,453,21.2,62.4,0.648
166,-1,408,469,29.8,80.5,0.42
167,-1,507,458,32.7,103.7,1
167,-1,644,465,109.8,328.2,1
167,-1,848,443,129,303.7,1
167,-1,580,461,41.8,137.9,1
167,-1,484,460,30.4,98.7,1
167,-1,1049,478,40.7,117.5,1
167,-1,552,458,24,71.4,1
167,-1,1173,447,47.4,98.9,1
167,-1,1091,484,37,111.8,1
167,-1,373,447,42.8,101.2,1
167,-1,1002,450,31.5,88.2,1
167,-1,756,430,114.7,360.6,1
167,-1,1139,448,34.9,97,0.999
167,-1,424,472,34.2,90,0.999
167,-1,596,427,18.4,39.7,0.998
167,-1,586,422,22.2,49.9,0.998
167,-1,979,452,26.1,70.2,0.997
167,-1,563,450,83.8,244.9,0.991
167,-1,572,430,132.3,401.8,0.991
167,-1,973,449,41.4,102.4,0.979
167,-1,1303,421,47.5,127.6,0.908
167,-1,540,453,20.7,67.5,0.849
167,-1,534,465,40.6,117,0.75
167,-1,956,454,50.1,139.1,0.709
167,-1,405,466,36.1,80.4,0.61
167,-1,468,477,30.7,84.5,0.484
168,-1,581,459,38.3,144.1,1
168,-1,859,453,133.5,289.9,1
168,-1,482,460,31,101.4,1
168,-1,642,458,109.9,332.9,1
168,-1,1087,489,34.8,113.4,1
168,-1,506,460,39.2,106.7,1
168,-1,371,443,42.4,109.1,1
168,-1,1053,480,40.4,113.1,1
168,-1,550,457,27.6,72,1
168,-1,1002,451,31.7,84.8,1
168,-1,742,412,118.1,371.6,1
168,-1,421,469,33.2,96.1,0.999
168,-1,1175,446,38.8,102.5,0.999
168,-1,591,421,21.4,47.2,0.999
168,-1,1140,455,35.1,90.1,0.999
168,-1,983,459,23.5,60.4,0.998
168,-1,544,453,81.2,221.4,0.983
168,-1,561,438,137.6,356.7,0.982
168,-1,1088,446,44,110.9,0.977
168,-1,1301,431,45.6,117.3,0.778
169,-1,757,441,113.3,342.9,1
169,-1,371,445,46.2,109,1
169,-1,863,458,114.6,287,1
169,-1,649,456,109.8,356.7,1
169,-1,476,462,38.8,107.5,1
169,-1,1174,447,37.5,104,1
169,-1,580,465,41.2,141.3,1
169,-1,502,457,38.3,105.8,1
169,-1,1052,480,38.5,111.9,1
169,-1,552,453,29.3,76.2,1
169,-1,984,457,20,52.8,0.999
169,-1,1090,484,35,120.6,0.999
169,-1,999,452,33.2,81.7,0.999
169,-1,589,423,19.6,43,0.999
169,-1,420,469,34.1,97.6,0.997
169,-1,1093,441,41.6,109,0.995
169,-1,973,457,33.1,71.2,0.993
169,-1,1146,449,34.9,93.8,0.992
169,-1,571,445,129.4,378.3,0.988
169,-1,1300,434,48.1,111.7,0.964
169,-1,940,439,69.5,210.8,0.935
170,-1,1172,448,38.6,100.2,1
170,-1,868,441,112.3,294.1,1
170,-1,576,454,45.4,152.3,1
170,-1,1088,484,36,111.3,1
170,-1,646,448,112.1,362,1
170,-1,1050,480,39.3,112.1,1
170,-1,472,459,35.9,110.8,1
170,-1,760,446,105.4,331.9,1
170,-1,552,453,26.8,75.3,1
170,-1,999,448,35.9,89.1,1
170,-1,374,444,41.2,105.7,1
170,-1,594,416,21,48.9,0.999
170,-1,1148,454,35.7,92,0.999
170,-1,505,454,35.8,107.9,0.999
170,-1,585,423,19.4,44.1,0.998
170,-1,419,468,34.4,94.4,0.998
170,-1,1094,441,41,106.9,0.994
170,-1,985,450,23.4,57.3,0.993
170,-1,976,453,33.2,79.3,0.983
170,-1,564,444,126.2,346,0.965
170,-1,1301,434,43.7,117.5,0.964
170,-1,960,449,44,117.3,0.947
170,-1,966,463,50.5,171.2,0.471
171,-1,649,442,103.4,358.2,1
171,-1,550,453,25,70.4,1
171,-1,865,442,134.2,301.5,1
171,-1,484,456,31,104.2,1
171,-1,1171,443,39.5,105.8,1
171,-1,1084,479,40.8,114.8,1
171,-1,1055,479,38.3,117.7,1
171,-1,765,430,114,358.5,1
171,-1,507,458,34.5,105,1
171,-1,581,452,47.4,147.9,1
171,-1,372,444,41.4,105.9,1
171,-1,594,415,21.3,48.8,0.999
171,-1,730,517,52.9,89.9,0.998
171,-1,419,472,33.3,90.2,0.997
171,-1,1096,442,39.1,104.2,0.996
171,-1,1144,449,38,99.3,0.996
171,-1,568,458,23.7,78.4,0.994
171,-1,561,466,81.1,225.9,0.987
171,-1,468,469,35,105.1,0.987
171,-1,1001,446,33.4,86.8,0.985
171,-1,581,445,127.7,393.8,0.977
171,-1,1300,436,43.2,115.5,0.949
171,-1,990,455,21.1,51.2,0.814
172,-1,869,452,123.3,289.9,1
172,-1,576,457,46.9,145.9,1
172,-1,644,440,110.7,378.2,1
172,-1,1086,480,41.6,116,1
172,-1,1051,480,37.4,115.7,1
172,-1,1164,454,47.8,93.7,1
172,-1,756,434,107.2,354.8,1
172,-1,507,455,36.5,104.4,1
172,-1,550,457,26.7,71,1
172,-1,371,447,45.2,103.7,1
172,-1,588,422,20.7,43.4,0.999
172,-1,468,459,39.9,112.8,0.999
172,-1,1144,456,34,88.4,0.998
172,-1,420,472,32.6,89.3,0.998
172,-1,954,437,89.5,250.1,0.99
172,-1,562,467,89.8,262.5,0.97
172,-1,582,451,115.6,340.4,0.947
172,-1,846,478,43.7,75.6,0.781
172,-1,1298,430,42.8,115,0.746
173,-1,1045,478,41.6,109.6,1
173,-1,656,442,105.6,363.5,1
173,-1,570,460,54.5,149.8,1
173,-1,1088,487,36.1,114.9,1
173,-1,1167,446,38.8,101.4,1
173,-1,875,447,115.6,306.4,1
173,-1,547,453,27.7,77,1
173,-1,765,440,108.9,361.5,1
173,-1,375,445,39.9,101.8,1
173,-1,509,460,39.6,106,0.999
173,-1,1093,441,41.6,106.2,0.999
173,-1,596,423,18,41,0.999
173,-1,478,459,33.9,106.6,0.999
173,-1,420,470,32.9,91.5,0.999
173,-1,1149,453,35.2,89.7,0.998
173,-1,997,451,30.7,79.6,0.978
173,-1,950,453,83.5,246.4,0.976
173,-1,559,473,82.3,217.1,0.951
173,-1,589,450,142.7,417.5,0.947
173,-1,1300,433,48.4,121,0.918
174,-1,576,453,48.8,152.5,1
174,-1,1053,485,41.4,116.4,1
174,-1,759,445,113.3,358,1
174,-1,1170,451,37.8,94.2,1
174,-1,649,455,118.1,364.5,1
174,-1,882,439,100.2,311.2,1
174,-1,949,442,89.5,253.7,1
174,-1,1088,483,35.9,111.8,1
174,-1,373,444,42.4,104.1,1
174,-1,484,456,37.5,104.8,0.999
174,-1,508,451,33.6,108.7,0.999
174,-1,594,425,18.2,40.5,0.999
174,-1,1147,453,34.7,92.8,0.998
174,-1,418,475,31.6,84.2,0.998
174,-1,1094,441,41.5,108.2,0.995
174,-1,549,454,25.3,72.9,0.993
174,-1,580,457,86.2,251.6,0.989
174,-1,585,435,116.9,370,0.952
174,-1,1297,427,45,117,0.868
174,-1,465,460,36.7,104.8,0.787
175,-1,752,423,127.9,396.7,1
175,-1,863,443,122.6,289.7,1
175,-1,488,465,29,93.5,1
175,-1,644,454,125,363.6,1
175,-1,581,457,44.3,153,1
175,-1,1088,483,34.5,120.6,1
175,-1,1152,454,36.5,91.3,1
175,-1,599,423,19.2,42.8,1
175,-1,506,455,35.6,104.7,1
175,-1,1169,451,40.4,94.5,1
175,-1,1052,488,40,106,1
175,-1,374,445,42.1,107.3,1
175,-1,959,445,83.3,247.6,0.999
175,-1,1093,438,42.9,109,0.999
175,-1,419,473,31.7,86,0.998
175,-1,474,457,33.1,115.8,0.995
175,-1,549,454,28.2,73.5,0.992
175,-1,610,456,46.3,153.7,0.99
175,-1,580,463,123.1,338.4,0.971
175,-1,1300,432,43.1,114.7,0.969
175,-1,555,498,46.3,109.3,0.544
176,-1,1162,457,44.6,90,1
176,-1,510,456,34.5,103.9,1
176,-1,492,468,28.9,87.9,1
176,-1,567,464,55,152.5,1
176,-1,1083,484,38.9,113.2,1
176,-1,764,447,115.4,363.4,1
176,-1,640,439,126.7,364.1,1
176,-1,1094,441,40.6,100.4,1
176,-1,876,457,119.4,293.8,1
176,-1,1049,487,39.1,109.3,1
176,-1,369,446,45.7,107.4,1
176,-1,417,467,33.7,99.6,0.999
176,-1,596,419,19.3,49.7,0.999
176,-1,950,441,105,257.5,0.997
176,-1,553,455,25.9,68.5,0.995
176,-1,476,457,33.2,105.4,0.993
176,-1,1300,430,46.2,118.8,0.985
176,-1,566,468,96.8,272.3,0.979
176,-1,573,442,142.6,399.3,0.531
177,-1,1150,459,33.9,87.1,1
177,-1,1166,454,37.5,93.9,1
177,-1,875,450,118.8,292.8,1
177,-1,780,450,109.6,357.9,1
177,-1,567,460,56.2,151.6,1
177,-1,510,452,33.1,108.9,1
177,-1,1094,447,38.8,97.8,1
177,-1,651,459,111.1,339.9,1
177,-1,1087,484,36.2,114,1
177,-1,1050,486,39.7,111.8,1
177,-1,369,445,46.7,108.5,1
177,-1,597,422,18.9,43.9,0.999
177,-1,487,457,32.7,101.4,0.999
177,-1,416,469,32.7,94.3,0.997
177,-1,740,479,49.4,110.1,0.997
177,-1,948,434,88.6,270.7,0.996
177,-1,551,453,26.7,72,0.993
177,-1,467,456,35.7,117.8,0.986
177,-1,574,438,71.3,211.1,0.985
177,-1,571,444,101.9,301.7,0.956
177,-1,1298,423,46.6,127,0.791
178,-1,572,459,53.4,145.6,1
178,-1,1164,450,40,102.7,1
178,-1,1057,480,38.3,113.1,1
178,-1,764,432,114.5,370.1,1
178,-1,892,432,94.4,323.1,1
178,-1,649,445,113.3,347.6,1
178,-1,1088,479,42.3,119.8,1
178,-1,370,446,47.1,104.8,1
178,-1,489,464,29.5,96.8,0.999
178,-1,509,452,34.5,111.3,0.999
178,-1,597,425,18.8,41.3,0.998
178,-1,418,467,29.8,80.8,0.996
178,-1,963,448,48.3,114.4,0.993
178,-1,463,460,40.8,114.7,0.991
178,-1,625,461,47.1,148.3,0.989
178,-1,545,454,26.1,71.3,0.987
178,-1,958,449,86.4,236.2,0.965
178,-1,574,472,84,241.4,0.953
178,-1,742,485,43.2,104.7,0.938
178,-1,1301,431,46.9,117.3,0.93
178,-1,578,435,157.6,405.3,0.815
179,-1,762,447,118.1,368,1
179,-1,1089,483,36.6,118.4,1
179,-1,1046,485,44.1,106.1,1
179,-1,570,453,55.7,151,1
179,-1,655,446,115.2,336.4,1
179,-1,1162,449,34.6,89.7,1
179,-1,891,449,110.8,304.7,1
179,-1,1095,441,38.2,102.4,1
179,-1,370,448,43.2,103.3,1
179,-1,597,423,19.3,41.3,0.999
179,-1,484,461,33.6,98.1,0.999
179,-1,508,458,32,100,0.999
179,-1,546,453,26.8,71,0.998
179,-1,418,469,28.6,90.7,0.995
179,-1,623,470,46.4,147.6,0.982
179,-1,591,469,74.5,208.7,0.954
179,-1,466,465,32.2,103.4,0.944
179,-1,969,440,76.4,237.4,0.936
179,-1,592,454,118,325.5,0.892
179,-1,1302,432,41.3,116.2,0.866
180,-1,648,449,118.2,330.3,1
180,-1,767,428,112.6,381.3,1
180,-1,895,437,118.2,321.3,1
180,-1,1085,482,37.2,117.6,1
180,-1,509,460,32.2,96.1,1
180,-1,579,464,38.9,131.1,1
180,-1,1159,446,41.5,100,1
180,-1,1050,486,38.1,107.2,1
180,-1,1096,442,37.1,100.2,1
180,-1,547,452,28.4,73.7,1
180,-1,371,447,43.2,101,1
180,-1,604,458,29.7,77.1,0.999
180,-1,420,473,33.7,85.4,0.999
180,-1,597,422,19.3,40.7,0.999
180,-1,468,462,35.8,110.2,0.998
180,-1,490,463,29.4,93.6,0.998
180,-1,601,457,47.2,136.1,0.988
180,-1,595,468,72.6,245.5,0.894
180,-1,582,454,133.1,387.4,0.875
180,-1,994,455,39.8,93.5,0.862
180,-1,867,494,37.2,95.3,0.418
181,-1,1087,482,36.7,118.8,1
181,-1,565,453,51.7,145.1,1
181,-1,780,440,116.3,354.1,1
181,-1,1156,444,40.4,101.5,1
181,-1,657,436,131.2,341,1
181,-1,549,455,26.5,67.3,1
181,-1,901,456,95.2,278.4,1
181,-1,1095,437,38.9,110.9,1
181,-1,373,448,42.5,99.2,1
181,-1,1050,482,38.9,110.5,1
181,-1,597,423,19.8,41.9,0.999
181,-1,485,462,33.7,98.4,0.998
181,-1,604,455,28,79.8,0.998
181,-1,424,472,27.6,85.9,0.998
181,-1,463,462,40,113.8,0.997
181,-1,509,457,33.2,109.3,0.997
181,-1,603,461,49,138.8,0.984
181,-1,965,437,85,234.4,0.974
181,-1,601,482,109.5,310.9,0.921
182,-1,1046,486,44.5,104.9,1
182,-1,910,435,89.5,310.6,1
182,-1,1156,448,43.4,100.9,1
182,-1,644,446,142.1,400.9,1
182,-1,1085,484,37.6,115.9,1
182,-1,779,420,120.1,382.2,1
182,-1,598,424,19.4,41.9,1
182,-1,575,461,53.7,144.1,1
182,-1,514,451,32.2,103.3,1
182,-1,548,455,26.8,69,1
182,-1,1094,439,40,106,1
182,-1,371,445,41.1,101.7,1
182,-1,415,468,35.5,97.5,0.998
182,-1,485,464,32.8,96.3,0.998
182,-1,467,461,35.4,109.4,0.995
182,-1,978,450,87.7,233.7,0.992
182,-1,594,481,93.3,256.4,0.87
182,-1,1301,426,48.2,121.9,0.869
183,-1,570,454,55.9,150.8,1
183,-1,598,422,19.3,43.4,1
183,-1,647,448,139.9,349.3,1
183,-1,913,445,102.4,295.1,1
183,-1,785,428,118.4,374.4,1
183,-1,1086,487,39,115.3,1
183,-1,547,455,27.6,72,1
183,-1,506,451,34.9,108.7,1
183,-1,1096,437,38.9,107.9,1
183,-1,370,446,42.6,105.1,1
183,-1,1156,446,37.2,100.2,1
183,-1,1052,487,38.9,103.9,1
183,-1,485,462,34.4,101.5,0.999
183,-1,421,472,27.6,86,0.998
183,-1,467,459,36.9,118.1,0.97
183,-1,984,430,87.9,259.1,0.969
183,-1,621,482,50.5,113.2,0.948
183,-1,580,473,86.5,231.7,0.697
183,-1,1306,433,44.8,111.5,0.509
184,-1,1090,484,36.4,114.8,1
184,-1,369,448,41.4,99.7,1
184,-1,787,435,116.8,370.4,1
184,-1,1153,448,37.1,101.9,1
184,-1,658,466,114.7,327.6,1
184,-1,914,451,106.8,291.2,1
184,-1,572,453,53.7,156.6,1
184,-1,547,451,27,74.7,1
184,-1,1095,439,40.6,109.6,1
184,-1,510,455,32.3,106.3,1
184,-1,1052,482,39.8,110.3,1
184,-1,485,465,33.3,97.7,0.999
184,-1,596,421,20.6,49.1,0.999
184,-1,420,473,27.3,84.6,0.998
184,-1,463,461,38.7,108.6,0.995
184,-1,992,438,85.8,260.4,0.98
184,-1,625,465,54.6,133.2,0.965
184,-1,620,440,81.7,266.9,0.771
184,-1,1298,429,47.2,122.2,0.753
184,-1,596,440,148.8,400.1,0.636
185,-1,1088,483,36,114.3,1
185,-1,650,454,146.1,360.8,1
185,-1,1096,441,40.6,107,1
185,-1,598,422,19.9,43.8,1
185,-1,575,457,44.9,147.7,1
185,-1,1051,481,38.4,107.6,1
185,-1,776,434,129.1,350.2,1
185,-1,927,433,84.8,319.4,1
185,-1,546,455,26.4,72.1,1
185,-1,1159,454,40.3,96.6,1
185,-1,507,462,34,104.6,1
185,-1,370,445,44,104.1,1
185,-1,488,458,29.5,103.3,0.999
185,-1,415,474,35.1,91.1,0.999
185,-1,987,444,88.4,252.5,0.996
185,-1,468,459,34.3,114.5,0.968
185,-1,621,493,46.6,106.2,0.655
186,-1,663,447,135.9,377.8,1
186,-1,1160,453,37.4,92.2,1
186,-1,369,449,44.5,101.5,1
186,-1,415,468,36.1,98.4,1
186,-1,926,458,98.6,293.8,1
186,-1,547,449,27.5,76.2,1
186,-1,566,457,53.2,164.8,1
186,-1,1086,479,35,114.9,1
186,-1,787,440,113.8,377.1,1
186,-1,510,451,33.3,113.5,1
186,-1,484,463,34.7,98.3,0.999
186,-1,596,422,19.3,42.6,0.999
186,-1,992,435,90.9,259.9,0.999
186,-1,1097,440,40.7,104.7,0.998
186,-1,467,468,37.5,106.3,0.983
186,-1,630,494,50.2,99.2,0.8
186,-1,1068,486,36.3,111,0.763
186,-1,1306,432,43.5,119.6,0.507
187,-1,921,451,106.7,303.5,1
187,-1,569,455,52,158.6,1
187,-1,507,455,33.4,111.9,1
187,-1,783,429,122.7,381,1
187,-1,665,448,133.2,369.4,1
187,-1,1160,453,40,89.5,1
187,-1,1097,440,41,106.2,1
187,-1,1086,487,42.2,115.5,1
187,-1,370,446,41.2,104.4,1
187,-1,546,456,26.9,71,1
187,-1,489,461,30.5,97.7,0.999
187,-1,596,423,19.6,43.1,0.999
187,-1,1000,452,87.6,254.4,0.999
187,-1,419,469,35.6,88.8,0.998
187,-1,468,467,36,105.2,0.981
187,-1,648,469,26.3,72.3,0.474
188,-1,670,444,126.3,396.5,1
188,-1,511,454,33.3,112.4,1
188,-1,370,448,45.1,101.5,1
188,-1,794,452,114.9,349.1,1
188,-1,1089,484,38.6,114.1,1
188,-1,564,455,56.4,154.6,1
188,-1,929,441,99,310.8,1
188,-1,1155,452,34.4,94.5,1
188,-1,547,455,26.6,69.7,1
188,-1,1100,441,39.3,106.2,0.999
188,-1,598,421,19.7,44.8,0.999
188,-1,1001,442,89.8,250.9,0.998
188,-1,487,460,28.1,99.7,0.998
188,-1,414,465,28.7,80.1,0.997
188,-1,467,465,37.8,107.3,0.991
188,-1,428,465,29.2,84,0.82
188,-1,657,466,23.4,72.8,0.739
189,-1,1156,446,42.3,99.6,1
189,-1,918,441,122.5,324.8,1
189,-1,804,444,114,351.7,1
189,-1,667,437,145.7,382.9,1
189,-1,1097,436,39.5,107.7,1
189,-1,1084,486,38.9,111.4,1
189,-1,508,454,34,111.7,1
189,-1,545,452,28,74.2,1
189,-1,569,460,59.8,160.7,1
189,-1,371,448,42.6,97.6,1
189,-1,415,468,27.5,74.9,0.999
189,-1,1014,457,78.4,251.9,0.998
189,-1,487,460,28.7,101.7,0.997
189,-1,465,464,34.4,109.1,0.995
189,-1,597,422,18.9,44.1,0.992
189,-1,427,474,26.6,83.8,0.907
189,-1,654,470,24.1,66,0.701
190,-1,1149,454,44.8,93.4,1
190,-1,788,438,125.7,372.1,1
190,-1,565,447,58.3,162.4,1
190,-1,667,431,120.3,383.1,1
190,-1,930,432,127.1,315.6,1
190,-1,1086,486,36.7,107.3,1
190,-1,513,451,31.9,116.7,1
190,-1,1097,437,38.4,109.9,1
190,-1,371,444,42.1,105,1
190,-1,547,456,25.2,68.5,0.999
190,-1,596,420,18.5,43.4,0.998
190,-1,424,465,30.7,98.4,0.998
190,-1,464,466,36.8,108.6,0.998
190,-1,489,461,27.5,99,0.997
190,-1,1045,458,30.6,64.1,0.722
191,-1,1081,487,40.8,114.7,1
191,-1,945,430,90.7,342.4,1
191,-1,680,452,129.3,360.6,1
191,-1,1163,451,42.5,95.4,1
191,-1,509,454,33.2,107.8,1
191,-1,570,451,52.3,164.6,1
191,-1,803,435,117.5,369.5,1
191,-1,1094,441,41.7,103.1,1
191,-1,369,446,45.7,104.3,1
191,-1,418,466,36.2,97,0.999
191,-1,550,452,25.1,72.4,0.998
191,-1,598,421,19.1,42.9,0.998
191,-1,488,461,29.6,99.2,0.998
191,-1,661,466,26.3,72.7,0.989
191,-1,467,468,36.2,107.8,0.988
191,-1,647,502,52.6,89.7,0.988
191,-1,1000,438,77.4,247.8,0.966
192,-1,1152,449,38.1,98.7,1
192,-1,942,463,97.3,291.8,1
192,-1,689,438,123.5,372.5,1
192,-1,803,440,126.7,374.5,1
192,-1,568,448,59.8,165.3,1
192,-1,374,448,43.8,100.5,1
192,-1,1095,439,41.6,104.8,1
192,-1,509,454,31.9,112.8,0.999
192,-1,1085,489,34.1,105.5,0.999
192,-1,547,453,27,72.3,0.999
192,-1,419,467,34.8,96.9,0.999
192,-1,670,466,23.3,65.2,0.998
192,-1,596,420,20.6,45.9,0.998
192,-1,487,461,30.8,99.2,0.998
192,-1,1006,433,92.9,265.3,0.997
192,-1,656,492,48.7,94.7,0.994
192,-1,470,468,24.6,70,0.993
192,-1,467,468,37.5,106.2,0.988
192,-1,1172,457,39.1,91.6,0.827
192,-1,1303,435,41.7,111.1,0.775
192,-1,533,457,21.7,61.8,0.55
193,-1,1100,435,40.5,110.5,1
193,-1,1167,455,39.3,88.3,1
193,-1,487,455,31.6,104.3,1
193,-1,948,448,99.4,320.7,1
193,-1,693,436,125.6,380.2,1
193,-1,1145,450,35.5,96.3,1
193,-1,568,446,54.7,165.2,1
193,-1,818,441,117.4,367.9,1
193,-1,511,455,31.9,110.2,1
193,-1,375,448,41.7,102,1
193,-1,1084,482,38.9,116.2,0.999
193,-1,547,455,24.1,70.5,0.999
193,-1,419,466,36.8,105.3,0.998
193,-1,596,421,19.7,42.8,0.998
193,-1,658,500,52.3,84.9,0.997
193,-1,462,467,37.6,106.1,0.995
193,-1,659,464,23.6,61.7,0.965
193,-1,1003,438,96.6,257.6,0.96
193,-1,637,461,105.6,258.2,0.657
193,-1,535,456,22.1,61.9,0.563
194,-1,682,453,129.8,389.4,1
194,-1,1098,433,38.4,113.5,1
194,-1,486,462,33.4,100.9,1
194,-1,950,445,101.6,314.1,1
194,-1,816,445,121.5,364.5,1
194,-1,571,457,57.4,161.4,1
194,-1,1167,450,39.4,95.5,1
194,-1,374,449,41.7,102.2,1
194,-1,1143,454,37.2,93,1
194,-1,599,425,19.4,41.9,0.999
194,-1,1084,489,43.8,111.4,0.999
194,-1,507,454,34.9,112.2,0.999
194,-1,420,467,35,97.9,0.996
194,-1,1023,447,84.9,259.8,0.994
194,-1,460,464,32,85.9,0.975
194,-1,549,458,25,66.8,0.955
194,-1,663,467,23.8,71.3,0.943
194,-1,655,497,46.2,105.9,0.871
194,-1,931,464,34.3,87.1,0.429
195,-1,683,443,132.4,387.7,1
195,-1,488,461,32.2,100.1,1
195,-1,565,452,58.1,160.5,1
195,-1,1100,436,41.7,114.2,1
195,-1,949,437,113.4,310.4,1
195,-1,1141,450,39.3,96.2,1
195,-1,1174,455,37,88,1
195,-1,816,431,114,376.1,1
195,-1,372,448,40.8,106.2,1
195,-1,507,458,34.9,106.8,0.999
195,-1,545,452,30.5,74.3,0.999
195,-1,1086,490,38.6,106,0.999
195,-1,597,424,18.6,41.5,0.997
195,-1,462,468,34.6,105.3,0.994
195,-1,418,472,32.9,98,0.993
195,-1,1028,440,90.8,264.2,0.967
195,-1,1300,442,41.2,107.1,0.759
195,-1,661,470,24.3,65.1,0.671
196,-1,696,442,114.7,369.2,1
196,-1,949,448,103.7,302.6,1
196,-1,567,456,61,166.4,1
196,-1,1143,449,34.3,97.6,1
196,-1,1172,450,36.6,94.4,1
196,-1,818,430,132.4,380.5,1
196,-1,371,448,44.8,105.5,1
196,-1,488,460,32.8,101.8,1
196,-1,1101,440,38.6,102.1,1
196,-1,421,464,28.9,95.7,0.999
196,-1,511,458,30.4,103.9,0.999
196,-1,546,457,26.7,70.1,0.995
196,-1,1036,451,80.5,251,0.995
196,-1,597,422,18.5,42.2,0.992
196,-1,458,469,32.1,105.5,0.992
196,-1,667,506,49,86.7,0.989
196,-1,664,469,23.2,64,0.805
197,-1,687,444,122.6,410.7,1
197,-1,949,445,106.2,295.1,1
197,-1,513,456,30.3,110.2,1
197,-1,1142,449,37,101.7,1
197,-1,811,441,140.2,366.1,1
197,-1,487,462,32,95.5,1
197,-1,571,448,60.2,180.6,1
197,-1,1096,440,43.5,110.8,1
197,-1,1176,449,34.4,98.1,1
197,-1,373,449,40.5,100.8,1
197,-1,547,453,27.7,75,0.999
197,-1,596,423,19.5,43.4,0.999
197,-1,421,461,29.8,99.6,0.999
197,-1,658,508,54.9,99.7,0.997
197,-1,463,468,34.7,108.3,0.994
197,-1,660,465,27.4,73.6,0.993
197,-1,1016,438,95.5,275.9,0.992
197,-1,1301,434,46.2,110.7,0.477
198,-1,546,455,29.5,66.6,1
198,-1,684,440,128.8,393,1
198,-1,1174,449,36.6,94.2,1
198,-1,575,444,59.3,174.4,1
198,-1,970,455,99.3,311.3,1
198,-1,1096,435,44.1,112.4,1
198,-1,513,459,30.1,103.1,1
198,-1,487,461,31.1,98.7,1
198,-1,1142,450,37.9,100.9,1
198,-1,372,448,40.4,97.3,1
198,-1,800,416,163.7,395.7,1
198,-1,418,471,35.3,91,0.999
198,-1,1037,428,79.4,276.7,0.998
198,-1,660,463,28.6,74.9,0.995
198,-1,459,471,35.1,95.8,0.994
198,-1,596,421,19.5,44.1,0.994
198,-1,660,497,45.7,94.2,0.982
198,-1,948,465,40.1,111.4,0.543
199,-1,819,442,147.5,368.1,1
199,-1,569,451,60.5,170.4,1
199,-1,960,428,99.9,344,1
199,-1,706,456,124.1,364.9,1
199,-1,486,458,32,103.3,1
199,-1,544,453,31,71.3,1
199,-1,371,447,41.4,100.6,1
199,-1,1182,448,34.1,99.7,1
199,-1,511,456,31.1,108.8,1
199,-1,1097,436,44.5,113.3,1
199,-1,1135,451,38.9,100.8,1
199,-1,662,465,26.1,68.9,0.998
199,-1,1025,449,82,244.9,0.997
199,-1,596,426,18.6,40.9,0.996
199,-1,426,473,24.7,83.4,0.995
199,-1,459,468,34.7,97.6,0.994
199,-1,689,461,29.7,82.4,0.993
199,-1,673,506,51,94.9,0.989
199,-1,411,464,28,82.4,0.944
200,-1,1098,439,42.5,114.3,1
200,-1,485,463,31.1,96.8,1
200,-1,691,459,130.5,341.4,1
200,-1,818,437,147.7,378.7,1
200,-1,545,449,27.7,75.3,1
200,-1,515,451,32.6,113.2,1
200,-1,969,444,102.3,306.9,1
200,-1,575,447,58.6,175.1,1
200,-1,1179,450,39.1,94.2,1
200,-1,1135,449,37.8,100.9,1
200,-1,373,445,40.1,103.1,1
200,-1,660,466,24.9,65.7,0.999
200,-1,423,472,25.7,84.3,0.999
200,-1,456,475,32.9,95.2,0.988
200,-1,598,425,18.2,41.7,0.986
200,-1,1032,456,81,239.5,0.97
200,-1,1157,439,36.7,98.6,0.576
201,-1,596,422,19.7,43.9,1
201,-1,971,441,113.3,316.8,1
201,-1,486,461,31.5,99.3,1
201,-1,705,448,127.5,370.8,1
201,-1,821,426,168.8,395.1,1
201,-1,1096,438,39.8,115.5,1
201,-1,515,450,32.3,111,1
201,-1,1134,456,39.7,95.1,1
201,-1,571,445,64.7,179.1,1
201,-1,371,447,42.5,102.9,1
201,-1,1180,452,36.6,91.9,0.999
201,-1,673,508,51.3,94.2,0.999
201,-1,656,469,26.4,68.9,0.999
201,-1,545,451,28.6,72.6,0.999
201,-1,421,467,30.5,90.7,0.994
201,-1,454,457,39.7,114.7,0.988
201,-1,1068,444,38.5,115.5,0.962
201,-1,1044,439,83.6,262.9,0.924
201,-1,687,461,30.1,89.9,0.903
202,-1,818,420,177.1,398.7,1
202,-1,703,463,122.8,353,1
202,-1,988,450,86.8,307.5,1
202,-1,659,461,27.7,74.2,1
202,-1,371,447,44.1,107.8,1
202,-1,1182,451,36.8,96.4,1
202,-1,570,457,65.6,167.5,1
202,-1,545,451,27.1,68.8,1
202,-1,1134,452,38.2,96.7,1
202,-1,484,468,32.6,91.6,1
202,-1,595,426,19.7,38,0.999
202,-1,510,456,31.3,105.7,0.999
202,-1,1098,436,42,113.7,0.999
202,-1,1040,427,92.3,299.8,0.99
202,-1,455,470,32.3,102.6,0.987
202,-1,679,497,45.9,105.4,0.983
202,-1,419,473,28.7,83.7,0.944
202,-1,1303,435,42.8,113.6,0.636
202,-1,657,468,88.6,242.3,0.608
202,-1,532,454,23.4,66.3,0.443
202,-1,1154,445,38.4,97.8,0.4
203,-1,703,444,124.8,371.7,1
203,-1,1133,450,37.9,94.5,1
203,-1,509,453,35.2,107.5,1
203,-1,832,445,144.8,363,1
203,-1,988,438,93.1,322.9,1
203,-1,484,457,35.6,108.4,1
203,-1,1186,454,34.3,92,1
203,-1,578,454,59.4,165.8,1
203,-1,371,445,42.8,105.6,1
203,-1,543,459,24.7,64.5,0.999
203,-1,413,467,33.8,95.1,0.997
203,-1,596,427,17.5,40,0.997
203,-1,1097,435,41.6,120.8,0.997
203,-1,1048,446,87.7,264.8,0.997
203,-1,658,472,26.1,66.7,0.99
203,-1,966,455,28.3,82,0.988
203,-1,674,507,45.8,106.3,0.979
203,-1,450,478,25.4,66.5,0.964
203,-1,565,463,23.2,66.2,0.898
203,-1,451,464,34.7,104.4,0.897
203,-1,1301,432,46.7,113.6,0.476
204,-1,999,455,89.3,300.7,1
204,-1,1134,451,37.9,94.9,1
204,-1,369,447,43.6,107.2,1
204,-1,699,443,146.8,419.1,1
204,-1,579,454,53.9,164.4,1
204,-1,835,436,139.3,381.6,1
204,-1,1186,452,34.1,93.3,1
204,-1,513,457,29.8,104,1
204,-1,543,452,29.9,75,0.999
204,-1,484,462,30.8,96.5,0.999
204,-1,1095,441,39.7,110.1,0.998
204,-1,596,426,19,39.1,0.998
204,-1,976,452,45.2,113.3,0.998
204,-1,1044,446,89.2,268.7,0.996
204,-1,662,468,22.7,66.1,0.994
204,-1,414,470,33.7,86.9,0.987
204,-1,455,472,31.7,98.2,0.981
205,-1,372,446,40.5,106.3,1
205,-1,516,457,34,110.5,1
205,-1,1190,452,33.2,89.1,1
205,-1,693,457,130.2,378.3,1
205,-1,579,453,58.7,170.9,1
205,-1,485,460,34.1,106.2,1
205,-1,1130,449,41.7,98.7,1
205,-1,837,424,149,389.6,1
205,-1,977,445,38.8,115.5,0.999
205,-1,994,449,90.3,315.4,0.999
205,-1,544,451,29.3,74.2,0.999
205,-1,596,426,18.7,38.2,0.998
205,-1,1099,438,37.1,104.8,0.996
205,-1,1056,443,85.2,260.8,0.996
205,-1,662,465,23.4,68.6,0.995
205,-1,414,471,32.8,88.4,0.98
205,-1,454,466,35.9,110.4,0.939
205,-1,568,467,20.3,61.7,0.489
206,-1,715,462,118.5,367.4,1
206,-1,842,440,150.3,369.9,1
206,-1,1189,443,33.9,103.9,1
206,-1,514,453,33.9,112.4,1
206,-1,580,456,62.5,166,1
206,-1,479,462,33.9,98.7,1
206,-1,366,447,45.5,105.8,1
206,-1,998,454,98.1,297.4,0.999
206,-1,597,427,17.7,41.1,0.998
206,-1,977,451,32.2,89.8,0.998
206,-1,1133,452,37,93.6,0.998
206,-1,546,454,26.4,69.4,0.996
206,-1,1052,439,88,270.8,0.994
206,-1,659,473,24.4,66.7,0.994
206,-1,681,520,62.9,86.5,0.994
206,-1,414,476,33.2,82.9,0.986
206,-1,445,462,29.1,89.7,0.949
206,-1,1302,424,45.9,125.9,0.937
206,-1,698,465,23.8,62.2,0.783
206,-1,568,461,19.4,67.7,0.753
206,-1,974,459,47,116.8,0.517
207,-1,982,453,23.9,64.6,1
207,-1,584,448,53.9,176,1
207,-1,710,457,118.2,377.2,1
207,-1,832,443,164.8,381.5,1
207,-1,512,453,35,113.1,1
207,-1,1188,448,39,96.5,1
207,-1,483,461,35.9,104.8,1
207,-1,367,450,45.1,103.3,1
207,-1,993,440,135.3,345.5,0.999
207,-1,597,425,17.8,41.1,0.998
207,-1,1130,448,40.6,101.8,0.997
207,-1,658,466,24.3,70.9,0.997
207,-1,545,454,25.7,67.3,0.997
207,-1,411,465,29.8,84.2,0.987
207,-1,448,462,38.1,110.6,0.98
207,-1,679,495,42,97,0.97
207,-1,1110,438,41.4,112.7,0.94
207,-1,1303,436,41.6,107.5,0.866
207,-1,572,464,18.3,61.6,0.767
207,-1,422,474,36.2,84.1,0.559
208,-1,842,430,145.8,379.3,1
208,-1,587,450,56.8,170.2,1
208,-1,720,449,122.6,369.6,1
208,-1,1126,445,44.7,105.7,1
208,-1,369,445,43.6,105.7,1
208,-1,515,459,29.2,108.1,1
208,-1,1195,453,34.5,91.5,1
208,-1,998,444,138,323.7,1
208,-1,982,452,24.1,66.9,1
208,-1,977,447,38.7,112.6,0.999
208,-1,546,454,26,71.8,0.997
208,-1,597,423,17.5,39.8,0.997
208,-1,481,457,33.1,106.9,0.995
208,-1,660,472,23.9,65.4,0.995
208,-1,675,506,51.1,96.4,0.992
208,-1,412,475,35.4,85.5,0.978
208,-1,454,465,32.7,96.4,0.959
208,-1,571,466,18.7,59.3,0.868
208,-1,1302,430,41.7,118,0.754
208,-1,438,470,27.6,75.5,0.415
209,-1,588,448,55,180.4,1
209,-1,711,443,142.4,395.1,1
209,-1,479,461,34.5,102.2,1
209,-1,850,428,150.2,385.3,1
209,-1,512,455,34.3,110.2,1
209,-1,1194,446,37.4,100.6,1
209,-1,373,446,41.8,105,1
209,-1,1013,439,141.6,340.5,0.999
209,-1,992,447,33.2,93.1,0.999
209,-1,599,424,17.4,40.4,0.998
209,-1,681,488,44.9,100.1,0.998
209,-1,547,455,25.1,68.9,0.996
209,-1,658,468,24,66.6,0.984
209,-1,446,464,29.9,82.1,0.983
209,-1,411,472,36.6,90,0.978
209,-1,566,461,21.7,63,0.951
209,-1,677,483,63.4,148,0.911
209,-1,1300,420,43.7,132.5,0.849
209,-1,1141,448,36.3,94.7,0.563
210,-1,710,425,149.1,404,1
210,-1,1003,447,42.5,118.7,1
210,-1,583,450,55.3,168.8,1
210,-1,1194,447,38.1,99.9,1
210,-1,855,437,145.8,376.7,1
210,-1,998,451,166.9,343.9,1
210,-1,511,455,33.2,106.7,1
210,-1,371,450,40.8,101.1,1
210,-1,600,423,17.9,41.8,0.999
210,-1,483,464,30.2,99.7,0.998
210,-1,658,467,25.9,70.8,0.997
210,-1,545,456,27.1,68.6,0.996
210,-1,679,488,42.9,95.2,0.991
210,-1,444,467,30.8,84.2,0.99
210,-1,571,461,22.4,63.8,0.986
210,-1,412,470,34.8,86,0.984
210,-1,1153,440,37.6,98.5,0.815
210,-1,459,467,35.8,96.9,0.602
211,-1,590,458,56,162.4,1
211,-1,370,448,46.4,105.1,1
211,-1,483,464,31.4,101.9,1
211,-1,848,422,137.1,402.3,1
211,-1,1007,432,179.7,346.7,1
211,-1,724,447,123.7,376.7,1
211,-1,516,453,29.2,113.8,1
211,-1,1192,448,37.3,99.3,1
211,-1,986,445,35.7,99.4,0.999
211,-1,600,422,17.7,41.5,0.999
211,-1,447,463,40.3,113.9,0.999
211,-1,678,486,44.9,100.5,0.998
211,-1,713,456,20.8,62.1,0.996
211,-1,657,468,25.1,68.4,0.995
211,-1,547,452,23.8,67.5,0.993
211,-1,413,468,32.1,78.8,0.992
211,-1,567,464,23.7,63.5,0.989
211,-1,1296,420,45.4,136.9,0.761
211,-1,430,468,32.8,82.2,0.693
211,-1,974,470,34,106.1,0.461
212,-1,727,458,22.7,68.6,1
212,-1,728,452,132.7,399.8,1
212,-1,585,449,55,175.8,1
212,-1,375,446,38.7,106.1,1
212,-1,871,435,130.1,393.6,1
212,-1,448,461,37.6,108.4,1
212,-1,483,464,32.1,100.7,1
212,-1,1007,428,175.4,345.5,1
212,-1,1198,446,38.5,99.5,1
212,-1,830,472,63.9,80.4,1
212,-1,514,455,34.7,111.3,1
212,-1,600,424,17.7,41.2,0.999
212,-1,679,494,43.3,86.8,0.998
212,-1,987,446,37.7,109.9,0.998
212,-1,549,454,22.4,67,0.992
212,-1,661,465,25.4,71.5,0.992
212,-1,707,455,22.6,72.8,0.991
212,-1,416,467,31.4,77.2,0.987
212,-1,699,509,51.7,93,0.967
212,-1,570,465,20.3,64,0.964
212,-1,426,466,35.1,95.5,0.934
213,-1,595,445,50.2,182.1,1
213,-1,712,456,130.1,380.6,1
213,-1,600,424,17.4,40.6,1
213,-1,367,452,44.5,100.9,1
213,-1,514,457,32.5,106.9,1
213,-1,990,446,39,98.5,1
213,-1,1013,442,171.9,337.8,1
213,-1,867,433,129,391.5,1
213,-1,482,463,32.2,101,1
213,-1,681,493,46,99.1,1
213,-1,1201,445,32.7,101,1
213,-1,833,475,63.9,66.7,1
213,-1,451,457,36.5,109.3,0.999
213,-1,660,464,26.1,70.1,0.999
213,-1,412,464,34.3,81.8,0.992
213,-1,569,464,22.3,63.1,0.988
213,-1,549,456,22,63.6,0.986
213,-1,432,468,31.9,82.4,0.818
213,-1,1298,424,47.1,131.7,0.814
213,-1,588,428,18.7,46,0.519
214,-1,732,451,118.5,377.6,1
214,-1,516,454,32.7,110.4,1
214,-1,869,424,141,387,1
214,-1,480,465,35.5,98.5,1
214,-1,1030,439,152.4,332.7,1
214,-1,831,467,64.6,76,1
214,-1,444,470,30.5,80.6,1
214,-1,595,453,50.4,160.9,1
214,-1,680,492,47.5,101.2,1
214,-1,1196,445,37.8,102.8,1
214,-1,372,448,42.4,104.9,1
214,-1,661,465,26,69.7,0.999
214,-1,600,422,17.5,40.4,0.999
214,-1,571,460,21.5,64.2,0.998
214,-1,997,446,29.7,85.8,0.997
214,-1,549,456,22.4,63.7,0.986
214,-1,413,469,36.9,92.7,0.986
214,-1,716,454,23.7,69.5,0.958
214,-1,706,503,50.6,110.1,0.886
214,-1,1304,426,47.1,118.1,0.542
215,-1,481,460,33.5,107.5,1
215,-1,727,452,132.1,391.3,1
215,-1,872,434,144.8,394.2,1
215,-1,1031,430,148.6,348.3,1
215,-1,838,471,48.9,78.6,1
215,-1,1204,449,38.8,96.3,1
215,-1,373,445,46.2,104.8,1
215,-1,512,457,35.3,101.7,1
215,-1,599,451,54.2,175,1
215,-1,680,492,47.3,100.1,1
215,-1,655,461,28.4,70.9,0.999
215,-1,447,465,27.8,81.3,0.999
215,-1,600,425,17.7,41.6,0.999
215,-1,570,465,20.3,62.4,0.997
215,-1,550,458,23.4,66.3,0.994
215,-1,414,467,37.3,95.8,0.983
215,-1,712,453,22.2,71.3,0.963
215,-1,446,464,42.5,113.1,0.883
215,-1,1298,421,43.7,132.1,0.854
216,-1,870,436,129.4,390.8,1
216,-1,1022,459,170.6,325.3,1
216,-1,601,458,50.9,168.2,1
216,-1,993,449,35,92.1,1
216,-1,745,447,130.8,428.9,1
216,-1,480,460,31.8,106.2,1
216,-1,515,457,35.2,107.2,1
216,-1,680,492,46.8,102.6,1
216,-1,442,466,33.7,87.6,1
216,-1,369,445,46.5,105,1
216,-1,1201,451,38.2,101,1
216,-1,599,425,17.9,39.4,0.998
216,-1,661,462,26.7,74.2,0.997
216,-1,569,461,21.6,67.1,0.996
216,-1,729,455,21.2,68.4,0.995
216,-1,548,457,24.9,69.1,0.99
216,-1,414,470,38.2,95.5,0.99
216,-1,710,513,60.3,88.5,0.961
216,-1,712,454,24,68.6,0.952
216,-1,1304,431,41.2,119.6,0.89
216,-1,589,455,23.3,71.3,0.812
217,-1,514,457,33.1,108.3,1
217,-1,745,448,130.2,423.9,1
217,-1,1015,434,177.2,325,1
217,-1,1207,449,36.3,98.1,1
217,-1,882,427,133.3,398.8,1
217,-1,598,445,52.8,178.3,1
217,-1,681,498,45.8,101.4,1
217,-1,445,470,32.4,82.3,1
217,-1,479,461,35.7,101.1,1
217,-1,373,445,45.3,102.6,1
217,-1,544,457,27.5,63,0.998
217,-1,662,464,25.9,71.5,0.997
217,-1,569,462,23.1,65.6,0.994
217,-1,729,458,21.6,62.6,0.992
217,-1,596,426,17.8,40.3,0.983
217,-1,413,465,43.6,100.7,0.98
217,-1,1303,430,41.4,120.6,0.924
217,-1,715,455,24.5,68.4,0.916
217,-1,703,509,55.3,88.8,0.896
218,-1,751,440,134.4,451.5,1
218,-1,513,456,34.1,105.2,1
218,-1,442,467,35.2,85,1
218,-1,872,419,128,408.6,1
218,-1,1048,424,155.2,359.2,1
218,-1,371,450,44,99.4,1
218,-1,680,495,46.8,108,1
218,-1,1204,447,40.7,102.9,1
218,-1,602,452,55.6,169.5,0.999
218,-1,479,455,33.3,104.1,0.999
218,-1,660,462,26.6,74.3,0.995
218,-1,991,446,37.4,94,0.995
218,-1,595,422,22.1,47.9,0.994
218,-1,720,509,51.4,86.8,0.986
218,-1,550,457,23.4,66.3,0.981
218,-1,734,454,21.6,65.4,0.978
218,-1,569,463,22,63.6,0.968
218,-1,419,465,35.2,87.9,0.956
218,-1,589,459,21.1,65.3,0.911
218,-1,715,456,23.2,64.1,0.901
218,-1,1299,422,48.4,131.8,0.812
219,-1,1026,444,163.5,323.4,1
219,-1,894,415,130.8,416.2,1
219,-1,748,444,145.1,459,1
219,-1,479,455,32.9,101.8,1
219,-1,512,455,34.7,108.1,1
219,-1,677,492,48.1,115.8,1
219,-1,1210,451,38.7,98.7,1
219,-1,370,446,41.7,102.8,1
219,-1,604,453,52.1,170.5,0.999
219,-1,448,468,30.7,86,0.999
219,-1,568,463,23.4,66.2,0.998
219,-1,660,462,26.8,74.6,0.997
219,-1,597,423,18.5,41.7,0.995
219,-1,418,467,44.1,93.3,0.989
219,-1,735,458,20.4,61.2,0.95
219,-1,546,455,26.9,65.7,0.924
219,-1,589,448,26.2,77.8,0.894
219,-1,713,457,22.7,63.4,0.834
219,-1,1298,423,47.8,128.4,0.754
219,-1,724,457,23.7,67.9,0.703
220,-1,882,412,131.3,423.3,1
220,-1,513,457,33.3,108.8,1
220,-1,1057,448,125.7,301.9,1
220,-1,737,428,151.5,491.8,1
220,-1,600,464,56,160.7,1
220,-1,679,494,51.1,115.9,1
220,-1,1206,448,41.4,98.8,1
220,-1,371,446,41,105.4,1
220,-1,479,462,31.7,95.7,0.999
220,-1,445,457,32,95.5,0.998
220,-1,660,464,26.2,72.1,0.997
220,-1,568,466,19.9,61.5,0.997
220,-1,597,425,18,41.8,0.996
220,-1,1033,444,43.2,121,0.994
220,-1,546,453,27.5,67,0.908
220,-1,425,466,32.5,85.2,0.887
220,-1,1302,428,41.2,121.6,0.877
220,-1,582,462,17.3,57.8,0.718
220,-1,589,453,23.7,69.9,0.631
220,-1,719,460,22.9,65.3,0.499
221,-1,478,460,33.4,99.6,1
221,-1,753,441,153.5,444.4,1
221,-1,572,463,21,61.9,1
221,-1,1045,447,149.5,332.7,1
221,-1,371,447,43.5,102.6,1
221,-1,897,437,116.2,408,1
221,-1,680,493,50.7,116.9,1
221,-1,1210,453,38.1,92.7,1
221,-1,516,454,34.1,109,1
221,-1,604,454,53.6,169.5,0.999
221,-1,600,427,17.5,40.2,0.999
221,-1,442,461,29.3,90.6,0.999
221,-1,662,462,25.6,71.7,0.998
221,-1,592,464,20.2,57,0.998
221,-1,720,510,58.7,110.6,0.992
221,-1,727,457,24.6,65.1,0.967
221,-1,415,462,43.2,104.1,0.927
221,-1,562,465,16.4,56.2,0.686
221,-1,545,455,26.2,66.7,0.555
221,-1,583,426,21.2,53.4,0.546
222,-1,600,457,58.3,171,1
222,-1,434,467,35.8,95.5,1
222,-1,1215,455,43.7,106.2,1
222,-1,1051,491,44.6,99.5,1
222,-1,369,447,44.4,102.9,1
222,-1,758,430,146.9,465.4,1
222,-1,1075,441,130.6,336.8,1
222,-1,887,414,137.7,429.2,1
222,-1,570,464,22.4,65.2,1
222,-1,680,489,49.3,111.1,1
222,-1,512,456,36,102.1,1
222,-1,480,461,32.8,99.3,0.999
222,-1,661,463,26.2,73.1,0.997
222,-1,1039,446,42.8,116.3,0.997
222,-1,548,455,23.9,65.3,0.994
222,-1,600,423,17,39,0.988
222,-1,734,454,23.7,70,0.982
222,-1,721,516,57,100.5,0.979
222,-1,584,463,20.7,60.4,0.886
222,-1,415,461,31.9,88.8,0.863
222,-1,1299,419,46.3,132.4,0.821
222,-1,738,461,37.4,82.3,0.805
222,-1,716,463,25.5,65.5,0.726
222,-1,583,429,21.3,51.6,0.686
222,-1,713,483,36.4,89.4,0.658
223,-1,370,445,45.3,108,1
223,-1,571,462,22.1,66.7,1
223,-1,1076,438,117.8,339.3,1
223,-1,754,422,157.3,502.2,1
223,-1,901,437,130.8,394.3,1
223,-1,432,462,38.3,105.3,1
223,-1,602,449,58,180.8,1
223,-1,1215,451,45.1,105.5,1
223,-1,679,491,44.9,108.6,1
223,-1,512,456,36.8,104.6,1
223,-1,480,462,31.1,97.8,0.999
223,-1,1039,444,46.2,123.2,0.996
223,-1,661,465,24.4,69.5,0.996
223,-1,600,428,17.4,41.2,0.995
223,-1,723,518,57.4,90,0.992
223,-1,586,459,25.3,65.7,0.982
223,-1,548,452,25.6,69.4,0.958
223,-1,733,460,20.5,64,0.957
223,-1,1299,422,49.2,130.1,0.943
223,-1,1149,436,90.3,277.6,0.922
223,-1,739,451,25.8,76.6,0.859
223,-1,715,481,36.1,90.9,0.548
223,-1,584,432,20.5,48.8,0.511
223,-1,452,460,37.1,97.7,0.5
224,-1,570,464,21.1,64,1
224,-1,903,435,131.6,392.2,1
224,-1,435,462,34,91.9,1
224,-1,1047,492,42.6,103,1
224,-1,1085,450,122,323.4,1
224,-1,479,460,32.9,99.8,1
224,-1,680,496,43.5,104.4,1
224,-1,373,446,43.6,104.3,1
224,-1,601,453,61.2,171.8,1
224,-1,512,456,37.7,106.8,1
224,-1,766,445,151.5,457,0.999
224,-1,732,525,60.8,79.3,0.998
224,-1,1213,447,45,106.6,0.998
224,-1,661,465,26.5,73.1,0.997
224,-1,597,424,20.9,48.5,0.996
224,-1,587,462,23.2,58.5,0.993
224,-1,729,456,23.9,69.4,0.964
224,-1,545,453,23.2,67,0.929
224,-1,726,475,31.8,85,0.915
224,-1,416,465,29.9,83.8,0.906
224,-1,1304,425,44.8,117.9,0.879
224,-1,749,455,30.5,87.2,0.698
224,-1,584,429,21.6,51.5,0.683
224,-1,723,499,55.7,138.8,0.451
225,-1,478,458,36.5,102.5,1
225,-1,588,459,21.8,60.2,1
225,-1,1049,485,39.1,110.2,1
225,-1,438,457,36.3,112.4,1
225,-1,371,444,41,106.7,1
225,-1,612,454,51,171.1,1
225,-1,573,465,21,62.4,1
225,-1,900,422,132.4,422.7,1
225,-1,1102,433,111.8,338.7,1
225,-1,682,496,42.2,104.8,1
225,-1,513,451,36.3,112.9,1
225,-1,761,430,202,502.7,0.999
225,-1,597,429,20.2,44.3,0.998
225,-1,659,463,25.9,72.7,0.998
225,-1,1217,446,40.7,101.8,0.998
225,-1,724,511,55.7,100.1,0.99
225,-1,550,453,23.6,63.1,0.945
225,-1,733,466,20.6,57.7,0.939
225,-1,416,465,31.1,89.3,0.936
225,-1,1300,420,49.8,128.6,0.845
225,-1,1076,453,36.3,120.5,0.797
225,-1,740,463,26.4,77.7,0.718
226,-1,671,485,48.6,119.9,1
226,-1,1108,429,116.6,369.9,1
226,-1,917,430,124.2,418.1,1
226,-1,372,448,44.7,105.4,1
226,-1,573,460,20.1,63.4,1
226,-1,433,464,36,98,1
226,-1,612,450,53.3,178.3,1
226,-1,477,461,33.1,99.5,1
226,-1,513,452,36.3,111,1
226,-1,589,459,23.8,60.9,1
226,-1,1053,474,41.7,112.7,0.999
226,-1,1218,449,41.4,97,0.999
226,-1,597,427,20.1,45.7,0.998
226,-1,769,432,175.3,486.3,0.997
226,-1,660,465,24.6,70.3,0.997
226,-1,1077,487,42.3,111.2,0.996
226,-1,728,509,59.5,105.7,0.989
226,-1,737,457,23.4,70.2,0.986
226,-1,1303,420,42.7,125.2,0.965
226,-1,546,454,22.5,66.5,0.943
226,-1,414,459,30.9,90.1,0.888
227,-1,1098,432,114.9,346.6,1
227,-1,605,444,57.6,191.2,1
227,-1,914,416,129.5,424.7,1
227,-1,430,466,31.9,84.3,1
227,-1,1218,446,45,103.1,1
227,-1,572,464,19.5,59.1,1
227,-1,1051,481,38.6,113.2,1
227,-1,680,490,47.5,108.6,1
227,-1,370,444,43.8,108.2,1
227,-1,515,457,33.4,106.6,1
227,-1,755,422,255.4,542.2,0.999
227,-1,591,457,22.4,66.3,0.999
227,-1,477,457,31.4,103.4,0.998
227,-1,597,427,19.2,44,0.997
227,-1,1078,482,39.1,111.9,0.996
227,-1,661,463,25.1,69.4,0.995
227,-1,547,457,24.8,64,0.993
227,-1,726,512,52.4,92,0.98
227,-1,734,460,26.4,74.6,0.972
227,-1,1301,421,43.8,127.8,0.962
227,-1,414,461,32.2,90.9,0.857
227,-1,1176,432,81.9,214.1,0.514
228,-1,898,425,142.1,406.2,1
228,-1,1113,433,103.4,363.6,1
228,-1,610,440,52.5,194.3,1
228,-1,425,462,38.3,93.4,1
228,-1,567,458,22.1,64.6,1
228,-1,516,454,32,108.8,1
228,-1,681,490,47.1,107.5,1
228,-1,372,444,42.2,109.4,1
228,-1,1222,451,40.4,100.2,1
228,-1,761,416,254,569.4,0.999
228,-1,590,457,24.5,66,0.999
228,-1,477,461,33.2,105.5,0.999
228,-1,598,426,18.9,42.9,0.998
228,-1,1055,448,43.7,119.9,0.995
228,-1,656,463,27,73.4,0.992
228,-1,1092,476,39.2,111.4,0.992
228,-1,726,492,48.4,96.7,0.976
228,-1,548,454,21.8,65.1,0.963
228,-1,740,455,26.3,71.9,0.753
228,-1,1197,443,51.8,136.7,0.716
228,-1,1296,427,49.2,124.6,0.467
229,-1,913,430,118.5,405.3,1
229,-1,1104,430,123.2,352.2,1
229,-1,430,465,35.3,95.3,1
229,-1,753,403,266.6,601.4,1
229,-1,615,447,52.3,182.9,1
229,-1,370,447,44.1,99.9,1
229,-1,679,493,47.9,107.3,1
229,-1,1219,448,47.4,106.8,1
229,-1,516,452,30,113,1
229,-1,475,459,31.9,103.4,0.999
229,-1,597,427,20.4,46.1,0.999
229,-1,573,463,20.2,64,0.999
229,-1,589,458,22.8,65.9,0.999
229,-1,1049,487,38.9,109.3,0.997
229,-1,545,454,25.9,67.1,0.996
229,-1,1076,472,41.9,119.6,0.995
229,-1,658,460,26.7,70.9,0.99
229,-1,1057,448,41.4,111.3,0.974
229,-1,737,462,21.8,61.3,0.936
229,-1,731,473,38.9,100.8,0.897
229,-1,1297,430,46.9,122,0.548
229,-1,405,469,36.2,87.7,0.446
230,-1,618,441,53,186.5,1
230,-1,1129,439,116.3,347.9,1
230,-1,748,419,295.5,556.6,1
230,-1,1049,487,42.2,109.6,1
230,-1,369,446,44,104,1
230,-1,676,490,49.8,110.1,1
230,-1,513,457,34.2,109.5,1
230,-1,1103,441,36,102.8,0.999
230,-1,1086,487,38.3,108.3,0.999
230,-1,589,457,26.1,64.9,0.999
230,-1,571,466,20,61,0.999
230,-1,596,425,19.6,44.3,0.999
230,-1,429,470,34.7,94.3,0.998
230,-1,550,453,22.7,63.2,0.997
230,-1,658,463,27.5,74.8,0.997
230,-1,1056,441,46,124.7,0.996
230,-1,479,456,31.4,109.3,0.969
230,-1,606,457,20.5,61.3,0.897
230,-1,1299,427,46.8,121.4,0.795
230,-1,729,468,30.6,78.9,0.786
230,-1,711,491,51.6,108.9,0.704
230,-1,586,435,19.6,42.9,0.47
231,-1,1142,439,96.9,351.6,1
231,-1,761,420,274.4,588.1,1
231,-1,612,448,52.1,179.8,1
231,-1,591,460,19.6,60.2,1
231,-1,678,498,46.9,102.6,1
231,-1,597,426,19,45.4,1
231,-1,371,449,44.7,102.7,1
231,-1,512,451,37.5,114.3,1
231,-1,1098,434,42.8,111.1,0.999
231,-1,569,463,22.3,65.3,0.999
231,-1,1085,487,39.1,109,0.999
231,-1,433,467,34.2,101.4,0.999
231,-1,1049,482,41.6,109,0.999
231,-1,658,462,26.7,71.7,0.996
231,-1,736,477,34.5,86,0.994
231,-1,473,457,32.3,106.4,0.994
231,-1,1058,438,45.4,131.7,0.993
231,-1,547,453,26.2,66.4,0.993
231,-1,721,508,59.6,105.6,0.985
231,-1,601,454,21.2,65.9,0.959
231,-1,1219,439,48.7,120.7,0.925
231,-1,1296,424,49,131.6,0.802
231,-1,416,462,30.6,79.6,0.748
232,-1,1046,484,42.2,108.2,1
232,-1,1157,428,121.2,338.7,1
232,-1,597,426,19.6,46.5,1
232,-1,1093,439,42,109.5,1
232,-1,620,449,52.9,187.1,1
232,-1,681,493,50.3,104.4,1
232,-1,429,464,37.3,107.8,1
232,-1,745,411,303.9,595.6,1
232,-1,370,447,46,106,1
232,-1,511,457,37.7,107.6,1
232,-1,572,460,21.8,67.9,0.999
232,-1,1085,485,40.4,112.9,0.999
232,-1,593,463,19.4,58.6,0.999
232,-1,548,454,24.1,64.7,0.995
232,-1,476,454,36.6,107.7,0.992
232,-1,1056,438,44.9,115.3,0.977
232,-1,604,457,21.7,66.8,0.965
232,-1,720,502,43.2,105.3,0.964
232,-1,1121,450,34.6,103,0.483
232,-1,586,433,19.5,45,0.452
233,-1,771,424,270.6,588.6,1
233,-1,1047,483,43.9,110.3,1
233,-1,677,489,47.5,106.5,1
233,-1,431,462,35.9,110.7,1
233,-1,1156,432,128.3,348.6,1
233,-1,617,449,51.1,182.7,1
233,-1,370,444,47.3,107.2,1
233,-1,597,425,18.5,44.1,1
233,-1,1101,435,37.5,113.2,1
233,-1,516,458,31.7,105.3,1
233,-1,472,457,35.7,103.5,0.999
233,-1,593,461,18.2,62.1,0.999
233,-1,1086,486,39.2,112.3,0.999
233,-1,1063,441,43.1,116.1,0.996
233,-1,549,451,24.9,70.2,0.995
233,-1,569,463,21.7,61.9,0.993
233,-1,727,493,47.2,114.5,0.989
233,-1,602,453,22,70,0.987
233,-1,658,464,27.8,69,0.977
233,-1,589,434,18.6,42.2,0.633
233,-1,1307,418,43.5,126.1,0.574
233,-1,745,460,22,56,0.481
234,-1,1116,450,41.2,99.2,1
234,-1,593,463,18.3,59.8,1
234,-1,776,420,254.9,584.7,1
234,-1,1099,439,39.2,116.8,1
234,-1,513,449,31.2,113.2,1
234,-1,624,447,54.5,189.4,1
234,-1,1124,449,150.2,339.1,1
234,-1,374,450,43.9,98.1,1
234,-1,680,491,50.2,106,1
234,-1,1049,486,44,109.6,1
234,-1,598,425,18.9,45,1
234,-1,435,465,30,101.3,0.999
234,-1,1085,487,40.6,111.8,0.999
234,-1,571,462,23,63.8,0.997
234,-1,477,467,30.1,94.2,0.997
234,-1,550,454,23.3,65.4,0.996
234,-1,732,479,38,98.3,0.994
234,-1,604,454,20.8,61.2,0.994
234,-1,1064,443,42.8,125.2,0.993
234,-1,721,508,57.3,92.1,0.951
234,-1,415,459,33.7,93.6,0.939
234,-1,590,438,17.9,40.1,0.912
234,-1,1307,419,43.6,126.8,0.54
235,-1,1153,423,128.1,362.9,1
235,-1,590,463,20.5,62.1,1
235,-1,785,416,258.1,587.6,1
235,-1,598,428,18.8,41,1
235,-1,625,450,52.9,178,1
235,-1,684,496,48.1,106.2,1
235,-1,370,446,46,105.1,1
235,-1,1095,439,38.2,108.7,1
235,-1,1046,483,45.2,110,1
235,-1,511,456,37.9,107.8,1
235,-1,1116,445,40.7,109.1,0.999
235,-1,1084,486,42.2,115.5,0.999
235,-1,1064,446,42.2,109.3,0.999
235,-1,430,463,39.1,114,0.998
235,-1,571,459,22.2,62.1,0.998
235,-1,549,451,25.4,72.2,0.995
235,-1,477,461,30.9,99.1,0.995
235,-1,722,504,55.8,101.9,0.987
235,-1,602,457,21.4,64.8,0.977
235,-1,590,438,17.5,39.9,0.687
235,-1,1295,418,47.4,132.2,0.468
236,-1,1127,443,155.6,344.9,1
236,-1,596,426,20,47.8,1
236,-1,684,494,48,107.4,1
236,-1,1084,483,39.2,112.7,1
236,-1,1095,440,37.7,107.7,1
236,-1,796,405,254.2,596.9,1
236,-1,1048,488,44.2,107.9,1
236,-1,1064,443,42.8,112.8,1
236,-1,370,447,46.5,108.3,1
236,-1,619,449,62.9,176.2,1
236,-1,511,455,34.8,108.5,1
236,-1,425,459,34.3,105.3,0.999
236,-1,593,460,18.6,64.6,0.999
236,-1,571,462,21.6,62.7,0.999
236,-1,723,492,48.6,103.5,0.998
236,-1,475,464,31.6,96.8,0.998
236,-1,551,458,24,66.8,0.984
236,-1,603,458,20.6,64.3,0.962
236,-1,1303,421,47.5,129.4,0.817
236,-1,579,453,25.3,73.2,0.784
237,-1,1116,450,39.2,103,1
237,-1,683,493,47.4,105.8,1
237,-1,1135,421,143.1,364.2,1
237,-1,1085,484,40.2,115.1,1
237,-1,614,445,65.1,191,1
237,-1,1047,484,43.2,112,1
237,-1,478,465,31.9,99.2,1
237,-1,514,454,33.6,107.2,1
237,-1,368,447,45.6,106.3,1
237,-1,768,396,283.9,610.5,1
237,-1,423,459,39.7,109.1,0.999
237,-1,567,463,23.9,61.9,0.999
237,-1,589,461,22.3,64.3,0.999
237,-1,1065,444,43.4,113.8,0.999
237,-1,1096,435,37.8,111.7,0.998
237,-1,592,426,21.1,47.6,0.995
237,-1,720,504,50.6,97.8,0.989
237,-1,550,450,24,68.7,0.977
237,-1,601,455,21.1,64.4,0.925
237,-1,1302,423,46.2,126.5,0.894
238,-1,431,462,27.8,92.5,1
238,-1,1045,485,42.9,109,1
238,-1,1151,437,143.9,358,1
238,-1,806,415,237.3,599.9,1
238,-1,597,429,20.3,43.3,1
238,-1,625,446,66,190.6,1
238,-1,1114,450,38.1,98.9,1
238,-1,475,462,32.6,101.6,1
238,-1,368,449,43.8,102.4,1
238,-1,512,452,31.3,112.5,1
238,-1,682,494,49.5,99.4,0.999
238,-1,589,460,21.2,64.5,0.998
238,-1,1086,492,39.2,105.8,0.998
238,-1,569,462,23,64.7,0.998
238,-1,726,499,49.5,110.1,0.996
238,-1,550,452,25,70.2,0.992
238,-1,608,455,21.2,58,0.986
238,-1,1088,434,40,119.5,0.978
238,-1,1069,456,41.6,111.1,0.911
239,-1,789,397,247.8,586.6,1
239,-1,590,463,23.5,56.8,1
239,-1,1158,436,141.1,345.4,1
239,-1,626,456,72.7,174.7,1
239,-1,513,454,30.4,110.4,1
239,-1,1111,453,36.5,96.6,1
239,-1,472,456,34.5,103.5,1
239,-1,372,448,43.2,105.9,1
239,-1,425,463,35.9,108.7,0.999
239,-1,1048,490,42.1,106.6,0.999
239,-1,679,489,47.8,110.4,0.999
239,-1,1086,488,40.6,109.8,0.999
239,-1,570,462,22.5,62.3,0.998
239,-1,734,515,48.5,94,0.998
239,-1,595,426,19.3,46.6,0.997
239,-1,609,457,20.6,57.8,0.995
239,-1,1070,445,44.9,114.8,0.993
239,-1,549,455,23.4,67.2,0.949
239,-1,605,429,20.7,44.2,0.416
239,-1,746,455,35.8,99,0.412
240,-1,417,465,38.2,109.4,1
240,-1,627,438,73.2,194.6,1
240,-1,806,406,225.7,595.5,1
240,-1,511,454,33.5,106.5,1
240,-1,1169,425,136.6,364.7,1
240,-1,593,458,23.2,65.8,1
240,-1,1116,449,37,99.6,1
240,-1,475,460,32.9,97.4,1
240,-1,371,446,44.3,107.4,1
240,-1,681,489,46.5,115,0.999
240,-1,1083,488,41.7,111.2,0.999
240,-1,1047,484,42.8,110.6,0.999
240,-1,573,456,24.3,67.4,0.997
240,-1,591,427,20.4,45.4,0.997
240,-1,726,493,44.6,110.9,0.995
240,-1,609,458,20.7,58,0.992
240,-1,551,453,22.5,65.4,0.985
240,-1,1096,443,37.8,100.3,0.983
240,-1,758,458,40.1,113.7,0.971
240,-1,1071,446,43.2,115.7,0.653
240,-1,604,431,20.4,43.6,0.444
241,-1,1179,427,124.7,330.4,1
241,-1,833,466,49.1,104.8,1
241,-1,1048,485,42,107.8,1
241,-1,513,448,36.8,118.4,1
241,-1,809,395,234,594.4,1
241,-1,1116,448,39.4,101.8,1
241,-1,589,464,22.4,56.6,1
241,-1,370,447,43,105.4,1
241,-1,680,483,48.3,114.2,1
241,-1,1091,440,37.9,111.6,0.999
241,-1,627,458,69.2,178,0.999
241,-1,595,426,21,50.8,0.999
241,-1,1084,484,41.2,113.1,0.999
241,-1,419,459,40.7,111.4,0.999
241,-1,476,461,32.2,98.9,0.998
241,-1,578,455,22.1,67.3,0.997
241,-1,729,493,44.6,112.5,0.995
241,-1,610,460,18.7,52.9,0.991
241,-1,549,454,24.2,67.1,0.987
241,-1,446,463,32.1,88.6,0.941
241,-1,750,454,32.7,108.7,0.782
241,-1,565,462,19.1,59.3,0.455
242,-1,512,457,32.1,105.7,1
242,-1,1047,484,40,118.2,1
242,-1,1178,450,128.2,330.6,1
242,-1,831,406,222.7,596.3,1
242,-1,472,458,34.2,101.2,1
242,-1,588,463,23.1,57.3,1
242,-1,371,443,41.5,104.1,1
242,-1,596,432,20.4,44.9,0.999
242,-1,1089,477,40.2,119.8,0.999
242,-1,1117,445,38.8,103.4,0.999
242,-1,627,449,76.9,181.5,0.999
242,-1,577,458,22.2,62.8,0.998
242,-1,415,465,41.9,102.1,0.998
242,-1,612,453,17.2,62.2,0.997
242,-1,680,489,48.2,108.4,0.997
242,-1,551,455,23.8,67.6,0.997
242,-1,730,484,44.5,107.2,0.994
242,-1,760,448,34.8,102.4,0.984
242,-1,754,450,139.2,416.1,0.976
242,-1,444,464,30.3,83.6,0.97
242,-1,606,426,21.1,45.2,0.872
242,-1,1076,449,32.5,91.6,0.827
242,-1,565,464,20.1,59.5,0.503
243,-1,1049,487,40.2,105.9,1
243,-1,595,429,19.7,44.6,1
243,-1,624,445,80,187.7,1
243,-1,846,470,43.3,82,1
243,-1,1120,452,34.5,95.5,1
243,-1,833,429,208.8,584.9,1
243,-1,1197,422,126.4,353,1
243,-1,505,458,39,109.7,1
243,-1,1084,482,41.3,112.3,1
243,-1,681,486,53.6,112.1,1
243,-1,372,446,43.7,105.8,1
243,-1,727,498,49.3,102,1
243,-1,472,457,34.5,103.1,1
243,-1,594,462,21.9,61,1
243,-1,575,458,26.3,64.8,0.998
243,-1,421,465,36.5,96.9,0.998
243,-1,611,456,17.2,63,0.996
243,-1,550,454,23.3,66.3,0.996
243,-1,752,428,157.7,445.3,0.995
243,-1,1091,432,41.3,121.2,0.991
243,-1,446,463,30.4,87.8,0.959
243,-1,607,430,19,40.2,0.918
243,-1,563,454,22.2,69.9,0.612
244,-1,1209,427,119.5,364.2,1
244,-1,372,446,43.9,106,1
244,-1,630,451,81.2,191,1
244,-1,725,490,46.1,110.1,1
244,-1,1114,449,35.9,96.4,1
244,-1,834,428,223.4,578.3,1
244,-1,511,447,37,114.1,1
244,-1,593,464,22.1,55.7,1
244,-1,471,459,32.5,102.6,1
244,-1,600,424,20.3,48.1,0.999
244,-1,1084,486,42.6,113.1,0.999
244,-1,573,458,24,64.2,0.999
244,-1,419,464,37.6,101.9,0.999
244,-1,1050,486,40.7,110.2,0.999
244,-1,757,452,142.9,434.2,0.998
244,-1,613,460,20.5,58,0.997
244,-1,548,455,24.2,68.5,0.997
244,-1,1094,444,41.2,104.7,0.993
244,-1,446,457,32.8,95.6,0.949
244,-1,1069,454,42,117.7,0.776
245,-1,1210,449,107.6,333.8,1
245,-1,594,458,22.8,62.8,1
245,-1,511,449,37.4,115.3,1
245,-1,861,422,188.1,578.6,1
245,-1,629,457,77.1,172.9,1
245,-1,474,460,31.5,100.5,1
245,-1,1117,450,37.1,94.7,1
245,-1,373,443,42.5,107.3,1
245,-1,1080,451,46.2,119.2,0.999
245,-1,611,453,19.5,61.7,0.999
245,-1,570,457,23.9,65.8,0.999
245,-1,418,462,38.1,112,0.999
245,-1,599,428,18.7,42.8,0.998
245,-1,759,439,138,438.9,0.998
245,-1,550,453,24,68.4,0.997
245,-1,1049,486,41.9,109.5,0.996
245,-1,727,481,53.1,106.6,0.994
245,-1,686,489,46.6,107.2,0.985
246,-1,1218,433,100.1,330.1,1
246,-1,766,455,148.3,406.1,1
246,-1,629,457,78.8,180.2,1
246,-1,885,400,166.9,628.4,1
246,-1,417,457,39.6,119.1,1
246,-1,1103,451,43.3,113,1
246,-1,471,459,35.4,107.7,1
246,-1,372,449,42.7,102.8,1
246,-1,512,450,34.1,113.4,1
246,-1,592,457,24,66,1
246,-1,722,480,54.3,111.4,0.999
246,-1,1085,465,47.2,125.2,0.999
246,-1,596,433,18.8,41.7,0.999
246,-1,572,458,23.5,63.9,0.998
246,-1,612,456,18.6,59.4,0.997
246,-1,549,454,23.7,66.6,0.995
246,-1,1050,490,39.5,102.6,0.993
246,-1,688,495,45.8,99.4,0.95
247,-1,1208,433,123,357.4,1
247,-1,873,416,176.7,599.4,1
247,-1,419,464,40.5,108.3,1
247,-1,1085,484,41.4,114.6,1
247,-1,770,428,152.8,453,1
247,-1,470,463,33.9,97.1,1
247,-1,1114,446,38.4,102.1,1
247,-1,640,452,69.9,177.6,1
247,-1,372,449,40.5,102.7,1
247,-1,514,456,34.1,107.5,1
247,-1,572,458,24.6,63,0.999
247,-1,587,458,26.9,68.1,0.999
247,-1,725,487,52.4,110,0.999
247,-1,615,460,20.2,57.5,0.998
247,-1,601,427,18.4,41.9,0.994
247,-1,547,453,24.3,66.6,0.993
247,-1,1092,439,43.7,113.7,0.977
247,-1,1052,487,42,108,0.976
247,-1,590,430,19.4,41.9,0.966
247,-1,693,485,49.8,110.3,0.586
248,-1,781,434,156.3,452.7,1
248,-1,638,439,71.9,197.8,1
248,-1,420,458,38.7,112.9,1
248,-1,371,448,42.1,100,1
248,-1,471,452,35.4,112.1,1
248,-1,893,411,168.2,617,1
248,-1,1224,433,140,377.7,1
248,-1,591,461,24.9,64,1
248,-1,512,450,33.6,111.6,1
248,-1,1088,442,50.2,118.4,0.999
248,-1,728,475,45.7,109.5,0.999
248,-1,572,457,23.5,60.2,0.999
248,-1,615,460,20,54.5,0.997
248,-1,597,426,19.9,45.2,0.995
248,-1,546,451,25.1,68.4,0.993
248,-1,1053,486,40.1,114.6,0.927
248,-1,562,462,19.8,58.3,0.916
248,-1,760,447,29.5,79.8,0.736
249,-1,726,487,51.3,101.1,1
249,-1,639,448,73.9,186.2,1
249,-1,1243,442,129.5,348,1
249,-1,1111,444,41.8,103.6,1
249,-1,910,415,153.2,591.9,1
249,-1,420,463,36.6,105.7,1
249,-1,772,435,163.2,447.4,1
249,-1,591,460,24.7,62.9,1
249,-1,370,446,42.4,105.8,1
249,-1,471,460,31.6,102.6,1
249,-1,511,456,34.4,107.2,1
249,-1,1087,485,35.4,111.2,0.999
249,-1,596,428,20,47.2,0.999
249,-1,570,457,21.7,64.1,0.998
249,-1,614,458,21.4,60.6,0.998
249,-1,546,450,25.3,67.4,0.99
249,-1,1091,455,49.7,120.4,0.99
249,-1,1058,483,48.5,111.1,0.656
250,-1,594,461,23.9,61.7,1
250,-1,918,416,153.8,617.8,1
250,-1,471,456,32.8,105.7,1
250,-1,646,455,61.4,175,1
250,-1,513,453,34.6,109.4,1
250,-1,781,443,133.5,429.7,1
250,-1,367,448,44.6,100.2,1
250,-1,1213,423,172.3,382.9,1
250,-1,1087,479,41.2,117.5,0.999
250,-1,725,485,48.4,105.7,0.999
250,-1,600,429,18.7,41.9,0.999
250,-1,1113,442,41.2,106.4,0.999
250,-1,418,458,38.7,110.6,0.999
250,-1,572,457,23.8,66,0.998
250,-1,552,457,23.3,63.1,0.992
250,-1,590,433,19.3,42.6,0.989
250,-1,618,459,20.5,59.7,0.987
250,-1,609,426,20.4,46.2,0.964
250,-1,765,445,27.8,80.5,0.884
250,-1,1050,482,45.4,123.1,0.781
251,-1,1231,425,182.6,369.6,1
251,-1,471,456,33.4,104.2,1
251,-1,373,447,42.2,106.8,1
251,-1,417,458,37.1,111.8,1
251,-1,915,399,157,619.5,1
251,-1,728,478,55.4,113,1
251,-1,640,452,68.6,188.9,1
251,-1,787,437,148.2,446.3,1
251,-1,595,461,20.9,59.7,1
251,-1,513,453,37.1,108.9,1
251,-1,1088,483,40.1,112.3,0.999
251,-1,1110,446,43.2,103.4,0.999
251,-1,601,432,16.6,38.5,0.999
251,-1,574,457,23.9,67.4,0.996
251,-1,618,460,22.7,58.5,0.996
251,-1,551,458,22.4,59,0.991
251,-1,767,446,27,83.2,0.972
251,-1,609,435,19.2,42,0.828
251,-1,590,428,20.2,46.1,0.758
251,-1,1051,475,52.3,113.6,0.491
252,-1,788,456,148,417.4,1
252,-1,1224,420,182.6,371.2,1
252,-1,370,447,43.8,107.4,1
252,-1,731,483,46.7,105.6,1
252,-1,927,413,170.8,599.2,1
252,-1,1087,492,35.8,101.7,1
252,-1,416,463,38,106.7,1
252,-1,514,451,33.6,109.6,1
252,-1,646,447,66.6,178.4,1
252,-1,1112,451,44.1,102.8,0.999
252,-1,592,459,25.4,67.1,0.999
252,-1,600,431,18.5,40.9,0.999
252,-1,573,458,23.5,63.1,0.998
252,-1,591,429,22,50.7,0.997
252,-1,469,466,31.4,98.1,0.997
252,-1,619,459,20.5,59.5,0.995
252,-1,766,451,28.9,78.8,0.994
252,-1,552,454,24.6,65.3,0.991
252,-1,605,423,21.7,52,0.976
252,-1,1090,443,46.1,112.9,0.975
252,-1,606,457,22.4,63,0.939
252,-1,698,492,38.2,113.7,0.835
253,-1,926,430,167.9,591.1,1
253,-1,801,430,146.9,456.6,1
253,-1,371,446,44.4,107,1
253,-1,592,458,22.6,62.1,1
253,-1,656,456,61.5,173.6,1
253,-1,512,456,34.6,111.7,1
253,-1,1105,445,42.4,104.7,1
253,-1,1238,434,180.8,383.9,1
253,-1,1085,492,39.3,104.6,1
253,-1,417,458,37.6,115.5,1
253,-1,474,459,30.5,101.9,0.999
253,-1,726,477,54.5,116.1,0.999
253,-1,600,434,18.7,42,0.995
253,-1,768,450,30.3,75.2,0.993
253,-1,620,452,22.1,64.6,0.992
253,-1,576,457,25,70.3,0.991
253,-1,589,429,22.2,50.7,0.987
253,-1,551,456,24.3,63.3,0.975
253,-1,606,460,21.1,58.8,0.975
254,-1,926,419,176.4,617.8,1
254,-1,808,430,143.4,446.9,1
254,-1,659,453,61.4,172.8,1
254,-1,731,483,48.3,107.3,1
254,-1,590,457,24.7,66.3,1
254,-1,1251,431,167.9,344.4,1
254,-1,371,448,42.7,100.8,1
254,-1,514,453,32.5,113.4,1
254,-1,417,464,36,109.3,1
254,-1,1099,445,41,111.2,0.999
254,-1,469,460,32.5,103.4,0.999
254,-1,1086,491,38.5,105.1,0.999
254,-1,619,459,19.3,54.7,0.996
254,-1,597,431,19.2,41,0.995
254,-1,577,456,24.3,68,0.992
254,-1,551,457,23.9,64.2,0.991
254,-1,607,429,19.1,43.5,0.976
254,-1,607,462,20,56.1,0.975
254,-1,771,454,27.3,73,0.957
255,-1,414,457,40.7,112.5,1
255,-1,806,446,130.8,449.3,1
255,-1,928,425,179.6,621.4,1
255,-1,1220,442,215,337.4,1
255,-1,662,458,54.4,173,1
255,-1,727,478,53.3,114.6,1
255,-1,371,448,42.7,101.6,1
255,-1,515,451,33.3,111.3,1
255,-1,599,456,24.4,66.2,0.999
255,-1,473,462,30.6,94.7,0.999
255,-1,1100,441,49.4,114,0.998
255,-1,575,458,22.6,63.3,0.992
255,-1,590,436,20.1,43.7,0.992
255,-1,553,457,23.2,63.7,0.989
255,-1,618,455,22.1,62,0.987
255,-1,1088,491,40,106.7,0.977
255,-1,773,452,28.4,75.5,0.966
255,-1,603,434,18.8,42.3,0.906
255,-1,1825,386,144.8,415,0.847
255,-1,565,460,21.1,67.4,0.573
256,-1,412,467,39.8,100.8,1
256,-1,806,447,127.6,442.1,1
256,-1,1239,439,191.9,362.7,1
256,-1,653,440,61.2,199,1
256,-1,936,441,160.7,599,1
256,-1,594,457,23.3,65.6,1
256,-1,726,483,52.5,109.5,1
256,-1,514,451,33,111.8,1
256,-1,372,449,39.5,98.8,0.999
256,-1,1100,439,42.6,113.3,0.999
256,-1,472,460,31.9,100.4,0.999
256,-1,620,457,20.6,56.3,0.997
256,-1,1083,488,41.2,105.7,0.996
256,-1,577,456,22.7,62.8,0.994
256,-1,591,433,19.6,48.1,0.989
256,-1,551,456,24,65.8,0.984
256,-1,1822,398,132.3,403.7,0.975
256,-1,608,457,25,63.1,0.925
256,-1,602,432,19.6,44.8,0.913
256,-1,773,451,27.5,72.1,0.883
257,-1,598,456,22.4,60.9,1
257,-1,1107,449,45.2,106,1
257,-1,661,444,65.5,196.6,1
257,-1,1254,417,179.4,392.5,1
257,-1,924,412,188.9,640.3,1
257,-1,799,428,141.1,471,1
257,-1,726,484,52.9,112.2,1
257,-1,413,460,39.6,109.4,1
257,-1,516,456,32.1,105.4,1
257,-1,368,446,46,106.1,0.999
257,-1,622,461,17.7,54.7,0.997
257,-1,467,452,33.7,112.4,0.997
257,-1,1796,408,135.1,392.8,0.997
257,-1,579,458,23.4,63.5,0.996
257,-1,592,430,22.8,45.8,0.995
257,-1,607,433,17.2,37.4,0.99
257,-1,553,459,21.2,58.9,0.982
257,-1,563,460,22.2,64.7,0.951
257,-1,774,450,29.3,76.9,0.566
258,-1,1248,445,185.3,376.2,1
258,-1,1793,412,131,374.9,1
258,-1,409,459,39.2,113.6,1
258,-1,804,446,142.8,443.2,1
258,-1,930,420,173.9,603.8,1
258,-1,668,460,56,179.4,1
258,-1,1106,441,46.8,119.4,1
258,-1,592,459,25,62.9,1
258,-1,727,482,58.5,116,1
258,-1,511,454,32,111.4,1
258,-1,573,457,23.3,63.3,0.997
258,-1,369,446,42.8,102.2,0.997
258,-1,603,430,19.7,44.4,0.997
258,-1,623,462,23.1,56.4,0.994
258,-1,554,457,22.1,64.4,0.989
258,-1,591,434,19.6,46,0.983
258,-1,471,459,31,94.9,0.974
258,-1,612,461,18.6,56.6,0.911
258,-1,1083,461,43.2,119.2,0.849
259,-1,811,422,117.3,479.4,1
259,-1,662,455,61.8,190.2,1
259,-1,946,408,149.3,625.1,1
259,-1,1250,434,190.5,388.9,1
259,-1,1107,446,41.5,106.1,1
259,-1,510,454,32.9,111.2,1
259,-1,409,462,43.1,112.7,1
259,-1,366,453,43.8,97.6,1
259,-1,727,481,49.5,109.3,1
259,-1,1770,388,145.3,393.5,0.999
259,-1,590,459,22.3,62.6,0.999
259,-1,573,458,23,62.3,0.995
259,-1,605,456,21.4,62.2,0.995
259,-1,601,434,19.1,39.6,0.983
259,-1,547,451,26.2,67.8,0.98
259,-1,470,460,32.6,101.5,0.978
259,-1,624,462,18.2,56.7,0.976
259,-1,589,431,20,46.3,0.959
259,-1,1083,448,42.8,107.4,0.86
260,-1,407,462,42.6,112.6,1
260,-1,946,401,179.2,631.9,1
260,-1,1751,415,177.7,347.3,1
260,-1,510,452,33.6,112.2,1
260,-1,823,443,123.5,453.2,1
260,-1,1112,444,41.8,108.4,1
260,-1,1272,428,158.6,382.5,1
260,-1,728,481,49.2,108.5,1
260,-1,670,456,57.2,183.7,1
260,-1,591,462,21.4,57.1,0.999
260,-1,370,445,40.4,106.4,0.999
260,-1,603,460,23.8,61.7,0.998
260,-1,602,434,19.5,45.8,0.996
260,-1,468,456,31.6,99.8,0.996
260,-1,575,459,21.9,60,0.995
260,-1,592,435,20.3,45.3,0.984
260,-1,625,456,23,60.1,0.979
260,-1,554,458,22.4,60.2,0.922
261,-1,927,408,181,642.9,1
261,-1,725,485,53.6,111.6,1
261,-1,1688,405,235.2,372.3,1
261,-1,510,453,32.6,108.9,1
261,-1,1272,438,183.6,347.4,1
261,-1,806,436,131.4,470.2,1
261,-1,666,454,61,182.9,1
261,-1,609,453,21.5,63.7,1
261,-1,406,460,40.2,109.7,1
261,-1,1113,440,44,122.7,1
261,-1,585,461,22.1,62.3,0.999
261,-1,370,451,42.6,103.3,0.998
261,-1,571,460,22.4,63,0.997
261,-1,467,463,30.3,95.2,0.996
261,-1,598,432,20.4,46.4,0.992
261,-1,626,458,22.3,60,0.989
261,-1,554,456,22.1,64,0.982
261,-1,598,456,21.9,66.8,0.872
262,-1,424,470,29,89.2,1
262,-1,604,459,23,60.7,1
262,-1,943,384,172.8,665.9,1
262,-1,510,454,32.5,113.7,1
262,-1,721,477,55.6,111.1,1
262,-1,1297,435,140.5,369,1
262,-1,408,463,42,114.9,1
262,-1,669,463,56.2,173.9,1
262,-1,805,441,139.6,489.2,1
262,-1,1116,443,40.3,118.8,1
262,-1,1662,399,270.5,376.7,0.999
262,-1,583,458,23.3,62.9,0.998
262,-1,630,459,20.5,62.1,0.997
262,-1,372,454,43.2,103,0.994
262,-1,566,457,21.3,61,0.991
262,-1,598,432,20.6,46.6,0.991
262,-1,464,460,30.6,97.7,0.969
262,-1,545,457,23.9,61.4,0.959
263,-1,514,451,33,109.5,1
263,-1,1668,405,247.1,376.4,1
263,-1,724,483,50.2,111.8,1
263,-1,951,412,158,627.2,1
263,-1,421,464,35.6,91,1
263,-1,811,432,134.7,478.2,1
263,-1,1294,448,47.4,103.2,1
263,-1,1305,423,147,397.9,1
263,-1,669,453,58.3,187.2,1
263,-1,366,446,42.6,107.6,1
263,-1,404,462,40.1,112.4,1
263,-1,1094,441,38.4,104.4,0.999
263,-1,589,457,25.5,68,0.999
263,-1,607,458,22,63.5,0.999
263,-1,1115,438,40.6,117.7,0.999
263,-1,571,458,21.1,63.6,0.998
263,-1,463,459,33.7,98.1,0.997
263,-1,594,431,21.8,45.8,0.994
263,-1,627,458,22.4,61.8,0.992
263,-1,546,454,24.4,65.3,0.978
263,-1,1151,447,38.2,92.8,0.583
264,-1,510,452,33.5,109.7,1
264,-1,727,481,49,116.7,1
264,-1,945,394,173.6,670.1,1
264,-1,418,460,35.5,91.5,1
264,-1,1114,444,42.2,104.8,1
264,-1,1326,438,125.1,351,1
264,-1,808,442,130.1,486.9,1
264,-1,673,456,62.4,182.5,1
264,-1,369,445,48.9,109,0.999
264,-1,605,455,23.8,67.6,0.999
264,-1,1295,449,43.8,104.9,0.999
264,-1,1656,415,252.1,352.8,0.999
264,-1,583,457,23.6,63.8,0.999
264,-1,571,461,20.6,62.7,0.998
264,-1,396,461,44.8,111.1,0.998
264,-1,465,466,30.9,91.6,0.992
264,-1,603,434,19.2,42.7,0.988
264,-1,594,434,17.2,40.5,0.986
264,-1,548,456,24.5,68.7,0.982
264,-1,629,458,21.5,60.9,0.968
264,-1,659,461,24.4,73.6,0.964
264,-1,783,460,19,56.3,0.7
264,-1,534,454,25.6,63.6,0.449
265,-1,952,390,170.2,659.4,1
265,-1,1330,446,117.1,356.8,1
265,-1,426,470,27.8,84.9,1
265,-1,401,459,47.5,113.3,1
265,-1,723,487,52.2,103.5,1
265,-1,821,430,127.5,491.7,1
265,-1,669,450,66.8,185.2,1
265,-1,514,457,33.4,109.2,1
265,-1,1300,448,40.4,105.3,1
265,-1,1118,446,45.6,111.1,1
265,-1,576,456,24.4,66.1,0.999
265,-1,1650,418,263.9,352.8,0.999
265,-1,371,454,44,94.8,0.999
265,-1,606,457,23.4,66.1,0.998
265,-1,606,431,17.9,36.8,0.997
265,-1,560,462,20.8,62.2,0.99
265,-1,594,430,22.6,46.6,0.986
265,-1,593,459,24.3,60.9,0.985
265,-1,546,455,23.5,62.6,0.977
265,-1,628,457,22.9,62.5,0.958
265,-1,462,458,33.8,100.8,0.907
265,-1,783,459,22.9,62.1,0.748
266,-1,400,462,40.6,110.2,1
266,-1,945,380,164.1,650.4,1
266,-1,583,461,22.7,62.3,1
266,-1,1338,427,141.8,375,1
266,-1,512,455,35.8,106.1,1
266,-1,821,428,127.3,494.9,1
266,-1,674,450,60.4,190.3,1
266,-1,721,483,56.6,106.9,1
266,-1,1118,451,38,99.1,1
266,-1,370,450,46.2,100.7,1
266,-1,659,464,25.4,70.1,0.999
266,-1,608,459,21.9,59.9,0.998
266,-1,1300,443,41.2,112.1,0.997
266,-1,561,463,20.2,60.7,0.996
266,-1,1671,400,209.3,369.7,0.996
266,-1,630,456,23.6,64.3,0.991
266,-1,606,431,17.3,37.9,0.989
266,-1,594,432,18.8,44.7,0.981
266,-1,461,462,32.1,94.6,0.98
266,-1,1092,440,39.3,115.5,0.974
266,-1,593,456,24.8,58.8,0.974
266,-1,549,455,23.7,64.5,0.941
266,-1,429,458,30.3,87.1,0.526
267,-1,955,406,155.6,645.5,1
267,-1,1328,414,158.2,380.2,1
267,-1,660,465,24.6,66.4,1
267,-1,733,484,44.6,111.1,1
267,-1,821,438,130,480.6,1
267,-1,1118,445,41.1,108.7,1
267,-1,415,462,29.7,82.5,1
267,-1,512,452,32.7,112,1
267,-1,609,462,19.7,56.7,0.999
267,-1,1303,444,43.9,111,0.999
267,-1,1638,431,226.6,336.4,0.999
267,-1,575,454,24.9,67.3,0.999
267,-1,679,450,60.4,183.9,0.999
267,-1,605,434,17.5,36,0.997
267,-1,561,464,20.1,59.5,0.997
267,-1,371,451,43.8,98.3,0.996
267,-1,1100,442,35.3,99.3,0.995
267,-1,398,463,40.2,105.1,0.994
267,-1,590,460,22.2,62.5,0.991
267,-1,465,454,33.8,105.6,0.985
267,-1,594,431,22.7,47.4,0.98
267,-1,545,458,23.1,62.2,0.977
267,-1,635,458,21.5,57.5,0.974
267,-1,622,460,22.1,61,0.628
267,-1,1093,434,55.3,151.4,0.44
268,-1,1121,443,43.1,110.4,1
268,-1,682,455,57.1,180.4,1
268,-1,811,419,131,497.8,1
268,-1,514,454,29.9,108.1,1
268,-1,959,409,168.2,641,1
268,-1,1354,433,131.7,389.8,1
268,-1,728,482,46.6,111.8,1
268,-1,416,461,27.7,79.6,1
268,-1,400,460,44,112.9,1
268,-1,576,456,22.4,63.1,0.999
268,-1,1636,425,209.8,346.7,0.999
268,-1,660,467,25.6,68.8,0.999
268,-1,589,457,23.2,61.3,0.998
268,-1,611,462,21.5,58.6,0.998
268,-1,606,437,17.8,36.4,0.997
268,-1,371,457,42.6,99.3,0.996
268,-1,1302,436,42.3,113.6,0.994
268,-1,559,461,22.8,61.9,0.993
268,-1,635,458,22.8,60.5,0.982
268,-1,594,432,21.3,44.9,0.975
268,-1,462,470,29.9,91.1,0.968
268,-1,548,455,22.6,61.8,0.907
268,-1,785,439,24.7,86.4,0.876
268,-1,429,458,33,94.8,0.496
269,-1,1365,453,145.5,387.7,1
269,-1,371,445,43.5,101.8,1
269,-1,684,441,59.1,199.5,1
269,-1,962,381,161.3,682,1
269,-1,511,454,34.2,106.6,1
269,-1,406,465,32.2,85.6,1
269,-1,582,459,23.4,65.3,1
269,-1,804,423,145.8,512.6,1
269,-1,1638,401,176.6,356.9,0.999
269,-1,1121,448,40.6,105.8,0.999
269,-1,1302,447,44.9,102.4,0.999
269,-1,728,481,54.3,105.7,0.999
269,-1,609,461,20.8,58.3,0.997
269,-1,563,462,19.8,57.5,0.996
269,-1,657,465,26.7,70.5,0.994
269,-1,601,435,20.2,43.8,0.99
269,-1,632,457,21.7,59.6,0.99
269,-1,596,458,23,55.1,0.983
269,-1,785,445,26.2,87,0.962
269,-1,465,462,33.4,101.1,0.944
269,-1,547,455,22.3,62.1,0.866
270,-1,414,461,31.6,82.5,1
270,-1,1345,423,189.1,404.5,1
270,-1,1121,447,40.5,114.5,1
270,-1,511,454,31.6,112.4,1
270,-1,816,432,128.3,501.6,1
270,-1,689,445,60.3,192.2,1
270,-1,1631,419,166.8,331.5,1
270,-1,950,409,170.9,627.2,1
270,-1,397,465,42.3,102,1
270,-1,370,451,43.2,96.7,1
270,-1,732,486,44.5,104.5,0.999
270,-1,578,459,21.2,60.8,0.999
270,-1,1303,440,45.8,110.6,0.999
270,-1,611,461,18.7,57,0.999
270,-1,605,434,18.3,38.1,0.998
270,-1,657,467,28.3,69.1,0.997
270,-1,553,459,21.7,66,0.996
270,-1,589,458,24.1,57.8,0.994
270,-1,636,461,22.4,59.4,0.992
270,-1,595,432,21.5,46.3,0.984
270,-1,459,463,30.2,102,0.978
270,-1,565,458,20.5,66.1,0.973
270,-1,785,449,26.2,82.7,0.958
270,-1,538,458,21.9,58.5,0.72
271,-1,1346,440,199.9,378.7,1
271,-1,394,462,44,112.2,1
271,-1,1123,443,42.9,115.5,1
271,-1,824,422,133.6,505.3,1
271,-1,949,410,170.3,642.6,1
271,-1,1637,419,130.4,348.1,1
271,-1,685,437,60,212.3,1
271,-1,513,456,34,107.1,1
271,-1,583,462,21.9,58.6,0.999
271,-1,656,465,28.7,67.4,0.999
271,-1,637,460,23.4,62.6,0.998
271,-1,611,462,21.1,56.9,0.997
271,-1,1307,444,45.5,108,0.996
271,-1,606,436,17.8,37,0.995
271,-1,459,469,33,96.2,0.993
271,-1,560,460,21,61.6,0.992
271,-1,594,455,22.5,65,0.99
271,-1,366,453,43.8,100.3,0.99
271,-1,732,479,44.8,107.6,0.977
271,-1,785,447,24.2,81.2,0.827
271,-1,549,457,21,57.8,0.676
271,-1,536,453,22.4,61.1,0.599
271,-1,808,468,27.6,72.2,0.419
272,-1,972,421,166,599.9,1
272,-1,688,432,59.4,215.8,1
272,-1,659,464,27.6,72.5,1
272,-1,1365,409,178.4,425.1,1
272,-1,814,442,141.9,500.8,1
272,-1,512,455,32.2,112.4,1
272,-1,414,464,30.3,82.5,1
272,-1,394,461,42.7,101.4,1
272,-1,1638,416,102,319.2,0.999
272,-1,582,460,23.9,57.9,0.999
272,-1,1125,441,39,115,0.999
272,-1,596,461,22.1,55.4,0.997
272,-1,610,459,21.2,55.7,0.995
272,-1,560,459,21.2,63.2,0.995
272,-1,641,459,21.5,59.5,0.991
272,-1,729,483,42,103.6,0.988
272,-1,607,435,18.3,39.4,0.987
272,-1,1311,443,46.7,103.1,0.986
272,-1,460,467,33.3,96.8,0.976
272,-1,371,450,44.5,105.3,0.967
272,-1,596,431,19.3,48.2,0.967
272,-1,949,472,39.1,97.9,0.845
272,-1,538,455,21.4,58.4,0.785
272,-1,1157,439,36.4,100.4,0.556
273,-1,392,462,44.6,104.8,1
273,-1,698,448,60.1,196.4,1
273,-1,969,404,163.8,630.2,1
273,-1,578,459,21.2,60.5,1
273,-1,1372,415,185.9,411.5,1
273,-1,1615,409,122.9,340.8,1
273,-1,512,457,31.7,109.1,1
273,-1,660,464,27.3,72.3,1
273,-1,813,417,140.8,508.2,1
273,-1,596,461,20.9,56.3,0.998
273,-1,611,459,21.2,59,0.998
273,-1,1314,444,46.9,110.4,0.998
273,-1,1132,447,41.8,106.4,0.996
273,-1,563,458,18.6,62.6,0.995
273,-1,607,431,20.1,43.6,0.994
273,-1,641,457,21.3,59.2,0.991
273,-1,728,469,62.2,126.2,0.99
273,-1,459,468,32.5,94.4,0.986
273,-1,595,433,19.7,48.2,0.981
273,-1,421,468,32.7,89.4,0.979
273,-1,371,451,43.6,105.2,0.969
273,-1,535,461,19.7,53.9,0.736
273,-1,674,475,45.8,126.4,0.653
273,-1,546,461,20.1,56.7,0.527
274,-1,982,387,146.4,626.6,1
274,-1,697,452,67,185.4,1
274,-1,513,454,34.2,113.6,1
274,-1,576,455,23.1,67.5,1
274,-1,1359,440,222.4,404.5,1
274,-1,1596,431,145.6,311.6,1
274,-1,815,442,141.1,491.3,1
274,-1,416,461,29.3,84.6,1
274,-1,389,461,45.8,106.6,1
274,-1,565,461,21.3,62.5,0.999
274,-1,655,461,26.7,73.8,0.999
274,-1,370,451,41.7,98,0.998
274,-1,1318,446,45.1,112.2,0.997
274,-1,1131,445,38.3,110.6,0.996
274,-1,596,459,21.7,55.4,0.996
274,-1,611,458,22.2,56.8,0.996
274,-1,458,465,32.4,94.2,0.993
274,-1,607,430,21.7,48,0.992
274,-1,637,460,21.8,62.1,0.991
274,-1,554,458,22.1,65.2,0.987
274,-1,595,433,19.6,47.8,0.972
274,-1,674,481,46,116.8,0.893
274,-1,1106,447,46.3,89.8,0.882
274,-1,539,459,20.6,57.6,0.691
275,-1,1378,417,167.8,400,1
275,-1,393,460,42.3,119,1
275,-1,815,439,152.2,499.3,1
275,-1,578,455,22.5,64.7,1
275,-1,979,416,157.5,629.6,1
275,-1,696,436,69.5,205.6,1
275,-1,511,460,28.8,103.5,1
275,-1,1591,427,128.9,315.3,1
275,-1,559,460,22,61.5,0.999
275,-1,614,457,23.2,58,0.998
275,-1,1130,442,40.3,111.3,0.997
275,-1,657,466,26.8,69.1,0.997
275,-1,592,459,23.1,57.1,0.995
275,-1,1311,449,45.6,109.8,0.989
275,-1,640,463,19.3,56.9,0.986
275,-1,371,454,43,100.9,0.976
275,-1,420,468,33.2,89.9,0.969
275,-1,609,433,20.4,46.5,0.965
275,-1,536,454,21.5,59.6,0.959
275,-1,456,467,35.2,96.4,0.85
275,-1,597,438,20.3,42.8,0.738
275,-1,603,456,22.9,68.4,0.641
276,-1,511,455,31.3,108.7,1
276,-1,1379,410,183.4,418.1,1
276,-1,816,439,149,487.3,1
276,-1,659,465,26.6,68,1
276,-1,413,464,29.7,83.8,1
276,-1,700,440,67.7,198,1
276,-1,968,411,156.4,615.6,1
276,-1,1547,417,183.1,318,1
276,-1,393,459,43.4,108.6,1
276,-1,580,458,24.4,58.6,0.999
276,-1,613,463,19.7,53.9,0.998
276,-1,642,459,18.1,63.4,0.998
276,-1,560,461,23.5,64.2,0.997
276,-1,597,462,22.5,55.7,0.996
276,-1,1322,445,46.1,103.2,0.993
276,-1,1133,444,40.3,112.2,0.992
276,-1,608,433,20.6,47.1,0.983
276,-1,1113,447,39.6,112.5,0.964
276,-1,537,457,20.8,57.5,0.96
276,-1,595,436,21,45.7,0.866
276,-1,460,464,29.7,89.3,0.779
276,-1,1301,443,40.2,101.2,0.773
276,-1,426,461,34.1,92.4,0.766
276,-1,676,489,47.7,107.7,0.736
277,-1,1548,413,170.6,343.4,1
277,-1,511,457,34.9,107.5,1
277,-1,563,455,20.1,64.9,1
277,-1,823,416,131.9,509.8,1
277,-1,638,456,23.2,63.3,1
277,-1,1381,430,195.6,398,1
277,-1,962,403,179.5,632,1
277,-1,710,444,74.3,199.5,1
277,-1,407,456,33.1,87.9,1
277,-1,389,462,46.2,109.5,1
277,-1,580,458,22.3,59.8,0.999
277,-1,657,465,26.9,70.9,0.999
277,-1,1324,447,47.3,102.9,0.999
277,-1,677,487,46.9,110,0.999
277,-1,598,460,22.4,54.7,0.995
277,-1,619,464,19.1,54.5,0.994
277,-1,606,431,21.5,48.3,0.989
277,-1,1152,442,35.3,88.2,0.975
277,-1,1135,439,43.5,114.7,0.974
277,-1,1300,440,40.1,103.8,0.974
277,-1,594,433,18.7,45.3,0.806
277,-1,422,463,35.9,95.6,0.775
277,-1,461,467,27.9,83.7,0.719
277,-1,936,474,40.2,95.8,0.623
278,-1,512,452,31.4,109.3,1
278,-1,559,461,23.6,63.9,1
278,-1,1527,423,187.3,324.3,1
278,-1,823,420,147.1,517.2,1
278,-1,705,440,77.8,207.5,1
278,-1,1397,418,190.8,411.5,1
278,-1,414,466,35.7,87.9,1
278,-1,979,403,167.3,649.4,1
278,-1,674,485,48.2,116.7,1
278,-1,392,462,40.7,109.9,1
278,-1,640,458,25,65.4,0.999
278,-1,620,465,16.8,52.8,0.999
278,-1,582,461,21.9,58.9,0.998
278,-1,658,460,26,71.1,0.997
278,-1,599,462,20.9,52.6,0.996
278,-1,1321,451,42.2,111,0.995
278,-1,599,437,21.2,46.2,0.989
278,-1,1135,442,39.6,109,0.981
278,-1,1301,435,44,109.4,0.977
278,-1,534,458,23,57.5,0.974
278,-1,370,451,45.9,109.5,0.919
278,-1,455,465,30.7,99.4,0.795
278,-1,548,454,23.5,64.5,0.403
279,-1,507,449,34.1,115.3,1
279,-1,980,400,175.2,595.7,1
279,-1,714,453,78.9,189.5,1
279,-1,389,462,47,113.7,1
279,-1,1408,444,157.6,364.5,1
279,-1,1534,415,176,352.3,1
279,-1,675,490,51.6,107.1,1
279,-1,559,461,23.7,64.5,0.999
279,-1,824,433,129.5,504.1,0.999
279,-1,657,464,26.5,71.7,0.999
279,-1,582,460,21.4,59.2,0.998
279,-1,619,461,20,55.8,0.997
279,-1,594,457,24.8,59.2,0.995
279,-1,645,457,22.1,64.7,0.994
279,-1,1330,444,47,109.1,0.992
279,-1,1138,447,39.4,102.9,0.988
279,-1,1299,435,38.2,110.9,0.985
279,-1,606,431,21,47.5,0.98
279,-1,453,461,31.2,95.9,0.978
279,-1,533,457,22.8,61.6,0.976
279,-1,420,473,33.7,87.9,0.917
279,-1,595,434,17.8,42.9,0.901
280,-1,985,416,155.9,580.4,1
280,-1,513,453,28.4,108.2,1
280,-1,677,492,46.5,107,1
280,-1,1421,428,170.3,412.7,1
280,-1,1532,431,165.2,327.8,1
280,-1,833,443,151.2,495.8,1
280,-1,391,462,44.4,110,1
280,-1,713,450,90.3,190.2,1
280,-1,598,460,21.3,53.5,0.999
280,-1,1331,444,44.9,107.9,0.999
280,-1,563,454,20.3,66.5,0.998
280,-1,581,460,21.2,61.3,0.998
280,-1,657,462,26.8,74,0.998
280,-1,618,463,19.1,55,0.995
280,-1,1138,441,42.1,116.9,0.985
280,-1,644,460,20.2,62.5,0.977
280,-1,598,437,20.8,44.8,0.974
280,-1,533,455,23.8,61.2,0.945
280,-1,420,472,34.4,91.4,0.892
280,-1,1297,423,45.9,127.4,0.734
280,-1,456,468,28.8,90.1,0.55
281,-1,988,394,156.4,602,1
281,-1,661,464,26.7,74.6,1
281,-1,509,454,32.8,109,1
281,-1,1417,436,179.9,409.5,1
281,-1,713,444,85.8,206.7,1
281,-1,408,456,31.6,89.5,1
281,-1,833,419,148.5,508.9,1
281,-1,675,489,50.9,108.5,1
281,-1,388,459,50.6,119.1,1
281,-1,1144,444,38.5,105.8,0.999
281,-1,1514,423,162.1,338.1,0.999
281,-1,1338,446,41.5,104.7,0.999
281,-1,563,460,20,63.3,0.999
281,-1,594,459,23.4,54.5,0.999
281,-1,620,458,20.6,59.5,0.997
281,-1,578,456,23.5,64.8,0.997
281,-1,598,437,22.1,45.6,0.983
281,-1,645,462,20.6,62.8,0.98
281,-1,534,458,23.6,57.2,0.965
281,-1,453,465,32.8,99.1,0.93
281,-1,972,451,28.8,78.1,0.92
281,-1,809,464,34,73.8,0.891
281,-1,422,468,37.4,87.9,0.79
281,-1,551,457,19.5,60,0.595
281,-1,1297,430,42.9,123.6,0.488
282,-1,996,405,140.3,649.5,1
282,-1,400,465,38.4,86.2,1
282,-1,1429,427,145.6,394.8,1
282,-1,674,494,46.7,105.7,1
282,-1,719,452,91,190.9,1
282,-1,511,453,34,112.2,1
282,-1,822,444,158.7,486.5,1
282,-1,1145,445,40,107.2,1
282,-1,973,446,38.8,113.2,1
282,-1,594,461,23,53.3,0.999
282,-1,561,459,20,62.8,0.999
282,-1,622,463,19.5,57.6,0.999
282,-1,1519,436,167.6,328.2,0.999
282,-1,580,458,22.2,64.7,0.999
282,-1,1338,448,37.5,101.7,0.999
282,-1,655,457,27.8,80.7,0.998
282,-1,379,461,40.5,107.7,0.982
282,-1,597,437,21.3,45.3,0.976
282,-1,534,459,24.3,59.3,0.957
282,-1,452,460,32.8,97.9,0.952
282,-1,420,473,34,88.7,0.908
282,-1,1300,430,42,115.7,0.875
282,-1,549,455,21.5,66.2,0.597
282,-1,804,460,35.6,87.2,0.416
283,-1,680,488,49.3,114.3,1
283,-1,981,411,166.2,628.2,1
283,-1,512,453,32.8,108.6,1
283,-1,409,461,31.9,86.9,1
283,-1,1446,419,132.1,429,1
283,-1,1143,444,38.9,108.6,1
283,-1,659,460,26.2,76.1,1
283,-1,823,437,164.2,502.6,1
283,-1,720,449,91.9,195.8,1
283,-1,386,466,41.9,94.1,1
283,-1,581,459,23,60.3,0.999
283,-1,561,463,21,59.2,0.999
283,-1,600,454,23.3,58.9,0.999
283,-1,622,463,19.6,54.9,0.999
283,-1,1337,445,41.7,104.9,0.999
283,-1,1530,418,122.6,317.3,0.983
283,-1,596,434,21.7,44.7,0.958
283,-1,536,456,23.2,62.3,0.894
283,-1,456,454,31.6,100.5,0.834
283,-1,421,472,38.3,89.4,0.829
283,-1,367,449,36.5,98.4,0.449
284,-1,1465,431,139.2,400.2,1
284,-1,979,448,37,113.9,1
284,-1,836,428,165.1,503.3,1
284,-1,407,462,33.6,91,1
284,-1,511,450,33.4,113.3,1
284,-1,1344,446,42.3,102.2,1
284,-1,982,391,156.9,657.9,1
284,-1,386,464,45.3,107.7,1
284,-1,716,449,90.6,201.7,1
284,-1,677,489,48.6,115.3,1
284,-1,597,460,23.2,56.4,0.999
284,-1,659,463,25.5,72.7,0.999
284,-1,582,456,22.2,68.7,0.999
284,-1,621,458,20.3,58.2,0.998
284,-1,560,463,23.1,62.3,0.997
284,-1,1146,439,39.6,112.6,0.996
284,-1,813,448,25.1,80.9,0.964
284,-1,599,440,19.7,37.5,0.95
284,-1,450,456,34.5,100.9,0.935
284,-1,1131,464,39.7,125.2,0.93
284,-1,536,457,23,57.9,0.928
284,-1,370,449,37.9,98.6,0.676
284,-1,645,456,27,65.7,0.519
285,-1,384,461,46.3,114.3,1
285,-1,1095,448,40.8,95.1,1
285,-1,674,484,50.5,113.4,1
285,-1,1482,425,123.3,409.7,1
285,-1,718,448,96.8,188.8,1
285,-1,509,452,32.9,112.1,1
285,-1,989,416,167.6,620.3,1
285,-1,823,422,173,512.1,1
285,-1,655,464,23.3,67.8,0.999
285,-1,1147,443,41.6,112.8,0.999
285,-1,1343,447,42.8,101.1,0.999
285,-1,618,459,22,61.3,0.999
285,-1,581,458,22.6,62.3,0.999
285,-1,560,463,18.2,60.9,0.996
285,-1,597,461,21.9,51.4,0.996
285,-1,415,465,39.5,96.5,0.99
285,-1,598,440,20.3,39.2,0.982
285,-1,803,468,31.7,77.7,0.942
285,-1,454,458,33.8,97.9,0.925
285,-1,536,456,22.2,60.9,0.781
285,-1,366,451,38.6,95.9,0.681
286,-1,1095,445,41.4,96.3,1
286,-1,1494,443,162.5,409.3,1
286,-1,996,407,153.4,635.3,1
286,-1,844,440,153.8,505,1
286,-1,1149,439,42.1,116.1,1
286,-1,660,462,28.9,71.9,1
286,-1,411,462,25.4,76.2,1
286,-1,413,462,38.8,98,1
286,-1,675,489,53.2,114.4,1
286,-1,726,438,78.9,210.9,1
286,-1,506,455,36.2,110.1,1
286,-1,390,467,39.1,88.7,1
286,-1,1347,443,42.3,111.3,0.999
286,-1,596,461,22.7,56.2,0.999
286,-1,581,457,22.3,61.4,0.999
286,-1,560,462,20.8,57,0.999
286,-1,620,460,19.9,58.5,0.999
286,-1,813,456,32.8,85.5,0.992
286,-1,598,438,21,41.3,0.982
286,-1,455,458,29.5,93.8,0.98
286,-1,537,458,22.6,58.8,0.942
286,-1,370,458,43.9,101.9,0.883
286,-1,1300,439,41.8,106.5,0.756
287,-1,1094,440,41,103.4,1
287,-1,981,446,32.6,96.2,1
287,-1,1489,431,192.8,409.2,1
287,-1,384,455,48.1,122,1
287,-1,619,458,21.4,61.3,1
287,-1,997,414,161.4,636.9,1
287,-1,730,446,77.5,205.2,1
287,-1,509,447,30.3,117.3,1
287,-1,840,434,171.5,495.5,1
287,-1,677,494,51.8,105.3,1
287,-1,1146,444,42.4,111.4,0.999
287,-1,813,454,32.2,87,0.999
287,-1,596,457,24.6,59,0.998
287,-1,580,458,23.8,60.2,0.998
287,-1,1347,446,42.3,104,0.998
287,-1,557,460,23.7,61.5,0.997
287,-1,660,459,24.9,74.8,0.994
287,-1,451,457,32.2,94.1,0.967
287,-1,415,470,40,94.8,0.832
287,-1,535,454,22.6,64.1,0.758
287,-1,1305,437,42,112.1,0.402
288,-1,677,496,47.3,100.4,1
288,-1,1004,410,148.4,611.3,1
288,-1,1149,443,39,109.7,1
288,-1,408,463,26.9,75.3,1
288,-1,1350,449,43.8,105.3,1
288,-1,976,452,31.9,106.1,1
288,-1,1502,455,200.5,381.8,1
288,-1,511,449,31.1,114.3,1
288,-1,840,467,46.1,99,1
288,-1,723,445,89.8,196.7,1
288,-1,837,422,156.8,523.5,1
288,-1,388,465,39.5,99.1,1
288,-1,656,462,29.8,73.6,0.999
288,-1,559,460,20.1,60.6,0.999
288,-1,620,462,21.6,60.6,0.999
288,-1,577,459,23.2,63.3,0.999
288,-1,408,468,41.3,95,0.998
288,-1,818,450,28.8,75.9,0.994
288,-1,595,460,23.7,55.8,0.993
288,-1,595,439,18.1,40.6,0.988
288,-1,532,456,25,67.4,0.969
288,-1,453,462,33.9,98.5,0.909
288,-1,1299,433,45.7,113,0.848
288,-1,804,473,30.9,70.7,0.79
289,-1,397,462,36.8,91.4,1
289,-1,678,492,48,104.7,1
289,-1,1479,432,232.8,419.8,1
289,-1,511,450,31.9,111.6,1
289,-1,1005,422,136.6,614.9,1
289,-1,845,412,171.5,545.8,1
289,-1,733,440,76.5,207.1,1
289,-1,659,464,27.6,69.2,1
289,-1,1153,447,41.2,100.9,1
289,-1,1352,446,44.3,113,0.999
289,-1,559,463,19.1,57.5,0.999
289,-1,581,459,22.8,61.8,0.999
289,-1,599,458,23.7,57.5,0.998
289,-1,619,461,23.4,59,0.998
289,-1,1130,451,36.9,106.6,0.992
289,-1,594,440,17.3,39.5,0.982
289,-1,533,454,25,68.6,0.977
289,-1,808,463,37.2,82.4,0.951
289,-1,375,457,40.4,96.1,0.936
289,-1,454,461,27.5,92.9,0.905
289,-1,417,475,38.9,93.6,0.761
289,-1,1294,433,43.9,118.9,0.698
290,-1,1001,402,160.8,632,1
290,-1,679,496,46.7,99.1,1
290,-1,382,461,42.2,106.6,1
290,-1,831,417,184.5,525.6,1
290,-1,1353,448,47.5,105.7,1
290,-1,735,438,72.2,211.3,1
290,-1,1509,439,213.6,427.7,1
290,-1,1153,437,39.7,113.5,1
290,-1,660,464,26.3,75.5,1
290,-1,511,458,33.2,102.7,0.999
290,-1,580,457,22.6,60.9,0.999
290,-1,411,466,40.1,99.4,0.998
290,-1,1436,423,132.6,297.7,0.998
290,-1,621,459,22.2,61.8,0.998
290,-1,597,461,22.3,56.5,0.997
290,-1,556,459,22.8,65.2,0.983
290,-1,814,463,27.2,75.9,0.958
290,-1,597,440,17.4,40.2,0.862
290,-1,448,455,31.5,105.2,0.769
290,-1,533,454,24.2,65.3,0.682
290,-1,648,454,24.1,76.5,0.557
290,-1,1305,436,44,112.2,0.539
291,-1,405,467,30.7,80.6,1
291,-1,1151,439,41.1,111.8,1
291,-1,1093,429,43.2,121.1,1
291,-1,1351,444,47.5,112,1
291,-1,844,428,167,524.9,1
291,-1,675,487,52.1,116.6,1
291,-1,742,440,66,215.1,1
291,-1,1015,410,158.4,608.5,1
291,-1,509,453,32.3,105.5,1
291,-1,657,460,27.8,75.6,1
291,-1,385,464,43.2,106.8,1
291,-1,1499,418,231.9,433.4,0.999
291,-1,1423,411,150.3,303,0.999
291,-1,582,458,21.6,61.9,0.999
291,-1,560,460,18.2,61,0.998
291,-1,596,457,24,54.7,0.998
291,-1,622,463,21.1,60.7,0.996
291,-1,415,472,37,88.7,0.995
291,-1,536,461,21.9,58.6,0.863
291,-1,820,462,26.4,74.6,0.755
291,-1,1299,434,45.1,112.7,0.611
291,-1,449,456,30.7,105.2,0.604
291,-1,372,449,31.1,83.3,0.458
292,-1,978,448,35.8,114.5,1
292,-1,681,489,47.2,106,1
292,-1,413,470,32,85.4,1
292,-1,855,422,155.6,512.7,1
292,-1,384,456,48.6,119.2,1
292,-1,994,432,159.8,601.1,1
292,-1,750,438,63.2,207.8,1
292,-1,510,457,34.8,108,1
292,-1,656,460,25.2,77.2,1
292,-1,1157,446,43.4,106,1
292,-1,558,459,22.2,63.9,0.999
292,-1,582,459,22.2,59.5,0.999
292,-1,1480,438,281.3,437.8,0.999
292,-1,597,462,24.4,55.2,0.997
292,-1,1358,442,51.2,111.5,0.997
292,-1,622,461,21.1,60.1,0.996
292,-1,1403,411,151.6,302.1,0.994
292,-1,815,469,27.6,63.1,0.993
292,-1,594,440,19.6,45.4,0.988
292,-1,828,468,42.4,73.8,0.985
292,-1,534,454,23.1,66.4,0.968
292,-1,1297,429,45.7,115.8,0.546
293,-1,407,463,29.1,83.8,1
293,-1,1017,413,137.3,605.1,1
293,-1,679,486,49,107.3,1
293,-1,978,446,36.2,105.7,1
293,-1,855,423,156.5,521.5,1
293,-1,511,450,34.1,113.5,1
293,-1,384,467,43.8,100.2,1
293,-1,744,448,70,203.2,1
293,-1,658,459,27.9,74.6,1
293,-1,1155,444,45,108.8,1
293,-1,1507,441,235.6,416.2,0.999
293,-1,559,459,19.1,64.5,0.999
293,-1,1416,413,126.3,300.6,0.999
293,-1,578,461,21.2,56.6,0.998
293,-1,595,460,24.4,56.6,0.998
293,-1,1354,441,52.6,111.9,0.994
293,-1,595,438,17.9,42.7,0.992
293,-1,1001,456,28.5,67.8,0.991
293,-1,414,470,39.6,93,0.99
293,-1,815,464,25.4,65.7,0.98
293,-1,621,463,21.5,58.5,0.966
293,-1,832,468,42.9,72.6,0.964
293,-1,540,457,21.5,61.5,0.815
293,-1,1298,432,46.1,115.6,0.681
293,-1,371,457,27.6,72.6,0.555
294,-1,975,449,30,86.2,1
294,-1,1410,418,135,291.5,1
294,-1,384,455,47.5,117.5,1
294,-1,559,459,20.1,65.6,1
294,-1,995,410,153.5,613.4,1
294,-1,1507,446,250.2,420.8,1
294,-1,511,457,33.2,108.2,1
294,-1,861,423,158.6,501.6,1
294,-1,830,474,53.4,73.7,1
294,-1,756,443,65.4,205.7,1
294,-1,671,496,57.9,106.2,1
294,-1,659,460,25,69.8,1
294,-1,1158,445,44.1,106,1
294,-1,1364,445,45.7,107.3,0.999
294,-1,577,457,21.8,61.7,0.999
294,-1,411,463,46.8,103.3,0.998
294,-1,597,460,24,52.5,0.998
294,-1,621,461,21.4,60.1,0.988
294,-1,593,437,23.6,46.8,0.981
294,-1,724,482,57.8,113.2,0.934
294,-1,540,458,22.5,62.8,0.896
295,-1,983,446,35.6,112,1
295,-1,830,470,56.7,79.3,1
295,-1,850,438,165.3,500.8,1
295,-1,1162,443,40.4,109.6,1
295,-1,1003,406,161.2,631.8,1
295,-1,759,441,64.8,193.9,1
295,-1,1524,406,228.5,439.3,1
295,-1,410,466,34.1,90.4,1
295,-1,559,461,19.3,63.6,1
295,-1,677,492,50.9,109.6,1
295,-1,597,461,23.8,54.7,1
295,-1,510,454,31.9,111.3,1
295,-1,386,464,41.6,108,1
295,-1,658,457,29.5,80.3,1
295,-1,581,460,21.2,59.5,0.999
295,-1,1366,444,47.8,110.8,0.999
295,-1,1413,410,131.7,316.5,0.998
295,-1,594,440,22.8,46.4,0.996
295,-1,727,480,57,120.3,0.995
295,-1,537,455,23.6,60.8,0.99
295,-1,622,462,20,56.9,0.976
295,-1,444,457,29.8,97.7,0.787
296,-1,999,408,148.3,651.9,1
296,-1,385,467,42.9,106.8,1
296,-1,1529,436,243.2,442.7,1
296,-1,673,496,48.2,108.7,1
296,-1,581,463,19.5,53.3,1
296,-1,560,458,19.6,65.3,1
296,-1,510,453,33.5,111,1
296,-1,856,421,168.2,524.4,1
296,-1,1163,443,41.1,107.8,1
296,-1,658,462,25.5,70.2,1
296,-1,596,463,21.9,51.8,0.999
296,-1,760,440,62.7,209.6,0.999
296,-1,407,466,46.6,101.2,0.999
296,-1,1371,448,44.4,108,0.998
296,-1,1389,423,164.9,296.9,0.998
296,-1,731,480,50.5,110.6,0.994
296,-1,831,460,41.2,80.5,0.993
296,-1,536,455,22.9,66.3,0.989
296,-1,627,460,20.4,63.3,0.987
296,-1,594,436,20.9,50.1,0.961
296,-1,447,458,29.7,91.7,0.768
296,-1,705,504,34.7,86.4,0.439
297,-1,408,468,33.2,86.9,1
297,-1,1009,414,152.1,633.6,1
297,-1,1559,412,194.5,462.3,1
297,-1,579,463,23.2,59.3,1
297,-1,385,465,43.1,110,1
297,-1,508,456,34.9,107.9,1
297,-1,866,422,161.7,514.3,1
297,-1,1400,409,134.8,304,1
297,-1,596,458,25.2,58.6,1
297,-1,832,474,51,78.1,1
297,-1,676,488,47.9,109.4,1
297,-1,1160,442,46.2,108.2,1
297,-1,761,444,62.6,201.9,1
297,-1,658,459,25.8,71.1,1
297,-1,1373,444,44.3,108.4,0.999
297,-1,717,479,58.9,128,0.999
297,-1,557,461,20.5,60.8,0.999
297,-1,629,458,21.4,63.1,0.984
297,-1,536,455,24.5,65.3,0.983
297,-1,416,473,42.3,96.7,0.961
297,-1,1297,421,52.1,127.7,0.609
298,-1,1094,435,41.6,110.5,1
298,-1,1553,427,192.9,436.3,1
298,-1,1016,408,159.2,635.9,1
298,-1,767,448,57.9,191.2,1
298,-1,580,459,21.6,60.8,1
298,-1,1394,425,116.2,287.5,1
298,-1,979,448,35.1,107.5,1
298,-1,875,421,137.7,506.1,1
298,-1,558,457,22,63.8,1
298,-1,404,458,35.2,87.9,1
298,-1,682,496,46.3,106.3,1
298,-1,831,461,44.8,77.9,1
298,-1,1164,442,44.1,105.2,1
298,-1,599,460,22.4,51.2,1
298,-1,381,467,45.2,106.4,1
298,-1,657,463,29.9,75.4,1
298,-1,509,453,31.9,111.6,1
298,-1,726,478,49.4,119.1,0.999
298,-1,625,457,22.3,64.5,0.983
298,-1,595,436,19.4,43.4,0.973
298,-1,536,455,22.9,62.9,0.907
298,-1,421,460,38.2,102.5,0.905
298,-1,1302,430,43.9,117.8,0.651
298,-1,856,472,35.3,81.4,0.633
298,-1,816,466,30.3,77.6,0.506
299,-1,1005,410,168,641.1,1
299,-1,868,424,164.5,508.5,1
299,-1,762,437,69.5,215.8,1
299,-1,1565,418,198,448,1
299,-1,1387,424,103.5,271.2,1
299,-1,594,456,22.6,56.8,1
299,-1,407,461,32.6,80.1,1
299,-1,380,468,46.9,101.3,1
299,-1,509,452,30.9,110,1
299,-1,680,491,49,107.9,1
299,-1,658,461,28.6,74.1,1
299,-1,1164,442,47.7,109.3,0.999
299,-1,835,476,51.2,73.6,0.999
299,-1,721,481,56.7,119,0.999
299,-1,561,460,19.4,62.8,0.999
299,-1,582,460,20,54.2,0.999
299,-1,626,459,21.1,59.3,0.987
299,-1,423,471,36.8,90.6,0.985
299,-1,538,457,23.6,63.4,0.978
299,-1,820,474,25.2,52.9,0.735
299,-1,1298,422,46.3,135.4,0.567
300,-1,1101,439,35.5,105.4,1
300,-1,406,461,31.9,84.6,1
300,-1,677,491,48,114.1,1
300,-1,1008,415,162.2,626.8,1
300,-1,1383,409,107.2,308.3,1
300,-1,1168,441,48.2,107.4,1
300,-1,1586,420,189.3,470.1,1
300,-1,870,421,156.9,522.2,1
300,-1,510,455,30,106.5,1
300,-1,595,458,23.7,58.3,1
300,-1,385,466,43.6,104.1,1
300,-1,834,462,45.8,80.4,1
300,-1,768,441,72.8,216.8,1
300,-1,413,475,39.3,93,1
300,-1,659,461,25.6,75.8,1
300,-1,581,465,20.5,51.9,0.999
300,-1,561,461,19.9,60.8,0.999
300,-1,728,476,49.5,116.5,0.998
300,-1,537,457,23.7,60.3,0.982
300,-1,629,458,21.8,62.6,0.965
300,-1,440,466,31.2,89.3,0.696
300,-1,1299,428,46.2,118.2,0.65
301,-1,408,466,33.3,86.3,1
301,-1,681,494,46.5,102,1
301,-1,880,407,145.8,532.4,1
301,-1,1018,416,146,608.1,1
301,-1,380,461,49.1,123,1
301,-1,734,482,49.2,114.8,1
301,-1,1376,415,97.3,297.3,1
301,-1,774,443,71.2,206,1
301,-1,1620,407,154.9,482.7,1
301,-1,660,461,28,73.6,1
301,-1,1172,445,48.8,102.4,1
301,-1,597,461,24,55,1
301,-1,510,454,33,111.3,0.999
301,-1,577,463,21.8,58.4,0.999
301,-1,562,463,19.1,58.9,0.999
301,-1,415,472,46.3,94.6,0.998
301,-1,832,475,55.7,78.1,0.995
301,-1,536,455,24.9,61.5,0.985
301,-1,627,461,23.1,65.1,0.971
301,-1,1298,425,44.8,116.6,0.969
301,-1,593,440,22.3,46,0.96
301,-1,1152,435,42.2,117,0.875
