1,1,1368,394,74,226,1,1,1
2,1,1366,394,75,229,1,1,1
3,1,1365,394,76,232,1,1,1
4,1,1363,394,77,235,1,1,1
5,1,1362,394,78,238,1,1,1
6,1,1360,394,79,241,1,1,1
7,1,1359,395,80,243,1,1,1
8,1,1357,395,81,246,1,1,1
9,1,1356,396,82,248,1,1,1
10,1,1359,399,80,246,1,1,1
11,1,1362,402,78,244,1,1,1
12,1,1364,399,82,251,1,1,1
13,1,1366,396,86,258,1,1,1
14,1,1367,396,87,261,1,1,1
15,1,1369,396,87,265,1,1,1
16,1,1370,396,88,268,1,1,1
17,1,1372,396,88,272,1,1,1
18,1,1369,400,86,271,1,1,1
19,1,1367,405,83,269,1,1,1
20,1,1364,410,81,267,1,1,1
21,1,1362,415,79,265,1,1,1
22,1,1351,412,82,272,1,1,1
23,1,1341,409,85,280,1,1,1
24,1,1330,406,89,287,1,1,1
25,1,1320,404,92,294,1,1,1
26,1,1307,404,92,297,1,1,1
27,1,1295,405,92,300,1,1,1
28,1,1282,405,92,303,1,1,1
29,1,1270,406,92,306,1,1,1
30,1,1260,414,92,299,1,1,1
31,1,1250,422,92,292,1,1,1
32,1,1249,415,93,306,1,1,1
33,1,1248,408,94,320,1,1,1
34,1,1244,408,95,323,1,1,1
35,1,1240,409,96,326,1,1,1
36,1,1236,409,97,329,1,1,1
37,1,1232,410,98,332,1,1,1
38,1,1228,416,101,323,1,1,1
39,1,1226,419,104,321,1,1,1
40,1,1224,421,110,319,1,1,1
41,1,1224,418,114,316,1,1,1
42,1,1223,411,114,329,1,1,1
43,1,1225,411,112,333,1,1,1
44,1,1221,408,115,341,1,1,1
45,1,1222,407,119,346,1,1,1
46,1,1218,404,120,350,1,1,1
47,1,1214,402,122,354,1,1,1
48,1,1223,401,111,360,1,1,1
49,1,1228,393,110,370,1,1,1
50,1,1237,395,104,371,1,1,1
51,1,1240,397,98,371,1,1,1
52,1,1237,391,105,381,1,1,1
53,1,1235,386,111,390,1,1,1
54,1,1235,386,110,395,1,1,1
55,1,1237,386,117,396,1,1,1
56,1,1240,386,124,397,1,1,1
57,1,1240,378,131,409,1,1,1
58,1,1245,388,128,414,1,1,1
59,1,1243,386,132,419,1,1,1
60,1,1253,384,125,425,1,1,1
61,1,1263,383,118,430,1,1,1
62,1,1265,378,132,444,1,1,1
63,1,1267,374,147,458,1,1,1
64,1,1269,370,162,472,1,1,1
65,1,1272,366,176,486,1,1,1
66,1,1284,365,184,489,1,1,1
67,1,1297,364,191,492,1,1,1
68,1,1309,363,199,495,1,1,1
69,1,1322,362,206,498,1,1,1
70,1,1335,362,214,501,1,1,1
71,1,1338,358,208,522,1,1,1
72,1,1342,354,201,544,1,1,1
73,1,1346,350,194,566,1,1,1
74,1,1361,349,189,572,1,1,1
75,1,1377,348,183,578,1,1,1
76,1,1392,347,179,584,1,1,1
77,1,1408,346,173,590,1,1,1
78,1,1424,345,168,596,1,1,1
79,1,1438,345,169,613,1,1,1
80,1,1452,345,171,630,1,1,1
81,1,1467,345,172,648,1,1,1
82,1,1479,343,190,667,1,1,1
83,1,1491,342,209,686,1,1,1
84,1,1503,340,228,705,1,1,1
85,1,1515,339,247,724,1,1,1
86,1,1528,338,265,743,1,1,0.99866
87,1,1550,330,258,755,1,1,0.99339
88,1,1572,323,251,767,1,1,0.98698
89,1,1594,316,245,778,1,1,0.98203
90,1,1616,309,238,790,1,1,0.97598
91,1,1638,302,232,802,1,1,0.97011
92,1,1659,299,249,808,1,1,0.96663
93,1,1681,296,265,815,1,1,0.86798
94,1,1713,292,269,827,1,1,0.73408
95,1,1746,289,272,838,1,1,0.60512
96,1,1779,286,275,849,1,1,0.4812
97,1,1800,310,272,835,1,1,0.40876
98,1,1822,334,268,822,1,1,0.33404
1,2,1478,418,74,176,1,1,1
2,2,1471,419,74,176,1,1,1
3,2,1465,420,74,176,1,1,1
4,2,1458,421,74,176,1,1,1
5,2,1452,422,74,176,1,1,1
6,2,1446,423,74,176,1,1,1
7,2,1440,424,74,176,1,1,1
8,2,1434,425,74,176,1,1,0.93333
9,2,1428,426,74,176,1,1,0.85333
10,2,1427,427,71,176,1,1,0.81944
11,2,1426,429,68,175,1,1,0.78261
12,2,1415,429,71,176,1,1,0.55556
13,2,1404,430,74,176,1,1,0.34667
14,2,1398,431,74,176,1,1,0.24
15,2,1392,432,74,176,1,1,0.13333
16,2,1386,433,74,176,1,1,0.026667
17,2,1380,434,74,176,1,1,0
18,2,1374,435,74,176,1,1,0
19,2,1368,436,74,176,1,1,0
20,2,1362,437,74,176,1,1,0.026667
21,2,1356,438,74,176,1,1,0.08
22,2,1338,438,74,176,1,1,0.17333
23,2,1320,438,74,176,1,1,0.28
24,2,1302,438,74,176,1,1,0.37333
25,2,1284,438,74,176,1,1,0.48
26,2,1266,438,74,176,1,1,0.54667
27,2,1249,438,74,176,1,1,0.61333
28,2,1231,438,74,176,1,1,0.68
29,2,1214,438,74,176,1,1,0.74667
30,2,1199,443,72,172,1,1,0.83562
31,2,1185,449,70,168,1,1,0.91549
32,2,1170,447,72,172,1,1,1
33,2,1156,446,74,176,1,1,1
34,2,1146,447,74,176,1,1,1
35,2,1137,449,74,176,1,1,1
36,2,1127,450,74,176,1,1,1
37,2,1118,452,74,176,1,1,1
38,2,1111,451,72,174,1,1,1
39,2,1105,450,70,172,1,1,1
40,2,1098,449,69,170,1,1,1
41,2,1092,449,67,167,1,1,1
42,2,1085,446,68,169,1,1,1
43,2,1078,443,70,172,1,1,1
44,2,1071,440,72,174,1,1,1
45,2,1064,438,74,176,1,1,1
46,2,1056,437,74,176,1,1,1
47,2,1048,437,74,176,1,1,1
48,2,1040,436,74,176,1,1,1
49,2,1032,436,74,176,1,1,1
50,2,1030,441,67,170,1,1,1
51,2,1028,447,61,163,1,1,1
52,2,1014,440,67,170,1,1,1
53,2,1000,434,74,176,1,1,1
54,2,994,433,73,176,1,1,1
55,2,988,432,73,176,1,1,1
56,2,982,431,72,176,1,1,1
57,2,976,430,72,176,1,1,1
58,2,970,430,70,174,1,1,1
59,2,965,431,68,171,1,1,1
60,2,959,432,67,168,1,1,1
61,2,954,433,65,165,1,1,1
62,2,950,430,66,168,1,1,1
63,2,946,428,68,171,1,1,1
64,2,942,426,70,173,1,1,1
65,2,938,424,72,176,1,1,1
66,2,934,424,72,176,1,1,1
67,2,930,424,72,176,1,1,1
68,2,926,424,72,176,1,1,1
69,2,922,424,72,176,1,1,1
70,2,920,424,70,169,1,1,1
71,2,919,424,67,163,1,1,1
72,2,913,424,70,169,1,1,1
73,2,908,424,72,176,1,1,1
74,2,904,424,72,176,1,1,1
75,2,900,424,72,176,1,1,1
76,2,896,424,72,176,1,1,1
77,2,892,424,72,176,1,1,1
78,2,889,425,70,173,1,1,1
79,2,887,426,68,171,1,1,1
80,2,884,427,67,169,1,1,1
81,2,882,429,65,166,1,1,1
82,2,877,425,67,169,1,1,1
83,2,873,422,68,171,1,1,1
84,2,868,419,70,173,1,1,1
85,2,864,416,72,176,1,1,1
86,2,862,415,72,175,1,1,1
87,2,860,414,72,175,1,1,1
88,2,858,413,72,174,1,1,1
89,2,856,412,72,174,1,1,1
90,2,855,415,69,171,1,1,1
91,2,854,419,66,167,1,1,1
92,2,853,413,69,171,1,1,1
93,2,852,408,72,174,1,1,1
94,2,850,407,72,174,1,1,1
95,2,848,406,72,174,1,1,1
96,2,846,405,72,174,1,1,1
97,2,844,404,72,174,1,1,1
98,2,841,402,71,172,1,1,1
99,2,838,401,71,169,1,1,1
100,2,835,400,71,166,1,1,1
101,2,832,399,71,164,1,1,1
102,2,830,398,71,166,1,1,1
103,2,829,397,71,168,1,1,1
104,2,827,396,72,170,1,1,1
105,2,826,396,72,172,1,1,1
106,2,824,395,71,172,1,1,1
107,2,822,394,71,172,1,1,1
108,2,820,393,70,172,1,1,1
109,2,818,392,70,172,1,1,1
110,2,816,394,65,167,1,1,1
111,2,815,396,60,163,1,1,1
112,2,813,393,65,167,1,1,1
113,2,812,390,70,172,1,1,1
114,2,813,391,70,172,1,1,1
115,2,814,393,70,172,1,1,1
116,2,815,394,70,172,1,1,1
117,2,816,396,70,172,1,1,1
118,2,825,396,68,170,1,1,1
119,2,835,397,65,167,1,1,1
120,2,844,397,63,165,1,1,1
121,2,854,398,60,162,1,1,1
122,2,858,394,63,165,1,1,1
123,2,863,391,65,167,1,1,1
124,2,867,387,68,170,1,1,1
125,2,872,384,70,172,1,1,1
126,2,879,382,70,172,1,1,1
127,2,887,381,70,172,1,1,1
128,2,894,379,70,172,1,1,1
129,2,902,378,70,172,1,1,1
130,2,916,380,64,166,1,1,1
131,2,930,382,58,161,1,1,1
132,2,932,376,64,166,1,1,1
133,2,934,370,70,172,1,1,1
134,2,938,369,70,172,1,1,1
135,2,942,368,70,172,1,1,1
136,2,946,367,70,172,1,1,1
137,2,950,366,70,172,1,1,1
138,2,955,364,69,169,1,1,1
139,2,960,363,68,165,1,1,1
140,2,965,361,67,162,1,1,1
141,2,971,360,66,158,1,1,1
142,2,972,359,67,162,1,1,1
143,2,973,359,68,165,1,1,1
144,2,974,358,69,169,1,1,1
145,2,976,358,70,172,1,1,1
146,2,979,357,70,172,1,1,1
147,2,982,356,70,172,1,1,1
148,2,985,355,70,172,1,1,1
149,2,988,354,70,172,1,1,1
150,2,999,357,67,167,1,1,1
151,2,1011,360,64,163,1,1,1
152,2,1005,355,67,167,1,1,1
153,2,1000,350,70,172,1,1,1
154,2,1003,349,70,172,1,1,1
155,2,1007,349,70,172,1,1,1
156,2,1010,348,70,172,1,1,1
157,2,1014,348,70,172,1,1,1
158,2,1012,348,68,169,1,1,1
159,2,1010,348,67,167,1,1,1
160,2,1008,348,65,164,1,1,1
161,2,1006,349,64,161,1,1,1
162,2,998,349,66,163,1,1,1
163,2,991,349,67,166,1,1,1
164,2,983,349,69,168,1,1,1
165,2,976,350,70,170,1,1,1
166,2,967,350,70,170,1,1,1
167,2,958,350,70,170,1,1,1
168,2,949,350,70,170,1,1,1
169,2,940,350,70,170,1,1,1
170,2,930,349,68,164,1,1,1
171,2,921,349,65,158,1,1,1
172,2,911,349,68,164,1,1,1
173,2,902,350,70,170,1,1,1
174,2,898,348,70,170,1,1,1
175,2,895,346,70,170,1,1,1
176,2,891,344,70,170,1,1,1
177,2,888,342,70,170,1,1,1
178,2,887,341,67,166,1,1,1
179,2,886,340,64,163,1,1,1
180,2,885,339,61,160,1,1,1
181,2,884,338,59,157,1,1,1
182,2,881,336,61,160,1,1,1
183,2,878,334,64,163,1,1,1
184,2,875,332,67,166,1,1,1
185,2,872,330,70,170,1,1,1
186,2,870,330,70,170,1,1,1
187,2,869,331,70,170,1,1,1
188,2,867,331,70,170,1,1,1
189,2,866,332,70,170,1,1,1
190,2,866,333,68,165,1,1,1
191,2,866,335,66,160,1,1,1
192,2,863,334,68,164,1,1,1
193,2,860,334,70,168,1,1,1
194,2,862,336,70,168,1,1,1
195,2,864,338,70,168,1,1,1
196,2,866,340,70,168,1,1,1
197,2,868,342,70,168,1,1,1
198,2,873,344,67,165,1,1,1
199,2,878,347,64,162,1,1,1
200,2,883,350,61,158,1,1,1
201,2,889,353,58,155,1,1,1
202,2,894,355,61,159,1,1,1
203,2,899,358,64,162,1,1,1
204,2,904,361,67,165,1,1,1
205,2,910,364,70,168,1,1,1
206,2,915,364,70,168,1,1,1
207,2,920,364,70,168,1,1,1
208,2,925,364,70,168,1,1,1
209,2,930,364,70,168,1,1,1
210,2,946,368,64,161,1,1,1
211,2,963,373,58,153,1,1,1
212,2,956,369,64,161,1,1,1
213,2,950,366,70,168,1,1,1
214,2,955,366,70,168,1,1,1
215,2,960,367,70,167,1,1,1
216,2,965,367,70,167,1,1,1
217,2,970,368,70,166,1,1,1
218,2,978,369,67,163,1,1,1
219,2,986,371,64,160,1,1,1
220,2,994,373,61,156,1,1,1
221,2,1003,375,57,153,1,1,1
222,2,1002,372,61,156,1,1,1
223,2,1002,369,64,160,1,1,1
224,2,1002,366,67,163,1,1,1
225,2,1002,364,70,166,1,1,1
226,2,1005,363,70,165,1,1,1
227,2,1008,362,70,165,1,1,1
228,2,1011,361,70,164,1,1,1
229,2,1014,360,70,164,1,1,1
230,2,1018,367,66,157,1,1,1
231,2,1022,375,62,149,1,1,1
232,2,1024,364,66,158,1,1,1
233,2,1026,354,70,166,1,1,1
234,2,1029,353,70,165,1,1,1
235,2,1032,352,70,165,1,1,1
236,2,1035,351,70,164,1,1,1
237,2,1038,350,70,164,1,1,1
238,2,1041,349,69,160,1,1,1
239,2,1044,348,68,157,1,1,1
240,2,1047,347,67,154,1,1,1
241,2,1051,347,66,150,1,1,1
242,2,1054,345,66,153,1,1,1
243,2,1057,343,67,157,1,1,1
244,2,1060,341,68,161,1,1,1
245,2,1064,340,68,164,1,1,1
246,2,1067,339,68,164,1,1,1
247,2,1070,338,68,164,1,1,1
248,2,1073,337,68,164,1,1,1
249,2,1076,336,68,164,1,1,1
250,2,1083,337,65,158,1,1,1
251,2,1091,338,61,153,1,1,1
252,2,1089,334,65,158,1,1,1
253,2,1088,330,68,164,1,1,1
254,2,1092,329,68,164,1,1,1
255,2,1097,328,68,164,1,1,1
256,2,1101,327,68,164,1,1,1
257,2,1106,326,68,164,1,1,1
258,2,1112,325,66,161,1,1,1
259,2,1118,325,65,158,1,1,1
260,2,1124,324,63,155,1,1,1
261,2,1131,324,61,152,1,1,1
262,2,1134,322,63,155,1,1,1
263,2,1137,320,65,158,1,1,1
264,2,1140,318,67,161,1,1,1
265,2,1144,316,68,164,1,1,1
266,2,1145,315,68,164,1,1,1
267,2,1147,314,68,164,1,1,1
268,2,1148,313,68,164,1,1,1
269,2,1150,312,68,164,1,1,1
270,2,1161,312,62,156,1,1,1
271,2,1173,312,56,148,1,1,1
272,2,1164,309,62,156,1,1,1
273,2,1156,306,68,164,1,1,1
274,2,1152,305,68,164,1,1,1
275,2,1148,304,68,164,1,1,1
276,2,1144,303,68,164,1,1,1
277,2,1140,302,68,164,1,1,1
278,2,1135,302,65,160,1,1,1
279,2,1130,302,63,156,1,1,1
280,2,1125,302,60,152,1,1,1
281,2,1121,303,57,148,1,1,1
282,2,1115,300,60,152,1,1,1
283,2,1110,297,63,156,1,1,1
284,2,1105,294,65,160,1,1,1
285,2,1100,292,68,164,1,1,1
286,2,1100,290,68,164,1,1,1
287,2,1101,288,68,164,1,1,1
288,2,1101,286,68,164,1,1,1
289,2,1102,284,68,164,1,1,1
290,2,1103,286,60,157,1,1,1
291,2,1105,288,52,150,1,1,1
292,2,1104,282,60,157,1,1,1
293,2,1104,276,68,164,1,1,1
294,2,1104,272,66,161,1,1,1
295,2,1104,269,65,158,1,1,1
296,2,1104,265,64,156,1,1,1
297,2,1105,262,62,153,1,1,1
298,2,1108,266,63,151,1,1,1
299,2,1109,266,62,151,1,1,1
300,2,1111,266,61,151,1,1,1
301,2,1113,267,60,150,1,1,1
302,2,1111,264,62,154,1,1,1
303,2,1110,262,63,157,1,1,1
304,2,1109,260,64,160,1,1,1
305,2,1108,258,66,164,1,1,1
306,2,1104,259,66,164,1,1,1
307,2,1101,260,66,164,1,1,1
308,2,1098,262,66,164,1,1,1
309,2,1093,263,65,163,1,1,1
310,2,1097,269,62,154,1,1,1
311,2,1101,275,59,146,1,1,1
312,2,1099,274,63,155,1,1,1
313,2,1098,274,66,164,1,1,1
314,2,1100,274,66,164,1,1,1
315,2,1103,274,66,164,1,1,1
316,2,1105,274,66,164,1,1,1
317,2,1108,274,66,164,1,1,1
318,2,1113,274,66,160,1,1,1
319,2,1119,275,65,156,1,1,1
320,2,1124,276,65,151,1,1,1
321,2,1130,277,65,147,1,1,1
322,2,1132,275,65,151,1,1,1
323,2,1134,274,65,155,1,1,1
324,2,1136,273,65,158,1,1,1
325,2,1138,272,66,162,1,1,1
326,2,1141,271,66,163,1,1,1
327,2,1145,271,66,163,1,1,1
328,2,1148,270,66,164,1,1,1
1,3,680,407,67,199,1,1,1
2,3,672,408,71,202,1,1,1
3,3,664,410,75,205,1,1,1
4,3,656,412,79,207,1,1,1
5,3,648,414,84,210,1,1,1
6,3,643,415,84,210,1,1,1
7,3,638,416,85,211,1,1,1
8,3,633,417,85,211,1,1,1
9,3,628,418,86,212,1,1,1
10,3,622,422,87,207,1,1,1
11,3,617,426,88,203,1,1,1
12,3,611,423,90,209,1,1,1
13,3,606,420,92,216,1,1,1
14,3,601,421,92,216,1,1,1
15,3,596,422,93,217,1,1,1
16,3,591,423,93,217,1,1,1
17,3,586,424,94,218,1,1,1
18,3,574,425,95,219,1,1,1
19,3,563,427,95,219,1,1,1
20,3,551,428,96,220,1,1,1
21,3,540,430,97,221,1,1,1
22,3,522,430,107,224,1,1,1
23,3,514,430,105,229,1,1,1
24,3,506,430,104,234,1,1,1
25,3,479,441,105,240,1,1,1
26,3,458,436,106,243,1,1,1
27,3,438,432,106,246,1,1,1
28,3,417,427,107,250,1,1,1
29,3,397,423,108,253,1,1,1
30,3,365,434,116,253,1,1,1
31,3,344,431,125,253,1,1,1
32,3,327,433,119,261,1,1,1
33,3,310,436,114,268,1,1,1
34,3,292,436,115,272,1,1,1
35,3,274,437,117,275,1,1,1
36,3,256,437,118,279,1,1,1
37,3,238,438,120,282,1,1,1
38,3,228,437,122,285,1,1,1
39,3,218,437,124,287,1,1,1
40,3,208,437,126,289,1,1,1
41,3,199,437,127,292,1,1,1
42,3,181,437,133,295,1,1,1
43,3,163,437,140,299,1,1,1
44,3,145,437,146,302,1,1,1
45,3,127,437,153,306,1,1,1
46,3,110,437,159,310,1,1,1
47,3,95,437,158,314,1,1,1
48,3,81,437,157,318,1,1,1
49,3,67,437,156,322,1,1,1
50,3,53,438,155,326,1,1,1
51,3,35,435,161,332,1,1,1
52,3,18,432,167,339,1,1,1
53,3,1,429,173,346,1,1,1
54,3,-16,426,179,353,1,1,0.90556
55,3,-34,420,180,362,1,1,0.80663
56,3,-51,414,180,371,1,1,0.71271
57,3,-68,408,181,380,1,1,0.62088
58,3,-87,407,181,381,1,1,0.51648
59,3,-106,407,182,381,1,1,0.4153
60,3,-125,407,182,381,1,1,0.31148
1,4,1232,412,36,112,1,1,1
2,4,1223,411,39,115,1,1,1
3,4,1214,411,42,117,1,1,1
4,4,1205,410,45,120,1,1,1
5,4,1196,410,48,122,1,1,1
6,4,1193,411,48,122,1,1,1
7,4,1190,412,48,122,1,1,1
8,4,1187,413,48,122,1,1,1
9,4,1184,414,48,122,1,1,1
10,4,1179,417,48,118,1,1,1
11,4,1175,420,47,114,1,1,1
12,4,1174,418,48,118,1,1,1
13,4,1174,416,48,122,1,1,1
14,4,1170,416,48,122,1,1,1
15,4,1166,416,48,122,1,1,1
16,4,1162,416,48,122,1,1,1
17,4,1158,416,48,122,1,1,1
18,4,1150,420,48,119,1,1,1
19,4,1142,424,48,117,1,1,1
20,4,1134,428,48,115,1,1,1
21,4,1126,433,49,112,1,1,1
22,4,1115,433,48,114,1,1,1
23,4,1104,433,47,116,1,1,1
24,4,1094,433,46,119,1,1,1
25,4,1068,434,46,122,1,1,1
26,4,1052,435,46,122,1,1,1
27,4,1037,436,46,122,1,1,1
28,4,1021,437,46,122,1,1,1
29,4,1006,438,46,122,1,1,1
30,4,993,438,43,120,1,1,1
31,4,980,439,41,117,1,1,1
32,4,967,441,43,120,1,1,1
33,4,954,444,46,122,1,1,1
34,4,944,444,46,122,1,1,1
35,4,935,445,46,122,1,1,1
36,4,925,445,46,122,1,1,1
37,4,916,446,46,122,1,1,1
38,4,909,444,46,121,1,1,1
39,4,902,443,46,119,1,1,1
40,4,895,442,46,117,1,1,1
41,4,889,441,45,115,1,1,1
42,4,884,439,46,117,1,1,1
43,4,880,437,46,119,1,1,1
44,4,876,435,46,121,1,1,1
45,4,872,434,46,122,1,1,1
46,4,867,434,46,122,1,1,1
47,4,862,434,46,122,1,1,1
48,4,857,434,46,122,1,1,1
49,4,852,434,46,122,1,1,1
50,4,849,436,42,117,1,1,1
51,4,847,439,38,112,1,1,1
52,4,838,434,42,117,1,1,1
53,4,830,430,46,122,1,1,1
54,4,824,429,46,122,1,1,1
55,4,818,428,46,122,1,1,1
56,4,812,427,46,122,1,1,1
57,4,806,426,46,122,1,1,1
58,4,801,426,44,120,1,1,1
59,4,796,427,43,118,1,1,1
60,4,791,427,42,117,1,1,1
61,4,787,428,40,115,1,1,1
62,4,783,426,42,116,1,1,1
63,4,780,424,43,118,1,1,1
64,4,777,422,44,120,1,1,1
65,4,774,420,46,122,1,1,1
66,4,777,427,41,116,1,1,1
67,4,773,424,43,118,1,1,1
68,4,769,421,45,121,1,1,1
69,4,766,418,46,124,1,1,1
70,4,765,417,43,120,1,1,1
71,4,764,417,41,115,1,1,1
72,4,761,417,44,119,1,1,1
73,4,758,418,48,122,1,1,1
74,4,756,417,48,123,1,1,1
75,4,755,417,47,123,1,1,1
76,4,753,416,47,124,1,1,1
77,4,752,416,46,124,1,1,1
78,4,752,417,44,122,1,1,1
79,4,752,419,42,120,1,1,1
80,4,752,420,40,119,1,1,1
81,4,752,422,39,117,1,1,1
82,4,748,420,41,118,1,1,1
83,4,744,418,43,120,1,1,1
84,4,740,416,45,122,1,1,1
85,4,736,414,48,124,1,1,1
86,4,734,413,48,125,1,1,1
87,4,732,413,48,125,1,1,1
88,4,730,412,48,126,1,1,1
89,4,728,412,48,126,1,1,1
90,4,729,412,43,122,1,1,1
91,4,730,413,38,118,1,1,1
92,4,726,410,43,122,1,1,1
93,4,722,408,48,126,1,1,1
94,4,721,406,48,126,1,1,1
95,4,720,405,48,126,1,1,1
96,4,719,403,48,126,1,1,1
97,4,718,402,48,126,1,1,1
98,4,719,398,46,126,1,1,1
99,4,721,395,44,125,1,1,1
100,4,723,391,42,125,1,1,1
101,4,725,388,40,125,1,1,1
102,4,721,388,42,125,1,1,1
103,4,717,388,44,126,1,1,1
104,4,713,388,46,127,1,1,1
105,4,710,388,48,128,1,1,1
106,4,709,386,48,128,1,1,0.92596
107,4,708,385,48,128,1,1,0.90824
108,4,707,383,48,128,1,1,0.89179
109,4,706,382,48,128,1,1,0.87486
110,4,706,383,45,126,1,1,0.86101
111,4,706,385,42,123,1,1,1
112,4,707,382,45,126,1,1,0.84252
113,4,708,380,48,128,1,1,0.84196
114,4,710,381,48,128,1,1,0.84053
115,4,712,382,48,128,1,1,0.82123
116,4,714,383,48,128,1,1,0.81965
117,4,716,384,48,128,1,1,0.79987
118,4,726,386,46,126,1,1,0.8266
119,4,736,388,45,125,1,1,0.83989
120,4,746,390,43,123,1,1,0.85117
121,4,756,393,42,121,1,1,0.86618
122,4,759,390,44,123,1,1,1
123,4,763,387,45,125,1,1,1
124,4,766,384,47,127,1,1,1
125,4,770,382,48,128,1,1,1
126,4,778,381,48,128,1,1,1
127,4,786,380,49,129,1,1,1
128,4,794,379,49,129,1,1,1
129,4,802,378,50,130,1,1,1
130,4,807,375,49,129,1,1,1
131,4,812,373,49,127,1,1,1
132,4,820,373,49,129,1,1,1
133,4,828,374,50,130,1,1,1
134,4,832,372,50,131,1,1,1
135,4,836,371,50,131,1,1,1
136,4,840,369,50,132,1,1,1
137,4,844,368,50,132,1,1,1
138,4,849,363,48,130,1,1,1
139,4,854,359,47,128,1,1,1
140,4,859,354,46,127,1,1,1
141,4,865,350,44,125,1,1,0.29841
142,4,867,352,46,126,1,1,1
143,4,870,354,47,127,1,1,1
144,4,873,356,48,128,1,1,1
145,4,876,358,50,130,1,1,1
146,4,880,356,50,131,1,1,1
147,4,884,355,50,131,1,1,1
148,4,888,353,50,132,1,1,1
149,4,892,352,50,132,1,1,1
150,4,899,353,45,127,1,1,1
151,4,906,354,40,123,1,1,0.27439
152,4,903,351,45,127,1,1,1
153,4,900,348,50,132,1,1,1
154,4,899,347,50,132,1,1,1
155,4,899,346,50,133,1,1,1
156,4,898,345,50,133,1,1,1
157,4,898,344,50,134,1,1,1
158,4,896,344,48,133,1,1,1
159,4,895,344,46,132,1,1,1
160,4,893,344,44,131,1,1,1
161,4,892,345,42,130,1,1,1
162,4,885,344,44,131,1,1,1
163,4,878,343,47,132,1,1,1
164,4,871,342,49,133,1,1,1
165,4,864,342,52,134,1,1,1
166,4,858,342,52,134,1,1,1
167,4,852,342,52,134,1,1,1
168,4,846,342,52,134,1,1,1
169,4,840,342,52,134,1,1,1
170,4,830,342,48,131,1,1,1
171,4,820,343,44,127,1,1,1
172,4,818,342,48,131,1,1,1
173,4,816,342,52,134,1,1,1
174,4,810,342,52,134,1,1,1
175,4,804,342,52,134,1,1,1
176,4,798,342,52,134,1,1,1
177,4,792,342,52,134,1,1,1
178,4,790,339,50,133,1,1,1
179,4,789,337,47,131,1,1,1
180,4,787,334,45,130,1,1,1
181,4,786,332,42,129,1,1,1
182,4,783,332,44,131,1,1,1
183,4,780,333,47,133,1,1,1
184,4,777,333,49,136,1,1,1
185,4,774,334,52,138,1,1,1
186,4,772,333,52,138,1,1,1
187,4,771,332,52,138,1,1,1
188,4,769,331,52,138,1,1,1
189,4,768,330,52,138,1,1,1
190,4,772,329,44,135,1,1,1
191,4,777,329,36,132,1,1,1
192,4,772,330,44,135,1,1,1
193,4,768,332,52,138,1,1,1
194,4,769,333,52,138,1,1,1
195,4,771,335,52,138,1,1,1
196,4,772,336,52,138,1,1,1
197,4,774,338,52,138,1,1,1
198,4,775,338,52,139,1,1,1
199,4,777,339,52,139,1,1,1
200,4,779,340,51,139,1,1,1
201,4,781,341,51,139,1,1,1
202,4,787,342,52,139,1,1,1
203,4,794,343,52,140,1,1,1
204,4,801,344,52,140,1,1,1
205,4,808,346,52,140,1,1,1
206,4,815,347,52,140,1,1,0.96467
207,4,823,348,52,140,1,1,0.93042
208,4,830,349,52,140,1,1,0.8801
209,4,838,350,52,140,1,1,0.94661
210,4,853,354,45,137,1,1,1
211,4,869,359,38,133,1,1,1
212,4,868,356,45,137,1,1,1
213,4,868,354,52,140,1,1,1
214,4,871,354,52,140,1,1,1
215,4,875,355,52,140,1,1,0.96226
216,4,878,355,52,140,1,1,0.96226
217,4,882,356,52,140,1,1,0.96226
218,4,886,357,49,139,1,1,0.96057
219,4,891,358,46,138,1,1,1
220,4,896,359,43,137,1,1,1
221,4,901,361,40,135,1,1,1
222,4,900,360,43,136,1,1,1
223,4,900,359,46,138,1,1,1
224,4,900,358,49,139,1,1,1
225,4,900,358,52,140,1,1,0.96226
226,4,902,358,52,140,1,1,0.96226
227,4,904,358,52,141,1,1,1
228,4,906,358,52,141,1,1,1
229,4,908,358,52,142,1,1,1
230,4,913,357,49,142,1,1,1
231,4,919,357,45,141,1,1,1
232,4,919,356,49,142,1,1,1
233,4,920,356,52,142,1,1,1
234,4,923,354,52,142,1,1,1
235,4,926,353,52,142,1,1,1
236,4,929,351,52,142,1,1,1
237,4,932,350,52,142,1,1,1
238,4,937,346,50,141,1,1,1
239,4,943,342,48,141,1,1,1
240,4,948,338,46,141,1,1,0.97872
241,4,954,334,44,141,1,1,1
242,4,954,334,46,142,1,1,0.97872
243,4,955,335,48,142,1,1,0.91837
244,4,955,335,50,143,1,1,0.88235
245,4,956,336,52,144,1,1,0.86792
246,4,959,334,52,144,1,1,0.88679
247,4,962,333,52,144,1,1,0.90566
248,4,965,331,52,144,1,1,0.90566
249,4,968,330,52,144,1,1,0.86792
250,4,974,326,48,144,1,1,0.87755
251,4,980,323,44,143,1,1,0.88889
252,4,978,323,49,144,1,1,0.8
253,4,976,324,54,144,1,1,0.72727
254,4,977,322,55,144,1,1,0.69643
255,4,979,320,55,145,1,1,0.67857
256,4,980,318,56,145,1,1,0.75439
257,4,982,316,56,146,1,1,0.84211
258,4,984,315,57,145,1,1,0.91379
259,4,987,314,57,145,1,1,0.86207
260,4,989,313,58,145,1,1,0.77966
261,4,992,313,58,144,1,1,0.71186
262,4,992,310,59,144,1,1,0.6
263,4,993,307,59,145,1,1,0.5
264,4,993,304,60,146,1,1,0.5082
265,4,994,302,60,146,1,1,0.52459
266,4,996,300,60,146,1,1,0.54098
267,4,998,299,61,146,1,1,0.58065
268,4,1000,297,61,146,1,1,0.59677
269,4,1002,296,62,146,1,1,0.63492
270,4,1003,296,54,146,1,1,0.58182
271,4,1005,296,46,146,1,1,0.53191
272,4,997,296,53,147,1,1,0.48148
273,4,990,296,60,148,1,1,0.45902
274,4,986,296,60,148,1,1,0.42623
275,4,982,296,60,148,1,1,0.39344
276,4,978,296,60,148,1,1,0.45902
277,4,974,296,60,148,1,1,0.52459
278,4,966,294,56,148,1,1,0.47368
279,4,959,292,51,148,1,1,0.44231
280,4,951,290,47,148,1,1,0.39583
281,4,944,289,42,147,1,1,0.34884
282,4,938,288,46,148,1,1,0.44681
283,4,932,287,51,149,1,1,0.51923
284,4,926,286,55,150,1,1,0.53571
285,4,920,286,60,150,1,1,0.55738
286,4,913,285,60,150,1,1,0.52459
287,4,906,284,60,150,1,1,0.4918
288,4,899,283,60,150,1,1,0.44262
289,4,892,282,60,150,1,1,0.32787
290,4,892,279,54,150,1,1,0.25455
291,4,892,277,48,149,1,1,0.16327
292,4,887,272,54,150,1,1,0.21818
293,4,882,268,60,150,1,1,0.2459
294,4,881,265,60,150,1,1,0.27869
295,4,881,262,59,150,1,1,0.30927
296,4,880,259,59,150,1,1,0.3
297,4,880,256,58,150,1,1,0.28814
298,4,881,257,55,149,1,1,0.26786
299,4,882,258,52,149,1,1,0.32075
300,4,883,259,49,149,1,1,0.38
301,4,884,260,47,149,1,1,0.45833
302,4,877,259,49,150,1,1,0.42
303,4,870,259,52,150,1,1,0.37736
304,4,863,258,55,151,1,1,0.375
305,4,856,258,58,152,1,1,0.37288
306,4,853,258,58,152,1,1,0.40678
307,4,850,259,58,152,1,1,0.44068
308,4,847,259,58,152,1,1,0.45763
309,4,844,260,58,152,1,1,0.47458
310,4,843,259,53,153,1,1,0.48148
311,4,842,258,49,155,1,1,0.5
312,4,841,261,52,153,1,1,0.58491
313,4,840,264,56,152,1,1,0.64912
314,4,840,265,56,152,1,1,0.7193
315,4,840,266,56,152,1,1,0.77193
316,4,840,267,56,152,1,1,0.77193
317,4,840,268,56,152,1,1,0.77193
318,4,851,273,55,152,1,1,0.96429
319,4,850,270,54,152,1,1,0.92727
320,4,849,268,53,151,1,1,0.88889
321,4,848,266,53,151,1,1,0.85185
322,4,850,264,53,151,1,1,0.87037
323,4,852,262,54,151,1,1,0.94545
324,4,854,260,55,151,1,1,1
325,4,856,258,56,152,1,1,1
326,4,858,259,56,152,1,1,1
327,4,860,260,56,152,1,1,1
328,4,862,261,56,152,1,1,1
1,5,470,432,72,176,1,1,1
2,5,464,431,73,177,1,1,1
3,5,459,431,73,177,1,1,1
4,5,453,430,74,178,1,1,1
5,5,448,430,74,178,1,1,1
6,5,443,429,74,179,1,1,1
7,5,438,429,74,180,1,1,1
8,5,433,428,74,181,1,1,1
9,5,428,428,74,182,1,1,1
10,5,421,431,75,180,1,1,1
11,5,415,435,75,177,1,1,1
12,5,410,431,77,181,1,1,1
13,5,406,428,78,184,1,1,1
14,5,399,428,78,185,1,1,1
15,5,393,429,78,185,1,1,1
16,5,386,429,78,186,1,1,1
17,5,380,430,78,186,1,1,1
18,5,370,432,77,184,1,1,1
19,5,361,435,76,182,1,1,1
20,5,351,438,75,180,1,1,1
21,5,342,441,74,178,1,1,1
22,5,325,442,76,181,1,1,1
23,5,309,443,77,185,1,1,1
24,5,292,444,79,189,1,1,1
25,5,276,446,80,192,1,1,1
26,5,253,447,81,192,1,1,1
27,5,231,448,81,193,1,1,1
28,5,209,449,82,194,1,1,1
29,5,199,448,82,194,1,1,1
30,5,168,450,83,193,1,1,1
31,5,154,449,84,196,1,1,1
32,5,140,450,85,197,1,1,1
33,5,126,452,86,198,1,1,1
34,5,112,451,86,199,1,1,1
35,5,99,451,86,200,1,1,1
36,5,85,450,86,201,1,1,1
37,5,72,450,86,202,1,1,1
38,5,63,450,86,203,1,1,1
39,5,54,451,87,203,1,1,1
40,5,45,452,88,203,1,1,1
41,5,37,453,88,204,1,1,1
42,5,28,453,87,204,1,1,1
43,5,19,453,87,204,1,1,1
44,5,10,453,87,205,1,1,1
45,5,-1,452,87,206,1,1,0.97727
46,5,-11,451,87,207,1,1,0.86364
47,5,-21,450,87,208,1,1,0.75
48,5,-31,450,87,209,1,1,0.63636
49,5,-42,449,87,210,1,1,0.51136
50,5,-52,448,87,211,1,1,0.39773
51,5,-62,447,87,212,1,1,0.28409
1,6,730,421,55,173,1,1,0.67857
2,6,721,421,58,176,1,1,0.61017
3,6,713,421,60,179,1,1,0.55738
4,6,704,421,63,182,1,1,0.5
5,6,696,422,66,184,1,1,0.44776
6,6,688,422,66,185,1,1,0.40299
7,6,681,423,66,185,1,1,0.35821
8,6,673,423,66,186,1,1,0.31343
9,6,666,424,66,186,1,1,0.26866
10,6,661,429,60,180,1,1,0.19672
11,6,657,434,53,174,1,1,0.092593
12,6,647,430,60,181,1,1,0.098361
13,6,638,426,66,188,1,1,0.089552
14,6,627,426,66,189,1,1,0
15,6,617,427,66,189,1,1,0
16,6,606,427,66,190,1,1,0
17,6,596,428,66,190,1,1,0
18,6,589,429,65,187,1,1,0
19,6,582,430,65,185,1,1,0
20,6,575,431,65,183,1,1,0
21,6,568,433,65,180,1,1,0
22,6,549,433,65,183,1,1,0
23,6,530,434,65,186,1,1,0
24,6,511,435,65,189,1,1,0
25,6,492,436,66,192,1,1,0.025907
26,6,476,437,66,192,1,1,0
27,6,461,438,66,193,1,1,0
28,6,445,439,66,193,1,1,0
29,6,430,440,66,194,1,1,0
30,6,403,442,65,189,1,1,0
31,6,376,445,65,184,1,1,0
32,6,364,444,65,189,1,1,0
33,6,352,444,66,194,1,1,0
34,6,342,444,66,194,1,1,0.014925
35,6,333,444,66,195,1,1,0.1194
36,6,323,444,66,195,1,1,0.22388
37,6,314,444,66,196,1,1,0.32836
38,6,304,447,66,193,1,1,0.29851
39,6,295,450,65,190,1,1,0.27273
40,6,285,453,65,187,1,1,0.24242
41,6,276,456,65,185,1,1,0.22727
42,6,266,453,66,188,1,1,0.26866
43,6,257,450,66,192,1,1,0.29851
44,6,247,447,67,196,1,1,0.33824
45,6,238,444,68,200,1,1,0.37681
46,6,228,444,68,200,1,1,0.3913
47,6,219,444,68,201,1,1,0.49275
48,6,209,444,68,201,1,1,0.56522
49,6,200,444,68,202,1,1,0.65217
50,6,192,449,68,197,1,1,0.75362
51,6,185,455,68,191,1,1,0.82609
52,6,173,449,69,197,1,1,0.81429
53,6,162,444,70,202,1,1,0.8169
54,6,150,443,73,202,1,1,0.81081
55,6,139,442,75,202,1,1,0.89474
56,6,128,441,77,202,1,1,0.89819
57,6,117,440,79,202,1,1,0.87623
58,6,106,440,81,201,1,1,0.87986
59,6,97,440,81,202,1,1,0.89241
60,6,89,441,81,202,1,1,0.92827
61,6,81,442,81,203,1,1,0.95242
62,6,76,440,81,204,1,1,0.94111
63,6,71,438,82,205,1,1,0.93122
64,6,66,436,83,206,1,1,0.9219
65,6,55,443,84,205,1,1,0.84089
66,6,53,440,85,205,1,1,0.91014
67,6,51,437,86,205,1,1,0.97779
68,6,46,435,88,207,1,1,1
69,6,42,433,89,209,1,1,1
70,6,37,432,86,208,1,1,1
71,6,32,432,83,206,1,1,1
72,6,27,431,81,206,1,1,1
73,6,22,431,79,205,1,1,1
74,6,17,431,78,204,1,1,1
75,6,10,429,77,206,1,1,1
76,6,3,428,76,207,1,1,1
77,6,-4,427,76,208,1,1,0.93506
78,6,-11,425,75,210,1,1,0.84211
79,6,-18,424,74,211,1,1,0.74667
80,6,-24,423,73,213,1,1,0.66216
81,6,-36,421,76,213,1,1,0.51948
82,6,-47,419,78,213,1,1,0.39241
68,7,525,433,36,90,1,1,0.35135
69,7,525,433,35,89,1,1,0.44444
70,7,525,433,35,89,1,1,0.52778
71,7,526,434,34,88,1,1,0.62857
72,7,525,433,34,88,1,1,0.65714
73,7,524,432,34,89,1,1,0.71429
74,7,523,431,34,89,1,1,0.74286
75,7,522,430,34,90,1,1,0.8
76,7,523,428,34,91,1,1,0.88571
77,7,524,427,34,91,1,1,1
78,7,525,426,34,92,1,1,1
79,7,523,425,34,92,1,1,1
80,7,522,425,34,92,1,1,1
81,7,520,424,34,92,1,1,1
82,7,519,424,34,92,1,1,1
83,7,518,424,34,92,1,1,1
84,7,518,422,35,93,1,1,1
85,7,518,421,36,93,1,1,1
86,7,518,420,37,93,1,1,1
87,7,518,419,38,93,1,1,1
88,7,519,418,39,93,1,1,1
89,7,519,417,40,95,1,1,1
90,7,519,416,42,97,1,1,1
91,7,522,415,41,97,1,1,1
92,7,526,414,39,97,1,1,1
93,7,530,413,37,97,1,1,1
94,7,534,412,35,97,1,1,1
95,7,538,412,34,96,1,1,1
96,7,540,408,34,97,1,1,1
97,7,543,405,34,97,1,1,1
98,7,546,402,34,98,1,1,1
99,7,547,398,34,98,1,1,1
100,7,549,394,34,98,1,1,1
101,7,548,397,34,98,1,1,1
102,7,547,400,34,98,1,1,1
103,7,546,404,34,98,1,1,1
104,7,546,401,34,99,1,1,1
105,7,546,399,35,99,1,1,1
106,7,547,396,34,100,1,1,1
107,7,547,394,35,100,1,1,1
108,7,548,392,35,101,1,1,1
109,7,546,392,36,101,1,1,1
110,7,545,392,36,102,1,1,1
111,7,546,392,36,103,1,1,1
112,7,548,393,36,103,1,1,1
113,7,550,394,36,103,1,1,1
114,7,552,395,36,103,1,1,1
115,7,554,396,36,104,1,1,1
116,7,559,397,36,104,1,1,1
117,7,565,398,36,105,1,1,1
118,7,571,399,36,106,1,1,1
119,7,583,399,36,106,1,1,1
120,7,595,400,36,106,1,1,1
121,7,607,400,36,106,1,1,1
122,7,619,401,36,106,1,1,1
123,7,632,402,36,106,1,1,1
124,7,641,398,36,107,1,1,1
125,7,650,394,36,108,1,1,1
126,7,659,390,37,109,1,1,1
127,7,668,386,37,110,1,1,1
128,7,677,382,38,111,1,1,1
129,7,683,380,37,112,1,1,1
130,7,689,379,37,112,1,1,1
131,7,698,377,37,113,1,1,1
132,7,707,376,37,113,1,1,1
133,7,716,374,37,114,1,1,1
134,7,725,373,37,114,1,1,1
135,7,734,372,38,114,1,1,1
136,7,739,367,38,115,1,1,1
137,7,745,362,38,116,1,1,1
138,7,751,358,38,117,1,1,1
139,7,755,358,38,117,1,1,1
140,7,759,358,39,118,1,1,1
141,7,763,358,39,118,1,1,1
142,7,767,358,40,119,1,1,1
143,7,772,358,40,120,1,1,1
144,7,777,356,39,120,1,1,1
145,7,782,354,39,121,1,1,1
146,7,787,352,38,121,1,1,1
147,7,792,350,38,122,1,1,1
148,7,796,348,39,123,1,1,1
149,7,801,347,39,123,1,1,1
150,7,805,345,40,124,1,1,1
151,7,810,344,40,124,1,1,1
152,7,813,343,40,124,1,1,1
153,7,817,342,40,125,1,1,1
154,7,820,341,40,125,1,1,1
155,7,824,340,40,126,1,1,1
156,7,823,340,40,127,1,1,1
157,7,823,341,40,127,1,1,1
158,7,822,341,40,128,1,1,1
159,7,822,342,40,128,1,1,1
160,7,819,343,40,129,1,1,1
161,7,816,345,40,129,1,1,1
162,7,813,346,40,130,1,1,1
163,7,810,348,40,130,1,1,1
164,7,802,347,41,129,1,1,1
165,7,794,347,42,127,1,1,1
166,7,786,346,44,127,1,1,1
167,7,778,346,45,125,1,1,1
168,7,771,346,46,124,1,1,1
169,7,762,345,45,127,1,1,1
170,7,754,344,43,131,1,1,1
171,7,746,344,42,134,1,1,1
172,7,739,344,42,134,1,1,1
173,7,733,344,42,134,1,1,1
174,7,726,344,42,134,1,1,1
175,7,720,344,42,134,1,1,1
176,7,718,345,42,131,1,1,1
177,7,716,346,42,129,1,1,1
178,7,714,347,42,127,1,1,1
179,7,712,342,43,129,1,1,1
180,7,711,337,43,132,1,1,1
181,7,710,333,43,133,1,1,1
182,7,709,328,43,136,1,1,1
183,7,708,324,44,138,1,1,1
184,7,708,324,44,137,1,1,1
185,7,708,324,44,136,1,1,1
186,7,708,325,44,134,1,1,1
187,7,708,325,44,133,1,1,1
188,7,708,326,44,131,1,1,1
189,7,706,327,47,134,1,1,1
190,7,704,328,50,137,1,1,1
191,7,703,329,53,141,1,1,1
192,7,703,330,52,142,1,1,1
193,7,704,332,51,142,1,1,1
194,7,705,334,49,142,1,1,1
195,7,706,336,48,142,1,1,1
196,7,708,334,48,140,1,1,1
197,7,710,333,48,137,1,1,1
198,7,713,332,47,135,1,1,1
199,7,718,335,47,137,1,1,1
200,7,723,338,48,139,1,1,1
201,7,729,341,47,141,1,1,1
202,7,734,344,48,143,1,1,1
203,7,740,348,48,144,1,1,1
204,7,749,350,48,143,1,1,1
205,7,759,353,48,141,1,1,1
206,7,768,356,48,139,1,1,1
207,7,778,359,48,137,1,1,1
208,7,788,362,48,135,1,1,1
209,7,791,358,49,140,1,1,1
210,7,794,355,51,144,1,1,1
211,7,798,352,52,148,1,1,1
212,7,804,352,52,148,1,1,1
213,7,811,352,52,149,1,1,1
214,7,817,352,52,149,1,1,1
215,7,824,352,52,150,1,1,1
216,7,830,354,49,147,1,1,1
217,7,836,356,47,145,1,1,1
218,7,842,359,45,142,1,1,1
219,7,842,357,46,144,1,1,1
220,7,842,355,48,146,1,1,1
221,7,842,353,50,148,1,1,1
222,7,842,351,52,150,1,1,1
223,7,842,350,54,152,1,1,1
224,7,845,351,53,150,1,1,1
225,7,848,352,53,148,1,1,1
226,7,851,353,52,146,1,1,1
227,7,854,354,52,144,1,1,0.94496
228,7,858,356,51,141,1,1,0.92416
229,7,860,350,53,146,1,1,0.89494
230,7,863,345,54,150,1,1,0.91632
231,7,866,340,56,154,1,1,0.93752
232,7,869,338,56,155,1,1,0.89136
233,7,872,337,56,155,1,1,0.86134
234,7,875,335,56,156,1,1,0.86121
235,7,878,334,56,156,1,1,0.86121
236,7,885,334,51,153,1,1,0.86314
237,7,893,335,46,149,1,1,0.84681
238,7,901,336,41,146,1,1,0.86686
239,7,901,333,44,149,1,1,0.93733
240,7,901,331,47,151,1,1,1
241,7,901,328,50,154,1,1,1
242,7,901,326,53,156,1,1,1
243,7,902,324,56,158,1,1,1
244,7,906,324,54,157,1,1,1
245,7,910,324,52,156,1,1,0.87802
246,7,914,324,50,156,1,1,1
247,7,918,324,48,155,1,1,1
248,7,923,325,46,154,1,1,1
249,7,923,321,51,157,1,1,1
250,7,923,317,56,160,1,1,1
251,7,924,314,60,162,1,1,1
252,7,927,312,60,163,1,1,1
253,7,930,311,60,163,1,1,1
254,7,933,309,60,164,1,1,1
255,7,936,308,60,164,1,1,1
256,7,939,308,54,162,1,1,1
257,7,942,308,48,160,1,1,1
258,7,945,309,43,158,1,1,1
259,7,948,306,46,160,1,1,1
260,7,951,304,50,161,1,1,1
261,7,954,302,54,163,1,1,1
262,7,957,300,58,164,1,1,1
263,7,960,298,62,166,1,1,1
264,7,962,296,60,165,1,1,1
265,7,965,295,57,164,1,1,1
266,7,967,294,56,163,1,1,1
267,7,970,293,53,162,1,1,1
268,7,973,292,51,161,1,1,1
269,7,968,291,56,165,1,1,1
270,7,964,290,61,169,1,1,1
271,7,960,290,66,172,1,1,1
272,7,958,289,66,173,1,1,1
273,7,956,288,66,174,1,1,1
274,7,954,287,66,175,1,1,1
275,7,952,286,66,176,1,1,1
276,7,945,288,65,174,1,1,1
277,7,939,290,63,173,1,1,1
278,7,933,292,62,172,1,1,1
279,7,924,290,63,174,1,1,1
280,7,915,288,64,176,1,1,1
281,7,906,287,65,177,1,1,1
282,7,897,285,66,179,1,1,1
283,7,888,284,68,180,1,1,1
284,7,883,283,68,179,1,1,1
285,7,878,282,68,178,1,1,1
286,7,873,281,68,178,1,1,1
287,7,868,280,68,177,1,1,1
288,7,863,279,69,177,1,1,1
289,7,862,276,70,180,1,1,1
290,7,862,273,70,184,1,1,1
291,7,862,270,70,188,1,1,1
292,7,859,268,70,189,1,1,1
293,7,857,267,70,189,1,1,1
294,7,854,265,70,190,1,1,1
295,7,852,264,70,190,1,1,1
296,7,851,259,70,191,1,1,1
297,7,850,254,71,192,1,1,1
298,7,849,250,72,193,1,1,1
299,7,845,249,72,194,1,1,1
300,7,841,249,72,195,1,1,1
301,7,837,248,72,196,1,1,1
302,7,833,248,72,197,1,1,1
303,7,830,248,72,198,1,1,1
304,7,824,247,73,199,1,1,1
305,7,819,247,73,199,1,1,1
306,7,814,247,73,200,1,1,1
307,7,809,247,73,200,1,1,1
308,7,804,247,74,201,1,1,1
309,7,800,249,74,202,1,1,1
310,7,796,251,74,203,1,1,1
311,7,792,254,74,204,1,1,1
312,7,788,254,74,205,1,1,1
313,7,784,255,75,206,1,1,1
314,7,780,255,75,207,1,1,1
315,7,776,256,76,208,1,1,1
316,7,778,257,74,210,1,1,1
317,7,780,258,72,213,1,1,1
318,7,782,259,70,216,1,1,1
319,7,780,256,73,217,1,1,1
320,7,778,253,76,218,1,1,1
321,7,776,250,79,219,1,1,1
322,7,774,248,82,220,1,1,1
323,7,770,247,84,221,1,1,1
324,7,770,246,83,223,1,1,1
325,7,771,246,82,225,1,1,1
326,7,772,245,80,227,1,1,1
327,7,773,245,79,229,1,1,1
328,7,776,254,77,228,1,1,1
1,8,550,436,60,170,1,1,1
2,8,544,436,61,170,1,1,1
3,8,539,437,61,170,1,1,1
4,8,533,437,62,170,1,1,0.66667
5,8,528,438,62,170,1,1,0.66667
6,8,523,438,62,171,1,1,0.66667
7,8,518,439,62,171,1,1,0.66667
8,8,513,439,62,172,1,1,0.66667
9,8,508,440,62,172,1,1,0.66667
10,8,506,440,58,172,1,1,1
11,8,504,440,54,172,1,1,1
12,8,496,440,58,173,1,1,1
13,8,488,440,62,174,1,1,1
14,8,481,440,62,175,1,1,1
15,8,475,440,62,176,1,1,1
16,8,468,440,62,177,1,1,1
17,8,462,440,62,178,1,1,1
18,8,453,441,61,177,1,1,1
19,8,444,443,61,176,1,1,1
20,8,435,445,61,175,1,1,1
21,8,426,447,61,174,1,1,1
22,8,414,448,61,175,1,1,0.8871
23,8,402,450,61,176,1,1,1
24,8,390,452,61,177,1,1,1
25,8,378,454,62,178,1,1,1
26,8,356,455,62,179,1,1,1
27,8,335,457,62,179,1,1,1
28,8,313,458,62,180,1,1,1
29,8,292,460,62,180,1,1,1
30,8,272,457,62,179,1,1,1
31,8,253,455,62,177,1,1,0.98413
32,8,238,457,63,178,1,1,0.98438
33,8,223,459,64,179,1,1,1
34,8,209,461,64,181,1,1,1
35,8,196,463,64,182,1,1,1
36,8,184,465,64,183,1,1,1
37,8,172,467,64,184,1,1,1
38,8,161,466,65,183,1,1,1
39,8,150,466,67,182,1,1,1
40,8,139,465,68,181,1,1,1
41,8,129,465,69,180,1,1,1
42,8,121,463,68,182,1,1,0.86957
43,8,113,462,67,183,1,1,0.73529
44,8,105,461,66,184,1,1,0.59701
45,8,98,460,64,186,1,1,0.44615
46,8,88,459,64,187,1,1,0.33846
47,8,78,459,64,187,1,1,0.26154
48,8,68,458,64,188,1,1,0.2
49,8,58,458,64,188,1,1,0.13846
50,8,49,457,65,189,1,1,0.060606
51,8,40,457,67,189,1,1,0
52,8,31,457,69,189,1,1,0
53,8,22,457,71,189,1,1,0
98,9,1795,388,177,495,1,1,0.15169
99,9,1795,382,169,505,1,1,0.74118
100,9,1795,376,161,515,1,1,0.77778
101,9,1796,371,152,524,1,1,0.81699
102,9,1782,371,164,527,1,1,0.84242
103,9,1768,371,176,531,1,1,0.86441
104,9,1733,373,207,535,1,1,0.90385
105,9,1698,376,239,538,1,1,0.92917
106,9,1688,379,242,535,1,1,0.95885
107,9,1679,383,245,531,1,1,0.98374
108,9,1684,386,245,533,1,1,0.96341
109,9,1689,390,246,534,1,1,0.93927
110,9,1694,394,247,536,1,1,0.91532
111,9,1697,387,236,537,1,1,0.94515
112,9,1700,380,225,539,1,1,0.97788
113,9,1704,373,214,541,1,1,1
114,9,1710,370,200,543,1,1,1
115,9,1717,367,186,545,1,1,1
116,9,1724,364,172,547,1,1,1
117,9,1731,362,158,548,1,1,1
118,9,1718,365,173,552,1,1,1
119,9,1706,368,188,557,1,1,1
120,9,1707,369,203,561,1,1,1
121,9,1709,370,217,565,1,1,0.97248
122,9,1717,370,218,565,1,1,0.93151
123,9,1725,371,220,565,1,1,0.88688
124,9,1733,371,222,565,1,1,0.84305
125,9,1742,372,223,565,1,1,0.79911
126,9,1754,363,208,565,1,1,0.79904
127,9,1766,355,194,564,1,1,0.79487
128,9,1778,347,179,563,1,1,0.79444
129,9,1790,339,165,563,1,1,0.78916
130,9,1792,337,167,564,1,1,0.76786
131,9,1794,336,169,565,1,1,0.74706
132,9,1778,337,203,566,1,1,0.70098
133,9,1762,338,237,567,1,1,0.66807
134,9,1746,340,271,568,1,1,0.64338
135,9,1753,337,265,570,1,1,0.63158
136,9,1760,335,259,572,1,1,0.61923
137,9,1768,333,252,574,1,1,0.60474
138,9,1775,331,246,575,1,1,0.59109
139,9,1783,329,239,577,1,1,0.575
140,9,1790,327,233,579,1,1,0.55983
141,9,1798,325,226,581,1,1,0.54185
142,9,1809,324,215,584,1,1,0.51852
143,9,1821,323,203,587,1,1,0.4902
144,9,1833,322,191,590,1,1,0.45833
145,9,1845,321,180,594,1,1,0.41989
146,9,1832,321,183,592,1,1,0.4837
147,9,1819,321,187,591,1,1,0.54255
148,9,1806,321,191,589,1,1,0.59896
149,9,1794,322,194,587,1,1,0.65128
150,9,1796,320,194,589,1,1,0.64103
151,9,1798,318,194,591,1,1,0.63077
152,9,1801,316,193,593,1,1,0.61856
153,9,1803,314,193,595,1,1,0.60825
154,9,1806,312,192,598,1,1,0.59585
155,9,1792,312,198,602,1,1,0.64824
156,9,1778,312,205,606,1,1,0.69417
157,9,1764,312,211,610,1,1,0.74057
158,9,1750,312,218,614,1,1,0.78082
159,9,1736,312,224,618,1,1,0.82222
160,9,1722,312,231,622,1,1,0.85776
161,9,1708,312,238,627,1,1,0.89121
162,9,1697,315,239,626,1,1,0.93333
163,9,1686,318,240,625,1,1,0.9751
164,9,1686,311,229,617,1,1,1
165,9,1686,304,218,610,1,1,1
166,9,1674,303,214,612,1,1,1
167,9,1662,302,211,614,1,1,1
168,9,1650,301,207,616,1,1,1
169,9,1638,300,204,618,1,1,1
170,9,1637,301,188,612,1,1,1
171,9,1636,302,173,606,1,1,1
172,9,1616,301,185,615,1,1,1
173,9,1596,300,198,624,1,1,1
174,9,1587,300,198,626,1,1,1
175,9,1578,300,199,628,1,1,1
176,9,1569,300,199,630,1,1,1
177,9,1560,300,200,632,1,1,1
178,9,1552,300,195,633,1,1,1
179,9,1545,300,190,634,1,1,1
180,9,1537,300,186,635,1,1,1
181,9,1530,301,181,635,1,1,1
182,9,1525,297,179,624,1,1,1
183,9,1520,294,177,612,1,1,1
184,9,1503,298,190,627,1,1,1
185,9,1486,302,204,642,1,1,1
186,9,1477,302,204,644,1,1,1
187,9,1468,302,205,646,1,1,1
188,9,1459,302,205,648,1,1,1
189,9,1450,302,206,650,1,1,1
190,9,1423,303,222,647,1,1,1
191,9,1397,304,238,645,1,1,1
192,9,1407,305,223,649,1,1,1
193,9,1418,306,208,654,1,1,1
194,9,1411,307,208,655,1,1,1
195,9,1404,308,209,657,1,1,1
196,9,1397,309,209,658,1,1,1
197,9,1390,310,210,660,1,1,1
198,9,1392,312,202,657,1,1,1
199,9,1394,314,195,655,1,1,1
200,9,1396,316,187,653,1,1,1
201,9,1398,319,180,650,1,1,1
202,9,1393,319,189,655,1,1,1
203,9,1388,319,198,661,1,1,1
204,9,1383,319,207,667,1,1,1
205,9,1378,320,216,672,1,1,1
206,9,1382,322,217,673,1,1,1
207,9,1386,324,218,674,1,1,1
208,9,1390,326,219,675,1,1,1
209,9,1394,328,220,676,1,1,1
210,9,1409,333,197,671,1,1,1
211,9,1424,338,175,666,1,1,1
212,9,1411,337,199,674,1,1,1
213,9,1398,336,224,682,1,1,1
214,9,1397,338,224,683,1,1,1
215,9,1396,340,225,685,1,1,1
216,9,1395,342,225,686,1,1,1
217,9,1394,344,226,688,1,1,1
218,9,1392,346,222,690,1,1,1
219,9,1391,349,217,691,1,1,1
220,9,1389,351,213,693,1,1,1
221,9,1388,354,209,695,1,1,1
222,9,1387,351,214,695,1,1,1
223,9,1387,349,218,694,1,1,1
224,9,1386,346,223,694,1,1,1
225,9,1386,344,228,694,1,1,1
226,9,1385,342,228,693,1,1,1
227,9,1385,340,227,693,1,1,1
228,9,1384,338,227,692,1,1,1
229,9,1384,336,226,692,1,1,1
230,9,1369,337,221,699,1,1,1
231,9,1354,338,216,706,1,1,1
232,9,1368,333,221,699,1,1,1
233,9,1382,328,226,692,1,1,1
234,9,1381,326,226,691,1,1,1
235,9,1381,324,225,691,1,1,1
236,9,1380,322,225,690,1,1,1
237,9,1380,320,224,690,1,1,1
238,9,1382,316,218,691,1,1,1
239,9,1384,312,212,692,1,1,1
240,9,1386,308,206,693,1,1,1
241,9,1389,305,199,694,1,1,1
242,9,1386,304,206,695,1,1,1
243,9,1383,304,214,696,1,1,0.98605
244,9,1380,304,221,697,1,1,0.97297
245,9,1378,304,228,698,1,1,0.95633
246,9,1378,302,229,700,1,1,0.98261
247,9,1378,300,231,702,1,1,1
248,9,1378,298,232,704,1,1,1
249,9,1378,296,234,706,1,1,1
250,9,1377,301,228,720,1,1,1
251,9,1377,306,221,734,1,1,1
252,9,1377,296,231,725,1,1,1
253,9,1378,286,240,716,1,1,1
254,9,1378,284,241,718,1,1,1
255,9,1379,282,242,721,1,1,1
256,9,1379,280,243,723,1,1,1
257,9,1380,278,244,726,1,1,1
258,9,1390,280,238,728,1,1,1
259,9,1400,283,233,729,1,1,1
260,9,1410,285,228,731,1,1,1
261,9,1421,288,222,733,1,1,1
262,9,1422,285,228,734,1,1,1
263,9,1424,282,234,735,1,1,1
264,9,1426,279,240,736,1,1,1
265,9,1428,276,246,738,1,1,1
266,9,1445,270,232,724,1,1,1
267,9,1462,265,219,709,1,1,1
268,9,1453,263,231,726,1,1,1
269,9,1444,262,244,742,1,1,1
270,9,1449,259,243,738,1,1,1
271,9,1455,256,241,735,1,1,1
272,9,1450,254,241,740,1,1,1
273,9,1446,252,240,746,1,1,1
274,9,1447,256,239,747,1,1,1
275,9,1449,261,238,748,1,1,1
276,9,1451,266,237,749,1,1,1
277,9,1453,271,236,750,1,1,1
278,9,1443,266,238,737,1,1,1
279,9,1434,261,239,725,1,1,1
280,9,1425,256,240,713,1,1,1
281,9,1416,252,241,700,1,1,1
282,9,1419,247,240,714,1,1,1
283,9,1423,243,239,728,1,1,1
284,9,1426,238,239,742,1,1,1
285,9,1430,234,238,756,1,1,0.99163
286,9,1423,235,234,746,1,1,1
287,9,1416,237,230,736,1,1,1
288,9,1429,233,236,748,1,1,1
289,9,1442,230,242,760,1,1,0.9465
290,9,1446,231,232,749,1,1,1
291,9,1450,232,222,739,1,1,1
292,9,1459,225,220,731,1,1,1
293,9,1469,219,218,723,1,1,1
294,9,1477,211,217,725,1,1,1
295,9,1486,204,216,726,1,1,1
296,9,1495,197,215,727,1,1,1
297,9,1504,190,214,729,1,1,0.97674
298,9,1495,191,225,736,1,1,0.9115
299,9,1487,193,235,742,1,1,0.85169
300,9,1478,194,246,749,1,1,0.89474
301,9,1470,196,257,756,1,1,0.93023
302,9,1470,202,254,752,1,1,0.98039
303,9,1471,209,251,748,1,1,1
304,9,1471,199,249,761,1,1,1
305,9,1472,190,246,774,1,1,1
306,9,1474,201,240,751,1,1,1
307,9,1477,213,233,727,1,1,1
308,9,1470,201,237,753,1,1,1
309,9,1464,190,240,778,1,1,1
310,9,1477,198,228,758,1,1,1
311,9,1491,206,215,738,1,1,1
312,9,1499,209,210,749,1,1,1
313,9,1508,212,205,760,1,1,1
314,9,1512,216,210,762,1,1,1
315,9,1516,220,216,764,1,1,1
316,9,1520,224,222,766,1,1,1
317,9,1525,228,227,768,1,1,1
318,9,1535,223,224,769,1,1,1
319,9,1546,219,220,770,1,1,1
320,9,1557,215,216,770,1,1,1
321,9,1568,211,213,771,1,1,1
322,9,1574,210,214,776,1,1,1
323,9,1580,209,216,781,1,1,1
324,9,1586,208,218,786,1,1,1
325,9,1592,208,220,790,1,1,1
326,9,1590,199,245,799,1,1,1
327,9,1589,191,269,808,1,1,1
328,9,1605,201,244,801,1,1,1
168,10,1870,293,222,632,1,1,0.2287
169,10,1858,288,212,633,1,1,0.29577
170,10,1846,283,203,635,1,1,0.36765
171,10,1834,278,193,636,1,1,0.44845
172,10,1823,273,183,638,1,1,0.53261
173,10,1811,271,174,640,1,1,0.62857
174,10,1800,270,164,641,1,1,0.73333
175,10,1769,275,180,642,1,1,0.79199
176,10,1739,280,195,643,1,1,0.78026
177,10,1731,282,207,645,1,1,0.77325
178,10,1723,285,219,646,1,1,0.789
179,10,1724,280,210,649,1,1,0.87853
180,10,1726,276,201,651,1,1,0.96535
181,10,1728,272,192,654,1,1,1
182,10,1724,267,188,643,1,1,1
183,10,1720,262,185,633,1,1,1
184,10,1707,268,205,645,1,1,1
185,10,1694,274,226,658,1,1,1
186,10,1686,274,234,660,1,1,1
187,10,1678,274,242,662,1,1,1
188,10,1670,274,250,664,1,1,1
189,10,1662,274,258,666,1,1,1
190,10,1650,280,254,664,1,1,1
191,10,1638,286,250,662,1,1,1
192,10,1626,292,246,660,1,1,0.98016
193,10,1615,299,242,657,1,1,0.95114
194,10,1615,298,250,662,1,1,0.98035
195,10,1616,297,257,667,1,1,1
196,10,1617,296,264,672,1,1,1
197,10,1618,296,272,676,1,1,1
198,10,1619,297,272,678,1,1,1
199,10,1620,298,272,680,1,1,1
200,10,1621,299,272,682,1,1,1
201,10,1622,300,272,684,1,1,1
202,10,1625,307,234,679,1,1,1
203,10,1628,314,197,675,1,1,1
204,10,1627,310,235,682,1,1,1
205,10,1626,306,274,690,1,1,1
206,10,1627,307,274,692,1,1,1
207,10,1628,309,275,693,1,1,1
208,10,1629,310,275,695,1,1,1
209,10,1630,312,276,696,1,1,1
210,10,1642,311,259,693,1,1,1
211,10,1655,311,242,690,1,1,1
212,10,1668,310,224,687,1,1,1
213,10,1681,310,207,684,1,1,1
214,10,1670,313,225,690,1,1,1
215,10,1659,316,244,697,1,1,1
216,10,1648,319,262,703,1,1,1
217,10,1638,322,280,710,1,1,1
218,10,1637,321,281,712,1,1,1
219,10,1637,321,281,713,1,1,1
220,10,1636,320,282,715,1,1,1
221,10,1636,320,282,716,1,1,1
222,10,1639,328,261,712,1,1,1
223,10,1643,336,240,709,1,1,1
224,10,1637,325,262,716,1,1,1
225,10,1632,314,284,724,1,1,1
226,10,1631,313,285,725,1,1,1
227,10,1630,312,286,727,1,1,1
228,10,1629,311,287,728,1,1,1
229,10,1628,310,288,730,1,1,1
230,10,1632,315,273,730,1,1,1
231,10,1637,321,258,730,1,1,1
232,10,1641,327,244,729,1,1,1
233,10,1646,333,229,729,1,1,1
234,10,1639,324,245,733,1,1,1
235,10,1633,316,260,737,1,1,1
236,10,1626,308,276,740,1,1,1
237,10,1620,300,292,744,1,1,1
238,10,1622,298,285,741,1,1,1
239,10,1624,296,278,739,1,1,1
240,10,1626,294,271,737,1,1,1
241,10,1629,292,264,735,1,1,1
242,10,1612,289,285,743,1,1,1
243,10,1595,286,307,752,1,1,1
244,10,1596,291,309,753,1,1,1
245,10,1597,296,311,755,1,1,1
246,10,1604,299,306,755,1,1,1
247,10,1611,302,302,756,1,1,1
248,10,1618,305,297,757,1,1,1
249,10,1626,308,292,758,1,1,1
250,10,1633,300,283,753,1,1,1
251,10,1641,293,273,748,1,1,1
252,10,1649,286,263,743,1,1,1
253,10,1657,279,254,738,1,1,1
254,10,1663,278,259,744,1,1,0.99231
255,10,1669,277,265,750,1,1,0.94737
256,10,1675,276,270,756,1,1,0.90775
257,10,1681,275,276,762,1,1,0.86643
258,10,1682,276,276,765,1,1,0.86282
259,10,1684,277,275,768,1,1,0.8587
260,10,1692,275,274,771,1,1,0.83273
261,10,1700,273,273,774,1,1,0.80657
262,10,1708,272,273,777,1,1,0.77737
263,10,1716,267,268,773,1,1,0.76208
264,10,1724,262,263,769,1,1,0.74621
265,10,1733,257,258,766,1,1,0.72587
266,10,1737,246,260,769,1,1,0.70498
267,10,1742,236,262,771,1,1,0.68061
268,10,1727,236,270,774,1,1,0.71587
269,10,1712,236,279,777,1,1,0.74643
270,10,1698,237,287,780,1,1,0.77431
271,10,1699,239,288,781,1,1,0.76817
272,10,1700,242,289,782,1,1,0.76207
273,10,1701,245,291,783,1,1,0.75342
274,10,1704,244,283,783,1,1,0.76408
275,10,1707,244,275,782,1,1,0.77536
276,10,1710,244,267,781,1,1,0.78731
277,10,1713,244,259,780,1,1,0.8
278,10,1717,244,250,779,1,1,0.81275
279,10,1712,226,253,787,1,1,0.82283
280,10,1707,208,256,795,1,1,0.83268
281,10,1702,191,259,803,1,1,0.84231
282,10,1691,202,262,792,1,1,0.87452
283,10,1680,214,265,781,1,1,0.90602
284,10,1673,210,271,788,1,1,0.91176
285,10,1667,206,276,795,1,1,0.91697
286,10,1661,203,281,801,1,1,0.92199
287,10,1664,204,282,802,1,1,0.90813
288,10,1668,205,282,803,1,1,0.89399
289,10,1672,206,283,805,1,1,0.87676
290,10,1682,202,269,803,1,1,0.88519
291,10,1692,199,255,800,1,1,0.89453
292,10,1702,190,254,792,1,1,0.85882
293,10,1712,181,253,785,1,1,0.82283
294,10,1723,173,251,777,1,1,0.78571
295,10,1725,167,252,786,1,1,0.7747
296,10,1727,161,253,795,1,1,0.76378
297,10,1714,161,260,802,1,1,0.7931
298,10,1701,162,267,808,1,1,0.8209
299,10,1688,163,275,815,1,1,0.8442
300,10,1699,168,282,814,1,1,0.78445
301,10,1710,173,290,814,1,1,0.72509
302,10,1720,180,291,817,1,1,0.68836
303,10,1730,188,292,820,1,1,0.65188
304,10,1737,187,278,814,1,1,0.6595
305,10,1744,186,265,808,1,1,0.66541
306,10,1751,186,252,801,1,1,0.67194
307,10,1747,185,257,797,1,1,0.67442
308,10,1743,184,262,793,1,1,0.67681
309,10,1740,183,266,789,1,1,0.6779
310,10,1737,187,275,797,1,1,0.66667
311,10,1734,191,284,805,1,1,0.65614
312,10,1731,195,293,813,1,1,0.64626
313,10,1729,200,301,821,1,1,0.63576
314,10,1742,198,298,820,1,1,0.59866
315,10,1756,197,295,818,1,1,0.55743
316,10,1770,196,292,816,1,1,0.51536
317,10,1784,195,288,814,1,1,0.47405
318,10,1798,194,285,812,1,1,0.43007
319,10,1811,192,283,811,1,1,0.38732
320,10,1825,191,279,809,1,1,0.34286
321,10,1839,190,276,807,1,1,0.29603
322,10,1853,189,273,805,1,1,0.24818
41,11,288,448,69,164,1,1,0.23896
42,11,280,447,69,165,1,1,0.25215
43,11,272,446,69,166,1,1,0.26399
44,11,264,445,70,167,1,1,0.28555
45,11,256,444,70,169,1,1,0.28169
46,11,249,443,70,170,1,1,0.32617
47,11,241,442,70,171,1,1,0.3436
48,11,233,441,70,173,1,1,0.37567
49,11,225,440,71,174,1,1,0.40286
50,11,217,439,71,175,1,1,0.42361
51,11,210,438,71,177,1,1,0.44725
52,11,201,437,71,178,1,1,0.45577
53,11,193,436,71,179,1,1,0.46914
54,11,184,435,72,181,1,1,0.47614
55,11,176,434,72,182,1,1,0.48911
56,11,167,433,73,184,1,1,0.49576
57,11,159,432,72,185,1,1,0.50184
58,11,150,431,73,186,1,1,0.5112
59,11,142,430,73,188,1,1,0.52646
60,11,133,429,74,189,1,1,0.52533
61,11,125,428,74,191,1,1,0.53028
62,11,120,426,74,192,1,1,0.53009
63,11,115,425,75,193,1,1,0.52123
64,11,111,424,74,193,1,1,0.51216
65,11,106,423,75,194,1,1,0.59852
66,11,102,422,74,194,1,1,0.55221
67,11,97,421,75,195,1,1,0.50456
68,11,92,420,75,195,1,1,0.47751
69,11,88,419,75,196,1,1,0.4622
70,11,83,418,75,196,1,1,0.49886
71,11,79,417,75,197,1,1,0.55004
72,11,71,415,76,200,1,1,0.54578
73,11,64,414,77,202,1,1,0.55362
74,11,57,413,77,204,1,1,0.5439
75,11,50,412,78,206,1,1,0.55849
76,11,44,411,79,207,1,1,0.58678
77,11,39,411,80,207,1,1,0.61254
78,11,33,410,81,208,1,1,0.63776
79,11,28,410,82,208,1,1,0.67401
80,11,25,409,83,208,1,1,0.72232
81,11,22,408,84,209,1,1,0.79031
82,11,14,408,85,209,1,1,0.80166
83,11,6,408,86,210,1,1,1
84,11,2,406,86,210,1,1,1
85,11,-1,404,85,211,1,1,0.97674
86,11,-5,402,85,211,1,1,0.93023
87,11,-8,401,84,211,1,1,0.89412
88,11,-11,400,83,211,1,1,0.85714
89,11,-14,399,83,212,1,1,0.77381
90,11,-17,399,83,212,1,1,0.59524
91,11,-20,398,82,212,1,1,0.43373
92,11,-23,397,82,213,1,1,0.25301
93,11,-26,397,82,213,1,1,0.084337
94,11,-28,396,80,213,1,1,0
95,11,-31,396,80,213,1,1,0
96,11,-34,395,80,214,1,1,0
97,11,-37,394,79,214,1,1,0
98,11,-40,394,79,214,1,1,0
99,11,-43,393,79,215,1,1,0
100,11,-45,393,78,215,1,1,0
101,11,-51,392,81,215,1,1,0
102,11,-56,391,84,216,1,1,0
103,11,-56,389,84,217,1,1,0
104,11,-55,388,84,217,1,1,0
105,11,-55,386,85,218,1,1,0
106,11,-54,385,85,219,1,1,0
107,11,-53,384,84,219,1,1,0
108,11,-52,383,84,220,1,1,0
109,11,-51,382,84,221,1,1,0
110,11,-50,381,84,222,1,1,0
111,11,-49,380,83,222,1,1,0
112,11,-48,379,83,223,1,1,0
113,11,-47,378,83,224,1,1,0
114,11,-45,378,82,224,1,1,0
115,11,-47,377,85,225,1,1,0.069767
116,11,-49,377,89,225,1,1,0.44444
117,11,-48,376,90,226,1,1,0.46154
118,11,-47,376,91,226,1,1,0.47826
119,11,-58,380,93,229,1,1,0.37234
120,11,-68,385,94,231,1,1,0.27368
121,11,-53,382,96,233,1,1,0.4433
122,11,-37,380,97,235,1,1,0.61224
123,11,-31,378,96,235,1,1,0.6701
124,11,-24,377,94,235,1,1,0.73684
125,11,-17,376,92,234,1,1,0.80645
126,11,-10,375,91,234,1,1,0.88043
127,11,-7,373,94,234,1,1,0.91579
128,11,-4,371,98,235,1,1,0.94949
129,11,0,370,101,235,1,1,0.9902
130,11,8,368,99,236,1,1,1
131,11,16,366,98,237,1,1,1
132,11,24,365,97,238,1,1,1
133,11,21,365,97,238,1,1,1
134,11,18,365,98,238,1,1,1
135,11,16,366,98,238,1,1,1
136,11,22,360,100,239,1,1,1
137,11,29,355,102,239,1,1,1
138,11,36,350,104,239,1,1,1
139,11,43,345,106,240,1,1,1
140,11,44,345,106,241,1,1,1
141,11,46,346,105,242,1,1,1
142,11,48,346,104,243,1,1,1
143,11,50,347,103,244,1,1,1
144,11,50,349,103,244,1,1,1
145,11,50,351,104,245,1,1,1
146,11,50,354,105,245,1,1,1
147,11,54,354,106,244,1,1,1
148,11,63,354,106,241,1,1,1
149,11,67,357,106,238,1,1,1
150,11,60,351,107,243,1,1,1
151,11,54,346,108,248,1,1,1
152,11,56,345,109,248,1,1,1
153,11,59,344,110,249,1,1,1
154,11,61,343,111,249,1,1,1
155,11,64,342,112,250,1,1,1
156,11,60,341,113,250,1,1,1
157,11,57,340,113,251,1,1,1
158,11,53,339,114,252,1,1,1
159,11,50,339,114,252,1,1,1
160,11,38,339,115,253,1,1,1
161,11,27,340,115,253,1,1,1
162,11,16,341,115,254,1,1,1
163,11,5,342,115,254,1,1,1
164,11,-6,343,115,255,1,1,0.93966
165,11,-18,343,116,256,1,1,0.83761
166,11,-29,344,116,256,1,1,0.74359
167,11,-40,345,116,257,1,1,0.64957
168,11,-51,346,116,257,1,1,0.55556
1,12,960,416,39,110,1,1,0.82342
2,12,955,417,39,110,1,1,0.82342
3,12,950,418,39,110,1,1,0.82342
4,12,945,419,40,111,1,1,0.80597
5,12,940,420,40,111,1,1,0.80597
6,12,936,421,40,112,1,1,0.80574
7,12,931,422,40,112,1,1,0.80574
8,12,926,423,41,113,1,1,0.78906
9,12,921,424,41,113,1,1,0.78906
10,12,917,426,41,113,1,1,0.76566
11,12,912,426,41,113,1,1,0.79114
12,12,907,426,41,114,1,1,0.74907
13,12,902,426,42,114,1,1,0.71689
14,12,898,427,41,114,1,1,0.68944
15,12,893,427,41,114,1,1,0.64803
16,12,888,427,42,115,1,1,0.31596
17,12,883,427,42,115,1,1,0.31716
18,12,879,428,42,115,1,1,0.2903
19,12,867,430,42,115,1,1,0.32739
20,12,856,432,42,115,1,1,0.75461
21,12,845,434,42,115,1,1,0.85545
22,12,833,436,43,115,1,1,0.73511
23,12,822,438,43,115,1,1,0.60913
24,12,811,440,43,115,1,1,0.4857
25,12,800,443,43,115,1,1,0.35012
26,12,785,442,44,116,1,1,0.34188
27,12,771,442,44,116,1,1,0.28889
28,12,757,442,44,117,1,1,0.23616
29,12,743,442,44,117,1,1,0.19322
30,12,729,442,44,118,1,1,0.14286
31,12,715,442,44,118,1,1,0.15966
32,12,701,442,44,119,1,1,0.15833
33,12,694,441,44,120,1,1,0.16529
34,12,687,441,44,120,1,1,0.16529
35,12,680,441,44,120,1,1,0.17355
36,12,673,441,44,120,1,1,0.17355
37,12,666,441,44,121,1,1,0.17213
38,12,659,441,44,121,1,1,0.18033
39,12,652,441,44,121,1,1,0.18033
40,12,645,441,44,121,1,1,0.18033
41,12,638,441,44,121,1,1,0.18852
42,12,631,441,44,122,1,1,0.17073
43,12,624,441,44,122,1,1,0.15447
44,12,617,441,44,122,1,1,0.14634
45,12,610,441,44,122,1,1,0.13008
46,12,603,441,44,122,1,1,0.12195
47,12,597,441,43,123,1,1,0.10484
48,12,591,440,43,123,1,1,0.096774
49,12,586,439,43,123,1,1,0.096774
50,12,580,438,44,123,1,1,0.08871
51,12,575,437,44,124,1,1,0.088
52,12,570,436,44,124,1,1,0.088
53,12,564,435,44,124,1,1,0.096
54,12,559,434,44,125,1,1,0.10317
55,12,553,433,45,125,1,1,0.10317
56,12,548,432,45,125,1,1,0.11111
57,12,543,431,45,126,1,1,0.11811
58,12,538,431,46,126,1,1,0.11024
59,12,534,431,46,126,1,1,0.11024
60,12,530,431,47,127,1,1,0.10938
61,12,526,431,47,127,1,1,0.10938
62,12,522,431,48,128,1,1,0.13748
63,12,518,431,48,128,1,1,0.19253
64,12,514,432,49,128,1,1,0.25628
65,12,510,430,49,128,1,1,0.31659
66,12,507,428,48,128,1,1,0.38681
67,12,503,426,49,129,1,1,0.46108
68,12,500,424,48,129,1,1,0.52527
69,12,496,422,48,129,1,1,0.58556
70,12,493,421,48,129,1,1,0.64678
71,12,490,421,48,128,1,1,0.66208
72,12,487,421,49,128,1,1,0.68791
73,12,484,421,49,128,1,1,0.69721
74,12,481,421,50,128,1,1,0.72762
75,12,479,421,49,128,1,1,0.74326
76,12,476,421,50,128,1,1,0.74829
77,12,473,421,50,128,1,1,0.7337
78,12,470,421,51,128,1,1,0.73524
79,12,467,421,51,128,1,1,0.72048
80,12,465,422,51,127,1,1,0.72596
81,12,460,420,54,128,1,1,0.71459
82,12,455,419,57,128,1,1,0.69928
83,12,450,417,60,129,1,1,0.68272
84,12,446,416,62,130,1,1,0.66824
85,12,441,414,62,131,1,1,0.64009
86,12,436,413,62,131,1,1,0.61039
87,12,431,411,62,132,1,1,0.59327
88,12,426,410,62,132,1,1,0.56558
89,12,421,410,55,132,1,1,0.47368
90,12,417,410,47,132,1,1,0.47368
91,12,412,407,55,133,1,1,0.49254
92,12,408,404,62,134,1,1,0.4963
93,12,404,403,62,134,1,1,0.48889
94,12,401,402,62,134,1,1,0.48148
95,12,397,401,62,134,1,1,0.47407
96,12,394,400,62,134,1,1,0.47407
97,12,399,397,54,133,1,1,0.48507
98,12,405,394,45,133,1,1,0.49254
99,12,401,391,45,133,1,1,0.5
100,12,398,388,45,134,1,1,0.5037
101,12,390,388,48,135,1,1,0.49265
102,12,383,388,51,136,1,1,0.48175
103,12,375,388,55,137,1,1,0.47826
104,12,368,388,58,138,1,1,0.47482
105,12,368,387,54,138,1,1,0.48201
106,12,368,386,50,138,1,1,0.48921
107,12,368,385,46,138,1,1,0.48921
108,12,368,385,43,137,1,1,0.49275
109,12,359,385,46,137,1,1,0.49275
110,12,351,386,49,137,1,1,0.48551
111,12,350,385,54,137,1,1,0.49275
112,12,350,384,58,138,1,1,0.4964
113,12,351,385,58,138,1,1,0.48921
114,12,352,386,59,139,1,1,0.48571
115,12,353,387,59,139,1,1,0.53071
116,12,354,388,60,140,1,1,0.57842
117,12,353,393,53,135,1,1,0.65741
118,12,352,398,46,131,1,1,0.77031
119,12,357,399,49,136,1,1,0.76642
120,12,363,401,51,141,1,1,1
121,12,370,396,54,142,1,1,0.74978
122,12,377,392,58,142,1,1,0.73782
123,12,384,388,61,142,1,1,0.73427
124,12,392,384,64,142,1,1,0.72512
125,12,402,383,63,142,1,1,0.70487
126,12,412,382,62,142,1,1,0.68398
127,12,422,381,61,142,1,1,0.66242
128,12,433,381,60,141,1,1,0.62918
129,12,441,381,58,141,1,1,0.6202
130,12,449,382,57,141,1,1,0.60321
131,12,453,376,63,141,1,1,0.64062
132,12,458,370,68,142,1,1,0.64853
133,12,465,369,68,142,1,1,0.62937
134,12,472,368,68,143,1,1,0.61413
135,12,479,367,68,143,1,1,0.5942
136,12,486,366,68,144,1,1,0.58411
137,12,501,362,59,143,1,1,0.53009
138,12,516,359,50,141,1,1,0.52817
139,12,522,356,49,140,1,1,0.53901
140,12,528,353,49,139,1,1,0.55
141,12,531,354,54,142,1,1,0.52448
142,12,535,356,59,144,1,1,0.50345
143,12,538,358,65,146,1,1,0.48299
144,12,542,360,70,148,1,1,1
145,12,550,359,68,147,1,1,0.47973
146,12,558,359,66,145,1,1,0.49315
147,12,566,359,64,143,1,1,0.5
148,12,575,359,61,141,1,1,0.50704
149,12,583,356,60,141,1,1,0.53521
150,12,592,354,59,141,1,1,0.5493
151,12,591,353,65,146,1,1,0.54422
152,12,590,352,72,152,1,1,0.52288
153,12,593,351,73,152,1,1,0.52288
154,12,597,350,73,153,1,1,0.51948
155,12,600,349,74,153,1,1,0.51948
156,12,604,348,74,154,1,1,0.52903
157,12,614,346,66,152,1,1,0.56453
158,12,625,344,58,151,1,1,0.60972
159,12,626,344,60,150,1,1,0.63522
160,12,628,344,62,149,1,1,0.66667
161,12,619,343,65,151,1,1,0.61782
162,12,611,343,68,153,1,1,0.63091
163,12,602,342,71,156,1,1,0.63217
164,12,594,342,74,158,1,1,0.64226
165,12,591,342,74,157,1,1,0.67333
166,12,589,342,74,156,1,1,0.71516
167,12,587,342,73,155,1,1,0.75
168,12,585,343,73,154,1,1,0.78649
169,12,578,340,66,157,1,1,0.77612
170,12,572,338,59,159,1,1,0.76667
171,12,557,339,66,159,1,1,0.73554
172,12,542,340,74,160,1,1,0.68696
173,12,539,339,74,160,1,1,0.69756
174,12,536,338,75,160,1,1,0.71183
175,12,533,337,75,160,1,1,0.72197
176,12,530,336,76,160,1,1,0.73542
177,12,523,340,75,160,1,1,0.69434
178,12,516,344,75,161,1,1,0.65643
179,12,516,338,74,161,1,1,0.70272
180,12,516,333,73,161,1,1,0.74299
181,12,513,327,74,162,1,1,0.76998
182,12,512,323,74,162,1,1,0.78511
183,12,512,322,72,163,1,1,0.78349
184,12,514,318,76,164,1,1,0.81818
185,12,511,318,76,164,1,1,0.80441
186,12,507,315,77,165,1,1,0.79456
187,12,504,313,77,165,1,1,0.79217
188,12,501,311,78,166,1,1,0.78557
189,12,504,312,74,166,1,1,0.79026
190,12,507,314,70,165,1,1,0.7956
191,12,510,319,75,165,1,1,0.8207
192,12,514,324,80,166,1,1,0.84475
193,12,513,323,80,167,1,1,0.84142
194,12,512,323,81,167,1,1,0.83929
195,12,511,322,81,168,1,1,0.83634
196,12,510,322,82,168,1,1,0.8346
197,12,512,320,70,168,1,1,0.82674
198,12,514,318,59,168,1,1,0.81755
199,12,514,321,63,169,1,1,0.82307
200,12,514,325,68,169,1,1,0.8295
201,12,518,326,73,170,1,1,0.85917
202,12,523,328,77,170,1,1,0.8586
203,12,527,330,82,170,1,1,0.84979
204,12,532,332,86,170,1,1,0.85118
205,12,541,337,80,171,1,1,0.84388
206,12,550,343,75,171,1,1,0.83989
207,12,559,349,69,171,1,1,0.84219
208,12,569,355,63,171,1,1,1
209,12,573,355,65,168,1,1,0.83817
210,12,578,355,67,165,1,1,0.83257
211,12,578,351,77,171,1,1,0.81216
212,12,578,348,88,176,1,1,0.82289
213,12,581,348,88,176,1,1,0.82879
214,12,584,348,88,177,1,1,0.82793
215,12,587,348,88,177,1,1,0.83386
216,12,590,348,88,178,1,1,0.83303
217,12,597,350,83,175,1,1,0.85376
218,12,604,352,78,172,1,1,0.87752
219,12,604,352,79,172,1,1,0.85889
220,12,604,353,81,171,1,1,0.84834
221,12,601,349,84,175,1,1,0.81972
222,12,599,346,86,178,1,1,0.80081
223,12,596,343,89,181,1,1,0.78193
224,12,594,340,92,184,1,1,0.76809
225,12,598,341,89,182,1,1,0.766
226,12,602,343,86,180,1,1,0.76719
227,12,606,344,83,179,1,1,0.76753
228,12,611,346,79,177,1,1,0.7665
229,12,615,345,76,175,1,1,0.77354
230,12,619,344,74,173,1,1,0.78621
231,12,616,335,83,180,1,1,0.78585
232,12,614,326,92,188,1,1,0.79007
233,12,617,324,93,189,1,1,0.79619
234,12,621,323,93,189,1,1,0.80213
235,12,624,321,94,190,1,1,0.80832
236,12,628,320,94,190,1,1,1
237,12,636,320,83,188,1,1,1
238,12,645,320,71,187,1,1,1
239,12,649,319,68,186,1,1,1
240,12,653,318,66,186,1,1,1
241,12,651,315,74,188,1,1,1
242,12,650,313,81,190,1,1,1
243,12,649,310,88,192,1,1,1
244,12,648,308,96,194,1,1,1
245,12,653,306,87,195,1,1,1
246,12,658,305,79,195,1,1,1
247,12,663,304,70,195,1,1,1
248,12,668,303,62,195,1,1,1
249,12,671,304,62,190,1,1,1
250,12,674,305,62,185,1,1,1
251,12,666,301,80,193,1,1,1
252,12,658,298,98,200,1,1,1
253,12,659,297,98,200,1,1,1
254,12,661,296,98,201,1,1,1
255,12,662,295,98,201,1,1,1
256,12,664,294,98,202,1,1,1
257,12,672,293,83,197,1,1,1
258,12,681,292,68,193,1,1,0.80547
259,12,685,292,67,195,1,1,0.80755
260,12,690,292,65,197,1,1,1
261,12,695,293,63,198,1,1,1
262,12,688,290,75,200,1,1,1
263,12,681,287,87,203,1,1,1
264,12,674,284,100,206,1,1,1
265,12,675,283,100,206,1,1,1
266,12,677,282,100,207,1,1,1
267,12,678,281,100,207,1,1,1
268,12,680,280,100,208,1,1,1
269,12,688,278,91,207,1,1,0.79003
270,12,696,277,82,205,1,1,0.8091
271,12,705,276,73,204,1,1,0.8327
272,12,696,276,78,206,1,1,0.82798
273,12,687,276,83,208,1,1,0.82519
274,12,678,276,89,210,1,1,0.82275
275,12,669,276,94,212,1,1,1
276,12,660,276,100,214,1,1,1
277,12,652,275,95,214,1,1,1
278,12,645,275,89,214,1,1,1
279,12,637,274,84,215,1,1,1
280,12,630,274,78,215,1,1,1
281,12,623,274,73,215,1,1,1
282,12,609,272,83,216,1,1,0.72153
283,12,595,271,93,217,1,1,0.71013
284,12,582,270,102,218,1,1,0.69836
285,12,574,268,102,219,1,1,0.69307
286,12,566,266,103,220,1,1,0.68639
287,12,558,264,103,221,1,1,0.68165
288,12,550,262,104,222,1,1,0.6802
289,12,549,261,99,222,1,1,0.68592
290,12,548,260,95,222,1,1,0.69983
291,12,547,260,91,222,1,1,0.70667
292,12,537,258,94,223,1,1,0.66602
293,12,528,256,97,224,1,1,0.63211
294,12,518,255,100,224,1,1,0.5934
295,12,509,253,103,225,1,1,0.56254
296,12,500,252,106,226,1,1,0.52868
297,12,502,249,98,227,1,1,0.52632
298,12,504,247,90,227,1,1,0.52632
299,12,506,245,82,227,1,1,0.52632
300,12,509,243,73,227,1,1,0.52632
301,12,494,242,82,228,1,1,0.51965
302,12,479,241,91,229,1,1,0.52174
303,12,464,240,100,230,1,1,0.52381
304,12,450,240,108,230,1,1,0.52381
305,12,444,238,108,231,1,1,0.53017
306,12,438,237,108,231,1,1,0.53879
307,12,432,235,108,232,1,1,0.54506
308,12,426,234,108,232,1,1,0.54936
309,12,427,233,95,233,1,1,0.55128
310,12,428,233,83,233,1,1,0.55128
311,12,429,233,71,234,1,1,0.55319
312,12,424,234,73,234,1,1,0.55745
313,12,420,236,75,234,1,1,0.55745
314,12,416,237,77,234,1,1,0.5617
315,12,412,239,79,234,1,1,0.5617
316,12,408,241,81,234,1,1,0.5617
317,12,409,242,77,235,1,1,0.56356
318,12,410,243,74,237,1,1,0.56303
319,12,411,244,71,238,1,1,0.56485
320,12,413,246,67,239,1,1,0.5625
321,12,406,244,78,240,1,1,0.58091
322,12,400,243,89,240,1,1,0.58506
323,12,394,241,99,241,1,1,0.59091
324,12,388,240,110,242,1,1,0.59259
325,12,386,241,110,242,1,1,0.58848
326,12,384,242,111,242,1,1,0.58436
327,12,382,243,111,242,1,1,0.58025
328,12,380,244,112,242,1,1,0.57613
1,13,1170,418,38,104,1,1,1
2,13,1164,420,38,104,1,1,1
3,13,1158,422,38,104,1,1,1
4,13,1152,424,38,104,1,1,1
5,13,1146,426,38,104,1,1,1
6,13,1142,426,38,105,1,1,1
7,13,1138,427,38,105,1,1,1
8,13,1134,427,38,106,1,1,1
9,13,1130,428,38,106,1,1,1
10,13,1130,428,38,106,1,1,1
11,13,1131,429,38,106,1,1,1
12,13,1129,428,38,106,1,1,1
13,13,1128,427,38,106,1,1,1
14,13,1120,426,38,107,1,1,1
15,13,1113,426,38,107,1,1,1
16,13,1107,428,38,107,1,1,1
17,13,1102,430,38,108,1,1,1
18,13,1097,432,38,108,1,1,1
19,13,1092,434,38,108,1,1,1
20,13,1087,436,38,108,1,1,1
21,13,1082,439,38,108,1,1,1
22,13,1072,439,38,108,1,1,1
23,13,1062,439,38,108,1,1,1
24,13,1052,440,38,108,1,1,1
25,13,1012,440,38,108,1,1,1
26,13,998,441,38,108,1,1,1
27,13,984,443,39,108,1,1,1
28,13,970,444,39,108,1,1,1
29,13,956,446,40,108,1,1,1
30,13,942,447,40,108,1,1,1
31,13,928,449,40,108,1,1,1
32,13,917,450,40,108,1,1,1
33,13,906,452,40,108,1,1,1
34,13,897,453,40,108,1,1,1
35,13,889,454,40,108,1,1,1
36,13,880,455,40,108,1,1,1
37,13,872,456,40,108,1,1,1
38,13,866,455,39,108,1,1,1
39,13,861,454,37,108,1,1,1
40,13,855,453,36,108,1,1,1
41,13,850,452,34,109,1,1,1
42,13,843,451,36,108,1,1,1
43,13,837,450,37,108,1,1,1
44,13,830,449,39,108,1,1,1
45,13,824,448,40,108,1,1,1
46,13,818,446,40,109,1,1,1
47,13,813,445,40,109,1,1,1
48,13,807,443,40,110,1,1,1
49,13,802,442,40,110,1,1,1
50,13,800,443,36,110,1,1,1
51,13,798,445,33,110,1,1,1
52,13,789,440,36,111,1,1,1
53,13,780,436,40,112,1,1,1
54,13,774,434,40,112,1,1,1
55,13,769,433,40,112,1,1,1
56,13,763,431,40,112,1,1,1
57,13,758,430,40,112,1,1,1
58,13,752,431,40,112,1,1,1
59,13,747,433,40,112,1,1,1
60,13,741,434,40,112,1,1,1
61,13,736,436,40,112,1,1,1
62,13,733,435,40,112,1,1,1
63,13,731,435,40,112,1,1,1
64,13,728,434,40,112,1,1,1
65,13,726,434,40,112,1,1,1
66,13,725,432,40,112,1,1,1
67,13,724,430,40,113,1,1,1
68,13,723,428,40,113,1,1,1
69,13,722,426,40,114,1,1,1
70,13,719,426,38,113,1,1,1
71,13,716,426,37,113,1,1,1
72,13,714,426,38,113,1,1,1
73,13,712,426,40,114,1,1,1
74,13,709,426,41,114,1,1,1
75,13,707,426,41,114,1,1,1
76,13,704,426,42,114,1,1,1
77,13,702,426,42,114,1,1,1
78,13,700,426,41,114,1,1,1
79,13,699,426,40,115,1,1,1
80,13,698,426,39,115,1,1,1
81,13,697,427,38,115,1,1,1
82,13,695,424,39,116,1,1,1
83,13,693,422,40,116,1,1,1
84,13,691,420,41,116,1,1,1
85,13,690,418,42,116,1,1,1
86,13,689,416,42,116,1,1,1
87,13,688,415,42,116,1,1,1
88,13,687,413,42,116,1,1,1
89,13,686,412,42,116,1,1,0.97674
90,13,683,415,41,115,1,1,1
91,13,680,419,41,114,1,1,1
92,13,681,411,41,115,1,1,1
93,13,682,404,42,116,1,1,0.93262
94,13,681,402,42,116,1,1,0.93262
95,13,680,401,42,116,1,1,0.93262
96,13,679,399,42,116,1,1,0.93262
97,13,678,398,42,116,1,1,0.93262
98,13,678,397,42,116,1,1,0.95389
99,13,679,397,42,116,1,1,0.97674
100,13,679,397,42,116,1,1,1
101,13,680,397,42,116,1,1,1
102,13,677,397,42,116,1,1,1
103,13,675,397,42,116,1,1,0.97674
104,13,672,397,42,116,1,1,0.95349
105,13,670,398,42,116,1,1,0.93023
106,13,670,398,42,116,1,1,0.90698
107,13,670,398,42,116,1,1,1
108,13,670,398,42,116,1,1,1
109,13,670,398,42,116,1,1,1
110,13,670,394,42,116,1,1,1
111,13,670,390,42,116,1,1,0.83721
112,13,672,394,42,116,1,1,1
113,13,674,398,42,116,1,1,1
114,13,677,398,41,116,1,1,1
115,13,680,398,41,116,1,1,1
116,13,683,398,40,116,1,1,1
117,13,686,398,40,116,1,1,1
118,13,694,398,40,116,1,1,1
119,13,703,398,40,116,1,1,1
120,13,712,398,40,116,1,1,1
121,13,721,398,40,116,1,1,0.85366
122,13,727,395,40,116,1,1,0.78049
123,13,733,393,40,116,1,1,0.73171
124,13,739,390,40,116,1,1,0.65854
125,13,746,388,40,116,1,1,0.58537
126,13,754,386,40,116,1,1,0.58537
127,13,762,384,40,116,1,1,0.58537
128,13,770,382,40,116,1,1,0.58537
129,13,778,380,40,116,1,1,0.58537
130,13,789,380,41,116,1,1,0.42857
131,13,801,380,41,116,1,1,0.2619
132,13,806,380,42,116,1,1,0.32558
133,13,812,380,42,116,1,1,0.37209
134,13,818,378,42,116,1,1,0.32558
135,13,824,377,42,116,1,1,0.27907
136,13,830,375,42,116,1,1,0.23256
137,13,836,374,42,116,1,1,0.18605
138,13,841,370,42,116,1,1,0.18605
139,13,846,366,42,116,1,1,0.18605
140,13,851,362,42,116,1,1,0.18605
141,13,856,359,42,116,1,1,0.2093
142,13,860,359,42,116,1,1,0.16279
143,13,864,359,42,117,1,1,0.13953
144,13,868,359,42,118,1,1,0.11628
145,13,872,360,42,118,1,1,0.093023
146,13,874,359,42,118,1,1,0.13953
147,13,877,358,42,119,1,1,0.16279
148,13,879,357,42,119,1,1,0.2093
149,13,882,356,42,120,1,1,0.23256
150,13,890,357,40,119,1,1,0.21951
151,13,898,359,38,118,1,1,0.20513
152,13,894,356,40,118,1,1,0.21951
153,13,890,354,42,118,1,1,0.23256
154,13,892,353,42,118,1,1,0.16279
155,13,894,352,42,119,1,1,0.11628
156,13,896,351,42,119,1,1,0.046512
157,13,898,350,42,120,1,1,0
158,13,897,350,42,120,1,1,0
159,13,896,351,42,120,1,1,0
160,13,895,351,42,120,1,1,0
161,13,895,352,42,120,1,1,0.069767
162,13,888,350,42,120,1,1,0.023256
163,13,881,348,42,120,1,1,0
164,13,874,346,42,120,1,1,0
165,13,868,344,42,120,1,1,0
166,13,863,343,42,120,1,1,0
167,13,859,342,42,121,1,1,0
168,13,854,341,42,121,1,1,0.0081967
169,13,850,340,42,122,1,1,0.01626
170,13,836,344,41,118,1,1,0
171,13,822,348,40,114,1,1,0
172,13,827,343,41,117,1,1,0.047619
173,13,832,338,42,120,1,1,0.16798
174,13,827,337,42,120,1,1,0.19739
175,13,823,336,42,121,1,1,0.24819
176,13,818,335,42,121,1,1,0.27659
177,13,814,334,42,122,1,1,0.32596
178,13,806,336,42,119,1,1,0.2064
179,13,799,339,42,116,1,1,0.11628
180,13,792,341,41,113,1,1,0.02381
181,13,785,344,41,110,1,1,0.02381
182,13,785,341,42,113,1,1,0
183,13,786,338,42,116,1,1,0.023256
184,13,787,335,42,119,1,1,0.069767
185,13,788,332,42,122,1,1,0.10777
186,13,789,333,42,122,1,1,0.16279
187,13,790,334,42,122,1,1,0.2093
188,13,791,335,42,122,1,1,0.27907
189,13,792,336,42,122,1,1,0.32558
190,13,785,333,41,120,1,1,0.2381
191,13,778,331,41,118,1,1,0.14286
192,13,786,335,41,120,1,1,0.2619
193,13,794,340,42,122,1,1,0.37209
194,13,794,341,42,122,1,1,0.34884
195,13,795,342,42,122,1,1,0.32558
196,13,795,343,42,122,1,1,0.30233
197,13,796,344,42,122,1,1,0.27907
198,13,798,345,40,123,1,1,0.26829
199,13,800,347,39,123,1,1,0.25
200,13,802,349,38,123,1,1,0.25641
201,13,805,351,36,123,1,1,0.24324
202,13,809,350,38,124,1,1,0.20513
203,13,814,350,39,125,1,1,0.175
204,13,819,350,40,125,1,1,0.14634
205,13,824,350,42,126,1,1,0.13953
206,13,830,351,42,126,1,1,0.11628
207,13,836,352,42,126,1,1,0.069767
208,13,842,353,42,126,1,1,0.046512
209,13,848,354,42,126,1,1,0
210,13,865,362,40,121,1,1,0.17073
211,13,882,370,39,116,1,1,0.35
212,13,877,364,40,121,1,1,0.097561
213,13,872,358,42,126,1,1,0
214,13,878,359,42,126,1,1,0
215,13,884,360,42,126,1,1,0
216,13,890,361,42,126,1,1,0.046512
217,13,896,362,42,126,1,1,0.093023
218,13,900,364,42,125,1,1,0.16279
219,13,905,367,42,123,1,1,0.23256
220,13,910,369,41,122,1,1,0.28571
221,13,915,372,41,120,1,1,0.35714
222,13,917,368,42,122,1,1,0.37209
223,13,919,364,43,124,1,1,0.36364
224,13,921,360,44,126,1,1,0.35556
225,13,924,356,44,128,1,1,0.36555
226,13,927,355,43,128,1,1,0.37844
227,13,930,354,43,128,1,1,0.40539
228,13,933,353,42,128,1,1,0.41878
229,13,936,352,42,128,1,1,0.44565
230,13,940,359,41,125,1,1,0.45238
231,13,944,367,41,121,1,1,0.5
232,13,945,357,41,125,1,1,0.42857
233,13,946,348,42,128,1,1,0.41103
234,13,948,347,43,128,1,1,0.39817
235,13,951,346,43,128,1,1,0.39817
236,13,953,345,44,128,1,1,0.38553
237,13,956,344,44,128,1,1,0.38553
238,13,961,342,43,128,1,1,0.40539
239,13,967,341,42,128,1,1,0.42311
240,13,972,340,42,127,1,1,0.46512
241,13,978,339,41,127,1,1,0.5
242,13,978,338,41,128,1,1,0.45238
243,13,978,337,41,129,1,1,0.38095
244,13,978,336,41,130,1,1,0.33333
245,13,978,336,42,130,1,1,0.27907
246,13,980,335,43,130,1,1,0.27273
247,13,983,334,43,130,1,1,0.27273
248,13,985,333,44,130,1,1,0.26667
249,13,988,332,44,130,1,1,0.26667
250,13,994,330,40,130,1,1,0.29268
251,13,1000,329,37,129,1,1,0.34211
252,13,999,328,40,130,1,1,0.29268
253,13,998,328,44,130,1,1,0.26667
254,13,1000,327,44,130,1,1,0.26667
255,13,1003,326,44,130,1,1,0.28889
256,13,1005,325,44,130,1,1,0.28889
257,13,1008,324,44,130,1,1,0.31111
258,13,1010,322,44,130,1,1,0.28889
259,13,1013,321,44,130,1,1,0.28889
260,13,1016,320,43,129,1,1,0.27273
261,13,1019,319,43,129,1,1,0.27273
262,13,1020,317,44,129,1,1,0.28889
263,13,1022,315,44,130,1,1,0.31111
264,13,1024,313,44,130,1,1,0.33333
265,13,1026,312,44,130,1,1,0.35556
266,13,1028,311,44,130,1,1,0.35556
267,13,1030,310,44,130,1,1,0.33333
268,13,1032,309,44,130,1,1,0.33333
269,13,1034,308,44,130,1,1,0.31111
270,13,1034,307,41,129,1,1,0.42857
271,13,1035,307,38,127,1,1,0.5641
272,13,1030,305,41,129,1,1,0.5
273,13,1026,304,44,130,1,1,0.44444
274,13,1020,303,44,130,1,1,0.4
275,13,1014,303,44,130,1,1,0.35556
276,13,1008,302,44,130,1,1,0.31111
277,13,1002,302,44,130,1,1,0.26667
278,13,994,301,44,131,1,1,0.35556
279,13,986,301,44,131,1,1,0.44444
280,13,978,300,44,132,1,1,0.53333
281,13,970,300,44,132,1,1,0.62222
282,13,965,299,44,132,1,1,0.55556
283,13,961,299,44,132,1,1,0.48889
284,13,956,298,44,132,1,1,0.42222
285,13,952,298,44,132,1,1,0.35556
286,13,948,295,44,132,1,1,0.42222
287,13,945,293,44,132,1,1,0.51111
288,13,941,290,44,132,1,1,0.57778
289,13,938,288,44,132,1,1,0.66667
290,13,935,287,44,132,1,1,0.73333
291,13,932,287,44,132,1,1,0.8
292,13,931,280,44,132,1,1,0.75556
293,13,930,274,44,132,1,1,0.71111
294,13,928,273,44,132,1,1,0.68889
295,13,927,272,44,132,1,1,0.68889
296,13,925,271,44,132,1,1,0.66667
297,13,924,270,44,132,1,1,0.66667
298,13,931,267,48,131,1,1,0.87755
299,13,929,266,54,131,1,1,0.89091
300,13,927,266,55,131,1,1,0.89286
301,13,926,267,60,133,1,1,0.90164
302,13,925,267,57,133,1,1,0.96552
303,13,924,268,54,133,1,1,1
304,13,924,269,50,133,1,1,1
305,13,924,266,43,134,1,1,1
306,13,920,266,43,134,1,1,1
307,13,917,266,43,134,1,1,1
308,13,913,266,44,134,1,1,1
309,13,910,266,44,134,1,1,1
310,13,906,266,45,134,1,1,1
311,13,903,267,45,134,1,1,1
312,13,908,267,46,134,1,1,1
313,13,914,268,46,134,1,1,1
314,13,915,268,46,134,1,1,1
315,13,916,269,46,134,1,1,1
316,13,917,269,46,134,1,1,1
317,13,918,270,46,134,1,1,1
318,13,912,282,47,134,1,1,1
319,13,914,280,47,134,1,1,1
320,13,916,279,48,134,1,1,1
321,13,919,278,48,134,1,1,1
322,13,920,277,48,134,1,1,1
323,13,921,276,49,134,1,1,1
324,13,922,275,50,134,1,1,1
325,13,924,274,50,134,1,1,1
326,13,925,274,50,134,1,1,1
327,13,926,275,51,134,1,1,1
328,13,927,275,51,134,1,1,1
253,14,1033,339,19,45,1,1,0.5
254,14,1035,338,19,45,1,1,0.5
255,14,1038,337,19,45,1,1,0.5
256,14,1040,336,19,45,1,1,0.5
257,14,1043,335,19,45,1,1,0.5
258,14,1047,333,20,45,1,1,0.61905
259,14,1052,332,20,45,1,1,0.71429
260,14,1057,331,20,45,1,1,0.85714
261,14,1062,329,20,46,1,1,0.95238
262,14,1067,328,20,46,1,1,1
263,14,1072,327,20,46,1,1,1
264,14,1074,324,20,46,1,1,1
265,14,1077,321,20,46,1,1,1
266,14,1079,318,20,46,1,1,1
267,14,1082,315,20,46,1,1,1
268,14,1082,316,20,46,1,1,1
269,14,1082,317,20,46,1,1,1
270,14,1082,318,20,47,1,1,1
271,14,1082,319,20,47,1,1,1
272,14,1082,320,20,47,1,1,1
273,14,1082,322,21,47,1,1,1
274,14,1077,320,21,47,1,1,1
275,14,1073,319,21,47,1,1,1
276,14,1068,318,21,47,1,1,1
277,14,1064,317,21,47,1,1,1
278,14,1055,316,21,47,1,1,1
279,14,1047,315,21,47,1,1,1
280,14,1038,314,22,47,1,1,1
281,14,1030,313,21,47,1,1,1
282,14,1021,312,22,47,1,1,1
283,14,1013,311,22,48,1,1,1
284,14,1008,309,22,48,1,1,1
285,14,1003,307,22,48,1,1,1
286,14,998,305,22,48,1,1,1
287,14,993,303,22,48,1,1,1
288,14,993,300,22,48,1,1,1
289,14,993,297,22,48,1,1,1
290,14,993,294,22,49,1,1,1
291,14,993,291,22,49,1,1,1
292,14,993,288,22,49,1,1,1
293,14,993,286,23,49,1,1,1
294,14,994,283,23,49,1,1,1
295,14,995,280,23,49,1,1,1
296,14,996,277,23,49,1,1,1
297,14,998,274,23,49,1,1,1
298,14,996,274,23,49,1,1,1
299,14,995,274,23,49,1,1,1
300,14,994,274,23,50,1,1,1
301,14,992,274,24,50,1,1,1
302,14,991,274,24,50,1,1,1
303,14,990,275,24,50,1,1,1
304,14,986,274,24,50,1,1,1
305,14,983,274,24,50,1,1,1
306,14,980,273,24,50,1,1,1
307,14,977,273,24,50,1,1,1
308,14,974,274,24,50,1,1,1
309,14,972,276,24,50,1,1,1
310,14,970,278,24,50,1,1,1
311,14,967,279,25,51,1,1,1
312,14,965,281,25,51,1,1,1
313,14,963,283,25,51,1,1,1
314,14,962,286,24,52,1,1,1
315,14,961,290,24,52,1,1,0.92
316,14,968,289,24,53,1,1,1
317,14,976,289,24,53,1,1,1
318,14,979,287,24,53,1,1,1
319,14,983,285,23,54,1,1,1
320,14,987,283,23,55,1,1,1
321,14,990,281,23,55,1,1,1
322,14,994,279,22,56,1,1,1
323,14,998,277,22,57,1,1,1
324,14,999,276,22,57,1,1,1
325,14,1000,276,22,57,1,1,1
326,14,1004,277,22,57,1,1,1
327,14,1009,279,22,57,1,1,1
328,14,1010,280,22,57,1,1,1
1,15,590,427,55,177,1,1,0.64396
2,15,585,427,55,178,1,1,0.64385
3,15,580,427,56,179,1,1,0.65205
4,15,575,427,57,180,1,1,0.65793
5,15,570,428,58,180,1,1,0.66373
6,15,565,429,58,180,1,1,0.66177
7,15,560,430,59,180,1,1,0.6674
8,15,555,431,59,180,1,1,0.66547
9,15,550,432,60,180,1,1,0.67095
10,15,550,432,56,179,1,1,0.74854
11,15,551,433,52,177,1,1,0.85499
12,15,543,432,57,179,1,1,0.8023
13,15,536,432,62,180,1,1,0.77243
14,15,530,432,63,181,1,1,0.79087
15,15,525,433,63,181,1,1,0.80469
16,15,519,433,64,182,1,1,0.82245
17,15,514,434,64,182,1,1,0.83632
18,15,507,437,62,180,1,1,0.87582
19,15,501,441,59,177,1,1,0.9176
20,15,494,445,57,174,1,1,0.93103
21,15,488,449,54,172,1,1,0.94545
22,15,469,448,57,175,1,1,0.7931
23,15,450,447,60,178,1,1,0.77434
24,15,431,446,63,181,1,1,0.68269
25,15,412,446,66,184,1,1,0.58588
26,15,395,446,66,185,1,1,0.59942
27,15,378,446,66,186,1,1,0.61457
28,15,361,446,66,187,1,1,0.62623
29,15,344,446,66,188,1,1,0.63903
30,15,329,445,63,188,1,1,0.4747
31,15,315,445,59,188,1,1,0.48333
32,15,301,447,63,189,1,1,0.40625
33,15,288,450,66,190,1,1,0.32836
34,15,277,451,66,191,1,1,0.22388
35,15,266,453,66,191,1,1,0.1194
36,15,255,454,66,192,1,1,0.014925
37,15,244,456,66,192,1,1,0
38,15,234,456,66,192,1,1,0
39,15,224,457,66,192,1,1,0
40,15,214,457,66,192,1,1,0
41,15,204,458,66,192,1,1,0
42,15,195,457,66,192,1,1,0
43,15,186,456,66,193,1,1,0
44,15,177,455,66,193,1,1,0
45,15,168,454,66,194,1,1,0
46,15,159,453,66,195,1,1,0
47,15,150,452,66,196,1,1,0
48,15,141,451,66,197,1,1,0
49,15,132,450,66,198,1,1,0
50,15,124,452,65,198,1,1,0
51,15,117,454,63,198,1,1,0
52,15,106,450,65,199,1,1,0
53,15,96,446,66,200,1,1,0
54,15,87,445,66,200,1,1,0
55,15,78,444,66,201,1,1,0
56,15,69,443,66,201,1,1,0.089552
57,15,60,442,66,202,1,1,0.19403
58,15,49,443,66,201,1,1,0.31343
59,15,39,444,66,200,1,1,0.43284
60,15,29,445,65,199,1,1,0.56061
61,15,19,447,65,198,1,1,0.93939
62,15,12,447,68,199,1,1,1
63,15,6,448,70,200,1,1,1
64,15,0,449,72,200,1,1,0.9863
65,15,-6,450,74,201,1,1,0.90667
66,15,-13,447,73,202,1,1,0.81081
67,15,-19,444,71,203,1,1,0.72222
68,15,-25,441,69,204,1,1,0.62857
69,15,-31,438,68,205,1,1,0.53623
70,15,-38,440,69,202,1,1,0.44286
144,16,-41,394,69,204,1,1,0.4
145,16,-35,395,68,202,1,1,0.47826
146,16,-29,396,68,201,1,1,0.56522
147,16,-25,394,69,200,1,1,0.62857
148,16,-20,393,69,199,1,1,0.7
149,16,-15,392,70,198,1,1,0.77465
150,16,-12,392,73,195,1,1,0.7973
151,16,-9,392,76,193,1,1,0.68831
152,16,-11,388,79,194,1,1,0.6875
153,16,-12,385,82,194,1,1,0.6988
154,16,-13,382,85,195,1,1,0.69767
155,16,-12,380,81,192,1,1,0.76829
156,16,-11,378,77,189,1,1,0.75641
157,16,-13,378,74,195,1,1,0.74667
158,16,-14,378,70,202,1,1,0.73239
159,16,-18,379,71,200,1,1,0.68056
160,16,-21,381,71,197,1,1,0.51389
161,16,-25,382,72,195,1,1,0.35616
162,16,-28,384,72,192,1,1,0.20548
232,17,-23,340,68,198,1,1,0.65217
233,17,-21,340,70,196,1,1,0.69014
234,17,-19,340,72,194,1,1,0.72603
235,17,-16,340,74,193,1,1,0.77333
236,17,-14,337,74,193,1,1,0.8
237,17,-12,334,74,193,1,1,0.82667
238,17,-9,331,74,194,1,1,0.86667
239,17,-9,329,76,194,1,1,0.87013
240,17,-8,327,78,195,1,1,0.88608
241,17,-7,326,79,194,1,1,0.9
242,17,-5,325,79,194,1,1,0.925
243,17,-4,322,79,195,1,1,0.9375
244,17,-2,320,79,196,1,1,0.9625
245,17,-1,319,80,196,1,1,0.97531
246,17,1,319,80,195,1,1,1
247,17,2,319,81,194,1,1,1
248,17,4,319,81,193,1,1,1
249,17,-6,317,92,192,1,1,0.92473
250,17,0,316,88,192,1,1,0.98876
251,17,6,316,84,191,1,1,1
252,17,12,316,81,191,1,1,1
253,17,12,310,82,195,1,1,1
254,17,13,304,82,199,1,1,1
255,17,17,312,90,192,1,1,1
256,17,15,312,89,192,1,1,1
257,17,20,311,92,199,1,1,1
258,17,26,316,84,200,1,1,1
259,17,32,312,78,197,1,1,1
260,17,38,308,72,194,1,1,1
261,17,40,307,72,194,1,1,1
262,17,42,306,72,194,1,1,1
263,17,44,305,73,194,1,1,1
264,17,46,304,73,194,1,1,1
265,17,49,304,73,194,1,1,1
266,17,49,301,73,194,1,1,1
267,17,49,298,73,194,1,1,1
268,17,49,295,73,194,1,1,1
269,17,45,297,74,194,1,1,1
270,17,42,300,74,194,1,1,1
271,17,39,303,74,194,1,1,1
272,17,36,306,74,194,1,1,1
273,17,34,305,75,194,1,1,1
274,17,32,304,76,195,1,1,1
275,17,30,304,77,195,1,1,1
276,17,21,303,76,195,1,1,1
277,17,12,303,75,195,1,1,1
278,17,3,303,74,195,1,1,1
279,17,-6,303,73,195,1,1,0.90541
1,18,1112,418,32,81,1,1,1
2,18,1108,418,30,81,1,1,1
3,18,1104,419,29,80,1,1,1
4,18,1100,419,30,81,1,1,1
5,18,1097,420,30,81,1,1,1
6,18,1094,421,30,81,1,1,1
7,18,1091,422,31,82,1,1,1
8,18,1087,423,32,82,1,1,1
9,18,1084,424,32,82,1,1,1
10,18,1081,425,32,82,1,1,1
11,18,1078,426,33,83,1,1,1
12,18,1076,427,31,82,1,1,1
13,18,1074,428,29,82,1,1,1
14,18,1068,429,29,82,1,1,1
15,18,1062,430,30,83,1,1,1
16,18,1056,431,31,83,1,1,1
17,18,1050,433,32,83,1,1,1
18,18,1044,434,32,84,1,1,1
19,18,1038,435,33,84,1,1,1
20,18,1032,436,34,85,1,1,1
21,18,1027,438,34,85,1,1,1
22,18,1021,438,30,85,1,1,1
23,18,1016,439,26,84,1,1,1
24,18,1003,443,27,84,1,1,1
25,18,981,443,29,85,1,1,1
26,18,960,444,30,85,1,1,1
27,18,939,445,31,85,1,1,1
28,18,930,442,32,85,1,1,1
29,18,912,443,33,86,1,1,1
30,18,895,444,34,87,1,1,1
31,18,887,444,35,87,1,1,1
32,18,878,447,31,87,1,1,1
33,18,869,451,27,86,1,1,1
34,18,859,453,28,86,1,1,1
35,18,849,455,29,87,1,1,1
36,18,840,458,30,87,1,1,1
37,18,834,455,31,88,1,1,1
38,18,828,453,33,88,1,1,1
39,18,823,450,33,89,1,1,1
40,18,817,448,35,89,1,1,1
41,18,812,446,36,89,1,1,1
42,18,809,445,33,88,1,1,1
43,18,807,444,29,87,1,1,1
44,18,800,444,30,87,1,1,0.96957
45,18,793,444,31,87,1,1,0.97017
46,18,787,444,32,88,1,1,0.94076
47,18,782,443,33,89,1,1,0.91373
48,18,777,442,34,90,1,1,0.85871
49,18,772,442,35,90,1,1,0.83333
50,18,767,441,36,91,1,1,0.89424
51,18,762,441,37,91,1,1,0.94966
52,18,759,440,35,90,1,1,0.83333
53,18,756,439,33,90,1,1,0.70588
54,18,748,436,34,91,1,1,0.74286
55,18,740,433,35,92,1,1,0.80556
56,18,733,431,35,92,1,1,0.83333
57,18,729,431,35,92,1,1,0.80556
58,18,725,431,36,92,1,1,0.72973
59,18,721,431,36,93,1,1,0.70903
60,18,717,431,37,93,1,1,0.64334
61,18,713,432,38,93,1,1,0.6072
62,18,713,433,35,90,1,1,0.56532
63,18,713,434,33,87,1,1,0.53476
64,18,711,432,33,88,1,1,0.51124
65,18,710,430,33,89,1,1,0.49412
66,18,708,428,34,90,1,1,0.50832
67,18,707,427,34,90,1,1,0.50267
68,18,705,425,34,91,1,1,0.53012
69,18,704,423,34,92,1,1,0.52995
70,18,702,421,35,93,1,1,0.5003
71,18,701,420,35,94,1,1,0.45351
72,18,701,420,33,93,1,1,0.42178
73,18,702,420,31,93,1,1,0.35638
74,18,699,420,32,93,1,1,0.34752
75,18,697,420,33,94,1,1,0.3387
76,18,695,420,33,94,1,1,0.31115
77,18,693,420,34,95,1,1,0.30357
78,18,691,420,34,95,1,1,0.30357
79,18,689,420,35,96,1,1,0.32245
80,18,687,420,35,96,1,1,0.34851
81,18,685,421,36,96,1,1,0.36612
82,18,684,420,33,96,1,1,0.35143
83,18,684,420,29,95,1,1,0.31458
84,18,683,419,30,95,1,1,0.26579
85,18,682,419,31,95,1,1,0.25
86,18,681,418,32,96,1,1,0.24242
87,18,681,418,33,96,1,1,0.20588
88,18,680,417,34,97,1,1,0.2
89,18,679,417,35,97,1,1,0.19444
90,18,678,416,36,98,1,1,0.13514
91,18,678,416,37,98,1,1,0.08134
92,18,680,414,35,97,1,1,0.027778
93,18,682,412,34,97,1,1,0
94,18,682,410,34,97,1,1,0
95,18,682,408,35,97,1,1,0
96,18,682,406,36,98,1,1,0
97,18,683,404,36,98,1,1,0
98,18,683,402,36,98,1,1,0
99,18,683,400,37,99,1,1,0
100,18,683,398,38,99,1,1,0
101,18,684,396,38,100,1,1,0.009901
102,18,683,395,35,99,1,1,0.02
103,18,683,394,32,99,1,1,0.03
104,18,681,393,33,99,1,1,0.037647
105,18,680,393,34,99,1,1,0.042857
106,18,679,392,35,100,1,1,0.049505
107,18,678,392,36,100,1,1,0.048167
108,18,677,391,36,101,1,1,0.055644
109,18,676,391,37,101,1,1,0.05418
110,18,675,390,38,102,1,1,0.030869
111,18,674,390,39,102,1,1,0
112,18,676,391,37,102,1,1,0.023761
113,18,678,392,36,102,1,1,0.047232
114,18,684,392,36,102,1,1,0.040934
115,18,690,392,37,103,1,1,0.033401
116,18,696,393,38,103,1,1,0.022189
117,18,703,393,38,104,1,1,0.015873
118,18,709,393,38,104,1,1,0.020757
119,18,715,394,39,104,1,1,0.02
120,18,721,394,40,105,1,1,0.02301
121,18,728,395,40,105,1,1,0.019328
122,18,739,393,37,105,1,1,0.0099305
123,18,750,392,34,104,1,1,0.0035374
124,18,758,390,35,104,1,1,0
125,18,767,389,35,104,1,1,0
126,18,775,387,37,105,1,1,0
127,18,784,386,37,105,1,1,0
128,18,792,384,38,106,1,1,0
129,18,801,383,39,106,1,1,0
130,18,809,381,40,107,1,1,0
131,18,818,380,41,107,1,1,0
132,18,825,377,37,106,1,1,0
133,18,832,375,33,105,1,1,0
134,18,838,372,33,105,1,1,0
135,18,844,370,33,104,1,1,0.0095238
136,18,850,368,33,104,1,1,0.0095238
137,18,856,366,33,103,1,1,0.019231
138,18,862,364,33,102,1,1,0
139,18,868,362,33,102,1,1,0
140,18,874,360,33,101,1,1,0.058824
141,18,881,358,33,101,1,1,0.14706
142,18,884,358,33,101,1,1,0.11765
143,18,887,358,34,102,1,1,0.11429
144,18,892,357,34,102,1,1,0.14286
145,18,897,357,35,102,1,1,0.17476
146,18,902,356,35,103,1,1,0.19444
147,18,907,356,36,103,1,1,0.24324
148,18,912,355,37,103,1,1,0.28947
149,18,917,355,37,103,1,1,0.31579
150,18,922,354,38,104,1,1,0.41026
151,18,927,354,39,104,1,1,0.5
152,18,931,353,34,104,1,1,0.48571
153,18,936,353,29,103,1,1,0.5
154,18,935,352,29,103,1,1,0.5
155,18,934,351,30,104,1,1,0.48387
156,18,933,351,30,103,1,1,0.48387
157,18,932,350,31,104,1,1,0.46875
158,18,931,349,32,105,1,1,0.57576
159,18,930,349,32,104,1,1,0.63636
160,18,929,348,33,105,1,1,0.73529
161,18,928,348,34,105,1,1,0.71752
162,18,925,347,34,105,1,1,0.82938
163,18,923,347,34,105,1,1,0.91429
164,18,914,346,34,105,1,1,0.8
165,18,906,345,34,105,1,1,0.68571
166,18,898,344,33,106,1,1,0.61765
167,18,890,344,33,105,1,1,0.55882
168,18,882,343,33,105,1,1,0.037736
169,18,874,342,32,106,1,1,0.035684
170,18,866,341,32,106,1,1,0.16568
171,18,858,341,32,106,1,1,0.34778
172,18,852,344,32,106,1,1,0.48485
173,18,846,347,33,107,1,1,0.14706
174,18,844,345,33,107,1,1,0.23529
175,18,842,343,33,107,1,1,0.29412
176,18,840,341,34,108,1,1,0.4
177,18,838,339,34,108,1,1,0.45714
178,18,836,337,34,108,1,1,0.62857
179,18,834,335,35,109,1,1,0.78434
180,18,832,333,35,109,1,1,0.94672
181,18,831,331,35,110,1,1,1
182,18,831,326,33,114,1,1,1
183,18,831,321,32,119,1,1,1
184,18,828,321,35,120,1,1,0.95087
185,18,825,322,39,120,1,1,0.8624
186,18,822,323,43,120,1,1,0.79151
187,18,820,324,46,120,1,1,0.74486
188,18,822,325,43,119,1,1,0.75
189,18,825,326,39,118,1,1,0.77101
190,18,827,327,36,117,1,1,1
191,18,830,329,33,115,1,1,1
192,18,831,330,32,116,1,1,0.97073
193,18,832,331,32,118,1,1,0.71225
194,18,826,329,39,120,1,1,0.65806
195,18,820,328,46,122,1,1,0.59713
196,18,822,329,46,122,1,1,0.63657
197,18,825,331,46,122,1,1,0.65404
198,18,827,332,46,122,1,1,0.75125
199,18,830,334,46,122,1,1,0.80972
200,18,841,340,41,119,1,1,1
201,18,852,346,37,116,1,1,0.97526
202,18,857,350,36,117,1,1,1
203,18,863,354,35,118,1,1,1
204,18,871,355,38,119,1,1,0.85385
205,18,879,356,42,121,1,1,0.73923
206,18,887,357,45,122,1,1,0.63097
207,18,896,358,48,124,1,1,0.51429
208,18,905,358,45,121,1,1,0.46258
209,18,915,359,42,117,1,1,0.37643
210,18,925,359,39,114,1,1,0.56217
211,18,935,360,36,110,1,1,0.086925
212,18,940,360,35,113,1,1,0.078947
213,18,946,360,34,117,1,1,0.15932
214,18,944,361,41,121,1,1,0.29215
215,18,942,362,48,126,1,1,0.39225
216,18,946,362,48,126,1,1,0.41186
217,18,950,362,48,126,1,1,0.43612
218,18,954,362,48,126,1,1,0.51792
219,18,958,362,48,126,1,1,0.6018
220,18,969,363,43,120,1,1,0.60387
221,18,980,364,38,115,1,1,0.62865
222,18,980,364,38,117,1,1,0.59365
223,18,981,365,37,119,1,1,0.56754
224,18,982,363,40,121,1,1,0.5004
225,18,984,361,43,124,1,1,0.42327
226,18,986,359,45,126,1,1,0.43153
227,18,988,358,48,128,1,1,0.42651
228,18,993,358,46,127,1,1,0.39744
229,18,998,359,44,126,1,1,0.36063
230,18,1003,360,42,125,1,1,0.38501
231,18,1008,361,40,124,1,1,0.41522
232,18,1012,359,38,124,1,1,0.33538
233,18,1017,358,36,123,1,1,0.24324
234,18,1016,356,43,126,1,1,0.29545
235,18,1016,354,50,130,1,1,0.31373
236,18,1018,352,50,130,1,1,0.33333
237,18,1021,350,50,131,1,1,0.33333
238,18,1023,348,50,131,1,1,0.35784
239,18,1026,346,50,132,1,1,0.36267
240,18,1036,342,43,127,1,1,0.2793
241,18,1046,338,37,123,1,1,0.19461
242,18,1049,337,37,123,1,1,0.18761
243,18,1052,337,37,122,1,1,0.17394
244,18,1051,335,40,125,1,1,0.25668
245,18,1050,334,43,127,1,1,0.35014
246,18,1049,333,46,129,1,1,0.41146
247,18,1048,332,50,132,1,1,0.45702
248,18,1053,330,48,130,1,1,0.43979
249,18,1059,328,46,129,1,1,0.40098
250,18,1065,326,44,128,1,1,0.45116
251,18,1071,324,42,127,1,1,0.52362
252,18,1072,324,42,128,1,1,0.44222
253,18,1074,325,41,129,1,1,0.35897
254,18,1072,321,45,132,1,1,0.46878
255,18,1070,318,50,134,1,1,0.56427
256,18,1073,316,50,134,1,1,0.58577
257,18,1076,315,50,134,1,1,0.62179
258,18,1079,313,50,134,1,1,0.67843
259,18,1082,312,50,134,1,1,0.7342
260,18,1094,311,46,133,1,1,0.67339
261,18,1107,310,42,133,1,1,0.6043
262,18,1111,309,41,133,1,1,0.59151
263,18,1115,308,40,133,1,1,0.57809
264,18,1112,306,43,133,1,1,0.66893
265,18,1110,304,46,133,1,1,0.74817
266,18,1108,302,49,133,1,1,0.76522
267,18,1106,300,52,134,1,1,0.79706
268,18,1112,299,49,133,1,1,0.74925
269,18,1119,298,45,133,1,1,0.3965
270,18,1126,297,41,132,1,1,0.30111
271,18,1133,297,38,131,1,1,0.17055
272,18,1129,299,39,132,1,1,0.8844
273,18,1126,301,40,134,1,1,0.74164
274,18,1118,298,47,136,1,1,0.72324
275,18,1110,296,54,138,1,1,0.7087
276,18,1102,295,54,138,1,1,0.77724
277,18,1095,294,54,139,1,1,0.82857
278,18,1087,293,54,139,1,1,0.88091
279,18,1080,292,54,140,1,1,0.91554
280,18,1076,290,49,139,1,1,0.98171
281,18,1072,289,45,137,1,1,1
282,18,1068,287,41,136,1,1,1
283,18,1064,286,37,135,1,1,0.3065
284,18,1058,284,41,136,1,1,0.2659
285,18,1053,282,45,137,1,1,1
286,18,1047,280,50,138,1,1,1
287,18,1042,278,54,140,1,1,1
288,18,1043,276,50,140,1,1,1
289,18,1044,274,46,140,1,1,1
290,18,1045,272,42,140,1,1,1
291,18,1046,271,38,139,1,1,1
292,18,1046,268,38,139,1,1,1
293,18,1046,265,38,139,1,1,1
294,18,1040,259,47,140,1,1,1
295,18,1034,254,56,140,1,1,0.42951
296,18,1035,254,56,140,1,1,0.40152
297,18,1036,254,56,140,1,1,0.35299
298,18,1037,254,56,140,1,1,0.34192
299,18,1038,254,56,140,1,1,0.34702
300,18,1044,255,48,139,1,1,0.23499
301,18,1050,256,40,139,1,1,0.13031
302,18,1047,256,42,139,1,1,0.15615
303,18,1044,257,45,139,1,1,0.18509
304,18,1040,258,48,140,1,1,0.23448
305,18,1036,259,51,141,1,1,0.27817
306,18,1032,260,54,142,1,1,0.31189
307,18,1028,262,58,142,1,1,1
308,18,1026,260,54,143,1,1,0.32184
309,18,1024,259,51,143,1,1,0.32292
310,18,1022,258,48,143,1,1,0.34694
311,18,1021,257,44,143,1,1,0.37778
312,18,1019,262,44,143,1,1,0.35309
313,18,1018,267,44,143,1,1,1
314,18,1016,266,51,144,1,1,1
315,18,1014,266,58,144,1,1,1
316,18,1018,265,58,144,1,1,1
317,18,1022,264,59,144,1,1,1
318,18,1026,263,59,144,1,1,1
319,18,1030,262,60,144,1,1,1
320,18,1038,261,53,144,1,1,1
321,18,1047,261,45,144,1,1,1
322,18,1052,259,44,145,1,1,1
323,18,1058,257,42,147,1,1,1
324,18,1058,257,46,147,1,1,1
325,18,1058,257,51,148,1,1,1
326,18,1058,257,55,148,1,1,1
327,18,1058,258,60,148,1,1,0.32996
328,18,1063,259,57,149,1,1,1
1,19,893,463,83,58,0,10,0.79762
2,19,888,464,84,58,0,10,0.78824
3,19,884,465,85,59,0,10,0.76744
4,19,880,466,86,59,0,10,0.74713
5,19,875,467,88,60,0,10,0.73034
6,19,871,469,89,59,0,10,0.72222
7,19,867,470,89,60,0,10,0.71111
8,19,862,471,91,60,0,10,0.69565
9,19,858,472,92,61,0,10,0.67742
10,19,854,473,93,61,0,10,0.67021
11,19,850,475,94,61,0,10,0.65263
12,19,844,476,94,61,0,10,0.66316
13,19,838,477,94,61,0,10,0.67368
14,19,832,478,94,61,0,10,0.69474
15,19,826,479,95,61,0,10,0.69792
16,19,820,480,95,62,0,10,0.70833
17,19,814,481,95,62,0,10,0.95833
18,19,808,482,96,62,0,10,0.93814
19,19,802,483,96,62,0,10,0.6701
20,19,796,484,96,62,0,10,0.61856
21,19,791,485,96,63,0,10,0.5567
22,19,776,485,96,63,0,10,0.58763
23,19,761,486,96,63,0,10,0.62887
24,19,746,487,96,63,0,10,0.6701
25,19,731,487,96,64,0,10,0.71134
26,19,716,488,97,64,0,10,0.70408
27,19,701,489,97,63,0,10,0.71429
28,19,686,489,97,64,0,10,0.72449
29,19,671,490,97,64,0,10,0.73469
30,19,656,491,97,64,0,10,0.7449
31,19,642,492,97,64,0,10,0.72449
32,19,634,492,97,64,0,10,0.68367
33,19,626,493,97,64,0,10,0.65306
34,19,618,493,97,65,0,10,0.62245
35,19,610,494,98,65,0,10,0.58586
36,19,602,495,98,65,0,10,0.55556
37,19,594,495,98,66,0,10,0.51515
38,19,586,496,99,66,0,10,0.48
39,19,578,496,99,67,0,10,0.45
40,19,570,497,99,67,0,10,0.42
41,19,562,498,100,67,0,10,0.38614
42,19,556,498,100,67,0,10,0.35644
43,19,551,498,100,67,0,10,0.31683
44,19,545,498,101,67,0,10,0.28431
45,19,540,498,101,67,0,10,0.2549
46,19,534,498,102,68,0,10,0.2233
47,19,529,498,101,68,0,10,0.18627
48,19,523,498,102,68,0,10,0.16505
49,19,518,498,102,68,0,10,0.12621
50,19,512,498,103,68,0,10,0.096154
51,19,507,498,103,69,0,10,0.067308
52,19,499,496,104,69,0,10,0.028571
53,19,492,494,104,70,0,10,0
54,19,485,492,104,71,0,10,0
55,19,478,491,104,70,0,10,0
56,19,471,489,104,71,0,10,0
57,19,463,487,105,72,0,10,0
58,19,456,486,105,71,0,10,0
59,19,449,484,105,72,0,10,0
60,19,442,482,105,73,0,10,0
61,19,435,481,105,73,0,10,0
62,19,431,481,106,73,0,10,0
63,19,428,481,106,73,0,10,0
64,19,425,481,106,73,0,10,0
65,19,422,481,106,73,0,10,0
66,19,419,481,106,73,0,10,0
67,19,415,481,107,73,0,10,0
68,19,412,481,107,73,0,10,0
69,19,409,481,107,73,0,10,0
70,19,406,481,107,73,0,10,0.0092593
71,19,403,482,108,73,0,10,0.055046
72,19,400,481,108,73,0,10,0.10092
73,19,397,480,109,73,0,10,0.14545
74,19,394,479,109,74,0,10,0.18182
75,19,391,478,110,74,0,10,0.22523
76,19,389,478,109,74,0,10,0.26364
77,19,386,477,110,74,0,10,0.31532
78,19,383,476,110,74,0,10,0.35135
79,19,380,475,111,75,0,10,0.39286
80,19,377,474,111,75,0,10,0.21429
81,19,375,474,111,75,0,10,0.47321
82,19,374,473,110,75,0,10,0.56757
83,19,373,473,110,75,0,10,0.66667
84,19,372,473,110,75,0,10,0.76577
85,19,371,473,110,75,0,10,0.86486
86,19,370,473,110,75,0,10,0.96396
87,19,369,473,109,75,0,10,1
88,19,368,473,109,75,0,10,1
89,19,367,473,109,75,0,10,1
90,19,366,473,109,75,0,10,1
91,19,366,473,108,75,0,10,1
92,19,365,471,109,75,0,10,1
93,19,365,469,109,76,0,10,1
94,19,365,467,110,76,0,10,1
95,19,364,465,111,77,0,10,1
96,19,364,464,112,76,0,10,1
97,19,364,462,112,77,0,10,1
98,19,363,460,113,77,0,10,1
99,19,363,458,114,78,0,10,1
100,19,363,456,114,78,0,10,1
101,19,363,455,115,78,0,10,1
102,19,359,454,116,79,0,10,1
103,19,356,454,116,79,0,10,1
104,19,353,454,116,79,0,10,1
105,19,350,454,116,79,0,10,1
106,19,347,454,117,79,0,10,1
107,19,344,453,117,80,0,10,1
108,19,341,453,117,80,0,10,1
109,19,338,453,117,80,0,10,1
110,19,335,453,117,80,0,10,1
111,19,332,453,118,81,0,10,1
112,19,338,453,118,81,0,10,1
113,19,345,453,118,81,0,10,1
114,19,352,454,117,81,0,10,1
115,19,359,454,117,81,0,10,1
116,19,366,455,117,81,0,10,1
117,19,373,455,116,81,0,10,1
118,19,380,455,116,81,0,10,1
119,19,387,456,115,81,0,10,1
120,19,394,456,115,81,0,10,0.81897
121,19,401,457,115,81,0,10,0.7931
122,19,408,456,116,81,0,10,1
123,19,415,455,117,81,0,10,1
124,19,422,454,118,82,0,10,1
125,19,429,453,119,82,0,10,1
126,19,436,452,120,83,0,10,1
127,19,443,451,121,83,0,10,1
128,19,450,450,122,83,0,10,1
129,19,457,449,123,84,0,10,1
130,19,464,448,124,84,0,10,1
131,19,471,447,126,85,0,10,1
132,19,476,445,125,84,0,10,1
133,19,481,443,125,83,0,10,1
134,19,487,441,124,82,0,10,1
135,19,492,439,124,81,0,10,1
136,19,498,438,123,79,0,10,1
137,19,503,436,122,78,0,10,1
138,19,508,434,122,77,0,10,1
139,19,514,432,121,76,0,10,1
140,19,519,430,121,75,0,10,1
141,19,525,429,120,73,0,10,1
142,19,529,429,119,74,0,10,1
143,19,534,429,118,75,0,10,0.44538
144,19,538,430,117,75,0,10,0.39831
145,19,543,430,116,77,0,10,1
146,19,548,431,114,77,0,10,1
147,19,552,431,114,78,0,10,1
148,19,557,431,112,80,0,10,1
149,19,561,432,112,80,0,10,1
150,19,566,432,110,81,0,10,1
151,19,571,433,109,82,0,10,1
152,19,569,432,110,82,0,10,1
153,19,567,431,111,82,0,10,1
154,19,566,430,111,82,0,10,1
155,19,564,429,112,83,0,10,1
156,19,563,428,113,83,0,10,1
157,19,561,427,114,83,0,10,1
158,19,559,426,115,84,0,10,1
159,19,558,425,115,84,0,10,1
160,19,556,424,116,84,0,10,1
161,19,555,424,117,84,0,10,1
162,19,546,423,117,84,0,10,1
163,19,537,422,118,85,0,10,1
164,19,528,422,119,85,0,10,1
165,19,519,421,120,86,0,10,1
166,19,511,421,120,86,0,10,1
167,19,502,420,121,86,0,10,1
168,19,493,419,122,87,0,10,1
169,19,484,419,123,87,0,10,1
170,19,475,418,124,88,0,10,1
171,19,467,418,124,88,0,10,1
172,19,462,417,124,89,0,10,1
173,19,457,417,125,89,0,10,1
174,19,452,417,126,89,0,10,1
175,19,448,417,126,89,0,10,1
176,19,443,417,127,89,0,10,1
177,19,438,416,128,90,0,10,1
178,19,434,416,128,90,0,10,1
179,19,429,416,129,90,0,10,1
180,19,424,416,130,90,0,10,1
181,19,420,416,130,90,0,10,1
182,19,418,415,130,90,0,10,1
183,19,416,414,131,90,0,10,1
184,19,414,413,132,91,0,10,1
185,19,412,412,133,91,0,10,1
186,19,411,411,133,92,0,10,1
187,19,409,410,133,92,0,10,1
188,19,407,409,134,92,0,10,1
189,19,405,408,135,93,0,10,1
190,19,403,407,136,93,0,10,1
191,19,402,407,136,93,0,10,1
192,19,402,407,136,94,0,10,1
193,19,402,408,136,94,0,10,1
194,19,403,409,135,94,0,10,1
195,19,403,410,135,94,0,10,1
196,19,404,411,134,94,0,10,1
197,19,404,412,134,94,0,10,1
198,19,404,413,134,94,0,10,1
199,19,405,414,133,94,0,10,1
200,19,405,415,133,94,0,10,1
201,19,406,416,133,95,0,10,1
202,19,413,417,132,95,0,10,1
203,19,420,419,132,95,0,10,1
204,19,427,421,131,94,0,10,1
205,19,435,422,130,95,0,10,1
206,19,442,424,130,95,0,10,1
207,19,449,426,129,94,0,10,0.84615
208,19,457,427,128,95,0,10,0.86822
209,19,464,429,127,94,0,10,0.85156
210,19,471,431,127,94,0,10,1
211,19,479,433,126,94,0,10,1
212,19,481,432,126,95,0,10,1
213,19,483,432,126,96,0,10,1
214,19,486,432,126,96,0,10,1
215,19,488,432,126,97,0,10,1
216,19,491,432,126,97,0,10,1
217,19,493,432,126,98,0,10,1
218,19,495,432,126,98,0,10,1
219,19,498,432,126,99,0,10,1
220,19,500,432,126,99,0,10,1
221,19,503,432,126,100,0,10,1
222,19,504,431,127,100,0,10,1
223,19,506,431,127,99,0,10,1
224,19,507,430,128,99,0,10,1
225,19,509,430,129,98,0,10,1
226,19,510,430,130,97,0,10,1
227,19,512,429,130,97,0,10,1
228,19,513,429,132,96,0,10,1
229,19,515,428,132,96,0,10,1
230,19,516,428,133,95,0,10,1
231,19,518,428,134,94,0,10,1
232,19,519,425,135,94,0,10,1
233,19,520,423,136,94,0,10,1
234,19,521,420,137,94,0,10,1
235,19,522,418,138,94,0,10,1
236,19,523,415,140,94,0,10,0.74468
237,19,524,413,141,94,0,10,0.78873
238,19,525,410,142,94,0,10,0.83916
239,19,526,408,143,94,0,10,0.85417
240,19,527,405,144,94,0,10,0.86897
241,19,528,403,146,94,0,10,0.83673
242,19,528,402,147,94,0,10,0.82432
243,19,529,401,148,94,0,10,0.80537
244,19,529,400,150,94,0,10,0.78808
245,19,530,399,150,94,0,10,0.81457
246,19,531,398,151,94,0,10,0.83553
247,19,531,397,153,94,0,10,0.85714
248,19,532,396,153,94,0,10,0.88312
249,19,532,395,155,94,0,10,0.89103
250,19,533,394,156,94,0,10,0.89809
251,19,534,394,157,94,0,10,0.83544
252,19,536,393,157,94,0,10,0.77215
253,19,539,393,157,94,0,10,0.75949
254,19,541,393,157,94,0,10,0.75949
255,19,544,393,157,94,0,10,0.74684
256,19,546,393,157,94,0,10,0.74684
257,19,549,393,157,94,0,10,0.77848
258,19,551,393,157,94,0,10,1
259,19,554,393,157,94,0,10,0.82911
260,19,556,393,157,94,0,10,0.8481
261,19,559,393,157,94,0,10,0.86076
262,19,559,392,158,95,0,10,0.81132
263,19,559,391,160,96,0,10,0.75776
264,19,559,391,161,96,0,10,0.70988
265,19,560,390,162,97,0,10,0.70552
266,19,560,390,163,97,0,10,0.71341
267,19,560,389,165,98,0,10,0.71084
268,19,561,388,165,99,0,10,0.71687
269,19,561,388,167,99,0,10,1
270,19,561,387,168,100,0,10,1
271,19,562,387,169,100,0,10,1
272,19,553,386,171,101,0,10,1
273,19,545,386,172,101,0,10,1
274,19,537,385,173,102,0,10,1
275,19,529,385,174,102,0,10,0.8
276,19,521,384,175,103,0,10,0.78977
277,19,512,384,177,103,0,10,0.78652
278,19,504,383,178,104,0,10,0.78771
279,19,496,383,179,104,0,10,0.78333
280,19,488,382,180,105,0,10,0.78453
281,19,480,382,181,106,0,10,0.78571
282,19,473,381,182,107,0,10,0.74317
283,19,467,381,182,108,0,10,1
284,19,460,381,184,108,0,10,1
285,19,454,381,184,109,0,10,1
286,19,447,381,186,109,0,10,1
287,19,441,381,186,110,0,10,1
288,19,434,381,187,110,0,10,1
289,19,428,381,188,111,0,10,1
290,19,421,381,189,111,0,10,1
291,19,415,381,190,112,0,10,1
292,19,414,379,191,112,0,10,1
293,19,413,377,192,113,0,10,1
294,19,412,375,193,113,0,10,1
295,19,411,373,194,114,0,10,1
296,19,411,371,194,115,0,10,1
297,19,410,369,195,115,0,10,1
298,19,409,367,196,116,0,10,1
299,19,408,365,197,116,0,10,1
300,19,407,363,198,117,0,10,1
301,19,407,361,199,118,0,10,1
302,19,400,361,200,118,0,10,1
303,19,394,361,201,119,0,10,1
304,19,388,361,202,120,0,10,1
305,19,382,361,202,121,0,10,1
306,19,376,362,203,121,0,10,1
307,19,369,362,205,121,0,10,1
308,19,363,362,205,122,0,10,1
309,19,357,362,206,123,0,10,1
310,19,351,362,207,124,0,10,1
311,19,345,363,208,124,0,10,1
312,19,345,365,210,125,0,10,1
313,19,345,367,212,126,0,10,1
314,19,345,369,214,127,0,10,1
315,19,346,371,215,128,0,10,1
316,19,346,373,217,129,0,10,1
317,19,346,375,219,130,0,10,1
318,19,347,377,220,131,0,10,1
319,19,347,379,222,132,0,10,1
320,19,347,381,224,133,0,10,1
321,19,348,384,225,134,0,10,1
322,19,347,384,226,135,0,10,1
323,19,347,384,227,136,0,10,1
324,19,347,384,228,137,0,10,1
325,19,347,384,229,138,0,10,1
326,19,347,384,230,139,0,10,1
327,19,347,384,230,140,0,10,1
328,19,347,384,231,141,0,10,1
1,20,-109,369,474,374,0,3,0.76842
2,20,-116,369,472,374,0,3,0.75264
3,20,-122,369,469,374,0,3,0.7383
4,20,-128,369,466,374,0,3,0.72377
5,20,-135,370,465,374,0,3,0.70815
6,20,-141,370,462,374,0,3,0.6933
7,20,-147,370,459,374,0,3,0.67826
8,20,-154,371,458,374,0,3,0.66231
9,20,-160,371,455,374,0,3,0.64693
10,20,-166,371,452,374,0,3,0.63135
11,20,-172,372,450,374,0,3,0.61641
12,20,-185,372,450,374,0,3,0.58758
13,20,-197,372,450,374,0,3,0.56098
14,20,-209,372,450,374,0,3,0.53437
15,20,-221,372,450,374,0,3,0.50776
16,20,-233,372,450,374,0,3,0.48115
17,20,-246,372,450,374,0,3,0.45233
18,20,-258,372,450,374,0,3,0.42572
19,20,-270,372,450,374,0,3,0.39911
20,20,-282,372,450,374,0,3,0.37251
21,20,-294,373,450,374,0,3,0.3459
22,20,-308,378,450,374,0,3,0.31486
23,20,-322,383,450,374,0,3,0.28381
24,20,-335,388,450,374,0,3,0.25499
25,20,-367,391,450,374,0,3,0.18404
1,21,992,429,110,269,0,10,1
2,21,987,430,112,270,0,10,1
3,21,982,431,114,271,0,10,1
4,21,977,432,116,272,0,10,1
5,21,972,433,118,273,0,10,1
6,21,968,434,119,275,0,10,1
7,21,963,435,121,276,0,10,1
8,21,958,436,123,277,0,10,1
9,21,953,437,125,278,0,10,1
10,21,948,438,127,279,0,10,1
11,21,944,440,129,280,0,10,1
12,21,937,440,129,282,0,10,1
13,21,931,441,129,284,0,10,1
14,21,925,442,128,286,0,10,1
15,21,918,442,129,289,0,10,1
16,21,912,443,129,291,0,10,1
17,21,906,444,128,293,0,10,1
18,21,899,444,129,296,0,10,1
19,21,893,445,128,298,0,10,1
20,21,887,446,128,300,0,10,1
21,21,881,447,128,302,0,10,1
22,21,864,448,129,304,0,10,1
23,21,847,449,131,307,0,10,1
24,21,830,451,132,308,0,10,1
25,21,813,452,134,311,0,10,1
26,21,797,454,135,312,0,10,1
27,21,780,455,136,315,0,10,1
28,21,763,456,138,317,0,10,1
29,21,746,458,139,319,0,10,1
30,21,729,459,141,321,0,10,1
31,21,713,461,142,323,0,10,1
32,21,701,461,142,326,0,10,1
33,21,690,461,142,330,0,10,1
34,21,679,461,142,334,0,10,1
35,21,668,462,141,337,0,10,1
36,21,657,462,141,341,0,10,1
37,21,645,462,142,344,0,10,1
38,21,634,463,141,347,0,10,1
39,21,623,463,141,351,0,10,1
40,21,612,463,141,355,0,10,1
41,21,601,464,141,358,0,10,1
42,21,592,462,143,362,0,10,1
43,21,583,460,146,367,0,10,1
44,21,574,459,148,370,0,10,1
45,21,566,457,150,375,0,10,1
46,21,557,456,152,378,0,10,1
47,21,548,454,155,383,0,10,1
48,21,540,452,156,387,0,10,1
49,21,531,451,159,391,0,10,1
50,21,522,449,161,395,0,10,1
51,21,514,448,163,399,0,10,1
52,21,502,447,164,402,0,10,1
53,21,490,447,166,405,0,10,1
54,21,479,447,167,408,0,10,1
55,21,467,446,169,412,0,10,1
56,21,456,446,170,415,0,10,1
57,21,444,446,171,418,0,10,1
58,21,432,445,173,422,0,10,1
59,21,421,445,174,425,0,10,1
60,21,409,445,176,428,0,10,1
61,21,398,445,177,431,0,10,1
62,21,388,444,180,436,0,10,1
63,21,378,444,183,440,0,10,1
64,21,369,444,185,444,0,10,1
65,21,359,443,188,449,0,10,1
66,21,350,443,190,453,0,10,1
67,21,340,443,193,457,0,10,1
68,21,330,442,196,462,0,10,1
69,21,321,442,198,466,0,10,1
70,21,311,442,201,470,0,10,1
71,21,302,442,203,475,0,10,1
72,21,290,436,207,486,0,10,1
73,21,278,431,212,497,0,10,1
74,21,266,426,217,508,0,10,1
75,21,255,421,221,519,0,10,1
76,21,243,416,226,530,0,10,1
77,21,231,411,230,540,0,10,1
78,21,220,406,234,551,0,10,1
79,21,208,401,239,562,0,10,1
80,21,196,396,244,573,0,10,1
81,21,185,391,248,584,0,10,1
82,21,170,388,251,593,0,10,1
83,21,155,385,254,603,0,10,1
84,21,140,382,257,613,0,10,1
85,21,125,379,260,622,0,10,1
86,21,111,376,262,632,0,10,1
87,21,96,373,265,642,0,10,1
88,21,81,370,268,651,0,10,1
89,21,66,367,271,661,0,10,1
90,21,51,364,274,671,0,10,1
91,21,37,361,276,681,0,10,1
92,21,22,357,276,689,0,10,1
93,21,8,354,275,696,0,10,1
94,21,-7,351,276,703,0,10,0.97112
95,21,-21,348,275,710,0,10,0.92029
96,21,-35,345,275,717,0,10,0.86957
97,21,-50,342,275,724,0,10,0.81522
98,21,-64,339,274,731,0,10,0.76364
99,21,-79,336,275,738,0,10,0.71014
100,21,-93,333,274,745,0,10,0.65818
101,21,-107,330,274,753,0,10,0.60486
102,21,-125,332,285,753,0,10,0.55573
103,21,-142,334,296,753,0,10,0.5137
104,21,-159,336,306,753,0,10,0.47311
105,21,-176,339,317,752,0,10,0.43692
106,21,-187,340,317,752,0,10,0.40229
107,21,-198,342,317,752,0,10,0.36726
108,21,-206,340,317,752,0,10,0.34349
109,21,-213,339,317,752,0,10,0.32227
110,21,-229,341,317,752,0,10,0.27195
111,21,-245,343,317,752,0,10,0.2219
112,21,-261,345,317,752,0,10,0.17212
113,21,-271,346,317,752,0,10,0.1412
114,21,-280,347,317,752,0,10,0.11342
115,21,-285,347,317,752,0,10,0.09809
1,22,398,435,28,69,1,1,0.62857
2,22,388,434,28,69,1,1,0.61429
3,22,378,433,28,69,1,1,0.61429
4,22,368,432,28,69,1,1,0.61429
5,22,359,431,28,69,1,1,0.67143
6,22,355,432,28,69,1,1,0.7
7,22,352,433,28,69,1,1,0.72857
8,22,348,435,28,69,1,1,0.74286
9,22,345,436,28,69,1,1,0.72857
10,22,341,437,28,69,1,1,0.72857
11,22,338,439,28,69,1,1,0.71429
12,22,332,437,28,69,1,1,0.71429
13,22,327,436,28,69,1,1,0.7
14,22,321,434,29,69,1,1,0.7
15,22,316,433,29,69,1,1,0.68571
16,22,306,435,29,69,1,1,0.64286
17,22,297,438,29,69,1,1,0.64286
18,22,288,440,28,69,1,1,0.65714
19,22,278,443,29,69,1,1,0.65714
20,22,269,445,28,69,1,1,0.67143
21,22,260,448,28,69,1,1,0.62857
22,22,247,449,28,70,1,1,0.64789
23,22,234,451,29,71,1,1,0.66667
24,22,222,453,29,72,1,1,0.65753
25,22,184,456,28,72,1,1,0.64384
26,22,170,454,29,74,1,1,0.68
27,22,143,452,29,75,1,1,0.68421
28,22,116,450,30,76,1,1,0.68831
29,22,102,450,29,77,1,1,0.66667
30,22,72,444,31,79,1,1,0.75
31,22,51,448,31,80,1,1,0.71605
32,22,34,451,33,80,1,1,0.71605
33,22,18,455,35,80,1,1,0.7037
34,22,0,459,34,81,1,1,0.62787
1,23,635,426,52,137,1,1,0.64301
2,23,631,426,52,137,1,1,0.58627
3,23,627,427,52,137,1,1,0.50943
4,23,623,428,52,137,1,1,0.43396
5,23,619,429,52,137,1,1,0.35849
6,23,615,430,52,137,1,1,0.35849
7,23,611,430,52,137,1,1,0.33962
8,23,607,431,52,137,1,1,0.33962
9,23,603,432,52,137,1,1,0.32075
10,23,599,433,52,137,1,1,0.28302
11,23,595,434,52,137,1,1,0.24528
12,23,588,434,52,137,1,1,0.18868
13,23,581,435,52,136,1,1,0.13208
14,23,574,436,52,136,1,1,0.13208
15,23,568,436,51,136,1,1,0.13462
16,23,561,437,52,136,1,1,0.13208
17,23,554,438,52,135,1,1,0.13208
18,23,548,438,51,135,1,1,0.076923
19,23,541,439,51,135,1,1,0.044118
20,23,534,440,51,134,1,1,0.012108
21,23,528,441,51,134,1,1,0.013675
22,23,512,441,51,134,1,1,0.0099715
23,23,497,442,51,134,1,1,0.067664
24,23,482,443,51,134,1,1,0.21709
25,23,466,443,51,134,1,1,0.0055556
26,23,451,444,51,134,1,1,0.0019943
27,23,436,445,51,134,1,1,0.0002849
28,23,420,445,51,134,1,1,0
29,23,405,446,51,134,1,1,0
30,23,390,447,51,134,1,1,0
31,23,375,448,51,134,1,1,0
32,23,365,448,51,134,1,1,0
33,23,355,449,51,134,1,1,0
34,23,345,449,51,135,1,1,0
35,23,335,450,51,134,1,1,0
36,23,325,450,51,135,1,1,0
37,23,315,451,51,135,1,1,0
38,23,305,451,51,135,1,1,0
39,23,295,452,51,135,1,1,0
40,23,285,452,51,136,1,1,0.00028074
41,23,276,453,50,136,1,1,0
42,23,268,453,50,136,1,1,0
43,23,260,453,50,137,1,1,0
44,23,252,454,50,136,1,1,0
45,23,244,454,50,137,1,1,0
46,23,237,455,49,137,1,1,0
47,23,229,455,49,137,1,1,0
48,23,221,455,49,138,1,1,0
49,23,213,456,49,137,1,1,0
50,23,205,456,49,138,1,1,0
51,23,198,457,49,138,1,1,0
52,23,193,455,48,139,1,1,0
53,23,188,454,48,139,1,1,0
54,23,183,453,48,139,1,1,0
55,23,178,452,48,139,1,1,0
56,23,173,451,48,139,1,1,0
57,23,168,449,48,140,1,1,0
58,23,163,448,48,140,1,1,0
59,23,158,447,48,140,1,1,0
60,23,153,446,48,140,1,1,0
61,23,148,445,48,140,1,1,0
62,23,145,444,48,140,1,1,0
63,23,142,444,48,140,1,1,0
64,23,139,444,48,140,1,1,0.040816
65,23,136,444,48,140,1,1,0.061224
66,23,134,444,48,140,1,1,0.12245
67,23,131,444,48,140,1,1,0.14286
68,23,128,444,48,140,1,1,0.18367
69,23,125,444,48,140,1,1,0.20408
70,23,122,444,48,140,1,1,0.2449
71,23,120,444,48,140,1,1,0.28571
72,23,116,442,49,141,1,1,0.36
73,23,112,441,50,141,1,1,0.41176
74,23,108,440,51,141,1,1,0.48077
75,23,105,439,52,142,1,1,0.54717
76,23,101,438,53,142,1,1,0.57407
77,23,97,436,54,143,1,1,0.58182
78,23,94,435,55,144,1,1,0.625
79,23,90,434,56,144,1,1,0.63158
80,23,86,433,57,144,1,1,0.60345
81,23,83,432,58,145,1,1,0.59322
82,23,81,429,58,145,1,1,0.67797
83,23,79,427,58,145,1,1,0.76271
84,23,77,424,58,145,1,1,0.79661
85,23,75,422,58,145,1,1,0.67797
86,23,74,420,58,145,1,1,0.50847
87,23,71,422,58,145,1,1,0.32203
88,23,68,424,58,145,1,1,0.13559
89,23,66,426,58,145,1,1,0
90,23,63,428,58,145,1,1,0
91,23,61,431,58,145,1,1,0
92,23,60,429,58,145,1,1,0
93,23,59,427,58,145,1,1,0
94,23,58,426,58,145,1,1,0
95,23,57,424,58,145,1,1,0
96,23,56,422,58,145,1,1,0
97,23,55,421,58,145,1,1,0
98,23,54,419,58,145,1,1,0
99,23,53,417,58,145,1,1,0
100,23,52,416,58,145,1,1,0
101,23,51,414,58,145,1,1,0
102,23,50,412,58,145,1,1,0
103,23,49,411,58,145,1,1,0
104,23,48,409,58,145,1,1,0
105,23,47,407,58,145,1,1,0
106,23,46,406,58,145,1,1,0
107,23,45,404,58,145,1,1,0
108,23,44,402,58,145,1,1,0
109,23,43,401,58,145,1,1,0
110,23,42,399,58,145,1,1,0.20339
111,23,41,398,58,145,1,1,0.45763
112,23,43,399,58,145,1,1,0.76271
113,23,46,400,58,145,1,1,0.98305
114,23,48,402,58,145,1,1,1
115,23,51,403,58,145,1,1,1
116,23,54,405,58,145,1,1,1
117,23,65,406,58,145,1,1,1
118,23,76,407,58,145,1,1,1
119,23,88,408,58,145,1,1,1
120,23,99,409,58,145,1,1,1
121,23,111,410,58,145,1,1,1
122,23,121,406,58,145,1,1,1
123,23,131,403,58,145,1,1,1
124,23,142,399,58,145,1,1,1
125,23,152,396,58,145,1,1,1
126,23,163,393,58,145,1,1,1
127,23,173,392,58,145,1,1,1
128,23,183,391,58,145,1,1,1
129,23,194,390,57,145,1,1,1
130,23,204,389,57,145,1,1,1
131,23,215,389,57,144,1,1,1
132,23,222,386,56,143,1,1,1
133,23,229,384,56,142,1,1,1
134,23,236,382,56,140,1,1,1
135,23,243,379,56,140,1,1,1
136,23,250,377,56,138,1,1,1
137,23,257,375,56,137,1,1,1
138,23,264,372,56,136,1,1,1
139,23,271,370,56,135,1,1,1
140,23,278,368,56,133,1,1,1
141,23,285,366,56,132,1,1,1
142,23,289,367,56,132,1,1,1
143,23,294,369,55,132,1,1,1
144,23,298,370,55,132,1,1,1
145,23,303,372,54,132,1,1,1
146,23,308,374,53,132,1,1,1
147,23,315,373,52,132,1,1,1
148,23,322,373,51,131,1,1,1
149,23,329,372,50,132,1,1,1
150,23,336,372,49,131,1,1,1
151,23,343,372,49,131,1,1,1
152,23,345,369,49,131,1,1,1
153,23,348,366,49,131,1,1,1
154,23,350,364,49,131,1,1,1
155,23,353,361,49,131,1,1,1
156,23,356,359,49,131,1,1,1
157,23,351,359,49,131,1,1,1
158,23,346,360,49,131,1,1,1
159,23,342,361,49,131,1,1,1
160,23,337,362,49,131,1,1,1
161,23,333,363,49,131,1,1,1
162,23,328,363,49,131,1,1,1
163,23,323,364,49,131,1,1,1
164,23,319,365,49,131,1,1,1
165,23,314,366,49,131,1,1,1
166,23,310,367,49,131,1,1,1
167,23,299,366,49,131,1,1,1
168,23,288,366,49,131,1,1,1
169,23,277,366,49,131,1,1,1
170,23,266,366,49,131,1,1,1
171,23,256,366,49,131,1,1,1
172,23,250,367,49,131,1,1,1
173,23,244,368,49,131,1,1,1
174,23,238,369,49,131,1,1,1
175,23,232,370,49,131,1,1,1
176,23,227,371,49,131,1,1,1
177,23,226,367,49,131,1,1,1
178,23,225,363,49,131,1,1,1
179,23,224,359,49,131,1,1,1
180,23,223,355,49,131,1,1,1
181,23,222,351,49,131,1,1,1
182,23,221,349,49,131,1,1,1
183,23,221,347,49,131,1,1,1
184,23,221,345,49,131,1,1,1
185,23,221,343,49,131,1,1,1
186,23,221,341,49,131,1,1,1
187,23,221,340,49,131,1,1,1
188,23,221,340,49,131,1,1,1
189,23,221,339,49,131,1,1,1
190,23,221,339,49,131,1,1,1
191,23,222,339,49,131,1,1,1
192,23,221,337,50,131,1,1,1
193,23,220,335,52,131,1,1,1
194,23,220,333,53,132,1,1,1
195,23,218,331,56,130,1,1,1
196,23,222,331,54,130,1,1,1
197,23,221,336,59,128,1,1,1
198,23,227,340,57,129,1,1,1
199,23,234,345,54,129,1,1,1
200,23,241,349,51,130,1,1,1
201,23,248,354,49,131,1,1,1
202,23,257,354,50,131,1,1,1
203,23,267,355,50,131,1,1,1
204,23,277,356,50,130,1,1,1
205,23,287,357,50,130,1,1,1
206,23,297,358,50,130,1,1,1
207,23,307,359,50,129,1,1,1
208,23,317,360,50,129,1,1,1
209,23,327,361,50,128,1,1,1
210,23,337,362,50,128,1,1,1
211,23,347,363,51,128,1,1,1
212,23,352,362,51,128,1,1,1
213,23,357,362,51,127,1,1,1
214,23,362,362,51,127,1,1,1
215,23,367,361,51,127,1,1,1
216,23,372,361,51,127,1,1,1
217,23,377,361,51,126,1,1,1
218,23,382,360,51,126,1,1,1
219,23,387,360,51,126,1,1,1
220,23,392,360,51,125,1,1,1
221,23,398,360,50,125,1,1,1
222,23,401,359,50,124,1,1,1
223,23,405,358,50,124,1,1,1
224,23,409,358,50,123,1,1,1
225,23,413,357,49,123,1,1,1
226,23,417,357,49,122,1,1,1
227,23,420,356,50,122,1,1,1
228,23,424,355,49,122,1,1,1
229,23,428,355,49,121,1,1,1
230,23,432,354,49,121,1,1,1
231,23,436,354,49,120,1,1,1
232,23,440,351,49,120,1,1,1
233,23,445,349,49,120,1,1,1
234,23,449,347,49,120,1,1,1
235,23,454,345,49,120,1,1,0.96132
236,23,458,343,49,120,1,1,0.90331
237,23,463,341,49,120,1,1,0.84529
238,23,467,339,49,120,1,1,0.80661
239,23,472,337,49,120,1,1,0.72926
240,23,476,335,49,120,1,1,0.69058
241,23,481,333,49,120,1,1,0.63256
242,23,484,331,49,120,1,1,0.61322
243,23,488,330,49,120,1,1,0.5114
244,23,492,328,49,120,1,1,0.43521
245,23,496,327,49,120,1,1,0.35521
246,23,500,325,49,120,1,1,0.27901
247,23,504,324,49,120,1,1,0.19983
248,23,508,322,49,120,1,1,0.11983
249,23,512,321,49,120,1,1,0.039835
250,23,516,319,49,120,1,1,0.021818
251,23,520,318,49,120,1,1,0.017851
252,23,523,318,49,120,1,1,0.012397
253,23,526,318,49,120,1,1,0.008595
254,23,529,318,49,120,1,1,0.0054545
255,23,532,318,49,120,1,1,0.0044628
256,23,535,318,49,120,1,1,0.002314
257,23,538,318,49,120,1,1,0.0019835
258,23,541,318,49,120,1,1,0.00066116
259,23,544,318,49,120,1,1,0
260,23,547,318,49,120,1,1,0
261,23,550,318,49,120,1,1,0
262,23,553,316,49,119,1,1,0
263,23,557,315,49,118,1,1,0.012773
264,23,560,313,49,118,1,1,0.052437
265,23,564,312,49,117,1,1,0.10576
266,23,568,310,48,117,1,1,0.1522
267,23,571,309,49,116,1,1,0.19145
268,23,575,307,48,116,1,1,0.28257
269,23,578,306,49,115,1,1,0.36759
270,23,582,304,48,115,1,1,0.46728
271,23,586,303,48,114,1,1,0.56646
272,23,580,302,48,114,1,1,0.52174
273,23,575,302,48,114,1,1,0.47702
274,23,570,302,48,114,1,1,0.55972
275,23,565,301,48,114,1,1,0.64099
276,23,560,301,48,114,1,1,0.72174
277,23,554,301,48,114,1,1,0.72174
278,23,549,300,48,114,1,1,0.72174
279,23,544,300,48,114,1,1,0.72174
280,23,539,300,48,114,1,1,0.71304
281,23,534,300,48,114,1,1,0.71304
282,23,530,299,48,114,1,1,0.71304
283,23,526,298,48,114,1,1,0.72174
284,23,522,298,48,114,1,1,0.72174
285,23,518,297,48,114,1,1,0.73043
286,23,515,297,48,114,1,1,0.73043
287,23,511,296,48,114,1,1,0.70896
288,23,507,295,48,114,1,1,0.65626
289,23,503,295,48,114,1,1,0.70204
290,23,499,294,48,114,1,1,0.75652
291,23,496,294,48,114,1,1,0.75652
292,23,499,292,48,114,1,1,0.58669
293,23,502,290,48,114,1,1,0.40142
294,23,505,288,48,114,1,1,0.20071
295,23,509,286,48,114,1,1,0
296,23,512,285,48,114,1,1,0
297,23,515,283,48,114,1,1,0
298,23,519,281,48,114,1,1,0
299,23,522,279,48,114,1,1,0
300,23,525,277,48,114,1,1,0
301,23,529,276,48,114,1,1,0.010648
302,23,524,275,48,114,1,1,0.02165
303,23,519,275,48,114,1,1,0.032476
304,23,514,274,48,114,1,1,0.04472
305,23,510,274,48,114,1,1,0.067081
306,23,505,273,48,114,1,1,0.079503
307,23,500,273,48,114,1,1,0.09228
308,23,496,272,48,114,1,1,0.11713
309,23,491,272,48,114,1,1,0.19911
310,23,486,271,48,114,1,1,0.27755
311,23,482,271,48,114,1,1,0.4
312,23,485,272,48,114,1,1,0.49654
313,23,488,273,48,114,1,1,0.57853
314,23,491,274,48,114,1,1,0.66229
315,23,495,275,48,114,1,1,0.70985
316,23,498,276,48,114,1,1,0.71074
317,23,501,277,48,114,1,1,0.71162
318,23,505,278,48,114,1,1,0.70861
319,23,508,279,48,114,1,1,0.70949
320,23,511,280,48,114,1,1,0.71429
321,23,515,281,48,114,1,1,0.69601
322,23,518,281,48,114,1,1,0.68713
323,23,522,281,48,114,1,1,0.67826
324,23,525,281,48,114,1,1,0.67826
325,23,529,282,48,114,1,1,0.66957
326,23,533,282,48,114,1,1,0.66957
327,23,536,282,48,114,1,1,0.66957
328,23,540,283,48,114,1,1,0.66087
41,24,918,442,37,103,1,1,0.55263
42,24,913,441,37,103,1,1,0.52632
43,24,909,441,37,103,1,1,0.52632
44,24,905,441,37,103,1,1,0.52632
45,24,901,441,37,103,1,1,0.52632
46,24,897,441,37,103,1,1,0.55263
47,24,892,440,37,103,1,1,0.55263
48,24,888,440,37,103,1,1,0.57895
49,24,884,440,37,103,1,1,0.60526
50,24,880,440,37,103,1,1,0.68421
51,24,876,440,37,103,1,1,0.73684
52,24,871,438,38,104,1,1,0.74359
53,24,867,437,38,105,1,1,0.74359
54,24,863,436,38,105,1,1,0.79487
55,24,859,435,39,106,1,1,0.85
56,24,855,434,39,107,1,1,0.9
57,24,850,432,40,108,1,1,0.92683
58,24,846,431,41,109,1,1,1
59,24,842,430,41,109,1,1,1
60,24,838,429,41,110,1,1,1
61,24,834,428,42,111,1,1,1
62,24,833,426,42,112,1,1,1
63,24,833,425,42,112,1,1,1
64,24,833,423,42,113,1,1,1
65,24,833,422,42,113,1,1,1
66,24,833,420,42,114,1,1,1
67,24,833,419,41,114,1,1,1
68,24,833,417,41,115,1,1,1
69,24,833,416,41,115,1,1,1
70,24,833,414,41,116,1,1,1
71,24,833,413,41,117,1,1,1
72,24,831,413,41,117,1,1,1
73,24,830,413,41,117,1,1,1
74,24,829,413,41,117,1,1,1
75,24,828,414,41,117,1,1,1
76,24,827,414,41,117,1,1,1
77,24,826,414,41,117,1,1,1
78,24,825,415,41,117,1,1,1
79,24,824,415,41,117,1,1,1
80,24,823,415,41,117,1,1,1
81,24,822,416,41,117,1,1,1
82,24,822,415,40,118,1,1,1
83,24,822,414,40,119,1,1,1
84,24,822,414,40,119,1,1,1
85,24,822,413,40,120,1,1,1
86,24,822,413,40,120,1,1,0.97601
87,24,822,412,40,121,1,1,0.92803
88,24,822,411,40,122,1,1,0.88003
89,24,822,411,40,122,1,1,0.83066
90,24,822,410,40,123,1,1,0.81275
91,24,822,410,40,123,1,1,0.79642
92,24,823,407,40,123,1,1,0.74469
93,24,825,405,40,123,1,1,0.6668
94,24,826,403,40,123,1,1,0.59874
95,24,828,401,40,123,1,1,0.50846
96,24,829,399,40,123,1,1,0.44296
97,24,831,397,40,123,1,1,0.35563
98,24,832,395,40,123,1,1,0.26357
99,24,834,393,40,123,1,1,0.15578
100,24,835,391,40,123,1,1,0.072581
101,24,837,389,40,123,1,1,0.080645
102,24,836,388,41,124,1,1,0.08
103,24,836,387,41,125,1,1,0.079365
104,24,835,386,42,126,1,1,0.07874
105,24,835,386,42,126,1,1,0.07874
106,24,834,385,43,127,1,1,0.078125
107,24,834,384,43,128,1,1,0.077519
108,24,833,384,44,128,1,1,0.069767
109,24,833,383,44,129,1,1,0.069231
110,24,832,382,45,130,1,1,0.091603
111,24,832,382,45,131,1,1,0.14493
112,24,833,381,45,133,1,1,0.089552
113,24,835,381,45,134,1,1,0.066667
114,24,839,381,45,135,1,1,0.09367
115,24,844,381,45,137,1,1,0.1862
116,24,849,381,45,139,1,1,0.27034
117,24,853,383,45,140,1,1,0.32902
118,24,858,385,45,142,1,1,0.27759
119,24,866,384,46,143,1,1,0.32255
120,24,875,383,46,144,1,1,0.36566
121,24,900,379,46,145,1,1,0.72238
122,24,906,377,49,145,1,1,0.71726
123,24,913,375,51,145,1,1,0.72603
124,24,919,373,54,145,1,1,0.72055
125,24,926,371,57,145,1,1,0.73299
126,24,936,369,56,145,1,1,0.77626
127,24,947,367,54,146,1,1,0.81905
128,24,958,366,53,146,1,1,0.88183
129,24,968,364,52,147,1,1,0.91458
130,24,979,362,50,148,1,1,0.96552
131,24,990,361,49,148,1,1,1
132,24,996,358,49,149,1,1,0.9824
133,24,1002,356,50,150,1,1,0.94663
134,24,1008,354,51,151,1,1,0.98267
135,24,1014,352,52,152,1,1,1
136,24,1020,350,53,153,1,1,1
137,24,1026,347,53,155,1,1,1
138,24,1032,345,54,156,1,1,1
139,24,1038,343,55,157,1,1,1
140,24,1044,341,56,158,1,1,1
141,24,1050,339,57,159,1,1,1
142,24,1055,338,58,160,1,1,1
143,24,1061,338,58,161,1,1,1
144,24,1066,338,59,162,1,1,1
145,24,1072,337,59,164,1,1,1
146,24,1077,337,60,164,1,1,1
147,24,1083,337,60,165,1,1,1
148,24,1088,336,61,167,1,1,1
149,24,1094,336,61,168,1,1,1
150,24,1100,336,62,169,1,1,1
151,24,1113,336,56,171,1,1,1
152,24,1113,335,57,171,1,1,1
153,24,1114,334,57,172,1,1,1
154,24,1115,333,57,173,1,1,1
155,24,1115,332,58,174,1,1,1
156,24,1116,331,58,175,1,1,1
157,24,1117,330,58,175,1,1,1
158,24,1117,329,59,176,1,1,1
159,24,1118,328,59,177,1,1,1
160,24,1119,327,59,178,1,1,1
161,24,1120,327,60,178,1,1,1
162,24,1118,326,60,179,1,1,1
163,24,1116,325,61,180,1,1,1
164,24,1109,324,61,181,1,1,1
165,24,1102,324,62,182,1,1,1
166,24,1095,323,63,184,1,1,1
167,24,1088,323,64,185,1,1,1
168,24,1081,323,64,185,1,1,1
169,24,1074,322,65,187,1,1,1
170,24,1067,322,66,188,1,1,1
171,24,1061,322,66,189,1,1,1
172,24,1059,320,66,191,1,1,1
173,24,1057,319,66,192,1,1,1
174,24,1055,317,66,194,1,1,1
175,24,1054,316,65,195,1,1,1
176,24,1052,314,66,197,1,1,1
177,24,1050,313,66,198,1,1,1
178,24,1049,311,65,200,1,1,1
179,24,1047,310,65,201,1,1,1
180,24,1045,308,65,203,1,1,1
181,24,1044,307,65,204,1,1,1
182,24,1044,304,66,206,1,1,1
183,24,1045,302,67,208,1,1,1
184,24,1046,299,68,210,1,1,1
185,24,1047,297,69,212,1,1,1
186,24,1047,297,70,213,1,1,1
187,24,1048,297,71,215,1,1,1
188,24,1048,295,72,216,1,1,1
189,24,1050,298,72,217,1,1,1
190,24,1052,301,73,219,1,1,1
191,24,1054,304,74,221,1,1,1
192,24,1058,305,74,223,1,1,1
193,24,1062,307,74,224,1,1,1
194,24,1066,308,74,226,1,1,1
195,24,1071,310,73,227,1,1,1
196,24,1075,312,74,228,1,1,1
197,24,1079,313,74,230,1,1,1
198,24,1084,315,73,231,1,1,1
199,24,1088,316,73,233,1,1,1
200,24,1092,318,73,234,1,1,1
201,24,1097,320,73,236,1,1,1
202,24,1106,321,75,239,1,1,1
203,24,1116,323,76,241,1,1,1
204,24,1126,324,77,244,1,1,1
205,24,1135,326,79,246,1,1,1
206,24,1145,327,80,249,1,1,1
207,24,1155,329,81,251,1,1,1
208,24,1164,330,83,254,1,1,1
209,24,1174,332,84,256,1,1,1
210,24,1184,333,85,259,1,1,1
211,24,1194,335,86,262,1,1,1
212,24,1201,335,87,265,1,1,1
213,24,1208,335,88,268,1,1,1
214,24,1216,335,88,271,1,1,1
215,24,1223,335,89,274,1,1,1
216,24,1231,336,89,276,1,1,1
217,24,1238,336,90,279,1,1,1
218,24,1245,336,91,282,1,1,1
219,24,1253,336,91,285,1,1,1
220,24,1260,336,92,288,1,1,1
221,24,1268,337,93,291,1,1,1
222,24,1274,335,94,296,1,1,1
223,24,1281,334,95,300,1,1,1
224,24,1288,333,96,304,1,1,1
225,24,1295,331,96,309,1,1,0.94074
226,24,1302,330,97,313,1,1,0.85279
227,24,1308,329,99,317,1,1,0.77796
228,24,1315,327,99,322,1,1,0.70056
229,24,1322,326,100,326,1,1,0.62567
230,24,1329,325,101,330,1,1,0.41419
231,24,1336,324,102,334,1,1,0.20925
232,24,1344,320,103,339,1,1,0.26018
233,24,1352,316,105,345,1,1,0.30789
234,24,1360,312,107,350,1,1,0.22657
235,24,1368,308,109,356,1,1,0.1577
236,24,1376,304,111,361,1,1,0.083662
237,24,1384,300,112,367,1,1,0.054348
238,24,1392,296,114,372,1,1,0.053619
239,24,1400,292,116,378,1,1,0.05277
240,24,1408,288,118,383,1,1,0.052083
241,24,1417,284,119,389,1,1,0.053846
242,24,1428,283,122,395,1,1,0.05303
243,24,1439,282,125,401,1,1,0.054726
244,24,1450,282,128,406,1,1,0.054054
245,24,1462,281,130,413,1,1,0.055556
246,24,1473,281,133,418,1,1,0.049959
247,24,1484,280,136,424,1,1,0.054358
248,24,1496,279,138,431,1,1,0.094108
249,24,1507,279,141,436,1,1,0.13134
250,24,1518,278,144,442,1,1,0.22799
251,24,1530,278,147,448,1,1,0.32121
252,24,1544,274,152,454,1,1,0.29025
253,24,1559,270,157,461,1,1,0.26106
254,24,1573,266,163,467,1,1,0.28479
255,24,1588,262,167,474,1,1,0.30464
256,24,1603,258,172,481,1,1,0.32766
257,24,1617,254,178,487,1,1,0.34269
258,24,1632,250,182,494,1,1,0.3114
259,24,1646,246,188,500,1,1,0.25049
260,24,1661,242,193,507,1,1,0.21437
261,24,1676,239,198,513,1,1,0.17877
262,24,1697,236,197,517,1,1,0.12119
263,24,1718,233,197,521,1,1,0.065134
264,24,1739,230,197,525,1,1,0.05592
265,24,1762,224,196,555,1,1,0.047904
164,25,928,352,33,97,1,1,0.38235
165,25,920,351,33,97,1,1,0.38235
166,25,913,351,33,97,1,1,0.44118
167,25,905,351,33,97,1,1,0.44118
168,25,898,351,33,97,1,1,0.47059
169,25,890,351,33,97,1,1,0.5
170,25,883,350,33,97,1,1,0.52941
171,25,875,350,33,97,1,1,0.52941
172,25,868,350,33,97,1,1,0.5
173,25,860,350,33,97,1,1,0.41176
174,25,853,350,33,97,1,1,0.26471
175,25,852,348,33,97,1,1,0.29412
176,25,851,346,33,98,1,1,0.29412
177,25,850,344,33,99,1,1,0.32353
178,25,849,342,33,99,1,1,0.35294
179,25,848,340,33,100,1,1,0.35294
180,25,847,338,33,101,1,1,0.38235
181,25,846,336,33,101,1,1,0.38235
182,25,845,334,33,102,1,1,0.41176
183,25,844,332,33,103,1,1,0.41176
184,25,844,330,32,104,1,1,0.33449
185,25,844,330,32,104,1,1,0.21212
186,25,845,331,32,104,1,1,0.12121
187,25,846,332,32,104,1,1,0.060606
188,25,846,333,32,104,1,1,0.030303
189,25,847,334,32,104,1,1,0.030303
190,25,848,335,32,104,1,1,0.060606
191,25,848,336,32,104,1,1,0.060606
192,25,849,337,32,104,1,1,0
193,25,850,338,32,104,1,1,0
194,25,851,339,32,104,1,1,0
195,25,855,341,32,104,1,1,0
196,25,859,344,32,104,1,1,0
197,25,863,346,32,104,1,1,0
198,25,867,349,32,104,1,1,0
199,25,872,351,32,104,1,1,0.030303
200,25,876,354,32,104,1,1,0
201,25,880,356,32,104,1,1,0
202,25,884,359,32,104,1,1,0
203,25,888,361,32,104,1,1,0
204,25,893,364,32,104,1,1,0
205,25,900,364,32,104,1,1,0
206,25,907,364,32,104,1,1,0
207,25,914,364,32,104,1,1,0
208,25,921,364,32,104,1,1,0
209,25,929,364,32,104,1,1,0
210,25,936,364,32,104,1,1,0.0046176
211,25,943,364,32,104,1,1,0.01039
212,25,950,364,32,104,1,1,0.010101
213,25,957,364,32,104,1,1,0.0051948
214,25,965,364,32,104,1,1,0.0069264
215,25,967,364,32,104,1,1,0.0077922
216,25,970,365,32,104,1,1,0.0046176
217,25,973,366,32,104,1,1,0.0040404
218,25,976,367,32,104,1,1,0.0034632
219,25,979,368,32,104,1,1,0.004329
220,25,981,369,32,104,1,1,0.0011544
221,25,984,370,32,104,1,1,0
222,25,987,371,32,104,1,1,0.0002886
223,25,990,372,32,104,1,1,0
224,25,993,373,32,104,1,1,0
225,25,996,371,32,105,1,1,0
226,25,999,370,33,105,1,1,0
227,25,1002,369,33,105,1,1,0
228,25,1005,368,34,105,1,1,0
229,25,1009,367,34,105,1,1,0
230,25,1012,366,34,105,1,1,0.00026954
231,25,1015,365,35,105,1,1,0.0052411
232,25,1018,364,35,105,1,1,0
233,25,1021,363,36,105,1,1,0
234,25,1025,362,36,106,1,1,0
235,25,1029,360,36,106,1,1,0
236,25,1033,358,36,107,1,1,0
237,25,1037,356,36,107,1,1,0
238,25,1041,354,36,108,1,1,0
239,25,1045,352,36,109,1,1,0
240,25,1049,350,36,109,1,1,0
241,25,1053,348,36,110,1,1,0
242,25,1057,346,36,110,1,1,0
243,25,1061,344,36,111,1,1,0
244,25,1066,343,35,111,1,1,0
245,25,1068,341,35,112,1,1,0
246,25,1071,340,35,112,1,1,0
247,25,1073,338,36,113,1,1,0
248,25,1076,337,35,113,1,1,0
249,25,1078,336,36,113,1,1,0
250,25,1081,334,36,114,1,1,0.0056404
251,25,1083,333,36,114,1,1,0.0070505
252,25,1086,331,36,115,1,1,0.0055918
253,25,1088,330,37,115,1,1,0
254,25,1091,329,37,116,1,1,0
255,25,1094,327,37,116,1,1,0.0024741
256,25,1098,325,37,117,1,1,0.0053524
257,25,1102,323,37,118,1,1,0.0086245
258,25,1106,321,37,119,1,1,0.012281
259,25,1110,320,37,119,1,1,0.016447
260,25,1114,318,36,119,1,1,0.013514
261,25,1118,316,36,120,1,1,0.0089346
262,25,1122,314,36,121,1,1,0.010634
263,25,1126,312,36,122,1,1,0.012305
264,25,1130,311,36,122,1,1,0.016919
265,25,1131,310,36,122,1,1,0.014502
266,25,1132,310,36,122,1,1,0.012085
267,25,1133,309,36,123,1,1,0.011988
268,25,1134,309,37,122,1,1,0.008558
269,25,1135,308,37,123,1,1,0.0067912
270,25,1136,308,37,123,1,1,0.66893
271,25,1137,307,38,123,1,1,0.92618
272,25,1138,307,38,123,1,1,0.0033085
273,25,1139,306,38,124,1,1,0
274,25,1140,306,39,124,1,1,0
275,25,1132,304,39,125,1,1,0
276,25,1125,303,39,125,1,1,0
277,25,1118,302,39,125,1,1,0
278,25,1110,300,40,126,1,1,0.0034569
279,25,1103,299,40,126,1,1,0.0051853
280,25,1096,298,40,126,1,1,0.0084502
281,25,1088,296,41,127,1,1,0.083147
282,25,1081,295,41,127,1,1,0.12649
283,25,1074,294,41,127,1,1,0.19382
284,25,1067,293,41,128,1,1,0.9055
285,25,1066,290,41,128,1,1,0.026763
286,25,1065,287,41,128,1,1,0.051495
287,25,1064,284,41,129,1,1,0.098901
288,25,1063,281,41,129,1,1,0.17033
289,25,1062,278,41,130,1,1,0.26409
290,25,1061,275,41,130,1,1,0.35714
291,25,1060,272,41,130,1,1,0.40476
292,25,1059,269,41,131,1,1,0.38095
293,25,1058,266,41,131,1,1,0.35714
294,25,1058,264,40,131,1,1,0.26829
295,25,1056,264,40,131,1,1,1
296,25,1055,265,40,131,1,1,1
297,25,1053,265,40,131,1,1,1
298,25,1052,266,40,131,1,1,1
299,25,1051,267,40,131,1,1,1
300,25,1049,267,40,131,1,1,1
301,25,1048,268,40,131,1,1,1
302,25,1046,269,40,131,1,1,1
303,25,1045,269,40,131,1,1,1
304,25,1044,270,40,131,1,1,1
305,25,1042,271,40,131,1,1,1
306,25,1041,271,40,131,1,1,0
307,25,1039,272,40,131,1,1,0
308,25,1038,273,40,131,1,1,1
309,25,1037,273,40,131,1,1,1
310,25,1035,274,40,131,1,1,1
311,25,1034,275,40,131,1,1,1
312,25,1032,275,40,131,1,1,1
313,25,1031,276,40,131,1,1,0.21951
314,25,1030,277,40,131,1,1,0.073171
315,25,1033,275,41,132,1,1,0.047619
316,25,1037,273,41,133,1,1,0.047619
317,25,1041,271,41,134,1,1,0.02381
318,25,1045,269,41,136,1,1,0.02381
319,25,1049,268,41,136,1,1,0
320,25,1053,266,41,137,1,1,0.071429
321,25,1057,264,41,139,1,1,0.14286
322,25,1061,262,41,140,1,1,0.14286
323,25,1065,260,41,141,1,1,0.14286
324,25,1069,259,42,142,1,1,0.16279
325,25,1071,260,42,142,1,1,0.093023
326,25,1074,261,42,143,1,1,0.069767
327,25,1077,262,41,144,1,1,0
328,25,1079,263,42,144,1,1,0.023256
1,26,1196,418,28,94,1,1,0.55172
2,26,1189,418,29,95,1,1,0.54306
3,26,1182,418,30,97,1,1,0.53588
4,26,1175,418,31,98,1,1,0.4678
5,26,1169,419,32,99,1,1,0.36727
6,26,1164,420,32,100,1,1,0.39424
7,26,1159,422,32,100,1,1,0.42094
8,26,1154,424,32,101,1,1,0.44118
9,26,1153,425,32,102,1,1,0.46867
10,26,1153,426,32,103,1,1,0.31235
11,26,1153,428,32,104,1,1,0.15642
12,26,1148,427,32,104,1,1,0.18759
13,26,1144,427,31,103,1,1,0.21875
14,26,1139,427,31,102,1,1,0.34375
15,26,1135,427,31,101,1,1,0.4375
16,26,1130,427,31,100,1,1,0.50495
17,26,1126,427,30,99,1,1,0.53065
18,26,1122,427,30,99,1,1,0.47419
19,26,1113,430,30,98,1,1,0.3783
20,26,1105,433,30,98,1,1,0.27859
21,26,1097,437,30,97,1,1,0.17709
22,26,1087,437,30,97,1,1,0.14483
23,26,1078,437,30,98,1,1,0.11176
24,26,1069,438,30,98,1,1,0.11111
25,26,1052,438,30,99,1,1,0.51613
26,26,1036,439,30,99,1,1,0.48452
27,26,1019,439,30,100,1,1,0.42574
28,26,1003,440,30,100,1,1,0.36378
29,26,986,440,30,101,1,1,0.3112
30,26,970,441,30,101,1,1,0.34725
31,26,954,442,30,102,1,1,0.38772
32,26,945,444,30,102,1,1,0.31475
33,26,936,446,30,102,1,1,0.24648
34,26,927,449,30,102,1,1,0.20733
35,26,918,451,30,102,1,1,0.17256
36,26,909,453,30,102,1,1,0.13655
37,26,901,456,30,102,1,1,0.096774
38,26,896,454,30,102,1,1,0.099906
39,26,891,452,30,102,1,1,0.10179
40,26,886,450,30,102,1,1,0.10241
41,26,881,449,30,102,1,1,0.13279
42,26,876,448,29,102,1,1,0.13722
43,26,871,447,29,103,1,1,0.17051
44,26,866,446,29,104,1,1,0.20381
45,26,861,445,29,104,1,1,0.23714
46,26,856,444,29,105,1,1,0.26855
47,26,851,443,29,106,1,1,0.26854
48,26,846,442,29,106,1,1,0.30062
49,26,841,441,29,107,1,1,0.30062
50,26,836,440,29,108,1,1,0.40092
51,26,832,439,28,109,1,1,0.51724
52,26,826,438,29,109,1,1,0.4
53,26,821,437,29,109,1,1,0.3
54,26,816,436,29,109,1,1,0.26667
55,26,811,435,29,109,1,1,0.23333
56,26,806,434,29,109,1,1,0.2
57,26,801,433,29,109,1,1,0.16667
58,26,796,432,29,109,1,1,0.16667
59,26,791,431,29,109,1,1,0.16667
60,26,786,430,29,109,1,1,0.16667
61,26,781,430,30,108,1,1,0.19355
62,26,779,428,31,108,1,1,0.125
63,26,778,427,31,108,1,1,0.0625
64,26,777,426,32,107,1,1,0
65,26,776,425,32,107,1,1,0
66,26,775,424,33,107,1,1,0.084967
67,26,774,422,33,107,1,1,0.018519
68,26,773,421,33,107,1,1,0
69,26,772,420,34,106,1,1,0
70,26,771,419,34,106,1,1,0
71,26,770,418,35,106,1,1,0
72,26,767,418,35,106,1,1,0
73,26,765,418,35,106,1,1,0
74,26,763,418,35,106,1,1,0
75,26,761,418,35,106,1,1,0
76,26,759,419,35,106,1,1,0
77,26,757,419,35,106,1,1,0
78,26,755,419,35,106,1,1,0
79,26,753,419,35,106,1,1,0
80,26,751,419,35,106,1,1,0.036864
81,26,749,420,35,106,1,1,0.10047
82,26,748,419,34,107,1,1,0.0092593
83,26,747,419,34,107,1,1,0
84,26,746,418,34,108,1,1,0
85,26,745,418,34,108,1,1,0
86,26,744,417,34,109,1,1,0
87,26,743,417,33,109,1,1,0
88,26,742,416,33,110,1,1,0
89,26,741,416,33,110,1,1,0
90,26,740,415,33,111,1,1,0.029412
91,26,739,415,33,112,1,1,0.11765
92,26,740,412,33,112,1,1,0.11765
93,26,741,410,33,112,1,1,0.11765
94,26,742,407,33,112,1,1,0.17647
95,26,743,405,33,112,1,1,0.23529
96,26,745,403,32,111,1,1,0.30303
97,26,746,400,32,112,1,1,0.3749
98,26,747,398,32,111,1,1,0.42424
99,26,748,395,32,112,1,1,0.45455
100,26,749,393,32,111,1,1,0.48485
101,26,751,391,31,111,1,1,0.53125
102,26,750,391,31,111,1,1,0.5625
103,26,749,391,31,111,1,1,0.59375
104,26,748,391,31,111,1,1,0.625
105,26,747,391,31,111,1,1,0.625
106,26,746,391,31,111,1,1,0.625
107,26,745,391,31,111,1,1,0.625
108,26,744,391,31,111,1,1,0.625
109,26,743,391,31,111,1,1,0.625
110,26,742,391,31,111,1,1,0.6875
111,26,741,391,31,111,1,1,0.75
112,26,743,391,31,111,1,1,0.6875
113,26,746,392,31,111,1,1,0.65625
114,26,749,393,31,111,1,1,0.6875
115,26,752,393,31,111,1,1,0.71875
116,26,755,394,31,111,1,1,0.75
117,26,758,395,31,111,1,1,0.78125
118,26,761,396,31,111,1,1,0.625
119,26,775,395,31,111,1,1,0.78125
120,26,789,394,31,111,1,1,0.96875
121,26,804,394,31,111,1,1,1
122,26,813,391,31,111,1,1,1
123,26,822,389,31,111,1,1,1
124,26,831,387,31,111,1,1,1
125,26,840,384,31,111,1,1,1
126,26,849,382,31,111,1,1,0.9375
127,26,858,380,31,111,1,1,0.90709
128,26,867,377,31,111,1,1,0.84654
129,26,876,375,31,111,1,1,0.81752
130,26,885,373,31,111,1,1,0.9707
131,26,894,371,31,111,1,1,1
132,26,899,369,31,111,1,1,1
133,26,905,367,31,111,1,1,0.90876
134,26,911,365,31,111,1,1,0.84933
135,26,917,364,31,111,1,1,0.78906
136,26,923,362,31,111,1,1,0.73131
137,26,929,360,31,111,1,1,0.67467
138,26,935,359,31,111,1,1,0.64174
139,26,941,357,31,111,1,1,0.61551
140,26,947,355,31,111,1,1,0.58594
141,26,953,354,31,111,1,1,0.58594
142,26,958,353,31,112,1,1,0.46737
143,26,963,353,31,112,1,1,0.349
144,26,968,353,31,113,1,1,0.22314
145,26,973,353,31,113,1,1,0.1335
146,26,979,353,30,114,1,1,0.034783
147,26,984,353,30,114,1,1,0.026087
148,26,989,353,30,114,1,1,0.017391
149,26,994,353,30,115,1,1,0.0086207
150,26,999,353,30,115,1,1,0.034483
151,26,1005,353,30,116,1,1,0.2418
152,26,1006,351,31,116,1,1,0.034188
153,26,1007,350,32,115,1,1,0
154,26,1008,348,33,116,1,1,0.008547
155,26,1010,347,33,115,1,1,0.017241
156,26,1011,345,34,115,1,1,0.025862
157,26,1012,344,35,115,1,1,0.088123
158,26,1013,342,36,115,1,1,0.051724
159,26,1015,341,37,115,1,1,0.060345
160,26,1016,344,33,116,1,1,0.034188
161,26,1017,348,30,116,1,1,0.008547
162,26,1009,347,30,116,1,1,0.017094
163,26,1001,347,31,116,1,1,0.017094
164,26,994,346,31,116,1,1,0.025641
165,26,986,346,32,116,1,1,0.034188
166,26,979,346,32,115,1,1,0.034483
167,26,971,345,32,116,1,1,0.042735
168,26,963,345,33,115,1,1,0.043103
169,26,956,344,33,116,1,1,0.051282
170,26,948,344,34,115,1,1,0.043103
171,26,941,344,34,115,1,1,0.043103
172,26,938,342,34,115,1,1,0.060345
173,26,935,341,34,115,1,1,0.077586
174,26,932,340,34,115,1,1,0.068966
175,26,930,338,34,115,1,1,0.068966
176,26,927,337,34,115,1,1,0.060345
177,26,924,336,34,115,1,1,0.051724
178,26,922,334,34,115,1,1,0.11404
179,26,919,333,34,115,1,1,0.14089
180,26,916,332,34,115,1,1,0.16773
181,26,914,331,34,115,1,1,0.19458
182,26,914,330,34,115,1,1,0.21429
183,26,915,330,34,115,1,1,0.22759
184,26,915,330,34,115,1,1,0.21379
185,26,916,330,34,115,1,1,0.22857
186,26,916,330,34,115,1,1,0.28571
187,26,917,330,34,115,1,1,0.34852
188,26,917,330,34,115,1,1,0.40517
189,26,918,330,34,115,1,1,0.4665
190,26,918,330,34,115,1,1,0.52685
191,26,919,330,34,115,1,1,0.61724
192,26,920,330,34,115,1,1,0.66897
193,26,921,331,34,115,1,1,0.72167
194,26,922,331,34,115,1,1,0.69926
195,26,923,332,34,115,1,1,0.67488
196,26,926,335,34,115,1,1,0.69926
197,26,929,338,34,115,1,1,0.72414
198,26,933,341,34,115,1,1,0.77734
199,26,936,344,34,115,1,1,0.80517
200,26,939,347,34,115,1,1,0.833
201,26,943,350,34,115,1,1,0.86084
202,26,951,351,34,115,1,1,0.86207
203,26,959,352,34,115,1,1,0.86453
204,26,968,353,34,115,1,1,0.8936
205,26,976,354,34,115,1,1,0.86946
206,26,985,356,34,115,1,1,0.9734
207,26,993,357,34,115,1,1,1
208,26,1001,358,34,115,1,1,1
209,26,1010,359,34,115,1,1,1
210,26,1018,360,34,115,1,1,1
211,26,1027,362,34,115,1,1,1
212,26,1032,362,34,115,1,1,1
213,26,1037,363,34,115,1,1,1
214,26,1042,364,34,115,1,1,1
215,26,1047,364,34,115,1,1,1
216,26,1052,365,34,115,1,1,1
217,26,1057,366,34,115,1,1,1
218,26,1062,366,34,115,1,1,1
219,26,1067,367,34,115,1,1,1
220,26,1072,368,34,115,1,1,1
221,26,1077,369,34,115,1,1,1
222,26,1080,368,34,115,1,1,1
223,26,1084,368,34,115,1,1,1
224,26,1087,368,34,115,1,1,1
225,26,1091,368,34,115,1,1,1
226,26,1095,368,34,115,1,1,1
227,26,1098,368,34,115,1,1,1
228,26,1102,368,34,115,1,1,1
229,26,1105,368,34,115,1,1,1
230,26,1109,368,34,115,1,1,1
231,26,1113,368,34,115,1,1,1
232,26,1116,365,34,115,1,1,1
233,26,1120,362,34,115,1,1,1
234,26,1124,360,34,115,1,1,1
235,26,1128,357,34,115,1,1,1
236,26,1132,355,34,115,1,1,1
237,26,1135,352,34,115,1,1,1
238,26,1139,349,34,115,1,1,1
239,26,1143,347,34,115,1,1,1
240,26,1147,344,34,115,1,1,1
241,26,1151,342,34,115,1,1,1
242,26,1154,341,34,115,1,1,1
243,26,1157,340,34,115,1,1,1
244,26,1160,339,34,115,1,1,1
245,26,1164,339,34,115,1,1,1
246,26,1167,338,34,115,1,1,1
247,26,1170,337,34,115,1,1,1
248,26,1174,337,34,115,1,1,1
249,26,1177,336,34,115,1,1,1
250,26,1180,335,34,115,1,1,1
251,26,1184,335,34,115,1,1,1
252,26,1187,333,34,115,1,1,1
253,26,1191,331,34,115,1,1,1
254,26,1195,330,34,115,1,1,1
255,26,1198,328,34,115,1,1,1
256,26,1202,326,34,115,1,1,1
257,26,1206,325,34,115,1,1,1
258,26,1211,323,34,115,1,1,1
259,26,1217,321,34,115,1,1,1
260,26,1223,319,34,115,1,1,1
261,26,1229,318,34,115,1,1,1
262,26,1231,316,34,115,1,1,1
263,26,1233,314,35,116,1,1,1
264,26,1235,313,36,116,1,1,1
265,26,1237,311,37,117,1,1,1
266,26,1239,309,37,117,1,1,1
267,26,1241,308,38,117,1,1,1
268,26,1243,306,39,118,1,1,1
269,26,1246,305,39,118,1,1,1
270,26,1247,305,37,117,1,1,1
271,26,1249,306,34,115,1,1,1
272,26,1246,305,34,115,1,1,1
273,26,1244,305,34,115,1,1,1
274,26,1242,305,34,115,1,1,1
275,26,1239,304,34,115,1,1,1
276,26,1236,303,34,115,1,1,1
277,26,1233,302,34,115,1,1,1
278,26,1224,301,34,115,1,1,1
279,26,1216,300,34,115,1,1,1
280,26,1208,299,34,115,1,1,1
281,26,1192,299,34,115,1,1,1
282,26,1187,298,34,115,1,1,1
283,26,1183,298,34,115,1,1,1
284,26,1178,297,34,115,1,1,1
285,26,1174,297,34,115,1,1,1
286,26,1169,294,34,115,1,1,1
287,26,1165,292,34,115,1,1,0.85714
288,26,1165,288,34,115,1,1,0.85714
289,26,1165,285,34,115,1,1,0.82857
290,26,1165,282,34,115,1,1,1
291,26,1166,279,34,115,1,1,1
292,26,1167,274,35,115,1,1,1
293,26,1168,270,37,115,1,1,0.87523
294,26,1169,266,38,115,1,1,0.95137
295,26,1171,262,39,115,1,1,1
296,26,1172,261,38,116,1,1,1
297,26,1173,261,37,117,1,1,1
298,26,1174,261,36,117,1,1,1
299,26,1175,261,35,118,1,1,1
300,26,1176,261,34,118,1,1,1
301,26,1178,261,33,119,1,1,1
302,26,1175,261,33,119,1,1,1
303,26,1173,261,33,119,1,1,0.97083
304,26,1170,262,33,119,1,1,0.88235
305,26,1168,262,33,119,1,1,0.79412
306,26,1166,263,33,119,1,1,0.85294
307,26,1163,263,33,119,1,1,0.85294
308,26,1161,263,33,119,1,1,0.88235
309,26,1158,264,33,119,1,1,0.97059
310,26,1156,264,33,119,1,1,0.88725
311,26,1154,265,33,119,1,1,0.81127
312,26,1155,268,33,119,1,1,0.77647
313,26,1156,271,33,119,1,1,0.74191
314,26,1157,274,33,119,1,1,0.70588
315,26,1158,278,33,119,1,1,0.64706
316,26,1163,276,33,118,1,1,0.73529
317,26,1168,274,33,118,1,1,0.79412
318,26,1173,272,33,118,1,1,0.79758
319,26,1178,270,33,118,1,1,0.80277
320,26,1183,268,33,118,1,1,0.80796
321,26,1188,266,34,118,1,1,0.79256
322,26,1192,264,35,118,1,1,0.84874
323,26,1196,263,36,118,1,1,0.90189
324,26,1200,261,37,118,1,1,0.95268
325,26,1204,260,38,118,1,1,0.97694
326,26,1207,261,38,119,1,1,0.9765
327,26,1211,263,38,119,1,1,0.97607
328,26,1215,265,38,119,1,1,1
1,27,843,426,20,67,1,1,0.7395
2,27,836,427,20,67,1,1,0.73529
3,27,829,428,20,68,1,1,0.77916
4,27,822,429,20,69,1,1,0.77891
5,27,815,431,20,69,1,1,0.82041
6,27,813,431,20,68,1,1,0.77916
7,27,811,431,20,68,1,1,0.78261
8,27,810,431,20,68,1,1,0.70531
9,27,808,431,20,68,1,1,0.71014
10,27,806,431,20,68,1,1,0.67426
11,27,805,432,20,67,1,1,0.64076
12,27,799,433,20,67,1,1,0.71569
13,27,794,435,20,66,1,1,0.75267
14,27,788,436,21,67,1,1,0.83957
15,27,783,438,21,66,1,1,0.87788
16,27,778,440,21,66,1,1,0.95794
17,27,772,441,21,66,1,1,1
18,27,767,443,21,65,1,1,1
19,27,761,444,22,66,1,1,0.91823
20,27,756,446,22,65,1,1,0.7141
21,27,751,448,22,65,1,1,0.55072
22,27,736,448,22,65,1,1,0.55072
23,27,721,449,22,65,1,1,0.55072
24,27,706,450,22,65,1,1,0.54348
25,27,691,451,22,65,1,1,0.54348
26,27,677,452,22,65,1,1,0.53623
27,27,662,453,22,65,1,1,0.53623
28,27,647,454,22,65,1,1,0.52899
29,27,632,455,22,65,1,1,0.52899
30,27,617,456,22,65,1,1,0.52174
31,27,603,457,22,65,1,1,0.52174
32,27,590,457,22,66,1,1,0.34848
33,27,577,458,22,67,1,1,0.44629
34,27,564,458,22,68,1,1,0.54064
35,27,551,459,23,69,1,1,0.60655
36,27,545,458,23,70,1,1,0.60446
37,27,539,458,23,71,1,1,0.56713
38,27,533,458,23,71,1,1,0.66667
39,27,527,458,23,72,1,1,0.629
40,27,521,458,23,72,1,1,0.58562
41,27,515,458,24,73,1,1,0.56541
42,27,509,458,24,73,1,1,0.55892
43,27,503,458,24,73,1,1,0.55243
44,27,497,458,24,73,1,1,0.54595
45,27,491,458,24,73,1,1,0.58378
46,27,485,458,24,73,1,1,0.57784
47,27,479,458,24,73,1,1,0.57189
48,27,473,458,24,73,1,1,0.61081
49,27,467,458,24,73,1,1,0.60541
50,27,461,458,24,73,1,1,0.6
51,27,455,458,24,73,1,1,0.64
52,27,448,454,24,73,1,1,0.72757
53,27,442,450,24,73,1,1,0.6027
54,27,435,446,24,73,1,1,0.68541
55,27,429,442,24,73,1,1,0.82162
56,27,423,442,24,73,1,1,0.74649
57,27,418,443,24,73,1,1,0.62703
58,27,413,444,24,73,1,1,0.43838
59,27,408,444,24,73,1,1,0.42595
60,27,403,445,24,73,1,1,0.24
61,27,398,446,24,73,1,1,0
62,27,394,446,25,73,1,1,0
63,27,390,447,26,73,1,1,0
64,27,386,448,27,72,1,1,0
1,28,825,433,21,57,1,1,0.63636
2,28,818,433,21,57,1,1,0.63636
3,28,812,433,21,57,1,1,0.63636
4,28,806,434,21,57,1,1,0.59091
5,28,802,435,21,57,1,1,0.5
6,28,798,437,21,57,1,1,0.63793
7,28,794,438,21,57,1,1,0.68495
8,28,790,440,21,57,1,1,0.73041
9,28,789,440,21,57,1,1,0.77586
10,28,788,440,21,57,1,1,0.77508
11,28,788,441,21,57,1,1,0.77273
12,28,784,440,21,57,1,1,0.5
13,28,783,440,21,57,1,1,0.32132
14,28,782,440,21,57,1,1,0.27273
15,28,775,442,21,57,1,1,0.36364
16,28,768,444,21,57,1,1,0.45455
17,28,761,446,21,57,1,1,0.5
18,28,755,448,21,57,1,1,0.54545
19,28,748,450,21,57,1,1,0.59091
20,28,741,452,21,57,1,1,0.68182
21,28,735,455,21,57,1,1,0.72727
22,28,720,455,21,57,1,1,0.72727
23,28,706,455,21,57,1,1,0.68182
24,28,691,456,21,57,1,1,0.63636
25,28,677,456,21,57,1,1,0.54545
26,28,663,456,21,57,1,1,0.63636
27,28,648,457,21,57,1,1,0.63636
28,28,634,457,21,57,1,1,0.59091
29,28,620,458,21,57,1,1,0.54545
30,28,604,461,21,57,1,1,0.59091
31,28,588,464,21,57,1,1,0.68182
32,28,574,465,21,59,1,1,1
33,28,561,467,21,60,1,1,1
34,28,547,468,21,62,1,1,1
35,28,534,470,21,63,1,1,1
36,28,527,469,21,62,1,1,1
37,28,521,469,21,61,1,1,1
38,28,515,468,21,60,1,1,0.81818
39,28,509,468,21,59,1,1,0.81818
40,28,503,467,21,58,1,1,0.54545
41,28,497,467,21,57,1,1,0.5
42,28,491,465,20,59,1,1,0.85714
43,28,485,463,20,61,1,1,0.85714
44,28,479,461,20,63,1,1,0.85714
45,28,473,459,20,65,1,1,0.85714
46,28,467,460,20,64,1,1,0.85714
47,28,461,462,20,62,1,1,0.85714
48,28,455,464,21,61,1,1,0.81818
49,28,449,465,21,60,1,1,0.81818
50,28,443,467,21,58,1,1,0.81818
51,28,438,469,21,57,1,1,0.77273
52,28,432,465,20,59,1,1,0.7619
53,28,426,461,20,62,1,1,0.7619
54,28,420,457,20,65,1,1,1
55,28,400,447,20,65,1,1,1
56,28,398,449,20,65,1,1,1
57,28,397,451,20,65,1,1,1
58,28,396,454,20,65,1,1,1
59,28,390,456,20,62,1,1,1
60,28,384,458,20,59,1,1,0.90476
61,28,378,460,21,57,1,1,0.90909
62,28,377,458,20,61,1,1,0.52381
63,28,376,456,20,65,1,1,0.095238
64,28,375,454,20,69,1,1,0
65,28,371,453,20,69,1,1,0
66,28,367,453,20,69,1,1,0
90,29,323,421,35,91,1,1,0.91667
91,29,323,418,35,91,1,1,1
92,29,323,416,35,91,1,1,0.73098
93,29,323,414,35,91,1,1,0.73098
94,29,323,412,35,91,1,1,0.7343
95,29,324,410,35,91,1,1,0.76147
96,29,324,407,35,91,1,1,0.76449
97,29,324,405,35,91,1,1,0.76751
98,29,324,403,35,91,1,1,0.77053
99,29,324,401,35,91,1,1,0.74638
100,29,325,399,35,91,1,1,0.69958
101,29,322,398,35,92,1,1,0.67861
102,29,320,398,35,92,1,1,0.95042
103,29,318,398,35,92,1,1,0.97461
104,29,316,397,35,93,1,1,0.97429
105,29,314,397,35,93,1,1,1
106,29,312,397,34,93,1,1,1
107,29,310,396,34,94,1,1,0.98857
108,29,308,396,34,94,1,1,0.97714
109,29,306,396,34,94,1,1,0.96571
110,29,304,396,34,94,1,1,0.95429
111,29,306,396,34,94,1,1,0.89714
112,29,308,397,34,94,1,1,0.94135
113,29,310,398,34,94,1,1,1
114,29,313,399,34,94,1,1,1
115,29,315,400,34,94,1,1,1
116,29,317,401,34,94,1,1,1
117,29,320,402,34,94,1,1,0.94286
118,29,326,403,34,94,1,1,0.74286
119,29,332,405,34,94,1,1,0.71429
120,29,339,407,34,94,1,1,0.68571
121,29,348,405,34,94,1,1,0.62857
122,29,358,403,34,95,1,1,0.54286
123,29,368,401,34,96,1,1,0.45714
124,29,378,399,33,96,1,1,0.41176
125,29,388,397,33,97,1,1,0.41176
126,29,398,395,33,98,1,1,0.41176
127,29,408,394,33,98,1,1,0.41176
128,29,416,392,33,99,1,1,0.5
129,29,424,390,33,100,1,1,0.5
130,29,432,389,33,100,1,1,0.5
131,29,439,386,33,100,1,1,0.41176
132,29,447,383,33,101,1,1,0.32353
133,29,454,380,33,102,1,1,0.32353
134,29,462,378,33,102,1,1,0.29412
135,29,469,375,33,103,1,1,0.29412
136,29,477,372,33,104,1,1,0.26471
137,29,485,370,33,104,1,1,0.47059
138,29,487,368,33,105,1,1,0.76415
139,29,490,366,32,106,1,1,0.87681
140,29,493,364,32,107,1,1,0.91751
141,29,497,364,32,107,1,1,0.93967
142,29,501,364,32,107,1,1,0.93967
143,29,505,365,32,106,1,1,0.95129
144,29,509,365,32,106,1,1,0.95242
145,29,514,366,31,105,1,1,0.96285
146,29,518,366,31,105,1,1,0.97583
147,29,522,366,31,105,1,1,0.97583
148,29,526,367,31,104,1,1,0.9878
149,29,530,367,31,104,1,1,0.9881
150,29,535,368,31,103,1,1,0.98798
151,29,536,366,32,103,1,1,1
152,29,538,364,32,104,1,1,0.97864
153,29,540,363,32,104,1,1,0.93593
154,29,541,361,34,104,1,1,0.90204
155,29,543,360,34,104,1,1,0.86286
156,29,545,358,34,105,1,1,0.83504
157,29,547,357,35,105,1,1,0.79245
158,29,545,357,36,105,1,1,0.78302
159,29,543,357,37,105,1,1,0.78302
160,29,542,357,37,106,1,1,0.7639
161,29,534,356,38,107,1,1,0.82906
162,29,527,356,38,108,1,1,0.8024
163,29,520,355,38,109,1,1,0.77949
164,29,513,355,38,110,1,1,0.75606
165,29,506,354,38,111,1,1,0.73214
166,29,499,354,38,112,1,1,0.71818
167,29,492,354,38,113,1,1,0.68691
168,29,480,353,38,114,1,1,0.71594
169,29,469,353,38,115,1,1,0.73475
170,29,457,353,39,116,1,1,0.75556
171,29,446,353,39,117,1,1,0.78665
172,29,441,354,39,117,1,1,0.7786
173,29,436,355,39,118,1,1,0.77248
174,29,431,357,39,118,1,1,0.7645
175,29,426,358,39,118,1,1,0.77311
176,29,421,359,39,119,1,1,0.7675
177,29,416,361,40,119,1,1,0.74898
178,29,412,356,40,119,1,1,0.76829
179,29,409,352,40,119,1,1,0.76098
180,29,406,347,40,120,1,1,0.75892
181,29,403,343,40,120,1,1,0.76779
182,29,401,341,40,120,1,1,0.77263
183,29,400,339,40,120,1,1,0.76819
184,29,399,337,40,120,1,1,0.76416
185,29,398,335,40,120,1,1,0.76053
186,29,397,333,40,120,1,1,0.76597
187,29,396,331,40,121,1,1,0.7593
188,29,395,331,40,121,1,1,0.7449
189,29,394,332,40,121,1,1,0.72411
190,29,393,332,40,122,1,1,0.70494
191,29,392,333,40,122,1,1,0.69879
192,29,391,332,40,122,1,1,0.71446
193,29,390,332,40,122,1,1,0.72972
194,29,390,331,40,122,1,1,0.75015
195,29,389,331,40,122,1,1,0.76443
196,29,388,330,40,122,1,1,0.79179
197,29,388,330,40,122,1,1,0.79675
198,29,390,331,40,122,1,1,0.78049
199,29,392,332,41,123,1,1,0.76613
200,29,393,334,40,122,1,1,0.75848
201,29,398,339,40,122,1,1,0.69899
202,29,404,344,40,122,1,1,0.68273
203,29,410,350,40,122,1,1,0.66805
204,29,417,350,40,123,1,1,0.67683
205,29,424,350,41,124,1,1,0.68705
206,29,431,350,42,125,1,1,0.69288
207,29,438,351,42,125,1,1,0.69878
208,29,445,351,43,127,1,1,0.70455
209,29,452,351,44,128,1,1,0.71008
210,29,459,352,44,128,1,1,0.71576
211,29,466,352,45,129,1,1,0.7296
212,29,473,352,46,130,1,1,0.67695
213,29,481,353,46,131,1,1,0.61557
214,29,483,353,46,131,1,1,0.62411
215,29,486,353,46,131,1,1,0.61557
216,29,488,353,46,131,1,1,0.62411
217,29,491,353,46,131,1,1,0.61557
218,29,494,353,46,131,1,1,0.60703
219,29,496,353,46,131,1,1,0.61557
220,29,499,353,46,131,1,1,0.60703
221,29,501,353,46,131,1,1,0.61557
222,29,504,353,46,131,1,1,0.59091
223,29,507,354,46,130,1,1,0.58779
224,29,508,352,46,130,1,1,0.59542
225,29,509,351,46,130,1,1,0.60305
226,29,510,350,46,130,1,1,0.61069
227,29,512,349,46,130,1,1,0.61069
228,29,513,348,46,130,1,1,0.43333
229,29,514,347,46,130,1,1,0.40848
230,29,516,346,46,130,1,1,0.41303
231,29,517,345,46,130,1,1,0.40296
232,29,518,344,46,130,1,1,0.37177
233,29,520,343,46,130,1,1,0.37193
234,29,521,340,46,131,1,1,0.36138
235,29,523,338,46,131,1,1,0.3725
236,29,524,336,47,131,1,1,0.36237
237,29,526,334,47,131,1,1,0.36237
238,29,528,332,47,132,1,1,0.58647
239,29,529,330,47,132,1,1,0.58647
240,29,531,328,47,132,1,1,0.57895
241,29,532,326,48,132,1,1,0.57895
242,29,534,324,48,132,1,1,0.58647
243,29,536,322,48,133,1,1,0.58955
244,29,536,320,48,134,1,1,0.59259
245,29,536,319,48,134,1,1,0.59259
246,29,536,318,48,134,1,1,0.59259
247,29,537,317,47,135,1,1,0.58824
248,29,537,316,48,135,1,1,0.58824
249,29,537,314,48,136,1,1,0.59124
250,29,538,313,47,137,1,1,0.58696
251,29,538,312,47,137,1,1,0.5942
252,29,538,311,47,137,1,1,0.5942
253,29,539,310,47,138,1,1,0.59712
254,29,540,308,47,140,1,1,0.61111
255,29,541,307,48,141,1,1,0.62978
256,29,542,305,49,144,1,1,0.63834
257,29,544,304,49,145,1,1,0.64863
258,29,545,303,50,147,1,1,0.65421
259,29,546,301,51,149,1,1,0.67282
260,29,548,300,51,150,1,1,0.67499
261,29,549,298,52,153,1,1,0.68917
262,29,550,297,53,154,1,1,0.67742
263,29,552,296,53,156,1,1,0.65629
264,29,551,292,54,158,1,1,0.67753
265,29,551,289,54,159,1,1,0.5017
266,29,550,286,55,160,1,1,0.51786
267,29,550,283,56,162,1,1,0.53428
268,29,546,283,57,164,1,1,0.49958
269,29,543,284,58,165,1,1,0.47519
270,29,540,284,58,167,1,1,0.75081
271,29,536,285,60,168,1,1,0.77253
272,29,533,285,60,170,1,1,0.72486
273,29,530,286,61,171,1,1,0.68267
274,29,519,285,61,171,1,1,0.70293
275,29,509,284,61,172,1,1,0.71807
276,29,499,284,60,172,1,1,0.73022
277,29,489,283,60,172,1,1,0.74074
278,29,479,283,59,172,1,1,0.75385
279,29,468,282,60,173,1,1,0.77304
280,29,458,281,59,173,1,1,0.79023
281,29,448,281,59,173,1,1,0.80421
282,29,438,280,58,174,1,1,0.56126
283,29,428,280,58,174,1,1,0.85666
284,29,421,279,59,175,1,1,0.85284
285,29,414,279,60,176,1,1,0.85413
286,29,407,279,61,177,1,1,0.8485
287,29,401,278,61,178,1,1,0.84934
288,29,394,278,62,179,1,1,0.84383
289,29,387,278,63,180,1,1,0.84513
290,29,381,278,64,181,1,1,0.83305
291,29,374,273,64,182,1,1,0.84868
292,29,367,268,65,184,1,1,0.55725
293,29,360,264,66,185,1,1,0.57134
294,29,357,261,67,186,1,1,0.61081
295,29,355,258,68,188,1,1,0.65294
296,29,352,255,69,189,1,1,0.69519
297,29,350,252,70,191,1,1,0.73496
298,29,345,251,71,192,1,1,0.75259
299,29,340,250,72,194,1,1,0.76888
300,29,335,249,73,195,1,1,0.78709
301,29,330,248,74,197,1,1,0.79852
302,29,325,247,75,198,1,1,0.78253
303,29,321,246,75,200,1,1,0.82993
304,29,311,246,75,202,1,1,1
305,29,302,246,74,204,1,1,1
306,29,292,247,75,205,1,1,1
307,29,283,247,74,207,1,1,1
308,29,273,248,75,209,1,1,1
309,29,264,248,74,211,1,1,1
310,29,254,248,74,213,1,1,1
311,29,245,249,74,214,1,1,1
312,29,235,249,74,216,1,1,1
313,29,226,250,74,218,1,1,1
314,29,223,253,76,219,1,1,1
315,29,221,256,77,221,1,1,1
316,29,219,259,78,222,1,1,1
317,29,217,262,79,224,1,1,1
318,29,213,260,80,225,1,1,1
319,29,210,258,81,227,1,1,1
320,29,206,256,83,228,1,1,1
321,29,203,254,84,230,1,1,1
322,29,199,252,86,231,1,1,0.58764
323,29,196,250,87,233,1,1,0.61553
324,29,190,250,89,236,1,1,0.60595
325,29,184,251,92,238,1,1,0.59761
326,29,178,251,95,241,1,1,0.59323
327,29,172,252,98,244,1,1,1
328,29,165,252,101,247,1,1,1
92,30,305,427,28,81,1,1,1
93,30,305,425,28,81,1,1,1
94,30,305,424,28,80,1,1,1
95,30,305,423,28,79,1,1,1
96,30,305,421,28,79,1,1,1
97,30,305,420,28,78,1,1,1
98,30,305,419,28,77,1,1,1
99,30,305,417,28,77,1,1,1
100,30,305,416,28,76,1,1,1
101,30,305,415,28,75,1,1,0.58621
102,30,306,414,27,75,1,1,0.5
103,30,303,414,27,75,1,1,0.53571
104,30,301,414,27,75,1,1,0.53571
105,30,298,414,27,75,1,1,0.57143
106,30,296,414,27,75,1,1,0.57143
107,30,294,414,27,75,1,1,0.57143
108,30,291,414,27,75,1,1,0.60714
109,30,289,414,27,75,1,1,0.60714
110,30,286,414,27,75,1,1,0.64286
111,30,284,414,27,75,1,1,0.78571
112,30,282,414,27,75,1,1,0.92857
113,30,289,414,26,75,1,1,0.77778
114,30,296,414,26,76,1,1,0.62963
115,30,303,414,26,77,1,1,0.44444
116,30,310,415,26,77,1,1,0.25926
117,30,317,415,26,78,1,1,0.11111
118,30,324,415,26,78,1,1,0.074074
119,30,331,416,26,78,1,1,0.037037
120,30,338,416,26,79,1,1,0.037037
121,30,345,416,26,80,1,1,0.11111
122,30,352,417,26,80,1,1,0.22222
123,30,359,414,26,80,1,1,0.33333
124,30,366,411,26,81,1,1,0.44444
125,30,373,408,26,81,1,1,0.55556
126,30,381,406,25,81,1,1,0.65385
127,30,388,403,25,81,1,1,0.76923
128,30,395,400,25,82,1,1,0.80769
129,30,403,398,25,82,1,1,0.80769
130,30,413,396,25,83,1,1,0.73077
131,30,424,396,25,83,1,1,0.57692
132,30,436,396,25,84,1,1,0.42308
133,30,441,392,25,84,1,1,0.5
134,30,446,388,25,85,1,1,0.61538
135,30,451,384,25,86,1,1,0.69231
136,30,456,380,25,87,1,1,0.80769
137,30,462,377,25,87,1,1,0.88462
138,30,465,376,26,86,1,1,0.81481
139,30,469,376,26,85,1,1,0.77778
140,30,473,375,27,85,1,1,0.71429
141,30,477,375,27,84,1,1,0.71429
142,30,481,375,28,83,1,1,0.68966
143,30,485,375,28,84,1,1,0.68966
144,30,489,375,28,85,1,1,0.68966
145,30,493,375,28,86,1,1,0.72414
146,30,497,375,28,87,1,1,0.72414
147,30,501,375,28,88,1,1,0.72414
148,30,505,375,28,89,1,1,0.72414
149,30,509,376,28,89,1,1,0.72414
150,30,513,376,28,87,1,1,0.75862
151,30,517,376,28,86,1,1,0.65517
152,30,522,377,27,84,1,1,0.57143
153,30,523,373,27,85,1,1,0.60714
154,30,525,370,27,85,1,1,0.57143
155,30,525,369,27,85,1,1,0.64286
156,30,525,368,27,86,1,1,0.71429
157,30,525,368,27,86,1,1,0.78571
158,30,521,368,27,86,1,1,0.85714
159,30,518,368,27,87,1,1,0.89286
160,30,515,368,27,88,1,1,0.96429
161,30,512,368,27,89,1,1,0.78571
162,30,509,369,27,89,1,1,0.64286
163,30,501,368,27,90,1,1,0.67857
164,30,493,367,28,91,1,1,0.68966
165,30,486,367,28,92,1,1,0.68966
166,30,476,367,27,92,1,1,0.82143
167,30,466,367,27,93,1,1,0.92857
168,30,456,367,27,94,1,1,0.85714
169,30,446,368,26,94,1,1,0.85185
170,30,436,368,26,95,1,1,0.77778
171,30,426,368,26,96,1,1,0.74074
172,30,416,369,26,96,1,1,0.92593
173,30,412,367,27,96,1,1,0.85714
174,30,409,365,27,96,1,1,0.78571
175,30,405,363,28,96,1,1,0.72414
176,30,402,361,28,96,1,1,0.65517
177,30,398,360,29,95,1,1,0.60417
178,30,395,358,29,95,1,1,0.56667
179,30,391,356,30,95,1,1,0.58065
180,30,388,354,30,95,1,1,0.58065
181,30,384,352,31,95,1,1,0.59375
182,30,381,351,31,95,1,1,0.625
183,30,379,350,31,95,1,1,0.65625
184,30,378,350,31,95,1,1,0.65625
185,30,377,350,31,95,1,1,0.65625
186,30,376,349,31,95,1,1,0.65625
187,30,375,349,31,95,1,1,0.65625
188,30,373,349,31,95,1,1,0.6875
189,30,372,348,31,95,1,1,0.6875
190,30,371,348,31,95,1,1,0.6875
191,30,370,348,31,95,1,1,0.6875
192,30,369,348,31,95,1,1,0.6875
193,30,370,349,31,95,1,1,0.625
194,30,371,350,31,95,1,1,0.59375
195,30,372,351,31,95,1,1,0.53125
196,30,373,353,31,95,1,1,0.46875
197,30,374,354,31,95,1,1,0.4375
198,30,375,355,31,95,1,1,0.46875
199,30,376,357,31,95,1,1,0.5
200,30,377,358,31,95,1,1,0.5
201,30,378,359,31,95,1,1,0.625
202,30,380,361,31,95,1,1,0.75
203,30,387,362,31,96,1,1,0.71875
204,30,395,363,31,97,1,1,0.6875
205,30,403,364,31,99,1,1,0.65625
206,30,411,365,31,100,1,1,0.625
207,30,419,366,31,102,1,1,0.59375
208,30,427,367,30,103,1,1,0.58065
209,30,435,368,30,104,1,1,0.54839
210,30,443,369,30,106,1,1,0.51613
211,30,451,370,30,107,1,1,0.48387
212,30,459,371,30,109,1,1,0.45161
213,30,461,371,30,109,1,1,0.64516
214,30,463,371,31,109,1,1,0.625
215,30,465,371,32,109,1,1,0.63636
216,30,467,371,32,109,1,1,0.63636
217,30,469,371,33,109,1,1,0.64706
218,30,471,371,34,109,1,1,0.65714
219,30,473,371,34,109,1,1,0.65714
220,30,475,371,35,109,1,1,0.66667
221,30,477,371,36,109,1,1,0.64865
222,30,480,372,36,108,1,1,0.64865
223,30,481,370,37,109,1,1,0.67249
224,30,483,368,37,111,1,1,0.64615
225,30,485,367,37,112,1,1,0.63158
226,30,486,365,39,113,1,1,0.6
227,30,488,364,39,114,1,1,0.6
228,30,490,362,39,116,1,1,0.575
229,30,491,360,41,117,1,1,0.54762
230,30,493,359,41,118,1,1,0.80992
231,30,495,357,41,120,1,1,0.81307
232,30,497,356,42,121,1,1,0.78784
233,30,498,353,42,121,1,1,0.79184
234,30,500,351,42,121,1,1,0.77774
235,30,502,349,41,121,1,1,0.77244
236,30,503,347,42,120,1,1,0.47819
237,30,505,345,42,120,1,1,0.468
238,30,507,343,41,120,1,1,0.46812
239,30,508,341,42,119,1,1,0.45756
240,30,510,339,41,119,1,1,0.45714
241,30,512,337,41,119,1,1,0.43333
242,30,514,335,41,119,1,1,0.4131
243,30,513,333,41,119,1,1,0.4754
244,30,513,332,41,119,1,1,0.4754
245,30,513,331,41,119,1,1,0.48571
246,30,513,330,41,119,1,1,0.49603
247,30,513,329,41,119,1,1,0.50952
248,30,513,327,41,119,1,1,0.52083
249,30,513,326,41,119,1,1,0.52083
250,30,513,325,41,119,1,1,0.54464
251,30,513,324,41,119,1,1,0.55556
252,30,513,323,41,119,1,1,0.5754
253,30,514,322,41,120,1,1,0.59524
254,30,516,321,41,122,1,1,0.57143
255,30,517,321,41,122,1,1,0.57143
256,30,519,320,41,124,1,1,0.54762
257,30,521,320,40,125,1,1,0.56098
258,30,522,319,41,126,1,1,0.54762
259,30,524,318,40,128,1,1,0.53659
260,30,525,318,41,128,1,1,0.54762
261,30,527,317,40,130,1,1,0.53659
262,30,529,317,40,131,1,1,0.5122
263,30,527,316,40,132,1,1,0.60976
264,30,526,315,40,133,1,1,0.60976
265,30,525,314,40,134,1,1,0.63415
266,30,523,313,41,135,1,1,0.94835
267,30,522,312,41,137,1,1,0.9579
268,30,521,311,41,138,1,1,0.97876
269,30,519,310,42,139,1,1,0.55814
270,30,518,309,42,140,1,1,0.51163
271,30,517,308,42,141,1,1,0.44186
272,30,516,307,42,143,1,1,0.39535
273,30,505,306,42,144,1,1,0.5814
274,30,495,306,42,144,1,1,0.55814
275,30,485,305,42,146,1,1,0.55814
276,30,475,305,41,146,1,1,0.57143
277,30,465,304,41,148,1,1,0.57143
278,30,454,304,42,148,1,1,0.5814
279,30,444,303,41,149,1,1,0.57143
280,30,434,303,41,150,1,1,0.57143
281,30,424,302,41,151,1,1,0.57143
282,30,414,302,41,152,1,1,0.57143
283,30,406,301,42,152,1,1,0.51163
284,30,398,300,44,153,1,1,0.51111
285,30,390,299,45,154,1,1,0.52174
286,30,382,298,47,155,1,1,0.52083
287,30,375,297,48,156,1,1,0.53061
288,30,367,296,49,157,1,1,0.54
289,30,359,295,51,158,1,1,0.53846
290,30,351,294,52,159,1,1,0.56604
291,30,343,293,54,160,1,1,0.56364
292,30,336,293,55,160,1,1,1
293,30,331,290,55,162,1,1,1
294,30,326,288,55,163,1,1,1
295,30,321,285,55,165,1,1,1
296,30,316,283,55,167,1,1,1
297,30,312,280,54,169,1,1,1
298,30,307,278,54,170,1,1,1
299,30,302,275,54,173,1,1,1
300,30,297,273,54,174,1,1,1
301,30,292,270,54,176,1,1,1
302,30,288,268,54,178,1,1,1
303,30,279,267,54,179,1,1,0.76364
304,30,271,266,53,181,1,1,0.74074
305,30,262,266,54,181,1,1,0.72727
306,30,254,265,53,183,1,1,0.7037
307,30,245,264,53,185,1,1,0.7037
308,30,237,264,53,185,1,1,0.66667
309,30,228,263,53,187,1,1,0.66667
310,30,220,263,53,188,1,1,0.62963
311,30,210,268,53,189,1,1,0.64815
312,30,201,274,53,190,1,1,0.62963
313,30,197,274,55,192,1,1,0.51786
314,30,194,275,57,193,1,1,0.5
315,30,191,276,58,194,1,1,0.50847
316,30,188,276,60,196,1,1,0.5082
317,30,185,277,61,197,1,1,0.51613
318,30,181,278,64,198,1,1,0.49231
319,30,178,278,65,200,1,1,0.48485
320,30,175,279,67,201,1,1,0.45588
321,30,172,280,68,202,1,1,0.44928
322,30,169,281,70,204,1,1,1
323,30,163,281,71,206,1,1,1
324,30,157,282,73,207,1,1,1
325,30,151,282,75,209,1,1,1
326,30,145,283,77,210,1,1,1
327,30,139,284,79,211,1,1,0.4125
328,30,133,284,81,213,1,1,0.39024
175,31,959,355,40,93,1,1,0.58537
176,31,955,352,40,93,1,1,0.63415
177,31,952,349,40,93,1,1,0.63415
178,31,949,347,40,93,1,1,0.60976
179,31,946,344,40,93,1,1,0.63415
180,31,943,342,40,93,1,1,0.63415
181,31,940,339,40,93,1,1,0.63415
182,31,937,336,40,93,1,1,0.65854
183,31,934,334,40,93,1,1,0.60976
184,31,931,331,40,93,1,1,0.53659
185,31,928,329,40,93,1,1,0.44499
186,31,925,329,40,93,1,1,0.3726
187,31,923,330,40,93,1,1,0.29268
188,31,920,330,40,93,1,1,0.21951
189,31,918,331,40,93,1,1,0.14634
190,31,916,332,40,93,1,1,0.09808
191,31,913,332,40,93,1,1,0.0046705
192,31,911,333,40,93,1,1,0.0023352
193,31,908,333,40,93,1,1,0.0033731
194,31,906,334,40,93,1,1,0.0083031
195,31,904,335,40,93,1,1,0.01479
196,31,904,338,40,93,1,1,0.011417
197,31,905,341,40,93,1,1,0.0062273
198,31,906,344,40,93,1,1,0
199,31,907,348,40,93,1,1,0
200,31,908,351,40,93,1,1,0
201,31,909,354,40,93,1,1,0
202,31,910,358,40,93,1,1,0
203,31,911,361,40,93,1,1,0
204,31,912,364,40,93,1,1,0
205,31,913,368,40,93,1,1,0
206,31,918,368,40,93,1,1,0
207,31,924,368,40,93,1,1,0
208,31,929,368,40,93,1,1,0
209,31,935,369,40,93,1,1,0
210,31,940,369,40,93,1,1,0
211,31,946,369,40,93,1,1,0.011417
212,31,951,370,40,93,1,1,0
213,31,957,370,40,93,1,1,0
214,31,962,370,40,93,1,1,0
215,31,968,371,40,93,1,1,0
216,31,968,370,40,93,1,1,0
217,31,969,370,40,93,1,1,0
218,31,970,369,40,94,1,1,0
219,31,971,369,40,94,1,1,0
220,31,972,368,40,95,1,1,0
221,31,973,368,40,95,1,1,0.0088923
222,31,974,367,39,96,1,1,0.0061856
223,31,975,367,39,96,1,1,0.0046392
224,31,976,366,39,97,1,1,0.0030612
225,31,977,366,39,97,1,1,0.0017857
226,31,977,366,40,96,1,1,0
227,31,978,365,40,97,1,1,0
228,31,979,365,40,97,1,1,0.097561
229,31,980,364,39,98,1,1,0.2
230,31,981,364,39,98,1,1,0.3
231,31,982,363,39,99,1,1,0.4
232,31,983,363,39,99,1,1,0.625
233,31,984,362,39,100,1,1,0.7
234,31,985,362,39,100,1,1,0.6
235,31,986,362,39,100,1,1,0.525
236,31,986,360,39,100,1,1,0.5
237,31,986,358,39,100,1,1,0.5
238,31,986,356,39,100,1,1,0.45
239,31,986,354,39,100,1,1,0.4
240,31,986,352,39,100,1,1,0.275
241,31,986,350,39,100,1,1,0.15
242,31,986,348,39,100,1,1,0.15
243,31,986,346,39,100,1,1,0.15
244,31,986,344,39,100,1,1,0.15
245,31,986,342,39,100,1,1,0.125
246,31,985,340,39,100,1,1,0.025
247,31,985,338,39,100,1,1,0
248,31,985,337,39,100,1,1,0
249,31,984,335,39,100,1,1,0
250,31,984,334,39,100,1,1,0
251,31,984,332,39,100,1,1,0
252,31,983,330,39,100,1,1,0
253,31,983,329,39,100,1,1,0
254,31,983,327,39,100,1,1,0
255,31,983,326,39,100,1,1,0
256,31,982,325,39,100,1,1,0
257,31,981,324,39,100,1,1,0
258,31,980,324,39,100,1,1,0
259,31,980,323,39,100,1,1,0
260,31,979,322,39,100,1,1,0
261,31,978,322,39,100,1,1,0
262,31,978,321,39,100,1,1,0
263,31,977,320,39,100,1,1,0
264,31,976,320,39,100,1,1,0
265,31,976,319,39,100,1,1,0
266,31,975,318,39,100,1,1,0
267,31,974,318,39,100,1,1,0
268,31,973,317,39,100,1,1,0
269,31,973,316,39,100,1,1,0
270,31,972,316,39,100,1,1,0
271,31,971,315,39,100,1,1,0
272,31,971,314,39,100,1,1,0
273,31,970,314,39,100,1,1,0
274,31,969,313,39,100,1,1,0
275,31,969,313,39,100,1,1,0
276,31,956,312,39,100,1,1,0
277,31,944,311,39,101,1,1,0
278,31,932,310,39,102,1,1,0.025
279,31,919,309,40,103,1,1,0.12195
280,31,907,308,40,104,1,1,0.14634
281,31,895,307,40,104,1,1,0.12195
282,31,882,306,41,105,1,1,0.047619
283,31,870,305,41,106,1,1,0
284,31,858,304,41,107,1,1,0
285,31,846,303,41,108,1,1,0
286,31,841,300,41,108,1,1,0
287,31,837,297,40,108,1,1,0
288,31,832,294,40,108,1,1,0.02439
289,31,828,292,39,107,1,1,0.125
290,31,823,289,40,108,1,1,0.28082
291,31,819,286,39,108,1,1,0.34977
292,31,814,284,39,107,1,1,0.32593
293,31,810,281,38,107,1,1,0.31529
294,31,805,278,38,107,1,1,0.29772
295,31,801,276,38,107,1,1,0.30461
296,31,797,275,40,108,1,1,0.33162
297,31,794,275,41,108,1,1,0.3578
298,31,791,275,42,109,1,1,0.38922
299,31,787,275,44,109,1,1,0.40545
300,31,784,275,45,109,1,1,0.43478
301,31,781,275,47,110,1,1,0.45833
302,31,775,273,44,112,1,1,0.46667
303,31,769,272,42,113,1,1,0.48837
304,31,763,271,40,114,1,1,0.51644
305,31,758,270,37,116,1,1,0.56028
306,31,750,270,39,116,1,1,0.58226
307,31,743,271,41,115,1,1,0.61905
308,31,736,272,42,115,1,1,0.65116
309,31,729,272,44,115,1,1,0.68889
310,31,722,273,45,114,1,1,0.71739
311,31,715,274,47,114,1,1,0.72917
312,31,709,276,48,114,1,1,0.63265
313,31,704,279,48,114,1,1,0.55102
314,31,699,282,48,114,1,1,0.69814
315,31,694,285,48,114,1,1,0.60781
316,31,694,284,48,114,1,1,0.6039
317,31,694,283,48,114,1,1,0.59539
318,31,694,282,48,114,1,1,0.31517
319,31,694,281,48,114,1,1,0.31038
320,31,694,280,48,114,1,1,0.30772
321,31,694,279,48,114,1,1,0.29068
322,31,694,278,48,114,1,1,0.29725
323,31,694,277,48,114,1,1,0.31322
324,31,694,276,48,114,1,1,0.33363
325,31,694,276,48,114,1,1,0.35031
326,31,692,276,47,115,1,1,0.33405
327,31,690,277,46,115,1,1,0.31218
328,31,688,277,45,116,1,1,0.29097
181,32,884,339,43,98,1,1,0
182,32,882,339,43,98,1,1,0
183,32,881,340,43,98,1,1,0
184,32,879,341,43,98,1,1,0
185,32,878,342,43,98,1,1,0
186,32,877,343,43,98,1,1,0
187,32,875,343,43,98,1,1,0
188,32,874,344,43,98,1,1,0
189,32,872,345,43,98,1,1,0
190,32,871,346,43,98,1,1,0
191,32,870,347,43,98,1,1,0
192,32,868,347,43,98,1,1,0
193,32,867,348,43,98,1,1,0
194,32,865,349,43,98,1,1,0
195,32,864,350,43,98,1,1,0
196,32,863,351,43,98,1,1,0
197,32,861,351,43,98,1,1,0
198,32,860,352,43,98,1,1,0
199,32,858,353,43,98,1,1,0
200,32,857,354,43,98,1,1,0
201,32,856,355,43,98,1,1,0
202,32,862,356,43,99,1,1,0
203,32,869,357,43,100,1,1,0.0031503
204,32,876,359,42,100,1,1,0.0041446
205,32,882,360,43,101,1,1,0.0035651
206,32,889,362,43,101,1,1,0
207,32,896,363,42,102,1,1,0
208,32,902,364,43,103,1,1,0.068182
209,32,909,366,42,103,1,1,0.13953
210,32,916,367,42,104,1,1,0.2093
211,32,923,369,42,104,1,1,0.93289
212,32,924,369,42,104,1,1,0.37209
213,32,926,369,42,104,1,1,0.46512
214,32,927,370,42,104,1,1,0.39535
215,32,929,370,42,104,1,1,0.30233
216,32,931,371,42,104,1,1,0.30233
217,32,932,371,42,104,1,1,0.25581
218,32,934,371,42,104,1,1,0.25581
219,32,935,372,42,104,1,1,0.23256
220,32,937,372,42,104,1,1,0.39535
221,32,939,373,42,104,1,1,0.53488
222,32,940,371,42,104,1,1,0.46512
223,32,941,370,42,104,1,1,0.4186
224,32,942,368,42,104,1,1,0.37209
225,32,943,367,42,104,1,1,0.34884
226,32,944,366,42,104,1,1,0.34884
227,32,945,364,42,104,1,1,0.32558
228,32,946,363,42,104,1,1,0.30233
229,32,947,361,42,104,1,1,0.25581
230,32,948,360,42,104,1,1,0.2093
231,32,949,359,42,104,1,1,0.17674
232,32,950,357,42,104,1,1,0.0079734
233,32,951,356,42,104,1,1,0.0066445
234,32,952,354,42,104,1,1,0.0053156
235,32,953,353,42,104,1,1,0.0019934
236,32,954,352,42,104,1,1,0
237,32,955,350,42,104,1,1,0
238,32,956,349,42,104,1,1,0
239,32,957,347,42,104,1,1,0
240,32,958,346,42,104,1,1,0
241,32,959,345,42,104,1,1,0
242,32,958,343,42,104,1,1,0
243,32,958,342,42,104,1,1,0
244,32,957,341,42,104,1,1,0
245,32,957,340,42,104,1,1,0
246,32,957,339,42,104,1,1,0
247,32,956,338,42,104,1,1,0
248,32,956,337,42,104,1,1,0
249,32,955,336,42,104,1,1,0
250,32,955,335,42,104,1,1,0
251,32,955,334,42,104,1,1,0
252,32,955,332,42,104,1,1,0
253,32,956,330,42,104,1,1,0
254,32,956,329,42,104,1,1,0
255,32,957,327,42,104,1,1,0
256,32,957,326,42,104,1,1,0
257,32,958,324,42,104,1,1,0
258,32,958,322,42,104,1,1,0
259,32,959,321,42,104,1,1,0
260,32,959,319,42,104,1,1,0
261,32,960,318,42,104,1,1,0
262,32,958,316,42,105,1,1,0
263,32,957,315,42,106,1,1,0.069767
264,32,956,314,42,106,1,1,0.13953
265,32,955,312,41,108,1,1,0.2381
266,32,954,311,41,109,1,1,0.30952
267,32,952,310,42,109,1,1,0.4186
268,32,951,308,41,111,1,1,0.52381
269,32,950,307,41,111,1,1,0.42857
270,32,949,306,41,112,1,1,0.35714
271,32,948,305,41,113,1,1,0.28571
272,32,939,304,41,113,1,1,0.45238
273,32,930,304,41,113,1,1,0.61905
274,32,921,304,41,113,1,1,0.78571
275,32,912,304,41,113,1,1,0.95238
276,32,903,304,41,113,1,1,1
277,32,894,303,41,113,1,1,1
278,32,885,303,41,113,1,1,1
279,32,876,303,41,113,1,1,1
280,32,867,303,41,113,1,1,1
281,32,859,303,41,113,1,1,1
282,32,852,301,42,113,1,1,1
283,32,845,300,44,113,1,1,0.95556
284,32,838,299,45,113,1,1,0.97826
285,32,831,297,47,114,1,1,0.34728
286,32,824,296,48,114,1,1,1
287,32,817,295,50,113,1,1,1
288,32,810,293,51,114,1,1,1
289,32,803,292,53,114,1,1,1
290,32,796,291,54,114,1,1,1
291,32,790,290,55,114,1,1,1
292,32,787,288,54,114,1,1,1
293,32,784,286,53,114,1,1,1
294,32,781,284,52,114,1,1,1
295,32,778,283,51,113,1,1,1
296,32,775,281,50,114,1,1,1
297,32,772,279,49,114,1,1,1
298,32,769,278,48,113,1,1,1
299,32,766,276,47,113,1,1,1
300,32,763,274,46,113,1,1,1
301,32,761,273,45,113,1,1,1
302,32,753,272,45,114,1,1,1
303,32,746,272,44,115,1,1,0.96667
304,32,739,272,43,115,1,1,0.93182
305,32,732,272,42,116,1,1,0.88273
306,32,725,272,41,117,1,1,0.84262
307,32,718,271,40,118,1,1,0.80324
308,32,711,271,39,119,1,1,0.74583
309,32,704,271,38,119,1,1,0.70021
310,32,697,271,37,120,1,1,0.64941
311,32,690,271,37,121,1,1,0.59879
312,32,688,271,38,121,1,1,0.5641
313,32,687,272,38,121,1,1,0.25032
314,32,686,273,38,120,1,1,0.21763
315,32,685,273,38,121,1,1,0.19294
316,32,684,274,38,121,1,1,0.19336
317,32,682,275,39,120,1,1,0.20248
318,32,681,275,39,121,1,1,0.20922
319,32,680,276,39,120,1,1,0.52893
320,32,679,277,39,120,1,1,0.52893
321,32,678,278,40,120,1,1,0.53719
322,32,676,278,41,120,1,1,0.53719
323,32,675,278,41,120,1,1,0.54545
324,32,673,278,42,120,1,1,0.54545
325,32,672,278,42,120,1,1,0.55372
326,32,670,279,43,119,1,1,0.55
327,32,669,279,43,119,1,1,0.55833
328,32,667,279,44,119,1,1,0.55833
95,34,365,420,34,95,1,1,0.42857
96,34,363,418,34,95,1,1,0.43929
97,34,362,416,34,95,1,1,0.50893
98,34,360,414,34,95,1,1,0.52381
99,34,359,413,34,95,1,1,0.52946
100,34,357,411,34,95,1,1,0.55982
101,34,356,409,34,95,1,1,0.56964
102,34,354,408,34,95,1,1,0.47143
103,34,353,406,34,95,1,1,0.35714
104,34,351,404,34,95,1,1,0.28036
105,34,350,403,34,95,1,1,0.27321
106,34,350,403,34,95,1,1,0.27321
107,34,350,403,34,95,1,1,0.26786
108,34,350,404,34,95,1,1,0.2625
109,34,350,404,34,95,1,1,0.13125
110,34,350,405,34,95,1,1,0.014286
111,34,350,405,34,95,1,1,0
112,34,350,405,34,95,1,1,0
113,34,350,406,34,95,1,1,0.013988
114,34,350,406,34,95,1,1,0.057143
115,34,351,407,34,95,1,1,0.057143
116,34,359,406,34,95,1,1,0
117,34,367,406,34,95,1,1,0
118,34,375,406,34,95,1,1,0.16042
119,34,383,406,34,95,1,1,0.16369
120,34,391,406,34,95,1,1,0.16369
121,34,399,406,34,95,1,1,0.13661
122,34,407,406,34,95,1,1,0.089286
123,34,415,406,34,95,1,1,0.058333
124,34,423,406,34,95,1,1,0.014286
125,34,431,406,34,95,1,1,0
126,34,438,404,34,95,1,1,0
127,34,446,402,34,95,1,1,0
128,34,454,400,34,95,1,1,0
129,34,462,398,34,95,1,1,0
130,34,470,396,34,95,1,1,0
131,34,478,394,34,95,1,1,0
132,34,486,392,34,95,1,1,0
133,34,494,390,34,95,1,1,0
134,34,502,388,34,95,1,1,0
135,34,510,387,34,95,1,1,0
136,34,515,385,34,96,1,1,0
137,34,521,384,34,96,1,1,0
138,34,526,383,34,96,1,1,0
139,34,532,381,34,97,1,1,0
140,34,538,380,34,98,1,1,0
141,34,543,379,34,98,1,1,0
142,34,549,377,34,99,1,1,0
143,34,554,376,34,99,1,1,0
144,34,560,375,34,99,1,1,0
145,34,566,374,34,100,1,1,0
146,34,569,372,34,101,1,1,0
147,34,573,371,34,101,1,1,0
148,34,577,370,34,101,1,1,0
149,34,581,368,34,102,1,1,0.035506
150,34,585,367,34,102,1,1,0.12621
151,34,589,366,33,102,1,1,0.038264
152,34,593,364,33,103,1,1,0
153,34,597,363,33,103,1,1,0
154,34,601,362,33,103,1,1,0
155,34,605,361,33,104,1,1,0
156,34,601,361,33,104,1,1,0.056303
157,34,598,361,33,105,1,1,0.29301
158,34,595,361,33,105,1,1,0.5197
159,34,592,361,33,106,1,1,0.57834
160,34,589,361,33,107,1,1,0.57108
161,34,585,361,33,107,1,1,0.57653
162,34,582,361,33,108,1,1,0.47572
163,34,579,361,33,108,1,1,0.36994
164,34,576,361,33,109,1,1,0.28021
165,34,573,362,33,109,1,1,0.26578
166,34,564,362,33,109,1,1,0.36872
167,34,556,363,33,109,1,1,0.4393
168,34,548,363,33,109,1,1,0.48182
169,34,539,364,33,109,1,1,0.46364
170,34,531,364,33,109,1,1,0.46364
171,34,523,365,33,109,1,1,0.45455
172,34,515,365,33,109,1,1,0.35374
173,34,506,366,33,109,1,1,0.45
174,34,498,366,33,109,1,1,0.46364
175,34,490,367,33,109,1,1,0.45455
176,34,482,368,33,109,1,1,0.44545
177,34,481,365,33,109,1,1,0.46364
178,34,480,362,33,109,1,1,0.45882
179,34,480,359,33,109,1,1,0.47326
180,34,479,356,33,109,1,1,0.49733
181,34,479,353,33,109,1,1,0.50428
182,34,478,350,33,109,1,1,0.52032
183,34,477,347,33,109,1,1,0.53636
184,34,477,344,33,109,1,1,0.54545
185,34,476,341,33,109,1,1,0.56364
186,34,476,339,33,109,1,1,0.52219
187,34,479,340,33,109,1,1,0.40107
188,34,482,342,33,109,1,1,0.28957
189,34,485,343,33,109,1,1,0.27941
190,34,488,345,33,109,1,1,0.26417
191,34,491,347,33,109,1,1,0.25909
192,34,494,348,33,109,1,1,0.27273
193,34,498,350,33,109,1,1,0.20053
194,34,501,351,33,109,1,1,0.14706
195,34,504,353,33,109,1,1,0.093583
196,34,507,355,33,109,1,1,0.039305
197,34,510,356,33,109,1,1,0.026203
198,34,513,358,33,109,1,1,0.012834
199,34,516,359,33,109,1,1,0
200,34,520,361,33,109,1,1,0
201,34,523,363,33,109,1,1,0
202,34,526,364,33,109,1,1,0
203,34,529,366,33,109,1,1,0
204,34,532,367,33,109,1,1,0
205,34,535,369,33,109,1,1,0.07861
206,34,539,371,33,109,1,1,0.14118
207,34,545,371,33,109,1,1,0.18717
208,34,552,371,33,109,1,1,0.23636
209,34,559,371,33,109,1,1,0.20214
210,34,566,371,33,109,1,1,0.17968
211,34,573,371,33,109,1,1,0.074866
212,34,580,371,33,109,1,1,0
213,34,587,371,33,109,1,1,0
214,34,594,371,33,109,1,1,0
215,34,601,371,33,109,1,1,0
216,34,608,371,33,109,1,1,0
217,34,609,370,33,109,1,1,0
218,34,611,370,33,109,1,1,0
219,34,613,370,33,109,1,1,0
220,34,615,370,33,109,1,1,0
221,34,617,370,33,109,1,1,0
222,34,618,370,33,109,1,1,0
223,34,620,370,33,109,1,1,0
224,34,622,370,33,109,1,1,0
225,34,624,370,33,109,1,1,0
226,34,626,370,33,109,1,1,0
227,34,629,367,33,109,1,1,0
228,34,632,365,33,109,1,1,0
229,34,635,363,33,109,1,1,0
230,34,639,360,33,109,1,1,0
231,34,642,358,33,109,1,1,0
232,34,645,356,33,109,1,1,0
233,34,649,353,33,109,1,1,0
234,34,652,351,33,109,1,1,0
235,34,655,349,33,109,1,1,0
236,34,659,347,33,109,1,1,0
237,34,661,346,33,109,1,1,0
238,34,663,345,34,110,1,1,0
239,34,665,344,34,111,1,1,0
240,34,667,343,35,111,1,1,0
241,34,669,343,36,111,1,1,0
242,34,671,342,36,112,1,1,0
243,34,673,341,37,112,1,1,0
244,34,675,340,37,113,1,1,0
245,34,677,339,38,114,1,1,0
246,34,680,339,38,114,1,1,0
247,34,682,337,38,114,1,1,0
248,34,684,336,38,114,1,1,0
249,34,686,335,38,114,1,1,0
250,34,688,334,38,114,1,1,0
251,34,690,333,38,114,1,1,0
252,34,692,331,38,114,1,1,0
253,34,694,330,38,114,1,1,0
254,34,696,329,38,114,1,1,0
255,34,698,328,38,114,1,1,0
256,34,701,327,38,114,1,1,0
257,34,704,325,38,114,1,1,0
258,34,707,323,38,115,1,1,0
259,34,710,321,38,116,1,1,0
260,34,713,319,38,117,1,1,0
261,34,716,318,39,117,1,1,0
262,34,719,316,39,117,1,1,0
263,34,722,314,39,118,1,1,0
264,34,725,312,39,119,1,1,0
265,34,728,310,39,120,1,1,0
266,34,731,309,40,120,1,1,0
267,34,728,309,40,120,1,1,0
268,34,726,309,40,121,1,1,0
269,34,724,309,40,122,1,1,0
270,34,721,310,41,122,1,1,0
271,34,719,310,41,123,1,1,0
272,34,717,310,41,123,1,1,0
273,34,714,311,42,123,1,1,0
274,34,712,311,42,124,1,1,0
275,34,710,311,42,125,1,1,0
276,34,708,312,42,125,1,1,0
277,34,699,310,42,126,1,1,0
278,34,690,309,43,127,1,1,0
279,34,681,308,43,127,1,1,0.032493
280,34,673,307,43,128,1,1,0.087385
281,34,664,306,43,128,1,1,0.12016
282,34,655,305,44,129,1,1,0.075385
283,34,647,304,43,129,1,1,0.022378
284,34,638,303,44,130,1,1,0
285,34,629,302,44,130,1,1,0
286,34,621,301,44,131,1,1,0
287,34,620,298,44,131,1,1,0.034343
288,34,620,296,44,131,1,1,0.11785
289,34,619,293,44,131,1,1,0.18434
290,34,619,291,44,131,1,1,0.25253
291,34,619,288,44,131,1,1,0.31566
292,34,618,286,44,131,1,1,0.3862
293,34,618,283,44,131,1,1,0.46094
294,34,617,281,44,131,1,1,0.52845
295,34,617,278,44,131,1,1,0.54007
296,34,617,276,44,131,1,1,0.53485
297,34,615,275,44,131,1,1,0.52357
298,34,613,274,44,131,1,1,0.51515
299,34,611,274,44,131,1,1,0.49242
300,34,609,273,44,131,1,1,0.47727
301,34,607,273,44,131,1,1,0.47727
302,34,605,272,44,131,1,1,0.48485
303,34,603,271,44,131,1,1,0.49242
304,34,601,271,44,131,1,1,0.5
305,34,599,270,44,131,1,1,0.49933
306,34,598,270,44,131,1,1,0.49579
307,34,595,271,44,131,1,1,0.49141
308,34,592,273,44,131,1,1,0.49242
309,34,589,275,44,131,1,1,0.47727
310,34,586,276,44,131,1,1,0.47727
311,34,584,278,44,131,1,1,0.47727
312,34,581,280,44,131,1,1,0.47727
313,34,578,281,44,131,1,1,0.48485
314,34,575,283,44,131,1,1,0.48485
315,34,572,285,44,131,1,1,0.48485
316,34,570,287,44,131,1,1,0.48485
317,34,572,286,44,131,1,1,0.50758
318,34,575,285,44,131,1,1,0.5303
319,34,578,284,44,131,1,1,0.55303
320,34,580,284,44,131,1,1,0.56818
321,34,583,283,44,131,1,1,0.57576
322,34,586,282,44,131,1,1,0.58333
323,34,588,282,44,131,1,1,0.58333
324,34,591,281,44,131,1,1,0.59091
325,34,594,280,44,131,1,1,0.59613
326,34,597,280,44,131,1,1,0.59377
327,34,595,281,44,131,1,1,0.59091
328,34,594,283,44,131,1,1,0.57576
111,35,381,450,78,56,0,10,0.14457
112,35,387,450,78,56,0,10,0.1459
113,35,393,450,78,56,0,10,0.13724
114,35,399,450,78,56,0,10,0.15279
115,35,405,450,78,56,0,10,0.14546
116,35,412,451,78,56,0,10,0.1499
117,35,418,451,78,56,0,10,0.15256
118,35,424,451,78,56,0,10,0.1408
119,35,430,451,78,56,0,10,0.15701
120,35,436,451,78,56,0,10,0.14546
121,35,443,452,78,56,0,10,0.14546
122,35,452,450,78,56,0,10,0.17322
123,35,461,448,78,56,0,10,0.20053
124,35,470,446,78,56,0,10,0.2274
125,35,479,445,78,56,0,10,0.23829
126,35,488,443,78,56,0,10,0.26449
127,35,497,441,78,56,0,10,0.29025
128,35,506,440,78,56,0,10,0.30069
129,35,515,438,78,56,0,10,0.32578
130,35,524,436,78,56,0,10,0.35043
131,35,533,435,78,56,0,10,0.35043
132,35,538,432,78,56,0,10,0.37464
133,35,543,430,78,56,0,10,0.37464
134,35,548,427,78,56,0,10,0.38885
135,35,553,425,78,56,0,10,0.38885
136,35,558,423,78,56,0,10,0.40306
137,35,563,420,78,56,0,10,0.42638
138,35,568,418,78,56,0,10,0.42638
139,35,573,415,78,56,0,10,0.44037
140,35,578,413,78,56,0,10,0.44037
141,35,584,411,78,56,0,10,0.19742
142,35,589,411,78,56,0,10,0.20231
143,35,595,411,77,56,0,10,0.20985
144,35,600,411,77,56,0,10,0.2148
145,35,606,411,76,56,0,10,0.23946
146,35,612,412,75,55,0,10,0.24178
147,35,617,412,75,55,0,10,0.25164
148,35,623,412,74,55,0,10,0.27619
149,35,628,412,74,55,0,10,0.28381
150,35,634,412,73,55,0,10,0.29344
151,35,640,413,72,55,0,10,0.3092
152,35,636,412,72,55,0,10,0.2544
153,35,632,412,72,55,0,10,0.19178
154,35,628,412,72,55,0,10,0.12916
155,35,624,411,72,55,0,10,0.082926
156,35,620,411,72,55,0,10,0.030822
157,35,616,411,72,55,0,10,0.015656
158,35,612,410,72,55,0,10,0.0022016
159,35,608,410,72,55,0,10,0
160,35,604,410,72,55,0,10,0.011008
161,35,601,410,72,55,0,10,0
162,35,597,409,72,55,0,10,0
163,35,593,409,72,55,0,10,0
164,35,589,409,72,55,0,10,0
165,35,585,408,72,55,0,10,0
166,35,581,408,72,55,0,10,0
167,35,577,408,72,55,0,10,0
168,35,573,407,72,55,0,10,0.0066047
169,35,569,407,72,55,0,10,0.0097847
170,35,565,407,72,55,0,10,0.09589
171,35,562,407,72,55,0,10,0.15068
172,35,558,406,72,55,0,10,0.19178
173,35,554,405,73,55,0,10,0.18919
174,35,550,404,74,55,0,10,0.17333
175,35,546,403,74,55,0,10,0.16
176,35,542,402,75,55,0,10,0.14474
177,35,538,401,76,55,0,10,0.20779
178,35,534,400,76,55,0,10,0.24675
179,35,530,399,77,55,0,10,0.21795
180,35,526,398,78,55,0,10,0.18987
181,35,522,398,79,54,0,10,0.175
182,35,521,397,79,54,0,10,0.175
183,35,520,396,79,55,0,10,0.1875
184,35,519,395,79,56,0,10,0.1
185,35,518,394,79,57,0,10,0.125
186,35,517,393,79,58,0,10,0.15
187,35,516,392,79,58,0,10,0.175
188,35,515,391,79,59,0,10,0.1875
189,35,514,390,79,60,0,10,0.1875
190,35,513,389,79,61,0,10,0.1875
191,35,513,389,78,61,0,10,0.075949
192,35,515,390,78,61,0,10,0
193,35,517,392,78,61,0,10,0.025316
194,35,519,394,78,61,0,10,0.050633
195,35,521,395,78,61,0,10,0.088608
196,35,523,397,78,61,0,10,0.11392
197,35,525,399,78,61,0,10,0.26582
198,35,527,400,78,61,0,10,0.40506
199,35,529,402,78,61,0,10,0.37975
200,35,531,404,78,61,0,10,0.34177
201,35,534,406,78,61,0,10,0.26582
202,35,540,407,80,61,0,10,0.24691
203,35,546,408,82,61,0,10,0.22892
204,35,552,409,85,61,0,10,0.22093
205,35,558,411,87,60,0,10,0.27273
206,35,564,412,90,61,0,10,0.31868
207,35,570,413,92,61,0,10,0.3375
208,35,576,415,94,60,0,10,0.32683
209,35,582,416,97,60,0,10,0.33138
210,35,588,417,99,60,0,10,0.31967
211,35,595,419,101,60,0,10,0.35937
212,35,598,419,101,60,0,10,0.32353
213,35,602,419,101,60,0,10,0.33333
214,35,606,419,101,60,0,10,0.34314
215,35,610,420,101,60,0,10,0.35294
216,35,614,420,101,60,0,10,0.36275
217,35,617,420,101,60,0,10,0.36387
218,35,621,421,101,60,0,10,0.36564
219,35,625,421,101,60,0,10,0.37737
220,35,629,421,101,60,0,10,0.38042
221,35,633,422,101,60,0,10,0.40839
222,35,636,421,100,60,0,10,0.41406
223,35,639,420,99,60,0,10,0.41984
224,35,642,419,98,60,0,10,0.42706
225,35,645,418,98,60,0,10,0.43815
226,35,649,418,96,59,0,10,0.45533
227,35,652,417,95,59,0,10,0.46354
228,35,655,416,95,59,0,10,0.475
229,35,658,415,94,59,0,10,0.48105
230,35,661,414,93,59,0,10,0.48918
231,35,665,414,92,59,0,10,0.48566
232,35,668,411,92,60,0,10,0.48369
233,35,671,409,92,60,0,10,0.48264
234,35,675,406,91,61,0,10,0.48808
235,35,678,404,92,61,0,10,0.49237
236,35,682,402,91,62,0,10,0.49638
237,35,685,399,91,63,0,10,0.50543
238,35,688,397,92,63,0,10,0.51882
239,35,692,394,91,64,0,10,0.5301
240,35,695,392,91,64,0,10,0.53161
241,35,699,390,91,65,0,10,0.55896
242,35,701,389,91,65,0,10,0.55237
243,35,703,388,91,65,0,10,0.54578
244,35,706,387,91,65,0,10,0.54842
245,35,708,386,91,65,0,10,0.55978
246,35,711,385,91,65,0,10,0.57971
247,35,713,384,91,65,0,10,0.59058
248,35,715,383,91,65,0,10,0.59964
249,35,718,382,91,65,0,10,0.6087
250,35,720,381,91,65,0,10,0.61067
251,35,723,380,91,65,0,10,0.60573
252,35,726,379,91,65,0,10,0.5919
253,35,729,378,91,65,0,10,0.60474
254,35,732,377,91,65,0,10,0.60672
255,35,735,376,91,65,0,10,0.61265
256,35,738,375,91,65,0,10,0.62352
257,35,741,374,91,65,0,10,0.64493
258,35,744,373,91,65,0,10,0.67292
259,35,747,372,91,65,0,10,0.67292
260,35,750,371,91,65,0,10,0.67787
261,35,754,371,91,65,0,10,0.68775
262,35,755,369,91,65,0,10,0.6665
263,35,756,368,91,65,0,10,0.64526
264,35,758,367,91,65,0,10,0.62846
265,35,759,366,91,65,0,10,0.60688
266,35,761,365,91,65,0,10,0.60688
267,35,762,364,91,65,0,10,0.58465
268,35,763,363,91,65,0,10,0.57378
269,35,765,362,91,65,0,10,0.56472
270,35,766,361,91,65,0,10,0.54891
271,35,768,360,91,65,0,10,0.62698
272,35,760,359,92,65,0,10,0.6015
273,35,753,359,93,65,0,10,0.59188
274,35,746,359,93,65,0,10,0.56738
275,35,739,359,94,64,0,10,0.5587
276,35,732,359,94,64,0,10,0.53441
277,35,724,358,96,65,0,10,0.5378
278,35,717,358,96,64,0,10,0.5318
279,35,710,358,97,64,0,10,0.53328
280,35,703,358,97,64,0,10,0.51805
281,35,696,358,98,64,0,10,0.51127
282,35,691,357,99,64,0,10,0.53615
283,35,687,356,99,65,0,10,0.56727
284,35,683,355,99,65,0,10,0.58727
285,35,679,354,99,66,0,10,0.61313
286,35,675,353,99,66,0,10,0.63612
287,35,671,352,99,67,0,10,0.65059
288,35,667,351,99,67,0,10,0.67265
289,35,663,350,99,68,0,10,0.69043
290,35,659,349,99,68,0,10,0.7013
291,35,655,348,100,69,0,10,0.65417
292,35,655,346,100,69,0,10,0.65149
293,35,655,344,100,69,0,10,0.64668
294,35,655,342,100,69,0,10,0.63536
295,35,655,340,100,69,0,10,0.63027
296,35,655,339,100,69,0,10,0.629
297,35,655,337,100,69,0,10,0.60849
298,35,655,335,100,69,0,10,0.60495
299,35,655,333,100,69,0,10,0.60085
300,35,655,331,100,69,0,10,0.58628
301,35,656,330,100,69,0,10,0.64696
302,35,651,330,101,69,0,10,0.64146
303,35,646,330,102,70,0,10,0.63394
304,35,642,330,102,70,0,10,0.63736
305,35,637,330,104,71,0,10,0.63241
306,35,633,330,104,72,0,10,0.64697
307,35,628,330,105,72,0,10,0.63479
308,35,623,330,107,73,0,10,0.63088
309,35,619,330,107,73,0,10,0.62988
310,35,614,330,108,74,0,10,0.62606
311,35,610,331,109,74,0,10,0.59091
312,35,612,332,109,74,0,10,0.60897
313,35,614,333,109,74,0,10,0.628
314,35,616,334,109,74,0,10,0.648
315,35,618,335,109,74,0,10,0.66727
316,35,620,337,109,74,0,10,0.67467
317,35,622,338,109,74,0,10,0.68727
318,35,624,339,109,74,0,10,0.69964
319,35,626,340,109,74,0,10,0.71176
320,35,628,341,109,74,0,10,0.71673
321,35,631,343,109,74,0,10,0.71394
322,35,632,343,109,74,0,10,0.69964
323,35,634,344,109,74,0,10,0.69455
324,35,636,344,109,74,0,10,0.68727
325,35,638,345,109,74,0,10,0.67467
326,35,640,345,109,74,0,10,0.67467
327,35,641,346,109,74,0,10,0.6543
328,35,643,346,109,74,0,10,0.6543
141,36,576,418,79,57,0,10,0.26724
142,36,580,418,79,57,0,10,0.26552
143,36,584,418,79,58,0,10,0.25169
144,36,588,418,79,58,0,10,0.25932
145,36,592,419,79,58,0,10,0.24555
146,36,596,419,79,58,0,10,0.25911
147,36,600,419,79,59,0,10,0.2525
148,36,604,420,79,58,0,10,0.25191
149,36,608,420,79,59,0,10,0.25
150,36,612,420,79,59,0,10,0.25
151,36,617,421,78,59,0,10,0.25063
152,36,616,420,78,59,0,10,0.23291
153,36,616,420,78,59,0,10,0.23038
154,36,616,420,78,59,0,10,0.22996
155,36,615,420,78,59,0,10,0.21899
156,36,615,420,78,59,0,10,0.18987
157,36,615,419,78,59,0,10,0.16456
158,36,614,419,78,59,0,10,0.13017
159,36,614,419,78,59,0,10,0.091139
160,36,614,419,78,59,0,10,0.040084
161,36,614,419,78,59,0,10,0.10654
162,36,604,418,80,59,0,10,0.06893
163,36,594,418,82,59,0,10,0.04257
164,36,584,417,84,60,0,10,0.0096432
165,36,574,417,86,60,0,10,0.012813
166,36,565,417,87,60,0,10,0.017884
167,36,555,416,89,60,0,10,0.023315
168,36,545,416,91,60,0,10,0.021383
169,36,535,415,93,61,0,10,0.029513
170,36,525,415,95,61,0,10,0.02369
171,36,516,415,97,61,0,10,0.020244
172,36,512,414,97,61,0,10,0.014812
173,36,508,413,97,61,0,10,0
174,36,505,413,97,61,0,10,0.0026333
175,36,501,412,97,61,0,10,0.0074062
176,36,497,412,97,61,0,10,0.011521
177,36,494,411,97,61,0,10,0.0065833
178,36,490,411,97,61,0,10,0.021396
179,36,486,410,97,61,0,10,0.029625
180,36,483,410,97,61,0,10,0.032587
181,36,481,408,97,62,0,10,0.041464
182,36,479,407,97,63,0,10,0.042092
183,36,477,406,97,64,0,10,0.043956
184,36,475,404,97,65,0,10,0.054267
185,36,474,403,96,66,0,10,0.051239
186,36,472,402,96,67,0,10,0.047756
187,36,470,400,96,68,0,10,0.050799
188,36,468,399,96,69,0,10,0.048601
189,36,466,398,96,70,0,10,0.055176
190,36,465,397,96,71,0,10,0.060137
191,36,465,398,97,71,0,10,0.057398
192,36,465,399,98,71,0,10,0.054994
193,36,465,400,99,71,0,10,0.053333
194,36,465,401,100,71,0,10,0.051705
195,36,465,403,102,70,0,10,0.044031
196,36,465,404,103,70,0,10,0.04266
197,36,465,405,104,70,0,10,0.044131
198,36,465,406,105,70,0,10,0.045575
199,36,465,407,106,70,0,10,0.045149
200,36,466,409,107,70,0,10,0.037559
201,36,473,410,108,70,0,10,0.034888
202,36,481,412,108,70,0,10,0.027135
203,36,489,414,109,70,0,10,0.024328
204,36,497,416,109,69,0,10,0.022727
205,36,505,418,110,69,0,10,0.018533
206,36,512,419,111,70,0,10,0.023893
207,36,520,421,111,69,0,10,0.051658
208,36,528,423,112,69,0,10,0.09153
209,36,536,425,112,69,0,10,0.10721
210,36,544,427,113,69,0,10,0.12231
211,36,547,427,113,69,0,10,0.067168
212,36,551,427,113,70,0,10,0.016679
213,36,554,427,113,70,0,10,0.016679
214,36,558,427,113,71,0,10,0.015838
215,36,562,427,112,72,0,10,0.015153
216,36,565,427,113,72,0,10,0.01502
217,36,569,427,112,73,0,10,0.025592
218,36,572,427,113,73,0,10,0.045282
219,36,576,427,112,74,0,10,0.060767
220,36,580,428,112,74,0,10,0.073274
221,36,581,427,112,74,0,10,0.082596
222,36,583,426,112,74,0,10,0.097935
223,36,585,425,112,74,0,10,0.11398
224,36,587,425,112,74,0,10,0.11917
225,36,589,424,112,74,0,10,0.13027
226,36,590,423,112,74,0,10,0.13381
227,36,592,423,112,74,0,10,0.14265
228,36,594,422,112,74,0,10,0.15563
229,36,596,421,112,74,0,10,0.16614
230,36,598,421,112,74,0,10,0.16779
231,36,601,419,112,74,0,10,0.13982
232,36,604,417,112,74,0,10,0.097935
233,36,607,415,112,74,0,10,0.089086
234,36,610,413,112,74,0,10,0.079882
235,36,613,411,112,74,0,10,0.071032
236,36,616,409,112,74,0,10,0.061593
237,36,619,407,112,74,0,10,0.11823
238,36,622,405,112,74,0,10,0.17286
239,36,625,403,112,74,0,10,0.19115
240,36,628,401,112,74,0,10,0.19764
241,36,629,400,112,74,0,10,0.14938
242,36,631,399,112,75,0,10,0.11283
243,36,633,398,112,76,0,10,0.076313
244,36,634,397,113,76,0,10,0.0311
245,36,636,397,113,76,0,10,0.082821
246,36,638,396,113,77,0,10,0.12731
247,36,639,395,114,77,0,10,0.17926
248,36,641,394,114,78,0,10,0.22334
249,36,643,393,114,79,0,10,0.21478
250,36,645,393,114,79,0,10,0.20315
251,36,647,392,114,79,0,10,0.13457
252,36,649,391,115,79,0,10,0.070905
253,36,651,390,115,79,0,10,0.080172
254,36,653,389,116,79,0,10,0.088889
255,36,656,389,116,78,0,10,0.10516
256,36,658,388,116,78,0,10,0.10581
257,36,660,387,117,78,0,10,0.19416
258,36,662,386,117,78,0,10,0.2685
259,36,664,385,118,78,0,10,0.26997
260,36,667,385,118,78,0,10,0.27167
261,36,668,383,119,78,0,10,0.27015
262,36,669,382,121,77,0,10,0.24128
263,36,670,380,122,78,0,10,0.20757
264,36,671,379,124,77,0,10,0.17169
265,36,673,377,125,78,0,10,0.18515
266,36,674,376,126,77,0,10,0.18534
267,36,675,374,128,77,0,10,0.19827
268,36,676,373,129,77,0,10,0.19822
269,36,677,371,131,77,0,10,0.23786
270,36,679,370,132,77,0,10,0.27598
271,36,673,369,132,78,0,10,0.25783
272,36,668,369,132,79,0,10,0.24023
273,36,662,369,132,79,0,10,0.22039
274,36,657,369,132,80,0,10,0.1966
275,36,652,369,131,80,0,10,0.17695
276,36,646,369,132,81,0,10,0.15459
277,36,641,369,131,81,0,10,0.20464
278,36,635,369,132,82,0,10,0.2608
279,36,630,369,131,82,0,10,0.31198
280,36,625,369,131,83,0,10,0.3695
281,36,619,368,131,83,0,10,0.41414
282,36,613,368,131,83,0,10,0.39394
283,36,607,368,131,83,0,10,0.37879
284,36,601,367,131,83,0,10,0.36364
285,36,595,367,131,83,0,10,0.37879
286,36,589,367,131,83,0,10,0.38636
287,36,583,366,131,83,0,10,0.40152
288,36,577,366,131,83,0,10,0.40909
289,36,571,366,131,83,0,10,0.40909
290,36,565,366,131,83,0,10,0.40152
291,36,564,363,132,83,0,10,0.43609
292,36,563,360,133,84,0,10,0.48507
293,36,562,357,134,85,0,10,0.52593
294,36,562,354,135,86,0,10,0.58088
295,36,561,351,136,87,0,10,0.62044
296,36,560,348,137,88,0,10,0.65942
297,36,560,345,138,89,0,10,0.67866
298,36,559,342,139,90,0,10,0.68587
299,36,558,339,140,91,0,10,0.69365
300,36,558,336,141,92,0,10,0.709
301,36,552,336,142,93,0,10,0.67118
302,36,547,336,143,94,0,10,0.67982
303,36,542,336,144,95,0,10,0.68326
304,36,537,337,145,95,0,10,0.68493
305,36,532,337,146,96,0,10,0.69332
306,36,527,337,146,97,0,10,0.69672
307,36,522,338,147,97,0,10,0.69815
308,36,517,338,148,98,0,10,0.70632
309,36,512,338,149,99,0,10,0.71893
310,36,507,339,150,100,0,10,0.72651
311,36,508,341,150,100,0,10,0.76172
312,36,509,343,150,100,0,10,0.75654
313,36,510,345,150,100,0,10,0.75136
314,36,511,347,150,100,0,10,0.74618
315,36,512,349,150,100,0,10,0.741
316,36,513,351,150,100,0,10,0.73582
317,36,514,353,150,100,0,10,0.73064
318,36,515,355,150,100,0,10,0.72546
319,36,516,357,150,100,0,10,0.72028
320,36,518,359,150,100,0,10,0.72028
321,36,519,359,151,100,0,10,0.72772
322,36,520,359,153,100,0,10,0.73615
323,36,522,359,153,100,0,10,0.74103
324,36,523,359,155,100,0,10,0.74435
325,36,525,359,156,100,0,10,0.75077
326,36,526,359,157,100,0,10,0.75235
327,36,527,359,159,100,0,10,0.76015
328,36,529,359,159,100,0,10,0.76485
1,38,858,432,21,71,1,1,1
2,38,851,432,21,71,1,1,1
3,38,845,433,21,71,1,1,1
4,38,838,434,21,71,1,1,1
5,38,832,435,21,71,1,1,1
6,38,829,436,21,71,1,1,1
7,38,827,437,21,71,1,1,1
8,38,824,439,21,71,1,1,1
9,38,822,440,21,71,1,1,1
10,38,819,441,21,71,1,1,1
11,38,817,443,21,71,1,1,1
12,38,813,443,21,71,1,1,1
13,38,809,444,21,71,1,1,1
14,38,806,444,20,71,1,1,1
15,38,802,445,21,71,1,1,1
16,38,799,445,20,71,1,1,1
17,38,795,446,20,71,1,1,0.95106
18,38,792,447,20,71,1,1,0.87765
19,38,782,448,20,71,1,1,0.97553
20,38,772,450,21,71,1,1,1
21,38,763,452,21,71,1,1,1
22,38,748,452,21,71,1,1,1
23,38,733,453,21,71,1,1,1
24,38,718,453,22,72,1,1,1
25,38,703,454,22,72,1,1,1
26,38,689,454,22,73,1,1,1
27,38,674,455,22,73,1,1,1
28,38,659,455,22,74,1,1,1
29,38,644,456,23,74,1,1,1
30,38,629,456,23,75,1,1,1
31,38,615,457,23,75,1,1,1
32,38,603,459,23,75,1,1,1
33,38,592,462,22,75,1,1,1
34,38,580,465,22,74,1,1,1
35,38,569,468,22,74,1,1,1
36,38,562,467,22,74,1,1,1
37,38,555,467,22,74,1,1,1
38,38,548,466,23,75,1,1,1
39,38,541,466,23,74,1,1,1
40,38,534,465,23,75,1,1,1
41,38,528,465,23,75,1,1,1
42,38,522,464,23,75,1,1,1
43,38,516,463,24,76,1,1,1
44,38,510,462,24,77,1,1,1
45,38,505,462,24,76,1,1,1
46,38,499,461,24,77,1,1,1
47,38,493,460,25,78,1,1,1
48,38,488,460,24,77,1,1,1
49,38,482,459,25,78,1,1,1
50,38,476,458,25,79,1,1,1
51,38,471,458,25,79,1,1,1
52,38,466,456,25,79,1,1,1
53,38,461,454,25,79,1,1,1
54,38,457,452,25,79,1,1,0.84615
55,38,449,450,27,79,1,1,0.64286
56,38,441,449,29,78,1,1,0.5
57,38,433,448,31,78,1,1,0.34375
58,38,427,449,31,78,1,1,0.15625
59,38,421,450,31,78,1,1,0
1,39,809,429,19,61,1,1,0.8129
2,39,802,429,19,62,1,1,1
3,39,796,429,18,64,1,1,1
4,39,790,428,18,66,1,1,1
5,39,784,433,19,62,1,1,1
6,39,778,439,20,58,1,1,1
7,39,775,440,20,58,1,1,1
8,39,773,441,20,58,1,1,1
9,39,771,442,19,58,1,1,1
10,39,769,443,19,58,1,1,1
11,39,767,445,19,58,1,1,1
12,39,768,440,19,58,1,1,1
13,39,762,441,24,57,1,1,1
14,39,756,442,23,57,1,1,1
15,39,750,443,22,57,1,1,1
16,39,744,444,22,58,1,1,1
17,39,738,446,21,57,1,1,1
18,39,732,447,20,57,1,1,1
19,39,726,448,20,58,1,1,1
20,39,720,449,19,58,1,1,1
21,39,714,451,19,58,1,1,1
22,39,700,452,19,58,1,1,1
23,39,686,453,19,59,1,1,1
24,39,672,454,19,59,1,1,0.95167
25,39,658,455,20,60,1,1,1
26,39,640,455,21,61,1,1,1
27,39,623,456,21,61,1,1,1
28,39,606,457,21,61,1,1,1
29,39,597,450,21,62,1,1,1
30,39,576,452,21,63,1,1,1
31,39,563,455,22,63,1,1,1
32,39,550,457,22,63,1,1,1
33,39,538,459,22,63,1,1,1
34,39,525,461,22,63,1,1,0.96128
35,39,513,464,22,63,1,1,0.9212
36,39,507,463,22,63,1,1,0.88179
37,39,502,463,22,63,1,1,0.84239
38,39,497,463,22,63,1,1,0.79959
39,39,491,462,22,63,1,1,0.80299
40,39,486,462,22,63,1,1,0.75951
41,39,481,462,22,63,1,1,1
42,39,475,460,22,63,1,1,0.71943
43,39,469,459,22,63,1,1,0.71467
44,39,463,458,22,63,1,1,0.70992
45,39,458,457,22,63,1,1,0.66304
46,39,452,457,22,63,1,1,0.66848
47,39,446,458,22,63,1,1,0.67391
48,39,441,459,22,63,1,1,0.63927
49,39,435,460,22,63,1,1,0.63927
50,39,429,461,22,63,1,1,0.64538
1,40,780,427,21,67,1,1,0.72727
2,40,773,426,21,68,1,1,0.68182
3,40,766,426,21,68,1,1,0.63636
4,40,760,426,20,69,1,1,0.61905
5,40,754,430,21,66,1,1,0.59091
6,40,748,435,22,62,1,1,0.69565
7,40,743,435,22,62,1,1,0.78261
8,40,739,436,22,62,1,1,0.95652
9,40,738,437,22,62,1,1,1
10,40,737,438,22,62,1,1,1
11,40,737,439,22,62,1,1,1
12,40,735,438,22,62,1,1,1
13,40,733,437,22,62,1,1,1
14,40,731,437,22,62,1,1,1
15,40,724,438,22,62,1,1,1
16,40,717,439,22,62,1,1,1
17,40,710,441,22,62,1,1,1
18,40,703,442,22,62,1,1,1
19,40,696,444,22,62,1,1,1
20,40,689,445,22,62,1,1,1
21,40,683,447,22,62,1,1,1
22,40,669,449,22,62,1,1,1
23,40,655,451,22,62,1,1,1
24,40,641,453,22,62,1,1,1
25,40,628,455,22,62,1,1,1
26,40,611,454,22,61,1,1,1
27,40,594,453,22,61,1,1,1
28,40,578,452,22,61,1,1,1
29,40,568,452,21,61,1,1,1
30,40,546,453,22,61,1,1,1
31,40,535,452,22,62,1,1,1
32,40,522,455,22,62,1,1,1
33,40,510,458,21,63,1,1,1
34,40,497,461,21,63,1,1,1
35,40,485,464,21,64,1,1,1
36,40,479,463,21,64,1,1,1
37,40,474,462,21,64,1,1,1
38,40,468,461,21,65,1,1,1
39,40,463,460,21,65,1,1,1
40,40,457,459,21,65,1,1,1
41,40,452,458,21,66,1,1,1
42,40,447,457,21,66,1,1,1
43,40,442,457,21,66,1,1,1
44,40,437,457,21,66,1,1,1
45,40,432,457,21,66,1,1,1
46,40,427,457,21,66,1,1,1
47,40,422,457,21,66,1,1,1
48,40,417,457,21,66,1,1,1
49,40,412,457,21,66,1,1,1
50,40,407,457,21,66,1,1,1
51,40,402,457,21,66,1,1,1
52,40,396,454,21,66,1,1,1
53,40,390,451,21,66,1,1,1
54,40,384,448,21,66,1,1,1
55,40,378,446,21,66,1,1,1
56,40,373,446,21,66,1,1,1
57,40,369,446,21,66,1,1,1
58,40,364,447,21,66,1,1,1
59,40,360,447,21,66,1,1,1
60,40,355,448,21,66,1,1,1
61,40,351,448,21,66,1,1,1
62,40,347,449,21,66,1,1,1
63,40,346,448,21,66,1,1,1
64,40,345,447,21,66,1,1,1
65,40,345,446,21,66,1,1,0.63636
66,40,344,445,21,66,1,1,0.27273
67,40,344,445,21,66,1,1,0
68,40,342,444,21,66,1,1,0
69,40,341,443,21,66,1,1,0
70,40,339,442,21,66,1,1,0
10,41,713,444,20,55,1,1,0.57143
11,41,708,445,20,55,1,1,0.85714
12,41,704,446,20,55,1,1,0.80952
13,41,699,447,20,55,1,1,0.71429
14,41,695,448,20,55,1,1,1
15,41,690,449,20,55,1,1,1
16,41,686,450,20,55,1,1,1
17,41,681,451,20,55,1,1,1
18,41,677,452,20,55,1,1,1
19,41,672,453,20,55,1,1,1
20,41,668,454,20,55,1,1,1
21,41,659,454,20,55,1,1,1
22,41,650,454,20,55,1,1,0.90476
23,41,641,455,21,55,1,1,0.63636
24,41,622,455,20,55,1,1,0.90476
25,41,603,455,20,55,1,1,1
26,41,586,455,20,55,1,1,1
27,41,570,455,20,55,1,1,1
28,41,554,455,20,55,1,1,1
29,41,538,455,20,55,1,1,1
30,41,522,455,20,55,1,1,1
31,41,509,458,20,57,1,1,1
32,41,496,461,21,60,1,1,1
33,41,484,460,25,61,1,1,1
34,41,472,463,23,58,1,1,1
35,41,461,467,20,55,1,1,1
36,41,455,468,20,55,1,1,1
37,41,449,469,20,55,1,1,1
38,41,443,470,20,55,1,1,1
39,41,437,471,20,55,1,1,1
40,41,432,472,20,55,1,1,1
41,41,426,470,20,55,1,1,1
42,41,420,468,20,56,1,1,1
43,41,415,467,19,55,1,1,1
44,41,409,465,19,56,1,1,1
45,41,404,464,19,56,1,1,1
46,41,398,463,19,56,1,1,1
47,41,392,462,19,57,1,1,1
48,41,386,461,19,58,1,1,1
49,41,380,460,19,59,1,1,1
50,41,375,460,19,59,1,1,1
51,41,368,458,19,59,1,1,1
52,41,362,456,19,59,1,1,1
53,41,355,454,19,59,1,1,1
54,41,349,452,19,59,1,1,1
55,41,343,451,19,59,1,1,1
56,41,338,452,19,59,1,1,1
57,41,333,453,19,59,1,1,1
58,41,328,454,19,59,1,1,1
59,41,323,455,19,59,1,1,1
60,41,318,457,19,59,1,1,1
61,41,316,455,19,59,1,1,1
62,41,315,454,19,59,1,1,1
63,41,314,453,19,59,1,1,1
64,41,312,452,19,59,1,1,1
65,41,311,451,19,59,1,1,1
66,41,310,449,19,59,1,1,1
67,41,308,448,19,59,1,1,1
68,41,307,447,19,59,1,1,1
69,41,306,446,19,59,1,1,0.75
70,41,305,445,19,59,1,1,0.3
71,41,303,445,19,59,1,1,0
72,41,302,445,19,59,1,1,0
73,41,300,445,19,59,1,1,0
74,41,299,445,19,59,1,1,0
75,41,299,445,19,59,1,1,0
76,41,299,445,19,59,1,1,0
77,41,299,445,19,59,1,1,0
78,41,299,445,19,59,1,1,0
79,41,299,445,19,59,1,1,0
80,41,299,445,19,59,1,1,0
81,41,299,445,19,59,1,1,0
82,41,299,445,19,59,1,1,0
83,41,299,445,19,59,1,1,0
84,41,299,445,19,59,1,1,0
85,41,299,445,19,59,1,1,0
86,41,299,445,19,59,1,1,0
87,41,297,442,19,59,1,1,0
88,41,296,440,19,59,1,1,0
89,41,295,438,19,59,1,1,0
90,41,293,435,19,59,1,1,0
91,41,292,433,19,59,1,1,0
92,41,291,431,19,59,1,1,0.3
93,41,289,428,19,59,1,1,0.8
94,41,288,426,19,59,1,1,0.85
95,41,287,424,19,59,1,1,0.9
96,41,286,420,19,59,1,1,0.95083
97,41,286,417,19,59,1,1,0.9525
98,41,286,415,19,59,1,1,0.95333
99,41,287,414,19,58,1,1,0.90508
100,41,288,413,19,58,1,1,0.85763
101,41,285,409,20,60,1,1,0.95706
102,41,283,406,20,61,1,1,1
103,41,286,410,22,62,1,1,0.75569
104,41,281,408,22,63,1,1,0.88179
105,41,276,406,22,65,1,1,0.96179
106,41,272,412,28,60,1,1,0.83324
107,41,270,408,26,61,1,1,0.89964
108,41,270,406,28,61,1,1,0.75973
109,41,269,407,29,60,1,1,0.70492
110,41,268,407,25,62,1,1,0.7265
111,41,266,406,31,61,1,1,0.61895
112,41,269,402,24,60,1,1,0.61443
113,41,270,404,24,62,1,1,0.7981
114,41,268,406,29,59,1,1,0.94222
115,41,281,409,24,57,1,1,0.89034
116,41,294,413,20,54,1,1,0.77056
117,41,302,412,21,54,1,1,0.68926
118,41,311,411,21,55,1,1,0.5974
119,41,320,411,21,55,1,1,0.50406
120,41,329,410,21,56,1,1,0.41388
121,41,338,409,21,57,1,1,0.33464
122,41,347,409,21,57,1,1,0.26489
123,41,356,408,21,58,1,1,0.17797
124,41,365,408,22,58,1,1,0.070007
125,41,374,406,22,58,1,1,0.020634
126,41,383,405,22,58,1,1,0.011054
127,41,392,404,22,58,1,1,0
128,41,401,402,22,59,1,1,0
129,41,410,401,22,59,1,1,0
130,41,419,400,22,59,1,1,0
131,41,428,399,23,59,1,1,0
132,41,434,396,24,59,1,1,0.08
133,41,441,393,24,59,1,1,0
134,41,447,391,25,58,1,1,0
135,41,454,388,25,58,1,1,0
136,41,460,386,26,58,1,1,0
137,41,467,383,26,58,1,1,0
138,41,473,380,27,58,1,1,0
139,41,480,378,27,57,1,1,0
140,41,486,375,28,57,1,1,0
141,41,493,373,28,57,1,1,0.0047562
142,41,498,374,28,57,1,1,0.0017836
143,41,503,375,28,58,1,1,0
144,41,508,377,28,57,1,1,0
145,41,513,378,28,58,1,1,0
146,41,518,379,28,58,1,1,0
147,41,523,381,28,58,1,1,0
148,41,527,380,29,58,1,1,0
149,41,532,379,29,58,1,1,0
150,41,537,378,30,58,1,1,0.029524
151,41,542,377,30,58,1,1,0.12575
152,41,547,376,31,59,1,1,0.23333
153,41,549,373,31,59,1,1,0.24167
154,41,552,370,31,59,1,1,0.25
155,41,555,367,31,60,1,1,0.28125
156,41,558,364,31,60,1,1,0.046107
157,41,561,361,31,61,1,1,0.060484
158,41,557,362,31,60,1,1,0.039447
159,41,554,363,31,60,1,1,0.025615
160,41,551,364,30,60,1,1,0.0095188
161,41,548,365,30,60,1,1,0.025383
162,41,544,366,31,60,1,1,0.29201
163,41,541,367,30,60,1,1,0.37811
164,41,538,368,30,60,1,1,0.48546
165,41,535,370,30,59,1,1,0.57581
166,41,526,369,30,60,1,1,0.52247
167,41,518,369,30,60,1,1,0.48546
168,41,510,369,29,60,1,1,0.57377
169,41,502,369,29,60,1,1,0.65574
170,41,491,367,28,61,1,1,0.65239
171,41,481,366,26,61,1,1,0.68339
172,41,471,365,25,62,1,1,0.50794
173,41,468,365,25,62,1,1,0.57143
174,41,465,366,25,62,1,1,0.62271
175,41,462,367,25,62,1,1,0.67155
176,41,459,368,25,62,1,1,0.62821
177,41,456,369,25,62,1,1,0.68864
178,41,454,370,24,62,1,1,0.73016
179,41,454,364,24,62,1,1,0.8254
180,41,454,359,24,62,1,1,0.90476
181,41,455,354,24,62,1,1,0.94476
182,41,454,351,24,62,1,1,0.96
183,41,454,348,24,62,1,1,0.92
184,41,454,346,23,62,1,1,0.95172
185,41,454,343,23,62,1,1,0.9127
186,41,454,341,23,62,1,1,0.91138
187,41,454,341,24,62,1,1,0.97714
188,41,455,341,25,62,1,1,0.96032
189,41,456,341,25,62,1,1,0.94139
190,41,456,342,27,62,1,1,0.91383
191,41,457,342,27,62,1,1,0.92063
192,41,458,342,28,62,1,1,0.92775
193,41,459,343,29,62,1,1,0.92381
194,41,459,343,29,62,1,1,0.93651
195,41,459,343,29,63,1,1,0.95
196,41,459,343,30,64,1,1,0.95037
197,41,463,346,30,65,1,1,0.90078
198,41,467,350,30,65,1,1,0.84848
199,41,471,353,30,67,1,1,0.79412
200,41,475,357,30,67,1,1,0.76471
50,42,399,465,21,55,1,1,0.36364
51,42,392,463,21,55,1,1,0.45455
52,42,385,461,21,55,1,1,0.5
53,42,378,459,21,55,1,1,0.54545
54,42,371,457,21,55,1,1,0.59091
55,42,365,455,21,55,1,1,0.59091
56,42,360,455,21,55,1,1,0.59091
57,42,355,455,21,55,1,1,0.63636
58,42,350,456,21,55,1,1,0.63636
59,42,345,456,21,55,1,1,0.68182
60,42,340,457,21,55,1,1,0.68182
61,42,338,456,21,55,1,1,0.59091
62,42,336,455,21,55,1,1,0.5
63,42,335,454,21,55,1,1,0.5
64,42,333,454,21,55,1,1,0.54545
65,42,332,453,21,55,1,1,0.59091
66,42,330,452,21,55,1,1,0.63636
67,42,329,451,21,55,1,1,0.5
68,42,327,451,21,55,1,1,0.13636
69,42,326,450,21,55,1,1,0
70,42,324,449,21,55,1,1,0
71,42,323,449,21,55,1,1,0
72,42,323,449,21,55,1,1,0
40,43,743,456,26,69,1,1,0.63333
41,43,737,455,26,69,1,1,0.80635
42,43,732,454,26,69,1,1,0.86878
43,43,726,453,26,69,1,1,0.86667
44,43,721,452,26,69,1,1,0.93333
45,43,716,452,26,69,1,1,0.96561
46,43,710,451,26,69,1,1,1
47,43,705,450,26,69,1,1,1
48,43,699,449,26,69,1,1,1
49,43,694,448,26,69,1,1,1
50,43,689,448,26,69,1,1,1
51,43,683,446,26,69,1,1,1
52,43,678,445,26,69,1,1,1
53,43,673,444,26,69,1,1,1
54,43,668,442,26,69,1,1,1
55,43,663,441,26,69,1,1,1
56,43,658,440,26,69,1,1,1
57,43,653,438,26,69,1,1,1
58,43,648,437,26,69,1,1,1
59,43,643,436,26,69,1,1,1
60,43,638,435,26,69,1,1,1
61,43,636,435,26,69,1,1,1
62,43,634,435,26,69,1,1,1
63,43,632,436,26,68,1,1,1
64,43,630,435,26,68,1,1,1
65,43,629,434,26,68,1,1,1
66,43,628,433,26,68,1,1,1
67,43,626,432,26,68,1,1,1
68,43,625,431,26,68,1,1,1
69,43,624,430,26,68,1,1,1
70,43,623,429,26,69,1,1,1
71,43,621,429,26,69,1,1,1
72,43,620,429,26,69,1,1,1
73,43,618,429,26,69,1,1,1
74,43,617,429,26,69,1,1,1
75,43,615,429,26,69,1,1,1
76,43,614,429,26,69,1,1,1
77,43,612,429,26,69,1,1,1
78,43,611,429,26,69,1,1,1
79,43,609,429,26,69,1,1,1
80,43,608,429,26,69,1,1,1
81,43,606,428,26,69,1,1,1
82,43,605,427,26,69,1,1,1
83,43,604,427,26,69,1,1,1
84,43,602,426,26,69,1,1,1
85,43,601,426,26,69,1,1,1
86,43,600,425,26,69,1,1,1
87,43,598,424,26,69,1,1,1
88,43,597,424,26,69,1,1,1
89,43,596,423,26,69,1,1,1
90,43,595,423,26,69,1,1,1
91,43,596,420,26,69,1,1,1
92,43,597,418,26,69,1,1,1
93,43,598,416,26,69,1,1,1
94,43,599,413,26,69,1,1,1
95,43,601,411,26,69,1,1,1
96,43,602,409,26,69,1,1,1
97,43,603,406,26,69,1,1,1
98,43,604,404,26,69,1,1,1
99,43,605,402,26,69,1,1,1
100,43,607,400,26,69,1,1,1
101,43,605,399,26,69,1,1,1
102,43,603,399,26,69,1,1,1
103,43,602,398,26,69,1,1,1
104,43,600,398,26,69,1,1,1
105,43,599,398,26,69,1,1,1
106,43,597,397,26,69,1,1,1
107,43,595,397,26,69,1,1,1
108,43,594,396,26,69,1,1,1
109,43,592,396,26,69,1,1,1
110,43,591,396,26,69,1,1,1
111,43,590,396,26,69,1,1,1
112,43,590,396,26,69,1,1,1
113,43,590,396,25,69,1,1,1
114,43,590,396,25,69,1,1,1
115,43,596,400,25,69,1,1,1
116,43,600,401,25,69,1,1,1
117,43,604,402,26,69,1,1,1
118,43,608,403,26,69,1,1,1
119,43,613,405,26,69,1,1,0.74074
120,43,626,404,26,69,1,1,0.77778
121,43,641,401,26,69,1,1,0.88889
122,43,657,398,26,69,1,1,1
123,43,662,395,26,70,1,1,0.7663
124,43,668,393,26,70,1,1,0.65571
125,43,674,391,26,70,1,1,0.53886
126,43,684,391,26,69,1,1,0.51852
127,43,695,391,26,69,1,1,0.59259
128,43,704,389,26,69,1,1,0.55556
129,43,713,387,26,69,1,1,0.7037
130,43,722,386,26,69,1,1,0.81481
131,43,732,385,26,69,1,1,0.85185
132,43,742,385,26,69,1,1,0.88889
133,43,747,382,26,69,1,1,0.74074
134,43,753,379,26,69,1,1,0.62963
135,43,759,376,26,69,1,1,0.48148
136,43,765,373,26,69,1,1,0.51852
137,43,771,370,26,69,1,1,0.51852
138,43,777,368,26,68,1,1,0.51852
139,43,782,366,26,68,1,1,0.55556
140,43,787,364,26,69,1,1,0.55556
141,43,791,364,26,69,1,1,0.55556
142,43,795,364,26,69,1,1,0.51852
143,43,800,364,25,69,1,1,0.5
144,43,804,364,26,69,1,1,0.51852
145,43,809,365,25,69,1,1,0.5
146,43,813,365,25,69,1,1,0.5
147,43,817,365,26,69,1,1,0.48148
148,43,822,365,25,69,1,1,0.46154
149,43,826,365,25,69,1,1,0.42308
150,43,831,366,25,69,1,1,0.42308
151,43,834,363,25,69,1,1,0.34615
152,43,837,361,25,69,1,1,0.34615
153,43,841,358,25,69,1,1,0.34615
154,43,844,356,25,69,1,1,0.34615
155,43,848,354,25,69,1,1,0.34615
156,43,848,354,25,69,1,1,0.38462
157,43,849,354,25,69,1,1,0.42308
158,43,849,354,26,69,1,1,0.48148
159,43,850,354,26,69,1,1,0.51852
160,43,851,355,26,69,1,1,0.66667
161,43,845,355,26,68,1,1,0.55556
162,43,839,355,26,68,1,1,0.44444
163,43,833,355,26,68,1,1,0.33333
164,43,827,355,26,68,1,1,0.37037
165,43,821,355,26,68,1,1,0.40741
166,43,815,355,27,68,1,1,0.42857
167,43,808,355,27,68,1,1,0.42857
168,43,802,355,26,68,1,1,0.40741
169,43,795,355,26,68,1,1,0.51852
170,43,789,355,26,69,1,1,0.66667
171,43,779,355,26,69,1,1,0.62963
172,43,769,356,26,69,1,1,0.51852
173,43,759,357,27,69,1,1,0.39286
174,43,757,357,26,69,1,1,0.55556
175,43,755,358,26,69,1,1,0.7037
176,43,753,359,25,69,1,1,0.69231
177,43,751,360,25,69,1,1,0.69231
178,43,750,357,25,69,1,1,0.73077
179,43,749,354,25,69,1,1,0.73077
180,43,748,351,26,69,1,1,0.74074
181,43,748,345,25,70,1,1,0.76923
182,43,748,340,25,70,1,1,0.80769
183,43,748,335,25,70,1,1,0.80769
184,43,748,335,25,70,1,1,0.80769
185,43,749,336,25,70,1,1,0.80769
186,43,750,337,25,69,1,1,0.73077
187,43,750,337,26,70,1,1,0.66667
188,43,751,338,26,69,1,1,0.59259
189,43,752,339,26,69,1,1,0.51852
190,43,753,340,26,69,1,1,0.62963
191,43,753,339,26,69,1,1,0.74074
192,43,753,339,26,68,1,1,0.59259
193,43,754,339,26,68,1,1,0.44444
194,43,755,340,26,68,1,1,0.51852
195,43,757,342,26,68,1,1,0.51852
196,43,759,343,26,69,1,1,0.48148
197,43,760,345,26,68,1,1,0.51852
198,43,762,346,26,69,1,1,0.48148
199,43,764,348,26,69,1,1,0.40741
200,43,766,350,26,69,1,1,0.25926
201,43,773,354,26,69,1,1,0.14815
202,43,781,358,25,69,1,1,0.15385
203,43,789,363,25,69,1,1,0.19231
204,43,798,363,25,69,1,1,0.11538
205,43,807,364,25,69,1,1,0
206,43,816,365,26,69,1,1,0
207,43,826,365,25,69,1,1,0
208,43,835,366,26,69,1,1,0
209,43,844,367,26,69,1,1,0
210,43,854,368,26,69,1,1,0
211,43,862,368,26,69,1,1,0.25926
127,44,47,397,22,72,1,1,0
128,44,55,395,22,71,1,1,0
129,44,64,393,21,71,1,1,0
130,44,72,391,22,70,1,1,0
131,44,81,389,21,70,1,1,0
132,44,89,387,22,69,1,1,0
133,44,98,385,21,69,1,1,0.030519
134,44,106,383,21,68,1,1,0.4697
135,44,115,381,21,68,1,1,0.93676
136,44,123,379,21,67,1,1,0.93583
137,44,132,377,21,67,1,1,0.89973
138,44,135,375,21,67,1,1,0.70989
139,44,138,374,21,67,1,1,0.45455
140,44,142,373,21,67,1,1,0.59091
141,44,145,372,21,67,1,1,0.68182
142,44,148,371,21,67,1,1,0.77273
143,44,152,370,21,67,1,1,0.90909
144,44,158,372,21,67,1,1,1
145,44,164,375,21,67,1,1,1
146,44,170,377,21,67,1,1,1
147,44,176,380,21,67,1,1,1
148,44,179,378,21,67,1,1,1
149,44,183,377,21,67,1,1,1
150,44,187,375,21,67,1,1,1
151,44,191,374,21,67,1,1,0.98463
152,44,195,372,21,67,1,1,0.9385
153,44,199,371,21,67,1,1,0.90775
154,44,203,369,21,67,1,1,0.86163
155,44,207,368,21,67,1,1,0.82353
156,44,208,366,21,67,1,1,0.83088
157,44,209,365,21,67,1,1,0.83957
158,44,206,365,21,67,1,1,0.89572
159,44,203,365,21,67,1,1,0.98195
160,44,201,365,21,67,1,1,0.87366
161,44,193,367,21,67,1,1,0.86898
162,44,186,369,21,67,1,1,0.84492
163,44,179,369,21,67,1,1,0.83155
164,44,173,369,21,67,1,1,0.80147
165,44,167,369,21,67,1,1,0.77406
166,44,155,368,21,67,1,1,0.85561
167,44,143,368,21,67,1,1,0.92313
168,44,133,368,22,68,1,1,0.94203
169,44,123,369,23,68,1,1,0.95833
170,44,113,370,24,68,1,1,0.98609
171,44,90,369,25,68,1,1,1
172,44,78,369,26,68,1,1,1
173,44,67,369,27,69,1,1,1
174,44,62,370,22,71,1,1,1
175,44,57,370,22,71,1,1,1
176,44,54,373,22,71,1,1,1
177,44,51,376,22,72,1,1,1
178,44,49,370,22,72,1,1,1
179,44,47,365,22,72,1,1,1
180,44,46,359,22,72,1,1,1
181,44,44,354,22,72,1,1,1
182,44,43,349,22,72,1,1,1
183,44,41,347,22,72,1,1,1
184,44,39,346,22,72,1,1,1
185,44,38,345,22,72,1,1,1
186,44,36,344,22,72,1,1,1
187,44,35,343,22,72,1,1,1
188,44,34,342,22,72,1,1,0.98749
189,44,33,341,22,72,1,1,0.97379
190,44,32,340,22,72,1,1,0.9869
191,44,31,339,22,72,1,1,1
192,44,30,338,23,72,1,1,1
193,44,30,337,23,71,1,1,1
194,44,30,336,24,71,1,1,1
195,44,31,335,24,71,1,1,1
196,44,31,334,25,71,1,1,1
197,44,32,333,25,71,1,1,1
198,44,38,336,25,71,1,1,0.9391
199,44,44,339,25,71,1,1,0.87073
200,44,50,342,25,71,1,1,0.88942
201,44,56,345,25,71,1,1,0.92308
202,44,62,348,25,71,1,1,0.96154
203,44,68,351,25,71,1,1,0.98665
204,44,75,354,24,72,1,1,1
205,44,87,356,25,71,1,1,0.97329
206,44,100,358,25,71,1,1,0.90652
207,44,113,360,25,71,1,1,0.85897
208,44,119,360,25,71,1,1,0.90598
209,44,125,360,25,71,1,1,0.94925
210,44,131,361,25,71,1,1,0.93269
211,44,138,361,25,71,1,1,0.91026
212,44,144,362,25,71,1,1,0.90598
213,44,150,362,25,71,1,1,0.88942
214,44,157,362,25,71,1,1,0.87714
215,44,163,363,25,71,1,1,0.85897
216,44,169,363,25,71,1,1,0.83974
217,44,176,364,25,71,1,1,0.7703
218,44,177,362,25,71,1,1,0.88462
219,44,179,360,25,71,1,1,0.94124
220,44,181,358,25,71,1,1,0.93269
221,44,183,356,25,71,1,1,0.9359
222,44,185,355,25,71,1,1,0.92521
223,44,187,353,25,71,1,1,0.92895
224,44,189,351,25,71,1,1,0.93643
225,44,191,349,25,71,1,1,0.93162
226,44,193,347,25,71,1,1,0.9359
227,44,195,346,25,71,1,1,0.92788
228,44,199,344,25,71,1,1,0.91774
229,44,203,342,25,72,1,1,0.91096
230,44,207,341,25,72,1,1,0.86407
231,44,211,339,25,73,1,1,0.82744
232,44,215,338,25,73,1,1,0.78015
233,44,219,336,25,74,1,1,0.75179
234,44,223,334,25,75,1,1,0.7419
235,44,227,333,25,75,1,1,0.6918
236,44,231,331,25,76,1,1,0.66533
237,44,236,330,24,76,1,1,0.60156
238,44,237,328,24,75,1,1,0.68789
239,44,238,326,25,75,1,1,0.77075
240,44,239,324,26,75,1,1,0.74513
241,44,242,323,26,74,1,1,0.71407
242,44,245,322,27,74,1,1,0.64286
243,44,248,321,28,74,1,1,0.5908
244,44,252,320,28,74,1,1,0.52644
245,44,254,319,27,74,1,1,0.49952
246,44,257,318,25,75,1,1,0.49393
247,44,260,317,24,76,1,1,0.44987
248,44,256,315,25,76,1,1,0.66384
249,44,258,312,26,76,1,1,0.65753
250,44,260,310,27,76,1,1,0.62152
251,44,262,308,28,76,1,1,0.62651
252,44,264,306,29,76,1,1,0.60823
253,44,264,308,30,76,1,1,0.62715
254,44,265,310,30,76,1,1,0.64307
255,44,269,311,28,76,1,1,0.588
256,44,273,313,26,76,1,1,0.53199
257,44,278,315,24,76,1,1,0.40883
258,44,281,313,26,78,1,1,0.36709
259,44,284,311,28,80,1,1,0.33504
260,44,287,309,30,82,1,1,0.2705
261,44,290,307,32,84,1,1,0.23422
262,44,292,304,30,83,1,1,0.25115
263,44,294,302,29,82,1,1,0.26024
264,44,296,300,28,80,1,1,0.27331
265,44,298,298,26,79,1,1,0.28333
266,44,300,296,25,77,1,1,0.29931
267,44,302,294,24,76,1,1,0.30442
268,44,299,294,28,77,1,1,0.39876
269,44,297,295,31,77,1,1,0.49359
270,44,295,296,34,77,1,1,0.30476
271,44,291,297,33,77,1,1,0.2549
272,44,287,298,33,77,1,1,0.19608
273,44,283,299,33,77,1,1,0.13725
274,44,279,301,33,76,1,1,0.097403
275,44,271,300,30,76,1,1,0.15543
276,44,264,300,27,76,1,1,0.17532
277,44,259,300,24,76,1,1,0.17143
278,44,243,298,26,74,1,1,0.54173
279,44,232,296,25,77,1,1,0.75542
280,44,220,296,33,77,1,1,0.67345
281,44,199,298,28,82,1,1,0.99003
282,44,187,296,31,81,1,1,0.992
283,44,176,294,33,81,1,1,1
284,44,170,296,32,81,1,1,0.98448
285,44,156,296,36,81,1,1,0.99308
286,44,148,297,34,81,1,1,1
287,44,140,298,33,81,1,1,1
288,44,141,298,26,84,1,1,0.97734
289,44,134,294,30,84,1,1,0.94156
290,44,128,291,33,84,1,1,0.95433
291,44,126,287,33,85,1,1,0.96409
292,44,124,284,33,86,1,1,0.9645
293,44,122,281,33,86,1,1,0.9716
294,44,120,278,33,87,1,1,0.97193
295,44,118,275,33,88,1,1,0.97918
296,44,116,274,34,88,1,1,0.97047
297,44,114,273,35,88,1,1,0.97004
298,44,113,272,36,88,1,1,0.91679
299,44,107,269,36,91,1,1,0.99207
300,44,101,267,37,93,1,1,0.97564
301,44,96,265,37,96,1,1,0.96636
302,44,90,263,37,95,1,1,0.96711
303,44,85,261,36,95,1,1,0.95918
304,44,80,260,35,94,1,1,0.9576
305,44,75,258,34,94,1,1,0.95789
306,44,70,257,34,93,1,1,0.94043
307,44,59,256,34,93,1,1,0.98298
308,44,48,255,35,94,1,1,1
309,44,41,259,35,94,1,1,1
310,44,34,263,36,94,1,1,1
311,44,27,267,37,94,1,1,1
312,44,21,272,37,93,1,1,1
313,44,20,273,35,94,1,1,1
314,44,19,274,34,95,1,1,1
315,44,21,276,34,95,1,1,1
316,44,23,278,34,95,1,1,1
317,44,25,280,34,95,1,1,1
318,44,27,283,35,94,1,1,1
319,44,28,282,35,95,1,1,1
320,44,29,282,35,96,1,1,1
321,44,30,282,35,96,1,1,1
322,44,31,282,35,97,1,1,1
323,44,33,282,34,98,1,1,1
324,44,34,282,34,98,1,1,1
325,44,35,282,34,99,1,1,1
326,44,36,282,34,99,1,1,1
327,44,37,282,34,100,1,1,1
328,44,39,282,34,101,1,1,1
119,45,-3,414,34,110,1,1,0
120,45,8,412,34,110,1,1,0.45714
121,45,19,411,34,109,1,1,0.28571
122,45,30,410,34,108,1,1,0.11429
123,45,41,409,34,107,1,1,0.28571
124,45,52,408,34,106,1,1,0.45714
125,45,63,406,34,106,1,1,0.62857
126,45,74,405,34,105,1,1,0.77143
127,45,85,404,34,104,1,1,0.91429
128,45,96,403,34,103,1,1,1
129,45,108,402,33,102,1,1,1
130,45,115,399,33,102,1,1,1
131,45,122,396,33,102,1,1,1
132,45,130,393,33,102,1,1,1
133,45,137,391,33,102,1,1,1
134,45,145,388,33,102,1,1,1
135,45,152,385,33,102,1,1,1
136,45,159,383,33,102,1,1,1
137,45,167,380,33,102,1,1,1
138,45,174,377,33,102,1,1,1
139,45,182,375,33,102,1,1,1
140,45,186,375,33,102,1,1,1
141,45,191,376,33,102,1,1,1
142,45,196,376,33,102,1,1,1
143,45,201,377,33,102,1,1,1
144,45,206,378,33,102,1,1,1
145,45,211,378,33,102,1,1,1
146,45,216,379,33,102,1,1,1
147,45,221,379,33,102,1,1,1
148,45,226,380,33,102,1,1,1
149,45,231,381,33,102,1,1,1
150,45,232,379,33,102,1,1,1
151,45,234,378,33,102,1,1,1
152,45,236,376,33,102,1,1,1
153,45,238,375,33,102,1,1,1
154,45,240,374,33,102,1,1,1
155,45,241,372,33,102,1,1,1
156,45,243,371,33,102,1,1,1
157,45,245,369,33,102,1,1,1
158,45,247,368,33,102,1,1,1
159,45,249,367,33,102,1,1,1
160,45,240,367,33,102,1,1,1
161,45,231,367,34,103,1,1,1
162,45,222,367,35,103,1,1,1
163,45,213,367,36,104,1,1,1
164,45,204,367,37,104,1,1,1
165,45,195,367,37,105,1,1,1
166,45,186,367,38,105,1,1,1
167,45,177,367,39,106,1,1,1
168,45,168,367,40,106,1,1,1
169,45,160,367,40,107,1,1,1
170,45,152,367,40,107,1,1,1
171,45,145,368,40,107,1,1,1
172,45,138,368,40,107,1,1,1
173,45,131,369,40,107,1,1,1
174,45,124,369,40,107,1,1,1
175,45,116,370,40,107,1,1,1
176,45,109,370,40,107,1,1,1
177,45,102,371,40,107,1,1,1
178,45,95,371,40,107,1,1,1
179,45,88,372,40,107,1,1,1
180,45,86,368,40,107,1,1,1
181,45,84,364,40,107,1,1,1
182,45,82,360,40,107,1,1,1
183,45,80,356,40,107,1,1,1
184,45,79,352,40,107,1,1,0.49074
185,45,77,350,40,107,1,1,1
186,45,75,349,40,107,1,1,1
187,45,74,348,40,107,1,1,1
188,45,72,347,40,107,1,1,1
189,45,71,346,40,107,1,1,1
190,45,70,345,40,107,1,1,1
191,45,70,345,40,107,1,1,1
192,45,70,345,40,107,1,1,1
193,45,70,344,40,107,1,1,1
194,45,70,344,40,107,1,1,1
195,45,70,344,40,107,1,1,1
196,45,70,343,40,107,1,1,1
197,45,70,343,40,107,1,1,1
198,45,70,343,40,107,1,1,1
199,45,70,343,40,107,1,1,1
200,45,78,345,40,108,1,1,1
201,45,87,347,40,109,1,1,1
202,45,96,349,40,110,1,1,1
203,45,105,352,40,110,1,1,1
204,45,114,354,40,111,1,1,1
205,45,122,356,40,112,1,1,1
206,45,131,359,40,112,1,1,1
207,45,140,361,40,113,1,1,1
208,45,149,363,40,114,1,1,1
209,45,158,366,40,114,1,1,1
210,45,163,365,40,114,1,1,1
211,45,168,365,40,114,1,1,1
212,45,173,364,40,114,1,1,1
213,45,179,364,40,114,1,1,1
214,45,184,363,40,114,1,1,1
215,45,189,363,40,114,1,1,1
216,45,195,362,40,114,1,1,1
217,45,200,362,40,114,1,1,1
218,45,205,361,40,114,1,1,1
219,45,211,361,40,114,1,1,1
220,45,212,360,40,114,1,1,1
221,45,214,359,40,114,1,1,1
222,45,216,358,40,114,1,1,1
223,45,218,358,40,114,1,1,1
224,45,220,357,40,114,1,1,1
225,45,221,356,40,114,1,1,1
226,45,223,356,40,114,1,1,1
227,45,225,355,40,114,1,1,1
228,45,227,354,40,114,1,1,1
229,45,229,354,40,114,1,1,1
230,45,232,351,40,114,1,1,1
231,45,235,349,40,114,1,1,1
232,45,238,347,40,114,1,1,1
233,45,241,345,40,114,1,1,1
234,45,245,343,40,114,1,1,1
235,45,248,340,40,114,1,1,1
236,45,251,338,40,114,1,1,1
237,45,254,336,40,114,1,1,1
238,45,257,334,40,114,1,1,1
239,45,261,332,40,114,1,1,1
240,45,262,330,40,114,1,1,1
241,45,264,329,40,114,1,1,1
242,45,266,327,40,114,1,1,1
243,45,268,326,40,114,1,1,1
244,45,270,325,40,114,1,1,1
245,45,271,323,40,114,1,1,1
246,45,273,322,40,114,1,1,1
247,45,275,320,40,114,1,1,1
248,45,277,319,40,114,1,1,1
249,45,279,318,40,114,1,1,1
250,45,280,318,40,114,1,1,1
251,45,282,318,40,114,1,1,1
252,45,283,318,40,115,1,1,1
253,45,285,318,40,115,1,1,1
254,45,287,318,39,116,1,1,1
255,45,288,318,40,116,1,1,1
256,45,290,318,39,116,1,1,1
257,45,291,318,40,117,1,1,1
258,45,293,318,39,117,1,1,1
259,45,295,318,39,118,1,1,1
260,45,297,315,39,118,1,1,1
261,45,299,313,39,118,1,1,1
262,45,301,310,39,118,1,1,1
263,45,303,308,39,118,1,1,1
264,45,305,306,39,118,1,1,1
265,45,307,303,39,118,1,1,1
266,45,309,301,39,118,1,1,1
267,45,311,298,39,118,1,1,1
268,45,313,296,39,118,1,1,1
269,45,316,294,39,118,1,1,1
270,45,309,294,40,119,1,1,1
271,45,303,295,40,119,1,1,1
272,45,297,296,40,119,1,1,1
273,45,290,297,41,120,1,1,1
274,45,284,298,42,120,1,1,1
275,45,278,298,42,121,1,1,1
276,45,271,299,43,122,1,1,1
277,45,265,300,43,122,1,1,1
278,45,259,301,43,122,1,1,1
279,45,253,302,44,123,1,1,1
280,45,244,301,44,124,1,1,1
281,45,235,301,44,124,1,1,1
282,45,226,301,44,124,1,1,1
283,45,218,300,43,125,1,1,1
284,45,209,300,44,125,1,1,1
285,45,200,300,44,125,1,1,1
286,45,192,299,43,126,1,1,1
287,45,183,299,43,126,1,1,1
288,45,174,299,43,126,1,1,1
289,45,166,299,43,127,1,1,1
290,45,164,296,43,127,1,1,1
291,45,162,293,44,128,1,1,1
292,45,160,290,45,129,1,1,1
293,45,158,288,46,129,1,1,1
294,45,156,285,47,130,1,1,1
295,45,154,282,47,131,1,1,1
296,45,152,280,48,131,1,1,1
297,45,150,277,49,132,1,1,1
298,45,148,274,50,133,1,1,1
299,45,147,272,50,133,1,1,1
300,45,141,271,50,133,1,1,1
301,45,135,270,50,133,1,1,1
302,45,129,269,50,133,1,1,1
303,45,123,268,50,133,1,1,1
304,45,118,267,50,133,1,1,1
305,45,112,266,50,133,1,1,1
306,45,106,265,50,133,1,1,1
307,45,100,264,50,133,1,1,1
308,45,94,263,50,133,1,1,1
309,45,89,262,50,133,1,1,1
310,45,88,264,50,134,1,1,1
311,45,87,266,51,135,1,1,1
312,45,86,268,52,136,1,1,1
313,45,86,270,51,138,1,1,1
314,45,85,272,52,139,1,1,1
315,45,84,274,53,140,1,1,1
316,45,84,276,52,142,1,1,1
317,45,83,278,53,143,1,1,1
318,45,82,280,54,144,1,1,1
319,45,82,283,54,145,1,1,1
320,45,83,283,54,145,1,1,1
321,45,84,283,54,145,1,1,1
322,45,85,283,54,145,1,1,1
323,45,86,283,54,145,1,1,1
324,45,87,284,54,145,1,1,1
325,45,88,284,54,145,1,1,1
326,45,89,284,54,145,1,1,1
327,45,90,284,54,145,1,1,0.89091
328,45,91,284,54,145,1,1,0.76364
81,51,489,447,37,49,0,7,0.13158
82,51,486,444,37,49,0,7,0.15789
83,51,484,442,37,49,0,7,0.18421
84,51,482,440,37,49,0,7,0.23684
85,51,481,439,37,49,0,7,0.36842
86,51,481,439,37,49,0,7,0.5
87,51,481,439,37,49,0,7,0.63158
88,51,480,438,37,49,0,7,0.48526
89,51,480,438,37,49,0,7,0.70947
90,51,480,438,37,49,0,7,1
91,51,480,438,37,49,0,7,1
92,51,480,436,37,49,0,7,1
93,51,481,434,37,49,0,7,1
94,51,482,432,37,49,0,7,1
95,51,483,430,37,49,0,7,1
96,51,484,429,37,49,0,7,1
97,51,485,427,37,49,0,7,1
98,51,486,425,37,49,0,7,0.74211
99,51,487,423,37,49,0,7,0.69684
100,51,488,421,37,49,0,7,0.65368
101,51,489,420,37,49,0,7,0.62895
102,51,487,419,37,49,0,7,0.65368
103,51,486,418,37,49,0,7,0.68526
104,51,485,417,37,49,0,7,0.68526
105,51,483,416,37,49,0,7,0.70947
106,51,482,415,37,49,0,7,0.73368
107,51,481,414,37,49,0,7,0.73368
108,51,479,413,37,49,0,7,0.78684
109,51,478,412,37,49,0,7,0.86105
110,51,477,411,37,49,0,7,0.93368
111,51,476,411,37,49,0,7,1
112,51,477,412,37,49,0,7,1
113,51,478,413,37,50,0,7,1
114,51,480,415,37,50,0,7,1
115,51,485,417,36,49,0,7,1
116,51,491,419,35,49,0,7,0.925
117,51,496,421,35,48,0,7,0.83617
118,51,502,424,34,47,0,7,0.74107
119,51,515,423,34,49,0,7,0.636
120,51,528,423,35,50,0,7,1
121,51,541,423,36,52,0,7,1
122,51,550,420,36,52,0,7,1
123,51,559,418,36,52,0,7,1
124,51,568,416,36,52,0,7,1
125,51,578,414,36,52,0,7,1
126,51,587,412,36,52,0,7,1
127,51,596,410,36,52,0,7,1
128,51,606,408,36,52,0,7,1
129,51,615,406,36,52,0,7,1
130,51,624,404,36,52,0,7,1
131,51,634,402,36,52,0,7,1
132,51,639,399,36,52,0,7,1
133,51,644,397,36,52,0,7,1
134,51,649,395,36,52,0,7,1
135,51,655,392,36,52,0,7,1
136,51,660,390,36,52,0,7,1
137,51,665,388,36,52,0,7,1
138,51,671,385,36,52,0,7,0.85008
139,51,676,383,36,52,0,7,0.83223
140,51,681,381,36,52,0,7,0.83937
141,51,687,379,36,52,0,7,0.80265
142,51,692,380,34,50,0,7,0.83529
143,51,697,381,33,49,0,7,0.85176
144,51,702,382,32,48,0,7,0.84416
145,51,706,383,33,48,0,7,0.84514
146,51,711,384,33,49,0,7,0.81471
147,51,715,385,34,49,0,7,0.816
148,51,720,386,34,50,0,7,0.81176
149,51,726,385,34,50,0,7,0.72549
150,51,732,384,35,51,0,7,1
151,51,738,383,36,52,0,7,1
152,51,741,380,35,50,0,7,0.55556
153,51,744,377,34,49,0,7,0.58857
154,51,748,374,32,48,0,7,0.61039
155,51,747,374,32,48,0,7,0.70068
156,51,746,374,33,49,0,7,0.78353
157,51,745,374,34,49,0,7,0.86571
158,51,745,374,34,50,0,7,0.97255
159,51,744,374,35,50,0,7,0.83987
160,51,743,374,36,51,0,7,1
161,51,743,374,36,52,0,7,1
162,51,740,374,35,52,0,7,1
163,51,737,374,34,52,0,7,1
164,51,735,375,33,52,0,7,1
165,51,725,374,34,52,0,7,1
166,51,716,374,34,51,0,7,0.67692
167,51,707,373,35,52,0,7,0.76887
168,51,698,373,35,51,0,7,0.89957
169,51,689,372,36,52,0,7,0.95207
170,51,680,372,36,51,0,7,1
171,51,671,372,37,51,0,7,1
172,51,666,373,37,52,0,7,1
173,51,661,375,37,52,0,7,1
174,51,657,377,37,52,0,7,1
175,51,655,377,37,52,0,7,1
176,51,654,377,36,52,0,7,1
177,51,652,377,36,52,0,7,1
178,51,651,377,36,53,0,7,1
179,51,649,371,36,53,0,7,0.77928
180,51,648,365,36,54,0,7,0.81916
181,51,647,360,36,54,0,7,0.85209
182,51,647,358,36,54,0,7,0.85209
183,51,648,357,36,54,0,7,0.82703
184,51,649,356,36,54,0,7,0.79656
185,51,650,355,36,54,0,7,0.76904
186,51,651,354,36,54,0,7,0.74054
187,51,652,353,36,54,0,7,0.71106
188,51,653,352,36,54,0,7,1
189,51,651,354,36,54,0,7,1
190,51,650,356,36,54,0,7,1
191,51,649,359,36,54,0,7,1
192,51,651,360,36,54,0,7,1
193,51,653,361,36,54,0,7,1
194,51,656,362,36,54,0,7,1
195,51,658,363,36,54,0,7,1
196,51,661,365,36,54,0,7,1
197,51,663,366,36,54,0,7,1
198,51,665,367,36,54,0,7,1
199,51,668,368,36,54,0,7,1
200,51,670,369,36,54,0,7,1
201,51,673,371,36,54,0,7,1
202,51,683,373,36,54,0,7,1
203,51,693,375,36,54,0,7,1
204,51,703,378,36,54,0,7,1
205,51,713,380,36,54,0,7,0.85553
206,51,723,383,36,54,0,7,0.83145
207,51,733,385,36,54,0,7,0.78771
208,51,743,388,36,54,0,7,0.76413
209,51,749,387,36,54,0,7,0.74054
210,51,755,386,36,54,0,7,0.74595
211,51,761,386,36,54,0,7,0.72285
212,51,767,386,35,54,0,7,0.73889
213,51,773,387,34,54,0,7,0.75065
214,51,779,388,33,53,0,7,0.73856
215,51,786,388,32,54,0,7,0.73003
216,51,792,389,31,53,0,7,0.71644
217,51,798,390,30,53,0,7,1
218,51,805,391,29,53,0,7,1
219,51,805,390,31,53,0,7,1
220,51,805,389,34,54,0,7,1
221,51,806,389,36,54,0,7,0.97297
222,51,809,388,36,54,0,7,0.7715
223,51,812,388,36,54,0,7,0.76364
224,51,815,388,36,54,0,7,0.74005
225,51,819,388,36,54,0,7,0.71302
226,51,822,388,36,54,0,7,0.71302
227,51,825,388,36,54,0,7,0.71302
228,51,829,388,36,54,0,7,0.6914
229,51,832,388,36,54,0,7,0.75676
230,51,835,388,36,54,0,7,0.75676
231,51,839,388,36,54,0,7,0.72973
232,51,843,385,36,54,0,7,0.7027
233,51,847,382,36,54,0,7,0.67568
234,51,851,379,36,54,0,7,0.64865
235,51,855,376,36,54,0,7,0.62162
236,51,859,373,36,54,0,7,0.7027
237,51,863,370,36,54,0,7,0.81081
238,51,867,367,36,54,0,7,0.91892
239,51,871,364,36,54,0,7,0.81081
240,51,875,361,36,54,0,7,0.7027
241,51,879,359,36,54,0,7,0.59459
242,51,881,358,36,54,0,7,0.54054
243,51,883,357,36,54,0,7,0.51351
244,51,885,356,36,54,0,7,0.56757
245,51,888,355,36,54,0,7,0.59459
246,51,890,355,36,54,0,7,0.64865
247,51,892,354,36,54,0,7,0.7027
248,51,895,353,36,54,0,7,0.75676
249,51,897,352,36,54,0,7,0.7027
250,51,899,351,36,54,0,7,0.64865
251,51,902,351,36,54,0,7,0.59459
252,51,905,350,36,54,0,7,0.59459
253,51,908,349,36,54,0,7,0.59459
254,51,911,348,36,54,0,7,0.59459
255,51,915,347,36,54,0,7,0.56757
256,51,918,346,36,54,0,7,0.56757
257,51,921,345,36,54,0,7,0.56757
258,51,925,344,36,54,0,7,0.54054
259,51,928,343,36,54,0,7,0.54054
260,51,931,342,36,54,0,7,0.54054
261,51,935,342,36,54,0,7,0.51351
262,51,936,341,36,54,0,7,0.56757
263,51,938,340,36,54,0,7,0.51351
264,51,939,339,36,54,0,7,0.45946
265,51,941,338,36,54,0,7,0.37838
266,51,942,337,36,54,0,7,0.32432
267,51,944,336,36,54,0,7,0.21622
268,51,945,335,36,54,0,7,0.16216
269,51,947,334,36,54,0,7,0.081081
270,51,948,333,36,54,0,7,0.027027
271,51,950,332,36,54,0,7,0
272,51,943,331,36,54,0,7,0
273,51,936,330,36,54,0,7,0
274,51,929,330,36,54,0,7,0
275,51,922,329,36,54,0,7,0
276,51,916,329,36,54,0,7,0
277,51,909,328,36,54,0,7,0.081081
278,51,902,327,36,54,0,7,0.13514
279,51,895,327,36,54,0,7,0.027027
280,51,888,326,36,54,0,7,0
281,51,882,326,36,54,0,7,0
282,51,879,324,36,54,0,7,0
283,51,876,323,36,54,0,7,0
284,51,873,322,36,54,0,7,0
285,51,870,321,36,54,0,7,0
286,51,867,320,36,54,0,7,0
287,51,864,318,36,54,0,7,0
288,51,861,317,36,54,0,7,0
289,51,858,316,36,54,0,7,0
290,51,855,315,36,54,0,7,0
291,51,853,314,36,54,0,7,0.081081
292,51,853,310,36,54,0,7,0.13514
293,51,853,307,36,53,0,7,0.10811
294,51,853,303,36,54,0,7,0.027027
295,51,853,300,37,53,0,7,0
296,51,853,296,37,54,0,7,0
297,51,853,293,37,53,0,7,0
298,51,853,290,38,53,0,7,0
299,51,853,291,38,53,0,7,0
300,51,853,292,38,53,0,7,0
301,51,853,294,39,53,0,7,0
302,51,849,292,39,53,0,7,0
303,51,846,291,39,53,0,7,0
304,51,843,290,39,53,0,7,0
305,51,840,289,39,53,0,7,0
306,51,837,288,39,53,0,7,0
307,51,834,287,39,53,0,7,0
308,51,831,286,39,53,0,7,0
309,51,830,288,39,53,0,7,0
310,51,830,290,39,53,0,7,0
311,51,829,292,39,53,0,7,0
312,51,829,295,39,53,0,7,0
313,51,829,297,39,53,0,7,0
314,51,828,299,39,53,0,7,0
315,51,828,302,39,53,0,7,0
316,51,827,304,39,53,0,7,0
317,51,827,306,39,53,0,7,0
318,51,827,309,39,53,0,7,0
319,51,829,308,39,53,0,7,0
320,51,832,308,39,53,0,7,0
321,51,835,308,39,53,0,7,0
322,51,838,308,39,53,0,7,0
323,51,841,308,39,53,0,7,0
324,51,844,308,39,53,0,7,0
325,51,847,307,39,53,0,7,0.05
326,51,850,307,39,53,0,7,0.125
327,51,853,307,39,53,0,7,0.175
328,51,856,307,39,53,0,7,0.15
88,52,506,444,31,46,0,7,0.40625
89,52,506,442,31,46,0,7,0.40625
90,52,507,440,31,46,0,7,0.03125
91,52,508,438,31,47,0,7,0.125
92,52,509,436,30,47,0,7,0.25806
93,52,510,435,30,47,0,7,0.35484
94,52,510,433,31,47,0,7,0.4375
95,52,511,431,30,47,0,7,0.54839
96,52,512,429,30,48,0,7,0.58065
97,52,513,427,30,48,0,7,0.64516
98,52,514,426,30,48,0,7,0.67742
99,52,513,425,30,48,0,7,1
100,52,512,424,30,48,0,7,1
101,52,512,423,30,48,0,7,1
102,52,511,422,30,48,0,7,1
103,52,511,422,30,48,0,7,1
104,52,510,421,30,48,0,7,1
105,52,509,420,30,48,0,7,1
106,52,509,419,30,48,0,7,1
107,52,508,418,30,48,0,7,1
108,52,508,418,30,48,0,7,1
109,52,510,418,30,48,0,7,1
110,52,512,419,30,48,0,7,1
111,52,514,420,30,48,0,7,1
112,52,516,421,30,48,0,7,1
113,52,518,422,30,48,0,7,1
114,52,520,422,30,48,0,7,1
115,52,522,423,30,48,0,7,1
116,52,524,424,30,48,0,7,1
117,52,526,425,30,48,0,7,1
118,52,528,426,30,48,0,7,1
119,52,537,424,30,48,0,7,0.58065
120,52,547,422,30,48,0,7,0.4628
121,52,557,420,30,48,0,7,0.36406
122,52,567,419,30,48,0,7,0.36801
123,52,577,417,30,48,0,7,0.39961
124,52,586,415,30,48,0,7,0.39961
125,52,596,414,30,48,0,7,0.3871
126,52,606,412,30,48,0,7,0.41935
127,52,616,410,30,48,0,7,0.45161
128,52,626,409,30,48,0,7,0.45161
129,52,633,407,30,48,0,7,0.3871
130,52,641,405,30,48,0,7,0.35484
131,52,648,403,30,48,0,7,0.25806
132,52,656,401,30,48,0,7,0.35484
133,52,664,399,30,48,0,7,0.45161
134,52,671,397,30,48,0,7,0.51613
135,52,679,395,30,48,0,7,0.58065
136,52,686,393,30,48,0,7,0.64516
137,52,694,391,30,48,0,7,0.74194
138,52,702,389,30,48,0,7,0.80645
139,52,706,389,30,48,0,7,1
140,52,711,389,30,48,0,7,1
141,52,715,389,30,48,0,7,1
142,52,720,389,30,48,0,7,1
143,52,725,389,30,48,0,7,1
144,52,729,389,30,48,0,7,1
145,52,734,389,30,48,0,7,1
146,52,738,389,30,48,0,7,1
147,52,743,389,30,48,0,7,1
148,52,748,389,30,48,0,7,1
149,52,751,387,30,48,0,7,0.67742
150,52,754,386,30,48,0,7,0.54839
151,52,757,385,30,48,0,7,0.41935
152,52,760,383,30,48,0,7,1
153,52,763,382,30,48,0,7,1
154,52,766,381,30,48,0,7,1
155,52,769,379,30,48,0,7,1
156,52,772,378,30,48,0,7,1
157,52,775,377,30,48,0,7,1
158,52,779,376,30,48,0,7,0.96774
159,52,774,376,30,48,0,7,0.80645
160,52,769,376,30,48,0,7,0.64516
161,52,764,376,30,48,0,7,0.48387
162,52,759,376,30,48,0,7,0.45161
163,52,754,377,30,48,0,7,0.41935
164,52,749,377,30,48,0,7,0.35484
165,52,744,377,30,48,0,7,0.48387
166,52,739,377,30,48,0,7,0.6129
167,52,734,377,30,48,0,7,0.70968
168,52,730,378,30,48,0,7,1
169,52,724,378,30,48,0,7,1
170,52,719,378,30,48,0,7,1
171,52,714,378,30,48,0,7,1
172,52,708,378,30,48,0,7,1
173,52,703,378,30,48,0,7,0.96774
174,52,698,378,30,48,0,7,0.90323
175,52,692,378,30,48,0,7,0.87097
176,52,687,378,30,48,0,7,0.87097
177,52,682,378,30,48,0,7,0.77419
178,52,677,379,30,48,0,7,0.64516
179,52,677,376,30,48,0,7,0.70968
180,52,677,374,30,48,0,7,1
181,52,677,372,30,48,0,7,1
182,52,677,370,30,48,0,7,1
183,52,677,368,30,48,0,7,1
184,52,677,365,30,48,0,7,1
185,52,677,363,30,48,0,7,1
186,52,677,361,30,48,0,7,1
187,52,677,359,30,48,0,7,0.6129
188,52,677,357,30,48,0,7,0.58065
189,52,677,357,30,48,0,7,0.58065
190,52,678,358,30,48,0,7,0.54839
191,52,679,359,30,48,0,7,0.54839
192,52,680,360,30,48,0,7,0.48387
193,52,681,361,30,48,0,7,0.45161
194,52,682,362,30,48,0,7,0.3871
195,52,683,363,30,48,0,7,0.35484
196,52,684,364,30,48,0,7,0.3318
197,52,685,365,30,48,0,7,0.33246
198,52,686,366,30,48,0,7,0.36537
199,52,694,368,30,48,0,7,0.41935
200,52,702,371,30,48,0,7,0.51613
201,52,711,374,30,48,0,7,0.58065
202,52,719,377,30,48,0,7,0.45161
203,52,728,380,30,48,0,7,0.32258
204,52,736,383,30,48,0,7,0.29032
205,52,744,386,30,48,0,7,0.29032
206,52,753,389,30,48,0,7,0.25806
207,52,761,392,30,48,0,7,0.54839
208,52,770,395,30,48,0,7,0.58065
209,52,775,394,30,48,0,7,0.51613
210,52,781,394,30,48,0,7,0.41935
211,52,786,394,30,48,0,7,0.3871
212,52,792,394,30,48,0,7,0.3871
213,52,798,394,30,48,0,7,0.41935
214,52,803,394,30,48,0,7,0.45161
215,52,809,394,30,48,0,7,0.16129
216,52,814,394,30,48,0,7,0.19355
217,52,820,394,30,48,0,7,0.22581
218,52,826,394,30,48,0,7,0.22581
219,52,828,394,30,48,0,7,0.16129
220,52,831,394,30,48,0,7,0.064516
221,52,834,394,30,48,0,7,0
222,52,837,394,30,48,0,7,0
223,52,840,395,30,48,0,7,0.064516
224,52,842,395,30,48,0,7,0.096774
225,52,845,395,30,48,0,7,0.096774
226,52,848,395,30,48,0,7,0.096774
227,52,851,395,30,48,0,7,0.096774
228,52,854,396,30,48,0,7,0.12903
229,52,858,392,31,49,0,7,0
230,52,863,389,31,49,0,7,0
231,52,868,386,31,50,0,7,0
232,52,872,383,32,50,0,7,0
233,52,877,380,32,51,0,7,0
234,52,882,377,32,51,0,7,0
235,52,886,374,33,51,0,7,0
236,52,891,371,33,52,0,7,0
237,52,896,368,33,52,0,7,0
238,52,901,365,33,53,0,7,0
239,52,903,364,33,53,0,7,0
240,52,906,364,33,53,0,7,0
241,52,908,364,33,53,0,7,0
242,52,911,363,33,53,0,7,0
243,52,914,363,33,53,0,7,0
244,52,916,363,33,53,0,7,0
245,52,919,362,33,53,0,7,0
246,52,921,362,33,53,0,7,0
247,52,924,362,33,53,0,7,0
248,52,927,362,33,53,0,7,0
249,52,930,360,33,53,0,7,0
250,52,933,359,33,53,0,7,0
251,52,936,357,33,53,0,7,0
252,52,940,356,33,53,0,7,0
253,52,943,355,33,53,0,7,0
254,52,946,353,33,53,0,7,0
255,52,950,352,33,53,0,7,0
256,52,953,350,33,53,0,7,0
257,52,956,349,33,53,0,7,0
258,52,960,348,33,53,0,7,0
259,52,962,347,33,53,0,7,0
260,52,964,346,33,53,0,7,0
261,52,966,345,33,53,0,7,0
262,52,968,344,33,53,0,7,0
263,52,970,343,33,53,0,7,0
264,52,972,342,33,53,0,7,0
265,52,974,341,33,53,0,7,0
266,52,976,340,33,53,0,7,0
267,52,978,339,33,53,0,7,0
268,52,981,338,33,53,0,7,0
269,52,978,337,33,53,0,7,0
270,52,975,337,33,53,0,7,0
271,52,972,336,33,53,0,7,0
272,52,969,336,33,53,0,7,0
273,52,967,335,33,53,0,7,0
274,52,964,335,33,53,0,7,0
275,52,961,334,33,53,0,7,0
276,52,958,334,33,53,0,7,0
277,52,955,333,33,53,0,7,0
278,52,953,333,33,53,0,7,0
279,52,947,331,33,53,0,7,0
280,52,942,330,33,53,0,7,0
281,52,936,329,33,53,0,7,0
282,52,931,328,33,53,0,7,0
283,52,925,327,33,53,0,7,0
284,52,920,325,33,53,0,7,0
285,52,914,324,33,53,0,7,0
286,52,909,323,33,53,0,7,0
287,52,903,322,33,53,0,7,0
288,52,898,321,33,53,0,7,0
289,52,897,318,33,53,0,7,0
290,52,896,315,33,53,0,7,0
291,52,895,312,33,53,0,7,0
292,52,894,309,33,53,0,7,0
293,52,894,306,33,53,0,7,0
294,52,893,303,33,53,0,7,0
295,52,892,300,33,53,0,7,0
296,52,891,297,33,53,0,7,0
297,52,890,294,33,53,0,7,0
298,52,890,291,33,53,0,7,0
299,52,887,290,33,53,0,7,0
300,52,885,290,33,53,0,7,0
301,52,883,289,33,53,0,7,0
302,52,880,289,33,53,0,7,0
303,52,878,288,33,53,0,7,0
304,52,876,288,33,53,0,7,0
305,52,873,287,33,53,0,7,0
306,52,871,287,33,53,0,7,0
307,52,869,286,33,53,0,7,0
308,52,867,286,33,53,0,7,0
309,52,867,288,33,53,0,7,0
310,52,867,291,33,53,0,7,0.11765
311,52,867,293,33,54,0,7,0.26471
312,52,867,296,33,53,0,7,0.20588
313,52,867,298,34,54,0,7,0.14286
314,52,867,301,34,54,0,7,0.14286
315,52,867,303,34,54,0,7,0.14286
316,52,867,306,34,54,0,7,0.14286
317,52,867,308,34,55,0,7,0.14286
318,52,867,311,35,55,0,7,0
319,52,869,310,35,55,0,7,0
320,52,872,309,35,56,0,7,0.13889
321,52,875,309,35,56,0,7,0.25
322,52,878,308,34,56,0,7,0.25714
323,52,881,308,34,56,0,7,0.25714
324,52,883,307,35,57,0,7,0.25
325,52,886,306,34,57,0,7,0.22857
326,52,889,306,34,57,0,7,0.25714
327,52,892,305,34,58,0,7,0.25714
328,52,895,305,34,58,0,7,0.22857
119,53,-9,455,78,55,0,10,0.43038
120,53,0,453,80,55,0,10,0.46914
121,53,10,452,81,55,0,10,0.46341
122,53,20,451,83,55,0,10,0.46429
123,53,29,450,85,55,0,10,0.45349
124,53,39,449,87,55,0,10,0.45455
125,53,49,448,88,54,0,10,0.44944
126,53,58,447,90,54,0,10,0.43956
127,53,68,446,92,54,0,10,0.44086
128,53,78,445,93,54,0,10,0.44681
129,53,88,444,95,54,0,10,0.5
130,53,95,441,95,54,0,10,0.51042
131,53,103,438,95,54,0,10,0.52083
132,53,110,435,95,54,0,10,0.52083
133,53,118,432,95,54,0,10,0.63542
134,53,126,429,95,54,0,10,0.64583
135,53,133,426,95,54,0,10,0.64583
136,53,141,423,95,54,0,10,0.64583
137,53,148,420,95,54,0,10,0.64583
138,53,156,417,95,54,0,10,0.64583
139,53,164,415,95,54,0,10,0.64583
140,53,168,415,95,54,0,10,0.64583
141,53,173,416,95,54,0,10,0.64583
142,53,177,417,95,54,0,10,0.64583
143,53,182,418,95,54,0,10,0.64583
144,53,186,419,95,54,0,10,0.64583
145,53,191,419,95,54,0,10,0.64583
146,53,195,420,95,54,0,10,0.64583
147,53,200,421,95,54,0,10,0.64583
148,53,204,422,95,54,0,10,0.64583
149,53,209,423,95,54,0,10,0.64583
150,53,210,421,95,54,0,10,0.64583
151,53,212,419,95,54,0,10,0.64583
152,53,213,417,95,54,0,10,0.64583
153,53,215,416,95,54,0,10,0.64583
154,53,216,414,95,54,0,10,0.64583
155,53,218,412,95,54,0,10,0.64583
156,53,219,411,95,54,0,10,0.64583
157,53,221,409,95,54,0,10,0.64583
158,53,222,407,95,54,0,10,0.64583
159,53,224,406,95,54,0,10,0.64583
160,53,216,406,95,54,0,10,0.64583
161,53,208,407,95,54,0,10,0.63542
162,53,200,408,95,54,0,10,0.625
163,53,192,409,95,54,0,10,0.61458
164,53,184,410,95,54,0,10,0.60417
165,53,176,411,95,54,0,10,0.60417
166,53,168,412,95,54,0,10,0.59375
167,53,160,413,95,54,0,10,0.58333
168,53,152,414,95,54,0,10,0.57292
169,53,144,415,95,54,0,10,0.57292
170,53,137,415,95,54,0,10,0.57292
171,53,130,415,95,54,0,10,0.57292
172,53,123,416,95,54,0,10,0.57292
173,53,116,416,95,54,0,10,0.57292
174,53,109,417,95,54,0,10,0.57292
175,53,102,417,95,54,0,10,0.57292
176,53,95,417,95,54,0,10,0.57292
177,53,88,418,95,54,0,10,0.57292
178,53,81,418,95,54,0,10,0.57292
179,53,75,419,95,54,0,10,0.57292
180,53,72,416,95,54,0,10,0.57292
181,53,70,413,95,54,0,10,0.57292
182,53,68,410,95,54,0,10,0.57292
183,53,66,408,95,54,0,10,0.57292
184,53,64,405,95,54,0,10,0.57292
185,53,62,402,95,54,0,10,0.57292
186,53,60,400,95,54,0,10,0.57292
187,53,58,397,95,54,0,10,0.57292
188,53,56,394,95,54,0,10,0.57292
189,53,54,392,95,54,0,10,0.57292
190,53,54,391,96,54,0,10,0.57732
191,53,55,391,96,54,0,10,0.57732
192,53,55,391,97,53,0,10,0.58163
193,53,56,390,97,54,0,10,0.58163
194,53,56,390,99,54,0,10,0.59
195,53,57,390,99,53,0,10,0.59
196,53,57,389,100,54,0,10,0.59406
197,53,58,389,100,53,0,10,0.59406
198,53,58,389,101,53,0,10,0.59804
199,53,59,389,102,53,0,10,0.60194
200,53,67,391,102,54,0,10,0.60194
201,53,76,393,102,55,0,10,0.60194
202,53,85,396,101,55,0,10,0.59804
203,53,93,398,102,56,0,10,0.60194
204,53,102,401,102,57,0,10,0.60194
205,53,111,403,101,58,0,10,0.59804
206,53,119,405,102,59,0,10,0.60194
207,53,128,408,101,59,0,10,0.59804
208,53,137,410,101,60,0,10,0.59804
209,53,146,413,101,61,0,10,0.59804
210,53,151,412,101,61,0,10,0.59804
211,53,156,412,101,61,0,10,0.59804
212,53,162,412,101,61,0,10,0.59804
213,53,167,411,101,61,0,10,0.59804
214,53,173,411,101,61,0,10,0.59804
215,53,178,411,101,61,0,10,0.59804
216,53,183,410,101,61,0,10,0.59804
217,53,189,410,101,61,0,10,0.59804
218,53,194,410,101,61,0,10,0.59804
219,53,200,410,101,61,0,10,0.59804
220,53,201,409,101,61,0,10,0.59804
221,53,203,408,101,61,0,10,0.59804
222,53,204,407,101,61,0,10,0.59804
223,53,206,406,101,61,0,10,0.59804
224,53,208,406,101,61,0,10,0.59804
225,53,209,405,101,61,0,10,0.59804
226,53,211,404,101,61,0,10,0.59804
227,53,212,403,101,61,0,10,0.59804
228,53,214,402,101,61,0,10,0.59804
229,53,216,402,101,61,0,10,0.59804
230,53,219,399,101,61,0,10,0.59804
231,53,223,396,101,61,0,10,0.59804
232,53,226,393,101,61,0,10,0.59804
233,53,230,391,101,61,0,10,0.59804
234,53,234,388,101,61,0,10,0.59804
235,53,237,385,101,61,0,10,0.59804
236,53,241,383,101,61,0,10,0.59804
237,53,244,380,101,61,0,10,0.59804
238,53,248,377,101,61,0,10,0.59804
239,53,252,375,101,61,0,10,0.59804
240,53,253,373,101,61,0,10,0.59804
241,53,255,372,101,61,0,10,0.59804
242,53,256,371,101,61,0,10,0.59804
243,53,258,370,101,61,0,10,0.59804
244,53,260,369,101,61,0,10,0.59804
245,53,261,367,101,61,0,10,0.59804
246,53,263,366,101,61,0,10,0.59804
247,53,264,365,101,61,0,10,0.59804
248,53,266,364,101,61,0,10,0.59804
249,53,268,363,101,61,0,10,0.59804
250,53,269,363,102,61,0,10,0.60194
251,53,271,364,102,61,0,10,0.60194
252,53,273,364,102,61,0,10,0.60194
253,53,274,365,103,61,0,10,0.60577
254,53,276,366,103,60,0,10,0.61538
255,53,278,366,103,61,0,10,0.60577
256,53,279,367,104,60,0,10,0.61905
257,53,281,367,104,61,0,10,0.60952
258,53,283,368,104,60,0,10,0.61905
259,53,285,369,105,60,0,10,0.62264
260,53,287,366,105,60,0,10,0.62264
261,53,289,364,105,60,0,10,0.62264
262,53,291,362,105,60,0,10,0.62264
263,53,293,360,105,60,0,10,0.62264
264,53,295,358,105,60,0,10,0.62264
265,53,297,356,105,60,0,10,0.62264
266,53,299,354,105,60,0,10,0.62264
267,53,301,352,105,60,0,10,0.62264
268,53,303,350,105,60,0,10,0.62264
269,53,306,348,105,60,0,10,0.62264
270,53,299,348,106,60,0,10,0.61682
271,53,293,349,106,60,0,10,0.61682
272,53,287,350,106,60,0,10,0.61682
273,53,281,351,107,60,0,10,0.61111
274,53,275,352,107,60,0,10,0.60185
275,53,269,353,107,59,0,10,0.60185
276,53,263,354,108,59,0,10,0.59633
277,53,257,355,108,59,0,10,0.59633
278,53,251,356,108,59,0,10,0.59633
279,53,245,357,109,59,0,10,0.59091
280,53,236,357,110,58,0,10,0.59459
281,53,227,357,112,58,0,10,0.60177
282,53,218,357,113,58,0,10,0.60526
283,53,210,357,114,58,0,10,0.61739
284,53,201,357,116,58,0,10,0.61538
285,53,192,357,117,58,0,10,0.61864
286,53,184,357,118,58,0,10,0.63025
287,53,175,357,119,58,0,10,0.63333
288,53,166,357,121,58,0,10,0.63934
289,53,158,357,122,58,0,10,0.64228
290,53,156,354,122,58,0,10,0.64228
291,53,155,352,122,58,0,10,0.63415
292,53,153,350,122,58,0,10,0.62602
293,53,152,347,122,58,0,10,0.61789
294,53,150,345,122,58,0,10,0.60976
295,53,149,343,122,58,0,10,0.60976
296,53,147,340,122,58,0,10,0.60163
297,53,146,338,122,58,0,10,0.5935
298,53,144,336,122,58,0,10,0.58537
299,53,143,334,122,58,0,10,0.58537
300,53,136,332,123,59,0,10,0.58871
301,53,130,331,124,60,0,10,0.592
302,53,124,329,125,62,0,10,0.59524
303,53,117,328,127,62,0,10,0.60156
304,53,111,326,128,64,0,10,0.60465
305,53,105,325,128,65,0,10,0.60465
306,53,98,323,130,66,0,10,0.61069
307,53,92,322,131,67,0,10,0.61364
308,53,86,320,132,69,0,10,0.61654
309,53,80,319,133,70,0,10,0.6194
310,53,79,322,133,70,0,10,0.6194
311,53,79,325,133,70,0,10,0.58955
312,53,78,328,133,70,0,10,0.52239
313,53,78,331,133,70,0,10,0.5
314,53,78,334,133,70,0,10,0.47015
315,53,77,337,133,70,0,10,0.44776
316,53,77,340,133,70,0,10,0.43284
317,53,76,343,133,70,0,10,0.41045
318,53,76,346,133,70,0,10,0.37313
319,53,76,349,133,70,0,10,0.35075
320,53,77,348,133,70,0,10,0.3209
321,53,78,348,133,70,0,10,0.29104
322,53,79,348,133,70,0,10,0.26119
323,53,80,348,133,70,0,10,0.20896
324,53,82,348,133,70,0,10,0.14925
325,53,83,347,133,70,0,10,0.097015
326,53,84,347,133,70,0,10,0.044776
327,53,85,347,133,70,0,10,0.037313
328,53,86,347,133,70,0,10,0.037313
124,54,56,417,23,64,1,1,0
125,54,65,415,23,64,1,1,0
126,54,75,413,23,64,1,1,0
127,54,85,411,23,64,1,1,0
128,54,94,409,23,64,1,1,0.023077
129,54,104,407,23,64,1,1,0.094872
130,54,114,405,23,64,1,1,0.023077
131,54,123,403,23,64,1,1,0
132,54,133,401,23,64,1,1,0
133,54,143,399,23,64,1,1,0
134,54,153,397,23,64,1,1,0
135,54,158,394,23,64,1,1,0
136,54,163,392,23,64,1,1,0
137,54,168,390,23,64,1,1,0
138,54,173,388,23,64,1,1,0.01859
139,54,179,386,23,64,1,1,0.055769
140,54,184,383,23,64,1,1,0.041026
141,54,189,381,23,64,1,1,0.044872
142,54,194,379,23,64,1,1,0.048718
143,54,199,377,23,64,1,1,0.052564
144,54,205,375,23,64,1,1,0.072436
145,54,210,374,23,64,1,1,0.087821
146,54,215,374,23,64,1,1,0.10321
147,54,220,374,23,64,1,1,0.10385
148,54,225,374,23,64,1,1,0.11923
149,54,230,374,23,64,1,1,0.13462
150,54,235,374,23,64,1,1,0.076923
151,54,240,374,23,64,1,1,0.061538
152,54,245,374,23,64,1,1,0.030769
153,54,250,374,23,64,1,1,0.050641
154,54,255,374,23,64,1,1,0.11218
155,54,252,374,23,64,1,1,0.0096154
156,54,250,374,23,64,1,1,0
157,54,247,374,23,64,1,1,0
158,54,245,374,23,64,1,1,0.042308
159,54,242,374,23,64,1,1,0.14359
160,54,240,374,23,64,1,1,0
161,54,237,374,23,64,1,1,0
162,54,235,374,23,64,1,1,0.0096154
163,54,232,374,23,64,1,1,0.13462
164,54,230,374,23,64,1,1,0.27692
165,54,219,374,23,64,1,1,0.23718
166,54,209,375,23,64,1,1,0.18974
167,54,198,375,23,64,1,1,0.12179
168,54,188,376,23,64,1,1,0.073077
169,54,177,376,23,64,1,1,0
170,54,167,377,23,64,1,1,0
171,54,156,377,23,64,1,1,0
172,54,146,378,23,64,1,1,0
173,54,135,378,23,64,1,1,0
174,54,125,379,23,64,1,1,0
175,54,122,376,24,64,1,1,0
176,54,120,373,24,65,1,1,0
177,54,117,370,25,66,1,1,0.014925
178,54,115,368,25,66,1,1,0.14064
179,54,112,365,26,67,1,1,0.29847
180,54,110,362,26,67,1,1,0.28922
181,54,107,360,27,67,1,1,0.24055
182,54,105,357,27,68,1,1,0.22981
183,54,102,354,28,69,1,1,0.19852
184,54,100,352,28,69,1,1,0.15123
185,54,99,350,28,69,1,1,0.17488
186,54,98,349,28,69,1,1,0.2133
187,54,97,348,28,69,1,1,0.22118
188,54,97,347,28,69,1,1,0.25961
189,54,96,346,28,69,1,1,0.26798
190,54,95,344,28,69,1,1,0.29507
191,54,95,343,28,69,1,1,0.30887
192,54,94,342,28,69,1,1,0.31478
193,54,93,341,28,69,1,1,0.29212
194,54,93,340,28,69,1,1,0.3064
195,54,97,342,28,69,1,1,0.36847
196,54,102,345,28,69,1,1,0.4335
197,54,106,347,28,69,1,1,0.49655
198,54,111,350,28,69,1,1,0.55714
199,54,116,353,28,69,1,1,0.51429
200,54,120,355,28,69,1,1,0.51429
201,54,125,358,28,69,1,1,0.44828
202,54,129,360,28,69,1,1,0.37241
203,54,134,363,28,69,1,1,0.2931
204,54,139,366,28,69,1,1,0.22414
205,54,146,366,28,69,1,1,0.21872
206,54,154,366,28,69,1,1,0.21133
207,54,162,366,28,69,1,1,0.2069
208,54,170,366,28,69,1,1,0.19507
209,54,178,366,28,69,1,1,0.18522
210,54,185,366,28,69,1,1,0.2266
211,54,193,366,28,69,1,1,0.29458
212,54,201,366,28,69,1,1,0.36256
213,54,209,366,28,69,1,1,0.39901
214,54,217,367,28,69,1,1,0.45517
215,54,220,366,28,69,1,1,0.42118
216,54,223,365,28,69,1,1,0.35468
217,54,226,364,28,69,1,1,0.31724
218,54,230,363,28,69,1,1,0.30099
219,54,233,362,28,69,1,1,0.23645
220,54,236,361,28,69,1,1,0.28374
221,54,240,360,28,69,1,1,0.33103
222,54,243,359,28,69,1,1,0.35468
223,54,246,358,28,69,1,1,0.37833
224,54,250,358,28,69,1,1,0.42562
225,54,252,357,28,69,1,1,0.44926
226,54,255,356,28,69,1,1,0.47291
227,54,258,355,28,69,1,1,0.49655
228,54,261,354,28,69,1,1,0.5202
229,54,264,353,28,69,1,1,0.55813
230,54,267,352,28,69,1,1,0.53251
231,54,270,351,28,69,1,1,0.50985
232,54,273,350,28,69,1,1,0.48719
233,54,276,349,28,69,1,1,0.47586
234,54,279,349,28,69,1,1,0.42266
235,54,281,346,28,69,1,1,0.40345
236,54,284,344,28,69,1,1,0.40345
237,54,287,342,28,69,1,1,0.3931
238,54,289,340,28,69,1,1,0.36453
239,54,292,338,28,69,1,1,0.34631
240,54,295,335,28,69,1,1,0.3931
241,54,297,333,28,69,1,1,0.40345
242,54,300,331,28,69,1,1,0.4335
243,54,303,329,28,69,1,1,0.46453
244,54,306,327,28,69,1,1,0.49655
245,54,306,325,28,70,1,1,0.46916
246,54,306,324,29,71,1,1,0.42778
247,54,306,323,29,71,1,1,0.38889
248,54,306,322,30,72,1,1,0.35263
249,54,306,321,30,73,1,1,0.31125
250,54,306,319,31,74,1,1,0.31167
251,54,306,318,31,75,1,1,0.28372
252,54,306,317,32,75,1,1,0.28828
253,54,306,316,32,76,1,1,0.26643
254,54,306,315,33,77,1,1,0.27376
255,54,308,314,33,77,1,1,0.28658
256,54,311,313,33,77,1,1,0.34125
257,54,313,312,33,77,1,1,0.35407
258,54,316,311,33,77,1,1,0.41026
259,54,319,310,33,77,1,1,0.44872
260,54,321,309,33,77,1,1,0.42308
261,54,324,308,33,77,1,1,0.42949
262,54,326,307,33,77,1,1,0.41101
263,54,329,306,33,77,1,1,0.4178
264,54,332,306,33,77,1,1,0.41176
265,54,330,306,33,77,1,1,0.32051
266,54,329,306,33,77,1,1,0.25339
267,54,327,306,33,77,1,1,0.17345
268,54,326,306,33,77,1,1,0.11614
269,54,324,306,33,77,1,1,0.031674
270,54,323,306,33,77,1,1,0.11086
271,54,321,306,33,77,1,1,0.17836
272,54,320,306,33,77,1,1,0.26546
273,54,318,306,33,77,1,1,0.29713
274,54,317,307,33,77,1,1,0.31976
275,54,306,306,33,77,1,1,0.3141
276,54,296,306,33,77,1,1,0.27149
277,54,286,306,33,77,1,1,0.20324
278,54,276,305,33,77,1,1,0.13462
279,54,266,305,33,77,1,1,0.039216
280,54,256,305,33,77,1,1,0.019608
281,54,246,304,33,77,1,1,0
282,54,236,304,33,77,1,1,0
283,54,226,304,33,77,1,1,0
284,54,216,304,33,77,1,1,0
285,54,212,302,33,77,1,1,0.020739
286,54,208,300,33,77,1,1,0.12896
287,54,205,298,33,77,1,1,0.27526
288,54,201,296,33,77,1,1,0.41026
289,54,198,295,33,77,1,1,0.53243
290,54,194,293,33,77,1,1,0.47587
291,54,190,291,33,77,1,1,0.40385
292,54,187,289,33,77,1,1,0.35219
293,54,183,287,33,77,1,1,0.27979
294,54,180,286,33,77,1,1,0.22247
295,54,177,284,33,77,1,1,0.20023
296,54,174,283,33,77,1,1,0.15045
297,54,171,281,33,77,1,1,0.10747
298,54,168,280,33,77,1,1,0.063348
299,54,165,279,33,77,1,1,0.020739
300,54,162,277,33,77,1,1,0.082956
301,54,159,276,33,77,1,1,0.14517
302,54,156,274,33,77,1,1,0.20739
303,54,153,273,33,77,1,1,0.26961
304,54,151,272,33,77,1,1,0.32579
305,54,145,273,33,77,1,1,0.31373
306,54,139,275,33,77,1,1,0.28959
307,54,133,277,33,77,1,1,0.27149
308,54,127,279,33,77,1,1,0.24736
309,54,122,281,33,77,1,1,0.22926
310,54,116,282,33,77,1,1,0.16591
311,54,110,284,33,77,1,1,0.0773
312,54,104,286,33,77,1,1,0
313,54,98,288,33,77,1,1,0
314,54,93,290,33,77,1,1,0
315,54,93,289,33,77,1,1,0
316,54,93,289,33,77,1,1,0
317,54,94,289,33,77,1,1,0
318,54,94,288,33,77,1,1,0
319,54,95,288,33,77,1,1,0
320,54,95,288,33,77,1,1,0
321,54,95,287,33,77,1,1,0
322,54,96,287,33,77,1,1,0
323,54,96,287,33,77,1,1,0
324,54,97,287,33,77,1,1,0
325,54,96,287,33,77,1,1,0
326,54,96,288,33,77,1,1,0
327,54,96,288,33,77,1,1,0
328,54,95,289,33,77,1,1,0
124,55,86,432,62,59,0,10,0.41799
125,55,95,429,62,59,0,10,0.42328
126,55,105,427,62,59,0,10,0.43386
127,55,114,425,62,59,0,10,0.41825
128,55,124,423,62,59,0,10,0.41323
129,55,133,421,62,59,0,10,0.41429
130,55,143,419,62,59,0,10,0.45079
131,55,152,417,62,59,0,10,0.49286
132,55,162,415,62,59,0,10,0.47619
133,55,171,413,62,59,0,10,0.45423
134,55,181,411,62,59,0,10,0.41746
135,55,185,409,62,59,0,10,0.41561
136,55,190,408,62,59,0,10,0.38095
137,55,195,406,62,59,0,10,0.36561
138,55,200,405,62,59,0,10,0.31429
139,55,205,404,62,59,0,10,0.25503
140,55,209,402,62,59,0,10,0.27831
141,55,214,401,62,59,0,10,0.30159
142,55,219,399,62,59,0,10,0.34762
143,55,224,398,62,59,0,10,0.37037
144,55,229,397,62,59,0,10,0.40317
145,55,233,396,62,59,0,10,0.39841
146,55,238,395,62,59,0,10,0.42989
147,55,243,394,62,59,0,10,0.45159
148,55,248,393,62,59,0,10,0.48148
149,55,253,393,62,59,0,10,0.49206
150,55,258,392,62,59,0,10,0.54497
151,55,263,391,62,59,0,10,0.58201
152,55,268,390,62,59,0,10,0.62778
153,55,273,389,62,59,0,10,0.66825
154,55,278,389,62,59,0,10,0.68519
155,55,275,389,62,59,0,10,0.61825
156,55,273,389,62,59,0,10,0.5545
157,55,270,389,62,59,0,10,0.45503
158,55,268,389,62,59,0,10,0.38254
159,55,266,389,62,59,0,10,0.30926
160,55,263,389,62,59,0,10,0.39312
161,55,261,389,62,59,0,10,0.49841
162,55,258,389,62,59,0,10,0.58783
163,55,256,389,62,59,0,10,0.66138
164,55,254,389,62,59,0,10,0.73175
165,55,243,389,63,59,0,10,0.71302
166,55,233,389,64,59,0,10,0.7059
167,55,222,390,66,58,0,10,0.69036
168,55,212,390,67,59,0,10,0.68235
169,55,201,391,69,58,0,10,0.66949
170,55,191,391,69,58,0,10,0.63245
171,55,180,391,71,59,0,10,0.58333
172,55,170,392,72,58,0,10,0.55166
173,55,159,392,74,58,0,10,0.51028
174,55,149,393,75,58,0,10,0.47725
175,55,146,390,75,58,0,10,0.56267
176,55,144,388,75,58,0,10,0.64674
177,55,141,386,75,58,0,10,0.72681
178,55,139,384,75,58,0,10,0.78814
179,55,136,382,75,58,0,10,0.82828
180,55,134,379,75,58,0,10,0.83318
181,55,131,377,75,58,0,10,0.82047
182,55,129,375,75,58,0,10,0.81267
183,55,126,373,75,58,0,10,0.80731
184,55,124,371,75,58,0,10,0.79929
185,55,123,369,75,58,0,10,0.79706
186,55,123,368,75,58,0,10,0.80129
187,55,123,367,75,58,0,10,0.79951
188,55,123,366,75,58,0,10,0.79951
189,55,123,365,75,58,0,10,0.80731
190,55,123,363,75,58,0,10,0.80642
191,55,123,362,75,58,0,10,0.80598
192,55,123,361,75,58,0,10,0.80598
193,55,123,360,75,58,0,10,0.79951
194,55,123,359,75,58,0,10,0.79393
195,55,128,361,75,59,0,10,0.80285
196,55,133,363,75,60,0,10,0.81126
197,55,139,365,74,61,0,10,0.83656
198,55,144,367,75,62,0,10,0.86299
199,55,150,369,74,63,0,10,0.89
200,55,155,371,74,64,0,10,0.86154
201,55,160,373,75,65,0,10,0.82576
202,55,166,375,74,66,0,10,0.80776
203,55,171,377,74,67,0,10,0.76961
204,55,177,380,74,67,0,10,0.74196
205,55,184,380,75,67,0,10,0.74748
206,55,192,381,75,67,0,10,0.74458
207,55,199,382,76,66,0,10,0.75363
208,55,207,382,76,67,0,10,0.75554
209,55,214,383,77,67,0,10,0.75641
210,55,222,384,77,66,0,10,0.76866
211,55,229,384,78,67,0,10,0.78407
212,55,237,385,78,66,0,10,0.79596
213,55,244,386,79,66,0,10,0.8041
214,55,252,387,80,66,0,10,0.81776
215,55,255,385,80,66,0,10,0.81113
216,55,258,384,80,66,0,10,0.79602
217,55,261,383,80,66,0,10,0.77888
218,55,265,382,80,66,0,10,0.77722
219,55,268,381,80,66,0,10,0.76193
220,55,271,379,80,66,0,10,0.78183
221,55,275,378,80,66,0,10,0.79547
222,55,278,377,80,66,0,10,0.8091
223,55,281,376,80,66,0,10,0.81592
224,55,285,375,80,66,0,10,0.83416
225,55,288,374,80,66,0,10,0.84743
226,55,291,373,80,66,0,10,0.85406
227,55,294,372,80,66,0,10,0.86733
228,55,298,372,80,66,0,10,0.87728
229,55,301,371,80,66,0,10,0.88723
230,55,304,370,80,66,0,10,0.88097
231,55,308,370,80,66,0,10,0.87157
232,55,311,369,80,66,0,10,0.8653
233,55,314,368,80,66,0,10,0.85406
234,55,318,368,80,66,0,10,0.84411
235,55,321,366,80,66,0,10,0.8408
236,55,324,364,80,66,0,10,0.83195
237,55,327,362,80,66,0,10,0.82845
238,55,330,360,80,66,0,10,0.81574
239,55,333,358,80,66,0,10,0.80652
240,55,336,356,80,66,0,10,0.82495
241,55,339,354,80,66,0,10,0.83748
242,55,342,352,80,66,0,10,0.85849
243,55,345,350,80,66,0,10,0.87009
244,55,349,349,80,66,0,10,0.88741
245,55,350,347,80,66,0,10,0.88741
246,55,352,346,80,66,0,10,0.88741
247,55,353,344,80,66,0,10,0.88981
248,55,355,343,80,66,0,10,0.88981
249,55,356,341,80,66,0,10,0.88391
250,55,358,340,80,66,0,10,0.88649
251,55,359,338,80,66,0,10,0.88668
252,55,361,337,80,66,0,10,0.88944
253,55,362,335,80,66,0,10,0.89092
254,55,364,334,80,66,0,10,0.89681
255,55,367,333,80,66,0,10,0.90603
256,55,370,332,80,66,0,10,0.91745
257,55,373,332,80,66,0,10,0.92335
258,55,377,331,80,66,0,10,0.93919
259,55,380,331,80,66,0,10,0.94122
260,55,383,330,80,66,0,10,0.94288
261,55,387,329,80,66,0,10,0.95283
262,55,390,329,80,66,0,10,0.95615
263,55,393,328,80,66,0,10,0.9613
264,55,397,328,80,66,0,10,0.97273
265,55,391,327,81,67,0,10,0.91607
266,55,386,327,81,67,0,10,0.86029
267,55,380,326,82,68,0,10,0.79728
268,55,375,326,82,68,0,10,0.73284
269,55,370,325,82,69,0,10,0.66024
270,55,364,325,83,69,0,10,0.66429
271,55,359,324,83,70,0,10,0.68377
272,55,354,324,83,70,0,10,0.69819
273,55,348,323,84,71,0,10,0.70523
274,55,343,323,84,72,0,10,0.71636
275,55,338,323,84,72,0,10,0.72973
276,55,332,322,85,73,0,10,0.73602
277,55,327,322,85,73,0,10,0.74874
278,55,322,321,85,74,0,10,0.76434
279,55,316,321,86,74,0,10,0.7669
280,55,311,320,86,75,0,10,0.78766
281,55,306,320,86,75,0,10,0.79946
282,55,300,319,87,76,0,10,0.81582
283,55,295,319,87,76,0,10,0.82733
284,55,290,319,88,77,0,10,0.83866
285,55,287,317,88,77,0,10,0.8741
286,55,284,315,88,77,0,10,0.90147
287,55,281,313,88,77,0,10,0.93143
288,55,278,311,88,77,0,10,0.9539
289,55,275,310,88,77,0,10,0.91703
290,55,272,308,88,77,0,10,0.85537
291,55,269,306,88,77,0,10,0.78997
292,55,266,304,88,77,0,10,0.74042
293,55,263,302,88,77,0,10,0.707
294,55,260,301,88,77,0,10,0.6779
295,55,258,299,88,77,0,10,0.6393
296,55,257,298,88,77,0,10,0.59551
297,55,255,297,88,77,0,10,0.56583
298,55,254,296,88,77,0,10,0.52434
299,55,252,295,88,77,0,10,0.48315
300,55,251,293,88,77,0,10,0.46629
301,55,249,292,88,77,0,10,0.44944
302,55,248,291,88,77,0,10,0.43791
303,55,246,290,88,77,0,10,0.37079
304,55,245,289,88,77,0,10,0.29213
305,55,240,290,88,77,0,10,0.24719
306,55,236,291,88,77,0,10,0.20225
307,55,231,292,88,77,0,10,0.1573
308,55,227,293,88,77,0,10,0.11236
309,55,222,294,88,77,0,10,0.067416
310,55,218,295,88,77,0,10,0.022472
311,55,213,296,88,77,0,10,0
312,55,209,297,88,77,0,10,0
313,55,204,298,88,77,0,10,0
314,55,200,299,88,77,0,10,0
315,55,202,298,89,78,0,10,0
316,55,204,298,90,79,0,10,0
317,55,206,298,91,79,0,10,0.01087
318,55,209,298,91,80,0,10,0.076087
319,55,211,298,93,80,0,10,0.1383
320,55,213,298,94,81,0,10,0.18947
321,55,216,298,94,81,0,10,0.24211
322,55,218,298,95,82,0,10,0.29167
323,55,220,298,96,82,0,10,0.34021
324,55,223,298,97,83,0,10,0.41837
325,55,223,298,97,83,0,10,0.44898
326,55,224,299,97,83,0,10,0.4898
327,55,224,300,97,83,0,10,0.52041
328,55,225,300,97,83,0,10,0.57143
203,56,581,364,24,58,1,1,0
204,56,593,366,24,58,1,1,0
205,56,605,368,24,58,1,1,0.23322
206,56,618,371,24,58,1,1,0.47254
207,56,625,370,24,58,1,1,0.6122
208,56,633,370,24,58,1,1,0.76271
209,56,640,370,24,58,1,1,0.77966
210,56,648,370,24,58,1,1,0.79661
211,56,655,370,24,58,1,1,0.79729
212,56,663,370,24,58,1,1,0.69763
213,56,667,371,24,58,1,1,0.71593
214,56,672,371,24,58,1,1,0.78102
215,56,678,371,24,59,1,1,0.81667
216,56,684,371,24,60,1,1,0.80328
217,56,690,372,24,60,1,1,0.78689
218,56,692,371,24,61,1,1,0.80645
219,56,694,371,24,61,1,1,0.80645
220,56,696,371,24,62,1,1,0.79365
221,56,698,370,24,63,1,1,0.8125
222,56,700,370,24,63,1,1,0.79688
223,56,703,370,23,64,1,1,0.76923
224,56,705,369,23,64,1,1,0.76923
225,56,707,368,23,64,1,1,0.76923
226,56,710,367,23,64,1,1,0.78462
227,56,714,366,23,64,1,1,0.78462
228,56,719,365,23,64,1,1,0.78462
229,56,724,364,23,64,1,1,0.78462
230,56,729,363,23,64,1,1,0.78462
231,56,734,362,23,64,1,1,0.8
232,56,739,361,23,64,1,1,0.78846
233,56,744,360,23,64,1,1,0.79487
234,56,747,358,23,64,1,1,0.78205
235,56,751,356,23,64,1,1,0.78205
236,56,755,354,23,64,1,1,0.79295
237,56,759,352,23,64,1,1,0.79231
238,56,763,350,23,64,1,1,0.79231
239,56,767,348,23,64,1,1,0.79295
240,56,771,346,23,64,1,1,0.80513
241,56,775,344,23,64,1,1,0.80513
242,56,779,342,23,64,1,1,0.83846
243,56,783,341,23,64,1,1,0.86154
244,56,785,340,23,63,1,1,0.85612
245,56,787,339,23,63,1,1,0.85612
246,56,789,338,23,63,1,1,0.84505
247,56,791,337,23,63,1,1,0.84505
248,56,794,337,22,62,1,1,0.84748
249,56,796,336,22,62,1,1,0.83575
250,56,798,335,22,62,1,1,0.77226
251,56,800,334,22,62,1,1,0.76052
252,56,802,333,22,62,1,1,0.71705
253,56,805,333,22,61,1,1,0.71459
254,56,809,331,22,61,1,1,0.79944
255,56,813,330,22,61,1,1,0.84292
256,56,817,329,22,61,1,1,0.85414
257,56,821,327,22,61,1,1,0.87377
258,56,825,326,22,61,1,1,0.88429
259,56,829,325,22,61,1,1,0.89481
260,56,833,323,22,61,1,1,0.91164
261,56,837,322,22,61,1,1,0.91795
262,56,841,321,22,61,1,1,0.94109
263,56,846,320,22,61,1,1,0.98036
264,56,846,319,22,61,1,1,0.96073
265,56,846,318,22,61,1,1,0.95091
266,56,847,318,22,61,1,1,0.93689
267,56,847,317,22,61,1,1,0.92637
268,56,848,317,22,61,1,1,0.92146
269,56,848,316,22,61,1,1,0.89902
270,56,848,315,22,61,1,1,0.8878
271,56,849,315,22,61,1,1,0.86886
272,56,849,314,22,61,1,1,0.95231
273,56,850,314,22,61,1,1,1
274,56,844,312,22,61,1,1,1
275,56,839,311,22,61,1,1,1
276,56,833,310,22,61,1,1,1
277,56,828,309,22,61,1,1,1
278,56,822,308,22,61,1,1,1
279,56,817,307,22,61,1,1,1
280,56,812,306,22,61,1,1,1
281,56,800,306,22,61,1,1,1
282,56,789,306,22,61,1,1,0.86957
283,56,778,307,22,61,1,1,0.64306
284,56,774,306,22,61,1,1,0.67742
285,56,771,305,21,61,1,1,0.74413
286,56,767,304,22,61,1,1,0.82398
287,56,764,303,21,62,1,1,0.89394
288,56,760,302,22,62,1,1,0.93237
289,56,757,301,21,62,1,1,0.93939
290,56,754,300,21,63,1,1,0.94673
291,56,754,295,21,63,1,1,0.98438
292,56,755,290,21,64,1,1,0.99371
293,56,756,286,21,64,1,1,1
294,56,756,283,21,64,1,1,1
295,56,756,281,21,64,1,1,1
296,56,756,279,21,64,1,1,0.86783
297,56,757,277,21,64,1,1,0.69161
298,56,757,275,21,64,1,1,0.56643
299,56,757,273,21,64,1,1,0.43636
300,56,758,271,21,64,1,1,0.26294
301,56,754,271,21,64,1,1,0.32657
302,56,751,272,21,64,1,1,0.081119
303,56,748,272,21,64,1,1,0
304,56,745,273,21,64,1,1,0
305,56,740,272,21,64,1,1,0
306,56,735,271,21,64,1,1,0.01049
307,56,731,271,21,64,1,1,0
308,56,726,270,21,64,1,1,0.015385
309,56,721,269,21,64,1,1,0.030769
310,56,717,269,21,64,1,1,0.036364
311,56,713,274,21,64,1,1,0
312,56,710,280,21,64,1,1,0
313,56,706,286,21,64,1,1,0
314,56,703,292,21,64,1,1,0
315,56,710,290,21,64,1,1,0
316,56,718,289,21,64,1,1,0
317,56,725,288,21,64,1,1,0.18182
318,56,733,287,21,64,1,1,0.54545
319,56,735,286,21,64,1,1,0.63636
320,56,738,286,21,64,1,1,0.77273
321,56,740,285,21,64,1,1,0.86364
322,56,743,285,21,64,1,1,1
323,56,746,285,21,64,1,1,1
324,56,748,284,21,64,1,1,1
325,56,751,284,21,64,1,1,0.90909
326,56,753,283,21,64,1,1,0.86364
327,56,756,283,21,64,1,1,0.77273
328,56,759,283,21,64,1,1,0.77273
210,57,621,370,19,57,1,1,0
211,57,626,370,19,57,1,1,0
212,57,632,370,19,57,1,1,0
213,57,637,370,19,57,1,1,0
214,57,643,371,19,57,1,1,0
215,57,648,371,19,57,1,1,0
216,57,654,371,19,57,1,1,0
217,57,659,372,19,57,1,1,0
218,57,665,372,19,57,1,1,0.084483
219,57,670,372,19,57,1,1,0.25345
220,57,676,373,19,57,1,1,0.41379
221,57,678,371,19,58,1,1,0.51864
222,57,681,370,19,58,1,1,0.60508
223,57,684,369,19,58,1,1,0.73559
224,57,687,367,19,59,1,1,0.78333
225,57,690,366,19,59,1,1,0.74167
226,57,693,365,19,59,1,1,0.75583
227,57,697,363,19,59,1,1,0.7725
228,57,702,361,19,60,1,1,0.77623
229,57,706,360,19,60,1,1,0.81803
230,57,711,358,19,60,1,1,0.83443
231,57,715,357,19,60,1,1,0.8918
232,57,720,355,19,61,1,1,0.8629
233,57,725,354,18,61,1,1,0.8871
234,57,729,352,19,61,1,1,0.79355
235,57,734,350,18,62,1,1,0.77694
236,57,738,349,19,62,1,1,0.72698
237,57,743,347,18,62,1,1,0.7076
238,57,747,346,19,62,1,1,0.66032
239,57,752,344,18,63,1,1,0.62993
240,57,757,343,18,63,1,1,0.57648
241,57,759,342,18,63,1,1,0.63651
242,57,761,341,18,63,1,1,0.71135
243,57,764,340,18,63,1,1,0.75
244,57,766,339,18,63,1,1,0.75
245,57,769,338,18,63,1,1,0.71135
246,57,771,337,18,63,1,1,0.71135
247,57,773,336,18,63,1,1,0.71135
248,57,776,335,18,63,1,1,0.71217
249,57,778,334,18,63,1,1,0.71217
250,57,781,334,18,63,1,1,0.65872
251,57,783,333,18,63,1,1,0.65872
252,57,786,332,18,64,1,1,0.72308
253,57,789,332,18,64,1,1,0.70769
254,57,792,331,17,64,1,1,0.70769
255,57,795,331,17,64,1,1,0.69231
256,57,797,330,18,65,1,1,0.68182
257,57,800,329,17,65,1,1,0.68182
258,57,803,329,17,65,1,1,0.66667
259,57,806,328,17,66,1,1,0.65672
260,57,809,328,17,66,1,1,0.64179
261,57,811,325,17,66,1,1,0.68657
262,57,814,323,17,66,1,1,0.68657
263,57,817,321,17,66,1,1,0.70149
264,57,820,319,17,66,1,1,0.71642
265,57,823,317,17,66,1,1,0.73134
266,57,825,315,17,66,1,1,0.74627
267,57,828,313,17,66,1,1,0.76119
268,57,831,311,17,66,1,1,0.73798
269,57,834,309,17,66,1,1,0.63847
270,57,837,307,17,66,1,1,0.53897
271,57,831,306,17,66,1,1,0.80597
272,57,826,306,17,66,1,1,0.79104
273,57,821,306,17,66,1,1,0.79104
274,57,816,306,17,66,1,1,0.79104
275,57,811,306,17,66,1,1,0.79104
276,57,805,305,17,66,1,1,0.80597
277,57,800,305,17,66,1,1,0.79104
278,57,795,305,17,66,1,1,0.79104
279,57,790,305,17,66,1,1,0.79104
280,57,785,305,17,66,1,1,0.81426
281,57,779,304,17,66,1,1,0.82753
282,57,774,303,17,66,1,1,0.81675
283,57,768,303,17,65,1,1,0.47306
284,57,763,302,17,66,1,1,0.79104
285,57,757,302,18,65,1,1,0.78788
286,57,752,301,17,65,1,1,0.78788
287,57,746,300,18,66,1,1,0.77612
288,57,741,300,17,65,1,1,0.77273
289,57,735,299,18,65,1,1,0.77273
290,57,730,299,18,65,1,1,0.75758
291,57,730,296,18,65,1,1,0.78788
292,57,730,293,19,66,1,1,0.79104
293,57,730,291,19,66,1,1,0.79104
294,57,731,288,19,67,1,1,0.79412
295,57,731,286,19,67,1,1,0.79412
296,57,731,283,20,68,1,1,0.81159
297,57,732,280,19,69,1,1,0.81429
298,57,732,278,20,69,1,1,0.81429
299,57,732,275,20,70,1,1,0.8169
300,57,733,273,20,70,1,1,0.8169
301,57,729,272,20,70,1,1,0.8169
302,57,725,272,20,70,1,1,0.8169
303,57,721,272,20,70,1,1,0.8169
304,57,717,271,20,70,1,1,0.83099
305,57,713,271,20,70,1,1,0.75319
306,57,709,271,20,70,1,1,0.63649
307,57,705,270,20,70,1,1,0.5285
308,57,701,270,20,70,1,1,0.40979
309,57,697,270,20,70,1,1,0.29108
310,57,694,270,20,70,1,1,0.1328
311,57,695,271,20,70,1,1,0
312,57,696,272,20,70,1,1,0
313,57,698,273,20,70,1,1,0
314,57,699,274,20,70,1,1,0
315,57,701,275,20,70,1,1,0
316,57,702,276,20,70,1,1,0
317,57,703,277,20,70,1,1,0.0080483
318,57,705,278,20,70,1,1,0.013414
319,57,706,279,20,70,1,1,0.0093897
320,57,708,281,20,70,1,1,0
321,57,710,281,20,70,1,1,0
322,57,713,281,20,70,1,1,0
323,57,715,281,20,70,1,1,0
324,57,718,281,20,70,1,1,0
325,57,720,281,20,70,1,1,0
326,57,723,281,20,70,1,1,0.1717
327,57,725,281,20,70,1,1,0.39235
328,57,728,281,20,70,1,1,0.65392
1,58,1226,268,559,241,0,10,0.83117
2,58,1222,268,559,241,0,10,0.8284
3,58,1219,269,559,241,0,10,0.82816
4,58,1216,270,559,241,0,10,0.82873
5,58,1212,271,559,241,0,10,0.82884
6,58,1209,272,559,241,0,10,0.828
7,58,1206,273,559,241,0,10,0.8268
8,58,1202,274,559,241,0,10,0.82791
9,58,1199,275,559,241,0,10,0.83104
10,58,1196,276,559,241,0,10,0.83937
11,58,1193,277,559,241,0,10,0.84799
12,58,1187,277,559,241,0,10,0.84739
13,58,1182,278,559,241,0,10,0.84594
14,58,1177,279,559,241,0,10,0.84861
15,58,1172,280,559,241,0,10,0.85249
16,58,1167,281,559,241,0,10,0.85511
17,58,1161,282,559,241,0,10,0.85387
18,58,1156,283,559,241,0,10,0.86133
19,58,1151,284,559,241,0,10,0.86979
20,58,1146,285,559,241,0,10,0.87575
21,58,1141,286,559,241,0,10,0.87998
22,58,1127,286,559,241,0,10,0.8699
23,58,1113,287,559,241,0,10,0.85764
24,58,1099,287,559,241,0,10,0.8459
25,58,1085,288,559,241,0,10,0.84367
26,58,1071,289,559,241,0,10,0.84039
27,58,1057,289,559,241,0,10,0.83887
28,58,1043,290,559,241,0,10,0.83546
29,58,1029,290,559,241,0,10,0.83387
30,58,1015,291,559,241,0,10,0.83823
31,58,1001,292,559,241,0,10,0.84379
32,58,993,292,559,241,0,10,0.835
33,58,986,292,559,241,0,10,0.83039
34,58,979,292,559,241,0,10,0.83262
35,58,972,292,559,241,0,10,0.83554
36,58,965,292,559,241,0,10,0.83875
37,58,957,292,559,241,0,10,0.84051
38,58,950,292,559,241,0,10,0.8439
39,58,943,292,559,241,0,10,0.84626
40,58,936,292,559,241,0,10,0.84754
41,58,929,292,559,241,0,10,0.83287
42,58,924,291,559,241,0,10,0.82777
43,58,919,290,559,241,0,10,0.82981
44,58,914,289,559,241,0,10,0.82483
45,58,910,289,559,241,0,10,0.81901
46,58,905,288,559,241,0,10,0.81586
47,58,900,287,559,241,0,10,0.81372
48,58,896,287,559,241,0,10,0.82269
49,58,891,286,559,241,0,10,0.81803
50,58,886,285,559,241,0,10,0.83385
51,58,882,285,559,241,0,10,0.84786
52,58,877,284,559,241,0,10,0.82971
53,58,873,283,559,241,0,10,0.81313
54,58,868,282,559,241,0,10,0.81505
55,58,864,282,559,241,0,10,0.80657
56,58,859,281,559,241,0,10,0.80044
57,58,855,280,559,241,0,10,0.78628
58,58,850,280,559,241,0,10,0.79692
59,58,846,279,559,241,0,10,0.79314
60,58,841,278,559,241,0,10,0.79185
61,58,837,278,559,241,0,10,0.79021
62,58,836,277,559,241,0,10,0.76894
63,58,835,276,559,241,0,10,0.76522
64,58,834,275,559,241,0,10,0.7628
65,58,833,275,559,241,0,10,0.75953
66,58,832,274,559,241,0,10,0.77423
67,58,831,273,559,241,0,10,0.79078
68,58,830,273,559,241,0,10,0.80374
69,58,829,272,559,241,0,10,0.81998
70,58,828,271,559,241,0,10,0.83792
71,58,828,271,559,241,0,10,0.84175
72,58,826,271,559,241,0,10,0.84565
73,58,824,271,559,241,0,10,0.85055
74,58,822,271,559,241,0,10,0.87115
75,58,821,271,559,241,0,10,0.892
76,58,819,271,559,241,0,10,0.89717
77,58,817,271,559,241,0,10,0.89748
78,58,815,271,559,241,0,10,0.89993
79,58,814,271,559,241,0,10,0.90204
80,58,815,273,559,241,0,10,0.90065
81,58,816,275,559,241,0,10,0.90073
82,58,814,274,559,241,0,10,0.89806
83,58,813,274,559,241,0,10,0.89587
84,58,812,274,559,241,0,10,0.89198
85,58,811,273,559,241,0,10,0.88947
86,58,810,273,559,241,0,10,0.88872
87,58,809,273,559,241,0,10,0.88971
88,58,808,272,559,241,0,10,0.89055
89,58,807,272,559,241,0,10,0.89124
90,58,806,272,559,241,0,10,0.89532
91,58,805,272,559,241,0,10,0.89932
92,58,806,270,559,241,0,10,0.89658
93,58,807,268,559,241,0,10,0.89527
94,58,808,266,559,241,0,10,0.89794
95,58,809,265,559,241,0,10,0.9003
96,58,810,263,559,241,0,10,0.9029
97,58,811,261,559,241,0,10,0.90618
98,58,812,260,559,241,0,10,0.90892
99,58,813,258,559,241,0,10,0.91287
100,58,814,256,559,241,0,10,0.91602
101,58,815,255,559,241,0,10,0.91504
102,58,814,254,559,241,0,10,0.91496
103,58,813,254,559,241,0,10,0.91411
104,58,812,254,559,241,0,10,0.91244
105,58,811,253,559,241,0,10,0.91298
106,58,811,253,559,241,0,10,0.91278
107,58,810,253,559,241,0,10,0.91192
108,58,809,252,559,241,0,10,0.91325
109,58,808,252,559,241,0,10,0.91273
110,58,807,252,559,241,0,10,0.91638
111,58,807,252,559,241,0,10,0.91917
112,58,812,252,559,241,0,10,0.91589
113,58,818,252,559,241,0,10,0.91622
114,58,824,252,559,241,0,10,0.9187
115,58,829,253,559,241,0,10,0.91814
116,58,835,253,559,241,0,10,0.91829
117,58,841,253,559,241,0,10,0.92063
118,58,846,254,559,241,0,10,0.92054
119,58,852,254,559,241,0,10,0.918
120,58,858,254,559,241,0,10,0.91475
121,58,864,255,559,241,0,10,0.897
122,58,872,253,559,241,0,10,0.895
123,58,881,252,559,241,0,10,0.89354
124,58,890,250,559,241,0,10,0.89199
125,58,898,249,559,241,0,10,0.88893
126,58,907,248,559,241,0,10,0.88726
127,58,916,246,559,241,0,10,0.88768
128,58,924,245,559,241,0,10,0.88595
129,58,933,243,559,241,0,10,0.88667
130,58,942,242,559,241,0,10,0.88695
131,58,951,241,559,241,0,10,0.88715
132,58,956,239,559,241,0,10,0.88449
133,58,961,237,559,241,0,10,0.8816
134,58,967,235,559,241,0,10,0.88137
135,58,972,233,559,241,0,10,0.88114
136,58,978,232,559,241,0,10,0.88066
137,58,983,230,559,241,0,10,0.88171
138,58,988,228,559,241,0,10,0.88234
139,58,994,226,559,241,0,10,0.8829
140,58,999,224,559,241,0,10,0.88315
141,58,1005,223,559,241,0,10,0.88296
142,58,1010,222,559,241,0,10,0.88436
143,58,1016,222,559,241,0,10,0.88635
144,58,1022,222,559,241,0,10,0.88836
145,58,1027,222,559,241,0,10,0.88908
146,58,1033,222,559,241,0,10,0.89036
147,58,1039,221,559,241,0,10,0.89238
148,58,1044,221,559,241,0,10,0.89094
149,58,1050,221,559,241,0,10,0.89168
150,58,1056,221,559,241,0,10,0.88777
151,58,1062,221,559,241,0,10,0.89052
152,58,1062,220,559,241,0,10,0.89074
153,58,1063,220,559,241,0,10,0.89115
154,58,1064,219,559,241,0,10,0.88825
155,58,1065,219,559,241,0,10,0.88395
156,58,1066,219,559,241,0,10,0.88048
157,58,1066,218,559,241,0,10,0.87684
158,58,1067,218,559,241,0,10,0.8808
159,58,1068,217,559,241,0,10,0.88586
160,58,1069,217,559,241,0,10,0.89164
161,58,1070,217,559,241,0,10,0.89014
162,58,1063,217,559,241,0,10,0.89182
163,58,1056,217,559,241,0,10,0.89246
164,58,1049,217,559,241,0,10,0.89404
165,58,1042,217,559,241,0,10,0.89507
166,58,1035,217,559,241,0,10,0.89797
167,58,1028,217,559,241,0,10,0.89906
168,58,1021,217,559,241,0,10,0.90037
169,58,1014,217,559,241,0,10,0.89939
170,58,1007,217,559,241,0,10,0.89892
171,58,1001,218,559,241,0,10,0.89813
172,58,998,216,559,241,0,10,0.89592
173,58,995,215,559,241,0,10,0.89342
174,58,993,214,559,241,0,10,0.88959
175,58,990,213,559,241,0,10,0.88811
176,58,988,212,559,241,0,10,0.88368
177,58,985,210,559,241,0,10,0.88748
178,58,982,209,559,241,0,10,0.89096
179,58,980,208,559,241,0,10,0.89312
180,58,977,207,559,241,0,10,0.89569
181,58,975,206,559,241,0,10,0.89766
182,58,976,207,559,241,0,10,0.89227
183,58,977,208,559,241,0,10,0.88726
184,58,978,209,559,241,0,10,0.88033
185,58,979,210,559,241,0,10,0.86128
186,58,980,211,559,241,0,10,0.84807
187,58,981,212,559,241,0,10,0.83471
188,58,982,213,559,241,0,10,0.82011
189,58,983,214,559,241,0,10,0.80921
190,58,984,215,559,241,0,10,0.77732
191,58,986,216,559,241,0,10,0.74545
192,58,987,217,559,241,0,10,0.75568
193,58,988,218,559,241,0,10,0.7676
194,58,989,219,559,241,0,10,0.75851
195,58,990,220,559,241,0,10,0.75109
196,58,991,221,559,241,0,10,0.74143
197,58,992,222,559,241,0,10,0.73234
198,58,993,223,559,241,0,10,0.73633
199,58,994,224,559,241,0,10,0.73864
200,58,995,225,559,241,0,10,0.74148
201,58,997,227,559,241,0,10,0.74265
202,58,1005,229,559,241,0,10,0.72296
203,58,1014,231,559,241,0,10,0.70341
204,58,1023,233,559,241,0,10,0.68287
205,58,1031,235,559,241,0,10,0.6641
206,58,1040,237,559,241,0,10,0.6566
207,58,1049,239,559,241,0,10,0.65432
208,58,1057,241,559,241,0,10,0.6503
209,58,1066,243,559,241,0,10,0.64801
210,58,1075,245,559,241,0,10,0.67727
211,58,1084,248,559,241,0,10,0.70309
212,58,1088,248,559,241,0,10,0.67355
213,58,1093,249,559,241,0,10,0.64021
214,58,1097,249,559,241,0,10,0.64353
215,58,1102,250,559,241,0,10,0.63836
216,58,1106,250,559,241,0,10,0.62327
217,58,1111,251,559,241,0,10,0.60336
218,58,1115,251,559,241,0,10,0.6033
219,58,1120,252,559,241,0,10,0.6046
220,58,1124,252,559,241,0,10,0.60413
221,58,1129,253,559,241,0,10,0.60348
222,58,1132,253,559,241,0,10,0.59407
223,58,1135,253,559,241,0,10,0.58901
224,58,1138,253,559,241,0,10,0.56125
225,58,1141,253,559,241,0,10,0.54199
226,58,1145,253,559,241,0,10,0.5397
227,58,1148,253,559,241,0,10,0.53771
228,58,1151,253,559,241,0,10,0.53647
229,58,1154,253,559,241,0,10,0.53608
230,58,1157,253,559,241,0,10,0.57261
231,58,1161,253,559,241,0,10,0.60926
232,58,1165,251,559,241,0,10,0.59669
233,58,1169,249,559,241,0,10,0.58473
234,58,1173,248,559,241,0,10,0.57358
235,58,1177,246,559,241,0,10,0.56579
236,58,1182,245,559,241,0,10,0.55187
237,58,1186,243,559,241,0,10,0.53737
238,58,1190,241,559,241,0,10,0.53842
239,58,1194,240,559,241,0,10,0.53712
240,58,1198,238,559,241,0,10,0.53855
241,58,1203,237,559,241,0,10,0.53971
242,58,1205,236,559,241,0,10,0.50179
243,58,1208,235,559,241,0,10,0.46509
244,58,1211,234,559,241,0,10,0.46602
245,58,1214,233,559,241,0,10,0.46764
246,58,1217,232,559,241,0,10,0.46907
247,58,1219,231,559,241,0,10,0.47021
248,58,1222,230,559,241,0,10,0.46939
249,58,1225,229,559,241,0,10,0.46866
250,58,1228,228,559,241,0,10,0.46193
251,58,1231,227,559,241,0,10,0.46063
252,58,1235,226,559,241,0,10,0.43741
253,58,1239,225,559,241,0,10,0.41482
254,58,1244,224,559,241,0,10,0.40314
255,58,1248,223,559,241,0,10,0.39399
256,58,1253,222,559,241,0,10,0.38157
257,58,1257,221,559,241,0,10,0.37128
258,58,1261,220,559,241,0,10,0.38452
259,58,1266,219,559,241,0,10,0.40708
260,58,1270,218,559,241,0,10,0.43243
261,58,1275,217,559,241,0,10,0.4605
262,58,1277,215,559,241,0,10,0.48105
263,58,1279,214,559,241,0,10,0.49638
264,58,1282,212,559,241,0,10,0.49729
265,58,1284,211,559,241,0,10,0.49689
266,58,1287,209,559,241,0,10,0.52241
267,58,1289,208,559,241,0,10,0.53071
268,58,1291,206,559,241,0,10,0.48932
269,58,1294,205,559,241,0,10,0.44446
270,58,1296,203,559,241,0,10,0.42261
271,58,1299,202,559,241,0,10,0.42226
272,58,1294,201,559,241,0,10,0.43409
273,58,1289,201,559,241,0,10,0.4441
274,58,1284,201,559,241,0,10,0.46325
275,58,1279,201,559,241,0,10,0.4852
276,58,1275,201,559,241,0,10,0.5056
277,58,1270,200,559,241,0,10,0.53001
278,58,1265,200,559,241,0,10,0.53182
279,58,1260,200,559,241,0,10,0.50732
280,58,1255,200,559,241,0,10,0.48275
281,58,1251,200,559,241,0,10,0.46607
282,58,1248,198,559,241,0,10,0.45131
283,58,1245,197,559,241,0,10,0.44536
284,58,1242,195,559,241,0,10,0.4315
285,58,1239,194,559,241,0,10,0.42271
286,58,1236,192,559,241,0,10,0.42481
287,58,1233,191,559,241,0,10,0.44793
288,58,1230,189,559,241,0,10,0.45028
289,58,1227,188,559,241,0,10,0.47048
290,58,1224,186,559,241,0,10,0.4912
291,58,1221,185,559,241,0,10,0.52939
292,58,1220,184,559,241,0,10,0.53639
293,58,1220,184,559,241,0,10,0.54406
294,58,1219,184,559,241,0,10,0.55415
295,58,1219,184,559,241,0,10,0.5481
296,58,1219,184,559,241,0,10,0.54215
297,58,1218,184,559,241,0,10,0.52001
298,58,1218,183,559,241,0,10,0.5068
299,58,1218,183,559,241,0,10,0.49519
300,58,1217,183,559,241,0,10,0.48401
301,58,1217,183,559,241,0,10,0.47481
302,58,1217,183,559,241,0,10,0.48684
303,58,1216,183,559,241,0,10,0.5179
304,58,1216,183,559,241,0,10,0.5146
305,58,1216,182,559,241,0,10,0.51731
306,58,1215,182,559,241,0,10,0.56128
307,58,1215,182,559,241,0,10,0.58629
308,58,1215,182,559,241,0,10,0.5517
309,58,1214,182,559,241,0,10,0.52341
310,58,1214,182,559,241,0,10,0.5534
311,58,1214,182,559,241,0,10,0.58377
312,58,1217,181,559,241,0,10,0.58942
313,58,1220,181,559,241,0,10,0.59534
314,58,1223,181,559,241,0,10,0.60964
315,58,1226,181,559,241,0,10,0.62492
316,58,1229,181,559,241,0,10,0.64072
317,58,1232,181,559,241,0,10,0.65847
318,58,1235,181,559,241,0,10,0.66795
319,58,1238,181,559,241,0,10,0.66733
320,58,1241,181,559,241,0,10,0.66694
321,58,1244,181,559,241,0,10,0.66523
322,58,1248,181,559,241,0,10,0.66208
323,58,1252,182,559,241,0,10,0.65573
324,58,1256,183,559,241,0,10,0.64933
325,58,1261,184,559,241,0,10,0.6445
326,58,1265,185,559,241,0,10,0.60463
327,58,1269,185,559,241,0,10,0.58205
328,58,1274,186,559,241,0,10,0.61642
235,59,678,358,22,49,1,1,0
236,59,681,356,22,50,1,1,0
237,59,684,355,22,50,1,1,0
238,59,688,354,21,51,1,1,0
239,59,691,352,21,52,1,1,0
240,59,694,351,21,52,1,1,0
241,59,698,350,21,53,1,1,0
242,59,699,348,21,54,1,1,0
243,59,701,347,21,55,1,1,0
244,59,703,346,21,55,1,1,0
245,59,705,345,21,56,1,1,0
246,59,707,343,21,56,1,1,0
247,59,709,342,21,56,1,1,0
248,59,711,340,21,56,1,1,0.068581
249,59,714,339,21,56,1,1,0.068581
250,59,716,337,21,56,1,1,0.035088
251,59,718,336,21,56,1,1,0
252,59,721,334,21,56,1,1,0
253,59,723,333,21,56,1,1,0
254,59,725,331,21,56,1,1,0
255,59,728,330,21,56,1,1,0
256,59,731,328,21,56,1,1,0
257,59,734,327,21,56,1,1,0
258,59,737,325,21,56,1,1,0.3445
259,59,741,324,21,56,1,1,0.38278
260,59,744,322,21,56,1,1,0.39075
261,59,747,321,21,56,1,1,0.39872
262,59,751,319,21,56,1,1,0.35885
263,59,754,318,21,56,1,1,0.14833
264,59,757,316,21,56,1,1,0.031898
265,59,761,315,21,56,1,1,0.061404
266,59,760,315,21,56,1,1,0.031898
267,59,760,315,21,56,1,1,0.021531
268,59,760,315,21,56,1,1,0.0063796
269,59,759,315,22,56,1,1,0.012204
270,59,759,315,22,57,1,1,0.015742
271,59,759,315,21,57,1,1,0.0094044
272,59,758,315,22,57,1,1,0.022489
273,59,758,315,22,57,1,1,0.037481
274,59,758,315,22,57,1,1,0.42879
275,59,758,315,22,58,1,1,0.55122
276,59,750,314,22,58,1,1,0.39794
277,59,742,314,22,58,1,1,0.55122
278,59,734,314,22,58,1,1,0.71334
279,59,726,313,22,58,1,1,0.76271
280,59,718,313,22,58,1,1,0.76271
281,59,710,313,22,58,1,1,0.76271
282,59,702,312,22,58,1,1,0.76271
283,59,694,312,22,58,1,1,0.74576
284,59,686,312,22,58,1,1,0.72881
285,59,679,312,22,58,1,1,0.71186
286,59,677,309,22,58,1,1,0.74576
287,59,676,306,22,58,1,1,0.77966
288,59,674,303,22,58,1,1,0.81356
289,59,673,300,22,58,1,1,0.84746
290,59,672,297,22,58,1,1,0.88136
291,59,670,294,22,58,1,1,0.91525
292,59,669,291,22,58,1,1,0.9322
293,59,667,288,22,58,1,1,0.94915
294,59,666,285,22,58,1,1,0.9661
295,59,665,283,22,58,1,1,0.9661
296,59,666,281,22,58,1,1,0.98305
297,59,667,279,23,58,1,1,0.98305
298,59,665,279,23,58,1,1,0.94915
299,59,664,279,23,58,1,1,0.91525
300,59,663,279,22,58,1,1,0.58659
301,59,662,279,22,58,1,1,0.50332
302,59,660,279,23,58,1,1,0.44915
303,59,659,279,22,58,1,1,0.39499
304,59,658,279,22,58,1,1,0.35888
305,59,657,280,22,58,1,1,0.26971
306,59,652,279,22,58,1,1,0.35888
307,59,647,279,22,58,1,1,0.4311
308,59,642,279,22,58,1,1,0.50332
309,59,637,278,22,59,1,1,0.58261
310,59,632,278,22,59,1,1,0.65362
311,59,628,278,22,59,1,1,0.7
312,59,627,282,22,59,1,1,0.7971
313,59,627,286,22,59,1,1,0.78333
314,59,627,290,22,59,1,1,0.73333
315,59,627,295,22,58,1,1,0.67797
316,59,630,293,22,58,1,1,0.74576
317,59,634,292,22,58,1,1,0.77966
318,59,637,291,22,58,1,1,0.81356
319,59,641,289,22,58,1,1,0.86441
320,59,645,288,22,58,1,1,0.89831
321,59,648,287,22,58,1,1,0.94915
322,59,652,285,22,58,1,1,0.98305
323,59,655,284,22,58,1,1,0.86957
324,59,659,283,22,58,1,1,0.6087
325,59,663,282,22,58,1,1,0.3913
326,59,664,282,22,58,1,1,0.26087
327,59,665,283,22,58,1,1,0.17391
328,59,666,284,22,58,1,1,0.043478
1,60,370,479,164,73,0,10,0.60606
2,60,361,477,166,74,0,10,0.61677
3,60,353,476,168,74,0,10,0.62722
4,60,345,475,170,75,0,10,0.63158
5,60,337,478,172,76,0,10,0.64162
6,60,329,481,175,77,0,10,0.64773
7,60,321,484,177,78,0,10,0.6573
8,60,313,487,180,79,0,10,0.66298
9,60,307,487,182,80,0,10,0.6612
10,60,302,488,183,80,0,10,0.64674
11,60,297,489,184,80,0,10,0.63784
12,60,290,487,186,80,0,10,0.64171
13,60,284,485,188,81,0,10,0.6455
14,60,277,483,190,82,0,10,0.63874
15,60,271,481,192,83,0,10,0.63212
16,60,265,480,194,83,0,10,0.62051
17,60,254,483,196,83,0,10,0.63959
18,60,244,486,198,83,0,10,0.63317
19,60,233,489,200,83,0,10,0.63682
20,60,223,492,202,84,0,10,0.63054
21,60,214,492,204,85,0,10,0.63415
22,60,201,495,207,85,0,10,0.62981
23,60,188,499,210,85,0,10,0.63033
24,60,165,501,212,86,0,10,0.62441
25,60,142,503,214,87,0,10,0.62326
26,60,120,505,216,89,0,10,0.62212
27,60,98,504,218,87,0,10,0.62557
28,60,77,503,219,85,0,10,0.62273
29,60,56,502,221,84,0,10,0.64414
30,60,33,504,223,87,0,10,0.625
31,60,10,506,226,90,0,10,0.63436
32,60,2,509,220,91,0,10,0.62443
33,60,-5,512,214,92,0,10,0.5814
34,60,-12,512,208,92,0,10,0.5311
35,60,-19,513,202,91,0,10,0.48276
36,60,-25,514,195,90,0,10,0.42857
37,60,-29,513,189,91,0,10,0.38421
38,60,-33,513,183,91,0,10,0.34239
39,60,-36,513,176,91,0,10,0.29944
40,60,-40,513,170,91,0,10,0.25731
1,61,1594,423,41,107,0,7,1
2,61,1589,423,41,107,0,7,1
3,61,1584,424,41,107,0,7,1
4,61,1578,426,41,107,0,7,1
5,61,1572,428,41,107,0,7,1
6,61,1567,431,41,107,0,7,1
7,61,1566,431,41,107,0,7,1
8,61,1566,432,41,107,0,7,1
9,61,1566,433,41,107,0,7,1
10,61,1566,434,41,107,0,7,1
11,61,1566,435,41,107,0,7,1
12,61,1566,436,41,107,0,7,1
13,61,1561,437,41,107,0,7,1
14,61,1556,438,41,107,0,7,1
15,61,1551,440,41,107,0,7,1
16,61,1546,441,41,107,0,7,1
17,61,1541,442,41,107,0,7,1
18,61,1536,444,41,107,0,7,1
19,61,1531,445,41,107,0,7,1
20,61,1526,446,41,107,0,7,1
21,61,1522,448,41,107,0,7,1
22,61,1511,449,41,107,0,7,1
23,61,1500,450,41,107,0,7,1
24,61,1490,452,41,107,0,7,1
25,61,1473,452,41,107,0,7,1
26,61,1456,452,41,107,0,7,1
27,61,1440,453,41,107,0,7,1
28,61,1423,453,41,107,0,7,1
29,61,1407,454,41,107,0,7,1
30,61,1396,455,41,107,0,7,1
31,61,1385,457,41,107,0,7,1
32,61,1374,459,41,107,0,7,1
33,61,1364,461,41,107,0,7,1
34,61,1353,463,41,107,0,7,1
35,61,1342,465,41,107,0,7,1
36,61,1332,467,41,107,0,7,0.95238
37,61,1327,464,41,107,0,7,0.90476
38,61,1323,462,41,107,0,7,0.83333
39,61,1319,459,41,107,0,7,0.71429
40,61,1314,457,41,107,0,7,0.5
41,61,1310,454,41,107,0,7,0.30952
42,61,1306,452,41,107,0,7,0.2381
43,61,1302,450,41,107,0,7,0.14286
44,61,1298,449,40,107,0,7,0.04878
45,61,1294,448,40,108,0,7,0
46,61,1290,448,40,108,0,7,0
47,61,1286,447,40,108,0,7,0
48,61,1282,446,40,109,0,7,0
49,61,1278,446,40,109,0,7,0
50,61,1274,445,40,109,0,7,0
51,61,1270,444,40,110,0,7,0
52,61,1266,444,40,110,0,7,0
53,61,1262,443,40,110,0,7,0
54,61,1258,443,40,110,0,7,0
55,61,1254,442,40,111,0,7,0
56,61,1250,441,40,111,0,7,0
57,61,1246,441,40,111,0,7,0
58,61,1242,440,40,112,0,7,0.073171
59,61,1238,439,40,112,0,7,0.12195
60,61,1234,439,40,112,0,7,0.46341
61,61,1230,438,40,113,0,7,0.80488
62,61,1226,438,40,113,0,7,0.95122
63,61,1226,436,40,113,0,7,1
64,61,1226,435,40,113,0,7,1
65,61,1226,433,40,114,0,7,1
66,61,1226,432,40,114,0,7,1
67,61,1226,430,40,115,0,7,1
68,61,1226,429,40,115,0,7,1
69,61,1227,428,40,115,0,7,1
70,61,1226,428,40,115,0,7,1
71,61,1225,429,40,115,0,7,1
72,61,1225,430,40,115,0,7,1
73,61,1224,431,40,115,0,7,1
74,61,1224,432,40,115,0,7,1
75,61,1223,432,40,115,0,7,1
76,61,1222,433,40,115,0,7,1
77,61,1222,434,40,115,0,7,1
78,61,1221,435,40,115,0,7,1
79,61,1221,436,40,115,0,7,1
80,61,1220,435,40,115,0,7,1
81,61,1220,434,40,116,0,7,1
82,61,1219,433,41,117,0,7,1
83,61,1219,432,40,118,0,7,1
84,61,1218,431,41,119,0,7,1
85,61,1218,430,41,119,0,7,1
86,61,1217,429,42,120,0,7,1
87,61,1217,428,41,121,0,7,1
88,61,1216,427,42,122,0,7,1
89,61,1216,426,42,123,0,7,1
90,61,1216,426,42,123,0,7,1
91,61,1218,424,42,123,0,7,1
92,61,1220,422,42,123,0,7,1
93,61,1222,420,42,123,0,7,1
94,61,1225,418,42,123,0,7,1
95,61,1227,416,42,123,0,7,1
96,61,1229,414,42,123,0,7,1
97,61,1232,412,42,123,0,7,1
98,61,1234,410,42,123,0,7,1
99,61,1236,408,42,123,0,7,1
100,61,1239,406,42,123,0,7,1
101,61,1238,405,43,123,0,7,1
102,61,1238,404,43,123,0,7,1
103,61,1238,403,43,123,0,7,1
104,61,1238,402,43,124,0,7,1
105,61,1238,401,43,124,0,7,1
106,61,1238,400,43,124,0,7,1
107,61,1238,399,43,124,0,7,1
108,61,1238,399,43,124,0,7,1
109,61,1237,399,43,124,0,7,1
110,61,1237,399,43,125,0,7,1
111,61,1237,400,43,125,0,7,1
112,61,1240,399,43,125,0,7,1
113,61,1243,399,43,125,0,7,1
114,61,1246,399,44,125,0,7,1
115,61,1249,399,44,125,0,7,1
116,61,1252,399,45,125,0,7,1
117,61,1259,399,45,126,0,7,1
118,61,1266,399,45,127,0,7,1
119,61,1273,399,45,128,0,7,1
120,61,1280,399,46,130,0,7,1
121,61,1294,396,47,131,0,7,1
122,61,1309,393,47,132,0,7,1
123,61,1324,391,47,133,0,7,1
124,61,1330,389,48,134,0,7,1
125,61,1337,387,48,136,0,7,1
126,61,1353,385,49,136,0,7,1
127,61,1362,383,49,137,0,7,1
128,61,1372,382,49,137,0,7,1
129,61,1382,381,49,137,0,7,1
130,61,1392,379,49,138,0,7,1
131,61,1401,378,50,138,0,7,1
132,61,1411,377,50,138,0,7,1
133,61,1421,375,50,139,0,7,1
134,61,1431,374,50,139,0,7,1
135,61,1441,373,50,139,0,7,1
136,61,1447,372,51,139,0,7,1
137,61,1454,371,51,139,0,7,1
138,61,1461,371,51,138,0,7,1
139,61,1467,370,52,139,0,7,1
140,61,1474,369,52,139,0,7,1
141,61,1481,369,52,138,0,7,1
142,61,1488,368,52,138,0,7,1
143,61,1494,367,53,139,0,7,1
144,61,1501,367,53,138,0,7,1
145,61,1508,366,53,138,0,7,1
146,61,1515,366,53,138,0,7,1
147,61,1522,363,53,140,0,7,1
148,61,1529,361,54,141,0,7,1
149,61,1536,359,55,142,0,7,1
150,61,1543,357,56,143,0,7,1
151,61,1546,355,56,145,0,7,1
152,61,1549,354,57,146,0,7,1
153,61,1552,353,58,147,0,7,1
154,61,1555,351,59,149,0,7,1
155,61,1559,350,59,150,0,7,1
156,61,1562,349,60,151,0,7,1
157,61,1565,347,61,153,0,7,1
158,61,1568,346,62,154,0,7,1
159,61,1571,345,63,155,0,7,1
160,61,1575,344,63,156,0,7,1
161,61,1571,345,62,154,0,7,1
162,61,1567,346,61,153,0,7,1
163,61,1563,347,60,152,0,7,1
164,61,1559,348,59,151,0,7,1
165,61,1555,349,58,150,0,7,1
166,61,1551,350,57,149,0,7,1
167,61,1545,349,56,150,0,7,1
168,61,1539,348,56,152,0,7,1
169,61,1533,347,56,154,0,7,1
170,61,1527,346,56,155,0,7,1
171,61,1521,346,56,156,0,7,1
172,61,1515,345,56,158,0,7,1
173,61,1509,344,56,159,0,7,1
174,61,1503,343,56,161,0,7,1
175,61,1497,342,56,163,0,7,1
176,61,1491,342,56,164,0,7,1
177,61,1492,340,57,164,0,7,1
178,61,1493,338,58,165,0,7,1
179,61,1494,336,59,165,0,7,0.85
180,61,1495,334,60,166,0,7,0.68852
181,61,1497,332,61,166,0,7,0.53226
182,61,1498,330,62,167,0,7,0.42857
183,61,1499,328,63,167,0,7,0.32812
184,61,1500,326,64,168,0,7,0.046154
185,61,1501,324,65,168,0,7,0
186,61,1503,322,66,169,0,7,0
187,61,1504,324,66,169,0,7,0
188,61,1506,327,66,169,0,7,0
189,61,1508,330,66,169,0,7,0
190,61,1510,332,66,169,0,7,0
191,61,1512,335,66,169,0,7,0
192,61,1514,338,66,169,0,7,0
193,61,1516,340,66,169,0,7,0
194,61,1518,343,66,169,0,7,0
195,61,1520,346,66,169,0,7,0
196,61,1522,349,66,169,0,7,0
197,61,1530,352,67,170,0,7,0
198,61,1538,356,68,171,0,7,0.17391
199,61,1547,359,68,173,0,7,0.37681
200,61,1555,363,69,173,0,7,0.52857
201,61,1564,366,69,175,0,7,0.61429
202,61,1572,370,70,176,0,7,0.59155
203,61,1580,373,71,177,0,7,0.56944
204,61,1589,377,71,178,0,7,0.5
205,61,1597,380,72,180,0,7,0.39726
206,61,1606,384,72,181,0,7,0.28767
207,61,1616,382,72,181,0,7,0.16438
208,61,1626,381,72,181,0,7,0.041096
209,61,1636,379,72,181,0,7,0
210,61,1646,378,72,181,0,7,0
211,61,1656,377,72,181,0,7,0
212,61,1666,375,72,181,0,7,0.027397
213,61,1676,374,72,181,0,7,0.068493
214,61,1686,372,72,181,0,7,0
215,61,1696,371,72,181,0,7,0
216,61,1707,370,72,181,0,7,0
217,61,1713,372,72,181,0,7,0
218,61,1719,375,72,181,0,7,0
219,61,1725,377,72,181,0,7,0
220,61,1731,380,72,181,0,7,0
221,61,1737,382,72,181,0,7,0
222,61,1743,385,72,181,0,7,0
223,61,1749,387,72,181,0,7,0
224,61,1755,390,72,181,0,7,0
225,61,1761,392,72,181,0,7,0
226,61,1767,395,72,181,0,7,0
227,61,1774,393,73,181,0,7,0
228,61,1782,391,74,181,0,7,0
229,61,1790,389,74,181,0,7,0
230,61,1798,388,75,180,0,7,0
231,61,1806,386,75,181,0,7,0
232,61,1814,384,76,181,0,7,0.064935
233,61,1822,383,76,180,0,7,0.2987
234,61,1830,381,77,180,0,7,0.29487
235,61,1838,379,77,180,0,7,0.28205
260,70,-57,312,70,202,1,1,0.1831
261,70,-53,307,70,202,1,1,0.23944
262,70,-49,303,70,202,1,1,0.29577
263,70,-45,298,70,202,1,1,0.35211
264,70,-40,294,70,202,1,1,0.42254
265,70,-39,291,71,203,1,1,0.44444
266,70,-38,289,72,203,1,1,0.46575
267,70,-36,287,72,204,1,1,0.49315
268,70,-37,287,72,204,1,1,0.47945
269,70,-38,288,72,204,1,1,0.46575
270,70,-38,289,72,204,1,1,0.46575
271,70,-39,290,72,204,1,1,0.45205
272,70,-39,291,72,204,1,1,0.45205
273,70,-39,291,72,204,1,1,0.45205
274,70,-38,291,72,204,1,1,0.42726
143,71,523,379,25,55,1,1,0
144,71,529,379,25,55,1,1,0
145,71,535,380,25,55,1,1,0.13736
146,71,541,381,25,54,1,1,0.27972
147,71,547,382,25,54,1,1,0.41119
148,71,553,383,25,53,1,1,0.5812
149,71,559,384,25,53,1,1,0.64957
150,71,562,382,25,53,1,1,0.60541
151,71,566,380,25,53,1,1,0.60399
152,71,570,379,25,52,1,1,0.42308
153,71,573,377,25,52,1,1,0.46154
154,71,577,375,25,52,1,1,0.5
155,71,581,374,25,52,1,1,0.5
156,71,577,373,25,52,1,1,0.80769
157,71,573,373,25,52,1,1,0.57692
158,71,570,373,24,52,1,1,0.52
159,71,566,373,24,52,1,1,0.39245
160,71,562,373,25,52,1,1,0.29608
161,71,559,373,24,52,1,1,0.19245
162,71,555,373,24,52,1,1,0.15094
163,71,552,373,23,52,1,1,0.15409
164,71,548,373,24,52,1,1,0.14792
165,71,544,373,24,52,1,1,0.10868
166,71,541,373,23,52,1,1,0.26415
167,71,537,373,23,52,1,1,0.2555
168,71,534,373,23,52,1,1,0.28223
169,71,528,373,23,52,1,1,0.24057
170,71,522,373,23,52,1,1,0.30425
171,71,516,373,23,52,1,1,0.23113
172,71,510,373,23,52,1,1,0.16588
173,71,504,373,23,52,1,1,0.069182
174,71,498,373,23,52,1,1,0
175,71,492,373,23,52,1,1,0
176,71,486,373,23,52,1,1,0
177,71,480,373,23,52,1,1,0
178,71,475,373,23,52,1,1,0.033805
179,71,478,372,23,52,1,1,0.034591
180,71,482,372,23,52,1,1,0
181,71,486,372,23,52,1,1,0
182,71,490,372,23,52,1,1,0
183,71,493,372,23,52,1,1,0.02673
184,71,497,372,23,52,1,1,0.075472
185,71,501,372,23,52,1,1,0.024371
186,71,505,372,23,52,1,1,0
187,71,508,372,23,52,1,1,0
188,71,512,372,23,52,1,1,0
189,71,516,372,23,52,1,1,0
190,71,520,372,23,52,1,1,0
191,71,523,372,23,52,1,1,0
192,71,527,372,23,52,1,1,0
193,71,531,372,23,52,1,1,0
194,71,535,372,23,52,1,1,0
195,71,538,372,23,52,1,1,0
196,71,542,372,23,52,1,1,0
197,71,546,372,23,52,1,1,0
198,71,550,372,23,52,1,1,0
199,71,553,372,23,52,1,1,0
200,71,557,372,23,52,1,1,0
201,71,561,372,23,52,1,1,0
202,71,565,372,23,52,1,1,0
203,71,568,372,23,52,1,1,0
204,71,572,372,23,52,1,1,0
205,71,576,372,23,52,1,1,0
206,71,580,372,23,52,1,1,0
207,71,583,372,23,52,1,1,0
208,71,587,372,23,52,1,1,0
209,71,591,372,23,52,1,1,0
210,71,595,372,23,52,1,1,0
211,71,598,372,23,52,1,1,0
212,71,602,372,23,52,1,1,0
213,71,606,372,23,52,1,1,0
214,71,610,372,23,52,1,1,0
215,71,613,372,23,52,1,1,0
216,71,617,372,23,52,1,1,0
217,71,621,372,23,52,1,1,0
218,71,625,372,23,52,1,1,0
219,71,628,372,23,52,1,1,0
220,71,632,372,23,52,1,1,0
221,71,636,372,23,52,1,1,0
222,71,640,372,23,52,1,1,0
223,71,643,372,23,52,1,1,0
224,71,647,372,23,52,1,1,0
225,71,651,372,23,52,1,1,0
226,71,655,372,23,52,1,1,0
227,71,659,372,23,52,1,1,0
228,71,663,370,23,52,1,1,0
229,71,667,368,23,52,1,1,0
230,71,671,366,23,52,1,1,0.037736
231,71,675,364,23,52,1,1,0
232,71,679,363,23,51,1,1,0
233,71,683,361,23,51,1,1,0
234,71,687,359,23,52,1,1,0
235,71,691,357,23,52,1,1,0
236,71,695,355,23,52,1,1,0
237,71,699,354,23,51,1,1,0.10817
238,71,703,352,23,51,1,1,0.36058
239,71,707,350,23,51,1,1,0.45833
240,71,711,348,23,51,1,1,0.52885
241,71,716,347,23,51,1,1,0.48237
242,71,718,346,23,51,1,1,0.34455
243,71,720,345,23,51,1,1,0.20673
244,71,722,344,23,51,1,1,0.034455
245,71,724,343,23,51,1,1,0.24119
246,71,726,342,23,51,1,1,0.41346
247,71,728,341,23,51,1,1,0.62019
248,71,730,340,23,51,1,1,0.72356
249,71,732,339,23,51,1,1,0.6891
250,71,734,338,23,51,1,1,0.6891
251,71,736,337,23,51,1,1,0.44792
252,71,738,336,23,51,1,1,0.17228
253,71,740,335,23,51,1,1,0.20673
254,71,743,334,23,52,1,1,0.23664
255,71,747,333,23,52,1,1,0.33805
256,71,751,332,23,52,1,1,0.40566
257,71,756,331,22,52,1,1,0.81132
258,71,760,331,23,52,1,1,0.79245
259,71,765,330,22,52,1,1,0.79245
260,71,769,329,22,52,1,1,0.79245
261,71,774,329,22,52,1,1,0.79245
262,71,773,328,22,52,1,1,0.77358
263,71,772,327,22,52,1,1,0.77358
264,71,772,326,22,52,1,1,0.67268
265,71,771,326,22,52,1,1,0.59065
266,71,771,325,22,52,1,1,0.52502
267,71,770,324,22,52,1,1,0.45939
268,71,770,323,22,52,1,1,0.39377
269,71,769,323,22,52,1,1,0.38392
270,71,768,322,22,52,1,1,0.38392
271,71,768,321,22,52,1,1,0.38392
272,71,767,320,22,52,1,1,0.28794
273,71,767,320,22,52,1,1,0.28794
274,71,766,319,22,52,1,1,0.26251
275,71,766,318,22,52,1,1,0.26907
276,71,765,317,22,52,1,1,0.51682
277,71,765,317,22,52,1,1,0.77358
278,71,761,315,22,52,1,1,0.81132
279,71,757,313,22,52,1,1,0.84906
280,71,753,311,22,53,1,1,0.87037
281,71,749,309,23,53,1,1,0.90741
282,71,745,308,23,52,1,1,0.92453
283,71,741,306,23,53,1,1,0.92593
284,71,737,304,24,53,1,1,0.94444
285,71,733,302,24,53,1,1,0.92444
286,71,729,300,24,54,1,1,0.888
287,71,726,299,24,53,1,1,0.78889
288,71,722,297,24,53,1,1,0.77333
289,71,718,295,24,54,1,1,0.70327
290,71,714,293,24,54,1,1,0.67927
291,71,710,291,25,54,1,1,0.79021
292,71,706,290,25,54,1,1,0.92727
293,71,702,288,25,54,1,1,1
294,71,698,286,26,54,1,1,1
295,71,694,284,26,55,1,1,1
296,71,690,282,26,55,1,1,1
297,71,687,281,26,55,1,1,0.85185
298,71,684,281,26,55,1,1,0.78571
299,71,681,281,26,55,1,1,0.68783
300,71,678,281,26,56,1,1,0.61728
301,71,675,281,26,56,1,1,0.54126
302,71,672,281,26,56,1,1,0.47758
303,71,669,281,26,57,1,1,0.84483
304,71,667,281,25,57,1,1,0.84483
305,71,664,281,25,57,1,1,0.32493
306,71,661,281,25,58,1,1,0.83051
307,71,658,281,25,58,1,1,0.83051
308,71,655,281,25,58,1,1,0.83051
309,71,652,281,25,59,1,1,0.81667
310,71,649,281,25,59,1,1,0.81667
311,71,647,281,25,60,1,1,0.81967
312,71,649,281,25,60,1,1,0.80454
313,71,652,281,25,60,1,1,0.85246
314,71,655,281,25,60,1,1,0.86885
315,71,658,281,25,60,1,1,0.88525
316,71,661,281,25,60,1,1,0.81211
317,71,664,281,25,60,1,1,0.64691
318,71,667,281,25,60,1,1,0.51198
319,71,669,281,25,60,1,1,0.40921
320,71,672,281,25,60,1,1,0.26482
321,71,675,281,25,60,1,1,0.11538
322,71,678,281,25,60,1,1,0
323,71,681,281,25,60,1,1,0
324,71,684,281,25,60,1,1,0
325,71,687,281,25,61,1,1,0
326,71,686,282,25,61,1,1,0
327,71,685,284,25,61,1,1,0
328,71,685,286,25,61,1,1,0
