1,-1,1481,417,67.7,172.7,1
1,-1,467,423,73,191.5,1
1,-1,676,418,75.8,189.4,0.999
1,-1,1114,414,31.2,87.4,0.999
1,-1,1369,405,70.4,226.4,0.999
1,-1,1170,414,39.2,105.1,0.999
1,-1,546,439,62.1,176.5,0.999
1,-1,587,420,59.2,184.6,0.998
1,-1,1223,408,43.4,125.6,0.997
1,-1,723,411,59,194.2,0.995
1,-1,1194,413,32.7,103.9,0.985
1,-1,808,435,19.4,55.3,0.983
1,-1,402,432,24.7,65.6,0.974
1,-1,857,430,23.9,70.7,0.963
1,-1,637,421,50.7,136.6,0.957
1,-1,829,430,20.8,58,0.946
1,-1,842,427,25.5,67.9,0.934
1,-1,781,424,22.4,64.9,0.9
1,-1,963,399,45.6,130.8,0.737
1,-1,819,436,21.5,59.2,0.449
2,-1,671,416,63.8,199.8,1
2,-1,1471,413,67,175.2,1
2,-1,1363,396,71.6,230,1
2,-1,465,429,66.3,183,1
2,-1,720,414,62.7,187.3,0.999
2,-1,1213,405,46.2,119.2,0.999
2,-1,1105,417,32.9,86.5,0.996
2,-1,1167,416,40.3,107,0.996
2,-1,545,428,58.1,184.9,0.996
2,-1,582,421,61.4,184.3,0.995
2,-1,396,431,27.3,65.8,0.981
2,-1,851,432,23.4,70,0.98
2,-1,820,435,20.8,53.9,0.969
2,-1,627,426,53.5,146.9,0.968
2,-1,798,428,22.1,60.8,0.96
2,-1,836,428,21.5,70.4,0.932
2,-1,772,423,22.3,65,0.891
2,-1,1196,417,33,101.6,0.673
2,-1,1010,366,49.5,119.8,0.594
2,-1,952,401,46.3,127.9,0.416
3,-1,452,422,72.8,191.6,1
3,-1,1462,410,70.5,188.7,1
3,-1,1360,397,75.5,213.5,1
3,-1,575,420,61.8,186.8,0.999
3,-1,661,410,74,195.2,0.999
3,-1,539,431,60.7,172.5,0.999
3,-1,1154,422,40.6,105.2,0.997
3,-1,1203,409,47.6,121.2,0.996
3,-1,632,428,52.6,131.6,0.996
3,-1,714,416,55.8,178.4,0.995
3,-1,1100,419,31.3,83.7,0.991
3,-1,381,427,30.5,71.5,0.983
3,-1,792,433,20.4,55.2,0.972
3,-1,1180,419,32.6,94.6,0.972
3,-1,844,430,23.2,68.9,0.963
3,-1,825,429,24.1,66.5,0.958
3,-1,766,426,22.2,63.3,0.922
3,-1,812,431,20.4,56.4,0.914
3,-1,852,430,26.5,77.6,0.646
3,-1,949,395,47.5,131.5,0.401
4,-1,1459,418,71.2,182.2,1
4,-1,1352,391,76.1,230.8,1
4,-1,446,425,68.7,190.6,1
4,-1,651,417,81.7,193.8,1
4,-1,1207,410,42.4,119.2,0.997
4,-1,524,425,61.8,175.9,0.996
4,-1,1094,416,32.1,83.2,0.996
4,-1,567,423,57.6,177.1,0.995
4,-1,1149,422,40.1,103.4,0.994
4,-1,375,429,28.7,71,0.991
4,-1,756,426,24.3,64.5,0.987
4,-1,622,427,50.4,129.4,0.985
4,-1,789,428,22.7,61.1,0.97
4,-1,841,435,17.9,62.9,0.961
4,-1,821,423,22.6,71.9,0.941
4,-1,1181,418,34.6,106.7,0.907
4,-1,703,416,65.2,181.6,0.893
4,-1,805,433,23,63,0.89
5,-1,1448,415,69.9,189,1
5,-1,1141,426,38.3,103.2,1
5,-1,1348,401,86,230.8,1
5,-1,430,426,76.9,188.8,1
5,-1,637,415,82.9,196.5,0.999
5,-1,1194,416,44.5,114.6,0.999
5,-1,515,432,65.4,169.8,0.999
5,-1,560,427,58.9,173,0.996
5,-1,1087,420,33.4,83.6,0.995
5,-1,777,437,20.4,56.7,0.991
5,-1,1166,422,31.3,96.8,0.982
5,-1,816,432,22,62.8,0.962
5,-1,827,435,20.9,64.3,0.95
5,-1,610,428,50.6,127,0.944
5,-1,361,431,29.9,77.3,0.94
5,-1,803,441,19.7,56,0.938
5,-1,744,438,23.6,62.6,0.901
5,-1,834,432,25.5,76.3,0.842
5,-1,791,437,16.5,51.7,0.628
5,-1,764,438,18.3,53.4,0.549
5,-1,931,408,49.2,119.9,0.423
6,-1,1350,386,83.9,260.3,1
6,-1,1445,423,63.7,167.9,1
6,-1,434,426,72.4,184.9,1
6,-1,647,421,82.6,207.9,0.999
6,-1,1187,413,45.3,116.5,0.999
6,-1,1137,430,40.9,103.2,0.998
6,-1,609,433,52.5,122.9,0.998
6,-1,515,437,62.5,170.2,0.993
6,-1,546,420,76.5,192.7,0.991
6,-1,745,434,22,56.4,0.989
6,-1,1086,421,34.2,89.5,0.988
6,-1,1162,425,31.2,99.5,0.982
6,-1,360,438,27,67.2,0.979
6,-1,775,437,21.9,56.1,0.966
6,-1,797,437,22.8,61.7,0.959
6,-1,831,433,20.2,66.8,0.947
6,-1,814,440,20.7,54.7,0.94
6,-1,925,412,43.4,117.3,0.454
6,-1,838,436,25.4,72.1,0.403
7,-1,1430,419,79.3,198,1
7,-1,425,434,77.2,184.3,1
7,-1,1354,408,71.7,231.1,0.999
7,-1,1141,421,42.2,118.3,0.998
7,-1,1190,414,41.6,122.4,0.998
7,-1,644,423,85,190.6,0.998
7,-1,548,426,63.6,175,0.995
7,-1,504,441,62.3,176.4,0.994
7,-1,1082,422,32.4,89.2,0.991
7,-1,773,443,21,54,0.971
7,-1,823,442,20.8,55.3,0.936
7,-1,795,438,21.9,62.8,0.93
7,-1,833,436,26.1,71.3,0.91
7,-1,806,435,22.5,68.4,0.909
7,-1,740,439,23.6,57.9,0.898
7,-1,355,433,29.6,75.2,0.86
7,-1,606,425,55.9,133.6,0.822
7,-1,369,432,31.7,82.9,0.617
7,-1,1159,421,53.1,120.9,0.609
7,-1,391,420,33.6,90.7,0.433
7,-1,270,431,29.4,74.1,0.401
8,-1,1421,423,80.4,185.2,1
8,-1,1351,406,83.7,232.2,1
8,-1,1130,429,39.4,105.2,1
8,-1,423,427,80.7,184.3,1
8,-1,632,427,83.4,202.7,0.998
8,-1,1077,430,30.9,80.8,0.998
8,-1,1176,418,50.7,120.4,0.997
8,-1,507,443,58.4,163.4,0.996
8,-1,601,439,53.2,129,0.996
8,-1,772,444,22.3,58.5,0.99
8,-1,345,435,28.7,69.9,0.987
8,-1,544,438,72.5,178.2,0.987
8,-1,820,438,22.7,70.3,0.982
8,-1,790,443,19.6,55.1,0.98
8,-1,738,442,22.3,59.4,0.973
8,-1,1158,422,34.3,110.2,0.939
8,-1,807,439,22.9,67.4,0.906
8,-1,360,440,28,71.7,0.851
8,-1,718,444,21,55.8,0.662
8,-1,1564,439,39.2,108.4,0.56
9,-1,421,440,73.1,173,1
9,-1,1422,426,78.4,182.4,1
9,-1,1360,390,75.4,264.1,1
9,-1,1129,433,41.5,106.6,1
9,-1,626,419,88.6,203.8,0.998
9,-1,497,436,69,172.2,0.997
9,-1,1083,427,31.1,81.6,0.997
9,-1,549,431,58.7,174.8,0.997
9,-1,1185,424,45.5,111.2,0.996
9,-1,770,448,20.2,55.4,0.991
9,-1,348,434,30.5,70.2,0.98
9,-1,819,442,20.3,64.9,0.977
9,-1,792,442,20.5,58.8,0.976
9,-1,739,443,21.3,57.8,0.97
9,-1,1156,420,44.5,108.7,0.951
9,-1,808,440,20.5,62,0.905
9,-1,835,439,21.8,69.5,0.757
9,-1,923,405,44.8,125.7,0.692
9,-1,595,429,50.2,144.7,0.682
10,-1,418,431,80.6,187.8,1
10,-1,627,431,80.1,197.6,0.999
10,-1,1363,396,81.3,247.4,0.999
10,-1,1423,423,70.6,189,0.999
10,-1,1126,432,37,104.4,0.999
10,-1,1076,425,32.1,84.1,0.998
10,-1,1182,418,46.5,119.5,0.997
10,-1,539,436,64.3,177.2,0.994
10,-1,734,441,22.1,60.4,0.991
10,-1,496,441,68.9,177.2,0.99
10,-1,344,436,24.5,63.5,0.981
10,-1,767,442,23.1,61.4,0.981
10,-1,790,440,20.7,60.5,0.98
10,-1,824,444,21.2,66,0.98
10,-1,1154,427,31,106.1,0.975
10,-1,799,437,25.2,69.4,0.951
10,-1,710,448,19,50.8,0.941
10,-1,359,440,24.5,64.3,0.881
10,-1,599,433,46.6,135.5,0.85
11,-1,415,443,77.2,176.5,1
11,-1,614,421,96.5,206.4,1
11,-1,1360,395,73.7,242.4,1
11,-1,1124,429,39.4,107.2,0.998
11,-1,1078,428,33.2,83.6,0.997
11,-1,1173,419,50.1,124.1,0.996
11,-1,544,436,60.1,182.1,0.993
11,-1,768,442,22,56.8,0.993
11,-1,492,447,63.5,163.8,0.992
11,-1,1423,432,69.3,172.2,0.991
11,-1,335,437,28.7,65.8,0.99
11,-1,786,439,20.8,59.7,0.988
11,-1,734,443,21.9,59.7,0.986
11,-1,706,444,22,55.8,0.97
11,-1,800,442,19.9,59.7,0.965
11,-1,1155,430,30.7,105,0.952
11,-1,814,444,24.1,71.5,0.939
11,-1,826,435,25.8,74,0.707
11,-1,1558,430,47.5,118.2,0.498
12,-1,613,422,91.7,202.6,1
12,-1,411,427,81.3,190,1
12,-1,1366,401,80.6,253.9,0.999
12,-1,490,445,60,164.6,0.998
12,-1,1415,421,76.3,191.7,0.998
12,-1,336,435,27.9,72.8,0.996
12,-1,544,430,58.5,185.1,0.995
12,-1,1182,421,47.8,118.2,0.995
12,-1,1079,426,33.6,88.6,0.994
12,-1,1127,427,38.9,104.7,0.989
12,-1,785,438,21.6,62.9,0.988
12,-1,765,439,23.7,62,0.986
12,-1,736,440,23.8,58.6,0.984
12,-1,708,442,23.9,61.3,0.97
12,-1,1150,421,32.7,113.1,0.96
12,-1,800,435,20.5,59.3,0.959
12,-1,816,444,21.4,64.7,0.947
12,-1,827,437,25.4,69.9,0.616
12,-1,1558,433,44.9,113.1,0.533
13,-1,408,423,81.6,197.6,1
13,-1,1374,398,80.9,254.8,1
13,-1,606,421,106.8,204.2,1
13,-1,1123,429,41.2,107.2,0.999
13,-1,497,445,52.5,170.7,0.999
13,-1,539,432,63.3,181.3,0.998
13,-1,331,436,27.6,69.2,0.997
13,-1,1179,419,48.8,121.2,0.993
13,-1,1079,424,30.9,86.3,0.993
13,-1,731,439,21.7,65.3,0.984
13,-1,787,442,19.4,55.2,0.981
13,-1,1148,426,33.4,105.7,0.965
13,-1,793,435,23.3,67.7,0.961
13,-1,813,443,24.4,69.5,0.95
13,-1,707,442,21,54.5,0.888
13,-1,1417,428,77.8,198.2,0.881
13,-1,764,451,20.8,50.3,0.867
13,-1,776,446,20.4,52.4,0.732
13,-1,1559,431,46.3,114.5,0.547
13,-1,577,436,51.5,145.3,0.54
13,-1,826,435,26.1,72,0.41
14,-1,486,439,62.6,174.4,1
14,-1,1374,400,81.2,250.9,1
14,-1,610,419,91.7,215.6,1
14,-1,404,432,74.8,182.3,1
14,-1,1118,434,42,108.9,0.999
14,-1,531,424,66.9,185.3,0.999
14,-1,1176,419,47.9,119.8,0.994
14,-1,727,435,23.5,66,0.993
14,-1,1072,425,31.8,84.9,0.993
14,-1,325,439,27,72.5,0.99
14,-1,797,442,21.1,61.6,0.963
14,-1,784,441,22,62.4,0.957
14,-1,1145,426,32.6,101.7,0.953
14,-1,763,443,19.4,55.8,0.949
14,-1,699,441,21.9,68.8,0.894
14,-1,813,441,24.1,68.8,0.848
14,-1,583,433,49.3,142.6,0.783
14,-1,751,439,20.2,60,0.748
14,-1,770,447,23.6,61.3,0.74
15,-1,391,430,75.7,177,1
15,-1,1373,410,85.1,264.3,1
15,-1,600,419,94.9,217.5,1
15,-1,480,440,60.5,168.5,1
15,-1,530,430,65.5,178.6,0.999
15,-1,1114,432,40.9,103.2,0.999
15,-1,315,433,28.4,70,0.998
15,-1,1064,425,31.5,81.7,0.996
15,-1,1168,419,49.6,119.9,0.996
15,-1,723,435,22.4,63.8,0.995
15,-1,777,433,22,63.9,0.978
15,-1,1138,424,33.2,107.8,0.964
15,-1,753,441,21.5,58.5,0.963
15,-1,795,439,21.1,64.3,0.962
15,-1,694,443,21.1,56.6,0.957
15,-1,806,438,21.4,66.4,0.781
15,-1,63,364,37.9,92.6,0.465
15,-1,818,439,22.1,67.3,0.445
16,-1,1371,392,85.9,265.9,1
16,-1,384,425,83.2,197,1
16,-1,591,410,91.5,236.4,1
16,-1,1114,426,38.4,106.3,0.999
16,-1,518,435,62.2,170.1,0.999
16,-1,1064,421,34,89.8,0.996
16,-1,1161,422,50,117,0.996
16,-1,718,440,21.4,61,0.995
16,-1,308,434,27.1,69.1,0.99
16,-1,473,446,61.2,164.7,0.986
16,-1,778,436,22.6,64.1,0.971
16,-1,768,441,20,55.1,0.943
16,-1,793,438,23.7,68,0.935
16,-1,689,441,21.9,63.5,0.931
16,-1,748,444,22,54.6,0.88
16,-1,1142,417,35.2,109.4,0.833
16,-1,811,435,22.3,73.4,0.706
16,-1,1088,419,28.8,81,0.418
17,-1,377,432,76.2,181.3,1
17,-1,1363,404,97.7,255.6,1
17,-1,582,419,101,217.8,1
17,-1,514,439,66.7,182.9,0.999
17,-1,1110,426,37,107.9,0.997
17,-1,467,446,53.8,171,0.996
17,-1,301,436,30.2,71.5,0.993
17,-1,1160,420,46.7,117.4,0.992
17,-1,710,436,24.2,64.5,0.991
17,-1,1055,425,31.9,86.9,0.985
17,-1,688,444,18.9,55.9,0.959
17,-1,765,443,20.7,60.5,0.949
17,-1,776,440,20.9,63.1,0.944
17,-1,794,442,23.4,70.3,0.929
17,-1,741,438,23.2,63.9,0.914
17,-1,1135,424,38.2,111.5,0.825
17,-1,804,440,27.4,73.4,0.476
18,-1,1360,402,94,266.4,1
18,-1,579,417,95.7,224.9,1
18,-1,376,433,81.6,186,1
18,-1,1101,433,40.5,108.5,0.999
18,-1,507,437,64.1,181.2,0.998
18,-1,462,434,57.9,173.5,0.997
18,-1,296,439,27.3,66.9,0.997
18,-1,1153,422,49.6,120.2,0.994
18,-1,1054,426,30.1,83.6,0.989
18,-1,703,443,21.9,59.6,0.975
18,-1,762,448,19.6,51.3,0.973
18,-1,739,444,19.3,53.4,0.973
18,-1,682,445,20.4,53.3,0.966
18,-1,777,437,21.3,67.8,0.958
18,-1,1123,423,35.3,112,0.857
18,-1,789,440,25.8,74.7,0.786
18,-1,713,438,23.6,66.2,0.784
18,-1,751,442,19.1,53.9,0.667
18,-1,548,436,51.8,139.3,0.61
18,-1,729,453,19.9,48.6,0.403
19,-1,1358,397,100.2,274.8,1
19,-1,574,417,95.1,222.3,1
19,-1,454,438,61.3,181.8,0.999
19,-1,499,435,66.8,180.7,0.999
19,-1,363,433,81.5,188,0.999
19,-1,1093,433,42.3,105.9,0.999
19,-1,1051,428,33.7,87.6,0.994
19,-1,1140,427,49.7,110,0.979
19,-1,286,437,27.4,75.6,0.976
19,-1,769,438,22.3,65.4,0.968
19,-1,704,443,21.9,60.7,0.968
19,-1,675,446,21.5,53.6,0.958
19,-1,731,445,19.9,57.9,0.955
19,-1,756,449,19.6,54.3,0.954
19,-1,1116,431,41.8,106.5,0.935
19,-1,780,446,21.8,70,0.89
19,-1,745,450,18.5,57.1,0.571
20,-1,434,452,56.6,174.5,1
20,-1,1348,416,99.9,270.4,1
20,-1,349,447,77.3,178.4,1
20,-1,551,430,99.4,220,1
20,-1,1089,436,35.4,101.9,0.999
20,-1,268,445,28.8,68.4,0.998
20,-1,1136,431,50.5,122.5,0.997
20,-1,1033,438,32,81.6,0.995
20,-1,497,450,55,170.1,0.994
20,-1,690,448,22.3,67.3,0.98
20,-1,666,452,20.5,51.2,0.967
20,-1,722,450,19.9,54.8,0.964
20,-1,1116,424,35.2,107.5,0.962
20,-1,740,449,22.8,61.7,0.95
20,-1,765,447,24.5,74.6,0.939
20,-1,750,446,23.2,69.7,0.768
20,-1,780,448,25.2,74.3,0.435
21,-1,540,432,102.6,224.4,1
21,-1,1365,411,84,262.5,1
21,-1,1073,437,41.3,110,1
21,-1,340,439,79,184,0.999
21,-1,436,450,58.3,173.3,0.998
21,-1,1029,434,33.1,86.7,0.998
21,-1,1128,428,52.7,122.2,0.991
21,-1,481,450,59.8,172,0.99
21,-1,255,447,30.7,77.2,0.988
21,-1,659,454,18.8,54.1,0.972
21,-1,742,455,15.7,56.5,0.954
21,-1,710,453,22,60,0.937
21,-1,746,449,22.3,67.8,0.934
21,-1,648,449,21.4,62.6,0.932
21,-1,680,446,22.6,61,0.927
21,-1,759,456,21.4,61.7,0.916
21,-1,728,451,22.5,61.2,0.761
21,-1,1106,434,36.8,105,0.684
22,-1,1347,405,91.6,266.6,1
22,-1,1067,441,39.3,109.2,1
22,-1,534,435,91,222.6,1
22,-1,334,446,76.5,178.7,0.999
22,-1,246,453,28.4,68.2,0.993
22,-1,1122,433,48.4,117.7,0.991
22,-1,420,449,68.1,173.8,0.99
22,-1,470,443,64.5,182.6,0.989
22,-1,1024,440,32.9,86.8,0.98
22,-1,670,451,23.9,65.6,0.975
22,-1,743,453,24.3,69.9,0.947
22,-1,699,452,20,63.7,0.925
22,-1,727,453,20.3,59.6,0.9
22,-1,647,459,20.1,53.4,0.848
22,-1,1104,422,35.7,119.8,0.802
22,-1,759,451,20.3,73.4,0.757
22,-1,712,455,20.5,55.3,0.625
22,-1,655,453,22,54.2,0.607
22,-1,1043,433,38.1,100.3,0.538
23,-1,312,442,81.7,185.9,1
23,-1,518,435,111.3,229.8,1
23,-1,1333,411,97.3,285.4,0.999
23,-1,1058,437,39.8,109.1,0.999
23,-1,1015,439,33.9,90.4,0.995
23,-1,1111,427,48,119.5,0.994
23,-1,403,447,63,176.4,0.99
23,-1,233,447,33.1,82.2,0.985
23,-1,462,455,63.8,178.1,0.975
23,-1,664,453,23.6,61.3,0.968
23,-1,694,456,20.8,57.4,0.95
23,-1,718,456,22.6,60.8,0.939
23,-1,738,449,24.1,73.6,0.935
23,-1,638,456,21.8,59.6,0.912
23,-1,1085,434,40.2,108.9,0.757
23,-1,751,454,24.4,77.4,0.614
23,-1,705,455,22.3,58.3,0.586
23,-1,650,455,24.6,61.8,0.453
23,-1,835,440,34.9,100.4,0.451
24,-1,508,435,99.8,230.4,1
24,-1,309,432,85.3,207.5,1
24,-1,1337,413,91.8,270.4,0.999
24,-1,1054,444,37,101.2,0.998
24,-1,1103,437,45.5,119.1,0.997
24,-1,440,455,66.1,179.2,0.991
24,-1,226,453,26.8,73.2,0.99
24,-1,999,440,34.4,86.6,0.988
24,-1,402,460,54.3,166,0.981
24,-1,629,460,19.8,53.9,0.965
24,-1,734,457,24.7,73.9,0.95
24,-1,657,457,22.9,61.1,0.945
24,-1,685,452,23.5,62.9,0.912
24,-1,714,451,20.7,64.7,0.897
24,-1,720,451,24.4,77.3,0.778
24,-1,1080,435,37.6,108.2,0.762
24,-1,670,453,22,63.1,0.686
24,-1,702,459,21.1,54.6,0.665
24,-1,640,463,21,50.5,0.576
24,-1,93,548,27.4,67.2,0.488
25,-1,471,437,114.3,238.4,1
25,-1,275,442,84,196.1,1
25,-1,1326,414,86.2,272,1
25,-1,1288,441,66.9,168.6,0.998
25,-1,1080,436,39.3,121.3,0.997
25,-1,980,441,32.6,88.1,0.995
25,-1,1022,444,41,105.9,0.986
25,-1,364,455,63.7,184.4,0.981
25,-1,417,452,70.9,184.7,0.981
25,-1,190,458,27.7,70.4,0.976
25,-1,684,459,22.3,60.7,0.974
25,-1,627,454,23.1,63.6,0.94
25,-1,704,461,23.7,71.7,0.922
25,-1,659,456,22.3,62.1,0.915
25,-1,597,458,21.8,57.5,0.862
25,-1,1050,442,36.5,105.2,0.856
25,-1,670,462,23.6,54.9,0.801
26,-1,1315,410,87.7,283.4,1
26,-1,255,443,83.5,197.6,1
26,-1,461,424,101.9,254.8,0.999
26,-1,1274,444,71.1,176.3,0.995
26,-1,1059,435,47.8,123.9,0.99
26,-1,1011,442,38.6,101.8,0.986
26,-1,406,443,66.5,191.9,0.982
26,-1,966,437,32.7,94.1,0.981
26,-1,358,464,61.2,170.4,0.98
26,-1,175,455,28.1,70.4,0.95
26,-1,682,447,25.2,73,0.945
26,-1,1039,436,32.5,105.7,0.916
26,-1,666,456,21.9,61.7,0.904
26,-1,648,456,22.7,56.9,0.894
26,-1,612,453,24.9,66.8,0.89
26,-1,585,464,24.7,52.8,0.811
26,-1,697,459,23.7,72.6,0.785
27,-1,229,437,82.2,209.1,1
27,-1,428,426,112.4,250.7,0.999
27,-1,1293,418,88.9,283.1,0.998
27,-1,1034,434,47.2,116.3,0.986
27,-1,1246,451,68.7,161.2,0.983
27,-1,138,452,28.4,72.3,0.974
27,-1,331,454,61.6,178,0.964
27,-1,987,443,39.2,104.7,0.956
27,-1,382,445,63.4,186.7,0.951
27,-1,659,450,23.7,76,0.928
27,-1,1011,434,35.8,112.7,0.921
27,-1,944,440,30.3,82.4,0.918
27,-1,588,455,25,64.9,0.9
27,-1,572,451,23.8,59.9,0.831
27,-1,625,452,22.4,62.3,0.808
27,-1,644,451,24.1,66.5,0.754
27,-1,560,457,21.2,55.5,0.452
28,-1,1269,414,102.1,279.1,1
28,-1,1229,446,71.2,166.6,1
28,-1,205,449,89.2,187.3,1
28,-1,413,432,112.3,241,1
28,-1,971,447,39.2,111.3,1
28,-1,306,459,64.8,175.9,0.999
28,-1,1024,438,41.2,120.6,0.998
28,-1,926,444,34.4,84.5,0.996
28,-1,118,452,31.6,76.7,0.996
28,-1,549,462,19.2,53,0.989
28,-1,603,453,24.5,68.2,0.987
28,-1,577,454,22.8,62.6,0.984
28,-1,626,459,22.1,61.9,0.977
28,-1,650,457,22,67,0.967
28,-1,355,447,65.2,185.5,0.956
28,-1,637,451,21,67.3,0.935
28,-1,659,455,25.3,71.5,0.925
28,-1,1005,446,31.2,97.5,0.891
28,-1,-1,415,28.7,119.3,0.482
29,-1,388,436,111.7,254.8,1
29,-1,1215,437,73.8,189.6,1
29,-1,203,452,78.1,180.2,1
29,-1,960,442,40,109.6,1
29,-1,919,444,30.1,79.7,0.999
29,-1,1275,406,87.8,296.1,0.999
29,-1,1011,434,44.9,122,0.999
29,-1,292,457,62.2,178.3,0.997
29,-1,565,452,23.1,62.1,0.995
29,-1,100,450,36,75.5,0.993
29,-1,594,453,24.6,59.9,0.984
29,-1,345,457,59.4,176.5,0.984
29,-1,990,438,33.3,112.2,0.977
29,-1,540,459,20.1,54.2,0.973
29,-1,625,460,21.3,60.1,0.964
29,-1,634,453,23.5,68.8,0.953
29,-1,645,452,23.9,75.2,0.935
29,-1,1406,457,36.5,100.1,0.413
29,-1,612,457,20,58.1,0.405
30,-1,363,429,109.1,265.6,1
30,-1,1255,417,91.6,297.4,1
30,-1,1195,449,70.9,171,1
30,-1,167,446,79.5,192.1,1
30,-1,940,443,41.6,106.5,0.999
30,-1,69,445,33.4,79.3,0.999
30,-1,269,447,65.6,190.4,0.995
30,-1,899,439,33.5,90.1,0.994
30,-1,319,439,65.1,188,0.993
30,-1,519,453,19.5,57.1,0.99
30,-1,984,434,43.2,115.5,0.987
30,-1,965,437,33.9,111.2,0.986
30,-1,569,447,24.1,66,0.978
30,-1,597,455,23.4,66.1,0.972
30,-1,540,456,20.7,55,0.972
30,-1,610,449,24.2,71.4,0.962
30,-1,624,455,21.1,73.6,0.947
30,-1,581,456,25.5,62.8,0.543
30,-1,551,458,21.2,57.5,0.515
30,-1,1333,581,31.2,77.7,0.477
30,-1,629,443,26.7,76.1,0.469
31,-1,1254,423,96.7,297.1,1
31,-1,1180,449,72.9,164.2,1
31,-1,351,443,100.5,255.7,1
31,-1,931,448,39.8,104.4,1
31,-1,149,442,93.7,206.8,1
31,-1,254,451,60.3,188.6,0.999
31,-1,54,450,31.7,74.9,0.999
31,-1,889,448,31.7,81.4,0.995
31,-1,976,442,46.7,115.9,0.994
31,-1,533,457,23.9,63.9,0.992
31,-1,559,454,22.7,60.9,0.99
31,-1,956,442,32.8,104.2,0.989
31,-1,584,456,24.9,67,0.977
31,-1,599,456,22.9,67.1,0.973
31,-1,313,457,62.6,179.4,0.966
31,-1,508,458,21.1,53.8,0.965
31,-1,616,455,26,75.6,0.943
32,-1,921,451,39.4,104.5,1
32,-1,1246,420,106.6,304,1
32,-1,332,438,99,252.2,1
32,-1,136,446,92.6,209.7,1
32,-1,1174,435,70.1,186.9,1
32,-1,966,444,47.5,116.9,0.999
32,-1,877,448,33.3,85.6,0.999
32,-1,232,461,68.6,180.3,0.998
32,-1,35,454,33.3,70.5,0.998
32,-1,520,460,23.1,59.8,0.997
32,-1,942,448,38.2,113.4,0.996
32,-1,546,457,23.1,62.9,0.986
32,-1,498,461,20.6,56.8,0.981
32,-1,609,454,23.4,75.5,0.957
32,-1,590,457,24.5,74.4,0.949
32,-1,572,458,21.6,63.4,0.927
32,-1,296,446,65.5,199.7,0.617
33,-1,119,449,97.9,203.9,1
33,-1,907,459,35.1,97.5,1
33,-1,1240,419,92.1,298.8,1
33,-1,1153,449,80.5,173.4,1
33,-1,868,450,30,83.8,0.999
33,-1,19,451,36.3,77.9,0.999
33,-1,319,435,104.5,252.9,0.999
33,-1,219,454,60.5,181.3,0.999
33,-1,954,445,47.3,117.2,0.998
33,-1,512,459,23.3,65.6,0.994
33,-1,931,449,33.9,109,0.987
33,-1,542,459,22.3,62.5,0.983
33,-1,559,457,24.4,71.6,0.982
33,-1,485,466,18.6,53.4,0.982
33,-1,573,457,25.6,68.5,0.962
33,-1,277,447,79.2,204.7,0.943
33,-1,595,459,24.5,71.7,0.932
34,-1,1226,417,95.3,308.5,1
34,-1,1153,447,63.5,172.4,1
34,-1,210,466,60.8,182.7,1
34,-1,110,448,93,205.8,1
34,-1,896,453,42.8,105.6,0.999
34,-1,300,441,102.8,249.8,0.999
34,-1,944,445,46.6,124.1,0.999
34,-1,858,451,31.4,85.2,0.994
34,-1,3,448,36.7,98.7,0.985
34,-1,496,461,22.2,65.8,0.981
34,-1,558,469,21.2,61.7,0.977
34,-1,477,468,21.9,55,0.96
34,-1,567,461,22.9,69,0.954
34,-1,924,445,37.5,113.8,0.945
34,-1,530,463,22.8,62.1,0.943
34,-1,577,461,23.8,75.9,0.913
34,-1,589,464,26.8,70.9,0.654
34,-1,543,472,20.6,57.2,0.565
34,-1,879,441,38.3,95,0.512
35,-1,1133,456,73,163.3,1
35,-1,98,458,85.5,214.7,1
35,-1,1214,416,110.7,323.4,1
35,-1,288,451,101.8,264.2,0.999
35,-1,188,459,69.2,185.7,0.999
35,-1,845,458,32.7,83,0.999
35,-1,486,470,21.7,64.3,0.997
35,-1,929,451,48.2,123.9,0.997
35,-1,879,456,43.9,114.9,0.994
35,-1,512,463,23.9,69.5,0.993
35,-1,461,472,17.9,51.7,0.993
35,-1,574,470,23.4,69.6,0.979
35,-1,553,466,25.3,75.5,0.97
35,-1,533,469,23.8,65.9,0.966
35,-1,910,446,30.7,118,0.957
35,-1,244,457,70.3,214.3,0.863
36,-1,1119,454,81.9,173.1,1
36,-1,873,456,44.4,114.8,1
36,-1,265,451,115.1,258.6,1
36,-1,79,462,93,199.4,1
36,-1,1232,419,99.4,329.4,0.999
36,-1,923,451,49.7,121.6,0.999
36,-1,182,474,63.1,173.1,0.999
36,-1,840,455,34.2,88.5,0.999
36,-1,453,469,19.3,57.9,0.994
36,-1,905,451,29.8,117.4,0.991
36,-1,475,465,23,67.5,0.983
36,-1,534,467,24.4,67.6,0.975
36,-1,510,462,24.7,67.8,0.968
36,-1,554,470,24.3,70.9,0.964
36,-1,567,468,25.1,71.1,0.929
37,-1,1122,465,67.2,163.1,1
37,-1,868,457,43.7,106.4,1
37,-1,1233,424,85.5,323.9,1
37,-1,72,451,92.3,210.4,1
37,-1,232,444,132.4,291,0.999
37,-1,834,452,36.1,95.4,0.997
37,-1,165,458,69.5,201.6,0.996
37,-1,896,450,35.5,118.2,0.995
37,-1,919,443,53.7,125.1,0.993
37,-1,476,466,21.8,63,0.982
37,-1,546,462,23.8,74.4,0.973
37,-1,524,468,23.8,64.3,0.961
37,-1,452,472,18.9,49.9,0.957
37,-1,559,468,27.7,77.1,0.956
37,-1,504,465,23.5,65,0.921
37,-1,443,469,20.2,62.1,0.815
38,-1,867,454,44.3,112.6,1
38,-1,1118,464,70.5,167.8,1
38,-1,70,458,87.4,210,1
38,-1,915,453,47.7,110,0.999
38,-1,302,454,71.6,182.4,0.999
38,-1,1232,420,93.9,315.6,0.999
38,-1,232,432,134.7,294.7,0.999
38,-1,161,462,66.8,195.3,0.998
38,-1,894,454,40.2,107.7,0.993
38,-1,835,456,34.1,86.5,0.992
38,-1,470,466,24.3,65.9,0.986
38,-1,443,474,19.8,50.2,0.972
38,-1,531,462,23.3,67.9,0.948
38,-1,554,472,25.2,72.7,0.941
38,-1,500,472,21.9,60.6,0.911
38,-1,512,477,19.8,55.4,0.893
38,-1,543,469,21,72.2,0.861
39,-1,52,451,98.6,206.3,1
39,-1,1218,430,108.8,323.3,1
39,-1,1104,459,69.6,173.2,1
39,-1,217,433,135.3,294.2,1
39,-1,158,470,65.9,187,0.999
39,-1,825,455,33.9,84.8,0.998
39,-1,862,456,38.9,110.5,0.998
39,-1,914,447,43.8,116.8,0.997
39,-1,894,456,32,110.3,0.991
39,-1,467,463,24.8,68.6,0.99
39,-1,437,471,20.8,58.1,0.99
39,-1,540,466,26.2,78.9,0.968
39,-1,511,471,21.4,57.7,0.959
39,-1,493,469,23.8,61.5,0.958
39,-1,526,463,26.6,69.7,0.952
39,-1,555,462,23.9,77.4,0.878
40,-1,32,444,98.8,224.1,1
40,-1,1227,429,112.4,310.9,1
40,-1,184,445,151,298.7,1
40,-1,847,449,45.3,110.9,1
40,-1,1097,442,71.2,172.2,1
40,-1,818,450,31.7,86.7,0.999
40,-1,138,467,69.8,189.4,0.999
40,-1,895,441,49,121.6,0.995
40,-1,456,463,22.3,61.1,0.995
40,-1,482,464,22.5,64,0.984
40,-1,430,469,20.4,55.2,0.983
40,-1,505,470,21.4,59.4,0.964
40,-1,520,464,24.5,69.6,0.959
40,-1,533,465,22.7,80.2,0.941
40,-1,740,459,26.9,67.7,0.922
40,-1,877,446,35,120.5,0.794
40,-1,549,463,21.3,80.1,0.419
41,-1,169,433,146.5,307.9,1
41,-1,1088,451,66.5,174.2,1
41,-1,1221,406,112.3,330.4,1
41,-1,846,450,40,108.8,1
41,-1,124,457,73.4,191.5,0.999
41,-1,25,456,96.8,205,0.999
41,-1,893,441,47.9,123.8,0.998
41,-1,290,454,61.2,178.4,0.998
41,-1,816,450,30.1,80.7,0.998
41,-1,452,465,19.8,59,0.994
41,-1,509,458,24.4,72.5,0.97
41,-1,739,455,26.6,65.2,0.962
41,-1,481,466,21.5,56.6,0.96
41,-1,495,465,23.1,63.5,0.957
41,-1,530,462,22.7,76.3,0.953
41,-1,427,467,20.1,51.8,0.95
41,-1,874,445,34.1,111.9,0.878
42,-1,172,447,131.4,295.8,1
42,-1,1223,407,108.3,325.7,1
42,-1,839,449,41.5,107.3,1
42,-1,1087,445,68.5,176.5,1
42,-1,26,452,86.2,207.5,1
42,-1,123,464,68.9,188.9,0.999
42,-1,888,440,46.6,117.2,0.998
42,-1,811,447,31.7,85.5,0.997
42,-1,729,450,27,69,0.995
42,-1,277,454,66.4,177.2,0.995
42,-1,443,455,24.3,64.3,0.995
42,-1,871,443,32.6,118.9,0.989
42,-1,419,465,18.9,56.2,0.989
42,-1,478,462,23.8,62.6,0.986
42,-1,505,460,23.5,67.4,0.958
42,-1,521,461,25.3,79.7,0.946
42,-1,489,461,24.2,66.5,0.945
42,-1,917,438,36.3,104.9,0.488
43,-1,1217,422,126,318.7,1
43,-1,12,452,102,214.4,1
43,-1,832,447,43.4,113.2,1
43,-1,157,431,148.7,311.7,1
43,-1,1073,443,76.1,175.9,1
43,-1,115,471,72.6,186,0.999
43,-1,806,446,32.8,84.8,0.999
43,-1,883,438,48.7,117.1,0.998
43,-1,418,463,20.7,60.8,0.99
43,-1,275,456,62.1,172.1,0.989
43,-1,440,456,22.1,63.7,0.987
43,-1,729,451,26,67.4,0.986
43,-1,470,462,23.1,61.5,0.981
43,-1,505,459,24.8,72.9,0.96
43,-1,490,467,22.5,61.2,0.953
43,-1,519,460,23.3,75,0.949
43,-1,860,443,35.3,113.2,0.785
43,-1,531,457,22.8,83.7,0.42
44,-1,1231,412,104.7,336.1,1
44,-1,5,444,99.3,224.5,1
44,-1,145,433,136.2,307.3,1
44,-1,1070,433,65.8,174.4,1
44,-1,829,448,39.5,103.2,0.999
44,-1,722,448,29.6,74.5,0.998
44,-1,801,444,32.7,88.4,0.998
44,-1,103,465,66.1,177.1,0.998
44,-1,267,453,61.6,176,0.998
44,-1,872,433,45.7,119.7,0.994
44,-1,904,441,37.3,104.1,0.987
44,-1,436,456,24.3,62,0.985
44,-1,481,469,21.1,56.6,0.985
44,-1,409,467,20,55.9,0.984
44,-1,466,460,22,61.6,0.95
44,-1,514,457,25.4,81.8,0.937
44,-1,492,459,23.1,68,0.88
45,-1,244,447,68.7,187.3,1
45,-1,1216,404,113.6,343.8,1
45,-1,1060,442,73.5,170.6,1
45,-1,128,427,148.8,321.5,1
45,-1,900,438,34.9,106.6,0.999
45,-1,4,460,88.7,214.6,0.999
45,-1,824,443,37.5,111.4,0.998
45,-1,791,437,34.7,92.6,0.997
45,-1,716,446,28.7,72.6,0.993
45,-1,859,439,27.5,107.4,0.989
45,-1,871,427,49.7,124.6,0.988
45,-1,429,458,22.5,62.3,0.985
45,-1,474,469,19.1,52.7,0.978
45,-1,400,460,21.9,60.9,0.973
45,-1,93,460,65.9,181.3,0.959
45,-1,481,457,22.5,68.4,0.923
45,-1,456,466,22.3,57.8,0.909
45,-1,509,458,24.7,76.2,0.908
45,-1,495,459,22.3,73.1,0.826
46,-1,230,443,67.1,191.2,1
46,-1,-4,458,75.4,212.1,1
46,-1,123,437,128,298.1,1
46,-1,1225,387,118.9,381.5,1
46,-1,1057,438,71.8,176.7,0.999
46,-1,898,439,35.1,104.2,0.998
46,-1,87,465,63.3,170.8,0.998
46,-1,864,436,48.4,118,0.997
46,-1,817,445,42.5,113.7,0.996
46,-1,793,442,32.3,89.5,0.995
46,-1,423,461,22.7,59.8,0.995
46,-1,395,460,21.1,60.1,0.992
46,-1,711,447,25.1,69.2,0.987
46,-1,471,463,22.8,61.5,0.983
46,-1,502,457,26.3,78.5,0.961
46,-1,483,456,26.1,76.6,0.957
46,-1,456,456,24.7,69.5,0.91
47,-1,112,434,143.3,312.3,1
47,-1,219,450,74,191.8,1
47,-1,1048,443,72.2,167.8,1
47,-1,1225,386,116.6,372.9,1
47,-1,890,439,36.6,105.3,0.999
47,-1,-4,445,80.3,220.1,0.999
47,-1,864,435,43.7,119.3,0.994
47,-1,395,461,18.3,56.3,0.992
47,-1,785,441,33.1,87.3,0.991
47,-1,421,455,23.1,63.6,0.989
47,-1,479,457,23.3,71.7,0.982
47,-1,813,439,42.3,112.9,0.981
47,-1,77,450,67.4,186.7,0.98
47,-1,461,458,23.3,61.2,0.973
47,-1,707,450,25.8,67.6,0.972
47,-1,502,461,21.2,70.2,0.95
47,-1,846,442,28.6,105.4,0.841
47,-1,449,459,23.5,64.7,0.832
47,-1,490,454,25.4,81.5,0.794
48,-1,68,465,70.2,178.1,1
48,-1,100,441,131.6,315,1
48,-1,212,452,74.1,187.9,1
48,-1,1047,442,63.1,169,1
48,-1,1217,401,124.6,362.7,1
48,-1,783,441,30.8,92.6,0.998
48,-1,859,435,43.8,118.5,0.997
48,-1,-9,451,69.8,212,0.997
48,-1,809,447,42,109.5,0.997
48,-1,887,444,34.3,102.4,0.994
48,-1,420,459,23,62.9,0.992
48,-1,388,466,20.1,57,0.985
48,-1,703,447,28.5,70.1,0.977
48,-1,457,464,22.9,62.7,0.973
48,-1,843,440,32.1,110.9,0.936
48,-1,490,460,25.5,79.3,0.93
48,-1,475,455,24,69.9,0.916
48,-1,442,450,28.5,77.5,0.756
48,-1,406,463,21.9,61.6,0.756
49,-1,1037,447,74.1,173.1,1
49,-1,198,436,84.7,205.4,1
49,-1,1234,393,111.4,367.1,1
49,-1,69,436,168,332.3,1
49,-1,883,441,42.2,109.7,1
49,-1,853,439,47,118.8,1
49,-1,807,445,40.1,107.5,0.999
49,-1,777,442,34.8,92,0.998
49,-1,696,450,27.4,67.2,0.995
49,-1,409,456,25.9,65.1,0.994
49,-1,-6,455,52.2,212.3,0.989
49,-1,383,465,19.8,53.5,0.987
49,-1,486,456,27.3,79.9,0.969
49,-1,459,459,26,69.4,0.952
49,-1,446,463,25,63.2,0.909
49,-1,833,443,35.3,111.1,0.891
49,-1,472,455,26,76.5,0.864
49,-1,433,461,23.5,65,0.537
50,-1,1229,379,125.3,389.2,1
50,-1,876,438,40.1,106.9,1
50,-1,55,432,149.7,333.9,1
50,-1,1026,442,75.1,175.3,1
50,-1,844,436,48.3,114.6,1
50,-1,196,447,73.4,189.6,0.999
50,-1,796,445,43.4,108.2,0.998
50,-1,687,447,29.2,73.1,0.997
50,-1,772,440,34.2,90.5,0.993
50,-1,407,457,21.8,61.2,0.986
50,-1,373,461,20.1,55.1,0.963
50,-1,436,463,24.3,62.7,0.962
50,-1,476,458,24.9,77.2,0.946
50,-1,459,456,24.5,74.2,0.943
50,-1,392,463,21.6,58,0.681
50,-1,825,448,37.3,103.4,0.551
51,-1,1017,436,66.9,186.1,1
51,-1,842,436,45.8,119.6,1
51,-1,875,438,36.4,107,1
51,-1,1249,388,97.2,371.5,1
51,-1,194,441,78.1,192.2,0.999
51,-1,42,414,152.9,352.3,0.999
51,-1,769,445,34.5,89.6,0.997
51,-1,788,445,45.1,108.8,0.996
51,-1,685,452,27.2,72.8,0.993
51,-1,370,462,21.2,56.7,0.975
51,-1,452,456,23.6,68.5,0.964
51,-1,471,454,29.7,75.1,0.949
51,-1,400,461,21,59.4,0.935
51,-1,434,464,24,60.1,0.821
51,-1,386,462,20.3,59.9,0.749
51,-1,423,458,23.6,66.1,0.554
51,-1,409,458,23.4,66.2,0.533
52,-1,1017,444,64,164.4,1
52,-1,791,441,38.6,110.3,1
52,-1,1239,376,113.2,411.1,1
52,-1,15,428,176.4,345,1
52,-1,182,439,77.6,195.7,1
52,-1,681,445,29.3,71.4,0.999
52,-1,839,432,45.9,124.8,0.998
52,-1,764,438,34.9,88.6,0.996
52,-1,398,458,20.9,59.2,0.996
52,-1,365,458,19.5,55.6,0.994
52,-1,822,437,30.4,113.8,0.978
52,-1,876,435,37.8,112.6,0.97
52,-1,447,449,26.1,78.4,0.958
52,-1,427,461,21.8,59.4,0.953
52,-1,468,449,28.9,86.9,0.932
52,-1,382,459,22.2,61,0.866
53,-1,172,441,85.7,193.2,1
53,-1,1230,383,125.1,404.5,1
53,-1,781,440,43.6,109.2,1
53,-1,839,437,44.6,116.6,1
53,-1,6,417,165.1,363.7,1
53,-1,869,432,37.9,109.3,1
53,-1,1014,438,63.8,170.4,1
53,-1,676,445,27.3,69.3,0.999
53,-1,759,436,31.9,87.5,0.999
53,-1,393,452,22.9,64.2,0.988
53,-1,821,436,31.2,112.8,0.98
53,-1,359,456,21.3,64.2,0.969
53,-1,459,451,28.9,80.3,0.968
53,-1,420,459,24.7,65.3,0.967
53,-1,441,446,29.6,79.7,0.906
53,-1,381,458,22.2,61.9,0.902
54,-1,997,444,68.3,167.1,1
54,-1,865,428,38.6,110.5,1
54,-1,1232,380,130.4,405.9,1
54,-1,775,436,42.7,110.9,1
54,-1,171,441,75.8,179.6,0.999
54,-1,-13,405,191.5,391.8,0.999
54,-1,822,428,48.4,124.9,0.998
54,-1,756,438,34.1,88.5,0.992
54,-1,433,450,22.1,67.8,0.981
54,-1,669,442,28.4,74.3,0.978
54,-1,455,452,26.7,77.8,0.978
54,-1,417,458,20.4,60.7,0.971
54,-1,385,448,23,70.8,0.948
54,-1,355,453,20.9,59.6,0.935
54,-1,368,454,19.4,57.7,0.829
54,-1,399,454,21.3,67.7,0.547
55,-1,857,424,38.1,107.3,1
55,-1,140,440,72.9,202.8,1
55,-1,982,430,73.9,166.4,1
55,-1,1236,397,127.7,379.5,1
55,-1,766,430,40.3,111.9,1
55,-1,816,423,44.5,118.3,0.999
55,-1,748,431,34.8,92.4,0.997
55,-1,662,438,27.9,66.4,0.997
55,-1,-15,397,129.7,382.4,0.995
55,-1,178,430,72.7,174.7,0.994
55,-1,374,448,21.7,61.8,0.993
55,-1,345,451,20.4,53.9,0.97
55,-1,444,440,30.3,86.6,0.957
55,-1,406,456,23.8,64.5,0.94
55,-1,426,450,24.9,65.4,0.814
55,-1,357,452,18,52.8,0.43
56,-1,1232,381,136,420.6,1
56,-1,852,422,40.7,119.2,1
56,-1,978,428,73.9,171.1,1
56,-1,128,436,78.2,208.6,1
56,-1,768,434,39.2,118.1,0.999
56,-1,739,431,34.6,92.8,0.998
56,-1,811,423,43.8,121.8,0.996
56,-1,367,451,20.7,60.2,0.993
56,-1,437,447,27.8,76.6,0.992
56,-1,653,434,29.7,72.5,0.992
56,-1,337,454,21.3,58.1,0.986
56,-1,-29,405,146,384,0.98
56,-1,399,455,22.7,62.3,0.978
56,-1,418,444,25.2,73.2,0.87
56,-1,355,450,21.3,56.6,0.715
56,-1,795,428,31.1,116.3,0.545
57,-1,846,424,42,111.6,1
57,-1,112,441,78.6,200.9,1
57,-1,1245,387,117.8,412.9,1
57,-1,966,429,72.8,175.5,1
57,-1,753,430,41.9,113.7,1
57,-1,651,437,28.5,72.5,0.999
57,-1,158,429,70.1,182.3,0.999
57,-1,800,432,56.7,107.6,0.999
57,-1,333,452,22.1,61.9,0.995
57,-1,733,427,34.7,95.5,0.995
57,-1,364,448,22.4,61.4,0.987
57,-1,56,445,76,201.6,0.986
57,-1,431,447,30.4,77.7,0.982
57,-1,-27,394,117.9,399.7,0.93
57,-1,417,446,25.4,73,0.904
57,-1,388,450,23.9,67.6,0.865
57,-1,352,452,19,53.8,0.846
57,-1,401,453,24,66.2,0.692
58,-1,959,430,78.1,177.1,1
58,-1,1245,375,132,428.5,1
58,-1,751,430,41.3,105.5,1
58,-1,149,427,71.1,186.4,0.999
58,-1,726,428,37.3,91.7,0.999
58,-1,844,421,38.4,112.4,0.999
58,-1,100,438,82.9,217.7,0.999
58,-1,647,438,27.1,63.7,0.999
58,-1,801,423,48,125.8,0.999
58,-1,359,442,24.2,66.9,0.993
58,-1,38,446,78,198.5,0.988
58,-1,328,451,21.1,59.8,0.986
58,-1,411,445,24,70.3,0.973
58,-1,389,451,20.8,63.2,0.965
58,-1,429,445,26,77,0.892
58,-1,347,454,21.1,56,0.889
58,-1,396,445,25.1,74.4,0.795
58,-1,-22,391,104.9,398.3,0.615
59,-1,745,436,43.7,114.1,1
59,-1,1243,386,145.8,422.5,1
59,-1,957,429,74.9,176.5,1
59,-1,645,436,28.5,70.6,0.999
59,-1,839,422,45,112.1,0.999
59,-1,798,427,43.6,117.6,0.999
59,-1,104,438,67,211,0.999
59,-1,146,429,69.2,183.1,0.999
59,-1,722,431,37.8,92.3,0.995
59,-1,43,450,67.5,190.4,0.991
59,-1,324,450,21.5,58.3,0.989
59,-1,357,445,21.2,67.3,0.988
59,-1,388,451,21.3,63,0.98
59,-1,410,442,25.2,69.9,0.977
59,-1,340,452,21,57.6,0.853
59,-1,-2,435,85.8,250.1,0.449
60,-1,128,422,76.3,199.8,1
60,-1,1245,377,138,450.5,1
60,-1,734,435,43.2,111,1
60,-1,953,435,69.2,162,1
60,-1,837,422,42.6,111.5,1
60,-1,91,440,80.5,204.1,0.999
60,-1,788,423,43.2,120.1,0.998
60,-1,637,434,27.9,75.1,0.998
60,-1,713,432,41.4,98.2,0.992
60,-1,320,455,21.6,57.8,0.991
60,-1,18,442,74.3,206.2,0.985
60,-1,346,452,20.9,57,0.975
60,-1,378,449,23.3,68.9,0.963
60,-1,392,443,24.4,74.2,0.937
60,-1,334,456,21.4,56,0.913
60,-1,357,451,20.9,67.1,0.613
60,-1,1222,430,41.6,128.7,0.451
61,-1,1263,390,137.1,435.3,1
61,-1,733,434,43.9,108.3,1
61,-1,944,417,85.1,192.7,1
61,-1,125,416,73.9,206.4,0.999
61,-1,82,436,73.7,206.4,0.998
61,-1,714,429,34.5,90.8,0.998
61,-1,632,434,27.9,73.5,0.998
61,-1,836,426,43,110.7,0.997
61,-1,783,418,46.4,133.5,0.997
61,-1,18,449,66.3,191.7,0.991
61,-1,341,453,23,61.6,0.937
61,-1,313,450,21.5,64.3,0.93
61,-1,331,450,20.4,63.2,0.853
61,-1,374,458,19.8,56.3,0.821
61,-1,1227,436,44.7,124.8,0.677
61,-1,355,451,22.1,62.7,0.61
62,-1,1266,376,140.7,450.2,1
62,-1,938,437,77.7,179.5,1
62,-1,632,440,27.8,68.9,1
62,-1,734,441,40.3,108.1,1
62,-1,69,441,83.9,210.8,0.999
62,-1,133,419,66.2,197.1,0.999
62,-1,835,427,40.1,111.6,0.999
62,-1,710,435,38.5,93.7,0.999
62,-1,773,426,45.2,122.5,0.999
62,-1,7,449,74.1,199.8,0.975
62,-1,313,457,20.2,56.7,0.975
62,-1,345,447,22.6,73,0.94
62,-1,332,457,20.1,54.9,0.887
62,-1,377,454,20.9,62,0.81
63,-1,711,435,37.8,91.7,1
63,-1,947,440,68.1,161,1
63,-1,117,426,74.5,195.5,1
63,-1,779,426,47.5,124.5,1
63,-1,1260,357,152.8,477.6,1
63,-1,733,435,41.2,111.4,1
63,-1,72,444,83.6,206.5,0.999
63,-1,632,444,25.1,65.8,0.999
63,-1,834,427,40.5,115.3,0.999
63,-1,3,442,70.9,201.1,0.996
63,-1,312,457,21.1,58.6,0.991
63,-1,347,449,22.9,62.3,0.958
63,-1,335,455,20.9,57.7,0.908
63,-1,374,457,21.6,65.2,0.832
64,-1,1268,366,174,459.8,1
64,-1,113,424,78.2,192.2,1
64,-1,4,452,72.2,198.9,1
64,-1,629,438,26.7,68.1,1
64,-1,731,439,42.7,111.7,1
64,-1,834,423,43.5,115.3,1
64,-1,778,427,48.3,124.9,1
64,-1,946,425,68.5,174.6,1
64,-1,68,438,83.4,207.8,0.998
64,-1,711,434,35.1,93.5,0.997
64,-1,346,447,24.3,66.4,0.958
64,-1,315,456,19.1,58.3,0.958
64,-1,329,452,22.5,60,0.898
64,-1,373,454,20.5,65,0.63
65,-1,837,426,38.5,115.3,1
65,-1,936,435,74.4,169.8,1
65,-1,727,439,39,99,1
65,-1,1277,357,164.3,491.2,1
65,-1,779,427,44.4,117.9,1
65,-1,108,431,71.3,184.4,0.999
65,-1,60,440,78,213.7,0.997
65,-1,711,427,35.2,96.7,0.997
65,-1,630,435,29.3,74.4,0.994
65,-1,-2,464,64,176.2,0.992
65,-1,341,445,23.1,69.9,0.98
65,-1,307,452,22.4,60.6,0.946
65,-1,536,443,38,86.3,0.924
65,-1,329,455,21.6,58,0.808
65,-1,749,436,38.1,105.7,0.455
66,-1,932,435,71.5,165.4,1
66,-1,1286,369,182.8,462.2,1
66,-1,728,437,40,104.4,1
66,-1,775,428,42.4,121.1,1
66,-1,53,445,82.1,196.5,0.999
66,-1,-4,452,62.3,195.9,0.999
66,-1,628,433,28.1,71.9,0.999
66,-1,102,431,87.4,182.6,0.999
66,-1,838,427,37.2,107.4,0.999
66,-1,712,430,32.8,90.8,0.994
66,-1,308,456,20.8,57.4,0.983
66,-1,342,447,24.7,62.8,0.974
66,-1,328,456,20.9,55.6,0.902
66,-1,529,446,34.8,86,0.809
67,-1,629,435,25.8,67.2,1
67,-1,932,426,71.5,180.5,1
67,-1,1298,377,174.4,463.9,1
67,-1,837,427,39.6,107.9,1
67,-1,721,429,45,118,1
67,-1,771,429,45.6,116.5,1
67,-1,46,441,93.7,212.7,0.999
67,-1,103,428,73.7,184.3,0.999
67,-1,-8,441,64,208.8,0.984
67,-1,303,446,25.7,67.4,0.976
67,-1,532,441,33.2,83,0.958
67,-1,338,451,21,55.5,0.94
67,-1,328,449,22.4,61.2,0.882
67,-1,701,429,33.7,92,0.411
68,-1,1310,367,171.9,485.3,1
68,-1,721,428,39.4,110.2,1
68,-1,927,427,73.4,174.6,1
68,-1,626,431,28,67,1
68,-1,765,424,42.1,117.3,0.999
68,-1,95,419,76.2,198.9,0.999
68,-1,835,417,42.5,119.5,0.999
68,-1,43,431,84.8,207.9,0.995
68,-1,521,428,38.2,98.2,0.992
68,-1,304,444,21.1,60.4,0.97
68,-1,705,422,33.1,92.6,0.886
68,-1,-3,437,50.2,222.4,0.885
68,-1,332,449,22.6,60.6,0.809
68,-1,320,445,23.6,64.3,0.575
69,-1,627,430,27.4,69,1
69,-1,766,413,48.6,124.8,1
69,-1,920,413,77.2,183.1,1
69,-1,1323,343,193.7,519.4,1
69,-1,721,433,34.9,97.5,1
69,-1,83,417,75.2,201.9,0.999
69,-1,35,430,93.3,217.4,0.999
69,-1,306,448,20.6,54,0.997
69,-1,832,420,43.3,114,0.995
69,-1,702,419,33.6,93.8,0.995
69,-1,524,430,36.8,88.9,0.973
69,-1,-0,438,60.1,216.8,0.732
69,-1,326,452,17.6,49.1,0.718
69,-1,136,443,50.5,134.1,0.581
69,-1,498,411,50.6,122.6,0.505
70,-1,915,425,75.5,165.1,1
70,-1,626,429,26.6,68.6,1
70,-1,759,419,44.9,118.4,1
70,-1,1314,364,231.7,492.8,1
70,-1,75,423,76.6,194.8,1
70,-1,717,427,43.3,113,1
70,-1,29,432,86.3,216.4,0.999
70,-1,507,423,45.9,122.8,0.993
70,-1,304,446,22.5,58.8,0.992
70,-1,130,441,46.6,142.1,0.985
70,-1,826,417,45.6,118.2,0.982
70,-1,1220,422,39.9,116.1,0.941
70,-1,698,427,31.5,86.8,0.727
70,-1,291,405,37.7,101.1,0.4
71,-1,1336,376,212,488,1
71,-1,712,424,39.5,106,1
71,-1,914,420,76.3,177.7,1
71,-1,765,421,43.5,114,1
71,-1,620,428,25.5,68.3,1
71,-1,825,412,49.1,116.6,0.999
71,-1,71,417,80.1,207.3,0.999
71,-1,32,429,82,217.8,0.999
71,-1,516,420,38.6,117.9,0.994
71,-1,491,417,51.5,126.5,0.967
71,-1,301,440,22.6,63.8,0.87
72,-1,1339,341,213.4,544.9,1
72,-1,711,425,41.2,104.7,1
72,-1,758,417,46.3,124.8,1
72,-1,623,425,27.4,71.5,1
72,-1,910,419,73.4,167.3,1
72,-1,835,416,45.5,115.8,1
72,-1,26,422,85,226.5,0.998
72,-1,72,413,75.2,198.2,0.998
72,-1,521,429,40,92,0.996
72,-1,489,421,50.6,130.9,0.99
72,-1,128,435,40.3,149.4,0.935
72,-1,1226,420,35.8,112.6,0.416
73,-1,905,427,72.2,163,1
73,-1,1349,341,201.9,539.2,1
73,-1,828,415,48.8,119.1,1
73,-1,711,426,40.8,105.6,1
73,-1,762,414,46.9,120.9,0.999
73,-1,621,428,25.9,66.1,0.999
73,-1,524,428,39,93,0.999
73,-1,64,405,75.3,203.3,0.999
73,-1,18,433,82.9,206.4,0.998
73,-1,114,445,51.7,134.3,0.987
73,-1,486,423,47.9,122.6,0.984
74,-1,758,415,46.8,123.3,1
74,-1,1366,348,196.1,544.1,1
74,-1,908,427,70.6,166.8,1
74,-1,618,427,27.3,70.6,1
74,-1,830,420,38.9,109.8,1
74,-1,709,424,40.1,105.9,1
74,-1,60,409,78.6,208.1,0.999
74,-1,524,424,36.8,96.9,0.999
74,-1,11,433,85.4,206.4,0.999
74,-1,481,414,55,147.2,0.997
74,-1,118,437,51.8,141.2,0.991
75,-1,1373,331,215,600.5,1
75,-1,898,424,70.4,170.6,1
75,-1,709,430,39.6,111.1,1
75,-1,757,421,43.1,119.8,1
75,-1,54,418,77.9,202.9,0.999
75,-1,4,429,84.4,202.1,0.998
75,-1,527,430,34.3,91.7,0.998
75,-1,827,420,44.7,115.8,0.998
75,-1,111,440,49.8,134.3,0.997
75,-1,480,421,48.5,143.5,0.997
75,-1,617,434,28.1,66.9,0.996
76,-1,614,428,29.7,69.9,1
76,-1,893,424,71.7,177.3,1
76,-1,1379,336,195.2,588.7,1
76,-1,759,420,45.4,120.2,1
76,-1,523,427,34.8,88.7,0.999
76,-1,53,412,74.4,198.9,0.999
76,-1,706,431,42.8,121.6,0.999
76,-1,-1,434,78.3,207.1,0.998
76,-1,826,415,42.6,120.4,0.998
76,-1,471,415,54.1,139.2,0.998
76,-1,104,438,51.8,138.7,0.996
76,-1,1225,424,42.4,120.3,0.417
77,-1,522,428,35.8,89.4,1
77,-1,897,430,72.3,162.9,1
77,-1,1407,337,193.8,611.7,1
77,-1,708,434,42.3,108.1,1
77,-1,615,432,28,70.3,1
77,-1,46,412,73.1,208.9,0.999
77,-1,4,428,75.6,212.6,0.998
77,-1,826,421,43.2,116.9,0.998
77,-1,751,424,39.8,115.1,0.997
77,-1,472,417,56.7,137.7,0.995
77,-1,689,426,37.2,89.1,0.994
77,-1,95,432,56.4,149.3,0.987
78,-1,1434,351,165.6,592.1,1
78,-1,825,424,39.5,114.4,1
78,-1,703,429,43.9,116.2,1
78,-1,756,417,40.6,126.1,1
78,-1,888,429,72.3,167.8,1
78,-1,524,431,32.2,87.8,0.999
78,-1,33,416,84.5,205.9,0.999
78,-1,609,430,29.7,74.9,0.999
78,-1,-4,431,71,206.5,0.996
78,-1,480,419,52.1,131.8,0.995
78,-1,89,437,59,147.3,0.981
79,-1,1431,356,183.1,600.3,1
79,-1,31,415,88.9,211.8,1
79,-1,887,427,76.3,169.3,1
79,-1,703,433,38.2,107.6,1
79,-1,522,429,34.7,91.6,1
79,-1,753,419,44,119.4,1
79,-1,826,423,36.3,113.3,1
79,-1,472,421,58.7,137,0.999
79,-1,608,432,26.7,71.4,0.998
79,-1,92,441,57.2,141.6,0.997
79,-1,-6,434,73,201.8,0.968
80,-1,522,429,36.9,87.4,1
80,-1,745,427,45,114.3,1
80,-1,25,418,85.5,208.7,1
80,-1,883,433,65.2,162.7,1
80,-1,1464,335,181.6,644.9,1
80,-1,698,426,38.9,111.8,1
80,-1,607,427,29.7,76.5,0.999
80,-1,460,415,57.3,134.4,0.999
80,-1,822,412,46.2,134.1,0.998
80,-1,83,432,57.8,141.4,0.997
81,-1,744,421,46,121.4,1
81,-1,1477,329,169.7,649.3,1
81,-1,520,428,36.5,90.3,1
81,-1,698,427,39,109.9,1
81,-1,21,413,87.5,203.2,1
81,-1,874,423,76.3,178.1,1
81,-1,451,416,66.4,128.8,0.999
81,-1,821,419,42.9,115,0.999
81,-1,606,427,25.7,69.5,0.999
81,-1,80,425,60.4,160.4,0.984
82,-1,1476,346,202.7,679.1,1
82,-1,742,418,44.9,125.2,1
82,-1,14,409,77.9,211.7,1
82,-1,823,413,41.3,121.3,1
82,-1,879,422,61.6,178.6,1
82,-1,696,420,45.2,121,1
82,-1,454,417,57.8,133.5,0.999
82,-1,522,424,33.8,92.7,0.999
82,-1,606,428,24.8,69.5,0.997
82,-1,82,433,52.5,139.1,0.992
83,-1,871,420,70.2,177.2,1
83,-1,1488,356,210.6,658.8,1
83,-1,694,423,41.7,115.3,1
83,-1,5,403,90.4,205.5,1
83,-1,818,414,41.9,119.5,1
83,-1,449,406,62.7,140.5,0.999
83,-1,741,416,46,123.2,0.999
83,-1,516,421,36.3,94.8,0.999
83,-1,598,423,27.6,75.7,0.996
83,-1,82,429,57.8,141.2,0.995
84,-1,1503,336,231,695.4,1
84,-1,515,419,36.6,96.4,1
84,-1,821,411,44,122.6,1
84,-1,867,427,68.9,168.3,1
84,-1,10,401,73.8,211.6,1
84,-1,72,427,52.8,135.9,0.999
84,-1,599,419,30,78.9,0.999
84,-1,685,418,44.4,120.8,0.999
84,-1,733,410,46.9,124.2,0.999
84,-1,450,404,54.9,139.4,0.998
84,-1,1215,432,42.2,104.4,0.612
85,-1,737,417,46.4,121.4,1
85,-1,1502,346,276,716.2,1
85,-1,514,416,43.3,107.1,1
85,-1,-2,401,90.3,202.9,1
85,-1,866,423,64.7,163.3,1
85,-1,684,422,40,105.2,0.999
85,-1,596,421,28.2,73.4,0.998
85,-1,440,410,57.4,135.7,0.996
85,-1,820,409,39.5,119.5,0.995
85,-1,63,422,62.4,151.6,0.994
85,-1,1212,431,42.9,105.8,0.697
85,-1,708,416,46.2,124,0.54
86,-1,517,417,39,92.8,1
86,-1,864,407,73.5,178.4,1
86,-1,685,418,39,109.1,1
86,-1,1542,330,237.2,713,1
86,-1,728,413,46.1,128,1
86,-1,-2,398,75.1,217.3,1
86,-1,812,409,47.7,120.1,1
86,-1,596,419,28.4,74.5,0.999
86,-1,64,418,64.1,153.1,0.999
86,-1,434,406,58.8,137.4,0.996
86,-1,321,406,29.7,74.9,0.553
86,-1,385,420,23,60.9,0.548
86,-1,1215,421,37.2,114.9,0.497
87,-1,859,416,70.3,168.9,1
87,-1,1530,318,252.3,782.7,1
87,-1,727,409,46.7,123,1
87,-1,-3,403,75.1,218.3,1
87,-1,687,418,38.3,111.3,1
87,-1,519,417,37.7,97.3,0.999
87,-1,428,411,58.1,127.2,0.998
87,-1,816,413,41.8,121.1,0.996
87,-1,595,422,26.5,71.6,0.994
87,-1,66,418,57.8,150.6,0.993
87,-1,1213,427,44.5,113.8,0.556
87,-1,303,405,25.9,51.1,0.465
88,-1,1553,299,264.5,788.4,1
88,-1,682,421,40.8,112.7,1
88,-1,821,412,37.3,122.4,1
88,-1,855,423,67.3,170.3,1
88,-1,-9,404,82.6,213.6,1
88,-1,727,414,47.5,126.2,1
88,-1,422,403,61.6,137.2,0.999
88,-1,596,418,29.7,76.6,0.999
88,-1,517,414,40.6,103,0.997
88,-1,68,434,54.6,124.9,0.92
88,-1,1211,435,44.2,103.8,0.749
89,-1,852,417,69.7,166.1,1
89,-1,1577,336,244.7,764.3,1
89,-1,-4,403,77,220,0.999
89,-1,684,413,42.9,114.9,0.998
89,-1,729,409,44.3,124,0.998
89,-1,519,419,41.5,95.8,0.995
89,-1,423,409,48.5,128.5,0.994
89,-1,596,425,23.8,57.2,0.965
89,-1,822,412,43.3,120.4,0.946
90,-1,857,408,69.8,178.2,1
90,-1,597,421,26.9,71.4,1
90,-1,678,419,40.2,104.1,1
90,-1,1633,305,231,793.6,1
90,-1,518,421,40.3,89.4,0.999
90,-1,-20,389,80.2,215,0.999
90,-1,411,408,61.5,133.7,0.997
90,-1,730,414,44.3,120.2,0.997
90,-1,825,413,38,117.1,0.992
90,-1,324,423,37,89.8,0.946
91,-1,849,418,73.3,169.1,1
91,-1,1654,291,230.3,820.8,1
91,-1,682,418,44.8,113.7,1
91,-1,727,417,44.2,116.5,1
91,-1,520,418,42.1,92.4,0.999
91,-1,408,406,52.7,131.9,0.999
91,-1,818,411,45.6,115.8,0.997
91,-1,598,420,27.6,72.2,0.997
91,-1,-22,400,81.6,223.4,0.996
91,-1,329,421,29.5,82.5,0.976
91,-1,273,426,41.8,103.3,0.573
91,-1,1215,435,41.5,108.6,0.571
91,-1,307,421,28.3,81.7,0.405
92,-1,1657,309,253.8,806.4,1
92,-1,852,420,74.4,174,1
92,-1,595,420,30.1,72.1,1
92,-1,680,414,38.9,115.3,0.999
92,-1,724,415,46.1,119.2,0.999
92,-1,528,412,38.6,99.6,0.998
92,-1,-21,402,79.2,200.4,0.997
92,-1,322,416,36.4,94.8,0.996
92,-1,410,405,54.3,134,0.995
92,-1,825,413,38.3,114.3,0.995
92,-1,1227,428,39,118.6,0.608
92,-1,301,423,34.1,91.5,0.578
92,-1,353,433,32.7,84.9,0.493
93,-1,845,410,78.2,183.7,1
93,-1,1692,304,250.3,810.2,1
93,-1,825,407,38.9,122.3,0.999
93,-1,405,403,56.2,147.1,0.999
93,-1,528,410,46.2,101.9,0.999
93,-1,726,412,44.5,123.9,0.998
93,-1,679,415,41.3,117.3,0.998
93,-1,597,417,29.8,74.1,0.996
93,-1,329,423,29.3,82.5,0.996
93,-1,307,424,27.4,76.6,0.98
93,-1,305,415,44.8,102.3,0.781
93,-1,1221,432,43.1,112.8,0.643
93,-1,-5,403,81.8,238.4,0.599
93,-1,356,421,36.6,92.9,0.57
94,-1,536,414,39,101.8,1
94,-1,852,417,70.7,166.6,1
94,-1,684,410,44.6,113.9,0.999
94,-1,1698,295,277.3,830.8,0.999
94,-1,407,403,57,128.5,0.998
94,-1,827,405,44.2,115.4,0.998
94,-1,604,419,27,66.1,0.998
94,-1,741,414,39.9,109,0.997
94,-1,327,417,33.2,89.7,0.987
94,-1,719,403,47.5,127.7,0.985
94,-1,307,423,29.6,83.3,0.983
94,-1,1225,428,45.2,121.7,0.707
94,-1,359,412,38.9,104,0.679
95,-1,328,410,33.9,95.6,1
95,-1,685,406,39.8,115.2,1
95,-1,601,410,27,70.8,0.999
95,-1,849,405,72,181.1,0.999
95,-1,404,401,48.6,129.2,0.999
95,-1,540,408,37.2,99.1,0.999
95,-1,728,404,41.5,121.7,0.996
95,-1,307,419,28.6,87.7,0.983
95,-1,827,397,40.9,124.5,0.97
95,-1,359,417,33.9,97.3,0.932
95,-1,1736,278,275.7,856.5,0.784
95,-1,1231,419,40.6,114,0.542
95,-1,755,403,35,112.5,0.483
96,-1,603,409,25.5,68.6,1
96,-1,397,397,58.1,138.6,0.999
96,-1,683,404,46.1,114.8,0.999
96,-1,843,414,75.6,171.2,0.999
96,-1,727,404,45.7,126,0.998
96,-1,540,404,35.2,95.1,0.997
96,-1,327,409,31.7,87.4,0.989
96,-1,360,417,35.7,94.9,0.95
96,-1,306,414,29.8,83.6,0.938
96,-1,279,420,24.8,58.9,0.42
97,-1,682,397,44.5,118.9,1
97,-1,604,410,26,64.6,0.999
97,-1,844,405,77,167,0.999
97,-1,327,402,34,98,0.999
97,-1,543,403,35.1,96.4,0.998
97,-1,398,397,51.5,132.9,0.998
97,-1,720,391,46.2,127.4,0.997
97,-1,752,400,31.8,110.8,0.993
97,-1,311,417,26.7,81.7,0.988
97,-1,361,406,34.4,99.8,0.982
97,-1,1811,372,148.6,557.5,0.827
98,-1,684,395,43.2,124.1,1
98,-1,837,405,78.5,173,0.999
98,-1,602,407,27,61.7,0.999
98,-1,321,398,38.5,100.9,0.999
98,-1,400,391,46.7,134.3,0.998
98,-1,544,402,35.3,97.6,0.995
98,-1,718,392,47.7,122.3,0.993
98,-1,359,408,37.5,105,0.992
98,-1,749,393,36.2,112.2,0.986
98,-1,306,413,28.4,83.8,0.984
98,-1,1787,384,190,557.1,0.964
98,-1,1228,403,41.5,128,0.699
99,-1,841,401,65.9,164.3,1
99,-1,683,399,42.8,117.6,0.999
99,-1,603,405,26.6,66.2,0.999
99,-1,321,398,38.2,102.6,0.998
99,-1,725,397,42.9,120.9,0.997
99,-1,403,394,43.1,133.2,0.997
99,-1,547,402,35.8,98,0.992
99,-1,1805,374,165.5,551.1,0.985
99,-1,306,415,26.2,76.7,0.98
99,-1,357,410,36.4,99.2,0.959
99,-1,286,417,20.8,59.9,0.738
99,-1,1236,401,40.6,128.8,0.704
99,-1,752,405,36.3,107.9,0.438
100,-1,833,392,76.8,179.1,1
100,-1,685,394,39.8,111.3,0.999
100,-1,1791,368,167.9,537.1,0.997
100,-1,724,389,44.8,126.2,0.996
100,-1,547,402,32.3,101.1,0.996
100,-1,395,391,49.4,124.5,0.994
100,-1,607,402,26.9,68.2,0.993
100,-1,307,410,26.5,77.2,0.992
100,-1,325,394,34.3,101.5,0.991
100,-1,361,409,33,92.3,0.985
100,-1,753,394,33.3,111.6,0.964
100,-1,1236,399,44.6,121.6,0.638
101,-1,603,405,27.5,63.5,1
101,-1,682,394,39.8,115.4,1
101,-1,839,386,75,176.4,1
101,-1,1791,379,153,539,0.999
101,-1,745,394,33.9,109.9,0.999
101,-1,716,382,48.9,130.7,0.997
101,-1,321,400,32.6,90.5,0.994
101,-1,546,397,35.2,105.4,0.993
101,-1,354,402,35.5,102.2,0.992
101,-1,302,412,27.5,79.2,0.991
101,-1,390,390,48.1,121.7,0.967
101,-1,1234,401,38.7,125.7,0.455
101,-1,365,392,43.5,123.9,0.451
102,-1,835,387,71.9,186.7,1
102,-1,603,402,27.6,68.3,1
102,-1,1777,382,165.7,516.1,0.999
102,-1,682,394,42.6,118,0.999
102,-1,720,389,49.4,125.7,0.997
102,-1,318,396,36.5,94.2,0.995
102,-1,386,389,53.8,142.8,0.994
102,-1,547,399,35.8,101,0.993
102,-1,302,418,26.5,69.7,0.989
102,-1,353,405,37.6,102.7,0.977
102,-1,1236,414,37.7,115.9,0.582
103,-1,827,392,75.2,177.5,1
103,-1,1756,368,193.2,535.2,0.999
103,-1,679,390,41.1,121.2,0.999
103,-1,598,402,27.6,68.9,0.998
103,-1,716,390,54.3,132.9,0.996
103,-1,545,394,34.8,101.2,0.995
103,-1,350,403,36.5,103.4,0.992
103,-1,373,384,59.6,139.5,0.991
103,-1,318,398,33.5,93.6,0.975
103,-1,299,409,26.1,77,0.97
103,-1,1237,399,40.9,123.2,0.927
104,-1,596,400,29.5,73.9,1
104,-1,822,391,77.8,177.9,1
104,-1,677,390,40.2,115.7,1
104,-1,1740,379,210.3,525.6,1
104,-1,744,392,33.8,110.4,0.999
104,-1,545,395,38.6,109.3,0.998
104,-1,346,403,38.1,99.3,0.993
104,-1,715,392,49,121.7,0.991
104,-1,376,398,50.9,126.7,0.985
104,-1,298,415,25.5,78.1,0.982
104,-1,315,399,34.6,96.8,0.979
104,-1,1228,408,47.8,113.8,0.617
105,-1,822,394,70,176.5,1
105,-1,1706,366,228.3,535.8,1
105,-1,596,396,28.6,74.7,0.999
105,-1,675,390,41.9,115.1,0.999
105,-1,348,400,40.3,108.8,0.996
105,-1,749,395,32.3,114,0.996
105,-1,549,398,36.9,104.4,0.995
105,-1,714,388,47.6,121.4,0.994
105,-1,373,390,52.7,125.3,0.989
105,-1,293,406,28.1,86.1,0.982
105,-1,309,403,31.8,91.3,0.968
105,-1,323,397,34.8,95.5,0.628
105,-1,1229,405,49,122.5,0.6
105,-1,275,409,23.7,63.7,0.429
106,-1,676,395,38.9,112.4,1
106,-1,1688,367,240.6,540.5,1
106,-1,825,396,62.7,165.8,1
106,-1,544,394,37.3,103.5,0.998
106,-1,710,388,46.5,125.5,0.998
106,-1,596,400,25.8,69.2,0.996
106,-1,307,399,34.1,96.9,0.994
106,-1,345,402,37.3,106.3,0.988
106,-1,363,392,50.2,131.4,0.984
106,-1,286,415,29.9,80.2,0.974
106,-1,744,391,32.3,116.6,0.969
106,-1,1238,400,38.1,121.9,0.545
107,-1,1699,394,230.6,520.8,1
107,-1,672,391,45.5,117,1
107,-1,823,378,71.6,190.1,1
107,-1,595,400,25.7,66.6,0.998
107,-1,548,396,34.3,93.9,0.997
107,-1,708,392,49.1,121,0.996
107,-1,742,394,32.8,110.2,0.994
107,-1,345,399,36.9,99.6,0.993
107,-1,307,404,31,87.7,0.99
107,-1,367,388,51.1,137.2,0.984
107,-1,291,415,25.9,74.9,0.967
107,-1,1238,403,42,114.3,0.789
108,-1,1684,390,230.8,515.9,1
108,-1,811,398,74.9,178.2,1
108,-1,672,392,43.2,111.6,1
108,-1,549,390,35.3,105.5,0.998
108,-1,595,400,22.6,65,0.998
108,-1,710,385,45.5,125,0.997
108,-1,742,391,34.9,116.6,0.992
108,-1,361,384,51.4,138.3,0.991
108,-1,311,400,33.9,91.7,0.986
108,-1,286,416,27.2,75.6,0.931
108,-1,341,397,34.8,106.4,0.813
108,-1,79,388,51.7,130.6,0.543
108,-1,1238,396,37.6,122.2,0.453
109,-1,1694,370,229,557.6,1
109,-1,817,392,71.5,174.3,1
109,-1,674,392,43.3,113.6,1
109,-1,549,393,35.5,109.4,0.997
109,-1,589,393,29.5,72.5,0.997
109,-1,701,385,48.9,128.9,0.997
109,-1,740,388,37.2,120.8,0.996
109,-1,338,397,40.9,110.5,0.992
109,-1,357,388,51.1,131.5,0.987
109,-1,304,393,35.2,96.2,0.983
109,-1,287,411,27.2,79.6,0.945
109,-1,78,408,46.7,72.1,0.777
109,-1,67,397,49.1,127.3,0.692
109,-1,1238,403,38.5,117.1,0.416
110,-1,1703,382,220.4,543.7,0.999
110,-1,817,394,69.2,166.7,0.999
110,-1,669,394,42.2,116,0.999
110,-1,700,385,47.7,123.6,0.999
110,-1,739,391,37,113.4,0.999
110,-1,589,396,24.4,66.6,0.998
110,-1,546,390,38,105.7,0.997
110,-1,306,395,34.8,95.4,0.99
110,-1,48,394,58.7,159.8,0.989
110,-1,350,377,57.5,141.8,0.987
110,-1,287,407,27,80.2,0.945
111,-1,1683,372,239.5,541.9,1
111,-1,810,386,70.8,179.6,0.999
111,-1,739,388,36.2,113.3,0.999
111,-1,303,392,36.2,100.7,0.998
111,-1,706,379,47,124.5,0.998
111,-1,590,397,28.6,70,0.998
111,-1,544,390,40.1,114.8,0.996
111,-1,674,390,43.4,130.3,0.993
111,-1,40,389,58.3,164.9,0.992
111,-1,350,377,59.1,145.7,0.992
111,-1,280,407,29.8,81.1,0.866
111,-1,330,398,36.2,106.8,0.424
112,-1,1714,365,204.2,537.3,1
112,-1,814,392,66.2,174.1,1
112,-1,698,383,48.3,129.9,0.999
112,-1,739,389,33.6,112.3,0.999
112,-1,590,397,27.8,69.5,0.999
112,-1,671,394,41.7,116.8,0.999
112,-1,547,394,37.1,102.6,0.998
112,-1,45,398,57.5,140.9,0.997
112,-1,303,396,32.1,87.2,0.996
112,-1,346,386,53.8,142.6,0.995
112,-1,286,407,30.1,91.7,0.925
112,-1,323,392,33.9,110.3,0.456
113,-1,302,399,35.2,94.7,1
113,-1,590,400,26.2,65.8,1
113,-1,810,389,72.2,176.3,1
113,-1,1725,361,192.3,541.5,1
113,-1,671,391,41.6,116.6,1
113,-1,697,388,60.2,122.3,1
113,-1,550,399,36.5,100,0.999
113,-1,46,402,56.7,143,0.999
113,-1,351,386,61.6,142.8,0.997
113,-1,746,389,35,116.3,0.976
113,-1,280,412,27,79.7,0.889
114,-1,302,401,35.1,90.3,1
114,-1,1718,372,195.6,550,1
114,-1,811,389,73.7,177.1,1
114,-1,591,398,25.8,69.1,0.999
114,-1,705,380,49.6,133.3,0.999
114,-1,49,400,54.9,140.9,0.999
114,-1,670,389,45.9,123.1,0.998
114,-1,741,389,39.7,113.9,0.998
114,-1,552,392,37.5,105.2,0.996
114,-1,350,389,57.5,133.2,0.995
114,-1,288,413,25,73.8,0.828
115,-1,595,405,28.3,66.9,1
115,-1,1705,373,199.7,542,1
115,-1,818,395,70.5,173.3,0.999
115,-1,675,400,45.2,113.2,0.999
115,-1,312,398,34.7,96.7,0.999
115,-1,704,386,48,122,0.998
115,-1,49,399,53.2,146.4,0.998
115,-1,746,390,34.4,110.2,0.996
115,-1,555,393,39.2,109.2,0.994
115,-1,351,392,51.7,135.6,0.988
115,-1,296,409,31.2,88.7,0.893
115,-1,279,416,24.7,81,0.455
116,-1,1710,356,184.4,552.5,1
116,-1,752,388,34.7,116.5,1
116,-1,558,390,41.8,115.4,0.999
116,-1,812,394,65.9,164.5,0.999
116,-1,704,388,43.3,121.9,0.997
116,-1,601,404,25.3,68,0.996
116,-1,53,403,55.9,143.7,0.995
116,-1,314,404,32.7,91.6,0.994
116,-1,680,392,41.1,121.5,0.993
116,-1,348,393,52.2,137.5,0.974
116,-1,297,401,29.7,90,0.87
116,-1,848,381,59.2,147.7,0.857
116,-1,727,388,43.1,119.1,0.752
117,-1,1714,344,173.2,585.5,1
117,-1,812,387,75.9,175.3,0.999
117,-1,763,396,30,105,0.999
117,-1,708,386,47.8,122.6,0.999
117,-1,566,401,36.5,92.9,0.989
117,-1,57,399,58,145.5,0.983
117,-1,682,390,39,121,0.982
117,-1,354,398,43.6,124.8,0.975
117,-1,601,406,24.9,66.2,0.955
117,-1,319,400,34.9,103.5,0.94
117,-1,861,375,51.1,150.5,0.638
117,-1,302,401,31.8,92.5,0.525
117,-1,739,381,39.5,119.3,0.489
118,-1,1712,367,171.6,563.6,1
118,-1,687,395,41.7,120.9,1
118,-1,818,396,73.6,170.6,0.999
118,-1,316,399,38.1,103.5,0.998
118,-1,713,383,46,131.5,0.998
118,-1,604,407,27.3,70.5,0.997
118,-1,66,402,54.4,149.1,0.996
118,-1,760,390,35.3,119,0.994
118,-1,570,395,43.5,118.5,0.993
118,-1,351,401,49.3,136.8,0.988
118,-1,298,410,32.9,95.3,0.796
118,-1,663,394,44.4,119.2,0.757
118,-1,1257,400,39.9,123.3,0.705
118,-1,740,394,38.4,123.9,0.562
119,-1,1724,348,177.7,572.9,1
119,-1,616,405,26.5,66.5,0.999
119,-1,69,409,56.7,139.4,0.998
119,-1,717,394,46.3,122,0.998
119,-1,327,407,32.8,93.8,0.997
119,-1,772,394,31.9,114.3,0.997
119,-1,827,402,65.9,163.9,0.996
119,-1,578,404,38.7,103.9,0.994
119,-1,359,398,55.9,136.6,0.986
119,-1,869,392,54.9,136.3,0.979
119,-1,691,396,42.7,120.2,0.972
119,-1,310,420,26.3,74.7,0.66
120,-1,732,393,46.7,127.8,1
120,-1,1707,367,193.3,570,1
120,-1,779,396,34.7,112.2,1
120,-1,829,391,73.9,173,0.997
120,-1,591,401,37.6,107.7,0.993
120,-1,364,395,50.3,138.1,0.987
120,-1,86,409,55.2,138.2,0.985
120,-1,339,398,38.8,107.3,0.976
120,-1,709,397,41.9,109.3,0.972
120,-1,619,401,28.1,73.6,0.956
120,-1,682,388,42.2,125.5,0.773
120,-1,886,375,45.9,138.8,0.732
120,-1,320,419,31.3,86.9,0.618
121,-1,649,406,27.7,67.7,1
121,-1,1693,371,232.5,571.2,1
121,-1,728,398,39.3,116.2,0.999
121,-1,850,395,65.4,162.4,0.999
121,-1,806,395,34.8,111,0.997
121,-1,108,407,60.9,156,0.997
121,-1,750,393,48,132.7,0.997
121,-1,365,406,31.4,99.2,0.995
121,-1,896,382,48.4,135.6,0.994
121,-1,616,398,33,111.6,0.993
121,-1,35,418,37.3,106.1,0.982
121,-1,374,390,61,147.4,0.976
121,-1,343,410,28.9,93.5,0.93
121,-1,12,415,38.8,95,0.53
121,-1,1310,397,39.9,123.3,0.524
122,-1,1697,370,239.4,564.7,1
122,-1,854,397,72.2,163.4,1
122,-1,732,393,40.2,113.4,1
122,-1,814,393,29.3,111.3,0.999
122,-1,362,399,39.9,103.6,0.999
122,-1,659,403,26.9,66.7,0.998
122,-1,756,392,45.6,125.7,0.997
122,-1,628,399,34.9,101.9,0.995
122,-1,121,406,57.3,143.2,0.994
122,-1,909,385,50.2,139,0.994
122,-1,388,400,62.9,136.8,0.993
122,-1,42,418,36.4,102.5,0.954
122,-1,346,414,29.7,86.6,0.733
122,-1,1313,398,39.7,125.2,0.601
123,-1,1715,377,225.4,556.1,1
123,-1,859,392,68.7,174.7,1
123,-1,661,398,28.9,70.1,0.998
123,-1,764,388,49.2,125.9,0.998
123,-1,819,389,35.1,109.3,0.998
123,-1,132,410,53.5,142.2,0.998
123,-1,917,384,48.3,132.8,0.996
123,-1,732,393,43.5,116.3,0.996
123,-1,628,385,41.5,112.1,0.993
123,-1,389,390,65.5,141,0.992
123,-1,50,408,34.8,110.3,0.991
123,-1,370,400,35.5,101.1,0.984
123,-1,-10,372,76.1,233.5,0.901
123,-1,353,409,29.1,86.6,0.745
124,-1,1722,378,222.7,553.2,1
124,-1,866,397,68.9,159.8,1
124,-1,768,385,47.9,129.5,0.999
124,-1,917,377,54.5,136.2,0.999
124,-1,382,395,35.1,101.8,0.998
124,-1,828,390,32.7,111.6,0.998
124,-1,668,396,27.5,70.8,0.997
124,-1,642,392,35.5,104.4,0.99
124,-1,137,402,61.8,146.7,0.99
124,-1,396,395,63.6,134.6,0.986
124,-1,737,383,46.5,127.7,0.986
124,-1,-10,380,78.2,230.2,0.982
124,-1,55,406,35,103.7,0.965
124,-1,366,413,27.3,80.2,0.963
125,-1,1730,369,228.9,583.4,1
125,-1,767,381,47.1,134.6,1
125,-1,876,394,70.1,163.4,1
125,-1,676,396,26.4,64,1
125,-1,834,387,31.9,103.7,0.999
125,-1,927,370,52.5,148.7,0.998
125,-1,143,395,55.8,139.9,0.997
125,-1,741,392,41.2,112.7,0.997
125,-1,392,394,32.3,98.3,0.997
125,-1,646,388,37.1,113.6,0.996
125,-1,405,391,61.1,130.4,0.994
125,-1,-9,363,72,244.1,0.984
125,-1,64,407,31.5,101.7,0.978
125,-1,375,412,25.5,80.9,0.974
126,-1,1758,369,199.4,543,1
126,-1,883,378,75.7,175.4,0.999
126,-1,164,397,50.9,133.1,0.998
126,-1,849,386,31,107.1,0.998
126,-1,691,386,29.5,73.5,0.998
126,-1,784,385,46.2,119.9,0.997
126,-1,945,365,53.1,148.5,0.994
126,-1,-15,369,99.3,250.2,0.992
126,-1,418,383,61.5,134.6,0.992
126,-1,76,398,34.3,108.3,0.985
126,-1,656,383,40.2,114.5,0.977
126,-1,396,389,33.8,94.6,0.974
126,-1,755,386,44.1,116,0.952
126,-1,379,399,30.2,87.6,0.628
127,-1,789,377,47.4,125.7,1
127,-1,897,389,61.8,163.2,1
127,-1,170,393,57.1,136.2,0.999
127,-1,1775,350,183,565.4,0.998
127,-1,855,383,30.4,106.5,0.998
127,-1,665,383,35.5,107.2,0.997
127,-1,944,368,48.5,138.3,0.997
127,-1,411,390,34.4,103.6,0.996
127,-1,-14,367,104.3,228.1,0.994
127,-1,695,386,26.9,72.9,0.994
127,-1,393,402,26.9,81.7,0.987
127,-1,86,404,33.5,102.3,0.983
127,-1,422,382,63.5,139,0.981
127,-1,764,387,42.9,122.4,0.963
128,-1,705,388,27.8,68,1
128,-1,-6,373,83.5,222.5,0.999
128,-1,791,375,53.3,134.2,0.999
128,-1,1775,355,178.7,547.6,0.999
128,-1,897,383,70.7,167.2,0.998
128,-1,420,388,33.3,98.3,0.997
128,-1,954,367,55.1,153,0.996
128,-1,432,384,64.9,137.4,0.996
128,-1,183,393,51.2,139.7,0.995
128,-1,673,387,39,115,0.994
128,-1,95,400,33.6,102.2,0.991
128,-1,397,405,25.3,82.3,0.989
128,-1,863,376,31.9,113.9,0.986
128,-1,766,384,36.9,113.4,0.947
128,-1,1371,385,40.4,122.3,0.538
129,-1,907,379,67,174.4,0.999
129,-1,4,365,87.5,236.2,0.999
129,-1,421,385,38,108.4,0.999
129,-1,963,367,55,143.9,0.998
129,-1,682,382,34,108,0.998
129,-1,182,391,59.3,148.5,0.997
129,-1,798,377,50.5,131.9,0.996
129,-1,714,390,28.5,67.6,0.995
129,-1,871,377,29.4,111.4,0.995
129,-1,1786,332,172,581.9,0.995
129,-1,97,399,42.4,105.5,0.987
129,-1,441,374,62.6,142.8,0.978
129,-1,776,386,41.2,110,0.978
129,-1,405,404,27.9,82.4,0.948
129,-1,621,401,22.8,65,0.42
130,-1,1,361,95.4,259.6,1
130,-1,717,388,28,69.9,1
130,-1,807,374,47.1,128.1,1
130,-1,907,384,64.9,172.3,0.998
130,-1,1778,327,179.7,600.9,0.997
130,-1,969,363,56.8,151.3,0.997
130,-1,878,373,29.6,111,0.997
130,-1,688,381,36.4,111.9,0.996
130,-1,431,383,38.7,106.9,0.996
130,-1,193,396,59.5,137.5,0.995
130,-1,106,395,37.3,109.3,0.993
130,-1,435,387,64.6,135.1,0.993
130,-1,786,383,37.8,120.1,0.991
130,-1,412,399,30.7,88.8,0.985
130,-1,1389,390,40.4,127.5,0.863
131,-1,985,362,50.5,156.6,0.999
131,-1,894,374,30.1,108.9,0.999
131,-1,7,366,97.8,241.8,0.999
131,-1,923,378,66,166.2,0.998
131,-1,732,384,26.4,73.5,0.998
131,-1,811,372,47.8,131.9,0.997
131,-1,445,381,37.9,107.9,0.994
131,-1,1776,320,194.2,603.1,0.993
131,-1,449,371,63.6,142.5,0.99
131,-1,702,372,41.2,125,0.986
131,-1,216,393,52.1,140.3,0.984
131,-1,425,402,26.7,81.1,0.953
131,-1,787,373,43,120.7,0.941
131,-1,128,390,39.9,111.2,0.912
132,-1,449,387,36,103.8,1
132,-1,23,367,99.5,240.4,1
132,-1,897,377,33,106,1
132,-1,925,381,70.3,162.2,0.999
132,-1,820,374,47.1,132.5,0.999
132,-1,999,364,46.8,156.3,0.998
132,-1,223,391,56.3,139,0.996
132,-1,463,373,66.1,144.1,0.993
132,-1,135,397,37,100.5,0.992
132,-1,744,389,22.6,64.7,0.989
132,-1,711,375,37.9,123.4,0.982
132,-1,1769,320,219.8,591.2,0.977
132,-1,434,398,26.2,81.5,0.974
132,-1,1416,380,42.6,131.8,0.92
132,-1,796,380,39.5,115.4,0.594
133,-1,1003,361,54.8,153,1
133,-1,36,369,93.5,243.7,1
133,-1,456,381,37.4,109.9,0.999
133,-1,930,375,71.5,170.9,0.999
133,-1,823,369,50.6,137.5,0.998
133,-1,146,397,35.4,99.4,0.998
133,-1,745,385,28.5,68.2,0.998
133,-1,232,389,57.5,146.1,0.996
133,-1,720,377,39.1,116.1,0.996
133,-1,907,375,31.3,105.9,0.995
133,-1,460,373,66.6,140.6,0.994
133,-1,439,396,28.8,86.4,0.971
133,-1,1775,348,215,567,0.905
133,-1,1420,382,41.2,123.2,0.658
134,-1,19,366,95.6,225.1,1
134,-1,1008,361,50.1,151.8,0.999
134,-1,461,379,37.9,107.9,0.998
134,-1,833,370,51.6,134.1,0.998
134,-1,938,376,73.7,167.8,0.998
134,-1,917,371,30.4,109.9,0.998
134,-1,754,373,29.3,80.2,0.997
134,-1,145,389,34.9,105.9,0.997
134,-1,725,376,39,108.7,0.997
134,-1,480,368,65.9,144.5,0.994
134,-1,238,383,60.9,146.9,0.994
134,-1,105,396,23.3,57.7,0.983
134,-1,447,394,27.2,84.8,0.975
134,-1,1756,333,247.9,589.3,0.941
135,-1,19,369,109.4,224.6,1
135,-1,839,368,46,126.8,1
135,-1,1013,355,53.5,151.4,0.999
135,-1,921,367,28.5,110.4,0.999
135,-1,943,373,67.8,161.8,0.998
135,-1,249,379,59.4,139.7,0.997
135,-1,763,382,26.7,66.9,0.996
135,-1,478,368,66.8,138.3,0.996
135,-1,732,371,37.1,115.4,0.992
135,-1,159,389,35.2,103.9,0.983
135,-1,454,395,26,77.1,0.98
135,-1,1754,351,251.5,572.7,0.905
135,-1,1440,372,45.4,127.7,0.741
135,-1,462,384,30.1,92.5,0.431
136,-1,21,357,93.7,243.5,1
136,-1,929,365,32.1,109.6,1
136,-1,952,368,73,169.7,1
136,-1,1022,346,59.4,157.1,1
136,-1,840,370,49.3,131.1,0.999
136,-1,768,371,27.7,72.1,0.999
136,-1,741,368,40.1,112.1,0.998
136,-1,166,385,37.7,103.5,0.997
136,-1,504,356,63.5,153,0.996
136,-1,255,377,55.8,135.9,0.994
136,-1,477,374,37.7,107.5,0.993
136,-1,459,386,26.3,80.1,0.965
136,-1,125,380,21,67.2,0.936
136,-1,1766,312,228.9,613.1,0.818
137,-1,743,358,42.9,127.5,1
137,-1,948,361,74.8,167,1
137,-1,850,360,47.3,128.9,1
137,-1,37,357,111.7,226.8,1
137,-1,1032,350,57,149.5,0.999
137,-1,264,378,51.3,136.5,0.998
137,-1,930,358,32.9,116.4,0.998
137,-1,500,358,64.4,143.8,0.995
137,-1,460,383,29.9,85,0.992
137,-1,175,381,34,98.1,0.984
137,-1,774,368,25.5,68.6,0.973
137,-1,480,367,36.3,106.6,0.934
137,-1,1768,350,229.3,547.9,0.901
137,-1,1462,357,46,146.8,0.689
138,-1,956,356,74.2,181,1
138,-1,20,338,136.3,252.6,1
138,-1,939,363,31.3,102.5,0.999
138,-1,1035,339,59.6,163.1,0.999
138,-1,850,359,47,124.2,0.999
138,-1,176,376,32.9,102.1,0.998
138,-1,747,365,40.8,109,0.998
138,-1,483,371,35.7,98.2,0.995
138,-1,268,374,54.6,138.1,0.994
138,-1,510,354,66.4,146.7,0.991
138,-1,466,374,29.4,86.9,0.975
138,-1,779,366,26.1,69.4,0.969
138,-1,1756,318,263.4,587.6,0.839
138,-1,1469,363,45.4,128.2,0.531
139,-1,857,356,48.9,123.9,1
139,-1,37,353,107.5,224.7,1
139,-1,751,363,37,108.9,1
139,-1,1035,339,61.7,156.4,1
139,-1,962,357,67.9,175.8,0.999
139,-1,780,365,27.7,72.3,0.999
139,-1,941,354,33.6,112.6,0.998
139,-1,278,372,51.3,125.8,0.998
139,-1,176,370,37.2,106.3,0.996
139,-1,513,354,65.8,149.7,0.995
139,-1,489,365,37.1,101.8,0.987
139,-1,467,379,29,84.9,0.98
139,-1,137,373,25.5,67.9,0.968
139,-1,1472,363,43.9,124.5,0.922
139,-1,1784,314,211.5,609.9,0.917
140,-1,1040,339,56.2,161.5,1
140,-1,857,353,50,126.1,1
140,-1,35,342,107.2,247.6,1
140,-1,964,362,72.2,161.7,0.999
140,-1,272,367,55.2,142.7,0.999
140,-1,755,360,40,115.7,0.999
140,-1,180,371,33.7,104.9,0.998
140,-1,943,353,32.9,118.2,0.997
140,-1,525,355,51,142,0.99
140,-1,784,364,23.3,66.7,0.976
140,-1,141,369,21.2,63.7,0.972
140,-1,490,362,34.5,108.2,0.971
140,-1,473,377,25.9,82.2,0.937
140,-1,1790,315,200.1,625.4,0.934
140,-1,1475,359,47,141.1,0.875
141,-1,48,336,119.8,256.3,1
141,-1,967,355,69.8,171.2,1
141,-1,790,361,27.7,69.4,0.999
141,-1,863,355,49.8,128.1,0.999
141,-1,1045,338,61.6,157.1,0.999
141,-1,948,354,32.2,109.3,0.999
141,-1,283,362,50.9,138.3,0.998
141,-1,529,355,64.2,149.6,0.997
141,-1,764,352,43,127.8,0.996
141,-1,496,361,34.4,100.1,0.996
141,-1,185,370,37.1,104.2,0.992
141,-1,477,374,27.1,80.7,0.98
141,-1,1482,350,49.4,141.4,0.955
141,-1,1790,328,199.4,582.7,0.901
142,-1,955,350,35.2,112.9,1
142,-1,975,355,69.7,177.9,1
142,-1,45,344,105.5,234,1
142,-1,1046,337,63,172,1
142,-1,867,354,51.8,130.8,0.999
142,-1,294,361,52.4,144.1,0.999
142,-1,765,356,41.8,115,0.998
142,-1,197,375,32.6,103.8,0.996
142,-1,540,349,60,148.2,0.995
142,-1,502,363,30.7,97,0.994
142,-1,151,371,25.3,68.3,0.992
142,-1,480,375,27.2,85.4,0.954
142,-1,795,360,28.1,75.1,0.944
142,-1,1805,330,175.5,595.2,0.801
142,-1,1488,358,43.1,134.6,0.539
143,-1,968,353,70.8,172.9,1
143,-1,44,338,117.3,242.7,1
143,-1,770,358,38,113.5,0.999
143,-1,538,352,59.4,144.6,0.999
143,-1,296,369,53.4,134.7,0.999
143,-1,870,352,49.6,134.1,0.999
143,-1,1058,345,61.1,158.9,0.998
143,-1,196,374,38,108.4,0.994
143,-1,796,358,29.9,78.5,0.993
143,-1,502,362,32.5,99.4,0.979
143,-1,486,377,25.5,78.1,0.961
143,-1,152,373,24.2,67.1,0.951
143,-1,1805,307,177.1,626.7,0.696
143,-1,1502,362,40.5,120.2,0.495
144,-1,45,331,115.4,258.4,1
144,-1,543,351,61.9,144.9,1
144,-1,975,352,72.1,171.6,1
144,-1,874,352,44.5,129.8,0.999
144,-1,775,357,41,116.5,0.999
144,-1,296,371,53,140.3,0.999
144,-1,1069,337,55.9,153.8,0.998
144,-1,198,377,32.7,100.8,0.997
144,-1,156,373,21.3,64.7,0.995
144,-1,505,367,34.7,99.4,0.989
144,-1,484,377,30.2,89.4,0.922
144,-1,1498,357,44.5,137.1,0.788
144,-1,806,364,22.9,68.3,0.561
144,-1,1824,326,150.3,589.5,0.537
145,-1,1071,341,54.7,163,1
145,-1,46,333,110,258,0.999
145,-1,980,360,72.4,163.1,0.999
145,-1,552,356,64.3,142.6,0.999
145,-1,878,351,50.1,125.7,0.998
145,-1,779,359,39.9,112.7,0.998
145,-1,303,374,48.4,131.2,0.998
145,-1,162,376,23.1,69.7,0.99
145,-1,505,367,33.8,97.8,0.989
145,-1,201,375,36.3,102,0.985
145,-1,488,380,27.6,81.5,0.903
145,-1,809,366,26.5,67.4,0.894
145,-1,960,347,41.1,121.4,0.804
145,-1,1806,327,172.7,601.7,0.767
145,-1,-1,364,38.9,231.4,0.452
146,-1,64,366,100.2,240.8,1
146,-1,980,357,68.3,173.2,0.999
146,-1,561,353,61,155.9,0.999
146,-1,880,352,52.8,139.5,0.998
146,-1,310,375,45.7,133.5,0.998
146,-1,1078,341,59.5,163.2,0.998
146,-1,786,352,43.1,129.9,0.994
146,-1,211,380,35.5,109,0.99
146,-1,513,370,32.8,100.5,0.989
146,-1,495,380,26.7,80.4,0.936
146,-1,167,380,23.3,69.6,0.913
146,-1,-1,361,35.5,223.9,0.885
147,-1,885,353,41.9,131.6,1
147,-1,53,353,106,252.8,1
147,-1,979,362,69.1,165,1
147,-1,1086,336,60.8,165.2,0.999
147,-1,784,356,44,120.1,0.999
147,-1,318,381,48.8,125.8,0.998
147,-1,176,383,19.6,60.7,0.995
147,-1,567,352,59.8,150.8,0.993
147,-1,519,372,31.5,97.1,0.987
147,-1,817,363,27.2,72.6,0.987
147,-1,498,382,28.4,87.8,0.977
147,-1,219,381,36.3,104,0.965
147,-1,-4,388,50.1,207.7,0.95
147,-1,1797,289,184.3,628.2,0.892
147,-1,1526,371,31.9,74.1,0.424
148,-1,54,351,105.9,250.8,1
148,-1,990,355,75.7,176,0.999
148,-1,792,357,44.3,123.4,0.999
148,-1,576,351,63.2,160.9,0.999
148,-1,885,351,52,130.2,0.999
148,-1,318,377,51.6,126.7,0.998
148,-1,1092,334,58.6,164.2,0.997
148,-1,174,380,21.4,64.2,0.991
148,-1,224,375,34.2,109.5,0.987
148,-1,521,369,32.7,97.4,0.984
148,-1,-16,380,78.9,231.3,0.957
148,-1,1785,350,196.7,565.6,0.951
148,-1,504,385,27.2,83.7,0.95
148,-1,822,363,29.4,75.8,0.547
148,-1,1531,358,48.4,146.4,0.514
149,-1,59,348,113.4,260.6,1
149,-1,988,350,76.5,175.6,1
149,-1,797,356,42.1,120.7,0.999
149,-1,1090,339,59.2,174,0.999
149,-1,580,360,58.7,149.5,0.998
149,-1,330,375,54,132.8,0.998
149,-1,893,357,48,128.5,0.998
149,-1,524,370,33.9,105.6,0.997
149,-1,181,381,22.7,70.2,0.994
149,-1,830,370,25.3,65.2,0.99
149,-1,230,381,33.1,101.2,0.99
149,-1,1798,322,181.7,603.1,0.982
149,-1,-9,395,53.8,209.4,0.967
149,-1,507,385,28.8,83.2,0.944
149,-1,543,366,35.3,109.9,0.725
150,-1,72,358,106.1,237.9,1
150,-1,1104,346,56.1,158.1,0.999
150,-1,895,357,50.7,126.2,0.999
150,-1,332,376,52.4,126.7,0.999
150,-1,587,350,67.2,162.2,0.999
150,-1,998,360,66.9,165.3,0.999
150,-1,834,363,26.3,69.1,0.995
150,-1,803,354,42.6,126.4,0.994
150,-1,-14,397,74.1,187.4,0.99
150,-1,530,367,35.3,103.9,0.99
150,-1,231,382,32.1,99.2,0.983
150,-1,188,378,23.8,68.6,0.97
150,-1,1775,332,224.7,595.5,0.958
150,-1,510,382,28.8,83.4,0.951
151,-1,66,347,105.1,253.3,1
151,-1,1105,337,68.6,168.9,0.999
151,-1,811,354,43,116.1,0.999
151,-1,1001,358,74.7,170.2,0.999
151,-1,342,369,55.7,138.6,0.998
151,-1,904,355,41.6,125.6,0.998
151,-1,537,368,35.2,100.4,0.997
151,-1,591,358,66,140.8,0.996
151,-1,-6,391,65.7,193,0.995
151,-1,197,378,20.7,62.9,0.983
151,-1,842,357,27.7,74.2,0.976
151,-1,932,358,33.2,102.2,0.964
151,-1,520,377,29.9,88.7,0.941
151,-1,233,383,35.4,100.4,0.937
151,-1,1786,317,209.5,623.7,0.929
152,-1,1003,353,70.2,173.7,1
152,-1,68,356,105.5,230.1,1
152,-1,345,372,49.6,126.5,0.999
152,-1,903,354,47.8,127.9,0.999
152,-1,540,367,35.9,98.7,0.998
152,-1,591,355,69.6,146.4,0.998
152,-1,1113,339,56.6,160.3,0.998
152,-1,813,353,40.2,124.3,0.997
152,-1,-6,378,67,210.7,0.995
152,-1,193,374,21.4,67.1,0.981
152,-1,236,380,33.3,102.2,0.978
152,-1,845,361,26.5,70,0.973
152,-1,517,382,25.9,82,0.956
152,-1,1799,324,190.4,577.1,0.887
152,-1,934,358,34.1,97.1,0.874
153,-1,1007,349,68.4,170.8,1
153,-1,64,350,101,255.1,1
153,-1,598,351,67.2,153.3,0.999
153,-1,817,349,42.4,117,0.999
153,-1,898,352,46,120.4,0.998
153,-1,538,359,35.3,105.7,0.997
153,-1,347,370,51.7,126.1,0.997
153,-1,-11,386,75.4,185,0.994
153,-1,1112,338,61.9,171,0.992
153,-1,932,352,35.7,104.2,0.991
153,-1,235,376,36.9,103.8,0.991
153,-1,200,375,24.8,59.5,0.987
153,-1,523,374,26.7,85.8,0.93
153,-1,1783,306,217,612,0.579
154,-1,55,354,111.4,234.6,1
154,-1,1013,349,63.9,163.2,1
154,-1,540,360,35.2,98.7,0.999
154,-1,892,344,51.7,124.8,0.999
154,-1,349,360,53.1,135.1,0.999
154,-1,605,351,69.4,148.9,0.998
154,-1,822,353,38.1,110.7,0.997
154,-1,-13,382,78.7,204.8,0.992
154,-1,1118,324,63.9,176.4,0.99
154,-1,933,347,33.5,104.2,0.988
154,-1,241,373,38.7,100.8,0.974
154,-1,200,370,25.2,68.3,0.968
154,-1,523,374,26.4,79.4,0.929
154,-1,1803,328,185.4,623.3,0.811
154,-1,850,359,26,72,0.805
155,-1,62,344,107.6,242.2,1
155,-1,904,346,49.1,130.4,1
155,-1,353,367,49.1,125.5,0.999
155,-1,1017,340,63,175.6,0.998
155,-1,543,359,33.9,100.1,0.998
155,-1,821,341,39.9,126.4,0.997
155,-1,609,337,66.6,162.6,0.995
155,-1,-9,378,68.8,189.1,0.994
155,-1,1121,330,62.6,173.3,0.992
155,-1,246,371,32.5,103.2,0.972
155,-1,851,352,29.6,73,0.971
155,-1,529,373,27,83.6,0.958
155,-1,200,369,24,68.4,0.958
155,-1,1781,329,213,594.9,0.924
155,-1,942,341,35.1,108.9,0.774
156,-1,44,333,118.4,242.6,1
156,-1,903,339,51.1,137.8,1
156,-1,1014,350,62.1,165.2,0.999
156,-1,548,357,34.6,101,0.998
156,-1,-4,381,67.3,205.2,0.998
156,-1,349,362,51,130.9,0.998
156,-1,615,347,69.4,147.9,0.997
156,-1,1125,328,60.1,177.3,0.997
156,-1,202,366,25.6,69.6,0.996
156,-1,823,339,40.1,128.2,0.996
156,-1,939,346,33.4,101.4,0.996
156,-1,238,368,39.5,106.4,0.992
156,-1,854,350,28.1,73.8,0.983
156,-1,1795,310,182.2,592.6,0.955
156,-1,526,365,28.5,89.4,0.951
156,-1,594,362,38.5,112.1,0.859
157,-1,901,342,49.2,129.4,1
157,-1,55,332,117.7,253.5,1
157,-1,1014,350,61.8,160.3,1
157,-1,-8,370,70.7,206.9,0.998
157,-1,824,336,46.5,127.7,0.998
157,-1,548,356,35.5,104.2,0.998
157,-1,348,363,52.7,132.7,0.998
157,-1,618,343,65.7,140.9,0.996
157,-1,939,341,36.5,107.7,0.993
157,-1,1776,318,206.8,597.1,0.988
157,-1,245,366,38.8,107.2,0.987
157,-1,1126,327,58.3,174.8,0.984
157,-1,201,363,25.7,68.4,0.984
157,-1,523,367,28.9,88.6,0.93
157,-1,596,363,35.3,112.1,0.898
158,-1,50,346,115.4,242.5,1
158,-1,1014,346,71.3,170.7,0.999
158,-1,1118,329,64,172.9,0.999
158,-1,898,338,49.7,131.9,0.999
158,-1,616,341,68.8,140.9,0.997
158,-1,351,354,49.5,134.3,0.997
158,-1,-10,372,67.6,198.4,0.996
158,-1,1761,310,205.7,606.1,0.995
158,-1,825,339,40.2,129.4,0.995
158,-1,546,358,37.1,99,0.992
158,-1,198,366,19.1,61.4,0.989
158,-1,934,345,34.5,106,0.972
158,-1,596,364,36.4,111.6,0.966
158,-1,239,367,36.4,106,0.961
158,-1,520,372,25.8,81.2,0.896
158,-1,210,361,21.7,70.6,0.597
159,-1,1013,354,68.1,161.8,1
159,-1,903,344,48.1,126.1,1
159,-1,1124,318,65.3,175.8,0.999
159,-1,51,352,105.8,226.2,0.999
159,-1,1751,292,219.8,639,0.998
159,-1,824,343,40.6,119.4,0.998
159,-1,614,342,76.4,142.5,0.996
159,-1,354,364,50.4,130.4,0.995
159,-1,-6,384,67.4,206.8,0.995
159,-1,939,345,34.4,103.3,0.994
159,-1,197,366,23.3,65.5,0.993
159,-1,542,356,39.7,107.4,0.99
159,-1,241,363,40.4,110.6,0.982
159,-1,594,360,34.6,112.4,0.951
159,-1,519,373,27.8,84.1,0.894
159,-1,1578,346,45.9,139.1,0.605
160,-1,1006,354,67.6,161.8,1
160,-1,36,330,112.9,272,1
160,-1,934,341,38.7,110.9,0.999
160,-1,1739,287,231.4,642,0.999
160,-1,820,344,42.3,125.9,0.999
160,-1,1122,317,62.7,180.1,0.999
160,-1,902,343,47.9,127.1,0.998
160,-1,351,362,53.8,137.7,0.998
160,-1,240,367,34.6,106.8,0.993
160,-1,624,348,67.6,145.9,0.992
160,-1,545,363,34.5,100.8,0.989
160,-1,854,356,25.4,67.3,0.978
160,-1,596,362,32.7,110.7,0.975
160,-1,-13,383,73.7,183.9,0.974
160,-1,196,361,24.7,72.5,0.962
160,-1,518,371,27.4,82.1,0.914
161,-1,15,351,124.5,247.3,1
161,-1,1713,299,225.1,640.6,1
161,-1,997,349,68.5,171.2,1
161,-1,1116,322,71.2,181.9,0.999
161,-1,890,343,50.3,126.4,0.999
161,-1,339,367,53.4,135.8,0.996
161,-1,612,344,71.1,155.9,0.995
161,-1,844,357,27,65.5,0.995
161,-1,818,342,45.7,138,0.995
161,-1,930,350,36.5,108.7,0.994
161,-1,532,362,38.1,108.4,0.992
161,-1,223,370,38.8,105.4,0.98
161,-1,180,365,22.8,70.1,0.967
161,-1,580,360,33.5,111.8,0.962
161,-1,501,371,27.9,96.6,0.918
161,-1,195,372,20.6,65,0.627
162,-1,1122,320,63.7,190.7,1
162,-1,994,352,75.6,169.6,1
162,-1,25,328,113.2,286,1
162,-1,1700,328,236,582.9,1
162,-1,928,344,38.4,108.1,0.999
162,-1,888,345,45.3,129.9,0.999
162,-1,335,366,50.3,127.9,0.998
162,-1,839,356,27,68.1,0.996
162,-1,809,350,48.1,122.1,0.996
162,-1,618,340,65.2,156.6,0.995
162,-1,223,370,37.1,106.2,0.994
162,-1,530,358,37.4,105.7,0.993
162,-1,584,365,30.3,107.8,0.967
162,-1,505,374,28.3,89.4,0.956
162,-1,184,368,23.4,65.3,0.926
163,-1,1700,301,221.9,636.6,1
163,-1,13,336,119.8,263.2,1
163,-1,989,342,72.7,180,0.999
163,-1,884,349,47.7,130.8,0.999
163,-1,1117,328,57.2,178,0.998
163,-1,919,349,37.1,108.2,0.998
163,-1,609,348,70.8,159.6,0.997
163,-1,809,346,45.7,122.9,0.997
163,-1,334,369,48.5,127.8,0.996
163,-1,519,359,37.8,106.9,0.993
163,-1,214,371,40.7,106.4,0.99
163,-1,501,372,28.4,91.2,0.945
163,-1,580,361,33.6,107.7,0.926
163,-1,168,361,23.9,73.3,0.916
163,-1,183,368,20,62.9,0.844
164,-1,6,330,116.5,268.7,1
164,-1,1676,309,239.2,630.3,1
164,-1,985,344,69.1,169,1
164,-1,1105,324,67.8,178.2,0.999
164,-1,922,348,35.7,102.3,0.999
164,-1,881,344,49.6,127.1,0.999
164,-1,518,360,38.7,111.4,0.998
164,-1,804,342,40.6,127.2,0.994
164,-1,324,369,52.5,126.6,0.994
164,-1,575,368,32.7,111.2,0.992
164,-1,613,349,65.3,143.1,0.991
164,-1,209,368,37.6,107.8,0.972
164,-1,494,374,27.7,85.9,0.955
164,-1,833,355,25,68.9,0.906
164,-1,170,369,23.3,68.9,0.874
164,-1,161,362,17.8,64.4,0.639
165,-1,1699,323,216.9,628,1
165,-1,1107,324,65.2,188.3,1
165,-1,975,341,66,180.6,1
165,-1,872,345,47.2,125.8,1
165,-1,-9,341,113.8,254.8,0.999
165,-1,799,349,43.2,127.3,0.998
165,-1,317,360,52.5,139.7,0.998
165,-1,604,347,69.2,148.1,0.995
165,-1,919,352,36.3,102.4,0.988
165,-1,512,358,38,113.5,0.986
165,-1,830,353,28.6,75.3,0.986
165,-1,570,361,33.7,113.5,0.98
165,-1,203,371,37.8,102.7,0.951
165,-1,489,370,27.4,88.7,0.936
165,-1,164,367,24.9,71.6,0.774
165,-1,153,364,20.6,70.8,0.731
165,-1,550,366,39.6,112,0.433
166,-1,1681,312,211.3,601.3,1
166,-1,960,341,68.3,176,1
166,-1,863,348,47.3,127.2,0.999
166,-1,1101,327,61.9,185.5,0.999
166,-1,305,356,51.3,133.5,0.997
166,-1,-13,345,96.5,260.7,0.996
166,-1,593,336,71.4,169.3,0.995
166,-1,900,345,37.4,108.6,0.995
166,-1,789,346,40.9,123.5,0.993
166,-1,818,354,26.9,66.6,0.987
166,-1,497,361,38.2,109,0.984
166,-1,187,371,35.2,102.2,0.973
166,-1,558,361,34,113.2,0.97
166,-1,143,365,21.9,68.8,0.968
166,-1,475,374,27.5,83.1,0.942
166,-1,918,353,37.3,111,0.906
166,-1,487,325,64.3,168.3,0.754
166,-1,204,360,40.3,108.2,0.568
166,-1,459,378,30.5,94.3,0.521
167,-1,1672,319,215.4,624.4,1
167,-1,958,354,71.6,161.1,1
167,-1,1088,325,68.1,191.3,0.999
167,-1,857,349,49.4,132.9,0.999
167,-1,900,351,34.8,99.2,0.998
167,-1,593,340,62.8,155.4,0.997
167,-1,302,364,53.3,128.3,0.996
167,-1,811,357,27.4,68.1,0.996
167,-1,783,348,47.4,127.6,0.994
167,-1,495,357,42.2,116.3,0.985
167,-1,179,369,41.7,107.9,0.982
167,-1,553,364,31.8,102.9,0.979
167,-1,-15,359,83,253.7,0.959
167,-1,466,374,27.4,87.4,0.932
167,-1,142,370,23,66.1,0.799
167,-1,131,369,20.3,61.8,0.428
168,-1,1669,304,199.3,650.4,1
168,-1,774,350,42.5,120.6,1
168,-1,949,344,73.3,169.5,1
168,-1,850,342,51.4,131.4,1
168,-1,805,353,28.2,74.6,0.999
168,-1,1086,324,70.9,183.1,0.999
168,-1,585,340,70.7,164.3,0.999
168,-1,890,348,36.3,103.1,0.998
168,-1,294,364,52.8,134,0.998
168,-1,550,358,34.5,108,0.99
168,-1,486,356,39.5,118.8,0.986
168,-1,172,370,41.2,107.9,0.984
168,-1,131,369,24.8,64.8,0.919
168,-1,460,372,26.5,88.5,0.909
168,-1,-10,333,74.4,275.8,0.793
169,-1,944,347,62.5,160.9,1
169,-1,839,343,47.8,128.4,1
169,-1,1658,321,212.8,612,1
169,-1,1081,320,63.9,182,0.999
169,-1,887,348,34.8,101.3,0.999
169,-1,798,355,27.9,70.2,0.998
169,-1,285,361,56.1,130.6,0.995
169,-1,577,342,69.4,150,0.994
169,-1,767,339,44.1,132.8,0.993
169,-1,474,356,38.4,116.7,0.986
169,-1,164,372,42.2,108.7,0.982
169,-1,542,365,30.9,99.6,0.978
169,-1,124,371,22.2,66.2,0.955
169,-1,447,366,30.8,98.7,0.921
170,-1,934,349,65.3,161.7,1
170,-1,1631,306,205.6,621.8,1
170,-1,831,337,48.3,129.3,0.999
170,-1,878,347,34.8,100.8,0.999
170,-1,753,346,43.2,121.2,0.999
170,-1,1074,317,69.1,192.8,0.999
170,-1,564,342,71.7,163.2,0.998
170,-1,790,356,27.6,66.6,0.998
170,-1,277,361,55.5,133.9,0.993
170,-1,464,357,36.8,114.7,0.993
170,-1,148,366,44.6,111.5,0.992
170,-1,533,367,30.1,99.3,0.975
170,-1,438,368,28,96.1,0.947
170,-1,108,369,19.8,63.1,0.943
170,-1,859,341,42.9,128.9,0.526
171,-1,918,341,67.5,175,1
171,-1,740,350,41.9,121.9,1
171,-1,1630,300,188.5,610.9,1
171,-1,812,346,49.1,130,1
171,-1,1057,328,67.5,189.8,0.999
171,-1,545,338,74,155.8,0.998
171,-1,863,341,35.1,109.3,0.998
171,-1,771,356,27.2,72.7,0.997
171,-1,445,358,41.6,114.3,0.996
171,-1,258,364,51.3,135.7,0.989
171,-1,127,370,38.4,109.3,0.986
171,-1,514,360,33.6,111.3,0.954
171,-1,421,370,27.9,89.9,0.92
171,-1,842,345,42,124.2,0.743
171,-1,1813,270,172.1,649.8,0.715
171,-1,148,369,35.5,83.3,0.549
171,-1,94,372,23.2,70.2,0.518
172,-1,1058,321,67.6,196.2,1
172,-1,909,350,67.8,161.9,1
172,-1,1623,293,172.8,624.6,1
172,-1,730,347,45.7,130.9,1
172,-1,811,342,46.1,135.6,0.999
172,-1,543,348,73.7,155.3,0.999
172,-1,853,344,36.4,107.5,0.998
172,-1,435,358,40.9,114.8,0.996
172,-1,117,375,44.7,110.7,0.99
172,-1,246,369,48.8,128.2,0.989
172,-1,507,363,36.5,110.4,0.98
172,-1,766,350,27.5,71.9,0.958
172,-1,701,378,21.9,52.8,0.941
172,-1,79,375,22.6,65.6,0.859
172,-1,412,361,31.3,105.5,0.845
172,-1,1802,282,180.9,648.1,0.805
173,-1,804,349,51.4,133.2,1
173,-1,728,351,42.7,127.1,1
173,-1,1598,284,186.4,637.9,1
173,-1,1053,316,63.9,201.8,0.999
173,-1,847,346,35.1,105.7,0.999
173,-1,908,347,69.1,172.2,0.999
173,-1,538,339,67.3,161.1,0.999
173,-1,428,356,38,122.4,0.996
173,-1,760,355,28.4,71.2,0.996
173,-1,105,371,38.9,111.6,0.993
173,-1,236,371,53.8,123.9,0.987
173,-1,1798,274,179.9,662.1,0.956
173,-1,500,366,36.1,110.4,0.953
173,-1,68,375,23.1,65.3,0.921
173,-1,408,370,28.2,98,0.834
173,-1,127,367,38.1,100.1,0.561
173,-1,1493,352,52.5,143.4,0.522
174,-1,1580,307,202.2,618.1,1
174,-1,899,345,69.8,170.3,0.999
174,-1,846,342,38.5,121.3,0.996
174,-1,535,339,70.8,159.7,0.992
174,-1,800,340,47.2,135.7,0.988
174,-1,426,357,38.5,110.8,0.988
174,-1,1045,310,68.4,203.4,0.986
174,-1,1776,265,197.5,650.3,0.984
174,-1,725,346,43.2,131.7,0.98
174,-1,242,374,44.6,124,0.97
174,-1,109,367,36.2,111.2,0.945
174,-1,485,367,39.1,113.3,0.912
174,-1,405,371,31.5,99.5,0.686
175,-1,1590,303,177.8,598,1
175,-1,717,346,43.9,132.5,1
175,-1,896,345,68.2,173.9,0.999
175,-1,787,348,50.3,130.8,0.999
175,-1,528,341,63.1,164,0.998
175,-1,1040,320,69.3,198.5,0.998
175,-1,845,347,36.8,107,0.998
175,-1,1753,271,212.9,669.3,0.997
175,-1,410,360,47,115.3,0.996
175,-1,93,374,40.9,112.6,0.99
175,-1,52,378,24.5,64.7,0.983
175,-1,749,356,26.5,67.4,0.978
175,-1,232,376,52.9,124.7,0.958
175,-1,389,373,31,101,0.908
175,-1,487,368,32.2,104,0.837
175,-1,824,346,36.7,109.1,0.672
175,-1,115,371,41.2,101.7,0.636
175,-1,506,373,29.5,100.2,0.541
176,-1,1036,312,67.2,207.8,1
176,-1,793,346,51.7,137.9,1
176,-1,1563,290,196.6,630.9,1
176,-1,518,343,77,161.8,0.999
176,-1,892,350,63.4,166.6,0.999
176,-1,229,374,45.9,124.7,0.999
176,-1,714,350,42.2,126.9,0.999
176,-1,1731,265,212.9,660.1,0.999
176,-1,413,358,40.5,119.2,0.999
176,-1,752,358,26.6,69.1,0.998
176,-1,844,351,33.7,99.2,0.998
176,-1,97,376,37.5,108.6,0.982
176,-1,488,368,32.2,109.1,0.964
176,-1,826,340,37.7,115.3,0.958
176,-1,51,375,26.5,73.9,0.954
176,-1,951,363,35.8,88.8,0.932
176,-1,393,367,30,99.3,0.901
176,-1,686,384,21.7,54.5,0.829
176,-1,453,372,25.8,73.7,0.437
177,-1,416,356,39.7,117.6,1
177,-1,792,345,50.2,135.4,1
177,-1,1725,282,209.6,657.3,1
177,-1,1563,298,182.6,619.8,1
177,-1,524,340,81.9,167.4,0.999
177,-1,885,343,67.5,165.2,0.999
177,-1,1046,317,68.8,208.7,0.999
177,-1,834,347,38.3,105.5,0.998
177,-1,716,348,42.3,138.4,0.998
177,-1,221,372,52,135.5,0.994
177,-1,91,379,39.9,107,0.989
177,-1,750,361,26.6,67.4,0.972
177,-1,484,372,30.7,99.8,0.954
177,-1,50,378,24,66.3,0.909
177,-1,947,358,38.1,92.9,0.895
177,-1,394,371,30.2,97.5,0.856
177,-1,110,365,41.5,111.6,0.683
178,-1,1539,293,200.2,643.2,1
178,-1,522,350,75.9,160.5,1
178,-1,786,344,52.6,133.5,1
178,-1,1718,265,217.4,679.3,1
178,-1,890,348,67.8,164.1,0.999
178,-1,1043,319,68.8,199.4,0.999
178,-1,715,342,43.6,138.8,0.999
178,-1,411,356,40.4,118.7,0.999
178,-1,839,345,37.5,109.6,0.996
178,-1,223,366,52.7,130.6,0.996
178,-1,750,357,26.1,69.1,0.995
178,-1,481,365,33.9,108.8,0.986
178,-1,91,377,40.9,109.8,0.963
178,-1,48,373,23.9,70.5,0.938
178,-1,946,338,41.6,111,0.922
178,-1,388,361,31.8,105.6,0.885
178,-1,685,377,24.9,68.7,0.531
178,-1,449,372,25.5,65.3,0.403
179,-1,1548,298,184.2,630,1
179,-1,1724,294,213.5,641.7,1
179,-1,522,347,75,163.3,1
179,-1,713,345,45.7,133.3,0.999
179,-1,1052,313,63.8,201,0.999
179,-1,889,347,66.9,162.2,0.999
179,-1,787,347,46.1,124.8,0.999
179,-1,843,346,36.8,102.1,0.998
179,-1,217,363,52.4,133.6,0.997
179,-1,84,369,43.9,112.7,0.99
179,-1,406,356,39,114.8,0.985
179,-1,749,352,27.8,70.3,0.981
179,-1,43,369,26.2,71.5,0.977
179,-1,481,365,32,107.3,0.966
179,-1,825,340,38.6,114.3,0.963
179,-1,944,344,36.9,100.2,0.95
179,-1,379,373,28.5,93,0.868
179,-1,60,372,27.1,79,0.579
179,-1,115,373,32.9,77.2,0.427
180,-1,788,338,47.1,132.2,1
180,-1,1531,300,189.3,626,1
180,-1,521,336,77.7,168.4,1
180,-1,1711,283,218.3,671,1
180,-1,1043,312,69,198.2,0.999
180,-1,712,340,43.9,130.1,0.999
180,-1,408,351,40.9,119.5,0.999
180,-1,887,340,61.6,170.6,0.999
180,-1,844,341,35.8,104.6,0.995
180,-1,750,347,28.2,71.6,0.995
180,-1,218,361,51.5,127.5,0.99
180,-1,44,368,25.2,73.3,0.976
180,-1,944,341,36.3,101.5,0.975
180,-1,90,365,40,111.7,0.967
180,-1,486,356,34,116.6,0.952
180,-1,389,358,34.7,104.1,0.911
180,-1,823,332,41.5,121.1,0.836
181,-1,877,331,69.9,164.4,1
181,-1,746,340,26.7,70.2,1
181,-1,1514,314,181.8,614.4,1
181,-1,1702,265,221.7,682.7,1
181,-1,510,329,79.4,165.8,1
181,-1,708,337,46.3,126.5,1
181,-1,783,329,50.8,134.6,0.999
181,-1,1043,309,67.7,204.3,0.999
181,-1,403,338,40.8,119,0.999
181,-1,221,355,50.5,128.8,0.995
181,-1,833,332,34.6,107.3,0.995
181,-1,942,334,34.8,98.4,0.993
181,-1,476,354,46.2,107.2,0.99
181,-1,42,356,24.7,71.9,0.972
181,-1,82,360,39.1,115.4,0.96
181,-1,384,357,29.7,94.5,0.886
181,-1,850,344,37.2,96.2,0.658
182,-1,1729,270,187.9,643.8,1
182,-1,508,322,78.3,167.2,1
182,-1,709,324,44,145.2,1
182,-1,403,339,42.3,115.6,1
182,-1,1508,299,203.2,599.9,1
182,-1,846,333,36.9,102.3,0.999
182,-1,1045,298,66.2,213.7,0.999
182,-1,880,337,65.5,164.3,0.998
182,-1,750,342,23.9,64.1,0.998
182,-1,778,327,50.8,134.7,0.998
182,-1,221,348,49.5,128.3,0.996
182,-1,476,350,46.9,104.7,0.991
182,-1,80,350,45.2,119.8,0.985
182,-1,41,352,25,72.8,0.973
182,-1,943,326,41,115.6,0.952
182,-1,821,331,39.9,110.5,0.95
182,-1,382,352,29,92.9,0.911
182,-1,686,358,23.3,64.8,0.717
182,-1,451,349,24.8,69,0.542
183,-1,1520,299,174.4,609.4,1
183,-1,1705,270,207.1,648.2,1
183,-1,399,337,43.8,119.9,1
183,-1,710,331,43.7,131.1,1
183,-1,781,326,49.7,140,0.999
183,-1,1047,299,70.3,206.2,0.999
183,-1,507,321,86.1,164.1,0.999
183,-1,748,334,27.3,69.2,0.999
183,-1,218,347,51.3,129.9,0.998
183,-1,872,329,71,166.7,0.998
183,-1,842,325,37.5,110.8,0.998
183,-1,80,346,44.2,120.2,0.989
183,-1,938,335,35.5,92.8,0.981
183,-1,41,351,24,70.4,0.965
183,-1,380,349,30.6,98.8,0.921
183,-1,481,346,32.9,104.5,0.915
183,-1,821,323,38.3,113.2,0.689
183,-1,450,346,26.1,68.4,0.443
184,-1,1493,294,191.2,602.4,1
184,-1,1708,258,204.6,681.3,1
184,-1,506,323,82.8,160.4,1
184,-1,702,330,51.2,131.4,1
184,-1,872,331,65.5,163.2,0.999
184,-1,934,332,34.4,91.8,0.999
184,-1,833,324,38.2,108.7,0.999
184,-1,746,334,27.1,66.2,0.998
184,-1,1049,299,62.1,212.7,0.998
184,-1,216,344,49.6,135.8,0.997
184,-1,778,323,47.6,139.9,0.997
184,-1,395,332,46.7,123.6,0.992
184,-1,74,352,40.2,108.9,0.98
184,-1,478,346,32,100.5,0.965
184,-1,376,344,32.4,101,0.948
184,-1,100,350,29.7,69.8,0.91
184,-1,35,348,25.8,75.4,0.869
184,-1,451,349,23.7,60.7,0.499
185,-1,519,321,69.3,151.9,1
185,-1,1491,291,170,638.4,1
185,-1,1696,248,215.4,666.8,1
185,-1,706,325,50.2,132.8,1
185,-1,929,328,39.5,102.9,0.999
185,-1,869,326,66.8,161,0.999
185,-1,832,317,40,119.6,0.999
185,-1,1050,298,63.6,206.7,0.998
185,-1,776,332,46.5,127.6,0.997
185,-1,219,339,52,130.9,0.995
185,-1,750,335,25.5,66,0.995
185,-1,393,326,43.2,125.9,0.991
185,-1,36,346,23.3,68.3,0.987
185,-1,76,343,39.4,117,0.985
185,-1,480,341,36.5,111.9,0.98
185,-1,376,343,30.7,100.2,0.966
185,-1,453,346,25.3,63.3,0.504
186,-1,512,311,77.3,167.6,1
186,-1,1473,282,204.1,621.2,1
186,-1,1683,258,222.5,645.2,1
186,-1,708,325,45.6,134.1,1
186,-1,1048,297,66.8,209.8,0.999
186,-1,779,320,51.3,140.7,0.999
186,-1,398,326,42,122.1,0.999
186,-1,922,324,38.7,115.7,0.999
186,-1,875,326,65.7,168.1,0.999
186,-1,749,328,29.1,76.6,0.999
186,-1,831,318,37.6,112.1,0.999
186,-1,74,342,44.5,116.3,0.997
186,-1,31,337,27,81.2,0.993
186,-1,213,341,54.4,139.7,0.993
186,-1,474,338,34.8,108.8,0.952
186,-1,376,338,33.2,106.9,0.9
186,-1,487,337,43,114.4,0.481
187,-1,1681,270,220.7,639,1
187,-1,505,318,71,160.2,1
187,-1,831,323,37.8,111.5,1
187,-1,1472,287,200.2,629.2,1
187,-1,705,329,47.2,126.1,1
187,-1,780,322,50.6,140,0.999
187,-1,877,335,61.8,159.2,0.999
187,-1,1047,296,71.1,215.4,0.999
187,-1,751,335,25.6,68.7,0.999
187,-1,926,334,35.7,98.3,0.998
187,-1,73,343,44.7,116.2,0.995
187,-1,385,326,45.2,119.7,0.995
187,-1,30,342,27,78.3,0.99
187,-1,214,341,52.1,134.9,0.988
187,-1,481,341,37.4,110.2,0.945
188,-1,1648,270,259.5,657.5,1
188,-1,1045,290,77.5,220.4,1
188,-1,707,321,49.4,135.4,1
188,-1,831,322,40.7,113.3,1
188,-1,1443,268,196.4,649.4,1
188,-1,509,304,73.8,175.7,1
188,-1,772,323,55.2,141.5,0.999
188,-1,750,332,29.9,68.2,0.998
188,-1,918,323,39.4,123.9,0.998
188,-1,865,327,74.5,170.2,0.996
188,-1,70,340,41.3,110.9,0.993
188,-1,397,329,40.1,118.8,0.993
188,-1,214,338,50.7,133.3,0.988
188,-1,94,337,33.3,75.1,0.97
188,-1,378,343,32.1,98.9,0.941
188,-1,474,339,35.8,111.8,0.842
188,-1,452,336,29.5,74.2,0.459
189,-1,507,309,82.6,175.8,1
189,-1,708,328,48.2,135.3,1
189,-1,1648,271,258.3,640.7,1
189,-1,1435,267,216.7,660,1
189,-1,1044,292,79.3,220.1,0.999
189,-1,773,324,43.8,131.9,0.999
189,-1,867,324,67.4,163.7,0.999
189,-1,389,330,44.4,128.8,0.999
189,-1,830,324,38.8,113.5,0.999
189,-1,919,332,38.6,112.8,0.997
189,-1,751,330,30.2,75.3,0.996
189,-1,216,338,52,135.9,0.995
189,-1,70,339,40.6,118.7,0.98
189,-1,479,345,41.4,110.2,0.972
189,-1,371,347,28.7,95.6,0.896
189,-1,102,345,27.7,70.4,0.816
189,-1,460,342,35.5,107.5,0.591
190,-1,391,335,42.3,115.5,1
190,-1,1054,292,75.6,231.9,1
190,-1,1632,267,257.9,658.4,1
190,-1,505,315,75.9,165.5,1
190,-1,703,327,53.8,143.3,1
190,-1,1426,276,228.6,654.8,1
190,-1,775,332,48.1,131.2,0.999
190,-1,919,331,34.8,112.9,0.999
190,-1,868,333,65.4,153.9,0.999
190,-1,830,327,35.8,110.2,0.999
190,-1,749,332,31.6,74.2,0.998
190,-1,216,343,52.4,138.8,0.995
190,-1,32,345,25.5,67.8,0.99
190,-1,72,344,40.2,108.7,0.988
190,-1,373,346,30.5,95.5,0.973
190,-1,482,343,32.5,104.2,0.932
190,-1,850,327,34.5,105.6,0.453
191,-1,1423,283,222.5,677,1
191,-1,1630,299,243.4,656.5,1
191,-1,1049,303,84.6,219.7,1
191,-1,705,333,50.1,132.1,1
191,-1,827,331,37.7,111.4,1
191,-1,507,312,76.3,172.3,1
191,-1,865,328,69.9,176.3,0.999
191,-1,919,333,34.6,111.7,0.999
191,-1,774,335,48.2,130.3,0.999
191,-1,388,328,45.6,126.1,0.998
191,-1,220,335,52.1,137.7,0.996
191,-1,751,342,27.2,70.3,0.995
191,-1,67,337,42.6,116.1,0.984
191,-1,28,340,26,74.9,0.934
191,-1,370,352,30.9,94.6,0.932
191,-1,476,347,34.5,104.9,0.805
191,-1,106,351,25.7,54.7,0.564
191,-1,452,345,24,67.8,0.521
192,-1,1415,294,224.9,681.1,1
192,-1,1049,303,84.9,225,1
192,-1,1645,295,221.2,653,1
192,-1,830,333,35.9,113,1
192,-1,868,339,65.9,167.8,1
192,-1,505,315,74.7,170.2,1
192,-1,702,323,49.8,141.7,1
192,-1,388,331,43.2,122.2,1
192,-1,918,330,38.5,118.9,0.999
192,-1,770,330,51.6,137.7,0.999
192,-1,224,339,51.6,128.8,0.997
192,-1,754,341,28.6,69.5,0.99
192,-1,97,341,28.7,70.8,0.972
192,-1,67,344,40.9,114.5,0.961
192,-1,32,335,25.3,75.9,0.937
192,-1,367,345,32.3,100.9,0.931
192,-1,482,343,41.3,106.6,0.599
193,-1,1051,313,77.8,224.7,1
193,-1,510,305,73.2,186.1,1
193,-1,826,329,42.2,118.8,1
193,-1,1412,311,208.8,646.7,1
193,-1,1637,290,228.4,668.9,1
193,-1,705,323,49.8,156,1
193,-1,778,330,47.1,126.9,0.999
193,-1,224,336,51.5,132.9,0.998
193,-1,862,331,72.3,177.1,0.998
193,-1,388,329,44.7,124.4,0.997
193,-1,920,331,36.7,120,0.994
193,-1,754,340,27.5,66.7,0.987
193,-1,65,337,43.9,111.8,0.981
193,-1,372,346,30.9,95.1,0.972
193,-1,30,334,27,75.3,0.937
193,-1,97,345,27.8,71.2,0.581
193,-1,487,348,35.5,99.2,0.575
194,-1,388,329,43.1,117.3,1
194,-1,1414,320,216.4,647.1,1
194,-1,1049,311,83.1,228,1
194,-1,826,331,42.3,117.4,1
194,-1,778,331,47,126.8,1
194,-1,703,330,53.5,133.8,1
194,-1,1635,299,239.2,674.6,1
194,-1,509,315,70.8,173.3,0.999
194,-1,864,335,68.3,173.4,0.999
194,-1,223,330,52.2,137.5,0.998
194,-1,756,338,28.2,68.5,0.994
194,-1,917,329,39.3,126.2,0.99
194,-1,64,338,43.2,117.5,0.984
194,-1,366,348,30.4,91.7,0.971
194,-1,27,332,29,74.6,0.867
194,-1,94,335,33.3,89.2,0.48
194,-1,464,338,36.1,109.6,0.466
195,-1,1626,290,256.4,681.3,1
195,-1,1055,310,79.1,226,1
195,-1,826,326,42.2,122.7,1
195,-1,704,330,49,139.4,1
195,-1,1396,297,230.9,668.1,1
195,-1,506,316,72.6,178.6,0.999
195,-1,866,333,65,167.7,0.999
195,-1,218,333,56,134.1,0.998
195,-1,770,329,49.2,138,0.998
195,-1,385,328,43.3,125.3,0.997
195,-1,922,334,36.1,116.2,0.992
195,-1,63,342,36.2,108.2,0.991
195,-1,752,342,28.6,68.2,0.99
195,-1,368,349,31.9,94.3,0.967
195,-1,26,328,27.9,80.7,0.889
195,-1,470,343,36.8,101.5,0.434
195,-1,86,339,39.5,101.5,0.423
196,-1,1065,307,91,234.1,1
196,-1,1395,319,200.2,632.2,1
196,-1,1616,311,238.9,644.3,1
196,-1,925,335,39.4,110.4,1
196,-1,506,314,81.7,180.9,0.999
196,-1,227,331,50.8,129,0.999
196,-1,829,333,41,112.1,0.999
196,-1,713,318,45.4,149.9,0.999
196,-1,772,327,50.5,131.9,0.998
196,-1,865,334,66.9,163.1,0.997
196,-1,387,326,44.2,129,0.997
196,-1,59,340,40.6,111.1,0.958
196,-1,30,330,28.9,74.2,0.933
196,-1,368,345,29.6,94.3,0.928
196,-1,87,337,44.7,118.4,0.826
196,-1,800,338,46.2,122.2,0.739
197,-1,1628,297,258.9,657.7,1
197,-1,706,324,48.7,141.4,1
197,-1,1388,306,201.6,653.1,1
197,-1,1058,304,80.2,239.8,1
197,-1,778,335,50.4,136.1,0.999
197,-1,927,334,35.9,119.4,0.999
197,-1,866,340,68.5,166.7,0.998
197,-1,830,330,39.5,115.1,0.998
197,-1,509,310,77,188.6,0.998
197,-1,224,338,52,130.2,0.995
197,-1,65,327,43.4,122,0.993
197,-1,386,331,41,126.8,0.976
197,-1,761,346,28.4,64,0.953
197,-1,26,331,28.7,77.2,0.94
197,-1,366,348,31.3,94.1,0.939
197,-1,98,343,26.5,65,0.702
197,-1,85,344,46.1,115.8,0.594
197,-1,116,341,31.3,79.8,0.445
198,-1,1630,291,235.4,696,1
198,-1,1077,312,77.2,230.3,1
198,-1,1390,299,206.4,664.8,1
198,-1,713,332,46,138.3,0.999
198,-1,507,314,75.1,173.2,0.999
198,-1,870,338,62.4,166,0.999
198,-1,838,333,37.7,114.9,0.999
198,-1,928,338,38.5,111,0.998
198,-1,776,333,52.3,141.5,0.998
198,-1,388,332,42.1,121.7,0.996
198,-1,226,340,51.6,129.2,0.995
198,-1,760,342,28.4,65.4,0.995
198,-1,92,335,29.8,74.8,0.971
198,-1,367,353,31.6,95.6,0.969
198,-1,76,336,37.8,108,0.943
198,-1,28,333,28.2,76.6,0.901
198,-1,113,345,29.3,72.5,0.606
198,-1,46,326,30.7,77.4,0.406
199,-1,1603,293,259.7,681.1,1
199,-1,713,333,49.8,135.1,1
199,-1,1381,282,214.4,693.1,1
199,-1,844,335,40.4,115.1,1
199,-1,932,340,36.8,114,0.999
199,-1,1078,315,83.8,234.6,0.999
199,-1,781,339,47.5,127.6,0.998
199,-1,510,319,76.1,171.8,0.997
199,-1,233,339,51.3,128.3,0.996
199,-1,870,337,69.9,174.1,0.992
199,-1,391,334,41.6,116.1,0.99
199,-1,763,346,29.1,74.4,0.952
199,-1,369,345,34,98.9,0.886
199,-1,105,346,28.8,67.7,0.878
199,-1,79,335,39.8,113.6,0.808
199,-1,36,338,26,69.7,0.798
199,-1,481,347,41.1,110.8,0.786
200,-1,1391,303,204.2,647.4,1
200,-1,724,333,47.9,145.4,1
200,-1,1623,309,235.4,658.8,1
200,-1,1081,317,82.3,241.1,1
200,-1,508,317,78,181.3,0.999
200,-1,876,348,69.1,167.2,0.999
200,-1,842,341,40.5,115.7,0.999
200,-1,240,346,49.7,126.1,0.998
200,-1,785,343,46.7,140.7,0.998
200,-1,390,340,44.3,117.2,0.998
200,-1,934,341,35.7,110.4,0.997
200,-1,101,347,28,71.1,0.965
200,-1,370,356,32.5,95.4,0.962
200,-1,36,338,27.1,76.8,0.952
200,-1,68,350,42.4,111.2,0.94
200,-1,765,349,30,75,0.861
201,-1,1610,292,260,679.5,1
201,-1,1099,325,88,238.8,1
201,-1,1400,283,189.7,706,1
201,-1,944,349,35.9,116.3,1
201,-1,790,341,50,135.9,0.999
201,-1,250,352,48.1,129.2,0.997
201,-1,884,347,66.1,168.3,0.997
201,-1,724,343,47.8,142,0.997
201,-1,517,339,68.6,157.9,0.997
201,-1,851,346,42.9,113.7,0.995
201,-1,385,351,37.9,108.9,0.966
201,-1,85,346,40.2,117,0.935
201,-1,131,360,28.8,68.5,0.79
201,-1,476,337,36,129.1,0.543
201,-1,398,338,45.7,123.4,0.442
201,-1,115,351,33.7,78.6,0.432
202,-1,1385,331,199.7,652.9,1
202,-1,1605,307,256.4,667.2,1
202,-1,1100,322,79.5,241.6,0.998
202,-1,950,355,35.3,116.1,0.998
202,-1,885,352,69.1,159.6,0.997
202,-1,858,350,42.5,121.2,0.995
202,-1,731,351,47.6,143,0.991
202,-1,521,325,80.5,175.3,0.99
202,-1,256,352,49.4,134.3,0.989
202,-1,787,343,51.6,140.8,0.989
202,-1,90,347,42.9,111.6,0.977
202,-1,372,355,40.8,108.8,0.969
202,-1,398,353,43.9,121.9,0.925
202,-1,127,351,35,91,0.438
203,-1,1615,330,255.1,645.3,1
203,-1,1391,322,192.7,665.4,1
203,-1,891,360,69.1,175.1,0.999
203,-1,1110,331,77.8,238,0.999
203,-1,953,359,38.7,116,0.999
203,-1,798,352,50.1,134.1,0.999
203,-1,859,355,41.3,115.4,0.999
203,-1,523,342,79,170.8,0.997
203,-1,97,357,39.4,109,0.997
203,-1,735,346,48.8,144.5,0.996
203,-1,260,359,52.4,127.2,0.994
203,-1,412,353,44.3,128.5,0.992
203,-1,57,356,28.8,78.1,0.973
203,-1,388,368,30.4,103,0.973
203,-1,125,362,29.7,73.5,0.953
204,-1,1399,325,200.6,651.5,1
204,-1,1646,296,249,702.7,1
204,-1,1126,336,71,238.3,1
204,-1,968,358,32.7,118.9,1
204,-1,806,352,51.4,135.5,0.999
204,-1,751,356,50.1,144.7,0.999
204,-1,275,364,48.1,122.4,0.999
204,-1,908,357,64.3,170.6,0.999
204,-1,535,340,83.9,179.7,0.998
204,-1,863,353,40.5,116.2,0.996
204,-1,107,362,40.8,108.8,0.995
204,-1,423,353,40.5,121.2,0.99
204,-1,401,369,36.3,113.6,0.975
204,-1,137,363,30.6,70.3,0.958
204,-1,70,361,27.2,68.9,0.927
204,-1,92,345,28.7,85,0.459
204,-1,510,355,36,126.2,0.407
205,-1,1136,327,86.3,253.8,1
205,-1,1389,339,219.5,667.1,1
205,-1,1632,320,266.9,691.5,1
205,-1,812,349,55.2,142.1,0.999
205,-1,534,343,83,182.1,0.999
205,-1,975,365,39.9,117.1,0.998
205,-1,909,362,69.4,167.4,0.996
205,-1,759,361,42.6,133.4,0.996
205,-1,286,349,52.9,140.3,0.995
205,-1,119,353,42.3,120.6,0.985
205,-1,418,348,47.3,124,0.976
205,-1,879,356,47.7,122.8,0.969
205,-1,147,359,31.4,86.9,0.889
205,-1,168,374,25.4,70.2,0.525
205,-1,501,359,42.5,125.2,0.472
206,-1,928,376,68.9,157.8,1
206,-1,1389,329,199.3,666,1
206,-1,1638,315,275.2,723.5,1
206,-1,552,353,80.9,160.9,1
206,-1,991,361,33.1,125.7,1
206,-1,1151,333,83.2,257.3,1
206,-1,826,359,49.6,134.7,0.999
206,-1,897,358,45.7,121.1,0.999
206,-1,776,354,50.4,139.5,0.998
206,-1,302,365,53,122.1,0.995
206,-1,134,358,39.3,120.6,0.988
206,-1,439,355,42.7,121.8,0.975
206,-1,161,363,37.1,77.4,0.964
206,-1,418,374,36.1,104.5,0.962
206,-1,104,358,25.8,71.7,0.881
207,-1,840,358,49.8,142.3,1
207,-1,1391,356,201.9,635.1,1
207,-1,1640,334,251.8,714.5,1
207,-1,558,351,83.1,170.4,1
207,-1,1147,329,86.2,253.5,1
207,-1,930,372,72.8,164.3,1
207,-1,780,350,46.6,151.6,0.999
207,-1,903,356,42.9,120.2,0.999
207,-1,998,369,34.8,116.5,0.997
207,-1,308,363,48.7,125.5,0.995
207,-1,442,356,50.4,126.4,0.993
207,-1,145,359,40.4,119.1,0.971
207,-1,173,369,27.8,68.9,0.948
207,-1,112,362,24,63.9,0.887
207,-1,427,370,29.2,106.5,0.684
207,-1,126,364,23.6,67.4,0.626
207,-1,203,379,24.3,60.1,0.536
208,-1,1646,322,279.5,693.5,1
208,-1,1396,353,208,664.5,1
208,-1,1169,333,78.2,258.5,1
208,-1,563,355,74.7,161.7,0.999
208,-1,1006,363,33.9,119.9,0.999
208,-1,844,357,50.7,144.5,0.998
208,-1,938,372,69.9,160.3,0.997
208,-1,780,354,54.3,150.2,0.996
208,-1,324,363,52,121.3,0.996
208,-1,908,361,44.8,119.6,0.996
208,-1,444,359,43.2,119.5,0.995
208,-1,153,356,41,118,0.986
208,-1,426,372,32.1,99.7,0.97
208,-1,180,366,31.2,72.2,0.881
208,-1,636,368,23.3,66.3,0.865
208,-1,129,365,25,68.8,0.537
208,-1,873,360,45.6,130.6,0.495
208,-1,536,371,36.7,117.5,0.485
209,-1,1410,342,189,671.8,1
209,-1,1639,319,278.2,705.4,1
209,-1,1174,336,79.3,249.3,1
209,-1,916,357,42.9,119.8,1
209,-1,852,369,56.2,127.7,0.999
209,-1,567,360,81.2,158,0.999
209,-1,789,353,49.8,150.8,0.999
209,-1,329,366,49,126.1,0.999
209,-1,1012,367,33,117.2,0.998
209,-1,944,369,63.8,167.4,0.995
209,-1,440,368,32.2,108.4,0.994
209,-1,453,357,41.3,124.7,0.978
209,-1,187,367,29.6,72,0.977
209,-1,154,358,41.5,122.8,0.975
209,-1,125,365,23,68.7,0.97
209,-1,640,375,22.4,62.4,0.924
210,-1,945,375,72,164.3,1
210,-1,916,361,46.9,116.1,1
210,-1,1414,330,192.9,677.1,1
210,-1,1184,342,80.2,246.5,1
210,-1,1652,346,274.8,682.1,1
210,-1,1015,363,35.7,116.8,0.999
210,-1,573,350,79.4,170.4,0.999
210,-1,798,359,45.7,136.8,0.999
210,-1,852,357,51.4,137.1,0.998
210,-1,468,359,41.5,121.8,0.995
210,-1,331,368,52.3,128.8,0.995
210,-1,130,364,27.1,70.3,0.989
210,-1,162,357,41.2,126,0.981
210,-1,190,365,32.2,71.3,0.972
210,-1,445,374,30.8,102.5,0.967
210,-1,641,370,24.7,66.7,0.945
210,-1,882,361,49.9,132.9,0.441
211,-1,1421,349,180.5,630.2,1
211,-1,1658,323,238.2,674.2,1
211,-1,1201,323,85.9,269.2,1
211,-1,580,349,82.4,167.2,0.999
211,-1,923,356,43.6,119.2,0.999
211,-1,868,364,49.1,133.1,0.999
211,-1,1028,362,33.3,116.3,0.999
211,-1,958,366,66.7,166.2,0.998
211,-1,801,353,52.8,152.2,0.997
211,-1,170,361,37.7,115.9,0.996
211,-1,347,360,52.4,129.3,0.994
211,-1,142,360,25.8,68.7,0.993
211,-1,473,355,41.8,128.6,0.983
211,-1,653,365,24.7,64.3,0.981
211,-1,201,362,31.6,77.1,0.975
211,-1,451,374,33,102.1,0.963
212,-1,1408,355,206.7,650.8,1
212,-1,1646,328,261.8,669.7,1
212,-1,957,363,71.7,168.4,1
212,-1,584,341,78.9,188.6,1
212,-1,1201,333,83.8,268.2,1
212,-1,933,361,42.7,119.4,1
212,-1,870,354,51.5,140.3,0.999
212,-1,806,357,57.2,148,0.999
212,-1,1033,358,34.9,119.6,0.996
212,-1,179,360,39.5,114.3,0.995
212,-1,349,362,51.1,133.8,0.994
212,-1,480,354,47.5,130,0.992
212,-1,663,368,25.1,62.1,0.989
212,-1,148,364,26.5,72.4,0.975
212,-1,210,365,29.1,70.9,0.966
212,-1,459,369,33.7,106.7,0.953
212,-1,903,362,41.9,126.4,0.434
213,-1,1664,319,242,693.8,1
213,-1,1399,336,219.4,645.1,1
213,-1,962,368,73.9,163.3,1
213,-1,1036,362,34.8,116,1
213,-1,819,348,52.9,151.8,1
213,-1,1200,325,98.2,276,1
213,-1,938,358,43.7,116.6,1
213,-1,588,346,80,164.1,0.999
213,-1,875,362,53.1,138.9,0.998
213,-1,483,353,45.4,127.3,0.995
213,-1,354,360,54.1,125.9,0.994
213,-1,179,358,44.5,119.3,0.992
213,-1,150,364,28.2,72.3,0.986
213,-1,462,372,33.4,105.8,0.984
213,-1,667,368,21.3,62.9,0.949
213,-1,217,363,25.3,64.2,0.891
213,-1,909,363,40.7,119,0.447
214,-1,1228,329,82.1,274.1,1
214,-1,1646,324,257,668.6,1
214,-1,1409,346,196.8,638.6,1
214,-1,585,359,79.8,157.4,0.999
214,-1,944,358,43.8,123.1,0.999
214,-1,823,356,48.2,136.1,0.999
214,-1,881,362,47.6,131.2,0.998
214,-1,970,365,66.7,166.9,0.998
214,-1,361,368,50.9,127,0.995
214,-1,671,367,26.1,63.9,0.995
214,-1,1043,365,32.1,106.6,0.994
214,-1,484,352,46.4,137,0.994
214,-1,183,362,40.4,119.2,0.992
214,-1,155,367,25.7,72.2,0.99
214,-1,461,378,35.2,101.1,0.975
214,-1,217,366,29.5,71.8,0.972
215,-1,1415,346,204.9,648.9,1
215,-1,1662,319,259.6,696.1,1
215,-1,946,359,47.6,123.1,1
215,-1,1212,330,96.9,268.8,1
215,-1,593,353,77.7,166.3,0.999
215,-1,827,353,45.1,146.9,0.999
215,-1,881,360,50,135.7,0.999
215,-1,968,361,76.4,174.2,0.999
215,-1,369,367,51.7,122.1,0.999
215,-1,485,348,45.4,141.8,0.994
215,-1,190,364,40.8,120.4,0.994
215,-1,677,369,24,58.5,0.993
215,-1,1049,367,32,106.4,0.988
215,-1,220,367,26.2,64.4,0.986
215,-1,462,374,39.2,106.4,0.983
215,-1,162,367,23.3,68.4,0.961
215,-1,663,367,23.1,61.2,0.661
216,-1,835,358,51.5,140.1,1
216,-1,1648,318,255.6,706.9,1
216,-1,1394,310,212.8,703.7,1
216,-1,1235,318,91.4,291.9,1
216,-1,890,363,48,133.8,1
216,-1,1057,365,36.2,113.6,0.999
216,-1,600,353,80.1,177.8,0.999
216,-1,380,366,49.1,119.9,0.998
216,-1,981,370,66.2,169.2,0.995
216,-1,944,355,47.2,122.9,0.995
216,-1,490,359,40.9,120.1,0.994
216,-1,200,362,43.9,114.7,0.993
216,-1,170,364,23.9,67.6,0.967
216,-1,471,364,36.1,117,0.941
216,-1,683,369,26.1,60.9,0.916
216,-1,231,365,27.2,63,0.845
216,-1,921,375,41.6,105.5,0.779
217,-1,1381,334,240.3,690.6,1
217,-1,1631,312,280.8,740.6,1
217,-1,1242,321,96.3,296.7,1
217,-1,967,364,40.9,116.7,1
217,-1,382,369,47.4,121,0.999
217,-1,201,361,42.7,116.3,0.999
217,-1,598,348,76,175,0.999
217,-1,893,362,49.6,138.8,0.999
217,-1,839,364,47.7,130.8,0.999
217,-1,983,374,61.9,158.7,0.998
217,-1,491,350,49.6,138.2,0.998
217,-1,935,364,34.4,108,0.992
217,-1,1059,367,34.1,113.5,0.991
217,-1,687,376,23.3,55.6,0.973
217,-1,471,377,34.8,103.6,0.964
217,-1,175,367,25,68.8,0.947
217,-1,669,372,21.3,61,0.89
217,-1,232,365,30.2,69.5,0.873
218,-1,982,367,71.7,174.1,1
218,-1,895,360,48.2,143.1,1
218,-1,391,367,46.3,117.6,1
218,-1,593,351,94.6,180.1,1
218,-1,1254,328,84.1,288.5,1
218,-1,1388,354,226.5,666.7,1
218,-1,1640,337,279.6,720.4,1
218,-1,842,363,47.8,131.2,0.999
218,-1,203,367,41.6,109.7,0.998
218,-1,500,365,44.6,124,0.997
218,-1,1067,369,31.9,117.3,0.996
218,-1,181,363,23.6,69.5,0.99
218,-1,940,363,30.8,102.3,0.99
218,-1,480,372,37.4,110.2,0.989
218,-1,689,373,23.9,61.6,0.984
218,-1,238,367,28.7,68.6,0.982
218,-1,962,349,39.5,127.3,0.74
219,-1,992,377,62.5,160.2,1
219,-1,897,360,50.3,141.7,1
219,-1,967,366,45.9,115,1
219,-1,1396,311,226.3,719.2,1
219,-1,1260,337,85.1,284.1,1
219,-1,1636,337,284.5,714.5,1
219,-1,604,351,73,166.8,0.999
219,-1,834,353,57.8,149.4,0.999
219,-1,1071,370,32.7,117.9,0.999
219,-1,395,360,49.3,129.9,0.998
219,-1,206,359,44.9,116.6,0.998
219,-1,500,361,44.4,119.4,0.996
219,-1,936,372,39.2,109.5,0.988
219,-1,690,370,25.3,67.5,0.987
219,-1,178,360,25.7,74.8,0.974
219,-1,476,371,36.1,110.9,0.967
219,-1,237,359,33.3,77.5,0.958
219,-1,675,371,20,57,0.841
220,-1,1387,354,215.8,664.4,1
220,-1,895,366,50.8,137.7,1
220,-1,1254,322,103.1,313.5,1
220,-1,1639,339,268.2,716.6,1
220,-1,972,365,43.3,119.2,0.999
220,-1,845,358,52.8,152,0.999
220,-1,395,366,47.1,123.1,0.999
220,-1,997,375,65.1,168,0.999
220,-1,602,353,76.7,168.9,0.999
220,-1,1073,368,34.1,120.7,0.998
220,-1,185,365,26.3,70.3,0.995
220,-1,695,373,24.9,61.1,0.994
220,-1,506,358,45.5,128.3,0.994
220,-1,482,368,36.9,109.3,0.986
220,-1,209,363,39.9,113,0.986
220,-1,242,363,27,64.6,0.968
220,-1,938,375,41.1,112.6,0.858
220,-1,683,374,20.1,56.5,0.82
220,-1,673,365,23.4,68.8,0.778
221,-1,1373,353,223.4,677.7,1
221,-1,1265,323,92.8,305.5,1
221,-1,844,356,47.1,143.3,1
221,-1,1630,329,271.5,711.2,1
221,-1,403,367,50.5,120,0.999
221,-1,898,367,52,137.8,0.999
221,-1,596,352,97,174.9,0.999
221,-1,973,364,49.6,123,0.999
221,-1,941,368,35.5,92.3,0.998
221,-1,990,377,68,166.1,0.997
221,-1,506,353,45.4,128.4,0.994
221,-1,1077,373,34.1,111.6,0.992
221,-1,484,368,37.2,110.3,0.99
221,-1,207,360,44.5,113.3,0.986
221,-1,697,368,26.1,66.4,0.984
221,-1,185,357,28.5,74.4,0.976
221,-1,245,361,29.7,77.3,0.975
221,-1,684,365,26.7,71.7,0.82
222,-1,1380,364,222.6,677,1
222,-1,1638,332,261.5,713.9,1
222,-1,845,352,46.1,150.3,1
222,-1,606,345,79.6,180.4,1
222,-1,1273,326,92.2,297.9,1
222,-1,895,358,50.9,143.2,0.999
222,-1,981,366,40.8,113.1,0.999
222,-1,208,361,43.7,112.1,0.999
222,-1,925,373,44.6,112.4,0.998
222,-1,401,356,49.6,128.6,0.998
222,-1,701,370,26,63.7,0.997
222,-1,993,370,68.2,160.5,0.996
222,-1,509,361,43.8,123.6,0.995
222,-1,483,371,35.6,103.2,0.995
222,-1,248,362,29,71.1,0.989
222,-1,183,358,26.4,68.9,0.988
222,-1,1078,374,36.1,113.1,0.973
222,-1,685,372,21.3,60,0.935
223,-1,1625,350,284.9,702.8,1
223,-1,1282,336,91.6,288.6,1
223,-1,1385,368,217.5,672.5,1
223,-1,979,364,42.9,115.4,1
223,-1,851,363,47.5,140.4,0.999
223,-1,599,349,93.6,174.9,0.999
223,-1,212,356,41.3,110.4,0.999
223,-1,1082,368,36.7,114.7,0.999
223,-1,405,361,50.9,123.1,0.998
223,-1,895,356,51.8,146,0.998
223,-1,995,365,64.5,171.8,0.997
223,-1,503,350,46.9,132.9,0.994
223,-1,481,370,38.5,110.5,0.993
223,-1,703,368,24.6,62.8,0.993
223,-1,185,350,28.4,80,0.988
223,-1,937,368,37.5,117.9,0.987
223,-1,243,356,28.8,73.9,0.983
223,-1,683,370,21.1,57,0.942
224,-1,1638,330,255.3,701,1
224,-1,1380,368,213.1,643.8,1
224,-1,1083,369,34.6,114.3,0.999
224,-1,1289,334,91.9,294.4,0.999
224,-1,481,364,37.1,111.5,0.999
224,-1,609,339,86.5,185,0.999
224,-1,904,357,52.8,141.7,0.999
224,-1,845,347,50.7,150,0.998
224,-1,1001,367,63.6,163.9,0.997
224,-1,402,353,51,131.4,0.993
224,-1,512,347,40.4,128.7,0.991
224,-1,704,366,25.9,58.6,0.99
224,-1,185,352,28.5,71.8,0.988
224,-1,247,356,31,75.7,0.979
224,-1,215,355,38.8,109.8,0.979
224,-1,935,363,44.6,122,0.947
224,-1,690,369,20,58.1,0.911
224,-1,977,355,43,125.2,0.876
225,-1,1357,352,252.1,677.1,1
225,-1,1634,321,282,721.7,1
225,-1,904,363,45.8,132.1,1
225,-1,1289,317,90.5,323,0.999
225,-1,410,359,48.5,121.5,0.999
225,-1,986,360,45.2,117.9,0.999
225,-1,604,349,83.8,173.2,0.999
225,-1,1079,363,40.6,117.8,0.998
225,-1,841,339,56.1,160.9,0.998
225,-1,993,359,69.6,167.7,0.997
225,-1,210,352,46.7,117.1,0.995
225,-1,486,368,35.8,102.6,0.994
225,-1,512,350,41.1,125.3,0.99
225,-1,707,365,24.3,65.4,0.976
225,-1,245,351,31.7,76.5,0.945
225,-1,932,362,40.3,115,0.942
225,-1,188,341,29,85.5,0.939
225,-1,689,365,20.6,59.4,0.799
225,-1,958,362,42.9,114,0.739
226,-1,1367,335,244.2,673.5,1
226,-1,1629,311,287.5,735.8,1
226,-1,903,355,52.1,147.7,0.999
226,-1,853,356,47.2,140.4,0.999
226,-1,1087,365,33.1,116.1,0.999
226,-1,600,349,91.6,162.3,0.999
226,-1,1003,366,69.6,171.1,0.999
226,-1,1304,336,99.4,292.6,0.998
226,-1,974,357,44.2,117.8,0.998
226,-1,412,358,49.5,122.8,0.998
226,-1,485,365,38.3,112,0.997
226,-1,191,350,28.4,71.7,0.994
226,-1,708,367,25.9,64.4,0.994
226,-1,214,354,44.4,109,0.992
226,-1,507,352,41.7,128.2,0.991
226,-1,247,350,33.8,80.3,0.973
226,-1,940,369,38.8,109,0.957
226,-1,694,363,22.6,65.5,0.908
227,-1,1369,328,253.1,703.7,1
227,-1,1639,315,264.6,731.8,1
227,-1,907,358,50.1,141.1,1
227,-1,1308,310,116,325.2,0.999
227,-1,997,359,66.6,170.9,0.999
227,-1,1095,365,34.5,116.8,0.999
227,-1,850,347,52.6,154.3,0.999
227,-1,603,345,88.9,178.2,0.998
227,-1,713,367,23.8,60.1,0.997
227,-1,419,356,47.7,123,0.996
227,-1,480,357,41.9,121.2,0.996
227,-1,512,348,41.1,126.6,0.992
227,-1,943,356,42.7,127.9,0.986
227,-1,217,349,45.2,118.6,0.983
227,-1,193,345,28.2,74.6,0.977
227,-1,701,362,22.3,60.9,0.951
227,-1,251,342,29.9,83.8,0.926
227,-1,969,356,38.8,113.1,0.914
227,-1,690,358,21.3,64.6,0.502
228,-1,1312,329,100.6,299.2,1
228,-1,1373,342,241.2,682.6,1
228,-1,1636,332,292,702,1
228,-1,990,359,41.9,127.5,0.999
228,-1,1095,362,36.5,116.1,0.999
228,-1,1011,363,63.4,171.8,0.999
228,-1,852,355,53.4,152.6,0.998
228,-1,611,354,82.5,160.6,0.998
228,-1,908,358,48.4,139.9,0.997
228,-1,198,346,28.3,74.1,0.996
228,-1,510,347,43,130.2,0.995
228,-1,223,356,40.2,109.3,0.995
228,-1,420,363,47.5,119.5,0.995
228,-1,486,362,39.7,111.3,0.995
228,-1,717,368,24.7,60.1,0.994
228,-1,934,365,46.7,117.7,0.99
228,-1,255,361,27.2,67.1,0.916
228,-1,704,366,22.8,59.6,0.907
228,-1,962,356,41.7,112.5,0.576
229,-1,1619,311,296.6,763.5,1
229,-1,1376,319,232.1,711.6,1
229,-1,604,346,84.9,176,0.999
229,-1,1318,324,114,317.5,0.999
229,-1,934,365,40.2,118.8,0.999
229,-1,1007,370,73.7,160.2,0.999
229,-1,422,358,47.1,122.3,0.998
229,-1,717,367,25.1,64.7,0.997
229,-1,867,358,42.2,138.9,0.997
229,-1,1104,369,32.4,108.8,0.997
229,-1,222,350,41.1,120.1,0.995
229,-1,905,359,52.7,143.5,0.994
229,-1,198,349,27,76.1,0.992
229,-1,478,352,41.1,125.6,0.991
229,-1,507,351,45,121.5,0.984
229,-1,258,356,29.4,70.3,0.901
229,-1,987,358,45.3,119.5,0.888
229,-1,703,363,22.4,64.2,0.834
230,-1,1388,312,229,706.6,1
230,-1,1627,298,276.1,772.9,1
230,-1,1008,355,70.1,168.5,0.999
230,-1,1316,309,130.3,345.6,0.999
230,-1,1107,362,38.7,121.7,0.998
230,-1,611,335,93.7,178.1,0.997
230,-1,915,361,51.2,134.5,0.995
230,-1,859,348,59.9,148,0.993
230,-1,428,358,47.9,121.8,0.991
230,-1,227,341,39.4,119.1,0.989
230,-1,489,364,37.9,105.4,0.988
230,-1,205,342,24.3,77.6,0.941
230,-1,511,348,48,126.2,0.929
230,-1,265,355,31.5,77.9,0.912
230,-1,727,362,22.5,63.5,0.882
230,-1,978,355,47.8,125,0.789
230,-1,705,365,20.3,58,0.622
230,-1,954,366,35.5,98.3,0.534
230,-1,247,345,41.7,117.2,0.452
231,-1,1623,324,284.4,748.4,1
231,-1,1382,334,218.1,687.4,1
231,-1,1017,366,66.4,164.8,1
231,-1,926,363,48.4,137.4,0.999
231,-1,618,343,92.7,174.3,0.999
231,-1,871,348,50.3,152.5,0.999
231,-1,519,347,49.1,129.4,0.996
231,-1,233,355,39.3,109.1,0.995
231,-1,1110,368,39.2,116.6,0.994
231,-1,436,355,45.5,117.4,0.994
231,-1,734,369,23.4,61.1,0.993
231,-1,491,353,39.6,125.4,0.992
231,-1,209,346,25.4,70.3,0.983
231,-1,958,368,39.6,117.8,0.973
231,-1,1325,316,115.8,329.3,0.968
231,-1,985,358,41.3,114.8,0.953
231,-1,263,353,29.6,72,0.918
231,-1,724,366,20,55.7,0.822
231,-1,714,362,21.6,63.4,0.802
232,-1,1370,340,229.6,696.6,1
232,-1,1630,331,248.5,708.6,1
232,-1,929,360,49.8,138.8,1
232,-1,866,340,53,157.6,0.999
232,-1,1119,366,36.2,112.4,0.999
232,-1,497,353,40.7,123,0.998
232,-1,1010,354,41.8,123.6,0.998
232,-1,1022,361,67.5,162.2,0.998
232,-1,607,335,103.4,185.6,0.997
232,-1,519,348,42.8,131.3,0.994
232,-1,442,349,47.2,123.6,0.993
232,-1,234,350,39.9,107.9,0.992
232,-1,957,368,43.7,115.3,0.989
232,-1,216,342,26.5,73.8,0.975
232,-1,272,350,29.1,78.2,0.97
232,-1,736,362,24,62.5,0.947
232,-1,724,363,20.1,61.1,0.838
232,-1,979,361,43.3,106.6,0.606
232,-1,714,358,24.2,76.2,0.535
233,-1,1622,323,276.2,733.8,1
233,-1,1402,334,196.9,690.4,1
233,-1,628,330,76.1,192.3,0.999
233,-1,1011,357,40.4,124.7,0.999
233,-1,1018,361,71.9,162.4,0.998
233,-1,217,341,28.2,71.7,0.998
233,-1,1341,318,108.5,319.5,0.998
233,-1,443,350,51.8,119.9,0.998
233,-1,926,358,48.8,136.5,0.998
233,-1,496,351,42.4,123.7,0.997
233,-1,873,349,53.1,148.4,0.996
233,-1,743,363,24,61.1,0.996
233,-1,1120,359,38.5,122.3,0.995
233,-1,521,337,46.5,130.6,0.994
233,-1,956,365,42.3,118.8,0.993
233,-1,241,343,41.4,113.4,0.992
233,-1,273,346,31.3,71.2,0.972
233,-1,725,359,22.5,65.1,0.869
233,-1,983,372,34.2,94.4,0.833
234,-1,1373,312,237.7,718.7,1
234,-1,1627,334,274.5,724.2,1
234,-1,623,340,83.7,180.6,0.999
234,-1,1122,358,38.1,119.5,0.999
234,-1,1030,356,69.9,162.2,0.999
234,-1,936,361,51.3,136.5,0.998
234,-1,883,343,54.2,153.5,0.996
234,-1,245,346,38.8,113.7,0.996
234,-1,450,346,46.6,119.5,0.993
234,-1,749,358,23.9,64.9,0.989
234,-1,224,343,25.9,71.9,0.988
234,-1,974,362,38.3,115.7,0.987
234,-1,502,355,38.6,110.9,0.984
234,-1,279,351,28.1,68.3,0.974
234,-1,525,336,49.1,132.4,0.972
234,-1,1005,354,46.9,121.8,0.966
234,-1,736,357,21.2,60.1,0.864
234,-1,-5,348,44.9,200.8,0.791
235,-1,1382,344,212,688.7,1
235,-1,1624,333,276.4,726.9,1
235,-1,1036,357,65.5,160.8,0.999
235,-1,639,329,83,181.4,0.999
235,-1,938,349,44.2,136.1,0.999
235,-1,884,344,50.1,150.4,0.998
235,-1,453,344,48.8,120.1,0.997
235,-1,1133,355,36.3,122,0.996
235,-1,281,347,29.6,69.6,0.995
235,-1,250,339,40.4,117,0.995
235,-1,967,357,42.1,118.8,0.995
235,-1,504,351,38.7,112.5,0.988
235,-1,233,336,26.4,76.1,0.985
235,-1,747,350,26.3,71.4,0.984
235,-1,992,359,35.6,101.9,0.982
235,-1,529,339,49.6,135.8,0.964
235,-1,-6,342,59.2,193.7,0.961
235,-1,733,357,20.7,61.7,0.594
235,-1,1008,348,44.6,124.5,0.562
236,-1,1388,331,224.9,681.5,1
236,-1,1639,306,269.4,733.5,1
236,-1,1137,348,32.9,118.6,0.999
236,-1,1035,350,70.4,163.4,0.998
236,-1,641,327,78,184.8,0.998
236,-1,505,348,40.8,112.4,0.998
236,-1,-9,344,67.1,183.2,0.998
236,-1,959,350,42,127.6,0.997
236,-1,237,334,25.9,74.9,0.997
236,-1,885,340,48.4,145.6,0.997
236,-1,288,344,27.7,66.8,0.99
236,-1,754,348,24.1,71.9,0.989
236,-1,457,337,47.5,119.4,0.989
236,-1,256,342,36.2,105,0.988
236,-1,528,328,51.5,141.6,0.986
236,-1,932,343,55.6,147.8,0.985
236,-1,984,357,35.5,102.1,0.98
236,-1,744,347,19.5,63.8,0.849
236,-1,769,355,21.2,60.7,0.411
237,-1,1375,318,245.8,725.8,1
237,-1,1644,312,269,715.5,1
237,-1,951,343,44.9,132.6,1
237,-1,1138,350,31,112.3,0.999
237,-1,641,318,81.6,188.1,0.999
237,-1,1035,351,68.3,155.5,0.997
237,-1,886,326,54,158.2,0.997
237,-1,506,346,39.8,117.5,0.995
237,-1,-12,331,72.3,193.4,0.994
237,-1,531,326,49.2,139.3,0.994
237,-1,462,332,49.6,126.6,0.993
237,-1,257,339,39.4,108.4,0.993
237,-1,289,337,29.1,70.9,0.991
237,-1,762,345,25.3,67.9,0.99
237,-1,235,328,27.4,73.9,0.988
237,-1,981,352,37.5,105.9,0.95
237,-1,746,345,22,64.9,0.846
237,-1,713,352,20.5,56.5,0.584
238,-1,945,342,46.4,134.1,1
238,-1,1384,314,212.1,699.5,1
238,-1,1620,293,276,740.4,1
238,-1,634,323,82.6,186.3,0.999
238,-1,975,351,38.8,113,0.999
238,-1,1035,338,70.5,173.8,0.998
238,-1,891,332,50.6,155.4,0.998
238,-1,1142,348,34.7,116.6,0.997
238,-1,-11,335,85.3,187.3,0.996
238,-1,527,323,49.5,142.9,0.994
238,-1,255,328,42,115.9,0.991
238,-1,288,334,32.1,77.2,0.988
238,-1,237,325,26.6,71.3,0.982
238,-1,761,344,24.2,69.2,0.968
238,-1,468,331,49,132.6,0.943
238,-1,503,341,43.1,119.6,0.934
238,-1,709,351,22.9,57.4,0.892
238,-1,745,341,22.3,65.4,0.774
239,-1,1624,300,277.7,738.1,1
239,-1,1391,302,202.4,728.2,1
239,-1,644,317,75.3,189.3,0.999
239,-1,967,339,45.4,127.4,0.999
239,-1,891,331,51.3,153.8,0.998
239,-1,1050,342,60.5,165.6,0.997
239,-1,1146,341,34,118.1,0.997
239,-1,-7,331,80.8,186.6,0.996
239,-1,287,333,30.6,71.8,0.993
239,-1,242,328,27.1,67.6,0.993
239,-1,533,332,49.8,136.5,0.991
239,-1,942,339,48.4,141.7,0.99
239,-1,260,334,40.2,109.1,0.99
239,-1,764,346,23.3,61.2,0.979
239,-1,506,340,40.4,121.7,0.978
239,-1,474,341,50,114,0.94
239,-1,1023,350,43.3,116.3,0.915
239,-1,751,341,20.2,63.8,0.852
239,-1,709,351,22.6,57.4,0.578
240,-1,970,339,46.5,129,1
240,-1,1641,312,253.4,716.7,1
240,-1,1149,345,32.7,114.6,1
240,-1,1378,286,202.7,728.9,1
240,-1,890,332,54.5,141,0.999
240,-1,640,322,80.7,186.4,0.999
240,-1,1051,339,62.3,175.3,0.999
240,-1,241,323,25.4,71.5,0.996
240,-1,946,335,50.8,138.1,0.995
240,-1,293,332,30.8,69.2,0.994
240,-1,-7,332,79.4,187.2,0.994
240,-1,529,320,48.4,140.6,0.994
240,-1,505,339,40.3,121.8,0.99
240,-1,771,347,22.2,62.3,0.986
240,-1,259,329,41.5,119,0.978
240,-1,474,334,51.9,121.6,0.976
240,-1,749,340,21.2,66.1,0.88
240,-1,711,348,26,62,0.843
240,-1,1027,342,43.8,123,0.532
241,-1,1385,288,216.8,726.1,1
241,-1,1630,295,272.5,733,1
241,-1,904,326,52.2,155,1
241,-1,-5,332,75.1,193.6,0.999
241,-1,1039,347,39.3,113.8,0.998
241,-1,1055,350,65.8,158.2,0.998
241,-1,646,308,84,194.3,0.998
241,-1,262,328,39.1,110.3,0.997
241,-1,963,337,43.6,130.9,0.996
241,-1,532,326,48.5,127.6,0.996
241,-1,1149,340,35.7,119.3,0.993
241,-1,247,326,27.1,67.9,0.993
241,-1,295,331,30.2,74.2,0.99
241,-1,484,330,48.7,128.4,0.986
241,-1,778,338,25.1,72.1,0.979
241,-1,511,328,41.9,137.7,0.956
241,-1,759,341,21,65.7,0.881
241,-1,720,346,23.4,62,0.547
242,-1,-5,326,77.2,192,1
242,-1,1391,286,222,720.7,1
242,-1,1638,297,272.1,742,1
242,-1,958,339,46.2,134.7,1
242,-1,249,323,25,70.3,0.999
242,-1,639,315,88.4,186.6,0.999
242,-1,1050,345,68,156.8,0.999
242,-1,1157,339,30.3,116.4,0.996
242,-1,294,329,32,75.1,0.995
242,-1,904,326,49.4,155.2,0.995
242,-1,481,335,47.7,122.2,0.992
242,-1,509,333,43.8,130.5,0.992
242,-1,265,327,37.6,115.1,0.991
242,-1,527,321,51.5,144.2,0.99
242,-1,779,344,23,60,0.958
242,-1,717,349,24.6,59.8,0.867
242,-1,763,341,18.4,62.4,0.842
242,-1,985,341,41.9,124.9,0.801
243,-1,1379,275,214.3,753.8,1
243,-1,1161,343,35.7,117.2,1
243,-1,1610,289,301.1,747.8,1
243,-1,1059,343,61.8,153,0.999
243,-1,644,315,90.5,187.2,0.999
243,-1,0,330,77.5,181.1,0.999
243,-1,905,322,54.4,162.3,0.999
243,-1,254,322,24.4,72.7,0.998
243,-1,960,333,48.5,140,0.996
243,-1,302,329,28.2,76.4,0.996
243,-1,263,329,40.3,116.2,0.992
243,-1,498,327,46.6,128.1,0.991
243,-1,537,318,45.5,137.3,0.988
243,-1,782,342,23.1,62.1,0.984
243,-1,765,338,22.5,65.4,0.87
243,-1,724,346,22.1,59.3,0.846
243,-1,990,345,44.1,120.4,0.741
244,-1,642,314,97.7,189.2,1
244,-1,1398,306,198.7,729.1,1
244,-1,-4,319,87.5,196,1
244,-1,1593,300,320.6,732.5,1
244,-1,1056,336,68.2,165,0.999
244,-1,901,316,61.1,167.4,0.999
244,-1,970,337,43.8,128.2,0.999
244,-1,250,314,31.8,77.4,0.991
244,-1,1156,336,34.9,116.1,0.989
244,-1,275,330,36.1,106.4,0.989
244,-1,501,329,46.1,122.2,0.988
244,-1,784,341,21.5,60.8,0.985
244,-1,532,316,49.8,133.5,0.983
244,-1,309,328,26.3,68.2,0.947
244,-1,947,327,50.9,148.3,0.872
244,-1,768,337,20.2,68.6,0.838
244,-1,730,341,22,61.1,0.762
244,-1,259,314,36,114.2,0.408
245,-1,1612,286,299.8,739.1,1
245,-1,645,309,87.5,191.7,1
245,-1,1366,281,243.3,743,1
245,-1,961,332,48.7,148.3,1
245,-1,1051,339,43.5,117.3,1
245,-1,911,321,53.9,156.1,0.998
245,-1,1165,338,35,119.8,0.997
245,-1,-4,328,82.8,196.8,0.997
245,-1,1069,349,69,153.9,0.997
245,-1,271,325,39.2,109.9,0.995
245,-1,787,337,22.5,61.6,0.994
245,-1,300,329,29.6,71.9,0.987
245,-1,510,334,45.4,120,0.987
245,-1,252,320,27.9,77.5,0.969
245,-1,537,323,49.4,129.6,0.962
245,-1,988,339,45.1,125,0.874
245,-1,770,337,19.9,65.7,0.828
245,-1,487,334,45.3,124.6,0.814
245,-1,725,348,22.5,57.9,0.791
246,-1,1364,273,244.4,772.7,1
246,-1,655,303,78,197.6,1
246,-1,1623,303,294.6,726.9,1
246,-1,2,318,81,198.6,1
246,-1,973,331,46.2,144.2,1
246,-1,1071,338,70.8,164.5,0.998
246,-1,915,330,56,147.4,0.997
246,-1,541,313,49.6,143.9,0.996
246,-1,791,339,26.4,68.4,0.993
246,-1,275,326,42.1,113,0.992
246,-1,514,329,43.1,129.5,0.991
246,-1,306,325,31.1,74,0.986
246,-1,258,321,26,69.2,0.973
246,-1,729,345,25,62.6,0.967
246,-1,1170,337,34.9,124.4,0.964
246,-1,779,337,20.8,65.8,0.81
246,-1,491,323,44.9,124.6,0.484
247,-1,653,301,80.1,205.8,1
247,-1,1365,295,237.3,736.1,1
247,-1,1590,315,345,732.2,1
247,-1,-1,318,84.4,203,1
247,-1,1059,332,43.7,119.3,1
247,-1,915,330,56.2,146.6,0.998
247,-1,254,312,27.6,73.1,0.998
247,-1,1065,335,80.8,173.3,0.997
247,-1,1170,341,35,119.2,0.997
247,-1,971,328,49.4,147.8,0.996
247,-1,510,335,45.1,117.2,0.995
247,-1,791,337,25.2,68.4,0.994
247,-1,534,317,48.7,135.6,0.99
247,-1,275,320,41.3,117,0.99
247,-1,304,321,31.5,70.2,0.988
247,-1,729,342,25.6,66.7,0.973
247,-1,770,342,21.6,59.6,0.815
248,-1,1368,287,238.3,749.5,1
248,-1,983,342,44.5,123.3,1
248,-1,1610,321,305.8,728.3,1
248,-1,658,309,81.9,192.2,1
248,-1,-1,319,83.4,200.7,1
248,-1,1057,335,54.5,124.9,0.999
248,-1,1169,343,37.4,113.8,0.999
248,-1,1073,341,69.5,164.6,0.999
248,-1,921,319,50.3,152.8,0.999
248,-1,272,320,42.1,110.6,0.998
248,-1,532,320,53.9,134.1,0.997
248,-1,301,321,31.4,71.3,0.994
248,-1,791,342,22.6,60.2,0.994
248,-1,257,319,27.5,74.5,0.992
248,-1,958,337,48.5,126.6,0.982
248,-1,506,328,39,117,0.972
248,-1,732,347,22.6,56.2,0.968
248,-1,781,341,18.4,64,0.816
248,-1,1018,351,25,52,0.489
249,-1,1623,305,312.1,758.6,1
249,-1,1371,302,222.9,726.3,1
249,-1,1059,332,45.8,130.3,1
249,-1,-0,325,77.7,177.1,1
249,-1,969,330,49.9,140,1
249,-1,662,312,77.4,188.7,1
249,-1,1072,341,65.2,161.8,0.999
249,-1,510,329,46.4,117.2,0.999
249,-1,922,315,54.6,155.9,0.997
249,-1,1172,340,33.6,112.7,0.995
249,-1,305,317,32.6,72.8,0.994
249,-1,258,315,28.7,78.1,0.989
249,-1,537,310,50.7,144.4,0.989
249,-1,797,338,22.8,66.3,0.988
249,-1,275,321,42.6,113.4,0.987
249,-1,733,343,22.5,56,0.972
249,-1,776,333,20,69.7,0.897
250,-1,1619,298,305.3,774.2,1
250,-1,1358,300,243.6,743.7,1
250,-1,972,329,50.8,144.6,1
250,-1,661,301,77.7,195.3,1
250,-1,6,307,80.7,203.7,0.999
250,-1,1066,325,45.1,131.9,0.999
250,-1,1078,344,69.4,159.9,0.998
250,-1,1176,336,33.3,113.4,0.998
250,-1,513,326,44.9,123.6,0.998
250,-1,260,311,28.8,76,0.998
250,-1,536,316,50.8,138.9,0.997
250,-1,311,318,28.6,69.4,0.995
250,-1,924,313,56.1,159.9,0.995
250,-1,797,334,21.9,64.7,0.991
250,-1,276,317,41.8,112.4,0.989
250,-1,737,341,22.9,55.3,0.954
250,-1,776,337,20.8,58.7,0.88
251,-1,1647,310,266.7,727.2,1
251,-1,11,317,76.5,193.7,1
251,-1,1364,300,244.5,747.8,1
251,-1,663,293,79.9,212.3,0.999
251,-1,1086,335,68.8,160.7,0.999
251,-1,1063,324,43.9,129,0.999
251,-1,510,324,45.1,119.2,0.997
251,-1,980,328,49.4,141.1,0.997
251,-1,1182,336,34.8,112.3,0.996
251,-1,804,334,21.1,59.4,0.993
251,-1,279,314,41.4,115.3,0.992
251,-1,540,316,46.3,137.1,0.992
251,-1,308,310,32,77.9,0.992
251,-1,1547,269,130,484.9,0.991
251,-1,262,307,28.6,78.7,0.99
251,-1,921,322,59.2,156.7,0.99
251,-1,739,338,21.7,55.4,0.958
251,-1,782,333,19.9,65.8,0.889
251,-1,1028,341,22.1,49.9,0.842
251,-1,793,334,21.3,65.6,0.696
252,-1,1374,304,242.8,731.8,1
252,-1,1640,298,296.4,751.7,1
252,-1,12,311,77,203.4,1
252,-1,1067,323,46.6,134.2,1
252,-1,1091,336,66.6,159.7,0.999
252,-1,663,292,81,205.1,0.999
252,-1,979,321,52.3,146.1,0.999
252,-1,1189,329,34.7,116.8,0.996
252,-1,1546,274,139.8,445.8,0.996
252,-1,511,323,45.6,121.1,0.995
252,-1,309,311,31.8,81.4,0.992
252,-1,278,308,40.9,118.8,0.992
252,-1,928,321,56.2,150.2,0.988
252,-1,802,332,21.7,62.5,0.985
252,-1,535,308,54.7,148.1,0.976
252,-1,263,306,27.4,75.3,0.972
252,-1,736,334,24.8,61.1,0.97
252,-1,787,329,20.7,61,0.852
252,-1,775,331,19.3,62.2,0.633
252,-1,1033,347,19.6,41.8,0.591
253,-1,1372,312,230.2,701.7,1
253,-1,980,320,48.8,144.2,1
253,-1,15,309,74.4,200.9,1
253,-1,1671,278,266.7,766.3,1
253,-1,1068,326,46.7,129.9,1
253,-1,1087,333,67.4,159.2,0.999
253,-1,669,295,78.9,194.3,0.999
253,-1,1547,278,158.9,459.1,0.999
253,-1,932,318,57.3,151,0.998
253,-1,1190,334,34,115.4,0.998
253,-1,542,305,48,148.1,0.997
253,-1,281,314,40.1,114,0.997
253,-1,511,321,45.4,123.5,0.996
253,-1,806,334,25.6,61.9,0.992
253,-1,309,315,30.8,78,0.989
253,-1,742,336,20.7,55.4,0.962
253,-1,265,306,30.4,83.6,0.962
253,-1,788,330,20.2,62.2,0.857
253,-1,1036,343,18.5,41.1,0.84
253,-1,750,335,23.3,60.4,0.509
254,-1,9,313,85.1,207.5,1
254,-1,1661,279,267.6,766.9,1
254,-1,1073,321,46.6,130.3,1
254,-1,1384,305,229.4,702.7,1
254,-1,986,321,46.5,132.4,0.999
254,-1,1090,329,63.9,156.8,0.999
254,-1,666,296,76.6,200.5,0.999
254,-1,510,323,46.4,121.2,0.999
254,-1,1568,275,154.7,463.2,0.999
254,-1,806,332,25.6,63.5,0.996
254,-1,264,312,28.9,79.4,0.996
254,-1,543,305,48.8,138.1,0.995
254,-1,928,307,49.5,161.7,0.993
254,-1,277,318,43.5,118.4,0.991
254,-1,304,316,33.5,74.5,0.986
254,-1,966,330,39.1,121.9,0.981
254,-1,1190,329,37.7,119.3,0.981
254,-1,743,334,25.5,61.6,0.963
254,-1,786,332,18.8,60.3,0.821
254,-1,1035,344,19.5,42.6,0.787
255,-1,1661,269,283.4,754,1
255,-1,1071,319,50,141.2,1
255,-1,13,312,89.4,199.6,1
255,-1,1390,274,223,750.7,1
255,-1,669,297,82.1,194.5,0.999
255,-1,980,316,52.3,149.3,0.999
255,-1,1577,273,156.3,461.6,0.999
255,-1,268,308,31.2,81,0.999
255,-1,926,305,60.5,167.5,0.996
255,-1,512,323,44.6,120.8,0.995
255,-1,310,314,30.6,72.9,0.995
255,-1,540,307,51.7,139,0.995
255,-1,809,332,23.4,64.5,0.993
255,-1,1094,324,67,163.9,0.99
255,-1,279,314,38.6,116.2,0.981
255,-1,1193,329,37.6,118.4,0.979
255,-1,745,335,23.4,59,0.961
255,-1,1040,343,19.2,42.2,0.905
255,-1,790,330,19.9,62.9,0.79
256,-1,1386,272,229.6,743.8,1
256,-1,1683,243,240.7,794.4,1
256,-1,17,310,84.8,209.6,1
256,-1,994,326,51.1,129.5,1
256,-1,1080,321,44.5,130.8,1
256,-1,670,287,87,212.1,0.999
256,-1,934,311,58.4,161.6,0.998
256,-1,271,313,29.7,77.8,0.997
256,-1,1202,332,33.3,112.9,0.997
256,-1,542,306,51.6,146.7,0.994
256,-1,285,314,39.5,118.1,0.993
256,-1,1097,330,66.2,162,0.99
256,-1,509,322,48,120,0.98
256,-1,1594,228,169.2,528.1,0.978
256,-1,315,316,30.5,75.6,0.977
256,-1,815,334,23.4,59.5,0.97
256,-1,747,334,24.2,61.4,0.952
256,-1,1043,341,18.6,41.2,0.918
256,-1,796,331,19.2,66.6,0.883
257,-1,1391,274,228.2,735.8,1
257,-1,1695,272,233.9,766.7,1
257,-1,23,320,77.6,194.9,1
257,-1,936,308,59.7,167.5,0.999
257,-1,1104,325,65.1,161.7,0.998
257,-1,1207,328,34.3,110.6,0.997
257,-1,1607,235,186.2,517.2,0.996
257,-1,990,315,55.3,153.3,0.996
257,-1,674,293,84.5,201.3,0.995
257,-1,290,321,36.4,108.7,0.994
257,-1,514,325,41.2,123.9,0.993
257,-1,822,333,23.5,59.8,0.991
257,-1,540,310,51.9,138.9,0.991
257,-1,317,320,29,73,0.99
257,-1,1045,336,20.9,46.7,0.989
257,-1,749,335,24.1,61.7,0.949
257,-1,1079,325,47.1,130.7,0.938
257,-1,275,314,30,79,0.926
257,-1,798,332,19.5,64.9,0.798
257,-1,808,332,21.4,62.1,0.724
257,-1,272,308,43.4,133.5,0.435
258,-1,1675,257,271.4,761.6,1
258,-1,1409,276,214.5,737.7,1
258,-1,1213,327,34.4,113.9,0.998
258,-1,31,314,75.2,190.7,0.997
258,-1,994,322,52.6,138.2,0.992
258,-1,942,318,49.6,155.8,0.99
258,-1,1107,323,70.8,164.3,0.99
258,-1,521,328,41.9,120.2,0.984
258,-1,1081,309,57.2,138.6,0.982
258,-1,670,297,79.2,185.5,0.98
258,-1,1049,335,22.9,45.2,0.966
258,-1,316,317,31.5,73.2,0.962
258,-1,822,328,21.7,56.9,0.959
258,-1,296,309,40.8,126.1,0.955
258,-1,760,329,21.2,59.2,0.943
258,-1,540,313,50.4,136.3,0.941
258,-1,278,303,36.9,93.4,0.828
258,-1,799,328,20.1,61.8,0.739
258,-1,811,333,19.7,67.2,0.725
259,-1,1673,266,252.3,766.4,1
259,-1,1095,315,42.8,137.6,1
259,-1,1400,292,256.7,735.6,1
259,-1,26,319,75.2,199.7,1
259,-1,1209,325,38.1,116.9,0.999
259,-1,995,321,56.9,142.2,0.999
259,-1,281,314,32,83.4,0.998
259,-1,945,309,56.5,160.8,0.997
259,-1,674,288,85.1,204.1,0.997
259,-1,1118,326,58.4,157.5,0.996
259,-1,550,314,47.9,134.3,0.991
259,-1,288,319,42.9,120,0.987
259,-1,823,334,23.6,56.4,0.982
259,-1,1049,339,22.8,48.2,0.964
259,-1,524,330,43.8,123,0.963
259,-1,320,319,31.7,73.6,0.962
259,-1,755,337,24.2,59.6,0.948
259,-1,802,334,20.7,66,0.785
259,-1,767,337,25.1,62.2,0.628
260,-1,1407,290,239.8,729.8,1
260,-1,1677,248,243.5,736.5,1
260,-1,678,289,83.1,200.5,0.999
260,-1,27,311,83.3,195.4,0.999
260,-1,1216,322,33.1,114.3,0.999
260,-1,1123,321,57.5,165.6,0.999
260,-1,999,314,53.9,152.8,0.999
260,-1,1096,318,46.3,139,0.999
260,-1,286,315,28.3,75.2,0.997
260,-1,947,313,52.8,157.2,0.996
260,-1,545,306,51,145.6,0.995
260,-1,297,315,37.3,119.6,0.993
260,-1,522,331,39.3,120.8,0.992
260,-1,829,325,25.6,70.1,0.991
260,-1,323,312,34.9,81.5,0.952
260,-1,760,338,23,55.4,0.935
260,-1,1057,337,21.9,46.8,0.934
260,-1,809,330,19.6,66.3,0.875
260,-1,771,330,26.2,65.5,0.502
261,-1,1681,236,261.8,796.8,1
261,-1,1432,294,220.2,720.9,1
261,-1,1104,311,44.9,131.1,1
261,-1,41,317,70.8,190,0.999
261,-1,290,311,28.5,75.3,0.999
261,-1,1131,314,61.6,162.2,0.999
261,-1,1227,317,34.8,118.1,0.999
261,-1,1009,318,48.3,144.4,0.998
261,-1,549,297,52.8,156.9,0.996
261,-1,682,294,83.3,198.5,0.996
261,-1,951,301,59.3,157.7,0.993
261,-1,519,324,41.7,120.6,0.991
261,-1,839,323,26.7,64.7,0.978
261,-1,298,310,43.5,118.4,0.978
261,-1,1062,327,23.7,54.1,0.96
261,-1,770,329,23.5,59.9,0.94
261,-1,327,315,32.8,69.4,0.912
261,-1,814,326,20.5,65.7,0.859
262,-1,1417,292,251.8,733.1,1
262,-1,1691,242,258.6,754.5,1
262,-1,34,307,79.7,194.9,0.999
262,-1,1105,306,47.9,145.5,0.998
262,-1,1021,318,46.3,123.3,0.998
262,-1,1229,318,40.3,118.2,0.998
262,-1,1140,319,52.2,159.1,0.997
262,-1,958,307,55.6,155.2,0.996
262,-1,680,289,88.4,204.8,0.995
262,-1,301,308,42.2,121.4,0.994
262,-1,552,298,57.1,150.8,0.99
262,-1,525,314,43.7,129.8,0.964
262,-1,769,325,24.9,62.2,0.959
262,-1,1066,330,21,42.7,0.959
262,-1,840,319,24.5,67,0.955
262,-1,818,321,20.6,62.9,0.848
262,-1,995,305,53.2,147.9,0.751
262,-1,827,325,22.1,64.8,0.617
262,-1,334,310,28.3,74.3,0.523
263,-1,1440,286,231,728.6,1
263,-1,1715,226,239.9,834,1
263,-1,39,311,77.1,190.3,1
263,-1,679,278,90.7,218.2,0.999
263,-1,1138,314,66.5,170,0.999
263,-1,298,304,28.5,77.2,0.999
263,-1,1233,310,35.6,123.7,0.998
263,-1,1113,306,46.5,140.7,0.998
263,-1,1015,316,50.5,136.7,0.996
263,-1,545,294,62,157.6,0.996
263,-1,848,318,24.8,66.2,0.993
263,-1,963,303,61.4,164.8,0.99
263,-1,304,307,40.5,111.9,0.984
263,-1,1072,327,23.8,49.9,0.975
263,-1,331,308,34,84.2,0.951
263,-1,778,325,24.2,55.2,0.949
263,-1,821,322,21.2,62.7,0.871
263,-1,522,316,39.2,131.6,0.796
263,-1,835,324,21.1,57.6,0.409
264,-1,39,316,76.1,176.2,1
264,-1,1436,278,227.6,742.1,1
264,-1,1115,304,44.3,137.6,1
264,-1,296,299,30,81.4,1
264,-1,678,280,101.1,194.5,0.999
264,-1,1009,299,63.7,144.9,0.999
264,-1,1236,314,40.1,116.1,0.999
264,-1,1144,310,66,161.7,0.999
264,-1,1712,211,260.7,825.9,0.999
264,-1,527,312,45.1,130.3,0.997
264,-1,547,287,54.8,162.1,0.997
264,-1,333,304,31.2,82.1,0.994
264,-1,956,298,59.9,162.7,0.988
264,-1,842,317,26.7,63.2,0.981
264,-1,305,306,39.1,118.4,0.98
264,-1,1075,321,23.3,50.4,0.968
264,-1,777,316,25.6,63.6,0.952
264,-1,826,316,20,65.5,0.77
264,-1,796,320,22.7,66.2,0.423
265,-1,46,304,78.7,201.6,1
265,-1,1444,284,242.5,734.6,1
265,-1,1117,304,50.7,125.3,0.999
265,-1,297,296,28.9,85.4,0.999
265,-1,687,284,85.5,207,0.999
265,-1,1240,310,33.5,114.3,0.999
265,-1,1139,308,71.6,171.9,0.999
265,-1,1013,301,54.3,154.4,0.997
265,-1,968,293,56.5,161.5,0.997
265,-1,1734,205,245.9,819.1,0.997
265,-1,551,293,51.8,155.7,0.994
265,-1,852,314,23.5,61.6,0.986
265,-1,1075,318,22.2,50.6,0.981
265,-1,309,300,40.9,115.2,0.98
265,-1,779,318,23.1,61.3,0.955
265,-1,526,301,46.5,143.2,0.94
265,-1,825,318,19.8,62.2,0.878
265,-1,942,308,47.8,109.8,0.831
265,-1,-3,285,60.2,218.4,0.643
265,-1,836,314,23.2,66.3,0.597
265,-1,794,315,23.8,63.5,0.441
266,-1,45,291,79.8,208,1
266,-1,1453,281,217.6,711.8,1
266,-1,1008,298,54,153.7,0.999
266,-1,1152,301,69.4,169.6,0.999
266,-1,301,292,26.2,77.8,0.999
266,-1,1124,294,44.6,138.5,0.999
266,-1,311,298,41.6,119.7,0.998
266,-1,682,280,94,193.3,0.998
266,-1,965,291,61.8,164.2,0.995
266,-1,1240,304,35,122.9,0.995
266,-1,1733,228,240.5,791,0.992
266,-1,547,283,55.1,161.8,0.991
266,-1,853,312,23.2,65.9,0.991
266,-1,523,307,42.4,131.8,0.982
266,-1,1083,318,20.3,45,0.963
266,-1,787,316,22.3,51.7,0.95
266,-1,-4,302,61.7,218.6,0.927
266,-1,832,305,20.1,71.4,0.894
266,-1,767,306,21.7,59.9,0.688
266,-1,799,318,20.4,57.7,0.461
266,-1,586,300,43.7,108.5,0.44
266,-1,841,314,21.9,65.9,0.436
266,-1,339,301,29.9,68.8,0.427
267,-1,1444,255,236.8,756.3,1
267,-1,47,289,74.3,198.7,1
267,-1,705,280,84.4,209.1,0.999
267,-1,1151,309,67.3,153.8,0.999
267,-1,300,293,28.2,77.7,0.999
267,-1,969,294,58.5,169.2,0.997
267,-1,1122,299,44.4,127.6,0.997
267,-1,999,304,58.6,142.7,0.996
267,-1,524,301,40.1,130.6,0.993
267,-1,850,313,24.7,62.5,0.992
267,-1,544,279,60.3,173.4,0.992
267,-1,1246,306,37.9,119.8,0.991
267,-1,1738,218,252.2,778.1,0.989
267,-1,316,295,39.2,122.9,0.987
267,-1,1080,318,21,46.5,0.953
267,-1,785,312,24.5,59.9,0.943
267,-1,-4,289,53.6,223.8,0.921
267,-1,832,311,18.8,61.9,0.885
267,-1,584,299,48.4,115.8,0.755
267,-1,1039,300,41.7,122.8,0.59
267,-1,800,315,20.5,63,0.558
267,-1,818,310,21.1,68.1,0.436
268,-1,51,297,73.7,191.4,1
268,-1,1461,251,226.6,743.6,1
268,-1,1155,301,67.1,168.1,0.999
268,-1,299,295,27.8,72.9,0.999
268,-1,1126,296,45.1,132.6,0.998
268,-1,690,274,94.5,197.7,0.997
268,-1,1247,310,36.4,118.9,0.996
268,-1,547,279,56.6,168.7,0.995
268,-1,967,302,50.5,153.7,0.994
268,-1,1008,293,53.9,152.3,0.991
268,-1,857,309,25.4,64.8,0.989
268,-1,514,306,45.1,135.3,0.989
268,-1,1725,240,263.8,772.9,0.989
268,-1,314,295,40.6,122.5,0.988
268,-1,581,299,46.4,124.9,0.967
268,-1,786,310,25,63.8,0.949
268,-1,1083,317,22.5,47.2,0.947
268,-1,-6,286,63.1,218.2,0.935
268,-1,836,313,21.5,63.1,0.828
268,-1,802,312,21.2,67.6,0.668
268,-1,823,311,19.9,62.5,0.556
268,-1,941,300,42.9,116.1,0.556
268,-1,339,303,33.8,73.5,0.418
269,-1,1446,274,229.5,716,1
269,-1,1128,295,46.4,138.2,0.999
269,-1,43,299,76.7,194.2,0.999
269,-1,1159,308,70.1,162.4,0.999
269,-1,301,291,29,82.4,0.999
269,-1,691,279,88.4,194.9,0.998
269,-1,1250,306,35,117.7,0.994
269,-1,552,281,56,166.3,0.992
269,-1,961,295,56.9,160.6,0.989
269,-1,312,292,41.5,118.6,0.988
269,-1,1007,291,54.8,149.3,0.988
269,-1,858,307,22.5,66.5,0.987
269,-1,518,303,49.3,141.4,0.984
269,-1,1720,215,278,786.4,0.984
269,-1,1083,315,24.2,49.8,0.953
269,-1,788,311,21.5,55.8,0.917
269,-1,834,308,20.3,67.3,0.894
269,-1,590,302,45.9,108.3,0.889
269,-1,-2,298,52.1,215.4,0.878
269,-1,842,313,23,67.4,0.773
269,-1,821,311,21.4,66.8,0.518
270,-1,1165,304,67.2,165.3,1
270,-1,1467,274,222.3,711,1
270,-1,690,265,101.3,216.1,0.999
270,-1,1127,296,46.5,131.2,0.999
270,-1,43,294,81.9,202.6,0.995
270,-1,1002,290,56.2,150.4,0.995
270,-1,296,287,29.2,84.5,0.994
270,-1,1724,222,268,776.9,0.994
270,-1,552,279,56.4,165.2,0.992
270,-1,857,306,25,66.3,0.991
270,-1,309,292,44.2,125.7,0.987
270,-1,962,284,60.4,166.9,0.982
270,-1,513,305,48.5,130.7,0.981
270,-1,1250,305,31.8,111.6,0.979
270,-1,1088,315,22.1,45,0.979
270,-1,1038,302,47.7,127.4,0.978
270,-1,585,292,48.8,124.1,0.95
270,-1,785,311,24.1,57.8,0.903
270,-1,833,302,21.2,70.2,0.818
271,-1,1465,254,230.1,737.1,1
271,-1,293,293,27.3,79.9,0.999
271,-1,694,277,93.3,216.5,0.999
271,-1,38,299,80,192.4,0.999
271,-1,1123,303,43.6,132.5,0.998
271,-1,1249,308,35.9,117.1,0.998
271,-1,855,313,23,60.4,0.998
271,-1,1686,234,314.9,797.9,0.997
271,-1,1165,302,62.5,166.7,0.996
271,-1,537,283,57.6,163.6,0.994
271,-1,1005,302,55.6,136.6,0.992
271,-1,963,287,63.6,166.7,0.984
271,-1,306,297,38.9,125.5,0.965
271,-1,586,302,47.2,121.6,0.959
271,-1,786,313,22.8,57.7,0.958
271,-1,331,302,31.6,73.4,0.952
271,-1,1084,319,20.9,45.3,0.93
271,-1,510,321,40.1,121.3,0.892
271,-1,833,314,19,60,0.852
271,-1,941,306,34.3,105.6,0.8
271,-1,801,317,21.4,60.5,0.512
272,-1,1455,269,220.4,723.6,1
272,-1,1161,318,62.8,149.9,1
272,-1,1127,298,44.3,138.4,0.999
272,-1,33,302,77.1,202.1,0.999
272,-1,694,290,98.9,215.5,0.999
272,-1,1022,315,45.2,123.8,0.997
272,-1,1696,221,301.5,816.3,0.997
272,-1,581,304,49.4,126.1,0.993
272,-1,942,304,41.6,110.1,0.992
272,-1,962,295,63,166.4,0.991
272,-1,997,296,60.2,147.9,0.989
272,-1,326,306,30.1,74.8,0.987
272,-1,533,289,54.9,161,0.987
272,-1,287,298,32.5,79.3,0.983
272,-1,304,296,40,122.7,0.981
272,-1,1254,303,34,126.5,0.978
272,-1,848,313,23.4,65.3,0.976
272,-1,781,318,24.5,59.3,0.96
272,-1,1081,321,21.6,46.2,0.952
272,-1,511,315,41.8,129.4,0.878
272,-1,829,311,19.3,67.5,0.822
273,-1,1456,273,237.8,728.9,1
273,-1,282,300,30.7,78.1,0.999
273,-1,1159,319,62.4,149.1,0.999
273,-1,1119,296,54.2,137,0.998
273,-1,1244,307,37.3,121.2,0.998
273,-1,927,299,51.1,116.9,0.998
273,-1,36,301,78.3,195.7,0.997
273,-1,1702,225,302.5,814.6,0.996
273,-1,679,268,91.5,221.8,0.995
273,-1,534,292,51.8,159.5,0.995
273,-1,964,290,62.2,166.4,0.993
273,-1,849,312,25.2,64,0.986
273,-1,1024,304,44,129.7,0.983
273,-1,999,298,56.3,148.1,0.983
273,-1,583,299,50,125.9,0.98
273,-1,297,300,44.2,120.3,0.979
273,-1,499,315,44,135.4,0.974
273,-1,777,315,26.6,65.8,0.969
273,-1,1081,321,20.5,44.9,0.931
273,-1,830,311,18.6,62.1,0.909
273,-1,820,313,18.3,61.5,0.48
274,-1,1453,255,237.5,759.5,1
274,-1,1001,299,50.8,145.7,0.999
274,-1,280,298,32.7,79.3,0.999
274,-1,1153,308,73.2,164.4,0.999
274,-1,33,314,77.4,182.2,0.999
274,-1,1118,300,47.7,131.1,0.998
274,-1,298,303,40.5,114,0.997
274,-1,1707,222,292,818.5,0.997
274,-1,675,276,92.7,217,0.996
274,-1,924,312,41.5,103.6,0.994
274,-1,524,292,55.3,155.4,0.992
274,-1,1077,320,24.1,49,0.991
274,-1,962,292,58.3,162,0.99
274,-1,1244,303,38.4,120.9,0.987
274,-1,1031,307,41.9,124.2,0.981
274,-1,848,314,23.5,63.3,0.975
274,-1,776,315,25,63.1,0.965
274,-1,580,298,50.1,124.9,0.961
274,-1,497,313,46.5,142.7,0.932
274,-1,761,314,25.2,58.2,0.916
274,-1,832,311,19.5,65.3,0.805
274,-1,822,312,19,64.7,0.791
275,-1,679,276,91.5,208.8,1
275,-1,1460,281,232.6,751.6,1
275,-1,30,305,79.8,198.6,1
275,-1,1116,302,44.6,132.5,0.999
275,-1,1158,303,71.8,166.4,0.999
275,-1,279,301,29.4,81.4,0.997
275,-1,1718,223,279.8,828.5,0.996
275,-1,1020,308,45.4,125.3,0.995
275,-1,528,296,50.5,153,0.995
275,-1,962,299,58.1,165.7,0.994
275,-1,291,306,40.9,114.5,0.99
275,-1,319,310,28,66.6,0.989
275,-1,1242,300,38.8,127.1,0.988
275,-1,844,314,24.4,64.3,0.987
275,-1,920,308,42.2,105.1,0.98
275,-1,1076,318,23.4,49.3,0.98
275,-1,489,303,49.8,154.8,0.969
275,-1,775,318,23.5,54.1,0.962
275,-1,578,297,49.1,126.2,0.937
275,-1,825,312,18.6,63.3,0.89
275,-1,763,314,22.9,58.9,0.836
275,-1,993,293,54.9,152.6,0.652
276,-1,15,311,78.3,195.3,1
276,-1,1460,275,218.6,729.3,1
276,-1,1112,304,44.7,125.5,1
276,-1,952,294,60,163.7,0.999
276,-1,1729,242,252.3,815.7,0.999
276,-1,663,274,84.4,211.3,0.998
276,-1,1146,311,67.9,159.1,0.998
276,-1,1007,307,50.1,124.2,0.996
276,-1,917,303,42,117.8,0.995
276,-1,265,298,26.7,79.6,0.994
276,-1,505,279,59.9,172.5,0.993
276,-1,281,305,41,114.6,0.991
276,-1,1236,303,35.8,122,0.978
276,-1,840,312,24.5,67.8,0.975
276,-1,768,317,22.8,56.9,0.957
276,-1,1070,319,23,48.8,0.942
276,-1,755,320,24.1,55,0.922
276,-1,571,304,48.3,113.6,0.886
276,-1,478,314,47.7,140.6,0.857
276,-1,816,312,18.7,64,0.844
276,-1,806,313,19.1,64.4,0.711
276,-1,826,314,19.9,64,0.581
276,-1,308,301,32.2,78.9,0.499
277,-1,1447,251,237,756.2,1
277,-1,9,304,82.9,196.4,1
277,-1,260,298,31.8,84.2,0.999
277,-1,650,288,90.1,211.7,0.999
277,-1,1110,299,41.5,128.5,0.999
277,-1,1726,225,249.6,813,0.999
277,-1,940,293,63,172.4,0.997
277,-1,1146,305,65.5,157.8,0.996
277,-1,498,286,62.6,171.1,0.993
277,-1,1008,314,43.5,123.6,0.991
277,-1,982,308,49.2,133.7,0.99
277,-1,1226,307,34.4,112,0.986
277,-1,472,310,45.8,142.7,0.98
277,-1,834,315,23.6,60.8,0.974
277,-1,271,304,42.9,118.9,0.973
277,-1,1064,319,21.9,46.4,0.967
277,-1,744,312,24,61,0.961
277,-1,565,307,46.4,114.8,0.959
277,-1,761,318,23.5,59.4,0.954
277,-1,896,317,40.7,99.3,0.944
277,-1,811,312,17.6,60.8,0.867
277,-1,903,294,54.4,130.9,0.825
277,-1,822,314,20.4,63.3,0.503
278,-1,1455,274,230.9,732.3,1
278,-1,1729,238,243.2,822.4,0.999
278,-1,245,299,29.4,81.4,0.999
278,-1,933,298,66.2,170.2,0.999
278,-1,-4,309,77.6,192.9,0.999
278,-1,1097,297,44.1,133.6,0.999
278,-1,649,275,91,223.4,0.996
278,-1,488,294,64.1,174.9,0.995
278,-1,994,312,45.9,117.4,0.995
278,-1,1135,308,65.9,162.5,0.994
278,-1,897,298,45.5,129.4,0.992
278,-1,1221,308,39.3,119,0.984
278,-1,281,302,37.9,101.2,0.97
278,-1,262,301,42.5,123.2,0.966
278,-1,735,316,24.4,56.7,0.965
278,-1,561,304,47.3,114.8,0.963
278,-1,466,314,44.8,131.1,0.958
278,-1,831,314,21.1,61.2,0.954
278,-1,1054,319,23.6,50.5,0.954
278,-1,756,318,23.3,56.5,0.94
278,-1,803,315,18.7,60.3,0.89
278,-1,793,311,18.4,64.1,0.837
278,-1,818,318,24.2,63,0.577
279,-1,1423,276,255.5,711.2,1
279,-1,1704,234,275.8,817.3,0.999
279,-1,636,274,92.1,220.9,0.998
279,-1,924,294,60.7,173.4,0.998
279,-1,1087,299,47.1,132.9,0.998
279,-1,475,279,64.2,184.6,0.997
279,-1,234,294,29.6,87.6,0.995
279,-1,1126,299,69.7,163.4,0.995
279,-1,990,304,42.9,123.5,0.992
279,-1,1048,312,21.6,53.2,0.989
279,-1,249,303,45,121.6,0.989
279,-1,-11,308,84,183.2,0.987
279,-1,960,302,58,143.8,0.987
279,-1,548,299,49.3,121.7,0.981
279,-1,451,307,48,147.9,0.969
279,-1,813,308,25.6,59.5,0.967
279,-1,742,312,26.5,61.9,0.965
279,-1,1215,305,34.2,117,0.939
279,-1,730,311,23.5,59.5,0.924
279,-1,886,298,41.9,118.2,0.882
279,-1,791,307,21.3,67.1,0.862
279,-1,778,312,18.3,60.7,0.488
280,-1,1433,263,241.8,723.7,1
280,-1,1702,246,265.3,789,1
280,-1,1088,294,45.1,131.3,1
280,-1,879,298,48.9,118.4,1
280,-1,923,286,65,177.9,0.999
280,-1,978,303,45.2,126.6,0.999
280,-1,625,272,98.9,211.2,0.998
280,-1,227,299,28,75.6,0.998
280,-1,1122,301,70.8,169,0.997
280,-1,1203,299,39.4,118.6,0.995
280,-1,464,286,63,179.4,0.992
280,-1,268,304,32.5,79,0.988
280,-1,808,306,25.8,64.5,0.988
280,-1,-2,309,51.3,193.4,0.985
280,-1,242,298,45.4,121.2,0.983
280,-1,1034,312,23.7,50.9,0.979
280,-1,437,310,47.9,141.4,0.971
280,-1,737,315,24.1,56.8,0.97
280,-1,548,303,43.7,111.5,0.94
280,-1,718,312,20.9,56.6,0.94
280,-1,787,310,19.1,62.7,0.889
281,-1,910,290,60.2,167,1
281,-1,1424,250,243,737.2,1
281,-1,1694,214,255.5,790.9,1
281,-1,854,302,42.7,110.7,0.999
281,-1,607,274,91.4,215.6,0.999
281,-1,1191,297,35.3,117.6,0.998
281,-1,1067,294,48.9,133.9,0.997
281,-1,453,286,58.5,175,0.996
281,-1,792,311,21.3,57.1,0.994
281,-1,200,298,33,83.5,0.994
281,-1,1113,293,65.2,167.6,0.993
281,-1,971,300,47.5,132.1,0.993
281,-1,416,309,41,138.9,0.985
281,-1,527,299,48.2,117.6,0.978
281,-1,697,313,24,58.2,0.972
281,-1,220,297,42.6,128.9,0.966
281,-1,1022,313,22.4,47.5,0.955
281,-1,720,311,25.5,64.1,0.951
281,-1,251,303,32.2,73.6,0.904
281,-1,764,305,19.3,69.1,0.901
281,-1,873,301,45.4,133.8,0.596
281,-1,779,312,21.1,63.2,0.568
281,-1,736,316,20.3,63.6,0.541
282,-1,900,286,62.1,174,1
282,-1,1410,241,268.5,733.5,1
282,-1,961,298,42,133.5,1
282,-1,606,263,92.5,220,1
282,-1,1185,298,35.8,118.5,1
282,-1,1681,216,261,763.3,1
282,-1,1114,296,58.4,157.6,0.999
282,-1,1073,294,41.6,126,0.999
282,-1,785,308,22.7,60.6,0.998
282,-1,441,289,59,156.9,0.995
282,-1,406,302,46.9,148.5,0.995
282,-1,850,297,52.5,123.5,0.995
282,-1,521,299,47.8,117.2,0.986
282,-1,220,306,44.6,118.3,0.977
282,-1,690,312,24.3,58.9,0.975
282,-1,187,296,29.9,81.2,0.973
282,-1,1015,308,22.9,52.5,0.971
282,-1,715,314,24.6,55.7,0.97
282,-1,759,304,18.9,64.1,0.892
282,-1,728,311,20.7,68.2,0.68
282,-1,773,307,22.1,63.7,0.586
282,-1,413,292,63.2,192.8,0.505
282,-1,194,297,45.9,123.8,0.405
283,-1,1689,206,266.3,805.9,1
283,-1,1404,246,252.1,720.2,1
283,-1,1061,290,46.4,132.6,1
283,-1,1180,299,35.3,113.3,1
283,-1,887,287,69.1,173.9,0.999
283,-1,590,257,92.3,224.4,0.999
283,-1,839,300,48.5,114,0.999
283,-1,1106,302,58.6,154.1,0.999
283,-1,961,299,42.1,125.5,0.998
283,-1,178,294,31.2,84.5,0.996
283,-1,778,306,25.4,61.4,0.995
283,-1,426,276,63,177.5,0.991
283,-1,201,303,45.1,115.5,0.99
283,-1,406,311,38.1,136.1,0.979
283,-1,1008,305,24.3,51,0.966
283,-1,518,300,46.6,118,0.961
283,-1,707,313,25.3,61.1,0.958
283,-1,686,309,24.5,62.2,0.943
283,-1,751,306,19.9,61.3,0.904
283,-1,721,309,22.1,67.2,0.701
283,-1,764,307,18.2,61,0.504
284,-1,1172,295,37.6,122.7,1
284,-1,1414,252,254.3,697.9,1
284,-1,1673,215,275.9,763.4,1
284,-1,1053,290,45.6,133.2,0.999
284,-1,825,300,49.9,115.3,0.999
284,-1,885,283,66.7,166.8,0.999
284,-1,1097,295,63.4,155.5,0.999
284,-1,415,278,58.2,182.2,0.999
284,-1,772,309,25.4,59.3,0.999
284,-1,574,257,99.1,235.7,0.999
284,-1,955,304,46.6,122.5,0.998
284,-1,168,295,30.6,86.3,0.984
284,-1,387,302,50.3,166.8,0.972
284,-1,512,297,47.3,118.4,0.969
284,-1,217,299,37.1,87.9,0.964
284,-1,700,315,25.5,62.2,0.956
284,-1,196,302,44.5,119.7,0.939
284,-1,1007,306,22.3,49.3,0.931
284,-1,681,312,21.4,53.2,0.926
284,-1,743,302,20.7,70.2,0.923
284,-1,931,289,48.6,138.7,0.832
284,-1,757,306,18.1,61.1,0.471
285,-1,1690,226,248.4,778,1
285,-1,945,300,51,124.6,1
285,-1,1423,229,246.1,739.1,1
285,-1,1053,295,43.9,121.9,1
285,-1,565,275,117.2,203.1,0.999
285,-1,1171,291,37.1,126.6,0.999
285,-1,1100,297,59,158.3,0.999
285,-1,879,279,66.8,171,0.999
285,-1,408,277,67.8,184.7,0.998
285,-1,816,303,46.5,111.7,0.997
285,-1,768,307,19.9,60.7,0.997
285,-1,160,294,32,90.3,0.995
285,-1,376,309,49.8,144.3,0.989
285,-1,1004,311,20.9,43.3,0.984
285,-1,186,303,41.3,120.6,0.978
285,-1,694,313,24,58,0.978
285,-1,505,302,44.6,116.7,0.976
285,-1,679,311,22.4,55.5,0.969
285,-1,213,308,31.1,69.6,0.935
285,-1,738,308,17.6,61.4,0.892
285,-1,843,302,41.1,115.8,0.762
285,-1,750,303,21.8,68.2,0.536
285,-1,717,314,21.1,59.7,0.489
286,-1,1407,245,249.7,728.8,1
286,-1,1672,236,255.7,760,1
286,-1,815,302,51.5,113.2,1
286,-1,1041,287,47.9,130.2,0.999
286,-1,581,263,77,231.2,0.998
286,-1,1097,289,61.1,160,0.995
286,-1,397,278,58.9,181.4,0.995
286,-1,881,288,69.4,162.2,0.991
286,-1,998,309,21.3,43.9,0.988
286,-1,153,303,27.7,71.4,0.986
286,-1,942,294,44.3,122.9,0.979
286,-1,1173,295,35.5,111.3,0.97
286,-1,181,303,43.8,123.7,0.959
286,-1,763,303,24.3,62.7,0.955
286,-1,369,303,52.3,150.3,0.953
286,-1,498,297,48.1,115.4,0.912
286,-1,694,309,23.8,65.3,0.894
286,-1,735,294,21.1,72.6,0.684
286,-1,724,304,22.9,71.1,0.671
286,-1,682,312,23.6,59.8,0.65
286,-1,837,290,53.1,135.1,0.543
286,-1,1149,293,45.7,112.2,0.492
286,-1,753,301,19.4,61.5,0.407
287,-1,1435,229,223.6,736.6,1
287,-1,1669,215,266.9,775.2,1
287,-1,1091,295,62.8,155.8,0.999
287,-1,567,269,102.6,221.4,0.999
287,-1,866,285,64.9,170.6,0.999
287,-1,1163,292,37.1,116.9,0.999
287,-1,801,304,47.6,109.7,0.997
287,-1,934,297,48.6,127.5,0.996
287,-1,1048,287,43.5,140.1,0.994
287,-1,383,286,60.9,167.5,0.979
287,-1,991,314,17.1,37.1,0.961
287,-1,141,299,34.4,90.2,0.952
287,-1,180,304,38.3,116.4,0.94
287,-1,758,308,23.9,64.1,0.938
287,-1,683,312,24.9,60.8,0.922
287,-1,355,308,48.5,162,0.919
287,-1,497,297,47.4,111.7,0.905
287,-1,728,308,22,65.7,0.815
287,-1,819,289,56.5,130.7,0.781
287,-1,995,308,23.6,49.3,0.746
287,-1,662,317,25.2,57.8,0.678
287,-1,747,310,21.3,58.4,0.663
287,-1,907,294,51.9,139.9,0.581
287,-1,981,310,21.4,42.7,0.56
288,-1,1661,205,296.3,799.1,1
288,-1,871,283,67.9,168.6,1
288,-1,1099,291,62.4,156.4,1
288,-1,1430,243,235.9,737,1
288,-1,814,299,45.6,113,1
288,-1,1043,278,45.7,135,0.998
288,-1,1168,291,32.9,114.5,0.996
288,-1,384,280,59.2,181.5,0.995
288,-1,934,285,51.5,139.3,0.995
288,-1,554,262,97.9,229.4,0.995
288,-1,759,299,21.2,64.7,0.993
288,-1,139,294,32.3,85,0.99
288,-1,169,305,40.3,125.8,0.988
288,-1,996,311,20,43.6,0.979
288,-1,353,298,53.8,169.7,0.973
288,-1,683,309,24.7,63.1,0.944
288,-1,495,298,50.1,114.8,0.923
288,-1,665,308,24.1,60.2,0.912
288,-1,730,301,20.9,65.5,0.881
288,-1,1150,284,34.6,113.6,0.7
288,-1,195,308,32.5,74.4,0.675
288,-1,744,301,19.1,67.7,0.643
289,-1,804,292,48.9,116.4,1
289,-1,1672,214,283.8,777.5,1
289,-1,1453,220,234,765.4,1
289,-1,550,252,83.2,253.9,0.999
289,-1,861,281,67.8,175.1,0.999
289,-1,1098,290,64.3,151.1,0.998
289,-1,930,295,42.8,126.3,0.998
289,-1,1050,278,45.2,133.9,0.997
289,-1,1170,282,31.6,125.4,0.995
289,-1,994,296,23.8,52.3,0.993
289,-1,379,274,66.3,182.3,0.991
289,-1,499,290,50.9,122.8,0.972
289,-1,756,300,21.5,63.4,0.956
289,-1,165,298,43.8,128.8,0.943
289,-1,136,296,29.7,81.8,0.897
289,-1,614,293,43.2,125.6,0.883
289,-1,688,302,22.7,62.3,0.846
289,-1,729,300,20.7,61.4,0.84
289,-1,904,281,52.3,146.1,0.703
289,-1,1,237,60,210.2,0.663
290,-1,1430,234,244.5,735.2,1
290,-1,796,299,47.8,110.9,1
290,-1,1686,204,275.5,794.2,1
290,-1,1095,285,65.5,165.3,0.999
290,-1,858,288,72.4,174.7,0.998
290,-1,754,298,22.9,63.7,0.998
290,-1,1033,282,49,134.5,0.998
290,-1,538,262,103.6,222.2,0.998
290,-1,128,295,32.7,86.2,0.996
290,-1,373,277,66.8,178.2,0.996
290,-1,924,294,50.4,127.7,0.994
290,-1,679,303,24.4,61,0.985
290,-1,1163,288,34.7,115.7,0.968
290,-1,492,295,48.7,119.3,0.967
290,-1,159,295,48.2,120.6,0.949
290,-1,991,299,23,51.5,0.949
290,-1,658,306,23,58.5,0.944
290,-1,729,298,20.3,71.9,0.915
290,-1,622,293,45.5,127.6,0.845
290,-1,342,298,51.4,167.4,0.79
291,-1,1458,237,214.2,680.6,1
291,-1,1678,216,289.9,781,1
291,-1,790,292,52.8,113.7,1
291,-1,869,277,66.3,171.9,0.998
291,-1,1102,285,60.6,157.9,0.998
291,-1,1044,272,45.8,140.2,0.998
291,-1,534,254,112.1,219.9,0.997
291,-1,369,268,65.4,184,0.995
291,-1,1163,279,34.6,120.3,0.994
291,-1,929,281,49.8,138.7,0.991
291,-1,753,301,24,55,0.985
291,-1,993,290,24.8,50.5,0.978
291,-1,159,298,45.4,124.9,0.976
291,-1,498,287,47,120.6,0.974
291,-1,678,304,24,57,0.963
291,-1,130,295,30.1,77.5,0.952
291,-1,660,298,26.5,64.4,0.95
291,-1,342,290,49.5,157.1,0.944
291,-1,190,296,30.4,73.3,0.943
291,-1,727,296,20,66.4,0.92
291,-1,825,281,44.7,126.9,0.447
291,-1,714,295,24.6,69.9,0.446
292,-1,856,269,70.2,174.6,1
292,-1,1459,240,238.9,729.1,1
292,-1,784,285,53.8,112.1,0.999
292,-1,1700,195,260.4,785.9,0.999
292,-1,1043,263,48.1,144.9,0.999
292,-1,360,263,64.3,198.3,0.998
292,-1,534,262,86,218.7,0.998
292,-1,1170,278,36.9,115.4,0.998
292,-1,752,287,25.8,67.3,0.995
292,-1,1099,281,65.4,153.7,0.994
292,-1,929,282,53.1,123.9,0.991
292,-1,123,283,32.6,84.3,0.99
292,-1,993,288,23,47.5,0.986
292,-1,500,284,45.5,114.5,0.986
292,-1,154,291,48.2,131.2,0.98
292,-1,608,289,41.2,117.5,0.976
292,-1,659,293,26.7,62.2,0.962
292,-1,678,296,25.5,63.1,0.95
292,-1,330,283,55.1,165.9,0.893
292,-1,727,287,20.6,67.6,0.879
293,-1,1468,219,203.7,724.9,1
293,-1,1709,185,258.2,806.4,1
293,-1,860,263,70.8,175.8,1
293,-1,1101,272,67.4,164.4,0.999
293,-1,1046,269,41.9,129.3,0.999
293,-1,516,259,94.7,227.4,0.998
293,-1,802,287,40.1,111,0.998
293,-1,362,258,68.3,196.3,0.997
293,-1,755,286,21.8,58.6,0.994
293,-1,928,275,57.7,124.2,0.994
293,-1,1167,272,37.6,119.3,0.992
293,-1,122,284,31.8,83.6,0.991
293,-1,990,284,23,53.5,0.986
293,-1,154,287,44.2,126.1,0.986
293,-1,618,284,38.1,133.9,0.981
293,-1,660,290,22.8,56.8,0.965
293,-1,776,282,49.8,124.6,0.964
293,-1,681,294,24.9,57.6,0.948
293,-1,331,274,55,168.1,0.928
293,-1,730,289,18.6,67,0.891
293,-1,719,283,20.8,65.5,0.697
294,-1,1459,206,218.1,717.9,1
294,-1,855,259,66.9,173.7,1
294,-1,517,239,109.1,236.8,0.999
294,-1,1100,265,72.7,162.9,0.999
294,-1,1713,172,268.8,831.8,0.999
294,-1,1042,256,51.2,147.5,0.999
294,-1,358,256,67.4,196.4,0.998
294,-1,803,286,38.9,105.9,0.995
294,-1,617,283,44.9,120.2,0.993
294,-1,925,264,47.6,134.9,0.993
294,-1,123,281,31.6,82.3,0.992
294,-1,993,282,22.2,50,0.992
294,-1,781,280,47.3,124.4,0.992
294,-1,154,283,47.6,129.8,0.987
294,-1,661,281,24.8,63.7,0.983
294,-1,325,285,49.5,157.8,0.979
294,-1,756,281,22,64.8,0.979
294,-1,1173,266,33.4,123.2,0.977
294,-1,681,286,23.9,59,0.941
294,-1,728,283,22,66.6,0.887
294,-1,697,282,23,65.1,0.492
295,-1,1043,260,44.5,135.4,1
295,-1,855,250,66.3,188.2,1
295,-1,1466,204,226.6,728,1
295,-1,1726,159,256.6,806.5,0.999
295,-1,519,243,103.5,230.5,0.999
295,-1,1100,266,74.2,163.4,0.999
295,-1,351,259,75.7,191.6,0.998
295,-1,120,273,35.4,90,0.998
295,-1,788,273,44,117.7,0.995
295,-1,928,267,46.2,133.6,0.993
295,-1,1172,260,34.8,126,0.991
295,-1,992,275,26.7,57.2,0.99
295,-1,664,282,23.8,59.6,0.988
295,-1,152,281,43.7,132.7,0.983
295,-1,182,282,32,77.1,0.978
295,-1,757,282,23.4,61.8,0.976
295,-1,679,287,25,61.3,0.959
295,-1,612,279,43.9,124.1,0.936
295,-1,323,286,49.3,167.1,0.895
295,-1,728,279,19.8,61.7,0.842
295,-1,694,286,24,60.4,0.614
295,-1,898,262,52.1,136.2,0.557
295,-1,741,281,25.1,65.7,0.547
296,-1,1045,253,51.6,147.3,1
296,-1,1107,269,61.6,154.4,1
296,-1,1482,191,221.7,741.8,1
296,-1,854,252,64.2,178.6,0.999
296,-1,354,262,59.3,175.9,0.998
296,-1,1704,165,274.2,779.2,0.997
296,-1,116,275,36.3,88.2,0.997
296,-1,788,273,46.5,120.1,0.997
296,-1,930,264,52.9,137.9,0.995
296,-1,1175,262,33.4,118.4,0.995
296,-1,516,236,95.7,227.7,0.992
296,-1,664,281,23.8,57.7,0.986
296,-1,994,279,21.9,47.8,0.984
296,-1,152,277,44.4,133.2,0.981
296,-1,757,282,21.7,61.6,0.969
296,-1,613,271,47.1,145.5,0.956
296,-1,685,286,23,62.3,0.945
296,-1,321,284,47.5,148.2,0.911
296,-1,728,278,19.8,68.6,0.868
296,-1,177,279,41.8,95.3,0.862
296,-1,699,287,20,58.5,0.441
297,-1,1486,193,243.4,732.8,1
297,-1,1176,264,34.4,113.3,1
297,-1,1106,264,65.5,160.5,0.999
297,-1,1043,251,49.4,145.8,0.999
297,-1,113,270,35.5,90,0.998
297,-1,853,247,63.9,184.5,0.998
297,-1,506,229,87.6,230.9,0.997
297,-1,932,263,49.2,142.4,0.996
297,-1,348,257,62.1,187.6,0.996
297,-1,1722,149,261.3,790.8,0.991
297,-1,785,275,48.7,115.4,0.991
297,-1,893,258,52.2,145.4,0.988
297,-1,616,270,46.2,128,0.988
297,-1,183,279,29.5,70.1,0.973
297,-1,162,277,43.1,120.8,0.971
297,-1,317,286,46.9,150.2,0.969
297,-1,1001,274,20.4,46.9,0.966
297,-1,758,276,22.4,64.3,0.959
297,-1,684,278,26.6,65.5,0.958
297,-1,670,282,22.9,58,0.941
297,-1,730,275,20.5,68.1,0.861
298,-1,1481,173,223.3,756,1
298,-1,1105,266,64.8,157.9,1
298,-1,1048,253,47.9,138.1,0.999
298,-1,1178,259,38.9,112.3,0.999
298,-1,353,255,60.5,179.5,0.999
298,-1,113,274,35.6,87.2,0.998
298,-1,850,249,64.7,178.9,0.998
298,-1,1724,152,259.9,810,0.998
298,-1,929,263,55.3,136.8,0.996
298,-1,503,225,90.3,236.9,0.995
298,-1,775,275,44.9,114.2,0.995
298,-1,666,273,23.3,69,0.979
298,-1,614,266,43.4,135.2,0.975
298,-1,758,276,22.6,64.4,0.97
298,-1,149,268,50.2,139.8,0.962
298,-1,314,283,51.5,150.3,0.955
298,-1,685,282,25.7,61.2,0.951
298,-1,999,270,21.5,50.6,0.942
298,-1,888,252,58.9,158.5,0.929
298,-1,729,274,22.3,71,0.867
298,-1,785,326,47.9,111.7,0.551
299,-1,1176,259,39.9,118.7,1
299,-1,1473,180,257.8,757.2,1
299,-1,1104,264,72.3,162.4,0.999
299,-1,343,253,62.9,194,0.999
299,-1,1049,259,53.3,134.8,0.999
299,-1,107,274,34.8,85.6,0.998
299,-1,848,249,65.5,182.4,0.997
299,-1,1710,145,277.7,811.6,0.996
299,-1,931,263,54.4,140.7,0.996
299,-1,772,273,45.7,113.1,0.994
299,-1,150,276,47,132.6,0.992
299,-1,504,244,88.3,226.6,0.989
299,-1,304,282,51.7,152.6,0.982
299,-1,757,275,24.8,61.3,0.973
299,-1,999,280,18.9,43.1,0.964
299,-1,615,274,40.6,124,0.964
299,-1,661,281,24.6,56.9,0.952
299,-1,889,262,55.2,151.4,0.952
299,-1,682,281,23.8,59.5,0.952
299,-1,727,272,21,65.3,0.846
299,-1,741,281,22,61.1,0.518
300,-1,1506,182,217.7,757.6,1
300,-1,1117,263,56.9,150.2,0.999
300,-1,843,245,72.7,193,0.999
300,-1,338,251,71.7,189.9,0.999
300,-1,775,269,47.8,111.8,0.998
300,-1,1053,257,42.9,132.9,0.998
300,-1,1178,262,34.4,114.1,0.996
300,-1,507,232,95.5,231.1,0.996
300,-1,927,259,53.7,132.2,0.996
300,-1,1716,138,276.4,846.6,0.996
300,-1,105,275,35.1,81.2,0.996
300,-1,296,269,60.3,164.9,0.994
300,-1,888,250,55.2,152.2,0.982
300,-1,755,275,22.6,58.3,0.979
300,-1,150,273,45.9,131.2,0.975
300,-1,994,273,22,51.3,0.969
300,-1,682,280,21.4,59.5,0.962
300,-1,610,267,42.8,127,0.95
300,-1,662,275,25.7,63.4,0.937
300,-1,734,275,20.7,65.7,0.858
300,-1,723,272,19,68.5,0.665
300,-1,693,288,21.1,59.1,0.578
301,-1,1472,201,250.4,756.5,1
301,-1,1176,260,35.2,123.1,0.999
301,-1,1114,264,59.3,154.8,0.999
301,-1,773,273,46.6,113.4,0.999
301,-1,837,240,68.9,198.9,0.998
301,-1,1048,255,48.3,143.7,0.998
301,-1,931,259,48.2,144.1,0.996
301,-1,502,243,99.6,234.8,0.995
301,-1,1718,160,281.9,835.7,0.994
301,-1,323,252,76,193,0.994
301,-1,101,271,33.3,88.1,0.993
301,-1,992,273,24.1,55,0.991
301,-1,885,256,56.3,151.6,0.986
301,-1,678,281,25.4,65.4,0.97
301,-1,665,282,22.1,55.5,0.965
301,-1,145,271,51.1,131,0.943
301,-1,285,273,58,174.2,0.939
301,-1,610,275,43.8,127.6,0.935
301,-1,728,274,20.8,67.2,0.859
301,-1,751,275,28.2,70.6,0.527
301,-1,-0,243,38.9,204.9,0.452
301,-1,746,277,39.1,117.1,0.449
302,-1,1175,266,33.8,117.1,1
302,-1,1476,209,253.2,740.9,1
302,-1,1110,263,63.9,153.8,1
302,-1,839,247,71.8,192.6,1
302,-1,1046,251,48.8,153.1,0.999
302,-1,486,225,92.2,243.2,0.998
302,-1,89,265,36.9,92,0.998
302,-1,323,246,66.8,206.4,0.998
302,-1,927,268,50.2,136.2,0.997
302,-1,285,270,61.9,170.1,0.997
302,-1,886,262,52,145.1,0.993
302,-1,993,278,21.9,47.7,0.992
302,-1,756,269,48,121.9,0.988
302,-1,663,279,23.9,60.5,0.984
302,-1,606,273,45.7,127.8,0.975
302,-1,678,284,24,54.5,0.974
302,-1,137,273,43.2,132.2,0.966
302,-1,167,276,31.4,80.7,0.961
302,-1,1744,160,253.8,834.3,0.957
302,-1,727,273,20.9,69.7,0.891
302,-1,688,281,24.5,68.7,0.709
303,-1,1494,211,247.3,764.6,1
303,-1,1115,271,55.6,156.1,1
303,-1,825,249,70.6,193.8,1
303,-1,1044,258,45.1,140.9,0.999
303,-1,760,272,42.8,106.2,0.999
303,-1,481,226,106.6,235,0.998
303,-1,83,263,38,89.6,0.996
303,-1,919,266,58.2,125.7,0.996
303,-1,1173,261,34,124.1,0.995
303,-1,875,257,49.6,149,0.994
303,-1,279,271,53.2,174.9,0.993
303,-1,312,250,75.4,201.5,0.991
303,-1,990,277,24.9,52.5,0.973
303,-1,607,271,46.4,137.2,0.97
303,-1,130,265,52.2,137.1,0.966
303,-1,1738,172,268.9,801.1,0.956
303,-1,675,279,24.9,62.3,0.95
303,-1,658,277,22.3,59,0.916
303,-1,722,273,21.4,68.6,0.9
303,-1,734,275,25.6,67,0.672
303,-1,734,269,49.6,118.3,0.619
303,-1,745,325,47.6,116.7,0.437
304,-1,1469,190,244.2,787.9,1
304,-1,1042,255,48.1,143.1,1
304,-1,274,268,58.6,181.6,0.999
304,-1,79,263,39.7,94.3,0.999
304,-1,832,252,61.6,197.8,0.999
304,-1,1173,265,33.6,118.7,0.999
304,-1,1110,269,62.4,150.7,0.999
304,-1,754,272,45.8,113.1,0.998
304,-1,462,232,94.9,234.9,0.996
304,-1,310,250,71.1,204,0.994
304,-1,125,266,51.7,135.3,0.987
304,-1,927,276,46.7,120.6,0.986
304,-1,873,252,52.8,154.6,0.983
304,-1,992,273,22.7,50.6,0.976
304,-1,656,274,25.2,62.6,0.965
304,-1,602,274,42.6,124.3,0.959
304,-1,677,282,24.6,59.4,0.944
304,-1,1740,194,269.3,786.3,0.926
304,-1,720,272,21,71,0.856
304,-1,732,279,36.8,107.4,0.501
305,-1,1109,271,61.2,153.9,1
305,-1,1476,214,249,757.1,1
305,-1,829,247,73.6,198.8,1
305,-1,1040,254,49.9,147.9,1
305,-1,600,268,41.7,129.1,0.999
305,-1,757,272,41.3,103.1,0.999
305,-1,75,256,38.4,103,0.999
305,-1,306,224,75.3,225.4,0.998
305,-1,268,272,58.3,177.4,0.996
305,-1,477,222,77.6,237.6,0.996
305,-1,1171,264,39.6,122.2,0.996
305,-1,919,265,48.8,138,0.994
305,-1,991,273,21.8,53.6,0.994
305,-1,877,261,52.6,154.2,0.98
305,-1,656,280,21.9,54.8,0.978
305,-1,123,269,44,130,0.954
305,-1,737,275,38.1,108.4,0.942
305,-1,1743,189,259.2,830.5,0.939
305,-1,669,285,23.3,54.5,0.935
305,-1,719,266,21.4,75.3,0.726
305,-1,683,280,24.1,66.3,0.692
305,-1,659,275,34.4,104.4,0.587
306,-1,818,247,70.8,196.6,1
306,-1,1467,205,255.9,763.8,1
306,-1,1109,274,60.4,154.4,1
306,-1,1037,259,43.5,136.2,1
306,-1,71,260,36.3,90.7,0.999
306,-1,450,230,95.2,239.6,0.999
306,-1,749,269,41.6,114.7,0.998
306,-1,261,278,52.9,170.5,0.998
306,-1,924,265,46.6,133.6,0.997
306,-1,296,243,77,211.2,0.997
306,-1,1168,268,35.9,115.7,0.995
306,-1,874,259,53.9,153.3,0.989
306,-1,1725,182,291.8,849.4,0.987
306,-1,983,272,23.4,58.7,0.982
306,-1,112,265,49,138.7,0.974
306,-1,598,269,45,135.2,0.969
306,-1,649,274,24.3,63,0.953
306,-1,729,279,41.1,112.9,0.939
306,-1,664,284,22.6,55.5,0.933
306,-1,717,268,23,75.7,0.709
306,-1,680,276,22.8,67.9,0.686
306,-1,144,262,37.8,87.3,0.487
307,-1,1466,200,252,769.5,1
307,-1,809,244,74.3,205.9,1
307,-1,1028,255,47.9,143.5,1
307,-1,52,253,35.3,96.8,0.999
307,-1,1102,269,58.7,154.1,0.998
307,-1,276,243,73.2,209.7,0.998
307,-1,244,274,60.1,176,0.997
307,-1,738,271,47.1,114.1,0.997
307,-1,915,262,46.4,133.3,0.996
307,-1,856,250,57.5,158.7,0.996
307,-1,1159,264,37,116.9,0.995
307,-1,441,227,94.4,239.5,0.994
307,-1,979,274,22.9,50.6,0.991
307,-1,1721,192,291.5,801.3,0.987
307,-1,587,269,41.1,131.3,0.977
307,-1,642,272,21.7,57.8,0.971
307,-1,707,265,45.6,129,0.964
307,-1,101,253,45.4,142.5,0.961
307,-1,655,278,25.8,61,0.918
307,-1,667,274,25,69.9,0.679
307,-1,129,267,37.5,85.5,0.65
308,-1,1158,264,37.2,115.2,1
308,-1,799,239,71.6,205.1,1
308,-1,1477,208,240.5,754.1,1
308,-1,1026,255,50.7,144.1,1
308,-1,727,268,43.1,116.1,0.999
308,-1,235,254,59.3,206,0.999
308,-1,1097,264,63.6,161.6,0.999
308,-1,447,236,98.2,231,0.998
308,-1,270,236,74.2,215.7,0.998
308,-1,44,255,34.9,92.3,0.998
308,-1,858,255,56.9,157.7,0.997
308,-1,573,265,47.5,125.4,0.996
308,-1,905,261,52.2,133.4,0.995
308,-1,973,275,24.4,53.4,0.99
308,-1,99,265,48.1,130.7,0.983
308,-1,1738,182,266.7,807.5,0.979
308,-1,641,274,24.7,63.8,0.974
308,-1,657,278,24.9,59.9,0.941
308,-1,700,267,23.5,69.7,0.919
308,-1,704,270,40,114.4,0.899
308,-1,670,282,24.7,66,0.608
309,-1,1024,252,47.3,148.1,1
309,-1,1154,264,33.6,112.5,1
309,-1,793,243,76.4,215.1,1
309,-1,1467,194,236.6,788.8,1
309,-1,849,252,56.3,155.6,0.999
309,-1,1097,267,63.8,157.5,0.999
309,-1,725,275,45.7,118.6,0.997
309,-1,265,242,71.7,209,0.997
309,-1,907,269,47.3,131.9,0.997
309,-1,436,223,77.3,217.7,0.997
309,-1,222,274,58.1,167.3,0.996
309,-1,1734,195,274.7,824,0.994
309,-1,970,278,23.1,49.6,0.991
309,-1,36,251,35.7,98.8,0.99
309,-1,100,261,46.6,130.1,0.972
309,-1,637,271,23,62.6,0.969
309,-1,578,268,47.4,135.6,0.931
309,-1,648,280,25.6,60.9,0.924
309,-1,706,271,37.6,118.7,0.918
309,-1,665,279,24.3,62.5,0.616
309,-1,74,264,49.5,124.7,0.433
310,-1,1475,196,245.3,758.1,1
310,-1,794,244,76.9,215.4,1
310,-1,1023,265,42.8,135.4,0.999
310,-1,1098,268,62.7,155.9,0.999
310,-1,259,236,66.7,219.4,0.998
310,-1,432,218,90.7,227.2,0.998
310,-1,695,267,41.8,126.7,0.998
310,-1,34,261,37.6,95,0.996
310,-1,213,257,58.4,194.8,0.995
310,-1,902,263,50,133.8,0.994
310,-1,1151,266,40.8,121.2,0.993
310,-1,849,261,51.6,147.8,0.991
310,-1,968,277,23.4,54,0.989
310,-1,713,271,49.1,123.4,0.982
310,-1,1740,154,270.2,859,0.978
310,-1,633,275,24.6,62.1,0.97
310,-1,84,260,51.7,136.8,0.968
310,-1,569,276,45.1,131.3,0.929
310,-1,645,283,25.8,59.3,0.889
310,-1,658,275,23.9,67.6,0.708
311,-1,1470,208,245.9,764.9,1
311,-1,787,255,81.4,210.3,1
311,-1,1024,262,45.3,135.2,1
311,-1,1099,270,63.5,159.4,0.999
311,-1,426,241,81,219.1,0.998
311,-1,256,246,65.5,218.9,0.998
311,-1,967,280,23.5,57.1,0.996
311,-1,845,259,54.7,157.8,0.996
311,-1,1146,263,37.6,120.6,0.996
311,-1,710,274,45.2,114.4,0.993
311,-1,30,266,35.3,94.1,0.993
311,-1,901,262,52.1,140.9,0.992
311,-1,212,273,57,170.1,0.987
311,-1,76,262,49.2,145.4,0.968
311,-1,1733,163,285.5,859.9,0.968
311,-1,637,284,23.1,54.2,0.943
311,-1,570,269,40.1,134.3,0.934
311,-1,485,269,45.5,118.8,0.931
311,-1,649,285,24.9,55.7,0.907
311,-1,686,272,24.2,74.6,0.707
311,-1,689,274,39.6,116.2,0.699
311,-1,659,286,25,67.1,0.555
311,-1,114,279,31.3,70.4,0.514
312,-1,778,247,73.3,204.7,1
312,-1,1493,208,227.4,765.2,1
312,-1,1021,260,51.7,144.8,0.999
312,-1,1152,272,38.6,112.3,0.999
312,-1,232,252,76.7,210.8,0.998
312,-1,837,270,51.6,151.8,0.998
312,-1,417,238,81.7,226.6,0.998
312,-1,1100,278,62.7,161.2,0.998
312,-1,899,267,51.7,146,0.996
312,-1,963,283,23.8,54.9,0.995
312,-1,200,274,57.9,188.5,0.995
312,-1,23,269,37.2,97.7,0.994
312,-1,701,272,48.5,120.6,0.991
312,-1,483,278,46.1,108.8,0.99
312,-1,564,275,44.8,123.4,0.983
312,-1,1744,170,275.1,883.5,0.978
312,-1,78,270,45.2,141.6,0.957
312,-1,643,290,24.8,64.7,0.936
312,-1,626,281,23.1,59.2,0.922
312,-1,688,282,23.9,77.2,0.824
312,-1,641,279,37.7,102.3,0.688
313,-1,1495,222,208.4,730.4,1
313,-1,407,233,100.7,249.5,0.999
313,-1,781,251,73.1,196.5,0.999
313,-1,699,284,52.8,109.4,0.997
313,-1,1025,269,50.4,140.6,0.997
313,-1,197,280,68,195.4,0.993
313,-1,559,278,48.3,118.2,0.99
313,-1,895,278,54.6,129.4,0.989
313,-1,838,262,59.6,155.3,0.986
313,-1,1103,274,62,161.7,0.984
313,-1,20,276,36.5,89.3,0.981
313,-1,225,254,82.1,217.4,0.977
313,-1,962,289,21.8,46.5,0.956
313,-1,70,277,48.4,142.4,0.948
313,-1,1157,272,35.7,119.5,0.93
313,-1,1750,204,247.2,814.7,0.872
313,-1,677,279,40,109.8,0.844
313,-1,650,293,24.7,58.6,0.807
313,-1,629,287,24.6,63.8,0.79
313,-1,38,273,35.6,99.9,0.446
314,-1,1487,223,236.5,758.1,1
314,-1,411,251,77.6,204.9,0.999
314,-1,784,250,65,212.2,0.999
314,-1,1021,264,49.5,147.5,0.998
314,-1,1153,277,35,117.9,0.996
314,-1,839,266,59.8,157.3,0.993
314,-1,15,278,38.9,96.7,0.991
314,-1,1104,278,59.9,156.1,0.991
314,-1,901,282,48.6,122.8,0.991
314,-1,685,279,46.7,123.2,0.987
314,-1,480,279,46.4,115.9,0.985
314,-1,219,250,76.4,209.8,0.975
314,-1,961,290,25.2,45.1,0.973
314,-1,67,275,51.6,139.6,0.97
314,-1,183,289,65.1,184.3,0.968
314,-1,1739,191,274.5,835.3,0.96
314,-1,563,292,41.6,122.5,0.916
314,-1,644,296,24.3,63.4,0.891
314,-1,632,289,23.8,63.8,0.782
314,-1,658,296,23.5,54,0.513
314,-1,116,288,33.2,87,0.47
315,-1,1519,207,211.3,785.7,1
315,-1,1100,283,61.7,161.4,0.999
315,-1,396,242,96.4,256.1,0.999
315,-1,1015,277,54,143.9,0.999
315,-1,776,252,83,219.3,0.999
315,-1,899,289,43.5,126.3,0.999
315,-1,839,281,57.8,145.6,0.996
315,-1,1155,282,32,115.5,0.995
315,-1,687,291,44.2,119.6,0.992
315,-1,486,280,48.1,117.5,0.989
315,-1,964,292,25.4,54.6,0.989
315,-1,184,294,64.9,184.5,0.982
315,-1,218,251,81.1,231.7,0.982
315,-1,18,286,35.1,91.7,0.982
315,-1,563,289,44.7,135.3,0.948
315,-1,627,296,24,61.7,0.919
315,-1,88,288,43.9,113,0.91
315,-1,68,282,49.4,136.8,0.88
315,-1,1746,178,273,842.5,0.874
315,-1,644,300,23.6,61.2,0.781
315,-1,658,300,25,63.9,0.65
315,-1,633,283,35.9,106.6,0.631
316,-1,779,251,72.8,223.6,1
316,-1,1498,214,227.8,788.5,1
316,-1,1029,274,47.3,136.2,0.999
316,-1,402,253,87.3,240.5,0.999
316,-1,692,287,45.6,116.8,0.998
316,-1,1106,279,68.4,162.3,0.998
316,-1,839,270,58.8,157.2,0.997
316,-1,492,282,45.8,113.9,0.996
316,-1,900,292,48.5,128.6,0.995
316,-1,1164,275,35.3,124.3,0.994
316,-1,20,290,33.7,84.7,0.993
316,-1,970,288,22.8,55.6,0.99
316,-1,178,285,62.3,192.9,0.985
316,-1,223,259,82.3,229,0.973
316,-1,648,299,25.9,61.9,0.958
316,-1,571,294,39.9,123.7,0.935
316,-1,71,289,53.1,140.6,0.891
316,-1,631,293,25.1,64.8,0.876
316,-1,1769,178,239.1,858.1,0.748
317,-1,1526,209,226.6,770.9,1
317,-1,1112,292,66.8,146.7,1
317,-1,776,264,77.4,221.2,1
317,-1,1027,275,50.4,151.8,1
317,-1,1166,281,39.2,114.8,1
317,-1,400,245,79.1,226.8,0.999
317,-1,834,269,58.7,165.3,0.999
317,-1,727,298,22.5,59.2,0.999
317,-1,904,283,50.6,133.3,0.997
317,-1,27,290,33,86.6,0.997
317,-1,497,287,46.6,112.5,0.993
317,-1,678,290,38.8,105,0.988
317,-1,183,296,59,189.6,0.986
317,-1,977,290,24.1,55.3,0.983
317,-1,77,290,46.9,143.4,0.974
317,-1,206,266,95.3,223.3,0.974
317,-1,695,290,43.3,115,0.963
317,-1,578,291,40.7,130.2,0.943
317,-1,653,301,25.7,62.6,0.911
317,-1,637,295,23.6,61,0.849
318,-1,773,252,74.2,227.4,1
318,-1,1539,213,231.4,777.9,1
318,-1,1032,264,61.3,159.6,0.999
318,-1,406,246,92,229.2,0.999
318,-1,675,288,47.7,117.7,0.997
318,-1,1172,278,34.2,113.1,0.997
318,-1,500,286,50.3,116.7,0.997
318,-1,1112,274,73.8,161.5,0.997
318,-1,730,292,24.7,64.2,0.996
318,-1,207,270,95,231.3,0.996
318,-1,980,288,26.2,60.3,0.995
318,-1,24,288,36.7,91.5,0.995
318,-1,900,283,57.9,127,0.994
318,-1,833,269,57.9,160.2,0.994
318,-1,578,291,44.1,127.9,0.955
318,-1,80,291,45.9,134,0.95
318,-1,657,298,24.7,61.1,0.924
318,-1,642,294,23.6,60.6,0.917
318,-1,166,284,73.5,210.2,0.859
319,-1,1039,263,49.7,145.1,1
319,-1,1535,229,217.1,757.4,1
319,-1,1179,272,39,114.8,1
319,-1,1117,282,66.6,149.1,0.999
319,-1,406,244,90.3,238.4,0.999
319,-1,736,293,22.1,59.7,0.999
319,-1,783,256,77.7,219.2,0.999
319,-1,28,284,36.7,95.1,0.999
319,-1,690,280,40.7,112,0.998
319,-1,909,286,52.4,128.1,0.997
319,-1,508,285,46.8,114.5,0.997
319,-1,198,253,93.1,248,0.997
319,-1,840,269,60.1,158.7,0.997
319,-1,984,287,25.9,57.3,0.995
319,-1,581,288,38.9,130.4,0.992
319,-1,81,279,57.9,144.2,0.977
319,-1,660,299,24.6,58.3,0.941
319,-1,646,296,23.5,58.1,0.91
319,-1,673,297,24.8,60.7,0.781
319,-1,663,290,39.9,111,0.652
320,-1,404,247,84.5,244.3,1
320,-1,775,262,71.9,220.7,1
320,-1,1045,267,52.4,145.5,1
320,-1,1548,228,218.3,718.3,1
320,-1,740,291,19.8,58.6,0.999
320,-1,1125,281,63.6,146.5,0.999
320,-1,30,285,38,96.1,0.999
320,-1,1187,277,32.7,117.1,0.998
320,-1,984,283,24.7,55.8,0.998
320,-1,166,278,71.3,214,0.998
320,-1,509,282,46.6,112.6,0.998
320,-1,202,269,92.9,231.9,0.998
320,-1,681,281,43.9,121.1,0.997
320,-1,920,278,49.1,136.4,0.997
320,-1,842,261,55.2,162.8,0.99
320,-1,580,288,42,131.2,0.973
320,-1,647,291,23.7,62.7,0.966
320,-1,665,295,23.3,61.3,0.935
320,-1,88,284,49.3,135.5,0.923
321,-1,1546,218,235.4,762.9,1
321,-1,776,248,71.8,235.4,1
321,-1,29,281,35,91.4,1
321,-1,1044,259,48.8,154.5,1
321,-1,1126,278,56.9,155.3,0.999
321,-1,1190,270,38.6,114.3,0.999
321,-1,199,263,88.8,237.3,0.999
321,-1,741,285,22.7,66.2,0.999
321,-1,407,246,87,228.8,0.998
321,-1,847,267,58.2,152.8,0.998
321,-1,698,281,43.8,116,0.997
321,-1,520,287,39,103.1,0.996
321,-1,580,289,40.6,124.9,0.995
321,-1,914,272,56.5,143.7,0.994
321,-1,163,286,68.9,203.6,0.994
321,-1,985,281,24.4,59,0.994
321,-1,672,284,41.9,113.6,0.992
321,-1,82,282,59.5,143.8,0.972
321,-1,652,293,21.8,57.2,0.968
322,-1,32,280,37.5,94.9,1
322,-1,404,242,80.6,239.9,1
322,-1,783,241,75.9,236.1,1
322,-1,850,263,54.5,150.6,1
322,-1,1578,213,217.5,769.6,1
322,-1,186,262,93.2,235.3,0.999
322,-1,1055,255,54.9,147.7,0.999
322,-1,524,281,42.8,104.3,0.999
322,-1,1134,275,66.8,157.8,0.999
322,-1,683,276,42.5,112.6,0.998
322,-1,746,287,19.8,64,0.997
322,-1,1201,267,33.8,117.5,0.996
322,-1,922,274,53.9,133.2,0.994
322,-1,588,279,41.2,128.6,0.993
322,-1,997,276,22.8,56.1,0.991
322,-1,90,289,48.3,136.5,0.982
322,-1,655,283,23.8,64.7,0.93
322,-1,668,292,25.3,61,0.91
322,-1,701,278,49.1,122.9,0.869
323,-1,690,274,42.5,112,1
323,-1,1057,257,56.3,149.6,1
323,-1,1139,275,64,145.1,1
323,-1,778,247,76.2,219.6,1
323,-1,854,256,58.8,153.9,1
323,-1,1569,184,223.6,803.6,1
323,-1,198,255,87.6,233.6,0.999
323,-1,397,243,99.9,241.3,0.999
323,-1,1196,268,38.1,117.7,0.999
323,-1,32,279,37.1,98.9,0.999
323,-1,748,284,21.1,66.6,0.998
323,-1,156,282,66.1,207.4,0.997
323,-1,927,265,48.7,134.6,0.995
323,-1,88,282,49.7,136.4,0.994
323,-1,526,278,47.2,113,0.99
323,-1,997,278,24,55,0.976
323,-1,586,280,45.2,138.1,0.968
323,-1,658,289,22.1,60.4,0.952
323,-1,669,288,24.2,65.6,0.876
323,-1,664,277,35.5,107.9,0.529
324,-1,780,254,76.3,224.4,1
324,-1,1580,214,226.6,761.5,1
324,-1,1054,263,50.9,150.7,1
324,-1,1199,258,36.8,118.8,1
324,-1,32,281,36.5,93.1,0.999
324,-1,530,276,46.6,111,0.999
324,-1,394,231,105.9,264.5,0.999
324,-1,859,263,53.8,140.9,0.999
324,-1,671,277,44.2,115.7,0.998
324,-1,88,272,53,145.1,0.997
324,-1,926,263,50.4,136.8,0.997
324,-1,1140,265,70.6,159.9,0.996
324,-1,187,248,97.6,241,0.995
324,-1,1002,277,23.5,50.5,0.994
324,-1,745,281,23.6,62.7,0.994
324,-1,697,275,39.8,116.3,0.977
324,-1,585,280,43.5,137.4,0.977
324,-1,659,288,22.8,57.3,0.925
324,-1,967,282,21.7,42.1,0.594
325,-1,775,247,84.8,232.2,1
325,-1,35,281,33.1,91.9,1
325,-1,1055,256,54.9,154.2,1
325,-1,1582,207,238.1,779.9,1
325,-1,861,258,57.7,149.8,0.999
325,-1,377,229,109.5,259.2,0.999
325,-1,672,269,43.5,129.3,0.999
325,-1,1148,266,64.3,154,0.998
325,-1,1205,255,40.8,125.3,0.998
325,-1,749,279,24.7,66.4,0.998
325,-1,192,243,79.2,232.4,0.997
325,-1,1002,274,23.4,55.1,0.997
325,-1,534,274,43.7,109.3,0.996
325,-1,89,282,49.8,140.6,0.996
325,-1,928,263,48.5,133.2,0.996
325,-1,150,278,77.5,199.3,0.993
325,-1,589,274,44.6,130.8,0.932
325,-1,719,278,23.5,71.3,0.88
325,-1,698,277,40.2,118.3,0.76
326,-1,1209,261,34.2,122.9,1
326,-1,682,272,44.3,122.2,1
326,-1,777,249,83.2,236.5,1
326,-1,1609,186,218.2,820,1
326,-1,855,256,57.1,154.5,0.999
326,-1,538,276,45.3,110.3,0.999
326,-1,375,234,106.1,257.8,0.999
326,-1,1058,260,55.9,145.9,0.999
326,-1,35,281,34.9,97.1,0.999
326,-1,934,272,50.3,136.4,0.998
326,-1,1150,261,66,166.4,0.998
326,-1,180,272,85.3,228.4,0.996
326,-1,84,282,60,150.4,0.993
326,-1,755,283,19.8,63.2,0.987
326,-1,1003,274,22.1,55.4,0.979
326,-1,593,279,46.4,135.4,0.953
326,-1,724,282,22.1,67.6,0.936
326,-1,667,279,21.3,67.7,0.811
326,-1,143,291,71.7,197.3,0.453
326,-1,716,276,34.8,113.1,0.427
327,-1,870,261,57.9,159.4,1
327,-1,177,252,97.5,238.9,1
327,-1,1615,196,246.7,789.5,1
327,-1,1071,253,53.1,149.6,1
327,-1,772,244,81.7,230.5,1
327,-1,38,280,33.5,95.7,1
327,-1,378,239,104.1,258.7,0.999
327,-1,1214,259,42.1,124.3,0.999
327,-1,1006,277,24.7,58.3,0.998
327,-1,1157,263,62.1,155.5,0.996
327,-1,933,270,54.4,143,0.996
327,-1,544,277,44.8,109.5,0.994
327,-1,685,282,42.6,108.3,0.994
327,-1,134,282,82.2,217.7,0.991
327,-1,758,282,24.3,66.6,0.987
327,-1,599,279,41.5,134.6,0.987
327,-1,90,287,53.9,144.4,0.979
327,-1,665,273,38.9,112.7,0.926
327,-1,724,278,23.6,74.6,0.888
328,-1,36,285,37,101.3,1
328,-1,1605,193,251,816.3,1
328,-1,870,267,50.5,153.4,1
328,-1,771,250,79.6,243.2,0.999
328,-1,1070,264,46.8,144.3,0.999
328,-1,148,246,121,267.6,0.998
328,-1,388,251,105.7,239,0.998
328,-1,938,275,51,123.2,0.997
328,-1,1159,265,66.7,169.3,0.997
328,-1,1219,266,38.6,115.6,0.992
328,-1,1010,284,25.2,57.4,0.987
328,-1,86,277,62.2,160.6,0.95
328,-1,539,285,45,119.7,0.931
328,-1,729,286,23,69.1,0.925
328,-1,677,289,39.7,95.3,0.921
328,-1,601,291,38.9,122.9,0.87
328,-1,660,279,40.9,121.7,0.811
328,-1,693,284,41.1,118.4,0.735
