1,1,260,450,102,262,1,1,1
2,1,262,449,102,263,1,1,1
3,1,264,449,102,263,1,1,1
4,1,266,448,102,264,1,1,1
5,1,268,448,102,264,1,1,1
6,1,270,448,102,264,1,1,1
7,1,272,448,103,264,1,1,1
8,1,274,448,103,264,1,1,1
9,1,276,448,104,264,1,1,1
10,1,278,447,104,265,1,1,1
11,1,280,447,105,265,1,1,1
12,1,282,446,105,266,1,1,1
13,1,284,446,106,266,1,1,1
14,1,286,446,106,266,1,1,1
15,1,289,446,106,266,1,1,1
16,1,291,446,106,266,1,1,1
17,1,294,446,106,266,1,1,1
18,1,299,447,103,262,1,1,1
19,1,304,449,100,258,1,1,1
20,1,309,451,97,254,1,1,1
21,1,315,453,94,250,1,1,1
22,1,313,452,96,251,1,1,1
23,1,311,451,99,252,1,1,1
24,1,310,450,101,253,1,1,0.89216
25,1,308,449,104,254,1,1,0.73333
26,1,307,448,106,255,1,1,0.59813
27,1,310,447,105,255,1,1,0.48113
28,1,313,446,105,255,1,1,0.36792
29,1,317,445,104,255,1,1,0.26667
30,1,320,444,104,255,1,1,0.15238
31,1,324,443,103,256,1,1,0.038462
32,1,324,443,101,257,1,1,0
33,1,324,443,100,259,1,1,0
34,1,324,444,99,260,1,1,0
35,1,325,444,97,261,1,1,0
36,1,325,445,96,262,1,1,0
37,1,325,445,95,264,1,1,0
38,1,326,446,93,265,1,1,0
39,1,332,444,100,268,1,1,0
40,1,338,442,107,272,1,1,0
41,1,344,440,114,276,1,1,0
42,1,346,439,114,277,1,1,0
43,1,348,439,115,277,1,1,0
44,1,350,438,115,278,1,1,0
45,1,352,438,116,278,1,1,0
46,1,351,437,113,279,1,1,0
47,1,351,437,110,279,1,1,0
48,1,350,437,108,279,1,1,0
49,1,350,437,105,279,1,1,0
50,1,350,437,102,280,1,1,0.029126
51,1,356,436,108,280,1,1,0.11927
52,1,363,436,113,280,1,1,0.096491
53,1,370,436,118,280,1,1,0.07563
54,1,370,435,117,280,1,1,0.12712
55,1,371,435,116,280,1,1,0.33333
56,1,371,434,115,280,1,1,0.55172
57,1,372,434,114,280,1,1,0.76522
58,1,370,434,116,278,1,1,0.98291
59,1,369,434,117,276,1,1,1
60,1,368,435,118,274,1,1,1
61,1,373,435,115,273,1,1,1
62,1,379,435,111,272,1,1,1
63,1,384,435,109,271,1,1,1
64,1,390,435,105,270,1,1,1
65,1,395,435,102,269,1,1,1
66,1,401,436,99,268,1,1,1
67,1,403,435,105,271,1,1,1
68,1,405,434,111,274,1,1,1
69,1,408,434,116,276,1,1,1
70,1,410,435,116,273,1,1,1
71,1,412,437,116,270,1,1,1
72,1,414,438,116,268,1,1,1
73,1,416,440,117,265,1,1,1
74,1,414,439,119,267,1,1,1
75,1,412,438,122,270,1,1,1
76,1,410,437,125,273,1,1,1
77,1,409,436,127,276,1,1,1
78,1,412,432,121,279,1,1,1
79,1,416,428,115,283,1,1,1
80,1,420,428,113,282,1,1,1
81,1,424,428,112,282,1,1,1
82,1,429,428,110,282,1,1,1
83,1,433,428,108,281,1,1,1
84,1,438,428,106,281,1,1,1
85,1,442,428,105,281,1,1,1
86,1,447,429,103,280,1,1,1
87,1,446,428,112,284,1,1,1
88,1,446,428,121,288,1,1,1
89,1,446,428,130,292,1,1,1
90,1,459,426,120,286,1,1,1
91,1,459,426,115,285,1,1,1
92,1,460,426,109,284,1,1,1
93,1,461,427,103,283,1,1,1
94,1,463,425,105,287,1,1,1
95,1,465,423,107,291,1,1,1
96,1,467,421,109,295,1,1,1
97,1,470,420,111,298,1,1,1
98,1,467,419,116,297,1,1,1
99,1,465,418,120,297,1,1,1
100,1,462,417,125,297,1,1,1
101,1,460,416,130,297,1,1,1
102,1,458,415,130,300,1,1,1
103,1,456,415,130,303,1,1,1
104,1,454,414,130,307,1,1,1
105,1,452,414,130,310,1,1,1
106,1,464,418,130,306,1,1,1
107,1,464,418,128,305,1,1,1
108,1,464,418,127,305,1,1,1
109,1,464,418,126,304,1,1,1
110,1,465,419,124,303,1,1,1
111,1,460,418,126,305,1,1,1
112,1,455,417,128,307,1,1,1
113,1,451,416,130,310,1,1,1
114,1,455,414,121,310,1,1,1
115,1,460,412,112,310,1,1,1
116,1,465,410,103,310,1,1,1
117,1,462,407,106,315,1,1,1
118,1,459,405,110,319,1,1,1
119,1,456,403,114,323,1,1,1
120,1,453,401,118,327,1,1,1
121,1,451,399,121,331,1,1,1
122,1,450,402,119,326,1,1,1
123,1,450,405,116,321,1,1,1
124,1,450,408,114,317,1,1,1
125,1,449,405,113,322,1,1,1
126,1,449,402,112,327,1,1,1
127,1,448,399,112,332,1,1,1
128,1,448,397,111,337,1,1,1
129,1,446,394,111,338,1,1,1
130,1,449,394,116,341,1,1,1
131,1,451,393,113,341,1,1,1
132,1,453,393,111,341,1,1,1
133,1,451,393,114,342,1,1,1
134,1,449,393,118,344,1,1,1
135,1,448,393,121,346,1,1,1
136,1,446,393,121,348,1,1,1
137,1,445,393,120,351,1,1,1
138,1,444,394,121,349,1,1,1
139,1,444,395,122,348,1,1,1
140,1,444,396,123,346,1,1,1
141,1,443,397,125,345,1,1,1
142,1,443,398,126,343,1,1,1
143,1,443,399,127,342,1,1,0.97793
144,1,443,397,129,345,1,1,1
145,1,443,395,131,349,1,1,0.99297
146,1,443,394,134,352,1,1,1
147,1,443,392,136,355,1,1,1
148,1,443,390,138,359,1,1,1
149,1,443,389,141,362,1,1,1
150,1,442,386,141,364,1,1,1
151,1,442,384,140,365,1,1,1
152,1,442,382,139,366,1,1,0.82143
153,1,444,382,141,369,1,1,0.8169
154,1,446,383,144,372,1,1,0.8069
155,1,448,384,146,374,1,1,0.80272
156,1,450,385,149,377,1,1,0.79333
157,1,452,386,152,380,1,1,0.79085
158,1,455,385,147,380,1,1,0.77703
159,1,458,385,142,380,1,1,0.76923
160,1,461,385,138,379,1,1,0.7554
161,1,464,385,133,379,1,1,0.63433
162,1,467,385,129,379,1,1,0.50769
163,1,468,384,138,383,1,1,0.41727
164,1,469,384,148,386,1,1,0.19463
165,1,470,384,158,390,1,1,0
166,1,473,383,158,391,1,1,0
167,1,476,383,159,392,1,1,0
168,1,479,382,159,393,1,1,0
169,1,482,382,160,394,1,1,0
170,1,482,381,160,395,1,1,0
171,1,482,380,161,396,1,1,0.00093292
172,1,482,380,161,397,1,1,0.0065141
173,1,482,379,162,398,1,1,0.015683
174,1,482,378,162,399,1,1,0.013113
175,1,483,378,162,400,1,1,0.0079862
176,1,489,378,162,400,1,1,0
177,1,495,378,163,401,1,1,0
178,1,501,378,163,402,1,1,0
179,1,507,378,164,402,1,1,0
180,1,513,378,164,403,1,1,0
181,1,520,378,164,404,1,1,0
182,1,523,377,164,405,1,1,0
183,1,526,377,165,405,1,1,0
184,1,529,376,165,406,1,1,0
185,1,532,376,166,406,1,1,0
186,1,532,375,167,407,1,1,0
187,1,533,375,167,408,1,1,0
188,1,533,375,168,408,1,1,0.0097221
189,1,534,375,168,409,1,1,0.23628
190,1,542,374,167,410,1,1,0.55486
191,1,550,373,167,411,1,1,0.54866
192,1,558,372,166,412,1,1,0.48836
193,1,566,372,166,412,1,1,0.25444
194,1,573,372,165,411,1,1,0.016274
195,1,580,372,165,411,1,1,0.0051468
196,1,587,372,164,410,1,1,0
197,1,594,372,164,410,1,1,0
198,1,601,372,163,409,1,1,0
199,1,608,372,162,409,1,1,0
200,1,615,372,161,408,1,1,0
201,1,622,372,160,408,1,1,0
202,1,629,372,159,407,1,1,0
203,1,636,372,159,407,1,1,0
204,1,643,372,158,406,1,1,0
205,1,650,372,158,406,1,1,0
206,1,657,372,157,406,1,1,0
207,1,664,372,157,406,1,1,0
208,1,671,372,156,406,1,1,0.24204
209,1,678,372,156,406,1,1,0.27213
210,1,687,370,161,406,1,1,0.22603
211,1,696,369,166,405,1,1,0.17442
212,1,705,368,171,404,1,1,0.12531
213,1,714,367,177,403,1,1,0.087301
214,1,719,367,170,404,1,1,0.059779
215,1,724,368,163,404,1,1,0.023969
216,1,729,369,156,404,1,1,0.009562
217,1,734,370,150,404,1,1,0.0080124
218,1,741,370,149,403,1,1,0.0087789
219,1,748,370,149,403,1,1,0.0066997
220,1,755,370,148,402,1,1,0.0044299
221,1,762,370,148,402,1,1,0.0023315
222,1,769,370,147,401,1,1,0
223,1,776,370,146,401,1,1,0
224,1,783,370,145,400,1,1,0
225,1,790,370,144,400,1,1,0
226,1,797,370,143,399,1,1,0
227,1,804,370,143,399,1,1,0
228,1,811,370,142,398,1,1,0
229,1,818,370,142,398,1,1,0
230,1,825,369,141,398,1,1,0
231,1,832,369,141,398,1,1,0
232,1,839,368,140,398,1,1,0
233,1,846,368,140,398,1,1,0
234,1,853,368,139,398,1,1,0
235,1,860,368,138,398,1,1,0
236,1,867,368,137,398,1,1,0
237,1,874,368,136,398,1,1,0
238,1,880,367,136,403,1,1,0
239,1,887,367,136,407,1,1,0
240,1,894,367,136,411,1,1,0
241,1,901,367,135,407,1,1,0
242,1,908,367,134,404,1,1,0
243,1,915,367,134,401,1,1,0
244,1,922,367,133,398,1,1,0
245,1,930,368,132,394,1,1,0
246,1,937,368,131,393,1,1,0.0023842
247,1,944,368,130,393,1,1,0.045802
248,1,951,368,129,392,1,1,0.069231
249,1,958,368,128,392,1,1,0.085271
250,1,964,368,128,391,1,1,0.10078
251,1,971,368,128,390,1,1,0.12403
252,1,977,368,128,389,1,1,0.13953
253,1,984,368,128,388,1,1,0.16279
254,1,990,368,128,387,1,1,0.17829
255,1,997,368,127,386,1,1,0.19531
256,1,1003,368,127,385,1,1,0.20312
257,1,1010,368,126,384,1,1,0.17323
258,1,1016,368,126,383,1,1,0.13386
259,1,1023,369,126,381,1,1,0.10236
260,1,1029,369,126,380,1,1,0.062992
261,1,1036,370,126,378,1,1,0
262,1,1042,370,126,377,1,1,0
263,1,1049,370,125,376,1,1,0
222,2,1123,434,98,222,1,1,0
223,2,1126,433,96,223,1,1,0
224,2,1130,433,94,223,1,1,0
225,2,1134,433,91,223,1,1,0
226,2,1138,432,89,224,1,1,0
227,2,1142,432,86,224,1,1,0
228,2,1146,432,84,225,1,1,0
229,2,1153,432,87,226,1,1,0
230,2,1160,432,91,228,1,1,0
231,2,1167,432,94,230,1,1,0
232,2,1174,432,98,232,1,1,0
233,2,1175,431,98,233,1,1,0
234,2,1176,431,98,233,1,1,0
235,2,1177,430,98,234,1,1,0.020202
236,2,1178,430,98,234,1,1,0
237,2,1179,430,98,234,1,1,0
238,2,1181,430,98,235,1,1,0
239,2,1182,430,98,235,1,1,0
240,2,1184,430,98,236,1,1,0
241,2,1185,429,98,237,1,1,0
242,2,1187,429,98,238,1,1,0
243,2,1188,428,98,239,1,1,0.030303
244,2,1190,428,98,240,1,1,0.070707
245,2,1191,428,98,240,1,1,0.12121
246,2,1193,428,98,240,1,1,0.16162
247,2,1194,428,98,240,1,1,0.13131
248,2,1196,428,98,240,1,1,0.020202
249,2,1197,428,98,240,1,1,0
250,2,1198,428,98,241,1,1,0
251,2,1199,428,98,241,1,1,0
252,2,1200,428,98,242,1,1,0.00054038
253,2,1201,427,98,243,1,1,0
254,2,1202,427,99,244,1,1,0
255,2,1203,426,99,245,1,1,0
256,2,1204,426,100,246,1,1,0
257,2,1204,426,100,247,1,1,0
258,2,1204,426,101,248,1,1,0
259,2,1204,426,101,249,1,1,0
260,2,1204,426,102,250,1,1,0
261,2,1204,425,102,252,1,1,0
262,2,1204,425,103,253,1,1,0
263,2,1204,424,103,255,1,1,0
62,7,198,471,96,233,1,1,0.7732
63,7,203,471,96,234,1,1,0.7732
64,7,209,472,95,234,1,1,0.77083
65,7,215,473,94,234,1,1,0.76842
66,7,221,474,94,235,1,1,0.76842
67,7,226,474,94,236,1,1,0.76842
68,7,232,475,93,236,1,1,0.76596
69,7,238,476,92,236,1,1,0.80645
70,7,244,477,92,237,1,1,0.87097
71,7,245,475,92,238,1,1,0.88172
72,7,246,474,93,239,1,1,0.89362
73,7,248,472,93,241,1,1,0.91489
74,7,249,471,93,241,1,1,0.92553
75,7,250,469,94,243,1,1,0.93684
76,7,252,468,94,244,1,1,0.95789
77,7,260,469,95,245,1,1,1
78,7,268,471,96,246,1,1,1
79,7,262,467,96,248,1,1,1
80,7,256,464,96,250,1,1,1
81,7,264,465,102,248,1,1,1
82,7,272,467,108,245,1,1,1
83,7,281,469,113,242,1,1,1
84,7,285,467,110,243,1,1,1
85,7,289,466,108,244,1,1,1
86,7,293,465,106,245,1,1,1
87,7,297,464,104,245,1,1,1
88,7,301,463,102,246,1,1,1
89,7,305,462,100,247,1,1,1
90,7,309,461,98,248,1,1,1
91,7,310,460,99,250,1,1,1
92,7,312,459,99,252,1,1,1
93,7,313,459,100,254,1,1,1
94,7,315,458,100,256,1,1,1
95,7,316,457,101,258,1,1,1
96,7,318,457,101,260,1,1,1
97,7,318,455,101,262,1,1,1
98,7,319,454,101,263,1,1,1
99,7,320,452,101,266,1,1,1
100,7,321,451,101,267,1,1,1
101,7,322,450,101,269,1,1,1
102,7,324,450,100,269,1,1,1
103,7,327,450,98,269,1,1,1
104,7,330,450,97,270,1,1,1
105,7,332,450,96,270,1,1,1
106,7,335,450,95,270,1,1,1
107,7,338,451,94,269,1,1,1
108,7,340,451,94,269,1,1,1
109,7,343,451,93,269,1,1,1
110,7,346,452,92,269,1,1,1
111,7,346,450,92,271,1,1,1
112,7,346,448,93,274,1,1,1
113,7,347,446,92,277,1,1,1
114,7,347,444,93,280,1,1,1
115,7,347,442,93,283,1,1,1
116,7,348,441,93,285,1,1,1
117,7,346,441,94,286,1,1,1
118,7,345,441,94,287,1,1,1
119,7,344,441,95,289,1,1,1
120,7,342,441,96,290,1,1,1
121,7,341,441,96,291,1,1,1
122,7,340,442,97,292,1,1,1
123,7,338,440,99,294,1,1,1
124,7,336,438,102,296,1,1,1
125,7,334,436,105,298,1,1,1
126,7,332,435,108,300,1,1,1
127,7,330,433,111,302,1,1,1
128,7,328,431,114,304,1,1,1
129,7,326,430,117,306,1,1,1
130,7,321,430,117,304,1,1,1
131,7,316,430,118,303,1,1,1
132,7,312,430,118,302,1,1,1
133,7,317,429,118,306,1,1,1
134,7,322,429,119,310,1,1,1
135,7,327,429,120,314,1,1,1
136,7,325,426,120,317,1,1,1
137,7,324,424,120,319,1,1,1
138,7,322,421,121,322,1,1,1
139,7,321,419,120,324,1,1,1
140,7,319,416,121,327,1,1,1
141,7,318,414,121,330,1,1,1
142,7,320,416,122,326,1,1,1
143,7,322,419,123,322,1,1,0.97581
144,7,324,422,124,318,1,1,0.952
145,7,319,420,124,326,1,1,1
146,7,314,418,124,334,1,1,1
147,7,310,417,124,342,1,1,1
148,7,308,415,125,344,1,1,1
149,7,306,414,127,346,1,1,0.71094
150,7,304,412,128,348,1,1,0.37984
151,7,302,411,130,350,1,1,0.061069
152,7,300,410,132,352,1,1,0
153,7,301,409,133,351,1,1,0
154,7,303,408,133,351,1,1,0
155,7,305,408,134,350,1,1,0
156,7,306,407,135,350,1,1,0
157,7,308,406,135,350,1,1,0
158,7,310,406,136,349,1,1,0
159,7,313,405,137,351,1,1,0
160,7,316,404,138,354,1,1,0
161,7,320,404,138,355,1,1,0
162,7,323,403,139,358,1,1,0
163,7,327,403,139,359,1,1,0
164,7,330,402,140,362,1,1,0
165,7,334,402,140,364,1,1,0
166,7,338,404,141,366,1,1,0
167,7,342,406,142,368,1,1,0
168,7,346,408,144,370,1,1,0
169,7,344,408,144,372,1,1,0.034483
170,7,342,409,145,374,1,1,0.10274
171,7,341,410,145,376,1,1,0.16438
172,7,344,409,145,379,1,1,0.19863
173,7,348,408,145,383,1,1,0.22603
174,7,351,407,145,387,1,1,0.39726
175,7,355,406,145,390,1,1,0.56849
176,7,358,405,145,394,1,1,0.74658
177,7,362,404,145,398,1,1,0.67123
178,7,366,404,145,401,1,1,0.46575
179,7,376,403,144,400,1,1,0.22069
180,7,386,402,144,399,1,1,0
181,7,396,401,144,398,1,1,0
182,7,406,400,144,397,1,1,0
183,7,416,399,144,396,1,1,0
184,7,426,398,144,396,1,1,0
185,7,429,398,143,397,1,1,0
186,7,433,398,141,398,1,1,0
187,7,436,398,140,399,1,1,0
188,7,440,398,138,400,1,1,0
189,7,444,398,137,402,1,1,0
190,7,454,396,135,406,1,1,0.13971
191,7,465,395,132,409,1,1,0.57143
192,7,475,394,130,412,1,1,0.89313
193,7,486,393,128,416,1,1,1
194,7,492,393,134,416,1,1,0.99259
195,7,499,394,139,415,1,1,0.63571
196,7,506,394,145,415,1,1,0.28767
197,7,513,395,150,414,1,1,0
198,7,520,396,156,413,1,1,0
199,7,529,395,157,411,1,1,0
200,7,538,395,159,409,1,1,0
201,7,548,395,160,407,1,1,0
202,7,557,394,161,406,1,1,0
203,7,566,394,163,404,1,1,0
204,7,576,394,164,402,1,1,0
205,7,590,391,158,406,1,1,0
206,7,605,389,151,410,1,1,0
207,7,620,387,144,414,1,1,0
208,7,635,385,137,418,1,1,0
209,7,638,385,155,417,1,1,0.34615
210,7,641,385,173,417,1,1,0.40805
211,7,645,385,190,416,1,1,0.28272
212,7,648,385,208,416,1,1,0.17703
213,7,652,386,226,415,1,1,0.23789
214,7,668,385,213,415,1,1,0.23364
215,7,684,385,201,414,1,1,0.22772
216,7,701,385,188,414,1,1,0.22222
217,7,717,384,176,414,1,1,0.24859
218,7,734,384,163,414,1,1,0.27439
219,7,750,384,151,413,1,1,0.21711
220,7,767,384,138,413,1,1,0.15108
221,7,774,384,157,411,1,1,0.1962
222,7,781,384,176,409,1,1,0.15254
223,7,788,384,195,407,1,1,0.18878
224,7,796,385,213,404,1,1,0.21495
225,7,802,386,208,402,1,1,0.14833
226,7,808,387,204,400,1,1,0.078049
227,7,814,388,200,398,1,1,0.0049751
228,7,820,390,196,395,1,1,0
229,7,826,391,192,393,1,1,0
230,7,832,392,188,391,1,1,0
231,7,838,394,184,388,1,1,0
232,7,857,393,170,385,1,1,0
233,7,877,392,156,383,1,1,0
234,7,897,391,142,381,1,1,0
235,7,900,392,147,381,1,1,0
236,7,903,393,152,382,1,1,0
237,7,906,394,157,383,1,1,0
238,7,910,395,161,384,1,1,0
239,7,918,395,161,381,1,1,0
240,7,926,396,162,377,1,1,0
241,7,935,396,161,375,1,1,0
242,7,943,397,162,371,1,1,0
243,7,952,398,162,368,1,1,0
244,7,961,398,160,366,1,1,0
245,7,970,399,159,364,1,1,0
246,7,979,399,157,362,1,1,0
247,7,988,400,156,360,1,1,0
248,7,997,400,154,358,1,1,0
249,7,1007,400,152,357,1,1,0
250,7,1016,400,150,355,1,1,0
251,7,1026,400,148,354,1,1,0
252,7,1035,400,146,353,1,1,0
253,7,1045,401,144,351,1,1,0
254,7,1054,401,142,350,1,1,0
255,7,1064,402,140,348,1,1,0
256,7,1073,402,138,346,1,1,0
257,7,1082,402,137,345,1,1,0
258,7,1091,402,135,343,1,1,0
259,7,1100,402,134,342,1,1,0
260,7,1106,402,134,341,1,1,0
261,7,1112,402,134,340,1,1,0
262,7,1118,402,134,339,1,1,0
263,7,1124,402,134,338,1,1,0
135,8,-188,263,250,696,1,1,0.24701
136,8,-166,264,257,691,1,1,0.35271
137,8,-144,266,265,686,1,1,0.45489
138,8,-122,267,272,682,1,1,0.54945
139,8,-100,269,280,677,1,1,0.64057
140,8,-78,271,288,672,1,1,0.72664
141,8,-64,271,278,673,1,1,0.76703
142,8,-50,272,268,673,1,1,0.81041
143,8,-36,272,258,674,1,1,0.85714
144,8,-21,273,248,674,1,1,0.91165
145,8,2,276,236,664,1,1,1
146,8,25,280,224,654,1,1,1
147,8,48,284,212,644,1,1,1
148,8,57,284,244,641,1,1,1
149,8,67,285,275,638,1,1,1
150,8,76,285,307,636,1,1,1
151,8,86,286,338,633,1,1,1
152,8,96,287,370,630,1,1,1
153,8,112,287,357,626,1,1,1
154,8,129,287,344,622,1,1,1
155,8,145,287,331,618,1,1,1
156,8,162,288,318,614,1,1,1
157,8,197,288,286,611,1,1,1
158,8,233,288,254,609,1,1,1
159,8,268,288,222,607,1,1,1
160,8,304,289,190,604,1,1,1
161,8,317,288,195,601,1,1,1
162,8,330,288,200,597,1,1,1
163,8,344,288,204,594,1,1,0.60311
164,8,354,295,234,591,1,1,1
165,8,364,302,265,588,1,1,1
166,8,374,309,296,586,1,1,1
167,8,396,309,279,580,1,1,0.93214
168,8,419,310,261,574,1,1,0.82824
169,8,442,311,243,568,1,1,0.70492
170,8,464,311,226,562,1,1,0.56828
171,8,487,312,208,556,1,1,0.4067
172,8,510,313,190,550,1,1,0.24607
173,8,533,314,172,544,1,1,0.0081137
174,8,547,312,176,544,1,1,0
175,8,561,310,180,544,1,1,0
176,8,575,309,184,544,1,1,0
177,8,589,307,188,544,1,1,0
178,8,603,305,192,544,1,1,0
179,8,618,304,196,544,1,1,0
180,8,635,305,196,541,1,1,0
181,8,653,306,195,538,1,1,0
182,8,670,307,195,535,1,1,0
183,8,688,308,194,532,1,1,0.010256
184,8,704,309,193,528,1,1,0.072165
185,8,720,310,192,525,1,1,0.12435
186,8,736,311,191,521,1,1,0.1875
187,8,752,312,190,518,1,1,0.078534
188,8,764,313,190,515,1,1,0
189,8,777,314,189,512,1,1,0
190,8,789,315,189,509,1,1,0
191,8,802,316,188,506,1,1,0
192,8,814,317,188,503,1,1,0
193,8,826,318,188,500,1,1,0
194,8,838,319,188,497,1,1,0
195,8,850,320,188,494,1,1,0
196,8,870,321,172,491,1,1,0
197,8,890,322,157,488,1,1,0
198,8,911,323,141,486,1,1,0.16901
199,8,919,325,163,481,1,1,0.45122
200,8,927,327,185,477,1,1,0.66667
201,8,935,329,207,473,1,1,0.83654
202,8,944,332,228,468,1,1,0.9607
203,8,951,332,220,466,1,1,1
204,8,959,332,211,464,1,1,1
205,8,967,333,203,461,1,1,1
206,8,975,333,194,459,1,1,1
207,8,983,334,186,456,1,1,1
208,8,1005,333,182,455,1,1,1
209,8,1027,333,179,453,1,1,1
210,8,1049,333,175,451,1,1,1
211,8,1071,333,172,450,1,1,1
212,8,1079,335,181,447,1,1,1
213,8,1087,337,190,445,1,1,1
214,8,1095,340,200,442,1,1,1
215,8,1102,342,196,440,1,1,1
216,8,1110,344,191,439,1,1,1
217,8,1118,346,186,438,1,1,1
218,8,1126,349,182,436,1,1,1
219,8,1133,348,177,434,1,1,1
220,8,1141,347,172,433,1,1,1
221,8,1149,347,167,431,1,1,1
222,8,1156,346,162,429,1,1,1
223,8,1164,345,157,428,1,1,1
224,8,1172,345,152,426,1,1,1
225,8,1175,345,151,423,1,1,1
226,8,1178,345,150,421,1,1,1
227,8,1182,346,148,418,1,1,1
228,8,1189,347,147,416,1,1,1
229,8,1197,348,145,414,1,1,1
230,8,1205,349,143,413,1,1,1
231,8,1213,350,141,411,1,1,1
232,8,1221,351,140,410,1,1,1
233,8,1232,351,139,408,1,1,1
234,8,1244,351,137,406,1,1,1
235,8,1256,352,136,404,1,1,1
236,8,1260,352,144,403,1,1,1
237,8,1264,352,152,402,1,1,1
238,8,1269,353,160,400,1,1,1
239,8,1273,353,161,398,1,1,1
240,8,1278,354,161,396,1,1,1
241,8,1283,354,161,394,1,1,1
242,8,1288,355,161,392,1,1,1
243,8,1293,355,161,390,1,1,1
244,8,1298,356,162,388,1,1,1
245,8,1302,356,152,388,1,1,1
246,8,1307,357,141,387,1,1,1
247,8,1312,358,130,386,1,1,1
248,8,1316,358,130,385,1,1,1
249,8,1321,359,129,383,1,1,1
250,8,1325,359,129,382,1,1,1
251,8,1330,360,128,380,1,1,1
252,8,1335,360,127,379,1,1,1
253,8,1340,361,127,378,1,1,1
254,8,1345,361,126,377,1,1,1
255,8,1350,362,126,376,1,1,1
256,8,1354,362,126,375,1,1,1
257,8,1359,363,125,373,1,1,1
258,8,1363,363,125,372,1,1,1
259,8,1368,364,124,370,1,1,1
260,8,1373,364,123,369,1,1,1
261,8,1378,365,122,367,1,1,1
262,8,1383,365,121,366,1,1,1
263,8,1388,366,120,364,1,1,1
144,10,-102,388,234,522,1,1,0
145,10,-91,388,247,524,1,1,0.0040323
146,10,-80,388,260,527,1,1,0.091954
147,10,-69,388,273,530,1,1,0.17153
148,10,-58,388,286,533,1,1,0.19512
149,10,-31,388,258,526,1,1,0.25483
150,10,-4,388,230,520,1,1,0.32468
151,10,24,388,202,514,1,1,0.30542
152,10,48,384,189,511,1,1,0.25263
153,10,72,380,176,509,1,1,0.22599
154,10,97,376,162,507,1,1,0.19632
155,10,104,377,185,505,1,1,0.22043
156,10,112,379,208,503,1,1,0.23923
157,10,119,381,231,501,1,1,0.33621
158,10,127,383,254,499,1,1,0.41569
159,10,134,385,277,497,1,1,0.48201
160,10,142,387,300,495,1,1,0.53821
161,10,174,389,268,493,1,1,0.5316
162,10,207,391,235,491,1,1,0.52119
163,10,240,394,202,488,1,1,0.51232
164,10,268,388,182,485,1,1,0.46995
165,10,297,382,161,482,1,1,0.41358
166,10,326,376,141,480,1,1,0.33803
167,10,333,379,156,478,1,1,0.40127
168,10,341,382,170,476,1,1,0.45614
169,10,349,385,185,474,1,1,0.5
170,10,357,389,199,471,1,1,0.535
171,10,365,392,214,469,1,1,0.56744
172,10,373,395,228,467,1,1,0.59825
173,10,381,399,243,465,1,1,0.65984
174,10,409,397,222,463,1,1,0.52915
175,10,438,396,200,460,1,1,0.36816
176,10,467,394,179,458,1,1,0.10556
177,10,496,393,157,455,1,1,0
178,10,525,392,136,453,1,1,0
179,10,527,393,155,450,1,1,0
180,10,530,394,174,447,1,1,0
181,10,533,395,192,444,1,1,0
182,10,535,396,212,441,1,1,0
183,10,538,397,230,438,1,1,0
184,10,541,399,249,435,1,1,0
185,10,565,399,227,430,1,1,0
186,10,590,399,205,425,1,1,0
187,10,615,399,183,420,1,1,0.17391
188,10,637,396,168,420,1,1,0.47337
189,10,659,393,153,421,1,1,0.48701
190,10,681,391,138,421,1,1,0.25899
191,10,687,391,148,419,1,1,0.09396
192,10,694,392,157,417,1,1,0
193,10,701,392,167,416,1,1,0
194,10,708,393,176,414,1,1,0
195,10,715,394,186,412,1,1,0
196,10,724,396,182,408,1,1,0
197,10,733,398,178,404,1,1,0
198,10,742,401,174,400,1,1,0
199,10,765,400,165,399,1,1,0
200,10,789,400,155,398,1,1,0
201,10,812,399,146,397,1,1,0
202,10,836,399,136,396,1,1,0
203,10,841,401,155,392,1,1,0.083333
204,10,846,403,174,388,1,1,0.21143
205,10,851,405,193,384,1,1,0.30928
206,10,857,408,211,379,1,1,0.39151
207,10,871,406,197,378,1,1,0.56566
208,10,885,405,183,377,1,1,0.65217
209,10,899,404,169,376,1,1,0.75294
210,10,913,403,155,375,1,1,0.87179
211,10,927,402,141,374,1,1,1
212,10,942,401,127,373,1,1,1
213,10,940,404,137,373,1,1,1
214,10,938,407,147,373,1,1,1
215,10,936,410,158,374,1,1,1
216,10,953,411,152,369,1,1,1
217,10,970,412,147,365,1,1,1
218,10,987,413,142,361,1,1,0.97203
219,10,999,412,137,358,1,1,0.97101
220,10,1011,412,133,355,1,1,0.97015
221,10,1023,412,129,351,1,1,0.96923
222,10,1035,412,125,348,1,1,0.96032
223,10,1048,412,120,345,1,1,0.95868
224,10,1053,413,124,343,1,1,0.952
225,10,1059,415,128,341,1,1,0.89922
226,10,1065,416,132,339,1,1,0.84962
227,10,1070,418,137,337,1,1,0.81159
228,10,1076,419,141,335,1,1,0.79577
229,10,1082,421,145,333,1,1,0.78767
230,10,1092,420,139,331,1,1,0.80714
231,10,1102,419,133,330,1,1,0.82836
232,10,1112,418,128,329,1,1,0.84496
233,10,1122,417,122,327,1,1,0.89431
234,10,1132,416,116,326,1,1,0.95726
235,10,1142,415,111,325,1,1,1
236,10,1148,416,111,324,1,1,1
237,10,1154,417,111,323,1,1,0.98214
238,10,1160,418,112,322,1,1,0.9646
239,10,1166,419,112,321,1,1,0.9469
240,10,1172,420,112,320,1,1,0.93805
241,10,1179,422,112,319,1,1,0.92035
242,10,1185,421,110,317,1,1,0.92793
243,10,1191,420,108,316,1,1,0.93578
244,10,1197,420,106,314,1,1,0.94393
245,10,1203,419,104,312,1,1,0.94286
246,10,1209,418,102,311,1,1,0.95146
247,10,1216,418,100,309,1,1,0.9505
248,10,1223,420,104,307,1,1,0.88571
249,10,1230,422,108,305,1,1,0.74312
250,10,1237,424,112,303,1,1,0.59292
251,10,1244,426,116,301,1,1,0.45299
252,10,1251,429,121,298,1,1,0.40164
253,10,1248,426,121,300,1,1,0.36066
254,10,1246,424,120,302,1,1,0.32231
255,10,1244,422,120,304,1,1,0.28099
256,10,1256,422,113,300,1,1,0.24561
257,10,1269,423,105,296,1,1,0.32075
258,10,1282,424,97,292,1,1,0.39796
259,10,1287,425,97,291,1,1,0.44898
260,10,1292,426,98,290,1,1,0.50505
261,10,1297,427,98,289,1,1,0.55556
262,10,1302,428,99,288,1,1,0.51
263,10,1307,429,99,287,1,1,0.47
186,11,-130,233,274,731,1,1,0
187,11,-109,234,260,729,1,1,0
188,11,-87,235,246,727,1,1,0.024291
189,11,-65,237,232,724,1,1,0.12876
190,11,-43,238,218,722,1,1,0.10959
191,11,-21,239,204,720,1,1,0
192,11,1,241,190,717,1,1,0
193,11,16,244,205,709,1,1,0
194,11,31,247,221,702,1,1,0
195,11,47,250,236,694,1,1,0
196,11,62,253,251,687,1,1,0
197,11,77,256,267,679,1,1,0
198,11,93,260,282,671,1,1,0
199,11,117,260,266,665,1,1,0
200,11,141,260,250,660,1,1,0.087649
201,11,166,260,234,655,1,1,0.46383
202,11,190,260,218,650,1,1,0.48858
203,11,215,260,202,645,1,1,0.48276
204,11,230,263,207,641,1,1,0.13942
205,11,246,267,211,637,1,1,0
206,11,262,270,215,634,1,1,0
207,11,278,274,219,630,1,1,0
208,11,294,278,224,626,1,1,0
209,11,301,278,239,623,1,1,0
210,11,309,278,254,620,1,1,0
211,11,316,279,270,616,1,1,0
212,11,324,279,285,613,1,1,0
213,11,332,280,300,609,1,1,0
214,11,366,281,272,606,1,1,0.13187
215,11,400,282,244,603,1,1,0.38776
216,11,434,284,216,600,1,1,0.49309
217,11,455,282,206,597,1,1,0.51208
218,11,477,280,195,594,1,1,0.53571
219,11,499,278,184,591,1,1,0.63784
220,11,506,281,200,587,1,1,0.67662
221,11,514,285,216,583,1,1,0.72811
222,11,522,288,231,580,1,1,0.65517
223,11,530,292,247,576,1,1,0.60887
224,11,546,291,235,573,1,1,0.63559
225,11,563,291,222,570,1,1,0.66816
226,11,580,291,209,567,1,1,0.72381
227,11,597,291,197,563,1,1,0.77778
228,11,614,291,184,560,1,1,0.83784
229,11,631,291,171,557,1,1,0.89535
230,11,648,291,159,554,1,1,0.95625
231,11,656,294,173,548,1,1,0.86207
232,11,664,297,188,543,1,1,0.74603
233,11,672,300,203,537,1,1,0.65196
234,11,680,303,217,532,1,1,0.57339
235,11,688,306,232,526,1,1,0.50276
236,11,696,309,247,521,1,1,0.49194
237,11,705,312,261,516,1,1,0.48473
238,11,712,311,254,515,1,1,0.51765
239,11,720,311,246,514,1,1,0.53036
240,11,728,311,238,513,1,1,0.54393
241,11,749,311,221,512,1,1,0.58108
242,11,770,311,204,512,1,1,0.58537
243,11,791,311,187,511,1,1,0.58511
244,11,812,312,170,510,1,1,0.59649
245,11,826,312,163,506,1,1,0.56182
246,11,840,312,157,502,1,1,0.50829
247,11,854,312,151,498,1,1,0.43107
248,11,868,312,145,495,1,1,0.34909
249,11,873,314,148,492,1,1,0.33961
250,11,879,316,151,490,1,1,0.33823
251,11,884,318,154,487,1,1,0.32258
252,11,890,320,157,485,1,1,0.32278
253,11,895,322,160,482,1,1,0.31056
254,11,901,324,163,480,1,1,0.2561
255,11,912,324,161,478,1,1,0.20988
256,11,923,324,160,476,1,1,0.1677
257,11,934,324,158,474,1,1,0.1232
258,11,946,324,156,473,1,1,0.084227
259,11,957,324,154,471,1,1,0.046856
260,11,968,324,153,469,1,1,0.014949
261,11,980,324,151,468,1,1,0.0085288
262,11,990,325,161,462,1,1,0.0061995
263,11,1001,326,171,457,1,1,0.0039098
206,12,-164,260,253,785,1,1,0.35039
207,12,-144,260,275,783,1,1,0.44203
208,12,-124,260,298,781,1,1,0.30769
209,12,-104,260,320,779,1,1,0.19315
210,12,-83,261,342,776,1,1,0.09621
211,12,-66,261,337,773,1,1,0.0088757
212,12,-48,262,332,769,1,1,0
213,12,-31,263,328,766,1,1,0
214,12,-13,263,322,763,1,1,0
215,12,4,264,318,759,1,1,0
216,12,22,265,313,756,1,1,0
217,12,53,268,327,748,1,1,0.1372
218,12,85,272,340,740,1,1,0.41349
219,12,117,276,353,731,1,1,0.66667
220,12,149,280,366,723,1,1,0.90463
221,12,161,281,367,717,1,1,1
222,12,173,283,368,711,1,1,1
223,12,185,285,369,705,1,1,1
224,12,197,287,370,699,1,1,1
225,12,210,289,370,693,1,1,1
226,12,254,287,335,688,1,1,1
227,12,298,285,301,684,1,1,1
228,12,342,283,267,679,1,1,1
229,12,387,282,232,674,1,1,1
230,12,402,286,240,668,1,1,1
231,12,417,290,249,662,1,1,1
232,12,433,294,257,656,1,1,1
233,12,448,298,266,650,1,1,1
234,12,463,302,275,644,1,1,1
235,12,479,307,283,638,1,1,1
236,12,490,305,276,634,1,1,1
237,12,502,303,268,630,1,1,1
238,12,514,302,260,626,1,1,1
239,12,549,304,235,616,1,1,1
240,12,584,306,210,606,1,1,1
241,12,619,309,186,596,1,1,1
242,12,625,310,202,594,1,1,1
243,12,632,311,218,592,1,1,1
244,12,638,312,234,590,1,1,1
245,12,645,313,250,588,1,1,1
246,12,651,314,266,586,1,1,1
247,12,658,315,282,584,1,1,1
248,12,665,317,298,581,1,1,1
249,12,694,317,277,579,1,1,1
250,12,723,318,256,576,1,1,1
251,12,753,318,235,574,1,1,1
252,12,782,319,214,571,1,1,1
253,12,812,320,193,569,1,1,1
254,12,824,321,198,565,1,1,1
255,12,836,323,203,560,1,1,1
256,12,849,324,207,557,1,1,1
257,12,861,326,212,552,1,1,1
258,12,874,328,216,548,1,1,1
259,12,891,328,214,544,1,1,1
260,12,908,328,212,540,1,1,1
261,12,925,328,210,536,1,1,1
262,12,942,328,208,532,1,1,1
263,12,958,328,200,528,1,1,1
213,13,-105,296,321,653,1,1,0
214,13,-78,297,310,652,1,1,0
215,13,-50,298,299,652,1,1,0
216,13,-23,299,289,652,1,1,0
217,13,5,301,278,651,1,1,0
218,13,33,302,266,651,1,1,0
219,13,60,303,256,651,1,1,0
220,13,88,304,245,651,1,1,0
221,13,116,306,234,650,1,1,0.19149
222,13,120,309,274,645,1,1,0.19273
223,13,125,313,314,640,1,1,0.19048
224,13,130,317,354,635,1,1,0.18873
225,13,145,313,343,630,1,1,0.18895
226,13,160,309,332,626,1,1,0.28228
227,13,175,306,321,620,1,1,0.38199
228,13,190,302,310,616,1,1,0.48875
229,13,205,299,300,611,1,1,0.60465
230,13,242,301,265,607,1,1,0.6015
231,13,279,303,230,603,1,1,0.5974
232,13,316,305,195,599,1,1,0.59694
233,13,354,308,160,594,1,1,0.58385
234,13,364,310,189,590,1,1,0.52105
235,13,374,313,218,586,1,1,0.47945
236,13,384,315,247,582,1,1,0.42742
237,13,394,318,277,578,1,1,0.38849
238,13,416,318,260,575,1,1,0.37548
239,13,438,319,244,571,1,1,0.45306
240,13,461,319,226,569,1,1,0.54185
241,13,483,320,210,565,1,1,0.64455
242,13,505,321,193,561,1,1,0.61856
243,13,528,321,176,559,1,1,0.58757
244,13,550,322,159,555,1,1,0.55
245,13,573,323,142,552,1,1,0.5035
246,13,579,324,179,547,1,1,0.4
247,13,585,325,217,543,1,1,0.33486
248,13,591,326,255,539,1,1,0.28906
249,13,602,327,251,535,1,1,0.36508
250,13,613,328,248,532,1,1,0.44177
251,13,624,329,244,529,1,1,0.52653
252,13,636,331,240,525,1,1,0.60581
253,13,656,332,225,522,1,1,0.69027
254,13,677,333,209,519,1,1,0.7
255,13,697,334,194,516,1,1,0.71282
256,13,718,335,178,513,1,1,0.73184
257,13,738,336,163,510,1,1,0.75
258,13,759,338,147,507,1,1,0.77703
259,13,772,339,154,504,1,1,0.76774
260,13,785,341,161,501,1,1,0.75926
261,13,798,343,168,498,1,1,0.75148
262,13,805,345,175,494,1,1,0.77841
263,13,813,348,182,490,1,1,0.79235
9,16,1775,436,76,187,1,1,0.064935
10,16,1778,437,76,186,1,1,0.12987
11,16,1782,438,76,186,1,1,0.19481
12,16,1786,439,75,185,1,1,0.22368
13,16,1790,440,75,185,1,1,0.19737
14,16,1794,441,74,184,1,1,0.2
15,16,1798,442,74,184,1,1,0.17333
16,16,1799,441,74,184,1,1,0.17333
17,16,1801,441,73,184,1,1,0.14865
18,16,1802,440,73,184,1,1,0.14865
19,16,1804,440,72,184,1,1,0.12329
20,16,1806,440,71,184,1,1,0.125
21,16,1808,440,71,184,1,1,0.11111
22,16,1810,440,70,184,1,1,0.11268
23,16,1812,440,70,184,1,1,0.12676
24,16,1813,440,70,183,1,1,0.11268
25,16,1815,440,69,183,1,1,0.12857
26,16,1816,440,69,182,1,1,0.11429
27,16,1818,440,68,182,1,1,0.057971
28,16,1820,440,67,182,1,1,0
29,16,1822,440,67,182,1,1,0
30,16,1824,440,66,182,1,1,0
31,16,1826,440,66,182,1,1,0
32,16,1827,440,66,182,1,1,0
33,16,1829,440,65,182,1,1,0
34,16,1830,440,65,182,1,1,0
35,16,1832,440,64,182,1,1,0
36,16,1834,439,63,182,1,1,0
37,16,1836,439,63,182,1,1,0
38,16,1838,438,62,182,1,1,0
39,16,1840,438,62,182,1,1,0
40,16,1841,438,62,182,1,1,0
41,16,1843,438,61,182,1,1,0
42,16,1844,438,61,182,1,1,0
43,16,1846,438,60,182,1,1,0
44,16,1848,438,59,181,1,1,0
45,16,1850,438,59,181,1,1,0
46,16,1852,438,58,180,1,1,0
47,16,1854,438,58,180,1,1,0
48,16,1855,438,58,180,1,1,0
49,16,1857,438,57,180,1,1,0
50,16,1858,438,57,180,1,1,0
51,16,1860,438,56,180,1,1,0
52,16,1862,438,55,180,1,1,0
53,16,1864,438,55,180,1,1,0
54,16,1866,438,54,180,1,1,0
55,16,1868,438,54,180,1,1,0
56,16,1869,437,57,180,1,1,0
57,16,1870,437,61,180,1,1,0
58,16,1871,437,64,180,1,1,0
59,16,1873,437,67,180,1,1,0
60,16,1875,437,67,180,1,1,0
61,16,1877,437,68,181,1,1,0
62,16,1879,437,68,182,1,1,0
63,16,1881,437,69,183,1,1,0
64,16,1882,437,69,182,1,1,0
65,16,1883,437,69,181,1,1,0
66,16,1885,437,68,181,1,1,0
67,16,1886,437,68,180,1,1,0
68,16,1888,437,67,180,1,1,0
69,16,1891,439,65,176,1,1,0
70,16,1894,442,63,172,1,1,0.015625
71,16,1897,445,61,168,1,1,0.064516
72,16,1896,443,61,171,1,1,0.1129
73,16,1896,442,60,173,1,1,0.14754
74,16,1895,440,60,176,1,1,0.19672
75,16,1895,439,59,178,1,1,0.23333
76,16,1894,437,59,181,1,1,0.28333
77,16,1894,436,58,184,1,1,0.33898
78,16,1898,439,58,178,1,1,0.37288
79,16,1902,442,58,172,1,1,0.32203
80,16,1906,445,58,166,1,1,0.25424
145,18,1215,415,109,238,1,1,0
146,18,1221,415,108,238,1,1,0
147,18,1227,416,108,238,1,1,0
148,18,1233,417,108,238,1,1,0
149,18,1240,418,107,238,1,1,0
150,18,1246,419,107,238,1,1,0
151,18,1252,420,107,238,1,1,0
152,18,1259,421,106,238,1,1,0
153,18,1261,421,106,237,1,1,0
154,18,1263,421,106,237,1,1,0
155,18,1265,421,106,237,1,1,0
156,18,1268,422,106,236,1,1,0
157,18,1273,422,105,236,1,1,0
158,18,1279,422,104,236,1,1,0
159,18,1284,422,103,236,1,1,0
160,18,1290,422,102,236,1,1,0
161,18,1295,422,102,236,1,1,0
162,18,1300,422,102,236,1,1,0
163,18,1305,422,102,236,1,1,0
164,18,1310,422,102,236,1,1,0
165,18,1315,422,101,236,1,1,0
166,18,1321,422,100,236,1,1,0
167,18,1326,422,99,236,1,1,0
168,18,1332,422,98,236,1,1,0.010229
169,18,1337,422,98,236,1,1,0.025572
170,18,1342,422,98,236,1,1,0.039893
171,18,1347,422,98,236,1,1,0.054213
172,18,1352,422,98,236,1,1,0.0771
173,18,1361,423,103,235,1,1,0.14134
174,18,1370,424,108,234,1,1,0.14269
175,18,1380,425,112,234,1,1,0.20373
176,18,1382,424,109,234,1,1,0.187
177,18,1385,423,105,234,1,1,0.17017
178,18,1388,423,101,234,1,1,0.13492
179,18,1391,422,97,234,1,1,0.12245
180,18,1394,422,94,234,1,1,0.10988
181,18,1399,422,93,234,1,1,0.12974
182,18,1405,422,92,234,1,1,0.16596
183,18,1410,422,91,234,1,1,0.19704
184,18,1416,422,90,234,1,1,0.23545
185,18,1421,422,90,234,1,1,0.26603
186,18,1426,422,90,234,1,1,0.30362
187,18,1431,422,90,234,1,1,0.34459
188,18,1436,422,90,234,1,1,0.37246
189,18,1438,422,96,234,1,1,0.42093
190,18,1440,423,103,234,1,1,0.46408
191,18,1442,424,110,233,1,1,0.49573
192,18,1444,425,116,233,1,1,0.52546
193,18,1446,426,123,232,1,1,0.55033
194,18,1448,427,130,232,1,1,0.57245
195,18,1456,426,122,232,1,1,0.59357
196,18,1465,425,114,233,1,1,0.62542
197,18,1474,424,106,233,1,1,0.66155
198,18,1482,423,98,234,1,1,0.69327
199,18,1491,422,90,234,1,1,0.74047
200,18,1500,422,82,234,1,1,0.79513
201,18,1505,422,82,233,1,1,0.82932
202,18,1511,422,82,233,1,1,0.87483
203,18,1516,422,82,232,1,1,0.90858
204,18,1522,422,82,232,1,1,0.95408
205,18,1524,423,89,232,1,1,0.95727
206,18,1526,424,97,232,1,1,0.96041
207,18,1529,425,103,232,1,1,0.96236
208,18,1531,426,111,232,1,1,0.96475
209,18,1534,427,118,232,1,1,0.9749
210,18,1542,425,109,231,1,1,1
211,18,1550,423,101,230,1,1,1
212,18,1558,421,93,229,1,1,1
213,18,1567,421,93,229,1,1,1
214,18,1576,422,93,229,1,1,1
215,18,1585,422,93,229,1,1,1
216,18,1594,423,93,229,1,1,1
217,18,1596,423,100,228,1,1,1
218,18,1599,423,107,228,1,1,1
219,18,1602,423,114,227,1,1,1
220,18,1605,423,121,227,1,1,1
221,18,1608,423,128,226,1,1,1
222,18,1611,423,135,226,1,1,1
223,18,1614,423,142,226,1,1,1
224,18,1623,422,131,226,1,1,1
225,18,1633,422,119,226,1,1,1
226,18,1642,422,108,226,1,1,1
227,18,1652,422,96,226,1,1,1
228,18,1662,422,84,226,1,1,1
229,18,1670,421,85,226,1,1,1
230,18,1679,421,85,226,1,1,1
231,18,1688,421,85,226,1,1,1
232,18,1692,421,85,225,1,1,1
233,18,1696,421,85,225,1,1,1
234,18,1700,421,85,225,1,1,1
235,18,1704,421,85,225,1,1,1
236,18,1708,422,86,224,1,1,1
237,18,1714,422,86,223,1,1,1
238,18,1720,422,86,223,1,1,1
239,18,1726,422,86,222,1,1,1
240,18,1732,422,86,222,1,1,1
241,18,1738,422,86,222,1,1,1
242,18,1744,423,86,221,1,1,1
243,18,1750,423,86,221,1,1,1
244,18,1756,424,86,220,1,1,1
245,18,1759,424,86,219,1,1,1
246,18,1762,424,86,219,1,1,1
247,18,1765,424,86,218,1,1,1
248,18,1768,424,86,218,1,1,1
249,18,1771,423,96,217,1,1,1
250,18,1774,423,107,215,1,1,1
251,18,1778,423,117,214,1,1,1
252,18,1782,422,113,215,1,1,1
253,18,1787,422,109,215,1,1,1
254,18,1792,422,104,216,1,1,1
255,18,1797,421,100,217,1,1,1
256,18,1802,421,95,218,1,1,1
257,18,1807,421,91,218,1,1,1
258,18,1812,421,87,219,1,1,1
259,18,1817,421,88,218,1,1,1
260,18,1822,422,89,217,1,1,1
261,18,1827,423,90,216,1,1,1
262,18,1827,423,90,216,1,1,1
263,18,1827,423,90,216,1,1,1
1,19,1686,387,171,345,1,1,1
2,19,1685,386,170,347,1,1,1
3,19,1684,386,170,348,1,1,1
4,19,1683,385,169,351,1,1,1
5,19,1683,385,168,352,1,1,1
6,19,1682,384,168,354,1,1,1
7,19,1681,384,167,356,1,1,1
8,19,1680,383,167,358,1,1,1
9,19,1680,383,166,360,1,1,1
10,19,1677,382,167,362,1,1,1
11,19,1675,382,168,364,1,1,1
12,19,1673,381,168,366,1,1,1
13,19,1671,381,169,368,1,1,1
14,19,1668,380,170,370,1,1,1
15,19,1666,380,171,372,1,1,1
16,19,1664,379,171,374,1,1,1
17,19,1662,379,172,376,1,1,1
18,19,1657,378,175,378,1,1,1
19,19,1652,378,179,379,1,1,1
20,19,1647,378,182,380,1,1,1
21,19,1642,378,186,382,1,1,1
22,19,1640,377,185,384,1,1,1
23,19,1639,376,183,386,1,1,1
24,19,1637,375,183,388,1,1,1
25,19,1636,374,181,390,1,1,1
26,19,1634,373,181,392,1,1,1
27,19,1633,372,179,394,1,1,1
28,19,1631,371,179,396,1,1,1
29,19,1630,371,177,398,1,1,1
30,19,1628,370,177,400,1,1,1
31,19,1627,369,175,402,1,1,1
32,19,1625,368,175,404,1,1,1
33,19,1624,367,173,406,1,1,1
34,19,1622,366,173,408,1,1,1
35,19,1621,365,171,410,1,1,1
36,19,1620,365,170,412,1,1,1
37,19,1617,364,171,414,1,1,1
38,19,1614,363,173,416,1,1,1
39,19,1612,363,174,417,1,1,1
40,19,1609,362,176,420,1,1,1
41,19,1606,361,177,422,1,1,1
42,19,1604,361,178,423,1,1,1
43,19,1601,360,180,425,1,1,1
44,19,1598,360,182,427,1,1,1
45,19,1596,359,183,429,1,1,1
46,19,1593,358,184,431,1,1,1
47,19,1590,358,186,433,1,1,1
48,19,1588,357,187,435,1,1,1
49,19,1585,357,189,436,1,1,1
50,19,1582,356,190,438,1,1,1
51,19,1580,355,191,441,1,1,1
52,19,1577,355,193,442,1,1,1
53,19,1574,354,195,444,1,1,0.9949
54,19,1572,354,196,446,1,1,0.98985
55,19,1565,353,197,448,1,1,1
56,19,1558,352,199,450,1,1,1
57,19,1551,351,200,452,1,1,1
58,19,1544,350,202,454,1,1,1
59,19,1537,349,203,456,1,1,1
60,19,1530,348,205,458,1,1,1
61,19,1523,347,206,460,1,1,1
62,19,1516,346,208,462,1,1,1
63,19,1509,345,210,464,1,1,1
64,19,1509,345,207,465,1,1,1
65,19,1509,345,205,466,1,1,1
66,19,1509,345,203,468,1,1,1
67,19,1509,345,201,469,1,1,1
68,19,1509,345,199,471,1,1,1
69,19,1509,345,197,472,1,1,1
70,19,1509,345,195,474,1,1,1
71,19,1509,345,193,475,1,1,1
72,19,1510,346,190,476,1,1,1
73,19,1502,344,195,478,1,1,1
74,19,1495,342,200,480,1,1,1
75,19,1488,340,205,483,1,1,1
76,19,1480,338,211,485,1,1,1
77,19,1473,336,215,488,1,1,1
78,19,1466,334,220,490,1,1,1
79,19,1458,332,226,493,1,1,1
80,19,1451,330,231,495,1,1,1
81,19,1444,328,236,498,1,1,1
82,19,1437,327,238,502,1,1,1
83,19,1431,326,239,507,1,1,1
84,19,1425,326,241,511,1,1,1
85,19,1419,325,242,516,1,1,1
86,19,1412,324,244,520,1,1,1
87,19,1406,324,246,524,1,1,1
88,19,1400,323,247,529,1,1,1
89,19,1394,322,248,534,1,1,1
90,19,1388,322,250,538,1,1,1
91,19,1386,320,246,543,1,1,1
92,19,1384,319,242,547,1,1,1
93,19,1383,318,238,551,1,1,1
94,19,1381,316,234,556,1,1,1
95,19,1379,315,230,560,1,1,1
96,19,1378,314,226,564,1,1,1
97,19,1376,312,222,569,1,1,1
98,19,1374,311,218,573,1,1,1
99,19,1373,310,214,578,1,1,1
100,19,1366,308,216,582,1,1,1
101,19,1359,307,219,585,1,1,1
102,19,1352,306,221,588,1,1,1
103,19,1345,304,224,592,1,1,1
104,19,1338,303,227,596,1,1,1
105,19,1332,302,228,599,1,1,1
106,19,1325,300,231,603,1,1,1
107,19,1318,299,233,606,1,1,1
108,19,1311,298,236,610,1,1,1
109,19,1304,296,239,614,1,1,1
110,19,1297,295,241,617,1,1,1
111,19,1291,294,243,620,1,1,1
112,19,1284,292,245,624,1,1,1
113,19,1277,291,248,628,1,1,1
114,19,1270,290,251,631,1,1,1
115,19,1263,288,253,635,1,1,1
116,19,1256,287,256,638,1,1,1
117,19,1250,286,258,642,1,1,0.99614
118,19,1233,283,265,648,1,1,1
119,19,1217,281,271,654,1,1,1
120,19,1201,279,277,659,1,1,1
121,19,1185,277,283,665,1,1,1
122,19,1169,275,289,670,1,1,1
123,19,1153,273,296,676,1,1,1
124,19,1148,272,293,681,1,1,1
125,19,1144,272,289,686,1,1,1
126,19,1139,272,287,691,1,1,1
127,19,1135,271,283,697,1,1,1
128,19,1130,271,281,701,1,1,1
129,19,1126,271,277,706,1,1,1
130,19,1121,270,275,712,1,1,1
131,19,1117,270,271,717,1,1,1
132,19,1113,270,268,722,1,1,1
133,19,1099,266,274,728,1,1,1
134,19,1085,262,281,734,1,1,1
135,19,1072,258,286,740,1,1,1
136,19,1058,254,293,746,1,1,1
137,19,1044,251,299,751,1,1,1
138,19,1031,247,305,757,1,1,1
139,19,1017,243,311,763,1,1,1
140,19,1003,239,318,769,1,1,1
141,19,990,236,324,774,1,1,1
142,19,978,234,327,783,1,1,1
143,19,967,232,329,792,1,1,0.95758
144,19,956,231,332,800,1,1,0.95796
145,19,946,230,335,808,1,1,0.95536
146,19,937,230,337,816,1,1,0.95266
147,19,927,229,340,824,1,1,0.95015
148,19,918,229,342,832,1,1,0.94752
149,19,908,228,345,840,1,1,0.94509
150,19,899,228,347,848,1,1,0.94253
151,19,889,227,350,856,1,1,0.93972
152,19,880,227,352,864,1,1,0.92016
153,19,868,223,351,873,1,1,0.98169
154,19,857,220,349,882,1,1,0.97508
155,19,845,217,348,891,1,1,0.96861
156,19,834,214,347,900,1,1,0.96226
157,19,822,211,346,909,1,1,0.95604
158,19,811,208,344,918,1,1,0.94995
159,19,799,205,344,927,1,1,0.94397
160,19,788,202,342,936,1,1,0.9381
161,19,776,199,341,945,1,1,0.93235
162,19,765,196,340,954,1,1,0.9267
163,19,743,190,347,964,1,1,0.92332
164,19,722,184,353,974,1,1,0.92
165,19,700,179,360,983,1,1,0.91667
166,19,679,173,366,993,1,1,0.91348
167,19,657,168,373,1002,1,1,0.91027
168,19,636,162,379,1012,1,1,0.90721
169,19,614,157,386,1021,1,1,0.90411
170,19,593,151,392,1031,1,1,0.90116
171,19,572,146,398,1040,1,1,0.89817
172,19,557,142,397,1049,1,1,0.89429
173,19,542,139,396,1058,1,1,0.88952
174,19,527,136,395,1067,1,1,0.88483
175,19,512,133,394,1076,1,1,0.88022
176,19,486,132,416,1085,1,1,0.87385
177,19,460,132,438,1093,1,1,0.86746
178,19,434,132,461,1101,1,1,0.86116
179,19,408,132,483,1109,1,1,0.85495
180,19,382,132,505,1117,1,1,0.84884
181,19,356,132,528,1126,1,1,0.84206
182,19,334,126,522,1135,1,1,0.84067
183,19,312,121,517,1143,1,1,0.83916
184,19,290,116,511,1152,1,1,0.83695
185,19,268,110,506,1161,1,1,0.83563
186,19,246,105,500,1169,1,1,0.83419
187,19,225,100,494,1178,1,1,0.83206
188,19,158,95,511,1187,1,1,0.82997
189,19,92,91,528,1196,1,1,0.82707
190,19,25,86,545,1205,1,1,0.82504
191,19,-41,82,562,1214,1,1,0.76088
192,19,-82,80,570,1221,1,1,0.70008
193,19,-123,79,579,1228,1,1,0.64099
194,19,-164,77,588,1235,1,1,0.58474
195,19,-205,76,597,1242,1,1,0.53
196,19,-245,74,605,1249,1,1,0.47857
197,19,-286,73,613,1256,1,1,0.42708
198,19,-327,71,622,1263,1,1,0.37836
199,19,-368,70,631,1270,1,1,0.33101
200,19,-409,68,640,1277,1,1,0.28565
1,20,1886,327,156,404,1,1,0.22293
2,20,1883,326,157,406,1,1,0.24051
3,20,1881,325,157,408,1,1,0.25316
4,20,1878,325,158,410,1,1,0.27044
5,20,1876,324,158,412,1,1,0.28302
6,20,1873,324,159,413,1,1,0.3
7,20,1871,323,159,416,1,1,0.3125
8,20,1868,323,160,417,1,1,0.32919
9,20,1866,322,160,419,1,1,0.34161
10,20,1863,322,161,421,1,1,0.35802
11,20,1861,321,161,423,1,1,0.37037
12,20,1859,320,161,425,1,1,0.38272
13,20,1856,320,162,427,1,1,0.39877
14,20,1854,319,162,429,1,1,0.41104
15,20,1851,319,163,430,1,1,0.42683
16,20,1849,318,163,433,1,1,0.43902
17,20,1846,318,164,434,1,1,0.45455
18,20,1844,317,164,436,1,1,0.46667
19,20,1841,317,165,438,1,1,0.48193
20,20,1839,316,165,440,1,1,0.49398
21,20,1837,316,165,442,1,1,0.50602
22,20,1834,315,166,444,1,1,0.52096
23,20,1832,314,166,446,1,1,0.53293
24,20,1829,314,167,448,1,1,0.54762
25,20,1827,313,167,450,1,1,0.55952
26,20,1824,313,168,451,1,1,0.57396
27,20,1822,312,168,454,1,1,0.5858
28,20,1819,312,169,455,1,1,0.6
29,20,1817,311,169,457,1,1,0.61176
30,20,1814,311,170,459,1,1,0.62573
31,20,1812,310,170,461,1,1,0.63743
32,20,1810,309,170,463,1,1,0.64912
33,20,1807,309,171,465,1,1,0.66279
34,20,1805,308,171,467,1,1,0.67442
35,20,1802,308,172,468,1,1,0.68786
36,20,1800,307,172,471,1,1,0.69942
37,20,1797,307,173,472,1,1,0.71264
38,20,1795,306,173,474,1,1,0.72414
39,20,1792,306,174,476,1,1,0.73714
40,20,1790,305,174,478,1,1,0.74857
41,20,1788,305,174,480,1,1,0.76
42,20,1786,303,175,483,1,1,0.76705
43,20,1785,301,176,486,1,1,0.76836
44,20,1783,300,178,488,1,1,0.77095
45,20,1782,298,179,491,1,1,0.77222
46,20,1781,297,180,494,1,1,0.77348
47,20,1779,295,181,497,1,1,0.78022
48,20,1778,293,182,500,1,1,0.78142
49,20,1776,292,184,502,1,1,0.78378
50,20,1775,290,185,505,1,1,0.78495
51,20,1774,289,186,508,1,1,0.7861
52,20,1771,288,187,511,1,1,0.79787
53,20,1769,288,188,513,1,1,0.80423
54,20,1767,287,189,516,1,1,0.81053
55,20,1764,287,190,518,1,1,0.82199
56,20,1762,287,191,521,1,1,0.82812
57,20,1760,286,192,524,1,1,0.8342
58,20,1757,286,193,526,1,1,0.84536
59,20,1755,285,194,529,1,1,0.85128
60,20,1753,285,195,531,1,1,0.85714
61,20,1751,285,196,534,1,1,0.86294
62,20,1747,283,196,537,1,1,0.88325
63,20,1743,282,197,539,1,1,0.89899
64,20,1739,280,198,542,1,1,0.91457
65,20,1735,279,199,544,1,1,0.93
66,20,1731,277,200,548,1,1,0.94527
67,20,1727,276,201,550,1,1,0.9604
68,20,1723,274,202,553,1,1,0.97537
69,20,1719,273,203,555,1,1,0.9902
70,20,1715,272,204,558,1,1,1
71,20,1712,270,204,561,1,1,1
72,20,1709,269,204,564,1,1,1
73,20,1706,267,205,568,1,1,1
74,20,1703,266,205,571,1,1,1
75,20,1700,264,206,575,1,1,1
76,20,1697,263,206,578,1,1,1
77,20,1694,261,206,582,1,1,1
78,20,1692,260,206,584,1,1,1
79,20,1689,258,206,588,1,1,1
80,20,1686,257,207,591,1,1,1
81,20,1683,255,207,595,1,1,1
82,20,1680,254,207,598,1,1,1
83,20,1677,252,208,602,1,1,1
84,20,1674,251,208,605,1,1,1
85,20,1672,250,208,608,1,1,1
86,20,1672,248,211,612,1,1,1
87,20,1672,246,215,616,1,1,1
88,20,1673,245,218,620,1,1,1
89,20,1666,243,222,624,1,1,1
90,20,1659,242,226,627,1,1,1
91,20,1652,241,230,631,1,1,1
92,20,1645,239,234,635,1,1,1
93,20,1638,238,238,638,1,1,1
94,20,1632,237,242,642,1,1,1
95,20,1626,235,243,646,1,1,1
96,20,1621,234,243,649,1,1,1
97,20,1615,233,244,652,1,1,1
98,20,1610,231,244,656,1,1,1
99,20,1604,230,245,659,1,1,1
100,20,1599,229,245,662,1,1,1
101,20,1594,228,246,666,1,1,1
102,20,1590,224,243,670,1,1,1
103,20,1586,220,240,675,1,1,1
104,20,1582,216,238,680,1,1,1
105,20,1576,216,238,684,1,1,1
106,20,1571,216,237,688,1,1,1
107,20,1565,216,237,692,1,1,1
108,20,1560,216,236,696,1,1,1
109,20,1555,216,235,700,1,1,1
110,20,1549,216,235,704,1,1,1
111,20,1544,216,234,708,1,1,1
112,20,1539,216,233,712,1,1,1
113,20,1533,216,233,716,1,1,1
114,20,1528,216,232,720,1,1,1
115,20,1523,216,232,724,1,1,1
116,20,1515,212,236,730,1,1,1
117,20,1508,208,240,736,1,1,1
118,20,1500,204,245,742,1,1,1
119,20,1493,200,248,748,1,1,1
120,20,1485,196,253,754,1,1,1
121,20,1478,192,257,760,1,1,1
122,20,1470,189,261,766,1,1,1
123,20,1463,185,265,772,1,1,1
124,20,1455,181,270,778,1,1,1
125,20,1448,177,273,784,1,1,1
126,20,1440,173,278,790,1,1,1
127,20,1433,169,282,796,1,1,1
128,20,1426,166,286,802,1,1,1
129,20,1416,163,287,808,1,1,1
130,20,1406,161,288,813,1,1,1
131,20,1396,158,289,819,1,1,1
132,20,1386,156,291,824,1,1,1
133,20,1377,153,291,830,1,1,1
134,20,1367,151,292,835,1,1,1
135,20,1357,148,294,841,1,1,0.99411
136,20,1347,146,295,846,1,1,0.98526
137,20,1338,143,295,852,1,1,0.9823
138,20,1328,141,297,857,1,1,0.97353
139,20,1318,138,298,863,1,1,0.96768
140,20,1308,136,299,868,1,1,0.95886
141,20,1299,134,300,874,1,1,0.95304
142,20,1291,132,302,884,1,1,0.9562
143,20,1283,130,305,894,1,1,0.95946
144,20,1275,128,307,904,1,1,1
145,20,1267,126,310,914,1,1,1
146,20,1259,124,312,924,1,1,1
147,20,1251,122,315,934,1,1,1
148,20,1243,120,317,944,1,1,1
149,20,1235,118,320,954,1,1,1
150,20,1227,116,322,964,1,1,1
151,20,1220,115,324,974,1,1,0.99077
152,20,1209,109,328,982,1,1,0.92543
153,20,1199,103,332,991,1,1,0.93134
154,20,1188,97,337,999,1,1,0.9356
155,20,1178,91,341,1008,1,1,0.94111
156,20,1167,85,346,1016,1,1,0.9425
157,20,1157,80,350,1024,1,1,0.94757
158,20,1146,74,355,1032,1,1,0.95109
159,20,1136,68,359,1041,1,1,0.95349
160,20,1125,62,364,1049,1,1,0.95671
161,20,1115,56,368,1058,1,1,0.96112
162,20,1105,51,372,1066,1,1,0.9631
163,20,1091,46,376,1074,1,1,0.96279
164,20,1077,42,381,1082,1,1,0.95937
165,20,1063,38,385,1090,1,1,0.956
166,20,1049,33,390,1099,1,1,0.95273
167,20,1035,29,394,1107,1,1,0.94946
168,20,1021,25,399,1115,1,1,0.94624
169,20,1007,20,403,1124,1,1,0.94311
170,20,993,16,408,1132,1,1,0.93998
171,20,980,12,412,1140,1,1,0.9369
172,20,969,7,410,1148,1,1,0.93473
173,20,958,2,409,1157,1,1,0.93178
174,20,947,-3,407,1166,1,1,0.92545
175,20,936,-8,406,1174,1,1,0.91915
176,20,925,-13,404,1183,1,1,0.91216
177,20,914,-18,403,1192,1,1,0.90528
178,20,903,-23,401,1200,1,1,0.89925
179,20,892,-28,400,1209,1,1,0.89256
180,20,882,-33,398,1218,1,1,0.87427
181,20,865,-38,404,1226,1,1,0.842
182,20,849,-43,409,1235,1,1,0.85871
183,20,832,-47,415,1243,1,1,0.86817
184,20,816,-52,420,1252,1,1,0.86193
185,20,799,-56,426,1260,1,1,0.85646
186,20,783,-61,431,1269,1,1,0.85039
187,20,767,-66,436,1278,1,1,0.84441
188,20,750,-70,442,1286,1,1,0.83916
189,20,734,-75,447,1295,1,1,0.83333
190,20,717,-79,453,1303,1,1,0.82822
191,20,701,-84,458,1312,1,1,0.82254
192,20,685,-88,464,1320,1,1,0.81756
193,20,655,-93,473,1329,1,1,0.81203
194,20,626,-98,482,1338,1,1,0.80657
195,20,596,-102,492,1347,1,1,0.80119
196,20,567,-107,501,1356,1,1,0.79587
197,20,537,-111,511,1364,1,1,0.79121
198,20,508,-116,520,1374,1,1,0.78545
199,20,478,-120,530,1382,1,1,0.78091
200,20,449,-125,539,1391,1,1,0.77586
201,20,420,-129,548,1400,1,1,0.77088
202,20,366,-131,586,1409,1,1,0.76596
203,20,313,-133,624,1418,1,1,0.7611
204,20,259,-134,662,1426,1,1,0.75683
205,20,206,-136,700,1435,1,1,0.75209
206,20,153,-137,738,1444,1,1,0.7474
207,20,123,-143,717,1452,1,1,0.74329
208,20,93,-149,696,1461,1,1,0.73871
209,20,63,-155,676,1470,1,1,0.73419
210,20,34,-161,654,1479,1,1,0.72973
211,20,4,-167,634,1488,1,1,0.72532
212,20,-26,-173,613,1497,1,1,0.68926
213,20,-55,-179,592,1506,1,1,0.64898
214,20,-108,-185,594,1515,1,1,0.58189
215,20,-161,-191,597,1524,1,1,0.51634
216,20,-214,-197,599,1533,1,1,0.45176
217,20,-267,-202,602,1541,1,1,0.38911
218,20,-320,-208,604,1550,1,1,0.32687
219,20,-373,-214,607,1559,1,1,0.26645
220,20,-426,-220,609,1568,1,1,0.2065
1,21,1253,533,63,129,1,1,1
2,21,1256,534,62,127,1,1,0.5873
3,21,1259,535,61,125,1,1,0.58065
4,21,1262,536,60,124,1,1,0.57377
5,21,1265,537,59,122,1,1,0.55
6,21,1269,538,57,121,1,1,0.53448
7,21,1270,538,56,122,1,1,0.5614
8,21,1271,538,56,123,1,1,0.5614
9,21,1272,538,55,124,1,1,1
10,21,1273,538,55,125,1,1,1
11,21,1275,538,54,126,1,1,1
12,21,1278,537,53,127,1,1,1
13,21,1281,537,53,127,1,1,1
14,21,1284,536,53,128,1,1,1
15,21,1287,536,53,128,1,1,1
16,21,1291,536,52,129,1,1,1
17,21,1292,535,52,129,1,1,1
18,21,1293,535,52,129,1,1,1
19,21,1294,535,52,129,1,1,1
20,21,1295,535,52,129,1,1,1
21,21,1296,535,52,129,1,1,1
22,21,1297,535,52,129,1,1,1
23,21,1299,535,52,129,1,1,1
24,21,1300,535,52,129,1,1,1
25,21,1301,535,52,129,1,1,1
26,21,1302,534,52,130,1,1,1
27,21,1303,534,52,130,1,1,1
28,21,1304,534,52,130,1,1,1
29,21,1306,534,52,130,1,1,1
30,21,1307,534,52,130,1,1,1
31,21,1308,534,52,130,1,1,0.45283
32,21,1309,534,52,130,1,1,0.43396
33,21,1310,534,52,130,1,1,0.43396
34,21,1311,534,52,130,1,1,0.41509
35,21,1313,534,52,130,1,1,0.39623
36,21,1313,534,51,129,1,1,0.40385
37,21,1313,534,51,129,1,1,0.42308
38,21,1313,534,51,129,1,1,0.42308
39,21,1313,534,51,129,1,1,0.44231
40,21,1313,534,51,129,1,1,0.44231
41,21,1313,534,51,129,1,1,0.46154
42,21,1313,534,51,129,1,1,0.46154
43,21,1313,534,51,129,1,1,0.48077
44,21,1313,534,51,129,1,1,0.48077
45,21,1313,534,51,129,1,1,0.5
46,21,1313,534,51,129,1,1,0.5
47,21,1313,534,51,129,1,1,0.51923
48,21,1313,534,51,129,1,1,0.51923
49,21,1313,534,51,129,1,1,0.53846
50,21,1313,534,51,129,1,1,0.53846
51,21,1313,534,51,129,1,1,0.55769
52,21,1313,534,51,129,1,1,0.53846
53,21,1313,534,51,129,1,1,0.53846
54,21,1313,534,51,129,1,1,0.53846
55,21,1313,534,51,129,1,1,0.53846
56,21,1313,534,51,129,1,1,0.53846
57,21,1313,534,51,129,1,1,0.53846
58,21,1313,534,50,128,1,1,0.54902
59,21,1313,534,50,128,1,1,0.54902
60,21,1313,534,50,128,1,1,0.54902
61,21,1313,534,50,128,1,1,0.54902
62,21,1313,534,50,128,1,1,0.54902
63,21,1313,534,50,128,1,1,0.54902
64,21,1313,534,50,128,1,1,0.52941
65,21,1313,534,50,128,1,1,0.52941
66,21,1313,534,50,128,1,1,0.52941
67,21,1313,534,50,128,1,1,0.52941
68,21,1313,534,50,128,1,1,0.52941
69,21,1313,534,50,128,1,1,0.52941
70,21,1313,534,50,128,1,1,0.52941
71,21,1313,534,50,128,1,1,0.52941
72,21,1313,534,50,128,1,1,0.52941
73,21,1313,534,50,128,1,1,0.52941
74,21,1313,534,50,128,1,1,0.52941
75,21,1313,534,50,128,1,1,0.52941
76,21,1313,534,50,128,1,1,0.5098
77,21,1313,534,50,128,1,1,0.5098
78,21,1313,534,50,128,1,1,0.5098
79,21,1313,534,50,128,1,1,0.5098
80,21,1314,535,49,127,1,1,0.5
81,21,1314,534,49,128,1,1,0.5
82,21,1314,534,49,128,1,1,0.5
83,21,1314,534,49,128,1,1,0.5
84,21,1314,534,50,128,1,1,0.4902
85,21,1314,534,50,129,1,1,0.4902
86,21,1314,534,50,129,1,1,0.4902
87,21,1314,534,50,129,1,1,0.4902
88,21,1314,534,51,129,1,1,0.46154
89,21,1314,534,51,129,1,1,0.46154
90,21,1314,534,51,130,1,1,0.46154
91,21,1314,534,52,130,1,1,0.45283
92,21,1314,534,52,130,1,1,0.45283
93,21,1314,534,52,130,1,1,0.45283
94,21,1314,534,52,130,1,1,0.45283
95,21,1314,534,53,131,1,1,0.44444
96,21,1314,534,53,131,1,1,0.44444
97,21,1314,534,53,131,1,1,0.44444
98,21,1314,534,54,131,1,1,0.43636
99,21,1314,534,54,131,1,1,0.43636
100,21,1314,534,54,132,1,1,0.43636
101,21,1314,534,54,132,1,1,0.43636
102,21,1314,534,55,132,1,1,0.42857
103,21,1314,534,55,132,1,1,0.42857
104,21,1314,534,55,132,1,1,0.42857
105,21,1315,534,55,133,1,1,0.30357
106,21,1314,534,55,133,1,1,0.19643
107,21,1314,534,55,133,1,1,0.035714
108,21,1314,534,55,133,1,1,0
109,21,1314,534,55,133,1,1,0
110,21,1313,534,56,133,1,1,0
111,21,1313,534,56,134,1,1,0
112,21,1313,534,56,134,1,1,0
113,21,1313,534,56,134,1,1,0
114,21,1313,534,56,134,1,1,0
115,21,1312,534,57,134,1,1,0
116,21,1312,534,57,135,1,1,0
117,21,1312,534,57,135,1,1,0
118,21,1312,534,57,135,1,1,0
119,21,1311,534,58,135,1,1,0
120,21,1311,534,58,135,1,1,0
121,21,1311,534,58,136,1,1,0
122,21,1311,534,57,136,1,1,0
123,21,1311,534,57,136,1,1,0
124,21,1310,534,58,136,1,1,0
125,21,1310,534,58,136,1,1,0
126,21,1310,534,58,136,1,1,0
127,21,1310,534,58,137,1,1,0
128,21,1309,534,59,137,1,1,0
129,21,1309,534,59,137,1,1,0
130,21,1309,534,59,137,1,1,0
131,21,1309,534,59,137,1,1,0
132,21,1309,534,59,138,1,1,0
133,21,1308,534,60,138,1,1,0
134,21,1308,534,60,138,1,1,0
135,21,1308,534,60,138,1,1,0
136,21,1308,534,60,138,1,1,0
137,21,1308,535,60,138,1,1,0
138,21,1309,534,60,138,1,1,0
139,21,1311,533,59,139,1,1,0
140,21,1312,532,59,140,1,1,0
141,21,1314,532,59,140,1,1,0
142,21,1316,531,58,140,1,1,0
143,21,1317,530,58,141,1,1,0
144,21,1319,529,57,142,1,1,0
145,21,1321,529,57,142,1,1,0
146,21,1319,529,60,142,1,1,0
147,21,1318,529,62,142,1,1,0
148,21,1317,530,64,142,1,1,0
149,21,1317,530,64,142,1,1,0
150,21,1317,530,65,142,1,1,0
151,21,1318,530,65,143,1,1,0
152,21,1318,530,65,143,1,1,0
153,21,1319,530,65,144,1,1,0
154,21,1319,530,66,144,1,1,0
155,21,1320,530,65,144,1,1,0
156,21,1320,531,66,144,1,1,0
157,21,1321,531,66,144,1,1,0
158,21,1321,531,66,145,1,1,0
159,21,1322,531,66,145,1,1,0
160,21,1322,531,67,145,1,1,0
161,21,1322,531,67,146,1,1,0
162,21,1323,531,67,146,1,1,0
163,21,1323,532,68,146,1,1,0
164,21,1324,532,67,146,1,1,0
165,21,1324,532,68,146,1,1,0
166,21,1325,532,68,147,1,1,0
167,21,1325,532,68,147,1,1,0
168,21,1326,532,68,148,1,1,0
169,21,1326,532,69,148,1,1,0
170,21,1327,533,69,148,1,1,0
171,21,1328,533,69,148,1,1,0.071429
172,21,1329,533,69,148,1,1,0.27143
173,21,1330,534,69,148,1,1,0.45714
174,21,1332,534,68,148,1,1,0.66667
175,21,1333,535,68,148,1,1,0.85507
176,21,1334,535,68,148,1,1,1
177,21,1335,535,68,148,1,1,1
178,21,1337,536,67,148,1,1,1
179,21,1338,536,67,148,1,1,1
180,21,1339,537,67,148,1,1,1
181,21,1340,537,67,148,1,1,1
182,21,1342,538,66,148,1,1,1
183,21,1344,537,66,149,1,1,1
184,21,1347,537,66,149,1,1,1
185,21,1350,537,66,150,1,1,1
186,21,1353,537,66,150,1,1,1
187,21,1356,537,66,151,1,1,1
188,21,1358,537,67,151,1,1,1
189,21,1361,537,66,151,1,1,1
190,21,1364,537,66,152,1,1,1
191,21,1367,537,66,152,1,1,1
192,21,1370,536,66,154,1,1,1
193,21,1372,536,67,154,1,1,1
194,21,1375,536,67,154,1,1,1
195,21,1378,536,67,155,1,1,1
196,21,1381,536,66,155,1,1,1
197,21,1384,536,66,156,1,1,1
198,21,1387,536,66,156,1,1,1
199,21,1389,536,67,156,1,1,1
200,21,1392,536,67,157,1,1,1
201,21,1395,535,67,158,1,1,1
202,21,1398,535,67,159,1,1,1
203,21,1401,535,66,159,1,1,1
204,21,1403,535,67,159,1,1,1
205,21,1406,535,67,160,1,1,1
206,21,1409,535,67,160,1,1,1
207,21,1412,535,67,161,1,1,1
208,21,1415,535,67,161,1,1,1
209,21,1418,535,67,162,1,1,1
210,21,1420,535,67,162,1,1,1
211,21,1423,536,66,162,1,1,1
212,21,1426,536,65,163,1,1,1
213,21,1429,537,65,163,1,1,1
214,21,1431,537,65,164,1,1,1
215,21,1434,538,64,164,1,1,1
216,21,1437,538,63,165,1,1,1
217,21,1440,539,63,165,1,1,1
218,21,1443,538,63,165,1,1,1
219,21,1446,538,64,165,1,1,1
220,21,1449,538,65,165,1,1,1
221,21,1453,537,64,166,1,1,1
222,21,1456,537,65,166,1,1,1
223,21,1459,537,66,166,1,1,1
224,21,1462,536,66,167,1,1,1
225,21,1466,536,66,167,1,1,1
226,21,1469,536,67,167,1,1,1
227,21,1472,535,67,168,1,1,1
228,21,1475,535,68,168,1,1,1
229,21,1479,535,68,168,1,1,1
230,21,1482,534,68,169,1,1,1
231,21,1485,534,69,169,1,1,1
232,21,1489,534,69,169,1,1,1
233,21,1492,533,74,170,1,1,1
234,21,1496,533,79,171,1,1,1
235,21,1499,533,85,171,1,1,1
236,21,1503,532,90,173,1,1,1
237,21,1506,532,96,173,1,1,1
238,21,1510,532,101,174,1,1,1
239,21,1514,532,106,175,1,1,1
240,21,1522,531,103,176,1,1,1
241,21,1530,531,100,176,1,1,1
242,21,1539,531,97,177,1,1,1
243,21,1547,531,94,177,1,1,1
244,21,1556,531,91,178,1,1,1
245,21,1562,530,89,179,1,1,1
246,21,1569,530,86,179,1,1,1
247,21,1575,530,84,179,1,1,1
248,21,1582,530,82,180,1,1,1
249,21,1589,530,79,180,1,1,1
250,21,1595,530,77,180,1,1,1
251,21,1602,530,74,180,1,1,1
252,21,1609,530,72,181,1,1,1
253,21,1614,529,78,182,1,1,1
254,21,1619,529,84,183,1,1,1
255,21,1624,529,90,184,1,1,1
256,21,1629,529,96,185,1,1,1
257,21,1635,529,102,186,1,1,1
258,21,1641,528,99,187,1,1,1
259,21,1648,527,95,189,1,1,1
260,21,1655,526,91,190,1,1,1
261,21,1662,525,87,192,1,1,1
262,21,1669,524,83,193,1,1,1
263,21,1676,523,79,195,1,1,1
1,22,1292,459,70,202,1,1,0.77624
2,22,1293,458,71,203,1,1,0.77342
3,22,1295,457,72,204,1,1,1
4,22,1297,456,73,205,1,1,1
5,22,1298,455,75,206,1,1,1
6,22,1300,455,76,206,1,1,1
7,22,1302,454,77,207,1,1,1
8,22,1303,453,79,208,1,1,0.81459
9,22,1305,452,80,209,1,1,0.83233
10,22,1307,451,81,210,1,1,0.84233
11,22,1309,451,82,210,1,1,0.85131
12,22,1310,451,81,210,1,1,0.84106
13,22,1312,452,80,209,1,1,0.83098
14,22,1314,452,79,209,1,1,0.82
15,22,1316,453,78,208,1,1,0.80922
16,22,1318,454,77,207,1,1,0.79808
17,22,1319,454,77,207,1,1,0.79647
18,22,1321,455,76,206,1,1,0.8008
19,22,1323,455,75,206,1,1,0.80625
20,22,1325,456,74,205,1,1,0.81094
21,22,1327,457,73,205,1,1,0.81527
22,22,1327,457,73,205,1,1,0.80687
23,22,1328,457,73,205,1,1,0.79848
24,22,1328,457,74,205,1,1,0.79288
25,22,1329,457,73,205,1,1,0.79008
26,22,1329,457,74,206,1,1,0.78229
27,22,1330,457,74,206,1,1,0.78229
28,22,1330,457,74,206,1,1,0.77391
29,22,1331,457,74,206,1,1,0.76554
30,22,1331,457,75,206,1,1,0.76036
31,22,1332,457,74,207,1,1,0.75647
32,22,1332,457,75,207,1,1,0.75139
33,22,1333,457,75,207,1,1,0.75139
34,22,1333,457,75,207,1,1,0.7431
35,22,1334,457,75,207,1,1,0.73482
36,22,1334,457,76,208,1,1,1
37,22,1335,457,75,208,1,1,1
38,22,1335,457,76,208,1,1,1
39,22,1336,457,76,208,1,1,1
40,22,1336,457,76,208,1,1,1
41,22,1337,457,76,209,1,1,1
42,22,1337,457,77,209,1,1,1
43,22,1338,457,76,209,1,1,1
44,22,1338,457,77,209,1,1,1
45,22,1339,457,77,209,1,1,1
46,22,1339,457,77,210,1,1,1
47,22,1340,457,77,210,1,1,1
48,22,1340,457,78,210,1,1,1
49,22,1341,457,77,210,1,1,1
50,22,1341,457,78,210,1,1,1
51,22,1342,458,78,210,1,1,1
52,22,1341,458,79,210,1,1,1
53,22,1341,458,79,210,1,1,1
54,22,1341,458,79,210,1,1,1
55,22,1341,458,79,210,1,1,1
56,22,1341,458,79,210,1,1,1
57,22,1341,458,79,210,1,1,1
58,22,1341,458,79,210,1,1,1
59,22,1341,458,79,210,1,1,1
60,22,1341,458,79,210,1,1,1
61,22,1341,458,79,210,1,1,1
62,22,1341,458,79,210,1,1,1
63,22,1341,458,79,210,1,1,1
64,22,1340,458,80,210,1,1,1
65,22,1340,458,80,210,1,1,1
66,22,1340,458,80,210,1,1,1
67,22,1340,458,80,210,1,1,1
68,22,1340,458,80,210,1,1,1
69,22,1340,458,80,210,1,1,1
70,22,1340,458,80,210,1,1,1
71,22,1340,458,80,210,1,1,1
72,22,1340,458,80,210,1,1,1
73,22,1340,458,80,210,1,1,1
74,22,1340,458,80,210,1,1,1
75,22,1340,458,80,210,1,1,1
76,22,1339,458,81,210,1,1,1
77,22,1339,458,81,210,1,1,1
78,22,1339,458,81,210,1,1,1
79,22,1339,458,81,210,1,1,1
80,22,1339,458,81,210,1,1,1
81,22,1339,458,81,210,1,1,1
82,22,1339,458,81,210,1,1,1
83,22,1339,458,81,210,1,1,1
84,22,1339,458,81,210,1,1,1
85,22,1339,458,81,210,1,1,0.97561
86,22,1339,458,81,210,1,1,0.89024
87,22,1339,458,81,210,1,1,0.81707
88,22,1338,458,82,210,1,1,0.74699
89,22,1338,458,82,210,1,1,0.6747
90,22,1338,458,82,210,1,1,0.60241
91,22,1338,458,82,210,1,1,0.57831
92,22,1338,458,82,210,1,1,0.55422
93,22,1338,458,82,210,1,1,0.54217
94,22,1338,458,82,210,1,1,0.51807
95,22,1338,458,82,210,1,1,0.49398
96,22,1338,458,82,210,1,1,0.48193
97,22,1338,458,82,210,1,1,0.45783
98,22,1338,458,82,210,1,1,0.43373
99,22,1338,458,82,210,1,1,0.42169
100,22,1338,458,82,211,1,1,0.33735
101,22,1338,458,82,212,1,1,0.25301
102,22,1338,458,82,213,1,1,0.16867
103,22,1338,458,83,214,1,1,0.083333
104,22,1338,458,83,215,1,1,0
105,22,1338,458,83,216,1,1,0
106,22,1338,458,83,217,1,1,0
107,22,1338,458,84,218,1,1,0
108,22,1338,458,84,219,1,1,0
109,22,1338,458,84,220,1,1,0
110,22,1338,458,84,221,1,1,0
111,22,1338,458,85,223,1,1,0
112,22,1337,457,85,223,1,1,0
113,22,1336,456,86,223,1,1,0
114,22,1336,455,85,223,1,1,0
115,22,1335,454,86,223,1,1,0
116,22,1334,453,86,223,1,1,0
117,22,1334,452,86,224,1,1,0
118,22,1333,451,86,224,1,1,0
119,22,1332,450,87,224,1,1,0
120,22,1332,449,86,224,1,1,0
121,22,1331,448,87,224,1,1,0
122,22,1330,447,87,224,1,1,0
123,22,1330,446,87,225,1,1,0
124,22,1329,445,87,225,1,1,0
125,22,1328,444,88,225,1,1,0
126,22,1328,443,87,225,1,1,0
127,22,1327,442,88,225,1,1,0
128,22,1326,441,88,225,1,1,0
129,22,1326,441,88,225,1,1,0
130,22,1329,440,88,225,1,1,0
131,22,1332,440,88,225,1,1,0
132,22,1335,439,88,226,1,1,0
133,22,1338,439,89,226,1,1,0
134,22,1341,439,89,226,1,1,0
135,22,1344,438,89,227,1,1,0
136,22,1348,438,89,226,1,1,0
137,22,1351,437,89,227,1,1,0
138,22,1354,437,89,227,1,1,0
139,22,1357,437,90,227,1,1,0
140,22,1360,436,90,228,1,1,0
141,22,1363,436,90,228,1,1,0
142,22,1367,436,90,228,1,1,0
143,22,1367,436,90,228,1,1,0
144,22,1367,436,90,229,1,1,0
145,22,1367,437,90,228,1,1,0
146,22,1367,437,90,229,1,1,0
147,22,1367,438,90,228,1,1,0
148,22,1367,438,90,229,1,1,0
149,22,1367,439,90,229,1,1,0
150,22,1367,439,91,229,1,1,0
151,22,1367,440,91,229,1,1,0
152,22,1367,440,91,229,1,1,0
153,22,1367,441,91,229,1,1,0
154,22,1367,441,91,230,1,1,0
155,22,1367,441,91,230,1,1,0
156,22,1367,442,91,230,1,1,0
157,22,1367,442,91,230,1,1,0
158,22,1367,443,92,230,1,1,0
159,22,1367,443,92,230,1,1,0
160,22,1367,444,92,230,1,1,0
161,22,1367,444,92,231,1,1,0
162,22,1367,445,92,230,1,1,0
163,22,1367,445,92,231,1,1,0
164,22,1367,446,92,230,1,1,0.010753
165,22,1367,446,92,231,1,1,0.11828
166,22,1367,447,93,231,1,1,0.2234
167,22,1369,446,93,232,1,1,0.35106
168,22,1372,446,93,232,1,1,0.47872
169,22,1375,446,93,232,1,1,0.61702
170,22,1378,446,93,232,1,1,0.74468
171,22,1381,446,93,232,1,1,0.83901
172,22,1382,445,93,233,1,1,0.88716
173,22,1383,445,93,233,1,1,0.88793
174,22,1384,444,93,235,1,1,0.88812
175,22,1385,444,94,235,1,1,0.89005
176,22,1386,443,94,237,1,1,0.89023
177,22,1387,443,94,237,1,1,0.89023
178,22,1388,442,95,238,1,1,0.89256
179,22,1389,442,95,239,1,1,0.89227
180,22,1390,441,95,240,1,1,0.89346
181,22,1392,441,95,241,1,1,0.89945
182,22,1393,440,95,242,1,1,0.90055
183,22,1394,440,95,242,1,1,0.8936
184,22,1395,439,95,244,1,1,0.88125
185,22,1396,439,96,244,1,1,0.8701
186,22,1397,438,96,246,1,1,0.85792
187,22,1398,438,96,246,1,1,0.84557
188,22,1399,437,97,247,1,1,0.83558
189,22,1400,437,97,248,1,1,0.82903
190,22,1401,436,97,249,1,1,0.81755
191,22,1403,436,97,250,1,1,0.81096
192,22,1403,435,98,251,1,1,0.79421
193,22,1404,435,99,251,1,1,0.78429
194,22,1405,435,100,251,1,1,0.77456
195,22,1406,435,101,251,1,1,0.76502
196,22,1407,435,102,251,1,1,0.76148
197,22,1408,435,103,252,1,1,0.7516
198,22,1409,435,104,252,1,1,0.74252
199,22,1410,435,105,252,1,1,0.73361
200,22,1411,435,106,252,1,1,0.72487
201,22,1412,435,107,252,1,1,0.71443
202,22,1413,435,108,253,1,1,0.70519
203,22,1416,434,107,254,1,1,0.70922
204,22,1419,433,106,256,1,1,0.7069
205,22,1422,432,105,258,1,1,0.70452
206,22,1425,431,104,259,1,1,0.70286
207,22,1428,430,104,261,1,1,0.70324
208,22,1431,429,103,263,1,1,0.70076
209,22,1434,428,102,264,1,1,0.69899
210,22,1437,427,101,266,1,1,0.70225
211,22,1441,426,100,268,1,1,0.71324
212,22,1444,426,101,268,1,1,0.72185
213,22,1448,427,101,268,1,1,0.72764
214,22,1452,428,102,268,1,1,0.74014
215,22,1454,427,101,268,1,1,0.74087
216,22,1457,427,100,268,1,1,0.74412
217,22,1459,426,99,268,1,1,0.73903
218,22,1462,426,98,268,1,1,0.73471
219,22,1465,426,97,268,1,1,0.72605
220,22,1468,426,99,268,1,1,0.72569
221,22,1472,426,100,268,1,1,0.73249
222,22,1475,426,102,268,1,1,0.73198
223,22,1479,426,104,269,1,1,0.7364
224,22,1482,426,106,269,1,1,0.7397
225,22,1486,426,107,269,1,1,0.74211
226,22,1489,426,110,270,1,1,0.74309
227,22,1493,426,111,270,1,1,0.74914
228,22,1496,426,113,270,1,1,0.7483
229,22,1500,426,115,271,1,1,0.75203
230,22,1503,425,112,272,1,1,0.74482
231,22,1506,425,110,272,1,1,0.73481
232,22,1509,425,107,273,1,1,0.72121
233,22,1512,424,105,274,1,1,0.68679
234,22,1515,424,102,274,1,1,0.64251
235,22,1518,424,100,275,1,1,0.59862
236,22,1521,423,98,276,1,1,0.55278
237,22,1524,423,95,276,1,1,0.5009
238,22,1527,423,93,277,1,1,0.45029
239,22,1530,422,90,278,1,1,0.39427
240,22,1533,422,88,278,1,1,0.39068
241,22,1537,422,85,279,1,1,0.38929
242,22,1537,421,85,280,1,1,0.40561
243,22,1537,421,86,280,1,1,0.46141
244,22,1538,421,85,280,1,1,0.51883
245,22,1538,421,86,280,1,1,0.55676
246,22,1539,421,85,280,1,1,0.60142
247,22,1539,420,86,281,1,1,0.64246
248,22,1540,420,85,281,1,1,0.68794
249,22,1540,420,86,282,1,1,0.73299
250,22,1541,420,86,282,1,1,0.76812
251,22,1541,420,86,282,1,1,0.81731
252,22,1542,419,86,283,1,1,0.85996
253,22,1542,419,86,283,1,1,0.89437
254,22,1543,419,86,283,1,1,0.92254
255,22,1543,419,86,283,1,1,0.95775
256,22,1544,419,86,284,1,1,0.98588
257,22,1544,418,87,285,1,1,1
258,22,1544,418,87,285,1,1,1
259,22,1545,418,87,285,1,1,1
260,22,1545,418,87,285,1,1,1
261,22,1546,418,87,285,1,1,1
262,22,1546,417,87,286,1,1,1
263,22,1547,417,87,286,1,1,1
1,23,-348,235,477,695,1,1,0.26987
2,23,-340,234,473,695,1,1,0.28059
3,23,-331,234,469,694,1,1,0.29362
4,23,-322,234,465,693,1,1,0.30687
5,23,-313,233,461,693,1,1,0.32035
6,23,-304,233,457,692,1,1,0.33406
7,23,-295,233,453,691,1,1,0.34802
8,23,-286,233,449,690,1,1,0.36222
9,23,-278,232,446,691,1,1,0.37584
10,23,-269,232,442,690,1,1,0.39052
11,23,-260,232,438,689,1,1,0.40547
12,23,-251,232,434,688,1,1,0.42069
13,23,-242,231,430,688,1,1,0.43619
14,23,-233,231,426,687,1,1,0.45199
15,23,-224,231,422,686,1,1,0.46809
16,23,-215,231,418,686,1,1,0.48449
17,23,-207,230,424,686,1,1,0.51059
18,23,-198,230,430,685,1,1,0.53828
19,23,-189,230,436,685,1,1,0.56522
20,23,-180,229,441,685,1,1,0.5905
21,23,-171,229,447,685,1,1,0.61607
22,23,-162,229,453,684,1,1,0.64097
23,23,-153,229,458,683,1,1,0.66449
24,23,-144,228,464,684,1,1,0.68817
25,23,-135,228,470,683,1,1,0.71125
26,23,-126,228,475,683,1,1,0.73319
27,23,-117,228,481,682,1,1,0.75519
28,23,-108,227,487,682,1,1,0.77664
29,23,-99,227,492,682,1,1,0.79716
30,23,-90,227,498,681,1,1,0.81764
31,23,-81,227,504,681,1,1,0.83762
32,23,-66,229,497,677,1,1,0.86546
33,23,-50,232,490,673,1,1,0.89613
34,23,-35,235,484,669,1,1,0.92577
35,23,-19,238,477,665,1,1,0.95816
36,23,-3,240,470,662,1,1,0.99151
37,23,12,243,464,658,1,1,1
38,23,28,246,457,654,1,1,1
39,23,44,249,450,650,1,1,1
40,23,82,249,422,647,1,1,1
41,23,121,250,393,643,1,1,1
42,23,160,250,364,640,1,1,1
43,23,199,251,335,636,1,1,1
44,23,238,251,306,633,1,1,1
45,23,277,252,277,629,1,1,1
46,23,292,252,283,625,1,1,1
47,23,307,252,290,622,1,1,1
48,23,323,252,296,619,1,1,1
49,23,338,252,303,616,1,1,1
50,23,353,252,310,613,1,1,1
51,23,369,253,316,609,1,1,1
52,23,374,257,325,606,1,1,1
53,23,379,261,334,603,1,1,1
54,23,385,265,343,600,1,1,1
55,23,410,264,324,596,1,1,1
56,23,435,263,305,592,1,1,1
57,23,460,262,286,588,1,1,1
58,23,485,261,267,584,1,1,1
59,23,511,260,247,581,1,1,1
60,23,526,262,253,578,1,1,1
61,23,541,265,260,574,1,1,1
62,23,557,268,266,570,1,1,1
63,23,572,271,272,566,1,1,1
64,23,588,274,278,562,1,1,1
65,23,603,277,285,558,1,1,1
66,23,619,280,291,555,1,1,1
67,23,635,280,283,552,1,1,1
68,23,651,280,275,549,1,1,1
69,23,668,280,266,546,1,1,1
70,23,684,280,258,543,1,1,1
71,23,701,280,249,540,1,1,1
72,23,720,279,233,538,1,1,1
73,23,740,278,217,537,1,1,1
74,23,760,277,200,536,1,1,1
75,23,780,277,184,534,1,1,1
76,23,786,280,199,529,1,1,1
77,23,792,284,214,524,1,1,1
78,23,799,288,229,519,1,1,1
79,23,805,291,244,514,1,1,1
80,23,811,295,259,509,1,1,1
81,23,818,299,274,504,1,1,1
82,23,840,298,255,501,1,1,1
83,23,862,298,236,497,1,1,1
84,23,885,297,216,494,1,1,1
85,23,907,297,197,490,1,1,1
86,23,930,297,178,486,1,1,1
87,23,934,299,188,483,1,1,1
88,23,938,302,198,479,1,1,1
89,23,942,305,208,475,1,1,1
90,23,946,307,219,472,1,1,1
91,23,950,310,229,468,1,1,1
92,23,954,313,239,464,1,1,1
93,23,959,316,249,460,1,1,1
94,23,973,316,241,457,1,1,1
95,23,987,316,233,455,1,1,1
96,23,1001,316,226,453,1,1,1
97,23,1015,316,218,450,1,1,1
98,23,1030,316,209,448,1,1,1
99,23,1044,316,202,446,1,1,1
100,23,1058,316,194,443,1,1,1
101,23,1072,316,186,441,1,1,1
102,23,1087,317,178,438,1,1,1
103,23,1092,320,184,433,1,1,1
104,23,1098,324,190,427,1,1,1
105,23,1104,328,196,421,1,1,1
106,23,1110,332,202,415,1,1,1
107,23,1118,331,197,413,1,1,1
108,23,1127,331,191,411,1,1,0.95833
109,23,1136,331,185,408,1,1,0.90323
110,23,1144,330,180,407,1,1,0.8453
111,23,1153,330,174,404,1,1,0.78857
112,23,1162,330,169,402,1,1,0.71765
113,23,1169,331,169,400,1,1,0.63529
114,23,1177,332,168,399,1,1,0.5503
115,23,1184,333,168,397,1,1,0.46746
116,23,1192,334,167,396,1,1,0.38095
117,23,1200,335,166,394,1,1,0.2994
118,23,1207,336,166,393,1,1,0.15569
119,23,1215,337,165,391,1,1,0.012048
120,23,1223,338,164,390,1,1,0
121,23,1230,340,164,387,1,1,0
122,23,1238,341,163,386,1,1,0
123,23,1246,342,162,384,1,1,0
124,23,1253,343,162,383,1,1,0
125,23,1261,344,161,381,1,1,0
126,23,1269,345,160,380,1,1,0.018634
127,23,1276,346,160,378,1,1,0.086957
128,23,1284,347,159,377,1,1,0.0875
129,23,1292,349,159,375,1,1,0.075
130,23,1300,348,156,373,1,1,0.057325
131,23,1309,348,152,371,1,1,0.045752
132,23,1318,348,149,369,1,1,0.026667
133,23,1326,347,146,367,1,1,0.020408
134,23,1335,347,143,365,1,1,0
135,23,1344,347,139,363,1,1,0
136,23,1353,347,136,361,1,1,0
137,23,1358,348,136,359,1,1,0
138,23,1363,349,137,357,1,1,0
139,23,1368,350,138,355,1,1,0
140,23,1373,351,138,353,1,1,0
141,23,1378,352,139,351,1,1,0
142,23,1383,354,140,348,1,1,0
143,23,1388,355,141,346,1,1,0
144,23,1393,356,141,344,1,1,0
145,23,1398,357,142,343,1,1,0
146,23,1403,358,143,341,1,1,0
147,23,1408,359,143,339,1,1,0
148,23,1413,361,144,336,1,1,0
149,23,1418,362,145,334,1,1,0.054795
150,23,1423,363,146,332,1,1,0.13605
151,23,1428,364,146,330,1,1,0.20408
152,23,1433,365,147,328,1,1,0.29054
153,23,1438,366,148,326,1,1,0.36913
154,23,1444,368,148,324,1,1,0.44966
155,23,1450,367,146,323,1,1,0.52381
156,23,1456,367,144,321,1,1,0.6
157,23,1462,367,142,320,1,1,0.67832
158,23,1468,367,140,318,1,1,0.75887
159,23,1474,367,138,316,1,1,0.84173
160,23,1480,367,136,315,1,1,0.92701
161,23,1486,367,134,313,1,1,1
162,23,1492,367,132,311,1,1,1
163,23,1498,367,130,310,1,1,1
164,23,1498,369,133,307,1,1,1
165,23,1498,372,136,304,1,1,1
166,23,1498,374,139,302,1,1,1
167,23,1498,377,142,299,1,1,1
168,23,1498,379,145,297,1,1,1
169,23,1498,382,148,294,1,1,1
170,23,1499,385,151,291,1,1,1
171,23,1506,383,146,291,1,1,1
172,23,1514,382,141,290,1,1,1
173,23,1522,381,135,289,1,1,1
174,23,1530,380,130,289,1,1,1
175,23,1534,380,129,288,1,1,1
176,23,1538,381,129,286,1,1,1
177,23,1542,382,129,284,1,1,1
178,23,1546,383,128,282,1,1,1
179,23,1550,384,128,280,1,1,1
180,23,1555,385,127,279,1,1,1
181,23,1559,386,126,277,1,1,1
182,23,1563,387,126,275,1,1,1
183,23,1567,388,126,273,1,1,1
184,23,1571,389,125,271,1,1,1
185,23,1575,390,125,269,1,1,1
186,23,1580,391,124,268,1,1,1
187,23,1582,392,125,266,1,1,1
188,23,1585,393,125,265,1,1,1
189,23,1588,394,125,264,1,1,1
190,23,1591,395,125,263,1,1,1
191,23,1593,396,126,261,1,1,1
192,23,1596,397,126,260,1,1,1
193,23,1599,398,126,259,1,1,1
194,23,1602,399,127,258,1,1,1
195,23,1605,398,125,258,1,1,1
196,23,1608,397,124,258,1,1,1
197,23,1611,396,123,258,1,1,1
198,23,1614,395,122,258,1,1,1
199,23,1617,394,121,258,1,1,1
200,23,1620,393,120,258,1,1,1
201,23,1624,392,118,259,1,1,1
202,23,1629,394,117,256,1,1,1
203,23,1634,396,117,253,1,1,1
204,23,1639,399,117,249,1,1,1
205,23,1642,398,116,249,1,1,1
206,23,1645,398,116,248,1,1,1
207,23,1648,398,116,248,1,1,1
208,23,1651,398,116,247,1,1,1
209,23,1655,398,115,246,1,1,1
210,23,1658,398,115,246,1,1,1
211,23,1661,398,115,245,1,1,1
212,23,1664,398,115,244,1,1,1
213,23,1668,398,114,244,1,1,1
214,23,1671,398,113,243,1,1,1
215,23,1674,398,113,243,1,1,0.96045
216,23,1677,398,113,243,1,1,0.9134
217,23,1680,399,112,241,1,1,0.86448
218,23,1683,399,112,241,1,1,0.80867
219,23,1686,399,112,241,1,1,0.75287
220,23,1689,399,112,240,1,1,0.69721
221,23,1692,400,111,239,1,1,0.63672
222,23,1695,400,111,239,1,1,0.58021
223,23,1699,400,110,239,1,1,0.52755
224,23,1702,400,110,238,1,1,0.56647
225,23,1705,401,109,237,1,1,0.60214
226,23,1708,401,109,237,1,1,0.64358
227,23,1711,401,109,236,1,1,0.68516
228,23,1714,401,109,236,1,1,0.72658
229,23,1717,402,108,235,1,1,0.67101
230,23,1720,402,108,235,1,1,0.62039
231,23,1723,402,108,234,1,1,0.56994
232,23,1727,403,107,233,1,1,0.5641
233,23,1730,403,106,233,1,1,0.5514
234,23,1733,403,106,232,1,1,0.54294
235,23,1736,403,106,232,1,1,0.53431
236,23,1739,404,105,231,1,1,0.51269
237,23,1742,404,105,231,1,1,0.48658
238,23,1745,404,105,230,1,1,0.46067
239,23,1748,404,105,230,1,1,0.43457
240,23,1751,405,104,229,1,1,0.40025
241,23,1754,405,104,228,1,1,0.37401
242,23,1758,405,103,228,1,1,0.35325
243,23,1761,405,103,228,1,1,0.32667
244,23,1764,406,102,227,1,1,0.29356
245,23,1767,406,102,226,1,1,0.29383
246,23,1770,406,102,226,1,1,0.29383
247,23,1773,406,102,226,1,1,0.29383
248,23,1776,407,101,224,1,1,0.28401
249,23,1779,407,101,224,1,1,0.1895
250,23,1782,407,101,224,1,1,0.089325
251,23,1786,408,100,223,1,1,0.066964
252,23,1788,408,100,222,1,1,0.06278
253,23,1790,409,100,221,1,1,0.058559
254,23,1793,409,99,220,1,1,0.058824
255,23,1795,410,99,219,1,1,0.069
256,23,1797,410,99,218,1,1,0.097717
257,23,1800,411,98,217,1,1,0.11334
258,23,1802,411,98,216,1,1,0.15207
259,23,1805,412,97,215,1,1,0.15901
260,23,1807,413,97,214,1,1,0.18851
261,23,1809,413,97,213,1,1,0.22182
262,23,1812,414,96,212,1,1,0.19036
263,23,1814,414,96,211,1,1,0.17078
1,25,1035,174,136,532,0,9,1
2,25,1035,174,136,532,0,9,1
3,25,1035,174,136,532,0,9,1
4,25,1035,174,136,532,0,9,1
5,25,1035,174,136,532,0,9,1
6,25,1035,174,136,532,0,9,1
7,25,1035,174,136,532,0,9,1
8,25,1035,174,136,532,0,9,1
9,25,1035,174,136,532,0,9,1
10,25,1035,174,136,532,0,9,1
11,25,1035,174,136,532,0,9,1
12,25,1035,174,136,532,0,9,1
13,25,1035,174,136,532,0,9,1
14,25,1035,174,136,532,0,9,1
15,25,1035,174,136,532,0,9,1
16,25,1035,174,136,532,0,9,1
17,25,1035,174,136,532,0,9,1
18,25,1035,174,136,532,0,9,1
19,25,1035,174,136,532,0,9,1
20,25,1035,174,136,532,0,9,1
21,25,1035,174,136,532,0,9,1
22,25,1035,174,136,532,0,9,1
23,25,1035,174,136,532,0,9,1
24,25,1035,174,136,532,0,9,1
25,25,1035,174,136,532,0,9,1
26,25,1035,174,136,532,0,9,1
27,25,1035,174,136,532,0,9,1
28,25,1035,174,136,532,0,9,1
29,25,1035,174,136,532,0,9,1
30,25,1035,174,136,532,0,9,1
31,25,1035,174,136,532,0,9,1
32,25,1035,174,136,532,0,9,1
33,25,1035,174,136,532,0,9,1
34,25,1035,174,136,532,0,9,1
35,25,1035,174,136,532,0,9,1
36,25,1035,174,136,532,0,9,1
37,25,1035,174,136,532,0,9,1
38,25,1035,174,136,532,0,9,1
39,25,1035,174,136,532,0,9,1
40,25,1035,174,136,532,0,9,1
41,25,1035,174,136,532,0,9,1
42,25,1035,174,136,532,0,9,1
43,25,1035,174,136,532,0,9,1
44,25,1035,174,136,532,0,9,1
45,25,1035,174,136,532,0,9,1
46,25,1035,174,136,532,0,9,1
47,25,1035,174,136,532,0,9,1
48,25,1035,174,136,532,0,9,1
49,25,1035,174,136,532,0,9,1
50,25,1035,174,136,532,0,9,1
51,25,1035,174,136,532,0,9,1
52,25,1035,174,136,532,0,9,1
53,25,1035,174,136,532,0,9,1
54,25,1035,174,136,532,0,9,1
55,25,1035,174,136,532,0,9,1
56,25,1035,174,136,532,0,9,1
57,25,1035,174,136,532,0,9,1
58,25,1035,174,136,532,0,9,1
59,25,1035,174,136,532,0,9,1
60,25,1035,174,136,532,0,9,1
61,25,1035,174,136,532,0,9,1
62,25,1035,174,136,532,0,9,1
63,25,1035,174,136,532,0,9,1
64,25,1035,174,136,532,0,9,1
65,25,1035,174,136,532,0,9,1
66,25,1035,174,136,532,0,9,1
67,25,1035,174,136,532,0,9,1
68,25,1035,174,136,532,0,9,1
69,25,1035,174,136,532,0,9,1
70,25,1035,174,136,532,0,9,1
71,25,1035,174,136,532,0,9,1
72,25,1035,174,136,532,0,9,1
73,25,1035,174,136,532,0,9,1
74,25,1035,174,136,532,0,9,1
75,25,1035,174,136,532,0,9,1
76,25,1035,174,136,532,0,9,1
77,25,1035,174,136,532,0,9,1
78,25,1035,174,136,532,0,9,1
79,25,1035,174,136,532,0,9,0.91455
80,25,1035,174,136,532,0,9,0.79688
81,25,1035,174,136,532,0,9,0.67593
82,25,1035,174,136,532,0,9,0.65833
83,25,1035,174,136,532,0,9,0.64153
84,25,1035,174,136,532,0,9,0.62381
85,25,1035,174,136,532,0,9,0.60696
86,25,1035,174,136,532,0,9,0.5845
87,25,1035,174,136,532,0,9,0.50831
88,25,1035,174,136,532,0,9,0.43427
89,25,1035,174,136,532,0,9,0.36139
90,25,1035,174,136,532,0,9,0.2824
91,25,1035,174,136,532,0,9,0.25516
92,25,1035,174,136,532,0,9,0.26079
93,25,1035,174,136,532,0,9,0.26642
94,25,1035,174,136,532,0,9,0.26642
95,25,1035,174,136,532,0,9,0.26642
96,25,1035,174,136,532,0,9,0.26642
97,25,1035,174,136,532,0,9,0.26642
98,25,1035,174,136,532,0,9,0.26642
99,25,1035,174,136,532,0,9,0.31461
100,25,1035,174,136,532,0,9,0.38957
101,25,1035,174,136,532,0,9,0.46454
102,25,1035,174,136,532,0,9,0.54602
103,25,1035,174,136,532,0,9,0.57601
104,25,1035,174,136,532,0,9,0.61187
105,25,1035,174,136,532,0,9,0.64706
106,25,1035,174,136,532,0,9,0.6816
107,25,1035,174,136,532,0,9,0.72194
108,25,1035,174,136,532,0,9,0.76829
109,25,1035,174,136,532,0,9,0.81463
110,25,1035,174,136,532,0,9,0.85544
111,25,1035,174,136,532,0,9,0.9019
112,25,1035,174,136,532,0,9,0.94837
113,25,1035,174,136,532,0,9,0.98455
114,25,1035,174,136,532,0,9,1
115,25,1035,174,136,532,0,9,1
116,25,1035,174,136,532,0,9,1
117,25,1035,174,136,532,0,9,1
118,25,1035,174,136,532,0,9,1
119,25,1035,174,136,532,0,9,1
120,25,1035,174,136,532,0,9,1
121,25,1035,174,136,532,0,9,1
122,25,1035,174,136,532,0,9,0.98225
123,25,1035,174,136,532,0,9,0.88707
124,25,1035,174,136,532,0,9,0.85703
125,25,1035,174,136,532,0,9,0.81252
126,25,1035,174,136,532,0,9,0.74983
127,25,1035,174,136,532,0,9,0.69251
128,25,1035,174,136,532,0,9,0.63008
129,25,1035,174,136,532,0,9,0.72534
130,25,1035,174,136,532,0,9,0.69479
131,25,1035,174,136,532,0,9,0.67085
132,25,1035,174,136,532,0,9,0.64691
133,25,1035,174,136,532,0,9,0.55913
134,25,1035,174,136,532,0,9,0.46981
135,25,1035,174,136,532,0,9,0.38511
136,25,1035,174,136,532,0,9,0.29278
137,25,1035,174,136,532,0,9,0.20067
138,25,1035,174,136,532,0,9,0.13696
139,25,1035,174,136,532,0,9,0.12946
140,25,1035,174,136,532,0,9,0.12195
141,25,1035,174,136,532,0,9,0.11632
142,25,1035,174,136,532,0,9,0.11257
143,25,1035,174,136,532,0,9,0.10882
144,25,1035,174,136,532,0,9,0.10694
145,25,1035,174,136,532,0,9,0.10507
146,25,1035,174,136,532,0,9,0.10507
147,25,1035,174,136,532,0,9,0.10319
148,25,1035,174,136,532,0,9,0.10319
149,25,1035,174,136,532,0,9,0.10131
150,25,1035,174,136,532,0,9,0.10131
151,25,1035,174,136,532,0,9,0.099437
152,25,1035,174,136,532,0,9,0.099437
153,25,1035,174,136,532,0,9,0.091932
154,25,1035,174,136,532,0,9,0.086304
155,25,1035,174,136,532,0,9,0.080675
156,25,1035,174,136,532,0,9,0.072308
157,25,1035,174,136,532,0,9,0.061818
158,25,1035,174,136,532,0,9,0.051684
159,25,1035,174,136,532,0,9,0.042878
160,25,1035,174,136,532,0,9,0.034511
161,25,1035,174,136,532,0,9,0.027389
162,25,1035,174,136,532,0,9,0.02109
163,25,1035,174,136,532,0,9,0.01227
164,25,1035,174,136,532,0,9,0.012914
165,25,1035,174,136,532,0,9,0.016379
166,25,1035,174,136,532,0,9,0.021898
167,25,1035,174,136,532,0,9,0
168,25,1035,174,136,532,0,9,0
169,25,1035,174,136,532,0,9,0
170,25,1035,174,136,532,0,9,0
171,25,1035,174,136,532,0,9,0
172,25,1035,174,136,532,0,9,0
173,25,1035,174,136,532,0,9,0
174,25,1035,174,136,532,0,9,0
175,25,1035,174,136,532,0,9,0
176,25,1035,174,136,532,0,9,0
177,25,1035,174,136,532,0,9,0
178,25,1035,174,136,532,0,9,0
179,25,1035,174,136,532,0,9,0
180,25,1035,174,136,532,0,9,0
181,25,1035,174,136,532,0,9,0
182,25,1035,174,136,532,0,9,0
183,25,1035,174,136,532,0,9,0
184,25,1035,174,136,532,0,9,0
185,25,1035,174,136,532,0,9,0
186,25,1035,174,136,532,0,9,0
187,25,1035,174,136,532,0,9,0
188,25,1035,174,136,532,0,9,0
189,25,1035,174,136,532,0,9,0
190,25,1035,174,136,532,0,9,0.0072993
191,25,1035,174,136,532,0,9,0.087591
192,25,1035,174,136,532,0,9,0.16058
193,25,1035,174,136,532,0,9,0.31387
194,25,1035,174,136,532,0,9,0.45985
195,25,1035,174,136,532,0,9,0.60584
196,25,1035,174,136,532,0,9,0.75182
197,25,1035,174,136,532,0,9,0.89781
198,25,1035,174,136,532,0,9,0.90534
199,25,1035,174,136,532,0,9,0.74889
200,25,1035,174,136,532,0,9,0.59409
201,25,1035,174,136,532,0,9,0.44093
202,25,1035,174,136,532,0,9,0.29644
203,25,1035,174,136,532,0,9,0.29644
204,25,1035,174,136,532,0,9,0.30157
205,25,1035,174,136,532,0,9,0.30343
206,25,1035,174,136,532,0,9,0.30856
207,25,1035,174,136,532,0,9,0.3104
208,25,1035,174,136,532,0,9,0.29831
209,25,1035,174,136,532,0,9,0.29831
210,25,1035,174,136,532,0,9,0.31173
211,25,1035,174,136,532,0,9,0.34068
212,25,1035,174,136,532,0,9,0.37955
213,25,1035,174,136,532,0,9,0.39087
214,25,1035,174,136,532,0,9,0.40347
215,25,1035,174,136,532,0,9,0.40606
216,25,1035,174,136,532,0,9,0.40398
217,25,1035,174,136,532,0,9,0.39772
218,25,1035,174,136,532,0,9,0.40809
219,25,1035,174,136,532,0,9,0.41235
220,25,1035,174,136,532,0,9,0.41893
221,25,1035,174,136,532,0,9,0.42606
222,25,1035,174,136,532,0,9,0.43207
223,25,1035,174,136,532,0,9,0.49171
224,25,1035,174,136,532,0,9,0.52088
225,25,1035,174,136,532,0,9,0.54813
226,25,1035,174,136,532,0,9,0.57359
227,25,1035,174,136,532,0,9,0.59631
228,25,1035,174,136,532,0,9,0.62137
229,25,1035,174,136,532,0,9,0.6475
230,25,1035,174,136,532,0,9,0.68557
231,25,1035,174,136,532,0,9,0.72392
232,25,1035,174,136,532,0,9,0.73876
233,25,1035,174,136,532,0,9,0.74794
234,25,1035,174,136,532,0,9,0.75738
235,25,1035,174,136,532,0,9,0.76144
236,25,1035,174,136,532,0,9,0.61514
237,25,1035,174,136,532,0,9,0.47133
238,25,1035,174,136,532,0,9,0.32974
239,25,1035,174,136,532,0,9,0.21927
240,25,1035,174,136,532,0,9,0.23684
241,25,1035,174,136,532,0,9,0.22707
242,25,1035,174,136,532,0,9,0.21951
243,25,1035,174,136,532,0,9,0.21764
244,25,1035,174,136,532,0,9,0.21576
245,25,1035,174,136,532,0,9,0.21388
246,25,1035,174,136,532,0,9,0.21201
247,25,1035,174,136,532,0,9,0.21576
248,25,1035,174,136,532,0,9,0.21951
249,25,1035,174,136,532,0,9,0.22514
250,25,1035,174,136,532,0,9,0.23777
251,25,1035,174,136,532,0,9,0.25068
252,25,1035,174,136,532,0,9,0.25672
253,25,1035,174,136,532,0,9,0.26488
254,25,1035,174,136,532,0,9,0.27228
255,25,1035,174,136,532,0,9,0.27843
256,25,1035,174,136,532,0,9,0.28351
257,25,1035,174,136,532,0,9,0.28141
258,25,1035,174,136,532,0,9,0.27956
259,25,1035,174,136,532,0,9,0.2785
260,25,1035,174,136,532,0,9,0.27658
261,25,1035,174,136,532,0,9,0.27326
262,25,1035,174,136,532,0,9,0.27702
263,25,1035,174,136,532,0,9,0.28122
1,26,116,522,84,230,0,8,0.83529
2,26,115,521,84,230,0,8,0.77647
3,26,115,521,84,230,0,8,0.71765
4,26,115,521,84,230,0,8,0.65882
5,26,115,521,84,230,0,8,0.6
6,26,115,521,84,230,0,8,0.54118
7,26,115,521,84,230,0,8,0.48235
8,26,115,521,84,230,0,8,0.42353
9,26,115,521,84,230,0,8,0.36471
10,26,115,521,84,230,0,8,0.30588
11,26,115,521,84,230,0,8,0.24706
12,26,115,521,84,230,0,8,0.18824
13,26,115,521,84,230,0,8,0.12941
14,26,115,521,84,230,0,8,0.070588
15,26,115,521,84,230,0,8,0.011765
16,26,115,521,84,230,0,8,0
17,26,115,521,84,230,0,8,0
18,26,115,521,84,230,0,8,0
19,26,115,521,84,230,0,8,0
20,26,115,521,84,230,0,8,0
21,26,115,521,84,230,0,8,0
22,26,115,521,84,230,0,8,0
23,26,115,521,84,230,0,8,0
24,26,115,521,84,230,0,8,0
25,26,114,521,84,230,0,8,0
26,26,114,521,84,230,0,8,0
27,26,114,521,84,230,0,8,0
28,26,114,521,84,230,0,8,0
29,26,114,521,84,230,0,8,0
30,26,114,521,84,229,0,8,0
31,26,114,521,84,229,0,8,0
32,26,114,521,84,229,0,8,0
33,26,114,521,84,229,0,8,0
34,26,114,521,84,229,0,8,0
35,26,114,521,84,229,0,8,0
36,26,114,521,84,229,0,8,0
37,26,114,520,84,230,0,8,0
38,26,114,520,84,230,0,8,0
39,26,114,520,84,230,0,8,0
40,26,114,520,84,230,0,8,0
41,26,114,520,84,230,0,8,0
42,26,114,520,84,230,0,8,0
43,26,114,520,84,230,0,8,0
44,26,114,520,84,230,0,8,0
45,26,114,520,84,230,0,8,0
46,26,114,520,84,230,0,8,0
47,26,114,520,84,230,0,8,0
48,26,113,520,84,230,0,8,0
49,26,113,520,84,230,0,8,0
50,26,113,520,84,230,0,8,0.81176
51,26,113,520,84,230,0,8,0.81176
52,26,113,520,84,230,0,8,0.81176
53,26,113,520,84,230,0,8,0.81176
54,26,113,520,84,230,0,8,0.81176
55,26,113,520,84,230,0,8,0.81176
56,26,113,520,84,230,0,8,0.81176
57,26,113,520,84,230,0,8,0.81176
58,26,113,520,84,229,0,8,0.81176
59,26,113,520,84,229,0,8,0.81176
60,26,113,520,84,229,0,8,0.81176
61,26,113,520,84,229,0,8,0.81176
62,26,113,520,84,229,0,8,0.81176
63,26,113,520,84,229,0,8,0.81176
64,26,113,520,84,229,0,8,0.81176
65,26,113,520,84,229,0,8,0.81176
66,26,113,520,84,229,0,8,0.81176
67,26,113,520,84,229,0,8,0.81176
68,26,113,520,84,229,0,8,0.81176
69,26,113,520,84,229,0,8,0.81176
70,26,113,520,84,229,0,8,0.81176
71,26,113,520,84,229,0,8,0.81176
72,26,112,519,84,230,0,8,0.8
73,26,112,519,84,230,0,8,0.8
74,26,112,519,84,230,0,8,0.8
75,26,112,519,84,230,0,8,0.8
76,26,112,519,84,230,0,8,0.8
77,26,112,519,84,230,0,8,0.8
78,26,112,519,84,230,0,8,0.8
79,26,112,519,84,230,0,8,0.8
80,26,112,519,84,230,0,8,0.8
81,26,112,519,84,230,0,8,0.8
82,26,112,519,84,230,0,8,0.8
83,26,112,519,84,230,0,8,0.8
84,26,112,519,84,230,0,8,0.8
85,26,112,519,84,230,0,8,0.8
86,26,112,519,84,229,0,8,0.8
87,26,112,519,84,229,0,8,0.8
88,26,112,519,84,229,0,8,0.8
89,26,112,519,84,229,0,8,0.8
90,26,112,519,84,229,0,8,0.8
91,26,112,519,84,229,0,8,0.8
92,26,112,519,84,229,0,8,0.8
93,26,112,519,84,229,0,8,0.8
94,26,112,519,84,229,0,8,0.78824
95,26,111,519,84,229,0,8,0.77647
96,26,111,519,84,229,0,8,0.77647
97,26,111,519,84,229,0,8,0.77647
98,26,111,519,84,229,0,8,0.77647
99,26,111,519,84,229,0,8,0.77647
100,26,111,519,84,229,0,8,0.77647
101,26,111,519,84,229,0,8,0.77647
102,26,111,519,84,229,0,8,0.77647
103,26,111,519,84,229,0,8,0.77647
104,26,111,519,84,229,0,8,0.77647
105,26,111,519,84,229,0,8,0.77647
106,26,111,519,84,229,0,8,0.77647
107,26,111,518,84,230,0,8,0.77647
108,26,111,518,84,230,0,8,0.77647
109,26,111,518,84,230,0,8,0.77647
110,26,111,518,84,230,0,8,0.77647
111,26,111,518,84,230,0,8,0.77647
112,26,111,518,84,230,0,8,0.77647
113,26,111,518,84,230,0,8,0.77647
114,26,111,518,84,229,0,8,0.77647
115,26,111,518,84,229,0,8,0.77647
116,26,111,518,84,229,0,8,0.77647
117,26,111,518,84,229,0,8,0.77647
118,26,110,518,84,229,0,8,0.76471
119,26,110,518,84,229,0,8,0.76471
120,26,110,518,84,229,0,8,0.76471
121,26,110,518,84,229,0,8,0.76471
122,26,110,518,84,229,0,8,0.76471
123,26,110,518,84,229,0,8,0.76471
124,26,110,518,84,229,0,8,0.76471
125,26,110,518,84,229,0,8,0.76471
126,26,110,518,84,229,0,8,0.76471
127,26,110,518,84,229,0,8,0.76471
128,26,110,518,84,229,0,8,0.76471
129,26,110,518,84,229,0,8,0.76471
130,26,110,518,84,229,0,8,0.76471
131,26,110,518,84,229,0,8,0.76471
132,26,110,518,84,229,0,8,0.76471
133,26,110,518,84,229,0,8,0.76471
134,26,110,518,84,229,0,8,0.76471
135,26,110,518,84,229,0,8,0.76471
136,26,110,518,84,229,0,8,0.76471
137,26,110,518,84,229,0,8,0.76471
138,26,110,518,84,229,0,8,0.51765
139,26,110,518,84,229,0,8,0.16471
140,26,110,518,84,229,0,8,0
141,26,110,518,84,229,0,8,0
142,26,110,518,84,229,0,8,0
143,26,110,518,84,229,0,8,0
144,26,110,518,84,229,0,8,0
145,26,110,518,84,229,0,8,0
146,26,111,518,84,229,0,8,0
147,26,111,518,84,229,0,8,0
148,26,111,518,84,229,0,8,0
149,26,111,518,84,229,0,8,0
150,26,111,518,84,229,0,8,0
151,26,112,519,84,229,0,8,0
152,26,112,519,84,229,0,8,0
153,26,112,519,84,229,0,8,0
154,26,112,519,84,229,0,8,0
155,26,112,519,84,229,0,8,0
156,26,113,519,84,229,0,8,0
157,26,113,519,84,229,0,8,0
158,26,113,519,84,229,0,8,0
159,26,113,519,84,229,0,8,0
160,26,113,519,84,229,0,8,0
161,26,114,520,84,229,0,8,0
162,26,114,520,84,228,0,8,0
163,26,114,520,84,228,0,8,0
164,26,115,521,84,227,0,8,0
165,26,115,521,84,227,0,8,0
166,26,116,521,84,227,0,8,0
167,26,116,522,84,226,0,8,0.82353
168,26,116,522,84,226,0,8,0.82353
169,26,117,522,84,226,0,8,0.83529
170,26,117,523,84,225,0,8,0.83529
171,26,118,523,84,225,0,8,0.84706
172,26,118,523,84,225,0,8,0.84706
173,26,118,524,84,224,0,8,0.84706
174,26,119,524,84,224,0,8,0.85882
175,26,119,524,84,224,0,8,0.85882
176,26,120,525,84,223,0,8,0.87059
177,26,120,525,84,223,0,8,0.87059
178,26,120,525,84,223,0,8,0.87059
179,26,121,526,84,222,0,8,0.88235
180,26,121,526,84,222,0,8,0.88235
181,26,122,527,84,221,0,8,0.89412
182,26,122,527,84,221,0,8,0.49412
183,26,122,527,84,221,0,8,0
184,26,122,527,84,221,0,8,0
185,26,122,527,84,221,0,8,0
186,26,122,527,84,221,0,8,0
187,26,122,527,84,221,0,8,0
188,26,122,527,84,221,0,8,0
189,26,122,527,84,221,0,8,0
190,26,122,527,84,221,0,8,0
191,26,122,527,84,221,0,8,0
192,26,122,527,84,221,0,8,0
193,26,122,527,84,221,0,8,0
194,26,122,527,84,221,0,8,0
195,26,122,527,84,221,0,8,0
196,26,122,527,84,221,0,8,0
197,26,122,527,84,221,0,8,0
198,26,122,527,84,221,0,8,0
199,26,122,527,84,221,0,8,0
200,26,122,527,84,221,0,8,0
201,26,122,527,84,221,0,8,0.4
202,26,122,527,84,221,0,8,0.68235
203,26,122,527,84,221,0,8,0.88235
204,26,122,527,84,221,0,8,0.88235
205,26,122,527,84,221,0,8,0.87059
206,26,122,527,84,221,0,8,0.24706
207,26,122,527,84,221,0,8,0
208,26,122,527,84,221,0,8,0
209,26,122,527,84,221,0,8,0
210,26,122,527,84,221,0,8,0
211,26,122,527,84,221,0,8,0
212,26,122,527,84,221,0,8,0
213,26,122,527,84,221,0,8,0
214,26,122,527,84,221,0,8,0
215,26,122,527,84,221,0,8,0
216,26,122,527,84,221,0,8,0
217,26,122,527,84,221,0,8,0
218,26,122,527,84,221,0,8,0
219,26,122,527,84,221,0,8,0
220,26,122,527,84,221,0,8,0
221,26,122,527,84,221,0,8,0
222,26,122,527,84,221,0,8,0
223,26,122,527,84,221,0,8,0
224,26,122,527,84,221,0,8,0
225,26,122,527,84,221,0,8,0.15294
226,26,122,527,84,221,0,8,0.32941
227,26,122,527,84,221,0,8,0.50588
228,26,122,527,84,221,0,8,0.68235
229,26,122,527,84,221,0,8,0.85882
230,26,122,527,84,221,0,8,0.88235
231,26,122,527,84,221,0,8,0.72941
232,26,122,527,84,221,0,8,0.56471
233,26,122,527,84,221,0,8,0.41176
234,26,122,527,84,221,0,8,0.24706
235,26,122,527,84,221,0,8,0.094118
236,26,122,527,84,221,0,8,0
237,26,122,527,84,221,0,8,0
238,26,122,527,84,221,0,8,0
239,26,122,527,84,221,0,8,0
240,26,122,527,84,221,0,8,0
241,26,122,527,84,221,0,8,0
242,26,122,527,84,221,0,8,0
243,26,122,527,84,221,0,8,0
244,26,122,527,84,221,0,8,0
245,26,122,527,84,221,0,8,0.023529
246,26,122,527,84,221,0,8,0.2
247,26,122,527,84,221,0,8,0.38824
248,26,122,527,84,221,0,8,0.56471
249,26,122,527,84,221,0,8,0.87059
250,26,122,527,84,221,0,8,0.87059
251,26,122,527,84,221,0,8,0.87059
252,26,122,527,84,221,0,8,0.87059
253,26,122,527,84,221,0,8,0.87059
254,26,122,527,84,221,0,8,0.87059
255,26,122,527,84,221,0,8,0.87059
256,26,122,527,84,221,0,8,0.87059
257,26,122,527,84,221,0,8,0.87059
258,26,122,527,84,221,0,8,0.87059
259,26,122,527,84,221,0,8,0.87059
260,26,122,527,84,221,0,8,0.87059
261,26,122,527,84,221,0,8,0.87059
262,26,122,527,84,221,0,8,0.87059
263,26,122,527,84,221,0,8,0.87059
1,27,234,395,21,440,0,9,1
2,27,234,395,21,440,0,9,1
3,27,234,395,21,440,0,9,1
4,27,234,395,21,440,0,9,1
5,27,234,395,21,440,0,9,1
6,27,234,395,21,440,0,9,1
7,27,234,395,21,440,0,9,1
8,27,234,395,21,440,0,9,1
9,27,234,395,21,440,0,9,1
10,27,234,395,21,440,0,9,1
11,27,234,395,21,440,0,9,1
12,27,234,395,21,440,0,9,1
13,27,234,395,21,440,0,9,1
14,27,234,395,21,440,0,9,1
15,27,234,395,21,440,0,9,1
16,27,234,395,21,440,0,9,1
17,27,234,395,21,440,0,9,1
18,27,234,395,21,440,0,9,1
19,27,234,395,21,440,0,9,0.36364
20,27,234,395,21,440,0,9,0
21,27,234,395,21,440,0,9,0
22,27,234,395,21,440,0,9,0
23,27,234,395,21,440,0,9,0
24,27,234,395,21,440,0,9,0
25,27,234,395,21,440,0,9,0
26,27,234,395,21,440,0,9,0
27,27,234,395,21,440,0,9,0
28,27,234,395,21,440,0,9,0
29,27,234,395,21,440,0,9,0
30,27,234,395,21,440,0,9,0
31,27,234,395,21,440,0,9,0
32,27,234,395,21,440,0,9,0
33,27,234,395,21,440,0,9,0
34,27,234,395,21,440,0,9,0
35,27,234,395,21,440,0,9,0
36,27,234,395,21,440,0,9,0
37,27,234,395,21,440,0,9,0
38,27,234,395,21,440,0,9,0
39,27,234,395,21,440,0,9,0
40,27,234,395,21,440,0,9,0
41,27,234,395,21,440,0,9,0
42,27,234,395,21,440,0,9,0
43,27,234,395,21,440,0,9,0
44,27,234,395,21,440,0,9,0
45,27,234,395,21,440,0,9,0
46,27,234,395,21,440,0,9,0
47,27,234,395,21,440,0,9,0
48,27,234,395,21,440,0,9,0
49,27,234,395,21,440,0,9,0
50,27,234,395,21,440,0,9,1
51,27,234,395,21,440,0,9,1
52,27,234,395,21,440,0,9,1
53,27,234,395,21,440,0,9,1
54,27,234,395,21,440,0,9,1
55,27,234,395,21,440,0,9,1
56,27,234,395,21,440,0,9,1
57,27,234,395,21,440,0,9,1
58,27,234,395,21,440,0,9,1
59,27,234,395,21,440,0,9,1
60,27,234,395,21,440,0,9,1
61,27,234,395,21,440,0,9,1
62,27,234,395,21,440,0,9,1
63,27,234,395,21,440,0,9,1
64,27,234,395,21,440,0,9,1
65,27,234,395,21,440,0,9,1
66,27,234,395,21,440,0,9,1
67,27,234,395,21,440,0,9,1
68,27,234,395,21,440,0,9,1
69,27,234,395,21,440,0,9,1
70,27,234,395,21,440,0,9,1
71,27,234,395,21,440,0,9,1
72,27,234,395,21,440,0,9,1
73,27,234,395,21,440,0,9,1
74,27,234,395,21,440,0,9,1
75,27,234,395,21,440,0,9,1
76,27,234,395,21,440,0,9,1
77,27,234,395,21,440,0,9,1
78,27,234,395,21,440,0,9,1
79,27,234,395,21,440,0,9,1
80,27,234,395,21,440,0,9,1
81,27,234,395,21,440,0,9,1
82,27,234,395,21,440,0,9,1
83,27,234,395,21,440,0,9,1
84,27,234,395,21,440,0,9,1
85,27,234,395,21,440,0,9,1
86,27,234,395,21,440,0,9,1
87,27,234,395,21,440,0,9,1
88,27,234,395,21,440,0,9,1
89,27,234,395,21,440,0,9,1
90,27,234,395,21,440,0,9,1
91,27,234,395,21,440,0,9,1
92,27,234,395,21,440,0,9,1
93,27,234,395,21,440,0,9,1
94,27,234,395,21,440,0,9,1
95,27,234,395,21,440,0,9,1
96,27,234,395,21,440,0,9,1
97,27,234,395,21,440,0,9,1
98,27,234,395,21,440,0,9,1
99,27,234,395,21,440,0,9,1
100,27,234,395,21,440,0,9,1
101,27,234,395,21,440,0,9,1
102,27,234,395,21,440,0,9,1
103,27,234,395,21,440,0,9,1
104,27,234,395,21,440,0,9,1
105,27,234,395,21,440,0,9,1
106,27,234,395,21,440,0,9,1
107,27,234,395,21,440,0,9,1
108,27,234,395,21,440,0,9,1
109,27,234,395,21,440,0,9,1
110,27,234,395,21,440,0,9,1
111,27,234,395,21,440,0,9,1
112,27,234,395,21,440,0,9,1
113,27,234,395,21,440,0,9,1
114,27,234,395,21,440,0,9,1
115,27,234,395,21,440,0,9,1
116,27,234,395,21,440,0,9,1
117,27,234,395,21,440,0,9,1
118,27,234,395,21,440,0,9,1
119,27,234,395,21,440,0,9,1
120,27,234,395,21,440,0,9,1
121,27,234,395,21,440,0,9,1
122,27,234,395,21,440,0,9,1
123,27,234,395,21,440,0,9,1
124,27,234,395,21,440,0,9,1
125,27,234,395,21,440,0,9,1
126,27,234,395,21,440,0,9,1
127,27,234,395,21,440,0,9,1
128,27,234,395,21,440,0,9,1
129,27,234,395,21,440,0,9,1
130,27,234,395,21,440,0,9,1
131,27,234,395,21,440,0,9,1
132,27,234,395,21,440,0,9,1
133,27,234,395,21,440,0,9,1
134,27,234,395,21,440,0,9,1
135,27,234,395,21,440,0,9,1
136,27,234,395,21,440,0,9,1
137,27,234,395,21,440,0,9,1
138,27,234,395,21,440,0,9,1
139,27,234,395,21,440,0,9,1
140,27,234,395,21,440,0,9,1
141,27,234,395,21,440,0,9,1
142,27,234,395,21,440,0,9,1
143,27,234,395,21,440,0,9,1
144,27,234,395,21,440,0,9,1
145,27,234,395,21,440,0,9,0.77273
146,27,234,395,21,440,0,9,0.27273
147,27,234,395,21,440,0,9,0
148,27,234,395,21,440,0,9,0
149,27,234,395,21,440,0,9,0
150,27,234,395,21,440,0,9,0
151,27,234,395,21,440,0,9,0
152,27,234,395,21,440,0,9,0
153,27,234,395,21,440,0,9,0
154,27,234,395,21,440,0,9,0
155,27,234,395,21,440,0,9,0
156,27,234,395,21,440,0,9,0
157,27,234,395,21,440,0,9,0
158,27,234,395,21,440,0,9,0
159,27,234,395,21,440,0,9,0
160,27,234,395,21,440,0,9,0
161,27,234,395,21,440,0,9,0
162,27,234,395,21,440,0,9,0
163,27,234,395,21,440,0,9,0.27273
164,27,234,395,21,440,0,9,1
165,27,234,395,21,440,0,9,1
166,27,234,395,21,440,0,9,1
167,27,234,395,21,440,0,9,1
168,27,234,395,21,440,0,9,1
169,27,234,395,21,440,0,9,1
170,27,234,395,21,440,0,9,1
171,27,234,395,21,440,0,9,1
172,27,234,395,21,440,0,9,1
173,27,234,395,21,440,0,9,1
174,27,234,395,21,440,0,9,1
175,27,234,395,21,440,0,9,1
176,27,234,395,21,440,0,9,1
177,27,234,395,21,440,0,9,1
178,27,234,395,21,440,0,9,1
179,27,234,395,21,440,0,9,1
180,27,234,395,21,440,0,9,1
181,27,234,395,21,440,0,9,1
182,27,234,395,21,440,0,9,1
183,27,234,395,21,440,0,9,1
184,27,234,395,21,440,0,9,0
185,27,234,395,21,440,0,9,0
186,27,234,395,21,440,0,9,0
187,27,234,395,21,440,0,9,0
188,27,234,395,21,440,0,9,0
189,27,234,395,21,440,0,9,0
190,27,234,395,21,440,0,9,0
191,27,234,395,21,440,0,9,0
192,27,234,395,21,440,0,9,0
193,27,234,395,21,440,0,9,0
194,27,234,395,21,440,0,9,0
195,27,234,395,21,440,0,9,0
196,27,234,395,21,440,0,9,0
197,27,234,395,21,440,0,9,0
198,27,234,395,21,440,0,9,0
199,27,234,395,21,440,0,9,0
200,27,234,395,21,440,0,9,0
201,27,234,395,21,440,0,9,0
202,27,234,395,21,440,0,9,0
203,27,234,395,21,440,0,9,0
204,27,234,395,21,440,0,9,0
205,27,234,395,21,440,0,9,0
206,27,234,395,21,440,0,9,0
207,27,234,395,21,440,0,9,0
208,27,234,395,21,440,0,9,0
209,27,234,395,21,440,0,9,0
210,27,234,395,21,440,0,9,0
211,27,234,395,21,440,0,9,0
212,27,234,395,21,440,0,9,0
213,27,234,395,21,440,0,9,0
214,27,234,395,21,440,0,9,0
215,27,234,395,21,440,0,9,0
216,27,234,395,21,440,0,9,0
217,27,234,395,21,440,0,9,0
218,27,234,395,21,440,0,9,0
219,27,234,395,21,440,0,9,0
220,27,234,395,21,440,0,9,0
221,27,234,395,21,440,0,9,0
222,27,234,395,21,440,0,9,0
223,27,234,395,21,440,0,9,0
224,27,234,395,21,440,0,9,0
225,27,234,395,21,440,0,9,0
226,27,234,395,21,440,0,9,0
227,27,234,395,21,440,0,9,0
228,27,234,395,21,440,0,9,0
229,27,234,395,21,440,0,9,0
230,27,234,395,21,440,0,9,0.36364
231,27,234,395,21,440,0,9,1
232,27,234,395,21,440,0,9,1
233,27,234,395,21,440,0,9,1
234,27,234,395,21,440,0,9,1
235,27,234,395,21,440,0,9,1
236,27,234,395,21,440,0,9,1
237,27,234,395,21,440,0,9,1
238,27,234,395,21,440,0,9,1
239,27,234,395,21,440,0,9,1
240,27,234,395,21,440,0,9,1
241,27,234,395,21,440,0,9,1
242,27,234,395,21,440,0,9,1
243,27,234,395,21,440,0,9,1
244,27,234,395,21,440,0,9,1
245,27,234,395,21,440,0,9,1
246,27,234,395,21,440,0,9,1
247,27,234,395,21,440,0,9,1
248,27,234,395,21,440,0,9,1
249,27,234,395,21,440,0,9,1
250,27,234,395,21,440,0,9,1
251,27,234,395,21,440,0,9,1
252,27,234,395,21,440,0,9,1
253,27,234,395,21,440,0,9,1
254,27,234,395,21,440,0,9,1
255,27,234,395,21,440,0,9,1
256,27,234,395,21,440,0,9,1
257,27,234,395,21,440,0,9,1
258,27,234,395,21,440,0,9,1
259,27,234,395,21,440,0,9,1
260,27,234,395,21,440,0,9,1
261,27,234,395,21,440,0,9,1
262,27,234,395,21,440,0,9,1
263,27,234,395,21,440,0,9,1
1,28,1682,470,65,122,0,8,0.060606
2,28,1682,470,64,121,0,8,0.046154
3,28,1682,470,64,121,0,8,0.030769
4,28,1682,470,64,121,0,8,0.015385
5,28,1682,470,64,121,0,8,0.015385
6,28,1682,470,64,121,0,8,0
7,28,1682,470,64,121,0,8,0
8,28,1682,470,64,121,0,8,0
9,28,1682,470,64,121,0,8,0
10,28,1682,470,64,121,0,8,0
11,28,1682,470,64,121,0,8,0
12,28,1682,470,64,121,0,8,0
13,28,1682,470,64,121,0,8,0
14,28,1682,470,64,121,0,8,0
15,28,1682,470,64,121,0,8,0
16,28,1682,470,64,121,0,8,0
17,28,1683,470,63,121,0,8,0
18,28,1683,470,63,121,0,8,0
19,28,1683,470,62,121,0,8,0
20,28,1683,470,62,121,0,8,0
21,28,1683,470,62,121,0,8,0
22,28,1683,470,62,121,0,8,0
23,28,1683,470,62,121,0,8,0
24,28,1683,470,62,121,0,8,0
25,28,1683,470,62,121,0,8,0
26,28,1683,470,62,121,0,8,0
27,28,1683,470,62,121,0,8,0
28,28,1683,470,62,121,0,8,0
29,28,1683,470,62,121,0,8,0
30,28,1683,470,62,121,0,8,0
31,28,1683,470,62,121,0,8,0
32,28,1683,470,62,121,0,8,0
33,28,1684,470,61,121,0,8,0
34,28,1684,470,61,121,0,8,0
35,28,1684,470,61,121,0,8,0
36,28,1684,470,61,121,0,8,0
37,28,1684,470,60,121,0,8,0
38,28,1684,470,60,121,0,8,0
39,28,1684,470,60,121,0,8,0
40,28,1684,470,60,121,0,8,0
41,28,1684,470,60,121,0,8,0
42,28,1684,470,60,121,0,8,0
43,28,1684,470,60,121,0,8,0
44,28,1684,470,60,121,0,8,0
45,28,1684,470,60,121,0,8,0
46,28,1684,470,60,121,0,8,0
47,28,1684,470,60,121,0,8,0
48,28,1685,470,59,120,0,8,0
49,28,1685,470,59,120,0,8,0
50,28,1685,470,59,120,0,8,0
51,28,1685,470,59,120,0,8,0
52,28,1685,470,59,120,0,8,0
53,28,1685,470,59,120,0,8,0
54,28,1685,470,58,120,0,8,0
55,28,1685,470,58,120,0,8,0
56,28,1685,470,58,120,0,8,0
57,28,1685,470,58,120,0,8,0
58,28,1685,470,58,120,0,8,0
59,28,1685,470,58,120,0,8,0.050847
60,28,1685,470,58,120,0,8,0.13559
61,28,1685,470,58,120,0,8,0.23729
62,28,1685,470,58,120,0,8,0.32203
63,28,1685,470,58,120,0,8,0.38983
64,28,1686,470,57,120,0,8,0.37931
65,28,1686,470,57,120,0,8,0.34483
66,28,1686,470,57,120,0,8,0.31034
67,28,1686,470,57,120,0,8,0.27586
68,28,1686,470,57,120,0,8,0.24138
69,28,1686,470,57,120,0,8,0.2069
70,28,1686,470,57,120,0,8,0.17241
71,28,1686,471,57,119,0,8,0.15517
72,28,1686,471,56,119,0,8,0.14035
73,28,1686,471,56,119,0,8,0.14035
74,28,1686,471,56,119,0,8,0.12281
75,28,1686,471,56,119,0,8,0.10526
76,28,1686,471,56,119,0,8,0.087719
77,28,1686,471,56,119,0,8,0.087719
78,28,1686,471,56,119,0,8,0.087719
79,28,1687,471,55,119,0,8,0.035714
80,28,1687,471,55,119,0,8,0
81,28,1687,471,55,119,0,8,0
82,28,1687,471,55,119,0,8,0
83,28,1687,471,55,119,0,8,0
84,28,1687,471,55,119,0,8,0
85,28,1687,471,55,119,0,8,0
86,28,1687,471,55,119,0,8,0
87,28,1687,471,55,119,0,8,0
88,28,1687,471,55,119,0,8,0
89,28,1687,471,54,119,0,8,0
90,28,1687,471,54,119,0,8,0
91,28,1687,471,54,119,0,8,0
92,28,1687,471,54,119,0,8,0
93,28,1687,471,54,119,0,8,0
94,28,1687,471,54,119,0,8,0
95,28,1688,471,53,118,0,8,0
96,28,1688,471,53,118,0,8,0
97,28,1688,471,53,118,0,8,0
98,28,1688,471,53,118,0,8,0
99,28,1688,471,53,118,0,8,0
100,28,1688,471,53,118,0,8,0
101,28,1688,471,53,118,0,8,0
102,28,1688,471,53,118,0,8,0
103,28,1688,471,53,118,0,8,0
104,28,1688,471,53,118,0,8,0
105,28,1688,471,53,118,0,8,0
106,28,1688,471,53,118,0,8,0
107,28,1688,471,52,118,0,8,0
108,28,1688,471,52,118,0,8,0
109,28,1688,471,52,118,0,8,0
110,28,1689,471,51,118,0,8,0
111,28,1689,471,51,118,0,8,0
112,28,1689,471,51,118,0,8,0
113,28,1689,471,51,118,0,8,0
114,28,1689,471,51,118,0,8,0
115,28,1689,471,51,118,0,8,0
116,28,1689,471,51,118,0,8,0
117,28,1689,471,51,118,0,8,0
118,28,1689,471,51,118,0,8,0
119,28,1689,471,51,118,0,8,0
120,28,1689,471,51,118,0,8,0.038462
121,28,1689,471,51,118,0,8,0.096154
122,28,1689,471,51,118,0,8,0.17308
123,28,1689,471,51,118,0,8,0.23077
124,28,1689,471,50,118,0,8,0.27451
125,28,1689,471,50,118,0,8,0.35294
126,28,1690,471,49,118,0,8,0.42
127,28,1690,471,49,118,0,8,0.48
128,28,1690,471,49,118,0,8,0.54
129,28,1690,471,49,118,0,8,0.72
130,28,1690,471,49,118,0,8,0.9
131,28,1690,471,49,118,0,8,1
132,28,1690,471,49,118,0,8,1
133,28,1690,471,49,118,0,8,1
134,28,1690,471,49,118,0,8,1
135,28,1690,471,49,118,0,8,1
136,28,1690,471,49,118,0,8,1
137,28,1690,471,49,118,0,8,1
138,28,1690,471,49,118,0,8,1
139,28,1690,471,49,118,0,8,1
140,28,1690,471,49,118,0,8,1
141,28,1691,472,48,117,0,8,1
142,28,1690,471,49,117,0,8,1
143,28,1690,471,49,117,0,8,1
144,28,1690,471,49,117,0,8,1
145,28,1690,471,49,117,0,8,1
146,28,1690,471,49,117,0,8,1
147,28,1690,471,49,117,0,8,1
148,28,1690,471,49,117,0,8,1
149,28,1690,471,49,117,0,8,1
150,28,1690,471,49,117,0,8,1
151,28,1690,471,49,117,0,8,1
152,28,1690,471,49,117,0,8,1
153,28,1690,471,49,117,0,8,1
154,28,1690,471,49,117,0,8,1
155,28,1690,471,49,117,0,8,1
156,28,1690,471,49,117,0,8,1
157,28,1690,471,49,117,0,8,1
158,28,1690,471,49,117,0,8,1
159,28,1690,471,49,117,0,8,1
160,28,1689,471,50,117,0,8,1
161,28,1689,471,50,117,0,8,1
162,28,1689,471,50,117,0,8,1
163,28,1689,471,50,117,0,8,1
164,28,1689,471,50,117,0,8,1
165,28,1689,471,50,117,0,8,1
166,28,1689,471,50,117,0,8,1
167,28,1689,471,50,117,0,8,1
168,28,1689,471,50,117,0,8,1
169,28,1689,471,50,117,0,8,1
170,28,1689,471,50,117,0,8,1
171,28,1689,471,50,117,0,8,1
172,28,1689,471,50,117,0,8,1
173,28,1689,471,50,117,0,8,1
174,28,1689,471,50,117,0,8,1
175,28,1689,471,50,117,0,8,1
176,28,1689,471,50,117,0,8,1
177,28,1689,471,50,117,0,8,1
178,28,1689,471,50,117,0,8,1
179,28,1688,471,51,117,0,8,1
180,28,1688,471,51,117,0,8,1
181,28,1688,471,51,117,0,8,1
182,28,1688,471,51,117,0,8,0.96154
183,28,1688,471,51,117,0,8,0.88462
184,28,1688,471,51,117,0,8,0.82692
185,28,1688,471,51,117,0,8,0.75
186,28,1688,471,51,117,0,8,0.67308
187,28,1688,471,51,117,0,8,0.61538
188,28,1688,471,51,117,0,8,0.55769
189,28,1688,471,51,117,0,8,0.5
190,28,1688,471,51,117,0,8,0.44231
191,28,1688,471,51,117,0,8,0.38462
192,28,1688,471,51,117,0,8,0.32692
193,28,1688,471,51,117,0,8,0.26923
194,28,1688,471,51,117,0,8,0.19231
195,28,1688,471,51,117,0,8,0.17308
196,28,1688,471,51,117,0,8,0.13462
197,28,1687,471,52,117,0,8,0.09434
198,28,1687,471,52,117,0,8,0.056604
199,28,1687,471,52,117,0,8,0.018868
200,28,1687,471,52,117,0,8,0
201,28,1687,471,52,117,0,8,0
202,28,1687,471,52,117,0,8,0
203,28,1687,471,52,117,0,8,0
204,28,1687,471,52,117,0,8,0
205,28,1687,471,52,117,0,8,0
206,28,1687,471,53,117,0,8,0
207,28,1687,471,53,116,0,8,0
208,28,1687,471,53,116,0,8,0
209,28,1687,471,53,116,0,8,0
210,28,1687,471,53,116,0,8,0
211,28,1687,471,53,116,0,8,0
212,28,1687,471,53,116,0,8,0
213,28,1687,471,53,116,0,8,0
214,28,1687,471,53,116,0,8,0
215,28,1687,471,53,116,0,8,0
216,28,1686,471,54,116,0,8,0
217,28,1686,471,54,116,0,8,0
218,28,1686,471,54,116,0,8,0
219,28,1686,471,54,116,0,8,0
220,28,1686,471,54,116,0,8,0
221,28,1686,471,54,116,0,8,0
222,28,1686,471,54,116,0,8,0
223,28,1686,471,54,116,0,8,0
224,28,1686,471,54,116,0,8,0
225,28,1686,471,54,116,0,8,0
226,28,1686,471,54,116,0,8,0
227,28,1686,471,54,116,0,8,0
228,28,1686,471,54,116,0,8,0
229,28,1686,471,54,116,0,8,0
230,28,1686,471,54,116,0,8,0
231,28,1686,471,54,116,0,8,0.036364
232,28,1686,471,54,116,0,8,0.10909
233,28,1686,471,54,116,0,8,0.18182
234,28,1685,471,55,116,0,8,0.26786
235,28,1685,471,55,116,0,8,0.33929
236,28,1685,471,55,116,0,8,0.41071
237,28,1685,471,55,116,0,8,0.51786
238,28,1685,471,55,116,0,8,0.625
239,28,1685,471,55,116,0,8,0.73214
240,28,1685,471,55,116,0,8,0.83929
241,28,1685,471,55,116,0,8,0.94643
242,28,1685,471,55,116,0,8,1
243,28,1685,471,55,116,0,8,1
244,28,1685,471,55,116,0,8,1
245,28,1685,471,55,116,0,8,1
246,28,1685,471,55,116,0,8,1
247,28,1685,471,55,116,0,8,1
248,28,1685,471,55,116,0,8,1
249,28,1685,471,55,116,0,8,1
250,28,1685,471,55,116,0,8,1
251,28,1685,471,55,116,0,8,1
252,28,1685,471,55,116,0,8,1
253,28,1684,471,56,116,0,8,0.92038
254,28,1684,471,56,116,0,8,0.82306
255,28,1684,471,56,116,0,8,0.72575
256,28,1684,471,56,116,0,8,0.62843
257,28,1684,471,56,116,0,8,0.52227
258,28,1684,471,56,116,0,8,0.48718
259,28,1684,471,56,116,0,8,0.47863
260,28,1684,471,56,116,0,8,0.47009
261,28,1684,471,56,116,0,8,0.46154
262,28,1684,471,56,116,0,8,0.45299
263,28,1684,471,56,116,0,8,0.44444
181,29,-252,179,359,927,1,1,0.28889
182,29,-206,183,370,905,1,1,0.43815
183,29,-159,188,380,882,1,1,0.58005
184,29,-113,193,391,859,1,1,0.70918
185,29,-66,198,401,836,1,1,0.66418
186,29,-42,199,394,831,1,1,0.62025
187,29,-18,201,387,825,1,1,0.57732
188,29,7,203,379,819,1,1,0.39737
189,29,31,205,372,813,1,1,0.16354
190,29,56,207,364,807,1,1,0
191,29,80,208,358,802,1,1,0
192,29,105,210,350,796,1,1,0
193,29,129,212,343,790,1,1,0.046512
194,29,154,214,335,784,1,1,0.19345
195,29,178,216,328,778,1,1,0.3465
196,29,203,218,321,773,1,1,0.50932
197,29,215,221,328,764,1,1,0.63526
198,29,228,224,334,755,1,1,0.63284
199,29,241,227,340,746,1,1,0.62757
200,29,254,231,346,737,1,1,0.56196
201,29,275,232,339,731,1,1,0.42647
202,29,297,234,331,724,1,1,0.20783
203,29,319,236,323,717,1,1,0
204,29,341,238,316,710,1,1,0
205,29,363,240,308,704,1,1,0
206,29,384,241,301,698,1,1,0
207,29,406,243,294,691,1,1,0
208,29,428,245,286,684,1,1,0
209,29,450,247,278,677,1,1,0
210,29,472,249,271,671,1,1,0.20221
211,29,486,250,295,667,1,1,0.48311
212,29,500,252,319,662,1,1,0.725
213,29,515,255,309,659,1,1,0.92581
214,29,523,257,308,655,1,1,1
215,29,532,259,307,651,1,1,1
216,29,541,262,306,646,1,1,1
217,29,561,264,288,642,1,1,1
218,29,582,266,270,639,1,1,1
219,29,617,264,251,636,1,1,1
220,29,652,263,232,633,1,1,1
221,29,687,262,213,630,1,1,1
222,29,694,269,236,624,1,1,1
223,29,706,269,240,620,1,1,1
224,29,718,270,245,616,1,1,1
225,29,730,270,249,613,1,1,1
226,29,742,271,254,609,1,1,1
227,29,754,272,259,605,1,1,1
228,29,769,272,249,601,1,1,1
229,29,785,272,238,597,1,1,1
230,29,801,272,227,593,1,1,1
231,29,817,273,216,589,1,1,1
232,29,832,273,206,585,1,1,1
233,29,848,273,195,581,1,1,1
234,29,864,273,184,577,1,1,1
235,29,880,274,174,573,1,1,1
236,29,889,276,194,570,1,1,1
237,29,898,279,214,566,1,1,1
238,29,907,282,234,563,1,1,1
239,29,916,285,249,558,1,1,1
240,29,925,288,242,556,1,1,1
241,29,935,292,235,553,1,1,1
242,29,948,291,224,548,1,1,1
243,29,961,290,214,544,1,1,1
244,29,975,289,203,540,1,1,1
245,29,988,288,193,536,1,1,1
246,29,1002,287,182,532,1,1,1
247,29,1012,289,190,529,1,1,1
248,29,1023,291,197,526,1,1,1
249,29,1033,294,206,522,1,1,1
250,29,1044,296,213,519,1,1,1
251,29,1055,299,221,516,1,1,1
252,29,1066,300,219,514,1,1,1
253,29,1077,302,218,512,1,1,1
254,29,1088,304,217,509,1,1,1
255,29,1099,306,216,507,1,1,1
256,29,1110,308,215,505,1,1,1
257,29,1115,307,209,503,1,1,1
258,29,1120,307,203,500,1,1,1
259,29,1125,307,198,497,1,1,1
260,29,1130,307,192,494,1,1,1
261,29,1136,307,186,492,1,1,1
262,29,1145,308,186,490,1,1,0.96922
263,29,1155,309,185,488,1,1,0.97933
1,30,42,502,85,254,0,8,0
2,30,42,501,85,254,0,8,0
3,30,42,501,85,254,0,8,0
4,30,42,501,85,254,0,8,0
5,30,42,501,85,254,0,8,0
6,30,42,501,85,254,0,8,0
7,30,42,501,85,254,0,8,0
8,30,42,501,85,254,0,8,0
9,30,42,501,85,254,0,8,0
10,30,42,501,85,254,0,8,0
11,30,42,501,85,254,0,8,0
12,30,42,501,85,254,0,8,0
13,30,42,501,85,254,0,8,0
14,30,42,501,85,254,0,8,0
15,30,42,501,85,254,0,8,0
16,30,42,501,85,254,0,8,0
17,30,42,501,85,254,0,8,0
18,30,42,501,85,254,0,8,0
19,30,42,501,85,254,0,8,0
20,30,42,501,85,254,0,8,0
21,30,42,501,85,254,0,8,0
22,30,42,501,85,254,0,8,0
23,30,42,501,85,254,0,8,0
24,30,42,501,85,254,0,8,0
25,30,42,501,85,254,0,8,0
26,30,42,501,85,254,0,8,0
27,30,42,501,85,254,0,8,0
28,30,42,501,85,254,0,8,0
29,30,42,501,85,254,0,8,0
30,30,42,501,85,254,0,8,0
31,30,42,501,85,254,0,8,0
32,30,42,501,85,254,0,8,0
33,30,42,501,85,254,0,8,0
34,30,42,501,85,254,0,8,0
35,30,42,501,85,254,0,8,0
36,30,42,501,85,254,0,8,0
37,30,42,501,85,254,0,8,0
38,30,42,501,85,254,0,8,0
39,30,42,501,85,254,0,8,0
40,30,42,501,85,254,0,8,0
41,30,42,501,85,254,0,8,0
42,30,42,501,85,254,0,8,0
43,30,42,501,85,254,0,8,0
44,30,42,501,85,254,0,8,0
45,30,42,501,85,254,0,8,0
46,30,42,501,85,254,0,8,0.093023
47,30,42,501,85,254,0,8,0.26744
48,30,43,501,85,254,0,8,0.4186
49,30,43,501,85,254,0,8,0.59302
50,30,43,501,85,254,0,8,1
51,30,43,501,85,254,0,8,1
52,30,43,501,85,254,0,8,1
53,30,43,501,85,254,0,8,1
54,30,43,501,85,254,0,8,1
55,30,43,501,85,254,0,8,1
56,30,43,501,85,254,0,8,1
57,30,43,501,85,254,0,8,1
58,30,43,501,85,254,0,8,1
59,30,43,501,85,254,0,8,1
60,30,43,501,85,254,0,8,1
61,30,43,501,85,254,0,8,1
62,30,43,501,85,254,0,8,1
63,30,43,501,85,254,0,8,1
64,30,43,501,85,254,0,8,1
65,30,43,501,85,254,0,8,1
66,30,43,501,85,253,0,8,1
67,30,43,501,85,253,0,8,1
68,30,43,501,85,253,0,8,1
69,30,43,501,85,253,0,8,1
70,30,43,501,85,253,0,8,1
71,30,43,501,85,253,0,8,1
72,30,43,501,85,253,0,8,1
73,30,43,501,85,253,0,8,1
74,30,43,501,85,253,0,8,1
75,30,43,501,85,253,0,8,1
76,30,43,501,85,253,0,8,1
77,30,43,501,85,253,0,8,1
78,30,43,501,85,253,0,8,1
79,30,43,501,85,253,0,8,1
80,30,43,501,85,253,0,8,1
81,30,43,501,85,253,0,8,1
82,30,43,501,85,253,0,8,1
83,30,43,500,85,254,0,8,1
84,30,43,500,85,254,0,8,1
85,30,43,500,85,254,0,8,1
86,30,43,500,85,254,0,8,1
87,30,43,500,85,254,0,8,1
88,30,43,500,85,254,0,8,1
89,30,43,500,85,254,0,8,1
90,30,43,500,85,254,0,8,1
91,30,43,500,85,254,0,8,1
92,30,43,500,85,254,0,8,1
93,30,43,500,85,254,0,8,1
94,30,44,500,85,254,0,8,1
95,30,44,500,85,254,0,8,1
96,30,44,500,85,254,0,8,1
97,30,44,500,85,254,0,8,1
98,30,44,500,85,254,0,8,1
99,30,44,500,85,254,0,8,1
100,30,44,500,85,254,0,8,1
101,30,44,500,85,254,0,8,1
102,30,44,500,85,254,0,8,1
103,30,44,500,85,254,0,8,1
104,30,44,500,85,254,0,8,1
105,30,44,500,85,254,0,8,1
106,30,44,500,85,254,0,8,1
107,30,44,500,85,254,0,8,1
108,30,44,500,85,254,0,8,1
109,30,44,500,85,254,0,8,1
110,30,44,500,85,254,0,8,1
111,30,44,500,85,254,0,8,1
112,30,44,500,85,254,0,8,1
113,30,44,500,85,254,0,8,1
114,30,44,500,85,254,0,8,1
115,30,44,500,85,254,0,8,1
116,30,44,500,85,254,0,8,1
117,30,44,500,85,254,0,8,1
118,30,44,500,85,254,0,8,1
119,30,44,500,85,254,0,8,1
120,30,44,500,85,254,0,8,1
121,30,44,500,85,254,0,8,1
122,30,44,500,85,254,0,8,1
123,30,44,500,85,254,0,8,1
124,30,44,500,85,254,0,8,1
125,30,44,500,85,254,0,8,1
126,30,44,500,85,254,0,8,1
127,30,44,500,85,254,0,8,1
128,30,44,500,85,254,0,8,1
129,30,44,500,85,254,0,8,1
130,30,44,500,85,254,0,8,1
131,30,44,500,85,253,0,8,1
132,30,44,500,85,253,0,8,1
133,30,44,500,85,253,0,8,1
134,30,44,500,85,253,0,8,1
135,30,44,500,85,253,0,8,0.77907
136,30,44,500,85,253,0,8,0.44186
137,30,44,500,85,253,0,8,0.093023
138,30,44,500,85,253,0,8,0
139,30,44,500,85,253,0,8,0
140,30,45,500,85,253,0,8,0
141,30,45,500,85,253,0,8,0
142,30,45,500,85,253,0,8,0
143,30,45,500,85,253,0,8,0
144,30,45,500,85,253,0,8,0
145,30,45,500,85,253,0,8,0
146,30,45,500,85,253,0,8,0
147,30,45,500,85,253,0,8,0
148,30,45,500,85,253,0,8,0
149,30,45,500,85,253,0,8,0
150,30,45,500,85,253,0,8,0
151,30,45,500,85,253,0,8,0
152,30,45,500,85,253,0,8,0.034884
153,30,45,500,85,253,0,8,0.31395
154,30,45,500,85,253,0,8,0
155,30,45,500,85,253,0,8,0
156,30,45,500,85,253,0,8,0
157,30,45,500,85,253,0,8,0
158,30,45,500,85,253,0,8,0
159,30,45,500,85,253,0,8,0.081395
160,30,45,500,85,253,0,8,0.2093
161,30,45,500,85,253,0,8,0.32558
162,30,45,500,85,253,0,8,0.45349
163,30,45,500,85,253,0,8,0.5814
164,30,45,499,85,254,0,8,0.69767
165,30,45,499,85,254,0,8,0.82558
166,30,45,499,85,254,0,8,0.95349
167,30,45,499,85,254,0,8,1
168,30,45,499,85,254,0,8,1
169,30,45,499,85,254,0,8,1
170,30,45,499,85,254,0,8,1
171,30,45,499,85,254,0,8,1
172,30,45,499,85,254,0,8,1
173,30,45,499,85,254,0,8,1
174,30,45,499,85,254,0,8,1
175,30,45,499,85,254,0,8,1
176,30,45,499,85,254,0,8,1
177,30,45,499,85,254,0,8,1
178,30,45,499,85,254,0,8,1
179,30,45,499,85,254,0,8,1
180,30,45,499,85,254,0,8,1
181,30,45,499,85,254,0,8,0.26744
182,30,45,499,85,254,0,8,0
183,30,45,499,85,254,0,8,0
184,30,45,499,85,254,0,8,0
185,30,45,499,85,254,0,8,0
186,30,45,499,85,254,0,8,0
187,30,46,499,85,254,0,8,0
188,30,46,499,85,254,0,8,0
189,30,46,499,85,254,0,8,0
190,30,46,499,85,254,0,8,0
191,30,46,499,85,254,0,8,0
192,30,46,499,85,254,0,8,0
193,30,46,499,85,254,0,8,0
194,30,46,499,85,254,0,8,0
195,30,46,499,85,254,0,8,0
196,30,46,499,85,253,0,8,0
197,30,46,499,85,253,0,8,0
198,30,46,499,85,253,0,8,0
199,30,46,499,85,253,0,8,0
200,30,46,499,85,253,0,8,0
201,30,46,499,85,253,0,8,1
202,30,46,499,85,253,0,8,1
203,30,46,499,85,253,0,8,1
204,30,46,499,85,253,0,8,1
205,30,46,499,85,253,0,8,1
206,30,46,499,85,253,0,8,0.48837
207,30,46,499,85,253,0,8,0
208,30,46,499,85,253,0,8,0
209,30,46,499,85,253,0,8,0
210,30,46,499,85,253,0,8,0
211,30,46,499,85,253,0,8,0
212,30,46,499,85,253,0,8,0
213,30,46,499,85,253,0,8,0
214,30,46,499,85,253,0,8,0
215,30,46,499,85,253,0,8,0
216,30,46,499,85,253,0,8,0
217,30,46,499,85,253,0,8,0
218,30,46,499,85,253,0,8,0
219,30,46,499,85,253,0,8,0
220,30,46,499,85,253,0,8,0
221,30,46,499,85,253,0,8,0.81395
222,30,46,499,85,253,0,8,0.86047
223,30,46,499,85,253,0,8,0.9186
224,30,46,499,85,253,0,8,0.97674
225,30,46,499,85,253,0,8,1
226,30,46,499,85,253,0,8,1
227,30,46,499,85,253,0,8,1
228,30,46,499,85,253,0,8,1
229,30,46,499,85,253,0,8,0.15116
230,30,46,499,85,253,0,8,0
231,30,46,499,85,253,0,8,0
232,30,46,499,85,253,0,8,0
233,30,47,499,85,253,0,8,0
234,30,47,499,85,253,0,8,0
235,30,47,499,85,253,0,8,0
236,30,47,499,85,253,0,8,0.023256
237,30,47,499,85,253,0,8,0.16279
238,30,47,499,85,253,0,8,0.30233
239,30,47,499,85,253,0,8,0.39535
240,30,47,499,85,253,0,8,0.5
241,30,47,499,85,253,0,8,0.60465
242,30,47,499,85,253,0,8,0.7093
243,30,47,499,85,253,0,8,0.81395
244,30,47,499,85,253,0,8,0.9186
245,30,47,498,85,254,0,8,1
246,30,47,498,85,254,0,8,1
247,30,47,498,85,254,0,8,1
248,30,47,498,85,254,0,8,1
249,30,47,498,85,254,0,8,1
250,30,47,498,85,254,0,8,1
251,30,47,498,85,254,0,8,1
252,30,47,498,85,254,0,8,1
253,30,47,498,85,254,0,8,1
254,30,47,498,85,254,0,8,1
255,30,47,498,85,254,0,8,1
256,30,47,498,85,254,0,8,1
257,30,47,498,85,254,0,8,1
258,30,47,498,85,254,0,8,1
259,30,47,498,85,254,0,8,1
260,30,47,498,85,254,0,8,1
261,30,47,498,85,253,0,8,1
262,30,47,498,85,253,0,8,1
263,30,47,498,85,253,0,8,1
1,31,863,522,46,108,0,12,1
2,31,863,521,46,108,0,12,1
3,31,864,521,46,108,0,12,1
4,31,865,521,46,108,0,12,1
5,31,865,521,46,108,0,12,1
6,31,866,521,46,108,0,12,1
7,31,867,521,46,108,0,12,1
8,31,868,521,46,108,0,12,1
9,31,868,521,46,108,0,12,1
10,31,869,521,46,108,0,12,1
11,31,870,521,46,108,0,12,1
12,31,871,521,46,107,0,12,1
13,31,871,521,46,107,0,12,1
14,31,872,521,46,107,0,12,1
15,31,873,521,46,107,0,12,1
16,31,874,521,46,107,0,12,1
17,31,874,521,46,107,0,12,1
18,31,875,521,46,107,0,12,1
19,31,876,521,46,107,0,12,1
20,31,876,521,46,107,0,12,1
21,31,877,521,46,107,0,12,1
22,31,878,521,46,106,0,12,1
23,31,879,521,46,106,0,12,1
24,31,879,521,46,106,0,12,1
25,31,880,521,46,106,0,12,1
26,31,881,521,46,106,0,12,1
27,31,882,521,46,106,0,12,1
28,31,882,521,46,106,0,12,1
29,31,883,521,46,106,0,12,1
30,31,884,521,46,106,0,12,1
31,31,885,521,46,106,0,12,1
32,31,885,520,46,107,0,12,1
33,31,885,520,47,107,0,12,1
34,31,885,520,47,107,0,12,1
35,31,885,520,48,107,0,12,1
36,31,885,520,48,107,0,12,1
37,31,885,520,49,107,0,12,1
38,31,885,520,49,107,0,12,1
39,31,885,520,50,107,0,12,1
40,31,885,520,50,107,0,12,1
41,31,885,520,51,108,0,12,1
42,31,885,520,52,108,0,12,1
43,31,885,520,52,108,0,12,1
44,31,885,520,53,108,0,12,1
45,31,885,520,53,108,0,12,1
46,31,885,520,54,108,0,12,1
47,31,885,520,54,108,0,12,1
48,31,885,520,55,108,0,12,1
49,31,885,520,55,108,0,12,1
50,31,885,520,56,108,0,12,1
51,31,885,520,57,109,0,12,1
52,31,885,519,57,110,0,12,1
53,31,885,519,57,110,0,12,1
54,31,886,519,56,110,0,12,1
55,31,886,519,56,110,0,12,1
56,31,887,519,56,110,0,12,1
57,31,887,519,56,110,0,12,1
58,31,887,519,56,110,0,12,1
59,31,888,519,55,110,0,12,1
60,31,888,519,56,110,0,12,1
61,31,889,519,55,110,0,12,1
62,31,889,519,55,110,0,12,1
63,31,890,519,54,110,0,12,1
64,31,890,519,54,110,0,12,1
65,31,890,519,55,111,0,12,1
66,31,891,519,54,111,0,12,0.63636
67,31,891,519,54,111,0,12,0.49091
68,31,892,519,53,111,0,12,0.35185
69,31,892,519,54,111,0,12,0.16364
70,31,893,519,53,111,0,12,0
71,31,893,519,53,111,0,12,0
72,31,893,519,53,111,0,12,0
73,31,894,519,52,111,0,12,0
74,31,894,519,53,111,0,12,0
75,31,895,519,52,111,0,12,0
76,31,895,519,52,111,0,12,0
77,31,896,519,51,111,0,12,0
78,31,896,519,52,112,0,12,0
79,31,896,519,52,112,0,12,0
80,31,897,519,51,112,0,12,0
81,31,897,519,51,112,0,12,0
82,31,898,519,50,112,0,12,0
83,31,898,519,51,112,0,12,0
84,31,899,519,50,112,0,12,0
85,31,899,519,50,112,0,12,0
86,31,899,519,50,112,0,12,0
87,31,900,519,50,112,0,12,0
88,31,900,519,50,112,0,12,0
89,31,901,519,49,112,0,12,0
90,31,901,519,49,112,0,12,0
91,31,902,519,49,113,0,12,0.12
92,31,902,518,48,113,0,12,0.20408
93,31,902,518,48,113,0,12,0.26531
94,31,902,518,48,113,0,12,0.30612
95,31,902,518,48,113,0,12,0.36735
96,31,902,518,48,113,0,12,0.42857
97,31,902,518,48,113,0,12,0.46939
98,31,902,518,48,113,0,12,0.53061
99,31,902,518,48,113,0,12,0.59184
100,31,902,518,48,113,0,12,0.63265
101,31,902,518,48,113,0,12,0.69388
102,31,902,518,47,113,0,12,0.72917
103,31,902,518,47,113,0,12,0.79167
104,31,902,518,47,113,0,12,0.85417
105,31,902,518,47,113,0,12,0.89583
106,31,902,518,47,113,0,12,0.95833
107,31,902,518,47,113,0,12,1
108,31,902,518,47,113,0,12,0.89583
109,31,902,518,47,113,0,12,0.75
110,31,902,518,47,113,0,12,0.60417
111,31,902,518,47,113,0,12,0.4375
112,31,902,518,46,113,0,12,0.2766
113,31,902,518,46,113,0,12,0.10638
114,31,902,518,46,113,0,12,0
115,31,902,518,46,113,0,12,0
116,31,902,518,46,113,0,12,0
117,31,902,518,46,113,0,12,0
118,31,902,518,46,113,0,12,0
119,31,902,518,46,113,0,12,0
120,31,902,518,46,113,0,12,0
121,31,902,518,46,113,0,12,0
122,31,902,518,45,113,0,12,0
123,31,902,518,45,113,0,12,0.021739
124,31,902,518,45,113,0,12,0.19565
125,31,902,518,45,113,0,12,0.3913
126,31,902,518,45,113,0,12,0.56522
127,31,902,518,45,113,0,12,0.76087
128,31,902,518,45,113,0,12,0.93478
129,31,902,518,45,113,0,12,1
130,31,902,518,45,113,0,12,1
131,31,902,518,45,113,0,12,1
132,31,901,518,46,113,0,12,1
133,31,901,518,46,113,0,12,1
134,31,901,518,46,113,0,12,1
135,31,900,518,47,113,0,12,1
136,31,900,518,48,114,0,12,1
137,31,900,518,48,114,0,12,1
138,31,899,518,49,114,0,12,1
139,31,899,518,49,114,0,12,1
140,31,899,518,49,114,0,12,1
141,31,899,518,50,115,0,12,1
142,31,899,517,49,116,0,12,1
143,31,899,517,49,116,0,12,1
144,31,899,517,49,116,0,12,1
145,31,899,517,49,116,0,12,0.94
146,31,899,517,49,116,0,12,0.76
147,31,899,517,49,116,0,12,0.56
148,31,899,517,49,116,0,12,0.38
149,31,899,517,49,116,0,12,0.18
150,31,899,517,49,116,0,12,0
151,31,900,517,48,116,0,12,0
152,31,900,517,48,116,0,12,0
153,31,900,517,48,116,0,12,0
154,31,900,517,48,116,0,12,0
155,31,900,517,48,116,0,12,0
156,31,900,517,48,116,0,12,0
157,31,900,517,48,116,0,12,0
158,31,900,517,48,116,0,12,0
159,31,900,517,48,116,0,12,0
160,31,900,517,48,116,0,12,0
161,31,901,517,47,116,0,12,0
162,31,901,517,47,116,0,12,0
163,31,901,517,47,116,0,12,0
164,31,901,517,47,116,0,12,0
165,31,901,517,46,116,0,12,0
166,31,901,517,46,116,0,12,0
167,31,901,517,46,116,0,12,0
168,31,901,517,46,116,0,12,0
169,31,901,517,46,116,0,12,0
170,31,901,517,46,116,0,12,0
171,31,902,517,45,116,0,12,0
172,31,902,517,45,116,0,12,0
173,31,902,517,45,116,0,12,0.19565
174,31,902,517,45,116,0,12,0.52174
175,31,902,517,45,116,0,12,0.63043
176,31,902,517,45,116,0,12,0.47826
177,31,902,517,45,116,0,12,0.26087
178,31,902,517,45,116,0,12,0.021739
179,31,902,517,45,116,0,12,0
180,31,902,517,45,116,0,12,0
181,31,903,517,44,116,0,12,0
182,31,903,517,44,116,0,12,0
183,31,903,517,44,116,0,12,0
184,31,903,517,44,116,0,12,0
185,31,903,517,44,116,0,12,0
186,31,903,517,44,116,0,12,0
187,31,903,517,44,116,0,12,0
188,31,903,517,43,116,0,12,0
189,31,903,517,43,116,0,12,0
190,31,903,517,43,116,0,12,0
191,31,904,517,42,116,0,12,0
192,31,904,517,42,116,0,12,0
193,31,904,517,42,116,0,12,0
194,31,904,517,42,116,0,12,0
195,31,904,517,42,116,0,12,0
196,31,904,517,42,116,0,12,0
197,31,904,517,42,116,0,12,0
198,31,904,517,42,116,0,12,0
199,31,904,517,42,116,0,12,0
200,31,904,517,42,116,0,12,0
201,31,905,517,41,116,0,12,0
202,31,905,517,41,116,0,12,0
203,31,905,517,41,116,0,12,0
204,31,905,517,41,116,0,12,0
205,31,905,517,41,116,0,12,0
206,31,905,517,41,116,0,12,0
207,31,905,517,41,116,0,12,0
208,31,905,517,41,116,0,12,0
209,31,905,517,41,116,0,12,0
210,31,905,517,41,116,0,12,0.19048
211,31,906,517,40,116,0,12,0.5122
212,31,905,516,41,117,0,12,0.88095
213,31,904,516,42,117,0,12,0.83721
214,31,904,516,42,117,0,12,0.7907
215,31,903,516,43,117,0,12,0.75
216,31,903,516,44,117,0,12,1
217,31,902,516,45,117,0,12,1
218,31,901,516,46,117,0,12,1
219,31,901,516,46,117,0,12,0.97872
220,31,900,516,47,117,0,12,0.875
221,31,900,516,48,118,0,12,0.34694
222,31,900,515,48,119,0,12,0
223,31,900,515,48,119,0,12,0
224,31,901,515,48,119,0,12,0
225,31,901,515,48,119,0,12,0
226,31,902,515,48,119,0,12,0
227,31,902,515,48,119,0,12,0
228,31,903,515,48,119,0,12,0
229,31,903,515,48,119,0,12,0
230,31,903,515,48,119,0,12,0
231,31,904,515,48,119,0,12,0
232,31,904,515,48,119,0,12,0
233,31,905,515,48,119,0,12,0
234,31,905,515,48,119,0,12,0
235,31,906,515,48,119,0,12,0
236,31,906,515,48,119,0,12,0
237,31,906,515,49,119,0,12,0
238,31,907,515,48,119,0,12,0
239,31,907,515,48,119,0,12,0
240,31,908,515,48,119,0,12,0
241,31,908,515,48,119,0,12,0
242,31,909,515,48,119,0,12,0
243,31,909,515,48,119,0,12,0
244,31,909,515,49,119,0,12,0
245,31,910,515,48,119,0,12,0
246,31,910,515,49,119,0,12,0
247,31,911,515,48,119,0,12,0
248,31,911,515,48,119,0,12,0
249,31,912,515,48,119,0,12,0
250,31,912,515,48,119,0,12,0
251,31,912,515,49,119,0,12,0
252,31,913,515,48,119,0,12,0
253,31,913,515,49,119,0,12,0
254,31,914,515,48,119,0,12,0
255,31,914,515,49,119,0,12,0
256,31,915,515,48,119,0,12,0
257,31,915,514,48,120,0,12,0
258,31,915,514,49,120,0,12,0
259,31,916,514,48,120,0,12,0
260,31,916,514,49,120,0,12,0
261,31,917,514,48,120,0,12,0
262,31,917,514,49,120,0,12,0
263,31,918,514,48,120,0,12,0
51,32,991,519,58,128,0,12,0.74576
52,32,988,518,58,128,0,12,0.79661
53,32,986,518,58,127,0,12,0.83051
54,32,983,518,58,126,0,12,0.88136
55,32,981,518,58,126,0,12,0.91525
56,32,979,518,58,125,0,12,0.94915
57,32,976,518,58,124,0,12,1
58,32,974,518,58,124,0,12,1
59,32,971,518,58,123,0,12,1
60,32,969,518,58,122,0,12,1
61,32,967,518,58,122,0,12,1
62,32,964,517,58,123,0,12,1
63,32,961,517,58,123,0,12,1
64,32,958,516,59,124,0,12,1
65,32,955,516,59,124,0,12,1
66,32,952,516,60,124,0,12,1
67,32,950,515,59,125,0,12,1
68,32,947,515,59,125,0,12,1
69,32,944,514,60,127,0,12,1
70,32,941,514,60,127,0,12,0.96721
71,32,938,514,61,127,0,12,0.79032
72,32,935,513,61,128,0,12,0.69355
73,32,933,513,60,128,0,12,0.59016
74,32,930,513,61,128,0,12,0.5
75,32,927,512,61,129,0,12,0.3871
76,32,924,512,62,130,0,12,0.015873
77,32,921,511,62,131,0,12,0
78,32,918,511,63,131,0,12,0
79,32,916,511,62,131,0,12,0
80,32,913,510,62,132,0,12,0
81,32,910,510,63,132,0,12,0
82,32,907,510,63,132,0,12,0
83,32,904,509,64,134,0,12,0
84,32,901,509,64,134,0,12,0
85,32,899,508,63,135,0,12,0.125
86,32,896,508,64,135,0,12,0.52308
87,32,893,508,64,135,0,12,0.63077
88,32,890,507,65,136,0,12,0.72727
89,32,887,507,65,136,0,12,0.83333
90,32,885,507,65,137,0,12,0.92424
91,32,879,517,64,138,0,12,1
92,32,876,516,64,139,0,12,1
93,32,873,516,64,139,0,12,1
94,32,870,516,65,139,0,12,1
95,32,867,516,65,139,0,12,1
96,32,864,516,65,139,0,12,1
97,32,861,516,66,140,0,12,1
98,32,858,516,66,140,0,12,1
99,32,856,515,65,141,0,12,1
100,32,853,515,66,141,0,12,1
101,32,850,515,66,141,0,12,0.92537
102,32,847,515,67,141,0,12,0.77941
103,32,844,515,67,142,0,12,0.61765
104,32,841,515,67,142,0,12,0.47059
105,32,838,515,68,142,0,12,0.31884
106,32,836,515,67,142,0,12,0.17647
107,32,833,514,67,143,0,12,0.029412
108,32,830,514,68,143,0,12,0
109,32,827,514,68,144,0,12,0
110,32,824,514,68,144,0,12,0
111,32,821,514,69,144,0,12,0
112,32,818,514,69,144,0,12,0
113,32,815,514,70,144,0,12,0.056338
114,32,813,513,69,145,0,12,0.2
115,32,810,513,69,146,0,12,0.35714
116,32,807,513,70,146,0,12,0.52113
117,32,804,513,70,146,0,12,0.67606
118,32,801,513,70,146,0,12,0.84507
119,32,798,513,71,146,0,12,0.98611
120,32,795,513,71,146,0,12,1
121,32,793,513,71,147,0,12,1
122,32,789,513,71,147,0,12,1
123,32,786,513,71,147,0,12,1
124,32,783,513,71,147,0,12,1
125,32,780,513,70,147,0,12,1
126,32,777,513,70,147,0,12,1
127,32,774,514,70,146,0,12,1
128,32,771,513,70,146,0,12,1
129,32,769,512,70,146,0,12,1
130,32,767,511,70,146,0,12,1
131,32,765,510,70,147,0,12,1
132,32,763,509,70,147,0,12,1
133,32,761,508,70,147,0,12,1
38,37,-4,354,260,492,0,12,0.10345
39,37,1,354,255,491,0,12,0.16797
40,37,7,354,249,491,0,12,0.3
41,37,13,354,243,491,0,12,0.44262
42,37,18,354,238,490,0,12,0.59414
43,37,24,354,232,490,0,12,0.75107
44,37,30,354,226,490,0,12,0.9163
45,37,36,354,220,490,0,12,1
46,37,50,353,213,490,0,12,1
47,37,65,353,206,490,0,12,1
48,37,79,353,200,489,0,12,1
49,37,94,353,193,489,0,12,1
97,38,662,393,163,350,0,12,1
98,38,671,393,161,348,0,12,1
99,38,681,394,158,346,0,12,1
100,38,691,394,156,345,0,12,1
101,38,701,395,153,343,0,12,1
102,38,711,395,150,342,0,12,1
103,38,720,396,149,340,0,12,1
104,38,730,396,146,339,0,12,1
105,38,740,397,144,337,0,12,1
106,38,750,397,141,335,0,12,1
107,38,760,398,138,333,0,12,1
108,38,769,398,137,332,0,12,1
109,38,779,399,134,330,0,12,1
110,38,789,399,131,329,0,12,1
111,38,799,400,129,327,0,12,1
112,38,809,400,126,326,0,12,1
113,38,819,401,124,324,0,12,1
114,38,827,401,124,322,0,12,1
115,38,835,401,124,321,0,12,1
116,38,844,402,123,319,0,12,1
117,38,852,402,123,318,0,12,1
118,38,861,403,122,316,0,12,1
119,38,869,403,122,314,0,12,1
120,38,878,403,121,313,0,12,1
121,38,886,404,121,311,0,12,1
122,38,895,404,120,310,0,12,1
123,38,903,405,120,308,0,12,1
124,38,911,405,120,306,0,12,1
125,38,920,405,119,305,0,12,1
126,38,928,406,119,303,0,12,1
127,38,937,406,118,302,0,12,1
128,38,945,407,118,300,0,12,1
129,38,954,407,117,298,0,12,0.68644
130,38,962,407,117,297,0,12,0.61864
131,38,971,408,116,295,0,12,0.54701
132,38,979,408,116,294,0,12,0.47863
154,40,-1,434,117,427,0,12,0.81356
155,40,9,435,117,422,0,12,0.80508
156,40,20,437,117,417,0,12,0.77966
157,40,31,439,116,412,0,12,0.75214
158,40,41,441,117,407,0,12,0.72881
159,40,52,443,117,401,0,12,0.69492
160,40,63,445,116,396,0,12,0.67521
161,40,73,446,117,392,0,12,0.85593
162,40,84,448,116,387,0,12,1
163,40,95,450,116,381,0,12,1
164,40,105,452,117,376,0,12,1
165,40,116,454,116,371,0,12,1
166,40,127,456,116,366,0,12,0.91453
229,41,4,435,114,384,0,12,0.49868
230,41,17,436,114,381,0,12,0.51377
231,41,31,437,113,378,0,12,0.52479
232,41,44,439,114,374,0,12,0.54291
233,41,58,440,113,371,0,12,0.55433
234,41,71,441,114,369,0,12,1
235,41,85,443,113,365,0,12,1
236,41,98,444,114,362,0,12,1
237,41,112,445,113,359,0,12,1
238,41,126,447,113,356,0,12,0.94737
239,41,136,446,113,355,0,12,0.85965
240,41,147,445,112,354,0,12,0.80531
241,41,157,445,113,352,0,12,0.80702
242,41,168,444,112,352,0,12,0.50929
243,41,178,444,113,350,0,12,0.52362
244,41,189,443,112,349,0,12,0.53747
229,42,-32,462,97,364,0,12,0.66327
230,42,-21,462,97,360,0,12,0.77551
231,42,-9,462,97,357,0,12,0.89796
232,42,3,462,96,354,0,12,1
233,42,14,462,97,350,0,12,1
234,42,26,463,96,346,0,12,0.46392
235,42,38,463,96,343,0,12,0.48454
236,42,49,463,96,339,0,12,0.50515
237,42,61,463,96,336,0,12,0.52577
238,42,73,464,96,332,0,12,0.54639
239,42,81,465,96,331,0,12,0.56701
240,42,90,466,96,330,0,12,0.58763
241,42,99,468,96,328,0,12,0.59794
242,42,108,469,95,327,0,12,0.625
243,42,117,471,95,325,0,12,1
244,42,126,472,95,324,0,12,1
245,42,135,474,95,322,0,12,1
246,42,150,472,95,322,0,12,0.875
247,42,166,471,95,322,0,12,0.77083
248,42,181,469,95,322,0,12,0.77083
41,43,212,454,94,258,1,1,0
42,43,217,452,91,253,1,1,0
43,43,216,452,91,251,1,1,0
44,43,215,453,91,248,1,1,0
45,43,214,454,91,245,1,1,0.21739
46,43,213,455,91,243,1,1,0.30435
47,43,213,455,91,243,1,1,0.3587
48,43,214,455,91,244,1,1,0.28261
49,43,214,455,91,245,1,1,0.19565
50,43,215,456,91,245,1,1,0.76087
51,43,215,456,91,245,1,1,0.76087
52,43,216,456,91,246,1,1,0.76087
53,43,216,456,91,247,1,1,0.76087
54,43,217,457,91,247,1,1,0.76087
55,43,213,456,92,249,1,1,0.76344
56,43,210,455,92,252,1,1,0.76344
57,43,207,454,93,255,1,1,0.76596
58,43,204,453,93,258,1,1,0.76596
59,43,201,452,94,261,1,1,0.76842
60,43,198,452,93,256,1,1,0.76596
1,44,751,506,95,182,0,12,1
2,44,748,507,96,182,0,12,1
3,44,746,509,96,181,0,12,1
4,44,744,510,96,182,0,12,1
5,44,741,512,97,181,0,12,1
6,44,739,513,97,181,0,12,1
7,44,737,515,97,181,0,12,1
8,44,733,514,97,181,0,12,1
9,44,730,514,97,181,0,12,1
10,44,727,513,97,181,0,12,1
11,44,724,513,97,181,0,12,1
12,44,721,513,97,181,0,12,1
13,44,718,512,97,181,0,12,1
14,44,715,512,97,181,0,12,1
15,44,712,512,97,181,0,12,1
16,44,709,512,94,181,0,12,1
17,44,707,513,91,181,0,12,1
18,44,705,514,87,181,0,12,1
19,44,703,515,84,181,0,12,1
20,44,701,515,81,181,0,12,1
21,44,699,516,77,181,0,12,1
22,44,697,517,74,181,0,12,1
23,44,695,518,71,181,0,12,1
24,44,697,519,67,181,0,12,1
25,44,700,520,62,181,0,12,1
26,44,698,522,60,181,0,12,1
27,44,697,525,57,180,0,12,1
136,45,787,536,34,78,0,12,1
137,45,789,536,34,78,0,12,1
138,45,791,536,34,78,0,12,1
139,45,793,536,34,78,0,12,1
140,45,795,536,35,78,0,12,1
141,45,797,536,35,78,0,12,1
142,45,799,536,35,78,0,12,1
143,45,801,536,35,78,0,12,1
144,45,803,537,36,77,0,12,1
145,45,804,536,36,77,0,12,1
146,45,805,536,36,77,0,12,1
147,45,807,536,36,77,0,12,1
148,45,808,535,36,77,0,12,1
149,45,810,535,36,77,0,12,1
150,45,811,535,36,77,0,12,1
151,45,813,534,36,77,0,12,1
152,45,814,534,36,77,0,12,1
153,45,816,534,36,77,0,12,1
154,45,817,533,36,77,0,12,1
155,45,819,533,36,76,0,12,0.7027
156,45,821,532,36,77,0,12,0.35135
157,45,823,532,36,76,0,12,0
158,45,824,531,36,76,0,12,0
159,45,826,531,36,76,0,12,0
160,45,828,530,36,76,0,12,0
161,45,830,530,36,76,0,12,0
162,45,831,530,36,76,0,12,0
163,45,833,530,36,76,0,12,0
164,45,834,530,36,77,0,12,0
165,45,836,530,36,77,0,12,0
166,45,837,530,36,78,0,12,0
167,45,839,531,36,77,0,12,0
168,45,840,531,37,78,0,12,0
169,45,842,531,36,78,0,12,0
170,45,843,531,37,79,0,12,0
171,45,845,531,36,79,0,12,0
172,45,846,531,37,80,0,12,0
173,45,848,532,37,79,0,12,0
174,45,849,532,37,80,0,12,0
175,45,851,532,37,80,0,12,0
176,45,852,532,37,81,0,12,0
177,45,854,532,37,81,0,12,0
178,45,856,533,37,81,0,12,0
179,45,857,533,37,81,0,12,0
180,45,859,533,37,81,0,12,0
181,45,861,533,37,81,0,12,0
182,45,863,533,37,81,0,12,0
183,45,865,533,37,81,0,12,0
184,45,867,533,37,81,0,12,0
185,45,869,533,37,81,0,12,0
186,45,871,533,37,81,0,12,0
187,45,873,533,37,81,0,12,0
188,45,875,533,37,81,0,12,0
189,45,877,533,37,81,0,12,0
190,45,879,533,37,81,0,12,0
191,45,881,533,37,81,0,12,0
192,45,883,533,37,81,0,12,0
193,45,885,533,37,81,0,12,0
194,45,887,533,37,81,0,12,0
195,45,888,533,37,81,0,12,0
196,45,890,533,37,81,0,12,0
197,45,892,533,37,81,0,12,0
198,45,894,533,37,81,0,12,0
199,45,896,533,37,81,0,12,0
200,45,898,533,37,81,0,12,0
201,45,900,533,37,81,0,12,0
202,45,902,533,37,81,0,12,0
203,45,904,533,37,81,0,12,0
204,45,906,533,37,81,0,12,0
205,45,908,533,37,81,0,12,0
206,45,910,533,37,81,0,12,0
207,45,912,533,37,81,0,12,0
208,45,914,533,37,81,0,12,0
209,45,916,533,37,81,0,12,0
210,45,918,534,37,81,0,12,0
211,45,918,533,37,81,0,12,0
212,45,919,533,37,81,0,12,0
213,45,920,533,37,81,0,12,0
214,45,921,533,37,81,0,12,0
215,45,922,533,37,81,0,12,0
216,45,923,533,37,81,0,12,0.13158
217,45,924,533,37,81,0,12,0.36842
218,45,925,533,37,81,0,12,0.39474
219,45,926,533,37,81,0,12,0.42105
220,45,927,533,37,81,0,12,0.44737
221,45,928,533,37,81,0,12,0.44737
222,45,929,532,37,81,0,12,0.23684
223,45,931,532,37,81,0,12,0
224,45,933,532,37,81,0,12,0
225,45,934,532,37,81,0,12,0
226,45,936,532,37,81,0,12,0
155,46,791,533,30,74,0,12,0.90323
156,46,792,533,30,74,0,12,0.93548
157,46,793,533,30,74,0,12,0.93548
158,46,794,533,30,74,0,12,0.54839
159,46,795,534,31,74,0,12,0.125
160,46,796,534,31,74,0,12,0
161,46,797,534,31,74,0,12,0
162,46,799,535,31,74,0,12,0
163,46,800,535,31,74,0,12,0
164,46,801,535,31,74,0,12,0
165,46,802,535,31,74,0,12,0
166,46,803,535,31,74,0,12,0
167,46,804,535,31,74,0,12,0
168,46,805,535,31,74,0,12,0
169,46,806,535,31,74,0,12,0
170,46,807,535,31,74,0,12,0
171,46,809,535,31,74,0,12,0
172,46,811,534,32,75,0,12,0
173,46,813,534,34,76,0,12,0
174,46,816,534,35,77,0,12,0
175,46,818,533,36,79,0,12,0
176,46,821,533,37,80,0,12,0
177,46,823,533,39,81,0,12,0
178,46,826,532,39,83,0,12,0
179,46,828,532,41,84,0,12,0
180,46,831,532,42,85,0,12,0
181,46,833,532,42,85,0,12,0
182,46,836,532,42,85,0,12,0
183,46,839,532,41,85,0,12,0
222,47,1017,566,44,128,0,12,0.4
223,47,1010,566,49,128,0,12,0.5
224,47,1003,566,55,128,0,12,0.44643
225,47,996,567,60,127,0,12,0.39344
226,47,989,567,66,127,0,12,0.32836
227,47,983,568,71,127,0,12,0.27778
228,47,978,568,71,126,0,12,0.22222
229,47,973,568,71,126,0,12,0.15278
230,47,969,568,70,126,0,12,0.084507
231,47,964,568,70,126,0,12,0.014085
232,47,960,568,69,126,0,12,0
233,47,955,568,69,126,0,12,0
234,47,951,568,68,126,0,12,0
235,47,946,568,68,126,0,12,0
236,47,941,568,68,126,0,12,0
237,47,937,568,67,126,0,12,0
238,47,932,568,67,126,0,12,0
239,47,928,568,66,126,0,12,0
240,47,923,568,66,126,0,12,0
241,47,919,568,65,126,0,12,0
242,47,914,568,65,126,0,12,0
243,47,910,568,64,126,0,12,0
244,47,906,568,64,126,0,12,0
245,47,902,568,64,126,0,12,0
246,47,898,568,64,126,0,12,0
247,47,894,568,64,126,0,12,0
248,47,890,569,64,126,0,12,0
249,47,886,569,64,126,0,12,0
250,47,882,569,64,126,0,12,0
251,47,878,569,64,126,0,12,0
252,47,874,569,64,126,0,12,0
253,47,870,570,64,126,0,12,0
254,47,866,570,64,126,0,12,0
255,47,862,570,64,126,0,12,0
256,47,858,570,64,126,0,12,0
257,47,854,570,64,126,0,12,0
258,47,850,571,64,126,0,12,0
259,47,846,571,64,126,0,12,0
260,47,842,571,64,126,0,12,0
261,47,838,571,64,126,0,12,0
262,47,834,571,64,126,0,12,0
263,47,830,572,64,126,0,12,0
12,62,252,519,54,160,0,7,0.47273
13,62,252,519,54,160,0,7,0.50909
14,62,252,519,54,160,0,7,0.54545
15,62,252,519,54,160,0,7,0.6
16,62,252,519,54,160,0,7,0.63636
17,62,252,519,54,160,0,7,0.69091
18,62,252,519,54,160,0,7,0.78182
19,62,252,519,54,160,0,7,0.87273
20,62,252,519,54,160,0,7,0.81818
21,62,252,519,54,160,0,7,0.54545
22,62,252,519,54,160,0,7,0.27273
23,62,252,519,54,160,0,7,0.018182
24,62,252,519,54,160,0,7,0
25,62,252,519,54,160,0,7,0
26,62,252,519,54,160,0,7,0
27,62,252,519,54,160,0,7,0
28,62,252,519,54,160,0,7,0
29,62,252,519,54,160,0,7,0
30,62,252,519,54,160,0,7,0
31,62,252,519,54,160,0,7,0
32,62,252,519,54,160,0,7,0
33,62,252,519,54,160,0,7,0
34,62,252,519,54,160,0,7,0
35,62,252,519,54,160,0,7,0
36,62,252,519,54,160,0,7,0
37,62,252,519,54,160,0,7,0
38,62,252,519,54,160,0,7,0
39,62,252,519,54,160,0,7,0
40,62,252,519,54,160,0,7,0
41,62,252,519,54,160,0,7,0
42,62,252,519,54,160,0,7,0
43,62,252,519,54,160,0,7,0
44,62,252,519,54,160,0,7,0
45,62,252,519,54,160,0,7,0
46,62,252,519,54,160,0,7,0
47,62,252,519,54,160,0,7,0.036364
48,62,252,519,54,160,0,7,0.018182
49,62,252,519,54,160,0,7,0.018182
50,62,252,519,54,160,0,7,0
51,62,252,519,54,160,0,7,0
52,62,252,519,54,160,0,7,0
53,62,252,519,54,160,0,7,0
54,62,252,519,54,160,0,7,0
55,62,252,519,54,160,0,7,0.018182
56,62,252,519,54,160,0,7,0.072727
57,62,252,519,54,160,0,7,0.10909
58,62,252,519,54,160,0,7,0.16364
59,62,252,519,54,160,0,7,0.2
60,62,252,519,54,160,0,7,0.27273
61,62,252,519,54,160,0,7,0.92727
62,62,252,519,54,160,0,7,0.21818
63,62,252,519,54,160,0,7,0.12727
64,62,252,519,54,160,0,7,0.036364
65,62,252,519,54,160,0,7,0
66,62,252,519,54,160,0,7,0
67,62,252,519,54,160,0,7,0
68,62,252,519,54,160,0,7,0
69,62,252,519,54,160,0,7,0
70,62,252,519,54,160,0,7,0
71,62,252,519,54,160,0,7,0
72,62,252,519,54,160,0,7,0
73,62,252,519,54,160,0,7,0
74,62,252,519,54,160,0,7,0
75,62,252,519,54,160,0,7,0
76,62,252,519,54,160,0,7,0
77,62,252,519,54,160,0,7,0.072727
78,62,252,519,54,160,0,7,0.21818
79,62,252,519,54,160,0,7,0.10909
80,62,252,519,54,160,0,7,0
81,62,252,519,54,160,0,7,0.14545
82,62,252,519,54,160,0,7,0.29091
83,62,252,519,54,160,0,7,0.45455
84,62,252,519,54,160,0,7,0.52727
85,62,252,519,54,160,0,7,0.6
86,62,252,519,54,160,0,7,0.67273
87,62,252,519,54,160,0,7,0.74545
88,62,252,519,54,160,0,7,0.81818
89,62,252,519,54,160,0,7,0.89091
90,62,252,519,54,160,0,7,0.92727
91,62,252,519,54,160,0,7,0.92727
92,62,252,519,54,160,0,7,0.92727
93,62,252,519,54,160,0,7,0.92727
94,62,252,519,54,160,0,7,0.92727
95,62,252,519,54,160,0,7,0.92727
96,62,252,519,54,160,0,7,0.92727
97,62,252,519,54,160,0,7,0.92727
98,62,252,519,54,160,0,7,0.92727
99,62,252,519,54,160,0,7,0.92727
100,62,252,519,54,160,0,7,0.92727
101,62,252,519,54,160,0,7,0.92727
102,62,252,519,54,160,0,7,0.92727
103,62,252,519,54,160,0,7,0.92727
104,62,252,519,54,160,0,7,0.92727
105,62,252,519,54,160,0,7,0.92727
106,62,252,519,54,160,0,7,0.92727
107,62,252,519,54,160,0,7,0.92727
108,62,252,519,54,160,0,7,0.92727
109,62,252,519,54,160,0,7,0.92727
110,62,252,519,54,160,0,7,0.92727
111,62,252,519,54,160,0,7,0.92727
112,62,252,519,54,160,0,7,0.92727
113,62,252,519,54,160,0,7,0.92727
114,62,252,519,54,160,0,7,0.92727
115,62,252,519,54,160,0,7,0.92727
116,62,252,519,54,160,0,7,0.92727
117,62,252,519,54,160,0,7,0.92727
118,62,252,519,54,160,0,7,0.92727
119,62,252,519,54,160,0,7,0.92727
120,62,252,519,54,160,0,7,0.92727
121,62,252,519,54,160,0,7,0.92727
122,62,252,519,54,160,0,7,0.92727
123,62,252,519,54,160,0,7,0.92727
124,62,252,519,54,160,0,7,0.92727
125,62,252,519,54,160,0,7,0.92727
126,62,252,519,54,160,0,7,0.92727
127,62,252,519,54,160,0,7,0.92727
128,62,252,519,54,160,0,7,0.92727
129,62,252,519,54,160,0,7,0.92727
130,62,252,519,54,160,0,7,0.92727
131,62,252,519,54,160,0,7,0.92727
132,62,252,519,54,160,0,7,0.92727
133,62,252,519,54,160,0,7,0.92727
134,62,252,519,54,160,0,7,0.92727
135,62,252,519,54,160,0,7,0.92727
136,62,252,519,54,160,0,7,0.92727
137,62,252,519,54,160,0,7,0.92727
138,62,252,519,54,160,0,7,0.92727
139,62,252,519,54,160,0,7,0.92727
140,62,252,519,54,160,0,7,0.92727
141,62,252,519,54,160,0,7,0.92727
142,62,252,519,54,160,0,7,0.92727
143,62,252,519,54,160,0,7,0.92727
144,62,252,519,54,160,0,7,0.92727
145,62,252,519,54,160,0,7,0.92727
146,62,252,519,54,160,0,7,0.92727
147,62,252,519,54,160,0,7,0.83636
148,62,252,519,54,160,0,7,0.090909
149,62,252,519,54,160,0,7,0
150,62,252,519,54,160,0,7,0
151,62,252,519,54,160,0,7,0
152,62,252,519,54,160,0,7,0
153,62,252,519,54,160,0,7,0
154,62,252,519,54,160,0,7,0
155,62,252,519,54,160,0,7,0
156,62,252,519,54,160,0,7,0
157,62,252,519,54,160,0,7,0
158,62,252,519,54,160,0,7,0
159,62,252,519,54,160,0,7,0
160,62,252,519,54,160,0,7,0
161,62,252,519,54,160,0,7,0
162,62,252,519,54,160,0,7,0
163,62,252,519,54,160,0,7,0
164,62,252,519,54,160,0,7,0.21818
165,62,252,519,54,160,0,7,0.74545
166,62,252,519,54,160,0,7,0.92727
167,62,252,519,54,160,0,7,0.92727
168,62,252,519,54,160,0,7,0.92727
169,62,252,519,54,160,0,7,0.92727
170,62,252,519,54,160,0,7,0.92727
171,62,252,519,54,160,0,7,0.92727
172,62,252,519,54,160,0,7,0.92727
173,62,252,519,54,160,0,7,0.92727
174,62,252,519,54,160,0,7,0.92727
175,62,252,519,54,160,0,7,0.92727
176,62,252,519,54,160,0,7,0.92727
177,62,252,519,54,160,0,7,0.92727
178,62,252,519,54,160,0,7,0.92727
179,62,252,519,54,160,0,7,0.92727
180,62,252,519,54,160,0,7,0.92727
181,62,252,519,54,160,0,7,0.92727
182,62,252,519,54,160,0,7,0.92727
183,62,252,519,54,160,0,7,0.92727
184,62,252,519,54,160,0,7,0.2
185,62,252,519,54,160,0,7,0
186,62,252,519,54,160,0,7,0
187,62,252,519,54,160,0,7,0
188,62,252,519,54,160,0,7,0
189,62,252,519,54,160,0,7,0
190,62,252,519,54,160,0,7,0
191,62,252,519,54,160,0,7,0
192,62,252,519,54,160,0,7,0
193,62,252,519,54,160,0,7,0
194,62,252,519,54,160,0,7,0
195,62,252,519,54,160,0,7,0
196,62,252,519,54,160,0,7,0
197,62,252,519,54,160,0,7,0
198,62,252,519,54,160,0,7,0
199,62,252,519,54,160,0,7,0
200,62,252,519,54,160,0,7,0
201,62,252,519,54,160,0,7,0
202,62,252,519,54,160,0,7,0
203,62,252,519,54,160,0,7,0
204,62,252,519,54,160,0,7,0
205,62,252,519,54,160,0,7,0
206,62,252,519,54,160,0,7,0
207,62,252,519,54,160,0,7,0
208,62,252,519,54,160,0,7,0
209,62,252,519,54,160,0,7,0
210,62,252,519,54,160,0,7,0
211,62,252,519,54,160,0,7,0
212,62,252,519,54,160,0,7,0
213,62,252,519,54,160,0,7,0
214,62,252,519,54,160,0,7,0
215,62,252,519,54,160,0,7,0
216,62,252,519,54,160,0,7,0
217,62,252,519,54,160,0,7,0
218,62,252,519,54,160,0,7,0
219,62,252,519,54,160,0,7,0
220,62,252,519,54,160,0,7,0
221,62,252,519,54,160,0,7,0
222,62,252,519,54,160,0,7,0
223,62,252,519,54,160,0,7,0
224,62,252,519,54,160,0,7,0
225,62,252,519,54,160,0,7,0
226,62,252,519,54,160,0,7,0
227,62,252,519,54,160,0,7,0
228,62,252,519,54,160,0,7,0
229,62,252,519,54,160,0,7,0
230,62,252,519,54,160,0,7,0
231,62,252,519,54,160,0,7,0.41818
232,62,252,519,54,160,0,7,0.92727
233,62,252,519,54,160,0,7,0.92727
234,62,252,519,54,160,0,7,0.92727
235,62,252,519,54,160,0,7,0.92727
236,62,252,519,54,160,0,7,0.92727
237,62,252,519,54,160,0,7,0.92727
238,62,252,519,54,160,0,7,0.92727
239,62,252,519,54,160,0,7,0.92727
240,62,252,519,54,160,0,7,0.85455
241,62,252,519,54,160,0,7,0.65455
242,62,252,519,54,160,0,7,0.47273
243,62,252,519,54,160,0,7,0.27273
244,62,252,519,54,160,0,7,0.090909
245,62,252,519,54,160,0,7,0.92727
246,62,252,519,54,160,0,7,0.92727
247,62,252,519,54,160,0,7,0.81818
248,62,252,519,54,160,0,7,0.54545
249,62,252,519,54,160,0,7,0.92727
250,62,252,519,54,160,0,7,0.92727
251,62,252,519,54,160,0,7,0.92727
252,62,252,519,54,160,0,7,0.92727
253,62,252,519,54,160,0,7,0.92727
254,62,252,519,54,160,0,7,0.92727
255,62,252,519,54,160,0,7,0.92727
256,62,252,519,54,160,0,7,0.92727
257,62,252,519,54,160,0,7,0.92727
258,62,252,519,54,160,0,7,0.92727
259,62,252,519,54,160,0,7,0.92727
260,62,252,519,54,160,0,7,0.92727
261,62,252,519,54,160,0,7,0.92727
262,62,252,519,54,160,0,7,0.92727
263,62,252,519,54,160,0,7,0.92727
207,64,881,531,36,86,0,12,0
208,64,882,531,35,85,0,12,0.083333
209,64,883,532,35,84,0,12,0.44444
210,64,884,532,35,84,0,12,0.58333
211,64,885,533,35,83,0,12,0.58333
