1,-1,1716.5,364.89,128.96,388.88,2.0587,-1,-1,-1
1,-1,1286.3,461.78,59.629,180.89,0.43718,-1,-1,-1
1,-1,1250.8,515.62,44.948,136.84,0.43656,-1,-1,-1
1,-1,865,513,39,119,0.262,-1,-1,-1
1,-1,570.75,405.34,44.948,136.84,0.03508,-1,-1,-1
1,-1,1695.1,197.98,195.98,589.95,-0.11941,-1,-1,-1
1,-1,258.23,446.86,84.742,256.23,-0.13764,-1,-1,-1
1,-1,112.43,530.29,68.644,207.93,-0.26976,-1,-1,-1
1,-1,99.492,454.06,97.492,294.47,-0.41974,-1,-1,-1
2,-1,1716.5,364.89,128.96,388.88,1.997,-1,-1,-1
2,-1,1287.6,468.86,63.98,193.94,0.27226,-1,-1,-1
2,-1,865,513,39,119,0.24615,-1,-1,-1
2,-1,1261.4,515.45,41.871,127.61,0.2399,-1,-1,-1
2,-1,258.31,442.1,90.896,274.69,0.15136,-1,-1,-1
2,-1,1695.1,197.98,195.98,589.95,0.0086029,-1,-1,-1
2,-1,99.492,454.06,97.492,294.47,-0.062111,-1,-1,-1
2,-1,566.69,396.98,55.569,168.71,-0.44205,-1,-1,-1
3,-1,1716.5,364.89,128.96,388.88,2.2905,-1,-1,-1
3,-1,258.23,446.86,84.742,256.23,0.2666,-1,-1,-1
3,-1,1287.6,468.86,63.98,193.94,0.1474,-1,-1,-1
3,-1,113,513,79,239,0.14554,-1,-1,-1
3,-1,865,513,39,119,0.069645,-1,-1,-1
3,-1,1265,545,39,119,0.041099,-1,-1,-1
3,-1,1695.1,197.98,195.98,589.95,-0.010299,-1,-1,-1
3,-1,570.75,405.34,44.948,136.84,-0.12518,-1,-1,-1
4,-1,1716.5,364.89,128.96,388.88,2.0675,-1,-1,-1
4,-1,258.23,446.86,84.742,256.23,0.39677,-1,-1,-1
4,-1,99.492,454.06,97.492,294.47,0.27863,-1,-1,-1
4,-1,1265,545,39,119,0.23841,-1,-1,-1
4,-1,1296.4,460.65,68.644,207.93,0.043788,-1,-1,-1
4,-1,865,513,39,119,-0.010962,-1,-1,-1
4,-1,570.75,405.34,44.948,136.84,-0.18531,-1,-1,-1
4,-1,1691.9,442.1,44.948,136.84,-0.31227,-1,-1,-1
4,-1,1857.3,506.43,21.974,67.922,-0.46305,-1,-1,-1
5,-1,1716.5,364.89,128.96,388.88,1.2387,-1,-1,-1
5,-1,871.55,523.33,33.822,103.47,0.41238,-1,-1,-1
5,-1,99.492,454.06,97.492,294.47,0.19374,-1,-1,-1
5,-1,1296.4,460.65,68.644,207.93,0.12421,-1,-1,-1
5,-1,275.37,446.86,84.742,256.23,0.12167,-1,-1,-1
5,-1,1689,465,39,119,-0.27713,-1,-1,-1
5,-1,1273,545,39,119,-0.33753,-1,-1,-1
5,-1,570.75,405.34,44.948,136.84,-0.44337,-1,-1,-1
6,-1,1722.9,389.02,120.26,362.77,1.0549,-1,-1,-1
6,-1,275.37,446.86,84.742,256.23,0.65002,-1,-1,-1
6,-1,1300.6,455.86,63.98,193.94,0.30366,-1,-1,-1
6,-1,871.55,523.33,33.822,103.47,0.26829,-1,-1,-1
6,-1,120.43,508.57,73.643,222.93,0.25849,-1,-1,-1
6,-1,1273,545,39,119,0.20347,-1,-1,-1
6,-1,1681.5,275.37,170.48,513.45,-0.25541,-1,-1,-1
6,-1,106.56,444.35,104.56,315.68,-0.31586,-1,-1,-1
7,-1,1716.5,364.89,128.96,388.88,1.4072,-1,-1,-1
7,-1,275.37,446.86,84.742,256.23,0.95,-1,-1,-1
7,-1,1300.6,455.86,63.98,193.94,0.20422,-1,-1,-1
7,-1,126.36,530.29,68.644,207.93,0.11348,-1,-1,-1
7,-1,871.55,523.33,33.822,103.47,0.019727,-1,-1,-1
7,-1,1277.4,545.89,36.321,110.96,-0.042669,-1,-1,-1
7,-1,1655.1,221.55,182.79,550.38,-0.43595,-1,-1,-1
7,-1,99.492,473.76,97.492,294.47,-0.49317,-1,-1,-1
8,-1,1716.5,364.89,128.96,388.88,0.97287,-1,-1,-1
8,-1,276.69,442.1,90.896,274.69,0.88533,-1,-1,-1
8,-1,877.81,527.09,27.284,83.853,0.53966,-1,-1,-1
8,-1,1300.6,455.86,63.98,193.94,0.25662,-1,-1,-1
8,-1,1281,545,39,119,0.072664,-1,-1,-1
8,-1,126.36,530.29,68.644,207.93,-0.301,-1,-1,-1
8,-1,1647.7,127.67,210.12,632.36,-0.37733,-1,-1,-1
8,-1,99.492,454.06,97.492,294.47,-0.45728,-1,-1,-1
9,-1,1698.6,389.02,120.26,362.77,1.0874,-1,-1,-1
9,-1,275.37,446.86,84.742,256.23,0.83127,-1,-1,-1
9,-1,1281,545,39,119,0.69122,-1,-1,-1
9,-1,1310.6,461.78,59.629,180.89,0.3764,-1,-1,-1
9,-1,877.81,527.09,27.284,83.853,0.16959,-1,-1,-1
9,-1,120.43,523.5,73.643,222.93,-0.010154,-1,-1,-1
9,-1,1732.7,329.43,148.29,446.86,-0.11869,-1,-1,-1
9,-1,1647.2,275.37,170.48,513.45,-0.20864,-1,-1,-1
9,-1,873,513,39,119,-0.27074,-1,-1,-1
9,-1,1690,127.67,210.12,632.36,-0.42338,-1,-1,-1
10,-1,1698.6,389.02,120.26,362.77,1.5816,-1,-1,-1
10,-1,275.37,446.86,84.742,256.23,1.3302,-1,-1,-1
10,-1,1281,545,39,119,0.6307,-1,-1,-1
10,-1,1300.6,455.86,63.98,193.94,0.4457,-1,-1,-1
10,-1,878.23,520.84,31.49,96.47,0.29785,-1,-1,-1
10,-1,120.43,523.5,73.643,222.93,0.26266,-1,-1,-1
10,-1,1647.2,275.37,170.48,513.45,0.055441,-1,-1,-1
10,-1,106.56,444.35,104.56,315.68,-0.33463,-1,-1,-1
11,-1,1690.5,390.88,128.96,388.88,1.2039,-1,-1,-1
11,-1,275.37,446.86,84.742,256.23,0.64649,-1,-1,-1
11,-1,1310.6,461.78,59.629,180.89,0.34666,-1,-1,-1
11,-1,1281,545,39,119,0.33025,-1,-1,-1
11,-1,877.81,527.09,27.284,83.853,0.13404,-1,-1,-1
11,-1,120.43,523.5,73.643,222.93,-0.063094,-1,-1,-1
11,-1,873,513,39,119,-0.082033,-1,-1,-1
11,-1,1655.1,221.55,182.79,550.38,-0.091376,-1,-1,-1
12,-1,1700.3,363.15,138.29,416.86,1.2197,-1,-1,-1
12,-1,1289,545,39,119,0.45862,-1,-1,-1
12,-1,1313.6,455.86,63.98,193.94,0.34187,-1,-1,-1
12,-1,878.23,520.84,31.49,96.47,0.14313,-1,-1,-1
12,-1,120.43,523.5,73.643,222.93,0.11075,-1,-1,-1
12,-1,289,449,79,239,0.026038,-1,-1,-1
13,-1,1700.3,363.15,138.29,416.86,1.4363,-1,-1,-1
13,-1,1310.3,460.65,68.644,207.93,0.5473,-1,-1,-1
13,-1,1289,545,39,119,0.52514,-1,-1,-1
13,-1,873,513,39,119,0.29321,-1,-1,-1
13,-1,113,513,79,239,-0.083878,-1,-1,-1
13,-1,1,221.55,182.79,550.38,-0.22639,-1,-1,-1
13,-1,570.75,405.34,44.948,136.84,-0.37867,-1,-1,-1
14,-1,1700.3,363.15,138.29,416.86,1.5819,-1,-1,-1
14,-1,1289,545,39,119,1.0936,-1,-1,-1
14,-1,1310.3,460.65,68.644,207.93,0.49035,-1,-1,-1
14,-1,873,513,39,119,0.36833,-1,-1,-1
14,-1,121.04,498.3,84.742,256.23,0.16053,-1,-1,-1
14,-1,1,221.55,182.79,550.38,0.10974,-1,-1,-1
14,-1,566.69,396.98,55.569,168.71,-0.040924,-1,-1,-1
14,-1,292.52,446.86,84.742,256.23,-0.47659,-1,-1,-1
15,-1,1690.5,364.89,128.96,388.88,1.5067,-1,-1,-1
15,-1,1289,545,39,119,0.89904,-1,-1,-1
15,-1,878.23,527.34,31.49,96.47,0.67195,-1,-1,-1
15,-1,1313.6,468.86,63.98,193.94,0.63056,-1,-1,-1
15,-1,1807.7,437.53,59.629,180.89,0.22091,-1,-1,-1
15,-1,121.04,498.3,84.742,256.23,0.16358,-1,-1,-1
15,-1,571.03,402.13,51.78,157.34,0.11712,-1,-1,-1
15,-1,1,237.38,195.98,589.95,0.092345,-1,-1,-1
15,-1,1280.3,376.9,29.314,89.943,-0.45411,-1,-1,-1
16,-1,1690.5,364.89,128.96,388.88,1.6207,-1,-1,-1
16,-1,878.51,523.33,33.822,103.47,0.88323,-1,-1,-1
16,-1,1310.3,460.65,68.644,207.93,0.56225,-1,-1,-1
16,-1,1811.2,442.23,55.569,168.71,0.40246,-1,-1,-1
16,-1,1287.1,541.17,41.871,127.61,0.35834,-1,-1,-1
16,-1,126.36,530.29,68.644,207.93,0.19013,-1,-1,-1
16,-1,570.75,405.34,44.948,136.84,0.076133,-1,-1,-1
16,-1,1,212.12,210.12,632.36,-0.082547,-1,-1,-1
16,-1,292.52,446.86,84.742,256.23,-0.27204,-1,-1,-1
17,-1,1674.4,389.02,120.26,362.77,1.9333,-1,-1,-1
17,-1,1807.7,449.65,59.629,180.89,0.93516,-1,-1,-1
17,-1,1310.3,460.65,68.644,207.93,0.51174,-1,-1,-1
17,-1,1647.2,275.37,170.48,513.45,0.36055,-1,-1,-1
17,-1,1287.5,534,44.948,136.84,0.21042,-1,-1,-1
17,-1,878.51,523.33,33.822,103.47,0.17572,-1,-1,-1
17,-1,-44.255,227.27,225.27,677.82,0.16411,-1,-1,-1
17,-1,292.52,446.86,84.742,256.23,-0.016587,-1,-1,-1
17,-1,571.03,402.13,51.78,157.34,-0.16155,-1,-1,-1
17,-1,1362.7,507.69,51.78,157.34,-0.48517,-1,-1,-1
18,-1,1674.4,389.02,120.26,362.77,2.137,-1,-1,-1
18,-1,1807.7,437.53,59.629,180.89,1.0519,-1,-1,-1
18,-1,1647.2,275.37,170.48,513.45,0.57075,-1,-1,-1
18,-1,120.43,523.5,73.643,222.93,0.53949,-1,-1,-1
18,-1,1310.3,460.65,68.644,207.93,0.50846,-1,-1,-1
18,-1,878.51,523.33,33.822,103.47,0.38659,-1,-1,-1
18,-1,1287.5,534,44.948,136.84,0.37487,-1,-1,-1
18,-1,1,212.12,210.12,632.36,0.24272,-1,-1,-1
18,-1,292.52,446.86,84.742,256.23,0.026753,-1,-1,-1
18,-1,570.75,405.34,44.948,136.84,-0.084248,-1,-1,-1
18,-1,1359.1,486.03,59.629,180.89,-0.38738,-1,-1,-1
18,-1,1280.3,376.9,29.314,89.943,-0.44757,-1,-1,-1
18,-1,1304.5,382.96,29.314,89.943,-0.48451,-1,-1,-1
19,-1,1672.5,363.15,138.29,416.86,2.5355,-1,-1,-1
19,-1,1807.4,442.87,63.98,193.94,1.0113,-1,-1,-1
19,-1,1297,545,39,119,0.73527,-1,-1,-1
19,-1,878.51,523.33,33.822,103.47,0.42297,-1,-1,-1
19,-1,1310.3,460.65,68.644,207.93,0.36717,-1,-1,-1
19,-1,1,227.27,225.27,677.82,-0.0030803,-1,-1,-1
19,-1,292.52,446.86,84.742,256.23,-0.09409,-1,-1,-1
19,-1,570.75,405.34,44.948,136.84,-0.26096,-1,-1,-1
19,-1,1655.7,237.38,195.98,589.95,-0.39209,-1,-1,-1
19,-1,1286.3,376.9,29.314,89.943,-0.47707,-1,-1,-1
20,-1,1672.5,363.15,138.29,416.86,2.1101,-1,-1,-1
20,-1,1819.9,437.53,59.629,180.89,1.4242,-1,-1,-1
20,-1,1,212.12,210.12,632.36,0.56529,-1,-1,-1
20,-1,878.51,523.33,33.822,103.47,0.434,-1,-1,-1
20,-1,1305,545,39,119,0.098974,-1,-1,-1
20,-1,1324.2,460.65,68.644,207.93,0.050752,-1,-1,-1
20,-1,295.07,442.1,90.896,274.69,-0.11705,-1,-1,-1
20,-1,571.03,402.13,51.78,157.34,-0.24991,-1,-1,-1
20,-1,1806.1,544.64,25.39,78.17,-0.47802,-1,-1,-1
21,-1,1672.5,363.15,138.29,416.86,2.6531,-1,-1,-1
21,-1,1807.4,442.87,63.98,193.94,1.2466,-1,-1,-1
21,-1,1,212.12,210.12,632.36,1.2235,-1,-1,-1
21,-1,1305,545,39,119,0.66407,-1,-1,-1
21,-1,1324.2,460.65,68.644,207.93,0.57763,-1,-1,-1
21,-1,878.51,523.33,33.822,103.47,0.11035,-1,-1,-1
21,-1,295.07,442.1,90.896,274.69,-0.019077,-1,-1,-1
21,-1,571.03,402.13,51.78,157.34,-0.1739,-1,-1,-1
21,-1,1612.9,241.08,170.48,513.45,-0.29583,-1,-1,-1
21,-1,1286.3,376.9,29.314,89.943,-0.39949,-1,-1,-1
22,-1,1672.5,363.15,138.29,416.86,2.9505,-1,-1,-1
22,-1,1,212.12,210.12,632.36,1.1814,-1,-1,-1
22,-1,1819.9,437.53,59.629,180.89,0.95186,-1,-1,-1
22,-1,1324.2,460.65,68.644,207.93,0.85551,-1,-1,-1
22,-1,292.52,446.86,84.742,256.23,9.7178e-06,-1,-1,-1
22,-1,878.51,523.33,33.822,103.47,-0.0010798,-1,-1,-1
22,-1,1297,545,39,119,-0.17591,-1,-1,-1
22,-1,1612.9,241.08,170.48,513.45,-0.20127,-1,-1,-1
22,-1,571.03,402.13,51.78,157.34,-0.20966,-1,-1,-1
22,-1,1304.5,376.9,29.314,89.943,-0.48494,-1,-1,-1
23,-1,1672.5,363.15,138.29,416.86,2.6367,-1,-1,-1
23,-1,1,212.12,210.12,632.36,1.0348,-1,-1,-1
23,-1,1819.9,437.53,59.629,180.89,0.98078,-1,-1,-1
23,-1,1324.2,460.65,68.644,207.93,0.92573,-1,-1,-1
23,-1,309.67,446.86,84.742,256.23,0.30275,-1,-1,-1
23,-1,1601,289,159,479,-0.15802,-1,-1,-1
23,-1,201,465,39,119,-0.23413,-1,-1,-1
23,-1,570.75,405.34,44.948,136.84,-0.27531,-1,-1,-1
23,-1,1655.7,237.38,195.98,589.95,-0.42357,-1,-1,-1
23,-1,878.51,523.33,33.822,103.47,-0.44563,-1,-1,-1
24,-1,1672.5,363.15,138.29,416.86,2.3877,-1,-1,-1
24,-1,1324.2,460.65,68.644,207.93,1.0232,-1,-1,-1
24,-1,40.397,237.38,195.98,589.95,0.91431,-1,-1,-1
24,-1,1819.9,437.53,59.629,180.89,0.81931,-1,-1,-1
24,-1,314.5,463.78,73.643,222.93,0.6028,-1,-1,-1
24,-1,881,513,39,119,-0.018242,-1,-1,-1
24,-1,571.03,402.13,51.78,157.34,-0.15125,-1,-1,-1
24,-1,1601,289,159,479,-0.27113,-1,-1,-1
24,-1,1296.7,534,44.948,136.84,-0.46437,-1,-1,-1
24,-1,1286.3,376.9,29.314,89.943,-0.47865,-1,-1,-1
25,-1,1672.5,363.15,138.29,416.86,2.249,-1,-1,-1
25,-1,314.5,463.78,73.643,222.93,0.94203,-1,-1,-1
25,-1,1324.2,460.65,68.644,207.93,0.89555,-1,-1,-1
25,-1,1819.9,437.53,59.629,180.89,0.79641,-1,-1,-1
25,-1,46.255,227.27,225.27,677.82,0.20955,-1,-1,-1
25,-1,1822.3,299.57,148.29,446.86,-0.39677,-1,-1,-1
25,-1,1307.1,377.89,31.49,96.47,-0.42359,-1,-1,-1
25,-1,1616.3,237.38,195.98,589.95,-0.42567,-1,-1,-1
25,-1,577,409,39,119,-0.46483,-1,-1,-1
26,-1,1672.5,363.15,138.29,416.86,1.955,-1,-1,-1
26,-1,326.82,446.86,84.742,256.23,0.84321,-1,-1,-1
26,-1,46.255,227.27,225.27,677.82,0.76051,-1,-1,-1
26,-1,1324.2,460.65,68.644,207.93,0.76021,-1,-1,-1
26,-1,1819.9,437.53,59.629,180.89,0.23662,-1,-1,-1
26,-1,1822.3,329.43,148.29,446.86,-0.33999,-1,-1,-1
26,-1,571.03,402.13,51.78,157.34,-0.4534,-1,-1,-1
27,-1,1644.6,363.15,138.29,416.86,1.558,-1,-1,-1
27,-1,1324.2,460.65,68.644,207.93,0.97921,-1,-1,-1
27,-1,46.255,227.27,225.27,677.82,0.60516,-1,-1,-1
27,-1,326.82,446.86,84.742,256.23,0.55816,-1,-1,-1
27,-1,1822.3,299.57,148.29,446.86,-0.15733,-1,-1,-1
27,-1,1304.3,549.75,41.871,127.61,-0.17855,-1,-1,-1
27,-1,1616.3,237.38,195.98,589.95,-0.37256,-1,-1,-1
28,-1,1643.1,359.28,148.29,446.86,1.517,-1,-1,-1
28,-1,1313,545,39,119,0.89188,-1,-1,-1
28,-1,46.255,227.27,225.27,677.82,0.83142,-1,-1,-1
28,-1,1324.2,460.65,68.644,207.93,0.44523,-1,-1,-1
28,-1,326.82,464.01,84.742,256.23,0.23392,-1,-1,-1
28,-1,1822.3,329.43,148.29,446.86,0.093763,-1,-1,-1
28,-1,571.03,402.13,51.78,157.34,-0.43882,-1,-1,-1
29,-1,1643.1,359.28,148.29,446.86,1.4304,-1,-1,-1
29,-1,1313,545,39,119,1.3226,-1,-1,-1
29,-1,46.255,227.27,225.27,677.82,0.60561,-1,-1,-1
29,-1,1822.3,329.43,148.29,446.86,0.46053,-1,-1,-1
29,-1,1326.6,468.86,63.98,193.94,0.019959,-1,-1,-1
29,-1,326.82,464.01,84.742,256.23,-0.3341,-1,-1,-1
29,-1,1584.9,91.51,225.27,677.82,-0.47555,-1,-1,-1
30,-1,1644.6,363.15,138.29,416.86,1.3997,-1,-1,-1
30,-1,1313,545,39,119,1.1419,-1,-1,-1
30,-1,49.503,195.01,241.51,726.54,0.69204,-1,-1,-1
30,-1,1792.4,329.43,148.29,446.86,0.60353,-1,-1,-1
30,-1,1324.2,460.65,68.644,207.93,0.12998,-1,-1,-1
30,-1,1616.3,237.38,195.98,589.95,-0.11687,-1,-1,-1
30,-1,363.15,502.44,68.644,207.93,-0.22978,-1,-1,-1
30,-1,326.82,446.86,84.742,256.23,-0.38398,-1,-1,-1
31,-1,1643.1,329.43,148.29,446.86,1.5153,-1,-1,-1
31,-1,1313,545,39,119,0.97719,-1,-1,-1
31,-1,1792.4,329.43,148.29,446.86,0.77569,-1,-1,-1
31,-1,91.51,227.27,225.27,677.82,0.30199,-1,-1,-1
31,-1,1324.2,460.65,68.644,207.93,0.075531,-1,-1,-1
31,-1,364.89,520.84,63.98,193.94,-0.19899,-1,-1,-1
31,-1,570.75,405.34,44.948,136.84,-0.49457,-1,-1,-1
32,-1,1643.1,329.43,148.29,446.86,1.9836,-1,-1,-1
32,-1,1792.4,329.43,148.29,446.86,0.8769,-1,-1,-1
32,-1,1313,545,39,119,0.6034,-1,-1,-1
32,-1,98.006,195.01,241.51,726.54,0.28895,-1,-1,-1
32,-1,1352.6,481.85,63.98,193.94,0.19253,-1,-1,-1
32,-1,1322.7,473.9,59.629,180.89,-0.072289,-1,-1,-1
32,-1,326.82,446.86,84.742,256.23,-0.22789,-1,-1,-1
32,-1,1304.5,376.9,29.314,89.943,-0.32721,-1,-1,-1
33,-1,1643.1,329.43,148.29,446.86,1.6799,-1,-1,-1
33,-1,1792.4,299.57,148.29,446.86,1.1298,-1,-1,-1
33,-1,1326.6,468.86,63.98,193.94,0.58833,-1,-1,-1
33,-1,127.67,212.12,210.12,632.36,0.54985,-1,-1,-1
33,-1,335.87,414.66,97.492,294.47,0.076893,-1,-1,-1
33,-1,1304.3,541.17,41.871,127.61,-0.043301,-1,-1,-1
33,-1,1370,513.16,48.246,146.74,-0.21322,-1,-1,-1
33,-1,1304.5,376.9,29.314,89.943,-0.49137,-1,-1,-1
34,-1,1793,289,159,479,1.4519,-1,-1,-1
34,-1,1643.1,329.43,148.29,446.86,1.3322,-1,-1,-1
34,-1,1312.9,541.17,41.871,127.61,0.68085,-1,-1,-1
34,-1,1326.6,468.86,63.98,193.94,0.53534,-1,-1,-1
34,-1,331.83,442.1,90.896,274.69,0.026091,-1,-1,-1
34,-1,1373.3,507.69,51.78,157.34,-0.027212,-1,-1,-1
34,-1,127.67,212.12,210.12,632.36,-0.038678,-1,-1,-1
34,-1,304.14,692.17,59.629,180.89,-0.28075,-1,-1,-1
34,-1,571.03,402.13,51.78,157.34,-0.32152,-1,-1,-1
34,-1,1304.5,376.9,29.314,89.943,-0.39348,-1,-1,-1
35,-1,1793,289,159,479,1.601,-1,-1,-1
35,-1,1644.6,363.15,138.29,416.86,1.1582,-1,-1,-1
35,-1,1312.9,541.17,41.871,127.61,0.44521,-1,-1,-1
35,-1,1324.2,460.65,68.644,207.93,0.32131,-1,-1,-1
35,-1,1616.3,237.38,195.98,589.95,0.31883,-1,-1,-1
35,-1,136.76,227.27,225.27,677.82,-0.0036884,-1,-1,-1
35,-1,1373.3,507.69,51.78,157.34,-0.039473,-1,-1,-1
35,-1,343.97,446.86,84.742,256.23,-0.35726,-1,-1,-1
35,-1,1307.1,377.89,31.49,96.47,-0.36044,-1,-1,-1
35,-1,577,409,39,119,-0.47922,-1,-1,-1
36,-1,1793,289,159,479,1.4108,-1,-1,-1
36,-1,1644.6,363.15,138.29,416.86,0.89494,-1,-1,-1
36,-1,1326.6,468.86,63.98,193.94,0.66792,-1,-1,-1
36,-1,158.59,237.38,195.98,589.95,0.41992,-1,-1,-1
36,-1,1616.3,237.38,195.98,589.95,0.1077,-1,-1,-1
36,-1,1373.3,507.69,51.78,157.34,0.05624,-1,-1,-1
36,-1,1307.1,377.89,31.49,96.47,-0.18044,-1,-1,-1
36,-1,113,513,79,239,-0.31007,-1,-1,-1
36,-1,343.97,446.86,84.742,256.23,-0.32529,-1,-1,-1
37,-1,1793,289,159,479,1.3894,-1,-1,-1
37,-1,1644.6,363.15,138.29,416.86,0.75732,-1,-1,-1
37,-1,1326.6,468.86,63.98,193.94,0.60988,-1,-1,-1
37,-1,1560.5,52.984,258.92,778.76,0.17498,-1,-1,-1
37,-1,1373.3,507.69,51.78,157.34,0.0824,-1,-1,-1
37,-1,158.59,237.38,195.98,589.95,0.075178,-1,-1,-1
37,-1,352.65,692.17,59.629,180.89,-0.24155,-1,-1,-1
37,-1,113,513,79,239,-0.38552,-1,-1,-1
37,-1,1304.5,376.9,29.314,89.943,-0.39082,-1,-1,-1
38,-1,1793,289,159,479,1.0871,-1,-1,-1
38,-1,1644.6,363.15,138.29,416.86,0.6812,-1,-1,-1
38,-1,1312.9,541.17,41.871,127.61,0.54264,-1,-1,-1
38,-1,1324.2,460.65,68.644,207.93,0.53917,-1,-1,-1
38,-1,1560.5,52.984,258.92,778.76,0.43789,-1,-1,-1
38,-1,103.89,498.3,84.742,256.23,0.2634,-1,-1,-1
38,-1,1373.3,507.69,51.78,157.34,0.096374,-1,-1,-1
38,-1,364.89,689.79,63.98,193.94,0.061026,-1,-1,-1
38,-1,1304.5,376.9,29.314,89.943,-0.25122,-1,-1,-1
38,-1,197.98,237.38,195.98,589.95,-0.42756,-1,-1,-1
39,-1,1793,289,159,479,0.9725,-1,-1,-1
39,-1,1650.1,413.27,120.26,362.77,0.66522,-1,-1,-1
39,-1,1324.2,460.65,68.644,207.93,0.50686,-1,-1,-1
39,-1,1612.9,275.37,170.48,513.45,0.48261,-1,-1,-1
39,-1,103.89,498.3,84.742,256.23,0.3595,-1,-1,-1
39,-1,1560.5,52.984,258.92,778.76,0.2053,-1,-1,-1
39,-1,364.89,689.79,63.98,193.94,0.073821,-1,-1,-1
39,-1,1373.3,507.69,51.78,157.34,0.019066,-1,-1,-1
39,-1,182.02,227.27,225.27,677.82,-0.084539,-1,-1,-1
39,-1,1307.1,377.89,31.49,96.47,-0.20725,-1,-1,-1
39,-1,577,409,39,119,-0.2694,-1,-1,-1
40,-1,1784.4,275.37,170.48,513.45,0.96408,-1,-1,-1
40,-1,1638.5,390.88,128.96,388.88,0.89621,-1,-1,-1
40,-1,1321,545,39,119,0.45162,-1,-1,-1
40,-1,1324.2,460.65,68.644,207.93,0.388,-1,-1,-1
40,-1,227.27,227.27,225.27,677.82,0.26042,-1,-1,-1
40,-1,103.89,498.3,84.742,256.23,0.15027,-1,-1,-1
40,-1,1373.3,507.69,51.78,157.34,0.13284,-1,-1,-1
40,-1,1539.7,136.76,225.27,677.82,0.087389,-1,-1,-1
40,-1,120.43,478.71,148.29,446.86,-0.2703,-1,-1,-1
40,-1,577,409,39,119,-0.32606,-1,-1,-1
40,-1,1304.5,376.9,29.314,89.943,-0.49431,-1,-1,-1
41,-1,1613.3,359.28,148.29,446.86,1.1063,-1,-1,-1
41,-1,1321,545,39,119,0.83866,-1,-1,-1
41,-1,1784.4,275.37,170.48,513.45,0.79979,-1,-1,-1
41,-1,1338.2,460.65,68.644,207.93,0.66568,-1,-1,-1
41,-1,276.78,276.78,195.98,589.95,0.4643,-1,-1,-1
41,-1,1539.7,136.76,225.27,677.82,0.30499,-1,-1,-1
41,-1,103.89,498.3,84.742,256.23,0.11256,-1,-1,-1
41,-1,570.75,405.34,44.948,136.84,-0.17866,-1,-1,-1
41,-1,150.29,478.71,148.29,446.86,-0.2573,-1,-1,-1
41,-1,1307.7,380.01,27.284,83.853,-0.45799,-1,-1,-1
42,-1,1793,289,159,479,0.97949,-1,-1,-1
42,-1,1638.5,390.88,128.96,388.88,0.93753,-1,-1,-1
42,-1,1338.2,460.65,68.644,207.93,0.59991,-1,-1,-1
42,-1,272.53,227.27,225.27,677.82,0.37412,-1,-1,-1
42,-1,103.89,498.3,84.742,256.23,0.36406,-1,-1,-1
42,-1,1312.9,541.17,41.871,127.61,0.3308,-1,-1,-1
42,-1,1539.7,136.76,225.27,677.82,0.31384,-1,-1,-1
42,-1,577,409,39,119,-0.036345,-1,-1,-1
42,-1,150.29,478.71,148.29,446.86,-0.17484,-1,-1,-1
43,-1,1792.4,299.57,148.29,446.86,1.0513,-1,-1,-1
43,-1,1638.5,390.88,128.96,388.88,0.97844,-1,-1,-1
43,-1,1338.2,460.65,68.644,207.93,0.89112,-1,-1,-1
43,-1,296.57,254.35,210.12,632.36,0.45547,-1,-1,-1
43,-1,103.89,498.3,84.742,256.23,0.12249,-1,-1,-1
43,-1,1312.9,541.17,41.871,127.61,0.1207,-1,-1,-1
43,-1,1303.3,377.08,33.822,103.47,0.0047144,-1,-1,-1
43,-1,1539.7,136.76,225.27,677.82,-0.038429,-1,-1,-1
43,-1,575.47,403.99,41.871,127.61,-0.15901,-1,-1,-1
44,-1,1613.3,359.28,148.29,446.86,1.1983,-1,-1,-1
44,-1,1792.4,299.57,148.29,446.86,1.1006,-1,-1,-1
44,-1,1338.2,460.65,68.644,207.93,0.92007,-1,-1,-1
44,-1,272.53,227.27,225.27,677.82,0.52629,-1,-1,-1
44,-1,113,497,79,239,0.24523,-1,-1,-1
44,-1,1312.9,541.17,41.871,127.61,0.24048,-1,-1,-1
44,-1,1307.7,380.01,27.284,83.853,-0.20178,-1,-1,-1
44,-1,1539.7,136.76,225.27,677.82,-0.236,-1,-1,-1
44,-1,90.571,329.43,148.29,446.86,-0.38279,-1,-1,-1
44,-1,570.75,405.34,44.948,136.84,-0.416,-1,-1,-1
45,-1,1784.4,275.37,170.48,513.45,1.1915,-1,-1,-1
45,-1,1644.6,363.15,138.29,416.86,1.0836,-1,-1,-1
45,-1,296.57,254.35,210.12,632.36,0.76895,-1,-1,-1
45,-1,1338.2,460.65,68.644,207.93,0.75665,-1,-1,-1
45,-1,103.89,498.3,84.742,256.23,0.38226,-1,-1,-1
45,-1,1616.3,237.38,195.98,589.95,0.00042829,-1,-1,-1
45,-1,570.75,405.34,44.948,136.84,-0.042802,-1,-1,-1
45,-1,1307.1,377.89,31.49,96.47,-0.28071,-1,-1,-1
45,-1,1312.9,541.17,41.871,127.61,-0.30741,-1,-1,-1
46,-1,1644.6,363.15,138.29,416.86,1.1137,-1,-1,-1
46,-1,1793,289,159,479,1.1131,-1,-1,-1
46,-1,331.83,258.31,182.79,550.38,0.61849,-1,-1,-1
46,-1,1338.2,460.65,68.644,207.93,0.61361,-1,-1,-1
46,-1,113,497,79,239,0.24775,-1,-1,-1
46,-1,1616.3,237.38,195.98,589.95,0.15232,-1,-1,-1
46,-1,223.93,446.86,84.742,256.23,0.1399,-1,-1,-1
46,-1,1312.9,541.17,41.871,127.61,-0.14159,-1,-1,-1
46,-1,570.75,405.34,44.948,136.84,-0.14227,-1,-1,-1
46,-1,1307.7,380.01,27.284,83.853,-0.31669,-1,-1,-1
47,-1,1784.4,275.37,170.48,513.45,1.4706,-1,-1,-1
47,-1,338.79,254.35,210.12,632.36,1.3912,-1,-1,-1
47,-1,1613.3,359.28,148.29,446.86,1.033,-1,-1,-1
47,-1,1338.2,460.65,68.644,207.93,0.55755,-1,-1,-1
47,-1,103.89,498.3,84.742,256.23,0.22563,-1,-1,-1
47,-1,239.86,463.78,73.643,222.93,0.032949,-1,-1,-1
47,-1,1312.9,541.17,41.871,127.61,-0.082044,-1,-1,-1
47,-1,570.75,405.34,44.948,136.84,-0.14471,-1,-1,-1
47,-1,1563.3,169.9,210.12,632.36,-0.32523,-1,-1,-1
47,-1,1304.5,376.9,29.314,89.943,-0.34365,-1,-1,-1
48,-1,1613.3,359.28,148.29,446.86,1.7166,-1,-1,-1
48,-1,1784.4,275.37,170.48,513.45,1.2657,-1,-1,-1
48,-1,338.79,212.12,210.12,632.36,1.1613,-1,-1,-1
48,-1,1338.2,460.65,68.644,207.93,0.48081,-1,-1,-1
48,-1,239.86,463.78,73.643,222.93,0.14929,-1,-1,-1
48,-1,1563.3,169.9,210.12,632.36,0.056736,-1,-1,-1
48,-1,103.89,498.3,84.742,256.23,0.01102,-1,-1,-1
48,-1,1312.9,541.17,41.871,127.61,-0.1448,-1,-1,-1
48,-1,570.75,405.34,44.948,136.84,-0.3216,-1,-1,-1
48,-1,1304.5,376.9,29.314,89.943,-0.40378,-1,-1,-1
49,-1,1613.3,359.28,148.29,446.86,2.0204,-1,-1,-1
49,-1,1784.4,275.37,170.48,513.45,0.98652,-1,-1,-1
49,-1,394.97,237.38,195.98,589.95,0.84152,-1,-1,-1
49,-1,1338.2,460.65,68.644,207.93,0.46999,-1,-1,-1
49,-1,1563.3,169.9,210.12,632.36,0.42552,-1,-1,-1
49,-1,223.93,446.86,84.742,256.23,-0.094099,-1,-1,-1
49,-1,103.89,498.3,84.742,256.23,-0.13659,-1,-1,-1
49,-1,1312.9,541.17,41.871,127.61,-0.15424,-1,-1,-1
49,-1,570.75,405.34,44.948,136.84,-0.31326,-1,-1,-1
49,-1,1307.1,377.89,31.49,96.47,-0.35131,-1,-1,-1
49,-1,987.99,523.53,25.39,78.17,-0.49163,-1,-1,-1
50,-1,1613.3,359.28,148.29,446.86,2.274,-1,-1,-1
50,-1,1563.3,169.9,210.12,632.36,0.62978,-1,-1,-1
50,-1,1784.4,275.37,170.48,513.45,0.61252,-1,-1,-1
50,-1,1321,545,39,119,0.53036,-1,-1,-1
50,-1,1338.2,460.65,68.644,207.93,0.30404,-1,-1,-1
50,-1,558.15,391.01,68.644,207.93,0.27418,-1,-1,-1
50,-1,361.12,429.71,84.742,256.23,0.10176,-1,-1,-1
50,-1,405.34,258.31,182.79,550.38,0.09924,-1,-1,-1
50,-1,113,497,79,239,-0.054761,-1,-1,-1
50,-1,364.89,208.94,258.92,778.76,-0.059876,-1,-1,-1
50,-1,223.93,446.86,84.742,256.23,-0.20436,-1,-1,-1
50,-1,1307.1,377.89,31.49,96.47,-0.23442,-1,-1,-1
51,-1,1601,321,159,479,2.1105,-1,-1,-1
51,-1,355.57,414.66,97.492,294.47,0.74972,-1,-1,-1
51,-1,1784.4,275.37,170.48,513.45,0.72762,-1,-1,-1
51,-1,1539.7,136.76,225.27,677.82,0.72444,-1,-1,-1
51,-1,1321,545,39,119,0.62198,-1,-1,-1
51,-1,394.97,237.38,195.98,589.95,0.20484,-1,-1,-1
51,-1,1338.2,460.65,68.644,207.93,0.19004,-1,-1,-1
51,-1,113,497,79,239,0.0060006,-1,-1,-1
51,-1,223.93,446.86,84.742,256.23,-0.30314,-1,-1,-1
51,-1,572.25,404.82,48.246,146.74,-0.44116,-1,-1,-1
51,-1,1304.5,376.9,29.314,89.943,-0.45896,-1,-1,-1
52,-1,1601,321,159,479,2.1101,-1,-1,-1
52,-1,1784.4,275.37,170.48,513.45,1.1899,-1,-1,-1
52,-1,368.58,423.72,90.896,274.69,0.98379,-1,-1,-1
52,-1,1321,545,39,119,0.55361,-1,-1,-1
52,-1,1339.6,468.86,63.98,193.94,0.44896,-1,-1,-1
52,-1,1539.7,136.76,225.27,677.82,0.24865,-1,-1,-1
52,-1,223.93,446.86,84.742,256.23,-0.1762,-1,-1,-1
52,-1,408.29,227.27,225.27,677.82,-0.35872,-1,-1,-1
52,-1,120.43,523.5,73.643,222.93,-0.46092,-1,-1,-1
52,-1,572.83,468.86,128.96,388.88,-0.481,-1,-1,-1
53,-1,1583.4,359.28,148.29,446.86,2.1654,-1,-1,-1
53,-1,1765.4,258.31,182.79,550.38,1.1722,-1,-1,-1
53,-1,1321,545,39,119,0.58382,-1,-1,-1
53,-1,1539.7,136.76,225.27,677.82,0.43088,-1,-1,-1
53,-1,1338.2,460.65,68.644,207.93,0.33568,-1,-1,-1
53,-1,375.27,414.66,97.492,294.47,0.30383,-1,-1,-1
53,-1,103.89,498.3,84.742,256.23,-0.08761,-1,-1,-1
53,-1,225,449,79,239,-0.33528,-1,-1,-1
53,-1,1307.7,380.01,27.284,83.853,-0.35179,-1,-1,-1
54,-1,1583.4,359.28,148.29,446.86,2.0866,-1,-1,-1
54,-1,1765.4,258.31,182.79,550.38,1.42,-1,-1,-1
54,-1,1321,545,39,119,0.5552,-1,-1,-1
54,-1,1539.7,136.76,225.27,677.82,0.45839,-1,-1,-1
54,-1,1339.6,468.86,63.98,193.94,0.4094,-1,-1,-1
54,-1,368.58,442.1,90.896,274.69,0.15989,-1,-1,-1
54,-1,126.36,530.29,68.644,207.93,-0.063768,-1,-1,-1
54,-1,223.93,446.86,84.742,256.23,-0.37618,-1,-1,-1
54,-1,1303.3,377.08,33.822,103.47,-0.40767,-1,-1,-1
55,-1,1569,353,159,479,2.1113,-1,-1,-1
55,-1,1765.4,258.31,182.79,550.38,1.3864,-1,-1,-1
55,-1,1321,545,39,119,0.6073,-1,-1,-1
55,-1,1539.7,136.76,225.27,677.82,0.57009,-1,-1,-1
55,-1,378.26,446.86,84.742,256.23,0.31198,-1,-1,-1
55,-1,1338.2,460.65,68.644,207.93,0.26158,-1,-1,-1
55,-1,619.41,667.92,59.629,180.89,-0.048526,-1,-1,-1
55,-1,121.04,481.15,84.742,256.23,-0.089581,-1,-1,-1
55,-1,566.69,498.8,112.14,338.41,-0.17628,-1,-1,-1
55,-1,389.14,419,148.29,446.86,-0.32485,-1,-1,-1
55,-1,1307.1,377.89,31.49,96.47,-0.35067,-1,-1,-1
56,-1,1583.4,359.28,148.29,446.86,2.5336,-1,-1,-1
56,-1,378.26,446.86,84.742,256.23,1.5868,-1,-1,-1
56,-1,1750.1,275.37,170.48,513.45,1.1326,-1,-1,-1
56,-1,1321,545,39,119,0.64565,-1,-1,-1
56,-1,1563.3,212.12,210.12,632.36,0.51605,-1,-1,-1
56,-1,1338.2,460.65,68.644,207.93,0.34693,-1,-1,-1
56,-1,589.31,498.8,112.14,338.41,0.28668,-1,-1,-1
56,-1,419,389.14,148.29,446.86,0.082921,-1,-1,-1
56,-1,1304.5,376.9,29.314,89.943,-0.097894,-1,-1,-1
56,-1,507.69,254.35,210.12,632.36,-0.17742,-1,-1,-1
56,-1,126.36,530.29,68.644,207.93,-0.19777,-1,-1,-1
57,-1,1583.4,359.28,148.29,446.86,2.0505,-1,-1,-1
57,-1,1750.1,275.37,170.48,513.45,1.2398,-1,-1,-1
57,-1,378.26,446.86,84.742,256.23,1.1478,-1,-1,-1
57,-1,1563.3,254.35,210.12,632.36,0.65396,-1,-1,-1
57,-1,1321,545,39,119,0.43267,-1,-1,-1
57,-1,1338.2,460.65,68.644,207.93,0.27362,-1,-1,-1
57,-1,611.65,532.85,97.492,294.47,0.2556,-1,-1,-1
57,-1,126.36,530.29,68.644,207.93,0.0084371,-1,-1,-1
57,-1,419,419,148.29,446.86,-0.085234,-1,-1,-1
57,-1,507.69,254.35,210.12,632.36,-0.26776,-1,-1,-1
57,-1,1304.5,376.9,29.314,89.943,-0.2738,-1,-1,-1
57,-1,897,513,39,119,-0.41281,-1,-1,-1
58,-1,1750.1,275.37,170.48,513.45,1.4258,-1,-1,-1
58,-1,1553.6,359.28,148.29,446.86,1.3332,-1,-1,-1
58,-1,375.27,434.36,97.492,294.47,1.149,-1,-1,-1
58,-1,1576.9,237.38,195.98,589.95,0.7217,-1,-1,-1
58,-1,1321,545,39,119,0.33184,-1,-1,-1
58,-1,1359.1,486.03,59.629,180.89,0.32158,-1,-1,-1
58,-1,552.38,258.31,182.79,550.38,0.23392,-1,-1,-1
58,-1,126.36,530.29,68.644,207.93,0.07866,-1,-1,-1
58,-1,1324.2,460.65,68.644,207.93,0.0056479,-1,-1,-1
58,-1,897,513,39,119,-0.0044464,-1,-1,-1
58,-1,448.86,389.14,148.29,446.86,-0.28946,-1,-1,-1
58,-1,1304.5,376.9,29.314,89.943,-0.32959,-1,-1,-1
58,-1,99.492,454.06,97.492,294.47,-0.49355,-1,-1,-1
59,-1,1750.1,275.37,170.48,513.45,1.4621,-1,-1,-1
59,-1,395.41,446.86,84.742,256.23,1.4406,-1,-1,-1
59,-1,1569,353,159,479,1.3854,-1,-1,-1
59,-1,1347,473.9,59.629,180.89,0.35005,-1,-1,-1
59,-1,1321,545,39,119,0.33162,-1,-1,-1
59,-1,1539.7,136.76,225.27,677.82,0.25843,-1,-1,-1
59,-1,552.55,237.38,195.98,589.95,0.11873,-1,-1,-1
59,-1,126.36,530.29,68.644,207.93,0.021092,-1,-1,-1
59,-1,897,513,39,119,-0.25173,-1,-1,-1
59,-1,478.71,389.14,148.29,446.86,-0.40063,-1,-1,-1
59,-1,1303.3,377.08,33.822,103.47,-0.45093,-1,-1,-1
59,-1,1366,488.51,68.644,207.93,-0.48797,-1,-1,-1
60,-1,1750.1,275.37,170.48,513.45,1.697,-1,-1,-1
60,-1,395.41,446.86,84.742,256.23,1.5079,-1,-1,-1
60,-1,1544.4,309.67,170.48,513.45,1.4875,-1,-1,-1
60,-1,1371.2,486.03,59.629,180.89,0.44415,-1,-1,-1
60,-1,1338.2,460.65,68.644,207.93,0.32988,-1,-1,-1
60,-1,897,513,39,119,0.13676,-1,-1,-1
60,-1,1312.9,541.17,41.871,127.61,0.13328,-1,-1,-1
60,-1,126.36,530.29,68.644,207.93,0.058742,-1,-1,-1
60,-1,549.92,212.12,210.12,632.36,0.011656,-1,-1,-1
60,-1,1508.5,52.984,258.92,778.76,-0.11764,-1,-1,-1
60,-1,1303.3,377.08,33.822,103.47,-0.30242,-1,-1,-1
60,-1,99.492,454.06,97.492,294.47,-0.48422,-1,-1,-1
61,-1,395.41,446.86,84.742,256.23,2.2247,-1,-1,-1
61,-1,1553.6,359.28,148.29,446.86,1.6984,-1,-1,-1
61,-1,1728.6,258.31,182.79,550.38,1.5642,-1,-1,-1
61,-1,1576.9,237.38,195.98,589.95,0.97193,-1,-1,-1
61,-1,897,513,39,119,0.73601,-1,-1,-1
61,-1,1321,545,39,119,0.34103,-1,-1,-1
61,-1,1371.2,486.03,59.629,180.89,0.31277,-1,-1,-1
61,-1,1338.2,460.65,68.644,207.93,0.23321,-1,-1,-1
61,-1,1494.4,91.51,225.27,677.82,0.23121,-1,-1,-1
61,-1,589.13,258.31,182.79,550.38,0.20442,-1,-1,-1
61,-1,126.36,530.29,68.644,207.93,0.12798,-1,-1,-1
61,-1,1304.5,376.9,29.314,89.943,-0.38761,-1,-1,-1
61,-1,99.492,454.06,97.492,294.47,-0.48397,-1,-1,-1
62,-1,395.41,446.86,84.742,256.23,1.9792,-1,-1,-1
62,-1,1553.6,359.28,148.29,446.86,1.9765,-1,-1,-1
62,-1,1750.1,275.37,170.48,513.45,1.6407,-1,-1,-1
62,-1,1504.6,98.006,241.51,726.54,1.0557,-1,-1,-1
62,-1,591.95,237.38,195.98,589.95,1.0086,-1,-1,-1
62,-1,897,513,39,119,0.70035,-1,-1,-1
62,-1,1371.2,486.03,59.629,180.89,0.4727,-1,-1,-1
62,-1,1321,545,39,119,0.38267,-1,-1,-1
62,-1,1339.6,468.86,63.98,193.94,0.2407,-1,-1,-1
62,-1,126.36,530.29,68.644,207.93,0.19044,-1,-1,-1
62,-1,1304.5,376.9,29.314,89.943,-0.39525,-1,-1,-1
62,-1,99.492,454.06,97.492,294.47,-0.46879,-1,-1,-1
63,-1,395.41,446.86,84.742,256.23,2.6638,-1,-1,-1
63,-1,1544.4,309.67,170.48,513.45,1.9668,-1,-1,-1
63,-1,1728.6,258.31,182.79,550.38,1.863,-1,-1,-1
63,-1,625.89,258.31,182.79,550.38,1.3414,-1,-1,-1
63,-1,905,513,39,119,0.52313,-1,-1,-1
63,-1,1321,545,39,119,0.46825,-1,-1,-1
63,-1,1508.5,104.97,258.92,778.76,0.38317,-1,-1,-1
63,-1,1371.2,486.03,59.629,180.89,0.34732,-1,-1,-1
63,-1,1339.6,468.86,63.98,193.94,0.18185,-1,-1,-1
63,-1,126.36,530.29,68.644,207.93,0.070291,-1,-1,-1
63,-1,572.83,208.94,258.92,778.76,-0.20635,-1,-1,-1
63,-1,408.29,408.29,112.14,338.41,-0.39744,-1,-1,-1
63,-1,99.492,454.06,97.492,294.47,-0.45528,-1,-1,-1
64,-1,1553.6,359.28,148.29,446.86,2.6582,-1,-1,-1
64,-1,405.34,442.1,90.896,274.69,2.4254,-1,-1,-1
64,-1,1728.6,258.31,182.79,550.38,2.2548,-1,-1,-1
64,-1,625.89,258.31,182.79,550.38,1.0397,-1,-1,-1
64,-1,1576.9,237.38,195.98,589.95,1.0078,-1,-1,-1
64,-1,1321,545,39,119,0.63048,-1,-1,-1
64,-1,905,513,39,119,0.62849,-1,-1,-1
64,-1,1347,473.9,59.629,180.89,0.18223,-1,-1,-1
64,-1,126.36,530.29,68.644,207.93,0.14651,-1,-1,-1
64,-1,1494.4,91.51,225.27,677.82,-0.045646,-1,-1,-1
64,-1,572.83,208.94,258.92,778.76,-0.079501,-1,-1,-1
64,-1,961,521,39,119,-0.11314,-1,-1,-1
64,-1,1307.7,380.01,27.284,83.853,-0.24105,-1,-1,-1
64,-1,99.492,454.06,97.492,294.47,-0.44246,-1,-1,-1
65,-1,412.56,446.86,84.742,256.23,2.8162,-1,-1,-1
65,-1,1553.6,359.28,148.29,446.86,2.2903,-1,-1,-1
65,-1,1728.6,258.31,182.79,550.38,1.9753,-1,-1,-1
65,-1,1576.9,237.38,195.98,589.95,1.0216,-1,-1,-1
65,-1,905,513,39,119,0.91611,-1,-1,-1
65,-1,631.35,237.38,195.98,589.95,0.64466,-1,-1,-1
65,-1,1321,545,39,119,0.38916,-1,-1,-1
65,-1,1494.4,91.51,225.27,677.82,0.3095,-1,-1,-1
65,-1,126.36,530.29,68.644,207.93,0.23622,-1,-1,-1
65,-1,1339.6,468.86,63.98,193.94,0.12948,-1,-1,-1
65,-1,570.75,405.34,44.948,136.84,-0.36678,-1,-1,-1
65,-1,99.492,454.06,97.492,294.47,-0.38011,-1,-1,-1
65,-1,1307.7,380.01,27.284,83.853,-0.44778,-1,-1,-1
65,-1,549.75,378.26,170.48,513.45,-0.4546,-1,-1,-1
66,-1,412.56,446.86,84.742,256.23,2.7749,-1,-1,-1
66,-1,1537,353,159,479,1.903,-1,-1,-1
66,-1,1734.5,237.38,195.98,589.95,1.8749,-1,-1,-1
66,-1,1504.6,98.006,241.51,726.54,0.90768,-1,-1,-1
66,-1,905,513,39,119,0.63522,-1,-1,-1
66,-1,1371.2,486.03,59.629,180.89,0.49635,-1,-1,-1
66,-1,1321,545,39,119,0.39624,-1,-1,-1
66,-1,634.36,212.12,210.12,632.36,0.37705,-1,-1,-1
66,-1,1339.6,468.86,63.98,193.94,0.34929,-1,-1,-1
66,-1,126.36,530.29,68.644,207.93,0.1253,-1,-1,-1
66,-1,570.75,405.34,44.948,136.84,-0.16189,-1,-1,-1
66,-1,1307.7,380.01,27.284,83.853,-0.24859,-1,-1,-1
66,-1,966.22,493.46,48.246,146.74,-0.29053,-1,-1,-1
67,-1,405.34,442.1,90.896,274.69,2.9103,-1,-1,-1
67,-1,1728.6,258.31,182.79,550.38,2.1656,-1,-1,-1
67,-1,1537,353,159,479,1.3636,-1,-1,-1
67,-1,905,513,39,119,1.1712,-1,-1,-1
67,-1,634.36,212.12,210.12,632.36,0.67999,-1,-1,-1
67,-1,1321,545,39,119,0.58552,-1,-1,-1
67,-1,1504.6,98.006,241.51,726.54,0.44796,-1,-1,-1
67,-1,1347,473.9,59.629,180.89,0.32134,-1,-1,-1
67,-1,126.36,530.29,68.644,207.93,0.15895,-1,-1,-1
67,-1,570.75,405.34,44.948,136.84,-0.030763,-1,-1,-1
67,-1,99.492,454.06,97.492,294.47,-0.42511,-1,-1,-1
67,-1,1304.5,376.9,29.314,89.943,-0.4791,-1,-1,-1
68,-1,412.56,446.86,84.742,256.23,2.7196,-1,-1,-1
68,-1,1728.6,258.31,182.79,550.38,2.5451,-1,-1,-1
68,-1,1537,353,159,479,1.3469,-1,-1,-1
68,-1,905,513,39,119,1.3403,-1,-1,-1
68,-1,1321,545,39,119,0.76817,-1,-1,-1
68,-1,1504.6,146.51,241.51,726.54,0.59298,-1,-1,-1
68,-1,670.74,237.38,195.98,589.95,0.5337,-1,-1,-1
68,-1,1371.2,486.03,59.629,180.89,0.35635,-1,-1,-1
68,-1,1339.6,468.86,63.98,193.94,0.21872,-1,-1,-1
68,-1,126.36,530.29,68.644,207.93,0.18715,-1,-1,-1
68,-1,570.75,405.34,44.948,136.84,-0.059085,-1,-1,-1
68,-1,1304.5,376.9,29.314,89.943,-0.43882,-1,-1,-1
69,-1,1734.5,237.38,195.98,589.95,2.7153,-1,-1,-1
69,-1,412.56,446.86,84.742,256.23,2.6806,-1,-1,-1
69,-1,1553.6,359.28,148.29,446.86,1.0549,-1,-1,-1
69,-1,905,513,39,119,0.79018,-1,-1,-1
69,-1,1321,545,39,119,0.76982,-1,-1,-1
69,-1,676.59,212.12,210.12,632.36,0.56968,-1,-1,-1
69,-1,1494.4,136.76,225.27,677.82,0.47684,-1,-1,-1
69,-1,1371.2,486.03,59.629,180.89,0.28119,-1,-1,-1
69,-1,126.36,530.29,68.644,207.93,0.27246,-1,-1,-1
69,-1,1339.6,468.86,63.98,193.94,0.10993,-1,-1,-1
69,-1,570.75,405.34,44.948,136.84,-0.005974,-1,-1,-1
69,-1,1304.5,376.9,29.314,89.943,-0.26729,-1,-1,-1
69,-1,251.72,488.51,68.644,207.93,-0.33515,-1,-1,-1
69,-1,1668.9,296.57,104.56,315.68,-0.4463,-1,-1,-1
70,-1,1734.5,237.38,195.98,589.95,2.5833,-1,-1,-1
70,-1,412.56,446.86,84.742,256.23,2.1712,-1,-1,-1
70,-1,905,513,39,119,1.1127,-1,-1,-1
70,-1,1456.6,104.97,258.92,778.76,0.73769,-1,-1,-1
70,-1,1321,545,39,119,0.47166,-1,-1,-1
70,-1,736.17,258.31,182.79,550.38,0.46761,-1,-1,-1
70,-1,126.36,530.29,68.644,207.93,0.30818,-1,-1,-1
70,-1,1371.2,486.03,59.629,180.89,0.17641,-1,-1,-1
70,-1,1339.6,468.86,63.98,193.94,0.12744,-1,-1,-1
70,-1,700.29,700.29,48.246,146.74,-0.018295,-1,-1,-1
70,-1,254.78,478.71,73.643,222.93,-0.042073,-1,-1,-1
70,-1,430.92,408.29,112.14,338.41,-0.11501,-1,-1,-1
70,-1,577,409,39,119,-0.1606,-1,-1,-1
70,-1,1304.5,376.9,29.314,89.943,-0.33644,-1,-1,-1
70,-1,1673.5,313.45,90.896,274.69,-0.34902,-1,-1,-1
70,-1,676.79,208.94,258.92,778.76,-0.47936,-1,-1,-1
71,-1,1728.6,258.31,182.79,550.38,2.8439,-1,-1,-1
71,-1,423.72,442.1,90.896,274.69,1.8094,-1,-1,-1
71,-1,1494.4,136.76,225.27,677.82,1.003,-1,-1,-1
71,-1,736.17,258.31,182.79,550.38,0.68478,-1,-1,-1
71,-1,1321,545,39,119,0.65702,-1,-1,-1
71,-1,1371.2,486.03,59.629,180.89,0.35607,-1,-1,-1
71,-1,126.36,530.29,68.644,207.93,0.25796,-1,-1,-1
71,-1,254.78,478.71,73.643,222.93,0.13774,-1,-1,-1
71,-1,1339.6,468.86,63.98,193.94,0.055594,-1,-1,-1
71,-1,905,513,39,119,-0.13672,-1,-1,-1
71,-1,1307.7,380.01,27.284,83.853,-0.38268,-1,-1,-1
71,-1,577,409,39,119,-0.38903,-1,-1,-1
71,-1,1675.4,316.17,97.492,294.47,-0.39912,-1,-1,-1
71,-1,657.86,389.14,148.29,446.86,-0.42237,-1,-1,-1
71,-1,676.79,156.95,258.92,778.76,-0.42635,-1,-1,-1
71,-1,1664.5,208.94,258.92,778.76,-0.44944,-1,-1,-1
72,-1,1695.1,237.38,195.98,589.95,3.3659,-1,-1,-1
72,-1,423.72,442.1,90.896,274.69,1.8694,-1,-1,-1
72,-1,1510.1,343.97,170.48,513.45,1.2978,-1,-1,-1
72,-1,736.17,258.31,182.79,550.38,1.0237,-1,-1,-1
72,-1,1456.6,104.97,258.92,778.76,1.0232,-1,-1,-1
72,-1,1321,545,39,119,0.7112,-1,-1,-1
72,-1,1371.2,486.03,59.629,180.89,0.32063,-1,-1,-1
72,-1,126.36,530.29,68.644,207.93,0.25914,-1,-1,-1
72,-1,254.78,478.71,73.643,222.93,0.2155,-1,-1,-1
72,-1,1334.8,473.9,59.629,180.89,0.16841,-1,-1,-1
72,-1,905,505,39,119,0.14931,-1,-1,-1
72,-1,570.75,405.34,44.948,136.84,-0.13691,-1,-1,-1
72,-1,1765.9,182.02,225.27,677.82,-0.22896,-1,-1,-1
72,-1,1307.7,380.01,27.284,83.853,-0.43342,-1,-1,-1
73,-1,1695.1,237.38,195.98,589.95,3.1269,-1,-1,-1
73,-1,414.66,434.36,97.492,294.47,1.756,-1,-1,-1
73,-1,1510.1,343.97,170.48,513.45,1.0122,-1,-1,-1
73,-1,1456.6,104.97,258.92,778.76,0.99709,-1,-1,-1
73,-1,1321,545,39,119,0.6328,-1,-1,-1
73,-1,749.54,237.38,195.98,589.95,0.53986,-1,-1,-1
73,-1,1339.6,468.86,63.98,193.94,0.41714,-1,-1,-1
73,-1,258.23,464.01,84.742,256.23,0.23027,-1,-1,-1
73,-1,121.04,498.3,84.742,256.23,0.077803,-1,-1,-1
73,-1,1765.9,182.02,225.27,677.82,-0.14849,-1,-1,-1
73,-1,570.75,405.34,44.948,136.84,-0.23294,-1,-1,-1
73,-1,1307.7,380.01,27.284,83.853,-0.43807,-1,-1,-1
74,-1,1695.1,237.38,195.98,589.95,3.0615,-1,-1,-1
74,-1,414.66,434.36,97.492,294.47,1.7078,-1,-1,-1
74,-1,749.54,237.38,195.98,589.95,1.3033,-1,-1,-1
74,-1,1510.1,343.97,170.48,513.45,1.2508,-1,-1,-1
74,-1,1456.6,104.97,258.92,778.76,0.99434,-1,-1,-1
74,-1,1312.9,541.17,41.871,127.61,0.43958,-1,-1,-1
74,-1,258.23,464.01,84.742,256.23,0.36549,-1,-1,-1
74,-1,126.36,530.29,68.644,207.93,0.3581,-1,-1,-1
74,-1,1371.2,486.03,59.629,180.89,0.27706,-1,-1,-1
74,-1,1334.8,473.9,59.629,180.89,0.26958,-1,-1,-1
74,-1,570.75,405.34,44.948,136.84,-0.20287,-1,-1,-1
74,-1,1304.5,376.9,29.314,89.943,-0.47163,-1,-1,-1
75,-1,1695.1,237.38,195.98,589.95,3.0166,-1,-1,-1
75,-1,1510.1,343.97,170.48,513.45,1.6489,-1,-1,-1
75,-1,414.66,434.36,97.492,294.47,1.6479,-1,-1,-1
75,-1,1456.6,104.97,258.92,778.76,1.0716,-1,-1,-1
75,-1,1312.9,541.17,41.871,127.61,0.63543,-1,-1,-1
75,-1,788.93,237.38,195.98,589.95,0.59885,-1,-1,-1
75,-1,258.23,464.01,84.742,256.23,0.44044,-1,-1,-1
75,-1,1371.2,486.03,59.629,180.89,0.20874,-1,-1,-1
75,-1,1339.6,468.86,63.98,193.94,0.20435,-1,-1,-1
75,-1,570.75,405.34,44.948,136.84,-0.080501,-1,-1,-1
75,-1,126.36,530.29,68.644,207.93,-0.086365,-1,-1,-1
75,-1,1307.7,380.01,27.284,83.853,-0.37825,-1,-1,-1
76,-1,1695.1,237.38,195.98,589.95,3.3298,-1,-1,-1
76,-1,1510.1,343.97,170.48,513.45,1.8244,-1,-1,-1
76,-1,414.66,434.36,97.492,294.47,1.4767,-1,-1,-1
76,-1,1456.6,104.97,258.92,778.76,0.77398,-1,-1,-1
76,-1,258.23,464.01,84.742,256.23,0.54825,-1,-1,-1
76,-1,1312.9,541.17,41.871,127.61,0.42925,-1,-1,-1
76,-1,809.68,258.31,182.79,550.38,0.40269,-1,-1,-1
76,-1,1338.2,460.65,68.644,207.93,0.25787,-1,-1,-1
76,-1,121.04,498.3,84.742,256.23,-0.060252,-1,-1,-1
76,-1,570.75,405.34,44.948,136.84,-0.2421,-1,-1,-1
76,-1,1307.7,380.01,27.284,83.853,-0.37846,-1,-1,-1
77,-1,1695.1,237.38,195.98,589.95,3.1592,-1,-1,-1
77,-1,1510.1,343.97,170.48,513.45,1.7054,-1,-1,-1
77,-1,429.71,429.71,84.742,256.23,1.569,-1,-1,-1
77,-1,275.37,464.01,84.742,256.23,0.67312,-1,-1,-1
77,-1,1456.6,104.97,258.92,778.76,0.60805,-1,-1,-1
77,-1,1321,545,39,119,0.48631,-1,-1,-1
77,-1,1338.2,460.65,68.644,207.93,0.47446,-1,-1,-1
77,-1,824.12,275.37,170.48,513.45,0.35272,-1,-1,-1
77,-1,126.36,530.29,68.644,207.93,0.10261,-1,-1,-1
77,-1,753.16,391.01,138.29,416.86,-0.31959,-1,-1,-1
77,-1,570.75,405.34,44.948,136.84,-0.3881,-1,-1,-1
77,-1,1747.1,195.01,241.51,726.54,-0.44932,-1,-1,-1
78,-1,1695.1,237.38,195.98,589.95,3.2817,-1,-1,-1
78,-1,1510.1,343.97,170.48,513.45,1.9798,-1,-1,-1
78,-1,423.72,442.1,90.896,274.69,1.378,-1,-1,-1
78,-1,273,465,79,239,1.0278,-1,-1,-1
78,-1,1456.6,104.97,258.92,778.76,0.95049,-1,-1,-1
78,-1,837,299.57,148.29,446.86,0.59746,-1,-1,-1
78,-1,1321,545,39,119,0.47876,-1,-1,-1
78,-1,1338.2,460.65,68.644,207.93,0.3968,-1,-1,-1
78,-1,126.36,530.29,68.644,207.93,-0.023186,-1,-1,-1
78,-1,780.76,416.87,128.96,388.88,-0.10516,-1,-1,-1
78,-1,1765.9,227.27,225.27,677.82,-0.37544,-1,-1,-1
78,-1,570.75,405.34,44.948,136.84,-0.38271,-1,-1,-1
78,-1,803.26,212.12,210.12,632.36,-0.48174,-1,-1,-1
79,-1,1695.1,237.38,195.98,589.95,3.7393,-1,-1,-1
79,-1,1510.1,309.67,170.48,513.45,2.0619,-1,-1,-1
79,-1,423.72,423.72,90.896,274.69,1.5359,-1,-1,-1
79,-1,1456.6,104.97,258.92,778.76,0.99815,-1,-1,-1
79,-1,275.37,464.01,84.742,256.23,0.82591,-1,-1,-1
79,-1,837,299.57,148.29,446.86,0.46212,-1,-1,-1
79,-1,1338.2,460.65,68.644,207.93,0.42366,-1,-1,-1
79,-1,780.76,416.87,128.96,388.88,0.20968,-1,-1,-1
79,-1,1312.9,541.17,41.871,127.61,0.17378,-1,-1,-1
79,-1,121.04,481.15,84.742,256.23,0.11241,-1,-1,-1
79,-1,1765.9,227.27,225.27,677.82,-0.1297,-1,-1,-1
79,-1,570.75,405.34,44.948,136.84,-0.28907,-1,-1,-1
79,-1,803.26,212.12,210.12,632.36,-0.39616,-1,-1,-1
79,-1,20.698,513.16,48.246,146.74,-0.48053,-1,-1,-1
80,-1,1695.1,237.38,195.98,589.95,3.6404,-1,-1,-1
80,-1,1510.1,343.97,170.48,513.45,1.772,-1,-1,-1
80,-1,1456.6,104.97,258.92,778.76,1.3015,-1,-1,-1
80,-1,429.71,429.71,84.742,256.23,1.1806,-1,-1,-1
80,-1,275.37,464.01,84.742,256.23,0.599,-1,-1,-1
80,-1,858.42,275.37,170.48,513.45,0.55383,-1,-1,-1
80,-1,1371.2,486.03,59.629,180.89,0.29627,-1,-1,-1
80,-1,1312.9,541.17,41.871,127.61,0.28786,-1,-1,-1
80,-1,1334.8,473.9,59.629,180.89,0.25482,-1,-1,-1
80,-1,781.01,391.01,138.29,416.86,0.17151,-1,-1,-1
80,-1,1765.9,227.27,225.27,677.82,-0.10645,-1,-1,-1
80,-1,570.75,405.34,44.948,136.84,-0.1608,-1,-1,-1
80,-1,121.04,481.15,84.742,256.23,-0.17321,-1,-1,-1
80,-1,1307.7,380.01,27.284,83.853,-0.48296,-1,-1,-1
81,-1,1695.1,237.38,195.98,589.95,3.6594,-1,-1,-1
81,-1,1471.3,295.07,182.79,550.38,2.392,-1,-1,-1
81,-1,434.36,434.36,97.492,294.47,1.4428,-1,-1,-1
81,-1,1456.6,104.97,258.92,778.76,1.3919,-1,-1,-1
81,-1,284.64,478.71,73.643,222.93,0.41734,-1,-1,-1
81,-1,1312.9,541.17,41.871,127.61,0.39757,-1,-1,-1
81,-1,1371.2,486.03,59.629,180.89,0.35491,-1,-1,-1
81,-1,1339.6,468.86,63.98,193.94,0.34271,-1,-1,-1
81,-1,858.42,275.37,170.48,513.45,0.31112,-1,-1,-1
81,-1,113,497,79,239,-0.012307,-1,-1,-1
81,-1,777.28,389.14,148.29,446.86,-0.061427,-1,-1,-1
81,-1,570.75,405.34,44.948,136.84,-0.1704,-1,-1,-1
81,-1,1616.7,112.43,277.58,834.73,-0.41197,-1,-1,-1
82,-1,1695.1,237.38,195.98,589.95,3.6672,-1,-1,-1
82,-1,1471.3,295.07,182.79,550.38,2.4039,-1,-1,-1
82,-1,446.86,429.71,84.742,256.23,1.8503,-1,-1,-1
82,-1,1456.6,104.97,258.92,778.76,1.4173,-1,-1,-1
82,-1,289,465,79,239,0.69072,-1,-1,-1
82,-1,1338.2,460.65,68.644,207.93,0.36101,-1,-1,-1
82,-1,892.44,307.43,138.29,416.86,0.32432,-1,-1,-1
82,-1,867.73,276.78,195.98,589.95,0.27396,-1,-1,-1
82,-1,1312.9,541.17,41.871,127.61,0.24435,-1,-1,-1
82,-1,126.36,530.29,68.644,207.93,0.011143,-1,-1,-1
82,-1,570.75,405.34,44.948,136.84,-0.098168,-1,-1,-1
82,-1,1616.7,112.43,277.58,834.73,-0.14115,-1,-1,-1
82,-1,781.01,418.86,138.29,416.86,-0.29295,-1,-1,-1
83,-1,1695.1,237.38,195.98,589.95,3.6409,-1,-1,-1
83,-1,1471.3,295.07,182.79,550.38,2.0889,-1,-1,-1
83,-1,446.86,429.71,84.742,256.23,1.4198,-1,-1,-1
83,-1,892.72,275.37,170.48,513.45,0.74388,-1,-1,-1
83,-1,1456.6,104.97,258.92,778.76,0.74367,-1,-1,-1
83,-1,292.52,464.01,84.742,256.23,0.49603,-1,-1,-1
83,-1,1324.2,460.65,68.644,207.93,0.4665,-1,-1,-1
83,-1,1371.2,486.03,59.629,180.89,0.173,-1,-1,-1
83,-1,126.36,530.29,68.644,207.93,-0.089385,-1,-1,-1
83,-1,570.75,405.34,44.948,136.84,-0.18861,-1,-1,-1
83,-1,807.14,389.14,148.29,446.86,-0.25701,-1,-1,-1
83,-1,1601.6,195.01,241.51,726.54,-0.28975,-1,-1,-1
84,-1,1695.1,237.38,195.98,589.95,3.4907,-1,-1,-1
84,-1,1475.8,309.67,170.48,513.45,2.0608,-1,-1,-1
84,-1,446.86,429.71,84.742,256.23,1.071,-1,-1,-1
84,-1,1456.6,104.97,258.92,778.76,0.78052,-1,-1,-1
84,-1,926.57,299.57,148.29,446.86,0.58359,-1,-1,-1
84,-1,1321,545,39,119,0.50547,-1,-1,-1
84,-1,1338.2,460.65,68.644,207.93,0.43503,-1,-1,-1
84,-1,858.74,416.87,128.96,388.88,0.27082,-1,-1,-1
84,-1,292.52,464.01,84.742,256.23,0.17249,-1,-1,-1
84,-1,887.71,254.35,210.12,632.36,0.10528,-1,-1,-1
84,-1,126.36,530.29,68.644,207.93,-0.0048318,-1,-1,-1
84,-1,566.69,396.98,55.569,168.71,-0.32291,-1,-1,-1
84,-1,1601.6,195.01,241.51,726.54,-0.44708,-1,-1,-1
85,-1,1695.1,237.38,195.98,589.95,3.3162,-1,-1,-1
85,-1,1475.8,343.97,170.48,513.45,2.2284,-1,-1,-1
85,-1,446.86,429.71,84.742,256.23,1.4794,-1,-1,-1
85,-1,927.01,275.37,170.48,513.45,1.152,-1,-1,-1
85,-1,305,465,79,239,0.87513,-1,-1,-1
85,-1,1456.6,104.97,258.92,778.76,0.65394,-1,-1,-1
85,-1,1312.9,541.17,41.871,127.61,0.63161,-1,-1,-1
85,-1,1324.2,460.65,68.644,207.93,0.44644,-1,-1,-1
85,-1,1371.2,486.03,59.629,180.89,0.16088,-1,-1,-1
85,-1,1304.5,376.9,29.314,89.943,-0.18486,-1,-1,-1
85,-1,858.74,416.87,128.96,388.88,-0.18976,-1,-1,-1
85,-1,126.36,530.29,68.644,207.93,-0.23049,-1,-1,-1
85,-1,1601.6,195.01,241.51,726.54,-0.31608,-1,-1,-1
86,-1,1675.4,227.27,225.27,677.82,3.1784,-1,-1,-1
86,-1,1458.7,276.78,195.98,589.95,1.9485,-1,-1,-1
86,-1,919.96,258.31,182.79,550.38,1.5245,-1,-1,-1
86,-1,446.86,429.71,84.742,256.23,1.4292,-1,-1,-1
86,-1,309.67,464.01,84.742,256.23,1.0172,-1,-1,-1
86,-1,1312.9,541.17,41.871,127.61,0.5078,-1,-1,-1
86,-1,1338.2,460.65,68.644,207.93,0.3915,-1,-1,-1
86,-1,1449.6,56.715,277.58,834.73,0.29858,-1,-1,-1
86,-1,126.36,530.29,68.644,207.93,-0.22316,-1,-1,-1
86,-1,577,409,39,119,-0.41929,-1,-1,-1
87,-1,1690,212.12,210.12,632.36,3.5539,-1,-1,-1
87,-1,1458.7,316.17,195.98,589.95,1.8971,-1,-1,-1
87,-1,446.86,429.71,84.742,256.23,1.2694,-1,-1,-1
87,-1,919.96,258.31,182.79,550.38,1.0168,-1,-1,-1
87,-1,313.45,442.1,90.896,274.69,0.76236,-1,-1,-1
87,-1,1312.9,541.17,41.871,127.61,0.54195,-1,-1,-1
87,-1,1339.6,468.86,63.98,193.94,0.52709,-1,-1,-1
87,-1,1449.6,56.715,277.58,834.73,0.14011,-1,-1,-1
87,-1,1307.1,377.89,31.49,96.47,-0.075851,-1,-1,-1
87,-1,566.69,396.98,55.569,168.71,-0.29575,-1,-1,-1
87,-1,126.36,530.29,68.644,207.93,-0.30088,-1,-1,-1
88,-1,1690,212.12,210.12,632.36,3.8601,-1,-1,-1
88,-1,1434.6,331.83,182.79,550.38,1.7222,-1,-1,-1
88,-1,446.86,429.71,84.742,256.23,1.0874,-1,-1,-1
88,-1,1456.1,146.51,241.51,726.54,0.82863,-1,-1,-1
88,-1,321,465,79,239,0.70744,-1,-1,-1
88,-1,961.31,275.37,170.48,513.45,0.70673,-1,-1,-1
88,-1,1324.2,460.65,68.644,207.93,0.30656,-1,-1,-1
88,-1,1371.2,486.03,59.629,180.89,0.08583,-1,-1,-1
88,-1,1584.9,227.27,225.27,677.82,-0.082064,-1,-1,-1
88,-1,566.69,396.98,55.569,168.71,-0.26024,-1,-1,-1
88,-1,126.36,530.29,68.644,207.93,-0.26727,-1,-1,-1
88,-1,901.58,506.43,44.948,136.84,-0.44099,-1,-1,-1
88,-1,1310.6,376.9,29.314,89.943,-0.45467,-1,-1,-1
89,-1,1690,212.12,210.12,632.36,4.1042,-1,-1,-1
89,-1,1434.6,331.83,182.79,550.38,1.5139,-1,-1,-1
89,-1,446.86,429.71,84.742,256.23,1.0674,-1,-1,-1
89,-1,961.31,275.37,170.48,513.45,1.0085,-1,-1,-1
89,-1,1312.9,541.17,41.871,127.61,0.59517,-1,-1,-1
89,-1,1324.2,460.65,68.644,207.93,0.46294,-1,-1,-1
89,-1,1456.1,146.51,241.51,726.54,0.42065,-1,-1,-1
89,-1,321,465,79,239,0.4023,-1,-1,-1
89,-1,1584.9,227.27,225.27,677.82,0.38871,-1,-1,-1
89,-1,1371.2,486.03,59.629,180.89,-0.063834,-1,-1,-1
89,-1,113,497,79,239,-0.33728,-1,-1,-1
89,-1,1304.5,376.9,29.314,89.943,-0.46126,-1,-1,-1
90,-1,1675.4,227.27,225.27,677.82,3.9495,-1,-1,-1
90,-1,1434.6,331.83,182.79,550.38,2.2473,-1,-1,-1
90,-1,464.01,429.71,84.742,256.23,1.4652,-1,-1,-1
90,-1,961.31,275.37,170.48,513.45,1.433,-1,-1,-1
90,-1,1321,545,39,119,0.59288,-1,-1,-1
90,-1,1393.9,56.715,277.58,834.73,0.51616,-1,-1,-1
90,-1,1324.2,460.65,68.644,207.93,0.30505,-1,-1,-1
90,-1,329.43,478.71,73.643,222.93,0.30338,-1,-1,-1
90,-1,126.36,530.29,68.644,207.93,-0.27384,-1,-1,-1
90,-1,317.68,423.24,104.56,315.68,-0.46703,-1,-1,-1
91,-1,1675.4,227.27,225.27,677.82,3.6084,-1,-1,-1
91,-1,1434.6,331.83,182.79,550.38,2.4917,-1,-1,-1
91,-1,460.48,423.72,90.896,274.69,1.5628,-1,-1,-1
91,-1,961.31,275.37,170.48,513.45,1.2629,-1,-1,-1
91,-1,1312.9,541.17,41.871,127.61,0.51183,-1,-1,-1
91,-1,1456.1,146.51,241.51,726.54,0.39156,-1,-1,-1
91,-1,1324.2,460.65,68.644,207.93,0.35447,-1,-1,-1
91,-1,326.82,464.01,84.742,256.23,0.11515,-1,-1,-1
91,-1,897.27,503.31,48.246,146.74,-0.20113,-1,-1,-1
91,-1,113,497,79,239,-0.24753,-1,-1,-1
91,-1,1310.6,376.9,29.314,89.943,-0.33478,-1,-1,-1
91,-1,1373.3,507.69,51.78,157.34,-0.33713,-1,-1,-1
92,-1,1647.7,212.12,210.12,632.36,3.7109,-1,-1,-1
92,-1,1434.6,331.83,182.79,550.38,2.5084,-1,-1,-1
92,-1,460.48,423.72,90.896,274.69,1.5889,-1,-1,-1
92,-1,995.61,275.37,170.48,513.45,0.9379,-1,-1,-1
92,-1,1321,545,39,119,0.72772,-1,-1,-1
92,-1,1456.1,146.51,241.51,726.54,0.4465,-1,-1,-1
92,-1,1324.2,460.65,68.644,207.93,0.18225,-1,-1,-1
92,-1,326.82,464.01,84.742,256.23,0.026547,-1,-1,-1
92,-1,1373.3,507.69,51.78,157.34,-0.10702,-1,-1,-1
92,-1,113,497,79,239,-0.27354,-1,-1,-1
93,-1,1630.2,227.27,225.27,677.82,3.6358,-1,-1,-1
93,-1,1419.3,316.17,195.98,589.95,2.4697,-1,-1,-1
93,-1,460.48,423.72,90.896,274.69,1.9129,-1,-1,-1
93,-1,993,289,159,479,0.90566,-1,-1,-1
93,-1,326.82,464.01,84.742,256.23,0.66569,-1,-1,-1
93,-1,1321,545,39,119,0.63752,-1,-1,-1
93,-1,1393.9,56.715,277.58,834.73,0.35079,-1,-1,-1
93,-1,1324.2,460.65,68.644,207.93,0.22357,-1,-1,-1
93,-1,126.36,530.29,68.644,207.93,-0.10195,-1,-1,-1
93,-1,1014.4,169.9,210.12,632.36,-0.26383,-1,-1,-1
93,-1,1307.1,377.89,31.49,96.47,-0.41802,-1,-1,-1
93,-1,897.27,503.31,48.246,146.74,-0.45988,-1,-1,-1
94,-1,1630.2,227.27,225.27,677.82,3.5774,-1,-1,-1
94,-1,1407.2,343.97,170.48,513.45,2.4748,-1,-1,-1
94,-1,464.01,429.71,84.742,256.23,2.1733,-1,-1,-1
94,-1,326.82,464.01,84.742,256.23,1.1186,-1,-1,-1
94,-1,995.61,275.37,170.48,513.45,0.97061,-1,-1,-1
94,-1,1321,545,39,119,0.69409,-1,-1,-1
94,-1,1404.6,104.97,258.92,778.76,0.47925,-1,-1,-1
94,-1,1324.2,460.65,68.644,207.93,0.38627,-1,-1,-1
94,-1,1379.4,524.81,44.948,136.84,0.080896,-1,-1,-1
94,-1,126.36,530.29,68.644,207.93,-0.04247,-1,-1,-1
94,-1,486.58,423.24,104.56,315.68,-0.097585,-1,-1,-1
95,-1,1630.2,227.27,225.27,677.82,3.45,-1,-1,-1
95,-1,1397.8,331.83,182.79,550.38,2.71,-1,-1,-1
95,-1,464.01,429.71,84.742,256.23,1.963,-1,-1,-1
95,-1,331.83,442.1,90.896,274.69,1.1945,-1,-1,-1
95,-1,1016.1,299.57,148.29,446.86,1.0712,-1,-1,-1
95,-1,1321,545,39,119,0.50011,-1,-1,-1
95,-1,486.58,423.24,104.56,315.68,0.37768,-1,-1,-1
95,-1,1404.6,104.97,258.92,778.76,0.19645,-1,-1,-1
95,-1,1324.2,460.65,68.644,207.93,0.16187,-1,-1,-1
95,-1,121.04,498.3,84.742,256.23,-0.14251,-1,-1,-1
95,-1,877.57,493.46,48.246,146.74,-0.40139,-1,-1,-1
95,-1,1370,513.16,48.246,146.74,-0.41125,-1,-1,-1
96,-1,1630.2,227.27,225.27,677.82,3.9799,-1,-1,-1
96,-1,1397.8,331.83,182.79,550.38,2.9752,-1,-1,-1
96,-1,473.76,414.66,97.492,294.47,2.7525,-1,-1,-1
96,-1,335.87,434.36,97.492,294.47,1.3406,-1,-1,-1
96,-1,1025,289,159,479,0.7228,-1,-1,-1
96,-1,1321,545,39,119,0.6202,-1,-1,-1
96,-1,1338.2,56.715,277.58,834.73,0.39213,-1,-1,-1
96,-1,113,497,79,239,-0.052497,-1,-1,-1
96,-1,874.01,506.43,44.948,136.84,-0.43988,-1,-1,-1
97,-1,1630.2,227.27,225.27,677.82,3.931,-1,-1,-1
97,-1,473.76,414.66,97.492,294.47,2.8378,-1,-1,-1
97,-1,1397.8,331.83,182.79,550.38,2.3922,-1,-1,-1
97,-1,1025,289,159,479,1.0726,-1,-1,-1
97,-1,335.87,434.36,97.492,294.47,0.75568,-1,-1,-1
97,-1,1321,545,39,119,0.74305,-1,-1,-1
97,-1,1374.4,60.714,297.57,894.71,0.21776,-1,-1,-1
97,-1,126.36,530.29,68.644,207.93,0.084921,-1,-1,-1
97,-1,1338.2,460.65,68.644,207.93,0.052428,-1,-1,-1
97,-1,1310.6,376.9,29.314,89.943,-0.22873,-1,-1,-1
98,-1,1630.2,227.27,225.27,677.82,3.7996,-1,-1,-1
98,-1,478.86,423.72,90.896,274.69,3.5138,-1,-1,-1
98,-1,1379.9,316.17,195.98,589.95,1.7243,-1,-1,-1
98,-1,1046,299.57,148.29,446.86,0.83704,-1,-1,-1
98,-1,344.36,493.64,73.643,222.93,0.74522,-1,-1,-1
98,-1,1321,545,39,119,0.6631,-1,-1,-1
98,-1,1338.2,56.715,277.58,834.73,0.6547,-1,-1,-1
98,-1,1508.5,104.97,258.92,778.76,0.13405,-1,-1,-1
98,-1,338.79,423.24,104.56,315.68,0.12706,-1,-1,-1
98,-1,121.04,498.3,84.742,256.23,0.050348,-1,-1,-1
98,-1,905,513,39,119,-0.17244,-1,-1,-1
98,-1,468.86,390.88,128.96,388.88,-0.20858,-1,-1,-1
98,-1,1307.1,371.39,31.49,96.47,-0.38253,-1,-1,-1
99,-1,1630.2,227.27,225.27,677.82,3.6258,-1,-1,-1
99,-1,478.86,423.72,90.896,274.69,3.1476,-1,-1,-1
99,-1,1379.9,316.17,195.98,589.95,1.8826,-1,-1,-1
99,-1,1059.6,307.43,138.29,416.86,0.94158,-1,-1,-1
99,-1,343.97,464.01,84.742,256.23,0.86333,-1,-1,-1
99,-1,1321,545,39,119,0.54593,-1,-1,-1
99,-1,905,513,39,119,0.35418,-1,-1,-1
99,-1,1324.2,460.65,68.644,207.93,0.31525,-1,-1,-1
99,-1,1338.2,56.715,277.58,834.73,0.28204,-1,-1,-1
99,-1,1505.3,112.43,277.58,834.73,0.12803,-1,-1,-1
99,-1,468.86,390.88,128.96,388.88,-0.13603,-1,-1,-1
99,-1,121.04,498.3,84.742,256.23,-0.17348,-1,-1,-1
99,-1,1014.4,169.9,210.12,632.36,-0.30958,-1,-1,-1
100,-1,1601.6,195.01,241.51,726.54,3.3942,-1,-1,-1
100,-1,478.86,423.72,90.896,274.69,3.2198,-1,-1,-1
100,-1,1379.9,316.17,195.98,589.95,1.6001,-1,-1,-1
100,-1,1057,289,159,479,1.1379,-1,-1,-1
100,-1,905,513,39,119,0.91111,-1,-1,-1
100,-1,343.97,464.01,84.742,256.23,0.78614,-1,-1,-1
100,-1,1393.9,112.43,277.58,834.73,0.43147,-1,-1,-1
100,-1,1312.9,541.17,41.871,127.61,0.40705,-1,-1,-1
100,-1,468.86,390.88,128.96,388.88,0.35244,-1,-1,-1
100,-1,1324.2,460.65,68.644,207.93,0.22353,-1,-1,-1
100,-1,126.36,530.29,68.644,207.93,-0.023111,-1,-1,-1
100,-1,1304.5,376.9,29.314,89.943,-0.47603,-1,-1,-1
101,-1,1601.6,195.01,241.51,726.54,3.5838,-1,-1,-1
101,-1,478.86,423.72,90.896,274.69,2.8316,-1,-1,-1
101,-1,1379.9,316.17,195.98,589.95,1.4879,-1,-1,-1
101,-1,1075.9,299.57,148.29,446.86,1.081,-1,-1,-1
101,-1,905,513,39,119,0.87914,-1,-1,-1
101,-1,335.87,434.36,97.492,294.47,0.86487,-1,-1,-1
101,-1,1338.2,56.715,277.58,834.73,0.86184,-1,-1,-1
101,-1,1312.9,541.17,41.871,127.61,0.50575,-1,-1,-1
101,-1,126.36,530.29,68.644,207.93,0.16649,-1,-1,-1
101,-1,468.86,390.88,128.96,388.88,0.0078048,-1,-1,-1
101,-1,1014.4,127.67,210.12,632.36,-0.017438,-1,-1,-1
101,-1,1473,65,319,959,-0.11733,-1,-1,-1
102,-1,1584.9,227.27,225.27,677.82,3.782,-1,-1,-1
102,-1,473.76,414.66,97.492,294.47,2.674,-1,-1,-1
102,-1,1379.9,316.17,195.98,589.95,1.4448,-1,-1,-1
102,-1,343.97,446.86,84.742,256.23,1.0838,-1,-1,-1
102,-1,905,513,39,119,1.0314,-1,-1,-1
102,-1,1087.4,307.43,138.29,416.86,0.90517,-1,-1,-1
102,-1,1537,65,319,959,0.79292,-1,-1,-1
102,-1,1338.2,56.715,277.58,834.73,0.68708,-1,-1,-1
102,-1,1312.9,541.17,41.871,127.61,0.53188,-1,-1,-1
102,-1,126.36,530.29,68.644,207.93,0.20637,-1,-1,-1
102,-1,1307.1,371.39,31.49,96.47,-0.19908,-1,-1,-1
102,-1,857,521,39,119,-0.20937,-1,-1,-1
102,-1,1014.4,127.67,210.12,632.36,-0.28274,-1,-1,-1
102,-1,571.03,402.13,51.78,157.34,-0.38952,-1,-1,-1
103,-1,1584.9,227.27,225.27,677.82,3.6677,-1,-1,-1
103,-1,473.76,414.66,97.492,294.47,2.7457,-1,-1,-1
103,-1,1340.5,316.17,195.98,589.95,1.6274,-1,-1,-1
103,-1,1537,65,319,959,1.1289,-1,-1,-1
103,-1,905,513,39,119,1.0862,-1,-1,-1
103,-1,343.97,446.86,84.742,256.23,0.94481,-1,-1,-1
103,-1,1338.2,56.715,277.58,834.73,0.58477,-1,-1,-1
103,-1,1312.9,541.17,41.871,127.61,0.57467,-1,-1,-1
103,-1,1087.4,307.43,138.29,416.86,0.43154,-1,-1,-1
103,-1,126.36,530.29,68.644,207.93,0.048333,-1,-1,-1
103,-1,1307.1,371.39,31.49,96.47,-0.11381,-1,-1,-1
103,-1,1014.4,127.67,210.12,632.36,-0.41447,-1,-1,-1
104,-1,1560.5,156.95,258.92,778.76,3.8982,-1,-1,-1
104,-1,473.76,414.66,97.492,294.47,3.1108,-1,-1,-1
104,-1,1361.1,331.83,182.79,550.38,2.0194,-1,-1,-1
104,-1,905,513,39,119,1.1561,-1,-1,-1
104,-1,343.97,446.86,84.742,256.23,0.85761,-1,-1,-1
104,-1,1312.9,541.17,41.871,127.61,0.59163,-1,-1,-1
104,-1,1338.2,56.715,277.58,834.73,0.4611,-1,-1,-1
104,-1,1118.7,312.9,128.96,388.88,0.36787,-1,-1,-1
104,-1,126.36,530.29,68.644,207.93,-0.0093978,-1,-1,-1
104,-1,1307.1,371.39,31.49,96.47,-0.078167,-1,-1,-1
104,-1,1077.7,444.35,104.56,315.68,-0.137,-1,-1,-1
104,-1,566.69,396.98,55.569,168.71,-0.3774,-1,-1,-1
104,-1,725.3,558.15,68.644,207.93,-0.39075,-1,-1,-1
105,-1,1560.5,156.95,258.92,778.76,4.0559,-1,-1,-1
105,-1,473.76,414.66,97.492,294.47,2.8248,-1,-1,-1
105,-1,1340.5,316.17,195.98,589.95,2.5569,-1,-1,-1
105,-1,905,513,39,119,1.2156,-1,-1,-1
105,-1,343.97,446.86,84.742,256.23,0.98493,-1,-1,-1
105,-1,1312.9,541.17,41.871,127.61,0.78875,-1,-1,-1
105,-1,1115.3,307.43,138.29,416.86,0.49261,-1,-1,-1
105,-1,1338.2,56.715,277.58,834.73,0.3459,-1,-1,-1
105,-1,113,497,79,239,0.099194,-1,-1,-1
105,-1,1307.1,371.39,31.49,96.47,-0.016628,-1,-1,-1
105,-1,834.93,486.58,51.78,157.34,-0.31647,-1,-1,-1
105,-1,1441.5,1,341.97,1027.9,-0.46353,-1,-1,-1
106,-1,1553.1,195.01,241.51,726.54,3.8081,-1,-1,-1
106,-1,478.86,423.72,90.896,274.69,2.8004,-1,-1,-1
106,-1,1340.5,316.17,195.98,589.95,2.237,-1,-1,-1
106,-1,343.97,446.86,84.742,256.23,1.1423,-1,-1,-1
106,-1,905,513,39,119,0.95754,-1,-1,-1
106,-1,1312.9,541.17,41.871,127.61,0.7566,-1,-1,-1
106,-1,1338.2,56.715,277.58,834.73,0.35218,-1,-1,-1
106,-1,1307.1,377.89,31.49,96.47,0.22535,-1,-1,-1
106,-1,126.36,530.29,68.644,207.93,0.092384,-1,-1,-1
106,-1,468.86,390.88,128.96,388.88,0.064179,-1,-1,-1
106,-1,1084.4,454.06,97.492,294.47,-0.20006,-1,-1,-1
106,-1,1510.1,69.594,341.97,1027.9,-0.20918,-1,-1,-1
106,-1,1140.8,340.52,120.26,362.77,-0.21556,-1,-1,-1
107,-1,1553.1,195.01,241.51,726.54,3.7234,-1,-1,-1
107,-1,478.86,423.72,90.896,274.69,2.6529,-1,-1,-1
107,-1,1352.2,296.57,210.12,632.36,2.2079,-1,-1,-1
107,-1,343.97,446.86,84.742,256.23,1.1229,-1,-1,-1
107,-1,905,513,39,119,0.76472,-1,-1,-1
107,-1,1510.1,69.594,341.97,1027.9,0.26125,-1,-1,-1
107,-1,1312.9,541.17,41.871,127.61,0.18814,-1,-1,-1
107,-1,468.86,390.88,128.96,388.88,-0.082871,-1,-1,-1
107,-1,1314.7,60.714,297.57,894.71,-0.087819,-1,-1,-1
107,-1,126.36,530.29,68.644,207.93,-0.10544,-1,-1,-1
107,-1,1135.6,299.57,148.29,446.86,-0.3002,-1,-1,-1
107,-1,808.63,355.57,97.492,294.47,-0.42076,-1,-1,-1
107,-1,1084.4,473.76,97.492,294.47,-0.49054,-1,-1,-1
108,-1,1553.1,195.01,241.51,726.54,4.0266,-1,-1,-1
108,-1,478.86,423.72,90.896,274.69,2.8872,-1,-1,-1
108,-1,1340.5,316.17,195.98,589.95,2.1824,-1,-1,-1
108,-1,905,513,39,119,0.94786,-1,-1,-1
108,-1,350.2,442.1,90.896,274.69,0.61717,-1,-1,-1
108,-1,1434.1,60.714,297.57,894.71,0.53387,-1,-1,-1
108,-1,1282.5,56.715,277.58,834.73,0.18605,-1,-1,-1
108,-1,113,497,79,239,0.073646,-1,-1,-1
108,-1,468.86,390.88,128.96,388.88,-0.0045478,-1,-1,-1
108,-1,1170.6,338.9,128.96,388.88,-0.097023,-1,-1,-1
109,-1,1553.1,195.01,241.51,726.54,3.8043,-1,-1,-1
109,-1,478.86,423.72,90.896,274.69,3.2944,-1,-1,-1
109,-1,1310,296.57,210.12,632.36,1.7814,-1,-1,-1
109,-1,350.2,442.1,90.896,274.69,0.86965,-1,-1,-1
109,-1,1434.1,120.43,297.57,894.71,0.63625,-1,-1,-1
109,-1,468.86,390.88,128.96,388.88,0.53563,-1,-1,-1
109,-1,905,513,39,119,0.51084,-1,-1,-1
109,-1,1170.6,338.9,128.96,388.88,0.086017,-1,-1,-1
109,-1,126.36,530.29,68.644,207.93,0.075615,-1,-1,-1
110,-1,1553.1,195.01,241.51,726.54,3.9567,-1,-1,-1
110,-1,478.86,423.72,90.896,274.69,3.3581,-1,-1,-1
110,-1,1340.5,316.17,195.98,589.95,1.9909,-1,-1,-1
110,-1,1165.4,299.57,148.29,446.86,0.86915,-1,-1,-1
110,-1,350.2,442.1,90.896,274.69,0.69762,-1,-1,-1
110,-1,1434.1,60.714,297.57,894.71,0.69102,-1,-1,-1
110,-1,468.86,390.88,128.96,388.88,0.50594,-1,-1,-1
110,-1,1282.5,56.715,277.58,834.73,0.4321,-1,-1,-1
110,-1,126.36,530.29,68.644,207.93,0.041512,-1,-1,-1
110,-1,905,513,39,119,-0.089651,-1,-1,-1
110,-1,1852.6,503.31,23.623,72.869,-0.21429,-1,-1,-1
111,-1,1553.1,195.01,241.51,726.54,3.4114,-1,-1,-1
111,-1,478.86,423.72,90.896,274.69,3.2456,-1,-1,-1
111,-1,1310,296.57,210.12,632.36,2.5104,-1,-1,-1
111,-1,1165.4,299.57,148.29,446.86,1.2118,-1,-1,-1
111,-1,355.57,434.36,97.492,294.47,0.81023,-1,-1,-1
111,-1,468.86,390.88,128.96,388.88,0.76191,-1,-1,-1
111,-1,1441.5,69.594,341.97,1027.9,0.72468,-1,-1,-1
111,-1,120.43,523.5,73.643,222.93,-0.051099,-1,-1,-1
111,-1,1255,60.714,297.57,894.71,-0.13966,-1,-1,-1
111,-1,905,513,39,119,-0.36058,-1,-1,-1
111,-1,1852.6,503.31,23.623,72.869,-0.47061,-1,-1,-1
112,-1,473.76,414.66,97.492,294.47,3.3728,-1,-1,-1
112,-1,1539.7,227.27,225.27,677.82,3.1436,-1,-1,-1
112,-1,1301.1,276.78,195.98,589.95,2.3223,-1,-1,-1
112,-1,1473,65,319,959,1.6515,-1,-1,-1
112,-1,1196.6,312.9,128.96,388.88,1.1526,-1,-1,-1
112,-1,1282.5,56.715,277.58,834.73,0.76239,-1,-1,-1
112,-1,355.57,434.36,97.492,294.47,0.76188,-1,-1,-1
112,-1,126.36,530.29,68.644,207.93,0.15495,-1,-1,-1
112,-1,1132.8,309.67,170.48,513.45,-0.38486,-1,-1,-1
112,-1,1852.6,503.31,23.623,72.869,-0.39237,-1,-1,-1
112,-1,905,513,39,119,-0.47331,-1,-1,-1
113,-1,1539.7,227.27,225.27,677.82,3.4468,-1,-1,-1
113,-1,473.76,414.66,97.492,294.47,3.4262,-1,-1,-1
113,-1,1301.1,316.17,195.98,589.95,2.6871,-1,-1,-1
113,-1,1473,65,319,959,1.305,-1,-1,-1
113,-1,1196.6,312.9,128.96,388.88,1.1079,-1,-1,-1
113,-1,355.57,434.36,97.492,294.47,0.70928,-1,-1,-1
113,-1,1282.5,112.43,277.58,834.73,0.64135,-1,-1,-1
113,-1,126.36,530.29,68.644,207.93,0.014638,-1,-1,-1
114,-1,473.76,414.66,97.492,294.47,3.3811,-1,-1,-1
114,-1,1539.7,227.27,225.27,677.82,3.2709,-1,-1,-1
114,-1,1267.7,296.57,210.12,632.36,2.6948,-1,-1,-1
114,-1,1434.1,120.43,297.57,894.71,1.181,-1,-1,-1
114,-1,355.57,434.36,97.492,294.47,0.89526,-1,-1,-1
114,-1,1255,60.714,297.57,894.71,0.10925,-1,-1,-1
114,-1,126.36,530.29,68.644,207.93,0.10478,-1,-1,-1
115,-1,1504.6,195.01,241.51,726.54,3.3715,-1,-1,-1
115,-1,473.76,414.66,97.492,294.47,3.107,-1,-1,-1
115,-1,1268.1,272.53,225.27,677.82,2.3764,-1,-1,-1
115,-1,355.57,434.36,97.492,294.47,0.70975,-1,-1,-1
115,-1,1441.5,69.594,341.97,1027.9,0.35711,-1,-1,-1
115,-1,126.36,530.29,68.644,207.93,0.23682,-1,-1,-1
115,-1,1217,1,319,959,-0.067536,-1,-1,-1
115,-1,570.75,405.34,44.948,136.84,-0.182,-1,-1,-1
115,-1,838.18,493.46,48.246,146.74,-0.31858,-1,-1,-1
116,-1,1504.6,195.01,241.51,726.54,3.6209,-1,-1,-1
116,-1,465.47,402.13,104.56,315.68,2.7088,-1,-1,-1
116,-1,1267.7,296.57,210.12,632.36,2.4689,-1,-1,-1
116,-1,355.57,434.36,97.492,294.47,0.6924,-1,-1,-1
116,-1,1255,60.714,297.57,894.71,0.48774,-1,-1,-1
116,-1,1441.5,69.594,341.97,1027.9,0.4218,-1,-1,-1
116,-1,126.36,530.29,68.644,207.93,0.12951,-1,-1,-1
116,-1,566.69,396.98,55.569,168.71,-0.27146,-1,-1,-1
116,-1,9.5742,661.21,41.871,127.61,-0.4678,-1,-1,-1
116,-1,99.492,454.06,97.492,294.47,-0.49468,-1,-1,-1
117,-1,1504.6,195.01,241.51,726.54,3.3863,-1,-1,-1
117,-1,465.47,402.13,104.56,315.68,3.2145,-1,-1,-1
117,-1,1267.7,296.57,210.12,632.36,2.3463,-1,-1,-1
117,-1,355.57,434.36,97.492,294.47,0.96852,-1,-1,-1
117,-1,1441.5,69.594,341.97,1027.9,0.5369,-1,-1,-1
117,-1,1255,60.714,297.57,894.71,0.44674,-1,-1,-1
117,-1,126.36,530.29,68.644,207.93,-0.058244,-1,-1,-1
117,-1,570.75,405.34,44.948,136.84,-0.1623,-1,-1,-1
117,-1,828.06,506.43,44.948,136.84,-0.34323,-1,-1,-1
118,-1,1504.6,195.01,241.51,726.54,3.2535,-1,-1,-1
118,-1,465.47,402.13,104.56,315.68,3.197,-1,-1,-1
118,-1,1225.5,296.57,210.12,632.36,2.7045,-1,-1,-1
118,-1,355.57,434.36,97.492,294.47,1.1835,-1,-1,-1
118,-1,1441.5,69.594,341.97,1027.9,1.0123,-1,-1,-1
118,-1,1282.5,112.43,277.58,834.73,0.4356,-1,-1,-1
118,-1,121.04,498.3,84.742,256.23,-0.050794,-1,-1,-1
118,-1,828.33,503.31,48.246,146.74,-0.14314,-1,-1,-1
118,-1,570.75,405.34,44.948,136.84,-0.1842,-1,-1,-1
119,-1,1504.6,195.01,241.51,726.54,3.237,-1,-1,-1
119,-1,465.47,402.13,104.56,315.68,3.0403,-1,-1,-1
119,-1,1225.5,296.57,210.12,632.36,2.7739,-1,-1,-1
119,-1,355.57,434.36,97.492,294.47,1.1503,-1,-1,-1
119,-1,1441.5,69.594,341.97,1027.9,1.0724,-1,-1,-1
119,-1,1255,60.714,297.57,894.71,0.4104,-1,-1,-1
119,-1,126.36,530.29,68.644,207.93,-0.11869,-1,-1,-1
119,-1,566.69,396.98,55.569,168.71,-0.30261,-1,-1,-1
120,-1,1504.6,195.01,241.51,726.54,3.2907,-1,-1,-1
120,-1,465.47,402.13,104.56,315.68,3.1461,-1,-1,-1
120,-1,1225.5,296.57,210.12,632.36,2.8846,-1,-1,-1
120,-1,1441.5,69.594,341.97,1027.9,1.3637,-1,-1,-1
120,-1,361.12,464.01,84.742,256.23,1.084,-1,-1,-1
120,-1,1255,60.714,297.57,894.71,0.422,-1,-1,-1
120,-1,126.36,530.29,68.644,207.93,0.13346,-1,-1,-1
120,-1,1116.6,243.51,241.51,726.54,-0.19058,-1,-1,-1
120,-1,572.25,394.97,48.246,146.74,-0.27903,-1,-1,-1
121,-1,1449.6,112.43,277.58,834.73,3.6599,-1,-1,-1
121,-1,465.47,402.13,104.56,315.68,3.1573,-1,-1,-1
121,-1,1222.9,272.53,225.27,677.82,2.4652,-1,-1,-1
121,-1,355.57,434.36,97.492,294.47,1.0867,-1,-1,-1
121,-1,1167.1,1,341.97,1027.9,0.27761,-1,-1,-1
121,-1,121.04,498.3,84.742,256.23,-0.039231,-1,-1,-1
121,-1,570.75,405.34,44.948,136.84,-0.058858,-1,-1,-1
121,-1,1419.3,1,392.97,1180.9,-0.26696,-1,-1,-1
121,-1,413.27,389.02,120.26,362.77,-0.40938,-1,-1,-1
122,-1,1456.6,156.95,258.92,778.76,4.0554,-1,-1,-1
122,-1,465.47,402.13,104.56,315.68,3.3169,-1,-1,-1
122,-1,1222.9,272.53,225.27,677.82,2.6723,-1,-1,-1
122,-1,350.2,460.48,90.896,274.69,1.0284,-1,-1,-1
122,-1,1153,1,319,959,0.58586,-1,-1,-1
122,-1,121.04,498.3,84.742,256.23,-0.081853,-1,-1,-1
122,-1,570.75,405.34,44.948,136.84,-0.17335,-1,-1,-1
122,-1,413.27,389.02,120.26,362.77,-0.2611,-1,-1,-1
122,-1,1471.3,1,366.58,1101.8,-0.26731,-1,-1,-1
122,-1,905,513,39,119,-0.39609,-1,-1,-1
123,-1,1449.6,112.43,277.58,834.73,4.2286,-1,-1,-1
123,-1,465.47,402.13,104.56,315.68,2.908,-1,-1,-1
123,-1,1177.6,272.53,225.27,677.82,2.6722,-1,-1,-1
123,-1,350.2,442.1,90.896,274.69,0.74195,-1,-1,-1
123,-1,905,513,39,119,0.25202,-1,-1,-1
123,-1,1167.1,1,341.97,1027.9,0.22816,-1,-1,-1
123,-1,121.04,498.3,84.742,256.23,0.059538,-1,-1,-1
123,-1,1419.3,1,392.97,1180.9,0.042723,-1,-1,-1
123,-1,577,409,39,119,-0.13986,-1,-1,-1
123,-1,413.27,389.02,120.26,362.77,-0.33656,-1,-1,-1
124,-1,1456.6,156.95,258.92,778.76,4.2032,-1,-1,-1
124,-1,453.55,408.29,112.14,338.41,2.8771,-1,-1,-1
124,-1,1177.6,272.53,225.27,677.82,2.4991,-1,-1,-1
124,-1,335.87,434.36,97.492,294.47,0.86252,-1,-1,-1
124,-1,905,513,39,119,0.78077,-1,-1,-1
124,-1,120.43,508.57,73.643,222.93,0.0039864,-1,-1,-1
124,-1,1153,65,319,959,-0.0081115,-1,-1,-1
124,-1,1471.3,74.517,366.58,1101.8,-0.031739,-1,-1,-1
124,-1,570.75,405.34,44.948,136.84,-0.17951,-1,-1,-1
125,-1,1456.6,156.95,258.92,778.76,4.4066,-1,-1,-1
125,-1,453.55,408.29,112.14,338.41,2.8616,-1,-1,-1
125,-1,1177.6,272.53,225.27,677.82,2.4174,-1,-1,-1
125,-1,905,513,39,119,0.80811,-1,-1,-1
125,-1,335.87,434.36,97.492,294.47,0.72582,-1,-1,-1
125,-1,103.89,498.3,84.742,256.23,0.42887,-1,-1,-1
125,-1,1153,1,319,959,0.18562,-1,-1,-1
125,-1,1340.5,1,392.97,1180.9,-0.031983,-1,-1,-1
125,-1,570.75,405.34,44.948,136.84,-0.40422,-1,-1,-1
126,-1,1456.6,156.95,258.92,778.76,4.1246,-1,-1,-1
126,-1,453.55,408.29,112.14,338.41,2.8885,-1,-1,-1
126,-1,1165.1,243.51,241.51,726.54,2.4519,-1,-1,-1
126,-1,335.87,434.36,97.492,294.47,1.0499,-1,-1,-1
126,-1,905,513,39,119,0.94444,-1,-1,-1
126,-1,113,497,79,239,0.18794,-1,-1,-1
126,-1,1167.1,1,341.97,1027.9,-0.19549,-1,-1,-1
126,-1,1324.3,74.517,366.58,1101.8,-0.2425,-1,-1,-1
126,-1,570.75,405.34,44.948,136.84,-0.27808,-1,-1,-1
127,-1,1456.6,156.95,258.92,778.76,3.5028,-1,-1,-1
127,-1,1165.1,243.51,241.51,726.54,2.7519,-1,-1,-1
127,-1,453.55,408.29,112.14,338.41,2.7205,-1,-1,-1
127,-1,338.79,423.24,104.56,315.68,0.86936,-1,-1,-1
127,-1,905,513,39,119,0.57507,-1,-1,-1
127,-1,103.89,498.3,84.742,256.23,0.26253,-1,-1,-1
127,-1,1167.1,1,341.97,1027.9,-0.072377,-1,-1,-1
127,-1,570.75,405.34,44.948,136.84,-0.17679,-1,-1,-1
127,-1,1324.3,1,366.58,1101.8,-0.47032,-1,-1,-1
128,-1,1456.6,156.95,258.92,778.76,3.2046,-1,-1,-1
128,-1,437.53,389.02,120.26,362.77,2.3525,-1,-1,-1
128,-1,1177.6,272.53,225.27,677.82,2.2054,-1,-1,-1
128,-1,335.87,434.36,97.492,294.47,1.2044,-1,-1,-1
128,-1,905,513,39,119,0.71107,-1,-1,-1
128,-1,103.89,498.3,84.742,256.23,0.31418,-1,-1,-1
128,-1,1153,65,319,959,0.31061,-1,-1,-1
128,-1,1705,465,39,119,-0.32189,-1,-1,-1
128,-1,570.75,405.34,44.948,136.84,-0.45712,-1,-1,-1
129,-1,1449.6,112.43,277.58,834.73,3.1809,-1,-1,-1
129,-1,453.55,385.67,112.14,338.41,2.3794,-1,-1,-1
129,-1,1165.1,243.51,241.51,726.54,2.1583,-1,-1,-1
129,-1,335.87,434.36,97.492,294.47,1.2868,-1,-1,-1
129,-1,905,513,39,119,0.82173,-1,-1,-1
129,-1,103.89,498.3,84.742,256.23,0.27845,-1,-1,-1
129,-1,1098.5,1,341.97,1027.9,0.10458,-1,-1,-1
129,-1,566.69,396.98,55.569,168.71,-0.47,-1,-1,-1
130,-1,1449.6,112.43,277.58,834.73,3.0151,-1,-1,-1
130,-1,453.55,408.29,112.14,338.41,2.4038,-1,-1,-1
130,-1,1144.7,260.92,258.92,778.76,1.4835,-1,-1,-1
130,-1,338.79,423.24,104.56,315.68,1.3054,-1,-1,-1
130,-1,905,513,39,119,1.073,-1,-1,-1
130,-1,113,497,79,239,0.19676,-1,-1,-1
130,-1,1103.8,-72.517,366.58,1101.8,-0.35484,-1,-1,-1
130,-1,575.47,403.99,41.871,127.61,-0.48691,-1,-1,-1
131,-1,1393.9,168.15,277.58,834.73,3.1153,-1,-1,-1
131,-1,453.55,385.67,112.14,338.41,2.1489,-1,-1,-1
131,-1,1132.4,272.53,225.27,677.82,1.5853,-1,-1,-1
131,-1,335.87,434.36,97.492,294.47,1.0533,-1,-1,-1
131,-1,905,513,39,119,1.0328,-1,-1,-1
131,-1,103.89,498.3,84.742,256.23,0.38591,-1,-1,-1
131,-1,1153,65,319,959,-0.0047179,-1,-1,-1
131,-1,570.75,405.34,44.948,136.84,-0.12829,-1,-1,-1
131,-1,1697,473,39,119,-0.19239,-1,-1,-1
131,-1,1576.9,394.97,195.98,589.95,-0.34502,-1,-1,-1
132,-1,1393.9,168.15,277.58,834.73,3.082,-1,-1,-1
132,-1,444.35,402.13,104.56,315.68,2.0209,-1,-1,-1
132,-1,1132.4,272.53,225.27,677.82,1.4338,-1,-1,-1
132,-1,905,513,39,119,1.3623,-1,-1,-1
132,-1,335.87,434.36,97.492,294.47,0.86463,-1,-1,-1
132,-1,103.89,498.3,84.742,256.23,0.45934,-1,-1,-1
132,-1,1089,65,319,959,-0.10169,-1,-1,-1
132,-1,1698.7,464.01,41.871,127.61,-0.29846,-1,-1,-1
132,-1,570.75,405.34,44.948,136.84,-0.33729,-1,-1,-1
132,-1,1576.9,394.97,195.98,589.95,-0.38375,-1,-1,-1
133,-1,1393.9,168.15,277.58,834.73,3.1233,-1,-1,-1
133,-1,444.35,402.13,104.56,315.68,1.9189,-1,-1,-1
133,-1,1132.4,272.53,225.27,677.82,1.7629,-1,-1,-1
133,-1,905,513,39,119,1.3075,-1,-1,-1
133,-1,335.87,434.36,97.492,294.47,0.91514,-1,-1,-1
133,-1,113,497,79,239,0.25425,-1,-1,-1
133,-1,1153,65,319,959,0.036083,-1,-1,-1
133,-1,1698.7,464.01,41.871,127.61,-0.35322,-1,-1,-1
133,-1,570.75,405.34,44.948,136.84,-0.4345,-1,-1,-1
134,-1,1374.4,120.43,297.57,894.71,3.2991,-1,-1,-1
134,-1,444.35,402.13,104.56,315.68,2.332,-1,-1,-1
134,-1,1092.7,260.92,258.92,778.76,1.7688,-1,-1,-1
134,-1,905,513,39,119,1.1958,-1,-1,-1
134,-1,335.87,434.36,97.492,294.47,0.79594,-1,-1,-1
134,-1,113,497,79,239,0.033653,-1,-1,-1
134,-1,1153,65,319,959,-0.20016,-1,-1,-1
134,-1,1705,465,39,119,-0.2529,-1,-1,-1
135,-1,1374.4,120.43,297.57,894.71,3.3258,-1,-1,-1
135,-1,444.35,402.13,104.56,315.68,2.2459,-1,-1,-1
135,-1,1092.7,260.92,258.92,778.76,1.6781,-1,-1,-1
135,-1,905,513,39,119,1.2623,-1,-1,-1
135,-1,335.87,434.36,97.492,294.47,0.86021,-1,-1,-1
135,-1,113,497,79,239,0.28848,-1,-1,-1
135,-1,1705,473,39,119,-0.25059,-1,-1,-1
135,-1,577,409,39,119,-0.37948,-1,-1,-1
135,-1,91.51,453.55,112.14,338.41,-0.41653,-1,-1,-1
136,-1,1345,65,319,959,3.4098,-1,-1,-1
136,-1,444.35,402.13,104.56,315.68,2.4154,-1,-1,-1
136,-1,1092.7,260.92,258.92,778.76,1.9296,-1,-1,-1
136,-1,905,513,39,119,1.3022,-1,-1,-1
136,-1,335.87,434.36,97.492,294.47,0.93894,-1,-1,-1
136,-1,113,513,79,239,0.55844,-1,-1,-1
136,-1,1698.7,464.01,41.871,127.61,-0.19291,-1,-1,-1
136,-1,1030.2,1,366.58,1101.8,-0.2706,-1,-1,-1
136,-1,572.25,404.82,48.246,146.74,-0.44309,-1,-1,-1
137,-1,1374.4,120.43,297.57,894.71,3.0855,-1,-1,-1
137,-1,444.35,402.13,104.56,315.68,2.1597,-1,-1,-1
137,-1,1116.6,243.51,241.51,726.54,1.7434,-1,-1,-1
137,-1,905,513,39,119,1.1722,-1,-1,-1
137,-1,338.79,423.24,104.56,315.68,0.87434,-1,-1,-1
137,-1,113,513,79,239,0.059402,-1,-1,-1
137,-1,1029.9,1,341.97,1027.9,-0.14174,-1,-1,-1
137,-1,577,409,39,119,-0.35353,-1,-1,-1
138,-1,1338.2,112.43,277.58,834.73,3.6698,-1,-1,-1
138,-1,444.35,402.13,104.56,315.68,2.2492,-1,-1,-1
138,-1,905,513,39,119,1.4831,-1,-1,-1
138,-1,1087.1,272.53,225.27,677.82,1.3632,-1,-1,-1
138,-1,338.79,423.24,104.56,315.68,1.1388,-1,-1,-1
138,-1,15.929,657.86,73.643,222.93,0.64572,-1,-1,-1
138,-1,1340.5,1,392.97,1180.9,0.39017,-1,-1,-1
138,-1,1025,193,319,959,0.19164,-1,-1,-1
138,-1,570.75,405.34,44.948,136.84,-0.20254,-1,-1,-1
139,-1,1314.7,120.43,297.57,894.71,3.5986,-1,-1,-1
139,-1,444.35,402.13,104.56,315.68,2.2937,-1,-1,-1
139,-1,1087.1,272.53,225.27,677.82,1.638,-1,-1,-1
139,-1,905,513,39,119,1.3354,-1,-1,-1
139,-1,340.41,408.29,112.14,338.41,1.2294,-1,-1,-1
139,-1,1025,65,319,959,0.59271,-1,-1,-1
139,-1,1397.8,74.517,366.58,1101.8,0.10854,-1,-1,-1
139,-1,42.786,669.58,68.644,207.93,-0.30986,-1,-1,-1
139,-1,1,478.71,148.29,446.86,-0.34233,-1,-1,-1
139,-1,570.75,405.34,44.948,136.84,-0.36581,-1,-1,-1
139,-1,113,513,79,239,-0.47297,-1,-1,-1
140,-1,1314.7,120.43,297.57,894.71,4.0955,-1,-1,-1
140,-1,444.35,402.13,104.56,315.68,2.3272,-1,-1,-1
140,-1,1068.1,243.51,241.51,726.54,1.8247,-1,-1,-1
140,-1,905,513,39,119,1.4024,-1,-1,-1
140,-1,340.41,408.29,112.14,338.41,1.2172,-1,-1,-1
140,-1,1029.9,1,341.97,1027.9,0.29854,-1,-1,-1
140,-1,1397.8,74.517,366.58,1101.8,0.071741,-1,-1,-1
140,-1,577,409,39,119,-0.31637,-1,-1,-1
140,-1,28.858,502.44,138.29,416.86,-0.31716,-1,-1,-1
141,-1,1314.7,120.43,297.57,894.71,4.5783,-1,-1,-1
141,-1,437.53,389.02,120.26,362.77,2.2236,-1,-1,-1
141,-1,1068.1,243.51,241.51,726.54,1.9073,-1,-1,-1
141,-1,905,513,39,119,1.3239,-1,-1,-1
141,-1,335.87,434.36,97.492,294.47,1.2973,-1,-1,-1
141,-1,1029.9,1,341.97,1027.9,0.69771,-1,-1,-1
141,-1,1267.7,-83.449,421.24,1265.7,0.11528,-1,-1,-1
141,-1,1698.7,464.01,41.871,127.61,-0.075398,-1,-1,-1
141,-1,570.75,405.34,44.948,136.84,-0.41196,-1,-1,-1
141,-1,254.35,518.25,51.78,157.34,-0.43935,-1,-1,-1
142,-1,1281,65,319,959,4.4327,-1,-1,-1
142,-1,1040.7,260.92,258.92,778.76,2.2398,-1,-1,-1
142,-1,437.53,389.02,120.26,362.77,2.2058,-1,-1,-1
142,-1,317.78,408.29,112.14,338.41,1.3942,-1,-1,-1
142,-1,905,513,39,119,1.1928,-1,-1,-1
142,-1,1698.7,464.01,41.871,127.61,-0.035692,-1,-1,-1
142,-1,956.72,-72.517,366.58,1101.8,-0.21435,-1,-1,-1
142,-1,570.75,405.34,44.948,136.84,-0.27799,-1,-1,-1
143,-1,1281,65,319,959,4.2396,-1,-1,-1
143,-1,437.53,389.02,120.26,362.77,2.7074,-1,-1,-1
143,-1,1040.7,208.94,258.92,778.76,2.4279,-1,-1,-1
143,-1,317.68,423.24,104.56,315.68,1.5649,-1,-1,-1
143,-1,905,513,39,119,1.3602,-1,-1,-1
143,-1,946.52,-77.793,392.97,1180.9,-0.15176,-1,-1,-1
143,-1,1698.7,464.01,41.871,127.61,-0.17798,-1,-1,-1
143,-1,570.75,405.34,44.948,136.84,-0.36156,-1,-1,-1
143,-1,1852.6,503.31,23.623,72.869,-0.38062,-1,-1,-1
143,-1,129.65,478.86,90.896,274.69,-0.49526,-1,-1,-1
144,-1,1281,65,319,959,3.9198,-1,-1,-1
144,-1,437.53,389.02,120.26,362.77,2.5682,-1,-1,-1
144,-1,1003.9,223.86,277.58,834.73,2.1381,-1,-1,-1
144,-1,317.68,423.24,104.56,315.68,1.618,-1,-1,-1
144,-1,905,513,39,119,1.4976,-1,-1,-1
144,-1,1,316.17,195.98,589.95,-0.060502,-1,-1,-1
144,-1,1697,473,39,119,-0.16375,-1,-1,-1
145,-1,1281,65,319,959,4.1633,-1,-1,-1
145,-1,437.53,389.02,120.26,362.77,2.5823,-1,-1,-1
145,-1,1003.9,223.86,277.58,834.73,2.4373,-1,-1,-1
145,-1,317.68,423.24,104.56,315.68,1.6506,-1,-1,-1
145,-1,905,513,39,119,1.2917,-1,-1,-1
145,-1,1,272.53,225.27,677.82,1.0076,-1,-1,-1
145,-1,1698.7,464.01,41.871,127.61,-0.03456,-1,-1,-1
145,-1,570.75,405.34,44.948,136.84,-0.37262,-1,-1,-1
146,-1,1281,65,319,959,3.4519,-1,-1,-1
146,-1,1003.9,223.86,277.58,834.73,2.597,-1,-1,-1
146,-1,437.53,389.02,120.26,362.77,2.0028,-1,-1,-1
146,-1,317.68,423.24,104.56,315.68,1.6157,-1,-1,-1
146,-1,46.255,272.53,225.27,677.82,1.243,-1,-1,-1
146,-1,905,513,39,119,1.0325,-1,-1,-1
146,-1,1698.7,464.01,41.871,127.61,-0.17249,-1,-1,-1
146,-1,1852.6,503.31,23.623,72.869,-0.18702,-1,-1,-1
146,-1,570.75,405.34,44.948,136.84,-0.22397,-1,-1,-1
147,-1,1281,65,319,959,3.2497,-1,-1,-1
147,-1,43.224,296.57,210.12,632.36,2.6217,-1,-1,-1
147,-1,437.53,389.02,120.26,362.77,2.1266,-1,-1,-1
147,-1,1003.9,223.86,277.58,834.73,2.1178,-1,-1,-1
147,-1,317.68,423.24,104.56,315.68,1.3743,-1,-1,-1
147,-1,905,513,39,119,1.1874,-1,-1,-1
147,-1,570.75,405.34,44.948,136.84,0.19488,-1,-1,-1
147,-1,1697,473,39,119,-0.091985,-1,-1,-1
148,-1,1255,120.43,297.57,894.71,2.8984,-1,-1,-1
148,-1,948.16,223.86,277.58,834.73,2.4205,-1,-1,-1
148,-1,46.255,272.53,225.27,677.82,2.1867,-1,-1,-1
148,-1,437.53,389.02,120.26,362.77,1.843,-1,-1,-1
148,-1,905,513,39,119,1.2912,-1,-1,-1
148,-1,317.68,423.24,104.56,315.68,1.2656,-1,-1,-1
148,-1,577,409,39,119,-0.036299,-1,-1,-1
148,-1,1697,473,39,119,-0.15417,-1,-1,-1
148,-1,1075.9,120.43,297.57,894.71,-0.17657,-1,-1,-1
148,-1,1183.3,1,421.24,1265.7,-0.42725,-1,-1,-1
148,-1,1852.6,503.31,23.623,72.869,-0.48375,-1,-1,-1
149,-1,1255,120.43,297.57,894.71,2.4331,-1,-1,-1
149,-1,948.16,223.86,277.58,834.73,2.3508,-1,-1,-1
149,-1,437.53,389.02,120.26,362.77,1.8909,-1,-1,-1
149,-1,79.793,276.78,195.98,589.95,1.8146,-1,-1,-1
149,-1,317.68,423.24,104.56,315.68,1.2186,-1,-1,-1
149,-1,905,513,39,119,0.98643,-1,-1,-1
149,-1,577,409,39,119,0.014701,-1,-1,-1
149,-1,1697,473,39,119,-0.075192,-1,-1,-1
149,-1,1029.9,69.594,341.97,1027.9,-0.28089,-1,-1,-1
149,-1,208.94,520.84,128.96,388.88,-0.44592,-1,-1,-1
150,-1,1255,120.43,297.57,894.71,2.6238,-1,-1,-1
150,-1,948.16,223.86,277.58,834.73,2.5941,-1,-1,-1
150,-1,437.53,389.02,120.26,362.77,1.8126,-1,-1,-1
150,-1,85.449,254.35,210.12,632.36,1.8114,-1,-1,-1
150,-1,317.78,408.29,112.14,338.41,1.4061,-1,-1,-1
150,-1,905,513,39,119,0.70998,-1,-1,-1
150,-1,1029.9,69.594,341.97,1027.9,0.044244,-1,-1,-1
150,-1,1698.7,464.01,41.871,127.61,0.011905,-1,-1,-1
150,-1,572.25,394.97,48.246,146.74,-0.1239,-1,-1,-1
150,-1,276.78,710.14,48.246,146.74,-0.29404,-1,-1,-1
151,-1,948.16,223.86,277.58,834.73,2.6228,-1,-1,-1
151,-1,1255,120.43,297.57,894.71,2.597,-1,-1,-1
151,-1,442.87,364.89,128.96,388.88,1.9136,-1,-1,-1
151,-1,119.19,276.78,195.98,589.95,1.1059,-1,-1,-1
151,-1,317.78,408.29,112.14,338.41,0.84095,-1,-1,-1
151,-1,1029.9,69.594,341.97,1027.9,-0.085599,-1,-1,-1
151,-1,570.75,405.34,44.948,136.84,-0.090178,-1,-1,-1
151,-1,1698.7,464.01,41.871,127.61,-0.11528,-1,-1,-1
151,-1,251.72,502.44,138.29,416.86,-0.12948,-1,-1,-1
151,-1,1183.3,1,421.24,1265.7,-0.31221,-1,-1,-1
151,-1,43.224,497.13,51.78,157.34,-0.43108,-1,-1,-1
151,-1,1850.8,498.8,27.284,83.853,-0.45699,-1,-1,-1
152,-1,1217,65,319,959,2.6403,-1,-1,-1
152,-1,896.71,180.14,297.57,894.71,2.1067,-1,-1,-1
152,-1,453.55,385.67,112.14,338.41,2.0225,-1,-1,-1
152,-1,317.78,408.29,112.14,338.41,0.74204,-1,-1,-1
152,-1,158.59,276.78,195.98,589.95,0.54456,-1,-1,-1
152,-1,1025,65,319,959,-0.056967,-1,-1,-1
152,-1,1698.7,464.01,41.871,127.61,-0.28925,-1,-1,-1
152,-1,1857.6,503.31,23.623,72.869,-0.43666,-1,-1,-1
153,-1,1217,65,319,959,2.7942,-1,-1,-1
153,-1,461.78,389.02,120.26,362.77,2.0562,-1,-1,-1
153,-1,896.71,180.14,297.57,894.71,1.6601,-1,-1,-1
153,-1,317.78,408.29,112.14,338.41,0.79494,-1,-1,-1
153,-1,212.12,254.35,210.12,632.36,0.69924,-1,-1,-1
153,-1,1098.8,381.02,210.12,632.36,0.18176,-1,-1,-1
153,-1,1697,473,39,119,-0.11639,-1,-1,-1
153,-1,85.449,296.57,210.12,632.36,-0.26308,-1,-1,-1
153,-1,572.25,394.97,48.246,146.74,-0.31983,-1,-1,-1
154,-1,1217,65,319,959,2.5167,-1,-1,-1
154,-1,896.71,180.14,297.57,894.71,2.2495,-1,-1,-1
154,-1,453.55,385.67,112.14,338.41,1.7349,-1,-1,-1
154,-1,197.98,316.17,195.98,589.95,0.32048,-1,-1,-1
154,-1,1098.8,381.02,210.12,632.36,-0.14478,-1,-1,-1
154,-1,1702.9,471.25,36.321,110.96,-0.15282,-1,-1,-1
154,-1,140.29,432.79,68.644,207.93,-0.44672,-1,-1,-1
155,-1,1217,65,319,959,2.3393,-1,-1,-1
155,-1,892.44,223.86,277.58,834.73,1.9295,-1,-1,-1
155,-1,461.78,389.02,120.26,362.77,1.8269,-1,-1,-1
155,-1,237.38,276.78,195.98,589.95,0.81083,-1,-1,-1
155,-1,1702.9,471.25,36.321,110.96,0.1418,-1,-1,-1
155,-1,1087.1,363.04,225.27,677.82,-0.20162,-1,-1,-1
155,-1,570.75,405.34,44.948,136.84,-0.23686,-1,-1,-1
155,-1,961.31,69.594,341.97,1027.9,-0.27492,-1,-1,-1
155,-1,97,417,159,479,-0.37454,-1,-1,-1
156,-1,1167.1,69.594,341.97,1027.9,2.5932,-1,-1,-1
156,-1,896.71,180.14,297.57,894.71,2.2574,-1,-1,-1
156,-1,461.78,389.02,120.26,362.77,1.9679,-1,-1,-1
156,-1,237.38,276.78,195.98,589.95,0.66126,-1,-1,-1
156,-1,575.47,403.99,41.871,127.61,-0.21742,-1,-1,-1
156,-1,138.19,378.26,170.48,513.45,-0.27809,-1,-1,-1
156,-1,1697,473,39,119,-0.33757,-1,-1,-1
156,-1,1471.3,368.58,90.896,274.69,-0.34385,-1,-1,-1
157,-1,1167.1,69.594,341.97,1027.9,2.8265,-1,-1,-1
157,-1,892.44,223.86,277.58,834.73,2.2675,-1,-1,-1
157,-1,461.78,389.02,120.26,362.77,1.6322,-1,-1,-1
157,-1,237.38,276.78,195.98,589.95,1.213,-1,-1,-1
157,-1,788.93,79.793,392.97,1180.9,0.33262,-1,-1,-1
157,-1,1697,473,39,119,-0.25162,-1,-1,-1
157,-1,570.75,405.34,44.948,136.84,-0.30632,-1,-1,-1
157,-1,138.19,378.26,170.48,513.45,-0.39551,-1,-1,-1
158,-1,1153,65,319,959,3.1115,-1,-1,-1
158,-1,837,180.14,297.57,894.71,1.9245,-1,-1,-1
158,-1,276.78,276.78,195.98,589.95,1.6893,-1,-1,-1
158,-1,461.78,389.02,120.26,362.77,1.6371,-1,-1,-1
158,-1,1087.1,-89.51,451.55,1356.6,0.39894,-1,-1,-1
158,-1,1702.9,471.25,36.321,110.96,-0.071737,-1,-1,-1
158,-1,113,513,79,239,-0.27624,-1,-1,-1
158,-1,570.75,405.34,44.948,136.84,-0.31307,-1,-1,-1
159,-1,1167.1,69.594,341.97,1027.9,3.3627,-1,-1,-1
159,-1,276.78,276.78,195.98,589.95,2.0617,-1,-1,-1
159,-1,837,180.14,297.57,894.71,1.8046,-1,-1,-1
159,-1,461.78,389.02,120.26,362.77,1.6253,-1,-1,-1
159,-1,1698.7,464.01,41.871,127.61,-0.067971,-1,-1,-1
159,-1,120.43,523.5,73.643,222.93,-0.2752,-1,-1,-1
159,-1,33,385,159,479,-0.29964,-1,-1,-1
159,-1,1478.8,359.91,104.56,315.68,-0.43686,-1,-1,-1
159,-1,180.14,419,148.29,446.86,-0.45517,-1,-1,-1
160,-1,1167.1,69.594,341.97,1027.9,3.1604,-1,-1,-1
160,-1,296.57,254.35,210.12,632.36,1.5474,-1,-1,-1
160,-1,461.78,389.02,120.26,362.77,1.4786,-1,-1,-1
160,-1,833,193,319,959,1.4712,-1,-1,-1
160,-1,121.04,498.3,84.742,256.23,-0.048868,-1,-1,-1
160,-1,1698.7,464.01,41.871,127.61,-0.13946,-1,-1,-1
160,-1,33,385,159,479,-0.23319,-1,-1,-1
160,-1,1478.8,359.91,104.56,315.68,-0.2423,-1,-1,-1
160,-1,1471.3,148.03,182.79,550.38,-0.38617,-1,-1,-1
160,-1,572.25,394.97,48.246,146.74,-0.44804,-1,-1,-1
161,-1,1167.1,69.594,341.97,1027.9,2.8542,-1,-1,-1
161,-1,316.17,276.78,195.98,589.95,1.7537,-1,-1,-1
161,-1,486.03,389.02,120.26,362.77,1.1343,-1,-1,-1
161,-1,836.73,223.86,277.58,834.73,1.079,-1,-1,-1
161,-1,120.43,523.5,73.643,222.93,0.12998,-1,-1,-1
161,-1,73.754,389.02,120.26,362.77,0.080402,-1,-1,-1
161,-1,1489.7,368.58,90.896,274.69,-0.011869,-1,-1,-1
161,-1,1471.3,148.03,182.79,550.38,-0.10433,-1,-1,-1
161,-1,212.12,296.57,210.12,632.36,-0.36423,-1,-1,-1
161,-1,1698.7,464.01,41.871,127.61,-0.39054,-1,-1,-1
161,-1,788.93,79.793,392.97,1180.9,-0.46975,-1,-1,-1
162,-1,1167.1,69.594,341.97,1027.9,2.5939,-1,-1,-1
162,-1,338.79,254.35,210.12,632.36,1.8772,-1,-1,-1
162,-1,836.73,223.86,277.58,834.73,0.8827,-1,-1,-1
162,-1,498.8,408.29,112.14,338.41,0.15983,-1,-1,-1
162,-1,120.43,523.5,73.643,222.93,0.1398,-1,-1,-1
162,-1,1471.3,148.03,182.79,550.38,0.10612,-1,-1,-1
162,-1,91.51,453.55,112.14,338.41,-0.14545,-1,-1,-1
162,-1,1702.9,471.25,36.321,110.96,-0.17944,-1,-1,-1
162,-1,788.93,79.793,392.97,1180.9,-0.38308,-1,-1,-1
163,-1,1153,65,319,959,2.0849,-1,-1,-1
163,-1,368.58,295.07,182.79,550.38,1.745,-1,-1,-1
163,-1,769,193,319,959,1.2806,-1,-1,-1
163,-1,498.8,408.29,112.14,338.41,0.63608,-1,-1,-1
163,-1,1510.1,378.26,84.742,256.23,0.53469,-1,-1,-1
163,-1,120.43,523.5,73.643,222.93,0.28711,-1,-1,-1
163,-1,1471.3,148.03,182.79,550.38,0.14122,-1,-1,-1
163,-1,276.78,316.17,195.98,589.95,-0.14498,-1,-1,-1
163,-1,1087.1,-89.51,451.55,1356.6,-0.22411,-1,-1,-1
163,-1,1705,473,39,119,-0.31027,-1,-1,-1
164,-1,1103.8,1,366.58,1101.8,2.1024,-1,-1,-1
164,-1,368.58,295.07,182.79,550.38,1.8544,-1,-1,-1
164,-1,769,193,319,959,1.2176,-1,-1,-1
164,-1,498.8,408.29,112.14,338.41,0.4999,-1,-1,-1
164,-1,1508.1,368.58,90.896,274.69,0.29997,-1,-1,-1
164,-1,120.43,523.5,73.643,222.93,0.22945,-1,-1,-1
164,-1,1471.3,148.03,182.79,550.38,-0.19223,-1,-1,-1
164,-1,1702.9,471.25,36.321,110.96,-0.33391,-1,-1,-1
164,-1,312.9,260.92,258.92,778.76,-0.49495,-1,-1,-1
165,-1,1103.8,1,366.58,1101.8,1.9858,-1,-1,-1
165,-1,368.58,295.07,182.79,550.38,1.2932,-1,-1,-1
165,-1,769,193,319,959,0.81249,-1,-1,-1
165,-1,120.43,523.5,73.643,222.93,0.61296,-1,-1,-1
165,-1,1500,359.91,104.56,315.68,0.27436,-1,-1,-1
165,-1,289,385,159,479,-0.0035493,-1,-1,-1
165,-1,528.8,423.24,104.56,315.68,-0.022565,-1,-1,-1
165,-1,1702.9,471.25,36.321,110.96,-0.17917,-1,-1,-1
165,-1,1471.3,148.03,182.79,550.38,-0.29461,-1,-1,-1
166,-1,1098.5,69.594,341.97,1027.9,1.873,-1,-1,-1
166,-1,405.34,295.07,182.79,550.38,1.4634,-1,-1,-1
166,-1,769,193,319,959,1.0306,-1,-1,-1
166,-1,120.43,523.5,73.643,222.93,0.6322,-1,-1,-1
166,-1,321,385,159,479,0.27912,-1,-1,-1
166,-1,1527.2,378.26,84.742,256.23,0.079512,-1,-1,-1
166,-1,317.78,227.27,225.27,677.82,-0.23389,-1,-1,-1
166,-1,136.76,408.29,112.14,338.41,-0.29612,-1,-1,-1
166,-1,1698.7,464.01,41.871,127.61,-0.37372,-1,-1,-1
166,-1,1449.2,136.76,225.27,677.82,-0.46733,-1,-1,-1
167,-1,1098.5,69.594,341.97,1027.9,2.0708,-1,-1,-1
167,-1,705,193,319,959,1.1287,-1,-1,-1
167,-1,442.1,295.07,182.79,550.38,1.0718,-1,-1,-1
167,-1,120.43,523.5,73.643,222.93,0.53179,-1,-1,-1
167,-1,321,385,159,479,0.3442,-1,-1,-1
167,-1,1517.8,375.27,97.492,294.47,0.22664,-1,-1,-1
167,-1,1702.9,471.25,36.321,110.96,-0.34899,-1,-1,-1
167,-1,317.78,227.27,225.27,677.82,-0.4955,-1,-1,-1
168,-1,442.1,295.07,182.79,550.38,1.8622,-1,-1,-1
168,-1,1030.2,1,366.58,1101.8,1.7945,-1,-1,-1
168,-1,717.57,180.14,297.57,894.71,1.5001,-1,-1,-1
168,-1,1380,460.65,68.644,207.93,0.70659,-1,-1,-1
168,-1,126.36,530.29,68.644,207.93,0.43772,-1,-1,-1
168,-1,343.97,378.26,170.48,513.45,0.37334,-1,-1,-1
168,-1,1697,473,39,119,0.25219,-1,-1,-1
168,-1,1521.1,359.91,104.56,315.68,-0.2527,-1,-1,-1
168,-1,676.59,85.449,421.24,1265.7,-0.25598,-1,-1,-1
169,-1,1029.9,69.594,341.97,1027.9,1.7635,-1,-1,-1
169,-1,717.57,180.14,297.57,894.71,1.3018,-1,-1,-1
169,-1,478.86,295.07,182.79,550.38,1.1521,-1,-1,-1
169,-1,1380,460.65,68.644,207.93,0.42498,-1,-1,-1
169,-1,1697,473,39,119,0.20371,-1,-1,-1
169,-1,126.36,530.29,68.644,207.93,0.16034,-1,-1,-1
169,-1,343.97,378.26,170.48,513.45,0.15297,-1,-1,-1
169,-1,1268.1,408.29,225.27,677.82,-0.25473,-1,-1,-1
169,-1,676.59,85.449,421.24,1265.7,-0.30911,-1,-1,-1
169,-1,1087.1,-89.51,451.55,1356.6,-0.39812,-1,-1,-1
170,-1,1029.9,69.594,341.97,1027.9,1.9615,-1,-1,-1
170,-1,478.86,295.07,182.79,550.38,1.3509,-1,-1,-1
170,-1,686.94,138.19,341.97,1027.9,0.85438,-1,-1,-1
170,-1,1374.4,448.86,73.643,222.93,0.39425,-1,-1,-1
170,-1,1697,465,39,119,0.28278,-1,-1,-1
170,-1,126.36,530.29,68.644,207.93,0.22527,-1,-1,-1
170,-1,359.28,389.14,148.29,446.86,0.13083,-1,-1,-1
170,-1,1537.5,375.27,97.492,294.47,-0.45004,-1,-1,-1
170,-1,1268.1,408.29,225.27,677.82,-0.48288,-1,-1,-1
171,-1,1029.9,69.594,341.97,1027.9,1.7448,-1,-1,-1
171,-1,618.34,138.19,341.97,1027.9,1.3879,-1,-1,-1
171,-1,473.76,276.78,195.98,589.95,0.75157,-1,-1,-1
171,-1,1374.4,448.86,73.643,222.93,0.66763,-1,-1,-1
171,-1,126.36,530.29,68.644,207.93,0.53124,-1,-1,-1
171,-1,1697,473,39,119,0.22291,-1,-1,-1
171,-1,359.28,389.14,148.29,446.86,-0.31829,-1,-1,-1
171,-1,1537.5,375.27,97.492,294.47,-0.32412,-1,-1,-1
172,-1,618.34,138.19,341.97,1027.9,1.8405,-1,-1,-1
172,-1,1029.9,69.594,341.97,1027.9,1.7642,-1,-1,-1
172,-1,1377,449,79,239,1.1723,-1,-1,-1
172,-1,515.62,295.07,182.79,550.38,0.66678,-1,-1,-1
172,-1,126.36,530.29,68.644,207.93,0.36798,-1,-1,-1
172,-1,1697,473,39,119,0.16012,-1,-1,-1
172,-1,1537.5,375.27,97.492,294.47,0.048177,-1,-1,-1
172,-1,359.91,423.24,104.56,315.68,-0.43432,-1,-1,-1
173,-1,946.52,1,392.97,1180.9,1.7829,-1,-1,-1
173,-1,618.34,138.19,341.97,1027.9,1.7138,-1,-1,-1
173,-1,126.36,530.29,68.644,207.93,0.80719,-1,-1,-1
173,-1,1377,449,79,239,0.57698,-1,-1,-1
173,-1,515.45,309.67,170.48,513.45,0.54569,-1,-1,-1
173,-1,1342.7,552.38,44.948,136.84,0.45748,-1,-1,-1
173,-1,1702.9,471.25,36.321,110.96,0.22197,-1,-1,-1
173,-1,364.89,390.88,128.96,388.88,-0.076756,-1,-1,-1
173,-1,1584.4,507.69,51.78,157.34,-0.23139,-1,-1,-1
173,-1,1537.5,375.27,97.492,294.47,-0.30346,-1,-1,-1
174,-1,946.52,1,392.97,1180.9,1.5691,-1,-1,-1
174,-1,618.34,138.19,341.97,1027.9,1.5684,-1,-1,-1
174,-1,1347.1,549.75,41.871,127.61,0.76962,-1,-1,-1
174,-1,120.43,523.5,73.643,222.93,0.61865,-1,-1,-1
174,-1,364.77,413.27,120.26,362.77,0.51438,-1,-1,-1
174,-1,1378.6,455.86,63.98,193.94,0.35877,-1,-1,-1
174,-1,1390,429.71,84.742,256.23,0.17397,-1,-1,-1
174,-1,1573.9,518.25,51.78,157.34,-0.021583,-1,-1,-1
174,-1,1542.2,359.91,104.56,315.68,-0.031592,-1,-1,-1
174,-1,1697,465,39,119,-0.21255,-1,-1,-1
174,-1,1326.6,533.84,63.98,193.94,-0.30671,-1,-1,-1
174,-1,513.16,276.78,195.98,589.95,-0.35395,-1,-1,-1
175,-1,946.52,1,392.97,1180.9,1.8273,-1,-1,-1
175,-1,549.75,138.19,341.97,1027.9,1.6151,-1,-1,-1
175,-1,364.89,390.88,128.96,388.88,1.0603,-1,-1,-1
175,-1,1342.7,552.38,44.948,136.84,0.93577,-1,-1,-1
175,-1,126.36,530.29,68.644,207.93,0.79449,-1,-1,-1
175,-1,905,513,39,119,0.7647,-1,-1,-1
175,-1,1542.2,359.91,104.56,315.68,0.71844,-1,-1,-1
175,-1,1389.4,448.86,73.643,222.93,0.48388,-1,-1,-1
175,-1,1702.9,471.25,36.321,110.96,-0.13724,-1,-1,-1
176,-1,946.52,1,392.97,1180.9,1.6405,-1,-1,-1
176,-1,549.75,138.19,341.97,1027.9,1.4154,-1,-1,-1
176,-1,364.89,390.88,128.96,388.88,1.3695,-1,-1,-1
176,-1,905,513,39,119,1.273,-1,-1,-1
176,-1,126.36,530.29,68.644,207.93,0.84884,-1,-1,-1
176,-1,1557.2,375.27,97.492,294.47,0.79884,-1,-1,-1
176,-1,1390,429.71,84.742,256.23,0.54983,-1,-1,-1
176,-1,1340.5,552.55,48.246,146.74,0.26168,-1,-1,-1
176,-1,1702.9,471.25,36.321,110.96,-0.055123,-1,-1,-1
177,-1,549.75,138.19,341.97,1027.9,1.3909,-1,-1,-1
177,-1,956.72,1,366.58,1101.8,1.2856,-1,-1,-1
177,-1,390.88,390.88,128.96,388.88,1.2624,-1,-1,-1
177,-1,905,513,39,119,1.2268,-1,-1,-1
177,-1,126.36,530.29,68.644,207.93,0.50062,-1,-1,-1
177,-1,1390,429.71,84.742,256.23,0.46327,-1,-1,-1
177,-1,1334.8,546.66,59.629,180.89,0.45449,-1,-1,-1
177,-1,1557.2,375.27,97.492,294.47,0.41308,-1,-1,-1
177,-1,1697,473,39,119,0.10918,-1,-1,-1
177,-1,1307.2,366.75,36.321,110.96,-0.40649,-1,-1,-1
178,-1,905,513,39,119,1.4091,-1,-1,-1
178,-1,390.88,390.88,128.96,388.88,1.3869,-1,-1,-1
178,-1,883.2,1,366.58,1101.8,1.385,-1,-1,-1
178,-1,549.75,138.19,341.97,1027.9,1.2519,-1,-1,-1
178,-1,1557.2,375.27,97.492,294.47,0.97192,-1,-1,-1
178,-1,126.36,530.29,68.644,207.93,0.6778,-1,-1,-1
178,-1,1393,449,79,239,0.48267,-1,-1,-1
178,-1,1342.7,552.38,44.948,136.84,0.095602,-1,-1,-1
178,-1,1702.9,471.25,36.321,110.96,-0.16571,-1,-1,-1
178,-1,1310.3,370.11,33.822,103.47,-0.40813,-1,-1,-1
179,-1,905,513,39,119,1.5025,-1,-1,-1
179,-1,473.76,79.793,392.97,1180.9,1.1707,-1,-1,-1
179,-1,883.2,1,366.58,1101.8,1.1556,-1,-1,-1
179,-1,391.01,391.01,138.29,416.86,1.1495,-1,-1,-1
179,-1,1393,449,79,239,1.004,-1,-1,-1
179,-1,1557.2,375.27,97.492,294.47,0.6058,-1,-1,-1
179,-1,126.36,530.29,68.644,207.93,0.57491,-1,-1,-1
179,-1,1350.3,542.7,48.246,146.74,0.28695,-1,-1,-1
179,-1,1702.9,471.25,36.321,110.96,0.028995,-1,-1,-1
179,-1,1307.2,366.75,36.321,110.96,-0.071204,-1,-1,-1
179,-1,866.6,534.08,25.39,78.17,-0.44633,-1,-1,-1
180,-1,883.2,1,366.58,1101.8,1.3203,-1,-1,-1
180,-1,481.15,138.19,341.97,1027.9,0.99887,-1,-1,-1
180,-1,1393,449,79,239,0.80254,-1,-1,-1
180,-1,1557.2,375.27,97.492,294.47,0.7871,-1,-1,-1
180,-1,391.01,391.01,138.29,416.86,0.71448,-1,-1,-1
180,-1,126.36,530.29,68.644,207.93,0.64852,-1,-1,-1
180,-1,1351.9,552.38,44.948,136.84,0.50183,-1,-1,-1
180,-1,1702.9,471.25,36.321,110.96,-0.15583,-1,-1,-1
180,-1,1424.3,412.56,84.742,256.23,-0.283,-1,-1,-1
180,-1,1310.3,370.11,33.822,103.47,-0.47896,-1,-1,-1
181,-1,883.2,1,366.58,1101.8,1.0038,-1,-1,-1
181,-1,126.36,530.29,68.644,207.93,0.99367,-1,-1,-1
181,-1,1581.6,386.96,90.896,274.69,0.80914,-1,-1,-1
181,-1,1351.9,552.38,44.948,136.84,0.75359,-1,-1,-1
181,-1,1404.3,448.86,73.643,222.93,0.70875,-1,-1,-1
181,-1,394.97,158.59,392.97,1180.9,0.63457,-1,-1,-1
181,-1,1702.9,471.25,36.321,110.96,0.10758,-1,-1,-1
181,-1,1307.2,366.75,36.321,110.96,-0.25872,-1,-1,-1
181,-1,753,545,79,239,-0.30617,-1,-1,-1
182,-1,1576.9,375.27,97.492,294.47,0.93028,-1,-1,-1
182,-1,1390,429.71,84.742,256.23,0.88747,-1,-1,-1
182,-1,686.94,309.67,170.48,513.45,0.81138,-1,-1,-1
182,-1,883.2,1,366.58,1101.8,0.53018,-1,-1,-1
182,-1,126.36,530.29,68.644,207.93,0.52615,-1,-1,-1
182,-1,1351.9,552.38,44.948,136.84,0.49385,-1,-1,-1
182,-1,394.97,79.793,392.97,1180.9,0.39981,-1,-1,-1
182,-1,1697,473,39,119,0.0048451,-1,-1,-1
182,-1,1307.2,366.75,36.321,110.96,-0.32104,-1,-1,-1
182,-1,1352.6,533.84,63.98,193.94,-0.47915,-1,-1,-1
183,-1,699.41,295.07,182.79,550.38,1.9262,-1,-1,-1
183,-1,1576.9,375.27,97.492,294.47,0.75103,-1,-1,-1
183,-1,809.68,1,366.58,1101.8,0.60552,-1,-1,-1
183,-1,1391.6,455.86,63.98,193.94,0.60195,-1,-1,-1
183,-1,1397.8,423.72,90.896,274.69,0.3977,-1,-1,-1
183,-1,1351.9,552.38,44.948,136.84,0.38457,-1,-1,-1
183,-1,1697,473,39,119,0.15063,-1,-1,-1
183,-1,394.97,79.793,392.97,1180.9,0.079848,-1,-1,-1
183,-1,126.36,530.29,68.644,207.93,0.0042981,-1,-1,-1
183,-1,1352.6,533.84,63.98,193.94,-0.27769,-1,-1,-1
183,-1,1305,361,39,119,-0.38523,-1,-1,-1
183,-1,98.006,486.03,120.26,362.77,-0.48887,-1,-1,-1
184,-1,721.23,309.67,170.48,513.45,2.4046,-1,-1,-1
184,-1,809.68,1,366.58,1101.8,0.88472,-1,-1,-1
184,-1,1576.9,375.27,97.492,294.47,0.79924,-1,-1,-1
184,-1,1404.3,448.86,73.643,222.93,0.7416,-1,-1,-1
184,-1,1361.1,552.38,44.948,136.84,0.58847,-1,-1,-1
184,-1,1697,473,39,119,0.12142,-1,-1,-1
184,-1,338.79,85.449,421.24,1265.7,-0.03796,-1,-1,-1
184,-1,1339.6,546.83,63.98,193.94,-0.16538,-1,-1,-1
184,-1,126.36,530.29,68.644,207.93,-0.27605,-1,-1,-1
184,-1,1419.3,414.66,97.492,294.47,-0.2777,-1,-1,-1
184,-1,1307.2,366.75,36.321,110.96,-0.32029,-1,-1,-1
185,-1,721.23,309.67,170.48,513.45,2.7656,-1,-1,-1
185,-1,1576.9,375.27,97.492,294.47,0.90041,-1,-1,-1
185,-1,1404.3,448.86,73.643,222.93,0.80132,-1,-1,-1
185,-1,809.68,1,366.58,1101.8,0.51125,-1,-1,-1
185,-1,254.35,85.449,421.24,1265.7,0.37753,-1,-1,-1
185,-1,680.59,611.65,48.246,146.74,0.24773,-1,-1,-1
185,-1,1361.1,552.38,44.948,136.84,0.17727,-1,-1,-1
185,-1,1697,473,39,119,0.0039111,-1,-1,-1
185,-1,1,239.86,148.29,446.86,-0.14151,-1,-1,-1
185,-1,1307.2,366.75,36.321,110.96,-0.26952,-1,-1,-1
185,-1,625.89,295.07,182.79,550.38,-0.28042,-1,-1,-1
185,-1,136.76,566.69,55.569,168.71,-0.36241,-1,-1,-1
186,-1,737,321,159,479,1.9389,-1,-1,-1
186,-1,1596.6,375.27,97.492,294.47,0.93207,-1,-1,-1
186,-1,28.858,251.72,138.29,416.86,0.89917,-1,-1,-1
186,-1,1360.2,552.55,48.246,146.74,0.73062,-1,-1,-1
186,-1,1393,449,79,239,0.49834,-1,-1,-1
186,-1,788.93,1,392.97,1180.9,0.2353,-1,-1,-1
186,-1,275.37,138.19,341.97,1027.9,0.065968,-1,-1,-1
186,-1,650.8,416.87,128.96,388.88,0.036539,-1,-1,-1
186,-1,625.89,295.07,182.79,550.38,-0.062196,-1,-1,-1
186,-1,1697,473,39,119,-0.065819,-1,-1,-1
186,-1,1307.2,366.75,36.321,110.96,-0.10315,-1,-1,-1
186,-1,1,197.98,195.98,589.95,-0.11806,-1,-1,-1
186,-1,1583.4,269.71,148.29,446.86,-0.41676,-1,-1,-1
187,-1,1601,385,79,239,1.1434,-1,-1,-1
187,-1,30.857,239.86,148.29,446.86,0.88964,-1,-1,-1
187,-1,1360.2,552.55,48.246,146.74,0.88478,-1,-1,-1
187,-1,1404.3,448.86,73.643,222.93,0.87237,-1,-1,-1
187,-1,755.53,309.67,170.48,513.45,0.50213,-1,-1,-1
187,-1,1584.9,340.41,112.14,338.41,0.44228,-1,-1,-1
187,-1,761.04,-83.449,421.24,1265.7,0.16885,-1,-1,-1
187,-1,43.224,212.12,210.12,632.36,-0.074988,-1,-1,-1
187,-1,237.38,79.793,392.97,1180.9,-0.083983,-1,-1,-1
187,-1,1697,473,39,119,-0.14549,-1,-1,-1
187,-1,1307.2,366.75,36.321,110.96,-0.19543,-1,-1,-1
187,-1,607.29,558.78,59.629,180.89,-0.30941,-1,-1,-1
187,-1,650.8,416.87,128.96,388.88,-0.37344,-1,-1,-1
187,-1,662.65,295.07,182.79,550.38,-0.41888,-1,-1,-1
187,-1,1569,257,159,479,-0.4555,-1,-1,-1
187,-1,601.19,566.9,84.742,256.23,-0.48923,-1,-1,-1
188,-1,1404.3,448.86,73.643,222.93,1.0591,-1,-1,-1
188,-1,1596.6,375.27,97.492,294.47,0.98833,-1,-1,-1
188,-1,60.714,239.86,148.29,446.86,0.93478,-1,-1,-1
188,-1,1360.2,552.55,48.246,146.74,0.76135,-1,-1,-1
188,-1,158.59,79.793,392.97,1180.9,0.56543,-1,-1,-1
188,-1,43.224,212.12,210.12,632.36,0.33961,-1,-1,-1
188,-1,558.78,389.02,120.26,362.77,0.21663,-1,-1,-1
188,-1,736.17,1,366.58,1101.8,0.10527,-1,-1,-1
188,-1,641.73,391.01,138.29,416.86,0.03105,-1,-1,-1
188,-1,1583.4,269.71,148.29,446.86,-0.27039,-1,-1,-1
188,-1,1307.2,366.75,36.321,110.96,-0.32507,-1,-1,-1
188,-1,1465,441,39,119,-0.48427,-1,-1,-1
189,-1,1404.3,448.86,73.643,222.93,1.1716,-1,-1,-1
189,-1,1600,386.96,90.896,274.69,1.0242,-1,-1,-1
189,-1,1361.1,552.38,44.948,136.84,0.98567,-1,-1,-1
189,-1,546.83,364.89,128.96,388.88,0.84026,-1,-1,-1
189,-1,158.59,79.793,392.97,1180.9,0.68853,-1,-1,-1
189,-1,43.224,212.12,210.12,632.36,0.56172,-1,-1,-1
189,-1,736.17,1,366.58,1101.8,0.093692,-1,-1,-1
189,-1,1698.7,464.01,41.871,127.61,-0.09586,-1,-1,-1
189,-1,1588.9,279.58,138.29,416.86,-0.14494,-1,-1,-1
189,-1,1307.2,366.75,36.321,110.96,-0.22577,-1,-1,-1
189,-1,481,353,159,479,-0.2562,-1,-1,-1
189,-1,1371.2,534.53,59.629,180.89,-0.36924,-1,-1,-1
190,-1,1370.2,552.38,44.948,136.84,1.0824,-1,-1,-1
190,-1,1600,386.96,90.896,274.69,1.0082,-1,-1,-1
190,-1,546.83,364.89,128.96,388.88,0.89942,-1,-1,-1
190,-1,1404.3,448.86,73.643,222.93,0.89558,-1,-1,-1
190,-1,158.59,79.793,392.97,1180.9,0.55564,-1,-1,-1
190,-1,478.71,359.28,148.29,446.86,0.48379,-1,-1,-1
190,-1,676.59,-83.449,421.24,1265.7,-0.051876,-1,-1,-1
190,-1,1313.6,371.39,31.49,96.47,-0.15333,-1,-1,-1
190,-1,1588.9,279.58,138.29,416.86,-0.37436,-1,-1,-1
191,-1,502.44,391.01,138.29,416.86,1.1253,-1,-1,-1
191,-1,1370,542.7,48.246,146.74,1.0714,-1,-1,-1
191,-1,1409,449,79,239,1.0266,-1,-1,-1
191,-1,1600,386.96,90.896,274.69,0.77235,-1,-1,-1
191,-1,138.19,138.19,341.97,1027.9,0.46428,-1,-1,-1
191,-1,676.59,-83.449,421.24,1265.7,-0.046946,-1,-1,-1
191,-1,619.41,570.91,59.629,180.89,-0.24284,-1,-1,-1
191,-1,583.04,389.02,120.26,362.77,-0.2772,-1,-1,-1
191,-1,1359.5,463.78,73.643,222.93,-0.40264,-1,-1,-1
191,-1,1310.3,370.11,33.822,103.47,-0.42463,-1,-1,-1
191,-1,1612.5,286.91,128.96,388.88,-0.4975,-1,-1,-1
192,-1,494.85,390.88,128.96,388.88,1.4276,-1,-1,-1
192,-1,1409,449,79,239,1.2608,-1,-1,-1
192,-1,1370,542.7,48.246,146.74,0.82475,-1,-1,-1
192,-1,1612.9,395.41,84.742,256.23,0.6573,-1,-1,-1
192,-1,79.793,79.793,392.97,1180.9,0.48126,-1,-1,-1
192,-1,558.15,363.15,138.29,416.86,-0.11572,-1,-1,-1
192,-1,717.57,60.714,297.57,894.71,-0.14356,-1,-1,-1
192,-1,676.59,-83.449,421.24,1265.7,-0.15524,-1,-1,-1
192,-1,478.86,331.83,182.79,550.38,-0.21001,-1,-1,-1
192,-1,1625.8,292.02,120.26,362.77,-0.33481,-1,-1,-1
192,-1,1310.3,370.11,33.822,103.47,-0.45839,-1,-1,-1
192,-1,1359.5,463.78,73.643,222.93,-0.46749,-1,-1,-1
193,-1,502.44,391.01,138.29,416.86,1.7399,-1,-1,-1
193,-1,1612.9,395.41,84.742,256.23,0.8326,-1,-1,-1
193,-1,1379.9,542.7,48.246,146.74,0.78208,-1,-1,-1
193,-1,1409,449,79,239,0.67747,-1,-1,-1
193,-1,74.517,74.517,366.58,1101.8,0.63351,-1,-1,-1
193,-1,572.83,364.89,128.96,388.88,0.10408,-1,-1,-1
193,-1,705,65,319,959,0.03878,-1,-1,-1
193,-1,1612.5,286.91,128.96,388.88,-0.092815,-1,-1,-1
193,-1,1359.5,463.78,73.643,222.93,-0.18851,-1,-1,-1
193,-1,1313.6,371.39,31.49,96.47,-0.26184,-1,-1,-1
194,-1,502.44,391.01,138.29,416.86,1.6219,-1,-1,-1
194,-1,1612.9,395.41,84.742,256.23,1.1401,-1,-1,-1
194,-1,1373.3,539.36,51.78,157.34,0.47543,-1,-1,-1
194,-1,572.83,364.89,128.96,388.88,0.38409,-1,-1,-1
194,-1,1409,449,79,239,0.36271,-1,-1,-1
194,-1,1612.5,286.91,128.96,388.88,0.19574,-1,-1,-1
194,-1,641,65,319,959,0.18983,-1,-1,-1
194,-1,1,85.449,421.24,1265.7,-0.22256,-1,-1,-1
194,-1,1307.2,366.75,36.321,110.96,-0.37051,-1,-1,-1
195,-1,520.84,390.88,128.96,388.88,2.0393,-1,-1,-1
195,-1,1618.4,386.96,90.896,274.69,0.72717,-1,-1,-1
195,-1,1379.9,542.7,48.246,146.74,0.61836,-1,-1,-1
195,-1,1409,449,79,239,0.48716,-1,-1,-1
195,-1,641,65,319,959,0.4571,-1,-1,-1
195,-1,1612.5,286.91,128.96,388.88,0.036685,-1,-1,-1
195,-1,295.16,476.18,112.14,338.41,-0.14026,-1,-1,-1
195,-1,1478.9,433.93,73.643,222.93,-0.39441,-1,-1,-1
195,-1,1305,361,39,119,-0.42779,-1,-1,-1
195,-1,446.86,343.97,170.48,513.45,-0.47987,-1,-1,-1
196,-1,508.57,359.28,148.29,446.86,1.7032,-1,-1,-1
196,-1,1407.2,429.71,84.742,256.23,0.589,-1,-1,-1
196,-1,1618.4,386.96,90.896,274.69,0.47171,-1,-1,-1
196,-1,910.72,416.87,128.96,388.88,0.2081,-1,-1,-1
196,-1,1379.9,542.7,48.246,146.74,0.089581,-1,-1,-1
196,-1,1493.9,433.93,73.643,222.93,0.032531,-1,-1,-1
196,-1,208.94,156.95,258.92,778.76,-0.012825,-1,-1,-1
196,-1,1612.5,286.91,128.96,388.88,-0.1183,-1,-1,-1
196,-1,631.35,-77.793,392.97,1180.9,-0.33254,-1,-1,-1
196,-1,1305,361,39,119,-0.47279,-1,-1,-1
197,-1,520.84,390.88,128.96,388.88,1.6619,-1,-1,-1
197,-1,910.72,416.87,128.96,388.88,1.1101,-1,-1,-1
197,-1,1407.2,429.71,84.742,256.23,0.74739,-1,-1,-1
197,-1,1630.1,395.41,84.742,256.23,0.69166,-1,-1,-1
197,-1,243.51,195.01,241.51,726.54,0.27088,-1,-1,-1
197,-1,1493.9,433.93,73.643,222.93,0.090551,-1,-1,-1
197,-1,1612.5,286.91,128.96,388.88,-0.092407,-1,-1,-1
197,-1,1373.3,539.36,51.78,157.34,-0.1147,-1,-1,-1
197,-1,907.12,237.38,195.98,589.95,-0.25844,-1,-1,-1
197,-1,725.08,363.04,225.27,677.82,-0.34485,-1,-1,-1
197,-1,589.13,-72.517,366.58,1101.8,-0.4918,-1,-1,-1
197,-1,1305,361,39,119,-0.49724,-1,-1,-1
198,-1,243.51,195.01,241.51,726.54,1.3026,-1,-1,-1
198,-1,1407.2,429.71,84.742,256.23,0.87439,-1,-1,-1
198,-1,922.56,413.27,120.26,362.77,0.67288,-1,-1,-1
198,-1,907.12,237.38,195.98,589.95,0.64928,-1,-1,-1
198,-1,1618.4,386.96,90.896,274.69,0.37851,-1,-1,-1
198,-1,520.84,390.88,128.96,388.88,0.35991,-1,-1,-1
198,-1,1489,417,79,239,0.13391,-1,-1,-1
198,-1,1612.5,286.91,128.96,388.88,0.073819,-1,-1,-1
198,-1,718.81,381.02,210.12,632.36,-0.12071,-1,-1,-1
198,-1,1307.2,366.75,36.321,110.96,-0.25071,-1,-1,-1
199,-1,243.51,195.01,241.51,726.54,1.6927,-1,-1,-1
199,-1,929,321,159,479,1.2927,-1,-1,-1
199,-1,1425,449,79,239,0.7725,-1,-1,-1
199,-1,1647.2,378.26,84.742,256.23,0.42877,-1,-1,-1
199,-1,1612.5,286.91,128.96,388.88,-0.00042726,-1,-1,-1
199,-1,725.08,363.04,225.27,677.82,-0.12862,-1,-1,-1
199,-1,1379.9,414.66,97.492,294.47,-0.15543,-1,-1,-1
199,-1,1505,417,79,239,-0.19797,-1,-1,-1
199,-1,845.49,212.12,210.12,632.36,-0.31539,-1,-1,-1
200,-1,929,321,159,479,1.2338,-1,-1,-1
200,-1,272.53,227.27,225.27,677.82,1.0764,-1,-1,-1
200,-1,1425,449,79,239,0.95471,-1,-1,-1
200,-1,156.95,208.94,258.92,778.76,0.75044,-1,-1,-1
200,-1,1636,375.27,97.492,294.47,0.52892,-1,-1,-1
200,-1,1379.4,423.72,90.896,274.69,-0.045465,-1,-1,-1
200,-1,1307.2,366.75,36.321,110.96,-0.14006,-1,-1,-1
200,-1,680.04,340.52,241.51,726.54,-0.22384,-1,-1,-1
200,-1,1508.8,433.93,73.643,222.93,-0.2399,-1,-1,-1
200,-1,874.05,146.51,241.51,726.54,-0.36726,-1,-1,-1
201,-1,926.57,329.43,148.29,446.86,1.1993,-1,-1,-1
201,-1,223.86,168.15,277.58,834.73,1.0705,-1,-1,-1
201,-1,1424.3,429.71,84.742,256.23,0.79756,-1,-1,-1
201,-1,1649,385,79,239,0.79188,-1,-1,-1
201,-1,838.21,430.92,112.14,338.41,0.070944,-1,-1,-1
201,-1,1379.9,414.66,97.492,294.47,0.013468,-1,-1,-1
201,-1,1625.8,292.02,120.26,362.77,-0.0037753,-1,-1,-1
201,-1,828.33,237.38,195.98,589.95,-0.029997,-1,-1,-1
201,-1,679.82,363.04,225.27,677.82,-0.040528,-1,-1,-1
201,-1,1510.1,412.56,84.742,256.23,-0.060383,-1,-1,-1
201,-1,159.39,589.31,112.14,338.41,-0.35347,-1,-1,-1
201,-1,1310.3,370.11,33.822,103.47,-0.40731,-1,-1,-1
201,-1,993.48,258.31,182.79,550.38,-0.43397,-1,-1,-1
201,-1,1262.1,382.96,29.314,89.943,-0.45423,-1,-1,-1
202,-1,1649,401,79,239,1.054,-1,-1,-1
202,-1,929,321,159,479,0.81515,-1,-1,-1
202,-1,1424.3,429.71,84.742,256.23,0.70152,-1,-1,-1
202,-1,208.94,208.94,258.92,778.76,0.57922,-1,-1,-1
202,-1,1399.6,542.7,48.246,146.74,0.27034,-1,-1,-1
202,-1,679.82,363.04,225.27,677.82,0.056001,-1,-1,-1
202,-1,828.33,237.38,195.98,589.95,-0.17392,-1,-1,-1
202,-1,1379.9,414.66,97.492,294.47,-0.19202,-1,-1,-1
202,-1,1307.2,366.75,36.321,110.96,-0.25338,-1,-1,-1
202,-1,363.04,227.27,225.27,677.82,-0.26147,-1,-1,-1
202,-1,1523.7,433.93,73.643,222.93,-0.27271,-1,-1,-1
202,-1,993.48,258.31,182.79,550.38,-0.40013,-1,-1,-1
202,-1,1625.8,292.02,120.26,362.77,-0.42179,-1,-1,-1
202,-1,473.76,-77.793,392.97,1180.9,-0.49568,-1,-1,-1
203,-1,1658.5,404.94,68.644,207.93,0.88739,-1,-1,-1
203,-1,212.12,254.35,210.12,632.36,0.78749,-1,-1,-1
203,-1,956.43,329.43,148.29,446.86,0.63312,-1,-1,-1
203,-1,1407,552.38,44.948,136.84,0.54193,-1,-1,-1
203,-1,1425,449,79,239,0.52863,-1,-1,-1
203,-1,828.33,237.38,195.98,589.95,0.076956,-1,-1,-1
203,-1,1636,375.27,97.492,294.47,-0.054618,-1,-1,-1
203,-1,390.88,260.92,128.96,388.88,-0.1074,-1,-1,-1
203,-1,1025,321,159,479,-0.10921,-1,-1,-1
203,-1,126.36,530.29,68.644,207.93,-0.16271,-1,-1,-1
203,-1,1393.9,530.29,68.644,207.93,-0.28096,-1,-1,-1
203,-1,631.54,340.52,241.51,726.54,-0.3452,-1,-1,-1
203,-1,618.34,69.594,341.97,1027.9,-0.40797,-1,-1,-1
203,-1,996.61,136.76,225.27,677.82,-0.43442,-1,-1,-1
203,-1,1307.2,366.75,36.321,110.96,-0.43497,-1,-1,-1
204,-1,1647.2,395.41,84.742,256.23,1.3782,-1,-1,-1
204,-1,976.02,335.29,138.29,416.86,1.2659,-1,-1,-1
204,-1,237.38,276.78,195.98,589.95,0.81737,-1,-1,-1
204,-1,1441,449,79,239,0.73843,-1,-1,-1
204,-1,1415.5,549.92,51.78,157.34,0.33158,-1,-1,-1
204,-1,1025,321,159,479,0.048344,-1,-1,-1
204,-1,126.36,530.29,68.644,207.93,-0.1771,-1,-1,-1
204,-1,1307.2,366.75,36.321,110.96,-0.26926,-1,-1,-1
204,-1,583.04,340.52,241.51,726.54,-0.2713,-1,-1,-1
204,-1,1538.6,433.93,73.643,222.93,-0.37913,-1,-1,-1
204,-1,996.61,136.76,225.27,677.82,-0.38595,-1,-1,-1
204,-1,919.96,460.48,90.896,274.69,-0.40117,-1,-1,-1
204,-1,883.2,295.07,182.79,550.38,-0.45134,-1,-1,-1
205,-1,986.28,329.43,148.29,446.86,1.1515,-1,-1,-1
205,-1,1658.1,404.07,73.643,222.93,0.9514,-1,-1,-1
205,-1,237.38,276.78,195.98,589.95,0.8025,-1,-1,-1
205,-1,1441,449,79,239,0.76911,-1,-1,-1
205,-1,126.36,530.29,68.644,207.93,-0.036872,-1,-1,-1
205,-1,849.8,413.27,120.26,362.77,-0.079993,-1,-1,-1
205,-1,412.69,180.45,51.78,157.34,-0.19419,-1,-1,-1
205,-1,1416.2,552.38,44.948,136.84,-0.25534,-1,-1,-1
205,-1,1030.2,258.31,182.79,550.38,-0.45588,-1,-1,-1
205,-1,1527.2,412.56,84.742,256.23,-0.49765,-1,-1,-1
206,-1,1016.1,329.43,148.29,446.86,1.6504,-1,-1,-1
206,-1,1658.1,404.07,73.643,222.93,0.86791,-1,-1,-1
206,-1,1441,449,79,239,0.78123,-1,-1,-1
206,-1,126.36,530.29,68.644,207.93,-0.11058,-1,-1,-1
206,-1,849.8,413.27,120.26,362.77,-0.20994,-1,-1,-1
206,-1,764.92,316.27,59.629,180.89,-0.31702,-1,-1,-1
206,-1,1416.2,552.38,44.948,136.84,-0.3383,-1,-1,-1
206,-1,1310.3,370.11,33.822,103.47,-0.35567,-1,-1,-1
206,-1,237.38,276.78,195.98,589.95,-0.44364,-1,-1,-1
206,-1,673,625,79,239,-0.45642,-1,-1,-1
207,-1,1016.1,329.43,148.29,446.86,1.6735,-1,-1,-1
207,-1,1672.5,404.94,68.644,207.93,0.71076,-1,-1,-1
207,-1,1441,449,79,239,0.64711,-1,-1,-1
207,-1,126.36,530.29,68.644,207.93,0.20586,-1,-1,-1
207,-1,897,321,159,479,-0.031333,-1,-1,-1
207,-1,1655.7,375.27,97.492,294.47,-0.033186,-1,-1,-1
207,-1,679.82,453.55,112.14,338.41,-0.036391,-1,-1,-1
207,-1,1416.2,552.38,44.948,136.84,-0.10231,-1,-1,-1
207,-1,652.64,309.67,170.48,513.45,-0.22138,-1,-1,-1
207,-1,1307.2,366.75,36.321,110.96,-0.43305,-1,-1,-1
207,-1,85.88,558.78,59.629,180.89,-0.4725,-1,-1,-1
208,-1,1016.1,329.43,148.29,446.86,1.774,-1,-1,-1
208,-1,1441.5,446.86,84.742,256.23,0.77652,-1,-1,-1
208,-1,1673,404.07,73.643,222.93,0.48772,-1,-1,-1
208,-1,657.86,329.43,148.29,446.86,0.30253,-1,-1,-1
208,-1,892.44,391.01,138.29,416.86,0.08161,-1,-1,-1
208,-1,1307.2,366.75,36.321,110.96,0.0061448,-1,-1,-1
208,-1,1415.5,549.92,51.78,157.34,-0.085053,-1,-1,-1
208,-1,126.36,530.29,68.644,207.93,-0.18403,-1,-1,-1
208,-1,927.01,309.67,170.48,513.45,-0.22811,-1,-1,-1
208,-1,1568.5,433.93,73.643,222.93,-0.36528,-1,-1,-1
208,-1,1638.5,455.86,63.98,193.94,-0.41705,-1,-1,-1
209,-1,1046,329.43,148.29,446.86,1.8427,-1,-1,-1
209,-1,628,359.28,148.29,446.86,1.0104,-1,-1,-1
209,-1,1441.5,446.86,84.742,256.23,0.75954,-1,-1,-1
209,-1,928.72,430.92,112.14,338.41,0.53843,-1,-1,-1
209,-1,1673.5,386.96,90.896,274.69,0.30364,-1,-1,-1
209,-1,1307.2,366.75,36.321,110.96,-0.032524,-1,-1,-1
209,-1,545,417,159,479,-0.43542,-1,-1,-1
209,-1,897,321,159,479,-0.47312,-1,-1,-1
209,-1,1644.6,279.58,138.29,416.86,-0.48387,-1,-1,-1
209,-1,1575,446.72,68.644,207.93,-0.49157,-1,-1,-1
210,-1,1059.6,335.29,138.29,416.86,1.4111,-1,-1,-1
210,-1,657.86,359.28,148.29,446.86,1.3904,-1,-1,-1
210,-1,1441.5,429.71,84.742,256.23,0.75385,-1,-1,-1
210,-1,928.72,430.92,112.14,338.41,0.42982,-1,-1,-1
210,-1,1673.5,386.96,90.896,274.69,0.23072,-1,-1,-1
210,-1,905,513,39,119,0.16741,-1,-1,-1
210,-1,1307.2,366.75,36.321,110.96,0.073427,-1,-1,-1
210,-1,929,321,159,479,-0.19201,-1,-1,-1
210,-1,1569,417,79,239,-0.25806,-1,-1,-1
210,-1,558.78,292.02,120.26,362.77,-0.2763,-1,-1,-1
210,-1,1419.3,552.55,48.246,146.74,-0.35525,-1,-1,-1
211,-1,1059.6,335.29,138.29,416.86,1.6325,-1,-1,-1
211,-1,669.58,363.15,138.29,416.86,1.3335,-1,-1,-1
211,-1,905,513,39,119,1.2157,-1,-1,-1
211,-1,1441.5,429.71,84.742,256.23,0.80483,-1,-1,-1
211,-1,1673.5,386.96,90.896,274.69,0.70211,-1,-1,-1
211,-1,1569,417,79,239,0.40623,-1,-1,-1
211,-1,936.71,390.88,128.96,388.88,0.15598,-1,-1,-1
211,-1,453.55,227.27,225.27,677.82,0.070636,-1,-1,-1
211,-1,1307.2,366.75,36.321,110.96,-0.3069,-1,-1,-1
211,-1,1638.5,286.91,128.96,388.88,-0.38749,-1,-1,-1
211,-1,-44.255,272.53,225.27,677.82,-0.46576,-1,-1,-1
211,-1,670.74,316.17,195.98,589.95,-0.48823,-1,-1,-1
212,-1,1075.9,329.43,148.29,446.86,2.0009,-1,-1,-1
212,-1,676.79,390.88,128.96,388.88,1.3795,-1,-1,-1
212,-1,905,513,39,119,1.1148,-1,-1,-1
212,-1,1441.5,429.71,84.742,256.23,1.0354,-1,-1,-1
212,-1,1681,385,79,239,0.67096,-1,-1,-1
212,-1,1583.4,433.93,73.643,222.93,0.62798,-1,-1,-1
212,-1,936.71,390.88,128.96,388.88,0.57041,-1,-1,-1
212,-1,437.53,195.01,241.51,726.54,0.49458,-1,-1,-1
212,-1,662.65,331.83,182.79,550.38,0.16993,-1,-1,-1
212,-1,1638.5,286.91,128.96,388.88,-0.25068,-1,-1,-1
212,-1,1307.1,371.39,31.49,96.47,-0.2889,-1,-1,-1
213,-1,1075.9,329.43,148.29,446.86,2.1595,-1,-1,-1
213,-1,905,513,39,119,1.261,-1,-1,-1
213,-1,1441.5,429.71,84.742,256.23,1.1532,-1,-1,-1
213,-1,704.29,389.02,120.26,362.77,1.0996,-1,-1,-1
213,-1,1585,417,79,239,0.93997,-1,-1,-1
213,-1,1681.5,395.41,84.742,256.23,0.79955,-1,-1,-1
213,-1,498.8,227.27,225.27,677.82,0.70169,-1,-1,-1
213,-1,946.81,389.02,120.26,362.77,0.44964,-1,-1,-1
213,-1,359.28,60.714,297.57,894.71,0.15824,-1,-1,-1
213,-1,686.94,378.26,170.48,513.45,0.14563,-1,-1,-1
213,-1,1638.5,286.91,128.96,388.88,-0.32069,-1,-1,-1
213,-1,1307.2,366.75,36.321,110.96,-0.36949,-1,-1,-1
214,-1,1075.9,329.43,148.29,446.86,2.0797,-1,-1,-1
214,-1,905,513,39,119,1.1912,-1,-1,-1
214,-1,702.79,390.88,128.96,388.88,0.82425,-1,-1,-1
214,-1,1585,417,79,239,0.74219,-1,-1,-1
214,-1,1453,423.72,90.896,274.69,0.71426,-1,-1,-1
214,-1,1681.5,395.41,84.742,256.23,0.56969,-1,-1,-1
214,-1,549.92,254.35,210.12,632.36,0.52262,-1,-1,-1
214,-1,437.53,195.01,241.51,726.54,0.45515,-1,-1,-1
214,-1,962.71,390.88,128.96,388.88,0.43151,-1,-1,-1
214,-1,1419.7,522.41,59.629,180.89,0.24973,-1,-1,-1
214,-1,747.43,359.28,148.29,446.86,-0.27026,-1,-1,-1
214,-1,1664.5,286.91,128.96,388.88,-0.46959,-1,-1,-1
214,-1,1313.6,371.39,31.49,96.47,-0.48659,-1,-1,-1
215,-1,1087.4,335.29,138.29,416.86,2.34,-1,-1,-1
215,-1,905,513,39,119,1.1884,-1,-1,-1
215,-1,1457,449,79,239,0.71028,-1,-1,-1
215,-1,717.57,359.28,148.29,446.86,0.60018,-1,-1,-1
215,-1,549.92,254.35,210.12,632.36,0.57648,-1,-1,-1
215,-1,1687.9,404.07,73.643,222.93,0.42868,-1,-1,-1
215,-1,962.71,390.88,128.96,388.88,0.32815,-1,-1,-1
215,-1,437.53,195.01,241.51,726.54,0.21834,-1,-1,-1
215,-1,1419.7,522.41,59.629,180.89,0.17306,-1,-1,-1
215,-1,1585,417,79,239,-0.014165,-1,-1,-1
215,-1,631.54,195.01,241.51,726.54,-0.18409,-1,-1,-1
216,-1,1105.7,329.43,148.29,446.86,1.9503,-1,-1,-1
216,-1,905,513,39,119,1.3031,-1,-1,-1
216,-1,592.14,254.35,210.12,632.36,1.1095,-1,-1,-1
216,-1,434.36,276.78,195.98,589.95,0.63324,-1,-1,-1
216,-1,747.43,359.28,148.29,446.86,0.59649,-1,-1,-1
216,-1,1697,401,79,239,0.55938,-1,-1,-1
216,-1,962.71,390.88,128.96,388.88,0.31016,-1,-1,-1
216,-1,1473,449,79,239,0.22596,-1,-1,-1
216,-1,1598.4,419,73.643,222.93,0.16232,-1,-1,-1
216,-1,1424.3,446.86,84.742,256.23,0.059774,-1,-1,-1
216,-1,486.03,195.01,241.51,726.54,-0.1524,-1,-1,-1
216,-1,1307.1,371.39,31.49,96.47,-0.36842,-1,-1,-1
217,-1,1115.3,335.29,138.29,416.86,1.5673,-1,-1,-1
217,-1,634.36,254.35,210.12,632.36,1.2681,-1,-1,-1
217,-1,1601,417,79,239,0.9381,-1,-1,-1
217,-1,905,513,39,119,0.92669,-1,-1,-1
217,-1,1697,401,79,239,0.81071,-1,-1,-1
217,-1,1471.3,423.72,90.896,274.69,0.39324,-1,-1,-1
217,-1,453.55,227.27,225.27,677.82,0.33864,-1,-1,-1
217,-1,962.71,390.88,128.96,388.88,0.13711,-1,-1,-1
217,-1,781.01,363.15,138.29,416.86,-0.073294,-1,-1,-1
217,-1,1424.3,446.86,84.742,256.23,-0.25323,-1,-1,-1
217,-1,1307.1,371.39,31.49,96.47,-0.33004,-1,-1,-1
217,-1,112.43,168.15,277.58,834.73,-0.41135,-1,-1,-1
218,-1,1105.7,329.43,148.29,446.86,1.6433,-1,-1,-1
218,-1,634.36,254.35,210.12,632.36,1.5264,-1,-1,-1
218,-1,1601,417,79,239,1.1547,-1,-1,-1
218,-1,905,513,39,119,1.1424,-1,-1,-1
218,-1,473.76,276.78,195.98,589.95,0.73489,-1,-1,-1
218,-1,1697,401,79,239,0.40162,-1,-1,-1
218,-1,112.43,168.15,277.58,834.73,0.29828,-1,-1,-1
218,-1,1471.3,423.72,90.896,274.69,0.049315,-1,-1,-1
218,-1,769,321,159,479,-0.0594,-1,-1,-1
218,-1,988.7,390.88,128.96,388.88,-0.11702,-1,-1,-1
218,-1,1307.1,371.39,31.49,96.47,-0.17833,-1,-1,-1
218,-1,33,73,39,119,-0.36478,-1,-1,-1
218,-1,520.84,156.95,258.92,778.76,-0.4031,-1,-1,-1
218,-1,1435.7,530.29,68.644,207.93,-0.4568,-1,-1,-1
218,-1,1434.6,148.03,182.79,550.38,-0.48197,-1,-1,-1
219,-1,634.36,254.35,210.12,632.36,1.8254,-1,-1,-1
219,-1,905,513,39,119,1.6075,-1,-1,-1
219,-1,1135.6,329.43,148.29,446.86,1.2963,-1,-1,-1
219,-1,1613.3,419,73.643,222.93,1.0264,-1,-1,-1
219,-1,515.45,275.37,170.48,513.45,0.74662,-1,-1,-1
219,-1,1697,401,79,239,0.66176,-1,-1,-1
219,-1,1473,449,79,239,0.32104,-1,-1,-1
219,-1,269.71,538.43,148.29,446.86,0.0092931,-1,-1,-1
219,-1,781.01,363.15,138.29,416.86,0.0041944,-1,-1,-1
219,-1,91.51,272.53,225.27,677.82,-0.10819,-1,-1,-1
219,-1,1029.9,395.41,41.871,127.61,-0.30609,-1,-1,-1
219,-1,168.15,168.15,277.58,834.73,-0.31716,-1,-1,-1
219,-1,995.31,389.02,120.26,362.77,-0.34886,-1,-1,-1
219,-1,1307.1,371.39,31.49,96.47,-0.39222,-1,-1,-1
219,-1,520.84,208.94,258.92,778.76,-0.49571,-1,-1,-1
220,-1,1135.6,329.43,148.29,446.86,2.0481,-1,-1,-1
220,-1,905,513,39,119,1.6893,-1,-1,-1
220,-1,670.74,276.78,195.98,589.95,1.5567,-1,-1,-1
220,-1,1612.9,412.56,84.742,256.23,1.246,-1,-1,-1
220,-1,513,289,159,479,0.71074,-1,-1,-1
220,-1,1698.7,395.41,84.742,256.23,0.4715,-1,-1,-1
220,-1,1471.3,423.72,90.896,274.69,0.40201,-1,-1,-1
220,-1,60.714,120.43,297.57,894.71,-0.0028858,-1,-1,-1
220,-1,1019.6,413.27,120.26,362.77,-0.040292,-1,-1,-1
220,-1,498.8,227.27,225.27,677.82,-0.18182,-1,-1,-1
220,-1,1307.1,371.39,31.49,96.47,-0.30431,-1,-1,-1
221,-1,1143.2,335.29,138.29,416.86,1.6134,-1,-1,-1
221,-1,1617,417,79,239,1.4111,-1,-1,-1
221,-1,670.74,276.78,195.98,589.95,1.2639,-1,-1,-1
221,-1,905,513,39,119,1.2241,-1,-1,-1
221,-1,182.02,272.53,225.27,677.82,0.41865,-1,-1,-1
221,-1,1475.8,429.71,84.742,256.23,0.41489,-1,-1,-1
221,-1,545,289,159,479,0.33762,-1,-1,-1
221,-1,1691.9,386.96,90.896,274.69,0.31698,-1,-1,-1
221,-1,1019.2,430.92,112.14,338.41,0.11132,-1,-1,-1
221,-1,56.715,168.15,277.58,834.73,-0.23048,-1,-1,-1
221,-1,806.75,390.88,128.96,388.88,-0.24862,-1,-1,-1
221,-1,1307.1,371.39,31.49,96.47,-0.32679,-1,-1,-1
222,-1,1171,335.29,138.29,416.86,1.7531,-1,-1,-1
222,-1,676.59,254.35,210.12,632.36,1.6073,-1,-1,-1
222,-1,1475.8,429.71,84.742,256.23,0.51023,-1,-1,-1
222,-1,1617,417,79,239,0.50091,-1,-1,-1
222,-1,515.62,295.07,182.79,550.38,0.48732,-1,-1,-1
222,-1,195.01,243.51,241.51,726.54,0.45005,-1,-1,-1
222,-1,1698.7,395.41,84.742,256.23,0.40684,-1,-1,-1
222,-1,97,513,159,479,0.11387,-1,-1,-1
222,-1,905,513,39,119,0.056155,-1,-1,-1
222,-1,1057,497,79,239,-0.1135,-1,-1,-1
222,-1,1019.6,413.27,120.26,362.77,-0.20344,-1,-1,-1
222,-1,1307.1,371.39,31.49,96.47,-0.36757,-1,-1,-1
222,-1,56.715,168.15,277.58,834.73,-0.45049,-1,-1,-1
222,-1,788.93,237.38,195.98,589.95,-0.49048,-1,-1,-1
223,-1,1165.4,329.43,148.29,446.86,2.2801,-1,-1,-1
223,-1,710.14,276.78,195.98,589.95,1.2539,-1,-1,-1
223,-1,1471.3,423.72,90.896,274.69,0.7296,-1,-1,-1
223,-1,254.35,296.57,210.12,632.36,0.55706,-1,-1,-1
223,-1,98.006,292.02,241.51,726.54,0.54679,-1,-1,-1
223,-1,1698.7,395.41,84.742,256.23,0.11091,-1,-1,-1
223,-1,1630.1,412.56,84.742,256.23,0.089834,-1,-1,-1
223,-1,1041.9,408.29,112.14,338.41,-0.0085813,-1,-1,-1
223,-1,552.38,295.07,182.79,550.38,-0.01149,-1,-1,-1
223,-1,905,513,39,119,-0.26821,-1,-1,-1
223,-1,1313.6,371.39,31.49,96.47,-0.45249,-1,-1,-1
223,-1,995.61,489.73,41.871,127.61,-0.46998,-1,-1,-1
224,-1,1171,335.29,138.29,416.86,2.3777,-1,-1,-1
224,-1,710.14,276.78,195.98,589.95,1.1645,-1,-1,-1
224,-1,272.53,272.53,225.27,677.82,1.0335,-1,-1,-1
224,-1,136.76,317.78,225.27,677.82,0.76308,-1,-1,-1
224,-1,1064.7,454.06,97.492,294.47,0.52852,-1,-1,-1
224,-1,1475.8,429.71,84.742,256.23,0.50168,-1,-1,-1
224,-1,1698.7,395.41,84.742,256.23,0.23627,-1,-1,-1
224,-1,1046,329.43,148.29,446.86,0.20195,-1,-1,-1
224,-1,552.38,295.07,182.79,550.38,-0.064916,-1,-1,-1
224,-1,1630.1,412.56,84.742,256.23,-0.16734,-1,-1,-1
224,-1,1305,361,39,119,-0.27632,-1,-1,-1
225,-1,1171,335.29,138.29,416.86,1.7938,-1,-1,-1
225,-1,736.17,258.31,182.79,550.38,1.461,-1,-1,-1
225,-1,260.92,260.92,258.92,778.76,1.1424,-1,-1,-1
225,-1,1064.5,408.29,112.14,338.41,0.66461,-1,-1,-1
225,-1,1717.8,389.14,73.643,222.93,0.28639,-1,-1,-1
225,-1,1471.3,423.72,90.896,274.69,0.2826,-1,-1,-1
225,-1,1649,417,79,239,0.1524,-1,-1,-1
225,-1,1057,321,159,479,-0.09439,-1,-1,-1
225,-1,592.14,254.35,210.12,632.36,-0.13499,-1,-1,-1
225,-1,158.59,394.97,195.98,589.95,-0.14971,-1,-1,-1
225,-1,120.43,523.5,73.643,222.93,-0.3236,-1,-1,-1
225,-1,995.61,489.73,41.871,127.61,-0.39441,-1,-1,-1
225,-1,1307.1,371.39,31.49,96.47,-0.47133,-1,-1,-1
225,-1,129,257,319,959,-0.47705,-1,-1,-1
225,-1,676.79,156.95,258.92,778.76,-0.49036,-1,-1,-1
226,-1,317.78,272.53,225.27,677.82,1.7106,-1,-1,-1
226,-1,755.53,275.37,170.48,513.45,1.3403,-1,-1,-1
226,-1,1189.3,364.77,120.26,362.77,1.3389,-1,-1,-1
226,-1,1713,401,79,239,0.8647,-1,-1,-1
226,-1,1665,417,79,239,0.58791,-1,-1,-1
226,-1,1064.5,408.29,112.14,338.41,0.32971,-1,-1,-1
226,-1,1489.7,423.72,90.896,274.69,0.053489,-1,-1,-1
226,-1,212.12,296.57,210.12,632.36,-0.017761,-1,-1,-1
226,-1,257,193,319,959,-0.049901,-1,-1,-1
226,-1,1698.1,363.04,112.14,338.41,-0.10209,-1,-1,-1
226,-1,680.04,195.01,241.51,726.54,-0.17878,-1,-1,-1
226,-1,1307.1,371.39,31.49,96.47,-0.26523,-1,-1,-1
226,-1,884.73,442.87,128.96,388.88,-0.26563,-1,-1,-1
226,-1,126.36,530.29,68.644,207.93,-0.28871,-1,-1,-1
226,-1,1225.1,329.43,148.29,446.86,-0.48875,-1,-1,-1
227,-1,749.54,276.78,195.98,589.95,1.7321,-1,-1,-1
227,-1,317.78,272.53,225.27,677.82,1.73,-1,-1,-1
227,-1,1198.9,335.29,138.29,416.86,1.1138,-1,-1,-1
227,-1,1715.8,395.41,84.742,256.23,0.94545,-1,-1,-1
227,-1,1665,417,79,239,0.5275,-1,-1,-1
227,-1,257,193,319,959,0.26768,-1,-1,-1
227,-1,631.35,276.78,195.98,589.95,0.21424,-1,-1,-1
227,-1,1478.4,414.66,97.492,294.47,0.19086,-1,-1,-1
227,-1,1068.1,389.02,120.26,362.77,0.14737,-1,-1,-1
227,-1,1636.7,515.62,44.948,136.84,-0.26095,-1,-1,-1
227,-1,126.36,530.29,68.644,207.93,-0.38553,-1,-1,-1
227,-1,1471.3,148.03,182.79,550.38,-0.42205,-1,-1,-1
227,-1,570.75,405.34,44.948,136.84,-0.43678,-1,-1,-1
228,-1,363.04,272.53,225.27,677.82,2.0692,-1,-1,-1
228,-1,772.93,258.31,182.79,550.38,1.7895,-1,-1,-1
228,-1,1196.6,364.89,128.96,388.88,0.80923,-1,-1,-1
228,-1,1673,419,73.643,222.93,0.79073,-1,-1,-1
228,-1,1729,401,79,239,0.56018,-1,-1,-1
228,-1,631.35,276.78,195.98,589.95,0.43359,-1,-1,-1
228,-1,254.35,296.57,210.12,632.36,0.29838,-1,-1,-1
228,-1,1478.8,549.92,51.78,157.34,0.27002,-1,-1,-1
228,-1,1064.5,408.29,112.14,338.41,0.13357,-1,-1,-1
228,-1,257,193,319,959,0.032629,-1,-1,-1
228,-1,1478.4,414.66,97.492,294.47,-0.063027,-1,-1,-1
228,-1,1150.5,523.5,73.643,222.93,-0.08299,-1,-1,-1
228,-1,126.36,530.29,68.644,207.93,-0.27725,-1,-1,-1
228,-1,1471.3,148.03,182.79,550.38,-0.32328,-1,-1,-1
228,-1,898.3,486.03,120.26,362.77,-0.34373,-1,-1,-1
228,-1,570.75,405.34,44.948,136.84,-0.381,-1,-1,-1
228,-1,680.04,195.01,241.51,726.54,-0.44548,-1,-1,-1
228,-1,1254.6,335.29,138.29,416.86,-0.46378,-1,-1,-1
228,-1,1141.1,423.24,104.56,315.68,-0.47645,-1,-1,-1
229,-1,363.04,272.53,225.27,677.82,2.7453,-1,-1,-1
229,-1,788.93,276.78,195.98,589.95,1.7035,-1,-1,-1
229,-1,1681,417,79,239,1.353,-1,-1,-1
229,-1,631.35,276.78,195.98,589.95,0.89418,-1,-1,-1
229,-1,1222.6,364.89,128.96,388.88,0.76292,-1,-1,-1
229,-1,1483.1,544.06,55.569,168.71,0.58011,-1,-1,-1
229,-1,1492.9,429.71,84.742,256.23,0.29662,-1,-1,-1
229,-1,321,193,319,959,0.1873,-1,-1,-1
229,-1,1087.1,408.29,112.14,338.41,0.17772,-1,-1,-1
229,-1,1733,378.26,84.742,256.23,0.10346,-1,-1,-1
229,-1,126.36,530.29,68.644,207.93,-0.026191,-1,-1,-1
229,-1,1449.2,46.255,225.27,677.82,-0.26477,-1,-1,-1
229,-1,1165.4,523.5,73.643,222.93,-0.39212,-1,-1,-1
229,-1,680.04,195.01,241.51,726.54,-0.48674,-1,-1,-1
230,-1,389.02,243.51,241.51,726.54,2.1254,-1,-1,-1
230,-1,824.12,275.37,170.48,513.45,1.8967,-1,-1,-1
230,-1,1681,417,79,239,1.2769,-1,-1,-1
230,-1,1222.6,364.89,128.96,388.88,1.0096,-1,-1,-1
230,-1,1489.4,549.92,51.78,157.34,0.68484,-1,-1,-1
230,-1,662.65,295.07,182.79,550.38,0.60334,-1,-1,-1
230,-1,1489.7,423.72,90.896,274.69,0.48622,-1,-1,-1
230,-1,295.07,331.83,182.79,550.38,0.30078,-1,-1,-1
230,-1,1092.3,389.02,120.26,362.77,0.20673,-1,-1,-1
230,-1,1742.1,404.94,68.644,207.93,0.0052418,-1,-1,-1
230,-1,1471.3,148.03,182.79,550.38,-0.087321,-1,-1,-1
230,-1,260.92,260.92,258.92,778.76,-0.16211,-1,-1,-1
230,-1,343.97,138.19,341.97,1027.9,-0.30568,-1,-1,-1
230,-1,126.36,530.29,68.644,207.93,-0.32104,-1,-1,-1
230,-1,825.55,243.51,241.51,726.54,-0.33399,-1,-1,-1
231,-1,828.33,276.78,195.98,589.95,1.8694,-1,-1,-1
231,-1,408.29,272.53,225.27,677.82,1.7349,-1,-1,-1
231,-1,1237.8,364.77,120.26,362.77,1.3103,-1,-1,-1
231,-1,1494.4,544.06,55.569,168.71,1.2252,-1,-1,-1
231,-1,296.57,296.57,210.12,632.36,1.0635,-1,-1,-1
231,-1,1681.5,412.56,84.742,256.23,0.95025,-1,-1,-1
231,-1,1132.8,481.15,84.742,256.23,0.50591,-1,-1,-1
231,-1,673,289,159,479,0.47612,-1,-1,-1
231,-1,1478.4,414.66,97.492,294.47,0.31562,-1,-1,-1
231,-1,1733,395.41,84.742,256.23,0.053215,-1,-1,-1
231,-1,1537,465,79,239,0.0055135,-1,-1,-1
231,-1,1087.1,408.29,112.14,338.41,-0.04689,-1,-1,-1
231,-1,321,193,319,959,-0.048687,-1,-1,-1
231,-1,1471.3,148.03,182.79,550.38,-0.087869,-1,-1,-1
231,-1,126.36,530.29,68.644,207.93,-0.31476,-1,-1,-1
232,-1,408.29,272.53,225.27,677.82,2.3423,-1,-1,-1
232,-1,828.33,276.78,195.98,589.95,1.5758,-1,-1,-1
232,-1,662.65,295.07,182.79,550.38,1.5515,-1,-1,-1
232,-1,1248.6,364.89,128.96,388.88,1.3639,-1,-1,-1
232,-1,1697,417,79,239,1.2048,-1,-1,-1
232,-1,1494.4,544.06,55.569,168.71,0.82177,-1,-1,-1
232,-1,1132.4,408.29,112.14,338.41,0.68103,-1,-1,-1
232,-1,1747.6,404.07,73.643,222.93,0.3669,-1,-1,-1
232,-1,296.57,296.57,210.12,632.36,0.34901,-1,-1,-1
232,-1,1489.7,423.72,90.896,274.69,0.22497,-1,-1,-1
232,-1,1471.3,148.03,182.79,550.38,0.060756,-1,-1,-1
232,-1,321,193,319,959,-0.30939,-1,-1,-1
232,-1,120.43,523.5,73.643,222.93,-0.44697,-1,-1,-1
233,-1,363.04,272.53,225.27,677.82,2.46,-1,-1,-1
233,-1,858.42,275.37,170.48,513.45,1.6186,-1,-1,-1
233,-1,1248.6,364.89,128.96,388.88,1.4983,-1,-1,-1
233,-1,662.65,295.07,182.79,550.38,1.0485,-1,-1,-1
233,-1,1702.9,419,73.643,222.93,0.79626,-1,-1,-1
233,-1,1143.5,434.36,97.492,294.47,0.78495,-1,-1,-1
233,-1,1494.4,544.06,55.569,168.71,0.71633,-1,-1,-1
233,-1,498.8,272.53,225.27,677.82,0.57614,-1,-1,-1
233,-1,1756,404.94,68.644,207.93,0.4379,-1,-1,-1
233,-1,1498.1,414.66,97.492,294.47,0.35562,-1,-1,-1
233,-1,1471.3,148.03,182.79,550.38,0.071936,-1,-1,-1
233,-1,1734.5,375.27,97.492,294.47,-0.21094,-1,-1,-1
233,-1,385,129,319,959,-0.22573,-1,-1,-1
233,-1,1116.6,570.91,59.629,180.89,-0.24809,-1,-1,-1
233,-1,1092.3,413.27,120.26,362.77,-0.2895,-1,-1,-1
234,-1,381.02,296.57,210.12,632.36,2.577,-1,-1,-1
234,-1,1254.6,335.29,138.29,416.86,2.1212,-1,-1,-1
234,-1,867.73,237.38,195.98,589.95,1.8718,-1,-1,-1
234,-1,498.8,272.53,225.27,677.82,1.4139,-1,-1,-1
234,-1,686.94,309.67,170.48,513.45,0.66225,-1,-1,-1
234,-1,1702.9,419,73.643,222.93,0.63849,-1,-1,-1
234,-1,1762.6,404.07,73.643,222.93,0.48336,-1,-1,-1
234,-1,1504.6,534.53,59.629,180.89,0.44745,-1,-1,-1
234,-1,1149.9,481.15,84.742,256.23,0.41012,-1,-1,-1
234,-1,1498.1,414.66,97.492,294.47,0.36084,-1,-1,-1
234,-1,1471.3,148.03,182.79,550.38,0.12268,-1,-1,-1
234,-1,1118.7,364.89,128.96,388.88,0.044198,-1,-1,-1
234,-1,1711.1,359.91,104.56,315.68,-0.041567,-1,-1,-1
234,-1,1681,473,39,119,-0.057784,-1,-1,-1
234,-1,385,193,319,959,-0.11555,-1,-1,-1
234,-1,104.97,546.83,63.98,193.94,-0.2079,-1,-1,-1
235,-1,381.02,296.57,210.12,632.36,2.8128,-1,-1,-1
235,-1,883.2,258.31,182.79,550.38,2.5166,-1,-1,-1
235,-1,1248.6,338.9,128.96,388.88,2.3182,-1,-1,-1
235,-1,507.69,296.57,210.12,632.36,1.899,-1,-1,-1
235,-1,1713,417,79,239,0.80527,-1,-1,-1
235,-1,1510.5,539.36,51.78,157.34,0.73525,-1,-1,-1
235,-1,1762.6,404.07,73.643,222.93,0.51585,-1,-1,-1
235,-1,419,239.86,297.57,894.71,0.47826,-1,-1,-1
235,-1,1141.1,402.13,104.56,315.68,0.38063,-1,-1,-1
235,-1,686.94,309.67,170.48,513.45,0.32048,-1,-1,-1
235,-1,1498.1,414.66,97.492,294.47,0.17171,-1,-1,-1
235,-1,1458.7,158.59,195.98,589.95,0.1157,-1,-1,-1
235,-1,832.75,208.94,258.92,778.76,-0.071553,-1,-1,-1
235,-1,1681,473,39,119,-0.20185,-1,-1,-1
235,-1,120.43,523.5,73.643,222.93,-0.26853,-1,-1,-1
236,-1,423.24,296.57,210.12,632.36,2.4508,-1,-1,-1
236,-1,1254.6,335.29,138.29,416.86,2.2497,-1,-1,-1
236,-1,887.71,254.35,210.12,632.36,2.0311,-1,-1,-1
236,-1,1750.1,378.26,84.742,256.23,0.9218,-1,-1,-1
236,-1,549.92,296.57,210.12,632.36,0.86207,-1,-1,-1
236,-1,1713,417,79,239,0.40914,-1,-1,-1
236,-1,1516.7,534.53,59.629,180.89,0.24898,-1,-1,-1
236,-1,1517.8,414.66,97.492,294.47,0.12399,-1,-1,-1
236,-1,721.23,309.67,170.48,513.45,0.10391,-1,-1,-1
236,-1,1155,385.67,112.14,338.41,0.042469,-1,-1,-1
236,-1,78.976,442.87,128.96,388.88,-0.080783,-1,-1,-1
236,-1,1471.3,148.03,182.79,550.38,-0.14478,-1,-1,-1
236,-1,1673,465,39,119,-0.42134,-1,-1,-1
237,-1,434.36,316.17,195.98,589.95,2.1471,-1,-1,-1
237,-1,892.72,275.37,170.48,513.45,2.0425,-1,-1,-1
237,-1,1274.6,338.9,128.96,388.88,1.7955,-1,-1,-1
237,-1,549.92,296.57,210.12,632.36,0.90622,-1,-1,-1
237,-1,1155,385.67,112.14,338.41,0.5974,-1,-1,-1
237,-1,1750.1,378.26,84.742,256.23,0.50252,-1,-1,-1
237,-1,721.23,309.67,170.48,513.45,0.28997,-1,-1,-1
237,-1,1521.5,533.84,63.98,193.94,0.21693,-1,-1,-1
237,-1,1517.8,414.66,97.492,294.47,0.19905,-1,-1,-1
237,-1,1713,417,79,239,0.16367,-1,-1,-1
237,-1,446.72,279.58,277.58,834.73,0.022308,-1,-1,-1
237,-1,1690.1,464.01,41.871,127.61,-0.067356,-1,-1,-1
237,-1,1458.7,158.59,195.98,589.95,-0.19057,-1,-1,-1
237,-1,105.5,538.43,73.643,222.93,-0.20999,-1,-1,-1
237,-1,78.976,442.87,128.96,388.88,-0.40521,-1,-1,-1
237,-1,832.75,208.94,258.92,778.76,-0.42587,-1,-1,-1
238,-1,1274.6,338.9,128.96,388.88,1.9145,-1,-1,-1
238,-1,892.72,275.37,170.48,513.45,1.5732,-1,-1,-1
238,-1,434.36,316.17,195.98,589.95,1.4192,-1,-1,-1
238,-1,549.92,296.57,210.12,632.36,0.96686,-1,-1,-1
238,-1,1162.2,402.13,104.56,315.68,0.48082,-1,-1,-1
238,-1,1553,465,79,239,0.46069,-1,-1,-1
238,-1,1729,417,79,239,0.35679,-1,-1,-1
238,-1,736.17,295.07,182.79,550.38,0.31536,-1,-1,-1
238,-1,1754.1,375.27,97.492,294.47,0.056529,-1,-1,-1
238,-1,105.5,538.43,73.643,222.93,-0.02081,-1,-1,-1
238,-1,446.72,223.86,277.58,834.73,-0.044141,-1,-1,-1
238,-1,1695.4,471.25,36.321,110.96,-0.050095,-1,-1,-1
238,-1,1521.5,533.84,63.98,193.94,-0.067299,-1,-1,-1
238,-1,1508.1,534,90.896,274.69,-0.24601,-1,-1,-1
238,-1,1539.7,385.67,112.14,338.41,-0.32178,-1,-1,-1
238,-1,78.976,442.87,128.96,388.88,-0.3795,-1,-1,-1
238,-1,1471.3,148.03,182.79,550.38,-0.40363,-1,-1,-1
238,-1,1673,465,39,119,-0.45573,-1,-1,-1
239,-1,1286.3,364.77,120.26,362.77,2.0915,-1,-1,-1
239,-1,892.72,275.37,170.48,513.45,1.5273,-1,-1,-1
239,-1,549.92,296.57,210.12,632.36,1.0701,-1,-1,-1
239,-1,434.36,316.17,195.98,589.95,0.59431,-1,-1,-1
239,-1,1182.9,414.66,97.492,294.47,0.52083,-1,-1,-1
239,-1,1729,417,79,239,0.34219,-1,-1,-1
239,-1,1538.6,493.64,73.643,222.93,0.24069,-1,-1,-1
239,-1,755.53,309.67,170.48,513.45,0.16029,-1,-1,-1
239,-1,105.5,538.43,73.643,222.93,0.11193,-1,-1,-1
239,-1,1754.1,375.27,97.492,294.47,0.011943,-1,-1,-1
239,-1,1235.7,309.67,170.48,513.45,-0.17868,-1,-1,-1
239,-1,1471.3,148.03,182.79,550.38,-0.26545,-1,-1,-1
239,-1,1690.1,464.01,41.871,127.61,-0.34077,-1,-1,-1
239,-1,538.43,180.14,297.57,894.71,-0.41921,-1,-1,-1
239,-1,1132.4,408.29,112.14,338.41,-0.44703,-1,-1,-1
239,-1,803.26,254.35,210.12,632.36,-0.45521,-1,-1,-1
239,-1,81,585,39,119,-0.46635,-1,-1,-1
240,-1,1286.3,364.77,120.26,362.77,1.9578,-1,-1,-1
240,-1,892.72,275.37,170.48,513.45,1.6454,-1,-1,-1
240,-1,591.95,316.17,195.98,589.95,1.4187,-1,-1,-1
240,-1,789.83,309.67,170.48,513.45,0.62622,-1,-1,-1
240,-1,473.76,316.17,195.98,589.95,0.4988,-1,-1,-1
240,-1,1551,544.06,55.569,168.71,0.41685,-1,-1,-1
240,-1,1183.3,423.24,104.56,315.68,0.39555,-1,-1,-1
240,-1,1729,417,79,239,0.31041,-1,-1,-1
240,-1,1544.4,464.01,84.742,256.23,0.10187,-1,-1,-1
240,-1,502.44,223.86,277.58,834.73,-0.22472,-1,-1,-1
240,-1,99.492,473.76,97.492,294.47,-0.29632,-1,-1,-1
240,-1,1690.1,464.01,41.871,127.61,-0.34798,-1,-1,-1
240,-1,1754.1,375.27,97.492,294.47,-0.37948,-1,-1,-1
240,-1,1471.3,148.03,182.79,550.38,-0.45155,-1,-1,-1
241,-1,631.35,316.17,195.98,589.95,1.9366,-1,-1,-1
241,-1,1286.3,364.77,120.26,362.77,1.5303,-1,-1,-1
241,-1,927.01,275.37,170.48,513.45,1.4237,-1,-1,-1
241,-1,789.83,309.67,170.48,513.45,0.84302,-1,-1,-1
241,-1,1183.3,423.24,104.56,315.68,0.65948,-1,-1,-1
241,-1,1553.1,534.53,59.629,180.89,0.46041,-1,-1,-1
241,-1,513.16,316.17,195.98,589.95,0.386,-1,-1,-1
241,-1,1729,417,79,239,0.13305,-1,-1,-1
241,-1,105.5,538.43,73.643,222.93,0.12191,-1,-1,-1
241,-1,1767.3,395.41,84.742,256.23,0.045509,-1,-1,-1
241,-1,1517.8,414.66,97.492,294.47,-0.11537,-1,-1,-1
241,-1,1695.4,471.25,36.321,110.96,-0.22623,-1,-1,-1
241,-1,845.49,212.12,210.12,632.36,-0.34054,-1,-1,-1
242,-1,634.36,296.57,210.12,632.36,1.7618,-1,-1,-1
242,-1,1286.3,364.77,120.26,362.77,1.5153,-1,-1,-1
242,-1,927.01,275.37,170.48,513.45,1.1214,-1,-1,-1
242,-1,513.16,316.17,195.98,589.95,0.57225,-1,-1,-1
242,-1,809.68,295.07,182.79,550.38,0.46291,-1,-1,-1
242,-1,1553.1,534.53,59.629,180.89,0.25805,-1,-1,-1
242,-1,1767.3,395.41,84.742,256.23,0.15237,-1,-1,-1
242,-1,1225.5,571.03,51.78,157.34,0.096356,-1,-1,-1
242,-1,1045,532.85,97.492,294.47,0.09206,-1,-1,-1
242,-1,120.43,523.5,73.643,222.93,0.052879,-1,-1,-1
242,-1,1517.8,414.66,97.492,294.47,-0.071326,-1,-1,-1
242,-1,1177.6,385.67,112.14,338.41,-0.094401,-1,-1,-1
242,-1,1695.4,471.25,36.321,110.96,-0.19207,-1,-1,-1
242,-1,1735,425.4,59.629,180.89,-0.25361,-1,-1,-1
242,-1,985.92,276.78,195.98,589.95,-0.35443,-1,-1,-1
243,-1,631.35,316.17,195.98,589.95,1.7939,-1,-1,-1
243,-1,1310.6,364.77,120.26,362.77,1.4446,-1,-1,-1
243,-1,961.31,275.37,170.48,513.45,1.227,-1,-1,-1
243,-1,513.16,316.17,195.98,589.95,1.0709,-1,-1,-1
243,-1,1745,417,79,239,0.64672,-1,-1,-1
243,-1,1562.3,544.06,55.569,168.71,0.59514,-1,-1,-1
243,-1,824.12,309.67,170.48,513.45,0.44855,-1,-1,-1
243,-1,1217,481,79,239,0.092052,-1,-1,-1
243,-1,718.81,296.57,210.12,632.36,0.049787,-1,-1,-1
243,-1,1544.4,464.01,84.742,256.23,-0.021078,-1,-1,-1
243,-1,112.43,530.29,68.644,207.93,-0.17431,-1,-1,-1
243,-1,1695.4,471.25,36.321,110.96,-0.29268,-1,-1,-1
243,-1,1200.3,385.67,112.14,338.41,-0.3126,-1,-1,-1
243,-1,1249,353,159,479,-0.31697,-1,-1,-1
244,-1,552.55,316.17,195.98,589.95,1.6414,-1,-1,-1
244,-1,1310.6,364.77,120.26,362.77,1.6393,-1,-1,-1
244,-1,993.48,258.31,182.79,550.38,1.63,-1,-1,-1
244,-1,1745,417,79,239,1.3513,-1,-1,-1
244,-1,670.74,316.17,195.98,589.95,1.1622,-1,-1,-1
244,-1,922.56,364.77,120.26,362.77,0.90303,-1,-1,-1
244,-1,1565.2,534.53,59.629,180.89,0.80641,-1,-1,-1
244,-1,1214,460.48,90.896,274.69,0.58736,-1,-1,-1
244,-1,1537.5,414.66,97.492,294.47,0.27045,-1,-1,-1
244,-1,788.93,276.78,195.98,589.95,0.078575,-1,-1,-1
244,-1,1196.6,338.9,128.96,388.88,0.061065,-1,-1,-1
244,-1,558.15,223.86,277.58,834.73,0.028881,-1,-1,-1
244,-1,105.5,538.43,73.643,222.93,-0.026877,-1,-1,-1
244,-1,1784.4,395.41,84.742,256.23,-0.11658,-1,-1,-1
244,-1,929.93,571.03,104.56,315.68,-0.17321,-1,-1,-1
244,-1,1695.4,471.25,36.321,110.96,-0.22364,-1,-1,-1
244,-1,1249,353,159,479,-0.32436,-1,-1,-1
245,-1,993,289,159,479,1.9419,-1,-1,-1
245,-1,1310.6,364.77,120.26,362.77,1.7871,-1,-1,-1
245,-1,552.55,316.17,195.98,589.95,1.6108,-1,-1,-1
245,-1,1767.3,395.41,84.742,256.23,1.4246,-1,-1,-1
245,-1,922.56,389.02,120.26,362.77,1.2199,-1,-1,-1
245,-1,670.74,316.17,195.98,589.95,1.0448,-1,-1,-1
245,-1,1565.2,534.53,59.629,180.89,0.83436,-1,-1,-1
245,-1,1537.5,414.66,97.492,294.47,0.43234,-1,-1,-1
245,-1,1214,460.48,90.896,274.69,0.3625,-1,-1,-1
245,-1,1014.4,254.35,210.12,632.36,0.29292,-1,-1,-1
245,-1,865,289,159,479,0.088798,-1,-1,-1
245,-1,1198.9,335.29,138.29,416.86,0.056054,-1,-1,-1
245,-1,105.5,538.43,73.643,222.93,-0.029272,-1,-1,-1
245,-1,558.15,223.86,277.58,834.73,-0.073778,-1,-1,-1
245,-1,907.12,237.38,195.98,589.95,-0.26125,-1,-1,-1
245,-1,788.93,276.78,195.98,589.95,-0.42386,-1,-1,-1
245,-1,1689,465,39,119,-0.48861,-1,-1,-1
246,-1,993.48,258.31,182.79,550.38,2.509,-1,-1,-1
246,-1,1310.6,364.77,120.26,362.77,1.6982,-1,-1,-1
246,-1,1767.3,395.41,84.742,256.23,1.6376,-1,-1,-1
246,-1,670.74,316.17,195.98,589.95,1.0013,-1,-1,-1
246,-1,892.44,335.29,138.29,416.86,0.94756,-1,-1,-1
246,-1,1235.7,464.01,84.742,256.23,0.8777,-1,-1,-1
246,-1,584.04,343.97,170.48,513.45,0.80402,-1,-1,-1
246,-1,1568.5,538.43,73.643,222.93,0.55229,-1,-1,-1
246,-1,1222.6,338.9,128.96,388.88,0.46289,-1,-1,-1
246,-1,1537.5,414.66,97.492,294.47,0.33259,-1,-1,-1
246,-1,572.83,260.92,258.92,778.76,-0.022424,-1,-1,-1
246,-1,126.36,530.29,68.644,207.93,-0.075789,-1,-1,-1
246,-1,824.12,309.67,170.48,513.45,-0.12254,-1,-1,-1
246,-1,1695.4,471.25,36.321,110.96,-0.14081,-1,-1,-1
247,-1,995.61,275.37,170.48,513.45,1.9969,-1,-1,-1
247,-1,1310.6,364.77,120.26,362.77,1.7479,-1,-1,-1
247,-1,1767.3,395.41,84.742,256.23,1.7365,-1,-1,-1
247,-1,718.81,296.57,210.12,632.36,1.2575,-1,-1,-1
247,-1,589.13,331.83,182.79,550.38,1.1825,-1,-1,-1
247,-1,1235.7,464.01,84.742,256.23,0.89941,-1,-1,-1
247,-1,1222.6,338.9,128.96,388.88,0.72979,-1,-1,-1
247,-1,892.44,335.29,138.29,416.86,0.49935,-1,-1,-1
247,-1,1537.5,414.66,97.492,294.47,0.49817,-1,-1,-1
247,-1,126.36,530.29,68.644,207.93,0.097743,-1,-1,-1
247,-1,828.33,276.78,195.98,589.95,-0.078085,-1,-1,-1
247,-1,572.83,260.92,258.92,778.76,-0.3512,-1,-1,-1
247,-1,90.571,538.43,73.643,222.93,-0.42405,-1,-1,-1
247,-1,1695.4,471.25,36.321,110.96,-0.49236,-1,-1,-1
248,-1,1029.9,275.37,170.48,513.45,2.0712,-1,-1,-1
248,-1,1762.6,419,73.643,222.93,1.839,-1,-1,-1
248,-1,1310.6,364.77,120.26,362.77,1.674,-1,-1,-1
248,-1,718.81,296.57,210.12,632.36,1.4597,-1,-1,-1
248,-1,618.34,343.97,170.48,513.45,1.2583,-1,-1,-1
248,-1,1783.8,386.96,90.896,274.69,1.0093,-1,-1,-1
248,-1,951.35,385.67,112.14,338.41,0.84499,-1,-1,-1
248,-1,1232.4,460.48,90.896,274.69,0.69065,-1,-1,-1
248,-1,1526.5,423.72,90.896,274.69,0.63709,-1,-1,-1
248,-1,1586.5,533.84,63.98,193.94,0.49556,-1,-1,-1
248,-1,1222.6,338.9,128.96,388.88,0.4937,-1,-1,-1
248,-1,896.71,329.43,148.29,446.86,0.41806,-1,-1,-1
248,-1,120.43,523.5,73.643,222.93,-0.0085114,-1,-1,-1
248,-1,613.87,279.58,277.58,834.73,-0.18566,-1,-1,-1
248,-1,1563.3,402.13,104.56,315.68,-0.29208,-1,-1,-1
248,-1,828.33,276.78,195.98,589.95,-0.36152,-1,-1,-1
249,-1,625.89,331.83,182.79,550.38,1.8718,-1,-1,-1
249,-1,1334.8,364.77,120.26,362.77,1.8412,-1,-1,-1
249,-1,749.54,316.17,195.98,589.95,1.5302,-1,-1,-1
249,-1,1777.5,419,73.643,222.93,1.5231,-1,-1,-1
249,-1,1029.9,275.37,170.48,513.45,1.3986,-1,-1,-1
249,-1,1544.9,423.72,90.896,274.69,0.52842,-1,-1,-1
249,-1,972.16,423.24,104.56,315.68,0.51745,-1,-1,-1
249,-1,920.3,335.29,138.29,416.86,0.39196,-1,-1,-1
249,-1,1585,529,79,239,0.32092,-1,-1,-1
249,-1,1249,465,79,239,0.19139,-1,-1,-1
249,-1,1237.8,364.77,120.26,362.77,0.064307,-1,-1,-1
249,-1,120.43,523.5,73.643,222.93,-0.055761,-1,-1,-1
249,-1,1690.1,464.01,41.871,127.61,-0.24702,-1,-1,-1
249,-1,1793.5,394.97,97.492,294.47,-0.35225,-1,-1,-1
249,-1,866.85,508.57,148.29,446.86,-0.46052,-1,-1,-1
250,-1,1777,401,79,239,2.0678,-1,-1,-1
250,-1,1336,363.04,112.14,338.41,1.589,-1,-1,-1
250,-1,788.93,316.17,195.98,589.95,1.5647,-1,-1,-1
250,-1,631.35,316.17,195.98,589.95,1.274,-1,-1,-1
250,-1,1029.9,275.37,170.48,513.45,1.2124,-1,-1,-1
250,-1,1599.5,533.84,63.98,193.94,1.0204,-1,-1,-1
250,-1,962.71,364.89,128.96,388.88,0.58965,-1,-1,-1
250,-1,1537.5,414.66,97.492,294.47,0.55283,-1,-1,-1
250,-1,1222.6,338.9,128.96,388.88,0.28572,-1,-1,-1
250,-1,120.43,523.5,73.643,222.93,-0.016594,-1,-1,-1
250,-1,1690.1,464.01,41.871,127.61,-0.086661,-1,-1,-1
250,-1,1765.9,363.04,112.14,338.41,-0.24696,-1,-1,-1
250,-1,1581.6,534,90.896,274.69,-0.36925,-1,-1,-1
250,-1,1478.8,127.67,210.12,632.36,-0.48117,-1,-1,-1
251,-1,788.93,316.17,195.98,589.95,2.1168,-1,-1,-1
251,-1,1777.5,419,73.643,222.93,1.7533,-1,-1,-1
251,-1,1334.8,364.77,120.26,362.77,1.6865,-1,-1,-1
251,-1,1057,289,159,479,1.2602,-1,-1,-1
251,-1,662.65,331.83,182.79,550.38,0.94621,-1,-1,-1
251,-1,1537.5,414.66,97.492,294.47,0.90952,-1,-1,-1
251,-1,1613.7,534.53,59.629,180.89,0.61189,-1,-1,-1
251,-1,962.71,364.89,128.96,388.88,0.57427,-1,-1,-1
251,-1,1222.6,364.89,128.96,388.88,0.19061,-1,-1,-1
251,-1,1809,401,79,239,0.085963,-1,-1,-1
251,-1,126.36,530.29,68.644,207.93,0.041275,-1,-1,-1
251,-1,1162.2,486.58,104.56,315.68,0.0096297,-1,-1,-1
251,-1,1690.1,464.01,41.871,127.61,-0.12792,-1,-1,-1
251,-1,1765.9,363.04,112.14,338.41,-0.3914,-1,-1,-1
251,-1,1494.4,91.51,225.27,677.82,-0.40726,-1,-1,-1
251,-1,781.01,279.58,277.58,834.73,-0.4178,-1,-1,-1
251,-1,552.55,276.78,195.98,589.95,-0.42767,-1,-1,-1
252,-1,788.93,316.17,195.98,589.95,2.4862,-1,-1,-1
252,-1,1792.4,419,73.643,222.93,1.9681,-1,-1,-1
252,-1,1334.8,364.77,120.26,362.77,1.7018,-1,-1,-1
252,-1,1057,289,159,479,1.4914,-1,-1,-1
252,-1,1537.5,414.66,97.492,294.47,1.1265,-1,-1,-1
252,-1,948.16,363.15,138.29,416.86,0.81473,-1,-1,-1
252,-1,1237.8,364.77,120.26,362.77,0.73341,-1,-1,-1
252,-1,1162.2,486.58,104.56,315.68,0.52844,-1,-1,-1
252,-1,1613.7,534.53,59.629,180.89,0.48774,-1,-1,-1
252,-1,687.71,329.43,148.29,446.86,0.46854,-1,-1,-1
252,-1,126.36,530.29,68.644,207.93,0.21217,-1,-1,-1
252,-1,634.36,296.57,210.12,632.36,-0.21356,-1,-1,-1
252,-1,1695.4,471.25,36.321,110.96,-0.32606,-1,-1,-1
252,-1,1596.6,414.66,97.492,294.47,-0.33574,-1,-1,-1
252,-1,1795.5,381.02,104.56,315.68,-0.34857,-1,-1,-1
252,-1,777.28,239.86,297.57,894.71,-0.48536,-1,-1,-1
253,-1,1334.8,364.77,120.26,362.77,1.7899,-1,-1,-1
253,-1,809.68,295.07,182.79,550.38,1.7491,-1,-1,-1
253,-1,1793,401,79,239,1.6064,-1,-1,-1
253,-1,1064.2,275.37,170.48,513.45,1.6023,-1,-1,-1
253,-1,1537.5,414.66,97.492,294.47,1.1988,-1,-1,-1
253,-1,687.71,329.43,148.29,446.86,1.0934,-1,-1,-1
253,-1,962.71,390.88,128.96,388.88,0.69702,-1,-1,-1
253,-1,1222.6,338.9,128.96,388.88,0.49374,-1,-1,-1
253,-1,1625.8,534.53,59.629,180.89,0.43375,-1,-1,-1
253,-1,718.81,296.57,210.12,632.36,0.43228,-1,-1,-1
253,-1,780.76,208.94,258.92,778.76,0.32883,-1,-1,-1
253,-1,126.36,530.29,68.644,207.93,0.17734,-1,-1,-1
253,-1,1170.6,416.87,128.96,388.88,-0.05505,-1,-1,-1
253,-1,1596.6,414.66,97.492,294.47,-0.28755,-1,-1,-1
253,-1,1697,465,39,119,-0.32801,-1,-1,-1
253,-1,1768.5,390.88,128.96,388.88,-0.39792,-1,-1,-1
253,-1,591.95,276.78,195.98,589.95,-0.46062,-1,-1,-1
253,-1,1421.7,516.37,68.644,207.93,-0.46903,-1,-1,-1
254,-1,828.33,316.17,195.98,589.95,2.0253,-1,-1,-1
254,-1,1792.4,419,73.643,222.93,1.7555,-1,-1,-1
254,-1,1057,289,159,479,1.5355,-1,-1,-1
254,-1,1334.8,364.77,120.26,362.77,1.4344,-1,-1,-1
254,-1,1537.5,414.66,97.492,294.47,1.0978,-1,-1,-1
254,-1,988.7,364.89,128.96,388.88,1.0107,-1,-1,-1
254,-1,1217,417,79,239,0.85647,-1,-1,-1
254,-1,1625.5,533.84,63.98,193.94,0.62884,-1,-1,-1
254,-1,1281,465,79,239,0.5585,-1,-1,-1
254,-1,699.41,331.83,182.79,550.38,0.5217,-1,-1,-1
254,-1,1177.3,515.62,90.896,274.69,0.42394,-1,-1,-1
254,-1,1818.7,395.41,84.742,256.23,0.40714,-1,-1,-1
254,-1,1237.8,364.77,120.26,362.77,0.39645,-1,-1,-1
254,-1,126.36,530.29,68.644,207.93,0.23278,-1,-1,-1
254,-1,1189.3,437.53,120.26,362.77,0.032303,-1,-1,-1
254,-1,728.78,260.92,258.92,778.76,-0.054705,-1,-1,-1
254,-1,1695.4,471.25,36.321,110.96,-0.14218,-1,-1,-1
254,-1,1421.7,516.37,68.644,207.93,-0.27114,-1,-1,-1
254,-1,1403.9,385.67,112.14,338.41,-0.40422,-1,-1,-1
254,-1,836.73,279.58,277.58,834.73,-0.46906,-1,-1,-1
255,-1,1807.4,419,73.643,222.93,1.822,-1,-1,-1
255,-1,846.44,295.07,182.79,550.38,1.8099,-1,-1,-1
255,-1,1064.2,275.37,170.48,513.45,1.8095,-1,-1,-1
255,-1,1352.2,381.02,104.56,315.68,1.4339,-1,-1,-1
255,-1,1225.1,433.93,73.643,222.93,1.0844,-1,-1,-1
255,-1,1537.5,414.66,97.492,294.47,1.0255,-1,-1,-1
255,-1,736.17,331.83,182.79,550.38,0.73363,-1,-1,-1
255,-1,1625.5,533.84,63.98,193.94,0.6176,-1,-1,-1
255,-1,1403.9,385.67,112.14,338.41,0.3845,-1,-1,-1
255,-1,988.7,364.89,128.96,388.88,0.36843,-1,-1,-1
255,-1,1287.1,464.01,84.742,256.23,0.23728,-1,-1,-1
255,-1,1248.6,338.9,128.96,388.88,0.20269,-1,-1,-1
255,-1,1183.3,486.58,104.56,315.68,0.11601,-1,-1,-1
255,-1,126.36,530.29,68.644,207.93,-0.034748,-1,-1,-1
255,-1,832.75,260.92,258.92,778.76,-0.048672,-1,-1,-1
255,-1,1695.4,471.25,36.321,110.96,-0.14649,-1,-1,-1
255,-1,1788.6,385.67,112.14,338.41,-0.43888,-1,-1,-1
256,-1,1359.1,364.77,120.26,362.77,2.0881,-1,-1,-1
256,-1,1089,289,159,479,1.9907,-1,-1,-1
256,-1,736.17,295.07,182.79,550.38,1.9668,-1,-1,-1
256,-1,1811.7,418.86,68.644,207.93,1.8396,-1,-1,-1
256,-1,883.2,295.07,182.79,550.38,1.5158,-1,-1,-1
256,-1,1537.5,414.66,97.492,294.47,1.1773,-1,-1,-1
256,-1,1225.1,433.93,73.643,222.93,0.69264,-1,-1,-1
256,-1,1793.5,394.97,97.492,294.47,0.19304,-1,-1,-1
256,-1,1287.1,464.01,84.742,256.23,0.12194,-1,-1,-1
256,-1,1638.5,533.84,63.98,193.94,0.11891,-1,-1,-1
256,-1,1248.6,338.9,128.96,388.88,0.090959,-1,-1,-1
256,-1,832.75,260.92,258.92,778.76,0.078413,-1,-1,-1
256,-1,1695.4,471.25,36.321,110.96,-0.048619,-1,-1,-1
256,-1,126.36,530.29,68.644,207.93,-0.15842,-1,-1,-1
256,-1,1643.1,299.57,148.29,446.86,-0.25485,-1,-1,-1
256,-1,1200.3,476.18,112.14,338.41,-0.29973,-1,-1,-1
257,-1,1381.3,385.67,112.14,338.41,2.5157,-1,-1,-1
257,-1,736.17,295.07,182.79,550.38,2.2871,-1,-1,-1
257,-1,883.2,295.07,182.79,550.38,1.5393,-1,-1,-1
257,-1,1121,321,159,479,1.3822,-1,-1,-1
257,-1,1822.3,419,73.643,222.93,1.3702,-1,-1,-1
257,-1,1537.5,414.66,97.492,294.47,1.2445,-1,-1,-1
257,-1,1248.6,338.9,128.96,388.88,0.19149,-1,-1,-1
257,-1,1644.6,530.29,68.644,207.93,0.036281,-1,-1,-1
257,-1,1643.1,299.57,148.29,446.86,0.034863,-1,-1,-1
257,-1,836.73,223.86,277.58,834.73,-0.17308,-1,-1,-1
257,-1,577,409,39,119,-0.37481,-1,-1,-1
257,-1,120.43,523.5,73.643,222.93,-0.42459,-1,-1,-1
258,-1,772.93,295.07,182.79,550.38,2.3606,-1,-1,-1
258,-1,1383.3,364.77,120.26,362.77,2.2065,-1,-1,-1
258,-1,1121,321,159,479,2.0417,-1,-1,-1
258,-1,883.2,331.83,182.79,550.38,1.5906,-1,-1,-1
258,-1,1537.5,414.66,97.492,294.47,1.1861,-1,-1,-1
258,-1,1811.7,418.86,68.644,207.93,1.1376,-1,-1,-1
258,-1,1262.1,364.77,120.26,362.77,0.29769,-1,-1,-1
258,-1,1651.5,533.84,63.98,193.94,0.25941,-1,-1,-1
258,-1,1793.5,394.97,97.492,294.47,0.058772,-1,-1,-1
258,-1,1697,465,39,119,0.02184,-1,-1,-1
258,-1,1643.1,299.57,148.29,446.86,-0.020964,-1,-1,-1
258,-1,836.73,223.86,277.58,834.73,-0.30548,-1,-1,-1
258,-1,1087.1,272.53,225.27,677.82,-0.31497,-1,-1,-1
258,-1,120.43,523.5,73.643,222.93,-0.453,-1,-1,-1
259,-1,1383.3,364.77,120.26,362.77,2.3353,-1,-1,-1
259,-1,1121,321,159,479,2.0025,-1,-1,-1
259,-1,772.93,295.07,182.79,550.38,1.9643,-1,-1,-1
259,-1,907.12,316.17,195.98,589.95,1.4124,-1,-1,-1
259,-1,1537.5,414.66,97.492,294.47,1.2335,-1,-1,-1
259,-1,1811.7,418.86,68.644,207.93,1.137,-1,-1,-1
259,-1,1664.5,533.84,63.98,193.94,0.51878,-1,-1,-1
259,-1,1813.2,394.97,97.492,294.47,-0.022084,-1,-1,-1
259,-1,1643.1,299.57,148.29,446.86,-0.09947,-1,-1,-1
259,-1,1242,375.27,97.492,294.47,-0.18085,-1,-1,-1
259,-1,1281.4,434.36,97.492,294.47,-0.25865,-1,-1,-1
259,-1,126.36,530.29,68.644,207.93,-0.30094,-1,-1,-1
259,-1,1087.1,272.53,225.27,677.82,-0.39399,-1,-1,-1
260,-1,1383.3,364.77,120.26,362.77,2.7166,-1,-1,-1
260,-1,772.93,295.07,182.79,550.38,1.7086,-1,-1,-1
260,-1,1132.8,275.37,170.48,513.45,1.6125,-1,-1,-1
260,-1,1809,401,79,239,1.4471,-1,-1,-1
260,-1,907.12,316.17,195.98,589.95,1.4278,-1,-1,-1
260,-1,1537.5,414.66,97.492,294.47,1.3212,-1,-1,-1
260,-1,1664.5,533.84,63.98,193.94,0.33215,-1,-1,-1
260,-1,1310.9,355.57,48.246,146.74,0.058041,-1,-1,-1
260,-1,126.36,530.29,68.644,207.93,-0.10426,-1,-1,-1
260,-1,1858.9,370.46,51.78,157.34,-0.11276,-1,-1,-1
260,-1,1313,465,79,239,-0.13904,-1,-1,-1
260,-1,1261.7,375.27,97.492,294.47,-0.17111,-1,-1,-1
260,-1,1643.1,299.57,148.29,446.86,-0.20312,-1,-1,-1
260,-1,1788.6,340.41,112.14,338.41,-0.44234,-1,-1,-1
261,-1,1383.3,364.77,120.26,362.77,2.7296,-1,-1,-1
261,-1,1132.8,275.37,170.48,513.45,2.0591,-1,-1,-1
261,-1,789.83,343.97,170.48,513.45,1.7334,-1,-1,-1
261,-1,1822.3,419,73.643,222.93,1.4411,-1,-1,-1
261,-1,919.96,331.83,182.79,550.38,1.3326,-1,-1,-1
261,-1,1537.5,414.66,97.492,294.47,1.3156,-1,-1,-1
261,-1,1677.5,533.84,63.98,193.94,0.69954,-1,-1,-1
261,-1,1286.3,364.77,120.26,362.77,0.25271,-1,-1,-1
261,-1,1643.1,299.57,148.29,446.86,-0.08907,-1,-1,-1
261,-1,126.36,530.29,68.644,207.93,-0.15243,-1,-1,-1
261,-1,815.59,272.53,225.27,677.82,-0.19337,-1,-1,-1
261,-1,892.44,279.58,277.58,834.73,-0.30244,-1,-1,-1
261,-1,725.3,558.15,68.644,207.93,-0.45786,-1,-1,-1
261,-1,1862.5,375.27,48.246,146.74,-0.47991,-1,-1,-1
262,-1,1383.3,364.77,120.26,362.77,2.8431,-1,-1,-1
262,-1,1132.8,275.37,170.48,513.45,2.1744,-1,-1,-1
262,-1,801,353,159,479,2.0672,-1,-1,-1
262,-1,956.72,295.07,182.79,550.38,1.4715,-1,-1,-1
262,-1,1537.5,414.66,97.492,294.47,1.3589,-1,-1,-1
262,-1,1825.7,418.86,68.644,207.93,1.205,-1,-1,-1
262,-1,1677.5,533.84,63.98,193.94,0.81453,-1,-1,-1
262,-1,770.33,272.53,225.27,677.82,0.51836,-1,-1,-1
262,-1,1331.1,549.92,51.78,157.34,0.32868,-1,-1,-1
262,-1,1301.1,414.66,97.492,294.47,0.30476,-1,-1,-1
262,-1,126.36,530.29,68.644,207.93,0.23377,-1,-1,-1
262,-1,1813.2,394.97,97.492,294.47,-0.063102,-1,-1,-1
262,-1,1643.1,299.57,148.29,446.86,-0.099181,-1,-1,-1
262,-1,874.05,243.51,241.51,726.54,-0.32772,-1,-1,-1
263,-1,1383.3,364.77,120.26,362.77,2.6636,-1,-1,-1
263,-1,801,353,159,479,2.1216,-1,-1,-1
263,-1,1153,289,159,479,2.0978,-1,-1,-1
263,-1,956.72,295.07,182.79,550.38,1.4996,-1,-1,-1
263,-1,1537.5,414.66,97.492,294.47,1.3098,-1,-1,-1
263,-1,1686.5,534.53,59.629,180.89,0.72236,-1,-1,-1
263,-1,1845.1,453.55,55.569,168.71,0.6684,-1,-1,-1
263,-1,1825,417,79,239,0.65385,-1,-1,-1
263,-1,815.59,272.53,225.27,677.82,0.4987,-1,-1,-1
263,-1,1331.1,560.47,51.78,157.34,0.17079,-1,-1,-1
263,-1,1301.1,414.66,97.492,294.47,0.12418,-1,-1,-1
263,-1,126.36,530.29,68.644,207.93,-0.065935,-1,-1,-1
263,-1,1643.1,299.57,148.29,446.86,-0.070882,-1,-1,-1
