1,-1,1617,553,39,119,1.6874,-1,-1,-1
1,-1,264.9,581.58,51.78,157.34,1.1162,-1,-1,-1
1,-1,502.44,544.22,33.822,103.47,0.96278,-1,-1,-1
1,-1,191.01,571.03,51.78,157.34,0.83584,-1,-1,-1
1,-1,121.04,695.51,41.871,127.61,0.54814,-1,-1,-1
1,-1,1484.1,518.25,25.39,78.17,0.4536,-1,-1,-1
1,-1,1431.8,401.15,59.629,180.89,0.27136,-1,-1,-1
1,-1,1529,561,39,119,-0.13895,-1,-1,-1
1,-1,540.34,546.83,31.49,96.47,-0.25568,-1,-1,-1
1,-1,1364.3,489.73,41.871,127.61,-0.31876,-1,-1,-1
1,-1,1607.5,544.06,55.569,168.71,-0.38447,-1,-1,-1
1,-1,1516.7,510.28,59.629,180.89,-0.43421,-1,-1,-1
2,-1,501.35,533.84,31.49,96.47,1.7205,-1,-1,-1
2,-1,1621.5,549.75,41.871,127.61,1.4078,-1,-1,-1
2,-1,180.45,560.47,51.78,157.34,0.63885,-1,-1,-1
2,-1,1489.4,518.25,25.39,78.17,0.53277,-1,-1,-1
2,-1,267.5,579.94,44.948,136.84,0.27406,-1,-1,-1
2,-1,113,689,39,119,0.25803,-1,-1,-1
2,-1,1430.6,390.88,63.98,193.94,0.23851,-1,-1,-1
2,-1,1369,505,39,119,0.043104,-1,-1,-1
2,-1,544.64,549.92,25.39,78.17,-0.11336,-1,-1,-1
2,-1,1529,561,39,119,-0.34233,-1,-1,-1
2,-1,1613.7,510.28,59.629,180.89,-0.34854,-1,-1,-1
2,-1,961.31,927.01,41.871,127.61,-0.39964,-1,-1,-1
2,-1,1308.6,446.86,20.435,63.306,-0.40266,-1,-1,-1
2,-1,483.61,493.46,48.246,146.74,-0.40986,-1,-1,-1
2,-1,616.57,508.23,23.623,72.869,-0.4951,-1,-1,-1
3,-1,504.22,552.72,29.314,89.943,1.0642,-1,-1,-1
3,-1,1633,553,39,119,1.0049,-1,-1,-1
3,-1,170.71,578,55.569,168.71,0.92313,-1,-1,-1
3,-1,1449,465,39,119,0.20404,-1,-1,-1
3,-1,1380,516.37,33.822,103.47,0.19202,-1,-1,-1
3,-1,103.89,712.66,41.871,127.61,0.12223,-1,-1,-1
3,-1,1444,389.02,59.629,180.89,0.12172,-1,-1,-1
3,-1,1537,553,39,119,0.067329,-1,-1,-1
3,-1,1494.7,512.97,25.39,78.17,0.0046804,-1,-1,-1
3,-1,498.3,541.17,41.871,127.61,-0.016267,-1,-1,-1
3,-1,1625.8,498.16,59.629,180.89,-0.026799,-1,-1,-1
3,-1,1201,801,39,119,-0.14563,-1,-1,-1
3,-1,249.9,578,55.569,168.71,-0.16047,-1,-1,-1
3,-1,1249,441,39,119,-0.47275,-1,-1,-1
4,-1,1638.7,549.75,41.871,127.61,1.6028,-1,-1,-1
4,-1,159.39,578,55.569,168.71,0.75918,-1,-1,-1
4,-1,501.35,546.83,31.49,96.47,0.73018,-1,-1,-1
4,-1,1457,465,39,119,0.42403,-1,-1,-1
4,-1,1435.7,377.08,68.644,207.93,0.29015,-1,-1,-1
4,-1,1545,561,39,119,0.15949,-1,-1,-1
4,-1,1385,505,39,119,0.098044,-1,-1,-1
4,-1,1503,513.16,23.623,72.869,0.067563,-1,-1,-1
4,-1,267.5,607.51,44.948,136.84,0.051481,-1,-1,-1
4,-1,89,713,39,119,-0.01215,-1,-1,-1
4,-1,60.095,532.85,97.492,294.47,-0.031139,-1,-1,-1
4,-1,1625.5,494.85,63.98,193.94,-0.10943,-1,-1,-1
4,-1,523.01,493.46,48.246,146.74,-0.30814,-1,-1,-1
4,-1,1747.1,413.27,120.26,362.77,-0.37332,-1,-1,-1
4,-1,1497,465,39,119,-0.39548,-1,-1,-1
4,-1,224.93,583.21,73.643,222.93,-0.41259,-1,-1,-1
5,-1,148.08,566.69,55.569,168.71,1.185,-1,-1,-1
5,-1,494.85,540.34,31.49,96.47,1.0555,-1,-1,-1
5,-1,1649,569,39,119,0.87173,-1,-1,-1
5,-1,1553,569,39,119,0.78994,-1,-1,-1
5,-1,73,705,39,119,0.43291,-1,-1,-1
5,-1,1443.6,390.88,63.98,193.94,0.31404,-1,-1,-1
5,-1,1204.8,818.87,44.948,136.84,0.17001,-1,-1,-1
5,-1,247.23,591.95,48.246,146.74,0.1622,-1,-1,-1
5,-1,1505.7,515.77,27.284,83.853,-0.034209,-1,-1,-1
5,-1,532.6,515.45,41.871,127.61,-0.09846,-1,-1,-1
5,-1,1381.4,506.88,41.871,127.61,-0.14458,-1,-1,-1
5,-1,1539.7,521.43,55.569,168.71,-0.25315,-1,-1,-1
5,-1,1625.5,507.85,63.98,193.94,-0.37459,-1,-1,-1
5,-1,65.98,637.81,63.98,193.94,-0.44205,-1,-1,-1
5,-1,1783.5,607.29,59.629,180.89,-0.4632,-1,-1,-1
6,-1,148.78,581.58,51.78,157.34,0.91185,-1,-1,-1
6,-1,1657,577,39,119,0.6263,-1,-1,-1
6,-1,495.47,551.19,33.822,103.47,0.61028,-1,-1,-1
6,-1,1561.5,575.47,41.871,127.61,0.32815,-1,-1,-1
6,-1,1510.5,528.8,25.39,78.17,0.14408,-1,-1,-1
6,-1,1456.1,413.27,59.629,180.89,0.14407,-1,-1,-1
6,-1,65,721,39,119,0.12073,-1,-1,-1
6,-1,1365.7,501.83,21.974,67.922,-0.0099193,-1,-1,-1
6,-1,1214,837.25,44.948,136.84,-0.078659,-1,-1,-1
6,-1,238.59,589.31,55.569,168.71,-0.12612,-1,-1,-1
6,-1,1747.1,437.53,120.26,362.77,-0.19493,-1,-1,-1
6,-1,523.01,503.31,48.246,146.74,-0.27627,-1,-1,-1
6,-1,1652.8,555.37,55.569,168.71,-0.33006,-1,-1,-1
6,-1,49.503,667.92,59.629,180.89,-0.37646,-1,-1,-1
6,-1,1657,297,39,119,-0.47597,-1,-1,-1
6,-1,1587.2,403.99,41.871,127.61,-0.47864,-1,-1,-1
7,-1,495.47,544.22,33.822,103.47,0.95099,-1,-1,-1
7,-1,136.76,578,55.569,168.71,0.72727,-1,-1,-1
7,-1,52.445,721.23,41.871,127.61,0.64848,-1,-1,-1
7,-1,1655.7,552.55,48.246,146.74,0.57398,-1,-1,-1
7,-1,1449.6,391.01,68.644,207.93,0.56666,-1,-1,-1
7,-1,1569,577,39,119,0.55988,-1,-1,-1
7,-1,237.38,611.65,48.246,146.74,0.27989,-1,-1,-1
7,-1,1747.1,437.53,120.26,362.77,-0.10741,-1,-1,-1
7,-1,867.73,818.48,48.246,146.74,-0.11653,-1,-1,-1
7,-1,28.569,717.79,44.948,136.84,-0.16737,-1,-1,-1
7,-1,518.25,486.58,51.78,157.34,-0.22305,-1,-1,-1
7,-1,476.02,497.13,51.78,157.34,-0.30131,-1,-1,-1
7,-1,1214.9,834.93,51.78,157.34,-0.31986,-1,-1,-1
7,-1,1689,393,39,119,-0.4144,-1,-1,-1
7,-1,1365.7,492.64,21.974,67.922,-0.48085,-1,-1,-1
8,-1,1665.5,572.25,48.246,146.74,0.78691,-1,-1,-1
8,-1,125.45,589.31,55.569,168.71,0.75643,-1,-1,-1
8,-1,495.47,551.19,33.822,103.47,0.66475,-1,-1,-1
8,-1,33,737,39,119,0.47775,-1,-1,-1
8,-1,1517,527.09,27.284,83.853,0.43723,-1,-1,-1
8,-1,1449.1,389.14,73.643,222.93,0.3123,-1,-1,-1
8,-1,1393,521,39,119,0.10231,-1,-1,-1
8,-1,221.55,616.7,44.948,136.84,-0.09674,-1,-1,-1
8,-1,1222.3,857.88,48.246,146.74,-0.23382,-1,-1,-1
8,-1,518.25,497.13,51.78,157.34,-0.26069,-1,-1,-1
8,-1,1578.7,584.04,41.871,127.61,-0.28405,-1,-1,-1
8,-1,208.94,572.83,63.98,193.94,-0.30209,-1,-1,-1
8,-1,1768.5,442.87,128.96,388.88,-0.43994,-1,-1,-1
8,-1,969.88,991.32,20.435,63.306,-0.48774,-1,-1,-1
9,-1,492.09,552.72,29.314,89.943,1.1578,-1,-1,-1
9,-1,114.14,578,55.569,168.71,0.91227,-1,-1,-1
9,-1,17,737,39,119,0.79921,-1,-1,-1
9,-1,217.68,611.65,48.246,146.74,0.63709,-1,-1,-1
9,-1,1585,593,39,119,0.4009,-1,-1,-1
9,-1,1673.5,579.94,44.948,136.84,0.28742,-1,-1,-1
9,-1,1449.6,404.94,68.644,207.93,0.27599,-1,-1,-1
9,-1,489.73,541.17,41.871,127.61,0.064188,-1,-1,-1
9,-1,231.39,583.04,59.629,180.89,-0.074337,-1,-1,-1
9,-1,974.17,892.72,20.435,63.306,-0.20135,-1,-1,-1
9,-1,518.25,497.13,51.78,157.34,-0.26474,-1,-1,-1
9,-1,1521.1,534.08,25.39,78.17,-0.27091,-1,-1,-1
9,-1,1401,529,39,119,-0.29452,-1,-1,-1
9,-1,196,558.15,68.644,207.93,-0.44318,-1,-1,-1
9,-1,460.48,386.96,90.896,274.69,-0.44712,-1,-1,-1
9,-1,1756,418.86,138.29,416.86,-0.47721,-1,-1,-1
10,-1,488.35,546.83,31.49,96.47,1.0343,-1,-1,-1
10,-1,1,721.23,41.871,127.61,0.76838,-1,-1,-1
10,-1,1587.2,601.19,41.871,127.61,0.76576,-1,-1,-1
10,-1,102.82,566.69,55.569,168.71,0.50161,-1,-1,-1
10,-1,1681.5,601.19,41.871,127.61,0.49725,-1,-1,-1
10,-1,1463.5,418.86,68.644,207.93,0.25412,-1,-1,-1
10,-1,207.83,601.8,48.246,146.74,0.23689,-1,-1,-1
10,-1,1401,537,39,119,-0.10972,-1,-1,-1
10,-1,196,530.29,68.644,207.93,-0.16382,-1,-1,-1
10,-1,1522.7,557.48,23.623,72.869,-0.27013,-1,-1,-1
10,-1,1707.3,421.14,41.871,127.61,-0.44529,-1,-1,-1
11,-1,195.01,583.04,59.629,180.89,1.0543,-1,-1,-1
11,-1,488.35,553.33,31.49,96.47,1.0083,-1,-1,-1
11,-1,91.51,589.31,55.569,168.71,0.87459,-1,-1,-1
11,-1,1691.9,579.94,44.948,136.84,0.66299,-1,-1,-1
11,-1,1401,521,39,119,0.010782,-1,-1,-1
11,-1,1593,593,39,119,-0.025951,-1,-1,-1
11,-1,1370.2,501.83,21.974,67.922,-0.3496,-1,-1,-1
11,-1,1456.6,403.88,63.98,193.94,-0.35439,-1,-1,-1
11,-1,1163.2,936.67,48.246,146.74,-0.38734,-1,-1,-1
11,-1,172.48,532.6,84.742,256.23,-0.40077,-1,-1,-1
11,-1,478.86,524.81,44.948,136.84,-0.485,-1,-1,-1
12,-1,182.89,583.04,59.629,180.89,0.991,-1,-1,-1
12,-1,481,545,39,119,0.96125,-1,-1,-1
12,-1,1698.7,592.62,41.871,127.61,0.92923,-1,-1,-1
12,-1,1600,589.13,44.948,136.84,0.33025,-1,-1,-1
12,-1,527.34,559.83,31.49,96.47,-0.0010255,-1,-1,-1
12,-1,1686.5,570.91,59.629,180.89,-0.072772,-1,-1,-1
12,-1,80.196,589.31,55.569,168.71,-0.084103,-1,-1,-1
12,-1,1409,529,39,119,-0.1334,-1,-1,-1
12,-1,1480.3,516.34,29.314,89.943,-0.1916,-1,-1,-1
12,-1,172.48,532.6,84.742,256.23,-0.19483,-1,-1,-1
12,-1,1463.5,404.94,68.644,207.93,-0.34229,-1,-1,-1
13,-1,170.76,570.91,59.629,180.89,1.081,-1,-1,-1
13,-1,1701.1,589.13,44.948,136.84,1.0533,-1,-1,-1
13,-1,481.54,537.26,33.822,103.47,0.73449,-1,-1,-1
13,-1,61.629,570.91,59.629,180.89,0.18858,-1,-1,-1
13,-1,1409,521,39,119,-0.0042744,-1,-1,-1
13,-1,1609,601,39,119,-0.07012,-1,-1,-1
13,-1,196,558.15,68.644,207.93,-0.15668,-1,-1,-1
13,-1,975.1,855.63,44.948,136.84,-0.24764,-1,-1,-1
13,-1,1484.1,523.53,25.39,78.17,-0.30567,-1,-1,-1
13,-1,1407.2,866.99,20.435,63.306,-0.38185,-1,-1,-1
13,-1,523.33,537.26,33.822,103.47,-0.39548,-1,-1,-1
13,-1,1469.6,403.88,63.98,193.94,-0.45232,-1,-1,-1
14,-1,1710.3,579.94,44.948,136.84,1.2372,-1,-1,-1
14,-1,481.54,544.22,33.822,103.47,0.86397,-1,-1,-1
14,-1,1612.9,592.62,41.871,127.61,0.84142,-1,-1,-1
14,-1,168.15,572.08,68.644,207.93,0.35925,-1,-1,-1
14,-1,523.33,551.19,33.822,103.47,0.29004,-1,-1,-1
14,-1,1409,521,39,119,-0.006968,-1,-1,-1
14,-1,49.503,570.91,59.629,180.89,-0.017355,-1,-1,-1
14,-1,978.46,866.99,41.871,127.61,-0.23655,-1,-1,-1
14,-1,1488.2,523.01,23.623,72.869,-0.25624,-1,-1,-1
14,-1,1473,505,39,119,-0.26502,-1,-1,-1
14,-1,222.68,370.46,51.78,157.34,-0.29939,-1,-1,-1
14,-1,465.47,497.13,51.78,157.34,-0.43157,-1,-1,-1
14,-1,507.69,497.13,51.78,157.34,-0.49176,-1,-1,-1
15,-1,1719.5,589.13,44.948,136.84,1.2111,-1,-1,-1
15,-1,1621.5,592.62,41.871,127.61,0.94183,-1,-1,-1
15,-1,481.54,544.22,33.822,103.47,0.46321,-1,-1,-1
15,-1,1409,521,39,119,0.3834,-1,-1,-1
15,-1,158.63,583.04,59.629,180.89,0.32147,-1,-1,-1
15,-1,39.988,572.83,63.98,193.94,0.30834,-1,-1,-1
15,-1,523.33,544.22,33.822,103.47,0.012834,-1,-1,-1
15,-1,1489.4,518.25,25.39,78.17,-0.22286,-1,-1,-1
16,-1,1724.6,582.1,48.246,146.74,1.3444,-1,-1,-1
16,-1,479.97,546.66,29.314,89.943,0.69157,-1,-1,-1
16,-1,1630.1,601.19,41.871,127.61,0.57366,-1,-1,-1
16,-1,472.58,524.03,41.871,127.61,0.42585,-1,-1,-1
16,-1,1417,529,39,119,0.32133,-1,-1,-1
16,-1,140.29,572.08,68.644,207.93,0.055452,-1,-1,-1
16,-1,566.69,515.77,27.284,83.853,-0.010758,-1,-1,-1
16,-1,1494.4,521.43,27.284,83.853,-0.12054,-1,-1,-1
16,-1,26.992,572.83,63.98,193.94,-0.14416,-1,-1,-1
16,-1,1547.3,542.7,23.623,72.869,-0.24525,-1,-1,-1
16,-1,520.84,546.83,31.49,96.47,-0.38553,-1,-1,-1
17,-1,474.58,544.22,33.822,103.47,1.5702,-1,-1,-1
17,-1,1734.5,582.1,48.246,146.74,0.72506,-1,-1,-1
17,-1,516.03,545.89,36.321,110.96,0.63875,-1,-1,-1
17,-1,117.96,585.82,63.98,193.94,0.61568,-1,-1,-1
17,-1,1633,601,39,119,0.12753,-1,-1,-1
17,-1,1417,529,39,119,0.020652,-1,-1,-1
17,-1,13.996,585.82,63.98,193.94,-0.089356,-1,-1,-1
17,-1,1547.5,539.36,25.39,78.17,-0.2085,-1,-1,-1
17,-1,558.15,516.37,33.822,103.47,-0.30453,-1,-1,-1
17,-1,1379.9,498.38,23.623,72.869,-0.36837,-1,-1,-1
18,-1,473,537,39,119,1.2628,-1,-1,-1
18,-1,1744.3,591.95,48.246,146.74,0.97469,-1,-1,-1
18,-1,516.37,544.22,33.822,103.47,0.66289,-1,-1,-1
18,-1,1424.3,532.6,41.871,127.61,0.37417,-1,-1,-1
18,-1,13.996,585.82,63.98,193.94,-0.16895,-1,-1,-1
18,-1,1647.2,601.19,41.871,127.61,-0.18147,-1,-1,-1
18,-1,1384,497.24,21.974,67.922,-0.37738,-1,-1,-1
19,-1,473,537,39,119,1.2133,-1,-1,-1
19,-1,1756.2,598.32,44.948,136.84,1.0391,-1,-1,-1
19,-1,1425,529,39,119,0.4805,-1,-1,-1
19,-1,516.03,545.89,36.321,110.96,0.078409,-1,-1,-1
19,-1,1655.8,601.19,41.871,127.61,-0.19882,-1,-1,-1
19,-1,1,585.82,63.98,193.94,-0.30317,-1,-1,-1
19,-1,1249,129,19,59,-0.35757,-1,-1,-1
20,-1,1765.4,598.32,44.948,136.84,0.9518,-1,-1,-1
20,-1,1425,529,39,119,0.41091,-1,-1,-1
20,-1,509.4,551.19,33.822,103.47,0.16751,-1,-1,-1
20,-1,467.62,544.22,33.822,103.47,0.010731,-1,-1,-1
20,-1,1390,502.59,20.435,63.306,-0.4747,-1,-1,-1
21,-1,1425,529,39,119,1.0654,-1,-1,-1
21,-1,1773.8,601.8,48.246,146.74,0.81853,-1,-1,-1
21,-1,467.62,544.22,33.822,103.47,0.53474,-1,-1,-1
21,-1,508.57,545.89,36.321,110.96,0.22137,-1,-1,-1
21,-1,995.61,806.97,41.871,127.61,-0.25722,-1,-1,-1
21,-1,1665.5,591.95,48.246,146.74,-0.33612,-1,-1,-1
21,-1,498.8,487.49,55.569,168.71,-0.37487,-1,-1,-1
21,-1,1567,542.7,23.623,72.869,-0.45479,-1,-1,-1
22,-1,1783.7,591.95,48.246,146.74,1.0044,-1,-1,-1
22,-1,1433,529,39,119,0.98282,-1,-1,-1
22,-1,464.01,532.6,41.871,127.61,0.83749,-1,-1,-1
22,-1,507.85,559.83,31.49,96.47,-0.23789,-1,-1,-1
22,-1,1004.2,815.55,41.871,127.61,-0.37697,-1,-1,-1
22,-1,1149.9,935.59,20.435,63.306,-0.40937,-1,-1,-1
23,-1,1785,592.14,51.78,157.34,1.2784,-1,-1,-1
23,-1,465,537,39,119,0.56627,-1,-1,-1
23,-1,1433,529,39,119,0.3323,-1,-1,-1
23,-1,498.3,541.17,41.871,127.61,-0.26599,-1,-1,-1
23,-1,1154.3,942.93,21.974,67.922,-0.39198,-1,-1,-1
23,-1,28.858,474.58,138.29,416.86,-0.49681,-1,-1,-1
24,-1,1795.5,592.14,51.78,157.34,1.2005,-1,-1,-1
24,-1,1433,529,39,119,0.54777,-1,-1,-1
24,-1,464.01,541.17,41.871,127.61,0.50451,-1,-1,-1
24,-1,501.11,553.36,36.321,110.96,0.34197,-1,-1,-1
24,-1,1531.1,529.4,21.974,67.922,-0.14032,-1,-1,-1
24,-1,1152.9,777.05,59.629,180.89,-0.1831,-1,-1,-1
24,-1,1351.9,497.24,44.948,136.84,-0.41934,-1,-1,-1
24,-1,883.47,928.72,27.284,83.853,-0.45556,-1,-1,-1
25,-1,1813.2,601.8,48.246,146.74,0.72202,-1,-1,-1
25,-1,1441,537,39,119,0.68557,-1,-1,-1
25,-1,457,553,39,119,0.56529,-1,-1,-1
25,-1,1528.4,521.43,27.284,83.853,0.41344,-1,-1,-1
25,-1,502.44,558.15,33.822,103.47,-0.25171,-1,-1,-1
25,-1,1144.7,780.76,63.98,193.94,-0.46157,-1,-1,-1
26,-1,1816.6,602.7,51.78,157.34,1.2035,-1,-1,-1
26,-1,455.43,549.75,41.871,127.61,0.80826,-1,-1,-1
26,-1,1441.5,532.6,41.871,127.61,0.6991,-1,-1,-1
26,-1,1528,514.34,31.49,96.47,0.070443,-1,-1,-1
26,-1,505,553,39,119,-0.015078,-1,-1,-1
26,-1,549.71,532.74,27.284,83.853,-0.33905,-1,-1,-1
26,-1,61.019,498.3,41.871,127.61,-0.47919,-1,-1,-1
26,-1,1793,577,79,239,-0.48136,-1,-1,-1
27,-1,1449,545,39,119,1.0684,-1,-1,-1
27,-1,455.43,549.75,41.871,127.61,0.82748,-1,-1,-1
27,-1,1822.5,600.63,55.569,168.71,0.81417,-1,-1,-1
27,-1,1531.6,528.8,25.39,78.17,0.32056,-1,-1,-1
27,-1,497,553,39,119,0.077731,-1,-1,-1
27,-1,1809,577,79,239,-0.18781,-1,-1,-1
27,-1,449.65,98.006,59.629,180.89,-0.43777,-1,-1,-1
27,-1,993.27,834.93,51.78,157.34,-0.47796,-1,-1,-1
28,-1,1449,537,39,119,1.4621,-1,-1,-1
28,-1,1833.8,600.63,55.569,168.71,1.1799,-1,-1,-1
28,-1,1534.9,522.41,29.314,89.943,0.1856,-1,-1,-1
28,-1,455.43,549.75,41.871,127.61,0.16879,-1,-1,-1
28,-1,489.73,549.75,41.871,127.61,-0.24217,-1,-1,-1
28,-1,1818.7,584.04,84.742,256.23,-0.38401,-1,-1,-1
28,-1,1695.1,276.78,48.246,146.74,-0.4129,-1,-1,-1
28,-1,1784.4,249.65,41.871,127.61,-0.45405,-1,-1,-1
28,-1,1721.6,613.25,51.78,157.34,-0.48469,-1,-1,-1
28,-1,1064.2,832.7,41.871,127.61,-0.48676,-1,-1,-1
29,-1,1457,545,39,119,1.4378,-1,-1,-1
29,-1,1845.1,611.94,55.569,168.71,0.92365,-1,-1,-1
29,-1,449,553,39,119,0.52611,-1,-1,-1
29,-1,1534.9,528.47,29.314,89.943,0.02503,-1,-1,-1
29,-1,1825,593,79,239,-0.16503,-1,-1,-1
29,-1,489,553,39,119,-0.28858,-1,-1,-1
30,-1,1457,545,39,119,1.632,-1,-1,-1
30,-1,1858.9,623.81,51.78,157.34,0.76468,-1,-1,-1
30,-1,1545.3,532.74,27.284,83.853,0.33969,-1,-1,-1
30,-1,446.86,558.32,41.871,127.61,0.03904,-1,-1,-1
30,-1,481.15,558.32,41.871,127.61,-0.26104,-1,-1,-1
30,-1,1837.2,598.14,73.643,222.93,-0.26189,-1,-1,-1
30,-1,1742.8,623.81,51.78,157.34,-0.31117,-1,-1,-1
30,-1,1535.8,498.3,41.871,127.61,-0.35733,-1,-1,-1
31,-1,1457,553,39,119,1.0691,-1,-1,-1
31,-1,438.28,575.47,41.871,127.61,0.61981,-1,-1,-1
31,-1,1545,505,39,119,0.46112,-1,-1,-1
31,-1,1867.8,623.25,55.569,168.71,-0.045418,-1,-1,-1
31,-1,598.32,570.75,21.974,67.922,-0.22459,-1,-1,-1
32,-1,1465,561,39,119,0.80266,-1,-1,-1
32,-1,441,569,39,119,0.29734,-1,-1,-1
32,-1,1873,649,39,119,0.13087,-1,-1,-1
32,-1,1545,513,39,119,0.10094,-1,-1,-1
32,-1,1456.1,498.16,59.629,180.89,-0.16828,-1,-1,-1
32,-1,1867.8,634.57,55.569,168.71,-0.24908,-1,-1,-1
32,-1,596.87,562.4,23.623,72.869,-0.28233,-1,-1,-1
33,-1,1465,545,39,119,0.63268,-1,-1,-1
33,-1,1553,497,39,119,0.53903,-1,-1,-1
33,-1,441,561,39,119,0.46209,-1,-1,-1
33,-1,593.73,552.38,21.974,67.922,0.10054,-1,-1,-1
33,-1,481.15,558.32,41.871,127.61,-0.20445,-1,-1,-1
33,-1,1370.2,515.62,44.948,136.84,-0.24653,-1,-1,-1
33,-1,1389.4,461.78,29.314,89.943,-0.48518,-1,-1,-1
34,-1,438.28,558.32,41.871,127.61,0.76512,-1,-1,-1
34,-1,1473,545,39,119,0.63473,-1,-1,-1
34,-1,1553,497,39,119,0.47582,-1,-1,-1
34,-1,478.86,552.38,44.948,136.84,0.16275,-1,-1,-1
34,-1,1777.3,623.25,55.569,168.71,0.1396,-1,-1,-1
34,-1,1553.1,449.65,59.629,180.89,-0.37545,-1,-1,-1
34,-1,634.36,476.02,51.78,157.34,-0.43769,-1,-1,-1
34,-1,1394.4,465.47,25.39,78.17,-0.45566,-1,-1,-1
34,-1,591.95,557.48,23.623,72.869,-0.47066,-1,-1,-1
35,-1,433,553,39,119,1.3687,-1,-1,-1
35,-1,1567.9,527.09,27.284,83.853,1.1486,-1,-1,-1
35,-1,1473,545,39,119,0.94701,-1,-1,-1
35,-1,1561,497,39,119,0.42493,-1,-1,-1
35,-1,1785,623.81,51.78,157.34,0.26484,-1,-1,-1
35,-1,481,553,39,119,0.008203,-1,-1,-1
35,-1,105.5,598.14,73.643,222.93,-0.24858,-1,-1,-1
35,-1,1553.1,437.53,59.629,180.89,-0.26635,-1,-1,-1
35,-1,1395.5,455.71,29.314,89.943,-0.31809,-1,-1,-1
35,-1,631.35,473.76,48.246,146.74,-0.32008,-1,-1,-1
35,-1,520.84,527.34,31.49,96.47,-0.36169,-1,-1,-1
36,-1,433,553,39,119,1.4611,-1,-1,-1
36,-1,1573.9,523.53,25.39,78.17,1.0183,-1,-1,-1
36,-1,1481,545,39,119,0.64794,-1,-1,-1
36,-1,1799.9,623.25,55.569,168.71,0.34698,-1,-1,-1
36,-1,472.58,549.75,41.871,127.61,0.12245,-1,-1,-1
36,-1,90.571,598.14,73.643,222.93,0.070742,-1,-1,-1
36,-1,1325,325,19,59,0.02958,-1,-1,-1
36,-1,1561,497,39,119,0.012592,-1,-1,-1
36,-1,1553.1,437.53,59.629,180.89,-0.10877,-1,-1,-1
36,-1,522.41,528.47,29.314,89.943,-0.21311,-1,-1,-1
37,-1,429.71,541.17,41.871,127.61,0.92804,-1,-1,-1
37,-1,1573.6,521.43,27.284,83.853,0.70923,-1,-1,-1
37,-1,1481,545,39,119,0.70411,-1,-1,-1
37,-1,1807.7,619.41,59.629,180.89,0.66552,-1,-1,-1
37,-1,1569,497,39,119,0.30551,-1,-1,-1
37,-1,75.643,598.14,73.643,222.93,0.096397,-1,-1,-1
37,-1,1565.2,437.53,59.629,180.89,-0.070943,-1,-1,-1
37,-1,472.58,541.17,41.871,127.61,-0.45399,-1,-1,-1
38,-1,425,553,39,119,1.1376,-1,-1,-1
38,-1,1570.1,481.15,41.871,127.61,0.67391,-1,-1,-1
38,-1,1822.5,623.25,55.569,168.71,0.59528,-1,-1,-1
38,-1,1484.3,532.6,41.871,127.61,0.55807,-1,-1,-1
38,-1,69.594,584.04,84.742,256.23,-0.15591,-1,-1,-1
38,-1,520.21,529.4,21.974,67.922,-0.40677,-1,-1,-1
38,-1,434.36,523.01,48.246,146.74,-0.44262,-1,-1,-1
38,-1,472.58,549.75,41.871,127.61,-0.49924,-1,-1,-1
39,-1,425,545,39,119,1.4,-1,-1,-1
39,-1,1489,545,39,119,0.65492,-1,-1,-1
39,-1,1577,489,39,119,0.6305,-1,-1,-1
39,-1,1833.8,634.57,55.569,168.71,0.31653,-1,-1,-1
39,-1,419.61,498.8,55.569,168.71,-0.32684,-1,-1,-1
39,-1,60.714,598.14,73.643,222.93,-0.41357,-1,-1,-1
39,-1,518.25,518.25,25.39,78.17,-0.41896,-1,-1,-1
40,-1,1497,537,39,119,0.93603,-1,-1,-1
40,-1,425,545,39,119,0.60554,-1,-1,-1
40,-1,1585,489,39,119,0.30518,-1,-1,-1
40,-1,1844.1,631.54,59.629,180.89,0.2823,-1,-1,-1
40,-1,1458.6,412.56,84.742,256.23,-0.24478,-1,-1,-1
40,-1,52.445,584.04,84.742,256.23,-0.24956,-1,-1,-1
40,-1,510.28,522.41,29.314,89.943,-0.43229,-1,-1,-1
41,-1,1505,545,39,119,1.1961,-1,-1,-1
41,-1,425,545,39,119,0.61824,-1,-1,-1
41,-1,1593,507.85,31.49,96.47,0.17634,-1,-1,-1
41,-1,1846.4,624.81,63.98,193.94,0.13012,-1,-1,-1
41,-1,624.81,429.87,63.98,193.94,-0.19397,-1,-1,-1
41,-1,510.12,521.43,27.284,83.853,-0.2347,-1,-1,-1
41,-1,1581.6,478.86,44.948,136.84,-0.2627,-1,-1,-1
41,-1,37.758,570.75,90.896,274.69,-0.26985,-1,-1,-1
41,-1,464.01,541.17,41.871,127.61,-0.30071,-1,-1,-1
41,-1,1471.3,405.34,90.896,274.69,-0.34189,-1,-1,-1
41,-1,861.32,998.55,25.39,78.17,-0.43182,-1,-1,-1
42,-1,1505,545,39,119,1.8671,-1,-1,-1
42,-1,421.14,549.75,41.871,127.61,0.91867,-1,-1,-1
42,-1,507.85,520.84,31.49,96.47,0.11492,-1,-1,-1
42,-1,1593,497,39,119,0.097368,-1,-1,-1
42,-1,587.02,542.7,23.623,72.869,-0.28593,-1,-1,-1
42,-1,1504.6,498.16,59.629,180.89,-0.32022,-1,-1,-1
42,-1,1471.3,405.34,90.896,274.69,-0.33992,-1,-1,-1
42,-1,1856.2,631.54,59.629,180.89,-0.38598,-1,-1,-1
42,-1,471.25,553.36,36.321,110.96,-0.45763,-1,-1,-1
43,-1,1510.1,541.17,41.871,127.61,1.3913,-1,-1,-1
43,-1,417,553,39,119,0.84092,-1,-1,-1
43,-1,1593,505,39,119,0.63693,-1,-1,-1
43,-1,504.46,527.09,27.284,83.853,-0.032357,-1,-1,-1
43,-1,1475.8,429.71,84.742,256.23,-0.28254,-1,-1,-1
43,-1,1201.4,961.31,41.871,127.61,-0.45134,-1,-1,-1
43,-1,909.86,772.68,41.871,127.61,-0.49163,-1,-1,-1
44,-1,1513,553,39,119,1.2988,-1,-1,-1
44,-1,1595.8,489.73,41.871,127.61,0.6427,-1,-1,-1
44,-1,412.56,549.75,41.871,127.61,0.61888,-1,-1,-1
44,-1,455.43,549.75,41.871,127.61,-0.305,-1,-1,-1
44,-1,1576.9,503.31,23.623,72.869,-0.42813,-1,-1,-1
45,-1,1518.6,549.75,41.871,127.61,1.6373,-1,-1,-1
45,-1,1600,488.05,44.948,136.84,0.51913,-1,-1,-1
45,-1,417,553,39,119,0.43963,-1,-1,-1
45,-1,413.27,510.28,59.629,180.89,-0.23137,-1,-1,-1
45,-1,457,553,39,119,-0.31435,-1,-1,-1
45,-1,1579.3,504.46,27.284,83.853,-0.37805,-1,-1,-1
45,-1,352.54,541.17,41.871,127.61,-0.38873,-1,-1,-1
45,-1,1489.7,423.72,90.896,274.69,-0.48293,-1,-1,-1
46,-1,1518.6,549.75,41.871,127.61,1.0937,-1,-1,-1
46,-1,409,553,39,119,0.6582,-1,-1,-1
46,-1,1601,513,39,119,0.19428,-1,-1,-1
46,-1,451.29,543.19,44.948,136.84,-0.28008,-1,-1,-1
46,-1,1017,849,39,119,-0.35265,-1,-1,-1
46,-1,408.29,521.43,55.569,168.71,-0.38082,-1,-1,-1
46,-1,1516.7,510.28,59.629,180.89,-0.38128,-1,-1,-1
46,-1,345,545,39,119,-0.39152,-1,-1,-1
46,-1,1579.3,504.46,27.284,83.853,-0.40868,-1,-1,-1
46,-1,1605.5,465.47,51.78,157.34,-0.41332,-1,-1,-1
46,-1,498.16,528.47,29.314,89.943,-0.43639,-1,-1,-1
47,-1,1529,561,39,119,1.5493,-1,-1,-1
47,-1,1617,505,39,119,0.78593,-1,-1,-1
47,-1,409,553,39,119,0.31228,-1,-1,-1
47,-1,401.15,510.28,59.629,180.89,0.059543,-1,-1,-1
47,-1,457,553,39,119,-0.20115,-1,-1,-1
47,-1,345,545,39,119,-0.2159,-1,-1,-1
47,-1,579.94,547.78,21.974,67.922,-0.26205,-1,-1,-1
47,-1,494.85,520.84,31.49,96.47,-0.32841,-1,-1,-1
47,-1,793,509,19,59,-0.39971,-1,-1,-1
47,-1,528.31,549.75,20.435,63.306,-0.40199,-1,-1,-1
47,-1,1598.4,404.07,73.643,222.93,-0.48227,-1,-1,-1
48,-1,1624.5,532.74,27.284,83.853,1.0875,-1,-1,-1
48,-1,1537,561,39,119,0.92114,-1,-1,-1
48,-1,405.34,552.38,44.948,136.84,0.8445,-1,-1,-1
48,-1,1625,505,39,119,0.33916,-1,-1,-1
48,-1,345,553,39,119,0.0088603,-1,-1,-1
48,-1,457,561,39,119,-0.013495,-1,-1,-1
48,-1,493.15,532.74,27.284,83.853,-0.1329,-1,-1,-1
48,-1,1563.3,502.41,25.39,78.17,-0.36143,-1,-1,-1
48,-1,1598.4,404.07,73.643,222.93,-0.49439,-1,-1,-1
49,-1,1535.8,558.32,41.871,127.61,1.2353,-1,-1,-1
49,-1,409,561,39,119,1.2334,-1,-1,-1
49,-1,1625.5,533.84,31.49,96.47,0.94639,-1,-1,-1
49,-1,449,561,39,119,0.066742,-1,-1,-1
49,-1,401.15,522.41,59.629,180.89,0.033435,-1,-1,-1
49,-1,345,553,39,119,0.0049769,-1,-1,-1
49,-1,1401.5,940.74,29.314,89.943,-0.060157,-1,-1,-1
49,-1,520.21,552.38,21.974,67.922,-0.18529,-1,-1,-1
49,-1,1393,433,79,239,-0.24315,-1,-1,-1
49,-1,1618.4,506.43,44.948,136.84,-0.37414,-1,-1,-1
49,-1,611.81,442.87,63.98,193.94,-0.38484,-1,-1,-1
49,-1,488.35,527.34,31.49,96.47,-0.45582,-1,-1,-1
49,-1,1567,508.23,23.623,72.869,-0.48383,-1,-1,-1
50,-1,401,553,39,119,1.1685,-1,-1,-1
50,-1,1535.8,558.32,41.871,127.61,1.1209,-1,-1,-1
50,-1,1632,527.34,31.49,96.47,1.1066,-1,-1,-1
50,-1,337,553,39,119,0.48564,-1,-1,-1
50,-1,396.98,521.43,55.569,168.71,0.26019,-1,-1,-1
50,-1,1627.6,497.24,44.948,136.84,-0.072412,-1,-1,-1
50,-1,643.66,534.53,29.314,89.943,-0.32383,-1,-1,-1
50,-1,1613.3,404.07,73.643,222.93,-0.35084,-1,-1,-1
50,-1,598.82,442.87,63.98,193.94,-0.35997,-1,-1,-1
50,-1,572.34,549.71,27.284,83.853,-0.39968,-1,-1,-1
50,-1,446.86,549.75,41.871,127.61,-0.40867,-1,-1,-1
50,-1,486.03,528.47,29.314,89.943,-0.44781,-1,-1,-1
51,-1,1545,569,39,119,1.4631,-1,-1,-1
51,-1,401,561,39,119,1.1532,-1,-1,-1
51,-1,1633,505,39,119,0.44189,-1,-1,-1
51,-1,337,553,39,119,0.21348,-1,-1,-1
51,-1,515.62,552.38,21.974,67.922,-0.0094566,-1,-1,-1
51,-1,446.86,558.32,41.871,127.61,-0.19004,-1,-1,-1
51,-1,1617,401,79,239,-0.23363,-1,-1,-1
51,-1,571.03,549.92,25.39,78.17,-0.25487,-1,-1,-1
51,-1,1539.7,544.06,55.569,168.71,-0.29487,-1,-1,-1
51,-1,789,513,19,59,-0.45084,-1,-1,-1
51,-1,396.98,532.74,55.569,168.71,-0.46615,-1,-1,-1
52,-1,395.41,558.32,41.871,127.61,1.3908,-1,-1,-1
52,-1,1553,569,39,119,0.86849,-1,-1,-1
52,-1,1644,534.53,29.314,89.943,0.60828,-1,-1,-1
52,-1,335.39,549.75,41.871,127.61,0.21352,-1,-1,-1
52,-1,566.69,549.71,27.284,83.853,-0.040387,-1,-1,-1
52,-1,1601.6,504.22,29.314,89.943,-0.28604,-1,-1,-1
52,-1,1638.7,506.88,41.871,127.61,-0.37281,-1,-1,-1
52,-1,446.86,558.32,41.871,127.61,-0.4189,-1,-1,-1
52,-1,1517,385.67,112.14,338.41,-0.44863,-1,-1,-1
52,-1,793,449,39,119,-0.48231,-1,-1,-1
53,-1,395.41,558.32,41.871,127.61,1.2313,-1,-1,-1
53,-1,1552.9,566.9,41.871,127.61,1.1971,-1,-1,-1
53,-1,1641,505,39,119,0.43708,-1,-1,-1
53,-1,326.82,558.32,41.871,127.61,0.35276,-1,-1,-1
53,-1,565.75,555.19,25.39,78.17,0.11684,-1,-1,-1
53,-1,511.16,554.04,20.435,63.306,0.092872,-1,-1,-1
53,-1,434.36,542.7,48.246,146.74,-0.018995,-1,-1,-1
53,-1,1521.1,402.13,104.56,315.68,-0.22106,-1,-1,-1
53,-1,1617,401,79,239,-0.36984,-1,-1,-1
54,-1,393,561,39,119,1.3162,-1,-1,-1
54,-1,1561.5,566.9,41.871,127.61,1.0039,-1,-1,-1
54,-1,565.75,555.19,25.39,78.17,0.53212,-1,-1,-1
54,-1,329,553,39,119,0.5134,-1,-1,-1
54,-1,1651.5,527.34,31.49,96.47,0.30141,-1,-1,-1
54,-1,506.43,552.38,21.974,67.922,0.24028,-1,-1,-1
54,-1,434.36,542.7,48.246,146.74,-0.096397,-1,-1,-1
54,-1,1553.1,534.53,59.629,180.89,-0.18851,-1,-1,-1
54,-1,1617,401,79,239,-0.30032,-1,-1,-1
54,-1,385.67,521.43,55.569,168.71,-0.31646,-1,-1,-1
54,-1,1517,385.67,112.14,338.41,-0.34525,-1,-1,-1
54,-1,789,513,19,59,-0.38309,-1,-1,-1
55,-1,1656.2,534.53,29.314,89.943,1.1648,-1,-1,-1
55,-1,329,553,39,119,1.0049,-1,-1,-1
55,-1,1563.2,561.56,44.948,136.84,0.8394,-1,-1,-1
55,-1,386.84,558.32,41.871,127.61,0.80721,-1,-1,-1
55,-1,432.91,552.38,44.948,136.84,0.36609,-1,-1,-1
55,-1,1647.2,498.3,41.871,127.61,0.002518,-1,-1,-1
55,-1,506.43,552.38,21.974,67.922,-0.15906,-1,-1,-1
55,-1,561.03,555.37,27.284,83.853,-0.22776,-1,-1,-1
55,-1,789,513,19,59,-0.39028,-1,-1,-1
55,-1,1521.1,402.13,104.56,315.68,-0.41859,-1,-1,-1
56,-1,385,561,39,119,2.0314,-1,-1,-1
56,-1,1563.3,549.92,51.78,157.34,0.79611,-1,-1,-1
56,-1,321,553,39,119,0.56569,-1,-1,-1
56,-1,1658,533.84,31.49,96.47,0.52644,-1,-1,-1
56,-1,423.72,552.38,44.948,136.84,0.13633,-1,-1,-1
56,-1,468.86,527.34,31.49,96.47,0.11822,-1,-1,-1
56,-1,502.59,554.04,20.435,63.306,0.054648,-1,-1,-1
56,-1,549.75,524.03,41.871,127.61,-0.046663,-1,-1,-1
56,-1,1655.1,488.05,44.948,136.84,-0.072903,-1,-1,-1
56,-1,374.35,532.74,55.569,168.71,-0.16847,-1,-1,-1
56,-1,306.47,544.06,55.569,168.71,-0.27049,-1,-1,-1
56,-1,1628.2,404.07,73.643,222.93,-0.32793,-1,-1,-1
56,-1,1521.1,402.13,104.56,315.68,-0.48748,-1,-1,-1
57,-1,378.26,558.32,41.871,127.61,2.2301,-1,-1,-1
57,-1,321,553,39,119,0.74011,-1,-1,-1
57,-1,1662.2,528.47,29.314,89.943,0.64645,-1,-1,-1
57,-1,498.38,552.55,23.623,72.869,0.34248,-1,-1,-1
57,-1,1573.9,549.92,51.78,157.34,0.32621,-1,-1,-1
57,-1,1539.7,385.67,112.14,338.41,-0.056293,-1,-1,-1
57,-1,552.72,552.72,29.314,89.943,-0.29494,-1,-1,-1
57,-1,423.72,552.38,44.948,136.84,-0.3503,-1,-1,-1
57,-1,306.47,544.06,55.569,168.71,-0.44273,-1,-1,-1
58,-1,377,553,39,119,1.6788,-1,-1,-1
58,-1,497.24,552.38,21.974,67.922,0.52057,-1,-1,-1
58,-1,1573.9,549.92,51.78,157.34,0.50181,-1,-1,-1
58,-1,1664.5,527.34,31.49,96.47,0.32254,-1,-1,-1
58,-1,313,553,39,119,0.12831,-1,-1,-1
58,-1,1539.7,385.67,112.14,338.41,-0.22395,-1,-1,-1
58,-1,545,529,39,119,-0.23093,-1,-1,-1
58,-1,423.72,552.38,44.948,136.84,-0.24792,-1,-1,-1
58,-1,1385,513,19,59,-0.28166,-1,-1,-1
58,-1,374.35,532.74,55.569,168.71,-0.35244,-1,-1,-1
59,-1,378.26,549.75,41.871,127.61,2.0837,-1,-1,-1
59,-1,309.67,549.75,41.871,127.61,1.0201,-1,-1,-1
59,-1,1584.4,549.92,51.78,157.34,0.5462,-1,-1,-1
59,-1,491.86,544.64,25.39,78.17,0.50935,-1,-1,-1
59,-1,1385.7,511.16,20.435,63.306,0.31532,-1,-1,-1
59,-1,1665.5,523.33,33.822,103.47,0.25973,-1,-1,-1
59,-1,545,521,39,119,-0.22509,-1,-1,-1
59,-1,1668.9,476.02,51.78,157.34,-0.35814,-1,-1,-1
59,-1,1273.8,483.45,21.974,67.922,-0.45107,-1,-1,-1
59,-1,25.251,340.52,120.26,362.77,-0.45708,-1,-1,-1
59,-1,421.14,549.75,41.871,127.61,-0.46819,-1,-1,-1
60,-1,369.69,549.75,41.871,127.61,2.4326,-1,-1,-1
60,-1,309.67,549.75,41.871,127.61,0.98953,-1,-1,-1
60,-1,1586.7,562.4,48.246,146.74,0.50385,-1,-1,-1
60,-1,1664.4,506.88,41.871,127.61,0.23374,-1,-1,-1
60,-1,414.53,552.38,44.948,136.84,0.22675,-1,-1,-1
60,-1,1389,513,19,59,0.012997,-1,-1,-1
60,-1,488.05,552.38,21.974,67.922,0.0054024,-1,-1,-1
60,-1,541.17,515.45,41.871,127.61,-0.25563,-1,-1,-1
60,-1,1274.3,485.44,20.435,63.306,-0.43628,-1,-1,-1
61,-1,305,553,39,119,1.4119,-1,-1,-1
61,-1,361.12,549.75,41.871,127.61,1.2018,-1,-1,-1
61,-1,1584.9,544.06,55.569,168.71,0.41872,-1,-1,-1
61,-1,1665.5,473.76,48.246,146.74,0.40755,-1,-1,-1
61,-1,1389,509,19,59,-0.15848,-1,-1,-1
61,-1,483.61,552.55,23.623,72.869,-0.20855,-1,-1,-1
61,-1,414.53,552.38,44.948,136.84,-0.27579,-1,-1,-1
61,-1,1658.1,404.07,73.643,222.93,-0.39865,-1,-1,-1
62,-1,369,553,39,119,1.4245,-1,-1,-1
62,-1,305,545,39,119,1.2258,-1,-1,-1
62,-1,1595,549.92,51.78,157.34,1.0589,-1,-1,-1
62,-1,1577,513,19,59,0.24411,-1,-1,-1
62,-1,1684,533.84,31.49,96.47,-0.076265,-1,-1,-1
62,-1,1675.4,483.61,48.246,146.74,-0.078584,-1,-1,-1
62,-1,532.6,515.45,41.871,127.61,-0.17633,-1,-1,-1
62,-1,412.56,549.75,41.871,127.61,-0.21755,-1,-1,-1
62,-1,481.3,544.64,25.39,78.17,-0.2206,-1,-1,-1
62,-1,349.35,539.36,51.78,157.34,-0.24397,-1,-1,-1
62,-1,1389,509,19,59,-0.30575,-1,-1,-1
62,-1,1273,497,19,59,-0.43479,-1,-1,-1
62,-1,1143.2,530.29,138.29,416.86,-0.47685,-1,-1,-1
63,-1,361.12,566.9,41.871,127.61,1.5179,-1,-1,-1
63,-1,1609.2,552.38,44.948,136.84,0.78003,-1,-1,-1
63,-1,297,569,39,119,0.43605,-1,-1,-1
63,-1,412.56,566.9,41.871,127.61,0.43578,-1,-1,-1
63,-1,1686.4,509.4,33.822,103.47,0.30981,-1,-1,-1
63,-1,532.6,532.6,41.871,127.61,0.088089,-1,-1,-1
63,-1,1586.5,520.84,63.98,193.94,0.022691,-1,-1,-1
63,-1,1675.4,463.91,48.246,146.74,0.021688,-1,-1,-1
63,-1,1389,501,19,59,-0.030214,-1,-1,-1
63,-1,1577,497,19,59,-0.033432,-1,-1,-1
63,-1,1600,423.72,90.896,274.69,-0.22093,-1,-1,-1
63,-1,478.86,561.56,21.974,67.922,-0.29837,-1,-1,-1
63,-1,910.77,915.36,21.974,67.922,-0.37868,-1,-1,-1
63,-1,878.61,901.58,21.974,67.922,-0.49841,-1,-1,-1
64,-1,295.07,543.19,44.948,136.84,1.105,-1,-1,-1
64,-1,409,553,39,119,1.0082,-1,-1,-1
64,-1,359.39,543.19,44.948,136.84,0.92634,-1,-1,-1
64,-1,1689,513,39,119,0.82233,-1,-1,-1
64,-1,1605.5,560.47,51.78,157.34,0.45536,-1,-1,-1
64,-1,1577,509,19,59,0.11682,-1,-1,-1
64,-1,1600,442.1,90.896,274.69,-0.18825,-1,-1,-1
64,-1,532.6,515.45,41.871,127.61,-0.22761,-1,-1,-1
64,-1,1393.2,501.83,21.974,67.922,-0.2545,-1,-1,-1
65,-1,352.54,558.32,41.871,127.61,1.5433,-1,-1,-1
65,-1,1689,505,39,119,1.3582,-1,-1,-1
65,-1,285.88,552.38,44.948,136.84,1.0932,-1,-1,-1
65,-1,403.99,558.32,41.871,127.61,0.85395,-1,-1,-1
65,-1,1606.4,562.4,48.246,146.74,0.1039,-1,-1,-1
65,-1,524.03,524.03,41.871,127.61,0.067652,-1,-1,-1
65,-1,1497,457,39,119,-0.11783,-1,-1,-1
65,-1,1596.6,434.36,97.492,294.47,-0.22833,-1,-1,-1
65,-1,1393.2,497.24,21.974,67.922,-0.29537,-1,-1,-1
65,-1,352.65,522.41,59.629,180.89,-0.34528,-1,-1,-1
65,-1,1399.6,434.36,48.246,146.74,-0.3813,-1,-1,-1
66,-1,1697,505,39,119,2.0335,-1,-1,-1
66,-1,353,569,39,119,1.54,-1,-1,-1
66,-1,403.99,566.9,41.871,127.61,1.0898,-1,-1,-1
66,-1,289,569,39,119,0.48928,-1,-1,-1
66,-1,524.03,532.6,41.871,127.61,0.095755,-1,-1,-1
66,-1,1616.3,562.4,48.246,146.74,0.053038,-1,-1,-1
66,-1,1141.4,927.01,41.871,127.61,-0.099997,-1,-1,-1
66,-1,1393.2,497.24,21.974,67.922,-0.10566,-1,-1,-1
66,-1,340.41,544.06,55.569,168.71,-0.11501,-1,-1,-1
66,-1,776.96,506.88,20.435,63.306,-0.26696,-1,-1,-1
66,-1,1497,457,39,119,-0.31369,-1,-1,-1
66,-1,1686.7,453.55,55.569,168.71,-0.38062,-1,-1,-1
66,-1,1577,505,19,59,-0.43064,-1,-1,-1
66,-1,1595.8,515.45,41.871,127.61,-0.47041,-1,-1,-1
67,-1,341.01,543.19,44.948,136.84,1.5387,-1,-1,-1
67,-1,1697,521,39,119,1.4174,-1,-1,-1
67,-1,1627.6,579.94,44.948,136.84,0.80993,-1,-1,-1
67,-1,283.95,549.75,41.871,127.61,0.61459,-1,-1,-1
67,-1,395.41,549.75,41.871,127.61,0.20823,-1,-1,-1
67,-1,528.47,552.72,29.314,89.943,-0.016272,-1,-1,-1
67,-1,515.45,524.03,41.871,127.61,-0.20934,-1,-1,-1
67,-1,460.19,549.92,25.39,78.17,-0.22137,-1,-1,-1
67,-1,1596.6,513.16,23.623,72.869,-0.24012,-1,-1,-1
67,-1,553.33,546.83,31.49,96.47,-0.29737,-1,-1,-1
67,-1,1394.7,503.31,23.623,72.869,-0.30718,-1,-1,-1
67,-1,1497,465,39,119,-0.31471,-1,-1,-1
67,-1,1600,524.81,44.948,136.84,-0.34662,-1,-1,-1
67,-1,1287.1,481.15,41.871,127.61,-0.45446,-1,-1,-1
68,-1,1703.5,527.34,31.49,96.47,1.5357,-1,-1,-1
68,-1,335.87,542.7,48.246,146.74,1.5252,-1,-1,-1
68,-1,1626.1,562.4,48.246,146.74,1.1424,-1,-1,-1
68,-1,275.37,558.32,41.871,127.61,0.59472,-1,-1,-1
68,-1,386.96,561.56,44.948,136.84,0.31293,-1,-1,-1
68,-1,515.45,524.03,41.871,127.61,-0.069542,-1,-1,-1
68,-1,1595.8,446.86,41.871,127.61,-0.19054,-1,-1,-1
68,-1,1616.3,434.36,97.492,294.47,-0.20328,-1,-1,-1
68,-1,554.04,579.76,20.435,63.306,-0.24827,-1,-1,-1
68,-1,541.17,524.03,41.871,127.61,-0.26139,-1,-1,-1
68,-1,1040.8,1009.1,25.39,78.17,-0.3596,-1,-1,-1
68,-1,1691.9,506.43,44.948,136.84,-0.42312,-1,-1,-1
69,-1,331.83,543.19,44.948,136.84,1.3799,-1,-1,-1
69,-1,1626.6,571.03,51.78,157.34,1.2525,-1,-1,-1
69,-1,1707.3,530.29,33.822,103.47,1.0333,-1,-1,-1
69,-1,386.84,558.32,41.871,127.61,0.9853,-1,-1,-1
69,-1,1613.3,508.57,73.643,222.93,0.17372,-1,-1,-1
69,-1,449.65,552.72,29.314,89.943,-0.06616,-1,-1,-1
69,-1,349.35,539.36,51.78,157.34,-0.21268,-1,-1,-1
69,-1,577,529,39,119,-0.21854,-1,-1,-1
69,-1,506.88,524.03,41.871,127.61,-0.25735,-1,-1,-1
69,-1,273,553,39,119,-0.32735,-1,-1,-1
69,-1,544.22,544.22,33.822,103.47,-0.35377,-1,-1,-1
69,-1,1595.8,455.43,41.871,127.61,-0.3571,-1,-1,-1
69,-1,1601.6,389.02,120.26,362.77,-0.37922,-1,-1,-1
69,-1,289,281,39,119,-0.44998,-1,-1,-1
69,-1,1204.8,451.29,44.948,136.84,-0.49607,-1,-1,-1
70,-1,328.24,539.36,51.78,157.34,1.2021,-1,-1,-1
70,-1,1636,572.25,48.246,146.74,1.1034,-1,-1,-1
70,-1,386.84,558.32,41.871,127.61,0.43277,-1,-1,-1
70,-1,1705,521,39,119,0.29476,-1,-1,-1
70,-1,1628.2,523.5,73.643,222.93,0.10119,-1,-1,-1
70,-1,506.88,524.03,41.871,127.61,0.020945,-1,-1,-1
70,-1,444.35,555.19,25.39,78.17,-0.294,-1,-1,-1
70,-1,577,529,39,119,-0.30822,-1,-1,-1
70,-1,329.43,478.71,73.643,222.93,-0.31127,-1,-1,-1
70,-1,1605.5,402.13,104.56,315.68,-0.33053,-1,-1,-1
70,-1,540.34,553.33,31.49,96.47,-0.37742,-1,-1,-1
70,-1,1394.7,503.31,23.623,72.869,-0.38078,-1,-1,-1
71,-1,326.02,542.7,48.246,146.74,1.2477,-1,-1,-1
71,-1,1637.2,571.03,51.78,157.34,1.0847,-1,-1,-1
71,-1,377.77,552.38,44.948,136.84,0.59697,-1,-1,-1
71,-1,498.3,524.03,41.871,127.61,0.32283,-1,-1,-1
71,-1,1705,521,39,119,0.2657,-1,-1,-1
71,-1,1617,513,79,239,-0.044343,-1,-1,-1
71,-1,439.29,552.55,23.623,72.869,-0.15007,-1,-1,-1
71,-1,1394.7,503.31,23.623,72.869,-0.19059,-1,-1,-1
71,-1,314.5,478.71,73.643,222.93,-0.24811,-1,-1,-1
71,-1,537,537,39,119,-0.34326,-1,-1,-1
71,-1,849,417,39,119,-0.35672,-1,-1,-1
71,-1,1601.6,389.02,120.26,362.77,-0.38085,-1,-1,-1
72,-1,322.64,552.38,44.948,136.84,1.8788,-1,-1,-1
72,-1,1641.5,566.69,55.569,168.71,0.91035,-1,-1,-1
72,-1,1705,513,39,119,0.67712,-1,-1,-1
72,-1,378.26,558.32,41.871,127.61,0.16883,-1,-1,-1
72,-1,497.24,524.81,44.948,136.84,0.13317,-1,-1,-1
72,-1,532.6,532.6,41.871,127.61,0.075879,-1,-1,-1
72,-1,299.91,520.84,63.98,193.94,-0.084381,-1,-1,-1
72,-1,566.9,515.45,41.871,127.61,-0.16396,-1,-1,-1
72,-1,1144.7,481.85,63.98,193.94,-0.21838,-1,-1,-1
72,-1,257,553,39,119,-0.3187,-1,-1,-1
72,-1,1633,513,79,239,-0.40395,-1,-1,-1
72,-1,1585,513,19,59,-0.47865,-1,-1,-1
73,-1,1641.5,566.69,55.569,168.71,1.5819,-1,-1,-1
73,-1,316.17,542.7,48.246,146.74,1.4633,-1,-1,-1
73,-1,1705,521,39,119,0.40551,-1,-1,-1
73,-1,369.69,558.32,41.871,127.61,0.21466,-1,-1,-1
73,-1,488.05,515.62,44.948,136.84,0.066448,-1,-1,-1
73,-1,1633,513,79,239,-0.072143,-1,-1,-1
73,-1,249.12,543.19,44.948,136.84,-0.14665,-1,-1,-1
73,-1,321.36,502.44,68.644,207.93,-0.26746,-1,-1,-1
73,-1,561.56,515.62,44.948,136.84,-0.377,-1,-1,-1
73,-1,1116.6,631.54,59.629,180.89,-0.41576,-1,-1,-1
73,-1,425.26,549.71,27.284,83.853,-0.44863,-1,-1,-1
73,-1,286.91,520.84,63.98,193.94,-0.47224,-1,-1,-1
73,-1,1278.4,478.86,44.948,136.84,-0.47332,-1,-1,-1
74,-1,307.13,539.36,51.78,157.34,1.7611,-1,-1,-1
74,-1,1647.7,571.03,51.78,157.34,1.3772,-1,-1,-1
74,-1,369.69,558.32,41.871,127.61,0.87529,-1,-1,-1
74,-1,1713,521,39,119,0.7341,-1,-1,-1
74,-1,1633,513,79,239,-0.14505,-1,-1,-1
74,-1,1278.4,478.86,44.948,136.84,-0.31809,-1,-1,-1
74,-1,423.72,556.97,21.974,67.922,-0.34322,-1,-1,-1
74,-1,489.73,524.03,41.871,127.61,-0.375,-1,-1,-1
74,-1,944.16,806.97,84.742,256.23,-0.4176,-1,-1,-1
74,-1,1415.2,442.23,55.569,168.71,-0.46694,-1,-1,-1
74,-1,527.34,553.33,31.49,96.47,-0.48009,-1,-1,-1
74,-1,558.32,524.03,41.871,127.61,-0.48022,-1,-1,-1
74,-1,1625.8,389.02,120.26,362.77,-0.49805,-1,-1,-1
75,-1,1655.7,582.1,48.246,146.74,1.6422,-1,-1,-1
75,-1,304.26,552.38,44.948,136.84,1.2399,-1,-1,-1
75,-1,359.39,552.38,44.948,136.84,1.1106,-1,-1,-1
75,-1,1713,521,39,119,1.0838,-1,-1,-1
75,-1,1389.7,434.36,48.246,146.74,-0.18904,-1,-1,-1
75,-1,558.32,515.45,41.871,127.61,-0.20623,-1,-1,-1
75,-1,247.23,542.7,48.246,146.74,-0.23406,-1,-1,-1
75,-1,279.58,488.51,68.644,207.93,-0.43772,-1,-1,-1
75,-1,1278.6,481.15,41.871,127.61,-0.45032,-1,-1,-1
75,-1,414.66,552.55,23.623,72.869,-0.46004,-1,-1,-1
75,-1,1185,449,39,119,-0.49473,-1,-1,-1
76,-1,296.47,542.7,48.246,146.74,1.6994,-1,-1,-1
76,-1,1658.3,581.58,51.78,157.34,1.5033,-1,-1,-1
76,-1,355.57,552.55,48.246,146.74,0.55518,-1,-1,-1
76,-1,1714.2,530.29,33.822,103.47,0.40581,-1,-1,-1
76,-1,513,545,39,119,0.25548,-1,-1,-1
76,-1,549.75,524.03,41.871,127.61,0.030442,-1,-1,-1
76,-1,409.74,552.55,23.623,72.869,-0.066496,-1,-1,-1
76,-1,279.58,488.51,68.644,207.93,-0.11885,-1,-1,-1
76,-1,412.56,446.86,20.435,63.306,-0.19811,-1,-1,-1
76,-1,241.08,549.75,41.871,127.61,-0.25093,-1,-1,-1
76,-1,473.76,513.16,48.246,146.74,-0.4149,-1,-1,-1
76,-1,1561,513,19,59,-0.45398,-1,-1,-1
76,-1,801,961,39,119,-0.47969,-1,-1,-1
77,-1,1658.3,581.58,51.78,157.34,1.7124,-1,-1,-1
77,-1,286.01,539.36,51.78,157.34,0.86852,-1,-1,-1
77,-1,350.2,552.38,44.948,136.84,0.47636,-1,-1,-1
77,-1,1713,521,39,119,0.358,-1,-1,-1
77,-1,505,545,39,119,0.098695,-1,-1,-1
77,-1,549.75,524.03,41.871,127.61,-0.11758,-1,-1,-1
77,-1,1390,515.45,20.435,63.306,-0.1888,-1,-1,-1
77,-1,481.85,553.33,31.49,96.47,-0.22927,-1,-1,-1
77,-1,1643.1,553.36,73.643,222.93,-0.24345,-1,-1,-1
77,-1,405.34,552.38,21.974,67.922,-0.27099,-1,-1,-1
77,-1,473.76,513.16,48.246,146.74,-0.2967,-1,-1,-1
77,-1,798.4,961.31,41.871,127.61,-0.40185,-1,-1,-1
77,-1,761,505,19,59,-0.4958,-1,-1,-1
77,-1,1625.8,389.02,120.26,362.77,-0.49628,-1,-1,-1
78,-1,1665.5,582.1,48.246,146.74,1.6053,-1,-1,-1
78,-1,285.88,552.38,44.948,136.84,1.0077,-1,-1,-1
78,-1,341.01,552.38,44.948,136.84,0.74953,-1,-1,-1
78,-1,1713,521,39,119,0.5481,-1,-1,-1
78,-1,1644.6,558.15,68.644,207.93,0.28461,-1,-1,-1
78,-1,541.17,532.6,41.871,127.61,0.2183,-1,-1,-1
78,-1,464.01,524.03,41.871,127.61,-0.13498,-1,-1,-1
78,-1,396.15,556.97,21.974,67.922,-0.16231,-1,-1,-1
78,-1,498.3,532.6,41.871,127.61,-0.18282,-1,-1,-1
78,-1,757,505,19,59,-0.32762,-1,-1,-1
78,-1,1265,493,19,59,-0.37556,-1,-1,-1
78,-1,1630.2,408.29,112.14,338.41,-0.38279,-1,-1,-1
78,-1,271.85,572.25,23.623,72.869,-0.42492,-1,-1,-1
79,-1,1668.9,581.58,51.78,157.34,1.7495,-1,-1,-1
79,-1,276.78,542.7,48.246,146.74,0.72432,-1,-1,-1
79,-1,341.01,552.38,44.948,136.84,0.3689,-1,-1,-1
79,-1,1713,521,39,119,-0.024778,-1,-1,-1
79,-1,217.68,542.7,48.246,146.74,-0.13585,-1,-1,-1
79,-1,537,537,39,119,-0.14141,-1,-1,-1
79,-1,757,505,19,59,-0.20874,-1,-1,-1
79,-1,497,537,39,119,-0.24304,-1,-1,-1
79,-1,460.48,515.62,44.948,136.84,-0.3201,-1,-1,-1
79,-1,390.04,552.55,23.623,72.869,-0.34856,-1,-1,-1
79,-1,163.91,549.75,41.871,127.61,-0.35828,-1,-1,-1
79,-1,1644.6,572.08,68.644,207.93,-0.35883,-1,-1,-1
79,-1,1625.8,389.02,120.26,362.77,-0.40509,-1,-1,-1
79,-1,1595.8,524.03,20.435,63.306,-0.45614,-1,-1,-1
80,-1,1668.9,581.58,51.78,157.34,2.1845,-1,-1,-1
80,-1,276.78,542.7,48.246,146.74,0.42067,-1,-1,-1
80,-1,455.43,532.6,41.871,127.61,0.33656,-1,-1,-1
80,-1,537,537,39,119,0.17135,-1,-1,-1
80,-1,331.83,552.38,44.948,136.84,0.16336,-1,-1,-1
80,-1,753,505,19,59,0.099921,-1,-1,-1
80,-1,1714.2,530.29,33.822,103.47,-0.21839,-1,-1,-1
80,-1,1644.6,558.15,68.644,207.93,-0.28323,-1,-1,-1
80,-1,489,545,39,119,-0.30283,-1,-1,-1
80,-1,380.19,557.48,23.623,72.869,-0.34555,-1,-1,-1
80,-1,1589.7,512.97,25.39,78.17,-0.44699,-1,-1,-1
80,-1,1184.2,446.86,41.871,127.61,-0.45156,-1,-1,-1
80,-1,1636,473.76,97.492,294.47,-0.4974,-1,-1,-1
81,-1,1668.9,581.58,51.78,157.34,2.185,-1,-1,-1
81,-1,322.64,552.38,44.948,136.84,0.58221,-1,-1,-1
81,-1,446.86,524.03,41.871,127.61,0.20918,-1,-1,-1
81,-1,148.03,552.38,44.948,136.84,0.17037,-1,-1,-1
81,-1,267.5,552.38,44.948,136.84,0.13839,-1,-1,-1
81,-1,529,537,39,119,0.090462,-1,-1,-1
81,-1,481,537,39,119,-0.15155,-1,-1,-1
81,-1,1658.1,553.36,73.643,222.93,-0.23178,-1,-1,-1
81,-1,1625.8,389.02,120.26,362.77,-0.35528,-1,-1,-1
81,-1,247.92,533.84,63.98,193.94,-0.43001,-1,-1,-1
82,-1,1675.4,578,55.569,168.71,2.0787,-1,-1,-1
82,-1,138.84,552.38,44.948,136.84,1.2571,-1,-1,-1
82,-1,521,537,39,119,0.33218,-1,-1,-1
82,-1,442.1,524.81,44.948,136.84,0.2207,-1,-1,-1
82,-1,257.08,552.55,48.246,146.74,0.12517,-1,-1,-1
82,-1,316.17,552.55,48.246,146.74,-0.19203,-1,-1,-1
82,-1,1381,517,19,59,-0.24344,-1,-1,-1
82,-1,368.58,556.97,21.974,67.922,-0.29565,-1,-1,-1
82,-1,1713,521,39,119,-0.30169,-1,-1,-1
82,-1,1655.1,478.86,90.896,274.69,-0.38921,-1,-1,-1
82,-1,472.58,532.6,41.871,127.61,-0.46323,-1,-1,-1
83,-1,1675.4,578,55.569,168.71,1.9017,-1,-1,-1
83,-1,129.04,552.55,48.246,146.74,0.60442,-1,-1,-1
83,-1,257.08,552.55,48.246,146.74,0.32808,-1,-1,-1
83,-1,438.28,532.6,41.871,127.61,0.15255,-1,-1,-1
83,-1,473,545,39,119,0.093511,-1,-1,-1
83,-1,313.45,561.56,44.948,136.84,0.090205,-1,-1,-1
83,-1,1655.7,473.76,97.492,294.47,0.080918,-1,-1,-1
83,-1,521,537,39,119,0.07899,-1,-1,-1
83,-1,1175.7,446.86,41.871,127.61,-0.19187,-1,-1,-1
83,-1,1377,517,19,59,-0.40633,-1,-1,-1
83,-1,1590.8,520.21,21.974,67.922,-0.4237,-1,-1,-1
83,-1,1484.3,494.02,20.435,63.306,-0.49244,-1,-1,-1
84,-1,1675.4,578,55.569,168.71,2.1905,-1,-1,-1
84,-1,249.12,552.38,44.948,136.84,1.2109,-1,-1,-1
84,-1,1655.7,473.76,97.492,294.47,0.69,-1,-1,-1
84,-1,129.61,558.32,41.871,127.61,0.64296,-1,-1,-1
84,-1,309.67,566.9,41.871,127.61,0.37171,-1,-1,-1
84,-1,513,537,39,119,0.32631,-1,-1,-1
84,-1,465,545,39,119,0.22502,-1,-1,-1
84,-1,234.93,533.84,63.98,193.94,-0.071149,-1,-1,-1
84,-1,436.37,559.83,31.49,96.47,-0.23061,-1,-1,-1
84,-1,1481,493,19,59,-0.43783,-1,-1,-1
84,-1,1377.2,515.45,20.435,63.306,-0.44637,-1,-1,-1
84,-1,207.14,486.03,59.629,180.89,-0.45014,-1,-1,-1
84,-1,104.97,546.83,63.98,193.94,-0.47809,-1,-1,-1
85,-1,1674.4,583.04,59.629,180.89,1.9287,-1,-1,-1
85,-1,237.38,552.55,48.246,146.74,1.2074,-1,-1,-1
85,-1,120.46,561.56,44.948,136.84,0.93105,-1,-1,-1
85,-1,296.47,552.55,48.246,146.74,0.23793,-1,-1,-1
85,-1,1655.1,478.86,90.896,274.69,0.21283,-1,-1,-1
85,-1,505,545,39,119,0.026973,-1,-1,-1
85,-1,421.14,532.6,41.871,127.61,-0.19149,-1,-1,-1
85,-1,455.43,541.17,41.871,127.61,-0.20329,-1,-1,-1
85,-1,344.07,560.47,25.39,78.17,-0.29699,-1,-1,-1
85,-1,223.93,464.01,84.742,256.23,-0.33698,-1,-1,-1
85,-1,1381,521,19,59,-0.33707,-1,-1,-1
86,-1,1686.7,578,55.569,168.71,2.1674,-1,-1,-1
86,-1,111.28,561.56,44.948,136.84,1.6885,-1,-1,-1
86,-1,233.23,549.92,51.78,157.34,1.0308,-1,-1,-1
86,-1,292.52,566.9,41.871,127.61,0.51695,-1,-1,-1
86,-1,1681,545,79,239,0.51281,-1,-1,-1
86,-1,1377.2,515.45,20.435,63.306,0.22299,-1,-1,-1
86,-1,414.53,534,44.948,136.84,0.15938,-1,-1,-1
86,-1,1655.1,460.48,90.896,274.69,0.027769,-1,-1,-1
86,-1,334.46,558.78,29.314,89.943,0.026302,-1,-1,-1
86,-1,498.3,541.17,41.871,127.61,-0.14748,-1,-1,-1
86,-1,1251.8,473.76,48.246,146.74,-0.16903,-1,-1,-1
86,-1,1477,493,19,59,-0.19558,-1,-1,-1
86,-1,449,545,39,119,-0.23674,-1,-1,-1
86,-1,104.97,546.83,63.98,193.94,-0.25516,-1,-1,-1
86,-1,119.19,483.61,23.623,72.869,-0.44722,-1,-1,-1
87,-1,1686.5,583.04,59.629,180.89,2.505,-1,-1,-1
87,-1,109.34,552.55,48.246,146.74,1.6602,-1,-1,-1
87,-1,227.53,552.55,48.246,146.74,0.74067,-1,-1,-1
87,-1,1647.7,465.47,104.56,315.68,0.72591,-1,-1,-1
87,-1,285.88,561.56,44.948,136.84,0.71505,-1,-1,-1
87,-1,1377,521,19,59,0.26821,-1,-1,-1
87,-1,497,545,39,119,0.23773,-1,-1,-1
87,-1,329.1,561.03,27.284,83.853,0.032003,-1,-1,-1
87,-1,404.82,523.01,48.246,146.74,-0.080525,-1,-1,-1
87,-1,438.28,541.17,41.871,127.61,-0.19508,-1,-1,-1
87,-1,1477,497,19,59,-0.34059,-1,-1,-1
87,-1,1246.6,476.02,51.78,157.34,-0.37359,-1,-1,-1
87,-1,85.88,558.78,59.629,180.89,-0.4471,-1,-1,-1
88,-1,1686.7,589.31,55.569,168.71,2.7237,-1,-1,-1
88,-1,102.09,561.56,44.948,136.84,2.0001,-1,-1,-1
88,-1,1681,545,79,239,1.2011,-1,-1,-1
88,-1,276.69,561.56,44.948,136.84,1.0092,-1,-1,-1
88,-1,221.55,561.56,44.948,136.84,0.88241,-1,-1,-1
88,-1,429.71,541.17,41.871,127.61,0.51508,-1,-1,-1
88,-1,1372.9,519.74,20.435,63.306,0.27408,-1,-1,-1
88,-1,1537,509,19,59,0.026346,-1,-1,-1
88,-1,208.94,546.83,63.98,193.94,-0.067454,-1,-1,-1
88,-1,403.99,541.17,41.871,127.61,-0.13445,-1,-1,-1
88,-1,1250.8,478.86,44.948,136.84,-0.25561,-1,-1,-1
88,-1,1636,473.76,97.492,294.47,-0.30573,-1,-1,-1
88,-1,489,545,39,119,-0.35641,-1,-1,-1
88,-1,317.78,566.69,27.284,83.853,-0.42225,-1,-1,-1
89,-1,1686.5,595.16,59.629,180.89,2.1723,-1,-1,-1
89,-1,92.896,561.56,44.948,136.84,1.2258,-1,-1,-1
89,-1,217.68,562.4,48.246,146.74,1.1881,-1,-1,-1
89,-1,266.93,562.4,48.246,146.74,1.0155,-1,-1,-1
89,-1,423.72,534,44.948,136.84,0.73277,-1,-1,-1
89,-1,1673.5,515.62,90.896,274.69,-0.014996,-1,-1,-1
89,-1,481.15,549.75,41.871,127.61,-0.10111,-1,-1,-1
89,-1,1242,473.76,48.246,146.74,-0.2564,-1,-1,-1
89,-1,1373,521,19,59,-0.42129,-1,-1,-1
89,-1,691.14,396.98,55.569,168.71,-0.46668,-1,-1,-1
90,-1,1690.5,585.82,63.98,193.94,2.222,-1,-1,-1
90,-1,83.706,570.75,44.948,136.84,1.5745,-1,-1,-1
90,-1,217.68,562.4,48.246,146.74,1.4604,-1,-1,-1
90,-1,267.5,570.75,44.948,136.84,1.4546,-1,-1,-1
90,-1,425,561,39,119,0.58918,-1,-1,-1
90,-1,1673.5,534,90.896,274.69,0.23655,-1,-1,-1
90,-1,386.84,549.75,41.871,127.61,0.10688,-1,-1,-1
90,-1,136.76,555.37,55.569,168.71,-0.12212,-1,-1,-1
90,-1,481.15,549.75,41.871,127.61,-0.13821,-1,-1,-1
90,-1,1236.1,476.02,51.78,157.34,-0.24528,-1,-1,-1
90,-1,193.33,544.06,55.569,168.71,-0.36465,-1,-1,-1
90,-1,1437,505,19,59,-0.3972,-1,-1,-1
90,-1,1636,473.76,97.492,294.47,-0.46344,-1,-1,-1
90,-1,419.61,532.74,55.569,168.71,-0.48529,-1,-1,-1
91,-1,1686.5,595.16,59.629,180.89,2.1009,-1,-1,-1
91,-1,207.83,562.4,48.246,146.74,1.9412,-1,-1,-1
91,-1,257.08,572.25,48.246,146.74,1.3271,-1,-1,-1
91,-1,74.517,570.75,44.948,136.84,0.96211,-1,-1,-1
91,-1,1673.5,534,90.896,274.69,0.46598,-1,-1,-1
91,-1,473,553,39,119,0.35975,-1,-1,-1
91,-1,417,561,39,119,0.34035,-1,-1,-1
91,-1,1236.1,476.02,51.78,157.34,0.1611,-1,-1,-1
91,-1,408.29,521.43,55.569,168.71,-0.17596,-1,-1,-1
91,-1,182.89,534.53,59.629,180.89,-0.1963,-1,-1,-1
91,-1,385,561,39,119,-0.21508,-1,-1,-1
91,-1,1465,501,19,59,-0.35213,-1,-1,-1
91,-1,153,561,39,119,-0.43478,-1,-1,-1
91,-1,1362.7,433.8,51.78,157.34,-0.478,-1,-1,-1
91,-1,713,517,19,59,-0.48765,-1,-1,-1
92,-1,1681.5,549.75,84.742,256.23,1.8122,-1,-1,-1
92,-1,247.23,572.25,48.246,146.74,1.351,-1,-1,-1
92,-1,197.98,572.25,48.246,146.74,1.1006,-1,-1,-1
92,-1,69.944,572.25,48.246,146.74,0.76276,-1,-1,-1
92,-1,405.34,552.38,44.948,136.84,0.73516,-1,-1,-1
92,-1,1232.1,483.61,48.246,146.74,0.11918,-1,-1,-1
92,-1,377.77,543.19,44.948,136.84,0.0090069,-1,-1,-1
92,-1,464.01,558.32,41.871,127.61,-0.046093,-1,-1,-1
92,-1,180.14,538.43,73.643,222.93,-0.41145,-1,-1,-1
92,-1,709,517,19,59,-0.41999,-1,-1,-1
92,-1,1595.8,515.45,20.435,63.306,-0.42024,-1,-1,-1
92,-1,657,513,19,59,-0.44729,-1,-1,-1
93,-1,1690.5,598.82,63.98,193.94,1.9422,-1,-1,-1
93,-1,188.13,572.25,48.246,146.74,1.446,-1,-1,-1
93,-1,403.99,566.9,41.871,127.61,0.88035,-1,-1,-1
93,-1,1673.5,552.38,90.896,274.69,0.84678,-1,-1,-1
93,-1,239.93,579.94,44.948,136.84,0.62901,-1,-1,-1
93,-1,60.095,572.25,48.246,146.74,0.40059,-1,-1,-1
93,-1,369,569,39,119,0.28351,-1,-1,-1
93,-1,1232.1,483.61,48.246,146.74,0.28142,-1,-1,-1
93,-1,155.34,566.9,41.871,127.61,0.17247,-1,-1,-1
93,-1,455.43,558.32,41.871,127.61,-0.11183,-1,-1,-1
93,-1,1591.5,515.45,20.435,63.306,-0.15396,-1,-1,-1
93,-1,234.93,533.84,63.98,193.94,-0.42986,-1,-1,-1
93,-1,1575,495.47,33.822,103.47,-0.4659,-1,-1,-1
93,-1,385.67,521.43,55.569,168.71,-0.47278,-1,-1,-1
93,-1,165.21,538.43,73.643,222.93,-0.4795,-1,-1,-1
94,-1,1698.6,607.29,59.629,180.89,1.7294,-1,-1,-1
94,-1,178.28,572.25,48.246,146.74,1.3296,-1,-1,-1
94,-1,1673.5,552.38,90.896,274.69,1.1908,-1,-1,-1
94,-1,239.93,579.94,44.948,136.84,0.55145,-1,-1,-1
94,-1,395.41,566.9,41.871,127.61,0.45182,-1,-1,-1
94,-1,455.43,558.32,41.871,127.61,0.30679,-1,-1,-1
94,-1,46.948,579.94,44.948,136.84,0.10272,-1,-1,-1
94,-1,1589,517,19,59,0.020497,-1,-1,-1
94,-1,359.39,552.38,44.948,136.84,-0.042784,-1,-1,-1
94,-1,1225.5,476.02,51.78,157.34,-0.098035,-1,-1,-1
94,-1,1457,505,19,59,-0.13784,-1,-1,-1
94,-1,165.21,538.43,73.643,222.93,-0.28829,-1,-1,-1
95,-1,1700.3,599.94,68.644,207.93,2.192,-1,-1,-1
95,-1,178.28,572.25,48.246,146.74,1.7115,-1,-1,-1
95,-1,393,577,39,119,0.72246,-1,-1,-1
95,-1,222.68,571.03,51.78,157.34,0.69752,-1,-1,-1
95,-1,1222.9,476.18,55.569,168.71,0.51789,-1,-1,-1
95,-1,1675.4,552.55,97.492,294.47,0.26567,-1,-1,-1
95,-1,375.27,542.7,48.246,146.74,0.076889,-1,-1,-1
95,-1,446.86,558.32,41.871,127.61,-0.039843,-1,-1,-1
95,-1,353,569,39,119,-0.25826,-1,-1,-1
95,-1,645,521,19,59,-0.26866,-1,-1,-1
95,-1,112.46,575.47,41.871,127.61,-0.30357,-1,-1,-1
95,-1,154.22,558.15,68.644,207.93,-0.30812,-1,-1,-1
95,-1,1517,517,19,59,-0.37528,-1,-1,-1
95,-1,43.224,571.03,51.78,157.34,-0.43866,-1,-1,-1
95,-1,1621.5,326.82,41.871,127.61,-0.44165,-1,-1,-1
96,-1,1703.5,611.81,63.98,193.94,2.4758,-1,-1,-1
96,-1,159.34,571.03,51.78,157.34,1.7021,-1,-1,-1
96,-1,217.68,582.1,48.246,146.74,1.3366,-1,-1,-1
96,-1,1691.9,552.38,90.896,274.69,0.97017,-1,-1,-1
96,-1,385,577,39,119,0.86295,-1,-1,-1
96,-1,350.2,552.38,44.948,136.84,0.16799,-1,-1,-1
96,-1,374.35,544.06,55.569,168.71,0.091148,-1,-1,-1
96,-1,1222.3,483.61,48.246,146.74,-0.10623,-1,-1,-1
96,-1,442.1,561.56,44.948,136.84,-0.16901,-1,-1,-1
96,-1,39.988,546.83,63.98,193.94,-0.24191,-1,-1,-1
96,-1,1513,517,19,59,-0.26378,-1,-1,-1
96,-1,641,521,19,59,-0.37659,-1,-1,-1
96,-1,103.89,584.04,41.871,127.61,-0.38391,-1,-1,-1
96,-1,1577,515.62,21.974,67.922,-0.40162,-1,-1,-1
96,-1,209.93,572.08,68.644,207.93,-0.44782,-1,-1,-1
97,-1,1703.5,611.81,63.98,193.94,2.656,-1,-1,-1
97,-1,159.34,571.03,51.78,157.34,1.7826,-1,-1,-1
97,-1,217.68,582.1,48.246,146.74,1.3633,-1,-1,-1
97,-1,1697,546.83,31.49,96.47,0.94815,-1,-1,-1
97,-1,1691.9,552.38,90.896,274.69,0.81783,-1,-1,-1
97,-1,365.42,552.55,48.246,146.74,0.64187,-1,-1,-1
97,-1,335.87,552.55,48.246,146.74,0.12557,-1,-1,-1
97,-1,105,577,39,119,-0.16097,-1,-1,-1
97,-1,637,521,19,59,-0.17294,-1,-1,-1
97,-1,26.992,546.83,63.98,193.94,-0.21321,-1,-1,-1
97,-1,432.91,561.56,44.948,136.84,-0.23736,-1,-1,-1
97,-1,1214.9,486.58,51.78,157.34,-0.30462,-1,-1,-1
98,-1,1716.5,611.81,63.98,193.94,2.2913,-1,-1,-1
98,-1,148.03,579.94,44.948,136.84,1.9009,-1,-1,-1
98,-1,1689,537,39,119,1.7101,-1,-1,-1
98,-1,207.83,582.1,48.246,146.74,1.2266,-1,-1,-1
98,-1,369,577,39,119,0.62984,-1,-1,-1
98,-1,159.39,566.69,55.569,168.71,0.32249,-1,-1,-1
98,-1,328.24,549.92,51.78,157.34,0.26359,-1,-1,-1
98,-1,1695.1,532.85,97.492,294.47,0.06134,-1,-1,-1
98,-1,130.96,559.83,63.98,193.94,0.031463,-1,-1,-1
98,-1,89,585,39,119,-0.14988,-1,-1,-1
98,-1,633,525,19,59,-0.15887,-1,-1,-1
98,-1,423.72,561.56,44.948,136.84,-0.17111,-1,-1,-1
98,-1,352.65,534.53,59.629,180.89,-0.17668,-1,-1,-1
98,-1,13.126,546.66,59.629,180.89,-0.19831,-1,-1,-1
98,-1,1214.9,486.58,51.78,157.34,-0.23734,-1,-1,-1
98,-1,1449,473,39,119,-0.34602,-1,-1,-1
98,-1,412.56,446.86,84.742,256.23,-0.39991,-1,-1,-1
98,-1,1355.7,532.6,20.435,63.306,-0.44313,-1,-1,-1
98,-1,196,544.22,68.644,207.93,-0.44664,-1,-1,-1
98,-1,705,281,39,119,-0.45308,-1,-1,-1
99,-1,1716.5,611.81,63.98,193.94,2.4367,-1,-1,-1
99,-1,138.89,582.1,48.246,146.74,1.567,-1,-1,-1
99,-1,1689,545,39,119,1.3305,-1,-1,-1
99,-1,197.98,582.1,48.246,146.74,1.1091,-1,-1,-1
99,-1,361.12,575.47,41.871,127.61,0.25355,-1,-1,-1
99,-1,318.24,575.47,41.871,127.61,0.13881,-1,-1,-1
99,-1,414.53,561.56,44.948,136.84,0.082405,-1,-1,-1
99,-1,1351.9,529.4,21.974,67.922,0.037248,-1,-1,-1
99,-1,340.41,544.06,55.569,168.71,-0.036567,-1,-1,-1
99,-1,1691.9,552.38,90.896,274.69,-0.063421,-1,-1,-1
99,-1,1211.6,487.49,55.569,168.71,-0.26337,-1,-1,-1
99,-1,678.36,524.03,20.435,63.306,-0.31487,-1,-1,-1
99,-1,182.07,530.29,68.644,207.93,-0.31634,-1,-1,-1
99,-1,449,553,39,119,-0.32784,-1,-1,-1
99,-1,1563.2,515.62,21.974,67.922,-0.39167,-1,-1,-1
99,-1,1690.5,442.87,128.96,388.88,-0.4453,-1,-1,-1
100,-1,1714.2,613.87,68.644,207.93,1.7167,-1,-1,-1
100,-1,129.04,582.1,48.246,146.74,1.6831,-1,-1,-1
100,-1,1689,545,39,119,1.3962,-1,-1,-1
100,-1,191.01,581.58,51.78,157.34,0.85015,-1,-1,-1
100,-1,338.79,549.92,51.78,157.34,0.68664,-1,-1,-1
100,-1,405.34,561.56,44.948,136.84,0.19241,-1,-1,-1
100,-1,313,585,39,119,-0.04993,-1,-1,-1
100,-1,1554,514.34,31.49,96.47,-0.16921,-1,-1,-1
100,-1,1351.4,532.6,20.435,63.306,-0.21268,-1,-1,-1
100,-1,657,465,39,119,-0.25074,-1,-1,-1
100,-1,1695.1,552.55,97.492,294.47,-0.32402,-1,-1,-1
100,-1,1665,353,159,479,-0.3647,-1,-1,-1
100,-1,306.47,544.06,55.569,168.71,-0.39592,-1,-1,-1
101,-1,1714.2,613.87,68.644,207.93,1.9461,-1,-1,-1
101,-1,1689,545,39,119,1.6899,-1,-1,-1
101,-1,119.19,582.1,48.246,146.74,1.4782,-1,-1,-1
101,-1,180.45,581.58,51.78,157.34,0.47441,-1,-1,-1
101,-1,343.97,575.47,41.871,127.61,0.22551,-1,-1,-1
101,-1,403.99,566.9,41.871,127.61,0.16057,-1,-1,-1
101,-1,1690.5,442.87,128.96,388.88,0.043271,-1,-1,-1
101,-1,305,577,39,119,-0.14803,-1,-1,-1
101,-1,649,465,39,119,-0.19342,-1,-1,-1
101,-1,1204.4,486.58,51.78,157.34,-0.23884,-1,-1,-1
101,-1,325.9,533.84,63.98,193.94,-0.29389,-1,-1,-1
101,-1,1553.1,516.34,29.314,89.943,-0.30232,-1,-1,-1
102,-1,1717.8,613.07,73.643,222.93,2.3673,-1,-1,-1
102,-1,1681,545,39,119,2.0822,-1,-1,-1
102,-1,120.46,589.13,44.948,136.84,1.4188,-1,-1,-1
102,-1,395.41,566.9,41.871,127.61,0.36592,-1,-1,-1
102,-1,169.9,581.58,51.78,157.34,0.34986,-1,-1,-1
102,-1,335.39,575.47,41.871,127.61,0.16499,-1,-1,-1
102,-1,264.9,592.14,25.39,78.17,0.00079089,-1,-1,-1
102,-1,1690.5,442.87,128.96,388.88,-0.0022805,-1,-1,-1
102,-1,104.97,572.83,63.98,193.94,-0.018766,-1,-1,-1
102,-1,1347.1,536.89,20.435,63.306,-0.024922,-1,-1,-1
102,-1,301.1,575.47,41.871,127.61,-0.21417,-1,-1,-1
102,-1,1551,515.77,27.284,83.853,-0.22567,-1,-1,-1
102,-1,258.23,584.04,41.871,127.61,-0.33605,-1,-1,-1
102,-1,1488.6,519.74,20.435,63.306,-0.36696,-1,-1,-1
102,-1,316.27,546.66,59.629,180.89,-0.44169,-1,-1,-1
102,-1,425,553,39,119,-0.46035,-1,-1,-1
103,-1,1728.2,613.87,68.644,207.93,2.9265,-1,-1,-1
103,-1,109.34,582.1,48.246,146.74,2.1092,-1,-1,-1
103,-1,1681,545,39,119,1.9021,-1,-1,-1
103,-1,1547,516.34,29.314,89.943,0.91773,-1,-1,-1
103,-1,386.96,570.75,44.948,136.84,0.7314,-1,-1,-1
103,-1,168.44,582.1,48.246,146.74,0.39361,-1,-1,-1
103,-1,326.82,575.47,41.871,127.61,0.36288,-1,-1,-1
103,-1,154.22,530.29,68.644,207.93,0.32177,-1,-1,-1
103,-1,254.42,592.32,31.49,96.47,0.22185,-1,-1,-1
103,-1,1714.8,552.55,97.492,294.47,0.18522,-1,-1,-1
103,-1,289,585,39,119,0.13915,-1,-1,-1
103,-1,1342.7,534,21.974,67.922,-0.17491,-1,-1,-1
103,-1,98.502,572.08,68.644,207.93,-0.24148,-1,-1,-1
103,-1,1665,353,159,479,-0.29665,-1,-1,-1
103,-1,417,553,39,119,-0.37864,-1,-1,-1
103,-1,1485,517,19,59,-0.44994,-1,-1,-1
104,-1,1681,545,39,119,2.4543,-1,-1,-1
104,-1,1728.2,613.87,68.644,207.93,2.3232,-1,-1,-1
104,-1,99.492,582.1,48.246,146.74,1.7385,-1,-1,-1
104,-1,318.24,575.47,41.871,127.61,0.71127,-1,-1,-1
104,-1,378.26,575.47,41.871,127.61,0.55879,-1,-1,-1
104,-1,1541,514.34,31.49,96.47,0.50919,-1,-1,-1
104,-1,244.75,586.01,33.822,103.47,0.4697,-1,-1,-1
104,-1,158.59,582.1,48.246,146.74,0.12419,-1,-1,-1
104,-1,281,585,39,119,0.11154,-1,-1,-1
104,-1,412.56,549.75,41.871,127.61,-0.14269,-1,-1,-1
104,-1,1714.8,552.55,97.492,294.47,-0.20819,-1,-1,-1
104,-1,299.91,533.84,63.98,193.94,-0.31063,-1,-1,-1
104,-1,37.758,579.94,44.948,136.84,-0.35683,-1,-1,-1
104,-1,1342.7,534,21.974,67.922,-0.3772,-1,-1,-1
104,-1,1193.8,486.58,51.78,157.34,-0.41044,-1,-1,-1
104,-1,150.29,523.5,73.643,222.93,-0.45258,-1,-1,-1
104,-1,641,465,39,119,-0.48405,-1,-1,-1
105,-1,1681,545,39,119,2.4829,-1,-1,-1
105,-1,1732.7,613.07,73.643,222.93,1.7385,-1,-1,-1
105,-1,85.449,581.58,51.78,157.34,1.5512,-1,-1,-1
105,-1,1541,514.34,31.49,96.47,0.66633,-1,-1,-1
105,-1,365.42,562.4,48.246,146.74,0.43039,-1,-1,-1
105,-1,313,585,39,119,0.16736,-1,-1,-1
105,-1,237.79,592.97,33.822,103.47,0.096944,-1,-1,-1
105,-1,1338.1,534,21.974,67.922,0.025112,-1,-1,-1
105,-1,273,585,39,119,-0.10587,-1,-1,-1
105,-1,1149,497,19,59,-0.20437,-1,-1,-1
105,-1,292.02,546.66,59.629,180.89,-0.20663,-1,-1,-1
105,-1,148.74,591.95,48.246,146.74,-0.24441,-1,-1,-1
105,-1,126.36,530.29,68.644,207.93,-0.35751,-1,-1,-1
105,-1,1188.9,487.49,55.569,168.71,-0.39631,-1,-1,-1
105,-1,1788.6,159.39,55.569,168.71,-0.40219,-1,-1,-1
105,-1,1690.5,442.87,128.96,388.88,-0.48217,-1,-1,-1
105,-1,597,525,19,59,-0.49153,-1,-1,-1
106,-1,1728.2,627.8,68.644,207.93,2.0964,-1,-1,-1
106,-1,1673,545,39,119,1.8771,-1,-1,-1
106,-1,74.892,581.58,51.78,157.34,0.94714,-1,-1,-1
106,-1,1534.9,516.34,29.314,89.943,0.42819,-1,-1,-1
106,-1,228.43,592.32,31.49,96.47,0.40959,-1,-1,-1
106,-1,1335.6,532.85,23.623,72.869,0.3575,-1,-1,-1
106,-1,401,553,39,119,0.33665,-1,-1,-1
106,-1,359.39,570.75,44.948,136.84,0.22279,-1,-1,-1
106,-1,301.1,575.47,41.871,127.61,0.16887,-1,-1,-1
106,-1,258.31,579.94,44.948,136.84,0.062085,-1,-1,-1
106,-1,19.379,579.94,44.948,136.84,0.057302,-1,-1,-1
106,-1,138.23,581.58,51.78,157.34,-0.031822,-1,-1,-1
106,-1,593,521,19,59,-0.30221,-1,-1,-1
106,-1,60.714,568.28,73.643,222.93,-0.34945,-1,-1,-1
107,-1,1732.7,613.07,73.643,222.93,2.0322,-1,-1,-1
107,-1,1673,545,39,119,1.3787,-1,-1,-1
107,-1,74.892,571.03,51.78,157.34,1.1956,-1,-1,-1
107,-1,215.35,584.04,41.871,127.61,0.66615,-1,-1,-1
107,-1,1534,515.77,27.284,83.853,0.44896,-1,-1,-1
107,-1,393,553,39,119,0.39426,-1,-1,-1
107,-1,350.2,570.75,44.948,136.84,0.37669,-1,-1,-1
107,-1,279.89,546.66,59.629,180.89,0.29146,-1,-1,-1
107,-1,127.67,581.58,51.78,157.34,0.065004,-1,-1,-1
107,-1,249.65,584.04,41.871,127.61,-0.12672,-1,-1,-1
107,-1,1333.5,534,21.974,67.922,-0.26088,-1,-1,-1
107,-1,1529,489,39,119,-0.28636,-1,-1,-1
107,-1,10.19,579.94,44.948,136.84,-0.35022,-1,-1,-1
107,-1,589,521,19,59,-0.40564,-1,-1,-1
108,-1,1742.1,627.8,68.644,207.93,1.5822,-1,-1,-1
108,-1,57.569,566.69,55.569,168.71,1.2539,-1,-1,-1
108,-1,338.79,549.92,51.78,157.34,0.53342,-1,-1,-1
108,-1,210,583.21,36.321,110.96,0.4949,-1,-1,-1
108,-1,385,553,39,119,0.34131,-1,-1,-1
108,-1,1664.4,532.6,41.871,127.61,0.27523,-1,-1,-1
108,-1,289,585,39,119,0.18901,-1,-1,-1
108,-1,267.77,534.53,59.629,180.89,0.0077497,-1,-1,-1
108,-1,129.65,589.13,44.948,136.84,-0.068146,-1,-1,-1
108,-1,1333.5,534,21.974,67.922,-0.11521,-1,-1,-1
108,-1,1528,514.34,31.49,96.47,-0.25824,-1,-1,-1
109,-1,1742.1,627.8,68.644,207.93,2.1145,-1,-1,-1
109,-1,53.78,571.03,51.78,157.34,1.5784,-1,-1,-1
109,-1,198.21,584.04,41.871,127.61,0.99895,-1,-1,-1
109,-1,1665,545,39,119,0.539,-1,-1,-1
109,-1,329.1,544.06,55.569,168.71,0.45951,-1,-1,-1
109,-1,281,585,39,119,0.34196,-1,-1,-1
109,-1,117.12,581.58,51.78,157.34,0.089798,-1,-1,-1
109,-1,1328.9,534,21.974,67.922,-0.060983,-1,-1,-1
109,-1,261.22,555.37,55.569,168.71,-0.25381,-1,-1,-1
109,-1,232.5,584.04,41.871,127.61,-0.26479,-1,-1,-1
109,-1,377,553,39,119,-0.34383,-1,-1,-1
109,-1,1527.6,518.08,23.623,72.869,-0.34926,-1,-1,-1
109,-1,1177.6,487.49,55.569,168.71,-0.47367,-1,-1,-1
110,-1,1745,625,79,239,1.7166,-1,-1,-1
110,-1,43.224,571.03,51.78,157.34,1.1411,-1,-1,-1
110,-1,266.8,584.04,41.871,127.61,0.91284,-1,-1,-1
110,-1,193,585,39,119,0.90905,-1,-1,-1
110,-1,322.64,570.75,44.948,136.84,0.85304,-1,-1,-1
110,-1,106.56,581.58,51.78,157.34,0.24033,-1,-1,-1
110,-1,1665,545,39,119,0.18564,-1,-1,-1
110,-1,1522.9,524.03,20.435,63.306,0.10896,-1,-1,-1
110,-1,369.69,549.75,41.871,127.61,-0.18823,-1,-1,-1
110,-1,90.571,523.5,73.643,222.93,-0.20594,-1,-1,-1
110,-1,247.92,533.84,63.98,193.94,-0.2229,-1,-1,-1
110,-1,1325.7,532.85,23.623,72.869,-0.49532,-1,-1,-1
111,-1,1745,625,79,239,1.8268,-1,-1,-1
111,-1,180.14,590.68,36.321,110.96,1.1021,-1,-1,-1
111,-1,32.668,571.03,51.78,157.34,0.77132,-1,-1,-1
111,-1,258.23,584.04,41.871,127.61,0.56119,-1,-1,-1
111,-1,316.17,562.4,48.246,146.74,0.53349,-1,-1,-1
111,-1,1324.3,534,21.974,67.922,0.4764,-1,-1,-1
111,-1,96.005,581.58,51.78,157.34,0.11127,-1,-1,-1
111,-1,1518.6,524.03,20.435,63.306,0.078984,-1,-1,-1
111,-1,361,553,39,119,-0.10423,-1,-1,-1
111,-1,1655.1,524.81,44.948,136.84,-0.36865,-1,-1,-1
111,-1,1172.7,486.58,51.78,157.34,-0.40793,-1,-1,-1
111,-1,168.15,488.51,68.644,207.93,-0.44057,-1,-1,-1
111,-1,1242,784.01,23.623,72.869,-0.47273,-1,-1,-1
112,-1,1745,625,79,239,2.1795,-1,-1,-1
112,-1,23.627,578,55.569,168.71,0.76255,-1,-1,-1
112,-1,306.32,572.25,48.246,146.74,0.62379,-1,-1,-1
112,-1,175.11,592.97,33.822,103.47,0.56679,-1,-1,-1
112,-1,249.65,584.04,41.871,127.61,0.4818,-1,-1,-1
112,-1,85.449,581.58,51.78,157.34,0.20612,-1,-1,-1
112,-1,1657,545,39,119,0.064624,-1,-1,-1
112,-1,231.39,546.66,59.629,180.89,-0.35756,-1,-1,-1
112,-1,1514.3,524.03,20.435,63.306,-0.38343,-1,-1,-1
112,-1,353,553,39,119,-0.45321,-1,-1,-1
113,-1,1745,625,79,239,1.9002,-1,-1,-1
113,-1,241.08,584.04,41.871,127.61,0.97088,-1,-1,-1
113,-1,11.556,581.58,51.78,157.34,0.77372,-1,-1,-1
113,-1,165.21,590.68,36.321,110.96,0.67201,-1,-1,-1
113,-1,345,561,39,119,0.19724,-1,-1,-1
113,-1,296.47,572.25,48.246,146.74,0.016239,-1,-1,-1
113,-1,79.793,591.95,48.246,146.74,-0.037188,-1,-1,-1
113,-1,1315.9,537.78,23.623,72.869,-0.29094,-1,-1,-1
113,-1,704.29,455.71,29.314,89.943,-0.36208,-1,-1,-1
114,-1,1745,625,79,239,2.2523,-1,-1,-1
114,-1,10.849,582.1,48.246,146.74,0.94674,-1,-1,-1
114,-1,153,593,39,119,0.81503,-1,-1,-1
114,-1,233,593,39,119,0.69288,-1,-1,-1
114,-1,64.336,581.58,51.78,157.34,0.5114,-1,-1,-1
114,-1,1505.8,524.03,20.435,63.306,0.13528,-1,-1,-1
114,-1,286.63,572.25,48.246,146.74,-0.078757,-1,-1,-1
114,-1,337,561,39,119,-0.099638,-1,-1,-1
114,-1,1645.8,513.16,48.246,146.74,-0.23423,-1,-1,-1
115,-1,1745,625,79,239,2.6935,-1,-1,-1
115,-1,142.82,598.14,36.321,110.96,1.3611,-1,-1,-1
115,-1,49.503,570.91,59.629,180.89,1.0048,-1,-1,-1
115,-1,1,581.58,51.78,157.34,0.95517,-1,-1,-1
115,-1,276.78,572.25,48.246,146.74,0.35355,-1,-1,-1
115,-1,225,593,39,119,0.24722,-1,-1,-1
115,-1,326.82,558.32,41.871,127.61,0.025665,-1,-1,-1
115,-1,241.08,464.01,84.742,256.23,-0.27616,-1,-1,-1
115,-1,1498.9,520.21,21.974,67.922,-0.2865,-1,-1,-1
115,-1,532.6,455.43,41.871,127.61,-0.31837,-1,-1,-1
116,-1,1750.1,618.34,84.742,256.23,2.3755,-1,-1,-1
116,-1,46.255,578,55.569,168.71,0.57373,-1,-1,-1
116,-1,267.5,579.94,44.948,136.84,0.56872,-1,-1,-1
116,-1,135.36,598.14,36.321,110.96,0.53013,-1,-1,-1
116,-1,321,561,39,119,0.28362,-1,-1,-1
116,-1,1,591.95,48.246,146.74,0.26533,-1,-1,-1
116,-1,206.78,592.62,41.871,127.61,0.24297,-1,-1,-1
116,-1,260.92,533.84,63.98,193.94,-0.17909,-1,-1,-1
116,-1,1401,481,39,119,-0.30184,-1,-1,-1
116,-1,542.7,513.16,23.623,72.869,-0.30544,-1,-1,-1
116,-1,223.93,464.01,84.742,256.23,-0.35744,-1,-1,-1
116,-1,1497,525,19,59,-0.35813,-1,-1,-1
116,-1,1223.2,846.44,44.948,136.84,-0.37509,-1,-1,-1
116,-1,689.79,455.86,31.49,96.47,-0.38114,-1,-1,-1
116,-1,316.27,498.16,59.629,180.89,-0.44053,-1,-1,-1
117,-1,1761,641,79,239,2.6153,-1,-1,-1
117,-1,198.21,592.62,41.871,127.61,0.87554,-1,-1,-1
117,-1,254.35,571.03,51.78,157.34,0.68217,-1,-1,-1
117,-1,313,561,39,119,0.33861,-1,-1,-1
117,-1,121,593,39,119,0.26444,-1,-1,-1
117,-1,34.941,578,55.569,168.71,0.17499,-1,-1,-1
117,-1,148.03,589.13,44.948,136.84,-0.085883,-1,-1,-1
117,-1,1722.9,558.78,120.26,362.77,-0.16672,-1,-1,-1
117,-1,223.93,464.01,84.742,256.23,-0.32438,-1,-1,-1
117,-1,1401,481,39,119,-0.39503,-1,-1,-1
117,-1,515.45,455.43,41.871,127.61,-0.42926,-1,-1,-1
118,-1,1761,641,79,239,3.2052,-1,-1,-1
118,-1,249.12,579.94,44.948,136.84,1.0518,-1,-1,-1
118,-1,113,593,39,119,0.47344,-1,-1,-1
118,-1,129.65,589.13,44.948,136.84,0.435,-1,-1,-1
118,-1,13.996,572.83,63.98,193.94,0.38311,-1,-1,-1
118,-1,189.63,592.62,41.871,127.61,0.33458,-1,-1,-1
118,-1,305,561,39,119,0.21289,-1,-1,-1
118,-1,1743.3,589.31,112.14,338.41,-0.014717,-1,-1,-1
118,-1,1483.3,518.08,23.623,72.869,-0.031636,-1,-1,-1
118,-1,206.78,464.01,84.742,256.23,-0.15251,-1,-1,-1
118,-1,528.31,519.74,20.435,63.306,-0.35721,-1,-1,-1
118,-1,506.88,455.43,41.871,127.61,-0.37465,-1,-1,-1
119,-1,1761,641,79,239,3.1617,-1,-1,-1
119,-1,233.23,571.03,51.78,157.34,1.0724,-1,-1,-1
119,-1,13.126,583.04,59.629,180.89,1.0238,-1,-1,-1
119,-1,121.04,601.19,41.871,127.61,0.66552,-1,-1,-1
119,-1,301.1,558.32,41.871,127.61,0.0035091,-1,-1,-1
119,-1,97,601,39,119,-0.0077191,-1,-1,-1
119,-1,206.78,481.15,84.742,256.23,-0.040369,-1,-1,-1
119,-1,1774.4,592.14,104.56,315.68,-0.053135,-1,-1,-1
119,-1,527.93,513.16,23.623,72.869,-0.11831,-1,-1,-1
119,-1,181.06,592.62,41.871,127.61,-0.12496,-1,-1,-1
119,-1,505,457,39,119,-0.30204,-1,-1,-1
119,-1,1480.5,520.21,21.974,67.922,-0.34341,-1,-1,-1
119,-1,286.91,494.85,63.98,193.94,-0.40201,-1,-1,-1
119,-1,168.15,223.86,68.644,207.93,-0.42104,-1,-1,-1
119,-1,1207.5,798.78,23.623,72.869,-0.47288,-1,-1,-1
119,-1,1720.7,566.69,112.14,338.41,-0.48049,-1,-1,-1
120,-1,1761,641,79,239,2.8863,-1,-1,-1
120,-1,227.53,582.1,48.246,146.74,1.1699,-1,-1,-1
120,-1,111.28,598.32,44.948,136.84,1.0254,-1,-1,-1
120,-1,166.41,598.32,44.948,136.84,0.27012,-1,-1,-1
120,-1,89,601,39,119,0.20639,-1,-1,-1
120,-1,1743.3,611.94,112.14,338.41,-0.026703,-1,-1,-1
120,-1,289,561,39,119,-0.05321,-1,-1,-1
120,-1,184.79,460.48,90.896,274.69,-0.1283,-1,-1,-1
120,-1,1475.9,520.21,21.974,67.922,-0.14855,-1,-1,-1
120,-1,1,583.04,59.629,180.89,-0.19098,-1,-1,-1
120,-1,154.22,223.86,68.644,207.93,-0.37004,-1,-1,-1
120,-1,520.21,520.21,21.974,67.922,-0.425,-1,-1,-1
120,-1,279.58,488.51,68.644,207.93,-0.48207,-1,-1,-1
121,-1,1761,641,79,239,2.5605,-1,-1,-1
121,-1,102.09,598.32,44.948,136.84,1.1269,-1,-1,-1
121,-1,212.12,581.58,51.78,157.34,0.75768,-1,-1,-1
121,-1,281,561,39,119,0.52517,-1,-1,-1
121,-1,78.168,601.19,41.871,127.61,0.43878,-1,-1,-1
121,-1,145,209,79,239,0.28689,-1,-1,-1
121,-1,1747.1,558.78,120.26,362.77,0.17954,-1,-1,-1
121,-1,157.22,598.32,44.948,136.84,-0.25872,-1,-1,-1
121,-1,1296.2,532.85,23.623,72.869,-0.26494,-1,-1,-1
121,-1,178.28,454.06,97.492,294.47,-0.27351,-1,-1,-1
121,-1,1471.3,520.21,21.974,67.922,-0.29246,-1,-1,-1
121,-1,521,529,19,59,-0.32508,-1,-1,-1
121,-1,1192.8,498.3,41.871,127.61,-0.48081,-1,-1,-1
122,-1,1767.3,635.49,84.742,256.23,2.8854,-1,-1,-1
122,-1,201.57,581.58,51.78,157.34,1.1185,-1,-1,-1
122,-1,92.896,598.32,44.948,136.84,0.79856,-1,-1,-1
122,-1,275.37,558.32,41.871,127.61,0.79563,-1,-1,-1
122,-1,65,609,39,119,0.34907,-1,-1,-1
122,-1,1771.4,558.78,120.26,362.77,0.22162,-1,-1,-1
122,-1,1296.7,534,21.974,67.922,-0.012977,-1,-1,-1
122,-1,145,209,79,239,-0.04417,-1,-1,-1
122,-1,1468.5,513.16,23.623,72.869,-0.13246,-1,-1,-1
122,-1,148.03,598.32,44.948,136.84,-0.37147,-1,-1,-1
122,-1,506.88,519.74,20.435,63.306,-0.49671,-1,-1,-1
123,-1,1767.3,635.49,84.742,256.23,2.9241,-1,-1,-1
123,-1,265,569,39,119,0.96181,-1,-1,-1
123,-1,191.01,581.58,51.78,157.34,0.73059,-1,-1,-1
123,-1,78.168,609.77,41.871,127.61,0.6791,-1,-1,-1
123,-1,129,209,79,239,0.36222,-1,-1,-1
123,-1,1771.4,558.78,120.26,362.77,0.33612,-1,-1,-1
123,-1,57,609,39,119,0.22579,-1,-1,-1
123,-1,1745,561,39,119,0.18037,-1,-1,-1
123,-1,1463.6,513.16,23.623,72.869,0.14732,-1,-1,-1
123,-1,1291.2,532.85,23.623,72.869,-0.14124,-1,-1,-1
123,-1,1621.5,532.6,41.871,127.61,-0.26935,-1,-1,-1
123,-1,251.72,488.51,68.644,207.93,-0.31397,-1,-1,-1
123,-1,1364.3,661.21,41.871,127.61,-0.37617,-1,-1,-1
123,-1,138.19,601.19,41.871,127.61,-0.38388,-1,-1,-1
123,-1,65.306,494.02,20.435,63.306,-0.39381,-1,-1,-1
123,-1,146.51,389.02,120.26,362.77,-0.48899,-1,-1,-1
124,-1,1784.4,652.64,84.742,256.23,2.9015,-1,-1,-1
124,-1,258.23,566.9,41.871,127.61,0.96571,-1,-1,-1
124,-1,180.45,581.58,51.78,157.34,0.82813,-1,-1,-1
124,-1,69.594,609.77,41.871,127.61,0.7396,-1,-1,-1
124,-1,1768.5,546.83,128.96,388.88,0.44979,-1,-1,-1
124,-1,43.871,609.77,41.871,127.61,0.38226,-1,-1,-1
124,-1,1747.1,576.97,29.314,89.943,-0.08565,-1,-1,-1
124,-1,1292.1,534,21.974,67.922,-0.10435,-1,-1,-1
124,-1,113,209,79,239,-0.17801,-1,-1,-1
124,-1,119.19,601.8,48.246,146.74,-0.21344,-1,-1,-1
124,-1,1621.5,532.6,41.871,127.61,-0.30454,-1,-1,-1
124,-1,1458.7,513.16,23.623,72.869,-0.322,-1,-1,-1
124,-1,1121.1,487.49,55.569,168.71,-0.46045,-1,-1,-1
124,-1,136.76,408.29,112.14,338.41,-0.47844,-1,-1,-1
124,-1,493,525,19,59,-0.49468,-1,-1,-1
125,-1,1783.8,644.27,90.896,274.69,3.3264,-1,-1,-1
125,-1,249.12,561.56,44.948,136.84,1.0819,-1,-1,-1
125,-1,56.138,607.51,44.948,136.84,0.75524,-1,-1,-1
125,-1,1768.5,546.83,128.96,388.88,0.61646,-1,-1,-1
125,-1,169.9,581.58,51.78,157.34,0.54861,-1,-1,-1
125,-1,1737,561,39,119,0.19039,-1,-1,-1
125,-1,113,209,79,239,0.033372,-1,-1,-1
125,-1,1453.8,513.16,23.623,72.869,-0.16737,-1,-1,-1
125,-1,33,609,39,119,-0.19394,-1,-1,-1
125,-1,1184.2,858.42,41.871,127.61,-0.38171,-1,-1,-1
126,-1,1783.8,644.27,90.896,274.69,3.0029,-1,-1,-1
126,-1,159.34,581.58,51.78,157.34,0.93301,-1,-1,-1
126,-1,46.948,607.51,44.948,136.84,0.85019,-1,-1,-1
126,-1,239.93,561.56,44.948,136.84,0.79566,-1,-1,-1
126,-1,1737,561,39,119,0.43922,-1,-1,-1
126,-1,1453,520.21,21.974,67.922,0.16029,-1,-1,-1
126,-1,1768.5,546.83,128.96,388.88,0.08288,-1,-1,-1
126,-1,18.148,609.77,41.871,127.61,-0.19997,-1,-1,-1
126,-1,105.5,210,73.643,222.93,-0.23588,-1,-1,-1
126,-1,129.65,478.86,90.896,274.69,-0.24544,-1,-1,-1
126,-1,485.44,524.03,20.435,63.306,-0.36173,-1,-1,-1
126,-1,951.35,611.94,55.569,168.71,-0.40108,-1,-1,-1
126,-1,472.58,464.01,41.871,127.61,-0.40522,-1,-1,-1
126,-1,1167.1,498.3,41.871,127.61,-0.46501,-1,-1,-1
127,-1,1802.2,644.27,90.896,274.69,2.6606,-1,-1,-1
127,-1,148.74,591.95,48.246,146.74,1.1092,-1,-1,-1
127,-1,30.547,611.65,48.246,146.74,0.71879,-1,-1,-1
127,-1,232.5,566.9,41.871,127.61,0.40778,-1,-1,-1
127,-1,481.15,524.03,20.435,63.306,0.059809,-1,-1,-1
127,-1,464.01,464.01,41.871,127.61,-0.056211,-1,-1,-1
127,-1,1737,561,39,119,-0.065894,-1,-1,-1
127,-1,1768.5,546.83,128.96,388.88,-0.087109,-1,-1,-1
127,-1,92.896,607.51,44.948,136.84,-0.10577,-1,-1,-1
127,-1,113,561,39,119,-0.19875,-1,-1,-1
127,-1,1450,519.74,20.435,63.306,-0.35608,-1,-1,-1
127,-1,9,617,39,119,-0.41276,-1,-1,-1
127,-1,97,209,79,239,-0.43049,-1,-1,-1
128,-1,1801.6,652.64,84.742,256.23,2.9483,-1,-1,-1
128,-1,136.76,589.31,55.569,168.71,0.97642,-1,-1,-1
128,-1,20.698,611.65,48.246,146.74,0.43843,-1,-1,-1
128,-1,223.93,566.9,41.871,127.61,0.34355,-1,-1,-1
128,-1,74.892,602.7,51.78,157.34,0.19998,-1,-1,-1
128,-1,1064.7,1005.6,23.623,72.869,-0.094706,-1,-1,-1
128,-1,1768.5,598.82,128.96,388.88,-0.19333,-1,-1,-1
128,-1,464.01,464.01,41.871,127.61,-0.27351,-1,-1,-1
128,-1,524.03,528.31,20.435,63.306,-0.32381,-1,-1,-1
128,-1,105,561,39,119,-0.37463,-1,-1,-1
128,-1,90.571,210,73.643,222.93,-0.46193,-1,-1,-1
128,-1,1443.8,520.21,21.974,67.922,-0.48359,-1,-1,-1
129,-1,1793.5,651.04,97.492,294.47,3.1184,-1,-1,-1
129,-1,125.45,589.31,55.569,168.71,1.2047,-1,-1,-1
129,-1,10.19,616.7,44.948,136.84,0.60686,-1,-1,-1
129,-1,215.35,575.47,41.871,127.61,0.33748,-1,-1,-1
129,-1,1729,561,39,119,0.021852,-1,-1,-1
129,-1,64.336,602.7,51.78,157.34,-0.095792,-1,-1,-1
129,-1,1439,518.08,23.623,72.869,-0.12865,-1,-1,-1
129,-1,455.43,464.01,41.871,127.61,-0.31908,-1,-1,-1
129,-1,208.94,403.88,63.98,193.94,-0.34806,-1,-1,-1
129,-1,1249,521,19,59,-0.41871,-1,-1,-1
130,-1,1802.2,662.65,90.896,274.69,2.7102,-1,-1,-1
130,-1,119.19,601.8,48.246,146.74,0.95556,-1,-1,-1
130,-1,1729,561,39,119,0.71814,-1,-1,-1
130,-1,206.78,575.47,41.871,127.61,0.42905,-1,-1,-1
130,-1,1244.3,519.74,20.435,63.306,0.22,-1,-1,-1
130,-1,1,618.34,41.871,127.61,0.13013,-1,-1,-1
130,-1,1431.3,512.97,25.39,78.17,-0.023153,-1,-1,-1
130,-1,53.78,602.7,51.78,157.34,-0.078915,-1,-1,-1
130,-1,1794.5,624.81,128.96,388.88,-0.080467,-1,-1,-1
130,-1,95.316,558.32,41.871,127.61,-0.2419,-1,-1,-1
130,-1,463.91,523.01,23.623,72.869,-0.28471,-1,-1,-1
130,-1,196,488.51,68.644,207.93,-0.34302,-1,-1,-1
130,-1,65,209,79,239,-0.34361,-1,-1,-1
130,-1,105.5,538.43,73.643,222.93,-0.40656,-1,-1,-1
130,-1,1734.5,394.97,195.98,589.95,-0.44223,-1,-1,-1
131,-1,1802.2,662.65,90.896,274.69,2.6707,-1,-1,-1
131,-1,102.82,589.31,55.569,168.71,1.1282,-1,-1,-1
131,-1,1729,561,39,119,0.61849,-1,-1,-1
131,-1,193.98,570.75,44.948,136.84,0.29324,-1,-1,-1
131,-1,1794.5,598.82,128.96,388.88,0.26418,-1,-1,-1
131,-1,1241,521,19,59,0.11555,-1,-1,-1
131,-1,81,561,39,119,0.11194,-1,-1,-1
131,-1,1429.1,518.08,23.623,72.869,0.0031147,-1,-1,-1
131,-1,455.43,528.31,20.435,63.306,-0.074038,-1,-1,-1
131,-1,438.28,464.01,41.871,127.61,-0.20351,-1,-1,-1
131,-1,40.397,611.65,48.246,146.74,-0.22512,-1,-1,-1
131,-1,1273.8,538.59,21.974,67.922,-0.32314,-1,-1,-1
131,-1,625,433,39,119,-0.33549,-1,-1,-1
131,-1,558.32,421.14,41.871,127.61,-0.43231,-1,-1,-1
131,-1,13.126,570.91,59.629,180.89,-0.48553,-1,-1,-1
132,-1,1813.2,651.04,97.492,294.47,3.0395,-1,-1,-1
132,-1,91.51,600.63,55.569,168.71,1.8303,-1,-1,-1
132,-1,189.63,575.47,41.871,127.61,0.79322,-1,-1,-1
132,-1,1721,561,39,119,0.61166,-1,-1,-1
132,-1,78.168,558.32,41.871,127.61,0.30246,-1,-1,-1
132,-1,1425.4,520.21,21.974,67.922,0.05664,-1,-1,-1
132,-1,451.29,524.81,21.974,67.922,0.019137,-1,-1,-1
132,-1,1237,521,19,59,0.0036892,-1,-1,-1
132,-1,438.28,464.01,41.871,127.61,-0.11411,-1,-1,-1
132,-1,1271.5,532.85,23.623,72.869,-0.28751,-1,-1,-1
132,-1,30.547,611.65,48.246,146.74,-0.41879,-1,-1,-1
133,-1,1820.5,662.65,90.896,274.69,2.4002,-1,-1,-1
133,-1,1721,561,39,119,1.4867,-1,-1,-1
133,-1,85.449,602.7,51.78,157.34,0.90871,-1,-1,-1
133,-1,1420.8,520.21,21.974,67.922,0.3921,-1,-1,-1
133,-1,181.06,575.47,41.871,127.61,0.38861,-1,-1,-1
133,-1,1266.6,537.78,23.623,72.869,0.1631,-1,-1,-1
133,-1,449.14,523.01,23.623,72.869,0.013825,-1,-1,-1
133,-1,429.71,464.01,41.871,127.61,-0.018087,-1,-1,-1
133,-1,609,441,39,119,-0.058618,-1,-1,-1
133,-1,1231.4,519.74,20.435,63.306,-0.12965,-1,-1,-1
133,-1,20.698,621.5,48.246,146.74,-0.19224,-1,-1,-1
133,-1,60.714,553.36,73.643,222.93,-0.40877,-1,-1,-1
134,-1,1820.5,662.65,90.896,274.69,1.6305,-1,-1,-1
134,-1,1721,561,39,119,1.2363,-1,-1,-1
134,-1,68.882,600.63,55.569,168.71,0.57315,-1,-1,-1
134,-1,172.48,584.04,41.871,127.61,0.45641,-1,-1,-1
134,-1,1229,521,19,59,0.1879,-1,-1,-1
134,-1,1266.6,537.78,23.623,72.869,0.090697,-1,-1,-1
134,-1,1416.2,520.21,21.974,67.922,0.071306,-1,-1,-1
134,-1,10.849,621.5,48.246,146.74,-0.0019588,-1,-1,-1
134,-1,425,465,39,119,-0.35847,-1,-1,-1
134,-1,1345,481,39,119,-0.42136,-1,-1,-1
134,-1,52.445,532.6,84.742,256.23,-0.45413,-1,-1,-1
135,-1,1713,561,39,119,1.2729,-1,-1,-1
135,-1,53.78,613.25,51.78,157.34,0.94701,-1,-1,-1
135,-1,1820.5,662.65,90.896,274.69,0.51914,-1,-1,-1
135,-1,163.91,584.04,41.871,127.61,0.4191,-1,-1,-1
135,-1,1411.6,520.21,21.974,67.922,0.29329,-1,-1,-1
135,-1,45.786,553.36,73.643,222.93,0.11561,-1,-1,-1
135,-1,1,621.5,48.246,146.74,-0.38649,-1,-1,-1
135,-1,433.8,523.53,25.39,78.17,-0.40398,-1,-1,-1
135,-1,421.14,464.01,41.871,127.61,-0.40959,-1,-1,-1
135,-1,1225,521,19,59,-0.42209,-1,-1,-1
135,-1,1585,545,39,119,-0.4724,-1,-1,-1
135,-1,138.89,434.36,97.492,294.47,-0.49862,-1,-1,-1
136,-1,46.255,611.94,55.569,168.71,1.4048,-1,-1,-1
136,-1,1713,561,39,119,1.0198,-1,-1,-1
136,-1,155.34,584.04,41.871,127.61,0.43344,-1,-1,-1
136,-1,1407,520.21,21.974,67.922,0.35762,-1,-1,-1
136,-1,1832.9,670.74,97.492,294.47,0.14508,-1,-1,-1
136,-1,412.56,464.01,41.871,127.61,-0.0030733,-1,-1,-1
136,-1,33,545,79,239,-0.074416,-1,-1,-1
136,-1,505,425,39,119,-0.43844,-1,-1,-1
136,-1,23.627,430.92,112.14,338.41,-0.48641,-1,-1,-1
137,-1,34.941,611.94,55.569,168.71,1.205,-1,-1,-1
137,-1,1713,561,39,119,0.57204,-1,-1,-1
137,-1,146.76,584.04,41.871,127.61,0.48384,-1,-1,-1
137,-1,1832.9,670.74,97.492,294.47,0.03706,-1,-1,-1
137,-1,1407.2,524.03,20.435,63.306,-0.045487,-1,-1,-1
137,-1,18.148,532.6,84.742,256.23,-0.14885,-1,-1,-1
137,-1,1217,521,19,59,-0.20756,-1,-1,-1
137,-1,1577,553,39,119,-0.21353,-1,-1,-1
137,-1,1029,493,19,59,-0.31726,-1,-1,-1
137,-1,423.72,529.4,21.974,67.922,-0.32426,-1,-1,-1
137,-1,403.99,464.01,41.871,127.61,-0.45964,-1,-1,-1
138,-1,13.126,607.29,59.629,180.89,1.1545,-1,-1,-1
138,-1,1713,561,39,119,0.42576,-1,-1,-1
138,-1,1399.6,518.08,23.623,72.869,0.0075277,-1,-1,-1
138,-1,138.19,584.04,41.871,127.61,-0.077806,-1,-1,-1
138,-1,1832.9,670.74,97.492,294.47,-0.10397,-1,-1,-1
138,-1,403.99,464.01,41.871,127.61,-0.21862,-1,-1,-1
138,-1,1577,545,39,119,-0.23252,-1,-1,-1
138,-1,1373,529,19,59,-0.39804,-1,-1,-1
139,-1,1,611.94,55.569,168.71,0.93631,-1,-1,-1
139,-1,1705,561,39,119,0.42865,-1,-1,-1
139,-1,129.65,579.94,44.948,136.84,0.10849,-1,-1,-1
139,-1,1569,545,39,119,0.10699,-1,-1,-1
139,-1,1838.9,681.03,90.896,274.69,-0.21456,-1,-1,-1
139,-1,395.41,464.01,41.871,127.61,-0.21732,-1,-1,-1
139,-1,1393.2,520.21,21.974,67.922,-0.32325,-1,-1,-1
139,-1,573,1009,19,59,-0.4597,-1,-1,-1
140,-1,1561,545,39,119,1.9084,-1,-1,-1
140,-1,1705,561,39,119,0.29461,-1,-1,-1
140,-1,1393.2,520.21,21.974,67.922,0.2559,-1,-1,-1
140,-1,395.41,464.01,41.871,127.61,-0.14266,-1,-1,-1
140,-1,119.19,572.25,48.246,146.74,-0.34371,-1,-1,-1
140,-1,1251.2,532.74,27.284,83.853,-0.40755,-1,-1,-1
141,-1,1561,545,39,119,2.5882,-1,-1,-1
141,-1,1705,553,39,119,0.67644,-1,-1,-1
141,-1,112.46,584.04,41.871,127.61,-0.19007,-1,-1,-1
141,-1,1388.6,520.21,21.974,67.922,-0.19766,-1,-1,-1
141,-1,386.84,464.01,41.871,127.61,-0.47104,-1,-1,-1
142,-1,1561,545,39,119,2.3384,-1,-1,-1
142,-1,1705,553,39,119,1.0438,-1,-1,-1
142,-1,102.09,579.94,44.948,136.84,0.27253,-1,-1,-1
142,-1,1384.8,518.08,23.623,72.869,-0.18798,-1,-1,-1
143,-1,1553,545,39,119,1.0322,-1,-1,-1
143,-1,1384,520.21,21.974,67.922,0.61778,-1,-1,-1
143,-1,1702.9,568.28,36.321,110.96,0.44577,-1,-1,-1
143,-1,95.316,584.04,41.871,127.61,0.40227,-1,-1,-1
143,-1,1547.5,481.85,63.98,193.94,-0.39602,-1,-1,-1
143,-1,464.01,296.81,20.435,63.306,-0.47447,-1,-1,-1
144,-1,1553,545,39,119,1.7091,-1,-1,-1
144,-1,1697,561,39,119,0.78279,-1,-1,-1
144,-1,86.742,584.04,41.871,127.61,0.38931,-1,-1,-1
144,-1,1379.9,518.08,23.623,72.869,0.21867,-1,-1,-1
145,-1,1544.4,541.17,41.871,127.61,1.3437,-1,-1,-1
145,-1,1697,561,39,119,0.9044,-1,-1,-1
145,-1,497,425,39,119,-0.11125,-1,-1,-1
145,-1,74.892,571.03,51.78,157.34,-0.19137,-1,-1,-1
145,-1,1534.5,481.85,63.98,193.94,-0.30559,-1,-1,-1
146,-1,1545,545,39,119,1.5749,-1,-1,-1
146,-1,1697,561,39,119,0.8137,-1,-1,-1
146,-1,1370.2,520.21,21.974,67.922,0.029051,-1,-1,-1
146,-1,1539.7,498.8,55.569,168.71,-0.15499,-1,-1,-1
146,-1,65.327,579.94,44.948,136.84,-0.42695,-1,-1,-1
146,-1,489,425,39,119,-0.44207,-1,-1,-1
146,-1,1715.8,515.45,84.742,256.23,-0.46358,-1,-1,-1
147,-1,1535.8,549.75,41.871,127.61,1.1262,-1,-1,-1
147,-1,1697,569,39,119,0.29687,-1,-1,-1
147,-1,1365.7,524.81,21.974,67.922,0.10997,-1,-1,-1
147,-1,61.019,584.04,41.871,127.61,0.083152,-1,-1,-1
147,-1,1521.5,481.85,63.98,193.94,-0.13545,-1,-1,-1
147,-1,478.86,414.53,44.948,136.84,-0.25336,-1,-1,-1
147,-1,1098.5,455.43,41.871,127.61,-0.41174,-1,-1,-1
148,-1,1537,553,39,119,1.0136,-1,-1,-1
148,-1,1689,561,39,119,0.42654,-1,-1,-1
148,-1,46.948,579.94,44.948,136.84,-0.062986,-1,-1,-1
148,-1,1528.4,498.8,55.569,168.71,-0.074458,-1,-1,-1
148,-1,1361.1,524.81,21.974,67.922,-0.24479,-1,-1,-1
148,-1,469.67,414.53,44.948,136.84,-0.25412,-1,-1,-1
149,-1,1529,545,39,119,0.53551,-1,-1,-1
149,-1,1687.9,568.28,36.321,110.96,0.27349,-1,-1,-1
149,-1,40.397,582.1,48.246,146.74,0.073403,-1,-1,-1
149,-1,1528.4,498.8,55.569,168.71,-0.28337,-1,-1,-1
149,-1,469.67,414.53,44.948,136.84,-0.46483,-1,-1,-1
149,-1,403.99,528.31,20.435,63.306,-0.48468,-1,-1,-1
149,-1,1355.3,523.01,23.623,72.869,-0.49577,-1,-1,-1
150,-1,1529,553,39,119,0.7218,-1,-1,-1
150,-1,1681,561,39,119,0.17069,-1,-1,-1
150,-1,35.297,592.62,41.871,127.61,0.022251,-1,-1,-1
150,-1,460.48,414.53,44.948,136.84,-0.28168,-1,-1,-1
150,-1,1516.7,498.16,59.629,180.89,-0.40451,-1,-1,-1
150,-1,1352.2,518.25,25.39,78.17,-0.44459,-1,-1,-1
151,-1,1521,553,39,119,0.63734,-1,-1,-1
151,-1,1517,498.8,55.569,168.71,-0.099596,-1,-1,-1
151,-1,19.379,589.13,44.948,136.84,-0.12376,-1,-1,-1
151,-1,1681,561,39,119,-0.3566,-1,-1,-1
151,-1,464.01,421.14,41.871,127.61,-0.40654,-1,-1,-1
151,-1,1691.9,515.62,90.896,274.69,-0.41576,-1,-1,-1
152,-1,1510.1,541.17,41.871,127.61,0.75404,-1,-1,-1
152,-1,455.43,421.14,41.871,127.61,-0.15618,-1,-1,-1
152,-1,10.849,591.95,48.246,146.74,-0.20898,-1,-1,-1
152,-1,1504.6,486.03,59.629,180.89,-0.30145,-1,-1,-1
153,-1,1505,545,39,119,1.0192,-1,-1,-1
153,-1,1673,561,39,119,-0.34948,-1,-1,-1
153,-1,1505.7,498.8,55.569,168.71,-0.35047,-1,-1,-1
153,-1,1214,423.72,90.896,274.69,-0.47126,-1,-1,-1
154,-1,1501.5,541.17,41.871,127.61,1.6386,-1,-1,-1
154,-1,446.86,421.14,41.871,127.61,-0.25071,-1,-1,-1
154,-1,424.51,537.78,23.623,72.869,-0.45124,-1,-1,-1
154,-1,1324.3,524.81,21.974,67.922,-0.45466,-1,-1,-1
155,-1,1497,545,39,119,1.6706,-1,-1,-1
155,-1,1492.5,486.03,59.629,180.89,-0.24097,-1,-1,-1
155,-1,1320.8,518.08,23.623,72.869,-0.30264,-1,-1,-1
156,-1,1489,545,39,119,1.4475,-1,-1,-1
156,-1,1315.9,518.08,23.623,72.869,0.43583,-1,-1,-1
156,-1,1482.5,481.85,63.98,193.94,-0.25227,-1,-1,-1
156,-1,432.91,423.72,44.948,136.84,-0.44948,-1,-1,-1
157,-1,1481,545,39,119,1.8145,-1,-1,-1
157,-1,1310.9,518.08,23.623,72.869,-0.024199,-1,-1,-1
157,-1,1013,517,19,59,-0.33992,-1,-1,-1
157,-1,1113,521,19,59,-0.4373,-1,-1,-1
158,-1,1475.8,541.17,41.871,127.61,1.7833,-1,-1,-1
158,-1,1457,433,79,239,-0.37645,-1,-1,-1
158,-1,1305.9,520.21,21.974,67.922,-0.43631,-1,-1,-1
159,-1,1473,537,39,119,1.9022,-1,-1,-1
159,-1,1301.1,518.08,23.623,72.869,-0.069635,-1,-1,-1
159,-1,1105,521,19,59,-0.22411,-1,-1,-1
159,-1,425,433,39,119,-0.26806,-1,-1,-1
159,-1,1460.5,498.8,55.569,168.71,-0.38378,-1,-1,-1
160,-1,1465,545,39,119,1.401,-1,-1,-1
160,-1,412.56,429.71,41.871,127.61,-0.23754,-1,-1,-1
160,-1,1441,433,79,239,-0.25672,-1,-1,-1
161,-1,1465,537,39,119,1.1892,-1,-1,-1
162,-1,1458.6,541.17,41.871,127.61,0.91373,-1,-1,-1
162,-1,409,433,39,119,-0.33063,-1,-1,-1
163,-1,1457,545,39,119,1.5325,-1,-1,-1
163,-1,403.99,438.28,41.871,127.61,-0.20407,-1,-1,-1
164,-1,1449,545,39,119,1.1051,-1,-1,-1
164,-1,313.45,538.59,21.974,67.922,-0.31066,-1,-1,-1
165,-1,1441,545,39,119,0.96305,-1,-1,-1
165,-1,1077,521,19,59,-0.26423,-1,-1,-1
165,-1,393,433,39,119,-0.3175,-1,-1,-1
165,-1,1068.1,401.15,59.629,180.89,-0.45486,-1,-1,-1
166,-1,1441,545,39,119,1.0065,-1,-1,-1
167,-1,1433,537,39,119,1.3035,-1,-1,-1
167,-1,1069,521,19,59,0.19558,-1,-1,-1
167,-1,1064.5,408.29,55.569,168.71,-0.32454,-1,-1,-1
168,-1,1425,537,39,119,0.95874,-1,-1,-1
168,-1,1256.8,518.08,23.623,72.869,-0.31745,-1,-1,-1
169,-1,1425,537,39,119,1.5753,-1,-1,-1
169,-1,1415.2,498.8,55.569,168.71,-0.42231,-1,-1,-1
169,-1,1407.2,412.56,84.742,256.23,-0.45599,-1,-1,-1
169,-1,1069,521,19,59,-0.49657,-1,-1,-1
170,-1,1415.7,532.6,41.871,127.61,1.13,-1,-1,-1
170,-1,1397.8,405.34,90.896,274.69,-0.39715,-1,-1,-1
171,-1,1415.7,532.6,41.871,127.61,1.2898,-1,-1,-1
172,-1,1407.2,532.6,41.871,127.61,1.5857,-1,-1,-1
172,-1,1057,409,39,119,-0.3424,-1,-1,-1
173,-1,1407.2,532.6,41.871,127.61,2.3779,-1,-1,-1
174,-1,1409,537,39,119,1.194,-1,-1,-1
175,-1,1397.8,534,44.948,136.84,0.56289,-1,-1,-1
175,-1,957,517,19,59,-0.38196,-1,-1,-1
176,-1,1401,545,39,119,0.81265,-1,-1,-1
176,-1,1132.8,515.45,20.435,63.306,-0.17707,-1,-1,-1
176,-1,1061,517,19,59,-0.26227,-1,-1,-1
176,-1,217.68,547.63,23.623,72.869,-0.40499,-1,-1,-1
176,-1,1230.8,518.25,25.39,78.17,-0.42774,-1,-1,-1
177,-1,1401,545,39,119,1.4036,-1,-1,-1
177,-1,1379.4,534,44.948,136.84,-0.12003,-1,-1,-1
177,-1,934.38,498.8,27.284,83.853,-0.24075,-1,-1,-1
177,-1,973.98,442.23,55.569,168.71,-0.47863,-1,-1,-1
178,-1,1393,545,39,119,0.84307,-1,-1,-1
178,-1,1362.7,507.69,51.78,157.34,-0.13428,-1,-1,-1
178,-1,952.73,515.45,20.435,63.306,-0.42116,-1,-1,-1
178,-1,204.65,544.06,27.284,83.853,-0.43133,-1,-1,-1
178,-1,939.87,515.45,20.435,63.306,-0.4951,-1,-1,-1
179,-1,1390,541.17,41.871,127.61,0.78322,-1,-1,-1
179,-1,952.73,515.45,20.435,63.306,-0.43728,-1,-1,-1
179,-1,296.57,539.36,25.39,78.17,-0.45154,-1,-1,-1
179,-1,247.23,547.63,23.623,72.869,-0.45531,-1,-1,-1
179,-1,635.49,103.89,41.871,127.61,-0.47487,-1,-1,-1
180,-1,1385,545,39,119,0.52257,-1,-1,-1
180,-1,1029,521,19,59,-0.17204,-1,-1,-1
180,-1,1370,498.8,55.569,168.71,-0.41483,-1,-1,-1
180,-1,1111.4,519.74,20.435,63.306,-0.44038,-1,-1,-1
181,-1,1385,545,39,119,1.5747,-1,-1,-1
181,-1,1371.2,498.16,59.629,180.89,0.011094,-1,-1,-1
181,-1,1109,521,19,59,-0.19886,-1,-1,-1
181,-1,1612.9,558.32,41.871,127.61,-0.29371,-1,-1,-1
181,-1,1025.6,519.74,20.435,63.306,-0.39887,-1,-1,-1
182,-1,1379.4,534,44.948,136.84,1.3475,-1,-1,-1
182,-1,1612.9,549.75,41.871,127.61,0.41901,-1,-1,-1
182,-1,1103.8,515.62,21.974,67.922,-0.20716,-1,-1,-1
182,-1,1025,521,19,59,-0.26192,-1,-1,-1
183,-1,1377,545,39,119,1.3942,-1,-1,-1
183,-1,1617,561,39,119,0.13439,-1,-1,-1
183,-1,1370,498.8,55.569,168.71,-0.14006,-1,-1,-1
183,-1,1178,542.7,23.623,72.869,-0.161,-1,-1,-1
183,-1,1021.3,519.74,20.435,63.306,-0.21431,-1,-1,-1
183,-1,1177,521,39,119,-0.42545,-1,-1,-1
183,-1,278.19,544.06,27.284,83.853,-0.43706,-1,-1,-1
184,-1,1372.9,541.17,41.871,127.61,1.5829,-1,-1,-1
184,-1,1617,561,39,119,0.11586,-1,-1,-1
184,-1,1099.2,515.62,21.974,67.922,0.052733,-1,-1,-1
184,-1,1017,519.74,20.435,63.306,-0.20954,-1,-1,-1
184,-1,1177.2,540.6,29.314,89.943,-0.25762,-1,-1,-1
184,-1,1359.1,486.03,59.629,180.89,-0.26299,-1,-1,-1
184,-1,1041,521,19,59,-0.4478,-1,-1,-1
184,-1,1158.9,534,21.974,67.922,-0.47479,-1,-1,-1
185,-1,1372.9,532.6,41.871,127.61,1.1895,-1,-1,-1
185,-1,1609,561,39,119,0.27596,-1,-1,-1
185,-1,1094.6,515.62,21.974,67.922,0.12295,-1,-1,-1
185,-1,1017,521,19,59,-0.15993,-1,-1,-1
185,-1,1724.4,421.14,41.871,127.61,-0.25875,-1,-1,-1
186,-1,1369,545,39,119,1.093,-1,-1,-1
186,-1,1617,561,39,119,0.74356,-1,-1,-1
186,-1,1358.6,498.8,55.569,168.71,0.18667,-1,-1,-1
187,-1,1370.2,534,44.948,136.84,1.0826,-1,-1,-1
187,-1,1617,553,39,119,0.90263,-1,-1,-1
187,-1,1345,505,39,119,-0.25916,-1,-1,-1
187,-1,1090,515.62,21.974,67.922,-0.47335,-1,-1,-1
188,-1,1617,553,39,119,1.0798,-1,-1,-1
188,-1,1364.3,541.17,41.871,127.61,0.898,-1,-1,-1
188,-1,1085.6,519.74,20.435,63.306,-0.21985,-1,-1,-1
188,-1,1345,505,39,119,-0.47764,-1,-1,-1
189,-1,1364.3,541.17,41.871,127.61,1.2026,-1,-1,-1
189,-1,1617,553,39,119,1.118,-1,-1,-1
189,-1,1085.6,519.74,20.435,63.306,-0.35466,-1,-1,-1
189,-1,313.45,432.91,44.948,136.84,-0.43604,-1,-1,-1
189,-1,1345,505,39,119,-0.49163,-1,-1,-1
189,-1,385,457,39,119,-0.49768,-1,-1,-1
190,-1,1355.7,541.17,41.871,127.61,1.4925,-1,-1,-1
190,-1,1612.9,549.75,41.871,127.61,0.66276,-1,-1,-1
190,-1,1080.8,515.62,21.974,67.922,-0.21947,-1,-1,-1
190,-1,1713,417,79,239,-0.39759,-1,-1,-1
191,-1,1355.7,541.17,41.871,127.61,1.1963,-1,-1,-1
191,-1,1617,553,39,119,0.95226,-1,-1,-1
191,-1,1081.3,506.88,41.871,127.61,-0.3078,-1,-1,-1
192,-1,1612.9,549.75,41.871,127.61,1.3458,-1,-1,-1
192,-1,1353,545,39,119,1.2906,-1,-1,-1
192,-1,736.17,828.06,44.948,136.84,-0.44966,-1,-1,-1
192,-1,1168.1,506.43,44.948,136.84,-0.48735,-1,-1,-1
192,-1,1089,513,39,119,-0.49585,-1,-1,-1
193,-1,1617,553,39,119,1.4603,-1,-1,-1
193,-1,1355.7,541.17,41.871,127.61,1.1988,-1,-1,-1
193,-1,1161,537,39,119,-0.20222,-1,-1,-1
193,-1,1073,521,19,59,-0.47627,-1,-1,-1
194,-1,1353,545,39,119,1.1762,-1,-1,-1
194,-1,1617,553,39,119,1.106,-1,-1,-1
194,-1,1347,498.16,59.629,180.89,-0.41408,-1,-1,-1
194,-1,1168.1,506.43,44.948,136.84,-0.42881,-1,-1,-1
194,-1,1067,515.62,21.974,67.922,-0.46101,-1,-1,-1
194,-1,1157.6,429.87,63.98,193.94,-0.46116,-1,-1,-1
194,-1,1081,513,39,119,-0.46806,-1,-1,-1
195,-1,1347.1,541.17,41.871,127.61,1.7191,-1,-1,-1
195,-1,1625,553,39,119,1.2307,-1,-1,-1
195,-1,1064.2,519.74,20.435,63.306,-0.3871,-1,-1,-1
195,-1,1081,513,39,119,-0.43145,-1,-1,-1
195,-1,1168.1,506.43,44.948,136.84,-0.47933,-1,-1,-1
196,-1,1347.1,541.17,41.871,127.61,2.0898,-1,-1,-1
196,-1,1617,553,39,119,1.6371,-1,-1,-1
196,-1,1062.4,520.21,21.974,67.922,0.32521,-1,-1,-1
196,-1,1013,525,19,59,-0.27173,-1,-1,-1
196,-1,1076.2,506.43,44.948,136.84,-0.3557,-1,-1,-1
196,-1,1339.6,494.85,63.98,193.94,-0.47154,-1,-1,-1
197,-1,1347.1,541.17,41.871,127.61,2.4938,-1,-1,-1
197,-1,1625,553,39,119,1.328,-1,-1,-1
197,-1,1062.4,520.21,21.974,67.922,0.27218,-1,-1,-1
197,-1,1076.2,506.43,44.948,136.84,-0.39875,-1,-1,-1
197,-1,187.68,521.43,27.284,83.853,-0.44396,-1,-1,-1
198,-1,1342.7,534,44.948,136.84,2.4055,-1,-1,-1
198,-1,1625,553,39,119,1.4201,-1,-1,-1
198,-1,1067,506.43,44.948,136.84,-0.1271,-1,-1,-1
198,-1,1168.1,577.18,23.623,72.869,-0.25592,-1,-1,-1
198,-1,1158.9,515.62,44.948,136.84,-0.46138,-1,-1,-1
198,-1,108.48,566.69,27.284,83.853,-0.46719,-1,-1,-1
199,-1,1342.7,534,44.948,136.84,2.4126,-1,-1,-1
199,-1,1625,553,39,119,1.7637,-1,-1,-1
199,-1,1053.2,520.21,21.974,67.922,0.25696,-1,-1,-1
199,-1,1168.1,577.18,23.623,72.869,-0.070499,-1,-1,-1
199,-1,1618.9,544.06,55.569,168.71,-0.37825,-1,-1,-1
199,-1,1067.2,497.13,51.78,157.34,-0.41231,-1,-1,-1
199,-1,219.64,584.04,20.435,63.306,-0.49415,-1,-1,-1
199,-1,922.56,449.65,59.629,180.89,-0.49511,-1,-1,-1
200,-1,1342.7,534,44.948,136.84,2.4637,-1,-1,-1
200,-1,1630.1,549.75,41.871,127.61,1.2863,-1,-1,-1
200,-1,1053.2,520.21,21.974,67.922,-0.13768,-1,-1,-1
201,-1,1338.6,541.17,41.871,127.61,2.1557,-1,-1,-1
201,-1,1630.1,549.75,41.871,127.61,1.5276,-1,-1,-1
201,-1,1334.8,486.03,59.629,180.89,-0.20897,-1,-1,-1
201,-1,1048.6,520.21,21.974,67.922,-0.41344,-1,-1,-1
201,-1,981,529,19,59,-0.46483,-1,-1,-1
202,-1,1342.7,534,44.948,136.84,1.8954,-1,-1,-1
202,-1,1633,553,39,119,1.2095,-1,-1,-1
202,-1,1048.6,520.21,21.974,67.922,-0.085716,-1,-1,-1
202,-1,349.22,481.54,33.822,103.47,-0.2945,-1,-1,-1
202,-1,1072.8,515.45,41.871,127.61,-0.46453,-1,-1,-1
203,-1,1338.6,541.17,41.871,127.61,1.8024,-1,-1,-1
203,-1,1630.1,549.75,41.871,127.61,1.5263,-1,-1,-1
203,-1,1044,520.21,21.974,67.922,-0.25104,-1,-1,-1
203,-1,344.36,478.71,36.321,110.96,-0.25607,-1,-1,-1
203,-1,910.43,449.65,59.629,180.89,-0.32093,-1,-1,-1
203,-1,1067,506.43,44.948,136.84,-0.3666,-1,-1,-1
203,-1,129.04,473.76,48.246,146.74,-0.37707,-1,-1,-1
204,-1,1636.7,543.19,44.948,136.84,1.8434,-1,-1,-1
204,-1,1338.6,541.17,41.871,127.61,1.806,-1,-1,-1
204,-1,910.72,442.87,63.98,193.94,-0.31639,-1,-1,-1
204,-1,1334.8,486.03,59.629,180.89,-0.4808,-1,-1,-1
204,-1,1053,533,19,59,-0.48366,-1,-1,-1
204,-1,342.26,481.54,33.822,103.47,-0.48392,-1,-1,-1
204,-1,1067,506.43,44.948,136.84,-0.49507,-1,-1,-1
205,-1,1638.7,549.75,41.871,127.61,1.985,-1,-1,-1
205,-1,1338.6,541.17,41.871,127.61,1.6874,-1,-1,-1
205,-1,910.43,449.65,59.629,180.89,-0.19258,-1,-1,-1
205,-1,1067,506.43,44.948,136.84,-0.2757,-1,-1,-1
205,-1,893,529,19,59,-0.37615,-1,-1,-1
205,-1,187.68,572.34,27.284,83.853,-0.41413,-1,-1,-1
205,-1,1334.8,486.03,59.629,180.89,-0.43818,-1,-1,-1
206,-1,1337,545,39,119,2.4376,-1,-1,-1
206,-1,1641,553,39,119,1.6555,-1,-1,-1
206,-1,1324.7,521.43,55.569,168.71,-0.011957,-1,-1,-1
206,-1,1630.2,521.43,55.569,168.71,-0.12305,-1,-1,-1
206,-1,910.43,449.65,59.629,180.89,-0.33293,-1,-1,-1
206,-1,888.43,524.03,20.435,63.306,-0.42148,-1,-1,-1
207,-1,1333.5,543.19,44.948,136.84,2.0473,-1,-1,-1
207,-1,1647.2,549.75,41.871,127.61,1.7555,-1,-1,-1
207,-1,1034.2,528.31,20.435,63.306,-0.0043142,-1,-1,-1
207,-1,910.43,449.65,59.629,180.89,-0.22262,-1,-1,-1
207,-1,885,529,19,59,-0.36539,-1,-1,-1
207,-1,46.255,487.49,55.569,168.71,-0.40733,-1,-1,-1
208,-1,1330,549.75,41.871,127.61,2.0647,-1,-1,-1
208,-1,1649,561,39,119,1.4915,-1,-1,-1
208,-1,1030.2,524.81,21.974,67.922,0.36118,-1,-1,-1
208,-1,1641.5,521.43,55.569,168.71,0.077773,-1,-1,-1
208,-1,56.138,432.91,44.948,136.84,-0.15325,-1,-1,-1
208,-1,1336,510.12,55.569,168.71,-0.22187,-1,-1,-1
208,-1,37.377,486.03,59.629,180.89,-0.23847,-1,-1,-1
208,-1,1094.6,543.19,21.974,67.922,-0.30842,-1,-1,-1
208,-1,885,529,19,59,-0.32948,-1,-1,-1
208,-1,1184.2,841.27,84.742,256.23,-0.48268,-1,-1,-1
208,-1,1056.6,497.13,51.78,157.34,-0.49734,-1,-1,-1
209,-1,1330.6,532.85,48.246,146.74,2.475,-1,-1,-1
209,-1,1645.9,552.38,44.948,136.84,1.5373,-1,-1,-1
209,-1,885,529,19,59,-0.10343,-1,-1,-1
209,-1,52.445,429.71,41.871,127.61,-0.28821,-1,-1,-1
209,-1,1030.2,518.08,23.623,72.869,-0.29169,-1,-1,-1
209,-1,910.43,449.65,59.629,180.89,-0.34818,-1,-1,-1
209,-1,1094.3,542.7,23.623,72.869,-0.42647,-1,-1,-1
210,-1,1330.6,532.85,48.246,146.74,2.8429,-1,-1,-1
210,-1,1655.1,552.38,44.948,136.84,1.4502,-1,-1,-1
210,-1,883.2,524.81,21.974,67.922,0.5324,-1,-1,-1
210,-1,1090,543.19,21.974,67.922,0.33732,-1,-1,-1
210,-1,1024.9,518.25,25.39,78.17,0.243,-1,-1,-1
210,-1,325,445,19,59,-0.44325,-1,-1,-1
210,-1,1024.9,433.8,51.78,157.34,-0.48438,-1,-1,-1
211,-1,1333.5,543.19,44.948,136.84,2.5304,-1,-1,-1
211,-1,1655.8,558.32,41.871,127.61,1.7296,-1,-1,-1
211,-1,879.85,532.6,20.435,63.306,0.6205,-1,-1,-1
211,-1,1025.6,524.81,21.974,67.922,0.10695,-1,-1,-1
212,-1,1333.5,543.19,44.948,136.84,2.1317,-1,-1,-1
212,-1,1664.4,558.32,41.871,127.61,1.236,-1,-1,-1
212,-1,879.85,532.6,20.435,63.306,0.77654,-1,-1,-1
212,-1,1025.3,523.01,23.623,72.869,-0.12284,-1,-1,-1
213,-1,1333.5,543.19,44.948,136.84,2.2392,-1,-1,-1
213,-1,1664.4,558.32,41.871,127.61,0.98847,-1,-1,-1
213,-1,878.61,529.4,21.974,67.922,0.46327,-1,-1,-1
213,-1,1162.2,586.86,25.39,78.17,-0.49202,-1,-1,-1
214,-1,1333.5,543.19,44.948,136.84,1.9505,-1,-1,-1
214,-1,1673,558.32,41.871,127.61,0.93276,-1,-1,-1
214,-1,1020.4,527.93,23.623,72.869,-0.24921,-1,-1,-1
214,-1,753.16,495.47,33.822,103.47,-0.44116,-1,-1,-1
214,-1,877.57,532.85,23.623,72.869,-0.45987,-1,-1,-1
215,-1,1333.5,543.19,44.948,136.84,1.6188,-1,-1,-1
215,-1,1673.5,552.38,44.948,136.84,0.98802,-1,-1,-1
215,-1,1222.6,858.74,63.98,193.94,-0.049358,-1,-1,-1
215,-1,83.706,478.86,44.948,136.84,-0.30834,-1,-1,-1
215,-1,1020.4,527.93,23.623,72.869,-0.39829,-1,-1,-1
215,-1,979.69,529.4,21.974,67.922,-0.47564,-1,-1,-1
216,-1,1333.5,552.38,44.948,136.84,1.4888,-1,-1,-1
216,-1,1682.7,552.38,44.948,136.84,0.7617,-1,-1,-1
216,-1,753.16,495.47,33.822,103.47,0.075265,-1,-1,-1
216,-1,1326.6,494.85,63.98,193.94,-0.16654,-1,-1,-1
216,-1,965,537,19,59,-0.40777,-1,-1,-1
216,-1,1021,529.4,21.974,67.922,-0.47596,-1,-1,-1
217,-1,1338.6,558.32,41.871,127.61,1.2189,-1,-1,-1
217,-1,1682.7,552.38,44.948,136.84,0.86658,-1,-1,-1
217,-1,1235.6,871.73,63.98,193.94,-0.44059,-1,-1,-1
218,-1,1338.6,558.32,41.871,127.61,0.88271,-1,-1,-1
218,-1,1691.9,552.38,44.948,136.84,0.23549,-1,-1,-1
218,-1,979.69,529.4,21.974,67.922,-0.34697,-1,-1,-1
218,-1,892.44,446.72,68.644,207.93,-0.48582,-1,-1,-1
219,-1,1342.7,552.38,44.948,136.84,1.1941,-1,-1,-1
219,-1,1701.1,552.38,44.948,136.84,0.033865,-1,-1,-1
219,-1,982.74,532.6,20.435,63.306,-0.46497,-1,-1,-1
219,-1,1074.6,547.63,23.623,72.869,-0.48302,-1,-1,-1
220,-1,1342.7,552.38,44.948,136.84,1.21,-1,-1,-1
220,-1,1701.1,552.38,44.948,136.84,-0.10211,-1,-1,-1
220,-1,981,533,19,59,-0.11693,-1,-1,-1
220,-1,1017,537,19,59,-0.35642,-1,-1,-1
221,-1,1340.5,542.7,48.246,146.74,1.2062,-1,-1,-1
221,-1,1070.1,544.06,27.284,83.853,-0.25697,-1,-1,-1
221,-1,1713,577,39,119,-0.25873,-1,-1,-1
221,-1,979.69,529.4,21.974,67.922,-0.38462,-1,-1,-1
221,-1,1011.9,529.4,21.974,67.922,-0.48585,-1,-1,-1
222,-1,1347.1,549.75,41.871,127.61,0.96839,-1,-1,-1
222,-1,1710.3,552.38,44.948,136.84,-0.067528,-1,-1,-1
222,-1,1070.1,544.06,27.284,83.853,-0.22469,-1,-1,-1
222,-1,979.69,529.4,21.974,67.922,-0.31405,-1,-1,-1
222,-1,877,537,19,59,-0.39108,-1,-1,-1
222,-1,1011.9,529.4,21.974,67.922,-0.39744,-1,-1,-1
222,-1,512.97,602.7,25.39,78.17,-0.46485,-1,-1,-1
222,-1,748.27,494.85,31.49,96.47,-0.47273,-1,-1,-1
222,-1,313,449,19,59,-0.47459,-1,-1,-1
223,-1,1350.3,542.7,48.246,146.74,1.1414,-1,-1,-1
223,-1,979.69,529.4,21.974,67.922,0.08683,-1,-1,-1
223,-1,1721,569,39,119,0.083092,-1,-1,-1
223,-1,1070.1,544.06,27.284,83.853,-0.063908,-1,-1,-1
223,-1,313,449,19,59,-0.32626,-1,-1,-1
223,-1,1012.8,532.6,20.435,63.306,-0.35945,-1,-1,-1
224,-1,1350.3,542.7,48.246,146.74,1.299,-1,-1,-1
224,-1,979.69,529.4,21.974,67.922,0.29087,-1,-1,-1
224,-1,1070.1,544.06,27.284,83.853,0.0090164,-1,-1,-1
224,-1,1724.4,566.9,41.871,127.61,-0.28457,-1,-1,-1
224,-1,877,537,19,59,-0.31974,-1,-1,-1
225,-1,1351.9,543.19,44.948,136.84,1.5434,-1,-1,-1
225,-1,1737,569,39,119,0.22473,-1,-1,-1
225,-1,1070.1,544.06,27.284,83.853,0.024198,-1,-1,-1
225,-1,980.99,527.93,23.623,72.869,-0.054479,-1,-1,-1
225,-1,510.12,600.63,27.284,83.853,-0.2699,-1,-1,-1
225,-1,1338.2,488.51,68.644,207.93,-0.38959,-1,-1,-1
226,-1,1350.3,542.7,48.246,146.74,1.5363,-1,-1,-1
226,-1,1744.3,542.7,48.246,146.74,0.17356,-1,-1,-1
226,-1,980.99,527.93,23.623,72.869,-0.11104,-1,-1,-1
226,-1,1067.2,549.92,25.39,78.17,-0.15235,-1,-1,-1
226,-1,1010.5,527.93,23.623,72.869,-0.41585,-1,-1,-1
226,-1,6.6569,594.97,27.284,83.853,-0.48767,-1,-1,-1
227,-1,1350.3,542.7,48.246,146.74,2.3119,-1,-1,-1
227,-1,1754.1,542.7,48.246,146.74,0.79623,-1,-1,-1
227,-1,1209,561,39,119,-0.21595,-1,-1,-1
227,-1,1344.6,478.71,73.643,222.93,-0.24293,-1,-1,-1
227,-1,1121,513,39,119,-0.25587,-1,-1,-1
227,-1,1094.6,901.58,44.948,136.84,-0.4818,-1,-1,-1
227,-1,511.02,612.11,21.974,67.922,-0.48637,-1,-1,-1
228,-1,1360.2,542.7,48.246,146.74,2.7572,-1,-1,-1
228,-1,1756.2,543.19,44.948,136.84,0.73954,-1,-1,-1
228,-1,1338.2,488.51,68.644,207.93,0.022341,-1,-1,-1
228,-1,1217,561,39,119,-0.40749,-1,-1,-1
228,-1,1098.5,918.44,41.871,127.61,-0.41913,-1,-1,-1
228,-1,1121,513,39,119,-0.44457,-1,-1,-1
228,-1,858.42,566.9,84.742,256.23,-0.49206,-1,-1,-1
229,-1,1360.2,542.7,48.246,146.74,2.2115,-1,-1,-1
229,-1,1764,542.7,48.246,146.74,1.3231,-1,-1,-1
229,-1,1217,561,39,119,-0.092648,-1,-1,-1
229,-1,1338.2,488.51,68.644,207.93,-0.27932,-1,-1,-1
229,-1,745,497,39,119,-0.37976,-1,-1,-1
229,-1,1121,513,39,119,-0.39719,-1,-1,-1
230,-1,1360.2,542.7,48.246,146.74,1.8519,-1,-1,-1
230,-1,1773.8,542.7,48.246,146.74,1.0177,-1,-1,-1
230,-1,1064.5,549.71,27.284,83.853,0.046266,-1,-1,-1
230,-1,1217,561,39,119,-0.35474,-1,-1,-1
230,-1,43.224,486.58,51.78,157.34,-0.35999,-1,-1,-1
230,-1,1344.6,478.71,73.643,222.93,-0.45498,-1,-1,-1
231,-1,1362.7,539.36,51.78,157.34,1.9863,-1,-1,-1
231,-1,1783.7,542.7,48.246,146.74,1.3599,-1,-1,-1
231,-1,1061.9,549.92,25.39,78.17,0.016636,-1,-1,-1
231,-1,1344.6,478.71,73.643,222.93,-0.35113,-1,-1,-1
231,-1,961.6,518.25,51.78,157.34,-0.38026,-1,-1,-1
231,-1,313,453,19,59,-0.43614,-1,-1,-1
231,-1,1225,561,39,119,-0.48946,-1,-1,-1
231,-1,1121,513,39,119,-0.495,-1,-1,-1
232,-1,1370.2,552.38,44.948,136.84,1.3645,-1,-1,-1
232,-1,1793.5,542.7,48.246,146.74,0.9151,-1,-1,-1
232,-1,1121,513,39,119,-0.098698,-1,-1,-1
232,-1,982.74,532.6,20.435,63.306,-0.26292,-1,-1,-1
232,-1,1359.5,478.71,73.643,222.93,-0.27757,-1,-1,-1
232,-1,281,465,39,119,-0.38329,-1,-1,-1
232,-1,313,453,19,59,-0.4203,-1,-1,-1
232,-1,1225,561,39,119,-0.43497,-1,-1,-1
232,-1,961.6,518.25,51.78,157.34,-0.45951,-1,-1,-1
233,-1,1370.2,552.38,44.948,136.84,1.7801,-1,-1,-1
233,-1,1803.4,542.7,48.246,146.74,0.75549,-1,-1,-1
233,-1,1365.6,494.85,63.98,193.94,0.019466,-1,-1,-1
233,-1,313,453,19,59,-0.019827,-1,-1,-1
233,-1,1201,433,79,239,-0.27422,-1,-1,-1
233,-1,982.74,532.6,20.435,63.306,-0.31786,-1,-1,-1
233,-1,1129,513,39,119,-0.43895,-1,-1,-1
234,-1,1370,542.7,48.246,146.74,1.6945,-1,-1,-1
234,-1,1813.2,542.7,48.246,146.74,0.46642,-1,-1,-1
234,-1,313,449,19,59,0.23041,-1,-1,-1
234,-1,1062,540.6,29.314,89.943,0.18677,-1,-1,-1
234,-1,1359.5,478.71,73.643,222.93,0.11177,-1,-1,-1
234,-1,980.99,527.93,23.623,72.869,0.0026812,-1,-1,-1
234,-1,1129,513,39,119,-0.3203,-1,-1,-1
234,-1,30.547,404.82,48.246,146.74,-0.39796,-1,-1,-1
234,-1,1087.1,510.12,55.569,168.71,-0.4947,-1,-1,-1
235,-1,1370.2,552.38,44.948,136.84,1.9914,-1,-1,-1
235,-1,1823.1,542.7,48.246,146.74,0.66712,-1,-1,-1
235,-1,1121,513,39,119,0.26973,-1,-1,-1
235,-1,984.29,529.4,21.974,67.922,0.074534,-1,-1,-1
235,-1,1089,521,39,119,-0.023142,-1,-1,-1
235,-1,1359.5,478.71,73.643,222.93,-0.075959,-1,-1,-1
235,-1,1061.9,549.92,25.39,78.17,-0.095037,-1,-1,-1
235,-1,313,449,19,59,-0.33282,-1,-1,-1
235,-1,1098.8,518.25,51.78,157.34,-0.48924,-1,-1,-1
236,-1,1373.3,539.36,51.78,157.34,1.6844,-1,-1,-1
236,-1,1827.2,539.36,51.78,157.34,0.57268,-1,-1,-1
236,-1,1121,513,39,119,-0.18967,-1,-1,-1
236,-1,1089,521,39,119,-0.20327,-1,-1,-1
236,-1,1062,540.6,29.314,89.943,-0.25245,-1,-1,-1
236,-1,1361,465,79,239,-0.33178,-1,-1,-1
237,-1,1373.3,539.36,51.78,157.34,2.0764,-1,-1,-1
237,-1,1842.8,542.7,48.246,146.74,0.53355,-1,-1,-1
237,-1,1064.5,544.06,27.284,83.853,0.28742,-1,-1,-1
237,-1,1374.4,478.71,73.643,222.93,-0.13633,-1,-1,-1
237,-1,357.38,487.49,27.284,83.853,-0.47411,-1,-1,-1
237,-1,1141.4,506.88,41.871,127.61,-0.48406,-1,-1,-1
238,-1,1383.8,539.36,51.78,157.34,2.0609,-1,-1,-1
238,-1,1845.1,532.74,55.569,168.71,0.58084,-1,-1,-1
238,-1,1374.4,478.71,73.643,222.93,-0.40371,-1,-1,-1
239,-1,1383.8,539.36,51.78,157.34,1.8028,-1,-1,-1
239,-1,1858.9,528.8,51.78,157.34,0.2535,-1,-1,-1
239,-1,321,445,19,59,0.040253,-1,-1,-1
239,-1,1374.4,493.64,73.643,222.93,-0.24446,-1,-1,-1
239,-1,691.22,498.3,20.435,63.306,-0.37915,-1,-1,-1
239,-1,1064.2,541.17,41.871,127.61,-0.44003,-1,-1,-1
239,-1,1121,513,39,119,-0.46079,-1,-1,-1
240,-1,1392.6,532.74,55.569,168.71,1.0673,-1,-1,-1
240,-1,1875.7,543.19,44.948,136.84,0.014174,-1,-1,-1
240,-1,321,445,19,59,-0.46978,-1,-1,-1
241,-1,1394.4,539.36,51.78,157.34,1.583,-1,-1,-1
241,-1,321,445,19,59,0.057187,-1,-1,-1
241,-1,1132.8,506.88,41.871,127.61,-0.25752,-1,-1,-1
241,-1,1389.4,478.71,73.643,222.93,-0.37993,-1,-1,-1
242,-1,1394.4,539.36,51.78,157.34,1.7742,-1,-1,-1
242,-1,1132.8,506.88,41.871,127.61,-0.47722,-1,-1,-1
243,-1,1407,543.19,44.948,136.84,1.5571,-1,-1,-1
243,-1,1393.9,502.44,68.644,207.93,0.063047,-1,-1,-1
243,-1,1278.6,566.9,41.871,127.61,-0.45454,-1,-1,-1
244,-1,1407,543.19,44.948,136.84,1.7365,-1,-1,-1
244,-1,1287.5,561.56,44.948,136.84,-0.2513,-1,-1,-1
244,-1,1128.7,498.16,59.629,180.89,-0.27839,-1,-1,-1
244,-1,1463,191.01,25.39,78.17,-0.34724,-1,-1,-1
244,-1,295.07,442.1,44.948,136.84,-0.49393,-1,-1,-1
245,-1,1415.5,539.36,51.78,157.34,1.1554,-1,-1,-1
245,-1,1140.8,498.16,59.629,180.89,0.23784,-1,-1,-1
245,-1,296.47,444.21,48.246,146.74,-0.40587,-1,-1,-1
245,-1,1270,412.56,84.742,256.23,-0.42166,-1,-1,-1
245,-1,23.627,476.18,55.569,168.71,-0.46451,-1,-1,-1
246,-1,1419.3,542.7,48.246,146.74,1.4271,-1,-1,-1
246,-1,1281,417,79,239,-0.19418,-1,-1,-1
246,-1,1431.8,534.53,59.629,180.89,-0.26775,-1,-1,-1
246,-1,1129,521,39,119,-0.49339,-1,-1,-1
247,-1,1426.1,539.36,51.78,157.34,1.0986,-1,-1,-1
247,-1,914.15,532.6,20.435,63.306,-0.020565,-1,-1,-1
247,-1,1287.1,412.56,84.742,256.23,-0.064536,-1,-1,-1
247,-1,23.627,476.18,55.569,168.71,-0.29961,-1,-1,-1
248,-1,1429.1,542.7,48.246,146.74,1.3701,-1,-1,-1
248,-1,917,533,19,59,-0.029985,-1,-1,-1
248,-1,1320.8,562.4,48.246,146.74,-0.21659,-1,-1,-1
248,-1,1444,534.53,59.629,180.89,-0.36052,-1,-1,-1
248,-1,1313,449,159,479,-0.46286,-1,-1,-1
249,-1,1436.6,539.36,51.78,157.34,1.1923,-1,-1,-1
249,-1,921,533,19,59,0.56061,-1,-1,-1
249,-1,1330.6,562.4,48.246,146.74,-0.12561,-1,-1,-1
249,-1,81,529,39,119,-0.28176,-1,-1,-1
249,-1,1304.3,412.56,84.742,256.23,-0.39487,-1,-1,-1
250,-1,1437.8,532.74,55.569,168.71,1.2862,-1,-1,-1
250,-1,924.55,529.4,21.974,67.922,0.0045974,-1,-1,-1
250,-1,1333.5,570.75,44.948,136.84,-0.14504,-1,-1,-1
250,-1,1313,417,79,239,-0.39453,-1,-1,-1
251,-1,1448.8,542.7,48.246,146.74,1.8813,-1,-1,-1
251,-1,927.01,532.6,20.435,63.306,0.55523,-1,-1,-1
251,-1,1456.6,520.84,63.98,193.94,0.27281,-1,-1,-1
251,-1,1338.6,446.86,170.48,513.45,-0.29071,-1,-1,-1
252,-1,1457.7,539.36,51.78,157.34,1.7509,-1,-1,-1
252,-1,931.3,532.6,20.435,63.306,0.16143,-1,-1,-1
252,-1,1449.1,493.64,73.643,222.93,0.15077,-1,-1,-1
252,-1,1329,417,79,239,-0.15478,-1,-1,-1
253,-1,1457.7,539.36,51.78,157.34,1.7297,-1,-1,-1
253,-1,1458.6,446.86,84.742,256.23,-0.10573,-1,-1,-1
253,-1,1338.6,412.56,84.742,256.23,-0.1155,-1,-1,-1
253,-1,933.74,529.4,21.974,67.922,-0.45085,-1,-1,-1
254,-1,1468.2,522.41,59.629,180.89,1.486,-1,-1,-1
254,-1,939.87,532.6,20.435,63.306,-0.19748,-1,-1,-1
254,-1,1355.7,412.56,84.742,256.23,-0.24431,-1,-1,-1
254,-1,1361.1,442.1,182.79,550.38,-0.38205,-1,-1,-1
255,-1,1478.8,539.36,51.78,157.34,1.8097,-1,-1,-1
255,-1,1464,493.64,73.643,222.93,0.0135,-1,-1,-1
255,-1,1361.1,442.1,182.79,550.38,-0.33461,-1,-1,-1
255,-1,972.16,423.24,104.56,315.68,-0.3598,-1,-1,-1
255,-1,1304.5,522.41,29.314,89.943,-0.37993,-1,-1,-1
255,-1,947.53,529.4,21.974,67.922,-0.4014,-1,-1,-1
256,-1,1488.2,542.7,48.246,146.74,1.5333,-1,-1,-1
256,-1,1495.5,520.84,63.98,193.94,0.27321,-1,-1,-1
257,-1,1494.4,532.74,55.569,168.71,1.8518,-1,-1,-1
257,-1,956.72,529.4,21.974,67.922,-0.028259,-1,-1,-1
257,-1,1457.7,402.13,104.56,315.68,-0.22451,-1,-1,-1
257,-1,1352.2,423.24,210.12,632.36,-0.32159,-1,-1,-1
257,-1,993.27,423.24,104.56,315.68,-0.34912,-1,-1,-1
258,-1,1505.7,532.74,55.569,168.71,1.3431,-1,-1,-1
258,-1,1478.4,414.66,97.492,294.47,0.10111,-1,-1,-1
258,-1,961.31,532.6,20.435,63.306,-0.048942,-1,-1,-1
258,-1,996.61,408.29,112.14,338.41,-0.27107,-1,-1,-1
258,-1,1128.7,546.66,29.314,89.943,-0.27881,-1,-1,-1
258,-1,1379.9,434.36,195.98,589.95,-0.31208,-1,-1,-1
258,-1,129,593,39,119,-0.43955,-1,-1,-1
259,-1,1505.7,532.74,55.569,168.71,1.1105,-1,-1,-1
259,-1,965.91,529.4,21.974,67.922,0.41825,-1,-1,-1
259,-1,1471.8,385.67,112.14,338.41,-0.16468,-1,-1,-1
259,-1,1131.7,546.83,31.49,96.47,-0.23617,-1,-1,-1
260,-1,1517,532.74,55.569,168.71,0.41798,-1,-1,-1
260,-1,1498.1,394.97,97.492,294.47,-0.1655,-1,-1,-1
260,-1,1136.2,544.22,33.822,103.47,-0.18242,-1,-1,-1
260,-1,970.5,529.4,21.974,67.922,-0.24436,-1,-1,-1
260,-1,917,513,19,59,-0.36133,-1,-1,-1
260,-1,137,593,39,119,-0.3659,-1,-1,-1
260,-1,1019.2,408.29,112.14,338.41,-0.4428,-1,-1,-1
261,-1,1528.4,532.74,55.569,168.71,0.34616,-1,-1,-1
261,-1,1185,521,39,119,0.21512,-1,-1,-1
261,-1,978.46,532.6,20.435,63.306,0.043163,-1,-1,-1
261,-1,987.99,977.44,25.39,78.17,-0.41296,-1,-1,-1
261,-1,137,593,39,119,-0.43884,-1,-1,-1
261,-1,1019.2,408.29,112.14,338.41,-0.44316,-1,-1,-1
261,-1,1143.2,544.22,33.822,103.47,-0.46933,-1,-1,-1
262,-1,982.74,532.6,20.435,63.306,0.13532,-1,-1,-1
262,-1,1185,521,39,119,-0.2295,-1,-1,-1
262,-1,755.53,901.29,41.871,127.61,-0.2496,-1,-1,-1
262,-1,1534.5,520.84,63.98,193.94,-0.44639,-1,-1,-1
263,-1,987.03,532.6,20.435,63.306,0.26578,-1,-1,-1
263,-1,145,593,39,119,-0.27345,-1,-1,-1
263,-1,1193,521,39,119,-0.32038,-1,-1,-1
264,-1,1201.4,515.45,41.871,127.61,0.32055,-1,-1,-1
264,-1,990.84,527.93,23.623,72.869,0.0042677,-1,-1,-1
264,-1,385.12,463.91,48.246,146.74,-0.48298,-1,-1,-1
265,-1,1201,521,39,119,0.2341,-1,-1,-1
265,-1,394.97,454.06,48.246,146.74,-0.12897,-1,-1,-1
266,-1,1210,515.45,41.871,127.61,0.66461,-1,-1,-1
266,-1,1004.2,532.6,20.435,63.306,-0.025352,-1,-1,-1
266,-1,153,593,39,119,-0.43355,-1,-1,-1
266,-1,402.13,454.91,51.78,157.34,-0.49305,-1,-1,-1
267,-1,1217,529,39,119,0.99454,-1,-1,-1
267,-1,1007.3,534,21.974,67.922,0.30064,-1,-1,-1
267,-1,1528.8,583.04,59.629,180.89,-0.063967,-1,-1,-1
267,-1,13.126,619.41,29.314,89.943,-0.33968,-1,-1,-1
267,-1,952.73,515.45,20.435,63.306,-0.3709,-1,-1,-1
268,-1,957.02,515.45,20.435,63.306,0.26752,-1,-1,-1
268,-1,1218.5,524.03,41.871,127.61,-0.011268,-1,-1,-1
268,-1,1534.5,585.82,63.98,193.94,-0.19985,-1,-1,-1
268,-1,161,593,39,119,-0.23414,-1,-1,-1
268,-1,1011.9,534,21.974,67.922,-0.36521,-1,-1,-1
268,-1,809.68,658.06,21.974,67.922,-0.49079,-1,-1,-1
269,-1,1547.5,585.82,63.98,193.94,0.8935,-1,-1,-1
269,-1,965,517,19,59,-0.025505,-1,-1,-1
269,-1,19.189,613.35,29.314,89.943,-0.11533,-1,-1,-1
269,-1,161,593,39,119,-0.15902,-1,-1,-1
269,-1,173.36,370.34,23.623,72.869,-0.493,-1,-1,-1
270,-1,1565.2,595.16,59.629,180.89,1.26,-1,-1,-1
270,-1,153,593,39,119,-0.23287,-1,-1,-1
270,-1,1025.3,527.93,23.623,72.869,-0.26986,-1,-1,-1
270,-1,20.494,611.81,31.49,96.47,-0.28853,-1,-1,-1
271,-1,1586.5,585.82,63.98,193.94,1.2933,-1,-1,-1
271,-1,985.92,473.76,48.246,146.74,-0.060741,-1,-1,-1
271,-1,153,593,39,119,-0.38075,-1,-1,-1
272,-1,1599.5,598.82,63.98,193.94,2.0725,-1,-1,-1
272,-1,1581.6,534,90.896,274.69,-0.32026,-1,-1,-1
272,-1,1035.2,527.93,23.623,72.869,-0.36106,-1,-1,-1
272,-1,9,593,39,119,-0.46137,-1,-1,-1
273,-1,1616.7,586.01,68.644,207.93,1.3587,-1,-1,-1
273,-1,25,593,39,119,-0.25713,-1,-1,-1
273,-1,1041,533,19,59,-0.41564,-1,-1,-1
273,-1,161,593,39,119,-0.46031,-1,-1,-1
274,-1,1628.2,583.21,73.643,222.93,1.2706,-1,-1,-1
274,-1,31.314,613.35,29.314,89.943,0.045903,-1,-1,-1
274,-1,1087.1,521.43,27.284,83.853,-0.31685,-1,-1,-1
274,-1,1049.9,527.93,23.623,72.869,-0.37226,-1,-1,-1
274,-1,177,585,39,119,-0.37733,-1,-1,-1
274,-1,9,593,39,119,-0.42773,-1,-1,-1
275,-1,1644.6,586.01,68.644,207.93,0.77843,-1,-1,-1
275,-1,1636,532.85,97.492,294.47,0.064467,-1,-1,-1
275,-1,33.49,611.81,31.49,96.47,-0.17169,-1,-1,-1
275,-1,1053.2,529.4,21.974,67.922,-0.28971,-1,-1,-1
275,-1,17,593,39,119,-0.41828,-1,-1,-1
276,-1,1658.5,599.94,68.644,207.93,0.74406,-1,-1,-1
276,-1,17,593,39,119,-0.21676,-1,-1,-1
276,-1,169,593,39,119,-0.2542,-1,-1,-1
276,-1,1059.9,532.6,20.435,63.306,-0.29819,-1,-1,-1
276,-1,444.35,444.35,51.78,157.34,-0.49851,-1,-1,-1
277,-1,1681,593,79,239,0.44408,-1,-1,-1
277,-1,185,585,39,119,-0.17498,-1,-1,-1
277,-1,26.723,584.04,41.871,127.61,-0.25884,-1,-1,-1
277,-1,1067,529.4,21.974,67.922,-0.29726,-1,-1,-1
278,-1,35.822,606.9,33.822,103.47,-0.0007741,-1,-1,-1
278,-1,1167.1,524.03,41.871,127.61,-0.23819,-1,-1,-1
278,-1,17,593,39,119,-0.37896,-1,-1,-1
278,-1,1071.6,529.4,21.974,67.922,-0.40827,-1,-1,-1
278,-1,185,585,39,119,-0.47202,-1,-1,-1
279,-1,1175.7,524.03,41.871,127.61,-0.066995,-1,-1,-1
279,-1,966.22,552.55,48.246,146.74,-0.11908,-1,-1,-1
279,-1,43.44,613.35,29.314,89.943,-0.15587,-1,-1,-1
279,-1,25,593,39,119,-0.19472,-1,-1,-1
279,-1,1076.2,529.4,21.974,67.922,-0.21463,-1,-1,-1
279,-1,469,437,19,59,-0.2432,-1,-1,-1
279,-1,465.47,444.35,51.78,157.34,-0.28422,-1,-1,-1
279,-1,1717.8,598.14,73.643,222.93,-0.39211,-1,-1,-1
279,-1,185,585,39,119,-0.39586,-1,-1,-1
279,-1,1109.4,528.8,25.39,78.17,-0.4037,-1,-1,-1
279,-1,1149,549,19,59,-0.46185,-1,-1,-1
280,-1,1729,609,79,239,0.51724,-1,-1,-1
280,-1,976.07,562.4,48.246,146.74,0.077781,-1,-1,-1
280,-1,185,593,39,119,0.0061016,-1,-1,-1
280,-1,38.321,605.61,36.321,110.96,-0.020934,-1,-1,-1
280,-1,1115.4,527.09,27.284,83.853,-0.15855,-1,-1,-1
280,-1,1873,273,39,119,-0.18787,-1,-1,-1
280,-1,18.148,592.62,41.871,127.61,-0.2924,-1,-1,-1
280,-1,1175.7,524.03,41.871,127.61,-0.29487,-1,-1,-1
281,-1,1724.6,542.7,48.246,146.74,0.31538,-1,-1,-1
281,-1,1745,593,79,239,0.19173,-1,-1,-1
281,-1,1119.9,528.8,25.39,78.17,-0.060429,-1,-1,-1
281,-1,46.486,618.31,31.49,96.47,-0.1062,-1,-1,-1
281,-1,1729,353,159,479,-0.31793,-1,-1,-1
281,-1,193,593,39,119,-0.33725,-1,-1,-1
281,-1,993.27,560.47,51.78,157.34,-0.38262,-1,-1,-1
281,-1,1081,505,39,119,-0.3992,-1,-1,-1
281,-1,25,601,39,119,-0.43766,-1,-1,-1
282,-1,1732,544.06,55.569,168.71,0.70284,-1,-1,-1
282,-1,995.76,562.4,48.246,146.74,-0.32596,-1,-1,-1
282,-1,1126.7,527.09,27.284,83.853,-0.35164,-1,-1,-1
282,-1,1235.7,549.75,41.871,127.61,-0.35227,-1,-1,-1
282,-1,46.486,618.31,31.49,96.47,-0.35918,-1,-1,-1
282,-1,1287.5,368.58,182.79,550.38,-0.45452,-1,-1,-1
282,-1,1086.2,507.85,31.49,96.47,-0.46138,-1,-1,-1
282,-1,476.02,444.35,51.78,157.34,-0.48841,-1,-1,-1
282,-1,18.148,592.62,41.871,127.61,-0.49254,-1,-1,-1
283,-1,1742.5,533.84,63.98,193.94,1.596,-1,-1,-1
283,-1,1241,553,39,119,0.098616,-1,-1,-1
283,-1,1792.4,613.07,73.643,222.93,-0.0010511,-1,-1,-1
283,-1,476.02,444.35,51.78,157.34,-0.011533,-1,-1,-1
283,-1,25,601,39,119,-0.15666,-1,-1,-1
283,-1,1124.2,506.88,41.871,127.61,-0.34353,-1,-1,-1
283,-1,1188.9,510.12,55.569,168.71,-0.4251,-1,-1,-1
283,-1,185,601,39,119,-0.46422,-1,-1,-1
284,-1,1759.2,546.66,59.629,180.89,1.5961,-1,-1,-1
284,-1,1809,609,79,239,1.098,-1,-1,-1
284,-1,1249,553,39,119,0.21557,-1,-1,-1
284,-1,1297,537,39,119,0.085916,-1,-1,-1
284,-1,45.786,613.07,36.321,110.96,-0.26885,-1,-1,-1
284,-1,1138,521.43,27.284,83.853,-0.29228,-1,-1,-1
284,-1,25,601,39,119,-0.36238,-1,-1,-1
284,-1,1003.8,560.47,51.78,157.34,-0.44238,-1,-1,-1
285,-1,1771.4,546.66,59.629,180.89,1.4142,-1,-1,-1
285,-1,1825,609,79,239,1.07,-1,-1,-1
285,-1,1305,537,39,119,0.40426,-1,-1,-1
285,-1,1257,553,39,119,0.29133,-1,-1,-1
285,-1,33,609,39,119,0.025594,-1,-1,-1
285,-1,1014.4,560.47,51.78,157.34,-0.02764,-1,-1,-1
285,-1,1141.1,528.8,25.39,78.17,-0.3926,-1,-1,-1
285,-1,486.58,444.35,51.78,157.34,-0.41527,-1,-1,-1
285,-1,206.78,592.62,41.871,127.61,-0.47346,-1,-1,-1
286,-1,1781.5,533.84,63.98,193.94,1.9509,-1,-1,-1
286,-1,1257,553,39,119,0.90203,-1,-1,-1
286,-1,43.871,601.19,41.871,127.61,0.2807,-1,-1,-1
286,-1,1841,609,79,239,-0.1237,-1,-1,-1
286,-1,1304.3,532.6,41.871,127.61,-0.14983,-1,-1,-1
286,-1,1192.7,527.93,23.623,72.869,-0.24998,-1,-1,-1
286,-1,1161,489,39,119,-0.33813,-1,-1,-1
286,-1,487.49,442.23,55.569,168.71,-0.34121,-1,-1,-1
286,-1,1185,513,39,119,-0.37865,-1,-1,-1
286,-1,1024.9,560.47,51.78,157.34,-0.39951,-1,-1,-1
287,-1,1795.6,546.66,59.629,180.89,1.9155,-1,-1,-1
287,-1,1265,553,39,119,0.65096,-1,-1,-1
287,-1,26.723,601.19,41.871,127.61,0.21115,-1,-1,-1
287,-1,1305,537,39,119,-0.096812,-1,-1,-1
287,-1,57,601,39,119,-0.25654,-1,-1,-1
287,-1,209,601,39,119,-0.28859,-1,-1,-1
288,-1,1807.4,533.84,63.98,193.94,2.4071,-1,-1,-1
288,-1,1270,549.75,41.871,127.61,1.1731,-1,-1,-1
288,-1,61.019,601.19,41.871,127.61,0.036848,-1,-1,-1
288,-1,33,609,39,119,-0.020854,-1,-1,-1
288,-1,1312.9,532.6,41.871,127.61,-0.2008,-1,-1,-1
288,-1,1169,489,39,119,-0.35211,-1,-1,-1
288,-1,498.8,442.23,55.569,168.71,-0.37951,-1,-1,-1
289,-1,1819.9,546.66,59.629,180.89,2.0715,-1,-1,-1
289,-1,1273,553,39,119,1.2328,-1,-1,-1
289,-1,33,609,39,119,0.2343,-1,-1,-1
289,-1,1321,537,39,119,0.14414,-1,-1,-1
289,-1,1818.7,515.45,84.742,256.23,0.11636,-1,-1,-1
289,-1,56.715,627.8,33.822,103.47,-0.10208,-1,-1,-1
289,-1,209,601,39,119,-0.16114,-1,-1,-1
289,-1,507.69,444.35,51.78,157.34,-0.23369,-1,-1,-1
289,-1,50.246,591.95,48.246,146.74,-0.40294,-1,-1,-1
290,-1,1825.7,530.29,68.644,207.93,2.0453,-1,-1,-1
290,-1,1281,553,39,119,1.0824,-1,-1,-1
290,-1,33,609,39,119,0.47183,-1,-1,-1
290,-1,1324.3,524.81,44.948,136.84,0.27793,-1,-1,-1
290,-1,510.12,442.23,55.569,168.71,0.039485,-1,-1,-1
290,-1,57,617,39,119,-0.029494,-1,-1,-1
290,-1,1212.8,516.37,33.822,103.47,-0.20316,-1,-1,-1
290,-1,201,609,39,119,-0.37743,-1,-1,-1
290,-1,1177,489,39,119,-0.39756,-1,-1,-1
290,-1,1002.7,488.05,44.948,136.84,-0.49875,-1,-1,-1
291,-1,1839.6,530.29,68.644,207.93,1.851,-1,-1,-1
291,-1,1281,553,39,119,0.38429,-1,-1,-1
291,-1,37.758,607.51,44.948,136.84,0.30683,-1,-1,-1
291,-1,1329,537,39,119,-0.082628,-1,-1,-1
291,-1,510.12,442.23,55.569,168.71,-0.13496,-1,-1,-1
291,-1,65,609,39,119,-0.15549,-1,-1,-1
291,-1,1217,505,39,119,-0.21946,-1,-1,-1
291,-1,209,609,39,119,-0.34102,-1,-1,-1
292,-1,1859.4,546.83,63.98,193.94,1.6578,-1,-1,-1
292,-1,1289,553,39,119,0.42589,-1,-1,-1
292,-1,37.758,607.51,44.948,136.84,0.2398,-1,-1,-1
292,-1,1330,532.6,41.871,127.61,0.20694,-1,-1,-1
292,-1,215.35,601.19,41.871,127.61,-0.2851,-1,-1,-1
292,-1,60.095,601.8,48.246,146.74,-0.42606,-1,-1,-1
292,-1,1351.9,524.81,44.948,136.84,-0.44167,-1,-1,-1
292,-1,1193,489,39,119,-0.46287,-1,-1,-1
292,-1,521.43,442.23,55.569,168.71,-0.48258,-1,-1,-1
293,-1,1872.4,546.83,63.98,193.94,0.72082,-1,-1,-1
293,-1,41,617,39,119,0.27906,-1,-1,-1
293,-1,61.019,609.77,41.871,127.61,0.13834,-1,-1,-1
293,-1,209,609,39,119,0.026323,-1,-1,-1
293,-1,1351.9,534,44.948,136.84,-0.13438,-1,-1,-1
293,-1,1297,553,39,119,-0.38364,-1,-1,-1
294,-1,1295.7,558.32,41.871,127.61,0.36834,-1,-1,-1
294,-1,1369,537,39,119,0.27632,-1,-1,-1
294,-1,41,617,39,119,0.17627,-1,-1,-1
294,-1,1528.8,473.9,59.629,180.89,-0.17402,-1,-1,-1
294,-1,56.138,607.51,44.948,136.84,-0.20342,-1,-1,-1
294,-1,209,617,39,119,-0.20585,-1,-1,-1
294,-1,521.43,442.23,55.569,168.71,-0.45434,-1,-1,-1
295,-1,41,617,39,119,0.30012,-1,-1,-1
295,-1,1369,545,39,119,0.29303,-1,-1,-1
295,-1,215.35,609.77,41.871,127.61,0.19216,-1,-1,-1
295,-1,1305,561,39,119,0.052583,-1,-1,-1
295,-1,1342.7,534,44.948,136.84,-0.067312,-1,-1,-1
295,-1,56.138,607.51,44.948,136.84,-0.20998,-1,-1,-1
295,-1,1534.5,468.86,63.98,193.94,-0.28285,-1,-1,-1
296,-1,1347.1,541.17,41.871,127.61,0.14546,-1,-1,-1
296,-1,41,617,39,119,0.031346,-1,-1,-1
296,-1,65,625,39,119,-0.045035,-1,-1,-1
296,-1,223.93,609.77,41.871,127.61,-0.12096,-1,-1,-1
296,-1,1313,569,39,119,-0.22578,-1,-1,-1
296,-1,1377,545,39,119,-0.24495,-1,-1,-1
296,-1,1137,505,39,119,-0.31197,-1,-1,-1
296,-1,210,523.5,73.643,222.93,-0.47573,-1,-1,-1
296,-1,1103.8,561.56,44.948,136.84,-0.48471,-1,-1,-1
297,-1,56.138,607.51,44.948,136.84,0.13991,-1,-1,-1
297,-1,1109,513,19,59,-0.039307,-1,-1,-1
297,-1,223.93,609.77,41.871,127.61,-0.096192,-1,-1,-1
297,-1,1377,545,39,119,-0.30844,-1,-1,-1
297,-1,1313,569,39,119,-0.47093,-1,-1,-1
298,-1,41,617,39,119,0.40512,-1,-1,-1
298,-1,215.35,609.77,41.871,127.61,0.095735,-1,-1,-1
298,-1,56.138,607.51,44.948,136.84,0.045599,-1,-1,-1
298,-1,1113,509,19,59,-0.24456,-1,-1,-1
298,-1,1249,505,39,119,-0.32249,-1,-1,-1
298,-1,1553,505,39,119,-0.32321,-1,-1,-1
298,-1,1390,541.17,41.871,127.61,-0.44342,-1,-1,-1
299,-1,41,617,39,119,0.42347,-1,-1,-1
299,-1,1393,553,39,119,0.35163,-1,-1,-1
299,-1,70.644,634.76,33.822,103.47,-0.11418,-1,-1,-1
299,-1,215.35,609.77,41.871,127.61,-0.14346,-1,-1,-1
299,-1,60.095,601.8,48.246,146.74,-0.15434,-1,-1,-1
299,-1,1073,497,79,239,-0.31463,-1,-1,-1
299,-1,539.36,444.35,51.78,157.34,-0.46151,-1,-1,-1
300,-1,1398.6,549.75,41.871,127.61,0.45406,-1,-1,-1
300,-1,41,625,39,119,0.13255,-1,-1,-1
300,-1,1125,513,19,59,0.012132,-1,-1,-1
300,-1,1286.3,528.47,29.314,89.943,-0.010381,-1,-1,-1
300,-1,233,617,39,119,-0.10059,-1,-1,-1
300,-1,65.327,607.51,44.948,136.84,-0.11277,-1,-1,-1
300,-1,1087.4,516.37,68.644,207.93,-0.35255,-1,-1,-1
301,-1,43.871,618.34,41.871,127.61,0.32142,-1,-1,-1
301,-1,1409,553,39,119,0.065565,-1,-1,-1
301,-1,1153.4,562.4,48.246,146.74,-0.25319,-1,-1,-1
301,-1,233,617,39,119,-0.25378,-1,-1,-1
301,-1,1101.4,516.37,68.644,207.93,-0.31535,-1,-1,-1
301,-1,60.095,611.65,48.246,146.74,-0.32845,-1,-1,-1
301,-1,1577,513,39,119,-0.33622,-1,-1,-1
301,-1,1290.8,532.74,27.284,83.853,-0.3709,-1,-1,-1
302,-1,43.871,618.34,41.871,127.61,0.11023,-1,-1,-1
302,-1,1407.2,549.75,41.871,127.61,0.10415,-1,-1,-1
302,-1,1133,513,19,59,-0.039709,-1,-1,-1
302,-1,1105.7,533.84,63.98,193.94,-0.26502,-1,-1,-1
302,-1,217,617,39,119,-0.26743,-1,-1,-1
302,-1,546.66,437.53,59.629,180.89,-0.28479,-1,-1,-1
302,-1,1441.5,609.77,20.435,63.306,-0.31967,-1,-1,-1
302,-1,70.644,634.76,33.822,103.47,-0.41546,-1,-1,-1
302,-1,1168.1,570.75,44.948,136.84,-0.42507,-1,-1,-1
302,-1,461.78,552.72,29.314,89.943,-0.44049,-1,-1,-1
302,-1,1294.1,527.34,31.49,96.47,-0.47012,-1,-1,-1
303,-1,41,625,39,119,0.29162,-1,-1,-1
303,-1,65,633,39,119,0.098425,-1,-1,-1
303,-1,1601,521,39,119,-0.13468,-1,-1,-1
303,-1,1298.5,534.53,29.314,89.943,-0.16691,-1,-1,-1
303,-1,1152.9,558.78,59.629,180.89,-0.26161,-1,-1,-1
303,-1,223.93,618.34,41.871,127.61,-0.31214,-1,-1,-1
303,-1,1417,561,39,119,-0.3935,-1,-1,-1
304,-1,40.397,611.65,48.246,146.74,0.094192,-1,-1,-1
304,-1,1609,521,39,119,0.063019,-1,-1,-1
304,-1,1303.3,530.29,33.822,103.47,-0.24495,-1,-1,-1
304,-1,1425,561,39,119,-0.24709,-1,-1,-1
304,-1,1152.9,473.9,59.629,180.89,-0.30274,-1,-1,-1
304,-1,65.98,429.87,63.98,193.94,-0.41573,-1,-1,-1
304,-1,221.55,616.7,44.948,136.84,-0.44991,-1,-1,-1
304,-1,1170.6,533.84,63.98,193.94,-0.47242,-1,-1,-1
305,-1,1617,521,39,119,0.30205,-1,-1,-1
305,-1,37.758,625.89,44.948,136.84,0.13474,-1,-1,-1
305,-1,65,641,39,119,0.0398,-1,-1,-1
305,-1,1432.9,566.9,41.871,127.61,-0.29126,-1,-1,-1
305,-1,1307.1,540.34,31.49,96.47,-0.30414,-1,-1,-1
305,-1,233,625,39,119,-0.38518,-1,-1,-1
305,-1,1183.6,533.84,63.98,193.94,-0.46949,-1,-1,-1
306,-1,1625,529,39,119,0.5385,-1,-1,-1
306,-1,35.297,626.92,41.871,127.61,-0.015944,-1,-1,-1
306,-1,65,641,39,119,-0.19921,-1,-1,-1
306,-1,225,625,39,119,-0.20081,-1,-1,-1
306,-1,1426.1,571.03,51.78,157.34,-0.21395,-1,-1,-1
306,-1,1329,521,39,119,-0.4114,-1,-1,-1
307,-1,1633,529,39,119,0.20323,-1,-1,-1
307,-1,65,641,39,119,0.118,-1,-1,-1
307,-1,1436.6,571.03,51.78,157.34,-0.033703,-1,-1,-1
307,-1,233,625,39,119,-0.16077,-1,-1,-1
307,-1,37.758,625.89,44.948,136.84,-0.22942,-1,-1,-1
307,-1,1330,515.45,41.871,127.61,-0.31348,-1,-1,-1
308,-1,1338.6,515.45,41.871,127.61,0.11004,-1,-1,-1
308,-1,35.297,635.49,41.871,127.61,0.084318,-1,-1,-1
308,-1,221.55,625.89,44.948,136.84,-0.038952,-1,-1,-1
308,-1,65,641,39,119,-0.061064,-1,-1,-1
308,-1,1641,529,39,119,-0.22312,-1,-1,-1
309,-1,65,641,39,119,0.47453,-1,-1,-1
309,-1,1649,529,39,119,0.17758,-1,-1,-1
309,-1,1342.7,515.62,44.948,136.84,0.15754,-1,-1,-1
309,-1,221.55,625.89,44.948,136.84,0.10829,-1,-1,-1
309,-1,37.758,625.89,44.948,136.84,-0.13481,-1,-1,-1
309,-1,105.5,478.71,73.643,222.93,-0.34419,-1,-1,-1
309,-1,589,453,19,59,-0.46368,-1,-1,-1
310,-1,223.93,635.49,41.871,127.61,0.35313,-1,-1,-1
310,-1,1657,537,39,119,0.064069,-1,-1,-1
310,-1,35.297,635.49,41.871,127.61,0.060324,-1,-1,-1
310,-1,53.78,613.25,51.78,157.34,-0.062187,-1,-1,-1
310,-1,1347.1,524.03,41.871,127.61,-0.13739,-1,-1,-1
311,-1,35.297,635.49,41.871,127.61,0.24056,-1,-1,-1
311,-1,61.019,644.06,41.871,127.61,0.066638,-1,-1,-1
311,-1,223.93,635.49,41.871,127.61,0.015564,-1,-1,-1
311,-1,1665,537,39,119,-0.03297,-1,-1,-1
311,-1,1169,525,19,59,-0.21799,-1,-1,-1
312,-1,35.297,635.49,41.871,127.61,0.27369,-1,-1,-1
312,-1,61.019,644.06,41.871,127.61,0.16887,-1,-1,-1
312,-1,223.93,635.49,41.871,127.61,0.12416,-1,-1,-1
312,-1,1673,532.6,41.871,127.61,0.0075199,-1,-1,-1
313,-1,221.55,635.08,44.948,136.84,0.50605,-1,-1,-1
313,-1,28.569,635.08,44.948,136.84,0.39763,-1,-1,-1
313,-1,57,649,39,119,-0.038518,-1,-1,-1
313,-1,1475.8,584.04,41.871,127.61,-0.18396,-1,-1,-1
313,-1,1223.2,506.43,44.948,136.84,-0.33277,-1,-1,-1
313,-1,370.34,513.16,23.623,72.869,-0.36196,-1,-1,-1
313,-1,1361,529,39,119,-0.41922,-1,-1,-1
314,-1,1379.9,591.95,48.246,146.74,0.67939,-1,-1,-1
314,-1,221.55,635.08,44.948,136.84,0.41532,-1,-1,-1
314,-1,57,649,39,119,-0.023937,-1,-1,-1
314,-1,28.569,635.08,44.948,136.84,-0.041066,-1,-1,-1
314,-1,1489.7,579.94,44.948,136.84,-0.36224,-1,-1,-1
314,-1,180.14,180.14,73.643,222.93,-0.39089,-1,-1,-1
314,-1,1227.1,506.88,41.871,127.61,-0.46843,-1,-1,-1
315,-1,1389.7,591.95,48.246,146.74,0.61609,-1,-1,-1
315,-1,221.55,635.08,44.948,136.84,0.4752,-1,-1,-1
315,-1,30.547,631.35,48.246,146.74,0.060509,-1,-1,-1
315,-1,1185,525,19,59,-0.20366,-1,-1,-1
315,-1,1364.3,524.03,41.871,127.61,-0.29381,-1,-1,-1
315,-1,1232.1,503.31,48.246,146.74,-0.44344,-1,-1,-1
316,-1,1389.7,591.95,48.246,146.74,0.55407,-1,-1,-1
316,-1,217.68,631.35,48.246,146.74,0.41824,-1,-1,-1
316,-1,57,657,39,119,0.21172,-1,-1,-1
316,-1,26.723,644.06,41.871,127.61,-0.13067,-1,-1,-1
316,-1,1188.5,524.03,20.435,63.306,-0.29647,-1,-1,-1
316,-1,1498.1,582.1,48.246,146.74,-0.41242,-1,-1,-1
317,-1,1389.7,591.95,48.246,146.74,0.54355,-1,-1,-1
317,-1,221.55,635.08,44.948,136.84,0.39583,-1,-1,-1
317,-1,28.569,644.27,44.948,136.84,0.23628,-1,-1,-1
317,-1,57,657,39,119,0.019479,-1,-1,-1
317,-1,182.07,182.07,68.644,207.93,-0.34325,-1,-1,-1
317,-1,1193,529,19,59,-0.41656,-1,-1,-1
317,-1,105.5,493.64,73.643,222.93,-0.44293,-1,-1,-1
318,-1,217.68,631.35,48.246,146.74,0.58252,-1,-1,-1
318,-1,1397.8,598.32,44.948,136.84,0.55526,-1,-1,-1
318,-1,52.445,652.64,41.871,127.61,0.066367,-1,-1,-1
318,-1,1507.9,582.1,48.246,146.74,0.024778,-1,-1,-1
318,-1,28.569,644.27,44.948,136.84,0.0011194,-1,-1,-1
319,-1,221.55,644.27,44.948,136.84,0.34318,-1,-1,-1
319,-1,1399.6,601.8,48.246,146.74,0.28953,-1,-1,-1
319,-1,1517.3,589.13,44.948,136.84,0.23066,-1,-1,-1
319,-1,19.379,644.27,44.948,136.84,0.20276,-1,-1,-1
319,-1,49,657,39,119,0.17392,-1,-1,-1
319,-1,180.14,165.21,73.643,222.93,-0.41326,-1,-1,-1
319,-1,1104.4,510.28,59.629,180.89,-0.46229,-1,-1,-1
320,-1,221.55,644.27,44.948,136.84,0.42011,-1,-1,-1
320,-1,49,657,39,119,0.23693,-1,-1,-1
320,-1,1521,593,39,119,0.095644,-1,-1,-1
320,-1,20.698,641.2,48.246,146.74,-0.011086,-1,-1,-1
320,-1,1407,607.51,44.948,136.84,-0.28551,-1,-1,-1
320,-1,1498.9,579.94,44.948,136.84,-0.49748,-1,-1,-1
320,-1,180.14,165.21,73.643,222.93,-0.4992,-1,-1,-1
321,-1,1526.5,589.13,44.948,136.84,0.68017,-1,-1,-1
321,-1,43.871,652.64,41.871,127.61,0.46279,-1,-1,-1
321,-1,217.68,641.2,48.246,146.74,0.34375,-1,-1,-1
321,-1,19.379,644.27,44.948,136.84,0.2606,-1,-1,-1
321,-1,1505,593,39,119,-0.21323,-1,-1,-1
321,-1,1793,521,39,119,-0.37684,-1,-1,-1
321,-1,1409.4,601.8,48.246,146.74,-0.41667,-1,-1,-1
321,-1,1351.9,589.13,44.948,136.84,-0.43566,-1,-1,-1
321,-1,1758.6,555.19,25.39,78.17,-0.45313,-1,-1,-1
322,-1,1535.7,589.13,44.948,136.84,0.60013,-1,-1,-1
322,-1,212.12,634.36,51.78,157.34,0.41494,-1,-1,-1
322,-1,10.849,641.2,48.246,146.74,0.20411,-1,-1,-1
322,-1,43.871,652.64,41.871,127.61,-0.011623,-1,-1,-1
322,-1,1513,593,39,119,-0.3884,-1,-1,-1
322,-1,1116.6,510.28,59.629,180.89,-0.47335,-1,-1,-1
323,-1,1535.7,589.13,44.948,136.84,0.94402,-1,-1,-1
323,-1,41,657,39,119,0.53626,-1,-1,-1
323,-1,10.849,641.2,48.246,146.74,0.48311,-1,-1,-1
323,-1,212.12,634.36,51.78,157.34,0.34624,-1,-1,-1
323,-1,1416.2,607.51,44.948,136.84,-0.24854,-1,-1,-1
323,-1,1361.1,589.13,44.948,136.84,-0.27338,-1,-1,-1
323,-1,1121.1,521.43,55.569,168.71,-0.3544,-1,-1,-1
323,-1,1434.1,538.43,73.643,222.93,-0.40605,-1,-1,-1
324,-1,10.19,644.27,44.948,136.84,0.79817,-1,-1,-1
324,-1,35.297,652.64,41.871,127.61,0.78546,-1,-1,-1
324,-1,217.68,631.35,48.246,146.74,0.50228,-1,-1,-1
324,-1,1535.8,592.62,41.871,127.61,0.1967,-1,-1,-1
324,-1,1777.4,546.66,29.314,89.943,-0.31485,-1,-1,-1
324,-1,1369,601,39,119,-0.39631,-1,-1,-1
324,-1,189.63,609.77,41.871,127.61,-0.41021,-1,-1,-1
324,-1,1419.3,601.8,48.246,146.74,-0.41129,-1,-1,-1
324,-1,1128.7,510.28,59.629,180.89,-0.46889,-1,-1,-1
324,-1,1554,589.13,44.948,136.84,-0.47072,-1,-1,-1
324,-1,473,273,39,119,-0.48175,-1,-1,-1
325,-1,212.12,634.36,51.78,157.34,0.61715,-1,-1,-1
325,-1,10.849,641.2,48.246,146.74,0.24712,-1,-1,-1
325,-1,1547.3,591.95,48.246,146.74,0.072675,-1,-1,-1
325,-1,86.742,464.01,84.742,256.23,-0.3821,-1,-1,-1
326,-1,212.12,634.36,51.78,157.34,0.70072,-1,-1,-1
326,-1,1554,598.32,44.948,136.84,0.44594,-1,-1,-1
326,-1,1373.3,571.03,51.78,157.34,0.18679,-1,-1,-1
326,-1,1,634.36,51.78,157.34,0.11386,-1,-1,-1
326,-1,601.19,446.86,20.435,63.306,-0.14566,-1,-1,-1
326,-1,35.297,652.64,41.871,127.61,-0.15637,-1,-1,-1
326,-1,1521,601,39,119,-0.20469,-1,-1,-1
326,-1,1419.3,611.65,48.246,146.74,-0.35763,-1,-1,-1
326,-1,185,609,39,119,-0.48562,-1,-1,-1
327,-1,212.36,635.08,44.948,136.84,0.77571,-1,-1,-1
327,-1,1554,589.13,44.948,136.84,0.76616,-1,-1,-1
327,-1,1370,566.69,55.569,168.71,0.43682,-1,-1,-1
327,-1,33,665,39,119,0.18826,-1,-1,-1
327,-1,1785,537,39,119,0.039563,-1,-1,-1
327,-1,1426.1,602.7,51.78,157.34,-0.041681,-1,-1,-1
327,-1,227.27,623.25,55.569,168.71,-0.14625,-1,-1,-1
327,-1,1,644.27,44.948,136.84,-0.22978,-1,-1,-1
328,-1,1557.2,591.95,48.246,146.74,0.82107,-1,-1,-1
328,-1,201.57,634.36,51.78,157.34,0.65366,-1,-1,-1
328,-1,19.379,653.46,44.948,136.84,0.53005,-1,-1,-1
328,-1,1426.1,602.7,51.78,157.34,0.13154,-1,-1,-1
328,-1,1373.3,571.03,51.78,157.34,-0.012384,-1,-1,-1
328,-1,1793,537,39,119,-0.14965,-1,-1,-1
329,-1,19.379,653.46,44.948,136.84,0.31251,-1,-1,-1
329,-1,1563.3,581.58,51.78,157.34,0.22117,-1,-1,-1
329,-1,201.57,634.36,51.78,157.34,0.21028,-1,-1,-1
329,-1,1426.1,602.7,51.78,157.34,0.1332,-1,-1,-1
329,-1,1370,566.69,55.569,168.71,0.066159,-1,-1,-1
329,-1,1801,537,39,119,0.0076653,-1,-1,-1
329,-1,230.74,625.89,44.948,136.84,-0.48862,-1,-1,-1
330,-1,191.01,634.36,51.78,157.34,0.6039,-1,-1,-1
330,-1,10.19,644.27,44.948,136.84,0.42239,-1,-1,-1
330,-1,1562.3,578,55.569,168.71,0.21084,-1,-1,-1
330,-1,1809,537,39,119,0.14731,-1,-1,-1
330,-1,1373.3,571.03,51.78,157.34,0.05486,-1,-1,-1
330,-1,1426.5,600.63,55.569,168.71,-0.038823,-1,-1,-1
330,-1,230.74,625.89,44.948,136.84,-0.49734,-1,-1,-1
331,-1,1426.5,600.63,55.569,168.71,0.46881,-1,-1,-1
331,-1,10.19,644.27,44.948,136.84,0.38734,-1,-1,-1
331,-1,191.01,634.36,51.78,157.34,0.33666,-1,-1,-1
331,-1,1373.3,560.47,51.78,157.34,0.076405,-1,-1,-1
331,-1,1811.3,524.81,44.948,136.84,0.039879,-1,-1,-1
331,-1,1567,591.95,48.246,146.74,0.019666,-1,-1,-1
331,-1,52.445,464.01,84.742,256.23,-0.22876,-1,-1,-1
331,-1,629,441,19,59,-0.28762,-1,-1,-1
331,-1,1783.8,368.58,90.896,274.69,-0.2965,-1,-1,-1
331,-1,230.74,625.89,44.948,136.84,-0.30052,-1,-1,-1
331,-1,1424.3,498.3,84.742,256.23,-0.33896,-1,-1,-1
331,-1,1355.7,481.15,84.742,256.23,-0.35075,-1,-1,-1
332,-1,182.02,623.25,55.569,168.71,0.31939,-1,-1,-1
332,-1,1818.7,532.6,41.871,127.61,0.28258,-1,-1,-1
332,-1,1436.6,592.14,51.78,157.34,0.26708,-1,-1,-1
332,-1,1,644.27,44.948,136.84,0.1493,-1,-1,-1
332,-1,1573.9,581.58,51.78,157.34,0.053798,-1,-1,-1
332,-1,52.445,464.01,84.742,256.23,-0.30018,-1,-1,-1
332,-1,1793.5,375.27,97.492,294.47,-0.33769,-1,-1,-1
332,-1,221.55,625.89,44.948,136.84,-0.37879,-1,-1,-1
332,-1,1345,497,79,239,-0.47563,-1,-1,-1
333,-1,1818.7,524.03,41.871,127.61,0.39312,-1,-1,-1
333,-1,191.01,623.81,51.78,157.34,0.29553,-1,-1,-1
333,-1,1573.6,578,55.569,168.71,0.15996,-1,-1,-1
333,-1,1436.6,592.14,51.78,157.34,0.0050596,-1,-1,-1
333,-1,1,653.46,44.948,136.84,-0.013277,-1,-1,-1
333,-1,1379.4,570.75,44.948,136.84,-0.22709,-1,-1,-1
333,-1,1793.5,355.57,97.492,294.47,-0.26766,-1,-1,-1
333,-1,221.55,625.89,44.948,136.84,-0.3709,-1,-1,-1
333,-1,1344.6,508.57,73.643,222.93,-0.38097,-1,-1,-1
333,-1,1534.5,364.89,128.96,388.88,-0.38837,-1,-1,-1
334,-1,180.45,623.81,51.78,157.34,0.61119,-1,-1,-1
334,-1,1829.7,515.62,44.948,136.84,0.43764,-1,-1,-1
334,-1,1431.8,583.04,59.629,180.89,-0.096813,-1,-1,-1
334,-1,1379.9,562.4,48.246,146.74,-0.13656,-1,-1,-1
334,-1,52.445,464.01,84.742,256.23,-0.14816,-1,-1,-1
334,-1,1573.6,578,55.569,168.71,-0.23859,-1,-1,-1
334,-1,215.35,626.92,41.871,127.61,-0.3666,-1,-1,-1
334,-1,1345,497,79,239,-0.43904,-1,-1,-1
334,-1,1424.3,498.3,84.742,256.23,-0.45713,-1,-1,-1
335,-1,1829.7,515.62,44.948,136.84,0.6046,-1,-1,-1
335,-1,180.45,623.81,51.78,157.34,0.38279,-1,-1,-1
335,-1,1437.8,589.31,55.569,168.71,0.0059357,-1,-1,-1
335,-1,1352.6,546.83,63.98,193.94,-0.1402,-1,-1,-1
335,-1,52.445,464.01,84.742,256.23,-0.18371,-1,-1,-1
335,-1,217.68,621.5,48.246,146.74,-0.38417,-1,-1,-1
336,-1,170.71,623.25,55.569,168.71,0.60252,-1,-1,-1
336,-1,1835.9,515.45,41.871,127.61,0.33273,-1,-1,-1
336,-1,1338.6,481.15,84.742,256.23,0.21994,-1,-1,-1
336,-1,35.297,464.01,84.742,256.23,-0.059252,-1,-1,-1
336,-1,1437.8,589.31,55.569,168.71,-0.095138,-1,-1,-1
336,-1,215.35,626.92,41.871,127.61,-0.21374,-1,-1,-1
336,-1,1593,593,39,119,-0.34624,-1,-1,-1
336,-1,195.01,619.41,59.629,180.89,-0.43466,-1,-1,-1
336,-1,1503,483.61,23.623,72.869,-0.46679,-1,-1,-1
337,-1,1848.1,515.62,44.948,136.84,0.5389,-1,-1,-1
337,-1,169.9,634.36,51.78,157.34,0.37979,-1,-1,-1
337,-1,1338.6,481.15,84.742,256.23,-0.034691,-1,-1,-1
337,-1,35.297,464.01,84.742,256.23,-0.25051,-1,-1,-1
337,-1,631.2,425.42,20.435,63.306,-0.39426,-1,-1,-1
338,-1,169.9,634.36,51.78,157.34,0.79407,-1,-1,-1
338,-1,1844.5,515.45,41.871,127.61,0.25585,-1,-1,-1
338,-1,19.379,460.48,90.896,274.69,0.17144,-1,-1,-1
338,-1,1577.3,570.91,59.629,180.89,0.16532,-1,-1,-1
338,-1,1359.1,546.66,59.629,180.89,0.16223,-1,-1,-1
338,-1,1338.6,481.15,84.742,256.23,-0.30736,-1,-1,-1
338,-1,1444,595.16,59.629,180.89,-0.39383,-1,-1,-1
338,-1,207.83,621.5,48.246,146.74,-0.41777,-1,-1,-1
338,-1,1424.3,515.45,84.742,256.23,-0.49787,-1,-1,-1
339,-1,159.34,634.36,51.78,157.34,0.7875,-1,-1,-1
339,-1,1848.1,515.62,44.948,136.84,0.46858,-1,-1,-1
339,-1,1573.5,572.83,63.98,193.94,0.4577,-1,-1,-1
339,-1,1362.7,560.47,51.78,157.34,0.43875,-1,-1,-1
339,-1,1437.8,600.63,55.569,168.71,0.17203,-1,-1,-1
339,-1,1345,481,79,239,-0.35235,-1,-1,-1
339,-1,197.98,631.35,48.246,146.74,-0.46848,-1,-1,-1
340,-1,159.39,634.57,55.569,168.71,0.94432,-1,-1,-1
340,-1,1359.1,558.78,59.629,180.89,0.33055,-1,-1,-1
340,-1,1444,595.16,59.629,180.89,0.28414,-1,-1,-1
340,-1,1861.6,515.45,41.871,127.61,0.26585,-1,-1,-1
340,-1,1573.5,572.83,63.98,193.94,0.18637,-1,-1,-1
340,-1,1345,513,39,119,-0.10527,-1,-1,-1
340,-1,193.98,635.08,44.948,136.84,-0.43263,-1,-1,-1
341,-1,148.08,634.57,55.569,168.71,0.8291,-1,-1,-1
341,-1,1358.6,566.69,55.569,168.71,0.74268,-1,-1,-1
341,-1,1866.5,515.62,44.948,136.84,0.29528,-1,-1,-1
341,-1,1444,607.29,59.629,180.89,-0.041238,-1,-1,-1
341,-1,1345,513,39,119,-0.19937,-1,-1,-1
341,-1,41,609,39,119,-0.2864,-1,-1,-1
341,-1,1345,497,79,239,-0.34511,-1,-1,-1
341,-1,193.98,635.08,44.948,136.84,-0.37536,-1,-1,-1
341,-1,1568.5,553.36,73.643,222.93,-0.46954,-1,-1,-1
341,-1,1553.6,329.43,148.29,446.86,-0.48411,-1,-1,-1
342,-1,146.51,631.54,59.629,180.89,0.79772,-1,-1,-1
342,-1,1444,607.29,59.629,180.89,0.66938,-1,-1,-1
342,-1,1358.6,566.69,55.569,168.71,0.18309,-1,-1,-1
342,-1,1341.6,507.69,51.78,157.34,0.070209,-1,-1,-1
342,-1,1866.5,515.62,44.948,136.84,-0.078916,-1,-1,-1
342,-1,1553.6,329.43,148.29,446.86,-0.28862,-1,-1,-1
342,-1,35.297,601.19,41.871,127.61,-0.29038,-1,-1,-1
343,-1,1444,619.41,59.629,180.89,0.77309,-1,-1,-1
343,-1,148.78,655.48,51.78,157.34,0.76026,-1,-1,-1
343,-1,1358.6,578,55.569,168.71,0.27499,-1,-1,-1
343,-1,1404.6,559.83,63.98,193.94,-0.20008,-1,-1,-1
343,-1,184.79,644.27,44.948,136.84,-0.24056,-1,-1,-1
343,-1,1341.6,518.25,51.78,157.34,-0.28367,-1,-1,-1
343,-1,1866.5,524.81,44.948,136.84,-0.40844,-1,-1,-1
343,-1,26.723,609.77,41.871,127.61,-0.41856,-1,-1,-1
343,-1,1261.4,678.36,41.871,127.61,-0.49683,-1,-1,-1
344,-1,1443.6,611.81,63.98,193.94,1.3528,-1,-1,-1
344,-1,138.23,655.48,51.78,157.34,0.92318,-1,-1,-1
344,-1,1359.1,570.91,59.629,180.89,-0.027124,-1,-1,-1
344,-1,1404.6,572.83,63.98,193.94,-0.25831,-1,-1,-1
344,-1,92.896,368.58,44.948,136.84,-0.28079,-1,-1,-1
344,-1,169.9,644.92,51.78,157.34,-0.28377,-1,-1,-1
344,-1,1341.6,518.25,51.78,157.34,-0.44161,-1,-1,-1
344,-1,1355.7,481.15,84.742,256.23,-0.47554,-1,-1,-1
345,-1,1443.6,624.81,63.98,193.94,1.5613,-1,-1,-1
345,-1,134.38,655.79,59.629,180.89,0.85411,-1,-1,-1
345,-1,1409.4,582.1,48.246,146.74,-0.19643,-1,-1,-1
345,-1,625.89,437.51,21.974,67.922,-0.3987,-1,-1,-1
345,-1,1617,681,39,119,-0.49852,-1,-1,-1
345,-1,175.6,653.46,44.948,136.84,-0.49977,-1,-1,-1
346,-1,1443.6,624.81,63.98,193.94,1.6064,-1,-1,-1
346,-1,125.45,668.51,55.569,168.71,0.94698,-1,-1,-1
346,-1,1371.2,595.16,59.629,180.89,-0.30873,-1,-1,-1
346,-1,1409.4,591.95,48.246,146.74,-0.38043,-1,-1,-1
346,-1,166.41,662.65,44.948,136.84,-0.47649,-1,-1,-1
347,-1,1443.6,624.81,63.98,193.94,1.0928,-1,-1,-1
347,-1,114.14,668.51,55.569,168.71,0.74172,-1,-1,-1
347,-1,1365.6,585.82,63.98,193.94,-0.24724,-1,-1,-1
347,-1,1584.4,623.81,51.78,157.34,-0.25137,-1,-1,-1
348,-1,114.14,668.51,55.569,168.71,1.0607,-1,-1,-1
348,-1,1444,643.66,59.629,180.89,1.0237,-1,-1,-1
348,-1,1342.7,497.24,90.896,274.69,-0.20074,-1,-1,-1
348,-1,1576.9,572.25,23.623,72.869,-0.4019,-1,-1,-1
348,-1,1584.4,634.36,51.78,157.34,-0.4244,-1,-1,-1
348,-1,1820.4,312.9,63.98,193.94,-0.4315,-1,-1,-1
349,-1,1443.6,637.81,63.98,193.94,1.2409,-1,-1,-1
349,-1,114.14,668.51,55.569,168.71,0.43564,-1,-1,-1
349,-1,1577.3,619.41,59.629,180.89,0.049235,-1,-1,-1
349,-1,1377,561,79,239,-0.11359,-1,-1,-1
349,-1,1342.7,497.24,90.896,274.69,-0.13992,-1,-1,-1
349,-1,945,473,19,59,-0.30424,-1,-1,-1
349,-1,159.34,666.03,51.78,157.34,-0.37442,-1,-1,-1
350,-1,1456.1,643.66,59.629,180.89,0.88508,-1,-1,-1
350,-1,98.006,667.92,59.629,180.89,0.6353,-1,-1,-1
350,-1,1586.5,624.81,63.98,193.94,-0.30378,-1,-1,-1
350,-1,1359.1,595.16,59.629,180.89,-0.32417,-1,-1,-1
350,-1,1360.2,493.46,97.492,294.47,-0.38628,-1,-1,-1
350,-1,148.03,671.84,44.948,136.84,-0.495,-1,-1,-1
351,-1,98.006,667.92,59.629,180.89,0.98583,-1,-1,-1
351,-1,1586.5,624.81,63.98,193.94,0.51292,-1,-1,-1
351,-1,1456.6,637.81,63.98,193.94,0.43218,-1,-1,-1
351,-1,1392.6,600.63,55.569,168.71,-0.22124,-1,-1,-1
351,-1,138.89,670.74,48.246,146.74,-0.31101,-1,-1,-1
351,-1,621.5,439.29,23.623,72.869,-0.40141,-1,-1,-1
351,-1,1359.1,595.16,59.629,180.89,-0.40153,-1,-1,-1
351,-1,1352.2,518.25,51.78,157.34,-0.46368,-1,-1,-1
352,-1,1456.6,650.8,63.98,193.94,1.058,-1,-1,-1
352,-1,91.51,679.82,55.569,168.71,0.71215,-1,-1,-1
352,-1,1588.9,613.87,68.644,207.93,0.25834,-1,-1,-1
352,-1,1391.6,598.82,63.98,193.94,0.24401,-1,-1,-1
352,-1,1352.6,520.84,63.98,193.94,-0.16171,-1,-1,-1
352,-1,138.89,670.74,48.246,146.74,-0.173,-1,-1,-1
352,-1,1267.7,549.92,104.56,315.68,-0.42613,-1,-1,-1
353,-1,1456.1,655.79,59.629,180.89,1.0696,-1,-1,-1
353,-1,85.88,680.04,59.629,180.89,0.90445,-1,-1,-1
353,-1,1588.9,613.87,68.644,207.93,0.42396,-1,-1,-1
353,-1,138.89,670.74,48.246,146.74,-0.069569,-1,-1,-1
353,-1,1395.5,607.29,59.629,180.89,-0.088625,-1,-1,-1
353,-1,1267.7,549.92,104.56,315.68,-0.23764,-1,-1,-1
353,-1,1352.2,613.25,51.78,157.34,-0.31522,-1,-1,-1
354,-1,1456.6,663.8,63.98,193.94,1.1402,-1,-1,-1
354,-1,1589.5,631.54,59.629,180.89,0.995,-1,-1,-1
354,-1,80.196,679.82,55.569,168.71,0.43193,-1,-1,-1
354,-1,1391.6,598.82,63.98,193.94,0.27768,-1,-1,-1
354,-1,129.04,670.74,48.246,146.74,-0.095839,-1,-1,-1
354,-1,1347,607.29,59.629,180.89,-0.11004,-1,-1,-1
354,-1,1529,537,39,119,-0.23643,-1,-1,-1
354,-1,1616.7,613.87,68.644,207.93,-0.40708,-1,-1,-1
354,-1,1267.7,549.92,104.56,315.68,-0.43341,-1,-1,-1
354,-1,1424.3,601.19,84.742,256.23,-0.45683,-1,-1,-1
355,-1,1456.6,663.8,63.98,193.94,0.64295,-1,-1,-1
355,-1,1380,599.94,68.644,207.93,0.52695,-1,-1,-1
355,-1,85.449,697.7,51.78,157.34,0.39955,-1,-1,-1
355,-1,1589.5,643.66,59.629,180.89,0.26581,-1,-1,-1
355,-1,117.12,666.03,51.78,157.34,0.039515,-1,-1,-1
355,-1,1268.1,544.06,112.14,338.41,-0.3653,-1,-1,-1
355,-1,56.715,669.58,68.644,207.93,-0.43531,-1,-1,-1
355,-1,1689,417,39,119,-0.45033,-1,-1,-1
356,-1,1586.5,637.81,63.98,193.94,0.55479,-1,-1,-1
356,-1,73.754,680.04,59.629,180.89,0.50259,-1,-1,-1
356,-1,1449.6,655.65,68.644,207.93,0.3493,-1,-1,-1
356,-1,1377,577,79,239,0.071448,-1,-1,-1
356,-1,1268.1,544.06,112.14,338.41,-0.020987,-1,-1,-1
356,-1,114.14,668.51,55.569,168.71,-0.22083,-1,-1,-1
357,-1,61.629,680.04,59.629,180.89,0.68525,-1,-1,-1
357,-1,1449.6,655.65,68.644,207.93,0.44703,-1,-1,-1
357,-1,1380,599.94,68.644,207.93,0.37457,-1,-1,-1
357,-1,1584.4,655.48,51.78,157.34,0.28167,-1,-1,-1
357,-1,102.82,668.51,55.569,168.71,-0.16867,-1,-1,-1
357,-1,1262.1,534.53,120.26,362.77,-0.42037,-1,-1,-1
357,-1,1359.1,534.53,59.629,180.89,-0.48783,-1,-1,-1
358,-1,1380,599.94,68.644,207.93,0.88098,-1,-1,-1
358,-1,52.984,676.79,63.98,193.94,0.84359,-1,-1,-1
358,-1,1449.6,655.65,68.644,207.93,0.39444,-1,-1,-1
358,-1,1584.9,657.2,55.569,168.71,0.26893,-1,-1,-1
358,-1,109.34,680.59,48.246,146.74,0.0040788,-1,-1,-1
358,-1,1296.7,736.17,44.948,136.84,-0.20533,-1,-1,-1
358,-1,1369,537,39,119,-0.33137,-1,-1,-1
359,-1,1378.6,611.81,63.98,193.94,0.97335,-1,-1,-1
359,-1,1589.5,667.92,59.629,180.89,0.65578,-1,-1,-1
359,-1,49.503,680.04,59.629,180.89,0.61103,-1,-1,-1
359,-1,1449.6,669.58,68.644,207.93,0.59793,-1,-1,-1
359,-1,96.005,676.59,51.78,157.34,0.066765,-1,-1,-1
359,-1,1625.5,650.8,63.98,193.94,-0.26916,-1,-1,-1
359,-1,1288.8,729.37,51.78,157.34,-0.34123,-1,-1,-1
359,-1,1339.6,611.81,63.98,193.94,-0.38031,-1,-1,-1
360,-1,1378.6,624.81,63.98,193.94,0.64584,-1,-1,-1
360,-1,39.988,676.79,63.98,193.94,0.52504,-1,-1,-1
360,-1,1586.5,663.8,63.98,193.94,0.40728,-1,-1,-1
360,-1,1449.6,669.58,68.644,207.93,0.34846,-1,-1,-1
360,-1,1347,619.41,59.629,180.89,0.036793,-1,-1,-1
360,-1,96.005,676.59,51.78,157.34,0.0080402,-1,-1,-1
360,-1,1268.1,464.86,55.569,168.71,-0.035691,-1,-1,-1
360,-1,1299.4,739.92,51.78,157.34,-0.28292,-1,-1,-1
361,-1,1449.1,672.78,73.643,222.93,0.71202,-1,-1,-1
361,-1,1374.4,613.07,73.643,222.93,0.47411,-1,-1,-1
361,-1,37.377,692.17,59.629,180.89,0.41711,-1,-1,-1
361,-1,1575,655.65,68.644,207.93,0.12396,-1,-1,-1
361,-1,85.449,676.59,51.78,157.34,0.020533,-1,-1,-1
361,-1,1278.3,465.47,51.78,157.34,-0.0077588,-1,-1,-1
361,-1,1339.6,611.81,63.98,193.94,-0.17694,-1,-1,-1
361,-1,1299.4,739.92,51.78,157.34,-0.30637,-1,-1,-1
361,-1,191.01,560.47,51.78,157.34,-0.49566,-1,-1,-1
362,-1,1463.5,683.51,68.644,207.93,0.99991,-1,-1,-1
362,-1,1378.6,624.81,63.98,193.94,0.67951,-1,-1,-1
362,-1,25.251,692.17,59.629,180.89,0.47282,-1,-1,-1
362,-1,1279.4,464.86,55.569,168.71,0.12478,-1,-1,-1
362,-1,80.196,679.82,55.569,168.71,0.069145,-1,-1,-1
362,-1,1586.5,676.79,63.98,193.94,-0.027992,-1,-1,-1
362,-1,1301.1,749.54,48.246,146.74,-0.37626,-1,-1,-1
362,-1,1338.2,613.87,68.644,207.93,-0.39577,-1,-1,-1
363,-1,14.929,683.51,68.644,207.93,0.63083,-1,-1,-1
363,-1,1463.5,683.51,68.644,207.93,0.46096,-1,-1,-1
363,-1,1366,627.8,68.644,207.93,0.31798,-1,-1,-1
363,-1,74.892,687.14,51.78,157.34,0.29921,-1,-1,-1
363,-1,1279.4,464.86,55.569,168.71,0.128,-1,-1,-1
363,-1,1299.4,750.48,51.78,157.34,-0.023871,-1,-1,-1
363,-1,1575,669.58,68.644,207.93,-0.028771,-1,-1,-1
363,-1,1329,593,79,239,-0.28385,-1,-1,-1
363,-1,188.13,582.1,48.246,146.74,-0.40601,-1,-1,-1
363,-1,1647.2,592.62,41.871,127.61,-0.45917,-1,-1,-1
364,-1,13.996,689.79,63.98,193.94,0.48301,-1,-1,-1
364,-1,1365.6,637.81,63.98,193.94,0.1056,-1,-1,-1
364,-1,1577.3,680.04,59.629,180.89,0.064938,-1,-1,-1
364,-1,64.336,687.14,51.78,157.34,-0.0524,-1,-1,-1
364,-1,1463.5,697.44,68.644,207.93,-0.074843,-1,-1,-1
364,-1,1299.4,761.04,51.78,157.34,-0.29652,-1,-1,-1
364,-1,1649,601,39,119,-0.38635,-1,-1,-1
364,-1,1274.2,473.9,59.629,180.89,-0.41668,-1,-1,-1
364,-1,1399.6,631.35,97.492,294.47,-0.46945,-1,-1,-1
365,-1,1463.5,697.44,68.644,207.93,0.37384,-1,-1,-1
365,-1,57.569,691.14,55.569,168.71,0.13653,-1,-1,-1
365,-1,1366,627.8,68.644,207.93,0.066124,-1,-1,-1
365,-1,1584.9,691.14,55.569,168.71,0.015254,-1,-1,-1
365,-1,1310,761.04,51.78,157.34,-0.31224,-1,-1,-1
365,-1,1279.4,476.18,55.569,168.71,-0.35929,-1,-1,-1
365,-1,13.126,716.42,59.629,180.89,-0.36695,-1,-1,-1
365,-1,1329.6,628,73.643,222.93,-0.42219,-1,-1,-1
366,-1,1366,641.73,68.644,207.93,0.25381,-1,-1,-1
366,-1,1457,689,79,239,0.22089,-1,-1,-1
366,-1,46.255,691.14,55.569,168.71,0.02293,-1,-1,-1
366,-1,1,702.79,63.98,193.94,-0.11895,-1,-1,-1
366,-1,1329.6,628,73.643,222.93,-0.22604,-1,-1,-1
366,-1,1584.9,691.14,55.569,168.71,-0.26502,-1,-1,-1
366,-1,178.28,582.1,48.246,146.74,-0.27376,-1,-1,-1
366,-1,1569,657,79,239,-0.30383,-1,-1,-1
366,-1,1279.4,476.18,55.569,168.71,-0.31714,-1,-1,-1
366,-1,1310.9,769.23,48.246,146.74,-0.42404,-1,-1,-1
366,-1,159.39,385.67,112.14,338.41,-0.43428,-1,-1,-1
366,-1,1394.4,613.25,104.56,315.68,-0.4406,-1,-1,-1
367,-1,1569,657,79,239,0.43074,-1,-1,-1
367,-1,1331.1,644.92,51.78,157.34,0.40223,-1,-1,-1
367,-1,1366,641.73,68.644,207.93,0.25765,-1,-1,-1
367,-1,1464,702.64,73.643,222.93,0.045773,-1,-1,-1
367,-1,37.377,692.17,59.629,180.89,-0.050092,-1,-1,-1
367,-1,1313.4,589.31,112.14,338.41,-0.14674,-1,-1,-1
367,-1,175.6,589.13,44.948,136.84,-0.42438,-1,-1,-1
367,-1,1441,585,39,119,-0.46011,-1,-1,-1
368,-1,1575,683.51,68.644,207.93,0.55505,-1,-1,-1
368,-1,34.941,702.45,55.569,168.71,0.53902,-1,-1,-1
368,-1,1324.7,645.88,55.569,168.71,0.45705,-1,-1,-1
368,-1,1345,625,79,239,0.22515,-1,-1,-1
368,-1,1457,705,79,239,0.060717,-1,-1,-1
368,-1,1313.4,589.31,112.14,338.41,-0.24472,-1,-1,-1
369,-1,1568.5,672.78,73.643,222.93,0.81176,-1,-1,-1
369,-1,1464,717.57,73.643,222.93,0.37686,-1,-1,-1
369,-1,1324.7,645.88,55.569,168.71,0.16821,-1,-1,-1
369,-1,1345,625,79,239,0.14619,-1,-1,-1
369,-1,25.251,704.29,59.629,180.89,-0.0058541,-1,-1,-1
369,-1,1457,577,39,119,-0.14338,-1,-1,-1
369,-1,1288.8,634.36,104.56,315.68,-0.28233,-1,-1,-1
370,-1,1359.5,642.93,73.643,222.93,0.49056,-1,-1,-1
370,-1,1322.7,643.66,59.629,180.89,0.47086,-1,-1,-1
370,-1,1464,717.57,73.643,222.93,0.090172,-1,-1,-1
370,-1,1573.5,689.79,63.98,193.94,-0.052403,-1,-1,-1
370,-1,1310,634.36,104.56,315.68,-0.16976,-1,-1,-1
370,-1,23.627,713.76,55.569,168.71,-0.25629,-1,-1,-1
370,-1,1457,585,39,119,-0.27093,-1,-1,-1
370,-1,1552.9,566.9,41.871,127.61,-0.28069,-1,-1,-1
370,-1,558.15,460.65,68.644,207.93,-0.36858,-1,-1,-1
370,-1,146.51,389.02,120.26,362.77,-0.41208,-1,-1,-1
370,-1,1288.8,486.58,51.78,157.34,-0.43498,-1,-1,-1
371,-1,1359.5,642.93,73.643,222.93,0.64441,-1,-1,-1
371,-1,1463.5,725.3,68.644,207.93,0.21714,-1,-1,-1
371,-1,1457,585,39,119,0.20784,-1,-1,-1
371,-1,1314.7,642.93,73.643,222.93,0.043797,-1,-1,-1
371,-1,12.314,713.76,55.569,168.71,0.0083534,-1,-1,-1
371,-1,1377,569,39,119,-0.2551,-1,-1,-1
371,-1,1290.8,634.57,112.14,338.41,-0.32383,-1,-1,-1
371,-1,158.59,601.8,48.246,146.74,-0.34265,-1,-1,-1
371,-1,1573.5,702.79,63.98,193.94,-0.35514,-1,-1,-1
371,-1,1458.7,651.04,97.492,294.47,-0.38397,-1,-1,-1
371,-1,1685.2,601.8,48.246,146.74,-0.44944,-1,-1,-1
371,-1,1552.9,566.9,41.871,127.61,-0.48042,-1,-1,-1
372,-1,1345,641,79,239,0.51426,-1,-1,-1
372,-1,1457,721,79,239,0.44826,-1,-1,-1
372,-1,1457,585,39,119,0.2551,-1,-1,-1
372,-1,1310.6,643.66,59.629,180.89,-0.13846,-1,-1,-1
372,-1,1385,577,39,119,-0.16196,-1,-1,-1
372,-1,1569,689,79,239,-0.21568,-1,-1,-1
372,-1,148.74,601.8,48.246,146.74,-0.24264,-1,-1,-1
372,-1,1,716.42,59.629,180.89,-0.25053,-1,-1,-1
372,-1,553.36,448.86,73.643,222.93,-0.25862,-1,-1,-1
372,-1,1561,569,39,119,-0.32856,-1,-1,-1
372,-1,1310.6,607.29,120.26,362.77,-0.37515,-1,-1,-1
372,-1,122.26,389.02,120.26,362.77,-0.44593,-1,-1,-1
373,-1,1457,721,79,239,0.64905,-1,-1,-1
373,-1,1359.5,642.93,73.643,222.93,0.17125,-1,-1,-1
373,-1,1569,689,79,239,0.093026,-1,-1,-1
373,-1,1385,569,39,119,-0.1207,-1,-1,-1
373,-1,1458.6,575.47,41.871,127.61,-0.20574,-1,-1,-1
373,-1,136.76,408.29,112.14,338.41,-0.23342,-1,-1,-1
373,-1,1324.7,792.96,55.569,168.71,-0.33719,-1,-1,-1
373,-1,1561,569,39,119,-0.43782,-1,-1,-1
373,-1,553.36,448.86,73.643,222.93,-0.46451,-1,-1,-1
373,-1,1310.6,583.04,120.26,362.77,-0.48107,-1,-1,-1
374,-1,1457,721,79,239,1.0599,-1,-1,-1
374,-1,1345,641,79,239,0.47931,-1,-1,-1
374,-1,1458.6,575.47,41.871,127.61,0.066242,-1,-1,-1
374,-1,1324.7,792.96,55.569,168.71,-0.04768,-1,-1,-1
374,-1,1561,697.44,68.644,207.93,-0.075146,-1,-1,-1
374,-1,1385,577,39,119,-0.22889,-1,-1,-1
374,-1,138.23,602.7,51.78,157.34,-0.44924,-1,-1,-1
374,-1,1286.3,607.29,120.26,362.77,-0.46597,-1,-1,-1
375,-1,1458.6,721.23,84.742,256.23,1.1176,-1,-1,-1
375,-1,1553,689,79,239,0.82418,-1,-1,-1
375,-1,1457,577,39,119,0.47963,-1,-1,-1
375,-1,1355.7,635.49,84.742,256.23,0.16971,-1,-1,-1
375,-1,1324.7,792.96,55.569,168.71,-0.19129,-1,-1,-1
375,-1,544.22,460.65,68.644,207.93,-0.25505,-1,-1,-1
375,-1,1286.3,473.9,59.629,180.89,-0.3683,-1,-1,-1
375,-1,1385,569,39,119,-0.40394,-1,-1,-1
376,-1,1458.6,721.23,84.742,256.23,1.2282,-1,-1,-1
376,-1,1553,689,79,239,1.1298,-1,-1,-1
376,-1,1345,641,79,239,0.37416,-1,-1,-1
376,-1,1458.6,575.47,41.871,127.61,0.32877,-1,-1,-1
376,-1,544.22,460.65,68.644,207.93,0.033579,-1,-1,-1
376,-1,393,177,39,119,-0.37693,-1,-1,-1
376,-1,114.14,408.29,112.14,338.41,-0.37724,-1,-1,-1
