219,-1,1338.8,554,51.5,135.7,1
219,-1,1678.3,551.6,76.4,142.4,1
219,-1,137.9,591.2,26.7,81,1
219,-1,1010.6,529,32.3,71.5,0.999
219,-1,877.3,531.5,23.4,60.5,0.999
219,-1,824,519.8,17.1,49.2,0.998
219,-1,27,575.1,29.2,91.5,0.988
219,-1,7.6,576.9,32.3,92.3,0.983
219,-1,1106.2,539.4,27.9,82.6,0.981
219,-1,967.5,532.9,26.6,67.5,0.964
219,-1,1081.6,540.4,29.6,78.6,0.94
219,-1,995.5,532.8,25.4,65.4,0.817
219,-1,1059.8,539.7,26.8,70,0.816
219,-1,1041.5,530.4,27.8,69.7,0.805
219,-1,982.3,532.6,24.6,69.5,0.775
219,-1,953.7,534.4,24,62.8,0.093
316,-1,1700,543.9,36.7,104.6,1
316,-1,1188.9,530.2,25.3,58.3,1
316,-1,34.8,646.7,51.1,132.2,1
316,-1,1390,599.4,53,136.1,0.999
316,-1,257.3,628,38.2,135.1,0.999
316,-1,1343.4,579,66.7,140.6,0.999
316,-1,1265.7,521.3,24.2,61.7,0.999
316,-1,222.5,656.6,33.4,121.7,0.998
245,-1,1419.6,551.1,46.9,149,1
245,-1,106.3,599.1,29.8,91.2,1
245,-1,1028.6,523.2,31.7,74.6,1
245,-1,904.1,529.2,26.7,66.1,0.999
245,-1,855.1,515.8,20.5,52.5,0.999
245,-1,385.2,534,17.5,38.5,0.999
245,-1,1182,520.5,26,78,0.997
245,-1,1157.8,522.5,22.6,74.8,0.207
358,-1,1577.2,644.2,90.3,193.6,1
358,-1,1368.9,612.4,88.4,208.4,1
358,-1,1455.1,667.4,68.6,202.3,1
358,-1,106.6,675.4,48.4,169.6,1
358,-1,47.5,707,42.9,162.3,1
358,-1,1533.1,554.9,36.8,93.5,0.999
358,-1,1457.3,560.3,38,83.1,0.992
358,-1,1353.1,526.5,22.5,54.9,0.97
358,-1,1413.3,554.4,33.8,87.3,0.771
358,-1,1364.2,531,23,55,0.765
358,-1,1381.7,541.7,23.4,55.6,0.463
371,-1,1548.6,694.4,112.6,213.4,1
371,-1,1454.5,720,89.6,235.1,1
371,-1,1682.8,612.8,52.2,141,1
371,-1,1362.3,655,62.5,217.7,1
371,-1,17.5,715.1,51.4,185.8,1
371,-1,1374.5,580.9,51.4,104,0.999
371,-1,1552.1,577.7,34,103.6,0.98
371,-1,1457.8,584.7,42.4,86.4,0.976
371,-1,1503.2,582.3,31.1,92.1,0.881
371,-1,1323,654.3,50.8,191.2,0.865
371,-1,1355.1,553.7,18.2,51,0.235
371,-1,1519.5,582.3,42.6,93.5,0.084
371,-1,1429.2,586.8,36,82.9,0.051
17,-1,1633.6,589.2,57.6,142.9,1
17,-1,1729.1,590.2,60.9,142.3,1
17,-1,1540.4,536.4,41.8,85.3,1
17,-1,117,604.1,65.6,166.5,1
17,-1,1416,534.8,40.4,104.6,1
17,-1,12.4,592.7,63.1,185.7,1
17,-1,518.6,552.8,37.5,97.2,1
17,-1,477.8,551.3,36.4,94.6,1
17,-1,1497.1,522.7,30,76.3,1
17,-1,1200,494.7,16.4,37.5,0.998
17,-1,829,515.2,18.1,46.4,0.997
17,-1,1073.1,490.8,17.5,33.4,0.997
17,-1,639.9,530.7,27.9,75.3,0.997
17,-1,1293.2,497.8,15,45,0.992
17,-1,604.7,532.4,24.3,67.5,0.96
17,-1,790.4,507.7,18.4,45.4,0.905
17,-1,810.7,512.3,18,43.2,0.869
17,-1,621.4,533.3,25.7,70.9,0.856
17,-1,1301.5,499.6,15.4,46.1,0.44
17,-1,1283.5,494.7,17.2,41.9,0.297
11,-1,1678.7,584.9,69.5,137.2,1
11,-1,1590.1,586.1,55.3,132.9,1
11,-1,3.3,756.8,38,112,1
11,-1,1399.8,533.5,37,102.4,1
11,-1,531.6,557.7,34.4,94.6,1
11,-1,188.6,602.8,58.7,162.1,1
11,-1,487.7,554.4,35.2,97.3,1
11,-1,99.1,592.9,51.6,166.4,1
11,-1,1515.2,535.4,37.5,79.8,1
11,-1,1477.4,516.8,30.8,84.3,0.999
11,-1,1195.8,498,15.3,38.1,0.999
11,-1,829.4,517.3,18.8,47,0.998
11,-1,1287.6,498.5,16.3,47.1,0.998
11,-1,644.6,533.1,29.4,76.1,0.996
11,-1,1076.3,500.6,15.5,29.1,0.996
11,-1,791.8,511.8,19,43.4,0.916
11,-1,615.8,537.1,23,65.8,0.89
11,-1,809.3,515.1,18.3,43,0.842
11,-1,599.2,536.2,24.8,64.3,0.797
11,-1,1494,523.6,25.5,71.2,0.391
11,-1,1466.3,507.8,27.9,60.7,0.181
220,-1,1685.3,548.2,72.2,147.2,1
220,-1,1339.9,552.9,52.3,137.7,1
220,-1,136,595.5,26.4,80.1,1
220,-1,1009.9,530.1,31,70.8,0.999
220,-1,876.5,532.6,23.3,58.8,0.998
220,-1,825.1,521.3,16.6,47.8,0.998
220,-1,9.2,580.2,33,93.2,0.994
220,-1,1080.6,542.5,30.6,80.2,0.966
220,-1,967.7,533.7,26.5,67.3,0.963
220,-1,1103.7,540.5,26.1,79.7,0.93
220,-1,1052.2,538.1,27,68.8,0.834
220,-1,995.7,533.1,25.2,65.9,0.788
220,-1,41.2,571,26.7,94.1,0.77
220,-1,953.4,535,23.9,63.2,0.275
337,-1,1433.1,596.7,70.6,167.9,1
337,-1,1353.3,564,91.9,168.1,1
337,-1,1835.8,523.6,41.9,130.7,1
337,-1,168.3,653.9,36.2,136.8,1
337,-1,212.7,624.9,41.7,148.2,0.999
337,-1,1586.7,576.9,43.7,169.1,0.999
337,-1,1325.9,503.7,24.8,56.9,0.988
337,-1,1338.7,516.7,32.6,65.1,0.887
337,-1,191.5,646.7,34.9,135.4,0.752
337,-1,1364.4,516.8,22.9,57.9,0.058
351,-1,1449,646.1,67.5,192.8,1
351,-1,1580.8,617.9,86.9,193,1
351,-1,1345.3,604.5,72.9,181.5,1
351,-1,148.6,669.1,43.4,160.7,1
351,-1,91,702.4,40.8,147.7,0.999
351,-1,1396.7,597.7,87,194,0.997
351,-1,1532.4,539.1,32.5,97.3,0.99
351,-1,1357.6,544.6,46.8,81.6,0.974
351,-1,1459.9,548.1,34,83.6,0.973
351,-1,1350.1,528.5,28.7,55.5,0.95
351,-1,121,689,32.7,148.4,0.915
351,-1,1413.7,548.1,42.6,79.4,0.913
351,-1,1325.3,513,19.4,53.3,0.315
243,-1,1406.1,549,51.4,147.2,1
243,-1,105.7,598.5,29.5,90.3,1
243,-1,1025.4,523.2,30.6,73.8,1
243,-1,849.3,517.2,20.3,52.7,1
243,-1,382.6,534,18.1,38.2,0.998
243,-1,1170.5,522.6,26.3,84.5,0.993
243,-1,903.4,526.4,21.9,57.8,0.808
243,-1,1153.5,525.2,26.6,84.6,0.74
243,-1,1115.4,529.1,27.1,76.5,0.272
243,-1,2.3,589.9,19.3,95.3,0.181
259,-1,1504.1,543.2,65.6,155.1,1
259,-1,965.4,532.4,26,66.5,1
259,-1,1127.2,543.9,38.4,100,1
259,-1,129.4,614.6,29.8,94.9,0.999
259,-1,913.1,519.7,21.4,49.8,0.999
259,-1,1,608.4,22.8,104,0.997
259,-1,425.9,541.5,16.5,36.6,0.993
259,-1,953.2,529.8,24.8,59.6,0.495
259,-1,12.1,605.6,26.2,95.1,0.052
187,-1,1362,543,51,125.7,1
187,-1,1611.7,555.4,52.2,124.9,1
187,-1,260,564,24.9,72,1
187,-1,147.5,556.9,29,77.5,1
187,-1,858.4,507.7,21.7,51.3,0.999
187,-1,1087.1,514.2,30.7,70.2,0.999
187,-1,924.4,520,24.1,62.8,0.998
187,-1,1169.4,536.3,44.1,99.1,0.995
187,-1,483.6,519.5,15.8,38.4,0.993
187,-1,1030.3,521.9,25.6,62.7,0.982
187,-1,189,546.4,25.4,74.1,0.947
187,-1,1008.6,522.5,24.8,62.7,0.938
187,-1,173.1,550.7,26.1,75.2,0.854
187,-1,1125,519.6,26,63.7,0.53
187,-1,202.9,544,26.1,77.9,0.146
187,-1,879.6,511.6,22.3,49.8,0.127
187,-1,1051.1,514.3,33.7,66.2,0.122
187,-1,470,517.7,13.9,39.7,0.114
187,-1,1140.9,525.1,25.6,72.4,0.083
228,-1,1740.5,542.4,70.3,149.6,1
228,-1,1357.2,550.7,52.9,144,1
228,-1,1205.6,556,55.3,129,1
228,-1,120.2,601.4,28.8,84.6,1
228,-1,1120,530.9,39.4,97.9,1
228,-1,827.6,521.9,17.1,50.5,0.999
228,-1,1060.7,549.7,36.1,81,0.999
228,-1,3.1,594.4,22.6,92.1,0.995
228,-1,1008.9,531.1,30.5,72.9,0.994
228,-1,977.4,531.7,26.8,67.9,0.988
228,-1,384.4,537.6,15.6,38,0.913
228,-1,1047.5,541.8,24,74.9,0.545
228,-1,376.1,535.7,15.1,40.7,0.424
334,-1,1422.3,594.1,72.1,167.2,1
334,-1,1581.7,582.1,47.3,160.1,1
334,-1,1351.7,565.9,88.3,163.8,1
334,-1,180.7,651.3,36.4,133.4,1
334,-1,1819.5,528.3,42,127.1,0.999
334,-1,222.4,621.4,39.4,147,0.999
334,-1,1319.6,503.4,24,58.9,0.997
334,-1,1,641.3,33.6,149.2,0.997
120,-1,1741.9,563.8,56.9,110.4,1
120,-1,1753.7,640.1,106.1,253.8,1
120,-1,8.1,597.6,61.4,156.8,1
120,-1,228,587.6,50.9,145.6,1
120,-1,1298.1,529.2,31.5,80.5,1
120,-1,161.9,599.2,50.7,129.9,1
120,-1,109.6,600.2,50.6,130.3,1
120,-1,290.7,565.1,42.1,116.7,1
120,-1,517.2,524.6,21.1,62.9,1
120,-1,600.8,532.1,22,65.1,1
120,-1,1476.3,519.5,26.3,66.5,0.999
120,-1,1078.8,505.8,18.8,43,0.999
120,-1,812.5,507.9,16.4,33.5,0.995
120,-1,1141,520,22.2,52.3,0.994
120,-1,1425,532.2,24.9,57.2,0.982
120,-1,1413.4,532,21.9,55.4,0.957
120,-1,567.8,524.7,20.7,58.8,0.869
120,-1,1448.1,528.5,25.3,58.7,0.868
120,-1,556.9,522.8,20.2,57.7,0.857
120,-1,1110.4,512.7,19.4,45,0.825
120,-1,76.1,605.7,36.2,105.3,0.256
120,-1,1249.1,521.1,20.3,53.1,0.164
345,-1,1579.5,607.7,85.9,179.3,1
345,-1,1449,626.5,62.2,180.7,1
345,-1,1354,534.3,46.2,85.4,1
345,-1,179.2,655.4,42.4,153.1,0.999
345,-1,127,686.8,39.4,143.2,0.999
345,-1,1877.5,541.4,43.5,135.7,0.998
345,-1,1399.1,585,85.5,185.1,0.995
345,-1,1366.9,589.4,50.2,174.8,0.993
345,-1,1341.1,508.3,23.7,51.3,0.931
345,-1,158.6,667,34.9,146.3,0.899
345,-1,1327.2,507,21.9,55.9,0.888
9,-1,1670.3,586.3,64,135.8,1
9,-1,1576.3,588.1,53.5,128.9,1
9,-1,1395.7,537.9,37.1,98.6,1
9,-1,535,555.5,34.3,94.6,1
9,-1,211.9,602.5,51.1,152.5,1
9,-1,17,745,49.6,112.9,1
9,-1,1473,523.8,32.5,79,1
9,-1,120,592.7,50.6,156.9,1
9,-1,1510.9,538.5,39.4,81.5,1
9,-1,493.6,552,35.7,99.4,0.999
9,-1,648,533,29.4,75.9,0.997
9,-1,1285.7,502.6,15.8,47.7,0.995
9,-1,1196.1,500.4,14.8,37.6,0.992
9,-1,830.1,517.5,18.3,46.4,0.991
9,-1,1076.8,502.2,14.8,32.4,0.984
9,-1,792.2,512,19.8,46.8,0.952
9,-1,814.8,516.4,18.2,44,0.889
9,-1,612.6,536.8,21.4,63.2,0.786
9,-1,678.5,532.4,24.4,56.8,0.098
188,-1,1609.7,554.5,54,126.8,1
188,-1,1361.2,547.3,49.7,123.8,1
188,-1,256,565.6,25.7,71.6,1
188,-1,921.8,522.6,25.7,63,0.999
188,-1,145.3,559.5,27.8,75.4,0.999
188,-1,856.5,509.3,20.3,49.1,0.999
188,-1,1083.3,517.4,31.4,69.4,0.997
188,-1,1170.7,536.5,42.9,97.9,0.996
188,-1,479.7,519.8,16.4,40.5,0.995
188,-1,186,548.5,27.1,74.9,0.967
188,-1,1028.6,521.6,25.4,62.2,0.967
188,-1,1050.6,520.1,27.5,62.7,0.95
188,-1,1006.4,523.1,24.4,61.5,0.936
188,-1,1123.9,519.4,26.7,65.4,0.658
188,-1,472.2,518.2,14.9,40.4,0.484
188,-1,161.3,552.4,26.6,79.1,0.349
188,-1,226.2,559.1,23.7,66.1,0.25
188,-1,881.1,514.2,21.7,47.1,0.208
188,-1,206.5,549.4,25.4,74,0.204
274,-1,1079.8,527.5,39.8,79.8,1
274,-1,1628,596.6,73.3,208.6,1
274,-1,16.4,602,37.2,104.4,1
274,-1,167.3,603.4,31.2,107.4,0.999
274,-1,491.8,533.2,16.9,41.4,0.995
274,-1,989.6,517.8,25.2,41.1,0.992
274,-1,1048.1,527.5,24,73.4,0.985
274,-1,187,589.7,36.4,108.3,0.981
274,-1,1139.7,522.7,28.2,78.5,0.822
274,-1,1032,526.2,22.9,57.7,0.126
130,-1,1788.4,655.2,115.6,276.5,1
130,-1,118,599.4,54.9,163.7,1
130,-1,210.9,577.5,42.6,124.2,1
130,-1,1,621.5,48.4,139.4,1
130,-1,53.1,616.9,54.9,141.9,1
130,-1,1719,559.6,60.3,115.5,1
130,-1,1271.9,532.1,32.7,80.8,1
130,-1,1041.6,507.7,18.3,43.1,1
130,-1,548.6,535.5,23.3,67.6,0.999
130,-1,463.5,528.7,21.5,64.7,0.998
130,-1,1109.7,520.4,23.2,54.7,0.998
130,-1,1436.5,524.2,23.9,63.9,0.998
130,-1,1381.2,534,27,58.6,0.993
130,-1,758.7,511.3,17.5,35,0.992
130,-1,1226.3,523.1,23.1,57.3,0.992
130,-1,1422.3,528.9,24.6,59.1,0.899
130,-1,491,521.2,23.2,64.3,0.828
130,-1,476.4,525.6,21.6,63.7,0.76
130,-1,1081,518.2,19.7,45.2,0.613
67,-1,1617.2,571.2,56,154.7,1
67,-1,348.7,552.8,48.8,128.4,1
67,-1,398.7,557.3,47.4,123.9,1
67,-1,1699.1,530.4,39.5,101.8,1
67,-1,1393.8,511.8,25.4,62.7,1
67,-1,1758.5,552.5,43.3,100.6,1
67,-1,813,514.1,21.7,54.1,0.999
67,-1,742,506.4,22.5,54,0.999
67,-1,1268.3,502.4,24.8,49,0.998
67,-1,1486.6,504.1,21.6,59.7,0.998
67,-1,1034.6,494.7,16.1,32.6,0.992
67,-1,588.9,539.2,35.8,100.9,0.992
67,-1,1662.1,510.5,29.3,62.8,0.992
67,-1,547.3,548.1,36.9,96,0.989
67,-1,1574.9,518.5,22.4,54.3,0.987
67,-1,1231.8,495.3,17.7,41.6,0.966
67,-1,516.1,554.3,31,83.7,0.965
67,-1,1246.6,498.4,19.8,42.3,0.912
67,-1,1595.3,521.1,22.4,47.5,0.868
67,-1,769.2,508.5,21.6,51.1,0.79
67,-1,482.5,551.1,26,72.1,0.774
67,-1,1370.9,508.3,22.2,49.6,0.702
67,-1,757.8,505.8,21.5,54.3,0.579
67,-1,1558.5,518.4,22.4,53.9,0.255
67,-1,1641,502.4,35,73.3,0.1
248,-1,1437.1,550.5,47.6,152.6,1
248,-1,107.7,599.2,30.5,95,1
248,-1,1037.1,528,32.9,71.8,1
248,-1,912.4,528.1,27.6,68.9,1
248,-1,865.1,518.3,19.4,51.1,0.998
248,-1,388.1,534.9,17.4,37.3,0.996
248,-1,123.7,588.4,31.8,95.9,0.44
248,-1,874.5,517.6,23.2,55,0.439
198,-1,1607,552.6,65.5,130.8,1
198,-1,1343.3,544,49,130.6,1
198,-1,213.1,576.7,26.1,74.5,1
198,-1,904.8,527.6,28.5,64.8,1
198,-1,1055.8,517.5,31.3,71.7,0.999
198,-1,99.7,569.3,29.2,80.4,0.999
198,-1,840.1,512.6,19.4,49.8,0.999
198,-1,443.8,527,16.2,38.2,0.996
198,-1,999.4,524.1,27.9,64.4,0.985
198,-1,136.8,559.2,26.9,78.7,0.978
198,-1,985.7,524.3,25.5,63.3,0.927
198,-1,1113.8,529.7,26.8,70.3,0.913
198,-1,1014.4,517,36.6,67.6,0.644
198,-1,432.6,520.4,18.1,43.3,0.131
198,-1,118.9,561.9,23.1,85.9,0.077
140,-1,1695.2,561.4,60.7,116.5,1
140,-1,1563.5,547,42.9,119,1
140,-1,119.7,579.5,46.9,136.2,1
140,-1,2.2,609.1,55.3,176,1
140,-1,1247.1,534.3,32.8,79.8,1
140,-1,1397.8,522.9,24.1,69.2,1
140,-1,1003.9,505.3,18.8,45,1
140,-1,496.6,537.2,23.7,68.6,0.999
140,-1,404.7,529.5,26,70.1,0.999
140,-1,1335.3,530.7,25.5,61.1,0.996
140,-1,1074.2,519.7,24.4,55.1,0.995
140,-1,1840.3,670.7,80.7,326,0.992
140,-1,1185.7,519.9,24.2,59.5,0.974
140,-1,707.9,509.7,14.9,33.6,0.713
140,-1,1288.4,528.5,22.9,57.3,0.694
140,-1,1151.6,520.6,20.8,52.6,0.638
140,-1,1060.2,523.1,19.6,46.6,0.608
140,-1,1361.1,523.8,39.7,63.8,0.136
76,-1,1649,573.3,61.7,171.3,1
76,-1,302.3,551.5,50.6,132.9,1
76,-1,351,556.1,51.1,130.1,1
76,-1,1781.3,553.8,42.1,99.8,1
76,-1,510.3,549.4,43,103,1
76,-1,1711.8,528.8,37.3,102.9,1
76,-1,716.5,504.4,21.8,57,1
76,-1,1390.6,515.9,25.8,63,0.999
76,-1,791.4,511.7,20.4,58.1,0.999
76,-1,1561.6,520.2,20.7,53.4,0.999
76,-1,554.6,539,37.6,110.6,0.998
76,-1,458.5,556.2,30,84.4,0.997
76,-1,1010.8,491,16.5,35.8,0.992
76,-1,1261.9,506.1,22.6,47,0.986
76,-1,1219.5,495.8,19,42.2,0.985
76,-1,479.6,553.1,28,88.2,0.94
76,-1,1369.1,514.1,23.8,51.7,0.927
76,-1,1249.9,503.8,21,43.1,0.892
76,-1,1279.7,509.9,21.8,48,0.59
76,-1,1592,517.4,21.7,52.3,0.587
76,-1,1339.9,507,20.5,51.1,0.197
201,-1,1615.5,547.7,60.4,133.3,1
201,-1,1342,545.8,46.8,128.3,1
201,-1,202.1,579.2,25.6,74.7,1
201,-1,898,530.8,25.7,60.1,0.999
201,-1,87,569.3,28.5,80.5,0.999
201,-1,1049.2,521.4,30.2,68.2,0.999
201,-1,835.8,513,17.8,50.1,0.999
201,-1,435.1,524.5,16.9,39.8,0.994
201,-1,984.2,527.7,27.4,62.3,0.98
201,-1,118.4,562.4,28.2,80.4,0.973
201,-1,1114.8,535.3,24,71.2,0.952
201,-1,1014.8,524.7,28.6,62.3,0.916
201,-1,134.5,559.9,23.9,81.6,0.679
201,-1,1065.6,523.6,30.4,66.1,0.678
201,-1,884,525.8,22.7,54.3,0.385
201,-1,1085.9,535.2,27,62.1,0.379
201,-1,867.4,519.9,20.4,48,0.288
129,-1,1785.8,650.8,115.5,278.2,1
129,-1,130,596,54.9,164.6,1
129,-1,218.2,576.4,42.4,123.8,1
129,-1,1723.4,561,56.4,115,1
129,-1,1275,529.7,32.6,82.2,1
129,-1,66,612.3,53.1,142.5,1
129,-1,9.5,617.6,50.2,138.6,1
129,-1,1044.7,506.9,19.4,42.3,1
129,-1,1438.9,520.9,24.8,65.9,0.999
129,-1,554.7,533.8,22.6,67.7,0.998
129,-1,1385,533.1,28.3,59,0.998
129,-1,469.1,528.3,21.8,64.8,0.998
129,-1,1114.2,520.3,23.2,55.5,0.998
129,-1,762.8,511.2,16.9,32.8,0.997
129,-1,1229.4,522.8,22.8,56.3,0.986
129,-1,1415.3,527.8,25.1,59.2,0.825
129,-1,484,523.2,23.7,67.2,0.636
129,-1,1076.1,513.6,19.4,45.3,0.408
77,-1,1652.5,577.8,60.8,167.8,1
77,-1,1780.4,554.8,43.2,101.8,1
77,-1,345.6,556,51.5,130.3,1
77,-1,297.9,552.9,49,130.3,1
77,-1,1711.3,529.6,37.5,105,1
77,-1,507.1,549,42.8,104.7,1
77,-1,787.9,513.2,20.4,56.1,1
77,-1,1389,516.4,27,64.1,1
77,-1,714.1,505.8,21.6,56.9,1
77,-1,1557.2,521,21.5,53.6,0.999
77,-1,551.8,540,38.3,112,0.998
77,-1,1256.9,506.5,25.3,48.9,0.996
77,-1,1006.7,492.8,14.7,33,0.992
77,-1,455.5,557,30.1,85.7,0.991
77,-1,1218.8,497.1,19.5,42.8,0.976
77,-1,476.9,555.9,29.8,91.5,0.962
77,-1,1363.7,513,24.8,53,0.949
77,-1,1376.8,515.8,24.8,56.9,0.888
77,-1,1281,509.8,22.8,47.9,0.61
77,-1,1339.4,506.9,21.9,54.5,0.396
77,-1,1207,494.1,18.1,43.1,0.171
77,-1,1589.3,519.7,20.8,53.8,0.15
296,-1,45.1,623.8,52.2,120.6,1
296,-1,1336,542.4,69.7,135.8,1
296,-1,212.5,631.6,35.4,113.5,1
296,-1,1102.9,513.3,25.2,55.3,1
296,-1,1542.7,522.4,36.5,104.5,1
296,-1,1241.7,523.8,32.3,84.1,0.999
296,-1,244.1,611.2,37.9,115.8,0.919
296,-1,1229.5,525.2,26.3,75.4,0.233
296,-1,1273.2,528.5,27.6,78.5,0.202
115,-1,1740.9,633.2,97.4,239.6,1
115,-1,278.3,578.2,46.2,137,1
115,-1,217.5,588.8,47.9,129.4,1
115,-1,59.4,589.2,62.1,154.4,1
115,-1,1749.5,566.6,57.2,100.5,1
115,-1,170.5,593.1,43.3,115.9,1
115,-1,330.1,559.3,42.5,113.2,1
115,-1,6.3,585.6,52,151.4,1
115,-1,1097.2,507.4,18.9,42.8,1
115,-1,627.1,528.2,22.7,65.9,1
115,-1,546.9,521.5,20.5,62.8,1
115,-1,1497.7,521.8,25.2,68.8,0.999
115,-1,1160.9,520.6,22,50.9,0.996
115,-1,840.7,508.4,14.7,33.2,0.992
115,-1,1309.9,533.5,25.8,71.1,0.987
115,-1,140.6,599.3,34.3,105.8,0.984
115,-1,1454.6,532.1,26.2,60,0.97
115,-1,1432.8,533.2,24.2,55.3,0.966
115,-1,1291.7,527,22.5,57.8,0.933
115,-1,1146.1,519.6,20.7,45.3,0.906
115,-1,1480.6,528.6,23.9,61.9,0.856
115,-1,595.9,523.3,20,56.8,0.838
115,-1,607.1,524.6,20.8,59.8,0.717
115,-1,1174.2,522.4,18.6,49.8,0.597
115,-1,1115.9,510.7,18.5,44.9,0.389
115,-1,1323,537.5,28.2,67.4,0.126
196,-1,1606.4,553.6,63.4,130.3,1
196,-1,1344.3,543.6,50.1,130.5,1
196,-1,905.4,525.7,30.6,66.4,1
196,-1,220.6,576.7,24.5,70.8,1
196,-1,842.6,512.2,19.6,50.3,0.999
196,-1,1062.6,518.2,31.2,68.7,0.999
196,-1,109.5,569.8,26.4,76.7,0.999
196,-1,450.6,525.6,16.6,40.8,0.998
196,-1,1003.2,523.8,27.9,64.7,0.994
196,-1,143.4,557.9,28.1,78.9,0.973
196,-1,1109.4,525,24.1,63.4,0.867
196,-1,980.5,524.9,22.7,59.8,0.42
196,-1,442.9,524.4,15.3,40,0.322
196,-1,1124,529,22.9,65.9,0.117
204,-1,1336.1,548.8,50.8,128.1,1
204,-1,1619.5,545,65,136.7,1
204,-1,187.6,581.7,25.5,76.4,1
204,-1,74.3,572.3,29.8,85.5,1
204,-1,892.3,531,24.1,57.9,0.999
204,-1,832.7,514.6,17.7,50.1,0.998
204,-1,1041.3,522.3,30.2,69,0.998
204,-1,997.1,526.4,29,64.2,0.979
204,-1,429.9,528.6,15.9,38.1,0.958
204,-1,107,559.1,28.3,86.2,0.956
204,-1,1107.7,540.1,23.1,71.3,0.951
204,-1,977,527.9,26.3,61.8,0.948
204,-1,1016.9,524.4,28.5,64.3,0.926
204,-1,1060.7,523.2,28.1,68.2,0.903
204,-1,1083.3,531.4,27.3,68.1,0.871
204,-1,1118.5,542.3,28.6,74.1,0.087
202,-1,1616,548.5,63.4,135.7,1
202,-1,1339.2,546.8,48.8,128.9,1
202,-1,197.9,581,25.1,73.8,1
202,-1,894.6,531.3,26,59.5,0.999
202,-1,80.9,570.9,29.3,82.8,0.999
202,-1,1046.9,521.7,29.7,69.7,0.999
202,-1,835.2,513.7,17.1,50.3,0.997
202,-1,983.6,528.3,27.5,63.7,0.978
202,-1,112.9,562.4,28.3,81.3,0.973
202,-1,432.5,524.9,16,40.6,0.955
202,-1,1113.5,536.8,22.8,71.5,0.953
202,-1,1016.3,525.2,29.1,63.5,0.913
202,-1,99.7,567,26.3,82.2,0.883
202,-1,1066.7,523.8,29.5,67.7,0.655
202,-1,1088.8,537.1,26.9,62.4,0.613
202,-1,876.4,527,21.6,50.2,0.434
131,-1,104.8,603.7,55.6,159.6,1
131,-1,1793.3,659.2,116.9,275.7,1
131,-1,200,574.9,45,129.2,1
131,-1,1715.4,560,62.6,115.2,1
131,-1,41.5,614.4,55.8,142.8,1
131,-1,1270.6,533.9,32.7,78.9,1
131,-1,1038.7,508.2,17.5,42,1
131,-1,544,535.7,22.8,68.3,1
131,-1,455.8,529,22.5,64.4,1
131,-1,1429.6,526.4,23.6,63.1,0.999
131,-1,1106.8,521.7,23.2,54.3,0.998
131,-1,752.7,511.3,17.8,32.7,0.997
131,-1,2.9,615.1,38.5,142.8,0.994
131,-1,1226.6,523.6,23.6,56.8,0.992
131,-1,1378.3,533.3,28.3,58.2,0.986
131,-1,488.6,524.9,21.2,58.9,0.871
131,-1,1081.4,521.2,19.2,43.4,0.415
131,-1,1416.4,532.6,24.3,60.3,0.213
302,-1,45.6,627.5,53,123.1,1
302,-1,1590.9,528.9,35.5,103.9,1
302,-1,1131.9,515.6,22.9,57.3,1
302,-1,221.8,639.4,33.5,109.4,1
302,-1,250.6,616.2,36.9,115.6,0.944
54,-1,1554.2,555.7,53.8,145.1,1
54,-1,1646.3,533.2,39.3,94.1,1
54,-1,436.7,561.4,46.8,120.9,1
54,-1,391,557.1,43.8,121.1,1
54,-1,1697.5,547.4,47.3,99.2,1
54,-1,1377.2,512.9,22.6,62.5,1
54,-1,754.6,512.7,21.6,50,0.999
54,-1,823.5,518.4,20.5,53.4,0.999
54,-1,1229.4,501.4,17.8,38.8,0.997
54,-1,1052.4,501.4,14.8,30.9,0.996
54,-1,558.4,553.8,33.2,85.3,0.991
54,-1,633.9,539.4,31.9,86.1,0.988
54,-1,600.9,547.7,28.9,86.9,0.979
54,-1,578.9,551.9,31.8,87.8,0.962
54,-1,1351,514.4,18.7,47.3,0.208
54,-1,1695.6,513.5,24,45.7,0.189
54,-1,1605.1,524.9,23.9,54.3,0.124
54,-1,1661.7,517.1,25.8,56.6,0.069
312,-1,1668.2,542.4,37.9,112.4,1
312,-1,38.6,642.9,53,128.3,1
312,-1,1172.7,528.9,26,57.4,1
312,-1,222.1,656.1,33.3,116.4,0.999
312,-1,256.2,620.8,38.9,138.2,0.998
312,-1,1249.2,518,23.6,61.2,0.989
107,-1,1722.3,620.5,88.8,222.3,1
107,-1,129.3,587,67.7,146.9,1
107,-1,352.1,572.2,48.5,131.8,1
107,-1,296.1,583.9,47.3,121.5,1
107,-1,70.2,578,56.5,148.2,1
107,-1,1672.7,548.4,36.6,109.4,1
107,-1,248,587.7,45.2,119,1
107,-1,1334.1,532.8,26.3,72,1
107,-1,666.5,530.1,21.5,61.5,1
107,-1,588.3,521.7,20.6,61.1,0.999
107,-1,1536.5,521.6,24.2,64.2,0.998
107,-1,1126.2,504.5,19.5,46.8,0.996
107,-1,879.2,508.4,15.9,34.2,0.995
107,-1,395.9,562.2,39.2,105.3,0.99
107,-1,1490.4,530.1,25.9,59.5,0.985
107,-1,1185.9,517.3,22.6,49.8,0.973
107,-1,221.6,596,30.5,98.1,0.952
107,-1,1465.9,531.4,23.5,54.8,0.942
107,-1,1770.6,569.9,39.5,97.3,0.941
107,-1,616.2,521.5,19.8,58.1,0.833
107,-1,1318.8,530.4,23.6,58,0.442
107,-1,1147.6,511.2,19.4,45.1,0.393
107,-1,1215.4,519.1,19.8,50.3,0.365
107,-1,1367,534.2,21.2,49.6,0.145
168,-1,1429.6,543.3,43.5,124.6,1
168,-1,1253.7,521.4,28.3,71.9,1
168,-1,344.6,556.8,24.9,66,1
168,-1,1084.4,518.4,27.2,62.9,0.999
168,-1,243.9,547.4,27.1,72.3,0.999
168,-1,904,504.4,20.1,49.8,0.999
168,-1,977.8,519.3,22.5,58.5,0.99
168,-1,1156.1,514.9,22.5,61.6,0.987
168,-1,278.4,541.6,25.4,71.1,0.905
168,-1,959.7,518.9,22,51.7,0.858
168,-1,996.8,520.5,21,55.6,0.741
168,-1,319.2,550.3,23.6,62.3,0.719
168,-1,561,517.7,13.1,35.2,0.432
168,-1,571.1,517.9,13.6,33.9,0.26
168,-1,291.1,541.7,32.2,71,0.248
168,-1,551.5,516.8,12.5,36.8,0.239
168,-1,920,506.2,20.9,52.7,0.08
168,-1,1042.1,519.8,41.9,58.4,0.066
36,-1,1793.8,616.7,74.7,176.4,1
36,-1,1476.6,541.7,47.8,124.4,1
36,-1,1566.5,523.1,31.9,84.5,1
36,-1,481.8,563.9,38.4,108.1,1
36,-1,1626.6,545.8,38.2,83.8,1
36,-1,436,559.8,35.6,107.3,1
36,-1,615.9,546.3,29.2,81.6,0.999
36,-1,827.6,520.1,18.9,49.4,0.999
36,-1,1064.5,503.8,15.2,29.5,0.997
36,-1,1215.6,499,16,36.2,0.99
36,-1,764.5,515.2,21,49.9,0.986
36,-1,582.2,543.8,24.9,72.1,0.857
36,-1,1477.4,500,22.5,49.1,0.847
36,-1,1581.5,515.7,26.4,65.2,0.324
36,-1,1498.9,505,23.5,46.9,0.313
36,-1,652.8,544.1,22.9,66.9,0.298
36,-1,1634,513.6,23.8,53.8,0.297
36,-1,1600,535.7,28.8,74.3,0.202
176,-1,1388.3,544.9,53.7,119.5,1
176,-1,307.1,556.5,25.1,68.9,1
176,-1,1226.3,523.5,29.5,73.3,1
176,-1,883,506.2,19.9,49,0.999
176,-1,204.6,548.7,24,73.3,0.999
176,-1,1058.9,519.2,25,61.6,0.998
176,-1,1130.5,514,23.6,66.1,0.996
176,-1,965.5,519.8,23.7,61.5,0.995
176,-1,240.2,540.9,26.5,72.8,0.947
176,-1,955.1,518.2,20.8,60.3,0.886
176,-1,1037.4,519.4,22.3,59.2,0.845
176,-1,923.7,512.8,20.8,46.3,0.574
176,-1,217.6,541.8,29.4,76,0.237
176,-1,253.1,545,50,68.3,0.225
176,-1,1152.8,520.7,19.8,57,0.205
176,-1,188.5,549.2,21.3,67.8,0.15
176,-1,519.7,516.4,12.9,38.7,0.09
176,-1,1008.4,520.4,43.9,56.5,0.052
80,-1,328.6,557.6,49.2,131.1,1
80,-1,1777.7,553.8,44.1,100.7,1
80,-1,1659.2,578.7,64.8,171.6,1
80,-1,277.8,554.4,50.9,132.6,1
80,-1,1713.3,530.8,38.4,99.8,1
80,-1,534.6,540.8,38.7,110.6,1
80,-1,703.6,503.2,21.8,59.8,1
80,-1,778.7,513,21.2,56.1,1
80,-1,1385.6,516.5,25.6,64,0.999
80,-1,485.8,549.4,45.3,107.8,0.998
80,-1,1251.3,505,23.4,47.2,0.998
80,-1,1549.2,515.6,23.3,56.9,0.998
80,-1,443.8,558.5,33.5,90.8,0.989
80,-1,996.1,491.2,13.3,31.9,0.986
80,-1,1211.4,493.9,18.1,42.6,0.985
80,-1,1359.9,511.2,23.9,52.6,0.936
80,-1,429.4,558.6,28.6,81.4,0.918
80,-1,1221,492.8,19.3,43.3,0.873
80,-1,1344.6,506.8,22.1,55.4,0.832
80,-1,1271.1,506.8,21.5,48.2,0.796
80,-1,751.6,509.3,19.1,49.7,0.773
80,-1,1584.1,514.5,21,56.6,0.673
80,-1,1283.7,509.9,22.9,46.7,0.622
80,-1,766.9,510.7,19.5,53.9,0.294
314,-1,1682,542.1,34.7,110.8,1
314,-1,1179.5,528.6,26.5,59.4,1
314,-1,36.7,647.2,52.1,131.2,1
314,-1,257.1,628.5,38.8,134.6,0.999
314,-1,1255.7,520.2,24.3,62.2,0.999
314,-1,223.2,658.2,32.6,120.4,0.997
314,-1,1376.1,601.1,40.1,127.5,0.307
266,-1,1214,535.3,38.1,109.5,1
266,-1,145.9,615.6,29.9,99.3,1
266,-1,1039.3,529.2,35.3,78.1,1
266,-1,997.2,529.7,27.6,68.4,0.999
266,-1,454.4,540.5,16.5,38.2,0.999
266,-1,945,519.1,23.9,49.4,0.998
266,-1,4.1,608.2,32.3,109.3,0.996
266,-1,164,603.1,33.2,102.2,0.854
266,-1,1545.3,519.1,99.2,194.8,0.632
266,-1,1016.8,530.8,22.6,69.6,0.09
266,-1,1175.1,527.2,31.3,119.5,0.085
266,-1,1304.8,527.1,27.9,85,0.058
291,-1,204.2,629,34.8,106.1,1
291,-1,40.8,620.2,49.6,115.9,1
291,-1,1283.9,556.5,47.3,120.6,1
291,-1,1078.8,512.1,24,48.7,1
291,-1,1848.5,537,72.5,212.3,1
291,-1,1214.7,526,30.5,78.9,0.989
291,-1,1331.2,531.5,40.7,135.6,0.985
291,-1,235.5,609.1,36.2,109.9,0.896
291,-1,1188.9,525.9,26.1,74.5,0.697
291,-1,1309.4,540.5,40.6,128.3,0.482
291,-1,1242.7,526.2,29.7,82.6,0.213
291,-1,1172.7,522.4,24.8,53.3,0.077
352,-1,1579.3,620.6,91.5,196.4,1
352,-1,1448.8,650,69.9,195.4,1
352,-1,1346.1,604.7,70.4,188.2,1
352,-1,142.1,668.4,46,164.1,1
352,-1,83.8,698.1,41.7,156,1
352,-1,1393.6,605.1,89.3,198.6,0.999
352,-1,1533.7,545.7,32.5,91.4,0.994
352,-1,1347.3,523.4,29,58.2,0.98
352,-1,1455.1,553.4,35.5,85.3,0.972
352,-1,1356.4,541.7,37,66.3,0.799
352,-1,121.6,693.1,32.6,140.1,0.798
352,-1,1415,550.9,38.7,78.6,0.702
352,-1,1325.7,513,18.8,55.6,0.161
7,-1,51.4,736.3,48.1,108.4,1
7,-1,1560.5,569.2,56.1,128.4,1
7,-1,230.5,597.5,50.3,153.2,1
7,-1,1392.1,525.7,36.6,102,1
7,-1,1656.8,568.5,62.4,133.2,1
7,-1,142,590.1,49.6,155.2,1
7,-1,498.1,548.2,35.3,100.5,1
7,-1,1503.7,519.9,41.1,83.2,1
7,-1,1466.4,505.6,33.8,86.2,1
7,-1,539.6,550,32.9,96,1
7,-1,650.4,528.8,28.7,74.5,0.998
7,-1,1193.8,486.8,15.6,38.9,0.996
7,-1,830.2,508.6,19.2,50.3,0.995
7,-1,1077,496.2,15.8,27.4,0.984
7,-1,789.9,503.6,20.3,52.6,0.962
7,-1,807.7,506.9,18,48.6,0.945
7,-1,1279.1,493.6,16.8,44.3,0.585
7,-1,601.9,528.9,21.5,62.1,0.139
7,-1,1449.2,494.8,21.7,45.8,0.11
295,-1,1331.1,535.9,70,139.2,1
295,-1,44.1,623,52,120.7,1
295,-1,211.2,633.9,34.5,108.8,1
295,-1,1098,510.3,25.1,52.7,1
295,-1,1533.6,517.8,36.2,104,0.999
295,-1,1238.4,524.8,32.1,78,0.999
295,-1,242.1,613.5,35.1,108.6,0.841
295,-1,1219.3,525.8,27.4,69.4,0.101
81,-1,321.4,558.2,51,129.7,1
81,-1,1661,579.8,64,171.3,1
81,-1,1777.3,552.9,44.4,100.6,1
81,-1,1713.5,530.6,38.7,100.1,1
81,-1,272.3,554.7,48.6,128.7,1
81,-1,699.3,502.5,22.1,60.3,1
81,-1,480.7,549.4,43.6,107.2,1
81,-1,775.6,509.9,20.7,56.8,0.999
81,-1,529.1,539.1,38.7,111.7,0.999
81,-1,1384.5,516.3,24.8,61.7,0.999
81,-1,1250.1,504.6,23.4,47.8,0.999
81,-1,1549.5,516,22.7,56.1,0.993
81,-1,992.3,491.7,13.4,31.9,0.989
81,-1,431.7,553.3,33.6,91.6,0.988
81,-1,1212.8,494.6,19.1,42.3,0.974
81,-1,453.9,553.2,31.2,95,0.962
81,-1,1357.2,510.3,24.3,53.4,0.94
81,-1,1341.8,506.2,23.2,55.5,0.93
81,-1,1583.4,512.5,21.5,58.3,0.801
81,-1,1560.8,516.9,25.3,57.3,0.655
81,-1,1279,505.4,20.3,47.1,0.57
81,-1,1202.2,491.3,19.3,40.4,0.406
81,-1,762.9,509.8,21.6,53.6,0.298
232,-1,1773.6,546,71.3,147.1,1
232,-1,1365.4,555.1,52.7,138.3,1
232,-1,112.3,601.4,28.7,89.7,1
232,-1,1213.2,557.8,58,129.9,1
232,-1,1123.2,532.8,39.1,95.4,1
232,-1,1007.9,530.5,32.4,72.6,1
232,-1,830.1,522.4,17.6,49.4,1
232,-1,1063.1,544.2,36.5,84.8,0.999
232,-1,2.2,599.4,20.2,90.2,0.997
232,-1,381.6,539,15,36.2,0.981
232,-1,983.7,531.9,24.5,63.2,0.865
232,-1,1052.2,541.7,25.1,76.3,0.568
315,-1,1692.5,545.2,34.9,107,1
315,-1,1184.6,530.6,25.7,59,1
315,-1,36.4,646.6,52.1,132.3,1
315,-1,1259.9,521.3,24.2,60.7,0.999
315,-1,256.8,628.5,38.3,134.3,0.999
315,-1,222.5,657.3,33.5,121.6,0.998
315,-1,1383.7,601.7,51.3,133.6,0.97
315,-1,1355.2,586,56.1,132.6,0.093
350,-1,1580.9,620.1,88.3,192.2,1
350,-1,1448,643.3,67,192.8,1
350,-1,1343.8,605.8,72.2,178.5,1
350,-1,153.9,667,42.3,159.5,1
350,-1,1389.5,600,103.5,197.5,0.999
350,-1,98.7,701.3,39.3,146.7,0.999
350,-1,1357.4,544.3,49,87.5,0.996
350,-1,1531.2,539.9,31.5,95.3,0.986
350,-1,1347.6,530.9,29.8,59.1,0.94
350,-1,1459.2,550.1,33.4,80.9,0.89
350,-1,1413,549.4,37.1,74.4,0.877
350,-1,121.2,691.7,41.9,147.8,0.808
350,-1,1327,517.8,21,52.4,0.599
150,-1,1679.6,565.6,47.5,119.9,1
150,-1,1516.1,551.7,51.8,119,1
150,-1,32.2,586.9,49,139.2,1
150,-1,1351.7,521.3,31.2,74.7,1
150,-1,447.7,540.5,25.1,70,1
150,-1,970.1,504.5,20.4,47.8,1
150,-1,353.3,531.2,25.7,70.3,0.999
150,-1,1047.1,519.9,23.7,57.2,0.986
150,-1,399.1,527.6,25.4,68.3,0.956
150,-1,1150.6,519.1,24.4,60.8,0.929
150,-1,1129.1,519.7,22.3,59,0.807
150,-1,1024,521,19.8,48.3,0.79
150,-1,1319.4,525.7,22.1,61.5,0.56
150,-1,430.5,533.9,23.7,68.9,0.542
150,-1,1191.5,519.1,21.6,58,0.466
118,-1,1747.8,636.2,101.1,250.3,1
118,-1,1745.7,564.1,54.5,105.7,1
118,-1,29.1,592.5,63.5,156.7,1
118,-1,248.6,579.4,48.6,145.4,1
118,-1,184.7,593.5,52.4,134.1,1
118,-1,132.4,599.6,47.2,125.9,1
118,-1,306.4,564.5,41.7,113.4,1
118,-1,612.1,529.8,21.5,66.1,1
118,-1,1303.1,530.3,28.6,74.7,1
118,-1,528.7,521.4,21.5,64.1,1
118,-1,1484.9,517.2,27.2,69.7,0.999
118,-1,822,508,17.1,33.6,0.998
118,-1,1087.2,505.4,17.2,43.8,0.997
118,-1,1152.7,519.9,23,52.8,0.989
118,-1,1430.8,534,25.1,56.8,0.978
118,-1,1446.2,529.8,26.7,59.2,0.954
118,-1,110.7,603,34.5,109,0.932
118,-1,1289.5,528.5,23.3,59.5,0.851
118,-1,1136.7,520,19.1,48.6,0.824
118,-1,1416.6,533.2,21.1,54.6,0.795
118,-1,1118.4,515.1,19.8,44.6,0.699
118,-1,1096,507,20.6,45.9,0.457
118,-1,5.3,600.1,35.5,135.5,0.116
118,-1,1190.7,519,19.6,47.6,0.106
118,-1,540.3,514.2,20,72.5,0.082
118,-1,1245,520.6,19.9,52.3,0.066
239,-1,1387.8,548.4,50.4,144.2,1
239,-1,106.1,598,28,89.6,1
239,-1,1845.2,534.5,74.9,159.2,1
239,-1,1093,532.8,38.3,94.3,1
239,-1,839.5,518.8,19.5,50,0.999
239,-1,380.4,532.7,19,39.6,0.999
239,-1,1156.7,521.8,28,87.6,0.997
239,-1,1016,524.4,31.1,74.4,0.996
239,-1,1142.7,526.7,25.6,85.7,0.863
239,-1,1,590.8,20.4,93.3,0.404
239,-1,987.5,525.8,22.7,64,0.311
239,-1,1033.1,527.1,30.2,74.1,0.238
331,-1,1429.5,603,57.3,156.9,1
331,-1,1368.4,573.9,60.6,159.9,1
331,-1,1567.9,583.2,52.2,162,1
331,-1,1804,539.8,41.3,122,1
331,-1,1,644.4,47.5,152.1,1
331,-1,1314.1,508.3,25,58.3,0.999
331,-1,195,658.3,31.5,130.2,0.998
331,-1,233.6,630.1,38.7,143,0.997
331,-1,211.1,649.8,32.8,131.4,0.913
331,-1,1229.6,517.3,25.3,52.2,0.377
331,-1,1332.3,511,23.7,55.2,0.314
79,-1,1656.9,580.7,63.3,168.5,1
79,-1,1779.2,555.5,42.3,100.4,1
79,-1,333.4,555.4,51.3,131.5,1
79,-1,283.2,553.5,50.7,131.2,1
79,-1,1713.4,531.6,37.2,100.6,1
79,-1,781.4,511.8,21.1,56.1,0.999
79,-1,707.5,502.4,21.3,58.9,0.999
79,-1,492.8,548,43.7,106.4,0.999
79,-1,1255.2,505.5,23.9,48.9,0.999
79,-1,541.7,539,37.1,111.2,0.999
79,-1,1387.8,516.9,25,62.8,0.999
79,-1,1552.5,519.3,21.4,54.7,0.997
79,-1,446.2,554.3,31.2,89.6,0.989
79,-1,1000.6,491.9,13.7,32.3,0.984
79,-1,1213,495.2,18.7,42.9,0.983
79,-1,1357.7,510.7,24.2,53.1,0.956
79,-1,1372.1,515.8,24.2,55.2,0.885
79,-1,1345.4,505.6,21.8,55.6,0.842
79,-1,1269.5,506.6,21.9,48.7,0.841
79,-1,748.4,506.3,19,51.1,0.764
79,-1,734,502.9,19.1,52.3,0.674
79,-1,1280.8,509.1,23,47.6,0.66
79,-1,993.2,490.7,13.8,33.4,0.347
79,-1,418.4,557,25.7,71,0.184
79,-1,1587.5,520,21.2,53.5,0.146
215,-1,1655.9,553.3,74.3,143,1
215,-1,1332.4,553.3,52.6,134.2,1
215,-1,148.7,589,26.7,81,1
215,-1,878.6,533.6,25.5,63.6,1
215,-1,1019.2,530.7,29.5,69.1,0.999
215,-1,1176.6,553.6,48.4,113.6,0.998
215,-1,823.9,522.9,17.1,46,0.996
215,-1,51.3,572.6,27.7,88.1,0.987
215,-1,26.1,576.5,29.3,88.6,0.982
215,-1,1100.2,544.6,29,79.3,0.975
215,-1,980.4,532.9,26.5,64.8,0.943
215,-1,995.5,533.5,25.8,64.3,0.913
215,-1,1075.3,540.4,26.8,66.8,0.882
215,-1,71.2,568.7,24.2,82,0.374
215,-1,1043.2,534.8,26.4,67.7,0.194
154,-1,1666.1,562.7,46.3,118.8,1
154,-1,1498.7,552.6,46.4,116.9,1
154,-1,1329.9,523.5,30.4,72.9,1
154,-1,953,504.7,20.5,50,1
154,-1,2.4,590.5,37.5,149.5,1
154,-1,421.6,544.8,23.9,67.4,1
154,-1,328.5,535,25.7,71.7,0.999
154,-1,1028.4,519.9,23.3,59.6,0.988
154,-1,1128.5,520.6,24.3,63.2,0.977
154,-1,365.3,531.7,24.6,68.6,0.908
154,-1,1156.7,519.6,22,59.3,0.773
154,-1,1012.2,520.3,20.2,56.6,0.772
154,-1,1312.7,525.6,28.1,65.6,0.468
154,-1,1073.1,518.7,21,54.4,0.464
154,-1,968,506.2,21.5,52,0.174
154,-1,345.2,529.3,25.6,75,0.14
154,-1,313.4,537.9,19.4,64,0.063
192,-1,1601.5,549.6,63.6,131.6,1
192,-1,1351,548.4,51.6,124.6,1
192,-1,237.5,568.9,25.1,71.6,1
192,-1,914.5,522.7,27.6,64.3,0.999
192,-1,850.3,510,19.7,48.1,0.999
192,-1,126,565,27.2,73.6,0.998
192,-1,464.2,521.9,17.7,38.4,0.998
192,-1,1073.6,518.5,30.3,67.8,0.997
192,-1,1005.7,523,25.4,62.2,0.975
192,-1,173.1,552.8,23.3,77.7,0.932
192,-1,157,553.3,24.6,77.1,0.888
192,-1,1127.1,524.7,23,61.6,0.732
192,-1,893.6,518.5,21.3,46.9,0.32
192,-1,1172.4,536.3,33,88.1,0.293
192,-1,141.5,561.8,23.9,78.1,0.135
192,-1,1164.1,532.7,23.9,71.4,0.101
24,-1,1685.8,595.5,64.7,157.4,1
24,-1,1435.9,534.1,42.7,112.1,1
24,-1,1785.6,594.3,70.7,152.7,1
24,-1,504.6,559,38.9,101.7,1
24,-1,1523.1,524.3,32.3,80.8,1
24,-1,39.8,631.5,61.7,178.3,1
24,-1,1568.3,539,42.9,79,1
24,-1,458.7,554.1,40.7,103.3,0.999
24,-1,630.1,536.4,27.7,77.6,0.999
24,-1,1068.1,496.8,17.1,31.8,0.999
24,-1,1205.4,493.9,15.9,39.1,0.998
24,-1,1335,505.2,21.9,52.5,0.997
24,-1,1301.9,498.7,17.4,49.3,0.968
24,-1,595.4,540.4,27.2,71.7,0.952
24,-1,612.2,540.1,26.6,74.3,0.947
24,-1,662.1,528.2,28.9,74,0.939
24,-1,1326.6,502,17.8,52.2,0.921
24,-1,1565.7,522.5,26,59.9,0.818
24,-1,1487.4,516.5,25.2,50.9,0.25
24,-1,784,509.4,20.7,51,0.204
24,-1,1589.3,512.5,24.5,52.7,0.109
212,-1,1642.9,554.7,70.2,137.7,1
212,-1,1331.6,551.1,50.8,131.9,1
212,-1,880.2,532.5,25.5,63.7,1
212,-1,1025,528,29.9,69.9,0.999
212,-1,157.8,587.7,27.1,78.8,0.999
212,-1,824.7,521.9,16.3,47.1,0.999
212,-1,39,578.5,29.4,86.5,0.994
212,-1,1097,541.9,28.5,74.8,0.988
212,-1,977.2,530.9,28.2,65,0.97
212,-1,57.4,573.5,28.6,86.7,0.969
212,-1,992.4,530,28.8,64.3,0.951
212,-1,1079.4,538.1,26.6,64.7,0.864
144,-1,1688.5,560,58.4,121,1
144,-1,87,582.7,47,136.4,1
144,-1,1549.7,548.1,44.4,120.9,1
144,-1,1241.1,533.7,32.5,84.6,1
144,-1,386.5,529.6,25,70.6,1
144,-1,478.3,539,23.4,67.3,1
144,-1,991,503.1,19.9,46.3,0.999
144,-1,1379.7,522.7,24.3,72.9,0.998
144,-1,1064.9,520.2,24.3,56.3,0.995
144,-1,1334.3,526.6,25.2,66.2,0.976
144,-1,1170.8,522.5,23.2,58.5,0.954
144,-1,431.3,526.5,23.1,63,0.916
144,-1,448.7,530.4,22.4,62.2,0.899
144,-1,1158.3,523.1,21.5,55.5,0.871
144,-1,1095.7,521,20.3,50.4,0.838
144,-1,1191.5,523.6,25.9,58.7,0.824
144,-1,1212.3,527.1,27.4,61.5,0.455
144,-1,1360.4,530.1,24,64.9,0.38
144,-1,1033.4,515.7,18.9,49.2,0.365
144,-1,1017,508.3,19.7,46.4,0.243
222,-1,1698.8,546.6,74.6,151.2,1
222,-1,1343.2,551.8,52.3,135.7,1
222,-1,131.8,596.2,27.7,79.1,1
222,-1,825,519,17.2,49.4,0.999
222,-1,4.8,581,30.6,90.7,0.999
222,-1,1009.6,527.7,32.6,73.5,0.998
222,-1,1070.5,542.5,30.7,80.3,0.994
222,-1,970.6,530,25.9,67.3,0.954
222,-1,1103.8,537.9,25.7,78.6,0.922
222,-1,1048.9,537.4,26.3,70.5,0.807
222,-1,995.6,531.2,24.9,66.9,0.741
222,-1,953.7,532.3,23.2,62.6,0.266
373,-1,1545.9,695.1,120.9,226.6,1
373,-1,1454.9,720.6,87.3,243.7,1
373,-1,1357.8,658.2,73.4,221.4,1
373,-1,1695.4,614.5,49,140.6,1
373,-1,4.6,724.2,49.8,181.5,1
373,-1,1375.3,577.1,50,107.7,1
373,-1,1454.9,586.5,43.7,85.6,0.983
373,-1,1558.2,578.1,30.3,103.9,0.943
373,-1,1513.6,582.3,27.7,96,0.788
373,-1,1358.8,560.7,21.7,51.4,0.716
373,-1,1541.3,579.8,24.7,98.3,0.43
373,-1,1368.6,568.8,29.6,71.9,0.109
135,-1,1704.8,561.2,61.4,117,1
135,-1,54.1,598.9,58.3,177.9,1
135,-1,1581.8,549.9,41.9,116.4,1
135,-1,164.4,578.6,45.9,132.4,1
135,-1,1809.6,671.5,111.4,291.8,1
135,-1,1258.3,537.8,31.5,76.5,1
135,-1,1,622.9,49.7,152.2,1
135,-1,433.8,531.6,22.9,66.6,0.999
135,-1,1413.8,524.6,25.2,66.9,0.999
135,-1,1021.3,507.4,18.6,44.5,0.999
135,-1,523.1,538.8,23.2,66.9,0.998
135,-1,1356.1,533,28.3,60.2,0.998
135,-1,734.4,511.5,17,34.2,0.993
135,-1,1090.8,522.6,23.2,53.8,0.989
135,-1,1201.9,522.8,22.4,56.7,0.967
135,-1,1074.6,520.6,19.6,51.2,0.888
135,-1,1060.9,518.4,19.8,46.5,0.793
135,-1,1393.1,530.1,25.1,60.7,0.787
135,-1,1123.5,522.5,19.6,49.3,0.721
135,-1,1189.9,523.4,21.3,52.7,0.63
135,-1,1242.8,531.1,27.2,63.7,0.442
135,-1,1031.6,510.1,20.7,47.2,0.417
257,-1,1495.6,544.7,54,152.1,1
257,-1,953.6,531.4,27.3,68.8,1
257,-1,123.2,610.9,31,97.7,1
257,-1,899.9,518.2,22.8,51.1,0.998
257,-1,1,607.9,24,99.5,0.998
257,-1,417.5,539.5,17.3,37.2,0.996
257,-1,1110.1,552.5,34.9,84,0.548
257,-1,930.6,525.9,19.9,51.7,0.17
257,-1,142.2,599.2,37,100.9,0.064
293,-1,208.1,630.9,35.1,107.3,1
293,-1,43,621.9,51.1,119.5,1
293,-1,1516.2,519,34.9,105,1
293,-1,1089.4,511.5,24.1,48.6,1
293,-1,1294.4,556.3,46.3,122.4,1
293,-1,1327.8,540,57.2,127,1
293,-1,1228.2,525.9,32.1,80.5,0.996
293,-1,1872.3,534.6,48.7,221.1,0.996
293,-1,237.3,612.1,35.4,108,0.865
293,-1,1210.8,525.9,27.9,75.9,0.778
293,-1,1199,522.6,25.2,67.1,0.263
114,-1,1737.8,633.1,96.5,234.4,1
114,-1,65.2,588.5,63.6,154.7,1
114,-1,286.4,579.3,49.9,135.1,1
114,-1,226.1,589.6,47.2,126.5,1
114,-1,339.5,562.6,41.5,109.5,1
114,-1,1754.4,565.5,52.9,105.7,1
114,-1,179.7,593.7,43.7,117,1
114,-1,1101.8,507.3,18.7,41.7,1
114,-1,12.2,581.9,53.7,152.6,1
114,-1,631.3,528.3,22.1,64.8,1
114,-1,550.3,521.7,22.2,61.6,1
114,-1,1501.6,521,25,68.2,0.999
114,-1,1167.3,519,22.1,52.8,0.997
114,-1,1314.6,535.2,26.2,67.7,0.996
114,-1,845,507.5,15.4,33.7,0.983
114,-1,1458.2,533,25.2,57.5,0.971
114,-1,1440.4,533.5,22.4,52.9,0.958
114,-1,153.8,600.6,34.1,99.2,0.933
114,-1,1290.9,525.1,21.5,54.3,0.909
114,-1,1147.9,516.6,20,45.8,0.869
114,-1,1481.9,528.3,24.7,60.5,0.857
114,-1,585,520.3,20.1,57.2,0.841
114,-1,599.5,524.3,20.7,57.4,0.757
114,-1,1183.3,520.4,21.6,49.9,0.632
114,-1,1654.5,543,41.9,123.4,0.18
114,-1,132.7,599.3,31.3,98.4,0.14
205,-1,1335.6,548.4,50.7,128.1,1
205,-1,1622.1,544.4,66.2,136.2,1
205,-1,183.9,582.5,26.5,76.4,1
205,-1,69.3,576.3,29.3,81.9,0.999
205,-1,891.2,532.2,23.6,57.7,0.999
205,-1,832.3,515.5,17.9,49.7,0.999
205,-1,1039.8,522.5,30.6,69.7,0.997
205,-1,996.3,526.5,29.1,64.5,0.979
205,-1,976.9,526.8,25.6,63.1,0.967
205,-1,109.3,559.8,26.9,86.9,0.928
205,-1,1019.4,524.3,28.6,65,0.914
205,-1,1061.8,524.8,28.2,68.8,0.911
205,-1,1100.1,537.8,24.9,73.7,0.889
205,-1,1079.6,529.7,27.2,70.4,0.889
205,-1,1113.7,539.1,23.2,74.4,0.753
205,-1,429,531.5,15.1,34.8,0.608
205,-1,1128.8,541.9,23.6,77.9,0.144
83,-1,1663.6,582.6,68.8,175.3,1
83,-1,1775,552.4,47.2,105.8,1
83,-1,256.5,557.2,49.8,133.8,1
83,-1,309,560.9,51.8,131.1,1
83,-1,1712.4,530.1,38.9,104.7,1
83,-1,694.1,504.4,21.2,59.2,1
83,-1,1381,518.3,25.6,64.1,0.999
83,-1,1246.5,505.5,23.8,46.2,0.999
83,-1,767.3,510.9,20.2,57.8,0.999
83,-1,471.6,550.8,42.3,107.2,0.999
83,-1,519,540.1,39.9,114.9,0.997
83,-1,983.2,494,14.4,32.3,0.997
83,-1,1540.8,517.4,23.8,55.5,0.997
83,-1,1202.2,493.6,18.2,42.4,0.993
83,-1,442,555.9,34.8,103.5,0.984
83,-1,420,558,31,89.1,0.982
83,-1,1340.6,507.6,23,56.1,0.948
83,-1,1356.5,512.2,24.9,54.1,0.915
83,-1,1554.1,516.8,23,55.5,0.896
83,-1,1577.2,513.8,21.8,56.1,0.771
83,-1,1220.1,500.6,23.1,42.5,0.637
83,-1,399.5,559.1,31.5,81.1,0.531
83,-1,1287.6,506.5,21,47.4,0.395
101,-1,1770.9,567,45.5,110.6,1
101,-1,177.5,587.4,62.7,143.6,1
101,-1,1709.2,615.2,81.9,209.2,1
101,-1,125,583.5,54.2,139,1
101,-1,345,582.6,44.9,115.7,1
101,-1,1686.2,550.9,39,110.1,1
101,-1,1345.4,533.7,27.7,68.3,1
101,-1,402.7,570.9,43.4,131.3,1
101,-1,1558.6,523.1,25.7,63.9,1
101,-1,614,523.8,22.5,62.3,1
101,-1,692.8,530.6,21.5,62,0.999
101,-1,1281.1,523.5,23.6,50.7,0.997
101,-1,1200,518.1,21.4,49.9,0.996
101,-1,303.7,582.7,39.3,114.9,0.992
101,-1,907.8,510.8,14.3,32.5,0.991
101,-1,438.5,557.1,36.8,105.1,0.979
101,-1,271.7,584.9,31.6,99.1,0.966
101,-1,1494.2,530.9,25.6,56.9,0.965
101,-1,1513.2,527.9,26.7,60,0.963
101,-1,1479,529,22,53.8,0.909
101,-1,1152.9,505.5,17.8,46.8,0.883
101,-1,654.2,524.6,19.9,56.2,0.88
101,-1,1171.7,512.1,19.2,44.4,0.855
101,-1,1186.1,516.8,20.5,46,0.842
101,-1,1213.6,519.9,21.7,50.6,0.557
101,-1,1142.8,505.6,17.3,43.1,0.062
101,-1,914.7,506.3,16.5,33.7,0.059
353,-1,1451.6,655.7,70.2,191.9,1
353,-1,136.7,669.6,46.1,165.3,1
353,-1,1579.2,621.4,91.6,200.3,1
353,-1,1347.8,608.2,70.4,187.2,1
353,-1,77.8,699.6,41.4,157.3,0.999
353,-1,1393.4,601.5,89.1,200.6,0.998
353,-1,1532.3,547.2,32.1,90.2,0.994
353,-1,1349.7,521.7,25.7,55.2,0.962
353,-1,1453.9,554.3,39,89.7,0.947
353,-1,1420.2,551.7,39.8,81.5,0.585
353,-1,1362.4,539.2,28.1,56.6,0.257
353,-1,1408.8,548.6,28.1,63.6,0.209
353,-1,1374.4,545.5,33.3,69.8,0.149
353,-1,1315.4,513.8,21.1,54.9,0.07
100,-1,1773.6,561.2,46.5,111.4,1
100,-1,137.9,585.1,52.6,139.3,1
100,-1,1709.6,613.7,78.5,205.5,1
100,-1,1687.5,548,39.6,106.6,1
100,-1,187.5,587.3,59.1,146.6,1
100,-1,1346.5,532.5,28.6,68.2,1
100,-1,408.1,573,42.9,129.6,1
100,-1,698.2,532.1,21.7,61,1
100,-1,354.2,585.8,43.7,113.1,1
100,-1,1560.3,520.3,25.8,66.7,1
100,-1,620.5,523.9,21.4,62.7,0.999
100,-1,313.9,585.5,39.2,114.8,0.996
100,-1,1203.1,518.1,21.8,50.3,0.992
100,-1,912.9,511.3,14.3,31.4,0.99
100,-1,440.9,555.5,38.6,114.6,0.987
100,-1,278.3,591.2,32.4,95,0.986
100,-1,1289.7,523.1,22.7,50.1,0.982
100,-1,1490.8,529,24.1,56.8,0.959
100,-1,1511,525.5,24.8,59.9,0.947
100,-1,1153.9,503.5,18.1,47.5,0.918
100,-1,299.6,588,30,103.1,0.882
100,-1,1181.2,514.9,19.5,44.1,0.848
100,-1,1479.4,528.7,21.8,55.1,0.844
100,-1,1216,519.3,21.6,50.5,0.823
100,-1,1169.2,509.3,19,44.3,0.746
100,-1,633.3,523.6,21.7,59.8,0.668
100,-1,1272.3,522.8,19.4,47.5,0.328
100,-1,1546.7,525,24.6,60.9,0.281
100,-1,902.4,511,11.9,31.8,0.133
363,-1,1582.5,670.1,89.6,198.2,1
363,-1,1363.3,629.5,103.4,210.4,1
363,-1,1647.9,597.1,48,141,1
363,-1,1452.7,686.6,76.2,214.1,1
363,-1,75.2,688,48,174.4,1
363,-1,6.9,724.9,44.6,166,1
363,-1,1458.2,570.1,38.6,89.3,0.998
363,-1,1544.1,560.1,35.4,109.9,0.997
363,-1,1358.1,537.1,22,55.7,0.954
363,-1,1510.3,567.2,28.9,89.6,0.902
363,-1,1373.1,536.5,24,50.2,0.657
363,-1,1528.6,565.4,30.6,102.8,0.365
363,-1,1373.8,558.2,32.7,65.2,0.231
363,-1,1416.7,570.7,29.5,79.5,0.182
363,-1,36.7,703.4,66.2,165.3,0.076
78,-1,338.3,559.3,51.6,129.7,1
78,-1,1655.4,580,61.9,168,1
78,-1,290.5,554.5,49.5,130.6,1
78,-1,1779.7,555.4,42.4,100.2,1
78,-1,1712.5,530.9,37.5,103,1
78,-1,784.9,513.5,20.8,56.1,1
78,-1,500.8,550,43.1,104.5,1
78,-1,1387.7,516.1,27.1,65.7,0.999
78,-1,1256,506.4,23.9,47.9,0.999
78,-1,547.3,540.6,38.8,112.9,0.999
78,-1,1555.6,519.9,21.8,55.1,0.999
78,-1,710,504.6,20.9,58.1,0.998
78,-1,1003.6,493.1,14.2,32.2,0.989
78,-1,450.1,554.5,31.7,90.6,0.988
78,-1,470.2,553.7,32,94.9,0.974
78,-1,1218,496.3,19.4,43.2,0.971
78,-1,1363,512.1,24.5,54.2,0.953
78,-1,1269.9,506.9,22.7,49,0.831
78,-1,1344.7,506.5,22.3,56.5,0.597
78,-1,736.3,504.7,20.4,54.8,0.354
78,-1,1206,493.2,18.7,43.4,0.318
78,-1,1593.2,519.3,21.4,54.4,0.217
78,-1,1582.9,521.4,20.1,53.3,0.116
78,-1,993.2,492.2,13.7,32.2,0.112
78,-1,724.7,503.8,20.3,59,0.109
78,-1,416.2,557.5,25.7,72.3,0.059
52,-1,1546.7,557.1,52,141,1
52,-1,443.5,564.4,44.1,116.5,1
52,-1,1642.2,532.2,35.8,93.2,1
52,-1,400.1,559.9,40.9,117.8,1
52,-1,1689,548.6,46.3,99.6,1
52,-1,1375.5,513.7,22.5,60.9,1
52,-1,757.3,513.1,20.7,50.4,1
52,-1,825.2,518.7,20,54.1,0.999
52,-1,640,539.3,31.5,86.8,0.997
52,-1,1053.7,502.6,14.7,30.9,0.996
52,-1,1228.2,501.9,17.9,39.9,0.994
52,-1,562.2,552.4,32.8,86.1,0.991
52,-1,597,550.1,31.4,87.1,0.99
52,-1,582.8,551.2,26.2,90.5,0.939
52,-1,1607,524.4,26,57,0.865
52,-1,614.9,546.1,26.2,87.2,0.727
52,-1,1665.6,521.5,23.6,56,0.582
52,-1,1698.1,510.2,26.5,54.7,0.559
52,-1,1389.5,513.8,20.6,51.5,0.483
52,-1,1630.1,523.9,23.1,55.8,0.469
52,-1,1346,512.7,19.5,49.6,0.119
52,-1,1721,501.6,29.5,58.8,0.056
367,-1,1584,678.8,73.4,214.3,1
367,-1,1455.3,711.5,81.3,221.9,1
367,-1,1368.8,647.5,75.1,210.6,1
367,-1,1662.8,615.4,49.7,135.5,1
367,-1,1373.1,573.9,49.5,107.3,1
367,-1,48.1,703.9,50.6,175.5,1
367,-1,1458.2,577.6,41.1,94,0.996
367,-1,1,732.3,41.9,168.3,0.995
367,-1,1550,574,37.5,104,0.99
367,-1,1508.9,574.3,31.5,101.5,0.923
367,-1,1373.3,531.4,24.6,51.8,0.818
367,-1,1357.1,552.4,21.8,46.7,0.805
367,-1,1401.1,535.5,24.8,50.3,0.075
159,-1,1472,545.5,45.6,120,1
159,-1,392.1,553.6,23,64.8,1
159,-1,1304.3,521.2,27.8,72.5,1
159,-1,932.8,505.2,20,49.1,0.999
159,-1,295.3,540.1,25.3,74,0.999
159,-1,1112.3,519.8,24.9,63.2,0.987
159,-1,1009.1,519.8,22.9,57.9,0.985
159,-1,332,537.9,24.9,69.2,0.938
159,-1,990.7,520.1,21.3,51.9,0.881
159,-1,1036.6,519.3,22,55.5,0.816
159,-1,1190,522.1,22.2,58.3,0.606
159,-1,350.9,546.3,48.1,63.9,0.519
159,-1,312.3,536,28.2,74.1,0.279
159,-1,1285.1,521.5,24.5,61.9,0.17
159,-1,957.2,509.1,18.9,51.4,0.134
51,-1,1540.3,560.8,52,137.6,1
51,-1,446.5,563.9,43.2,115.9,1
51,-1,1637.4,532.7,35,90,1
51,-1,1687.6,550,43,96.9,1
51,-1,403.1,559.2,38.6,115,1
51,-1,757.4,511.3,21.2,51.5,1
51,-1,1374.1,514.7,21.6,59.9,1
51,-1,825.8,517.9,20,54.5,0.999
51,-1,640.7,537.9,33.7,87.8,0.998
51,-1,594.4,547.6,35.7,89.9,0.997
51,-1,1226.8,502.1,18.4,40.5,0.997
51,-1,1054.4,503.1,14.6,30.2,0.995
51,-1,561.4,549.4,32.7,85,0.99
51,-1,1610.8,526,26.3,56.4,0.932
51,-1,1667.2,523.4,24.1,56,0.73
51,-1,1595.9,523.9,25.2,54.5,0.63
51,-1,1629.1,524.8,24.8,58.1,0.627
51,-1,1695.9,513.2,28.6,57.6,0.517
51,-1,1395.5,512.8,19.8,49.9,0.5
8,-1,1662.7,581.3,62.5,129.6,1
8,-1,1567.9,582.6,57.1,126.8,1
8,-1,1394.1,533.6,37.7,101.2,1
8,-1,1471.1,517.9,32.8,83.3,1
8,-1,1507,531.9,40.7,84.8,1
8,-1,536.6,557.5,34.2,93.7,1
8,-1,37.1,747.1,46.9,107.7,1
8,-1,223.8,605.4,46.4,149.3,1
8,-1,134.5,596.6,46,154,1
8,-1,495.8,555.4,35.8,97.7,1
8,-1,1195.1,498.3,15.8,36.6,0.997
8,-1,652,535.3,29.3,74.6,0.997
8,-1,831,517.9,18,46.5,0.995
8,-1,1077.6,502,14,28.4,0.984
8,-1,1286.4,500.7,15,47.2,0.973
8,-1,791.8,512.8,18.7,46.3,0.956
8,-1,635.2,537.4,24.8,69.1,0.907
8,-1,802.9,515.4,18.7,44.8,0.893
8,-1,815.9,516.9,18.8,44.7,0.861
8,-1,613.5,538.6,20.7,63.1,0.702
8,-1,1496.1,528,23.9,72.5,0.417
8,-1,1085.6,503,15.2,27.9,0.075
121,-1,1755.9,642.2,107.3,256,1
121,-1,1740,563.2,57.9,111.8,1
121,-1,4.6,598.9,57.5,155.8,1
121,-1,97.5,598,51.1,132.8,1
121,-1,153.9,596.2,51.7,134.2,1
121,-1,218.5,591.7,48.2,144.1,1
121,-1,1296,529.1,31.6,80,1
121,-1,285,565.7,40.7,116.4,1
121,-1,1074.6,505.6,19.9,41.8,1
121,-1,1471.8,518.5,25.6,68.6,1
121,-1,595.7,531.8,22.3,64.7,0.999
121,-1,513.2,523.8,20.3,62.2,0.999
121,-1,1140.2,519.5,22.9,53.4,0.998
121,-1,807.7,508.2,16.9,32.8,0.995
121,-1,1407.6,532,22.1,55.2,0.973
121,-1,1256,523,21.8,53.1,0.869
121,-1,573.9,526.5,21.2,60,0.831
121,-1,74.6,603.8,33.3,116.5,0.813
121,-1,1116.4,516.2,19.2,45,0.79
121,-1,557.7,524.5,21.1,57,0.617
121,-1,180.8,546.9,31.9,76.4,0.377
121,-1,1449.5,530.9,23.6,58.2,0.249
317,-1,1707.9,546.3,34.6,103,1
317,-1,1191.3,529.1,26.8,58.9,1
317,-1,31.8,645.2,53.1,134.7,1
317,-1,1344.4,577,72,147.9,1
317,-1,222,660.2,33.1,118.4,0.999
317,-1,256.3,628.9,38.6,135.2,0.999
317,-1,1390.4,600.5,54.8,137.7,0.999
317,-1,1268.5,520.3,23.8,62.5,0.998
317,-1,1240.9,524.1,21.8,52.8,0.182
169,-1,1426.3,543,42.6,126.1,1
169,-1,238.5,548.1,25,72.4,1
169,-1,340.1,556.7,24.9,67.9,1
169,-1,1249.3,524.5,27,69.6,1
169,-1,900.9,504.9,19.6,50.7,0.998
169,-1,1081.9,519.8,26.1,61.8,0.998
169,-1,975.9,519.1,22.4,59.4,0.994
169,-1,1151.8,515.7,22.7,63.1,0.986
169,-1,272.2,543,24.5,68.5,0.926
169,-1,556.2,517.5,13.8,36.2,0.839
169,-1,957.9,518.3,21.9,54,0.826
169,-1,320.5,552.3,24.1,63.9,0.436
169,-1,1004.4,520.5,21.2,54.8,0.312
169,-1,284.3,543.5,49,69.6,0.269
169,-1,926.4,509.7,19.6,51.5,0.257
169,-1,568.4,517.5,13.9,34.7,0.254
169,-1,912.1,505.9,22.3,53.6,0.147
169,-1,544.3,520.5,14.5,36,0.078
169,-1,1043.1,520.4,41.1,60.4,0.062
318,-1,1714.7,545.7,37.2,102.3,1
318,-1,29.5,646.5,53.4,134.8,1
318,-1,1194.5,530.1,26.4,56.1,1
318,-1,1346.8,577.8,72,145.9,1
318,-1,1394.4,599.5,55.1,141.1,0.999
318,-1,222,659.7,33.4,119.7,0.999
318,-1,257.1,630.3,38.9,135.1,0.999
318,-1,1274.1,520.1,23.1,61,0.999
113,-1,1735,635.1,97.8,229.8,1
113,-1,297.6,576.4,49.7,137.6,1
113,-1,235.6,585.8,48.1,129.2,1
113,-1,74.4,592.8,65.3,147.1,1
113,-1,16.5,579.4,58.6,154,1
113,-1,1756.6,567.1,51.6,106.9,1
113,-1,636.9,528.7,22.2,65,1
113,-1,190.5,591.2,42.5,124.3,1
113,-1,1506.6,521.6,28.6,70.4,1
113,-1,1104.3,508.1,19.2,41.9,1
113,-1,1316.9,533.1,28.8,73,1
113,-1,557.3,520.7,21.5,62.7,1
113,-1,347.3,561,42.1,111.3,1
113,-1,1168.6,520.8,22.3,50.8,0.997
113,-1,850.9,507.3,15.5,35.7,0.993
113,-1,1459.4,532.5,26.6,60.3,0.987
113,-1,153.1,598.7,35.1,98.7,0.981
113,-1,1440.8,531.4,23.2,55.7,0.966
113,-1,1656.2,544.6,39.5,124.3,0.9
113,-1,1475.9,530.5,26.1,60.6,0.887
113,-1,1145.7,516.5,20,45,0.777
113,-1,1282.9,524.7,20.4,49.8,0.692
113,-1,572.8,520.8,21.4,60.5,0.636
270,-1,1060.3,526.2,39.3,80.6,1
270,-1,3.2,605.7,36.9,107.8,0.999
270,-1,158.3,608.6,30.6,104.1,0.999
270,-1,472.7,534.5,17.9,40.3,0.999
270,-1,1567.6,597.8,62.6,178.7,0.998
270,-1,968.7,517.1,23.5,48.6,0.997
270,-1,1025,529.6,25.4,70.2,0.988
270,-1,174.7,596.9,37.8,102.3,0.883
28,-1,1820.3,607.5,78.1,165.6,1
28,-1,1447.2,545.7,45.4,114.7,1
28,-1,1718.7,611.5,64.5,160.7,1
28,-1,1583.6,540.7,39.2,87.1,1
28,-1,1536.1,533.2,33.1,80,1
28,-1,499.9,569.7,39.8,101,1
28,-1,453.1,560.3,35.9,106.5,1
28,-1,1.4,634.1,53.5,211.6,0.999
28,-1,624.6,547,28.1,80.1,0.998
28,-1,1210,502.7,16.6,37.7,0.996
28,-1,1069.5,503.4,15.2,30.7,0.995
28,-1,662.1,536.4,31.5,76.1,0.968
28,-1,604.6,549.2,27.1,75.9,0.959
28,-1,1306.9,507.3,15.8,49.4,0.899
28,-1,1321,509,16.9,47.8,0.774
28,-1,1566.2,532.2,24.7,60.4,0.688
28,-1,584.8,546.3,25,69.4,0.678
28,-1,639.2,542.7,30.6,83.9,0.085
28,-1,1288.1,511.9,15.1,41,0.077
28,-1,1339.2,512.9,17.9,48.7,0.068
216,-1,1660.4,553.7,75.9,141.8,1
216,-1,1334.1,553.5,52.2,136.4,1
216,-1,145.5,591.3,26.5,81.3,1
216,-1,877.3,534.7,25.8,62.9,1
216,-1,1018.5,532.1,29.6,67.9,0.999
216,-1,823.9,524.2,16.2,45.3,0.998
216,-1,1174,549.3,52.3,122.1,0.997
216,-1,1104.4,541.5,29.4,81.4,0.99
216,-1,44.9,576.8,30,86.4,0.99
216,-1,10.1,580.7,32.5,86.4,0.982
216,-1,28.4,578.8,29.5,87.2,0.953
216,-1,974.4,532.4,25,65.5,0.92
216,-1,1087.1,542.1,28.1,75.3,0.916
216,-1,999.5,534.6,25.1,63,0.825
216,-1,1038.2,533,27.7,68.6,0.178
40,-1,1490.4,536.9,48.9,125.7,1
40,-1,472.5,551.9,43,114.5,1
40,-1,1830.1,623.2,79.8,183.1,1
40,-1,1638.3,540.2,39.7,86,1
40,-1,1583.9,513.4,33.4,91.4,1
40,-1,426.4,548.3,40.2,114.7,1
40,-1,762,504.8,22.2,50.2,1
40,-1,1218.4,487.8,17.6,41.3,1
40,-1,826.6,511.1,19.3,52.4,0.999
40,-1,609.9,540.2,31.8,81.8,0.997
40,-1,1061.5,494.1,14.4,28.9,0.983
40,-1,648.8,530.9,32.4,81.4,0.978
40,-1,580.1,543.6,24.4,73.6,0.949
40,-1,1479.2,497.4,21.6,51.8,0.892
40,-1,1493.3,503.6,24.9,52.3,0.79
40,-1,1501.4,488,23,48.5,0.763
40,-1,1463,495.2,19,50.4,0.456
40,-1,1625.7,518.6,25,60.8,0.357
40,-1,816.7,511.1,18.5,50.3,0.23
40,-1,1549.9,512.3,23.3,52.7,0.215
40,-1,1670.3,537.9,30.6,69.1,0.104
40,-1,1654.9,504,28.1,64.2,0.1
233,-1,1781.3,546.9,71.8,147.4,1
233,-1,1367,553.6,54.2,139.3,1
233,-1,1217.8,555.9,59.1,132.1,1
233,-1,111,597.9,29.4,91.7,1
233,-1,1064.7,547.8,35.2,80.5,1
233,-1,1123.9,532.9,38.2,94,1
233,-1,1009,528.9,30.5,72.2,0.999
233,-1,830,522.8,17.9,49,0.999
233,-1,1,598.9,22.9,87.7,0.998
233,-1,379.3,537.8,16.6,36.2,0.993
233,-1,988.4,530,23.7,65.3,0.891
233,-1,1045.9,539.7,25.3,73.8,0.569
233,-1,1151.3,530.3,27.9,90.6,0.099
70,-1,1628.5,562.4,57.6,167.4,1
70,-1,380.1,561,50.1,125.2,1
70,-1,335.3,556.4,48.8,127.9,1
70,-1,1703.8,528,39.2,99.8,1
70,-1,1763.7,549.4,45.9,101.7,1
70,-1,734,507,22.2,56.3,1
70,-1,1392,511.5,25.2,62.2,1
70,-1,806.6,515.6,20.4,53.6,0.999
70,-1,1267.4,501.7,25.1,50.5,0.998
70,-1,1482.2,507.5,22.5,55.2,0.998
70,-1,541.2,549.4,38.6,98.5,0.998
70,-1,579.8,540.2,36.9,108.1,0.994
70,-1,1027.8,494.6,16.6,33.7,0.989
70,-1,1226.1,494.9,17.8,42.8,0.987
70,-1,1575.6,513.6,23,55.9,0.987
70,-1,506.5,552.1,34.8,93,0.984
70,-1,1662.1,515.2,26.6,53.2,0.946
70,-1,490.4,553.4,29.4,84.6,0.935
70,-1,1245,498.7,20.5,42.6,0.858
70,-1,1650,513.3,24.4,51.2,0.853
70,-1,1594.9,516.1,22.6,52.3,0.838
70,-1,782.2,514.4,19.3,49.8,0.78
70,-1,1374.7,508.5,23.8,52.3,0.677
70,-1,475.4,549.4,27.7,77.3,0.67
70,-1,794.5,514.6,19.9,51.7,0.541
70,-1,1691.8,522.8,23,54,0.335
70,-1,1563.1,514.8,21.8,50.5,0.325
70,-1,1020.1,491.7,15.2,33.2,0.131
180,-1,1379.5,550,50.9,118.2,1
180,-1,291.4,558.5,24.9,69,1
180,-1,875.2,506.9,20.4,49.2,0.999
180,-1,182.5,551.5,24.9,71.3,0.999
180,-1,1112.9,515,29.3,69.7,0.999
180,-1,952.4,519,26.1,62.4,0.998
180,-1,1048.6,518.3,26,64,0.993
180,-1,229.5,540.6,26.1,73.6,0.988
180,-1,1210.2,527.4,34.5,77,0.979
180,-1,208.9,545.8,25.2,69.8,0.916
180,-1,1080,518.9,25.7,59.6,0.849
180,-1,1174.2,534,30.5,84.9,0.761
180,-1,928.6,517.1,21.3,49.1,0.679
180,-1,1163,529.2,24.1,66.3,0.557
160,-1,1465.7,545.7,46.5,121.7,1
160,-1,386.6,554.1,23.3,67.9,1
160,-1,1296,522.5,30.3,73.8,1
160,-1,928.2,506.1,20.2,49.5,0.999
160,-1,289.5,542.5,26.3,74.4,0.998
160,-1,1005.9,520.4,23.4,58.5,0.989
160,-1,1112.6,520,25.2,64.1,0.987
160,-1,328.5,539.6,23.9,70,0.944
160,-1,986.1,520.8,22,53.1,0.839
160,-1,1033,519.8,21.1,55.5,0.776
160,-1,1182.6,520.2,22.5,61.2,0.773
160,-1,956.5,511.3,20.1,49.8,0.584
160,-1,339.4,546,50.5,65.8,0.261
68,-1,1620.4,560.4,56.1,159.3,1
68,-1,343.6,557.9,48.3,132,1
68,-1,1701,524.8,39.3,101.4,1
68,-1,391,565.3,48.6,125.3,1
68,-1,1759.4,543,42.8,100.3,1
68,-1,811.2,516.2,21.3,55.5,0.999
68,-1,738.8,510.2,22.7,53,0.999
68,-1,1393.7,508.2,24.6,60.7,0.999
68,-1,1268.6,500.4,25.1,48.9,0.999
68,-1,1486.7,502.3,20.9,53,0.998
68,-1,545.7,551.2,39,98.3,0.996
68,-1,1575.2,511,22.9,55.3,0.993
68,-1,1031.5,495.6,15.7,31.9,0.991
68,-1,585.5,541.6,37.4,103.3,0.989
68,-1,1659.6,499.3,30.2,65.2,0.988
68,-1,1226.2,492.7,18.5,42.2,0.986
68,-1,514.5,558.2,32.3,87.1,0.973
68,-1,1677.3,511.1,27.1,58.2,0.853
68,-1,770.1,511.2,20.1,51.9,0.84
68,-1,1588.6,512.8,24.9,54,0.8
68,-1,1257.5,500.5,22.3,42.9,0.791
68,-1,491.2,558.4,25.9,78.2,0.667
68,-1,1244.1,496.5,21,43.2,0.654
68,-1,1380.3,506,23.1,53,0.461
217,-1,1666.5,552.6,77.1,143.5,1
217,-1,1335.9,554.3,51.5,135.9,1
217,-1,143.6,588.3,27,83.6,1
217,-1,1015.4,531.5,31.2,69.1,1
217,-1,877.6,532.6,25.1,63.8,0.999
217,-1,1176.6,550.3,52.8,122,0.999
217,-1,824.5,521.8,15.8,47.4,0.998
217,-1,41.3,576.4,30.7,87.1,0.996
217,-1,1104.5,540.9,31.2,82.8,0.994
217,-1,9.3,579,32.5,87.9,0.966
217,-1,968.5,534.4,27.1,67.6,0.965
217,-1,1087.4,541.6,29.1,77.2,0.91
217,-1,984.7,534.3,23.1,69.3,0.84
217,-1,998.5,533.1,28.3,65.9,0.793
217,-1,1043.6,534.1,25.9,67.3,0.206
217,-1,955.5,535.8,22.7,62.9,0.117
246,-1,1425.6,549.8,47,152.2,1
246,-1,107.2,598.4,29.8,92.7,1
246,-1,1030.8,524.2,32.4,76.4,1
246,-1,1184.9,523.8,27.1,77.5,1
246,-1,905.7,526.9,27.1,69.6,0.999
246,-1,856.9,517.3,20.7,50.6,0.999
246,-1,385.5,533.3,17.6,39.6,0.999
246,-1,1149.4,528.9,22.8,66.2,0.348
286,-1,1774.7,548,82.4,193.6,1
286,-1,34.9,612.3,47.9,114.5,1
286,-1,1143.7,527.5,38.6,78.6,1
286,-1,1845.5,601.6,75.5,267.2,1
286,-1,196.1,621.2,32.7,107.3,1
286,-1,1053.8,513,24.9,45.2,0.999
286,-1,1304.3,539.3,56.1,120.5,0.999
286,-1,1264.5,551.9,44.5,118.2,0.998
286,-1,1196.4,526.7,28.1,80.3,0.99
286,-1,222.1,602.1,39.7,115,0.98
286,-1,1170.6,526.4,39,77.3,0.176
271,-1,1065.3,529.2,39.4,76.3,1
271,-1,5.9,602.8,37.8,108.3,0.999
271,-1,476.5,535.1,17.5,39.9,0.999
271,-1,160,609.7,30.7,102.1,0.999
271,-1,976.1,516.9,24.2,49.4,0.996
271,-1,1027.6,531,28.8,67.6,0.995
271,-1,1589.6,597.6,57.2,206,0.989
271,-1,174.1,599.3,35.1,103.6,0.919
19,-1,1653.1,587.8,55,147.3,1
19,-1,1743.3,591.1,64.9,144.5,1
19,-1,1546.6,533.6,40.4,88.4,1
19,-1,1422.3,534.4,40.5,104.6,1
19,-1,99.7,604.8,58.8,169.5,1
19,-1,514.6,550.6,37.2,97.9,1
19,-1,472.6,547.4,38.5,100.3,1
19,-1,1.8,596.6,51.9,182.3,1
19,-1,1072.6,491.8,17.6,33.1,0.999
19,-1,1502.9,522.8,31.9,77.8,0.998
19,-1,637.5,529.5,28.7,77.2,0.998
19,-1,1204.4,494.3,15.8,37.1,0.997
19,-1,828.3,512.9,18.5,47.4,0.996
19,-1,1296.1,496.6,15.2,47,0.995
19,-1,603.5,533.3,25,69.5,0.965
19,-1,790.8,506.2,18.7,44.9,0.918
19,-1,814.2,511,18.4,44.3,0.898
19,-1,1304.5,497.3,16.3,46.7,0.587
19,-1,1538.2,533,24.5,79,0.498
19,-1,1285.3,494.9,18.7,43,0.328
136,-1,1579.2,549.3,42.4,118.1,1
136,-1,42.6,604.9,60.3,171.3,1
136,-1,1703.3,561.3,60.5,115.1,1
136,-1,156.9,579.7,45.3,131.6,1
136,-1,1255.6,535.7,32.2,78.8,1
136,-1,1813.5,672.4,107.5,295.2,1
136,-1,426,531.1,23.5,65.9,1
136,-1,1017.2,505.5,19.7,44.5,1
136,-1,1410.9,524.9,23,65.7,0.999
136,-1,1,620.9,41.4,159.9,0.999
136,-1,517.6,537.7,23.5,68.2,0.998
136,-1,1351.8,532.6,28.5,58.8,0.998
136,-1,1090.2,520.6,24,55.2,0.99
136,-1,728.2,512.6,16.1,35.8,0.986
136,-1,1198.1,521.5,24.1,57.9,0.977
136,-1,1077.8,520.1,20.3,53,0.942
136,-1,453,526.9,21.4,62,0.851
136,-1,1066.2,518.7,20.4,50.6,0.806
136,-1,1117.8,521.6,20.4,51.4,0.802
136,-1,503.9,535.6,19.9,64.4,0.632
136,-1,1036.1,509.8,20.1,47.5,0.224
136,-1,1389.8,534.7,22.5,57.7,0.213
88,-1,1674.8,584.2,76.8,189.9,1
88,-1,1774.4,555.2,51.5,105,1
88,-1,276.8,569.8,50.5,133.4,1
88,-1,222.5,563.5,47.9,134.5,1
88,-1,493.6,548.7,40.5,120.1,1
88,-1,440.5,563.7,40.7,104.6,1
88,-1,1372.2,519.6,26.2,65.1,0.999
88,-1,673.9,508.3,21.5,60,0.999
88,-1,749.5,516.5,21.1,59.2,0.999
88,-1,1608.6,513.1,25.1,60.7,0.999
88,-1,1525.2,518.8,23.4,53.6,0.998
88,-1,1234.5,505.6,23.1,49.2,0.996
88,-1,964,496.7,13.8,31.4,0.995
88,-1,1185.7,496.6,21.3,43.9,0.991
88,-1,407.5,564.9,35.1,102.8,0.986
88,-1,379.6,568.4,30.9,87.2,0.984
88,-1,1327.1,512.2,25.2,52.1,0.966
88,-1,1222.5,504.1,22,46,0.87
88,-1,1559.6,517.5,23.3,52.9,0.842
88,-1,1209.8,503.6,19.9,41.9,0.781
88,-1,708.8,508.7,18.8,54.3,0.776
88,-1,1357.9,517,22.5,53.8,0.773
88,-1,721.8,512.2,19.2,54.5,0.737
88,-1,731.8,514.1,20,55.8,0.457
88,-1,365,569.6,27.9,78.3,0.361
88,-1,1312.5,509.5,23.2,50.4,0.323
88,-1,1248.7,507.8,24.7,50.8,0.264
88,-1,1512.4,518.6,18.8,49.1,0.241
88,-1,1712.6,539.2,32.5,81.1,0.218
88,-1,1177.4,497.6,17.1,42.3,0.071
235,-1,1802.3,548.1,73.3,145.5,1
235,-1,1374.2,552.3,54.7,141.8,1
235,-1,108.5,599.3,28.8,89,1
235,-1,1064.3,543.4,37.9,85.2,0.999
235,-1,832.4,520.3,19,49.9,0.999
235,-1,1124,531.8,37.1,94,0.999
235,-1,1010.6,527.5,29.1,70,0.997
235,-1,379.7,536.4,16.9,37,0.996
235,-1,1.5,595.4,20.7,85.6,0.973
235,-1,1226.1,560.9,58.7,129.8,0.798
235,-1,1042.2,533.5,26.1,70.4,0.722
235,-1,994.2,528.7,25.2,62.8,0.71
235,-1,1146.7,526.4,32.1,86.2,0.122
43,-1,1502.9,542.9,50.6,131.5,1
43,-1,1648.5,545,41.9,88.3,1
43,-1,1598.1,523.2,34.8,89.8,1
43,-1,421.6,552,38.2,113.2,1
43,-1,465.3,557.5,42.1,111.5,1
43,-1,761,506.8,23,51.8,1
43,-1,607.8,537.6,33.7,89.2,0.999
43,-1,825.6,512.5,20.2,53.1,0.999
43,-1,1220.5,494.8,16.9,39.7,0.998
43,-1,1060.2,499.5,14.3,29.5,0.992
43,-1,650.3,527.6,32.1,84.9,0.99
43,-1,1864.6,636.1,56.4,197.9,0.975
43,-1,577.1,544.4,26.3,75.5,0.935
43,-1,1499.2,512.5,23.4,48.4,0.879
43,-1,635.5,534,26.9,83.5,0.777
43,-1,1483.1,507.4,20.2,46.5,0.753
43,-1,1539.1,515.6,20.3,44.8,0.741
43,-1,1665.5,510.7,27,58.8,0.618
43,-1,1629.2,524.8,27.4,68.8,0.436
43,-1,1378.6,507.9,19.7,53,0.249
43,-1,1367.9,508.2,18.1,50.1,0.158
43,-1,1570.6,493.9,35.1,80.7,0.13
43,-1,1448.7,501.9,17.9,47.2,0.093
328,-1,1427.9,606.1,57.3,154.3,1
328,-1,1378.5,581.3,48.2,153.9,1
328,-1,1558.9,583.6,49.7,158.2,1
328,-1,2.7,653.5,50.2,142.3,1
328,-1,242.6,635.2,41.6,139.3,0.999
328,-1,1781.8,543,42.3,124.2,0.999
328,-1,1304,514.6,25.3,60.8,0.999
328,-1,1223.7,521.2,29.4,58.9,0.999
328,-1,205.4,661.3,32.3,128.6,0.999
328,-1,225.7,653,32.5,130.3,0.848
328,-1,1270.9,516,22.7,53.5,0.185
328,-1,1249.6,517.6,23.3,55.9,0.063
125,-1,1730.6,565.8,53.2,110,1
125,-1,1770.4,649.2,107.2,255.5,1
125,-1,173.1,593.3,54.6,153.7,1
125,-1,109,607.1,51.7,131.3,1
125,-1,251.6,568.6,43.5,124,1
125,-1,55.4,610.9,50.4,131.2,1
125,-1,1287,533.1,30.6,76.2,1
125,-1,574.7,531.1,22.6,67.2,1
125,-1,488.2,525.6,21.9,62.1,0.999
125,-1,1453.4,519.3,25.6,65.1,0.999
125,-1,1060.5,506.2,19.1,42.4,0.999
125,-1,1126.9,518.5,23.2,55.3,0.997
125,-1,1405.2,533.8,25.8,57.1,0.991
125,-1,784.8,508.7,16.9,32.7,0.99
125,-1,1251.7,522.9,22.4,55.8,0.967
125,-1,528.6,521.8,21.3,60,0.905
125,-1,1275,528,26.1,62.5,0.778
125,-1,1157.8,519,21,51.7,0.657
125,-1,1386.1,534.5,20.7,51.8,0.576
125,-1,1091.7,512.9,18.4,45.6,0.393
125,-1,1069.9,506.7,21.1,47.7,0.1
125,-1,1375.9,533.9,19.3,49.5,0.077
213,-1,1645,555.1,72,137.1,1
213,-1,1331.4,551.4,51.4,133,1
213,-1,153.9,590.3,26.8,78.5,1
213,-1,878.5,533.8,25,63.6,0.999
213,-1,1022.7,529.7,29.4,68.3,0.999
213,-1,824.8,523,16.6,47,0.993
213,-1,56,573.3,27.8,90,0.99
213,-1,1099.2,542.6,28.1,77.6,0.975
213,-1,979.4,532.1,27.5,64.5,0.96
213,-1,40.5,577,28.9,89.7,0.955
213,-1,999.3,531.2,28.3,64.6,0.916
213,-1,1075.5,538,26.7,65.2,0.898
213,-1,20.1,577.3,34.9,90.9,0.553
213,-1,1115.6,533.4,30,81.7,0.354
213,-1,1173.2,553.3,46,109.5,0.056
238,-1,1382.3,550.4,53.9,143.3,1
238,-1,1836.7,537.5,73.2,152,1
238,-1,106.3,599.2,29.1,89.3,1
238,-1,837.9,520.4,19.4,48.5,1
238,-1,379.4,533.9,18.2,38.8,0.998
238,-1,1091.9,533,39.9,95.7,0.997
238,-1,1014.3,527.1,29.8,72.3,0.996
238,-1,1153.3,520.1,28,89.7,0.966
238,-1,1131.8,528.1,28.6,89.7,0.898
238,-1,3.2,593.7,19.6,88.9,0.717
238,-1,1071.4,535.5,32.6,85.6,0.556
238,-1,1048.4,533,26.1,71.4,0.371
49,-1,1530.5,556.7,52.6,137.8,1
49,-1,1625,536.3,36.3,90.4,1
49,-1,451.6,565.1,44.1,114.4,1
49,-1,1677.8,552.4,42.4,94.5,1
49,-1,407.4,555.6,40.4,118.1,1
49,-1,758.5,512.6,21.5,50.5,1
49,-1,826.1,518.8,19.8,53.3,0.999
49,-1,1369.7,513.4,22.2,60.1,0.999
49,-1,597.8,545.4,37,93,0.999
49,-1,1225.9,502.5,17.2,39.7,0.998
49,-1,643.1,536.7,31.5,89.6,0.996
49,-1,1055.1,502.7,15,31.1,0.996
49,-1,570.7,548.1,30.5,85.3,0.975
49,-1,1599.5,519.6,23.5,51.2,0.783
49,-1,1671.3,513.3,24.5,56.1,0.766
49,-1,554.4,548.7,26.2,77,0.659
49,-1,1585.3,520.3,25.7,60,0.6
49,-1,1693.2,502.3,29.9,67.3,0.505
49,-1,1527.4,510.5,23,45.9,0.327
49,-1,1514.2,517.4,21.8,49.2,0.25
49,-1,1526,530.6,31.8,56.3,0.169
49,-1,1398.3,513.2,18,49.6,0.161
49,-1,1359.4,515.5,20.4,53.8,0.145
49,-1,1658.2,543.6,31.7,85.3,0.06
14,-1,1705.6,584.1,62.5,138.9,1
14,-1,1408.3,533.5,35.3,100.3,1
14,-1,1610.7,586.4,57.5,136.2,1
14,-1,1527.6,529.6,39.1,83.3,1
14,-1,524,553.8,35.9,95.4,1
14,-1,153.9,601.9,63.8,162.1,1
14,-1,480.8,552.8,36.1,92.3,1
14,-1,59.9,587.5,54.3,176.1,0.999
14,-1,1197,493.8,16.6,38.6,0.999
14,-1,1487.6,519.6,29.9,82.6,0.998
14,-1,827.7,513.8,18.6,45.7,0.998
14,-1,1288.6,497.3,15.8,45.3,0.996
14,-1,642.2,531.3,28.7,75.3,0.994
14,-1,1074.7,496.3,15.4,30.7,0.979
14,-1,604.3,532.2,24.9,66.3,0.955
14,-1,792,507.1,19.2,44.1,0.906
14,-1,621.1,534.4,25.2,68.5,0.867
14,-1,816.9,511.7,19.3,44.2,0.789
14,-1,1458.8,514.8,25.9,54.7,0.329
14,-1,1300.3,499.9,15.4,44.3,0.071
14,-1,1502.2,525,38.9,80.3,0.054
173,-1,1406,542.8,46.9,123,1
173,-1,322.8,557.6,23.3,66.2,1
173,-1,1238.5,521.6,28.4,71.4,0.999
173,-1,889.5,505.6,21,49.2,0.999
173,-1,1070.9,517.6,23.8,63.4,0.999
173,-1,217.4,547.7,27.4,74.3,0.998
173,-1,965.2,517.3,22.6,62.6,0.99
173,-1,261.4,539.7,24.4,74.3,0.968
173,-1,1141.2,512.6,20.1,64,0.963
173,-1,242.6,543.5,26.2,72.5,0.927
173,-1,1030.9,518.8,22.9,55.9,0.816
173,-1,1104.3,514.2,23.5,57.6,0.779
173,-1,950.2,516.7,20.7,58.6,0.746
173,-1,914.4,508,21.4,47.6,0.442
173,-1,1183.1,541.9,28.8,81.4,0.42
173,-1,1213.4,526.4,24.3,72.1,0.413
173,-1,1199.3,538.4,23.6,80.6,0.24
48,-1,1525.7,554.5,50.6,134.3,1
48,-1,1620.4,531.8,35.1,93.4,1
48,-1,456,564,42.1,113.5,1
48,-1,1672.3,549.3,42.5,92.3,1
48,-1,407.9,556.8,41.9,116.6,1
48,-1,599.8,544.2,36.5,93,1
48,-1,758.7,510.6,22,51,1
48,-1,825.7,517.1,19.9,52.9,0.999
48,-1,644.8,534.4,33.8,90.3,0.998
48,-1,1225.6,500.9,16.2,39.9,0.998
48,-1,1370,511.8,20.9,59,0.998
48,-1,1056.1,501.3,15.5,31.4,0.997
48,-1,571.3,548.1,28.5,84,0.966
48,-1,1671.3,520.9,26.3,55.5,0.822
48,-1,1691.9,505.8,28.9,61.8,0.602
48,-1,550,550.7,25,73.8,0.554
48,-1,1529.7,508.6,21.1,43.9,0.531
48,-1,1507.1,509.5,21.4,45,0.513
48,-1,1604.6,525.8,23.4,57.6,0.452
48,-1,1582.6,521.2,26.1,61.3,0.407
48,-1,1513.4,522.2,26.7,54.7,0.3
48,-1,1496.4,510.9,20.4,50,0.117
48,-1,627.8,539.8,31,91.5,0.11
48,-1,1404.3,511.1,18.5,49.7,0.051
21,-1,1761.5,597.5,65.9,143.7,1
21,-1,71.5,610.9,61.6,170.3,1
21,-1,1428.5,534.8,39.9,107.9,1
21,-1,1667.3,593.8,57.3,147.7,1
21,-1,1556.9,534.9,38.1,86.4,1
21,-1,510.5,555,38.2,98.9,1
21,-1,469.8,550.6,35.4,99,1
21,-1,1205.4,493.9,15.7,38.2,0.998
21,-1,636.1,533.3,28.5,74.7,0.997
21,-1,1070.9,495.1,17.2,32.1,0.996
21,-1,827,514,19.2,48.1,0.991
21,-1,1513.1,526.4,28.5,78.3,0.966
21,-1,602.9,534.2,26,69.9,0.966
21,-1,1306.1,499.5,16.6,48.8,0.963
21,-1,1330.3,502.8,19.3,50,0.945
21,-1,786.5,506.5,18.2,46.1,0.935
21,-1,807,511.1,17.7,44.6,0.925
21,-1,1293.1,497,19.4,47.9,0.915
21,-1,1315.3,500.6,18.3,50.4,0.915
21,-1,650.6,529,29.3,74.1,0.863
21,-1,1,623.3,34.8,162.2,0.774
21,-1,1540,532.6,25.6,70,0.375
21,-1,773.2,505.3,18.5,44.5,0.098
165,-1,1441.3,550.6,44.9,114.7,1
165,-1,360.8,558.3,23.7,64.2,1
165,-1,1270.5,520.6,29.9,74,0.999
165,-1,912.6,506.5,19.3,49.2,0.999
165,-1,1094.2,520.5,25.5,62.8,0.999
165,-1,260.5,547.6,25.4,72.5,0.993
165,-1,988,520.2,22.5,57.2,0.992
165,-1,297.3,542.6,25.6,69.3,0.977
165,-1,1167.5,516.8,20.1,60.2,0.953
165,-1,279.3,546,23.4,68.8,0.931
165,-1,1072.8,522.1,22.6,57,0.893
165,-1,959.7,518.6,21.2,47.5,0.762
165,-1,1253.7,522.3,25.9,70.1,0.082
165,-1,1178.9,522.1,19.3,61.7,0.072
165,-1,324.2,542.5,27.1,70.6,0.063
281,-1,1736.3,612.1,105.5,228.4,1
281,-1,25.3,610,42.3,110.2,1
281,-1,1234.3,554.7,47.4,113.5,1
281,-1,1115.6,529.1,38.6,78.6,1
281,-1,184.6,608.8,33.9,109.5,0.999
281,-1,1025.4,516,25.1,42.6,0.999
281,-1,206.8,598.8,36.7,108.6,0.962
281,-1,1156.5,527,24.8,73.6,0.931
281,-1,1092.4,528.9,24.2,66.2,0.918
281,-1,523.5,531.5,16.9,44.1,0.857
281,-1,1078.8,521.4,24.2,46,0.227
142,-1,1693.2,557.8,58.6,118.4,1
142,-1,104.7,580.5,47.4,138.7,1
142,-1,1558.2,545.6,42.5,119.7,1
142,-1,1246.3,532.6,32.6,82.4,1
142,-1,394.7,529.2,25.9,69.8,1
142,-1,1387.3,522.9,26.3,67.2,1
142,-1,488.3,537.8,24,68.9,0.999
142,-1,996.4,504,20.4,45.2,0.999
142,-1,1332.8,529.7,26,60.1,0.994
142,-1,1071.1,519.7,23.9,55.6,0.993
142,-1,1173.5,521.2,23.5,57.5,0.969
142,-1,1086.8,520.4,21.3,52.2,0.919
142,-1,1161.7,521.8,21.6,55.1,0.875
142,-1,421.3,526.3,23.3,65.2,0.857
142,-1,1188.5,522.4,25.1,59,0.844
142,-1,1360.2,527.8,25.9,59.7,0.722
142,-1,1293.9,529.4,22.7,56.9,0.49
142,-1,475.3,536,21.3,65.8,0.386
142,-1,410.2,526.4,20.8,72,0.277
142,-1,702.6,509,14.9,34.6,0.081
142,-1,438.4,525.8,43.6,67.8,0.053
3,-1,259.5,596.3,48.9,149.8,1
3,-1,105,721.8,48.1,106,1
3,-1,1535.7,555.6,54.3,117.9,1
3,-1,176.5,585,47.9,153.4,1
3,-1,501,552.9,34.9,92.6,1
3,-1,1376.1,512.6,35,96,1
3,-1,1625.1,548.3,60.8,122.4,1
3,-1,1453.3,501.4,33.6,76.7,1
3,-1,542,554.6,32.8,90,0.999
3,-1,651.2,530.3,28,72.4,0.999
3,-1,826.4,512.5,19.5,44.1,0.998
3,-1,1488.1,511.7,36.6,77.6,0.99
3,-1,1073.4,490.3,15.9,28.6,0.985
3,-1,1183.9,486,16.9,36.4,0.977
3,-1,792.6,507.8,20.1,45.6,0.935
3,-1,813.1,511.4,18.1,43.1,0.929
3,-1,639.4,530.7,23.5,68.3,0.865
3,-1,1428.5,477.4,21.6,47.1,0.241
3,-1,1174.3,483.7,14.3,36.1,0.204
3,-1,1408.6,478.6,21.1,46.4,0.132
3,-1,601.9,532,20.5,59.1,0.08
44,-1,1507.1,545.5,50,129.8,1
44,-1,1602.5,522.5,36.3,90.4,1
44,-1,1653.4,542.9,42.4,91.3,1
44,-1,463,558,42.9,114.2,1
44,-1,418.1,557.3,38.5,110.9,1
44,-1,760,507.2,23.1,52.7,1
44,-1,607,538.8,31.5,89.8,1
44,-1,825.8,513.8,20.1,53.6,0.999
44,-1,1221.8,495,17.3,40,0.997
44,-1,649,529.7,32.9,85.6,0.997
44,-1,1059.2,499.1,14.6,30,0.995
44,-1,575.2,544.2,25.1,79.8,0.943
44,-1,1500.4,516,21.8,45.8,0.876
44,-1,1369.9,507.3,20,53.1,0.759
44,-1,1541.2,519.3,19.6,42.8,0.71
44,-1,1668,510,28.5,62.9,0.635
44,-1,1481.6,508.7,19.3,45.4,0.627
44,-1,1452.5,504.9,17.4,44.8,0.164
44,-1,1627.5,525.4,29.3,75.9,0.145
44,-1,1640.7,540.6,30.9,83.1,0.05
249,-1,1440.7,549.5,50,154.5,1
249,-1,109.2,600.5,29.7,95.4,1
249,-1,915.7,528.7,28.4,71.1,0.999
249,-1,391.1,535.6,17.2,37.7,0.997
249,-1,870.2,519.6,21.3,51.3,0.996
249,-1,1043.5,526.9,34,72.5,0.993
249,-1,127.8,588.8,30.6,97,0.563
249,-1,930.5,527.4,25.2,59.6,0.131
249,-1,1194.2,523,29.8,75.6,0.107
335,-1,1350.1,561.4,94.4,170.6,1
335,-1,1423.8,592.7,71.6,169.6,1
335,-1,1585.5,579.2,44.1,163.8,1
335,-1,1827,530.4,39.4,123.4,1
335,-1,176.5,650.2,38.1,136,1
335,-1,218.8,620.4,40.4,149.4,0.999
335,-1,1322.1,502.9,25.8,60.2,0.997
335,-1,1,640.4,27.1,151.3,0.757
190,-1,1605.8,552.7,58.4,132.1,1
190,-1,1356.1,548,51.1,125,1
190,-1,248.1,567.2,24.8,71.7,1
190,-1,918.6,523.1,27.4,63.5,1
190,-1,853.8,510.2,18.9,48.4,0.999
190,-1,1078.4,517.5,32.1,70.3,0.999
190,-1,471.4,520.9,16.5,39.9,0.996
190,-1,137.5,561.7,27.2,75.7,0.994
190,-1,175.2,550.2,26.9,79.8,0.975
190,-1,1005.1,523.5,24.7,62,0.957
190,-1,1021.7,520.9,25.9,64.1,0.95
190,-1,156.5,556.2,23.9,76.3,0.831
190,-1,1126.9,522.9,24.1,66.1,0.634
190,-1,1164.6,539.6,41.9,93.6,0.605
190,-1,889.6,518.1,22.3,46.4,0.195
190,-1,1138.3,528.8,25.8,78,0.092
27,-1,1809,604.6,77.4,162.8,1
27,-1,1711.2,607.4,64.8,165.1,1
27,-1,1444.2,544.5,43.5,114.6,1
27,-1,1532.6,531.4,33.2,80.5,1
27,-1,1580,541.1,40.7,87.6,1
27,-1,500.3,567.1,39.7,102.8,1
27,-1,455.7,562.3,35.9,103.7,1
27,-1,1069.1,503.4,16,30.8,0.999
27,-1,624.6,544.5,28.7,80.2,0.999
27,-1,1208.6,501.3,16.4,38.3,0.997
27,-1,10.5,640.6,52,189,0.994
27,-1,1339.2,513.2,21.1,53.1,0.993
27,-1,664,533.6,31.4,74.5,0.965
27,-1,605.8,547.3,26.2,75,0.945
27,-1,1328,510.2,18.3,49.4,0.902
27,-1,1306.7,507.4,17.2,46.1,0.884
27,-1,1566.2,529.7,24.1,57,0.821
27,-1,582,544.3,23.4,67.9,0.201
27,-1,1593.2,525,27.2,59.6,0.186
151,-1,21,585.4,49.6,148.1,1
151,-1,1674.7,564.8,49.7,118.6,1
151,-1,1512.5,553.6,51.7,118.1,1
151,-1,1345.6,521.1,32.2,75.5,1
151,-1,441.1,543.5,24.7,67.5,1
151,-1,966.1,504.8,21.2,50.3,0.998
151,-1,346.1,534.4,27.4,69.3,0.998
151,-1,1037.7,521.3,23.3,56.9,0.982
151,-1,1153.9,520.7,23.9,60.6,0.945
151,-1,410.4,536.3,23.2,62.7,0.916
151,-1,1058.3,522.4,21.2,53.4,0.904
151,-1,1129.1,520.4,22.8,58.4,0.9
151,-1,1021.9,523.3,22,50.8,0.795
151,-1,1315,527.3,22.7,62.1,0.606
151,-1,384.4,529.6,30,68.7,0.151
151,-1,1197.5,521.1,20.9,57.7,0.145
151,-1,985.3,508.6,19.4,52.1,0.057
172,-1,326.6,557.9,23.5,66.3,1
172,-1,1411.6,541,45.5,123.3,1
172,-1,1239,521.2,29.1,72.4,1
172,-1,890.8,505.4,21.1,49.3,1
172,-1,1071.9,518.4,24.9,62.7,0.999
172,-1,224.5,547.2,27.3,75.6,0.998
172,-1,966.1,517.6,22.4,61.6,0.978
172,-1,263.8,540.3,24.2,72.8,0.966
172,-1,1139.9,511.8,20.8,63.2,0.959
172,-1,246.7,544.2,24.4,71.8,0.912
172,-1,1112.1,516.9,22.8,58.2,0.795
172,-1,942.8,515.7,20.9,55.8,0.772
172,-1,1097.3,515.2,23.8,58.6,0.723
172,-1,540.3,516,12.9,37.8,0.562
172,-1,1029.6,518.4,22,55.9,0.542
172,-1,548.9,517.5,13.5,35.6,0.446
172,-1,910.1,506.7,21.8,49.7,0.352
172,-1,1215.1,525.5,23.4,63.1,0.314
172,-1,1158.5,517.9,20.6,60.8,0.314
172,-1,526.2,512.9,12.7,40.6,0.064
172,-1,1041.3,518.8,41.8,61,0.058
65,-1,1605.4,556.1,56.7,153.3,1
65,-1,404.3,561.3,48,125.3,1
65,-1,1691.8,527.7,38.5,96.5,1
65,-1,353,559.2,47.2,125.2,1
65,-1,1750.2,544.6,41,100.1,1
65,-1,1392.7,507.5,24.2,61.8,1
65,-1,557.2,547.8,39.3,99.3,0.999
65,-1,813.9,515.4,21.2,54.7,0.999
65,-1,1271.7,499.6,24.2,49.2,0.999
65,-1,743.8,508.1,22,53.9,0.999
65,-1,1487.2,500.3,22.6,55.3,0.997
65,-1,1035.5,495.3,16.4,32.4,0.996
65,-1,612.4,538.4,36.9,98.2,0.993
65,-1,1229.4,492.9,18.3,41.3,0.978
65,-1,1574.3,511.1,22.8,55.5,0.977
65,-1,510.7,551.2,29.8,84.8,0.972
65,-1,526.3,551.4,31.5,89.6,0.969
65,-1,1662.3,510.1,27.4,57.9,0.94
65,-1,1242.5,494.9,19.4,42,0.723
65,-1,1676.9,514.5,28.6,64,0.709
65,-1,1590.5,514,23.6,51.1,0.701
65,-1,587.6,542.6,38.9,100.6,0.505
65,-1,761.4,508.9,23.1,53.9,0.368
65,-1,1630.3,482.7,49.5,87.7,0.12
65,-1,1713.3,515.8,28,59.1,0.095
65,-1,1551.3,512.9,21,50,0.059
368,-1,1456.2,716.8,81.2,221.2,1
368,-1,1580.1,681.5,77.9,218.9,1
368,-1,1368.3,648.8,68.8,213,1
368,-1,1668.4,612,51.1,139.3,1
368,-1,1374,576.8,49.4,107.3,1
368,-1,42.4,705.4,49.3,175.9,1
368,-1,1458.1,581.6,43.9,91,0.996
368,-1,1552.1,575.5,36.5,105,0.993
368,-1,1.1,728.3,39,167.8,0.99
368,-1,1502.9,579.7,32.4,96.8,0.931
368,-1,1355.2,548.3,19.6,50.2,0.636
368,-1,1333.7,655.1,45.8,169,0.302
368,-1,1376,530.8,25.2,51.1,0.28
63,-1,1598.8,544.3,57.3,153.7,1
63,-1,1683.6,516.2,38.1,97.3,1
63,-1,362.9,569.1,43.6,121.8,1
63,-1,412.6,572,45.9,120.6,1
63,-1,1742.9,534.4,43.8,95.3,1
63,-1,567,553,36.6,97.8,1
63,-1,1392.6,500.1,24.1,59.7,0.999
63,-1,747.1,511.9,23.2,53.2,0.999
63,-1,816.3,518.2,20.5,53.4,0.999
63,-1,1269.6,493,23.1,47.2,0.998
63,-1,1039,494,15.3,33.1,0.997
63,-1,1488.5,492.3,21.4,53.5,0.997
63,-1,1227.9,486.6,20.5,42,0.997
63,-1,613.8,543.2,37.6,98.9,0.997
63,-1,525.4,557.5,31.6,84.5,0.979
63,-1,548.4,558.1,28.8,91.2,0.942
63,-1,1577.7,504,24.4,59,0.897
63,-1,1658.6,486.7,24.9,55.1,0.707
63,-1,508.9,559.4,28.1,75.7,0.696
63,-1,1379.4,499,21.6,54.8,0.55
63,-1,1647.8,493.7,23.6,60.8,0.408
63,-1,1563.2,501.8,21.1,51.6,0.342
63,-1,1686.3,485.2,25.6,50.6,0.308
63,-1,1598.1,491.5,22.7,50.7,0.206
63,-1,1726.7,530.2,36.2,87.4,0.061
63,-1,1671,506.2,32.6,80.9,0.053
139,-1,1695.9,562.1,61.7,115.9,1
139,-1,1566.9,550.3,43.4,118.8,1
139,-1,6.3,606.3,59.8,174.9,1
139,-1,129.6,577.9,45,136,1
139,-1,1006.7,506.2,18.6,43.5,1
139,-1,1401.2,523,23.7,68.4,1
139,-1,501.9,537.5,24.5,68.2,1
139,-1,1246,533.9,33.6,82,0.999
139,-1,1835.2,677.4,85.8,315.5,0.999
139,-1,410.4,530.8,24.2,67.6,0.999
139,-1,1076.2,519.7,23.4,55.1,0.995
139,-1,1342.1,530.1,28.3,62,0.992
139,-1,1192.4,520.5,23.7,59.6,0.992
139,-1,479.2,533.6,22.5,60.8,0.771
139,-1,1059.2,521.9,19,45.8,0.697
139,-1,1363,524.4,44.4,64.8,0.171
139,-1,713,510.7,14,32.6,0.149
183,-1,1371.5,545.5,51.5,124.1,1
183,-1,1612.2,553.3,53,132.9,1
183,-1,276.1,557.5,26.4,74.8,1
183,-1,1170.1,536.6,38.8,101.2,1
183,-1,168.1,553.5,26.7,75.9,0.999
183,-1,866.7,505,21.4,52,0.999
183,-1,1104,513.4,29.7,69.6,0.999
183,-1,1040.6,522,25.2,63.3,0.998
183,-1,947.4,518.7,26.2,67.5,0.998
183,-1,207.6,540.4,26.7,75,0.969
183,-1,496.1,514.8,14.1,41.3,0.683
183,-1,931,517.4,22.4,56.2,0.558
183,-1,887.2,505,22.1,53.7,0.183
183,-1,969.1,521.8,23.4,60.7,0.153
183,-1,1146.6,527.3,27.4,70.2,0.15
183,-1,186.4,540.3,32.2,81,0.117
369,-1,1571.3,682.2,83.9,224.5,1
369,-1,1455.1,719.2,85.2,222.8,1
369,-1,1366.7,649.4,65.7,213.2,1
369,-1,1672.2,614.6,52.1,138.5,1
369,-1,1374.1,578.8,50,103,1
369,-1,35.4,708.8,47.8,179.1,1
369,-1,1554.6,574.8,35.5,105.4,0.997
369,-1,1457.4,582.8,45.2,89.6,0.993
369,-1,1503,579.3,32.6,96.1,0.937
369,-1,2.7,734.4,36,156.1,0.916
369,-1,1330.2,649,50.8,181.5,0.564
369,-1,1354.2,549.3,19.4,49.4,0.403
369,-1,1377.5,531.6,25.1,50,0.254
273,-1,1610.9,600.3,73.7,197.2,1
273,-1,1077.6,530.4,38.6,78.1,1
273,-1,165,607.8,31.3,105,0.999
273,-1,16.6,604.5,36.7,106,0.999
273,-1,984.2,518,24.6,44.2,0.998
273,-1,1042,528.5,26.1,75,0.996
273,-1,486.2,534.4,17.4,40.5,0.996
273,-1,183.5,592.6,36.1,106.5,0.95
273,-1,1004.2,521.3,24.6,46,0.187
343,-1,1443.8,615.9,70.6,179.3,1
343,-1,1581,594.9,74.3,173.5,1
343,-1,1351.1,530.1,48.7,80.8,1
343,-1,1866.9,531.8,45.9,132.9,1
343,-1,188,644.7,41.6,152.3,1
343,-1,139.4,674,37.6,146,1
343,-1,1369.5,580.8,46.5,170.3,1
343,-1,1336.2,504.3,26.1,55.6,0.89
343,-1,1322.2,499.4,23.3,57.6,0.815
343,-1,1410.6,599.1,53.1,145.9,0.642
148,-1,1684.2,566.6,50.4,119.8,1
148,-1,1529.2,551.6,49.7,118.7,1
148,-1,53.2,584.5,47.7,137.9,1
148,-1,363.6,528.5,26.1,71.4,1
148,-1,978.5,505.3,20.3,47.5,0.999
148,-1,1362.4,525,28.4,70.4,0.999
148,-1,458.7,540.4,24.1,67.2,0.999
148,-1,1056.2,521.5,23.5,57.2,0.989
148,-1,1164.7,520.5,23.3,59.7,0.953
148,-1,1334.5,527.2,27.7,64.5,0.941
148,-1,394.7,525.5,25,67.1,0.917
148,-1,1319.1,529.3,23,61.2,0.852
148,-1,1182.9,520.9,23.1,59.4,0.771
148,-1,381.5,526.8,21.1,72,0.273
148,-1,1013.3,514.1,19.7,44.8,0.175
148,-1,1110.6,521.1,19.8,53.2,0.162
39,-1,1486.2,538.1,49.3,127.3,1
39,-1,1823.6,621.9,78.2,182.4,1
39,-1,1580.7,518.3,33.1,90.1,1
39,-1,475.7,549.9,41.8,112.3,1
39,-1,1636.2,540.3,39.7,90.3,1
39,-1,428.1,547,41.8,109.9,1
39,-1,762.7,503.9,22.5,51.5,1
39,-1,1218.6,491.4,17.2,40.3,0.999
39,-1,611.2,538.4,31.6,80.1,0.999
39,-1,827.6,510.5,19.5,51.9,0.998
39,-1,653.4,529.3,30.6,79.7,0.991
39,-1,1062.4,496.1,14.5,29,0.987
39,-1,578.8,538.6,25.4,72.8,0.943
39,-1,1481.5,503,21.7,48.6,0.869
39,-1,641.5,535.5,25.8,77,0.862
39,-1,1494.4,505,23.7,49.1,0.819
39,-1,1632.9,515.1,22.9,51.9,0.556
39,-1,1463,499.9,19.2,48,0.183
39,-1,1548.6,517.2,21.1,46.6,0.059
39,-1,1659,508,25.5,53.9,0.053
39,-1,1052,496,12.8,26.9,0.052
56,-1,1563.3,558.2,53.9,147.6,1
56,-1,1708.4,548.4,44.9,100.9,1
56,-1,383.6,559.3,44.2,120.5,1
56,-1,430,562.7,47.1,121.7,1
56,-1,1655.1,534.6,39.9,94.4,1
56,-1,753,512.2,21.6,51.2,0.999
56,-1,1380.4,515.7,22.7,60.9,0.999
56,-1,821.4,518.6,20.4,54,0.999
56,-1,1231.5,500.2,16.1,40,0.997
56,-1,631.8,538.6,33.2,87.2,0.989
56,-1,584.6,550.3,32.6,88,0.989
56,-1,1052.1,502.5,13.8,29.2,0.988
56,-1,551,554.2,30.6,83.5,0.983
56,-1,569.7,554.2,24.9,87.3,0.949
56,-1,616.9,544.6,29.6,84.9,0.927
56,-1,1347,512.8,19.7,47.9,0.342
56,-1,1691.3,516.5,24.8,50,0.292
56,-1,1660.4,520.4,28.2,58.4,0.224
56,-1,1637,514.7,24.2,51.9,0.187
56,-1,1719.1,510.4,27.3,51.6,0.186
56,-1,1243.3,501.2,18,41.2,0.132
56,-1,1254.4,504.1,19.5,40.1,0.085
56,-1,1603,529.9,22.4,52.5,0.065
98,-1,1776.6,564.5,45.8,111,1
98,-1,1702.9,609.4,81.1,203.6,1
98,-1,204,586.3,56.8,146.2,1
98,-1,151.1,584,55.8,141.7,1
98,-1,1350.5,532.6,29.9,68.3,1
98,-1,707.4,530.3,21.3,62,1
98,-1,1567.2,519.9,25.8,66.8,1
98,-1,367.4,581.9,46,115.9,1
98,-1,429.4,566.6,42,129.5,1
98,-1,629.8,525.3,20.5,61.7,0.999
98,-1,329.7,579.2,39.7,117,0.999
98,-1,1690.7,549.1,40.1,101.8,0.998
98,-1,922.2,509.7,13.6,31.8,0.996
98,-1,1493.7,529.8,24.4,56.8,0.995
98,-1,1156.6,504.6,17.7,46.5,0.991
98,-1,1298.6,523.1,23.4,53.2,0.975
98,-1,1208.6,518.6,23.6,50.2,0.972
98,-1,299.7,583.9,30,96,0.963
98,-1,1192.8,516.2,20.5,46.8,0.867
98,-1,1174.6,511.4,19.2,44.4,0.807
98,-1,461.7,564.1,29.8,92.6,0.509
98,-1,1272.2,522.8,20.8,46.9,0.272
98,-1,1473.7,528.2,19.5,50.1,0.19
158,-1,1477.1,546.8,48.3,121.3,1
158,-1,1310.6,521.4,28,73.3,1
158,-1,302.7,539.9,25,71.4,1
158,-1,397.9,551.4,24.7,67.1,0.999
158,-1,935.9,505.5,21.4,50,0.999
158,-1,1120.3,520.1,25.3,63.1,0.994
158,-1,1012.9,520.8,23.5,58.1,0.991
158,-1,1102.4,520.8,23,59.8,0.92
158,-1,1027.8,521.3,22.1,56.3,0.914
158,-1,336.4,535.6,24.9,68.7,0.899
158,-1,1194.8,523.1,21.7,62.7,0.895
158,-1,992.8,521.4,21.2,50.2,0.824
158,-1,376.7,544.6,25.3,66,0.334
158,-1,355.6,537.7,30.7,68.2,0.313
158,-1,1287.9,521.6,21.4,60.6,0.12
230,-1,1360.8,551.2,55,142.4,1
230,-1,1757.4,543.4,69.3,149.9,1
230,-1,1210.8,558.9,55.4,128.1,1
230,-1,115.4,602.7,28.8,87.2,1
230,-1,1123.2,534.2,37.8,92.6,1
230,-1,1062.5,547.6,35,84.1,0.999
230,-1,1008,530,30.2,73.4,0.999
230,-1,828,521.9,17.6,50.8,0.999
230,-1,1,595.8,21.7,93.8,0.983
230,-1,382.6,537.9,15.6,37.7,0.975
230,-1,976.9,532.4,27,68.7,0.922
230,-1,1046.5,538.3,25.3,73.8,0.779
210,-1,1633.6,553.4,70.1,137.5,1
210,-1,1331.8,548.9,51.8,132.4,1
210,-1,882.2,533.5,25.1,58.1,1
210,-1,164.1,587.9,26.5,77.4,1
210,-1,1028.3,525.5,30.5,70.5,0.999
210,-1,825.1,520.7,18.4,46.3,0.998
210,-1,45.8,574.1,28.5,89.7,0.992
210,-1,70.3,568.4,28.7,90.1,0.991
210,-1,976.6,529.3,28.5,65.8,0.986
210,-1,1093.4,538.4,27.2,78.9,0.965
210,-1,1074.2,533,27,67,0.901
210,-1,30.2,570.4,29.9,86.4,0.255
210,-1,1113.6,536.3,24.2,77.2,0.094
210,-1,1058.1,524.7,29.8,74.7,0.055
61,-1,1586.4,553.2,56.8,149.7,1
61,-1,367.2,555.3,43.8,123.6,1
61,-1,1676.6,528.1,39.4,97.1,1
61,-1,416.6,559.2,47.4,123,1
61,-1,1727.3,543.6,46.2,98.6,1
61,-1,1386.7,508.6,24.6,60.2,0.999
61,-1,749.8,507.8,22.7,51.5,0.999
61,-1,816.4,514.4,21.2,53.4,0.999
61,-1,1269.3,497.5,23.1,47.2,0.998
61,-1,1042.3,493.3,15.6,33.5,0.998
61,-1,570.6,546.1,34.9,93.8,0.997
61,-1,614.3,539.5,35.2,89.2,0.991
61,-1,532.6,547.8,32.8,87,0.984
61,-1,1228.5,490.8,18.6,41.8,0.975
61,-1,553.2,548.9,29.8,91.3,0.916
61,-1,1578.9,521.4,25.7,48.5,0.903
61,-1,1491.8,502.7,19.9,51.1,0.901
61,-1,517.2,548.4,27.5,78.6,0.89
61,-1,1239.9,492.9,19.1,41.4,0.803
61,-1,595.3,542.4,35.1,93.4,0.751
61,-1,1651.1,520.9,27.7,68.8,0.054
35,-1,1561.4,526.6,31.1,85.2,1
35,-1,1471.5,543.4,47.7,123.2,1
35,-1,1780.6,621.1,77.8,168.9,1
35,-1,482.9,562.2,38.8,110.3,1
35,-1,1620.2,544.5,38.3,85.2,1
35,-1,438,560.6,36.9,108.4,1
35,-1,828.9,521.1,19.1,49.5,0.999
35,-1,618.8,547.1,28.5,79.8,0.998
35,-1,1065.7,504.8,14.7,30.3,0.998
35,-1,1213.1,502.5,17.5,36.4,0.988
35,-1,583.2,545.6,25.2,69.9,0.94
35,-1,1594.4,519.4,23.5,56,0.886
35,-1,653.8,542.3,23.7,67,0.52
35,-1,765.5,518.5,19.2,51.8,0.518
35,-1,1630,518.3,23,52.3,0.498
35,-1,1479.1,504.6,22.2,44.6,0.218
35,-1,1579.4,518.7,22.1,86.9,0.162
29,-1,1728.3,622,63.7,161.6,1
29,-1,1450.8,547.6,45.8,121.2,1
29,-1,1829.5,617.3,79.9,167.7,1
29,-1,498.1,569.3,39.2,101.5,1
29,-1,1538.3,538.5,32,82.8,1
29,-1,451.7,564.3,36.7,104.7,1
29,-1,1590.2,549.4,37.3,87,1
29,-1,1068.6,509.2,15.3,29.9,0.998
29,-1,1,636.7,44.4,198.9,0.998
29,-1,623.9,547.7,27.8,80.9,0.997
29,-1,1212.2,506.8,16.6,37.5,0.996
29,-1,660.6,538.2,30.3,74,0.972
29,-1,603.6,549.4,27.2,76.6,0.962
29,-1,1310.9,510.9,17.1,48.8,0.949
29,-1,584.6,546.2,25.3,71.5,0.766
29,-1,1321.9,513.5,16.5,46.5,0.722
29,-1,1568.8,531.9,24.8,56.7,0.556
29,-1,1338.1,518.3,16.9,46.9,0.125
227,-1,1735.2,545.8,69.9,145.6,1
227,-1,1354.7,550.3,52.3,141.8,1
227,-1,1205.5,557,53.1,127.4,1
227,-1,123.1,601.3,29.4,83.7,1
227,-1,1120,532.2,37.3,92,1
227,-1,826.8,521.3,17.2,52.1,0.999
227,-1,1059.5,549.1,36.4,80.6,0.999
227,-1,2.7,591.1,25.4,90.7,0.996
227,-1,1008.9,530.9,29.7,72.8,0.993
227,-1,979.3,531.9,26.3,67.9,0.985
227,-1,381.5,536.6,14.7,38.7,0.508
227,-1,371.8,534.6,15.5,42.2,0.115
359,-1,1579.7,648.6,91,197.8,1
359,-1,1367.9,616.1,87.6,206.9,1
359,-1,1454.3,673.5,66.9,203.7,1
359,-1,102,674.8,47.5,173.1,1
359,-1,39.5,712.4,43.2,164.3,0.999
359,-1,1457.6,563.1,39.3,83.6,0.997
359,-1,1533.9,554.9,37.1,99,0.997
359,-1,1355.6,528.9,21.9,51.5,0.979
359,-1,1414.7,560,33.7,83.4,0.71
359,-1,1373.6,535.3,23.7,50.8,0.355
370,-1,1558.6,690.6,97.9,217.6,1
370,-1,1454.2,720.2,89.6,230.7,1
370,-1,1678.8,613.2,50.4,139.9,1
370,-1,1363.8,656.9,64.3,214.5,1
370,-1,26.4,711.7,50.1,184.9,1
370,-1,1374.9,580.3,50.6,104.9,0.999
370,-1,1553.2,578.4,34.6,102.2,0.99
370,-1,1459.4,584.3,41.1,87,0.98
370,-1,1503.7,582.4,29.7,90.9,0.876
370,-1,1325,653.9,52.3,187.7,0.843
370,-1,1352.8,559.4,20.9,47,0.135
370,-1,1521.3,582.3,42.4,93,0.12
370,-1,1366.8,566.4,29.9,66.2,0.058
324,-1,1542.4,588.8,54.7,147,1
324,-1,13.8,645.9,56.7,141.9,1
324,-1,1757.9,543.2,37.7,109.6,1
324,-1,1411.9,610.6,58.7,143.3,1
324,-1,1217.6,526.2,25.8,58.4,1
324,-1,252.6,630.6,39.9,139.6,0.999
324,-1,1294.1,518.4,24.7,61.9,0.999
324,-1,216.2,658.7,32.1,127,0.999
324,-1,1370.8,575.5,60.9,153,0.998
41,-1,1496.5,539.8,48.2,127,1
41,-1,1588.9,519.4,33.7,88,1
41,-1,471.5,552.2,43.2,113.6,1
41,-1,1640.6,541.1,44.2,90.1,1
41,-1,424.5,547.5,39.8,115.2,1
41,-1,1840.6,627.7,80.4,189.3,1
41,-1,762.1,504.2,22.5,51.8,1
41,-1,826.7,510.5,19.7,53.5,0.999
41,-1,1219.6,490.7,17.6,40.5,0.999
41,-1,610.2,535.9,35.3,85.4,0.999
41,-1,651.6,527.4,31.7,83.3,0.997
41,-1,1061.6,495,14.8,30.5,0.99
41,-1,578,539.3,25,77.1,0.91
41,-1,1498.4,505.1,23.1,49,0.881
41,-1,1481.9,503.2,20.8,48.2,0.876
41,-1,1622.9,523.5,24.7,59.2,0.688
41,-1,632.3,534.2,26.8,83.7,0.424
41,-1,1454.4,502.8,17.6,45.6,0.391
41,-1,1548.6,512.2,21.7,50.7,0.191
41,-1,1665.3,510.9,27.4,61.2,0.103
41,-1,1052.8,494.9,13.2,28.1,0.082
236,-1,1376.7,553.1,54.7,141.1,1
236,-1,1812.3,539.2,76.4,152.8,1
236,-1,107.4,598.8,28.9,90.4,1
236,-1,834.6,522.2,17.9,48.6,1
236,-1,1066.4,542.8,37.9,87.8,0.999
236,-1,1012.9,524.8,36,75.2,0.999
236,-1,379.6,535.7,17.4,38.1,0.997
236,-1,1133.7,527.1,31.6,91.4,0.985
236,-1,1.8,598.3,20.2,86.7,0.969
236,-1,1107,535.6,34,90.2,0.958
236,-1,1236.7,564.2,49.3,128.2,0.912
236,-1,988.2,524.9,21.7,61.4,0.488
119,-1,237.7,584.2,50.1,145.7,1
119,-1,1752.3,642.3,104.2,247.8,1
119,-1,1742.7,563.6,57.8,111.4,1
119,-1,17.3,591.7,64.4,158.9,1
119,-1,175.2,596.3,49.9,131.5,1
119,-1,298.9,564.8,42,114.4,1
119,-1,606.4,530,22.4,66.8,1
119,-1,121,595.5,52.5,131.3,1
119,-1,1299.8,530.5,30.3,77.8,1
119,-1,524,523.3,20.9,62.3,1
119,-1,1481.5,520.1,25.9,64.3,0.998
119,-1,1082.6,505.1,18.5,44.7,0.998
119,-1,816.9,508.3,17,33.8,0.994
119,-1,1145.8,519.5,22.1,52.7,0.993
119,-1,1427.3,534,25.1,55.7,0.985
119,-1,1444,530.3,26.1,57.1,0.925
119,-1,1413,533.6,22.7,55.3,0.911
119,-1,1129.1,518.2,20.8,48.6,0.797
119,-1,544.7,520,21.6,60.9,0.717
119,-1,1102.8,509,20.3,45,0.647
119,-1,1243.2,519.9,20.2,54.2,0.184
276,-1,1655.9,601.1,82,219.5,1
276,-1,19.6,605.3,38.9,102.9,1
276,-1,1091.1,532.5,37.3,75,1
276,-1,174.3,608.9,27.5,103.2,0.998
276,-1,999.8,514.6,23.4,44.8,0.995
276,-1,191,591.3,36.3,109.7,0.994
276,-1,1057,528.8,26.1,70.5,0.992
276,-1,500.7,531.6,17,42.2,0.988
276,-1,1131.8,525.2,25.1,68.8,0.811
276,-1,1166.3,527.6,26.6,67.3,0.765
276,-1,1042.8,525.4,26.1,52.7,0.514
276,-1,1023.6,522.1,24.2,49,0.051
20,-1,1549.8,533,37.6,87.1,1
20,-1,1658.9,588.5,58.1,150.3,1
20,-1,1753.5,592.1,63.3,145.9,1
20,-1,1426,533.8,39.9,106,1
20,-1,80,610.5,62.5,169.2,1
20,-1,512.5,552.9,37,98.9,1
20,-1,470.6,548.3,36.6,101,1
20,-1,1,601.2,42.1,188.4,0.999
20,-1,635.5,531.3,29.9,78.6,0.999
20,-1,1071.3,493.4,17.6,32.4,0.999
20,-1,1203.6,493.8,16.3,38.3,0.998
20,-1,1507.4,522,30.4,81.9,0.998
20,-1,1298.6,497.4,15.8,48.5,0.993
20,-1,825.8,513.8,17.8,46.3,0.987
20,-1,602.1,535.2,26.2,71.5,0.965
20,-1,790.9,508.9,18.7,43.5,0.948
20,-1,807.7,512,18.2,43.2,0.947
20,-1,653.3,527.4,29.5,76.7,0.705
20,-1,1308.8,498,17.3,48.6,0.673
20,-1,1536.1,531,24.4,75.9,0.583
20,-1,1285.1,495.6,18.9,42.8,0.208
20,-1,835.4,515.4,18.7,47.1,0.121
20,-1,773.1,506.5,18.4,42.4,0.066
244,-1,1412.3,548.5,49.4,148.5,1
244,-1,105.5,597.5,30,91.4,1
244,-1,1027.4,523.9,31,73.4,0.999
244,-1,851.7,516.7,19.9,51.3,0.999
244,-1,383.7,534.2,17.7,37.7,0.998
244,-1,903.3,531.7,24.8,62.4,0.996
244,-1,1178.3,521.7,26.5,84.6,0.996
244,-1,1160.8,524.3,23.6,80,0.214
280,-1,1718.9,614.6,99.7,225.9,1
280,-1,1109.6,531.4,38.7,78.4,1
280,-1,24.2,607.8,41.4,108.1,1
280,-1,1232,555,44.7,111.9,1
280,-1,181.6,608.1,34.9,108.7,1
280,-1,1019.9,517.9,24.4,40.8,0.999
280,-1,203.1,595.6,36.5,110.9,0.956
280,-1,1081.5,529.3,22.9,69.7,0.955
280,-1,520,529.9,16.8,44.7,0.863
280,-1,1173.6,527.7,24.4,69.2,0.499
280,-1,1872.3,597.3,37.4,107.1,0.265
347,-1,1582.3,619,95.6,177,1
347,-1,1447.3,639.7,64.6,183.4,1
347,-1,1388,591.8,97,189.3,1
347,-1,1353.4,541.7,51.3,89.2,1
347,-1,167.6,665,42.9,157.7,0.999
347,-1,116.4,692.9,38.8,149.8,0.999
347,-1,1886.7,539.5,34.3,145.4,0.96
347,-1,1361,596.4,58.5,179.6,0.908
347,-1,1344.5,523,30.3,57.8,0.826
347,-1,1328.6,513.5,21.3,52.9,0.824
347,-1,1416.1,552.3,31.7,65.9,0.172
347,-1,1511,532.8,31.8,96,0.11
347,-1,1466.1,539.6,31.1,91.4,0.068
152,-1,1670.5,564,50,120.4,1
152,-1,10.4,587,50.5,148.9,1
152,-1,1509.2,551.1,49.4,118.9,1
152,-1,1339.5,520.5,33,76.6,1
152,-1,340.3,533.1,27.5,72.7,0.999
152,-1,434.9,543.6,22.8,68.9,0.999
152,-1,962.4,505.1,19.7,48.8,0.999
152,-1,1037.2,521.5,23.5,57.8,0.985
152,-1,1143.6,521.1,24,61.2,0.928
152,-1,1127.3,521.3,22.2,57.9,0.902
152,-1,1022.3,523.3,22.7,53.4,0.793
152,-1,417,539.2,23.8,66,0.749
152,-1,1063.8,521.2,21.4,53.5,0.746
152,-1,362,528.8,25.7,73.4,0.734
152,-1,1313.4,524.5,24.1,61.3,0.689
152,-1,982,507.7,20.7,49.4,0.23
152,-1,996.9,514.9,18.7,49.9,0.201
365,-1,1450.6,697.9,81.5,217.5,1
365,-1,1364.2,640.4,92.3,210,1
365,-1,1653.2,605.3,50.9,138.7,1
365,-1,1583.4,667.1,75.1,212.8,1
365,-1,60.5,689.5,51,177.5,1
365,-1,1458.5,576.6,38.9,91.6,0.999
365,-1,1547.7,570,36.2,102.2,0.997
365,-1,1371.4,574.8,50.7,97.2,0.995
365,-1,1.4,721.7,38.2,173.8,0.971
365,-1,1506.2,573.6,29.1,92.9,0.932
365,-1,29.1,714.3,34.1,159.2,0.869
365,-1,1368.1,537.2,22.9,49,0.852
365,-1,1358.9,552.9,21.4,47,0.745
365,-1,1400.2,575.9,47.5,88.5,0.072
174,-1,1399.7,542.3,49.7,124.7,1
174,-1,887.6,506,20.7,49.7,1
174,-1,1066.9,517.9,25.1,63.6,0.999
174,-1,318,558.4,22.7,64.1,0.999
174,-1,1235.6,521.1,28.5,69.8,0.999
174,-1,213.2,548,25.4,72.7,0.999
174,-1,961.3,518,22.5,61.9,0.992
174,-1,1136.6,512.2,20.8,64.1,0.989
174,-1,249.3,541,25.6,73.2,0.961
174,-1,1032,517.7,22.9,57.7,0.888
174,-1,1118.7,514,23.4,59.8,0.775
174,-1,918.3,508.3,20.9,47.5,0.503
174,-1,280.9,545.8,21.2,65.9,0.169
174,-1,1211.1,531,22.8,73.2,0.064
313,-1,1674.8,541.9,37.7,117.1,1
313,-1,37.9,646.3,52.2,130.4,1
313,-1,1177.3,527.8,26.6,60.2,1
313,-1,222.6,657.7,33.2,118.1,0.999
313,-1,256.7,627.7,38.7,133.1,0.999
313,-1,1253.2,520.9,23.1,58.7,0.997
128,-1,1781.9,654.7,114.1,267.8,1
128,-1,75.4,610.9,54.3,136.6,1
128,-1,141.1,594.4,54.8,161.3,1
128,-1,18.2,619.4,53.9,130.8,1
128,-1,1277.3,532.2,30.1,79.9,1
128,-1,226.1,570.4,44.4,127.7,1
128,-1,1724.2,562.2,56.2,114.7,1
128,-1,560,533.2,24,67.6,1
128,-1,1050.1,506.8,17.3,44.3,0.999
128,-1,1388.2,533.3,29.4,59,0.999
128,-1,474.7,528.5,22.1,65.2,0.999
128,-1,1114.8,520.6,22.7,53.9,0.997
128,-1,1441.8,520,25.5,66.7,0.997
128,-1,769.5,510.7,16.1,32.6,0.993
128,-1,1241.3,524.9,22.5,55.6,0.949
128,-1,1226.2,523.6,21.5,53.2,0.87
128,-1,1417.7,529,24.7,58.5,0.861
128,-1,1101.5,519.3,21.2,50.7,0.802
128,-1,549.1,532.7,21.7,63.8,0.695
128,-1,1070.5,511,20.2,45.8,0.542
128,-1,525.4,528.2,35.8,65.1,0.161
128,-1,1158.6,521.8,18.2,48.3,0.098
206,-1,1334.5,547.9,52.5,129.8,1
206,-1,1624.1,547.8,66.2,133.2,1
206,-1,181,582.7,26.7,77.4,1
206,-1,63.8,574.3,29.2,82.8,0.999
206,-1,889.4,533.2,24.7,58.3,0.999
206,-1,1036,523.3,31.2,69.2,0.998
206,-1,831.9,515.9,17.4,49.3,0.997
206,-1,994.6,526.3,28.5,64.5,0.972
206,-1,972.7,528.7,26.4,62.8,0.952
206,-1,1075.8,527.6,27.3,70.1,0.92
206,-1,1099.6,535.8,25.1,73.7,0.914
206,-1,109,559.4,26.2,87.8,0.914
206,-1,85.2,567.1,26.7,84.3,0.898
206,-1,427.3,532.3,15.4,35.4,0.735
206,-1,1021.4,527.4,27.6,67.2,0.396
206,-1,1119.7,539.7,22,74.9,0.104
206,-1,841.9,518.3,22.7,50.6,0.052
229,-1,1748.8,543,70.8,150.1,1
229,-1,1206.7,555.1,56.9,131.2,1
229,-1,1358.7,550.8,53.7,144.4,1
229,-1,118,601.6,28.5,84.9,1
229,-1,1120.9,531.9,37.5,95.5,1
229,-1,827.3,521.3,17.2,50.6,1
229,-1,1062,547.8,36.1,82.5,0.999
229,-1,1007.6,529.9,32.5,73.6,0.996
229,-1,384.5,537.6,16.4,37.8,0.986
229,-1,1,593.7,22.8,92.2,0.984
229,-1,979.1,531.5,27.6,68.3,0.978
229,-1,994.3,531,27.2,68.9,0.905
229,-1,1045.6,537.6,23.5,73.6,0.623
23,-1,1682.3,595.9,61.1,155.8,1
23,-1,1777,596.8,68.8,152.4,1
23,-1,1434.4,538.2,40,106.8,1
23,-1,50.3,622.4,60.7,177.5,1
23,-1,506.5,555.9,39.2,101.7,1
23,-1,1564.8,538.6,40.4,82.1,1
23,-1,463.4,550.2,39.1,101.8,1
23,-1,1518.8,522.2,32.6,79.7,1
23,-1,1069.2,496.4,17.4,32.2,0.999
23,-1,1205.6,495,15.4,38.8,0.997
23,-1,631.2,535.1,27.7,76.5,0.997
23,-1,1332.9,506,20.5,51.1,0.991
23,-1,793.9,509.6,17.5,45.7,0.972
23,-1,599,536.4,26.4,71.1,0.962
23,-1,1304.4,500.1,17.5,47.6,0.952
23,-1,1323.6,503,18.7,49.8,0.92
23,-1,658.8,527.3,29.3,74,0.888
23,-1,1538.5,529.3,28,71.4,0.564
23,-1,1293.3,498.6,17,48.2,0.531
23,-1,1495.3,516.8,27,56.5,0.057
10,-1,1673.5,600.3,66.9,136.8,1
10,-1,1581.3,600.4,56.4,130.4,1
10,-1,1,733.6,48.7,107.7,1
10,-1,198.9,591.8,54.7,155.5,1
10,-1,1397.7,549.4,37.5,98.6,1
10,-1,531.9,550.8,34.8,93.2,1
10,-1,1476,534.2,33.1,81.3,1
10,-1,107.3,574.2,46.6,164.5,1
10,-1,490.3,547.4,35.2,97.4,1
10,-1,1512.7,547.7,37.2,80.6,1
10,-1,644.2,529.1,29.5,77.3,0.999
10,-1,1197.8,505,15.2,38.3,0.998
10,-1,1075.8,505.6,14.1,30.4,0.997
10,-1,830.6,517.7,18.4,47,0.997
10,-1,1286.5,511.6,16.8,50.3,0.984
10,-1,792.9,511.1,19,44.6,0.94
10,-1,806.9,514.3,18.3,42.8,0.924
10,-1,609.4,531.8,22.1,62.3,0.69
10,-1,1457.9,508.7,25,48.3,0.221
10,-1,676.6,530.5,26,61.2,0.151
10,-1,1496.9,541.7,29.4,79,0.086
10,-1,1085.8,506.3,15.8,30.2,0.052
66,-1,1615.2,556.3,55.1,152.4,1
66,-1,351.6,565.6,48.6,127,1
66,-1,1697.3,519.7,37.3,99.7,1
66,-1,403.1,570.4,48.5,121.2,1
66,-1,1755.3,540.1,39.6,102.7,1
66,-1,1394.6,505.2,24,59.1,1
66,-1,814.4,517.5,20.8,54.6,1
66,-1,1272.8,500.2,24.3,47.3,0.999
66,-1,556.8,552.9,37.7,99,0.998
66,-1,743.4,512.8,22.4,51.9,0.998
66,-1,1485.8,496.9,21.5,54.4,0.997
66,-1,1033.9,496.5,16.7,31.7,0.994
66,-1,1231.7,492,17.4,41,0.991
66,-1,600,544.6,32.5,100.6,0.982
66,-1,1574.7,506.9,22.6,55.5,0.972
66,-1,510.2,559.3,30.6,82.4,0.972
66,-1,1661.7,498.5,29.5,62.5,0.961
66,-1,1588.1,507.3,24.4,53.5,0.76
66,-1,1243.9,493.8,19.8,42.3,0.696
66,-1,766.1,511.7,20.7,53.7,0.678
66,-1,1683.6,509.9,29.9,71.4,0.522
66,-1,1257.6,499.7,22.7,41.3,0.518
66,-1,1555.2,506.1,21.4,52.2,0.209
66,-1,487.5,561.9,23.6,74,0.186
66,-1,1473.3,497.2,18.2,48.8,0.093
66,-1,1801.2,543.5,30.4,81.5,0.071
200,-1,1611.6,549.6,63.7,132.7,1
200,-1,1341.8,545,47.7,129.1,1
200,-1,204.4,578.7,26.1,75.8,1
200,-1,903.1,530.9,27.6,62.5,0.999
200,-1,93,568.8,27.7,81.9,0.999
200,-1,1051.7,518.7,31.9,70.3,0.998
200,-1,837.4,512.5,18.2,51,0.998
200,-1,438,525.7,15.4,38.6,0.99
200,-1,1000.6,526.8,28.4,61.2,0.98
200,-1,1111.5,532.4,27,73.8,0.962
200,-1,984.7,528,26,60.5,0.956
200,-1,135.9,559.9,24.2,80.9,0.946
200,-1,115.6,564,27.3,79.5,0.92
200,-1,1069.6,522.3,29.7,67.1,0.741
200,-1,1018.4,517.3,36,66.7,0.303
200,-1,882.4,525.3,22.9,53.3,0.242
200,-1,859,514.9,21.8,51.5,0.13
200,-1,445.2,526.6,19.5,39.7,0.12
200,-1,1126.2,536.8,29.7,79.7,0.05
262,-1,1515.5,542,84.6,159.1,1
262,-1,1191.7,529.5,38.9,106,1
262,-1,927.2,518,22.8,50.1,1
262,-1,1142,542.1,41,100.8,1
262,-1,135.7,616.2,29.6,95.7,0.999
262,-1,979.6,532.7,26.4,66.2,0.999
262,-1,1.8,611.1,26.4,105.9,0.991
262,-1,439.5,539.3,15.7,39.4,0.99
262,-1,150.8,604.9,32,96.4,0.9
262,-1,1167.3,539.1,32.6,99.7,0.447
262,-1,969.3,529.4,22.2,61.4,0.274
262,-1,15.7,608.8,26.9,94.7,0.067
309,-1,1645.7,545.1,37.1,106.8,1
309,-1,42.5,641.2,53.3,125.8,1
309,-1,1161.3,527.5,24.9,55.6,1
309,-1,223,650.3,34.1,118,0.999
309,-1,254.4,617.3,39.7,133.5,0.994
50,-1,1535.6,557.1,52.3,136.4,1
50,-1,1631.1,531.7,35.7,89.7,1
50,-1,450,565.4,42.5,114,1
50,-1,1684.2,548.9,42.3,97.6,1
50,-1,406.3,558.4,38.2,113.7,1
50,-1,758,510.1,22.1,51.4,1
50,-1,1372.5,513.7,21.9,59.2,0.999
50,-1,825.5,516.7,20.2,53.7,0.999
50,-1,642.5,536,32.8,89.7,0.998
50,-1,1054.8,500.9,15.5,31.4,0.998
50,-1,597,545.5,35.8,91.7,0.997
50,-1,1228.1,499.1,16.6,39.6,0.997
50,-1,566.8,548.1,31.3,84.7,0.982
50,-1,1608.2,519.4,23.6,51.3,0.881
50,-1,1668.4,523.7,24.5,54.6,0.755
50,-1,1693.9,513.8,28.3,55.8,0.626
50,-1,1590.4,515.7,26.6,62.6,0.612
50,-1,551.6,545.5,27.3,78.3,0.571
50,-1,1384.7,513.9,19.9,53.8,0.459
50,-1,1396.9,511.9,19.6,49.3,0.268
50,-1,619,541.5,33.9,87.5,0.181
50,-1,1355.5,516.1,19.2,50.7,0.089
112,-1,1734.1,634.3,92.6,227.9,1
112,-1,309.4,578.1,44.8,134.9,1
112,-1,85.2,590.8,65.5,148,1
112,-1,246.5,582.6,49.3,131.4,1
112,-1,1758.5,567,50.6,108,1
112,-1,201.7,590.3,42.2,121.4,1
112,-1,642.6,527.5,21.2,65.5,1
112,-1,1320.2,533.6,31.2,73.1,1
112,-1,28.7,578.6,59,154.4,1
112,-1,562.7,521.3,20.8,61,0.999
112,-1,1108.6,505.6,19.3,43.8,0.999
112,-1,1512.4,522.8,27.5,68.4,0.999
112,-1,353,559.4,41.4,110.7,0.999
112,-1,855.3,505.6,14.7,34.9,0.997
112,-1,1171.7,519.9,22.5,51.1,0.997
112,-1,1658.1,549.1,38.5,119.6,0.99
112,-1,1467.4,532.1,26.2,60.3,0.985
112,-1,169.3,596.2,32.6,105.7,0.981
112,-1,1443.6,530.6,22,55.2,0.957
112,-1,1140.4,511.3,19.2,45.2,0.802
12,-1,1688.5,590.4,64.5,136,1
12,-1,1596.5,588.9,55.7,134.5,1
12,-1,1403.7,541.5,35.2,98.8,1
12,-1,530.1,559.3,33.8,94.5,1
12,-1,486,556.9,35.1,96.9,1
12,-1,171.1,603.4,64.7,164.7,1
12,-1,1519.3,539.6,37.2,82.3,1
12,-1,89.7,599.5,50.7,157,1
12,-1,1195.5,502.2,15,36.4,0.999
12,-1,830.5,519,18.1,48.1,0.998
12,-1,642.8,538.4,26.1,72.7,0.997
12,-1,1288.4,504.7,16.6,47.2,0.997
12,-1,1482.9,524,26.9,80.6,0.995
12,-1,1073.6,505.3,13.7,25.2,0.986
12,-1,793.6,514.7,17.8,45.2,0.917
12,-1,611.9,542.2,24.6,63.7,0.897
12,-1,810.3,518.5,18.2,43.9,0.771
12,-1,1464.1,506.2,24.7,52.1,0.554
12,-1,1497.3,531.6,28.1,79.7,0.202
12,-1,1438.5,499.1,20.7,47.5,0.101
45,-1,1512.5,551.3,49.6,129.7,1
45,-1,1608.6,524.8,36.4,96.7,1
45,-1,1660.1,544.2,42,95,1
45,-1,417,550.7,39.2,114.2,1
45,-1,462.1,556.5,42.6,113.9,1
45,-1,760.8,506.4,22.8,52.8,1
45,-1,606.8,539.1,31.8,88.3,1
45,-1,826.1,513.3,19.7,53.6,0.998
45,-1,1223.9,497.3,16.2,39.7,0.998
45,-1,648.1,528.6,33.9,86.1,0.998
45,-1,1363.4,511.1,23.5,60.1,0.997
45,-1,1057.7,500.3,14.8,29.5,0.996
45,-1,578.2,545.9,25.7,76,0.931
45,-1,1668.6,508.1,26,57.1,0.809
45,-1,1501.6,512.2,22,44.6,0.795
45,-1,1538.4,513.1,19.6,40.8,0.669
45,-1,1580.7,521.1,22.5,51.1,0.579
45,-1,1486.2,509.2,19.5,46.3,0.522
45,-1,1632.8,526.9,26.6,75.7,0.38
45,-1,1683.4,499.8,27.4,58.6,0.216
45,-1,1459.1,506.7,18.5,47.3,0.167
45,-1,1559.7,495.4,40.4,86.4,0.13
45,-1,1049.5,496.4,16,31.1,0.089
264,-1,1203.5,525.7,40.2,114.9,1
264,-1,141.3,612.8,29.7,101.7,0.999
264,-1,1536.6,539.5,86.3,167.4,0.999
264,-1,445.3,539.1,17.8,40.2,0.999
264,-1,934.6,518.2,24.6,49.3,0.997
264,-1,989.3,533.5,24.6,66.2,0.994
264,-1,2.6,610.6,28.8,108.8,0.993
264,-1,1154.7,528.8,41.8,116.8,0.976
264,-1,157.7,599.2,35,105.2,0.903
264,-1,1030.6,533.6,25.7,62.3,0.176
264,-1,977.9,532.1,22.7,59.8,0.155
264,-1,126.8,615.9,26,81.3,0.051
221,-1,1693,552.2,72.1,145.4,1
221,-1,1341.9,553.6,51.6,136.2,1
221,-1,133.8,594.1,26.8,80,1
221,-1,824.6,520.4,16.7,48.6,0.999
221,-1,1010.2,530.5,32.3,71.9,0.999
221,-1,6,579.8,30.9,91.9,0.998
221,-1,1075,543.4,29.7,80.3,0.972
221,-1,969.6,533.2,26.3,66.6,0.953
221,-1,1102.1,540.4,25.9,79.3,0.912
221,-1,1053.2,539.2,26.8,70,0.824
221,-1,997.8,532.9,25.4,67.4,0.75
221,-1,878.5,531.8,20.8,58.7,0.725
221,-1,49.9,564.1,23.8,93.1,0.411
221,-1,955,533.1,23.6,61.8,0.283
221,-1,867.8,528.2,17.6,52,0.06
357,-1,1576.5,641.6,88.5,193.8,1
357,-1,1453.1,666,71.8,200.7,1
357,-1,1373.1,613.6,81.4,205.2,1
357,-1,112.5,675,47.8,169.3,1
357,-1,1531.8,553.9,37.6,95,1
357,-1,52.3,706.4,41.8,158.8,1
357,-1,1455.9,559.6,42.3,83.9,0.996
357,-1,1351.3,524.8,23,57.5,0.973
357,-1,1421.8,554.1,33.1,86.5,0.877
357,-1,1362.7,530.1,22.8,57.1,0.697
357,-1,1408.8,549.2,23.2,65.7,0.567
357,-1,1382.4,540.8,23,56.2,0.45
357,-1,1490.7,553.5,44.3,85.8,0.091
255,-1,1481.2,542.2,51.9,158.2,1
255,-1,943.7,532.9,26.1,65.5,1
255,-1,891.2,519.3,21.4,51.8,0.999
255,-1,120.3,607.8,29.5,97.3,0.999
255,-1,411.1,538.3,17.3,38.8,0.998
255,-1,1,605.2,22.9,100.4,0.989
255,-1,134.4,595,33.5,101.8,0.807
255,-1,911.3,523.2,24.5,55.8,0.384
42,-1,1500.2,539.4,48.6,129.2,1
42,-1,1593.5,519.1,34.7,92.2,1
42,-1,1644.2,541,44.4,92.1,1
42,-1,469.6,554.3,42.4,112.7,1
42,-1,422.7,549.4,38.4,114.4,1
42,-1,761.5,505.1,22.8,52.5,1
42,-1,1856.1,632.7,64.9,191.9,1
42,-1,826.3,510.8,20.2,54.2,0.999
42,-1,1219.9,493,17.8,40.6,0.999
42,-1,609.2,539.6,33.9,84.9,0.997
42,-1,652.1,529.9,31.4,80.9,0.993
42,-1,1061.9,496.4,14.7,30.2,0.981
42,-1,577.1,545.3,25.3,75.6,0.958
42,-1,1499.2,510.4,23.7,49.9,0.863
42,-1,1479.2,503.5,20.5,48.8,0.807
42,-1,635.6,536.3,25.6,81.6,0.571
42,-1,1625,524.4,26,65.6,0.496
42,-1,1451.9,499.8,17.9,47.4,0.481
42,-1,1542.2,515.2,20,46.6,0.469
42,-1,1665.7,512.9,27.1,59.4,0.193
42,-1,1054.4,496.5,13.2,28.1,0.154
74,-1,1645,570.5,59.2,166.8,1
74,-1,363,560.2,51.3,128.3,1
74,-1,311.1,554.1,52.8,131.1,1
74,-1,1780.8,551.7,42.2,100.4,1
74,-1,1709.1,528.1,38.5,101.2,1
74,-1,724.3,506.4,21,55.1,1
74,-1,518.9,551.3,44.7,100.8,0.999
74,-1,1391.2,512.4,26.1,64.2,0.999
74,-1,563.8,541.7,36.9,107.5,0.999
74,-1,1565.6,518,22.1,54.8,0.999
74,-1,797.1,512.5,20,56.6,0.999
74,-1,1017.4,492.1,15.6,37,0.997
74,-1,1264,503.3,23.6,48.7,0.996
74,-1,475.5,560,30.1,83.4,0.979
74,-1,1226.1,496.1,18.9,40.9,0.969
74,-1,492.7,558.3,26,88,0.956
74,-1,1373.5,509.9,23.8,55.8,0.888
74,-1,1249.4,502.2,20.9,42.4,0.85
74,-1,1588,516.3,22.4,53.8,0.824
74,-1,456.9,562.2,26.7,72.7,0.18
74,-1,1483.5,512.3,18.5,47.6,0.107
278,-1,1683.4,606.7,103.8,223.1,1
278,-1,21.1,604.8,40.9,105.5,1
278,-1,1101.2,530.1,41.4,77,1
278,-1,179.5,609.1,28.4,105.5,0.999
278,-1,1009.5,515.3,23,42.1,0.998
278,-1,1071.4,527.8,27.2,73.5,0.992
278,-1,510.4,531.8,16.9,40.7,0.992
278,-1,196.5,594.4,34.6,108.8,0.986
278,-1,1086.9,529.5,29.1,74.4,0.872
278,-1,1179.3,522.2,27,69.1,0.184
278,-1,1038.4,521.7,23.8,43,0.184
278,-1,1124.1,520.2,26.3,63,0.126
278,-1,1195.4,525.4,26.7,67.5,0.092
197,-1,1606.7,552.5,63.7,130.8,1
197,-1,1344.2,543.7,49.4,130.5,1
197,-1,904.6,526.4,29.5,65.7,1
197,-1,217.4,574.8,25.5,73.9,1
197,-1,1060.2,516.7,32,71,0.999
197,-1,840.9,512.8,19.8,49.9,0.999
197,-1,103.6,569.4,27.6,78.4,0.999
197,-1,448.4,526.3,16,39.7,0.996
197,-1,1001.7,523.7,27.8,64.8,0.993
197,-1,137.8,557.6,27.7,79.7,0.979
197,-1,122.6,562.5,25.9,77.8,0.879
197,-1,1110.3,526.7,25.2,66.7,0.863
197,-1,985.9,524.7,24,62.5,0.845
197,-1,1123.8,531.2,26.3,74.1,0.057
124,-1,1765,647.5,107.5,254.9,1
124,-1,1733.4,563.9,54.1,114.8,1
124,-1,61.7,607.7,52.8,131.3,1
124,-1,184.8,592.7,49.7,150.5,1
124,-1,1288.9,531.1,33,79.7,1
124,-1,121.2,603,52.1,135.7,1
124,-1,258.6,567.4,44.5,123.1,1
124,-1,580.6,531.7,22.4,67.1,1
124,-1,1458.7,519.7,25.5,66.2,0.999
124,-1,1064.9,506.2,18.2,42.5,0.999
124,-1,495.7,525.1,21.4,64.1,0.999
124,-1,790.2,509.2,17.6,33.7,0.996
124,-1,1130.2,519.8,22.5,53.8,0.996
124,-1,1407.7,532.7,26.5,58.3,0.979
124,-1,1254.3,523.8,22.1,53.6,0.941
124,-1,1115,520.3,20.4,46.6,0.883
124,-1,1143.4,521.6,20.2,52.3,0.817
124,-1,518.2,522.4,21.5,62,0.797
124,-1,5.5,598.1,32.2,150,0.372
124,-1,1090.1,512.4,18.3,45.9,0.26
124,-1,1385.1,534.5,19.2,50.5,0.194
124,-1,25.4,605.8,31.3,126.3,0.174
124,-1,1429.7,524,39,63.6,0.069
218,-1,1673.5,551.2,75.8,147.1,1
218,-1,1337.5,554.1,51.6,136,1
218,-1,140.4,590.4,26.8,82.3,1
218,-1,877.6,531.8,23.9,61.6,0.999
218,-1,1013.2,529.3,32.1,70.4,0.999
218,-1,824.5,521.1,16.5,47.8,0.997
218,-1,37.2,574.5,30,89.4,0.993
218,-1,1104.2,539.3,29.6,86.8,0.991
218,-1,8.1,578.4,32.5,89.3,0.981
218,-1,969.3,533.6,26.8,66.2,0.968
218,-1,1086.6,540.8,31.4,83.9,0.94
218,-1,995.8,533.2,25.8,65.2,0.851
218,-1,1174.5,554.2,55.2,118.7,0.772
218,-1,1054,536.8,25.6,68.1,0.539
218,-1,1037.6,530.4,28,71.7,0.276
218,-1,954.7,534.1,23.2,61.7,0.091
92,-1,1681.9,589,82.9,208.1,1
92,-1,195.6,571,53.1,141.6,1
92,-1,467.8,558.1,39.9,120,1
92,-1,1783.5,562.2,42.9,99.3,1
92,-1,249.1,577.2,52.8,139.3,1
92,-1,1366.6,526,28.3,67.8,1
92,-1,731.5,522.6,21.1,59.4,1
92,-1,411.6,571.6,42.6,108.8,1
92,-1,1590.8,516.5,25.6,61.2,0.999
92,-1,656.1,515,21.6,59.5,0.999
92,-1,1223,510,23.7,52,0.999
92,-1,948.5,503.2,12.8,31.3,0.997
92,-1,1318.1,517.3,23,52,0.995
92,-1,378.1,571.8,37.5,109.1,0.993
92,-1,1516.9,523.4,24.7,55.9,0.989
92,-1,1180.5,500.3,19.6,46.3,0.974
92,-1,353.9,577.8,31.2,93.9,0.974
92,-1,1330.4,519.2,24,52.1,0.911
92,-1,496.5,550.7,33.2,95.2,0.808
92,-1,1242.3,509.9,20.6,49.2,0.721
92,-1,1487.9,524.2,20.3,45.9,0.057
252,-1,1461.6,547.8,49.1,154.5,1
252,-1,930.3,530.9,26.4,68.9,1
252,-1,111.3,603,28.3,95.8,0.998
252,-1,877.7,519.3,20.5,49.7,0.997
252,-1,399.4,535.4,16.6,38.8,0.982
252,-1,129.9,587.5,33.7,104.4,0.948
252,-1,2,599.8,19.2,96.4,0.296
252,-1,907.8,527.4,22.8,54.2,0.262
252,-1,895.6,523,18.8,49.7,0.123
164,-1,1445.5,550.7,46.5,117.4,1
164,-1,365.5,555.9,24.4,66.4,1
164,-1,915.8,505.6,20.4,48.6,1
164,-1,1273.7,522.3,29.9,71.9,1
164,-1,265.7,546,25.5,71.8,0.998
164,-1,1099.8,519.2,24.6,63,0.998
164,-1,989.3,518.5,21.8,59.5,0.974
164,-1,303.2,541.4,26.5,70.3,0.94
164,-1,1172.5,516.9,20.4,62.5,0.903
164,-1,1141.4,516,22.9,56.1,0.823
164,-1,1061,520.6,22.4,55.3,0.757
164,-1,953.6,511.2,20.4,47.4,0.552
164,-1,318.1,546.2,48.3,65.4,0.515
164,-1,282.8,541,28,72.8,0.486
164,-1,253.3,545.5,21.9,68.6,0.236
164,-1,1254.9,521.5,23,62.7,0.172
164,-1,1183.7,526,23.9,64.4,0.101
55,-1,1558.8,555.6,55.5,147.1,1
55,-1,434.3,561.1,47.3,122.1,1
55,-1,1651.7,532.7,39.9,96,1
55,-1,387.6,558.8,44,118.6,1
55,-1,1702.6,547.6,46.1,100.2,1
55,-1,1378.8,514.6,22.6,61.3,1
55,-1,754.9,512,21.8,50.7,1
55,-1,823.2,518.2,20.9,53.7,0.999
55,-1,1052.9,502.1,14.5,30.2,0.993
55,-1,597.1,548.6,30.3,86.6,0.993
55,-1,1230.2,500.8,17.4,38.8,0.992
55,-1,557.1,553.7,33.5,86.7,0.991
55,-1,633.5,539.6,32.2,85.1,0.985
55,-1,580.6,551.4,31.3,88.3,0.958
55,-1,1692.2,513.7,24.8,49.9,0.332
55,-1,1605.5,526.5,22.9,53.6,0.256
55,-1,1717.3,509.1,26.8,52.5,0.241
55,-1,1351.4,515,18.8,47.4,0.22
55,-1,1631.6,515.8,22.9,51.4,0.171
55,-1,1239.7,501.1,18.1,40.4,0.086
111,-1,1731.9,632.9,91.4,223,1
111,-1,316.7,579.9,47.7,130.8,1
111,-1,256.8,584.5,47.9,126.8,1
111,-1,93.4,590.4,64.3,148.1,1
111,-1,39.6,578.4,55.9,151.3,1
111,-1,1660.8,549.8,37.7,113.1,1
111,-1,647.7,525.9,21.4,65.6,1
111,-1,362.2,559.7,41.3,111,1
111,-1,1324.7,533.4,29.6,72.5,1
111,-1,1759.6,565.9,47.9,112.5,0.999
111,-1,1517,523.5,26.2,64.5,0.999
111,-1,214,590.3,39.1,120.2,0.999
111,-1,1111.6,505.3,18.8,45.6,0.999
111,-1,569.6,519.3,20.5,59.9,0.998
111,-1,176.3,594.3,36.4,105.5,0.996
111,-1,858.2,506.1,15.6,34.2,0.996
111,-1,1174.8,518.9,22.9,50.4,0.995
111,-1,1469.3,533,25.9,58.7,0.98
111,-1,1447.5,529.2,20.6,53.4,0.86
111,-1,628.9,526.4,21.5,57.1,0.836
111,-1,1138.3,509.4,19.5,43.9,0.762
111,-1,1157.9,517.2,21.9,46.2,0.745
111,-1,866.5,505.3,15.7,34.7,0.07
322,-1,1533.8,587.4,56.3,145.2,1
322,-1,1741.8,545.5,40.3,102.2,1
322,-1,20.9,651.1,53,137.1,1
322,-1,1409.1,611.1,54.6,142,1
322,-1,1208.6,527.8,26.5,59,1
322,-1,1359.1,580.5,71.7,149.3,1
322,-1,1287.9,520,24.8,61.4,0.999
322,-1,219.8,659.7,33,126.7,0.998
322,-1,254.4,631.4,38.9,138,0.998
322,-1,237.1,650.4,32.5,127.2,0.874
108,-1,1724.2,624.4,90.3,226,1
108,-1,122.1,585.6,68.6,147,1
108,-1,285.1,581.6,48.5,124.4,1
108,-1,344.5,570.1,46.5,136.8,1
108,-1,65.7,574.6,55.2,149.4,1
108,-1,1669,548.3,37.8,114,1
108,-1,1331.2,533.8,28,72.7,1
108,-1,661.7,528,21.8,63.7,1
108,-1,1122.8,505.2,19.3,45.2,0.999
108,-1,583.4,519.2,21.9,61.5,0.999
108,-1,240.6,586.6,39.4,118.9,0.999
108,-1,1533.4,523.1,24.6,63.7,0.996
108,-1,874.6,507.1,14.8,33.5,0.992
108,-1,383.9,558,39.9,110.6,0.99
108,-1,1491.7,531.8,25.7,60,0.988
108,-1,1185.5,517.7,22.5,49.8,0.976
108,-1,206.6,594.1,34.7,98.2,0.955
108,-1,1198.5,518.4,21.2,51.2,0.951
108,-1,1459.5,531,23.2,53.9,0.949
108,-1,627.8,521.7,20.9,58.1,0.897
108,-1,613.9,521.7,20.6,57.3,0.771
108,-1,1320.5,530.9,24.2,59.6,0.474
108,-1,1147.7,510.7,19.1,44.8,0.401
108,-1,1213,520.3,19.8,50.2,0.368
108,-1,1773.5,575,37.6,91.3,0.101
108,-1,6.3,589.2,34,133.8,0.061
298,-1,47,624.8,51.9,121.4,1
298,-1,1557.5,522.7,36.1,106,1
298,-1,1111.9,512.5,25.5,55.8,1
298,-1,216.3,633.5,33.9,113.2,1
298,-1,1254.7,528.7,31.9,84.2,0.999
298,-1,248,605.6,39.7,121.9,0.98
298,-1,1369.9,551,57.8,117.7,0.47
207,-1,1334.9,548.3,52.1,130.5,1
207,-1,1628.2,552.7,62.6,131.5,1
207,-1,177.8,584,26.9,78.5,1
207,-1,886.5,534.2,25.5,57,0.999
207,-1,1033.5,524.1,30.8,70,0.999
207,-1,59.4,575.7,29.1,83.1,0.999
207,-1,829.1,518.4,19.5,48.1,0.998
207,-1,976.5,528,26.3,64.1,0.98
207,-1,990.7,527.5,28.8,65.3,0.969
207,-1,1096.8,535.4,25.6,74.1,0.95
207,-1,1075.2,528.7,28.4,70.4,0.928
207,-1,86,565.8,27.2,86.2,0.919
207,-1,108.8,560.2,28.4,89.7,0.827
207,-1,1111.7,536.6,22.9,75.8,0.451
207,-1,426.4,533.7,15.5,35.5,0.288
279,-1,1702.5,609.4,101.3,225.6,1
279,-1,22.7,605.7,40.8,105.9,1
279,-1,1105.2,530,39.6,77.6,1
279,-1,181.1,609.3,31.5,106.9,0.999
279,-1,1014.4,515.6,23.5,38.5,0.998
279,-1,201.1,594,38,109.7,0.982
279,-1,1075.9,526.1,24.6,72.8,0.981
279,-1,1221.3,560.5,34.7,91.3,0.959
279,-1,518.6,529.1,15.8,43.1,0.733
279,-1,1090,528.4,26,76.1,0.335
279,-1,1164,526.3,23.5,65.8,0.17
279,-1,1038.6,518.3,22.3,38.3,0.165
194,-1,1601.7,552.1,67.2,133.1,1
194,-1,1347.4,546.6,50.3,125.8,1
194,-1,229.6,572.8,25.4,72.2,1
194,-1,119,565.6,27.1,79.2,1
194,-1,910.6,526.1,29.3,63.7,1
194,-1,844.9,511.8,19,48.3,0.999
194,-1,1068.6,519.3,30.8,68.5,0.999
194,-1,455.3,521.6,17.5,41.5,0.999
194,-1,1004.5,525,26.9,62.4,0.97
194,-1,149.1,556,26.6,78.6,0.915
194,-1,1098.1,520.7,25.7,63.9,0.885
194,-1,1127.8,525,22.6,66.5,0.284
194,-1,1162.7,533.8,33.3,101.2,0.103
289,-1,1816.8,543.1,82.9,200.4,1
289,-1,38.5,617.3,47.9,116,1
289,-1,1274,554.2,44.8,120.9,1
289,-1,202,625.6,31.7,108.1,1
289,-1,1068.3,511.4,25.2,46.3,1
289,-1,1336.2,541,40,117.9,0.999
289,-1,1208.3,529.3,31.7,79.4,0.995
289,-1,1178.7,528,29.5,76.9,0.978
289,-1,228.7,602.6,39,116.5,0.935
289,-1,1323,548,26.9,109.3,0.505
289,-1,1166.6,523.3,27.5,65.4,0.411
267,-1,1220.6,530.4,42.6,116.9,1
267,-1,149.2,614.2,29.9,103,1
267,-1,1046.7,533.1,35.3,76,1
267,-1,1006.8,532,26.5,68.1,0.999
267,-1,4.8,610.2,33.6,107,0.998
267,-1,459.6,539.6,17.4,39.9,0.998
267,-1,950.4,519.6,23.9,49,0.998
267,-1,164.9,604.2,32.7,104.8,0.825
267,-1,979.8,522.7,23.1,50,0.173
4,-1,1541.4,557.4,54.6,120.5,1
4,-1,92.3,718.6,49.1,107.3,1
4,-1,1381.5,511.7,35.6,99.2,1
4,-1,1634.6,551.8,58.4,125,1
4,-1,170.8,578.5,49.9,161.4,1
4,-1,256.7,591.5,47.9,148.1,1
4,-1,501.9,548.6,35.5,94.9,1
4,-1,541.2,551.2,33.4,90.8,0.999
4,-1,1458.2,500.1,32.4,78.2,0.999
4,-1,652.2,527.7,27.9,73.7,0.999
4,-1,827.9,510.3,18.6,44.7,0.996
4,-1,1492.2,510.7,36.1,76.8,0.994
4,-1,1186.6,483.4,15.8,35.4,0.986
4,-1,1074,488.5,16,29.2,0.986
4,-1,795.5,504.2,19.3,45.6,0.939
4,-1,814.3,507.4,17.4,44.8,0.898
4,-1,637.8,528.2,23.9,67.7,0.88
4,-1,1405.8,477.2,20.9,47.5,0.242
4,-1,1429.8,476.2,21.5,45,0.132
53,-1,1551,557,52.9,143.8,1
53,-1,1643.3,535.7,39.3,91.6,1
53,-1,440.2,562.1,46,119,1
53,-1,396.2,556.9,43,121.3,1
53,-1,1693.6,549.5,46.5,95.9,1
53,-1,1377.2,515.8,21.5,58.4,1
53,-1,825.2,519.3,20.3,53.4,1
53,-1,757,513.3,20.6,50.4,0.999
53,-1,1228.4,501.8,17.5,39.7,0.999
53,-1,1053,502.6,15,30.7,0.996
53,-1,561.8,553,33.2,87,0.995
53,-1,636.7,540.2,31.6,85.4,0.994
53,-1,590,549.9,31.6,87.6,0.966
53,-1,618.4,545.4,27.5,85.7,0.86
53,-1,1606.9,529.3,25.3,54.5,0.534
53,-1,1698.3,511,25.4,52.8,0.397
53,-1,1356.3,515.1,17.1,47.6,0.257
53,-1,1667.4,518.2,24.4,52.5,0.253
53,-1,1630.3,518.4,23.7,50.9,0.08
319,-1,28,648.3,52.5,135,1
319,-1,1720.9,548.3,38.3,101.8,1
319,-1,1198.3,529.2,26.4,58.5,1
319,-1,1398,606.4,56.7,143.5,1
319,-1,1348.6,581.5,79.7,150.5,1
319,-1,1278.3,522.4,22.6,59.1,1
319,-1,256.8,632.6,38.5,134.6,0.999
319,-1,222.9,659.7,32.2,122.5,0.999
319,-1,241.3,656.8,31.2,118,0.489
191,-1,1603.7,551.5,60.6,131.8,1
191,-1,1353.7,549.2,50.7,124,1
191,-1,241.7,566.8,25.7,73.3,1
191,-1,851.7,510.6,19.7,47.8,1
191,-1,917.4,524.9,27.9,64.1,1
191,-1,130.9,565.5,26.7,74.1,0.999
191,-1,1075.6,518.7,30.9,67.9,0.999
191,-1,469.9,522.1,15.6,38.9,0.997
191,-1,1005.6,525.3,24.6,60.9,0.967
191,-1,171.7,551.5,25,78.5,0.941
191,-1,1019,522.4,25.7,63.1,0.936
191,-1,1166.4,539.2,42.1,90.6,0.559
191,-1,1126.3,524.3,23.8,62.6,0.533
191,-1,892.6,518.8,21.7,46.6,0.213
191,-1,1138.3,529.8,25.5,71.5,0.054
294,-1,1329.8,534.9,63.6,135.7,1
294,-1,209.5,632.1,34.9,108.5,1
294,-1,42.5,621.6,52.3,120.6,1
294,-1,1526,518.6,35.8,108.8,1
294,-1,1093.5,511.2,23.9,49.5,1
294,-1,1230.7,523.5,35,83.4,0.995
294,-1,238.1,614.1,35.1,107.5,0.837
294,-1,1203.1,520.1,25.1,59.7,0.074
178,-1,298.8,556.5,25.7,68.7,1
178,-1,1384.5,546.6,51.7,120.1,1
178,-1,879.5,505.5,19.8,48.8,0.999
178,-1,1220.5,524.4,32.2,77.5,0.999
178,-1,1053.3,518.7,25.6,63.2,0.998
178,-1,1122.4,512.6,26.3,66.3,0.997
178,-1,195.8,547.8,25.5,74.5,0.994
178,-1,956.3,518,24.6,63.3,0.994
178,-1,234.1,539.6,26.2,75.1,0.983
178,-1,221.3,543.4,23.8,72.2,0.943
178,-1,1041.1,519.5,23.3,62.2,0.896
178,-1,925.7,514.7,21.3,49.2,0.626
178,-1,1159.2,521.7,21.8,58.4,0.224
178,-1,1172,532.3,28.5,79.7,0.072
356,-1,1378,612.7,74.4,199.4,1
356,-1,1578.3,632.8,88.3,197.8,1
356,-1,1452.3,662.7,77.3,200.9,1
356,-1,119.8,670.6,47.1,173.3,1
356,-1,1529.6,549.8,36.4,96.3,0.999
356,-1,59.3,706.2,42.1,155.8,0.998
356,-1,1460.1,556,37.2,85.2,0.995
356,-1,1352.3,522.1,24.4,59.5,0.985
356,-1,86,700.2,34.5,151.5,0.92
356,-1,1417.5,552,38.7,84.1,0.909
356,-1,1383.1,538.6,23.1,56.4,0.23
310,-1,1651.3,543.2,36.7,110.8,1
310,-1,1165.1,528,25.9,57.6,1
310,-1,39.8,642.1,53.4,127.5,1
310,-1,222.5,653.1,33.6,117.8,0.999
310,-1,255.5,620.5,38.7,134.5,0.996
332,-1,1425.3,599.2,62.6,161.3,1
332,-1,1360.6,573.2,69.1,157.3,1
332,-1,1573.4,582,48.2,160.1,1
332,-1,1809.5,537.2,42.4,123.2,1
332,-1,1,643.3,42.1,146.9,0.999
332,-1,190.4,655.8,34,128.9,0.999
332,-1,230.1,628.8,37.4,141.8,0.999
332,-1,1315.5,506,26,62.3,0.997
332,-1,1332.9,510.1,23.4,56.8,0.233
203,-1,1617.6,547,64.8,136.2,1
203,-1,1336.3,547.7,50.6,129.4,1
203,-1,192.3,580.2,26,76.3,1
203,-1,893.5,531.4,25.9,58.5,1
203,-1,78.6,570.5,28.2,83.6,0.999
203,-1,1043.1,522.3,29.5,68.9,0.998
203,-1,834.2,514.5,17.1,50.2,0.998
203,-1,983.9,528.2,26.5,62.1,0.975
203,-1,431.3,528.2,15,36.5,0.974
203,-1,111,562.3,28.6,82.3,0.972
203,-1,1109.1,539,22.6,70.6,0.94
203,-1,1020.6,524.6,28.4,63.6,0.919
203,-1,1080.3,529.1,27,66.3,0.876
203,-1,1120.2,542.6,28.1,72.4,0.099
203,-1,175.9,577.7,25.7,71.4,0.057
175,-1,1393.3,542.8,53.6,122.8,1
175,-1,313.4,556.6,23.9,67.1,1
175,-1,885.3,505.8,20.8,48.5,1
175,-1,211.3,547.9,25.2,71.7,0.999
175,-1,1062.6,517.7,25.7,63.6,0.999
175,-1,1231.6,522.9,29.5,73.9,0.999
175,-1,1132.1,512.8,22.3,66.1,0.996
175,-1,963.7,517.5,23.6,61.8,0.99
175,-1,246.4,540.2,26.3,71.5,0.951
175,-1,1030.1,518.2,22.6,57.1,0.868
175,-1,949.1,516.5,22.1,58.5,0.826
175,-1,920.3,510,20.7,46.8,0.579
175,-1,281.9,547,23.2,63.5,0.577
175,-1,1149.4,517.7,19.9,58.9,0.057
133,-1,81.3,610.4,54.2,157.9,1
133,-1,182.2,578.9,46,126,1
133,-1,1709.2,562.7,62.2,114,1
133,-1,1264.3,534.8,33,82.4,1
133,-1,16.8,611.7,57.2,156.8,1
133,-1,1803.2,663.2,117.8,293.4,1
133,-1,1588,551.4,41.6,115.9,1
133,-1,1424.8,524.1,25.5,66.4,0.999
133,-1,534.3,538.3,24.3,65.9,0.999
133,-1,1029.3,507,19.7,43.1,0.999
133,-1,1364.7,534.2,27.2,60,0.999
133,-1,445.6,530.9,22.3,64.9,0.998
133,-1,744.8,511.5,15.9,32.4,0.996
133,-1,1103.3,520.7,24,56.1,0.994
133,-1,1214.9,522.2,23.5,59,0.967
133,-1,1232.2,527.2,25.2,56.7,0.932
133,-1,1118.8,522.5,21.8,54,0.869
133,-1,507.9,533.2,21.6,60,0.868
133,-1,1087.1,522.7,20.7,48.5,0.79
133,-1,434.6,530.4,19.7,62.1,0.219
133,-1,1179.6,522.6,18.6,51.2,0.174
133,-1,1052.4,510.9,18.8,47.3,0.106
133,-1,1349,536.4,24.6,55.5,0.07
86,-1,1669.6,581.5,72.8,185.1,1
86,-1,1774.2,553.2,49.8,104.3,1
86,-1,287.1,570,50.5,128.1,1
86,-1,236.3,562.2,46,129.8,1
86,-1,502.7,542.2,39.4,115.7,1
86,-1,756.5,514.3,20.9,58.1,0.999
86,-1,681.1,505,21.5,59.8,0.999
86,-1,1376.6,516.3,25.7,65.5,0.999
86,-1,450.1,557.6,42.5,106.4,0.999
86,-1,1533.1,516.6,22.2,52.8,0.997
86,-1,1709.3,534.7,36.7,100.7,0.997
86,-1,1240.1,503.9,24.8,48.6,0.995
86,-1,1194.9,496,18.7,40.4,0.992
86,-1,973,494.5,13.8,31.2,0.991
86,-1,401.3,562.6,32.8,90.3,0.99
86,-1,420.1,562.1,29.8,96.7,0.962
86,-1,1336.8,507.2,23.9,54.6,0.954
86,-1,1609.3,511.6,26.5,63.8,0.921
86,-1,1556.6,514.6,24.1,53.9,0.874
86,-1,1212.4,500.4,19.9,39.7,0.82
86,-1,1360.3,514.5,23.4,54.1,0.724
86,-1,526.1,534.6,34.7,98.8,0.549
86,-1,1253,506.4,24.2,50.1,0.32
86,-1,965.4,494.6,13.1,31.6,0.179
86,-1,695.8,504.6,22.4,60.5,0.141
86,-1,325.4,569.4,30.2,92.4,0.092
86,-1,1301.1,505.2,20.1,50.6,0.05
306,-1,46.3,638.2,50.9,122.4,1
306,-1,1622.2,542,36.1,107.8,1
306,-1,1148,526,27.2,55.6,1
306,-1,222.8,645.6,33.8,113.8,0.999
306,-1,253.7,617.1,39.4,128.7,0.996
106,-1,1719.2,622.8,88.4,218.7,1
106,-1,135.9,585,66.8,146,1
106,-1,80.4,575.5,59,152.2,1
106,-1,259.5,585.2,43.5,120.1,1
106,-1,1676.3,550.3,36.3,110.1,1
106,-1,363.9,572.6,43.7,128.8,1
106,-1,302.5,584.5,48.2,120.6,1
106,-1,1336,534.6,26.7,71.4,1
106,-1,671.5,528.1,20.7,63.5,1
106,-1,592.4,522.6,21.1,60.7,0.999
106,-1,883.4,508.5,15.1,34.4,0.999
106,-1,1769.7,572,40.5,103.2,0.998
106,-1,1130.7,506.9,18.6,45,0.998
106,-1,1540.6,522.9,24.5,61.8,0.995
106,-1,1494.1,531.5,24.9,57.8,0.991
106,-1,405.6,561.2,36,101.7,0.988
106,-1,1187.5,518.7,22.2,50.3,0.984
106,-1,220.3,594.1,34.4,91.6,0.981
106,-1,1473.3,532.2,22.6,53.4,0.934
106,-1,1147.4,512,20,45.2,0.526
106,-1,1223,521.8,20.3,49.4,0.329
106,-1,1364.9,535.4,21.3,49.5,0.246
106,-1,1300.7,528.5,22.1,49.3,0.221
106,-1,1321.8,530.5,23,58.2,0.173
106,-1,1266.8,521.7,18.7,54,0.094
355,-1,1450.3,662.5,77.7,196.8,1
355,-1,1582,629.8,86.2,197.1,1
355,-1,1386.9,610.1,68.3,198,1
355,-1,124,668.8,47.4,170.7,1
355,-1,1528.8,547.8,36.4,97.8,0.999
355,-1,67.5,703.7,40.6,155.9,0.999
355,-1,1458.4,554.9,36.9,88.4,0.997
355,-1,1350.5,524,25.1,57.9,0.984
355,-1,1419.4,551.1,38.7,84.1,0.925
355,-1,1357,619.9,47,169.1,0.241
355,-1,1363.8,532,23.2,55.7,0.12
355,-1,1386.8,542,23.3,58.3,0.101
25,-1,1795.8,600,72.1,158,1
25,-1,1695.8,604,64.1,157.6,1
25,-1,1439.6,541.5,40.6,111,1
25,-1,504.8,562.7,38.2,102,1
25,-1,1525.9,525.7,32.5,80.6,1
25,-1,28.6,632.2,60.2,179.4,1
25,-1,1572.5,542.8,39.2,82.4,1
25,-1,627.8,538.6,28.7,79.8,1
25,-1,458.6,557.2,38.4,104.1,0.999
25,-1,1069,498.4,17.1,32.9,0.999
25,-1,1336.5,508.7,21.8,53.2,0.997
25,-1,1208,498.5,15.2,38.3,0.995
25,-1,664.3,530,29.1,75.4,0.962
25,-1,608.3,543.7,25.8,73.5,0.938
25,-1,1309.4,502.3,17.7,48,0.934
25,-1,1563,524.6,24.7,57.5,0.805
25,-1,1479.1,523.2,29.1,66.4,0.256
25,-1,1593.6,515.7,23.3,49.5,0.164
1,-1,274.3,591.3,45.6,144.6,1
1,-1,1521.8,565.5,52,114.2,1
1,-1,1610.2,555.9,58.2,123,1
1,-1,194.5,578.7,47.8,154.5,1
1,-1,120.7,704.4,54.1,106.5,1
1,-1,1370.2,516.4,34.4,98.5,1
1,-1,504,549.8,35,91.4,1
1,-1,1445.8,507.2,33,80,1
1,-1,1,667.6,48.9,223.3,1
1,-1,542.7,549.4,34.6,91.5,1
1,-1,652.4,528.2,27.9,71.8,0.999
1,-1,1478.8,518,38,79.7,0.999
1,-1,827.2,512.4,19.3,44.1,0.998
1,-1,1182.4,488.5,14.9,35.9,0.99
1,-1,1073.4,495.8,16.3,27.7,0.968
1,-1,793.8,506.7,19.6,44.9,0.937
1,-1,634.2,528.1,23.8,63.5,0.882
1,-1,817.3,510.9,19,43.9,0.81
341,-1,1443.9,607.4,74.9,173.8,1
341,-1,1365.8,575.7,68.7,169,1
341,-1,1857.4,526.6,43.1,132.3,1
341,-1,1348,527.3,47.8,73.4,1
341,-1,196,636.5,42,153,0.999
341,-1,150.1,664.8,37.9,142.6,0.999
341,-1,1581.9,576.2,57.3,181.6,0.979
341,-1,177.5,658.1,34.2,132.4,0.874
341,-1,1324.8,499.7,22.6,51.8,0.845
326,-1,1551.2,586.6,50.1,153.2,1
326,-1,1769.9,544.3,40.3,112.8,1
326,-1,1422.6,607,62.5,151.7,1
326,-1,8.4,645.8,55.6,146.2,1
326,-1,1377.1,573.4,58.6,164.3,1
326,-1,248.6,632.4,40.5,138.6,1
326,-1,1222.6,525.7,25.1,54.8,0.999
326,-1,212,659.8,32.5,127.2,0.999
326,-1,1300,517.2,24.2,61,0.999
326,-1,1274.3,518.6,21.5,53.9,0.133
99,-1,1775,563.7,46.4,110.6,1
99,-1,196.1,586.2,57.9,144.2,1
99,-1,145.5,584.2,54.2,138.6,1
99,-1,416.1,567.7,45.1,128.4,1
99,-1,1704.3,611.4,80.6,207.3,1
99,-1,1349.4,533.9,28.9,68.7,1
99,-1,1689.2,549.4,40.8,104.1,1
99,-1,701.6,529.4,21.4,62,1
99,-1,1562.1,519.3,26.1,67.1,1
99,-1,360.2,581.2,44.5,114.2,1
99,-1,322.5,582.1,40.1,115.8,1
99,-1,623.9,523.1,21.7,59.6,0.999
99,-1,916.6,510.4,13.6,31.9,0.995
99,-1,292.2,585.1,31.1,98.3,0.985
99,-1,1205.2,518.6,22.9,50.5,0.981
99,-1,1489,530.2,23.8,56.1,0.979
99,-1,1155.3,503.6,18.7,46.2,0.978
99,-1,1295.6,521.3,23.5,52.9,0.97
99,-1,1502.7,528.2,24.4,57.9,0.935
99,-1,1185.9,515.4,21.3,46.4,0.852
99,-1,439.1,559.3,38.3,114,0.824
99,-1,1175.4,511.8,19.1,44,0.811
99,-1,1479.3,528.7,20.4,53,0.683
99,-1,688.8,527.4,21.7,58.2,0.671
99,-1,1283.2,520,23.2,50.5,0.234
99,-1,1268.3,521.2,19.8,46.3,0.224
99,-1,1547.9,525.2,26,61.2,0.197
82,-1,1661.9,582.6,67.3,174.4,1
82,-1,1775.7,553.2,46.3,103.5,1
82,-1,314.9,558.2,52.1,130.5,1
82,-1,1713.6,530,38.3,103.7,1
82,-1,265.9,556.6,46.4,130.4,1
82,-1,478,550.5,42.7,104.1,1
82,-1,1383.2,516.3,26.5,66,1
82,-1,696.6,503,21.3,59.7,1
82,-1,1248,504.7,24.3,48,0.999
82,-1,525,539.4,39.2,111.5,0.999
82,-1,772.4,510.9,20.1,55.5,0.999
82,-1,1547.8,518.4,22.9,54.3,0.994
82,-1,989.1,493.4,13.2,31.5,0.988
82,-1,429.2,555.4,32.4,91.7,0.987
82,-1,1203.6,492.8,17.9,42.5,0.971
82,-1,456.8,555.4,29.3,96.3,0.946
82,-1,1344.3,509.5,23.5,54.5,0.943
82,-1,1357.6,512.5,24.6,53.3,0.939
82,-1,1560,519,25,54.7,0.721
82,-1,1220.5,500.3,23.4,42.9,0.664
82,-1,1281.5,505.3,20.2,45.8,0.609
82,-1,1577.5,515.3,21.4,55.4,0.533
82,-1,1589.2,513.9,23.3,56,0.148
82,-1,1524.6,519.6,22.1,45.9,0.056
346,-1,1585.7,614.8,84.7,174.7,1
346,-1,1450.6,632.9,59.5,180.9,1
346,-1,1391.1,582.6,92,192.6,1
346,-1,1354.7,536.9,47.9,92.3,1
346,-1,172.2,660.4,42.3,156.7,0.999
346,-1,122.6,690.3,37.8,145,0.999
346,-1,1881.7,539.9,39.3,141.5,0.994
346,-1,1352,517.8,30.8,56.7,0.881
346,-1,146.1,682.8,33.8,141.2,0.87
346,-1,1343.7,506.6,23.2,48,0.869
346,-1,1326.9,509.3,21.5,55.3,0.843
307,-1,1151.6,524.9,25.7,57.3,1
307,-1,46,637.3,51.4,125.7,1
307,-1,1630.4,542.6,36.5,110,1
307,-1,222.4,645.2,34.3,117,0.999
307,-1,254.5,619.8,41.4,126.8,0.998
38,-1,1482,535.6,47.9,125.6,1
38,-1,1810.2,617.7,81.5,178,1
38,-1,477,556.9,40.9,111.5,1
38,-1,1574.2,516.5,32.4,85.7,1
38,-1,1632.2,540.2,38.1,85.4,1
38,-1,762.8,507.8,22.3,50.8,1
38,-1,430.9,554.7,37.8,108.3,0.999
38,-1,1216.4,491.4,17,38.9,0.999
38,-1,826.6,513.2,19.7,51.8,0.998
38,-1,613.8,543.1,30.3,81.8,0.998
38,-1,1062.9,498.3,15,29.1,0.985
38,-1,577.2,540.8,24.4,73,0.89
38,-1,590.7,543.4,29.3,73.9,0.793
38,-1,1478.3,504.2,21.5,46.1,0.718
38,-1,631.5,542.1,26.2,78.7,0.665
38,-1,656.8,534.6,26.6,79.1,0.577
38,-1,1501.7,506.5,22.7,45.6,0.53
38,-1,1637.4,517.3,24.4,54.2,0.423
18,-1,1644.9,590.1,58.2,143.3,1
18,-1,1739.1,590.2,61.5,141,1
18,-1,107.1,601.9,63.7,171.2,1
18,-1,1419.7,536.2,40.5,102.4,1
18,-1,1543.5,534.2,40.3,85.5,1
18,-1,515.6,551.1,37.9,98,1
18,-1,475.5,549.5,36.5,97.2,1
18,-1,6.2,593.6,59.4,184.7,1
18,-1,1502.4,520.7,31.5,81.8,0.999
18,-1,1073.7,492.3,16.9,33.1,0.999
18,-1,639.3,529.6,27.9,77.1,0.998
18,-1,828.5,513.3,18.1,45.9,0.998
18,-1,1202.1,495.3,15.8,36.4,0.995
18,-1,1294.7,497.3,15.3,46.3,0.993
18,-1,603.4,532.2,24.8,69.3,0.966
18,-1,793.2,507.1,17.8,44.1,0.908
18,-1,617.8,533.3,25.5,70.5,0.902
18,-1,813.2,510.9,17.8,43.5,0.881
18,-1,1305,498.4,16.1,45.5,0.518
18,-1,1284.5,496.4,18,41.2,0.464
18,-1,1520.7,524.3,24.7,79.3,0.091
241,-1,1397.7,546.4,51,147.5,1
241,-1,105.4,599.3,28.8,89.4,1
241,-1,844.7,517.7,20.1,51.6,0.999
241,-1,381.2,533.7,18,38.3,0.998
241,-1,1162.7,521.2,25,87.2,0.994
241,-1,1015.9,526.4,25.7,68.4,0.964
241,-1,1872.3,532.5,48.7,163,0.95
241,-1,1100.5,528.7,28.5,89.5,0.882
241,-1,1031.4,525.7,26.1,69.3,0.839
241,-1,1146.7,525.7,23.9,86.5,0.711
290,-1,41.1,615.6,48.1,117.4,1
290,-1,1839.7,544.4,72.6,201.3,1
290,-1,1279.6,567.7,38.9,107.2,1
290,-1,204,623.6,33.7,110.4,1
290,-1,1074.1,511.4,23.6,44.7,0.999
290,-1,1336.6,538.8,37.4,124.9,0.995
290,-1,1199.5,528.8,29.6,73,0.985
290,-1,1185.2,528,27.6,73.1,0.94
290,-1,1218.6,528.4,25.9,72,0.899
290,-1,231.7,603.9,37.6,115.4,0.88
290,-1,1315.6,548.6,28.3,114.6,0.764
290,-1,1243.2,521.8,28.7,84.1,0.109
320,-1,1201.6,527.4,26.5,60.4,1
320,-1,1729,545.1,36.7,102.1,1
320,-1,25.9,649.6,53.6,135.5,1
320,-1,1350.6,582.7,79.3,148.4,1
320,-1,1402.5,611.5,53.6,135.5,1
320,-1,1281.1,521.9,24,60.4,1
320,-1,255.7,631,39,138.3,0.998
320,-1,222.2,658.4,32.5,126.8,0.998
320,-1,1524,595.8,44.4,131.6,0.992
64,-1,1601,557.9,58.3,155,1
64,-1,409.1,553.9,48.1,124.5,1
64,-1,358.2,551.7,42.8,124,1
64,-1,1689,529.8,38.4,98.7,1
64,-1,1747.4,547,42.8,101.7,1
64,-1,1393.9,509.3,24.3,62,1
64,-1,747.8,505.5,23.3,53,1
64,-1,816.9,513.2,20.6,53.4,1
64,-1,1272.2,499.2,24.4,49.6,0.999
64,-1,562.2,545.4,36.2,95.1,0.999
64,-1,1486.3,504,23.5,56.2,0.999
64,-1,615.7,536.3,36.1,93.3,0.998
64,-1,1040.3,493.3,15.7,33.3,0.997
64,-1,1231.2,491.8,18.4,42.9,0.989
64,-1,526.1,545.4,33.5,85.9,0.981
64,-1,1575.4,514.4,23.3,56.5,0.965
64,-1,1660,511,27.5,59.3,0.952
64,-1,1597.9,513.1,22.6,49.8,0.843
64,-1,1259,497.6,22.5,43.8,0.814
64,-1,1242,493.1,19.5,44.2,0.747
64,-1,1677.9,516.7,28.4,65.2,0.673
64,-1,587.7,542.2,36,94.5,0.525
64,-1,1377.4,506.5,22,52.4,0.415
64,-1,1561.2,514.3,22.6,53.4,0.327
64,-1,1639.5,486.6,36.8,83.2,0.093
64,-1,1718,512.1,25.6,52.4,0.058
362,-1,1583.7,670,92.1,193.7,1
362,-1,1363.2,629.7,99.7,206.6,1
362,-1,1454.8,685,70.2,210.8,1
362,-1,81.7,681.9,46.4,174.2,1
362,-1,11,718.8,46.3,164.4,1
362,-1,1542.6,562.7,35.1,105.3,0.999
362,-1,1456,571.6,40.3,87.6,0.997
362,-1,1357.5,536,21.8,55.1,0.946
362,-1,1514.5,569.1,28.9,87.3,0.912
362,-1,1368.1,546.2,26.9,54.7,0.817
362,-1,1417.1,570.2,28.4,74.7,0.253
362,-1,1644.4,594.1,42.6,143.4,0.247
362,-1,1399,564.6,30.4,74.7,0.11
339,-1,1438.5,602,72.6,166,1
339,-1,1361.4,571.1,82.1,164.8,1
339,-1,1846.3,524.7,42,128.3,1
339,-1,1591.5,580.5,48.5,167.9,1
339,-1,1345.6,519.8,46,83.5,1
339,-1,204.4,631.3,42.1,152.3,1
339,-1,159.7,661.3,35.8,137.8,0.999
339,-1,1324.2,500.3,22.9,53.4,0.946
339,-1,185,646.8,33.4,143.2,0.881
339,-1,1334.3,505.9,24.7,68.5,0.552
344,-1,1446.4,617.7,67.9,183,1
344,-1,1576.1,600.5,84,173.8,1
344,-1,1352.3,531,46.7,80.8,1
344,-1,183.2,645.4,42.4,157.1,1
344,-1,133.7,682.9,36.8,140.8,0.999
344,-1,1873.2,535.6,46.5,133.6,0.999
344,-1,1370.4,583.3,47.6,173,0.998
344,-1,1338.3,506,24.2,52.5,0.943
344,-1,1324.7,503.1,23.7,58.2,0.911
344,-1,152.6,672.6,39.2,143.3,0.794
344,-1,1413.1,600.9,65.5,161.7,0.763
304,-1,47.1,632.1,51.6,123.3,1
304,-1,1140.4,520.9,24.9,55.3,1
304,-1,1608.4,537.1,37.6,108.1,1
304,-1,222.8,640.6,33.7,113.5,0.998
304,-1,253.6,612.9,39.6,126.1,0.988
225,-1,1719.2,548.3,70.3,145.6,1
225,-1,1349.6,549.1,53,139.9,1
225,-1,125.2,598.1,29,81.5,1
225,-1,825.1,520,16.4,50.2,1
225,-1,2.3,586.3,29.3,91.8,0.999
225,-1,1060.9,545.1,36.6,81.2,0.999
225,-1,1120.4,532.7,32.6,91.7,0.998
225,-1,1009.5,529.6,29.9,72,0.994
225,-1,982.3,531.2,24.6,64.7,0.937
225,-1,996.3,529.8,26.6,66.9,0.869
225,-1,1195.4,556.2,55.2,121.6,0.766
225,-1,1027.4,529.5,25.9,74.4,0.142
208,-1,1630.6,555.4,64.1,130.8,1
208,-1,1334.1,549.5,51.9,130.2,1
208,-1,173.2,587,25.3,77.3,1
208,-1,1031.1,524.5,30.7,69.8,1
208,-1,885.1,533.5,26,55.8,1
208,-1,827.3,518.2,19.6,47.6,0.999
208,-1,60.6,576.5,27.2,83.6,0.996
208,-1,977,526.6,26,65.6,0.977
208,-1,79.2,570,26.9,85.1,0.949
208,-1,1098.3,536.3,25,77.4,0.917
208,-1,1075.5,530.2,27,67,0.91
208,-1,425.4,534.4,15.4,34.8,0.312
208,-1,1117.2,536.5,23.1,77.9,0.185
47,-1,1521.3,552.3,50.2,133,1
47,-1,1618.1,530.8,35.2,92.9,1
47,-1,457.9,560.5,42.4,113.6,1
47,-1,1667,547.3,43.1,91.4,1
47,-1,410.4,550.6,41.4,117.2,1
47,-1,759.9,507.3,22.6,52.9,1
47,-1,604.1,543.1,31.4,89,0.999
47,-1,645.4,532.1,34.5,88,0.999
47,-1,1225.2,498.4,17.9,41.5,0.999
47,-1,825.8,514.2,20.3,55.1,0.998
47,-1,1056.6,500.9,15.5,30.7,0.998
47,-1,1369.5,511,20.8,58.3,0.993
47,-1,571.2,547.1,27.2,80.8,0.968
47,-1,1671,513.8,25.5,53.6,0.853
47,-1,1533.9,509.5,20.5,42.1,0.429
47,-1,1581.8,513.7,23,53.6,0.418
47,-1,1691.9,502.6,28.2,60,0.398
47,-1,1603.4,523.7,24.6,64.6,0.391
47,-1,1355.1,512.7,20.2,53,0.29
47,-1,1503,509.1,21.2,44,0.235
47,-1,544.3,545,23,72.4,0.055
47,-1,1694.2,544.2,32.9,80.2,0.054
16,-1,1721.7,590.1,61.1,143.4,1
16,-1,1626.7,590.2,58.3,140.2,1
16,-1,1414.1,536.8,38.6,100.8,1
16,-1,130.6,600.1,64.1,166.7,1
16,-1,1535.2,536.8,43.9,84.7,1
16,-1,480.4,547.5,35.8,96.3,1
16,-1,27.4,588.4,62.5,177.5,1
16,-1,522.2,548.1,35.9,98.2,1
16,-1,1493.9,524.5,31.4,78,1
16,-1,829.9,512.2,18.3,47.8,0.998
16,-1,1200.4,494.6,16.6,38,0.998
16,-1,641.8,529.7,27.4,73.9,0.994
16,-1,1073.6,494.6,15.9,28.7,0.989
16,-1,1296.1,498.6,15.1,45.2,0.988
16,-1,608.1,530,24.3,66.3,0.963
16,-1,789.1,504.7,19.6,47,0.923
16,-1,627.7,530.2,25,70.2,0.901
16,-1,810.2,509.3,18,44.4,0.891
16,-1,1306.2,500.8,16.4,46.4,0.596
16,-1,1511.5,534.5,25.2,69.8,0.137
16,-1,1457.7,518.6,23.6,50.5,0.095
16,-1,1416.7,510,22.8,48.9,0.061
75,-1,357.8,558.3,50.2,129.4,1
75,-1,1647.7,576.6,60.1,164.7,1
75,-1,307,554.7,50.7,129.9,1
75,-1,1782.1,554.4,41.2,100.1,1
75,-1,1710.3,528.4,37.7,103.3,1
75,-1,720.9,505.4,20.9,57.3,0.999
75,-1,517.1,549.6,41.1,102.6,0.999
75,-1,1389.8,515.8,26.4,63.7,0.999
75,-1,793.5,512.9,20.4,58.1,0.999
75,-1,1563.9,520.9,21.6,54.4,0.999
75,-1,559.8,539,36.9,110.1,0.998
75,-1,1013.2,493.1,16.4,35,0.997
75,-1,462.6,557.1,31.1,84.6,0.993
75,-1,1259.3,506.8,22.9,46.9,0.988
75,-1,1221.9,498.4,18.6,41.7,0.967
75,-1,483.7,554.8,27.6,88.7,0.938
75,-1,1248.5,505.8,20.9,42.8,0.917
75,-1,1368.4,513.4,24.5,53,0.904
75,-1,1594.9,519.9,23.2,51.5,0.778
75,-1,1277.7,509.7,21.8,48,0.723
75,-1,1339,504.6,20.6,52.7,0.195
75,-1,1208.1,495.2,16.9,40.9,0.111
231,-1,1767.8,546.6,68.3,148,1
231,-1,1212.3,558.4,56.8,130.9,1
231,-1,1361.8,552.5,54.9,142.7,1
231,-1,114.3,600.5,28.6,89.1,1
231,-1,1123.3,534.1,37.6,94.5,1
231,-1,828.5,523,17.7,50.1,0.999
231,-1,1063.6,548.1,35.4,83.4,0.999
231,-1,1011,531.8,29.5,72.4,0.999
231,-1,1,596.5,21.5,91,0.994
231,-1,383.5,537.5,16.2,37.1,0.984
231,-1,987.5,533.6,24.3,64.6,0.882
231,-1,1040.9,538.7,27.1,73,0.597
231,-1,968.8,538,25.5,66.1,0.516
374,-1,1549.4,695.2,120.4,226,1
374,-1,1355.6,660.3,75,217.4,1
374,-1,1456.1,722.3,84.5,246.2,1
374,-1,1375,577.6,50,106.9,1
374,-1,1700,614.1,48.4,143.2,1
374,-1,1.4,720.9,45.3,195.7,1
374,-1,1455.5,584.9,44.3,88.1,0.999
374,-1,1560.6,576.4,30.8,104.4,0.973
374,-1,1514.8,581.1,29.9,96.3,0.911
374,-1,1358.2,561.4,20.6,51,0.618
374,-1,1535.2,579.3,25.9,97.3,0.287
374,-1,1386.7,534.1,26.5,51.1,0.101
374,-1,1369.2,568.5,29.5,72.8,0.09
297,-1,46.1,624.9,52.9,121.3,1
297,-1,1549.2,526.1,37.2,100.8,1
297,-1,1107.5,514.6,24,53.7,1
297,-1,214.2,635.1,34.3,112.5,1
297,-1,1247.8,526.5,30.5,80.9,0.999
297,-1,247.9,605.2,38.6,121.2,0.942
297,-1,1352.4,547.2,59.4,125.8,0.898
297,-1,1272.2,529.8,25.6,80.7,0.101
242,-1,1402.3,546.3,50.5,149.4,1
242,-1,105.4,598.3,29.1,90.9,1
242,-1,846.4,518.7,20.3,51.2,1
242,-1,1023.3,524,29.6,74.8,0.998
242,-1,382.4,534.5,17.8,37.6,0.997
242,-1,1167.6,521.4,24.4,88.4,0.986
242,-1,1150.1,526,25.1,87.5,0.821
242,-1,1123.1,530.8,25,86.9,0.471
242,-1,1180.3,518.1,26.8,80.8,0.222
242,-1,120.5,587.8,29.7,88.3,0.084
242,-1,884.3,524.2,19.8,48.9,0.064
211,-1,1639.4,553.7,71.4,140.1,1
211,-1,1330.6,551.6,52,131.8,1
211,-1,881.2,532.8,25.4,62.5,1
211,-1,161.7,589,28,78.3,1
211,-1,1026.2,527.8,30.7,70.2,0.999
211,-1,825.2,522.4,16.5,47.5,0.999
211,-1,43.7,575.9,28.5,89.2,0.997
211,-1,1090.4,544.2,31,72.8,0.991
211,-1,977.3,530.5,28.6,66,0.983
211,-1,68,566.9,27.2,89.5,0.96
211,-1,1074.8,537.6,27.1,67.6,0.892
211,-1,994.8,527.3,45.6,68.6,0.36
211,-1,1113.1,539.3,25.4,73.2,0.124
366,-1,1451.8,706.3,85.5,219.4,1
366,-1,1657.6,611.2,53.7,136.9,1
366,-1,1584.8,675.5,72.7,205.8,1
366,-1,1367.2,641.2,84.9,213.7,1
366,-1,54,694.4,48.6,178.2,1
366,-1,1372.7,574.3,49.3,104.9,0.999
366,-1,1458.5,577.3,39.1,90.6,0.998
366,-1,1548.5,571.8,36.7,102.5,0.985
366,-1,1511.2,573.6,29.7,98.2,0.941
366,-1,2.8,726.1,39.8,166.4,0.938
366,-1,25.3,719.9,34.9,157.4,0.824
366,-1,1372.5,535,24,49.2,0.823
366,-1,1358.2,547.1,19.2,46.8,0.812
366,-1,1481.3,578.8,39.7,88.1,0.227
375,-1,1551.1,694.4,115.5,225.4,1
375,-1,1351.4,661.6,78.7,216.8,1
375,-1,1456.1,726.4,87.1,245.5,1
375,-1,1703.5,611.6,50,147.1,1
375,-1,1374.1,577.3,50.6,105.9,1
375,-1,1454.9,581.9,44.8,91.7,1
375,-1,1.5,718.6,36.2,209.6,0.995
375,-1,1511.6,576.3,36,101.2,0.991
375,-1,1565.8,573,31.1,107.3,0.984
375,-1,1357.4,560.5,21.2,51,0.669
375,-1,1370.4,531.2,23.9,54.9,0.165
375,-1,1383.9,532.5,25.6,52.7,0.092
375,-1,1369.1,567.9,30.3,74.4,0.069
375,-1,1532.5,578.6,37.6,97.5,0.054
209,-1,1631.9,553.5,67.8,135.5,1
209,-1,1332.3,549.7,52.4,131.5,1
209,-1,170.6,586.2,25.2,76.3,1
209,-1,883.8,533.9,25.6,57.1,1
209,-1,1029.5,524.9,30.3,69.8,1
209,-1,826.1,518.7,18.7,47.2,0.999
209,-1,66.2,571.7,29,86.3,0.994
209,-1,978.5,527.7,26.3,65.6,0.986
209,-1,49.7,574.5,28.5,84,0.963
209,-1,1096.1,537,25.8,77.8,0.924
209,-1,1072.8,529.8,27.5,66.3,0.904
209,-1,1113.7,535,24,77.5,0.236
209,-1,422,535.1,15.9,35.1,0.089
209,-1,83.6,568.3,32.4,86.1,0.064
327,-1,1425.7,604.9,60.1,154.1,1
327,-1,1554.2,585.3,51.6,155.3,1
327,-1,1775.4,543.3,42.5,120,1
327,-1,1379.6,578,52.5,156.6,1
327,-1,5.1,645.1,55.3,146.8,1
327,-1,246.7,630.4,41.3,140.3,1
327,-1,1302.6,515.1,23.9,60.8,0.999
327,-1,209,660.6,32.9,126.3,0.999
327,-1,1224.8,524,26.1,56.7,0.999
327,-1,1274.9,517.1,20.7,53.4,0.087
303,-1,46.4,633.4,51.2,123.7,1
303,-1,1597.9,527.4,37.4,109.2,1
303,-1,1135.9,517.7,22.6,55,1
303,-1,221.6,641.6,34.3,112.5,0.998
303,-1,252.6,615.5,40.1,121.6,0.988
254,-1,1475.5,542,50,160,1
254,-1,939.7,531.7,25.6,67.8,1
254,-1,117.1,605.1,29,96.8,0.999
254,-1,886.6,519.1,22,49,0.999
254,-1,408.2,537.5,17.1,38.6,0.992
254,-1,1,600.3,23,100.8,0.897
254,-1,133.3,594,32.4,100.2,0.785
254,-1,918.2,524.8,23.8,54.8,0.732
97,-1,1697.5,607.9,80.1,200.8,1
97,-1,1778.4,565.2,45.4,108.8,1
97,-1,209.8,584.6,58.9,144.7,1
97,-1,1352.4,531.2,30.8,69.5,1
97,-1,160.5,578.9,54.6,142.1,1
97,-1,376.4,577.8,44.3,113.4,1
97,-1,435.9,564.7,40.4,129.7,1
97,-1,711.1,528,20.9,63.2,1
97,-1,636.6,521.5,20.5,61.6,0.999
97,-1,1573,520.7,27.8,63.9,0.999
97,-1,924.5,508.2,13.7,31.9,0.997
97,-1,339.5,576.5,41.7,116.9,0.995
97,-1,1496.5,527.4,24.8,57.5,0.995
97,-1,305.8,581.7,31.4,94.2,0.989
97,-1,1159.6,502.4,17.4,45.7,0.988
97,-1,1209.7,516.1,23.9,50.4,0.97
97,-1,1303.8,519.5,24,55.1,0.962
97,-1,468.3,555.7,34.8,99.2,0.927
97,-1,1172.2,507.5,18.9,44.1,0.915
97,-1,1194.1,514.5,20.3,46.3,0.902
97,-1,1546.7,522.8,25,58,0.856
97,-1,686.7,526.4,19.3,54.1,0.798
97,-1,1694.3,546.1,40.5,103.8,0.479
97,-1,1268,520.4,21.1,47.1,0.406
97,-1,1325,522.9,42.5,60.4,0.059
117,-1,1747,633.8,98.3,246.5,1
117,-1,257.3,577.8,50.6,143.4,1
117,-1,1746.3,565.2,55.1,101.3,1
117,-1,192.9,591.7,49.5,133,1
117,-1,37.2,592,62.1,152.4,1
117,-1,144.3,599.6,47.5,122.4,1
117,-1,1488.9,517.9,27.8,73.2,1
117,-1,315.9,563.4,42,114.5,1
117,-1,617.9,529.2,21.8,66,1
117,-1,1306.9,532.5,27.5,74.4,1
117,-1,535.8,525.2,20.3,61.6,0.999
117,-1,1089.3,505.6,20.7,47,0.998
117,-1,1153.5,520.3,22.4,52.1,0.996
117,-1,1,590.6,41.7,153,0.993
117,-1,827.4,508.1,16.7,35.9,0.993
117,-1,1431.1,534.2,25.8,57.2,0.979
117,-1,1447,531.6,27.7,60.4,0.954
117,-1,1286,528.7,22.7,56.1,0.937
117,-1,112.1,600.9,37.6,107,0.862
117,-1,1415.2,532.7,21.2,54.3,0.568
117,-1,1124,515.8,19.4,46.2,0.469
117,-1,591.9,527.1,34.7,63.9,0.219
117,-1,1105.7,509.6,21.2,48.1,0.09
117,-1,1243.6,521.5,19.5,52.5,0.079
117,-1,1333.3,532,20.7,60.9,0.061
13,-1,1696,590.5,65.7,140.5,1
13,-1,1603.9,594.9,55.1,133,1
13,-1,1405,536,36.4,101.3,1
13,-1,163.2,587.8,63.8,159.9,1
13,-1,1521.7,535.6,40.6,81.8,1
13,-1,528.2,544.5,35.1,95.9,1
13,-1,485.7,543,35,95.5,1
13,-1,1484.9,525.8,30.8,79.7,1
13,-1,73.7,575.4,52.1,170.2,0.999
13,-1,1197.9,495.3,16,38.1,0.999
13,-1,830.2,509,19,47.8,0.999
13,-1,639.2,526.2,25,70.5,0.995
13,-1,1290.9,498.7,15.9,45.2,0.995
13,-1,1075.8,494.3,16,31.2,0.991
13,-1,609.8,525.1,25.3,64.1,0.94
13,-1,790.5,501.9,20.1,47.1,0.917
13,-1,816.3,507.5,19.5,45.4,0.72
13,-1,1301.2,500.3,15.1,45.4,0.172
72,-1,1635.8,565.7,58.3,168.7,1
72,-1,371.9,561.2,50.7,127.7,1
72,-1,324,559.4,49.9,127.4,1
72,-1,1773.6,548.9,44.2,102.3,1
72,-1,1706.1,528.3,38,100.3,1
72,-1,729.4,507.1,21.5,57.1,1
72,-1,1392.9,511.6,25.7,63.8,1
72,-1,534.9,549.7,40.1,101.8,0.999
72,-1,802.2,515.3,20.2,54.6,0.999
72,-1,1571.6,514.1,21.6,55.7,0.996
72,-1,1262.6,502.9,23.5,47.9,0.995
72,-1,1021.9,495.3,15,32.5,0.994
72,-1,573.4,540.1,39.8,108.6,0.992
72,-1,1228.3,496.9,18.7,40.8,0.985
72,-1,492.2,552.5,33.6,93.4,0.982
72,-1,1483.3,509,19.5,52.3,0.982
72,-1,515.4,553.5,34.1,96.2,0.949
72,-1,1368.5,505.9,23.3,53.6,0.929
72,-1,1244.9,501,20.3,41.4,0.886
72,-1,1590.6,512,22.6,56.1,0.86
72,-1,472.8,553.1,29.5,83.9,0.804
72,-1,271.2,560.4,33.7,118.3,0.354
72,-1,1345.9,499.8,20.3,52.2,0.138
305,-1,46.2,639.3,52.1,123.4,1
305,-1,1614.7,534.9,37.2,109.6,1
305,-1,1144.2,521.3,25.5,55.4,1
305,-1,222.9,645,33.5,114.5,0.999
305,-1,253.3,618.5,39.3,127.5,0.993
123,-1,1735.8,564.5,54.2,113.6,1
123,-1,1763.1,646.3,104.5,254.1,1
123,-1,195.9,588,53.1,154.1,1
123,-1,267.1,564.1,42.9,124.4,1
123,-1,1290.8,530.9,33.5,77.8,1
123,-1,72.8,606.1,53,131.9,1
123,-1,130.5,603,50.1,133.6,1
123,-1,1,602.8,42.8,154.5,1
123,-1,1464.2,519.3,24.9,66.7,1
123,-1,585.7,530.1,23.1,67.9,1
123,-1,1068.3,507.5,18.2,40.4,1
123,-1,501.6,525.9,20.8,62.7,0.999
123,-1,1134.3,519.8,21.2,52.5,0.997
123,-1,796.9,508.9,17.8,34,0.995
123,-1,1407.5,533.5,24.5,56,0.977
123,-1,1257.7,524.1,23,55.5,0.973
123,-1,1145.9,520.1,20.8,52.1,0.848
123,-1,1277.1,528.7,25.5,61.2,0.831
123,-1,1118.8,520.3,20.1,45.8,0.795
123,-1,1082.7,509.2,18.9,46.1,0.243
123,-1,1444.8,530.6,24.1,58.7,0.138
123,-1,1379,534.4,19.4,49.2,0.096
126,-1,1729,565.1,54.2,109.2,1
126,-1,1773.5,648.4,112.7,267.2,1
126,-1,243.1,572.9,43.4,121.4,1
126,-1,162.6,592.6,53.8,155.9,1
126,-1,97.1,609.1,52.9,134.6,1
126,-1,43.2,614.5,52,130.4,1
126,-1,1283.6,532.1,28.4,76.5,1
126,-1,484.5,524.7,21.7,65.8,1
126,-1,568.9,532.9,23.1,67.1,1
126,-1,1057.1,504.6,18.3,44.6,0.999
126,-1,1450.9,520.8,25.7,63.7,0.998
126,-1,1124.1,519.1,23.5,55.6,0.996
126,-1,1399.8,534.5,25.2,55.9,0.995
126,-1,783.4,509.6,15.9,31.4,0.984
126,-1,1249.4,523.5,22.5,54.9,0.961
126,-1,534.7,525.1,20.8,59.6,0.895
126,-1,1102.8,516.5,19.1,50,0.776
126,-1,1384.5,534.8,22.3,53.2,0.738
126,-1,1083.3,511.8,18.9,45,0.677
126,-1,1157.5,518.9,20.5,50.5,0.62
126,-1,8.2,620.6,31.8,101.6,0.5
126,-1,774.6,508.6,14.4,34.4,0.083
37,-1,1479.1,541,47,124.9,1
37,-1,1801.1,616.9,80.4,180.7,1
37,-1,478.9,555.1,41,113.6,1
37,-1,1570.2,522.4,31.9,82.8,1
37,-1,432.3,554.7,38.7,108.2,1
37,-1,1630,544,38.6,86.3,1
37,-1,762.9,509.1,22.9,51.9,0.999
37,-1,613.7,542.5,30.6,80.9,0.999
37,-1,827.7,515.9,19,51,0.999
37,-1,1217.1,496.1,16.3,38.6,0.998
37,-1,1062.4,502.5,15.1,27.9,0.989
37,-1,577,542.4,24.4,71.1,0.894
37,-1,1476.1,500.5,21.6,48.2,0.851
37,-1,591.1,542,29,73.7,0.79
37,-1,1638.7,514.7,23.1,49.6,0.544
37,-1,1501.4,504,22.2,45.3,0.491
37,-1,664.6,539.8,21.5,66.7,0.33
37,-1,1461.2,499.6,19.4,47.2,0.215
37,-1,1612.6,540.8,30.3,76.4,0.095
95,-1,1690,605.3,80.5,198.6,1
95,-1,225.1,585.8,53.5,136.6,1
95,-1,1579.5,518.6,27.9,68.3,1
95,-1,176.2,575.7,52.7,143.1,1
95,-1,1783.6,563.8,41.5,102.9,1
95,-1,446.7,560.8,41.4,126.5,1
95,-1,1356.8,529.4,29.6,68.1,1
95,-1,720.2,525.8,20.4,62.3,0.999
95,-1,642.7,520.5,21.9,60.5,0.999
95,-1,354.1,579.6,39.6,110.1,0.999
95,-1,388.8,576.6,44.8,112.6,0.998
95,-1,1503,528.5,24.8,56,0.997
95,-1,933.4,507.5,13.4,30,0.992
95,-1,323.2,584.3,31.8,93.5,0.988
95,-1,1216.2,515.2,23.1,50.1,0.988
95,-1,1167.4,503.8,17.9,43.6,0.983
95,-1,1306.4,520.7,23.4,54.1,0.979
95,-1,470.9,553.9,36.3,107.1,0.945
95,-1,1176.6,507.1,18.5,43.3,0.901
95,-1,1530.7,524.3,24.8,55.8,0.889
95,-1,1191.7,511.3,19.7,44.8,0.863
95,-1,1332.8,526.6,23.9,51,0.839
95,-1,686.9,522.7,19.2,53.7,0.81
95,-1,697.7,522.8,19.5,54.2,0.666
95,-1,675.2,521.3,19.1,54.4,0.652
95,-1,1254.6,521,20.7,45.1,0.591
95,-1,939,501.5,16.3,32.5,0.133
372,-1,1543,695.1,121,224,1
372,-1,1454.6,721.1,87.2,239,1
372,-1,1361.1,657.8,65.9,220.6,1
372,-1,1687.6,614.6,53.7,141.1,1
372,-1,11.8,717.1,50,183.3,1
372,-1,1374.5,581,51.4,106.5,0.999
372,-1,1454.2,588.6,44.5,81.5,0.97
372,-1,1553.8,578.8,33.3,102.7,0.961
372,-1,1506.1,584.5,29.3,92.1,0.756
372,-1,1357.7,560.4,21.3,48.6,0.643
372,-1,1367.8,565.9,28.4,63.2,0.177
372,-1,1326.4,657.4,41.7,168.1,0.106
372,-1,1526.1,582.7,42.5,94.7,0.07
62,-1,1592.2,556,55,150.4,1
62,-1,1678.5,532.3,38.8,96.1,1
62,-1,413.4,554.2,46,123.7,1
62,-1,363.8,551.3,42.3,122.1,1
62,-1,1732.7,550.8,46.4,95.1,1
62,-1,817.5,513.3,20.1,53.5,0.999
62,-1,566.5,542.5,35.5,96.2,0.999
62,-1,749.3,505.6,22,51.8,0.999
62,-1,1390.5,510.9,22,60.8,0.999
62,-1,1269.2,499.7,23.9,49.5,0.999
62,-1,1040.8,493.9,15.8,32.9,0.997
62,-1,617.1,533.7,36.3,91.9,0.997
62,-1,1488.7,505.9,21.4,53,0.991
62,-1,535.6,544.5,31.5,86.5,0.979
62,-1,1230.8,492.4,17.9,42.5,0.976
62,-1,518,544.7,28.6,80.7,0.95
62,-1,1576,521.6,22,44.1,0.919
62,-1,1257.8,498.6,20.9,42.8,0.911
62,-1,1243.9,496.2,19.1,41.5,0.905
62,-1,1598.1,514.4,22.5,46.7,0.903
62,-1,1581.6,529.6,32.6,67,0.49
62,-1,1661.4,517,25.5,57.2,0.481
62,-1,1641.7,514.1,27.4,64,0.378
62,-1,1378.3,508.9,23.3,55.9,0.356
62,-1,1553.8,516.3,17.5,41.4,0.067
62,-1,1562.3,516.8,21.7,56.5,0.064
62,-1,1762,553.4,33.6,83.4,0.054
283,-1,1779.6,616.6,98.3,235.2,1
283,-1,28.2,613.5,42.1,109,1
283,-1,1245.9,557.2,46.3,113.6,1
283,-1,1126.5,528.7,38.8,80.4,0.999
283,-1,1734.3,543.2,69,193.2,0.999
283,-1,187.1,615.2,36,106.5,0.999
283,-1,1035.4,515.3,25.4,43.7,0.999
283,-1,213.6,598.7,38.2,109.9,0.983
283,-1,1151.7,528.8,27.5,76.3,0.926
283,-1,1180.3,525.3,23.9,77.9,0.833
283,-1,1099.8,527,24.5,55.3,0.75
283,-1,530.9,532.6,15.9,43.2,0.318
283,-1,1277.8,549.5,54.2,111.1,0.119
283,-1,1088.8,521,24.1,49.9,0.069
283,-1,1071.1,517.2,23.8,39.3,0.066
263,-1,1198.5,528,39.1,109.9,1
263,-1,1531.1,548.1,82.9,155.8,1
263,-1,929,516.5,27.1,52.1,1
263,-1,138.7,614.4,30.5,99.6,1
263,-1,1152.1,538.9,39.7,103.4,0.999
263,-1,985.1,532.6,26.4,67.5,0.999
263,-1,442.4,538.5,17.4,40.5,0.999
263,-1,2.4,609.9,27.7,107.8,0.991
263,-1,155.9,599.9,34.9,104.1,0.854
263,-1,973.9,531.7,23.2,61.3,0.098
32,-1,1754.1,629.7,66,165.4,1
32,-1,1459.2,555.6,45.9,121.5,1
32,-1,489.9,577.2,40,106.5,1
32,-1,1549.4,542.2,31.4,86.1,1
32,-1,1858.3,629.9,62.7,173.2,1
32,-1,443.7,576.3,38.1,105.4,1
32,-1,1605.8,561.2,34.3,79.7,1
32,-1,828.5,536.1,19.5,49.9,0.999
32,-1,1212.1,513.8,17.1,40.8,0.998
32,-1,1067.1,514,15.5,33.2,0.998
32,-1,618.9,560,31.2,79.3,0.997
32,-1,658.7,555,29.8,71.5,0.975
32,-1,586.3,562.2,24.7,67.5,0.933
32,-1,598.7,559.8,28.2,72.8,0.894
32,-1,1595.2,545.3,27.5,63.5,0.872
32,-1,1566.4,521.1,26.2,57.1,0.534
32,-1,798.9,541.2,19,48.3,0.515
32,-1,788.3,542.7,19.6,51.5,0.447
32,-1,1600,520,23.5,51.1,0.438
32,-1,815.8,537.8,19.7,48.4,0.414
32,-1,1550.6,523.8,24.8,53.1,0.327
32,-1,1332.4,527.6,16.1,49.2,0.181
32,-1,1310,523.8,14.4,45.3,0.067
299,-1,47.4,624.8,52.5,121.6,1
299,-1,1116.8,516,26,53.5,1
299,-1,1565.4,524.9,35.9,101.7,1
299,-1,217.5,635,33.7,112.4,1
299,-1,1260.9,531.6,32.9,84.3,1
299,-1,249.7,607,39.4,120.4,0.978
261,-1,1511.5,533.8,80.4,165.5,1
261,-1,972.5,532,26.6,66.6,1
261,-1,132.2,616.6,31.1,95.9,0.999
261,-1,1138.8,543.3,41.4,99.9,0.999
261,-1,922.1,517.8,22.6,50.4,0.999
261,-1,434.8,540.5,16.4,38.6,0.997
261,-1,1.1,608.2,23.1,108.8,0.98
261,-1,1161.1,535.9,40.9,100.6,0.85
261,-1,151.4,603,33.9,94.9,0.578
261,-1,946.3,524.8,24.9,54.6,0.503
261,-1,991.3,530.1,24.1,56.1,0.105
15,-1,1619.8,590,57.8,140.3,1
15,-1,1411.9,535.3,37.4,99,1
15,-1,1713.4,587,64.6,142.5,1
15,-1,141.9,600.5,61.7,165.9,1
15,-1,1529.8,532.2,43.4,86.9,1
15,-1,524.3,550.1,35.5,95.8,1
15,-1,481.8,549.3,35.8,94.1,1
15,-1,43.3,582.8,57.7,175.8,1
15,-1,829.8,512.6,18.9,47.3,0.998
15,-1,1199.4,494,16.9,37.6,0.997
15,-1,641.3,529.3,27.7,75.1,0.997
15,-1,1490.5,520,30.9,82.5,0.995
15,-1,1074,493,16.6,32.8,0.993
15,-1,1295.4,497.7,15.4,44.9,0.99
15,-1,605,529.9,24.1,64.8,0.938
15,-1,790.9,505.3,19.5,45.9,0.907
15,-1,814,510.4,18.8,44,0.842
15,-1,622.7,532.1,24.6,68.7,0.779
15,-1,1462.5,511.8,25,56.1,0.542
15,-1,1477.5,515.8,28,69.5,0.538
15,-1,1304.7,499.8,17,45.8,0.514
15,-1,1283.7,495.9,17.2,41.5,0.432
15,-1,1424.2,513.7,21.8,51.7,0.051
223,-1,1345.2,550.5,52.6,138.6,1
223,-1,1707.6,548.4,71.5,147.1,1
223,-1,129.7,595.1,28.5,80.7,1
223,-1,3.5,582.5,31.1,90.4,1
223,-1,824.1,520.4,17.6,50.1,0.999
223,-1,1065.7,543.7,32.8,80.9,0.997
223,-1,1117.8,532.8,31,87.2,0.995
223,-1,1009.2,529.2,29.6,70,0.995
223,-1,968.3,532.1,26.3,66.3,0.963
223,-1,1103.9,539.5,28.3,78.1,0.914
223,-1,994.4,531.9,23.7,66.5,0.81
223,-1,1028.9,528.9,27.6,74.7,0.289
223,-1,954.6,533.1,22.5,61.2,0.262
85,-1,1667.4,583.5,71.7,181.3,1
85,-1,1775.4,552.6,48.5,107.2,1
85,-1,294.7,565.2,52.4,130.5,1
85,-1,242.9,558.7,49.1,135.1,1
85,-1,506.6,543.5,40.2,113.6,1
85,-1,1710.9,532.6,37.4,106.9,1
85,-1,1378.1,518,25.8,65.1,0.999
85,-1,760.2,512.6,20.4,59.8,0.999
85,-1,685.4,505.7,22.1,59.4,0.999
85,-1,455.9,554.9,43.7,108.6,0.999
85,-1,1534.7,518.7,22.5,53.1,0.997
85,-1,1242.1,504.3,24.3,48.6,0.996
85,-1,977.6,496.1,13.3,31.3,0.994
85,-1,411.6,560.2,32.2,94.9,0.993
85,-1,1196.1,495.5,18,41,0.992
85,-1,1336.9,507.4,22.4,52.4,0.93
85,-1,1560.4,517.6,22.5,53.7,0.899
85,-1,1228.6,502.4,21.3,41.3,0.898
85,-1,1219.3,498,19.3,41.9,0.835
85,-1,391.9,563.5,27.7,79.9,0.771
85,-1,1360.4,515.2,23.3,53.1,0.675
85,-1,1579.5,515.7,20.8,54.8,0.456
85,-1,534.7,532.2,34.4,94.2,0.451
85,-1,1297.9,506.3,20.4,47.7,0.136
60,-1,1582.2,554.1,56.1,149.6,1
60,-1,419.5,556.9,47.8,125.3,1
60,-1,1672.2,525.3,40.9,103.8,1
60,-1,371.9,552.7,44.4,125.1,1
60,-1,1721.5,549.2,47.3,98.5,1
60,-1,1384.4,511.4,24.1,60.7,0.999
60,-1,818.3,514.6,20.5,53.1,0.999
60,-1,571.6,546.4,35.5,92.2,0.998
60,-1,750.7,508.2,21.9,51,0.998
60,-1,1268.2,499.4,23.3,50.3,0.998
60,-1,1045.1,495.6,15.6,32.3,0.998
60,-1,621.2,535.9,33.2,89.7,0.991
60,-1,1229.8,495,17.6,41.7,0.986
60,-1,537.7,546.7,31.3,86,0.977
60,-1,1490.7,507.3,20,49.7,0.957
60,-1,601.3,541.3,25.8,90,0.891
60,-1,1239.6,496.4,19,42.4,0.868
60,-1,519.8,549.3,25.8,76.3,0.708
60,-1,1724.7,500.1,26.4,53.8,0.06
311,-1,1168.5,528.4,25.9,57.6,1
311,-1,1660.8,541.9,37.2,110,1
311,-1,39.4,644.1,53,128.7,1
311,-1,222.6,657,32.8,117,0.999
311,-1,257.2,626.4,37.8,132.6,0.998
311,-1,1243.6,516.4,21.9,63.8,0.067
59,-1,1577.2,553.1,56.6,151.5,1
59,-1,422.5,557,45.9,123.6,1
59,-1,1670.5,527.5,40.5,101.4,1
59,-1,374.4,555.9,43.5,120.1,1
59,-1,1719.2,548.2,46.6,99.1,1
59,-1,1383.5,510.8,23.7,60.7,0.999
59,-1,819.2,514.5,20.6,53.4,0.999
59,-1,750.2,506.9,23,54,0.999
59,-1,1046.4,496.6,15.5,31.2,0.997
59,-1,1268.2,499.8,23.2,50.9,0.997
59,-1,1231.2,495.6,16.8,41.4,0.984
59,-1,621.8,535.6,31.3,87,0.983
59,-1,576.9,547.9,31.2,88.7,0.98
59,-1,556.5,550,31.9,87.4,0.977
59,-1,602.4,543.3,29.4,86.7,0.947
59,-1,540.9,548.5,30.3,86,0.946
59,-1,1491,509.2,18.3,49.5,0.735
59,-1,1242.8,496.3,19.9,44.5,0.627
59,-1,510.5,549.2,23.4,69.1,0.098
59,-1,1721.7,505.1,25.5,53.7,0.064
59,-1,1342.2,503.6,19.2,49.4,0.056
71,-1,1633.1,569.9,57.8,163.9,1
71,-1,377.4,558.7,51.4,125.6,1
71,-1,331.2,554.8,50.2,128.1,1
71,-1,1768.9,550.8,46.7,104.4,1
71,-1,1705.7,530.7,37.4,97.6,1
71,-1,731.3,506.8,22.3,55.2,1
71,-1,1392.1,512.5,25.4,64.1,1
71,-1,804.1,516.2,20.3,52.8,0.999
71,-1,537.9,549.4,41.2,99.2,0.998
71,-1,1264.1,503.7,23,48.3,0.997
71,-1,576,539.6,40.4,107.8,0.995
71,-1,1024.5,495.1,16.2,34,0.994
71,-1,1572.9,515.5,22.3,55.6,0.993
71,-1,492.8,551.8,33.1,90.2,0.984
71,-1,1229.7,497.6,18.3,41,0.981
71,-1,1482.3,513,20,52.8,0.978
71,-1,515.3,553.6,32.6,93.8,0.955
71,-1,1247.2,501.5,20.5,42.1,0.899
71,-1,1368.7,507.6,23,52.4,0.897
71,-1,1586.1,513.6,22.8,56.7,0.86
71,-1,1661.2,522.4,27.2,60.1,0.799
71,-1,476.1,549.3,30.5,82,0.705
71,-1,1648.8,516.4,25.1,59.6,0.326
71,-1,1461.3,511.2,19.4,47.4,0.053
137,-1,147.2,581.6,46.5,132,1
137,-1,1700.6,562.1,61,112.9,1
137,-1,1574.5,547.7,43.5,120.2,1
137,-1,1251.9,534.3,32.6,81,1
137,-1,422.7,531.4,23.7,67.7,1
137,-1,29.5,604.7,63.4,176.6,1
137,-1,1013.5,506.4,19.2,43.4,1
137,-1,1407.7,526.4,23,65.4,1
137,-1,1821.2,673.7,99.8,306,1
137,-1,512.5,539,22.5,66.6,0.999
137,-1,1347.2,533.6,28.7,59.7,0.997
137,-1,1087,520.4,23.5,56.1,0.992
137,-1,724.4,512.8,16.6,34.1,0.988
137,-1,1197.5,521.9,24.6,59.6,0.969
137,-1,460.3,527.2,21.7,60.4,0.876
137,-1,473.4,529.9,21,61.5,0.808
137,-1,1123.2,521.5,20,51.4,0.788
137,-1,4.6,614.5,32.9,164.3,0.554
137,-1,1074.1,525.2,24,51.9,0.391
137,-1,1044.6,514,20,46.4,0.264
137,-1,1392,532.4,22.8,60.7,0.099
22,-1,1767.3,596.3,68.3,147.6,1
22,-1,1673.5,596.2,60.7,151.4,1
22,-1,1559,534,39,86.2,1
22,-1,1431.9,536.8,39.1,108.7,1
22,-1,60.7,617.2,63.6,173.7,1
22,-1,507.5,555.7,38.8,101.3,1
22,-1,467.2,551.3,35.9,101.5,1
22,-1,1516.4,520.6,32.5,82.3,1
22,-1,1069.4,496.4,17.7,32.5,0.998
22,-1,1205.1,494.6,15.5,38.6,0.997
22,-1,634.5,536.7,27.9,72.5,0.991
22,-1,1331,504.9,20,49.3,0.97
22,-1,599.6,537.4,26.1,69,0.962
22,-1,788.4,507.8,18.2,47.1,0.961
22,-1,1307.7,501,16.6,47.8,0.961
22,-1,1298.6,498.8,15.7,47.5,0.924
22,-1,799,508,18,48.5,0.921
22,-1,1316.1,501.9,19.2,49.8,0.913
22,-1,652.9,531.3,29.3,72.5,0.847
22,-1,809.6,512.2,17.6,47.6,0.739
22,-1,822.8,515.6,18.9,45.7,0.133
22,-1,769.4,505.1,17.9,44.6,0.051
226,-1,1723.7,544.2,73.8,148.8,1
226,-1,1352.6,548.8,52.1,140.6,1
226,-1,1201.2,556.7,55,126.1,1
226,-1,124.1,601.3,28.7,82.3,1
226,-1,1120.3,533.9,34,91.7,0.999
226,-1,1.9,590.4,27.8,92.9,0.999
226,-1,825.1,520.3,17.6,53.1,0.998
226,-1,1059.7,545.9,36.1,85.9,0.998
226,-1,1011.1,530.7,28.4,72.9,0.99
226,-1,971,532.1,25.3,69.7,0.965
226,-1,992.7,530.9,25.5,68.7,0.917
226,-1,390,539.3,14,35.3,0.781
226,-1,378.5,538.3,15,37.6,0.177
145,-1,1687.9,562,55.6,122.7,1
145,-1,77.9,578.6,48.6,139.4,1
145,-1,1545.6,547.9,45.5,124.1,1
145,-1,988.2,503.4,19.8,47.2,0.999
145,-1,474.3,539.8,23.5,65.9,0.999
145,-1,380.1,529,25,69.1,0.999
145,-1,1374.8,523.2,25.3,71,0.999
145,-1,1061.3,522.5,23.7,56.2,0.985
145,-1,1236.7,536.7,32.2,78.4,0.977
145,-1,1165.2,523.1,23.3,58.8,0.941
145,-1,1332,527.3,25.6,63.6,0.896
145,-1,435.9,528.2,22.6,62.6,0.865
145,-1,453.1,532.8,22.1,62.1,0.812
145,-1,1190.3,524.2,24.4,58.4,0.783
145,-1,1040.5,519.6,19.5,53,0.732
145,-1,1094.6,521.5,19.4,50.2,0.703
145,-1,1028.7,515.9,20.1,49.5,0.602
145,-1,1207.7,527.2,25.6,59.2,0.388
145,-1,998.1,506.3,21.7,50,0.157
376,-1,1552,693.1,112.1,231,1
376,-1,1455.3,727.1,88.5,246.7,1
376,-1,1349,662.7,82.5,216.5,1
376,-1,1708,608.3,50.7,149.3,1
376,-1,1371.2,575.1,54.4,109.5,1
376,-1,1455.6,578.5,44.3,94.4,1
376,-1,1508.7,573.2,43.1,104.7,0.998
376,-1,1570.4,571.5,29.6,106.6,0.949
376,-1,1.8,725.4,31.9,195.3,0.757
376,-1,1357.4,557.8,22.7,51,0.556
376,-1,1380.1,530,27.1,57.2,0.157
376,-1,1368.3,562.4,31.2,71.5,0.149
163,-1,1450.8,550.8,46,119.3,1
163,-1,1273.5,519.9,30.7,75.4,1
163,-1,917.8,506.4,20.8,48.5,1
163,-1,371.3,555.8,23.7,68.6,1
163,-1,270.6,546.7,25.9,70.9,0.999
163,-1,1102.3,519.2,24.9,63.7,0.997
163,-1,995.5,519.8,23.2,60.7,0.984
163,-1,308.5,539.8,26.3,73.1,0.954
163,-1,984.5,519.7,21.4,59.1,0.885
163,-1,1170.7,518.3,20.6,61.6,0.884
163,-1,1133.7,515.7,24,58.6,0.878
163,-1,1050.6,521.1,21.6,54.7,0.621
163,-1,338.5,545.1,23.5,66.8,0.51
163,-1,352.4,551.4,23.7,64.7,0.51
163,-1,948.9,511,20.6,46.6,0.454
163,-1,1061.3,519.6,44.2,60.1,0.144
163,-1,1183.3,524.8,24,63.2,0.134
163,-1,1254.6,522.1,23.6,63.6,0.074
185,-1,1367.4,542.6,50.3,127.2,1
185,-1,1611.7,553.1,53.3,129.8,1
185,-1,268.4,562.2,25.9,74,1
185,-1,862.8,506.9,20.1,50.2,1
185,-1,1167.8,538.3,41.3,102.4,0.999
185,-1,160.2,556.4,26.7,73.9,0.999
185,-1,1097.3,515,30.8,69,0.999
185,-1,1035.6,522.2,25.3,63.4,0.997
185,-1,490.3,515.8,16.1,40.4,0.991
185,-1,936.8,521.1,25,65.2,0.983
185,-1,199.6,542.3,24.9,73.5,0.957
185,-1,179.9,549.7,25.5,70.8,0.792
185,-1,925.2,518.4,23.5,60.8,0.743
185,-1,997.2,520.7,23.9,61.9,0.688
185,-1,1140.1,524.8,27.6,67.3,0.338
185,-1,1118.3,517.9,26.8,68,0.321
185,-1,908.4,515.5,19.7,54.4,0.229
240,-1,1393.1,547.6,50.9,145.1,1
240,-1,1855.7,533.5,65.3,159.2,1
240,-1,105.2,598.1,29,90.1,1
240,-1,1092.4,535.5,40.2,98.3,0.999
240,-1,841.4,517.9,20.6,50.3,0.999
240,-1,380.7,532.9,18.3,38.7,0.998
240,-1,1159.6,521.8,26.4,87.2,0.997
240,-1,1007.7,524.2,27.1,70.9,0.987
240,-1,1145.4,528.7,25.8,83.5,0.777
240,-1,1125.6,532,28.6,85.8,0.564
240,-1,1048.6,531,28.4,69.4,0.475
240,-1,1.8,590.8,18.6,92.1,0.109
240,-1,1182.8,514.3,23,81.3,0.083
240,-1,1030.4,526.6,32.8,70.8,0.081
247,-1,1431,550.3,49.3,153,1
247,-1,106.9,599.5,30.3,93.5,1
247,-1,908.6,527.9,27.9,68.9,1
247,-1,386.8,532.7,17.6,39.4,0.999
247,-1,862.6,519.2,19.5,49.3,0.999
247,-1,1032.7,526.6,34,71.2,0.998
247,-1,1194.8,523.2,25.3,73.7,0.939
87,-1,1672.2,585.4,75.3,185.4,1
87,-1,1774.2,555.2,52.2,106.1,1
87,-1,229,560.7,49.6,135.1,1
87,-1,282.3,569.6,51.1,131.3,1
87,-1,497.6,547.4,39,116,1
87,-1,445.6,560,42,105.9,1
87,-1,753,515.2,21.9,58.4,1
87,-1,679.6,505.3,20.6,59.5,0.999
87,-1,1374.4,520.2,26.1,60.9,0.999
87,-1,1530.2,518.8,22,53.3,0.998
87,-1,1236.5,504.7,23.4,48.2,0.997
87,-1,1607.1,512.6,25,62.1,0.992
87,-1,394.8,563.3,34.9,93.3,0.99
87,-1,970.5,495.6,13.9,30.3,0.99
87,-1,1189.3,497.3,20.5,41.4,0.989
87,-1,1336.7,509.8,24.3,53.1,0.964
87,-1,1353,515.9,23.6,50,0.914
87,-1,1212.6,502.9,20.3,40.5,0.826
87,-1,1557.1,517.4,22.7,53,0.804
87,-1,704.7,505.4,20.6,56.8,0.74
87,-1,692.6,504.2,19.5,57.6,0.623
87,-1,1712.6,538.2,32.4,84.4,0.515
87,-1,1315.5,508.5,21.5,51.5,0.351
87,-1,963.1,495.9,13.3,31.1,0.289
87,-1,524.9,537.1,32.4,92.9,0.22
87,-1,330.4,571.9,29.5,79.7,0.091
87,-1,1180,496.6,15.7,41,0.069
57,-1,1569.3,553.9,55.4,152.7,1
57,-1,1712.5,549.1,44,98.3,1
57,-1,1660.5,532.2,39.5,94.7,1
57,-1,427.6,561.9,47.1,122.2,1
57,-1,380.7,558.5,44.6,120.9,1
57,-1,1381.2,513.5,23.1,62.1,1
57,-1,752.1,510.5,22.2,52.3,1
57,-1,820.1,517.5,20.7,53.7,0.999
57,-1,1229.1,498.5,17.2,41.6,0.998
57,-1,1049.2,500.9,15.5,28.9,0.99
57,-1,629.1,538,33.1,88.6,0.985
57,-1,582.7,549.8,32,88.6,0.982
57,-1,550.3,552.3,30.6,85.4,0.982
57,-1,600.3,546.7,28.8,87.3,0.945
57,-1,1259.4,500.6,19.8,42.8,0.359
57,-1,1689.1,508.5,26.1,50.1,0.111
57,-1,1659.7,514.4,27.7,56.1,0.087
57,-1,1342.3,508.8,19.8,47.8,0.072
57,-1,1272.1,502.7,18.8,47.8,0.065
2,-1,264.4,579.5,47.3,144.5,1
2,-1,1528.7,559.5,53.6,120.3,1
2,-1,110.1,697.8,49.6,104.3,1
2,-1,187.7,565.6,48.9,152,1
2,-1,1616.4,555.6,57.5,122,1
2,-1,1374.3,514.7,33.8,95.1,1
2,-1,502.6,536.8,35.5,94,1
2,-1,652.4,518.5,27.8,73.2,1
2,-1,541.8,538.6,34.6,92.5,0.999
2,-1,1451.3,507.4,31.4,75,0.998
2,-1,1481.2,515.7,36.6,76.6,0.997
2,-1,3.9,655.3,41.1,224.7,0.996
2,-1,827.4,504.2,18.6,44.5,0.996
2,-1,1072.6,487.4,16.4,29.7,0.99
2,-1,1186.5,482.5,15.3,36.5,0.971
2,-1,797.1,499.3,18.8,45,0.949
2,-1,639.9,519.5,23.5,67.8,0.881
2,-1,814.8,502.3,18,44,0.788
2,-1,1878.3,582.1,30,86.2,0.786
2,-1,785.1,496.9,20.2,48.1,0.408
2,-1,1434.1,489.9,23.3,52.3,0.149
2,-1,1424.8,485.6,20.4,44.1,0.102
2,-1,1178.2,486.3,16,33.8,0.058
275,-1,1640.1,600.4,82.3,208.8,1
275,-1,18,604.9,39.3,102.3,1
275,-1,1086.2,531.1,37.3,74.4,1
275,-1,172.2,603.4,29.6,108.3,0.998
275,-1,994.6,515.5,23.6,43.7,0.996
275,-1,187.8,590.1,37.6,110.7,0.993
275,-1,1051.6,526.8,23.9,72.1,0.985
275,-1,495.6,530.7,17.8,43.7,0.983
275,-1,1150.6,523.3,30.5,72.8,0.943
275,-1,158.2,606.8,27.9,85.6,0.071
73,-1,1640.4,571.9,58.4,166.2,1
73,-1,367.8,557.7,50.7,127.8,1
73,-1,317.9,555.5,51.1,128,1
73,-1,1708.4,529.8,38,101.1,1
73,-1,1779.3,552.8,44,103.3,1
73,-1,727,506.2,21,56,1
73,-1,1391.4,513.1,26.2,64.8,0.999
73,-1,1566.4,520,23.8,54.5,0.999
73,-1,799.5,513.6,19.9,55.2,0.999
73,-1,527.2,550.4,40.5,98.4,0.998
73,-1,1020.1,493.3,15.3,34.9,0.997
73,-1,568.9,540.7,35,106.6,0.997
73,-1,1261.7,503.9,24.1,47.5,0.995
73,-1,478.1,557.2,30.4,83.4,0.978
73,-1,1230.3,497.7,18.8,40.2,0.97
73,-1,498,555.8,26,89.9,0.966
73,-1,1367,508.9,23.2,53.6,0.931
73,-1,1248.4,502.6,21.1,42.5,0.896
73,-1,1588.7,517.3,22.7,54.4,0.835
73,-1,1378.8,513.2,23.3,56.9,0.777
73,-1,1481.9,512.8,19.1,51.2,0.347
73,-1,1220.3,492.1,18.5,42.6,0.323
73,-1,453.1,558.7,26.2,69.7,0.125
102,-1,170.9,588.2,61.6,142.7,1
102,-1,117.6,585.8,53.5,140.6,1
102,-1,1711.4,615.4,83.8,211.1,1
102,-1,1770.2,567.5,45.4,105.4,1
102,-1,1684.2,550,38.3,111.5,1
102,-1,395,573.9,43.4,128.6,1
102,-1,1344.9,535.3,25.8,67.5,1
102,-1,336.4,585,46.1,116.5,1
102,-1,610.8,523.1,21.3,63,1
102,-1,1554.9,522.5,25,64.2,1
102,-1,296.8,585,39.3,115.4,0.999
102,-1,688.2,530.2,22.1,62.2,0.999
102,-1,1277.7,522.1,22.5,52.5,0.996
102,-1,1196.7,517.5,21.5,49.9,0.991
102,-1,903.4,510.6,12.9,31.1,0.99
102,-1,263.2,589.9,32,96.3,0.984
102,-1,1145,506.1,17.4,46.7,0.982
102,-1,433.6,558.8,34.1,104.4,0.976
102,-1,1492.5,531.5,24.7,56.6,0.97
102,-1,1479.8,529.3,22.4,55.4,0.948
102,-1,659.9,526.1,19.9,56.7,0.909
102,-1,1173.4,512.3,20.1,45.6,0.888
102,-1,647.1,522.6,20.7,58.1,0.844
102,-1,1215,520.2,20.8,47.9,0.718
102,-1,1226.2,519.9,21.3,48.7,0.669
102,-1,1504.5,524.8,41.1,63.9,0.144
102,-1,1364.7,533.9,21.1,57.1,0.115
354,-1,1453.1,661,71.7,193.2,1
354,-1,1580,625.6,87.6,195.1,1
354,-1,1392.4,605.2,74.7,196.4,1
354,-1,130.3,670.5,45.3,166.9,1
354,-1,73,704.7,40.6,152.2,0.999
354,-1,1528.3,550.1,34.2,92.1,0.999
354,-1,1352.5,609.9,56.7,189.5,0.996
354,-1,1454.8,555.1,39,87.8,0.992
354,-1,1349.8,522.7,25,55.5,0.972
354,-1,1420.9,551.2,38.5,84,0.765
354,-1,1409.6,548.5,27.8,67.8,0.25
354,-1,1365.1,536.8,25.9,54.5,0.211
354,-1,1381.3,544.9,29.9,68.7,0.163
91,-1,1680.7,586.7,80.1,204.2,1
91,-1,257.4,574.6,52,135.8,1
91,-1,1779.4,559.8,46.7,103.5,1
91,-1,202.6,571.7,48.7,133.3,1
91,-1,472.9,557.1,40.2,116.4,1
91,-1,736.1,519.8,21.3,58.9,1
91,-1,1367.5,523.8,28.5,65.7,1
91,-1,1225.2,508.1,23.5,50.5,0.999
91,-1,663.1,512.9,20.9,61.2,0.999
91,-1,417,568.8,41.2,106.1,0.999
91,-1,1593.6,515.2,24.4,59.1,0.997
91,-1,952.5,501.7,12.7,30.9,0.997
91,-1,1320.5,515.2,23.7,52.7,0.988
91,-1,385.8,570.8,34.7,104.6,0.987
91,-1,1519.6,520.9,25.3,57,0.986
91,-1,358.1,570.9,31.9,89.4,0.965
91,-1,1178.8,499.5,16.7,45.1,0.959
91,-1,1570,519.1,22.2,55.5,0.87
91,-1,497,549.1,33.9,103.8,0.779
91,-1,1508.2,521.6,21.4,52.3,0.646
91,-1,1241.6,509,21.3,49.2,0.64
91,-1,1356.4,523.8,23.1,56.8,0.466
91,-1,1407.7,522.5,19.9,46,0.123
91,-1,1486,522.3,20.6,45.6,0.055
149,-1,1682,566.5,49.1,120.3,1
149,-1,1520.5,552.4,52.4,118.7,1
149,-1,43.1,582.3,48.5,142.7,1
149,-1,359.7,530.2,25.2,72.1,1
149,-1,1355.3,522.5,31,73.8,1
149,-1,452.9,539.8,24,68.8,0.999
149,-1,974.3,505.7,20,47.6,0.999
149,-1,1048,520.9,24.9,57.8,0.982
149,-1,1159.6,519.5,24,60.4,0.946
149,-1,399.2,527.2,23.7,64.9,0.931
149,-1,1320.8,528.3,23.7,61.3,0.873
149,-1,1022.7,521.5,19.2,45.4,0.71
149,-1,1335.7,520.9,29.3,72,0.652
149,-1,1118.8,519.9,21,55,0.556
149,-1,1187.5,520.2,22.4,58.3,0.522
149,-1,432.5,534.6,24.1,68.1,0.473
149,-1,1203.4,524.5,21.8,56.7,0.114
147,-1,1685.5,567.6,50.2,118.7,1
147,-1,60.6,583.6,48.6,136.1,1
147,-1,1534,552.6,47.9,118.1,1
147,-1,980.8,505.2,20.1,45.9,1
147,-1,1367.5,525.7,26.3,70.2,0.999
147,-1,464.5,540.6,23,66.7,0.999
147,-1,369.9,526.6,25.3,70.9,0.999
147,-1,1059,521.4,23.2,57.3,0.989
147,-1,1164.3,521.6,23.8,61.2,0.953
147,-1,1328.1,528.9,25.8,63.7,0.905
147,-1,1048.5,520.8,20.7,56.2,0.904
147,-1,396,524.4,23.9,67.3,0.887
147,-1,1188.2,521.2,23.9,60.1,0.862
147,-1,440.5,535,24,65,0.774
147,-1,408.5,523,44.3,71.6,0.387
147,-1,1226.4,528.7,20.9,62.7,0.199
147,-1,1107.4,519.9,19.6,52.1,0.17
147,-1,1005.3,509.4,20,46.8,0.086
147,-1,1313.9,531.6,22.9,59.8,0.075
122,-1,1758.3,643.7,105.6,253.1,1
122,-1,207.8,590.2,50.3,148.6,1
122,-1,1738,562.4,55.9,112.2,1
122,-1,143,602.7,49.1,128.6,1
122,-1,1291.5,529,33.8,80.1,1
122,-1,1,598.6,53,158.3,1
122,-1,86,599.5,53.7,133.2,1
122,-1,275,567.1,41.1,117.8,1
122,-1,1071.8,505.8,18.3,41.8,1
122,-1,591.3,529.5,23.4,67.5,1
122,-1,1469.2,516.6,26.1,68.6,1
122,-1,507.6,524.7,20.7,63.7,0.999
122,-1,1137.2,518.5,22.4,53.7,0.998
122,-1,803.6,507.8,16.3,32.9,0.994
122,-1,1407.1,533.3,23,54.4,0.972
122,-1,1418.7,531.1,26.4,57.9,0.965
122,-1,1258.6,522.3,22.6,54.8,0.932
122,-1,1121,517.9,20.8,47.4,0.74
122,-1,561.6,526.7,37.7,63.3,0.252
122,-1,169.2,542.4,36.2,94.4,0.25
122,-1,1444.4,531.9,24.3,57.3,0.222
122,-1,492.6,522.6,18.2,59.4,0.079
340,-1,1442.1,601.2,73.2,170.8,1
340,-1,1361.8,572.4,79.7,165.5,1
340,-1,1852,523.3,41.9,128,1
340,-1,1347.3,522.1,47.7,79.6,1
340,-1,200.1,630.1,39.6,156.6,0.999
340,-1,155.3,663.9,38.2,136.6,0.999
340,-1,1581.3,580.5,50.7,170.2,0.994
340,-1,1324.4,494.9,23.4,52.5,0.938
340,-1,178.4,651.2,34.1,140.2,0.878
340,-1,1333.7,500,24.7,68.4,0.583
277,-1,1669.8,599.5,90.1,230.8,1
277,-1,20.5,604.2,39.7,105.2,1
277,-1,1097.5,531.1,37.5,71.9,0.999
277,-1,176.7,609.6,27.6,104.5,0.998
277,-1,1004.9,514.3,23.5,42.8,0.998
277,-1,1063.9,528.7,28.5,70.7,0.995
277,-1,189.2,596.4,35.4,110.3,0.986
277,-1,506.4,531.2,16.6,41.7,0.946
277,-1,1182.2,520.5,30.6,69.5,0.707
277,-1,1119.3,526.7,26.4,68.2,0.536
277,-1,1043.3,523.7,23.5,44.4,0.372
253,-1,1467.8,545.5,51.3,156.6,1
253,-1,935,532.7,27.2,68.3,1
253,-1,883.7,518.1,21.6,50.4,0.998
253,-1,119.6,601.5,31.6,97.8,0.998
253,-1,404.7,538.5,17,38.1,0.998
253,-1,1,599.8,21.2,100,0.795
336,-1,1351.6,558.9,96.8,170.3,1
336,-1,1830.8,522.5,41.3,128.3,1
336,-1,1424.2,589.8,74,172.5,1
336,-1,172.3,652.5,37.9,137.1,1
336,-1,1586.2,573.9,46.3,166.2,1
336,-1,216.3,621.6,41.2,149.6,0.999
336,-1,1323,498.5,24.1,58.3,0.994
336,-1,1,643.8,27.2,149.8,0.705
143,-1,1554.1,547.7,43.4,118.6,1
143,-1,1691.6,559.2,57.5,118,1
143,-1,97.4,581.8,45.8,134.8,1
143,-1,1243.3,533,32.9,84.3,1
143,-1,391.4,527.7,24.9,71.1,1
143,-1,484.4,535,23.5,70.6,0.999
143,-1,1382.6,522,25.3,70.3,0.999
143,-1,993.7,503.4,20.7,45.4,0.999
143,-1,1068.5,520.1,23.4,54.1,0.996
143,-1,1335.5,527.7,24.5,62.3,0.98
143,-1,1171.7,520.9,23.6,58.1,0.969
143,-1,429.6,524.6,23,62.1,0.914
143,-1,1159.5,521.8,21.9,55.2,0.874
143,-1,442.4,524.4,23.7,66.4,0.858
143,-1,1093,522.6,20.3,49.3,0.715
143,-1,1202.8,523.8,26.7,59.3,0.64
143,-1,1359.1,529.8,23.2,61.9,0.465
143,-1,1028.3,511.6,18.1,47.2,0.068
143,-1,1008,505.7,21.1,47.7,0.053
189,-1,1609.1,552.9,55,130.4,1
189,-1,1359.5,548,49.3,124.1,1
189,-1,919.6,522.2,27.6,64.7,1
189,-1,251.4,566.9,24.9,71,1
189,-1,141.9,561.3,27.3,75.8,0.999
189,-1,855.5,509.5,19.6,48.6,0.999
189,-1,1078.5,517.3,32,69.9,0.999
189,-1,475.6,521.5,16.2,40.3,0.996
189,-1,1170.2,537.2,41.8,98.6,0.996
189,-1,1023.7,521.4,25.7,63.6,0.963
189,-1,179,549.9,27.3,75.2,0.958
189,-1,1008.5,524.1,24.3,61,0.951
189,-1,1062.6,519.4,29.5,65.3,0.78
189,-1,166,561.3,26.1,69.9,0.688
189,-1,1124.1,521,25.1,66.7,0.661
189,-1,886.5,516.3,22,47.2,0.175
325,-1,1545.3,585.1,53.8,156,1
325,-1,12.3,646.5,57.2,143.8,1
325,-1,1764.8,545.2,38.9,109.7,1
325,-1,1414.7,610.5,65.1,143.9,1
325,-1,1372.3,576.5,63.4,158.3,1
325,-1,1222,527.8,24.5,55.2,1
325,-1,250.9,632,39.7,139.3,0.999
325,-1,215.2,659.1,33,127.3,0.999
325,-1,1299,515.4,24,61.2,0.996
325,-1,1270.2,519.7,20.3,51.5,0.279
325,-1,1283.8,515.6,24.5,57.6,0.154
94,-1,1686.6,604.6,80.2,193.4,1
94,-1,234,584.3,51.4,136.5,1
94,-1,183.6,576.4,52.2,140.2,1
94,-1,453.8,560,41.1,123.9,1
94,-1,1785.6,563.6,41.2,101.3,1
94,-1,1583.8,514.9,27.5,70.7,1
94,-1,1360.8,525.7,29.7,72.4,1
94,-1,723.6,525.3,20.6,60.6,1
94,-1,647.1,520.4,20.4,59.5,0.999
94,-1,361,577.5,38.7,109.5,0.999
94,-1,1218.3,512.5,23,51.1,0.998
94,-1,1507.1,525,25.1,58.1,0.997
94,-1,396.8,574.6,43.1,113,0.997
94,-1,938.5,506.5,14.1,31.4,0.995
94,-1,1168.5,501.4,17.7,45.1,0.99
94,-1,1311.1,517.9,23.7,53.8,0.985
94,-1,327.5,583.9,30.7,88.7,0.975
94,-1,1327,522.8,22.6,50.1,0.922
94,-1,1529.6,523.1,24.4,56.1,0.852
94,-1,677.4,518.5,19.2,55.4,0.819
94,-1,1180.8,505.1,20.5,47,0.694
94,-1,1252.1,516.6,20.9,46.4,0.646
94,-1,1346.3,523.8,25.1,59.3,0.39
338,-1,1435.7,595.9,71,168.1,1
338,-1,1360.2,569.7,86.1,162.5,1
338,-1,1840.5,521.7,43.1,127,1
338,-1,208.5,627.3,44.3,153,1
338,-1,161.8,660.1,37.7,137.4,0.999
338,-1,1590,579.9,46.2,165.7,0.999
338,-1,1344,521.4,45.8,83,0.998
338,-1,1324.9,499.2,23.7,53.1,0.962
338,-1,1331.2,511.4,34.8,68.8,0.211
58,-1,1573,551.8,55.8,153.5,1
58,-1,1665.9,530.6,40.6,96.9,1
58,-1,1715.1,546.3,45.7,100.1,1
58,-1,378.3,557.4,43.3,120.1,1
58,-1,423.7,558.3,47.8,124.2,1
58,-1,1382.9,512.6,23.4,61.1,1
58,-1,751.5,508.6,22.5,52.8,1
58,-1,819.7,515.7,20.7,53.4,0.999
58,-1,1048.8,498.3,15.2,30.2,0.995
58,-1,586.1,547.1,33.3,88.9,0.987
58,-1,1229,496.7,17.8,42.2,0.985
58,-1,1268.3,500.5,21.3,50.5,0.984
58,-1,548.4,550,31,88,0.984
58,-1,623.5,537,30.6,86.1,0.978
58,-1,566.8,549.6,30.8,89,0.957
58,-1,1682,516.8,30.8,60.8,0.257
58,-1,1489.2,509.7,17.1,49.3,0.144
58,-1,1721.1,503.4,25,51.5,0.079
182,-1,1375.8,546.8,49,120.6,1
182,-1,1612.6,552.6,49.4,130.6,1
182,-1,173.3,553.3,26.6,75,1
182,-1,282.3,558.8,26.1,71.7,1
182,-1,869.6,506.8,19.5,48.5,0.999
182,-1,952,519.9,27.7,67.2,0.999
182,-1,1043.8,521.2,24.2,63.7,0.997
182,-1,1108.4,513.6,28,68.9,0.997
182,-1,1176.4,538.4,36.5,93.7,0.979
182,-1,211.4,542.2,25.1,72,0.963
182,-1,930.1,517.3,22.5,53.4,0.736
182,-1,1198.7,535.2,32.5,82.3,0.735
182,-1,1088.4,518.4,25.6,61.2,0.728
182,-1,1127.3,515.8,26.6,66.6,0.56
182,-1,222.8,540.2,35.7,77,0.473
182,-1,248.1,545.5,23.1,69.8,0.285
182,-1,1162.8,532.5,25.5,75.4,0.263
182,-1,263.3,552.6,25,70.8,0.202
182,-1,883.1,504.8,22.7,52.5,0.152
182,-1,506.2,517.9,13.5,36.9,0.144
182,-1,1142.5,520.7,25,67.1,0.097
182,-1,497.2,514.3,13.8,41.3,0.081
292,-1,205.9,630.1,35.1,106.6,1
292,-1,42,622.7,49.9,115.9,1
292,-1,1286.3,556.8,50.5,120.4,1
292,-1,1857.1,536.5,63.9,215,1
292,-1,1084.7,510.5,24.6,49.8,1
292,-1,1332,541.9,44,123.2,0.999
292,-1,1227.4,526.9,28.3,78.3,0.98
292,-1,1203.5,526.4,28.5,76.7,0.98
292,-1,237,610.5,35.2,108.5,0.88
292,-1,1244.9,529.7,29.9,82.1,0.086
330,-1,1429.1,605,55.7,153.2,1
330,-1,1376.7,577.6,46.2,159.3,1
330,-1,1565.2,584,51.2,161.8,1
330,-1,1796.9,540.8,40.1,124.5,1
330,-1,2.4,643.9,52.3,148.4,0.999
330,-1,235.4,629.9,40.7,144.6,0.999
330,-1,1225.6,522,29.3,54.7,0.999
330,-1,197.9,657.8,31.7,129.4,0.998
330,-1,1313.5,511.9,23.5,58.8,0.997
330,-1,1263.1,515.7,21.1,48.9,0.229
330,-1,1408.7,600.8,40.8,136.2,0.149
5,-1,1545.8,564.1,56.9,123.1,1
5,-1,1640,562.6,63.4,127.3,1
5,-1,1386.9,519.4,34.9,98.2,1
5,-1,78.4,715,47.1,106.8,1
5,-1,163.6,576,49,156.1,1
5,-1,248.9,584.5,45.6,149.6,1
5,-1,499.3,544.5,36.2,95.6,1
5,-1,1496.3,521.1,35.9,77.1,1
5,-1,1460.3,507.4,32,81.2,0.999
5,-1,651,524.1,27.2,74.3,0.999
5,-1,542,544.8,32.7,91.9,0.999
5,-1,828.6,508.4,18.8,46.3,0.995
5,-1,1191.7,487.6,18.1,37.3,0.995
5,-1,1074.9,495.5,15.1,25.3,0.962
5,-1,790,501.8,19.6,48.6,0.961
5,-1,811.9,506.1,17.1,44.2,0.923
5,-1,1482.2,515.7,29.2,74.1,0.447
5,-1,1277.4,495.7,14.6,45.3,0.401
5,-1,775.8,500.2,18,47,0.051
6,-1,1556.7,574.4,54.8,123.8,1
6,-1,1391.2,533.1,34.9,97.8,1
6,-1,1647.3,572.6,63,128.8,1
6,-1,240.2,597,47.9,151.7,1
6,-1,68.4,735.8,43.6,101.9,1
6,-1,153.7,591.7,48.3,150.2,1
6,-1,500.5,556.7,34.2,95,1
6,-1,1500.6,531.7,39.3,77.1,1
6,-1,541,556.4,33.6,93.1,0.999
6,-1,1465.4,519,32.6,80.5,0.999
6,-1,651.6,537.1,28.3,72.1,0.999
6,-1,832.4,519,19.1,48.5,0.991
6,-1,1192.5,497.1,15.1,38.7,0.985
6,-1,1078.4,503.2,13.3,28.9,0.981
6,-1,793.1,514.6,18.9,47.3,0.962
6,-1,810.7,516.9,18,45.1,0.93
6,-1,1283.8,501.3,14.6,47.1,0.923
6,-1,633.4,538.5,24.8,66.1,0.866
6,-1,523.7,557.1,26.9,90.8,0.496
6,-1,1385.8,516.3,21.8,51.6,0.068
26,-1,1704.4,605.9,62.1,161.7,1
26,-1,1803.7,601.3,75.8,164.5,1
26,-1,1442.2,543.3,41.8,110.6,1
26,-1,502.4,563.3,39,104.9,1
26,-1,1528.2,529.9,33.5,79.3,1
26,-1,1575.2,541.8,40.8,83.4,1
26,-1,457.2,556.1,38.5,108,1
26,-1,10.4,637.4,66.7,188.9,0.999
26,-1,626.7,540.9,28.3,79.5,0.999
26,-1,1069,502.1,16.8,30.4,0.999
26,-1,1209.6,499.7,16.5,38.2,0.997
26,-1,1337.1,510.9,21.3,51.9,0.995
26,-1,663.3,532.8,29.3,74.4,0.965
26,-1,607.2,545.4,26,73.8,0.941
26,-1,1312.5,505.2,17.4,48,0.927
26,-1,1564.7,526.1,23.1,54.1,0.812
26,-1,1593.3,520.1,24.3,51.9,0.395
26,-1,579,543.6,22.2,65.6,0.097
26,-1,1289.7,501.3,14.1,47.4,0.055
30,-1,1735.3,620.9,67.3,163.9,1
30,-1,1453.5,548.8,46,119.3,1
30,-1,1840.4,615.5,76.4,170.5,1
30,-1,494.6,574.2,39.3,104.2,1
30,-1,1540.3,537.8,33.3,82.5,1
30,-1,448.5,571.5,37.5,105.1,1
30,-1,1591.6,545,40.1,90.6,1
30,-1,1209.7,508.3,17.1,39.2,0.998
30,-1,1066.2,510.7,15.5,30.3,0.998
30,-1,621.6,553.2,28.7,78.2,0.994
30,-1,661.1,540.8,31.9,75.1,0.961
30,-1,605.3,554,26.6,77.1,0.951
30,-1,588.4,554.5,25.1,72.3,0.95
30,-1,1312.4,512.2,16.3,49,0.919
30,-1,1323.5,514.9,15.7,47.7,0.693
30,-1,1597.4,529.7,25.9,57.2,0.656
30,-1,1569.1,530.8,25.9,58.3,0.524
30,-1,1331.9,518.7,15.6,47.7,0.153
31,-1,1743.6,625,66.6,163.9,1
31,-1,1849.3,624.3,71.7,174.3,1
31,-1,492.8,586.2,40.3,106.2,1
31,-1,1457.6,553.5,45.1,122.2,1
31,-1,1544.9,540.5,32.6,86.7,1
31,-1,445.6,584.7,37.8,106.6,1
31,-1,1597.1,552.2,38.7,87.6,1
31,-1,1067.4,515.3,15.9,35.1,0.998
31,-1,1211.2,514.4,17.5,41.1,0.998
31,-1,619.5,566.5,29.2,78.1,0.987
31,-1,660.6,558.9,29.9,75.3,0.985
31,-1,591.8,568.5,28.4,70.4,0.969
31,-1,829.5,539.3,18.3,52.3,0.962
31,-1,645.9,562.9,27,74.4,0.92
31,-1,579,572.6,24.9,65.9,0.763
31,-1,1567.6,526.2,25.9,55.3,0.619
31,-1,813.5,539.8,21.3,51.8,0.187
31,-1,1330.2,523.6,15.8,49.5,0.154
31,-1,1312.5,520.1,15.2,46.5,0.145
33,-1,1462.9,542.7,46.3,123.3,1
33,-1,488.2,568.6,39.3,108.1,1
33,-1,1765.4,619.1,70.4,163.7,1
33,-1,1553.7,530.2,32.3,82.5,1
33,-1,440.4,566.6,37.9,108.5,1
33,-1,828.4,523.7,19.1,52.9,0.999
33,-1,1610.2,543.8,38.4,84.7,0.999
33,-1,618.4,550,30,81.5,0.998
33,-1,1066.2,507.9,15.1,29.9,0.996
33,-1,1211.9,504.2,17.6,37.4,0.995
33,-1,1873.6,617.6,47.4,173.1,0.986
33,-1,585.4,550.7,27.3,69.7,0.964
33,-1,655.6,542.9,27,67.9,0.945
33,-1,1596.5,525.4,22.3,53.3,0.842
33,-1,768,529.6,19.6,52.3,0.21
33,-1,783.3,524.7,19.4,49.6,0.162
33,-1,814.6,528.5,17.2,47.2,0.147
33,-1,1317.4,513.8,16.3,43.7,0.142
33,-1,1483.1,508,21.8,42.8,0.081
34,-1,1467.1,547.8,46.7,120.5,1
34,-1,484.9,572.8,40.4,107.9,1
34,-1,1771.1,621.6,74.2,167.3,1
34,-1,1556.8,532,32.3,82.4,1
34,-1,440.4,569.9,37,110.1,1
34,-1,827.1,529.5,19.3,49.9,1
34,-1,1614.7,548.2,39.2,82.3,1
34,-1,616.1,554.3,32.5,81,0.998
34,-1,1213,506.4,16.6,38.9,0.997
34,-1,1064.5,510.9,15.5,29,0.987
34,-1,583.4,554.4,26.1,67.6,0.927
34,-1,1598.9,522.5,22.7,53.8,0.864
34,-1,599.7,549.6,25.6,80.8,0.779
34,-1,655.8,549.8,26.1,61.8,0.669
34,-1,1631.1,519.9,22.5,49.4,0.145
34,-1,761.2,535.9,17.9,48,0.103
34,-1,461.5,574.1,30,100.7,0.093
34,-1,782,527.7,17.7,46.4,0.072
46,-1,1516.8,550.6,50.2,130.6,1
46,-1,1612.5,524.3,36.5,94.6,1
46,-1,460.8,561.2,42.1,113.4,1
46,-1,1661.5,542.3,43.7,93.5,1
46,-1,413.5,555.1,39.1,112.6,1
46,-1,759.7,507.8,22.8,53.2,1
46,-1,604.1,542.1,32.1,89.4,0.999
46,-1,826.3,514.6,20.2,54.5,0.998
46,-1,645.8,531.6,33.9,87,0.998
46,-1,1223.6,496.6,16.7,41.4,0.998
46,-1,1057.1,501,14.5,29.5,0.994
46,-1,1365.7,510.4,22.2,58,0.988
46,-1,574.9,546.5,27,80.6,0.961
46,-1,1669,508.7,27.1,60.3,0.807
46,-1,1579.1,516.1,23.2,54.5,0.695
46,-1,1541.1,512.2,20.3,42,0.61
46,-1,1503,509.5,20.2,42.8,0.475
46,-1,1479.9,507.1,18.1,45.4,0.319
46,-1,1347.7,509,20,48.7,0.226
46,-1,1686.1,498.8,28.8,63.4,0.209
46,-1,1565.5,502.5,50.1,85.1,0.061
69,-1,1623.1,570.1,59.5,161.5,1
69,-1,339.7,552.9,48.4,129,1
69,-1,386.7,561.3,49,121.6,1
69,-1,1702.5,531,39.9,103.3,1
69,-1,1762.1,553.4,46.5,100.3,1
69,-1,1393.1,514.4,25.5,62.7,1
69,-1,737.6,508,21.9,54.6,0.999
69,-1,810,516.1,20.9,54.4,0.999
69,-1,1483.1,509.4,23.7,58.5,0.999
69,-1,542.9,549.3,39.1,98.3,0.998
69,-1,1269.4,505.3,24.4,49.2,0.997
69,-1,582.7,540.6,39,104.1,0.997
69,-1,1030.3,497.5,16.2,32.9,0.996
69,-1,1578.3,519.4,22.6,54,0.991
69,-1,1660.3,512.3,28.9,61.8,0.989
69,-1,1230,498.6,17.3,40.7,0.983
69,-1,510.5,553.6,34.2,91,0.981
69,-1,1246.7,502.1,19.5,41.7,0.91
69,-1,495.8,553.6,29.8,84.3,0.903
69,-1,777.1,511.6,19.5,50.8,0.839
69,-1,766.8,509.7,19.6,50.7,0.834
69,-1,1591.3,521.5,23.1,51.4,0.821
69,-1,1676.5,521.5,26.1,53.1,0.809
69,-1,1366.4,510.9,22.9,48.8,0.731
69,-1,1566.9,520.5,19.8,51.7,0.703
69,-1,477.2,548.9,28.6,77.1,0.384
69,-1,1021.4,494.4,15.2,33,0.096
69,-1,1553.6,519.9,18.9,46.8,0.058
84,-1,1666,578.8,70,182.2,1
84,-1,1774.8,550.8,48.6,106.2,1
84,-1,249.2,557.1,49.8,135.2,1
84,-1,302.1,564.4,52,130.9,1
84,-1,1711,529.6,39,107.5,1
84,-1,690.3,504.1,20.9,59.7,1
84,-1,764,510.5,20.3,60,0.999
84,-1,462.4,552.3,43.7,107.4,0.999
84,-1,1379.3,515.2,25,66,0.999
84,-1,1242.7,503.3,24.5,47.3,0.998
84,-1,513.5,540.8,40.4,115.2,0.998
84,-1,1536.4,516.7,23.8,54.1,0.997
84,-1,979.3,493.9,13.8,32.7,0.997
84,-1,1198.3,493.3,18.8,41.4,0.995
84,-1,409.2,559.6,31.5,89.6,0.994
84,-1,421,557.7,54,96.4,0.944
84,-1,1338.9,506.5,24.5,53.3,0.936
84,-1,1560.7,515.2,22.8,55.2,0.914
84,-1,1360.9,511.2,23.9,53.5,0.811
84,-1,1212.9,495.5,19.6,43,0.801
84,-1,1226.9,501.7,22.7,42.4,0.731
84,-1,537.5,532.1,35.3,101.4,0.659
84,-1,1575.4,513.6,22,55.9,0.6
84,-1,1293.2,504.7,20.4,48.3,0.064
89,-1,1678.3,586.5,75.5,191.7,1
89,-1,1775.8,556.1,50.5,105.7,1
89,-1,270.8,571.1,51.8,130.3,1
89,-1,216.1,568.9,47.8,129.5,1
89,-1,1370.7,521.3,27.4,66.1,1
89,-1,671.6,506.9,20.9,61.6,0.999
89,-1,487,547.6,41.7,120.4,0.999
89,-1,433.2,562.7,40.1,107,0.999
89,-1,745.2,518.9,21.3,57.1,0.999
89,-1,1523.4,517.8,23.9,55.1,0.998
89,-1,1603.8,513,24.1,60.6,0.996
89,-1,1233.1,507.8,23.2,48.4,0.996
89,-1,961.1,498.1,13.2,31.6,0.995
89,-1,383.8,568.9,32.1,95.7,0.984
89,-1,1186.5,498.2,19.5,43.7,0.981
89,-1,402.6,565.1,34.6,103.2,0.965
89,-1,1325.3,513.3,26,52.6,0.964
89,-1,367.3,570.1,27.7,82.2,0.929
89,-1,1219.7,505.8,22.1,45.2,0.87
89,-1,723.8,513.7,18.8,53.6,0.718
89,-1,1572.9,516.8,22.7,53.1,0.674
89,-1,1357.8,519.3,23.6,57.6,0.6
89,-1,1250.2,510.4,23.6,49.1,0.308
89,-1,1311.3,510.7,23.4,50.4,0.186
89,-1,1706.3,536.2,36.6,81.5,0.181
89,-1,464.9,556.9,37.5,109.4,0.136
89,-1,1506.1,519,18.7,48,0.107
89,-1,1176.6,497.5,17.9,43.2,0.089
90,-1,1679.6,585.8,77.5,197.3,1
90,-1,1776.7,555.3,49.4,106,1
90,-1,207.6,570,49.2,135.2,1
90,-1,265.1,574.3,50.1,133.3,1
90,-1,1368.9,523.6,27.8,65.8,1
90,-1,741.3,519.2,21.2,59.1,1
90,-1,480.1,550.9,39.4,118.6,0.999
90,-1,667.9,511,20.7,60.9,0.999
90,-1,1227.7,508.1,23.2,48.5,0.999
90,-1,1597.6,513.3,25.1,60.3,0.999
90,-1,1519.6,519.2,24.8,57.6,0.997
90,-1,425,564.3,40.2,109.7,0.997
90,-1,956.4,498.8,14,32.1,0.996
90,-1,392.6,566.9,36.1,107.4,0.995
90,-1,1321.9,515.6,25,51.7,0.97
90,-1,1186,499.2,19,45,0.962
90,-1,500.8,547.6,37.8,108,0.942
90,-1,367.4,570.2,29,91.5,0.937
90,-1,1576.7,516.2,22.6,55.6,0.818
90,-1,1176.3,497.7,18.1,45.3,0.302
90,-1,1250.7,510.9,22.8,49,0.272
90,-1,1309,513.2,21.8,49.5,0.225
90,-1,1508,520.7,19.7,51.2,0.203
93,-1,1683.6,594.9,82.6,205.6,1
93,-1,241.4,580.9,53.5,138.3,1
93,-1,187.8,570.4,53.2,144.7,1
93,-1,1785.8,562.8,42.2,101.5,1
93,-1,462.5,560,40.4,121.6,1
93,-1,1587,515.3,27.3,66.9,1
93,-1,1364.4,527.1,29.3,69.7,1
93,-1,728.7,523.2,21.3,60.2,1
93,-1,651.4,518.8,20.7,59.7,0.999
93,-1,403.7,573.6,43.2,110.9,0.999
93,-1,1220.2,511.6,22.7,51.4,0.999
93,-1,1510.5,524.4,25.4,57.6,0.995
93,-1,1314.8,517.8,22.7,52.5,0.994
93,-1,942.1,506.2,14,31.8,0.993
93,-1,368.8,574.8,41.2,110,0.991
93,-1,1172.9,501.9,17.4,43.8,0.99
93,-1,336.6,578,30.5,91.5,0.969
93,-1,1331.4,521.2,23,53.3,0.886
93,-1,1524.3,523.3,24.5,57.7,0.787
93,-1,1248.4,514.6,19.9,48,0.397
93,-1,1487.4,525.8,21,45.5,0.3
93,-1,497.6,555.8,28.9,79.2,0.22
93,-1,933.5,504.9,13.3,34.6,0.133
93,-1,1406.2,526.9,22.3,45,0.094
96,-1,1693.3,603.9,81.4,200.9,1
96,-1,1782.8,563.9,42.3,104.1,1
96,-1,169.9,577.9,51.8,145.2,1
96,-1,440,566.3,42.7,129.3,1
96,-1,215.1,583.9,57.1,145.1,1
96,-1,1577.5,519.9,27.7,66.9,1
96,-1,1355.4,530.8,29.9,70.8,1
96,-1,639.8,522.2,20.9,62.2,1
96,-1,715.1,529.2,20.8,61.9,1
96,-1,383,579.1,43.7,113.9,1
96,-1,345,579.6,40.6,113.5,0.998
96,-1,1499.4,527.6,24.6,56.4,0.995
96,-1,930.2,509.3,12.8,30.5,0.991
96,-1,1165.5,504.8,18.4,45.9,0.986
96,-1,1304,520,24,54.8,0.983
96,-1,319.9,584.9,32.1,96.2,0.977
96,-1,1214.9,516.6,23.5,50.2,0.975
96,-1,469.9,556.3,36,99,0.917
96,-1,1541.9,523.2,24.3,57.7,0.862
96,-1,1189.1,513,20,45,0.859
96,-1,1179.3,509.8,19.1,44.7,0.851
96,-1,702.5,528.1,20.1,57.8,0.678
96,-1,680.6,525.4,19.5,54.4,0.66
96,-1,1335.9,527.9,25.4,53.4,0.585
96,-1,1257.2,521.7,20.4,45.1,0.379
96,-1,300,581.7,30.5,91.9,0.221
96,-1,1272.6,520.6,21,47.5,0.158
96,-1,1697.4,545.6,39.7,103.3,0.056
103,-1,162.7,590.4,65.1,143.1,1
103,-1,108.9,585,54.5,142.6,1
103,-1,1714.8,615,83,215.7,1
103,-1,1769.2,567.2,46.1,104.9,1
103,-1,385,575.5,45.5,125.9,1
103,-1,1682.1,550.1,37.5,111.7,1
103,-1,330.1,586.5,45.7,114.5,1
103,-1,1343.7,535,24.8,66.9,1
103,-1,287.6,586.3,39.9,116,0.999
103,-1,683.9,529.6,22.4,63.4,0.999
103,-1,607.1,524.5,19.7,62.3,0.999
103,-1,1551.2,521.3,24.7,60.4,0.999
103,-1,1195.7,518.3,21.1,49.2,0.994
103,-1,1276.4,523.5,22.8,52,0.992
103,-1,1142.9,505.7,17.9,45.5,0.991
103,-1,898.8,509.5,13,32.4,0.988
103,-1,259.2,591.1,32.2,98.2,0.985
103,-1,1490.5,530.6,23.8,56,0.961
103,-1,1476.3,529.2,22,54.7,0.953
103,-1,655.3,523.9,21.7,58.9,0.896
103,-1,1174.3,512.2,18.6,45.5,0.86
103,-1,672.8,528.4,20.5,60.4,0.844
103,-1,1230.1,521.7,21.7,48.6,0.74
103,-1,1219.4,522,20.2,47.4,0.733
103,-1,312.4,589,36.6,113,0.397
103,-1,1501.3,525.1,41.8,61.7,0.103
103,-1,1366.2,535,20,54.7,0.054
104,-1,1716.7,621.4,82.2,215.1,1
104,-1,1767.6,569.5,47,104.9,1
104,-1,153.6,588.7,66.7,143.5,1
104,-1,98.9,582.3,57,142.3,1
104,-1,1680.5,550.7,36.6,110.3,1
104,-1,321.7,584.9,45.7,113.8,1
104,-1,1340.5,536.4,25.5,68.7,1
104,-1,680.3,528.4,20.6,64.5,1
104,-1,373.7,575.6,46.7,128,0.999
104,-1,601.6,523.9,20.6,62.1,0.999
104,-1,277.5,585.3,42.1,115.2,0.998
104,-1,1548.3,523,24.6,59.3,0.998
104,-1,1137.2,506.1,19.2,46.9,0.998
104,-1,1196.1,519.2,21,48.6,0.995
104,-1,412.3,557.6,40.2,111.3,0.992
104,-1,895.4,508.3,13.5,33.5,0.987
104,-1,1493.9,532.6,24.8,56.8,0.985
104,-1,1270.5,522,21.1,53.8,0.978
104,-1,250.8,593.6,31.5,96.8,0.971
104,-1,1479,532,22.4,54.9,0.957
104,-1,1173.8,513.8,19.9,44.7,0.855
104,-1,1216.9,521.6,20.7,47.8,0.682
104,-1,1291.6,525.6,22.2,51.1,0.13
104,-1,1355,537.1,22.3,58.8,0.052
105,-1,1717.5,621.7,86.3,216.7,1
105,-1,91.3,581.8,54.4,143.8,1
105,-1,1768.1,568.1,45.3,103.9,1
105,-1,145.2,587.7,65.7,147.8,1
105,-1,1678,549.9,36,110.2,1
105,-1,369.5,577.8,43.1,128.6,1
105,-1,309.7,586.9,46.7,116.2,1
105,-1,675.6,529.3,21.2,64.6,1
105,-1,268,587.1,38.1,116.8,1
105,-1,1338.8,535.2,25.8,70.1,1
105,-1,596.6,524,21,62.4,0.999
105,-1,1544.1,523.9,25.5,61,0.998
105,-1,1133.9,507.7,18.2,45.4,0.997
105,-1,889.5,509.2,13.8,32.7,0.996
105,-1,1496.1,531,24.6,58.3,0.996
105,-1,1192.1,518.8,21.9,50,0.992
105,-1,409.1,556,39.1,109.9,0.991
105,-1,238.8,593.9,30.5,96.4,0.968
105,-1,1476.6,531.7,21.9,53.7,0.915
105,-1,1267.8,522.3,20.8,53.6,0.914
105,-1,1179.7,517.6,20.4,46.1,0.904
105,-1,1227.9,521.5,21.6,50,0.601
105,-1,1305.6,529.6,22.7,49.7,0.436
105,-1,1144.3,511,19.9,45.7,0.361
105,-1,1282.5,524.1,23.7,52.9,0.209
105,-1,1358.6,536.2,22,54.4,0.148
109,-1,1725.9,625.8,92.4,226.7,1
109,-1,110.3,589.9,68.3,144.5,1
109,-1,1666.8,549.9,37.6,110.9,1
109,-1,336.9,573.4,45.2,136.7,1
109,-1,56.4,578.1,55.3,148.7,1
109,-1,274.2,580.4,49.4,129.3,1
109,-1,657,527.3,22.7,64.6,1
109,-1,1328.9,533.3,27.7,72,1
109,-1,233.1,587,40.8,119.5,0.999
109,-1,579,521,20.6,61.1,0.999
109,-1,1120.5,505,20.4,45.6,0.998
109,-1,379.2,558,40.1,113.1,0.997
109,-1,1528.7,524.8,25,63,0.993
109,-1,870.6,507.8,14.9,34.6,0.993
109,-1,1181.2,518.9,23.5,49.9,0.985
109,-1,198.2,594.4,33.8,100.5,0.981
109,-1,1487.2,532.4,26.7,59.2,0.975
109,-1,1466.1,531.9,23.2,55,0.945
109,-1,630.9,523.6,20.9,58.6,0.904
109,-1,619.3,523.5,20,55.2,0.85
109,-1,642.9,525.1,19.9,60.6,0.817
109,-1,1155.3,515.7,19.5,43.4,0.763
109,-1,1137.2,509.4,20.3,44.3,0.394
109,-1,1444.6,528.4,20.7,52.2,0.217
109,-1,1220.8,520.7,18.9,48.8,0.078
109,-1,4.8,586.7,29.5,139.8,0.074
110,-1,1729.5,627.6,91.6,227.4,1
110,-1,265.9,581.5,48.6,128.7,1
110,-1,101.1,588.4,69.3,147.2,1
110,-1,1664.2,549.2,38.1,113.6,1
110,-1,326.3,574.2,47.1,131,1
110,-1,45.5,577.9,54.9,146.3,1
110,-1,371.2,560.2,40.3,108.9,1
110,-1,1324.2,532.9,29.2,71.5,0.999
110,-1,221.1,590.3,41.5,118.7,0.999
110,-1,652.5,526.1,22.2,64.6,0.999
110,-1,574.4,520,20.2,60,0.999
110,-1,1116.3,504.6,20.4,46.2,0.998
110,-1,1521.5,524.6,24.3,61.8,0.997
110,-1,863.9,507.6,15.5,33.4,0.995
110,-1,1178.5,518.6,23.5,50.8,0.991
110,-1,189.4,594.9,32.1,97.5,0.981
110,-1,1477.6,532.6,26.2,57.4,0.97
110,-1,1461.5,535.7,23.9,53.3,0.912
110,-1,623.2,524,20.2,56.1,0.868
110,-1,1503.9,528.4,23.8,58.3,0.862
110,-1,638.2,524.5,20.8,60.6,0.849
110,-1,1160.4,518.1,19.7,44.8,0.772
110,-1,1143.3,512.1,19.3,43.4,0.649
110,-1,1446.1,530.3,20.2,51.5,0.527
110,-1,1128.6,506.6,21.8,46.3,0.357
110,-1,356.3,566.2,29.5,119.7,0.308
110,-1,1767.9,571.7,39.7,96,0.172
110,-1,69.1,585.2,220.7,131.3,0.123
116,-1,1744.6,633.4,98.8,242.1,1
116,-1,269.2,579.9,47.6,141.5,1
116,-1,205.8,591.5,47.2,132,1
116,-1,47,594.2,62.9,152.5,1
116,-1,1747.4,565.1,57.7,100.8,1
116,-1,153.7,597.5,47,118,1
116,-1,321.4,563.6,41.5,111.9,1
116,-1,1493.6,522.3,26.2,67.6,1
116,-1,540.9,524.2,20.9,63.1,1
116,-1,1,591.3,48,152.7,0.999
116,-1,1094.1,506,19.8,45.2,0.999
116,-1,621.7,528.5,23.5,67.6,0.999
116,-1,834.3,509.2,16,34.1,0.995
116,-1,1157.9,520.2,22.1,51.8,0.99
116,-1,1429.2,532.5,24.9,57.4,0.983
116,-1,1306.8,532.8,25.3,66.8,0.977
116,-1,1447.4,531.6,26.7,60,0.963
116,-1,1282.1,527,22.4,54.9,0.937
116,-1,1145.9,519.3,20.9,47.4,0.924
116,-1,138.7,601.4,33,106.6,0.857
116,-1,590.9,525,20.4,55.3,0.81
116,-1,609.8,527.9,21.5,61.8,0.675
116,-1,1181.9,520.8,19.5,51.1,0.42
116,-1,1119.4,512.5,18,44.6,0.364
116,-1,1416.4,529.5,22.1,55.8,0.303
116,-1,1243.1,520.6,18.9,53.9,0.08
127,-1,1775.1,649.5,115.4,269.5,1
127,-1,1726.2,562.8,55.3,113.3,1
127,-1,29.7,615.3,55,136.2,1
127,-1,151.5,594.6,54.8,160.1,1
127,-1,235.1,573.2,44,124.5,1
127,-1,87.8,612.6,52,132,1
127,-1,1280.5,532.4,29.2,77.9,1
127,-1,480.5,527.7,22,65.8,0.999
127,-1,1053.4,506.5,18.5,43.8,0.999
127,-1,564.9,535.2,24.2,66.1,0.999
127,-1,1447.3,522,26.3,66,0.998
127,-1,1120.4,520.8,23.6,54.4,0.997
127,-1,1396.1,533.3,27.4,58.6,0.995
127,-1,775.9,511.5,15.6,32.2,0.982
127,-1,1244.2,525.3,23.3,55.1,0.962
127,-1,540.1,530.3,21,60.7,0.892
127,-1,1104.8,519.4,19.1,50.3,0.834
127,-1,1088.7,516,19.2,44.5,0.759
127,-1,1414.8,533.5,24.1,58.3,0.604
127,-1,1219.7,523.5,20.1,50.7,0.45
127,-1,1157,521.4,19.7,49.3,0.439
127,-1,1063,508.6,21.2,46.8,0.363
132,-1,92.1,605.4,54.8,161.4,1
132,-1,1798.1,661.9,119.1,276.8,1
132,-1,1711.4,560,64.2,115,1
132,-1,1267.6,533.1,32.2,81.4,1
132,-1,29.4,612,55.8,148.1,1
132,-1,193.4,575.5,42.1,128.1,1
132,-1,1034.2,507.1,18.4,44.4,1
132,-1,452,528.2,22.4,66.4,1
132,-1,538.6,537.1,23.2,65.9,1
132,-1,1427.5,523.5,24.2,66.6,1
132,-1,1103,520.8,23.5,54.5,0.997
132,-1,749.9,511.1,17.1,33.7,0.996
132,-1,1370.4,534.4,26.6,57.3,0.994
132,-1,1222.4,522.3,24,56.9,0.983
132,-1,503.7,528.1,20.9,59.8,0.877
132,-1,1116.9,523.1,21.3,52,0.832
132,-1,1085.4,522.2,19.2,45.6,0.777
132,-1,1244.5,531.5,25.1,58,0.742
132,-1,1589.8,548.9,40.1,117.1,0.736
132,-1,1050.2,509.5,18.9,48.3,0.099
134,-1,1707.6,562.3,61.5,116.8,1
134,-1,175.2,580.2,44.4,128.8,1
134,-1,65.9,604.4,58.4,166.8,1
134,-1,1585.5,551,42,116.3,1
134,-1,1808,665.1,113,297.4,1
134,-1,1262.9,537,31.8,79.4,1
134,-1,7.9,619,55.7,152.3,1
134,-1,1418.1,525.3,26.3,66.1,1
134,-1,529.2,539,22.6,65.9,0.999
134,-1,1025.2,507.2,18.8,46.1,0.999
134,-1,438.8,531.6,23.5,66.3,0.999
134,-1,1360.2,534.2,27.5,59.2,0.996
134,-1,740,512.2,16.1,33.4,0.994
134,-1,1096.6,522.1,23.9,54.6,0.994
134,-1,1209.9,523,24.6,58.1,0.978
134,-1,1389.8,530.8,25,58.2,0.899
134,-1,1230.3,527.5,24.8,55.4,0.87
134,-1,1122.1,521.3,20.1,50,0.812
134,-1,1082.3,523.8,21.1,49.5,0.747
134,-1,1188.2,523.3,20.4,51.6,0.591
134,-1,1057.9,515.1,18.8,47.6,0.32
134,-1,1043.5,510.9,20.2,47.5,0.25
134,-1,1348,535.1,23.6,55.9,0.077
138,-1,138.5,581,45.9,132.7,1
138,-1,1698,561.8,62.2,114.8,1
138,-1,1570.9,549.7,43,117.5,1
138,-1,14.7,605.6,64.6,172.7,1
138,-1,1251,535.9,33,79.3,1
138,-1,1010.2,506.5,19,43.6,1
138,-1,507.9,539.4,23.4,66.9,1
138,-1,1404.3,525,23.3,65.8,1
138,-1,416.3,532.7,23.6,66.2,0.999
138,-1,1828.7,679.4,92.3,305.8,0.999
138,-1,1343.3,532.7,28.1,59.5,0.998
138,-1,1083.1,520.4,23.8,55.2,0.997
138,-1,1195.8,521.2,23.9,59.5,0.986
138,-1,717.1,511.3,15.2,32.5,0.915
138,-1,463.9,528.9,21.5,58.5,0.835
138,-1,480.8,532.2,22.2,61.1,0.758
138,-1,1051,518.5,19,44.5,0.404
138,-1,403.7,531.7,19.9,62.7,0.142
138,-1,1132.9,520.7,20,49.2,0.11
138,-1,1278.4,532.8,24.4,62.4,0.084
141,-1,112.5,580.5,47.8,137.9,1
141,-1,1693.6,560,60.7,117.1,1
141,-1,1560.9,546.4,42.8,120.3,1
141,-1,1246.7,534.2,32.7,81.2,1
141,-1,1,607.1,45.4,185.7,1
141,-1,1391.3,521.6,26.5,70.3,1
141,-1,401.1,528.7,24.1,69.8,0.999
141,-1,999.7,504,19.7,46,0.999
141,-1,492.3,537.1,24,69.6,0.998
141,-1,1334.9,527.9,26.5,61.1,0.995
141,-1,1180.6,519.2,25.5,61.1,0.991
141,-1,1071.2,519.3,24,55.5,0.989
141,-1,1084.4,520.5,22.5,53.3,0.942
141,-1,1846.3,672.3,74.7,333,0.933
141,-1,1057.4,520.9,20.8,49.4,0.851
141,-1,1355.1,525.8,26.7,62.3,0.831
141,-1,413.8,528.2,23.8,64.4,0.733
141,-1,1289.8,527.4,23.2,57.5,0.721
141,-1,1162.8,521.1,21.6,55.4,0.72
141,-1,701.5,508.6,14.5,36.7,0.06
141,-1,446.4,526.1,43.3,67.2,0.052
146,-1,1686.2,562.5,54.3,121.1,1
146,-1,70.1,579.2,47,139,1
146,-1,1541.7,549,44.6,121.6,1
146,-1,985.5,503.4,19.9,47.2,1
146,-1,470.3,538.1,23.7,67.5,1
146,-1,376.4,527.3,24.9,70.9,0.999
146,-1,1372.4,523.1,24.4,70.5,0.999
146,-1,1060.9,520.3,24,56.8,0.993
146,-1,1161.9,519.6,23.1,61.1,0.946
146,-1,1236.3,533.5,28,77.6,0.94
146,-1,1327,528,24.3,64.5,0.888
146,-1,438.7,531.3,24.1,61.9,0.887
146,-1,1044.8,519.4,19.6,54.2,0.822
146,-1,1197.6,519.6,23.4,60.5,0.76
146,-1,457.5,534.5,22.1,65,0.751
146,-1,1033.4,516.4,20.5,52.1,0.671
146,-1,1209.9,524,25.1,61.5,0.366
146,-1,1100.8,520.3,20.7,51.7,0.32
146,-1,1314.4,531.3,23.6,63.4,0.069
153,-1,1667.6,561.4,49.4,121.2,1
153,-1,1502.3,550.5,48.9,117.8,1
153,-1,3,593.1,46.3,143.1,1
153,-1,1337.2,523.5,30.5,71.7,1
153,-1,429.7,543.6,24.6,68,1
153,-1,333.7,533.4,27.8,71.5,1
153,-1,958.7,503.6,20.3,50.1,1
153,-1,1034.7,520.8,23.5,57.6,0.965
153,-1,1139.1,519.3,23.1,61.7,0.93
153,-1,361.8,528.2,24.6,68.4,0.878
153,-1,1310.2,526.7,26.6,62,0.876
153,-1,1154.4,519.5,22.3,60.9,0.861
153,-1,1016.9,523.5,22.5,53.2,0.775
153,-1,1004.7,518.4,19.7,52.1,0.763
153,-1,1061.8,519.8,20.6,53.2,0.734
153,-1,992.8,513.8,20.5,49.4,0.612
153,-1,408.6,536.9,24.3,65,0.548
155,-1,1662.6,561.5,45.8,118.4,1
155,-1,1491.8,548.1,48.1,121.4,1
155,-1,415.9,544.8,25,67.2,1
155,-1,1323.3,522,29.4,72.6,1
155,-1,948.7,504.2,21.1,50.4,0.999
155,-1,320.1,536.7,26.3,71.3,0.999
155,-1,1023.1,518.4,23.8,59.8,0.996
155,-1,1127.1,519.6,23.7,63.7,0.987
155,-1,1.6,579.3,33.5,159.4,0.968
155,-1,366.7,533.9,23,69,0.909
155,-1,1163,520,22,58.7,0.672
155,-1,392.7,535.7,24.9,68.9,0.446
155,-1,980.8,508.4,20.8,49,0.442
155,-1,1084.2,518.8,21.1,54.6,0.162
155,-1,1200.7,521,19.6,56.7,0.162
156,-1,1487.4,545.5,46.4,123.8,1
156,-1,1316.9,523.1,28.5,71.3,1
156,-1,1656.8,552,47.7,128.7,1
156,-1,945.2,505.6,20.3,49.2,1
156,-1,410.2,547.9,24.6,68.4,1
156,-1,311.6,536.4,27.8,72.9,0.999
156,-1,1016.9,518.7,22.7,58.9,0.985
156,-1,1122.9,520,23.9,62.6,0.977
156,-1,1092,520.7,22.4,56.9,0.807
156,-1,1173.4,516.5,22.4,58.5,0.795
156,-1,329.2,532.9,26.1,73.9,0.766
156,-1,388.1,542.4,22.7,63.3,0.734
156,-1,374.4,538.5,21.3,64.5,0.684
156,-1,1196,518.7,20.3,57.9,0.654
156,-1,987.6,515.9,20.1,47.6,0.577
156,-1,352.3,534.3,31.6,69.1,0.195
157,-1,1481.6,546.7,47,123.6,1
157,-1,1312.1,520.3,28.9,73.4,1
157,-1,939.3,505.8,20.6,49.2,0.999
157,-1,404.7,550,22.4,65.8,0.999
157,-1,306.3,538.9,26.8,71.3,0.999
157,-1,1014.9,520.1,23.6,57.9,0.996
157,-1,1121.7,521.2,23.7,60.3,0.986
157,-1,340.7,534.4,24.1,69.7,0.895
157,-1,1096.9,522.2,22.3,58.7,0.789
157,-1,993,519.4,20.5,49.5,0.684
157,-1,383.8,545.1,22.9,62.9,0.632
157,-1,1650.6,538,51.9,142.3,0.607
157,-1,371.7,541.7,22.8,62.4,0.506
157,-1,1174.9,517,21,56.5,0.45
157,-1,1199.1,521.5,20.4,62.3,0.148
157,-1,1281.8,522.6,22.5,60.3,0.057
161,-1,1461.1,547.9,45.2,121.6,1
161,-1,1291,521.5,32,73.8,1
161,-1,381.6,555,23.6,67.3,1
161,-1,925.6,504.8,20.3,50.6,0.999
161,-1,282.4,541.9,28,75.8,0.999
161,-1,1004.9,520.1,22.6,58.4,0.993
161,-1,1109.2,519.9,25.1,62.5,0.987
161,-1,297.1,540.1,28.3,73.4,0.872
161,-1,346.2,545.9,23,62.2,0.846
161,-1,987.8,520.3,22.4,54.8,0.838
161,-1,1181.9,520.2,22.8,62.2,0.725
161,-1,961.8,512.7,19.7,51.1,0.539
161,-1,1041.9,520.4,21.7,55.2,0.475
161,-1,316.3,539.4,35.1,71.1,0.344
161,-1,1067,519.8,43.2,60.4,0.101
162,-1,1456.5,550.1,44.9,120.5,1
162,-1,1285.5,524,29,69.8,1
162,-1,921.6,505.2,21.8,51.2,0.999
162,-1,376.6,553.8,23.8,67.3,0.999
162,-1,276.8,542.7,27.6,74.5,0.999
162,-1,1104.8,519.4,24.9,63.8,0.998
162,-1,999.9,520.3,23.1,61.2,0.987
162,-1,306.7,540.3,26.7,71.4,0.931
162,-1,1179.4,520.7,21.5,61.3,0.884
162,-1,1125.5,519.4,23.7,59.8,0.763
162,-1,346.4,547.1,22.8,62.8,0.742
162,-1,976.1,518.2,20.6,56.4,0.684
162,-1,1039,520.7,21.6,54.6,0.566
162,-1,319.9,541.2,32.8,70.5,0.393
162,-1,937.1,506.4,21.3,51.7,0.21
162,-1,1067.8,519.6,42.1,59.7,0.052
166,-1,1436.9,549,44.2,118.4,1
166,-1,355.4,558.7,23.4,65.8,1
166,-1,1265.3,522.4,29.8,73.2,1
166,-1,909.2,506.5,20.6,49.3,0.999
166,-1,1090.6,519.6,25.9,62.1,0.999
166,-1,254.6,547.8,26.6,73.7,0.997
166,-1,1164,515.2,20.7,61.9,0.982
166,-1,985.4,520.7,22.3,57.9,0.981
166,-1,295.6,542.8,23.9,70.8,0.973
166,-1,279.9,545.4,23.4,69.7,0.937
166,-1,1074.8,522,23.4,60,0.909
166,-1,959.5,518.3,21,48.4,0.812
166,-1,574.1,520.8,13.8,32.7,0.391
166,-1,565.2,519.7,13.5,34.7,0.208
166,-1,556.4,518,12,35.8,0.095
166,-1,1179.1,520.9,19,57.1,0.056
167,-1,1433.8,547.6,42.3,119.9,1
167,-1,1259.4,524.4,30.9,72.4,1
167,-1,350.4,558.8,23.6,66.4,1
167,-1,247.1,547.3,27,74.4,0.999
167,-1,1088.1,518.5,26.4,63.5,0.999
167,-1,907.2,505.2,20.4,50.2,0.998
167,-1,981.4,520.2,22.2,58,0.988
167,-1,1160,516.2,21.5,62.9,0.979
167,-1,282.7,542.9,23.4,71.8,0.94
167,-1,1072.1,521.4,24,60.9,0.918
167,-1,994.8,521,22.1,57.8,0.902
167,-1,266.7,546,26.7,71.2,0.9
167,-1,958.2,518.3,21,49.7,0.854
167,-1,311.9,545.7,21.7,66.3,0.61
167,-1,563,519.2,13.4,34.5,0.23
167,-1,572.6,519.9,13.6,32.8,0.183
167,-1,555.5,517.8,12.3,35,0.103
167,-1,1041.4,519.5,44.6,59.5,0.069
170,-1,1422.2,543.6,43.4,124.3,1
170,-1,334.2,557.7,24.6,66.9,1
170,-1,1246.1,521.5,26.9,71.8,0.999
170,-1,1077.4,517.9,25.9,63,0.998
170,-1,897.3,504.3,19.6,50.7,0.998
170,-1,233.6,548.1,26,74,0.995
170,-1,974.8,518.3,22.6,60.1,0.995
170,-1,1149.7,512.6,21.7,64.2,0.98
170,-1,270.7,542,26.3,71.6,0.969
170,-1,551.1,517.6,13.4,35.4,0.871
170,-1,961.5,519,23.3,55.8,0.748
170,-1,927.3,508.4,19.8,51.5,0.581
170,-1,1024.9,519,21.4,55.4,0.335
170,-1,289.7,541.8,29.4,72.1,0.305
170,-1,1011.5,519.3,21.7,55.6,0.177
170,-1,221.5,547.7,22.8,69.9,0.124
170,-1,542.3,521.2,14.3,35.5,0.115
170,-1,1043,519,42.6,60.3,0.113
171,-1,330.4,557.4,24.6,65.7,1
171,-1,1417.9,542.3,43.5,124.2,1
171,-1,1242.4,521.3,28.6,72.7,1
171,-1,894.9,503.9,20.3,51.9,0.999
171,-1,1074.7,518.6,25.9,63,0.998
171,-1,229.4,548.6,25.5,73.7,0.997
171,-1,971.5,517.6,22.6,61.9,0.99
171,-1,265.8,541.2,25.7,71.7,0.978
171,-1,1147.1,511.4,21,63.7,0.972
171,-1,248.7,545.7,23.5,70.4,0.927
171,-1,548.3,516.2,13.4,35.9,0.77
171,-1,933.8,513.4,20.3,52.7,0.595
171,-1,1096.3,517.7,25.4,60.8,0.575
171,-1,1021.9,518.2,21.3,55.9,0.123
171,-1,279.6,547.8,51.4,65.9,0.104
171,-1,1220.6,524.6,21.7,67,0.097
171,-1,539.5,521,14.2,35.4,0.069
177,-1,1385.2,546.3,52.1,118.7,1
177,-1,303.3,555.2,25.4,68.8,1
177,-1,881.4,505,19.7,48.4,0.999
177,-1,1222.6,522.4,31.5,76.8,0.999
177,-1,1054.6,519.3,25.4,62.4,0.998
177,-1,1125,511.3,26,66.6,0.996
177,-1,963.8,518.8,23.1,62.9,0.995
177,-1,198.6,547.6,25.1,74.8,0.995
177,-1,237.4,538.1,27.7,75.8,0.977
177,-1,219,543.8,24.2,72,0.933
177,-1,947.3,517.6,22,58.3,0.866
177,-1,925,513.3,20.5,47.4,0.677
177,-1,1155.9,518.4,21.5,58.7,0.32
177,-1,249.4,545.1,50.9,67.7,0.11
177,-1,516.9,516.4,13,37,0.102
177,-1,1021.2,517.8,43.7,62.1,0.061
179,-1,1383.5,548.3,51.1,118.6,1
179,-1,295.5,556.1,25.3,70.4,1
179,-1,877.1,506,19.9,48.2,0.999
179,-1,1115.8,513.4,28,69.5,0.999
179,-1,190.2,547.9,26.1,74.2,0.998
179,-1,1214.1,525.7,33.7,77.3,0.995
179,-1,956.6,519.6,25.6,63.1,0.995
179,-1,1050.5,518.3,25.5,63.4,0.994
179,-1,231.9,539.3,25.1,73.9,0.978
179,-1,1036.6,518.9,23.2,60.9,0.886
179,-1,207.4,544.4,26.4,72.5,0.868
179,-1,928.6,517.5,21,47.4,0.755
179,-1,1066.5,517.4,26.4,62.7,0.729
179,-1,1174.4,533,28.8,83.6,0.478
181,-1,1377.7,548.4,49.7,120.5,1
181,-1,179.3,551.7,25.8,73.2,1
181,-1,287.1,559,25.5,70.1,1
181,-1,870.8,505.5,21,51.3,0.999
181,-1,952,520.3,27.2,65.2,0.999
181,-1,1111.7,514.1,28.2,68.4,0.998
181,-1,1045.8,519.4,25.5,64.2,0.994
181,-1,222.2,539.1,26.5,75.9,0.957
181,-1,1177.7,537.1,34.1,93.5,0.948
181,-1,1203.6,533.7,32.1,80.4,0.809
181,-1,1082.9,518.4,24.6,60.3,0.786
181,-1,932.1,517.2,21.8,53.4,0.622
181,-1,1612.8,557.3,46.3,121.1,0.563
181,-1,1162.1,530.9,25.6,71.8,0.443
181,-1,250.7,546.6,23.3,68.3,0.371
181,-1,196.5,544.6,28.5,77,0.251
181,-1,1132.3,517,26.6,68.1,0.15
181,-1,506.2,516.6,13.4,37.2,0.095
181,-1,497.1,513.5,13.5,41.4,0.073
184,-1,1368.9,545.4,50,125,1
184,-1,1612.6,554.4,52.5,128.7,1
184,-1,272.1,560.3,26.2,72.1,1
184,-1,1168.9,538.1,40.5,102.4,1
184,-1,865.7,506,20.2,51.7,0.999
184,-1,1103.2,514.6,30.8,69.7,0.999
184,-1,1039.2,522.2,25,62.2,0.999
184,-1,164.9,554.8,26.5,74.6,0.999
184,-1,944.6,519.3,26.6,66.6,0.997
184,-1,493.9,514.9,16.2,40.6,0.978
184,-1,203.2,538.8,26.2,76.5,0.949
184,-1,929.3,517.7,22.7,59.1,0.611
184,-1,989.3,521.5,22.9,59.6,0.382
184,-1,893.1,507.4,21.3,52.3,0.335
184,-1,1142.7,525,27.2,68.2,0.146
184,-1,182.8,542,33.6,79.4,0.06
186,-1,1364,543,51.4,126.2,1
186,-1,1611.9,554.4,52.3,126.5,1
186,-1,263.8,561.8,25.8,73.2,1
186,-1,860.4,507.6,21.4,50.8,1
186,-1,155.3,555.6,28.3,75.2,0.999
186,-1,927.6,520.3,24.9,63.8,0.998
186,-1,1093.1,515.2,31.5,69.7,0.998
186,-1,1168.1,539.2,41.8,98.1,0.997
186,-1,1033,522.5,25.3,62.6,0.99
186,-1,490,518.1,16,39.3,0.99
186,-1,198.5,542.7,25.5,76.5,0.922
186,-1,1010.8,523.2,23.6,61.2,0.916
186,-1,180.1,545.9,26.5,73.4,0.88
186,-1,911.9,519.1,23.4,56.1,0.449
186,-1,1121.6,518.4,25.9,66.2,0.433
186,-1,1135.9,521.8,26.3,67,0.328
186,-1,1150.7,530,29.8,77.7,0.122
186,-1,874,509.2,22.3,51.7,0.099
193,-1,1602.1,549.7,64.3,134.2,1
193,-1,1349.4,548.7,51.1,125,1
193,-1,911.9,524.6,29.3,64.8,1
193,-1,232.8,570.9,24.8,70.9,1
193,-1,121.7,565.3,26.6,76.6,1
193,-1,848.1,510.6,19.3,49.1,0.999
193,-1,1070.6,518.8,30.7,68,0.998
193,-1,460.9,522.4,17,39.1,0.995
193,-1,1005.2,525.1,25.9,61.5,0.969
193,-1,152.5,555.2,25.3,77.2,0.918
193,-1,1091.5,520.2,26.3,64.6,0.853
193,-1,138.3,565,26.4,72.7,0.839
193,-1,1125.6,523.3,23.1,63.7,0.49
193,-1,169.1,550.3,23.3,80.8,0.307
193,-1,897.6,522.2,21.7,51.8,0.304
193,-1,1167.6,533.7,33.8,95.4,0.168
193,-1,1137.7,527.7,23.6,70.1,0.068
195,-1,1604.7,553.1,64.3,132.1,1
195,-1,1346.2,544.9,50.5,127,1
195,-1,908,524.4,29.7,66.3,1
195,-1,225.2,572.8,25.7,71.3,1
195,-1,114.7,566.5,26.8,78,1
195,-1,843.8,512.1,19.4,48.5,0.999
195,-1,454.5,521.3,17.4,43.4,0.999
195,-1,1067,520,30.5,67.8,0.998
195,-1,1004.4,524.3,27.2,63.8,0.987
195,-1,147.9,556.3,25.9,78.9,0.942
195,-1,1103.1,522.2,25.8,63.8,0.926
195,-1,1122.1,524.3,23,64.3,0.597
195,-1,977.2,524.1,22.6,59.7,0.285
199,-1,1609.1,553.8,64.8,130,1
199,-1,1341.6,544.7,49.2,130.4,1
199,-1,207.7,577.1,26.1,74.7,1
199,-1,905.2,530.1,27.3,63.1,1
199,-1,94.1,567.9,29.1,82.3,1
199,-1,1053,518.8,30.7,70.2,0.999
199,-1,838.5,511.9,19.2,51.6,0.998
199,-1,441.6,526.6,15.5,37.9,0.996
199,-1,139.9,557.6,25.2,82.9,0.979
199,-1,1000.2,526.4,27.3,61.8,0.972
199,-1,986,527,26.2,61.9,0.96
199,-1,117.7,562.1,27.3,80.2,0.882
199,-1,1114.1,531.6,26.6,74.7,0.846
199,-1,1019.8,517.5,34.6,66.5,0.562
199,-1,1129.7,534,26,83.5,0.094
199,-1,873.7,521.1,22.4,50.2,0.079
214,-1,1652,554.2,72.5,136.8,1
214,-1,1332.1,552,51.5,132.4,1
214,-1,151.1,590.7,27.6,81.2,1
214,-1,878.3,534.1,26,63.7,0.999
214,-1,1020,530.3,29.6,70,0.999
214,-1,824.5,524.1,17.3,46.6,0.993
214,-1,54.1,573.4,30.1,89,0.987
214,-1,22,580.2,30.4,87.8,0.984
214,-1,1097.4,545.5,27.5,78.1,0.962
214,-1,970.8,533.9,27,66.5,0.958
214,-1,1174.9,556.5,48.3,109.6,0.947
214,-1,993.9,533.7,26.4,65.2,0.927
214,-1,1082.9,541.9,27.1,75.1,0.913
214,-1,1115.8,540.9,29,79.5,0.423
214,-1,1040.9,533.3,27.3,69.7,0.134
224,-1,1347.5,549.3,53.1,140,1
224,-1,1712.7,547.3,71.4,145.1,1
224,-1,127.9,595.3,29.5,84.1,1
224,-1,824.6,520.8,17.1,50.1,1
224,-1,2.4,584,30.6,92.9,1
224,-1,1119.7,534.5,32.4,86.9,0.998
224,-1,1064.1,544.4,33.2,78.3,0.997
224,-1,1009.3,528.8,29.5,70.7,0.997
224,-1,973.9,530.7,25.5,66.8,0.946
224,-1,997.2,531,24.7,67.2,0.777
224,-1,1028.5,530,26.9,74.3,0.172
224,-1,1185.7,549.6,59.9,120.7,0.12
224,-1,1084.4,541.6,36.7,81.1,0.101
224,-1,954.1,533.2,22.6,61.7,0.069
234,-1,1793.2,543.8,74.2,152.3,1
234,-1,1370.2,552.1,54.3,142.2,1
234,-1,109.5,600,28.8,89.5,1
234,-1,1223.9,558.9,58.2,132.5,1
234,-1,1122.7,530.7,39.5,98.3,1
234,-1,1062.5,543,37.5,87,0.999
234,-1,1009.4,527.2,31,73.8,0.999
234,-1,830.6,522.8,18.2,49.3,0.999
234,-1,379.4,537.7,16.8,36.8,0.993
234,-1,1,597.6,21.2,87.3,0.985
234,-1,989,529.3,23.4,65,0.796
234,-1,1046.6,537.8,25.4,74.2,0.748
237,-1,1379.2,551.2,53.4,141.3,1
237,-1,1822.5,540.8,75.7,150.2,1
237,-1,106.7,599.1,28.7,89.4,1
237,-1,835.8,521.5,18.7,47.2,0.999
237,-1,1078.4,538.7,34.1,88.6,0.997
237,-1,379.8,534.8,17.1,37.6,0.996
237,-1,1012,526.8,33.7,72.1,0.995
237,-1,1137,527,30.1,88.2,0.984
237,-1,1100.9,535.6,36.7,89.9,0.953
237,-1,1.7,596,20.1,87,0.872
237,-1,989.5,525.4,21.1,61.7,0.65
237,-1,1055.2,537.9,26.3,75.8,0.488
237,-1,1038,530.9,28.9,72.9,0.268
250,-1,1448.7,548.4,47,157.7,1
250,-1,109.2,600.4,30.2,96.6,1
250,-1,920,530.7,27.6,67,0.999
250,-1,394.3,536.5,16.1,37.1,0.998
250,-1,871.5,519.2,21.4,50.5,0.996
250,-1,126.7,587.6,33,99.9,0.793
250,-1,903.4,525,20.4,55.6,0.351
251,-1,1455.3,547.5,49.7,156.7,1
251,-1,924.9,529.9,29,70.2,1
251,-1,109.3,600.7,29.9,97.1,0.999
251,-1,872.9,517.6,22.2,51.6,0.998
251,-1,398.4,537.3,16.2,35.9,0.994
251,-1,127.4,584.9,34.3,105.6,0.885
256,-1,1486.7,541.2,54,158.8,1
256,-1,949.2,533,27.7,67.4,1
256,-1,120.5,610.6,30.9,98.2,1
256,-1,897.1,521,20.8,50.1,0.997
256,-1,1,606.6,23.4,99.6,0.995
256,-1,414,540.3,16.5,37.5,0.994
258,-1,1501.9,542.3,58.2,155.9,1
258,-1,126.7,612,31.2,97.8,1
258,-1,960.2,530.3,26.8,67.3,1
258,-1,1120.9,548.4,38.7,96.8,0.999
258,-1,905.3,518.5,21.3,49.2,0.999
258,-1,1,611.9,23,98.5,0.998
258,-1,421.5,541.1,16.9,36.8,0.997
258,-1,935.3,526.5,22.7,53.3,0.066
260,-1,1505.3,539.4,73.9,159.5,1
260,-1,1132,547,40.3,97.3,1
260,-1,968.4,532.6,26.6,66,1
260,-1,917.8,518.3,23,52.2,0.999
260,-1,131.7,614.1,30.5,96.2,0.999
260,-1,430,539.7,18,39.8,0.998
260,-1,1,607.8,23.1,105.6,0.993
260,-1,147.6,599.3,33.2,96.3,0.456
260,-1,948,526.7,25.6,59,0.228
265,-1,1209.4,535,35,108.2,1
265,-1,143.6,614.9,28.9,99.3,0.999
265,-1,450.5,538.6,17.4,40.8,0.999
265,-1,940.8,515.8,23.5,52.1,0.999
265,-1,1035.8,527.2,31.9,77.7,0.998
265,-1,1160.5,534.6,39.2,113.7,0.996
265,-1,3.6,610.4,29.9,107.5,0.994
265,-1,994.3,530.3,27.4,69.7,0.991
265,-1,161.3,602.3,33.5,102,0.879
265,-1,1019.6,529.8,21.8,69.7,0.257
265,-1,1538.2,523.6,88.2,185.2,0.237
268,-1,1048.6,528.9,37.8,85.1,1
268,-1,151.1,612,30.6,105.1,1
268,-1,957,521.2,25.2,50.4,1
268,-1,1223.6,532,45.9,115.6,0.999
268,-1,5,610.1,35.7,105.8,0.999
268,-1,463.6,538.6,18.2,42.7,0.999
268,-1,1012.5,529.6,27.1,72.2,0.997
268,-1,166.1,601.5,33.1,106.4,0.91
268,-1,1040.6,529.3,22.3,80.2,0.118
268,-1,40.2,614.5,23.9,79.6,0.077
269,-1,1054.3,528,39.7,82.1,1
269,-1,153.5,609,33.2,104.9,1
269,-1,3,608.3,36.1,107.3,1
269,-1,963.4,521.8,26.6,50.3,0.998
269,-1,469.6,538.5,16.7,41,0.996
269,-1,1016.7,531.5,23.2,72,0.989
269,-1,1034.9,529.2,23.3,76.6,0.354
269,-1,1552.1,601.6,58.6,183.8,0.308
269,-1,177.2,595,38.6,108.3,0.203
269,-1,1003.8,531.4,21.9,63,0.141
269,-1,41.3,612.7,24.1,78.5,0.079
272,-1,1068.1,529.6,41.5,78.8,1
272,-1,1600.2,600.2,70,198.8,0.999
272,-1,162.5,607.5,32.1,103.1,0.999
272,-1,979.2,518.4,24.9,46.7,0.998
272,-1,7.6,601.5,37.8,107.3,0.998
272,-1,479.7,535.3,17.6,40.8,0.998
272,-1,1034.2,529.1,27.2,71.2,0.996
272,-1,182.6,588.4,38.4,107.2,0.713
272,-1,1012.9,523.7,23.8,48.3,0.35
272,-1,32.2,603.3,27.9,96.1,0.1
272,-1,471.6,532.9,16.1,44.1,0.098
282,-1,1757.9,618.3,99.7,227.8,1
282,-1,26.6,610.5,42.3,109.7,1
282,-1,1241.5,559.3,46.7,108.5,1
282,-1,1120.2,529.6,40.7,78.4,1
282,-1,1725,544.9,66.3,187.6,1
282,-1,1030.1,516.2,24.5,43.5,0.999
282,-1,184.8,610.9,33.5,108.5,0.999
282,-1,211,598.1,37.8,110,0.981
282,-1,1164,530,25.7,70.6,0.949
282,-1,528.5,532.7,16.9,42.5,0.865
282,-1,1100,529.7,24.5,64.6,0.535
282,-1,1192.7,526.5,23.2,73.9,0.227
282,-1,1087,525.1,24,51.8,0.053
284,-1,1803.7,622.8,96.3,231.1,1
284,-1,1131.3,528.5,40.4,82.1,1
284,-1,29.8,612.3,44.6,111.5,1
284,-1,1249.6,557.5,45.6,114.7,1
284,-1,1746.5,544.9,73.6,193.6,1
284,-1,1296.7,539.1,53.6,126,0.999
284,-1,1040.5,515.8,26.1,42.8,0.999
284,-1,191.5,617.3,33.5,105.7,0.999
284,-1,215.1,599.9,37.8,111,0.975
284,-1,1184.6,524,23.3,78.5,0.877
284,-1,537.2,533.8,17.6,42,0.125
285,-1,1825.3,616.8,95.4,246.4,1
285,-1,1134.7,528.8,41.9,81.2,1
285,-1,1255.9,557,46.7,113.1,1
285,-1,31.1,610.8,48.2,114.4,1
285,-1,1305.2,543.1,58.7,123.4,1
285,-1,1759.8,546.5,75.9,193.1,1
285,-1,194.3,616.7,32.9,109.8,0.999
285,-1,1048.1,515.5,25.9,43.2,0.999
285,-1,1189.1,525.9,25.9,79.4,0.982
285,-1,218.4,600.4,38.7,114.8,0.972
285,-1,1287.4,552.6,37.1,109.6,0.098
285,-1,1158.9,527,41.7,77.8,0.081
287,-1,1786.7,544.9,78.7,198.3,1
287,-1,37.6,614.8,46.3,113.9,1
287,-1,197.8,622.9,31.9,106.6,1
287,-1,1057.3,513.9,25.5,46.1,0.999
287,-1,1151.9,528.8,37.6,78.8,0.999
287,-1,1264.1,552.7,46.2,120.2,0.999
287,-1,1306,538.3,54.1,121.6,0.999
287,-1,1865.8,608.5,55.2,262.6,0.994
287,-1,223.8,602.6,39.9,117.3,0.984
287,-1,1197.7,527.3,26.9,78.6,0.982
287,-1,1135.1,525.5,22.7,54.7,0.175
288,-1,1800.8,543.4,83.7,201.7,1
288,-1,37.7,613.7,47.3,115.9,1
288,-1,200.1,622.9,31.5,107.7,0.999
288,-1,1063.8,512.1,23.8,44.6,0.999
288,-1,1270.6,554,42.9,119.5,0.999
288,-1,1311.2,533.8,52.1,126.6,0.997
288,-1,1165.1,527.8,32.8,79.7,0.997
288,-1,1208.9,529,30.6,78.2,0.993
288,-1,225.6,603,40.1,117.1,0.985
300,-1,46.5,626.9,53.1,122.1,1
300,-1,1121,517.9,25.1,54.2,1
300,-1,1575.6,529.2,36.1,102.1,1
300,-1,220,638.4,34,111.1,0.999
300,-1,1274.6,533,31,83.8,0.972
300,-1,247.7,615.2,38.1,117,0.94
301,-1,45.6,628.5,52.6,121.9,1
301,-1,1125.2,516.8,24.3,56.8,1
301,-1,1581,526.9,37.7,105.2,1
301,-1,221.4,639.1,33.4,110.6,0.999
301,-1,249.3,616.6,36.9,116.8,0.948
301,-1,1278.3,532,28.7,84.2,0.92
308,-1,43.4,642.4,51.8,124.9,1
308,-1,1638.9,542.6,38.3,109,1
308,-1,1155.3,525.4,25.1,57,1
308,-1,222,651.4,34.4,116.5,0.999
308,-1,253.7,621.2,39.2,130.8,0.997
321,-1,1527.4,587.5,57.1,142.9,1
321,-1,1737.1,545.2,39.9,102.7,1
321,-1,1406.8,612.7,54.8,138.9,1
321,-1,22.6,649.8,54.8,137.6,1
321,-1,1205.7,529.2,26.5,58.8,1
321,-1,1354.5,577,73.7,154.6,1
321,-1,1285,520.5,23.8,58.7,1
321,-1,254.7,630.4,38.7,139.6,0.998
321,-1,220.5,659.3,33.3,126.3,0.998
321,-1,238.6,649.8,33,127.7,0.87
323,-1,1748.1,545.1,39.9,103.8,1
323,-1,1538.6,587,52.6,145.9,1
323,-1,1408.6,607.4,57.2,146.2,1
323,-1,18.1,649.8,54.5,140.1,1
323,-1,1212,528.3,26.2,58.2,1
323,-1,1290.4,518.9,26.3,62.4,0.999
323,-1,1364.9,578.3,62.7,153.3,0.999
323,-1,253.4,632.9,39.8,139.4,0.999
323,-1,217,661.2,33.7,126.5,0.998
329,-1,1429.8,602.9,55.8,155.8,1
329,-1,1376.6,579.8,45.8,156.9,1
329,-1,4.1,646.1,52.6,146.1,1
329,-1,1562.6,583.2,49.6,158.9,1
329,-1,1227,520.5,27.6,57.6,1
329,-1,1789.9,540.7,41.6,126.5,0.999
329,-1,202.2,657.8,32.4,130.4,0.999
329,-1,239.1,630.5,41,142.7,0.998
329,-1,1307.5,510.2,24.7,61.3,0.998
329,-1,219.5,647.3,30.9,134,0.897
329,-1,1263.9,517.5,22.1,48.6,0.51
329,-1,1251.1,517.1,21.9,53.4,0.133
333,-1,1354.4,571.9,77.9,158,1
333,-1,1424.5,596.2,68.1,164.1,1
333,-1,1577.6,581.2,48.5,163.7,1
333,-1,1,643.2,37.9,147.6,0.999
333,-1,226.8,625.1,37.8,144.9,0.999
333,-1,1814.3,534.4,41.2,123,0.999
333,-1,187.1,652.7,33.8,133.3,0.999
333,-1,1316.9,505.7,25.7,59.3,0.997
333,-1,205.8,648.4,31.1,130.6,0.884
333,-1,1333.3,512.3,23.8,54.1,0.257
342,-1,1443.3,609.6,74.6,177.2,1
342,-1,1862.9,528.9,44.3,134.3,1
342,-1,1350,526,46.4,80.7,1
342,-1,1367.8,579.6,63.9,165.8,1
342,-1,191.6,638,41.5,153.9,1
342,-1,145,666.2,38.3,144.1,0.999
342,-1,1587.8,579,60.3,188.9,0.963
342,-1,1326.1,494.1,22.5,52.3,0.798
342,-1,1335.8,501.8,26.5,55.5,0.792
342,-1,1407.3,586.2,62,153.9,0.338
348,-1,1582.6,620.4,90.3,178.7,1
348,-1,1448.9,641.4,63.5,183.2,1
348,-1,1347.5,599.4,71.4,179.2,1
348,-1,160.8,662.4,44,162.2,1
348,-1,1388.8,596.1,102.6,189.7,0.999
348,-1,109,694.1,38.4,151.3,0.999
348,-1,1354.7,542.5,50.8,91.9,0.996
348,-1,1346.6,520.3,28.7,55.5,0.915
348,-1,1889.6,542.8,31.4,144.8,0.873
348,-1,1519.3,535.9,33.6,94.1,0.869
348,-1,1414.4,547.6,34,71.3,0.622
348,-1,1324.8,511.9,21.7,54.9,0.579
348,-1,1462.7,545.9,30.2,85.3,0.243
349,-1,1579.6,615.4,94.6,190.2,1
349,-1,1449.3,642.7,64.8,188.7,1
349,-1,1347.3,604.7,67.5,174.9,1
349,-1,156.5,667.8,42.9,161.2,1
349,-1,1389.7,594.2,101.1,197.8,1
349,-1,103.3,702.5,38.9,145.9,1
349,-1,1356.3,540.5,49.2,91.9,0.999
349,-1,1456.8,545.3,35.9,82.4,0.944
349,-1,1348,522.1,28.4,56.5,0.933
349,-1,1526.6,538.4,31,93.3,0.878
349,-1,1414.3,546.9,31.3,73.7,0.764
349,-1,1327,512.6,21.1,52.6,0.522
349,-1,1897.6,543.7,23.4,151.8,0.069
360,-1,1580.9,654.2,89.2,198.1,1
360,-1,1366.5,618,91.7,208.6,1
360,-1,1455,678.9,68.7,206.4,1
360,-1,95.2,677.9,47,171.2,1
360,-1,29.9,714.2,46,162.6,0.999
360,-1,1538.9,557.6,35.7,104.7,0.998
360,-1,1456,567.4,39.7,81.2,0.998
360,-1,1358.5,531.4,21.7,51.8,0.97
360,-1,1420.8,564.1,32.5,79.5,0.679
360,-1,60,703.7,44.4,155.5,0.651
360,-1,1517.2,560.5,29.4,86.9,0.62
360,-1,1373.1,544.6,27.3,54.1,0.059
361,-1,1581.7,660.7,89.6,196.5,1
361,-1,1364.7,620.9,98.2,209.2,1
361,-1,1456.1,682.4,66.3,206.2,1
361,-1,87.8,681.5,46,170.8,1
361,-1,19.8,715.8,47,162.7,1
361,-1,1540,556.4,36.4,105.9,0.998
361,-1,1458.2,566.7,40.1,82.9,0.998
361,-1,1359.3,533.2,21.2,52.3,0.96
361,-1,62,702.8,34.8,154.6,0.868
361,-1,1520,559.8,27.3,90.2,0.811
361,-1,1371,547.7,26.7,53,0.174
361,-1,1413.8,566.3,29.8,75.3,0.13
364,-1,1583.5,674.3,81.2,204.7,1
364,-1,1361,635.7,103.8,212.5,1
364,-1,1452.7,694,80.3,217.2,1
364,-1,1651.1,604.7,49.3,140.4,1
364,-1,68.5,686.2,47.8,176,1
364,-1,2.4,722.3,44.8,167.6,1
364,-1,1456.9,573.3,39.8,91.6,0.999
364,-1,1546.6,565.7,34.3,108.4,0.995
364,-1,1509.2,572.8,28.7,90.4,0.915
364,-1,1357.3,543.2,20.3,52.6,0.893
364,-1,1366.6,554.3,29.4,55.4,0.837
364,-1,1375.5,536.4,25.3,49.4,0.576
364,-1,1417.4,577.4,30.2,77.7,0.386
364,-1,1373.7,573.6,44,91.2,0.296
