1,1,1376,485,37,28,0,11,1
2,1,1379,486,37,28,0,11,1
3,1,1382,487,38,29,0,11,1
4,1,1386,488,38,29,0,11,1
5,1,1389,490,38,29,0,11,1
6,1,1393,491,38,30,0,11,1
7,1,1396,492,39,30,0,11,1
8,1,1399,494,39,30,0,11,1
9,1,1403,495,39,30,0,11,1
10,1,1406,496,40,31,0,11,1
11,1,1410,498,40,31,0,11,1
12,1,1413,497,40,31,0,11,1
13,1,1416,497,40,31,0,11,1
14,1,1419,497,40,31,0,11,1
15,1,1422,497,40,31,0,11,1
16,1,1426,497,39,31,0,11,1
17,1,1429,496,39,31,0,11,1
18,1,1432,496,39,31,0,11,1
19,1,1435,496,39,31,0,11,1
20,1,1438,496,39,31,0,11,1
21,1,1442,496,39,31,0,11,1
22,1,1445,497,39,32,0,11,1
23,1,1448,499,40,32,0,11,1
24,1,1451,501,41,32,0,11,1
25,1,1454,503,41,32,0,11,1
26,1,1458,505,41,32,0,11,1
27,1,1461,507,42,32,0,11,1
28,1,1464,509,42,32,0,11,1
29,1,1467,511,43,32,0,11,1
30,1,1470,513,44,32,0,11,1
31,1,1474,515,44,33,0,11,1
32,1,1476,518,45,36,0,11,1
33,1,1476,508,45,36,0,11,1
34,1,1488,509,46,36,0,11,1
35,1,1488,509,46,36,0,11,1
36,1,1492,506,46,35,0,11,1
37,1,1496,503,47,34,0,11,1
38,1,1500,500,48,33,0,11,1
39,1,1505,497,48,33,0,11,1
40,1,1508,498,48,34,0,11,1
41,1,1512,499,48,35,0,11,1
42,1,1516,501,47,35,0,11,1
43,1,1520,502,47,36,0,11,1
44,1,1524,504,47,36,0,11,1
45,1,1528,505,46,37,0,11,1
46,1,1532,506,46,38,0,11,1
47,1,1536,508,45,38,0,11,1
48,1,1540,509,45,39,0,11,1
49,1,1544,511,45,39,0,11,1
50,1,1548,510,45,40,0,11,1
51,1,1552,510,46,40,0,11,1
52,1,1556,510,47,40,0,11,1
53,1,1561,510,47,40,0,11,1
54,1,1565,510,48,41,0,11,1
55,1,1569,509,49,42,0,11,1
56,1,1574,509,49,42,0,11,1
57,1,1578,509,50,42,0,11,1
58,1,1582,509,51,42,0,11,1
59,1,1587,509,51,43,0,11,1
60,1,1589,509,52,44,0,11,1
61,1,1591,510,53,44,0,11,1
62,1,1593,510,54,45,0,11,1
63,1,1595,511,56,45,0,11,1
64,1,1597,511,57,46,0,11,1
65,1,1599,512,58,47,0,11,1
66,1,1601,513,59,47,0,11,1
67,1,1603,513,61,48,0,11,1
68,1,1605,514,62,48,0,11,1
69,1,1607,514,63,49,0,11,1
70,1,1609,515,64,49,0,11,1
71,1,1612,516,65,50,0,11,1
72,1,1614,515,64,50,0,11,1
73,1,1616,515,64,50,0,11,1
74,1,1618,514,64,51,0,11,1
75,1,1620,514,64,51,0,11,1
76,1,1622,514,63,51,0,11,1
77,1,1624,513,63,52,0,11,1
78,1,1626,513,63,52,0,11,1
79,1,1628,513,63,52,0,11,1
80,1,1627,513,64,53,0,11,1
81,1,1627,514,64,53,0,11,1
82,1,1627,515,65,53,0,11,1
83,1,1627,515,65,54,0,11,1
84,1,1626,516,67,54,0,11,1
85,1,1626,517,67,54,0,11,1
86,1,1626,517,67,55,0,11,1
87,1,1626,518,68,55,0,11,1
88,1,1625,519,69,55,0,11,1
89,1,1625,519,70,56,0,11,1
90,1,1625,520,70,56,0,11,1
91,1,1625,521,71,57,0,11,1
92,1,1625,521,71,58,0,11,1
93,1,1625,522,71,58,0,11,1
94,1,1625,523,71,58,0,11,1
95,1,1625,524,71,58,0,11,1
96,1,1625,525,71,59,0,11,1
97,1,1625,525,71,60,0,11,1
98,1,1625,526,71,60,0,11,1
99,1,1625,527,71,60,0,11,1
100,1,1625,528,71,60,0,11,1
101,1,1625,529,71,61,0,11,1
102,1,1624,529,71,61,0,11,1
103,1,1623,530,71,61,0,11,1
104,1,1622,531,72,60,0,11,1
105,1,1621,531,72,61,0,11,1
106,1,1621,532,72,61,0,11,1
107,1,1620,533,72,60,0,11,1
108,1,1619,533,72,61,0,11,1
109,1,1618,534,73,60,0,11,1
110,1,1617,535,73,60,0,11,1
111,1,1617,536,73,60,0,11,1
112,1,1616,536,73,60,0,11,1
113,1,1615,536,74,60,0,11,1
114,1,1614,536,75,60,0,11,1
115,1,1613,536,75,60,0,11,1
116,1,1613,536,75,60,0,11,1
117,1,1612,536,76,60,0,11,1
118,1,1611,536,76,60,0,11,1
119,1,1610,536,77,60,0,11,1
120,1,1609,536,78,60,0,11,1
121,1,1609,536,78,61,0,11,1
122,1,1608,536,78,61,0,11,1
123,1,1607,536,78,62,0,11,1
124,1,1606,536,79,63,0,11,1
125,1,1606,536,78,64,0,11,1
126,1,1605,536,79,65,0,11,1
127,1,1604,536,79,66,0,11,1
128,1,1603,536,80,66,0,11,1
129,1,1603,536,79,67,0,11,1
130,1,1602,536,80,68,0,11,1
131,1,1601,536,80,69,0,11,1
132,1,1600,536,80,70,0,11,1
133,1,1600,536,80,71,0,11,1
134,1,1599,536,80,72,0,11,1
135,1,1598,536,81,72,0,11,1
136,1,1597,536,81,73,0,11,1
137,1,1597,536,81,74,0,11,1
138,1,1596,536,81,75,0,11,1
139,1,1595,536,82,76,0,11,1
140,1,1594,536,82,77,0,11,1
141,1,1594,536,82,78,0,11,1
142,1,1593,537,83,78,0,11,1
143,1,1593,538,84,78,0,11,1
144,1,1593,539,85,78,0,11,1
145,1,1593,540,86,79,0,11,1
146,1,1593,541,87,79,0,11,1
147,1,1593,542,88,79,0,11,1
148,1,1593,543,89,80,0,11,1
149,1,1593,544,90,80,0,11,1
150,1,1593,545,91,80,0,11,1
151,1,1593,547,92,80,0,11,1
152,1,1592,546,93,80,0,11,1
153,1,1592,545,93,81,0,11,1
154,1,1591,545,94,81,0,11,1
155,1,1591,544,95,82,0,11,1
156,1,1591,544,95,82,0,11,1
157,1,1590,543,96,82,0,11,1
158,1,1590,542,97,83,0,11,1
159,1,1589,542,98,83,0,11,1
160,1,1589,541,98,84,0,11,1
161,1,1589,541,99,84,0,11,1
162,1,1590,541,101,85,0,11,1
163,1,1592,541,103,86,0,11,1
164,1,1594,541,104,87,0,11,1
165,1,1596,542,106,88,0,11,1
166,1,1598,542,107,89,0,11,1
167,1,1600,542,109,90,0,11,1
168,1,1602,543,110,91,0,11,1
169,1,1604,543,112,92,0,11,1
170,1,1606,543,113,93,0,11,1
171,1,1608,544,115,94,0,11,1
172,1,1611,545,116,95,0,11,1
173,1,1614,546,118,97,0,11,1
174,1,1617,547,120,99,0,11,1
175,1,1620,548,122,101,0,11,1
176,1,1623,549,124,103,0,11,1
177,1,1626,550,126,104,0,11,1
178,1,1629,551,128,106,0,11,1
179,1,1632,552,130,108,0,11,1
180,1,1635,553,132,110,0,11,1
181,1,1638,555,134,111,0,11,1
182,1,1644,555,136,113,0,11,1
183,1,1650,556,138,114,0,11,1
184,1,1656,557,140,115,0,11,1
185,1,1663,557,142,117,0,11,1
186,1,1669,558,144,118,0,11,1
187,1,1675,559,146,119,0,11,1
188,1,1682,559,148,121,0,11,1
189,1,1688,560,150,122,0,11,1
190,1,1694,561,152,123,0,11,1
191,1,1701,562,154,124,0,11,1
192,1,1710,564,153,124,0,11,1
193,1,1720,566,152,125,0,11,1
194,1,1729,568,151,126,0,11,1
195,1,1739,570,150,127,0,11,1
196,1,1748,572,150,128,0,11,1
197,1,1758,574,148,128,0,11,1
198,1,1767,576,148,129,0,11,1
199,1,1777,578,146,130,0,11,1
200,1,1786,580,146,131,0,11,1
1,2,1371,518,33,95,1,1,0.67647
2,2,1375,516,32,94,1,1,0.66667
3,2,1379,514,32,93,1,1,0.64829
4,2,1383,513,33,99,1,1,0.61912
5,2,1387,519,33,100,1,1,0.64123
6,2,1391,526,34,100,1,1,0.65714
7,2,1392,524,34,100,1,1,0.65714
8,2,1394,530,34,100,1,1,0.65714
9,2,1397,536,34,100,1,1,0.65714
10,2,1399,546,33,95,1,1,0.67647
11,2,1401,543,33,96,1,1,0.70588
12,2,1403,540,34,97,1,1,0.71429
13,2,1405,537,35,98,1,1,0.72222
14,2,1408,535,35,98,1,1,0.72222
15,2,1410,535,36,99,1,1,0.72973
16,2,1413,535,36,100,1,1,0.75676
17,2,1416,535,37,101,1,1,0.73684
18,2,1419,536,37,101,1,1,0.73684
19,2,1422,536,38,102,1,1,0.71795
20,2,1425,536,38,103,1,1,0.71795
21,2,1428,537,39,104,1,1,0.725
22,2,1430,537,40,106,1,1,0.73171
23,2,1433,538,40,107,1,1,0.73171
24,2,1436,539,40,109,1,1,0.7561
25,2,1439,540,40,110,1,1,0.7561
26,2,1442,541,40,112,1,1,0.78049
27,2,1444,544,41,113,1,1,0.78571
28,2,1447,547,42,114,1,1,0.76744
29,2,1450,550,42,115,1,1,0.7907
30,2,1453,553,43,116,1,1,0.77273
31,2,1456,556,44,117,1,1,0.77778
32,2,1460,553,44,118,1,1,0.74883
33,2,1464,550,44,119,1,1,0.75556
34,2,1468,548,44,119,1,1,0.75556
35,2,1472,545,45,120,1,1,0.7359
36,2,1476,543,45,120,1,1,0.73913
37,2,1480,540,45,121,1,1,0.73913
38,2,1484,538,46,122,1,1,0.74468
39,2,1487,539,47,122,1,1,0.75
40,2,1491,540,47,123,1,1,0.75
41,2,1495,541,48,124,1,1,0.7551
42,2,1499,543,48,125,1,1,0.7551
43,2,1503,545,49,126,1,1,0.76
44,2,1508,548,48,127,1,1,0.7551
45,2,1512,550,49,128,1,1,0.76
46,2,1516,552,50,129,1,1,0.76471
47,2,1521,555,49,130,1,1,0.76
48,2,1525,557,50,131,1,1,0.76471
49,2,1530,560,50,132,1,1,0.76471
50,2,1534,560,51,135,1,1,0.76923
51,2,1539,561,52,138,1,1,0.77358
52,2,1544,560,52,138,1,1,0.77358
53,2,1549,559,52,139,1,1,0.77358
54,2,1554,558,52,140,1,1,0.77358
55,2,1559,557,52,141,1,1,0.77358
56,2,1564,556,52,142,1,1,0.79245
57,2,1569,555,53,143,1,1,0.7963
58,2,1574,554,53,144,1,1,0.7963
59,2,1579,553,53,145,1,1,0.7963
60,2,1584,552,53,146,1,1,0.78672
61,2,1589,551,53,147,1,1,0.77578
62,2,1594,550,53,148,1,1,0.76423
63,2,1599,550,54,148,1,1,0.76412
64,2,1603,553,54,149,1,1,0.77515
65,2,1607,556,54,150,1,1,0.78073
66,2,1612,560,54,151,1,1,0.79545
67,2,1618,575,54,152,1,1,1
68,2,1621,565,54,153,1,1,0.8
69,2,1624,566,55,155,1,1,0.80357
70,2,1628,567,55,157,1,1,0.80357
71,2,1631,569,56,159,1,1,0.80702
72,2,1635,570,56,161,1,1,0.80702
73,2,1639,571,56,163,1,1,0.80702
74,2,1642,573,57,165,1,1,1
75,2,1646,574,57,167,1,1,1
76,2,1650,576,58,169,1,1,1
77,2,1652,576,59,170,1,1,1
78,2,1654,577,60,171,1,1,1
79,2,1656,577,62,173,1,1,1
80,2,1658,578,63,174,1,1,1
81,2,1660,578,64,176,1,1,1
82,2,1662,579,66,177,1,1,1
83,2,1664,579,67,179,1,1,1
84,2,1666,580,69,180,1,1,1
85,2,1668,582,70,181,1,1,1
86,2,1670,584,71,183,1,1,1
87,2,1672,586,72,184,1,1,1
88,2,1674,589,74,185,1,1,1
89,2,1676,591,75,186,1,1,1
90,2,1678,593,76,188,1,1,1
91,2,1680,596,78,189,1,1,1
92,2,1682,598,79,190,1,1,1
93,2,1685,600,79,191,1,1,1
94,2,1688,602,80,193,1,1,1
95,2,1691,603,80,195,1,1,1
96,2,1694,605,80,196,1,1,1
97,2,1697,606,80,199,1,1,1
98,2,1700,608,80,200,1,1,1
99,2,1703,609,80,203,1,1,1
100,2,1706,611,80,204,1,1,1
101,2,1710,613,79,206,1,1,1
102,2,1712,614,80,208,1,1,1
103,2,1714,616,81,210,1,1,1
104,2,1716,618,82,212,1,1,1
105,2,1718,620,83,213,1,1,1
106,2,1720,622,85,215,1,1,1
107,2,1722,623,86,218,1,1,1
108,2,1724,625,87,219,1,1,1
109,2,1726,627,88,221,1,1,1
110,2,1728,629,89,223,1,1,1
111,2,1731,631,90,225,1,1,1
112,2,1733,632,92,228,1,1,1
113,2,1736,633,93,231,1,1,1
114,2,1739,634,94,234,1,1,1
115,2,1741,635,96,237,1,1,1
116,2,1744,636,97,240,1,1,1
117,2,1747,637,98,243,1,1,1
118,2,1749,638,100,246,1,1,1
119,2,1752,639,101,249,1,1,1
120,2,1755,640,102,252,1,1,1
121,2,1758,642,103,254,1,1,1
122,2,1761,643,104,257,1,1,1
123,2,1764,645,106,259,1,1,1
124,2,1768,646,107,262,1,1,1
125,2,1771,648,109,264,1,1,1
126,2,1775,649,110,268,1,1,1
127,2,1778,651,112,270,1,1,1
128,2,1781,652,114,273,1,1,1
129,2,1785,654,115,275,1,1,1
130,2,1788,655,117,278,1,1,1
131,2,1792,657,118,281,1,1,1
132,2,1797,661,117,284,1,1,1
133,2,1802,665,117,288,1,1,1
134,2,1807,669,117,292,1,1,0.9661
135,2,1812,673,117,296,1,1,0.92373
136,2,1817,677,117,300,1,1,0.88136
137,2,1823,677,117,304,1,1,0.83051
138,2,1829,678,117,307,1,1,0.77966
139,2,1835,679,118,310,1,1,0.72269
140,2,1841,680,118,313,1,1,0.67227
141,2,1847,681,119,317,1,1,0.61667
142,2,1853,684,124,317,1,1,0.544
143,2,1860,687,128,318,1,1,0.47287
144,2,1866,690,133,318,1,1,0.41045
145,2,1873,693,137,319,1,1,0.34783
1,3,1391,474,10,148,0,10,0.80537
2,3,1395,471,10,150,0,10,0.80795
3,3,1399,468,10,152,0,10,0.80392
4,3,1403,466,11,153,0,10,0.80519
5,3,1406,471,11,154,0,10,0.80645
6,3,1409,476,11,155,0,10,0.80128
7,3,1413,481,11,157,0,10,0.8038
8,3,1416,486,11,158,0,10,0.80503
9,3,1419,491,11,159,0,10,0.80625
10,3,1422,496,11,161,0,10,0.80247
11,3,1425,494,11,162,0,10,0.80368
12,3,1428,492,11,164,0,10,0.80606
13,3,1431,490,11,166,0,10,0.80838
14,3,1434,489,11,167,0,10,0.80952
15,3,1437,487,11,169,0,10,0.81176
16,3,1441,485,10,170,0,10,0.81287
17,3,1444,483,10,172,0,10,0.81503
18,3,1447,482,10,173,0,10,0.81609
19,3,1450,480,10,175,0,10,0.81818
20,3,1453,478,10,177,0,10,0.82022
21,3,1457,477,10,178,0,10,0.82123
22,3,1460,478,10,180,0,10,0.81768
23,3,1463,480,10,182,0,10,0.81967
24,3,1467,482,10,183,0,10,0.82065
25,3,1470,484,10,185,0,10,0.82258
26,3,1474,486,10,186,0,10,0.82353
27,3,1477,488,10,188,0,10,0.8254
28,3,1480,490,10,189,0,10,0.82632
29,3,1484,492,10,191,0,10,0.82812
30,3,1487,494,10,192,0,10,0.82902
31,3,1491,496,10,194,0,10,0.82564
32,3,1494,493,11,196,0,10,0.81218
33,3,1498,491,11,197,0,10,0.81313
34,3,1502,488,11,199,0,10,0.815
35,3,1506,486,11,200,0,10,0.81592
36,3,1510,483,11,202,0,10,0.82266
37,3,1514,481,11,203,0,10,0.82843
38,3,1518,478,11,205,0,10,0.83495
39,3,1522,476,11,206,0,10,0.83575
40,3,1526,473,11,208,0,10,0.83254
41,3,1530,471,11,210,0,10,0.82938
42,3,1534,472,11,211,0,10,0.83019
43,3,1538,473,11,213,0,10,0.8271
44,3,1542,474,11,215,0,10,0.8287
45,3,1546,476,11,216,0,10,0.82488
46,3,1550,477,11,218,0,10,0.82192
47,3,1554,478,11,219,0,10,0.82273
48,3,1558,480,11,220,0,10,0.819
49,3,1562,481,11,222,0,10,0.82063
50,3,1566,482,11,224,0,10,0.81778
51,3,1571,484,11,225,0,10,0.81858
52,3,1574,482,11,226,0,10,0.81938
53,3,1578,481,11,227,0,10,0.82018
54,3,1581,480,11,228,0,10,0.81659
55,3,1585,479,11,229,0,10,0.81304
56,3,1589,477,10,231,0,10,0.81466
57,3,1593,476,10,232,0,10,0.81545
58,3,1597,475,10,233,0,10,0.81624
59,3,1601,474,10,234,0,10,0.81277
60,3,1605,473,10,235,0,10,0.80932
61,3,1609,472,10,236,0,10,0.81013
62,3,1612,472,10,238,0,10,0.80753
63,3,1615,473,10,240,0,10,0.80913
64,3,1618,474,10,241,0,10,0.80579
65,3,1621,475,10,243,0,10,0.80328
66,3,1624,476,10,245,0,10,0.80488
67,3,1627,476,10,247,0,10,0.20161
68,3,1630,477,10,249,0,10,0.804
69,3,1633,478,10,250,0,10,0.8008
70,3,1636,479,10,252,0,10,0.80237
71,3,1640,480,10,254,0,10,0.8
72,3,1641,479,10,256,0,10,0.80156
73,3,1642,479,10,257,0,10,0.80233
74,3,1643,478,10,259,0,10,0.16538
75,3,1644,478,10,260,0,10,0.28352
76,3,1645,478,11,262,0,10,0.43631
77,3,1646,477,11,264,0,10,0.48679
78,3,1647,477,11,265,0,10,0.54073
79,3,1648,476,11,267,0,10,0.59453
80,3,1649,476,11,268,0,10,0.64405
81,3,1651,476,11,270,0,10,0.64483
82,3,1651,476,11,272,0,10,0.75031
83,3,1651,476,11,275,0,10,0.80072
84,3,1651,476,12,277,0,10,0.80216
85,3,1651,476,12,280,0,10,0.80427
86,3,1652,476,12,282,0,10,0.80212
87,3,1652,476,12,285,0,10,0.8042
88,3,1652,476,12,287,0,10,0.80556
89,3,1652,476,13,290,0,10,0.80412
90,3,1652,476,13,292,0,10,0.80546
91,3,1653,476,13,295,0,10,0.80405
92,3,1652,475,13,298,0,10,0.80268
93,3,1652,475,13,301,0,10,0.80464
94,3,1652,475,13,303,0,10,0.80592
95,3,1651,475,14,306,0,10,0.80782
96,3,1651,475,14,308,0,10,0.80583
97,3,1651,475,13,311,0,10,0.80449
98,3,1650,475,14,313,0,10,0.80573
99,3,1650,475,14,316,0,10,0.80757
100,3,1650,475,14,318,0,10,0.80878
101,3,1650,475,14,321,0,10,0.80745
102,3,1649,474,14,324,0,10,0.80923
103,3,1649,474,14,327,0,10,0.81098
104,3,1649,474,14,329,0,10,0.81515
105,3,1648,474,15,332,0,10,0.81381
106,3,1648,474,15,334,0,10,0.81493
107,3,1648,474,14,337,0,10,0.81953
108,3,1647,474,15,339,0,10,0.81765
109,3,1647,474,15,342,0,10,0.82216
110,3,1647,474,15,344,0,10,0.82319
111,3,1647,474,15,347,0,10,0.82471
112,3,1646,473,15,350,0,10,0.82621
113,3,1645,473,15,353,0,10,0.82768
114,3,1644,473,16,355,0,10,0.82865
115,3,1644,473,15,358,0,10,0.83008
116,3,1643,473,15,360,0,10,0.83102
117,3,1642,473,16,363,0,10,0.83242
118,3,1641,473,16,365,0,10,0.83333
119,3,1641,473,15,368,0,10,0.83469
120,3,1640,473,16,370,0,10,0.83558
121,3,1639,473,16,373,0,10,0.83422
122,3,1638,472,16,376,0,10,0.83554
123,3,1638,472,16,379,0,10,0.83421
124,3,1637,472,16,381,0,10,0.83246
125,3,1636,472,16,384,0,10,0.83117
126,3,1635,472,17,386,0,10,0.82946
127,3,1635,472,16,389,0,10,0.82821
128,3,1634,472,16,391,0,10,0.82908
129,3,1633,472,17,394,0,10,0.82785
130,3,1632,472,17,396,0,10,0.8262
131,3,1632,472,17,399,0,10,0.825
132,3,1632,471,17,402,0,10,0.82382
133,3,1632,471,17,405,0,10,0.82266
134,3,1632,471,17,407,0,10,0.82108
135,3,1632,471,18,410,0,10,0.82238
136,3,1632,471,18,412,0,10,0.82082
137,3,1632,471,18,415,0,10,0.81971
138,3,1632,471,19,417,0,10,0.81818
139,3,1632,471,19,420,0,10,0.8171
140,3,1632,471,19,422,0,10,0.8156
141,3,1633,471,19,425,0,10,0.81455
142,3,1633,469,19,430,0,10,0.81671
143,3,1633,468,19,435,0,10,0.81881
144,3,1633,466,19,440,0,10,0.82086
145,3,1634,465,19,445,0,10,0.82063
146,3,1634,464,19,450,0,10,0.82262
147,3,1634,462,19,455,0,10,0.82456
148,3,1634,461,20,460,0,10,0.8243
149,3,1635,459,19,465,0,10,0.82618
150,3,1635,458,19,470,0,10,0.82803
151,3,1635,457,20,475,0,10,0.82983
152,3,1635,455,20,480,0,10,0.8316
153,3,1636,454,19,485,0,10,0.83128
154,3,1636,452,19,490,0,10,0.83299
155,3,1636,451,20,495,0,10,0.83266
156,3,1636,450,20,500,0,10,0.83433
157,3,1637,448,19,505,0,10,0.83597
158,3,1637,447,20,510,0,10,0.83562
159,3,1637,445,20,515,0,10,0.83721
160,3,1637,444,20,520,0,10,0.83685
161,3,1638,443,20,525,0,10,0.8384
162,3,1640,442,20,530,0,10,0.83804
163,3,1642,442,20,535,0,10,0.83769
164,3,1644,442,20,540,0,10,0.83734
165,3,1646,442,20,544,0,10,0.8367
166,3,1648,442,20,549,0,10,0.83636
167,3,1650,441,20,555,0,10,0.83633
168,3,1652,441,20,559,0,10,0.83571
169,3,1654,441,20,564,0,10,0.8354
170,3,1656,441,20,569,0,10,0.83509
171,3,1659,441,20,574,0,10,0.83478
172,3,1663,442,20,582,0,10,0.83533
173,3,1668,444,20,589,0,10,0.8339
174,3,1672,445,21,597,0,10,0.83278
175,3,1677,447,20,604,0,10,0.8314
176,3,1681,448,21,613,0,10,0.83062
177,3,1686,450,21,620,0,10,0.83092
178,3,1690,451,21,628,0,10,0.82989
179,3,1695,453,21,635,0,10,0.81604
180,3,1699,454,22,643,0,10,0.80124
181,3,1704,456,22,651,0,10,0.78681
182,3,1710,459,22,651,0,10,0.77914
183,3,1717,462,22,651,0,10,0.77301
184,3,1724,465,22,652,0,10,0.7657
185,3,1731,469,22,651,0,10,0.75767
186,3,1738,472,22,652,0,10,0.75038
187,3,1744,475,22,652,0,10,0.74426
188,3,1751,479,22,651,0,10,0.7362
189,3,1758,482,22,652,0,10,0.72894
190,3,1765,485,22,652,0,10,0.72282
191,3,1772,489,22,652,0,10,0.71516
192,3,1783,492,22,652,0,10,0.71057
193,3,1794,496,22,652,0,10,0.70291
194,3,1805,499,22,652,0,10,0.69678
195,3,1816,503,22,652,0,10,0.68913
196,3,1828,506,22,652,0,10,0.683
197,3,1839,510,22,652,0,10,0.67688
198,3,1850,513,22,652,0,10,0.67075
199,3,1861,517,22,652,0,10,0.66309
200,3,1872,520,22,652,0,10,0.65697
1,4,1477,519,38,76,1,1,1
2,4,1481,517,37,72,1,1,1
3,4,1485,515,37,68,1,1,1
4,4,1490,513,36,64,1,1,1
5,4,1496,519,35,70,1,1,1
6,4,1500,528,34,77,1,1,1
7,4,1504,522,36,81,1,1,1
8,4,1506,530,38,80,1,1,1
9,4,1512,536,34,81,1,1,1
10,4,1512,548,38,79,1,1,1
11,4,1517,534,34,79,1,1,1
12,4,1519,539,36,78,1,1,1
13,4,1523,536,38,79,1,1,1
14,4,1525,533,44,80,1,1,1
15,4,1529,535,43,81,1,1,1
16,4,1534,538,42,81,1,1,1
17,4,1538,538,41,81,1,1,0.80952
18,4,1542,538,40,81,1,1,0.80488
19,4,1546,538,39,82,1,1,0.825
20,4,1550,538,38,82,1,1,0.84615
21,4,1555,538,37,83,1,1,0.81579
22,4,1559,539,37,82,1,1,0.81579
23,4,1563,540,38,82,1,1,0.79487
24,4,1567,541,38,82,1,1,0.76923
25,4,1571,542,39,82,1,1,0.75
26,4,1575,543,39,82,1,1,0.75
27,4,1580,544,39,82,1,1,0.725
28,4,1584,546,38,82,1,1,0.74359
29,4,1589,548,37,83,1,1,0.73684
30,4,1593,550,36,84,1,1,0.75676
31,4,1598,552,35,85,1,1,0.75
32,4,1607,549,34,85,1,1,0.62857
33,4,1617,546,33,86,1,1,0.47059
34,4,1621,544,33,87,1,1,0.47059
35,4,1625,543,33,87,1,1,0.47059
36,4,1629,541,33,88,1,1,0.47059
37,4,1633,540,33,88,1,1,0.47059
38,4,1634,540,35,88,1,1,0.52778
39,4,1636,541,37,88,1,1,0.57895
40,4,1637,541,39,89,1,1,0.625
41,4,1639,542,41,89,1,1,0.66667
42,4,1643,542,41,90,1,1,0.69048
43,4,1648,543,41,90,1,1,0.66667
44,4,1652,544,42,90,1,1,0.67442
45,4,1657,545,42,91,1,1,0.65116
46,4,1662,545,41,92,1,1,0.66667
47,4,1666,546,42,92,1,1,0.67442
48,4,1671,547,42,92,1,1,0.65116
49,4,1676,548,42,93,1,1,0.62791
50,4,1691,550,33,94,1,1,0.47059
51,4,1686,549,42,93,1,1,0.5814
52,4,1690,548,42,94,1,1,0.5814
53,4,1694,548,43,94,1,1,0.56818
54,4,1698,548,43,94,1,1,0.56818
55,4,1702,547,44,95,1,1,0.55556
56,4,1706,547,44,95,1,1,0.55556
57,4,1710,547,45,95,1,1,0.56522
58,4,1714,546,45,96,1,1,0.56522
59,4,1718,546,46,96,1,1,0.55319
60,4,1722,546,46,96,1,1,0.57447
61,4,1727,546,46,96,1,1,0.55319
62,4,1734,545,43,97,1,1,0.54545
63,4,1741,545,41,97,1,1,0.5
64,4,1748,545,38,97,1,1,0.46154
65,4,1755,545,36,98,1,1,0.43243
66,4,1756,546,38,98,1,1,0.48718
67,4,1758,547,40,98,1,1,0.53659
68,4,1759,548,43,98,1,1,0.43182
69,4,1761,549,44,98,1,1,0.35556
70,4,1762,550,47,98,1,1,0.29167
71,4,1764,551,49,99,1,1,0.22
72,4,1774,552,43,99,1,1,0.11364
73,4,1785,553,37,100,1,1,0
74,4,1783,553,38,100,1,1,0.10256
75,4,1782,553,39,100,1,1,0.225
76,4,1781,553,40,100,1,1,0.34146
77,4,1780,554,41,100,1,1,0.45238
78,4,1778,554,43,100,1,1,0.40909
79,4,1777,554,44,100,1,1,0.37778
80,4,1776,554,45,100,1,1,0.34783
81,4,1775,555,46,100,1,1,0.31915
82,4,1775,555,46,100,1,1,0.29787
83,4,1775,555,46,101,1,1,0.29787
84,4,1775,556,47,101,1,1,0.29167
85,4,1775,556,47,101,1,1,0.29167
86,4,1775,557,48,101,1,1,0.26531
87,4,1775,557,48,102,1,1,0.26531
88,4,1775,557,48,102,1,1,0.26531
89,4,1775,558,49,102,1,1,0.26
90,4,1775,558,49,103,1,1,0.24
91,4,1775,559,50,103,1,1,0.23529
92,4,1789,560,38,105,1,1,0
93,4,1787,560,38,105,1,1,0
94,4,1785,561,39,105,1,1,0.05
95,4,1783,562,40,105,1,1,0.073171
96,4,1781,563,41,105,1,1,0.11905
97,4,1779,563,42,106,1,1,0.16279
98,4,1777,564,43,106,1,1,0.15102
99,4,1775,565,44,106,1,1,0.10447
100,4,1773,566,45,106,1,1,0.10971
101,4,1771,567,46,106,1,1,0.12806
102,4,1770,566,45,107,1,1,0.14493
103,4,1769,566,45,107,1,1,0.15097
104,4,1768,566,45,107,1,1,0.16747
105,4,1767,566,45,107,1,1,0.18478
106,4,1766,566,44,107,1,1,0.20741
107,4,1765,566,44,107,1,1,0.22284
108,4,1764,566,44,107,1,1,0.23066
109,4,1763,566,44,107,1,1,0.25103
110,4,1763,566,43,108,1,1,0.24958
111,4,1760,566,46,107,1,1,0.28172
112,4,1758,566,49,107,1,1,0.29333
113,4,1756,566,50,105,1,1,0.30984
114,4,1754,566,51,103,1,1,0.3395
115,4,1751,566,53,101,1,1,0.36329
116,4,1750,566,53,101,1,1,0.38126
117,4,1745,566,54,101,1,1,0.45401
118,4,1746,566,55,101,1,1,0.41912
119,4,1743,566,58,110,1,1,0.43121
120,4,1741,565,57,110,1,1,0.48602
121,4,1739,565,56,110,1,1,0.54022
122,4,1737,564,55,111,1,1,0.59232
123,4,1735,564,54,111,1,1,0.63247
124,4,1733,564,53,111,1,1,0.68882
125,4,1730,563,54,112,1,1,0.72727
126,4,1728,562,54,112,1,1,0.74545
127,4,1726,562,54,112,1,1,0.76364
128,4,1724,562,52,112,1,1,0.81132
129,4,1722,563,54,113,1,1,0.81818
130,4,1720,561,58,111,1,1,0.77966
131,4,1714,561,62,111,1,1,0.8254
132,4,1711,561,62,111,1,1,0.85714
133,4,1709,561,62,112,1,1,0.88889
134,4,1707,561,62,112,1,1,0.90476
135,4,1705,561,62,113,1,1,0.93651
136,4,1702,561,62,113,1,1,0.98413
137,4,1700,561,61,113,1,1,1
138,4,1699,561,61,114,1,1,1
139,4,1694,562,62,114,1,1,1
140,4,1693,560,61,114,1,1,1
141,4,1693,558,59,114,1,1,1
142,4,1692,557,58,120,1,1,1
143,4,1690,558,57,120,1,1,1
144,4,1689,560,55,120,1,1,1
145,4,1688,561,53,121,1,1,1
146,4,1687,563,51,120,1,1,1
147,4,1686,564,49,121,1,1,1
148,4,1685,566,47,121,1,1,1
149,4,1684,568,45,121,1,1,1
150,4,1680,566,45,121,1,1,0.94654
151,4,1676,564,45,122,1,1,0.88689
152,4,1672,563,46,121,1,1,0.84374
153,4,1668,561,46,122,1,1,0.7945
154,4,1665,560,46,121,1,1,0.75462
155,4,1661,558,46,122,1,1,0.68967
156,4,1657,556,46,122,1,1,0.63155
157,4,1653,555,47,122,1,1,0.55589
158,4,1649,553,47,122,1,1,0.44157
159,4,1646,552,47,122,1,1,0.37398
160,4,1642,551,47,122,1,1,0.28557
161,4,1638,551,48,122,1,1,0.223
162,4,1635,551,47,122,1,1,0.21494
163,4,1631,550,48,123,1,1,0.21198
164,4,1628,550,47,123,1,1,0.20413
165,4,1624,550,48,123,1,1,0.19816
166,4,1620,549,48,124,1,1,0.192
167,4,1617,549,48,124,1,1,0.2209
168,4,1613,549,48,124,1,1,0.24833
169,4,1610,549,48,124,1,1,0.27298
170,4,1610,549,48,124,1,1,0.27788
171,4,1610,550,48,124,1,1,0.288
172,4,1610,550,49,125,1,1,0.29222
173,4,1611,551,48,124,1,1,0.30155
174,4,1611,551,49,125,1,1,0.32952
175,4,1611,552,49,125,1,1,0.36222
176,4,1612,552,48,125,1,1,0.37836
177,4,1612,553,49,125,1,1,0.41714
178,4,1612,553,49,126,1,1,0.45433
179,4,1613,554,49,126,1,1,0.47764
180,4,1612,554,50,126,1,1,0.52447
181,4,1612,554,50,126,1,1,0.5677
182,4,1612,554,50,126,1,1,0.66559
183,4,1612,554,50,127,1,1,0.77099
184,4,1612,554,50,127,1,1,0.87561
185,4,1612,554,50,127,1,1,1
186,4,1612,554,50,128,1,1,1
187,4,1612,554,50,128,1,1,1
188,4,1612,554,50,128,1,1,1
189,4,1612,554,50,129,1,1,1
190,4,1607,553,55,129,1,1,1
191,4,1602,552,61,129,1,1,1
192,4,1598,552,66,129,1,1,1
193,4,1599,551,65,129,1,1,1
194,4,1600,551,65,129,1,1,1
195,4,1603,553,63,129,1,1,1
196,4,1606,555,61,130,1,1,1
197,4,1607,553,61,129,1,1,1
198,4,1609,551,61,129,1,1,1
199,4,1609,549,65,130,1,1,1
200,4,1611,549,62,130,1,1,1
201,4,1612,548,61,130,1,1,1
202,4,1617,547,61,133,1,1,1
203,4,1617,547,61,134,1,1,1
204,4,1620,545,60,134,1,1,1
205,4,1621,548,65,131,1,1,1
206,4,1624,549,65,130,1,1,1
207,4,1629,551,57,133,1,1,1
208,4,1630,553,64,133,1,1,1
209,4,1631,555,66,133,1,1,1
210,4,1633,555,69,133,1,1,1
211,4,1639,555,66,134,1,1,1
212,4,1643,555,66,134,1,1,1
213,4,1644,555,69,137,1,1,1
214,4,1653,555,66,137,1,1,1
215,4,1654,556,74,138,1,1,1
216,4,1661,556,73,139,1,1,1
217,4,1665,556,77,135,1,1,1
218,4,1674,556,72,138,1,1,1
219,4,1678,557,73,138,1,1,1
220,4,1685,555,72,139,1,1,1
221,4,1692,553,71,140,1,1,1
222,4,1699,551,70,141,1,1,1
223,4,1707,549,69,145,1,1,1
224,4,1712,547,69,145,1,1,1
225,4,1719,545,69,145,1,1,1
226,4,1724,544,69,143,1,1,1
227,4,1737,544,65,147,1,1,1
228,4,1743,544,66,146,1,1,1
229,4,1749,546,69,146,1,1,1
230,4,1758,546,68,146,1,1,1
231,4,1767,546,65,150,1,1,1
232,4,1774,547,68,149,1,1,1
233,4,1779,546,72,150,1,1,1
234,4,1791,545,73,149,1,1,1
235,4,1800,542,73,150,1,1,1
236,4,1809,539,77,150,1,1,1
237,4,1823,537,70,153,1,1,1
238,4,1837,535,69,154,1,1,1
239,4,1845,533,73,157,1,1,1
240,4,1857,533,70,157,1,1,0.90141
241,4,1871,534,65,158,1,1,0.75758
242,4,1882,531,66,158,1,1,0.58209
243,4,1897,528,65,159,1,1,0.36364
1,5,1521,568,52,109,1,1,1
2,5,1527,561,55,118,1,1,1
3,5,1538,555,55,118,1,1,1
4,5,1541,560,55,118,1,1,1
5,5,1547,567,55,120,1,1,1
6,5,1555,576,55,124,1,1,1
7,5,1559,572,54,122,1,1,1
8,5,1567,580,55,125,1,1,1
9,5,1575,589,56,127,1,1,1
10,5,1581,602,52,127,1,1,1
11,5,1590,583,55,132,1,1,1
12,5,1594,589,55,133,1,1,1
13,5,1604,592,56,135,1,1,1
14,5,1610,583,55,138,1,1,1
15,5,1618,585,55,140,1,1,1
16,5,1627,588,55,141,1,1,1
17,5,1635,588,55,142,1,1,1
18,5,1643,588,55,143,1,1,1
19,5,1652,588,55,145,1,1,1
20,5,1659,590,56,145,1,1,1
21,5,1667,592,57,146,1,1,1
22,5,1674,594,59,150,1,1,1
23,5,1682,596,61,154,1,1,1
24,5,1686,593,61,156,1,1,1
25,5,1694,598,61,158,1,1,1
26,5,1702,603,62,160,1,1,1
27,5,1710,608,62,162,1,1,1
28,5,1718,614,63,163,1,1,1
29,5,1727,622,64,162,1,1,1
30,5,1735,619,64,163,1,1,1
31,5,1744,623,64,165,1,1,1
32,5,1754,627,66,166,1,1,1
33,5,1765,613,67,169,1,1,1
34,5,1774,615,69,169,1,1,1
35,5,1783,617,72,170,1,1,1
36,5,1793,619,73,170,1,1,1
37,5,1802,621,76,171,1,1,1
38,5,1811,623,78,171,1,1,1
39,5,1821,626,80,171,1,1,1
40,5,1830,628,80,176,1,1,1
41,5,1840,631,79,181,1,1,1
42,5,1857,636,79,181,1,1,0.8
43,5,1866,636,79,181,1,1,0.6875
44,5,1879,635,76,187,1,1,0.54545
45,5,1892,657,76,175,1,1,0.37662
1,6,1609,558,57,118,1,1,1
2,6,1615,560,57,114,1,1,1
3,6,1626,546,58,127,1,1,1
4,6,1633,553,58,125,1,1,1
5,6,1640,563,61,130,1,1,1
6,6,1647,574,61,130,1,1,1
7,6,1656,574,60,124,1,1,1
8,6,1663,581,61,132,1,1,1
9,6,1666,588,64,126,1,1,1
10,6,1669,600,69,132,1,1,1
11,6,1677,585,67,135,1,1,1
12,6,1686,588,66,136,1,1,1
13,6,1695,591,65,138,1,1,1
14,6,1703,583,62,140,1,1,1
15,6,1714,585,61,142,1,1,1
16,6,1720,587,60,145,1,1,1
17,6,1728,588,60,144,1,1,1
18,6,1736,590,60,143,1,1,1
19,6,1744,591,60,143,1,1,1
20,6,1752,593,61,142,1,1,1
21,6,1760,597,63,142,1,1,1
22,6,1768,597,66,146,1,1,1
23,6,1776,597,69,150,1,1,1
24,6,1785,598,71,153,1,1,1
25,6,1793,598,74,157,1,1,1
26,6,1802,599,76,160,1,1,1
27,6,1809,603,76,162,1,1,1
28,6,1819,609,78,164,1,1,1
29,6,1830,616,79,165,1,1,1
30,6,1839,620,77,168,1,1,1
31,6,1849,625,74,170,1,1,0.96
32,6,1861,616,75,183,1,1,0.78947
33,6,1871,619,74,176,1,1,0.66667
34,6,1881,622,73,169,1,1,0.54054
35,6,1891,625,74,164,1,1,0.4
36,6,1901,628,76,160,1,1,0.25974
1,7,1445,511,33,78,1,1,0.94713
2,7,1448,504,33,79,1,1,0.97537
3,7,1451,500,34,78,1,1,0.97685
4,7,1456,501,31,79,1,1,1
5,7,1461,509,30,80,1,1,1
6,7,1466,518,30,80,1,1,1
7,7,1466,510,31,80,1,1,1
8,7,1469,515,31,81,1,1,1
9,7,1473,521,30,82,1,1,1
10,7,1477,532,31,84,1,1,1
11,7,1479,519,28,85,1,1,1
12,7,1480,522,28,84,1,1,1
13,7,1486,519,26,84,1,1,1
14,7,1488,516,28,81,1,1,1
15,7,1491,519,28,81,1,1,1
16,7,1494,523,28,81,1,1,1
17,7,1494,520,28,81,1,1,1
18,7,1500,519,31,82,1,1,1
19,7,1503,519,31,82,1,1,1
20,7,1507,519,31,82,1,1,1
21,7,1511,520,31,81,1,1,1
22,7,1515,520,31,81,1,1,1
23,7,1519,521,31,81,1,1,1
24,7,1522,522,31,82,1,1,1
25,7,1526,524,31,82,1,1,1
26,7,1529,526,31,82,1,1,1
27,7,1533,528,31,82,1,1,1
28,7,1535,532,32,82,1,1,1
29,7,1538,537,33,81,1,1,1
30,7,1541,539,32,81,1,1,1
31,7,1544,541,32,81,1,1,1
32,7,1548,543,31,82,1,1,1
33,7,1554,531,30,82,1,1,1
34,7,1558,528,30,82,1,1,1
35,7,1562,525,30,83,1,1,1
36,7,1566,522,31,84,1,1,1
37,7,1570,519,31,85,1,1,1
38,7,1575,517,31,85,1,1,1
39,7,1579,518,32,86,1,1,1
40,7,1584,519,32,87,1,1,1
41,7,1589,520,33,88,1,1,1
42,7,1594,521,33,89,1,1,1
43,7,1599,522,33,90,1,1,1
44,7,1604,524,34,90,1,1,1
45,7,1608,526,34,90,1,1,1
46,7,1612,528,34,90,1,1,1
47,7,1617,530,34,90,1,1,1
48,7,1621,532,34,90,1,1,1
49,7,1626,534,34,91,1,1,1
50,7,1631,534,34,91,1,1,1
51,7,1636,534,34,91,1,1,1
52,7,1640,533,34,91,1,1,1
53,7,1644,533,35,91,1,1,1
54,7,1648,532,36,91,1,1,1
55,7,1652,532,37,91,1,1,1
56,7,1656,532,37,91,1,1,1
57,7,1660,531,38,91,1,1,1
58,7,1664,531,39,91,1,1,1
59,7,1668,531,40,91,1,1,1
60,7,1671,530,39,94,1,1,1
61,7,1675,530,39,94,1,1,1
62,7,1679,530,39,95,1,1,1
63,7,1683,530,39,96,1,1,1
64,7,1687,530,39,96,1,1,1
65,7,1691,530,39,97,1,1,1
66,7,1695,530,39,98,1,1,1
67,7,1700,531,38,98,1,1,1
68,7,1701,530,38,99,1,1,1
69,7,1702,530,38,99,1,1,1
70,7,1703,529,38,100,1,1,1
71,7,1704,529,38,100,1,1,1
72,7,1706,529,37,100,1,1,1
73,7,1707,529,37,100,1,1,1
74,7,1708,529,37,100,1,1,1
75,7,1709,530,37,100,1,1,1
76,7,1710,530,37,100,1,1,1
77,7,1711,530,37,100,1,1,0.98567
78,7,1712,531,37,100,1,1,0.95701
79,7,1713,531,37,100,1,1,0.91402
80,7,1714,531,37,100,1,1,0.88744
81,7,1715,532,37,100,1,1,0.8567
82,7,1713,532,37,100,1,1,0.77488
83,7,1712,532,37,100,1,1,0.7186
84,7,1711,533,37,100,1,1,0.64825
85,7,1710,533,37,100,1,1,0.60709
86,7,1709,533,37,100,1,1,0.57009
87,7,1708,534,37,100,1,1,0.52762
88,7,1707,534,37,100,1,1,0.54455
89,7,1706,535,37,100,1,1,0.55446
90,7,1704,536,37,100,1,1,0.56436
91,7,1702,538,38,100,1,1,0.57426
92,7,1700,539,38,101,1,1,0.57843
93,7,1699,541,38,101,1,1,0.57843
94,7,1697,542,38,102,1,1,0.58252
95,7,1695,544,39,102,1,1,0.55388
96,7,1693,546,39,101,1,1,0.55074
97,7,1692,547,39,102,1,1,0.57888
98,7,1690,549,39,102,1,1,0.61505
99,7,1688,550,40,103,1,1,0.6454
100,7,1686,552,40,103,1,1,0.68293
101,7,1685,554,40,103,1,1,0.72702
102,7,1683,552,38,105,1,1,0.77092
103,7,1682,550,36,107,1,1,0.81081
104,7,1681,548,34,109,1,1,0.84
105,7,1678,548,34,109,1,1,0.81299
106,7,1675,548,34,109,1,1,0.77299
107,7,1672,548,35,110,1,1,0.75826
108,7,1669,548,35,110,1,1,0.72948
109,7,1666,548,35,110,1,1,0.69419
110,7,1664,548,35,111,1,1,0.67857
111,7,1661,548,35,111,1,1,0.60417
112,7,1658,549,36,111,1,1,0.56757
113,7,1655,549,36,111,1,1,0.50193
114,7,1652,549,36,111,1,1,0.43243
115,7,1650,549,36,112,1,1,0.41976
116,7,1647,549,36,112,1,1,0.38866
117,7,1644,549,36,112,1,1,0.34202
118,7,1641,549,37,113,1,1,0.31994
119,7,1638,549,37,113,1,1,0.33518
120,7,1636,550,37,113,1,1,0.32479
121,7,1632,549,39,113,1,1,0.32785
122,7,1628,549,42,113,1,1,0.34476
123,7,1625,549,43,113,1,1,0.3445
124,7,1621,548,46,113,1,1,0.34714
125,7,1617,548,48,113,1,1,0.34945
126,7,1614,548,50,113,1,1,0.34056
127,7,1610,548,49,113,1,1,0.34158
128,7,1606,548,49,113,1,1,0.34158
129,7,1603,548,48,114,1,1,0.32458
130,7,1599,548,48,114,1,1,0.37001
131,7,1596,548,47,114,1,1,0.42428
132,7,1592,548,47,115,1,1,0.49425
133,7,1588,548,47,115,1,1,0.57184
134,7,1585,548,45,115,1,1,0.63418
135,7,1581,548,45,116,1,1,0.67131
136,7,1578,548,44,116,1,1,0.69383
137,7,1574,548,44,116,1,1,0.73675
138,7,1570,548,44,117,1,1,0.771
139,7,1567,548,43,117,1,1,0.79969
140,7,1563,548,43,117,1,1,0.83475
141,7,1560,548,42,118,1,1,0.88216
142,7,1556,548,42,118,1,1,0.92027
143,7,1552,548,43,118,1,1,0.96047
144,7,1549,548,42,119,1,1,1
145,7,1545,548,43,119,1,1,1
146,7,1542,549,43,119,1,1,1
147,7,1534,550,47,118,1,1,1
148,7,1526,552,51,117,1,1,1
149,7,1519,554,54,116,1,1,1
150,7,1513,556,53,113,1,1,1
151,7,1509,554,51,114,1,1,1
152,7,1505,552,50,116,1,1,1
153,7,1501,551,49,117,1,1,1
154,7,1497,549,47,118,1,1,1
155,7,1493,547,46,120,1,1,1
156,7,1489,546,45,121,1,1,1
157,7,1483,546,45,121,1,1,1
158,7,1478,546,45,122,1,1,1
159,7,1472,547,45,121,1,1,1
160,7,1467,547,45,122,1,1,1
161,7,1461,547,45,122,1,1,1
162,7,1456,548,45,122,1,1,1
163,7,1450,548,44,120,1,1,1
164,7,1445,548,44,119,1,1,1
165,7,1441,548,44,119,1,1,1
166,7,1437,547,43,119,1,1,1
167,7,1434,546,42,119,1,1,1
168,7,1431,545,40,119,1,1,1
169,7,1428,544,39,120,1,1,1
170,7,1423,543,40,121,1,1,1
171,7,1418,542,41,122,1,1,1
172,7,1413,541,42,123,1,1,1
173,7,1408,541,44,123,1,1,1
174,7,1399,542,48,121,1,1,1
175,7,1391,544,51,118,1,1,1
176,7,1388,548,51,114,1,1,1
177,7,1386,547,51,116,1,1,1
178,7,1383,547,51,116,1,1,1
179,7,1381,547,50,117,1,1,1
180,7,1379,547,50,118,1,1,1
181,7,1377,547,49,119,1,1,1
182,7,1374,547,49,120,1,1,1
183,7,1372,547,49,121,1,1,1
184,7,1370,547,48,122,1,1,1
185,7,1368,548,48,122,1,1,1
186,7,1365,547,49,122,1,1,1
187,7,1363,547,49,122,1,1,1
188,7,1361,547,49,122,1,1,1
189,7,1358,546,50,122,1,1,1
190,7,1356,546,50,122,1,1,1
191,7,1354,546,50,122,1,1,1
192,7,1352,546,50,122,1,1,1
193,7,1349,547,50,122,1,1,1
194,7,1347,548,50,123,1,1,1
195,7,1346,547,49,124,1,1,1
196,7,1345,546,49,125,1,1,1
197,7,1344,545,48,126,1,1,1
198,7,1343,545,48,126,1,1,1
199,7,1342,544,47,127,1,1,1
200,7,1341,543,47,128,1,1,1
201,7,1341,543,46,129,1,1,1
202,7,1340,547,46,126,1,1,1
203,7,1338,546,46,131,1,1,1
204,7,1337,547,47,130,1,1,1
205,7,1336,548,48,129,1,1,1
206,7,1335,550,50,128,1,1,1
207,7,1334,550,50,128,1,1,1
208,7,1333,550,50,129,1,1,1
209,7,1333,550,50,130,1,1,1
210,7,1332,551,50,129,1,1,1
211,7,1332,551,50,130,1,1,1
212,7,1331,551,50,131,1,1,1
213,7,1331,552,50,131,1,1,1
214,7,1332,552,50,131,1,1,1
215,7,1334,552,49,132,1,1,1
216,7,1335,553,50,132,1,1,1
217,7,1337,553,49,133,1,1,1
218,7,1339,554,49,133,1,1,1
219,7,1340,553,49,134,1,1,1
220,7,1341,552,49,135,1,1,1
221,7,1342,551,50,136,1,1,1
222,7,1344,551,50,136,1,1,1
223,7,1346,551,50,137,1,1,1
224,7,1348,552,51,137,1,1,1
225,7,1350,552,51,138,1,1,1
226,7,1352,553,51,137,1,1,1
227,7,1355,553,51,138,1,1,1
228,7,1357,553,51,139,1,1,1
229,7,1359,554,51,139,1,1,1
230,7,1361,554,52,139,1,1,1
231,7,1363,555,52,139,1,1,1
232,7,1365,555,52,140,1,1,1
233,7,1368,556,52,140,1,1,1
234,7,1370,552,52,140,1,1,1
235,7,1373,550,52,142,1,1,1
236,7,1376,549,53,144,1,1,1
237,7,1379,548,52,143,1,1,1
238,7,1383,548,50,141,1,1,1
239,7,1387,548,49,140,1,1,1
240,7,1392,548,49,141,1,1,1
241,7,1397,548,50,142,1,1,1
242,7,1402,548,50,143,1,1,1
243,7,1407,548,51,145,1,1,1
244,7,1413,549,47,147,1,1,1
245,7,1419,550,44,150,1,1,1
246,7,1424,550,46,150,1,1,1
247,7,1430,550,47,150,1,1,1
248,7,1436,550,45,152,1,1,1
249,7,1442,551,44,153,1,1,1
250,7,1448,547,46,157,1,1,1
251,7,1454,543,48,161,1,1,1
252,7,1463,540,49,161,1,1,1
253,7,1470,542,48,158,1,1,1
254,7,1475,542,49,158,1,1,1
255,7,1481,542,49,159,1,1,0.9235
256,7,1487,543,49,159,1,1,0.9195
257,7,1498,544,48,153,1,1,0.92208
258,7,1501,542,57,155,1,1,0.92308
259,7,1501,540,66,158,1,1,0.92453
260,7,1505,539,72,160,1,1,0.90062
261,7,1508,538,80,162,1,1,0.86162
262,7,1517,539,81,163,1,1,0.84228
263,7,1528,544,82,163,1,1,0.80547
264,7,1535,545,85,163,1,1,0.6947
265,7,1542,546,88,163,1,1,0.59633
266,7,1556,549,88,163,1,1,0.56837
267,7,1569,551,82,163,1,1,0.52336
268,7,1574,546,81,169,1,1,0.3538
269,7,1571,541,96,178,1,1,0.36117
270,7,1579,543,97,178,1,1,0.2807
271,7,1596,542,81,178,1,1,0.13067
272,7,1615,541,61,177,1,1,0.16809
273,7,1629,541,61,177,1,1,0.18104
274,7,1641,544,61,177,1,1,0.19319
275,7,1647,545,62,177,1,1,0.25504
276,7,1653,546,64,178,1,1,0.32858
277,7,1662,549,64,178,1,1,0.41281
278,7,1676,544,66,177,1,1,0.44097
279,7,1684,546,64,187,1,1,0.50679
280,7,1706,549,64,187,1,1,0.45205
281,7,1717,546,64,187,1,1,0.52864
282,7,1724,548,64,187,1,1,0.62152
283,7,1735,547,67,186,1,1,0.7452
284,7,1749,546,73,187,1,1,0.80326
285,7,1763,546,73,187,1,1,0.89822
286,7,1774,545,73,193,1,1,1
287,7,1790,542,73,199,1,1,1
288,7,1798,543,82,199,1,1,1
289,7,1817,542,82,202,1,1,1
290,7,1843,543,68,201,1,1,1
291,7,1849,542,77,201,1,1,0.92308
292,7,1856,541,85,201,1,1,0.75581
293,7,1872,540,85,201,1,1,0.56977
1,8,-13,662,64,224,1,1,0.78462
2,8,-21,652,64,224,1,1,0.66154
1,9,122,711,49,97,1,1,1
2,9,111,698,49,97,1,1,1
3,9,105,726,49,97,1,1,1
4,9,94,724,49,97,1,1,1
5,9,82,717,38,104,1,1,1
6,9,66,734,42,105,1,1,1
7,9,50,740,45,106,1,1,1
8,9,35,747,48,107,1,1,1
9,9,17,746,48,107,1,1,1
10,9,-1,732,48,107,1,1,0.95918
11,9,-7,757,48,107,1,1,0.83673
1,10,195,575,46,154,1,1,1
2,10,188,563,46,154,1,1,1
3,10,178,584,46,154,1,1,1
4,10,173,581,46,154,1,1,1
5,10,165,581,46,154,1,1,1
6,10,153,590,46,154,1,1,1
7,10,141,585,46,154,1,1,1
8,10,135,597,46,154,1,1,1
9,10,122,594,46,154,1,1,1
10,10,108,579,47,158,1,1,1
11,10,99,586,48,162,1,1,1
12,10,91,594,49,166,1,1,1
13,10,74,570,50,170,1,1,1
14,10,60,593,51,162,1,1,1
15,10,43,588,55,172,1,1,1
16,10,27,584,59,181,1,1,1
17,10,10,592,65,178,1,1,1
18,10,-1,595,65,178,1,1,0.9697
19,10,-12,598,65,178,1,1,0.80303
20,10,-25,602,65,178,1,1,0.60606
1,11,273,585,46,148,1,1,0.76596
2,11,266,574,46,148,1,1,0.78723
3,11,258,592,46,148,1,1,0.65957
4,11,257,592,46,148,1,1,0.80851
5,11,247,586,46,148,1,1,0.76596
6,11,242,598,46,148,1,1,0.78723
7,11,232,593,45,157,1,1,0.76087
8,11,222,602,45,157,1,1,0.73913
9,11,214,602,45,157,1,1,0.80435
10,11,201,593,49,156,1,1,0.78
11,11,188,608,57,155,1,1,0.7069
12,11,172,607,63,154,1,1,0.6875
13,11,161,590,62,157,1,1,0.68254
14,11,154,606,62,157,1,1,0.68254
15,11,140,603,62,157,1,1,0.68254
16,11,131,601,61,164,1,1,0.67742
17,11,120,605,61,164,1,1,0.67742
18,11,107,605,60,170,1,1,0.67213
19,11,97,607,60,170,1,1,0.67213
20,11,82,610,60,170,1,1,0.67213
21,11,70,610,60,170,1,1,0.67213
22,11,59,613,60,170,1,1,0.67213
23,11,49,617,59,182,1,1,0.66667
24,11,39,629,59,182,1,1,0.65
25,11,25,631,59,182,1,1,0.63333
26,11,10,628,66,200,1,1,0.64179
27,11,0,637,66,200,1,1,0.59701
28,11,-12,642,66,200,1,1,0.80597
29,11,-21,640,66,200,1,1,0.67164
1,12,264,495,19,297,0,10,1
2,12,256,485,19,297,0,10,1
3,12,254,501,19,297,0,10,1
4,12,246,499,19,297,0,10,1
5,12,238,498,19,297,0,10,1
6,12,232,510,19,297,0,10,1
7,12,223,517,19,297,0,10,1
8,12,214,524,19,297,0,10,1
9,12,203,521,19,297,0,10,1
10,12,192,518,19,297,0,10,1
11,12,185,536,19,297,0,10,1
12,12,174,532,19,297,0,10,1
13,12,164,528,19,297,0,10,1
14,12,154,533,19,297,0,10,1
15,12,144,539,19,297,0,10,1
16,12,134,543,19,297,0,10,1
17,12,124,548,19,297,0,10,1
18,12,112,552,19,297,0,10,1
19,12,101,557,19,297,0,10,1
20,12,89,565,19,297,0,10,1
21,12,77,573,19,297,0,10,1
22,12,65,578,19,297,0,10,1
23,12,54,584,19,297,0,10,1
24,12,41,591,20,297,0,10,1
25,12,28,599,21,296,0,10,1
26,12,15,607,23,296,0,10,1
27,12,2,618,25,294,0,10,1
1,13,504,549,34,93,1,1,1
2,13,502,537,34,93,1,1,1
3,13,501,550,34,93,1,1,1
4,13,501,546,34,93,1,1,1
5,13,498,543,34,93,1,1,1
6,13,498,556,34,93,1,1,1
7,13,501,547,34,93,1,1,1
8,13,495,555,34,93,1,1,1
9,13,492,552,34,93,1,1,1
10,13,489,546,34,93,1,1,1
11,13,489,555,34,93,1,1,1
12,13,488,556,34,93,1,1,1
13,13,486,541,34,93,1,1,1
14,13,482,549,34,93,1,1,1
15,13,481,549,34,93,1,1,1
16,13,480,549,34,93,1,1,1
17,13,479,550,34,93,1,1,1
18,13,476,549,34,94,1,1,1
19,13,473,548,35,95,1,1,1
20,13,471,548,35,96,1,1,1
21,13,468,549,35,97,1,1,1
22,13,466,550,35,98,1,1,1
23,13,464,552,35,98,1,1,1
24,13,461,553,36,99,1,1,1
25,13,459,555,35,100,1,1,1
26,13,457,556,35,101,1,1,1
27,13,454,558,36,101,1,1,1
28,13,452,559,36,102,1,1,1
29,13,450,561,36,103,1,1,1
30,13,450,570,36,104,1,1,1
31,13,445,581,36,105,1,1,1
32,13,442,573,36,106,1,1,1
33,13,440,564,36,107,1,1,1
34,13,437,570,36,108,1,1,1
35,13,438,559,36,109,1,1,1
36,13,435,557,36,110,1,1,1
37,13,433,555,36,111,1,1,1
38,13,431,553,36,112,1,1,1
39,13,429,551,36,113,1,1,1
40,13,427,550,36,113,1,1,1
41,13,424,550,37,113,1,1,1
42,13,422,551,37,113,1,1,1
43,13,420,552,37,113,1,1,1
44,13,418,553,37,113,1,1,1
45,13,415,554,38,113,1,1,1
46,13,413,555,38,113,1,1,1
47,13,411,556,38,113,1,1,1
48,13,409,557,38,113,1,1,1
49,13,406,558,39,113,1,1,1
50,13,404,559,39,113,1,1,1
51,13,402,560,39,113,1,1,1
52,13,400,561,39,113,1,1,1
53,13,398,562,39,113,1,1,1
54,13,393,561,40,113,1,1,1
55,13,389,560,40,114,1,1,1
56,13,385,559,41,115,1,1,1
57,13,381,559,41,115,1,1,1
58,13,377,558,41,115,1,1,1
59,13,373,557,42,116,1,1,1
60,13,369,556,42,117,1,1,1
61,13,365,556,43,117,1,1,1
62,13,365,552,43,118,1,1,1
63,13,361,572,43,118,1,1,1
64,13,357,556,43,118,1,1,1
65,13,353,563,42,122,1,1,1
66,13,354,568,44,121,1,1,1
67,13,350,552,44,124,1,1,1
68,13,345,560,44,127,1,1,1
69,13,340,557,45,127,1,1,1
70,13,336,555,46,126,1,1,1
71,13,332,553,47,126,1,1,0.98031
72,13,325,553,48,127,1,1,0.96269
73,13,319,553,48,128,1,1,0.98054
74,13,313,553,49,130,1,1,0.98076
75,13,307,553,49,131,1,1,1
76,13,301,553,50,133,1,1,1
77,13,295,553,49,132,1,1,0.9809
78,13,289,553,48,131,1,1,0.96135
79,13,283,553,48,130,1,1,0.96136
80,13,277,553,47,129,1,1,1
81,13,272,554,46,128,1,1,1
82,13,264,555,46,129,1,1,1
83,13,256,556,47,130,1,1,1
84,13,249,558,47,130,1,1,1
85,13,242,560,47,130,1,1,1
86,13,235,562,47,131,1,1,1
87,13,228,564,47,132,1,1,1
88,13,221,567,48,132,1,1,1
89,13,214,568,49,133,1,1,1
90,13,207,569,50,134,1,1,1
91,13,201,571,50,134,1,1,1
92,13,194,572,51,135,1,1,1
93,13,187,573,52,136,1,1,1
94,13,181,575,52,136,1,1,0.98196
95,13,174,576,53,137,1,1,0.94726
96,13,167,577,54,138,1,1,0.91498
97,13,161,579,55,139,1,1,0.86429
98,13,151,579,55,140,1,1,0.91578
99,13,142,579,55,141,1,1,0.9326
100,13,133,579,54,142,1,1,0.96592
101,13,124,579,54,143,1,1,0.98295
102,13,114,579,55,144,1,1,1
103,13,105,579,54,145,1,1,1
104,13,96,579,54,146,1,1,1
105,13,87,580,54,146,1,1,1
106,13,80,579,54,147,1,1,1
107,13,73,578,54,148,1,1,1
108,13,66,577,54,149,1,1,0.98315
109,13,57,578,54,149,1,1,0.98291
110,13,48,579,54,149,1,1,0.98279
111,13,39,580,54,149,1,1,0.96533
112,13,30,581,54,149,1,1,0.96533
113,13,21,583,54,149,1,1,0.96509
114,13,11,584,54,149,1,1,0.98255
115,13,2,586,54,149,1,1,0.98242
116,13,-7,588,54,149,1,1,0.83685
117,13,-16,590,54,149,1,1,0.67309
118,13,-25,591,54,149,1,1,0.50945
1,14,543,548,31,95,1,1,1
2,14,543,536,31,95,1,1,1
3,14,543,548,31,95,1,1,1
4,14,541,545,31,95,1,1,1
5,14,540,542,31,95,1,1,1
6,14,540,552,31,95,1,1,1
7,14,538,553,31,95,1,1,1
8,14,537,555,31,95,1,1,1
9,14,535,552,31,95,1,1,1
10,14,533,550,31,95,1,1,1
11,14,532,553,31,95,1,1,1
12,14,531,557,31,95,1,1,1
13,14,530,545,31,95,1,1,1
14,14,524,554,31,95,1,1,1
15,14,522,554,33,94,1,1,1
16,14,520,554,35,94,1,1,1
17,14,519,554,36,94,1,1,1
18,14,517,554,38,94,1,1,1
19,14,516,554,39,94,1,1,1
20,14,513,553,38,98,1,1,1
21,14,511,554,38,98,1,1,1
22,14,509,556,38,98,1,1,1
23,14,507,558,38,98,1,1,1
24,14,505,560,38,98,1,1,1
25,14,504,563,38,98,1,1,1
26,14,502,566,38,98,1,1,1
27,14,501,569,38,98,1,1,1
28,14,499,570,38,98,1,1,1
29,14,497,572,38,98,1,1,1
30,14,495,574,38,98,1,1,1
31,14,492,589,38,98,1,1,1
32,14,492,583,37,104,1,1,1
33,14,488,568,36,108,1,1,1
34,14,488,571,36,108,1,1,1
35,14,485,559,35,114,1,1,1
36,14,481,556,37,113,1,1,1
37,14,478,553,39,113,1,1,1
38,14,476,555,39,113,1,1,1
39,14,476,549,39,113,1,1,1
40,14,472,553,39,113,1,1,1
41,14,470,553,39,113,1,1,1
42,14,469,554,39,113,1,1,1
43,14,467,555,39,113,1,1,1
44,14,466,556,39,113,1,1,1
45,14,463,557,40,113,1,1,1
46,14,460,559,41,112,1,1,1
47,14,457,560,42,112,1,1,1
48,14,454,562,44,112,1,1,1
49,14,451,564,39,113,1,1,1
50,14,448,563,40,114,1,1,1
51,14,445,563,41,115,1,1,1
52,14,442,562,43,116,1,1,1
53,14,439,562,44,117,1,1,1
54,14,436,562,46,118,1,1,1
55,14,433,561,46,119,1,1,1
56,14,430,560,46,120,1,1,1
57,14,428,559,45,121,1,1,1
58,14,425,558,46,122,1,1,1
59,14,423,557,45,123,1,1,1
60,14,420,556,45,124,1,1,1
61,14,418,556,45,124,1,1,1
62,14,415,555,46,118,1,1,1
63,14,412,572,46,118,1,1,1
64,14,406,557,46,118,1,1,1
65,14,405,564,46,118,1,1,1
66,14,405,572,46,118,1,1,1
67,14,399,557,46,119,1,1,1
68,14,391,564,46,126,1,1,1
69,14,387,562,46,125,1,1,1
70,14,383,561,47,124,1,1,1
71,14,379,560,48,123,1,1,1
72,14,372,564,48,124,1,1,1
73,14,367,559,48,125,1,1,1
74,14,362,558,48,126,1,1,1
75,14,357,558,49,127,1,1,1
76,14,353,558,49,128,1,1,1
77,14,344,559,49,129,1,1,1
78,14,336,560,49,130,1,1,1
79,14,330,560,50,130,1,1,1
80,14,325,561,50,129,1,1,1
81,14,319,562,51,128,1,1,1
82,14,314,563,51,127,1,1,1
83,14,308,563,50,128,1,1,1
84,14,302,564,49,129,1,1,1
85,14,296,565,48,129,1,1,1
86,14,290,566,48,130,1,1,1
87,14,284,567,47,130,1,1,1
88,14,278,568,46,131,1,1,1
89,14,273,569,45,132,1,1,1
90,14,265,571,46,133,1,1,1
91,14,257,573,47,134,1,1,1
92,14,249,576,48,134,1,1,1
93,14,241,578,50,135,1,1,1
94,14,233,581,51,135,1,1,1
95,14,225,583,52,136,1,1,1
96,14,217,586,54,137,1,1,1
97,14,209,586,55,138,1,1,1
98,14,202,587,56,138,1,1,1
99,14,194,587,57,139,1,1,1
100,14,186,588,58,139,1,1,1
101,14,178,588,60,140,1,1,1
102,14,171,589,60,141,1,1,1
103,14,163,589,62,142,1,1,1
104,14,155,590,63,142,1,1,1
105,14,148,591,64,143,1,1,1
106,14,138,590,66,143,1,1,1
107,14,129,589,67,144,1,1,1
108,14,120,588,68,145,1,1,1
109,14,111,587,69,146,1,1,1
110,14,102,587,70,146,1,1,1
111,14,92,587,68,147,1,1,1
112,14,83,588,66,147,1,1,1
113,14,74,589,63,147,1,1,1
114,14,65,590,61,148,1,1,1
115,14,56,591,61,149,1,1,1
116,14,47,592,61,150,1,1,1
117,14,38,593,61,151,1,1,1
118,14,29,594,61,152,1,1,1
119,14,18,594,61,154,1,1,1
120,14,8,595,60,155,1,1,1
121,14,-3,595,60,157,1,1,0.93443
122,14,-13,596,60,159,1,1,0.77049
123,14,-21,597,60,159,1,1,0.63934
124,14,-29,599,60,159,1,1,0.5082
1,15,652,528,27,70,1,1,1
2,15,652,518,27,70,1,1,0.71429
3,15,651,529,26,74,1,1,1
4,15,651,526,25,73,1,1,1
5,15,651,523,25,72,1,1,1
6,15,652,537,26,69,1,1,0.82804
7,15,650,529,25,70,1,1,1
8,15,650,536,25,71,1,1,1
9,15,649,534,25,72,1,1,1
10,15,646,530,25,73,1,1,0.72557
11,15,645,533,25,70,1,1,0.67281
12,15,644,536,26,68,1,1,0.63714
13,15,646,524,26,68,1,1,0.66989
14,15,642,531,27,72,1,1,0.85714
15,15,641,529,27,72,1,1,0.85714
16,15,641,527,27,72,1,1,0.85714
17,15,640,531,27,73,1,1,1
18,15,639,531,27,73,1,1,1
19,15,637,532,27,73,1,1,1
20,15,635,532,27,74,1,1,1
21,15,634,533,27,75,1,1,0.86278
22,15,633,534,26,76,1,1,0.78932
23,15,632,535,26,77,1,1,0.89744
24,15,630,537,26,77,1,1,0.89744
25,15,629,539,26,77,1,1,0.89744
26,15,628,541,26,77,1,1,0.96534
27,15,626,544,26,77,1,1,0.96439
28,15,625,546,26,77,1,1,0.8547
29,15,624,548,26,77,1,1,0.96439
30,15,623,551,26,77,1,1,0.96391
31,15,621,562,26,77,1,1,0.96486
32,15,620,555,26,77,1,1,1
33,15,619,549,26,77,1,1,1
34,15,618,555,26,78,1,1,1
35,15,616,552,27,78,1,1,1
36,15,615,549,27,79,1,1,1
37,15,614,546,27,80,1,1,1
38,15,613,544,27,79,1,1,1
39,15,612,541,27,80,1,1,1
40,15,611,538,27,81,1,1,0.14286
41,15,610,536,28,81,1,1,0.13793
42,15,609,538,28,81,1,1,0.17241
43,15,608,540,29,82,1,1,1
44,15,606,540,30,83,1,1,1
45,15,605,541,30,83,1,1,1
46,15,604,542,30,84,1,1,1
47,15,603,543,30,84,1,1,1
48,15,602,544,31,85,1,1,1
49,15,599,545,32,86,1,1,0.97109
50,15,597,547,32,86,1,1,0.94148
51,15,595,548,32,87,1,1,0.91322
52,15,593,550,32,87,1,1,0.94215
53,15,590,549,32,87,1,1,0.91632
54,15,587,548,32,88,1,1,0.88832
55,15,584,547,33,88,1,1,0.86451
56,15,581,546,33,89,1,1,0.81242
57,15,579,546,33,89,1,1,0.81242
58,15,575,546,33,90,1,1,0.78281
59,15,576,541,33,90,1,1,0.89787
60,15,572,543,33,90,1,1,0.86749
61,15,569,545,33,91,1,1,0.83696
62,15,565,542,33,91,1,1,0.74105
63,15,567,553,33,91,1,1,0.88875
64,15,563,543,31,93,1,1,0.88165
65,15,558,548,31,93,1,1,0.85539
66,15,558,553,32,96,1,1,0.91659
67,15,553,544,33,98,1,1,1
68,15,550,550,35,98,1,1,1
69,15,545,549,37,97,1,1,1
70,15,540,548,39,96,1,1,0.86082
71,15,536,547,40,96,1,1,0.83983
72,15,532,551,41,97,1,1,1
73,15,526,550,41,98,1,1,1
74,15,521,550,41,98,1,1,0.79004
75,15,516,549,41,100,1,1,0.81518
76,15,511,549,40,100,1,1,0.83434
77,15,506,548,40,101,1,1,0.83596
78,15,501,548,40,102,1,1,0.88278
79,15,495,548,41,103,1,1,0.88668
80,15,488,550,42,104,1,1,0.86445
81,15,482,549,42,105,1,1,0.86705
82,15,476,549,43,105,1,1,0.87136
83,15,469,550,42,106,1,1,0.84482
84,15,463,551,40,107,1,1,0.83717
85,15,456,552,39,108,1,1,0.80917
86,15,450,554,38,109,1,1,1
87,15,445,556,38,110,1,1,1
88,15,437,558,39,110,1,1,1
89,15,430,560,39,111,1,1,1
90,15,423,563,39,111,1,1,1
91,15,416,566,40,112,1,1,1
92,15,410,572,41,109,1,1,1
93,15,403,573,41,110,1,1,1
94,15,396,575,41,110,1,1,0.9305
95,15,389,577,41,110,1,1,0.93115
96,15,382,579,42,111,1,1,0.95432
97,15,376,579,42,112,1,1,1
98,15,368,579,42,113,1,1,0.95675
99,15,360,579,42,114,1,1,0.97836
100,15,352,579,43,115,1,1,1
101,15,345,579,42,117,1,1,1
102,15,337,579,43,118,1,1,1
103,15,329,579,43,119,1,1,1
104,15,322,579,43,121,1,1,1
105,15,314,580,44,119,1,1,1
106,15,306,581,45,118,1,1,1
107,15,295,581,46,120,1,1,1
108,15,285,582,46,121,1,1,1
109,15,275,583,46,122,1,1,1
110,15,265,584,46,123,1,1,1
111,15,255,585,46,124,1,1,1
112,15,245,586,46,126,1,1,1
113,15,234,586,47,128,1,1,1
114,15,224,587,47,129,1,1,1
115,15,214,588,47,130,1,1,1
116,15,204,589,47,131,1,1,1
117,15,194,590,47,132,1,1,1
118,15,184,591,48,134,1,1,1
119,15,173,593,48,134,1,1,1
120,15,162,595,49,134,1,1,1
121,15,152,597,48,134,1,1,1
122,15,141,599,49,134,1,1,1
123,15,130,601,49,134,1,1,1
124,15,120,603,49,134,1,1,1
125,15,109,605,49,134,1,1,1
126,15,98,607,50,134,1,1,1
127,15,88,609,50,135,1,1,1
128,15,76,610,51,138,1,1,1
129,15,64,611,52,141,1,1,1
130,15,52,612,53,144,1,1,1
131,15,40,614,54,146,1,1,1
132,15,28,615,55,149,1,1,1
133,15,16,616,56,152,1,1,1
134,15,4,618,58,155,1,1,1
135,15,-8,619,58,155,1,1,0.84746
136,15,-20,620,58,155,1,1,0.64407
1,16,637,536,22,58,1,1,0.65217
2,16,638,522,22,59,1,1,0.6087
3,16,637,534,21,64,1,1,0.63636
4,16,636,530,21,64,1,1,0.68182
5,16,636,527,21,64,1,1,0.68182
6,16,635,542,21,64,1,1,0.77273
7,16,635,533,22,65,1,1,0.65217
8,16,634,538,22,66,1,1,0.69565
9,16,633,539,22,65,1,1,0.69565
10,16,631,538,22,66,1,1,1
11,16,629,538,22,66,1,1,1
12,16,628,538,22,67,1,1,1
13,16,626,526,22,67,1,1,1
14,16,623,532,22,62,1,1,0.47826
15,16,621,532,23,63,1,1,0.83333
16,16,620,532,23,65,1,1,0.875
17,16,619,532,23,67,1,1,0.875
18,16,618,532,23,69,1,1,0.875
19,16,617,532,23,71,1,1,0.83333
20,16,616,533,23,72,1,1,0.79167
21,16,614,536,23,72,1,1,0.83333
22,16,613,540,23,72,1,1,1
23,16,611,541,23,73,1,1,1
24,16,609,543,23,73,1,1,1
25,16,608,545,23,73,1,1,1
26,16,605,546,23,73,1,1,1
27,16,603,547,23,74,1,1,0.95833
28,16,603,549,23,74,1,1,0.91667
29,16,601,551,23,74,1,1,0.95833
30,16,599,553,24,75,1,1,0.96
31,16,598,566,23,74,1,1,1
32,16,596,560,23,74,1,1,1
33,16,594,551,24,75,1,1,1
34,16,592,556,23,75,1,1,1
35,16,590,553,24,75,1,1,1
36,16,589,551,24,75,1,1,1
37,16,588,548,24,75,1,1,1
38,16,587,546,24,75,1,1,1
39,16,586,544,25,75,1,1,1
40,16,584,544,25,75,1,1,1
41,16,583,545,24,75,1,1,1
42,16,581,544,25,77,1,1,1
43,16,580,544,25,79,1,1,1
44,16,578,543,26,81,1,1,1
45,16,577,543,26,83,1,1,1
46,16,575,542,27,85,1,1,1
47,16,574,542,27,87,1,1,1
48,16,573,545,27,86,1,1,1
49,16,573,549,26,84,1,1,1
50,16,570,550,28,85,1,1,1
51,16,568,552,29,86,1,1,1
52,16,565,554,29,85,1,1,1
53,16,562,556,30,85,1,1,1
54,16,560,555,30,85,1,1,1
55,16,558,554,30,86,1,1,1
56,16,557,554,30,86,1,1,1
57,16,555,554,30,86,1,1,1
58,16,552,553,30,86,1,1,1
59,16,549,553,30,85,1,1,1
60,16,546,552,30,85,1,1,1
61,16,543,552,31,84,1,1,0.8125
62,16,540,544,33,89,1,1,0.73529
63,16,538,558,32,88,1,1,1
64,16,534,548,32,89,1,1,1
65,16,530,555,32,88,1,1,1
66,16,528,561,32,89,1,1,1
67,16,527,551,31,87,1,1,0.8125
68,16,522,557,32,88,1,1,0.84848
69,16,518,556,31,89,1,1,0.84375
70,16,514,555,31,91,1,1,1
71,16,510,554,31,92,1,1,1
72,16,506,553,31,94,1,1,0.8125
73,16,502,552,31,95,1,1,0.75
74,16,498,552,31,96,1,1,0.71875
75,16,492,552,31,97,1,1,0.75
76,16,486,552,31,98,1,1,1
77,16,481,552,31,99,1,1,1
78,16,474,552,31,100,1,1,1
79,16,468,553,31,100,1,1,1
80,16,461,553,32,101,1,1,0.81818
81,16,455,554,32,101,1,1,1
82,16,449,555,32,101,1,1,1
83,16,442,555,33,102,1,1,1
84,16,436,556,33,102,1,1,0.79412
85,16,430,557,33,103,1,1,0.76471
86,16,422,558,33,104,1,1,0.82353
87,16,414,560,34,104,1,1,0.88571
88,16,406,562,35,104,1,1,0.86111
89,16,399,564,35,105,1,1,0.86111
90,16,391,566,35,106,1,1,0.88889
91,16,384,569,35,106,1,1,0.88889
92,16,377,572,35,107,1,1,0.91667
93,16,370,575,35,107,1,1,0.91667
94,16,363,578,35,107,1,1,0.91667
95,16,356,581,35,108,1,1,1
96,16,348,581,35,109,1,1,0.94444
97,16,340,582,35,109,1,1,1
98,16,332,587,37,109,1,1,1
99,16,323,587,37,110,1,1,1
100,16,314,588,37,110,1,1,1
101,16,305,588,38,110,1,1,1
102,16,296,588,39,111,1,1,1
103,16,288,589,39,111,1,1,1
104,16,279,589,40,112,1,1,1
105,16,271,590,40,112,1,1,1
106,16,261,589,40,113,1,1,1
107,16,251,589,40,113,1,1,1
108,16,242,590,37,114,1,1,1
109,16,234,592,34,115,1,1,1
110,16,223,592,36,116,1,1,1
111,16,212,592,38,117,1,1,1
112,16,202,593,40,118,1,1,1
113,16,190,593,41,119,1,1,1
114,16,178,594,43,120,1,1,1
115,16,166,595,44,121,1,1,1
116,16,154,596,46,122,1,1,1
117,16,142,597,47,123,1,1,1
118,16,131,598,48,124,1,1,1
119,16,119,599,49,125,1,1,1
120,16,108,601,49,125,1,1,1
121,16,97,603,49,126,1,1,1
122,16,86,605,49,126,1,1,1
123,16,74,606,50,128,1,1,1
124,16,63,608,51,128,1,1,1
125,16,52,610,51,128,1,1,1
126,16,41,612,51,129,1,1,1
127,16,29,613,52,130,1,1,1
128,16,18,615,52,131,1,1,1
129,16,7,617,52,131,1,1,1
130,16,-4,619,53,132,1,1,0.90741
131,16,-16,623,53,132,1,1,0.68519
1,17,677,521,23,58,1,1,0.54167
2,17,680,512,19,57,1,1,0.6
3,17,679,524,19,58,1,1,0.7
4,17,679,521,22,56,1,1,0.56522
5,17,679,520,22,56,1,1,0.6087
6,17,681,532,22,57,1,1,0.47826
7,17,681,524,21,59,1,1,0.59091
8,17,680,530,22,64,1,1,0.52174
9,17,679,527,23,64,1,1,0.45833
10,17,679,525,23,64,1,1,0.54167
11,17,675,526,27,70,1,1,0.46429
12,17,674,530,28,70,1,1,0.41379
13,17,674,518,27,69,1,1,0.5
14,17,673,523,27,69,1,1,0.42857
15,17,673,522,27,69,1,1,0.46429
16,17,673,522,27,68,1,1,0.46429
17,17,673,521,27,69,1,1,0.53571
18,17,673,521,27,68,1,1,0.57143
19,17,673,521,28,68,1,1,0.58621
20,17,671,524,28,68,1,1,0.58621
21,17,670,528,28,67,1,1,0.58621
22,17,669,528,29,66,1,1,0.56667
23,17,669,528,29,66,1,1,0.6
24,17,668,529,30,65,1,1,0.64516
25,17,667,530,31,65,1,1,0.65625
26,17,667,531,31,65,1,1,0.65625
27,17,665,533,31,64,1,1,0.65625
28,17,663,535,32,64,1,1,0.66667
29,17,662,537,32,64,1,1,0.66667
30,17,662,546,31,64,1,1,0.65625
31,17,663,558,24,66,1,1,0.56
32,17,659,551,32,70,1,1,0.66667
33,17,658,539,28,71,1,1,0.62069
34,17,658,543,30,73,1,1,0.58065
35,17,659,538,27,71,1,1,0.53571
36,17,660,533,25,70,1,1,0.5
37,17,657,528,29,76,1,1,0.56667
38,17,655,527,29,77,1,1,0.56667
39,17,654,526,29,79,1,1,0.56667
40,17,652,525,30,81,1,1,0.58065
41,17,651,525,30,82,1,1,0.6129
42,17,651,526,30,82,1,1,0.6129
43,17,649,529,31,82,1,1,0.625
44,17,648,529,31,83,1,1,0.625
45,17,647,530,31,83,1,1,0.625
46,17,646,531,31,83,1,1,0.625
47,17,646,532,30,84,1,1,0.6129
48,17,644,532,30,86,1,1,0.64516
49,17,643,533,30,87,1,1,0.64516
50,17,642,533,30,89,1,1,0.64516
51,17,641,534,30,90,1,1,1
52,17,640,535,30,88,1,1,0.58065
53,17,639,537,31,85,1,1,0.5625
54,17,637,537,31,85,1,1,0.5625
55,17,635,537,31,85,1,1,0.5625
56,17,633,537,32,86,1,1,0.54789
57,17,632,535,32,86,1,1,0.57576
58,17,631,533,32,87,1,1,0.57576
59,17,629,532,32,88,1,1,0.5475
60,17,627,532,32,88,1,1,0.51856
61,17,626,532,31,89,1,1,0.50347
62,17,624,527,31,89,1,1,0.48264
63,17,623,542,31,89,1,1,0.44722
64,17,620,541,32,89,1,1,0.78788
65,17,618,540,32,90,1,1,0.88145
66,17,616,540,32,90,1,1,0.51915
67,17,612,538,32,91,1,1,0.63636
68,17,609,537,32,91,1,1,0.46509
69,17,605,536,32,91,1,1,0.54941
70,17,601,535,32,92,1,1,0.49137
71,17,597,534,32,93,1,1,0.4626
72,17,594,533,32,94,1,1,0.52089
73,17,590,532,33,95,1,1,0.50858
74,17,587,532,33,95,1,1,0.53585
75,17,582,532,33,95,1,1,0.50858
76,17,577,533,33,95,1,1,0.4761
77,17,572,534,34,95,1,1,0.40893
78,17,568,533,34,95,1,1,0.49286
79,17,565,532,33,96,1,1,0.47908
80,17,559,532,34,97,1,1,0.44257
81,17,553,532,35,98,1,1,0.43238
82,17,548,533,36,98,1,1,0.47256
83,17,542,534,36,99,1,1,0.44568
84,17,536,536,37,99,1,1,0.60421
85,17,531,538,37,100,1,1,0.50521
86,17,525,539,38,100,1,1,0.5179
87,17,520,540,38,100,1,1,0.52044
88,17,515,542,38,100,1,1,0.54455
89,17,509,545,38,100,1,1,0.51917
90,17,503,548,38,101,1,1,0.63047
91,17,496,549,38,102,1,1,0.60966
92,17,489,551,38,102,1,1,0.56535
93,17,484,552,36,103,1,1,0.57147
94,17,480,553,33,104,1,1,0.59244
95,17,476,554,31,106,1,1,0.62792
96,17,469,557,31,105,1,1,0.5339
97,17,462,558,32,105,1,1,0.49257
98,17,456,560,32,105,1,1,0.66381
99,17,449,559,33,107,1,1,0.53486
100,17,443,559,34,108,1,1,0.74312
101,17,435,559,34,108,1,1,0.74574
102,17,428,559,33,108,1,1,0.74096
103,17,421,558,34,108,1,1,0.55072
104,17,415,558,34,107,1,1,0.57566
105,17,409,558,34,107,1,1,0.60899
106,17,401,558,35,107,1,1,0.5
107,17,394,558,36,107,1,1,0.53478
108,17,387,558,37,108,1,1,0.59054
109,17,379,558,37,108,1,1,0.61251
110,17,371,559,38,108,1,1,0.64432
111,17,363,560,38,108,1,1,0.66667
112,17,355,560,39,108,1,1,0.675
113,17,347,561,39,108,1,1,0.675
114,17,340,562,39,108,1,1,0.675
115,17,331,562,40,109,1,1,0.68293
116,17,323,563,40,110,1,1,0.70732
117,17,315,564,40,111,1,1,0.73171
118,17,307,564,40,113,1,1,0.73171
119,17,299,565,40,114,1,1,0.73171
120,17,291,566,40,114,1,1,0.7561
121,17,283,566,40,116,1,1,0.73171
122,17,275,567,41,117,1,1,0.66667
123,17,267,568,41,118,1,1,0.7381
124,17,259,568,41,120,1,1,0.7619
125,17,251,569,41,120,1,1,0.71429
126,17,243,570,41,121,1,1,0.64286
127,17,235,570,41,123,1,1,0.71429
128,17,227,571,41,124,1,1,0.71429
129,17,219,572,42,125,1,1,0.72093
130,17,209,573,43,126,1,1,0.70455
131,17,200,574,43,127,1,1,1
132,17,191,575,43,128,1,1,0.75
133,17,181,576,44,129,1,1,0.6
134,17,172,577,44,130,1,1,0.6
135,17,163,579,44,130,1,1,0.62222
136,17,154,579,44,131,1,1,0.62222
137,17,146,580,44,131,1,1,0.62222
138,17,138,580,44,132,1,1,0.64444
139,17,129,581,45,132,1,1,0.65217
140,17,121,581,45,133,1,1,0.63043
141,17,113,582,45,134,1,1,0.63043
142,17,104,581,45,135,1,1,0.63043
143,17,95,581,46,136,1,1,1
144,17,87,581,45,136,1,1,0.63043
145,17,78,581,46,137,1,1,1
146,17,70,581,45,137,1,1,0.63043
147,17,61,581,46,138,1,1,0.6383
148,17,53,581,46,139,1,1,0.65957
149,17,42,583,46,139,1,1,0.65957
150,17,32,586,46,139,1,1,0.65957
151,17,22,588,46,140,1,1,0.65957
152,17,12,591,46,140,1,1,0.65957
153,17,1,590,46,141,1,1,0.65957
154,17,-9,590,45,141,1,1,0.78261
155,17,-14,591,45,141,1,1,0.67391
145,18,474,531,24,65,1,1,0.26182
146,18,468,531,24,65,1,1,0.22667
147,18,463,532,24,64,1,1,0.21477
148,18,457,532,25,65,1,1,0.22261
149,18,452,533,24,64,1,1,0.12369
150,18,446,533,25,64,1,1,0.12899
151,18,441,534,25,64,1,1,0.12899
152,18,436,534,23,68,1,1,0.18961
153,18,430,535,24,67,1,1,0.17412
154,18,425,537,24,65,1,1,0.20182
155,18,419,538,24,66,1,1,0.20597
156,18,414,539,23,67,1,1,0.21324
157,18,409,540,23,68,1,1,0.33696
158,18,403,540,23,69,1,1,0.35714
159,18,398,541,22,70,1,1,0.36497
160,18,392,542,22,70,1,1,0.36497
161,18,387,543,22,71,1,1,0.41063
162,18,380,545,23,71,1,1,0.34375
163,18,373,547,25,71,1,1,0.30556
164,18,367,546,26,72,1,1,0.31811
165,18,362,546,26,72,1,1,0.31811
166,18,357,546,26,72,1,1,0.32877
167,18,352,546,26,72,1,1,0.32877
168,18,347,546,26,72,1,1,0.32877
169,18,342,546,27,72,1,1,0.36301
170,18,337,546,28,71,1,1,0.38649
171,18,332,547,29,70,1,1,0.33615
172,18,328,546,28,70,1,1,0.35114
173,18,324,546,28,70,1,1,0.35114
174,18,320,546,28,70,1,1,0.35697
175,18,316,545,28,69,1,1,0.36749
176,18,312,545,28,68,1,1,0.36832
177,18,308,545,28,67,1,1,0.37525
178,18,303,547,29,69,1,1,0.34714
179,18,297,547,29,71,1,1,0.27917
180,18,291,548,30,72,1,1,0.23774
181,18,286,548,30,76,1,1,0.29828
182,18,282,548,30,81,1,1,1
183,18,278,549,29,77,1,1,0.28419
184,18,274,551,29,72,1,1,0.24566
185,18,270,552,29,72,1,1,0.24566
186,18,266,553,29,72,1,1,0.27443
187,18,263,554,28,72,1,1,0.28389
188,18,259,555,28,73,1,1,0.31314
189,18,255,556,28,73,1,1,0.31314
190,18,252,557,27,73,1,1,0.35521
191,18,248,558,27,73,1,1,0.35521
192,18,245,560,26,73,1,1,0.3984
193,18,241,560,26,74,1,1,0.40148
194,18,237,561,26,74,1,1,0.40148
195,18,234,562,26,74,1,1,0.43852
196,18,225,564,28,72,1,1,0.30231
197,18,221,565,28,72,1,1,0.30231
198,18,217,566,28,72,1,1,0.30231
199,18,214,567,28,72,1,1,0.3368
200,18,210,568,28,72,1,1,0.3368
201,18,207,569,28,72,1,1,0.37128
202,18,203,570,28,72,1,1,0.37128
203,18,200,571,28,73,1,1,0.40168
204,18,197,572,28,74,1,1,0.43586
205,18,193,572,28,75,1,1,0.43421
206,18,190,573,28,75,1,1,0.46869
207,18,186,574,29,76,1,1,0.48225
208,18,183,575,28,76,1,1,0.49888
209,18,179,576,29,76,1,1,0.51169
210,18,176,577,29,77,1,1,0.54487
211,18,172,578,29,77,1,1,0.54103
212,18,169,579,29,77,1,1,0.54103
213,18,166,580,29,78,1,1,0.53713
214,18,164,581,29,78,1,1,0.57046
215,18,161,575,29,78,1,1,0.57215
216,18,158,575,29,79,1,1,0.545
217,18,156,576,29,79,1,1,0.57208
218,18,153,576,30,80,1,1,0.55396
219,18,151,577,30,80,1,1,0.55914
220,18,149,578,29,80,1,1,0.53909
221,18,146,578,30,81,1,1,0.52793
222,18,144,579,30,81,1,1,0.52793
223,18,142,580,30,81,1,1,0.52793
224,18,140,585,30,81,1,1,0.52124
225,18,137,585,31,82,1,1,0.47854
226,18,135,585,31,84,1,1,0.45184
227,18,133,586,31,84,1,1,0.42537
228,18,131,586,31,86,1,1,0.47881
229,18,129,586,31,88,1,1,0.51053
230,18,127,587,31,88,1,1,0.51018
231,18,125,587,31,90,1,1,0.49004
232,18,123,588,32,91,1,1,0.55764
233,18,123,588,32,90,1,1,0.58442
234,18,122,587,32,90,1,1,0.61538
235,18,122,587,31,89,1,1,0.50556
236,18,121,587,31,88,1,1,0.5
237,18,121,587,31,87,1,1,0.53125
238,18,121,586,30,88,1,1,0.51613
239,18,121,586,30,89,1,1,0.54839
240,18,119,585,31,90,1,1,0.53125
241,18,118,585,32,91,1,1,0.58366
242,18,116,585,34,91,1,1,0.48571
243,18,115,585,35,92,1,1,0.45042
244,18,114,585,36,93,1,1,0.44451
245,18,116,585,35,95,1,1,0.53704
246,18,115,584,36,96,1,1,0.45584
247,18,117,584,36,97,1,1,0.48704
248,18,119,584,36,98,1,1,0.53808
249,18,121,585,35,98,1,1,0.55163
250,18,123,587,35,97,1,1,0.60034
251,18,125,589,35,96,1,1,0.62314
252,18,127,590,34,97,1,1,0.66939
253,18,129,592,34,96,1,1,0.64212
254,18,131,594,34,95,1,1,0.57589
255,18,134,596,33,95,1,1,0.62316
256,18,136,597,33,95,1,1,0.55882
257,18,138,598,34,95,1,1,0.54286
258,18,140,599,35,95,1,1,0.55556
259,18,143,601,35,95,1,1,0.55556
260,18,145,600,35,97,1,1,0.56009
261,18,147,599,35,99,1,1,0.54667
262,18,149,598,35,101,1,1,0.60648
263,18,151,598,36,101,1,1,0.61712
264,18,154,599,37,101,1,1,0.62719
265,18,157,598,35,100,1,1,0.5418
266,18,160,597,34,100,1,1,0.52871
267,18,164,597,33,100,1,1,0.57193
268,18,168,597,32,100,1,1,0.58416
269,18,171,597,32,100,1,1,0.58416
270,18,174,597,32,101,1,1,0.66399
271,18,180,597,35,102,1,1,0.75998
272,18,182,595,36,103,1,1,0.74558
273,18,185,594,36,104,1,1,0.74801
274,18,188,593,36,104,1,1,0.77091
275,18,191,592,36,105,1,1,0.77053
276,18,194,591,36,105,1,1,0.74324
277,18,197,590,37,106,1,1,0.75209
278,18,199,592,36,105,1,1,0.74477
279,18,201,594,36,105,1,1,0.74197
280,18,203,597,36,104,1,1,0.73951
281,18,206,598,36,105,1,1,0.76543
282,18,209,599,37,106,1,1,0.77373
283,18,213,600,37,108,1,1,0.82038
284,18,215,600,37,109,1,1,0.82201
285,18,217,600,37,110,1,1,0.82551
286,18,219,601,37,111,1,1,0.80545
287,18,221,602,37,111,1,1,0.61936
288,18,224,603,37,112,1,1,0.61924
289,18,226,603,37,113,1,1,0.59741
290,18,228,604,37,114,1,1,0.57208
291,18,231,605,37,114,1,1,0.47895
292,18,233,606,37,115,1,1,0.49932
293,18,235,607,37,115,1,1,0.50181
294,18,237,607,37,117,1,1,0.531
295,18,240,608,37,117,1,1,0.5562
296,18,242,609,37,118,1,1,0.55838
297,18,244,610,37,118,1,1,0.57983
298,18,247,611,37,119,1,1,0.63158
299,18,248,611,37,119,1,1,0.60855
300,18,249,612,37,119,1,1,0.58575
301,18,250,613,37,119,1,1,0.56053
302,18,251,614,37,119,1,1,0.58575
303,18,252,615,37,119,1,1,0.59189
304,18,254,616,36,119,1,1,0.60811
305,18,255,622,36,120,1,1,0.63815
306,18,255,622,36,120,1,1,0.59705
307,18,256,622,36,121,1,1,0.60656
308,18,255,628,36,123,1,1,0.585
309,18,256,627,36,124,1,1,0.59568
310,18,257,626,36,126,1,1,0.60566
311,18,257,627,36,127,1,1,0.58573
312,18,257,628,37,128,1,1,0.61506
313,18,258,629,37,130,1,1,0.6368
314,18,257,629,37,131,1,1,0.61364
315,18,257,629,37,132,1,1,0.61654
316,18,257,630,37,132,1,1,0.63593
317,18,257,630,37,133,1,1,0.63865
318,18,257,631,37,133,1,1,0.63551
319,18,257,631,37,134,1,1,0.63821
320,18,257,632,37,134,1,1,0.63821
321,18,257,632,37,135,1,1,0.59172
322,18,257,633,37,136,1,1,0.6773
323,18,255,631,37,137,1,1,0.68669
324,18,254,630,37,137,1,1,0.71625
325,18,251,631,37,137,1,1,0.71034
326,18,249,632,37,138,1,1,0.7251
327,18,247,635,36,135,1,1,0.71781
328,18,244,636,37,139,1,1,0.73741
329,18,240,633,37,140,1,1,0.69672
330,18,237,631,37,140,1,1,0.67637
331,18,233,628,38,142,1,1,0.64228
332,18,230,626,37,142,1,1,0.65808
333,18,226,623,38,143,1,1,0.67165
334,18,223,621,38,144,1,1,0.69531
335,18,219,622,38,145,1,1,0.69055
336,18,215,624,39,145,1,1,0.74521
337,18,212,626,39,145,1,1,0.76832
338,18,208,629,40,146,1,1,0.77186
339,18,205,632,40,148,1,1,0.8129
340,18,200,633,40,149,1,1,0.7935
341,18,195,635,41,150,1,1,0.77972
342,18,191,637,41,151,1,1,0.80107
343,18,188,644,40,152,1,1,0.85605
344,18,181,648,41,153,1,1,0.81911
345,18,176,651,41,154,1,1,0.82166
346,18,172,655,41,155,1,1,0.84127
347,18,167,659,42,155,1,1,0.82946
348,18,163,663,42,156,1,1,0.88268
349,18,159,667,42,157,1,1,0.89991
350,18,153,668,42,158,1,1,0.87977
351,18,147,669,43,159,1,1,0.86278
352,18,141,670,44,160,1,1,0.88489
353,18,136,671,43,161,1,1,0.9025
354,18,130,672,44,163,1,1,0.92358
355,18,124,673,45,164,1,1,0.92569
356,18,119,674,44,165,1,1,0.94337
357,18,113,675,45,166,1,1,0.96303
358,18,107,676,46,167,1,1,0.96403
359,18,102,677,46,169,1,1,1
360,18,95,679,45,167,1,1,0.98163
361,18,88,681,45,165,1,1,0.87349
362,18,81,682,46,170,1,1,0.89859
363,18,74,684,47,174,1,1,0.90179
364,18,67,684,47,175,1,1,0.90412
365,18,60,688,48,176,1,1,0.92482
366,18,54,693,48,177,1,1,0.94325
367,18,48,697,48,179,1,1,0.96213
368,18,42,702,48,180,1,1,1
369,18,34,706,48,180,1,1,0.98094
370,18,27,711,48,180,1,1,0.98083
371,18,19,715,48,181,1,1,1
372,18,11,719,48,182,1,1,1
373,18,4,724,47,182,1,1,1
374,18,-4,728,47,183,1,1,0.89583
40,19,615,534,28,85,1,1,0.21091
41,19,614,534,28,85,1,1,1
42,19,614,534,28,85,1,1,0.21091
43,19,614,535,28,85,1,1,0.22053
44,19,614,535,27,85,1,1,0.22633
45,19,614,536,27,85,1,1,0.25997
46,19,613,536,28,85,1,1,0.29431
47,19,613,536,27,85,1,1,0.31105
48,19,613,537,27,85,1,1,0.31105
49,19,613,537,27,85,1,1,0.38455
50,19,613,538,27,85,1,1,0.4564
51,19,611,539,27,85,1,1,0.4564
52,19,610,540,27,85,1,1,0.49502
53,19,609,541,27,85,1,1,0.54651
54,19,608,542,27,85,1,1,0.60133
55,19,607,543,27,85,1,1,0.62542
56,19,606,544,27,85,1,1,0.68605
57,19,605,542,26,87,1,1,0.71717
58,19,604,540,26,89,1,1,0.82716
59,19,603,538,26,91,1,1,0.74919
60,19,602,537,26,92,1,1,0.86141
61,19,599,537,28,92,1,1,0.87393
62,19,597,537,30,92,1,1,0.93895
63,19,596,549,32,91,1,1,0.85507
64,19,595,537,31,99,1,1,1
65,19,590,542,31,99,1,1,1
66,19,589,546,37,98,1,1,0.95109
67,19,586,538,37,99,1,1,0.97526
68,19,583,545,36,101,1,1,0.92289
69,19,581,542,36,103,1,1,0.94958
70,19,580,540,36,105,1,1,1
71,19,576,539,35,106,1,1,1
72,19,572,539,35,106,1,1,0.95067
73,19,568,539,35,106,1,1,1
74,19,564,539,35,107,1,1,1
75,19,560,539,35,107,1,1,1
76,19,556,539,35,107,1,1,1
77,19,552,539,35,108,1,1,1
78,19,546,539,35,109,1,1,1
79,19,541,539,35,110,1,1,1
80,19,535,540,36,110,1,1,1
81,19,530,540,36,111,1,1,1
82,19,524,541,37,111,1,1,1
83,19,519,541,37,112,1,1,1
84,19,513,542,38,112,1,1,1
85,19,508,542,38,113,1,1,1
86,19,503,543,38,114,1,1,1
87,19,497,546,38,115,1,1,1
88,19,490,548,39,116,1,1,1
89,19,484,550,39,117,1,1,1
90,19,478,552,39,118,1,1,1
91,19,472,554,39,119,1,1,1
92,19,466,557,40,120,1,1,1
93,19,460,559,40,121,1,1,1
94,19,454,561,40,122,1,1,1
95,19,448,563,40,123,1,1,1
96,19,442,566,41,124,1,1,1
97,19,434,567,41,124,1,1,1
98,19,426,568,41,125,1,1,1
99,19,418,569,41,125,1,1,1
100,19,410,570,42,126,1,1,1
101,19,402,571,42,127,1,1,1
102,19,395,572,42,128,1,1,1
103,19,387,573,42,128,1,1,1
104,19,379,574,43,129,1,1,1
105,19,371,575,43,130,1,1,1
106,19,364,576,43,131,1,1,1
107,19,354,575,44,131,1,1,1
108,19,345,574,44,132,1,1,1
109,19,336,573,44,133,1,1,1
110,19,327,573,44,133,1,1,1
111,19,317,573,44,135,1,1,1
112,19,307,574,45,136,1,1,1
113,19,297,575,45,137,1,1,1
114,19,288,576,45,139,1,1,1
115,19,278,577,45,140,1,1,1
116,19,268,578,46,141,1,1,1
117,19,258,579,46,142,1,1,1
118,19,249,580,46,144,1,1,1
119,19,239,581,46,145,1,1,1
120,19,229,582,47,146,1,1,1
121,19,220,583,47,148,1,1,1
122,19,208,589,50,155,1,1,1
123,19,196,591,50,155,1,1,1
124,19,184,589,50,155,1,1,1
125,19,176,587,50,155,1,1,1
126,19,164,591,49,155,1,1,1
127,19,153,593,49,155,1,1,1
128,19,142,595,50,155,1,1,1
129,19,131,596,51,159,1,1,1
130,19,118,598,52,160,1,1,1
131,19,105,600,53,161,1,1,1
132,19,92,603,54,162,1,1,1
133,19,79,605,55,163,1,1,1
134,19,66,608,57,164,1,1,1
135,19,53,608,58,165,1,1,1
136,19,41,609,59,166,1,1,1
137,19,28,610,61,167,1,1,1
138,19,16,610,61,168,1,1,1
139,19,3,611,63,169,1,1,1
140,19,-9,612,64,170,1,1,0.84615
141,19,-22,613,64,170,1,1,0.64615
142,19,-35,615,64,170,1,1,0.44615
1,29,954,548,81,63,0,3,1
2,29,955,544,82,63,0,3,1
3,29,956,546,82,64,0,3,1
4,29,957,548,83,65,0,3,1
5,29,958,551,84,65,0,3,1
6,29,961,561,84,65,0,3,1
7,29,962,554,85,66,0,3,1
8,29,962,562,85,66,0,3,1
9,29,961,563,86,67,0,3,1
10,29,960,564,87,68,0,3,1
11,29,959,560,88,69,0,3,1
12,29,959,557,88,69,0,3,1
13,29,959,554,88,69,0,3,1
14,29,959,554,89,70,0,3,1
15,29,960,555,90,71,0,3,1
16,29,960,556,90,71,0,3,1
17,29,960,557,91,71,0,3,1
18,29,960,558,91,72,0,3,1
19,29,960,559,92,72,0,3,1
20,29,961,560,91,72,0,3,1
21,29,961,561,92,73,0,3,1
22,29,961,562,92,73,0,3,1
23,29,961,563,93,73,0,3,1
24,29,962,564,93,74,0,3,1
25,29,962,566,94,75,0,3,1
26,29,962,569,95,76,0,3,1
27,29,962,572,97,77,0,3,1
28,29,962,575,98,78,0,3,1
29,29,963,578,99,79,0,3,1
30,29,963,581,98,79,0,3,1
31,29,963,585,98,79,0,3,1
32,29,963,589,98,79,0,3,1
33,29,961,575,98,79,0,3,1
34,29,962,579,104,79,0,3,1
35,29,963,572,102,81,0,3,1
36,29,964,566,101,82,0,3,1
37,29,963,565,102,82,0,3,1
38,29,963,564,103,82,0,3,1
39,29,965,567,101,82,0,3,1
40,29,964,566,104,81,0,3,1
41,29,963,566,108,80,0,3,1
42,29,962,567,109,81,0,3,1
43,29,962,568,110,82,0,3,1
44,29,962,569,110,83,0,3,1
45,29,962,571,111,83,0,3,1
46,29,964,572,112,86,0,3,1
47,29,966,573,113,90,0,3,1
48,29,962,576,113,89,0,3,1
49,29,966,577,111,90,0,3,1
50,29,964,578,112,89,0,3,1
51,29,963,582,107,88,0,3,1
52,29,965,579,112,88,0,3,1
53,29,965,577,120,90,0,3,1
54,29,964,578,120,90,0,3,1
55,29,964,579,119,90,0,3,1
56,29,964,580,118,91,0,3,1
57,29,964,580,116,91,0,3,1
58,29,964,580,115,91,0,3,1
59,29,964,580,114,92,0,3,1
60,29,964,580,113,92,0,3,1
61,29,964,580,112,93,0,3,1
62,29,962,580,115,93,0,3,1
63,29,960,580,119,93,0,3,1
64,29,959,581,122,93,0,3,1
65,29,957,581,124,94,0,3,1
66,29,956,582,125,94,0,3,1
67,29,954,583,125,95,0,3,1
68,29,953,584,125,97,0,3,1
69,29,952,585,125,98,0,3,1
70,29,951,586,125,100,0,3,1
71,29,948,586,124,100,0,3,1
72,29,945,586,124,101,0,3,1
73,29,942,586,128,101,0,3,1
74,29,938,586,131,101,0,3,1
75,29,936,586,131,102,0,3,1
76,29,935,586,131,103,0,3,1
77,29,931,586,132,104,0,3,1
78,29,927,586,133,105,0,3,1
79,29,924,586,133,106,0,3,1
80,29,920,586,134,107,0,3,1
81,29,917,586,134,108,0,3,1
82,29,913,586,135,109,0,3,1
83,29,910,586,135,110,0,3,1
84,29,907,587,133,110,0,3,1
85,29,904,589,132,109,0,3,1
86,29,901,590,130,109,0,3,1
87,29,898,592,129,108,0,3,1
88,29,896,594,127,107,0,3,1
89,29,891,596,128,106,0,3,1
90,29,885,598,133,105,0,3,1
91,29,879,601,138,103,0,3,1
92,29,873,604,137,104,0,3,1
93,29,868,607,135,106,0,3,1
94,29,863,610,133,108,0,3,1
95,29,858,609,134,109,0,3,1
96,29,854,609,135,109,0,3,1
97,29,849,609,136,110,0,3,1
98,29,845,609,137,110,0,3,1
99,29,840,609,139,111,0,3,1
100,29,836,609,139,111,0,3,1
101,29,831,609,141,111,0,3,1
102,29,827,609,141,112,0,3,1
103,29,822,609,143,112,0,3,1
104,29,818,609,144,113,0,3,1
105,29,813,608,144,113,0,3,1
106,29,809,607,143,113,0,3,1
107,29,805,607,142,112,0,3,1
108,29,800,606,143,113,0,3,1
109,29,796,606,142,112,0,3,1
110,29,792,605,141,112,0,3,1
111,29,788,605,141,112,0,3,1
112,29,782,605,141,111,0,3,1
113,29,777,605,141,111,0,3,1
114,29,771,605,142,111,0,3,1
115,29,766,605,141,110,0,3,1
116,29,761,605,141,110,0,3,1
117,29,755,605,142,110,0,3,1
118,29,750,605,141,109,0,3,1
119,29,744,605,142,109,0,3,1
120,29,739,605,142,109,0,3,1
121,29,734,606,142,108,0,3,1
122,29,728,606,143,108,0,3,1
123,29,723,606,143,108,0,3,1
124,29,717,606,144,108,0,3,1
125,29,712,606,144,108,0,3,1
126,29,707,606,144,109,0,3,1
127,29,701,606,145,109,0,3,1
128,29,696,606,145,109,0,3,1
129,29,690,606,146,109,0,3,1
130,29,685,606,146,109,0,3,1
131,29,680,606,146,110,0,3,1
132,29,675,604,146,110,0,3,1
133,29,671,603,145,110,0,3,1
134,29,666,602,145,110,0,3,1
135,29,662,601,145,110,0,3,1
136,29,658,600,144,110,0,3,1
137,29,653,598,144,111,0,3,1
138,29,649,597,144,111,0,3,1
139,29,644,596,144,111,0,3,1
140,29,640,595,143,111,0,3,1
141,29,636,594,143,111,0,3,1
142,29,631,594,143,110,0,3,1
143,29,627,594,143,109,0,3,1
144,29,623,594,142,108,0,3,1
145,29,619,594,142,107,0,3,1
146,29,615,595,142,106,0,3,1
147,29,611,595,141,105,0,3,1
148,29,607,595,141,104,0,3,1
149,29,603,595,140,103,0,3,1
150,29,599,595,140,102,0,3,1
151,29,595,596,140,101,0,3,1
152,29,584,598,130,103,0,3,1
153,29,579,597,132,102,0,3,1
154,29,575,596,133,102,0,3,1
155,29,570,595,136,102,0,3,1
156,29,566,594,137,102,0,3,1
157,29,562,594,139,101,0,3,1
158,29,557,593,140,108,0,3,1
159,29,553,593,138,105,0,3,1
160,29,549,593,136,102,0,3,1
161,29,546,593,133,100,0,3,1
162,29,541,592,133,101,0,3,1
163,29,537,591,133,102,0,3,1
164,29,533,591,132,102,0,3,1
165,29,529,590,132,103,0,3,1
166,29,524,589,133,104,0,3,1
167,29,520,589,132,104,0,3,1
168,29,516,588,132,105,0,3,1
169,29,512,588,132,105,0,3,1
170,29,509,588,132,103,0,3,0.99436
171,29,507,588,131,101,0,3,0.9893
172,29,505,588,131,100,0,3,0.98447
173,29,501,586,132,100,0,3,0.98124
174,29,498,585,131,98,0,3,0.98209
175,29,495,584,131,96,0,3,0.98243
176,29,493,583,130,94,0,3,0.98264
177,29,490,583,130,94,0,3,0.98072
178,29,488,583,129,94,0,3,0.97862
179,29,486,583,128,94,0,3,0.97348
180,29,483,584,128,93,0,3,0.96883
181,29,481,584,127,93,0,3,0.96509
182,29,479,584,126,93,0,3,0.95979
183,29,477,584,126,94,0,3,0.95358
184,29,474,585,126,93,0,3,0.94589
185,29,472,585,125,93,0,3,0.94259
186,29,470,585,124,93,0,3,0.93566
187,29,467,586,124,92,0,3,0.92645
188,29,465,586,123,92,0,3,0.92256
189,29,463,586,123,93,0,3,0.90992
190,29,461,586,122,93,0,3,0.90374
191,29,458,587,122,92,0,3,0.89422
192,29,456,587,121,92,0,3,0.88948
193,29,454,587,120,92,0,3,0.87737
194,29,451,588,120,91,0,3,0.8719
195,29,449,588,120,92,0,3,0.86137
196,29,447,588,119,92,0,3,0.85591
197,29,445,588,118,92,0,3,0.85037
198,29,442,589,118,91,0,3,0.84436
199,29,440,589,117,91,0,3,0.83861
200,29,438,589,116,91,0,3,0.83055
201,29,436,590,116,91,0,3,0.81652
202,29,434,590,116,90,0,3,0.81516
203,29,433,590,116,90,0,3,0.80614
204,29,432,590,115,89,0,3,0.80393
205,29,431,590,115,89,0,3,0.79511
206,29,430,590,114,89,0,3,0.78667
207,29,428,590,115,88,0,3,0.7869
208,29,427,590,114,88,0,3,0.77303
209,29,426,590,114,88,0,3,0.76854
210,29,425,590,113,87,0,3,0.76156
211,29,424,590,113,87,0,3,0.75698
212,29,423,591,113,86,0,3,0.75187
213,29,423,590,112,86,0,3,0.74499
214,29,423,590,112,85,0,3,0.74645
215,29,423,590,112,84,0,3,0.74118
216,29,423,589,112,84,0,3,0.75294
217,29,423,589,111,84,0,3,0.75294
218,29,423,589,111,83,0,3,0.75
219,29,423,588,111,83,0,3,0.7619
220,29,423,588,111,82,0,3,0.77108
221,29,423,588,111,82,0,3,0.77108
222,29,423,588,111,82,0,3,0.77108
223,29,424,588,111,82,0,3,0.77108
224,29,425,589,110,81,0,3,0.76829
225,29,426,589,110,81,0,3,0.76829
226,29,427,589,109,81,0,3,0.76829
227,29,428,590,109,80,0,3,0.76543
228,29,430,589,107,80,0,3,0.77778
229,29,432,588,106,80,0,3,0.80247
230,29,434,587,105,80,0,3,0.79012
231,29,437,586,103,80,0,3,0.77778
232,29,438,586,103,77,0,3,0.78205
233,29,439,587,104,74,0,3,0.77333
234,29,442,587,98,72,0,3,0.76712
235,29,440,583,101,73,0,3,0.78378
236,29,443,581,100,73,0,3,0.78378
237,29,446,580,100,72,0,3,0.78082
238,29,449,579,100,71,0,3,0.79167
239,29,452,577,101,71,0,3,0.81944
240,29,456,576,101,71,0,3,0.83333
241,29,460,577,92,72,0,3,0.79452
242,29,463,576,94,70,0,3,0.83099
243,29,466,575,94,70,0,3,0.83099
244,29,470,575,93,70,0,3,0.83099
245,29,474,575,92,69,0,3,0.87143
246,29,477,575,92,69,0,3,0.9
247,29,481,575,91,68,0,3,0.88406
248,29,485,575,90,68,0,3,0.85507
249,29,489,575,90,68,0,3,0.84058
250,29,494,574,90,70,0,3,0.83099
251,29,499,573,90,73,0,3,0.81081
252,29,504,573,90,72,0,3,0.82192
253,29,510,573,89,71,0,3,0.84722
254,29,515,573,89,70,0,3,0.85915
255,29,521,573,88,69,0,3,0.87143
256,29,526,573,88,68,0,3,0.88406
257,29,532,574,87,67,0,3,0.89706
258,29,537,573,87,66,0,3,0.92537
259,29,543,572,87,66,0,3,0.9403
260,29,549,571,86,66,0,3,0.95522
261,29,555,570,86,66,0,3,0.97015
262,29,561,569,85,66,0,3,0.98507
263,29,567,568,85,66,0,3,1
264,29,573,567,84,66,0,3,1
265,29,579,566,84,66,0,3,1
266,29,584,566,84,64,0,3,1
267,29,590,565,84,64,0,3,1
268,29,596,564,83,64,0,3,1
269,29,602,563,83,64,0,3,1
270,29,608,562,82,64,0,3,1
271,29,614,561,82,64,0,3,1
272,29,620,560,81,64,0,3,1
273,29,626,559,81,64,0,3,1
274,29,632,559,81,63,0,3,1
275,29,638,558,80,63,0,3,1
276,29,644,557,80,63,0,3,1
277,29,651,557,79,63,0,3,1
278,29,657,557,79,63,0,3,1
279,29,663,557,80,63,0,3,1
280,29,669,556,79,63,0,3,1
281,29,675,556,79,63,0,3,1
282,29,681,556,78,62,0,3,1
283,29,688,555,77,63,0,3,1
284,29,694,555,76,62,0,3,1
285,29,700,555,76,62,0,3,1
286,29,707,555,75,62,0,3,1
287,29,711,555,75,62,0,3,1
288,29,715,555,75,62,0,3,1
289,29,720,556,74,61,0,3,1
290,29,730,553,74,61,0,3,1
291,29,735,552,74,61,0,3,1
292,29,740,552,74,60,0,3,1
293,29,746,551,73,60,0,3,1
294,29,751,551,73,59,0,3,1
295,29,757,551,72,59,0,3,1
296,29,762,551,72,58,0,3,1
297,29,768,551,71,58,0,3,1
298,29,773,551,71,58,0,3,1
299,29,779,551,70,58,0,3,1
300,29,785,552,70,57,0,3,1
301,29,788,556,69,56,0,3,1
302,29,794,553,69,55,0,3,1
303,29,798,553,69,56,0,3,1
304,29,803,554,69,56,0,3,1
305,29,807,555,69,56,0,3,1
306,29,812,556,69,56,0,3,1
307,29,816,556,69,56,0,3,1
308,29,820,556,69,56,0,3,1
309,29,824,556,69,56,0,3,1
310,29,828,556,69,56,0,3,1
311,29,833,557,69,56,0,3,1
312,29,837,557,69,56,0,3,1
313,29,841,557,69,56,0,3,1
314,29,845,557,69,56,0,3,1
315,29,849,557,69,56,0,3,1
316,29,854,558,69,56,0,3,1
317,29,857,556,69,56,0,3,1
318,29,861,555,68,55,0,3,1
319,29,864,554,68,54,0,3,1
320,29,868,552,67,55,0,3,1
321,29,872,551,66,54,0,3,1
322,29,875,550,66,53,0,3,1
323,29,879,548,65,54,0,3,1
324,29,882,547,65,53,0,3,1
325,29,886,546,64,52,0,3,1
326,29,890,544,63,53,0,3,1
327,29,893,543,63,52,0,3,1
328,29,897,542,62,51,0,3,1
329,29,901,541,61,51,0,3,1
330,29,902,539,60,51,0,3,1
331,29,903,538,60,50,0,3,1
332,29,904,536,59,50,0,3,1
333,29,905,535,59,49,0,3,1
334,29,908,532,62,48,0,3,1
335,29,909,530,62,48,0,3,1
336,29,911,529,62,47,0,3,1
337,29,913,527,61,47,0,3,1
338,29,915,526,61,47,0,3,1
339,29,916,525,61,47,0,3,1
340,29,918,525,60,46,0,3,1
341,29,918,527,57,46,0,3,1
342,29,918,529,55,47,0,3,1
343,29,920,531,63,47,0,3,1
344,29,923,533,59,47,0,3,1
345,29,926,536,55,47,0,3,1
346,29,926,538,61,49,0,3,1
347,29,925,542,60,49,0,3,1
348,29,926,542,60,49,0,3,1
349,29,927,542,60,50,0,3,1
350,29,928,543,60,50,0,3,1
351,29,929,542,60,48,0,3,1
352,29,932,543,59,42,0,3,1
353,29,933,545,59,45,0,3,1
354,29,933,545,59,45,0,3,1
355,29,934,545,59,46,0,3,1
356,29,934,545,59,47,0,3,1
357,29,935,546,59,47,0,3,1
358,29,935,546,58,46,0,3,1
359,29,936,546,56,46,0,3,1
360,29,937,547,54,45,0,3,1
361,29,937,549,55,44,0,3,1
362,29,938,550,55,44,0,3,1
363,29,940,552,54,44,0,3,1
364,29,939,553,59,43,0,3,1
365,29,939,556,52,45,0,3,1
366,29,939,557,53,44,0,3,1
367,29,940,558,54,43,0,3,1
368,29,941,559,55,43,0,3,1
369,29,942,561,54,43,0,3,1
370,29,944,563,52,43,0,3,1
371,29,943,563,53,42,0,3,1
372,29,943,563,53,42,0,3,1
373,29,943,563,53,42,0,3,1
374,29,944,564,52,42,0,3,1
375,29,943,562,51,43,0,3,1
376,29,942,561,51,43,0,3,1
1,30,1077,546,112,109,0,3,1
2,30,1079,543,113,112,0,3,1
3,30,1082,540,113,115,0,3,1
4,30,1085,537,113,119,0,3,1
5,30,1084,537,114,123,0,3,1
6,30,1090,546,115,117,0,3,1
7,30,1088,548,117,109,0,3,1
8,30,1090,552,117,109,0,3,1
9,30,1092,557,118,109,0,3,1
10,30,1094,562,119,109,0,3,1
11,30,1094,561,120,110,0,3,1
12,30,1095,560,120,111,0,3,1
13,30,1096,559,121,113,0,3,1
14,30,1097,558,121,114,0,3,1
15,30,1097,558,123,115,0,3,1
16,30,1098,557,123,116,0,3,1
17,30,1099,556,124,118,0,3,1
18,30,1100,555,124,119,0,3,1
19,30,1101,555,125,120,0,3,1
20,30,1102,555,126,124,0,3,1
21,30,1103,556,127,127,0,3,1
22,30,1105,557,127,130,0,3,1
23,30,1106,558,128,133,0,3,1
24,30,1107,559,129,136,0,3,1
25,30,1109,560,130,139,0,3,1
26,30,1109,562,132,140,0,3,1
27,30,1109,565,134,141,0,3,1
28,30,1109,568,136,141,0,3,1
29,30,1110,571,138,142,0,3,1
30,30,1113,574,137,143,0,3,1
31,30,1116,578,137,144,0,3,1
32,30,1119,582,137,145,0,3,1
33,30,1120,576,138,147,0,3,1
34,30,1121,571,139,148,0,3,1
35,30,1123,566,139,149,0,3,1
36,30,1119,563,144,150,0,3,1
37,30,1123,562,142,151,0,3,1
38,30,1127,562,141,152,0,3,1
39,30,1127,564,144,153,0,3,1
40,30,1127,566,147,154,0,3,1
41,30,1127,568,150,155,0,3,1
42,30,1128,571,152,156,0,3,1
43,30,1129,572,153,157,0,3,1
44,30,1131,574,153,158,0,3,1
45,30,1133,575,153,160,0,3,1
46,30,1135,577,153,161,0,3,1
47,30,1136,578,155,162,0,3,1
48,30,1138,580,155,163,0,3,1
49,30,1140,581,155,165,0,3,1
50,30,1142,583,155,166,0,3,1
51,30,1144,585,156,167,0,3,1
52,30,1139,581,164,172,0,3,1
53,30,1147,579,159,178,0,3,1
54,30,1148,579,160,180,0,3,1
55,30,1150,580,161,182,0,3,1
56,30,1151,581,163,183,0,3,1
57,30,1153,582,164,185,0,3,1
58,30,1152,582,166,186,0,3,1
59,30,1151,583,169,186,0,3,1
60,30,1151,583,170,188,0,3,1
61,30,1150,584,173,188,0,3,1
62,30,1150,584,174,190,0,3,1
63,30,1149,585,177,190,0,3,1
64,30,1149,586,179,191,0,3,1
65,30,1148,586,181,193,0,3,1
66,30,1147,587,183,195,0,3,1
67,30,1146,587,185,198,0,3,1
68,30,1146,588,186,200,0,3,1
69,30,1145,589,188,201,0,3,1
70,30,1144,589,190,204,0,3,1
71,30,1143,590,192,206,0,3,1
72,30,1143,591,193,208,0,3,1
73,30,1141,591,195,210,0,3,1
74,30,1139,592,197,211,0,3,1
75,30,1137,593,200,212,0,3,1
76,30,1147,597,186,218,0,3,1
77,30,1141,597,193,219,0,3,1
78,30,1135,597,201,221,0,3,1
79,30,1130,598,208,222,0,3,1
80,30,1127,598,209,224,0,3,1
81,30,1125,599,210,226,0,3,1
82,30,1122,600,211,228,0,3,1
83,30,1120,601,212,230,0,3,1
84,30,1118,603,212,231,0,3,1
85,30,1116,606,212,231,0,3,1
86,30,1113,609,213,233,0,3,1
87,30,1110,612,214,236,0,3,1
88,30,1107,615,215,238,0,3,1
89,30,1104,619,217,240,0,3,1
90,30,1101,622,218,242,0,3,1
91,30,1098,625,219,245,0,3,1
92,30,1095,628,220,247,0,3,1
93,30,1093,632,221,249,0,3,1
94,30,1088,633,223,250,0,3,1
95,30,1083,634,226,252,0,3,1
96,30,1078,635,228,254,0,3,1
97,30,1074,636,230,256,0,3,1
98,30,1069,637,233,257,0,3,1
99,30,1064,638,235,259,0,3,1
100,30,1059,639,238,261,0,3,1
101,30,1055,641,240,262,0,3,1
102,30,1054,643,238,264,0,3,1
103,30,1054,645,236,267,0,3,1
104,30,1042,646,249,263,0,3,1
105,30,1038,647,249,265,0,3,1
106,30,1035,648,248,268,0,3,1
107,30,1031,649,249,270,0,3,1
108,30,1028,650,248,273,0,3,1
109,30,1024,651,249,275,0,3,1
110,30,1021,652,248,278,0,3,1
111,30,1018,653,248,281,0,3,1
112,30,1011,654,250,282,0,3,1
113,30,1005,655,251,284,0,3,1
114,30,999,656,252,286,0,3,1
115,30,992,657,254,287,0,3,1
116,30,986,658,255,289,0,3,1
117,30,980,659,256,291,0,3,1
118,30,974,660,258,293,0,3,1
119,30,969,657,259,295,0,3,1
120,30,964,654,261,297,0,3,1
121,30,952,654,273,300,0,3,1
122,30,946,655,272,301,0,3,1
123,30,941,656,271,303,0,3,1
124,30,936,657,269,304,0,3,1
125,30,931,658,268,306,0,3,1
126,30,925,659,268,305,0,3,1
127,30,919,660,269,305,0,3,1
128,30,913,661,270,304,0,3,1
129,30,907,662,271,304,0,3,1
130,30,901,663,271,303,0,3,1
131,30,895,664,272,303,0,3,1
132,30,889,665,273,302,0,3,1
133,30,883,666,274,302,0,3,1
134,30,877,667,274,301,0,3,1
135,30,871,668,275,301,0,3,1
136,30,865,669,276,300,0,3,1
137,30,859,670,277,300,0,3,1
138,30,853,672,278,299,0,3,1
139,30,847,670,278,299,0,3,1
140,30,841,669,279,298,0,3,1
141,30,835,668,280,297,0,3,1
142,30,829,667,281,297,0,3,1
143,30,821,667,283,297,0,3,1
144,30,813,668,286,296,0,3,1
145,30,806,668,288,296,0,3,1
146,30,798,669,291,296,0,3,1
147,30,791,669,293,296,0,3,1
148,30,783,670,296,295,0,3,1
149,30,776,671,298,295,0,3,1
150,30,770,670,295,295,0,3,1
151,30,765,670,291,295,0,3,1
152,30,760,670,287,295,0,3,1
153,30,755,670,283,294,0,3,1
154,30,750,670,279,294,0,3,1
155,30,745,670,275,294,0,3,1
156,30,735,669,278,299,0,3,1
157,30,725,668,281,305,0,3,1
158,30,715,667,284,311,0,3,1
159,30,708,666,283,311,0,3,1
160,30,702,666,282,310,0,3,1
161,30,695,666,281,309,0,3,1
162,30,689,666,280,308,0,3,1
163,30,683,666,278,307,0,3,1
164,30,676,666,278,306,0,3,1
165,30,670,666,276,305,0,3,1
166,30,664,666,275,304,0,3,1
167,30,657,666,274,303,0,3,1
168,30,651,666,273,302,0,3,1
169,30,645,666,272,301,0,3,1
170,30,639,666,273,297,0,3,1
171,30,633,666,275,294,0,3,1
172,30,628,666,276,291,0,3,1
173,30,622,666,274,290,0,3,1
174,30,617,666,271,289,0,3,1
175,30,612,666,268,288,0,3,1
176,30,606,666,266,287,0,3,1
177,30,601,666,263,286,0,3,1
178,30,596,666,261,286,0,3,1
179,30,590,665,261,286,0,3,1
180,30,585,664,260,286,0,3,1
181,30,579,664,260,285,0,3,1
182,30,574,663,259,285,0,3,1
183,30,569,663,258,284,0,3,1
184,30,563,662,258,284,0,3,1
185,30,558,662,257,283,0,3,1
186,30,553,661,256,283,0,3,1
187,30,547,660,256,283,0,3,1
188,30,542,660,255,282,0,3,1
189,30,537,659,254,282,0,3,1
190,30,531,659,254,281,0,3,1
191,30,526,658,253,281,0,3,1
192,30,521,658,253,281,0,3,1
193,30,515,657,253,281,0,3,1
194,30,510,657,253,280,0,3,1
195,30,505,657,253,280,0,3,1
196,30,500,657,252,279,0,3,1
197,30,495,657,252,279,0,3,1
198,30,490,657,252,278,0,3,1
199,30,485,657,252,278,0,3,1
200,30,479,657,252,277,0,3,1
201,30,474,657,252,277,0,3,1
202,30,469,657,252,276,0,3,1
203,30,464,657,252,276,0,3,1
204,30,459,657,251,275,0,3,1
205,30,454,657,251,275,0,3,1
206,30,449,657,251,274,0,3,1
207,30,444,657,251,274,0,3,1
208,30,441,656,251,274,0,3,1
209,30,438,656,251,273,0,3,1
210,30,435,655,251,273,0,3,1
211,30,432,655,251,272,0,3,1
212,30,430,655,250,271,0,3,1
213,30,427,654,250,271,0,3,1
214,30,424,654,250,270,0,3,1
215,30,421,653,250,270,0,3,1
216,30,418,653,250,269,0,3,1
217,30,416,653,250,269,0,3,1
218,30,414,652,253,268,0,3,1
219,30,413,652,255,267,0,3,1
220,30,411,652,258,265,0,3,1
221,30,410,652,260,264,0,3,1
222,30,408,652,259,264,0,3,1
223,30,407,652,257,264,0,3,1
224,30,406,652,256,264,0,3,1
225,30,405,652,254,264,0,3,1
226,30,403,652,253,264,0,3,1
227,30,402,652,252,264,0,3,1
228,30,401,652,250,264,0,3,1
229,30,400,653,249,263,0,3,1
230,30,398,651,252,262,0,3,1
231,30,397,649,254,262,0,3,1
232,30,396,647,256,261,0,3,1
233,30,395,645,258,261,0,3,1
234,30,393,643,261,261,0,3,1
235,30,392,641,263,260,0,3,1
236,30,391,639,265,260,0,3,1
237,30,390,637,267,260,0,3,1
238,30,394,636,268,260,0,3,1
239,30,399,636,268,259,0,3,1
240,30,404,636,268,259,0,3,1
241,30,406,635,269,257,0,3,1
242,30,408,635,271,255,0,3,1
243,30,410,634,272,254,0,3,1
244,30,413,634,273,252,0,3,1
245,30,417,636,274,252,0,3,1
246,30,422,638,274,252,0,3,1
247,30,425,636,275,253,0,3,1
248,30,429,634,275,255,0,3,1
249,30,433,633,275,256,0,3,1
250,30,439,633,277,256,0,3,1
251,30,445,633,279,256,0,3,1
252,30,452,633,280,257,0,3,1
253,30,458,634,282,256,0,3,1
254,30,464,634,284,256,0,3,1
255,30,471,634,285,257,0,3,1
256,30,477,634,287,257,0,3,1
257,30,484,635,289,257,0,3,1
258,30,492,635,292,256,0,3,1
259,30,501,635,295,255,0,3,1
260,30,509,635,298,255,0,3,1
261,30,518,635,301,254,0,3,1
262,30,526,635,304,254,0,3,1
263,30,535,635,307,253,0,3,1
264,30,543,635,310,253,0,3,1
265,30,552,635,313,252,0,3,1
266,30,560,635,316,252,0,3,1
267,30,569,635,319,251,0,3,1
268,30,578,636,322,250,0,3,1
269,30,590,633,323,250,0,3,1
270,30,602,631,324,249,0,3,1
271,30,614,629,325,249,0,3,1
272,30,625,628,329,248,0,3,1
273,30,637,627,332,247,0,3,1
274,30,649,627,336,245,0,3,1
275,30,661,626,339,244,0,3,1
276,30,673,626,343,243,0,3,1
277,30,688,632,368,238,0,3,1
278,30,702,632,339,237,0,3,1
279,30,717,632,346,238,0,3,1
280,30,729,630,352,240,0,3,1
281,30,742,629,357,241,0,3,1
282,30,754,627,363,243,0,3,1
283,30,767,626,368,245,0,3,1
284,30,782,624,370,247,0,3,1
285,30,798,623,372,249,0,3,1
286,30,814,622,374,251,0,3,1
287,30,830,620,376,253,0,3,1
288,30,846,619,378,255,0,3,1
289,30,862,618,380,257,0,3,1
290,30,878,619,386,253,0,3,1
291,30,894,621,392,249,0,3,1
292,30,912,623,392,247,0,3,1
293,30,930,624,395,248,0,3,1
294,30,948,625,399,249,0,3,1
295,30,966,626,403,250,0,3,1
296,30,985,628,406,250,0,3,1
297,30,1003,627,409,251,0,3,1
298,30,1021,627,413,251,0,3,1
299,30,1039,627,417,252,0,3,1
300,30,1058,626,424,253,0,3,1
301,30,1078,626,430,253,0,3,1
302,30,1099,627,428,254,0,3,1
303,30,1119,629,432,257,0,3,1
304,30,1140,631,436,261,0,3,1
305,30,1161,633,440,265,0,3,1
306,30,1183,632,446,266,0,3,1
307,30,1206,632,451,267,0,3,1
308,30,1229,632,456,267,0,3,1
309,30,1251,631,462,269,0,3,1
310,30,1274,631,467,269,0,3,1
311,30,1297,631,472,270,0,3,1
312,30,1321,631,465,272,0,3,1
313,30,1354,631,469,273,0,3,1
314,30,1373,631,481,275,0,3,1
315,30,1396,635,487,268,0,3,1
316,30,1419,640,494,261,0,3,1
317,30,1446,637,494,265,0,3,0.9596
318,30,1474,634,493,269,0,3,0.90486
319,30,1501,631,493,274,0,3,0.8502
320,30,1529,628,492,278,0,3,0.79513
321,30,1557,626,492,282,0,3,0.73834
322,30,1585,628,492,279,0,3,0.68154
323,30,1613,631,493,275,0,3,0.62348
324,30,1642,634,493,271,0,3,0.56478
325,30,1670,636,493,268,0,3,0.5081
326,30,1698,639,494,264,0,3,0.45051
327,30,1727,642,494,261,0,3,0.39192
328,30,1757,642,494,261,0,3,0.33131
329,30,1788,642,494,261,0,3,0.26869
330,30,1819,642,494,261,0,3,0.20606
331,30,1850,642,494,261,0,3,0.14343
31,31,592,569,26,62,1,1,0
32,31,588,564,26,62,1,1,0
33,31,584,559,26,63,1,1,0.37037
16,32,1564,511,22,40,1,1,0.34146
17,32,1561,507,20,41,1,1,0.21202
18,32,1562,506,19,44,1,1,0.26
19,32,1563,506,19,46,1,1,0.28936
20,32,1564,506,19,48,1,1,0.32959
21,32,1566,506,18,50,1,1,0.35294
22,32,1565,508,20,39,1,1,0.49643
23,32,1568,507,19,41,1,1,0.73929
24,32,1569,506,19,50,1,1,0.68627
25,32,1569,513,19,50,1,1,0.61176
26,32,1570,515,19,44,1,1,0.71667
27,32,1569,516,24,47,1,1,0.76667
28,32,1570,516,18,52,1,1,0.8858
29,32,1570,523,23,49,1,1,0.83583
30,32,1571,522,19,50,1,1,0.9
31,32,1573,526,18,48,1,1,0.85392
32,32,1572,529,19,46,1,1,0.71915
33,32,1573,518,19,46,1,1,0.56596
34,32,1574,519,19,46,1,1,0.35532
35,32,1574,515,19,46,1,1,0.20213
36,32,1575,511,19,46,1,1,0.18723
37,32,1577,510,19,46,1,1,0.11489
38,32,1576,508,19,46,1,1,0.16277
39,32,1579,509,19,46,1,1,0.067021
40,32,1579,506,20,46,1,1,0.25735
41,32,1579,508,20,46,1,1,0.29382
42,32,1580,510,20,46,1,1,0.37791
43,32,1584,512,21,46,1,1,0.63636
44,32,1586,512,21,46,1,1,0.40909
45,32,1586,512,21,46,1,1,0.51838
46,32,1589,513,21,46,1,1,0.51257
47,32,1587,518,21,46,1,1,0.54545
48,32,1582,516,21,49,1,1,0.51909
49,32,1584,517,22,48,1,1,0.54392
50,32,1587,519,22,46,1,1,0.69565
51,32,1586,524,22,46,1,1,0.52729
52,32,1586,524,22,46,1,1,0.36355
53,32,1586,524,22,46,1,1,0.16651
54,32,1586,523,22,46,1,1,0.077706
55,32,1586,522,22,46,1,1,0.032377
56,32,1586,521,22,47,1,1,0.028986
57,32,1587,520,22,47,1,1,0.016304
58,32,1587,519,22,48,1,1,0.0035492
59,32,1588,519,22,47,1,1,0
60,32,1588,518,22,48,1,1,0
61,32,1589,517,22,48,1,1,0
62,32,1589,516,22,49,1,1,0
63,32,1589,515,22,49,1,1,0.2887
64,32,1590,515,22,49,1,1,0.024348
65,32,1590,514,22,49,1,1,0.024348
66,32,1591,513,22,50,1,1,0.44757
67,32,1591,512,22,50,1,1,0.11083
68,32,1592,512,22,50,1,1,0.13043
69,32,1594,520,22,49,1,1,0.086957
70,32,1592,518,23,49,1,1,0
71,32,1590,518,23,49,1,1,0
72,32,1588,519,24,48,1,1,0.052245
73,32,1586,520,23,50,1,1,0.78922
74,32,1585,518,23,52,1,1,0.86164
75,32,1586,522,20,49,1,1,1
76,32,1583,519,20,51,1,1,0.14286
77,32,1580,519,21,50,1,1,0.22727
78,32,1578,519,22,50,1,1,0.30435
79,32,1576,519,23,49,1,1,0.375
80,32,1574,519,24,49,1,1,0.48
81,32,1572,519,25,49,1,1,0.53846
82,32,1569,518,24,50,1,1,0.52
83,32,1566,517,24,51,1,1,1
84,32,1563,517,24,51,1,1,1
85,32,1560,516,24,52,1,1,1
86,32,1557,516,24,53,1,1,1
87,32,1555,518,24,51,1,1,1
88,32,1553,520,25,50,1,1,1
89,32,1550,521,25,50,1,1,1
90,32,1547,522,25,50,1,1,0.80769
91,32,1544,523,25,50,1,1,0.80769
92,32,1541,524,25,50,1,1,0.84615
93,32,1538,525,25,50,1,1,0.88462
94,32,1535,526,25,50,1,1,0.92308
95,32,1533,527,25,51,1,1,1
96,32,1528,527,20,56,1,1,1
97,32,1524,528,21,55,1,1,1
98,32,1521,529,21,55,1,1,1
99,32,1517,530,22,54,1,1,1
100,32,1514,531,23,54,1,1,1
101,32,1510,532,24,53,1,1,1
102,32,1507,533,24,53,1,1,1
103,32,1504,534,25,53,1,1,1
104,32,1500,534,25,53,1,1,1
105,32,1496,534,25,53,1,1,1
106,32,1492,534,25,54,1,1,1
107,32,1489,533,26,54,1,1,1
108,32,1488,534,26,54,1,1,1
109,32,1483,535,26,54,1,1,1
110,32,1478,535,25,54,1,1,1
111,32,1473,535,25,54,1,1,1
112,32,1469,535,24,54,1,1,1
113,32,1464,535,24,55,1,1,1
114,32,1460,535,23,55,1,1,1
115,32,1455,535,23,55,1,1,1
116,32,1451,536,22,55,1,1,1
117,32,1445,535,23,55,1,1,1
118,32,1440,535,23,54,1,1,1
119,32,1434,534,25,55,1,1,1
120,32,1429,534,25,54,1,1,0.80769
121,32,1424,534,26,54,1,1,0.74074
122,32,1421,533,26,54,1,1,0.77778
123,32,1418,533,26,54,1,1,0.81481
124,32,1411,532,28,55,1,1,1
125,32,1404,532,31,56,1,1,1
126,32,1398,532,33,57,1,1,1
127,32,1393,533,31,56,1,1,1
128,32,1388,534,30,55,1,1,1
129,32,1383,535,28,54,1,1,1
130,32,1379,536,26,53,1,1,1
131,32,1374,536,26,53,1,1,1
132,32,1369,536,26,54,1,1,1
133,32,1365,537,26,54,1,1,1
134,32,1360,536,26,54,1,1,0.96296
135,32,1356,536,26,54,1,1,0.92593
136,32,1352,535,26,54,1,1,0.92593
137,32,1348,535,26,54,1,1,0.88889
138,32,1344,534,26,54,1,1,0.81481
139,32,1340,534,26,54,1,1,0.74074
140,32,1336,533,26,54,1,1,0.66667
141,32,1332,533,26,54,1,1,0.59259
142,32,1327,532,26,55,1,1,0.51852
143,32,1322,532,26,55,1,1,0.51852
144,32,1317,532,26,55,1,1,0.51852
145,32,1312,532,26,56,1,1,0.51852
146,32,1307,531,26,57,1,1,0.51852
147,32,1302,531,26,57,1,1,0.44444
148,32,1297,531,26,58,1,1,0.37037
149,32,1292,531,26,58,1,1,0.33333
150,32,1287,530,26,59,1,1,0.2963
151,32,1282,530,26,60,1,1,0.25926
152,32,1277,530,26,60,1,1,0.18519
153,32,1272,530,26,60,1,1,0.18519
154,32,1268,530,25,61,1,1,0.16625
155,32,1266,530,25,61,1,1,0.15385
156,32,1264,530,25,62,1,1,0.11538
157,32,1262,530,25,63,1,1,0.11538
158,32,1256,530,25,63,1,1,0.076923
159,32,1251,530,25,63,1,1,0.076923
160,32,1246,530,25,63,1,1,0.11538
161,32,1240,530,26,63,1,1,0.093171
162,32,1235,530,25,63,1,1,0.071514
163,32,1230,530,25,63,1,1,0.070312
164,32,1224,530,26,63,1,1,0.10417
165,32,1219,530,26,63,1,1,0.11111
166,32,1214,530,26,63,1,1,0.071181
167,32,1214,528,26,63,1,1,0.14815
168,32,1210,527,26,63,1,1,0.087963
169,32,1207,527,26,63,1,1,0.065394
18,33,1330,506,18,49,1,1,0.47368
19,33,1330,506,19,49,1,1,0.55
20,33,1331,506,19,49,1,1,0.6
21,33,1332,507,19,49,1,1,0.65
22,33,1333,507,19,49,1,1,0.7
23,33,1334,507,19,49,1,1,0.75
24,33,1335,508,20,49,1,1,0.7619
25,33,1336,509,20,50,1,1,0.80952
26,33,1337,511,20,50,1,1,0.85714
27,33,1338,513,20,50,1,1,0.82073
28,33,1339,515,21,51,1,1,0.58392
29,33,1342,520,20,48,1,1,0.33236
30,33,1341,522,22,48,1,1,0.35404
31,33,1341,524,24,49,1,1,0.4232
32,33,1345,527,22,51,1,1,0.38629
33,33,1345,516,23,48,1,1,0.43027
34,33,1344,518,24,48,1,1,0.34694
35,33,1348,511,22,47,1,1,0.45833
36,33,1349,509,22,49,1,1,0.42
37,33,1351,508,21,50,1,1,0.39216
38,33,1353,507,20,51,1,1,0.36538
39,33,1355,506,20,53,1,1,0.35185
40,33,1356,505,20,54,1,1,0.34545
41,33,1358,505,20,54,1,1,0.38182
42,33,1360,505,20,54,1,1,0.4
43,33,1361,507,20,54,1,1,0.4
44,33,1363,509,19,55,1,1,0.39286
45,33,1364,511,19,55,1,1,0.63571
46,33,1366,513,19,56,1,1,0.93509
47,33,1367,513,19,57,1,1,1
48,33,1369,514,19,57,1,1,1
49,33,1371,514,19,58,1,1,1
50,33,1373,515,19,58,1,1,1
51,33,1375,516,19,59,1,1,1
52,33,1376,515,19,59,1,1,1
53,33,1377,514,20,60,1,1,1
54,33,1378,514,20,60,1,1,1
55,33,1379,513,21,60,1,1,1
56,33,1381,512,20,61,1,1,1
57,33,1382,512,21,61,1,1,1
58,33,1383,511,21,61,1,1,1
59,33,1384,510,22,62,1,1,1
60,33,1386,510,22,62,1,1,1
61,33,1387,508,23,58,1,1,1
62,33,1389,511,23,59,1,1,1
63,33,1391,499,23,59,1,1,1
64,33,1394,510,23,60,1,1,1
65,33,1394,507,22,59,1,1,1
66,33,1395,505,21,58,1,1,1
67,33,1395,514,21,61,1,1,1
68,33,1394,511,22,58,1,1,1
69,33,1394,518,22,58,1,1,1
70,33,1392,511,24,63,1,1,1
71,33,1392,512,23,62,1,1,1
72,33,1392,513,23,62,1,1,1
73,33,1392,514,23,61,1,1,1
74,33,1392,516,23,60,1,1,1
75,33,1391,516,23,60,1,1,1
76,33,1390,516,23,61,1,1,1
77,33,1389,516,23,61,1,1,1
78,33,1388,516,23,62,1,1,1
79,33,1387,516,23,62,1,1,1
80,33,1387,517,23,62,1,1,1
81,33,1385,517,23,62,1,1,1
82,33,1383,517,24,63,1,1,1
83,33,1381,517,24,63,1,1,1
84,33,1379,517,25,64,1,1,1
85,33,1378,518,25,64,1,1,0.97574
86,33,1376,518,25,65,1,1,0.97436
87,33,1374,519,26,65,1,1,0.95174
88,33,1372,520,26,65,1,1,0.97531
89,33,1371,521,26,65,1,1,0.95174
90,33,1370,524,26,65,1,1,0.87374
91,33,1369,527,26,65,1,1,0.86532
92,33,1365,527,27,65,1,1,0.85065
93,33,1362,528,28,65,1,1,0.84274
94,33,1359,528,28,66,1,1,0.86104
95,33,1357,529,28,66,1,1,0.85795
96,33,1355,529,28,67,1,1,0.84736
97,33,1353,530,27,67,1,1,0.86134
98,33,1351,530,27,68,1,1,0.86646
99,33,1349,531,27,68,1,1,0.84058
100,33,1347,532,27,68,1,1,0.79037
101,33,1347,535,24,65,1,1,0.76242
102,33,1344,534,23,69,1,1,0.80417
103,33,1342,534,23,69,1,1,0.77619
104,33,1340,534,24,69,1,1,0.76857
105,33,1338,534,25,69,1,1,0.77253
106,33,1336,534,25,69,1,1,0.74011
107,33,1334,534,26,69,1,1,0.66667
108,33,1332,534,27,69,1,1,0.63265
109,33,1330,534,28,70,1,1,0.66489
110,33,1326,534,24,71,1,1,0.7
111,33,1325,535,26,70,1,1,0.61607
112,33,1322,535,25,70,1,1,0.64355
113,33,1316,536,28,70,1,1,0.64254
114,33,1313,536,27,70,1,1,0.59759
115,33,1311,536,28,71,1,1,1
116,33,1309,535,27,70,1,1,0.59809
117,33,1305,535,26,73,1,1,1
118,33,1303,533,27,74,1,1,1
119,33,1300,525,29,77,1,1,0.69487
120,33,1297,518,31,79,1,1,0.74102
121,33,1295,531,31,75,1,1,0.66447
122,33,1293,532,30,74,1,1,0.6271
123,33,1291,534,32,72,1,1,0.66127
124,33,1290,533,28,73,1,1,0.61976
125,33,1286,531,30,77,1,1,1
126,33,1280,534,33,74,1,1,1
127,33,1277,533,31,76,1,1,1
128,33,1275,532,29,79,1,1,1
129,33,1273,532,29,79,1,1,1
130,33,1271,532,29,79,1,1,1
131,33,1270,533,29,78,1,1,0.70464
132,33,1267,534,30,78,1,1,0.96774
133,33,1264,535,31,78,1,1,0.9375
134,33,1264,536,30,77,1,1,0.67949
135,33,1260,534,29,80,1,1,0.9
136,33,1256,536,31,79,1,1,0.875
137,33,1253,534,31,80,1,1,0.70216
138,33,1251,533,31,81,1,1,0.84375
139,33,1249,532,30,82,1,1,0.83871
140,33,1247,531,30,83,1,1,0.80645
141,33,1245,533,31,82,1,1,0.78125
142,33,1245,531,31,81,1,1,0.6875
143,33,1243,533,31,80,1,1,0.6875
144,33,1241,535,31,80,1,1,0.65625
145,33,1240,537,31,80,1,1,0.59375
146,33,1238,537,31,80,1,1,0.59375
147,33,1237,538,31,79,1,1,0.53125
148,33,1235,538,31,79,1,1,0.5
149,33,1232,539,31,78,1,1,0.5
150,33,1228,538,31,79,1,1,0.5
151,33,1225,538,31,79,1,1,0.46875
152,33,1221,537,32,80,1,1,0.51515
153,33,1218,537,32,80,1,1,0.45455
154,33,1215,536,32,81,1,1,0.42424
155,33,1212,536,32,81,1,1,0.42424
156,33,1209,535,32,82,1,1,0.42424
157,33,1206,535,32,82,1,1,0.42424
158,33,1203,534,32,83,1,1,0.45455
159,33,1200,534,32,83,1,1,0.42424
160,33,1197,534,33,84,1,1,0.47059
161,33,1194,533,35,86,1,1,0.47222
162,33,1192,532,36,88,1,1,0.48649
163,33,1190,531,37,90,1,1,0.45084
164,33,1188,531,39,91,1,1,0.43913
165,33,1187,532,35,94,1,1,0.39474
166,33,1186,533,35,93,1,1,0.42376
167,33,1186,534,35,93,1,1,0.35993
168,33,1185,534,35,92,1,1,0.41517
169,33,1184,534,35,91,1,1,0.41335
170,33,1183,534,35,90,1,1,0.38858
171,33,1182,534,35,90,1,1,0.41941
172,33,1180,536,35,91,1,1,0.41304
173,33,1180,536,35,93,1,1,0.3818
174,33,1180,536,33,92,1,1,0.4339
175,33,1182,536,31,90,1,1,0.45913
176,33,1176,537,36,93,1,1,0.36717
177,33,1175,535,37,95,1,1,0.42489
178,33,1174,534,38,96,1,1,0.38805
179,33,1174,533,38,97,1,1,0.41078
180,33,1177,537,35,94,1,1,0.43509
181,33,1175,538,36,95,1,1,0.67568
182,33,1173,539,37,96,1,1,0.38931
183,33,1171,540,38,97,1,1,0.64103
184,33,1169,541,39,98,1,1,0.625
185,33,1168,543,39,98,1,1,0.625
186,33,1168,541,39,100,1,1,0.6
187,33,1168,540,39,101,1,1,0.6
188,33,1168,539,40,103,1,1,0.58537
189,33,1168,539,40,104,1,1,0.60976
190,33,1168,540,40,104,1,1,0.58537
191,33,1169,541,39,104,1,1,0.6
192,33,1167,541,40,104,1,1,0.58537
193,33,1166,541,40,104,1,1,0.56098
194,33,1164,541,41,104,1,1,0.35646
195,33,1163,542,41,104,1,1,0.52381
196,33,1162,543,41,104,1,1,0.5
197,33,1162,542,40,106,1,1,0.4878
198,33,1162,541,39,109,1,1,0.475
199,33,1163,543,39,109,1,1,0.525
200,33,1164,542,40,109,1,1,0.56098
201,33,1166,542,40,109,1,1,0.56098
202,33,1166,543,40,105,1,1,0.36769
203,33,1166,544,41,102,1,1,0.365
204,33,1166,545,44,102,1,1,0.4205
205,33,1167,547,46,101,1,1,0.45724
206,33,1168,551,45,101,1,1,0.43521
207,33,1170,554,43,102,1,1,0.56818
208,33,1170,553,43,103,1,1,0.49126
209,33,1170,553,43,103,1,1,0.56818
210,33,1170,552,44,103,1,1,0.57778
211,33,1170,552,45,102,1,1,0.56522
212,33,1170,551,45,106,1,1,0.58696
213,33,1171,551,44,109,1,1,0.55556
214,33,1172,551,44,112,1,1,0.57778
215,33,1173,551,46,114,1,1,0.57447
216,33,1175,551,48,117,1,1,0.61224
217,33,1177,551,50,117,1,1,0.60784
218,33,1180,556,48,111,1,1,0.59184
219,33,1182,556,49,112,1,1,0.6
220,33,1184,556,49,117,1,1,0.58
221,33,1189,556,48,117,1,1,0.59184
222,33,1191,556,49,118,1,1,0.58
223,33,1193,556,50,119,1,1,0.58824
224,33,1196,556,50,121,1,1,0.58824
225,33,1198,556,51,122,1,1,0.59615
226,33,1200,557,52,122,1,1,0.60377
227,33,1203,557,52,124,1,1,0.60377
228,33,1205,557,53,125,1,1,0.61111
229,33,1207,557,54,126,1,1,0.6
230,33,1210,558,55,127,1,1,0.625
231,33,1211,557,56,129,1,1,0.61404
232,33,1213,557,56,130,1,1,0.61404
233,33,1218,556,56,132,1,1,0.61404
234,33,1223,556,57,133,1,1,0.62069
235,33,1225,556,57,132,1,1,0.56897
236,33,1228,557,56,131,1,1,0.52632
237,33,1235,557,57,135,1,1,0.55172
238,33,1242,557,58,140,1,1,0.57627
239,33,1246,560,59,140,1,1,0.53333
240,33,1256,560,59,141,1,1,0.56667
241,33,1262,562,60,141,1,1,0.54098
242,33,1269,564,60,142,1,1,0.54098
243,33,1275,566,61,142,1,1,0.51613
244,33,1282,568,61,143,1,1,0.5
245,33,1289,570,61,144,1,1,0.5
246,33,1298,566,62,149,1,1,0.52381
247,33,1307,568,62,148,1,1,0.53968
248,33,1316,570,62,147,1,1,0.50794
249,33,1325,572,62,147,1,1,0.47619
250,33,1332,571,62,146,1,1,0.4127
251,33,1340,571,62,144,1,1,0.36508
252,33,1348,572,63,146,1,1,0.32812
253,33,1357,574,63,148,1,1,0.29688
254,33,1366,576,64,150,1,1,0.24615
255,33,1375,574,65,157,1,1,0.21212
256,33,1385,572,65,158,1,1,0.18182
257,33,1397,575,65,159,1,1,0.16667
258,33,1407,572,66,169,1,1,0.13433
259,33,1419,573,66,170,1,1,0.1194
260,33,1428,574,65,171,1,1,0.045455
261,33,1443,575,65,173,1,1,0.075758
262,33,1456,574,65,173,1,1,0.075758
263,33,1468,574,66,177,1,1,0.074627
264,33,1480,574,68,181,1,1,0.11594
265,33,1492,576,73,181,1,1,0.17568
266,33,1504,579,78,182,1,1,0.27848
267,33,1520,581,78,182,1,1,0.35443
268,33,1537,588,71,182,1,1,0.45833
269,33,1553,594,64,179,1,1,0.53846
270,33,1567,591,64,187,1,1,0.61538
271,33,1588,594,65,195,1,1,0.57576
272,33,1600,594,67,200,1,1,0.73529
273,33,1612,595,69,205,1,1,0.77143
274,33,1625,596,70,210,1,1,0.80282
275,33,1640,600,80,209,1,1,0.7284
276,33,1655,601,81,218,1,1,0.76829
277,33,1671,606,90,216,1,1,0.72527
278,33,1684,609,103,219,1,1,0.70192
279,33,1700,611,103,225,1,1,0.77885
280,33,1717,613,105,228,1,1,0.83962
281,33,1734,614,101,230,1,1,0.94118
282,33,1752,611,104,238,1,1,0.98095
283,33,1776,614,101,239,1,1,0.96078
284,33,1800,615,100,242,1,1,1
285,33,1825,616,98,245,1,1,0.9697
286,33,1850,617,96,249,1,1,0.73196
287,33,1870,618,96,249,1,1,0.52577
288,33,1892,616,96,249,1,1,0.29897
13,34,1548,510,13,35,1,1,0.47222
14,34,1548,506,11,37,1,1,0.34211
15,34,1551,506,11,37,1,1,0.34211
16,34,1551,509,11,37,1,1,0.42105
17,34,1552,507,10,37,1,1,0.36603
18,34,1551,506,15,40,1,1,0.30183
19,34,1552,506,14,40,1,1,0.30407
20,34,1552,504,12,32,1,1,0.53613
21,34,1554,507,12,38,1,1,0.40237
22,34,1552,506,14,34,1,1,0.50286
23,34,1554,507,13,35,1,1,0.55556
24,34,1552,504,18,42,1,1,0.68911
25,34,1555,511,13,42,1,1,0.8505
26,34,1555,511,14,43,1,1,0.73636
27,34,1557,515,14,42,1,1,0.43256
28,34,1558,514,12,45,1,1,0.45819
29,34,1559,520,14,50,1,1,0.26013
30,34,1558,519,14,49,1,1,0.35467
31,34,1558,523,15,44,1,1,0.37917
32,34,1561,527,14,43,1,1,0.27879
33,34,1555,512,18,42,1,1,0.42595
34,34,1558,516,19,50,1,1,0.23529
35,34,1564,511,14,44,1,1,0.23704
36,34,1561,508,15,54,1,1,0.4875
37,34,1561,510,19,52,1,1,0.5434
38,34,1561,502,15,58,1,1,0.90678
39,34,1566,506,21,55,1,1,0.67857
40,34,1565,506,16,48,1,1,1
41,34,1568,509,16,48,1,1,1
42,34,1569,510,17,48,1,1,1
43,34,1569,512,15,50,1,1,1
44,34,1571,510,19,54,1,1,0.81091
45,34,1572,515,17,54,1,1,0.78081
46,34,1572,515,18,54,1,1,0.6555
47,34,1573,516,18,54,1,1,0.54928
48,34,1574,519,18,54,1,1,0.46411
49,34,1575,522,19,54,1,1,0.32091
50,34,1570,516,23,53,1,1,0.073302
51,34,1570,519,23,53,1,1,0.024691
52,34,1571,520,23,53,1,1,0.027778
53,34,1572,521,24,53,1,1,0.047407
54,34,1574,522,24,53,1,1,0.044444
55,34,1577,523,24,52,1,1,0.030189
56,34,1576,521,24,53,1,1,0.041481
57,34,1576,520,23,53,1,1,0.088735
58,34,1576,518,22,54,1,1,0.19447
59,34,1575,517,23,55,1,1,0.38095
60,34,1575,515,22,56,1,1,0.53242
61,34,1575,514,21,56,1,1,0.69537
62,34,1575,513,21,57,1,1,0.82994
63,34,1577,500,20,54,1,1,0.67792
64,34,1578,514,20,54,1,1,0.92381
65,34,1578,513,21,54,1,1,0.96116
66,34,1576,507,22,54,1,1,0.69012
67,34,1575,516,22,54,1,1,1
68,34,1573,511,21,53,1,1,1
69,34,1573,518,22,53,1,1,1
70,34,1572,514,21,54,1,1,1
71,34,1570,515,21,54,1,1,0.95455
72,34,1568,516,21,54,1,1,1
73,34,1567,517,21,54,1,1,1
74,34,1565,518,21,54,1,1,1
75,34,1564,520,21,53,1,1,1
76,34,1561,519,21,53,1,1,1
77,34,1558,519,21,53,1,1,1
78,34,1555,518,21,53,1,1,1
79,34,1553,518,21,53,1,1,1
80,34,1550,518,21,53,1,1,1
81,34,1547,517,21,53,1,1,1
82,34,1545,517,21,53,1,1,1
83,34,1542,516,21,53,1,1,1
84,34,1539,516,21,53,1,1,1
85,34,1537,516,21,53,1,1,1
86,34,1533,517,21,53,1,1,1
87,34,1530,518,21,53,1,1,1
88,34,1526,519,22,53,1,1,1
89,34,1523,520,22,53,1,1,1
90,34,1520,521,22,53,1,1,1
91,34,1516,522,22,53,1,1,1
92,34,1513,523,22,53,1,1,1
93,34,1509,524,23,53,1,1,1
94,34,1506,525,23,53,1,1,1
95,34,1503,527,23,53,1,1,1
96,34,1499,527,23,53,1,1,0.25
97,34,1496,527,22,54,1,1,1
98,34,1493,527,22,55,1,1,1
99,34,1490,527,21,56,1,1,1
100,34,1486,528,22,55,1,1,1
101,34,1483,528,21,56,1,1,1
102,34,1480,528,21,57,1,1,1
103,34,1477,528,20,58,1,1,1
104,34,1474,529,20,58,1,1,1
105,34,1469,531,21,59,1,1,1
106,34,1469,530,19,58,1,1,1
107,34,1464,529,19,58,1,1,1
108,34,1460,529,19,58,1,1,1
109,34,1455,529,20,57,1,1,1
110,34,1451,529,20,57,1,1,1
111,34,1447,529,20,57,1,1,1
112,34,1443,530,20,57,1,1,1
113,34,1440,531,19,57,1,1,1
114,34,1436,532,19,57,1,1,1
115,34,1433,533,19,57,1,1,1
116,34,1428,530,20,58,1,1,1
117,34,1424,530,20,58,1,1,1
118,34,1420,530,20,58,1,1,0.95642
119,34,1417,530,20,58,1,1,0.82244
120,34,1413,530,20,58,1,1,0.77805
121,34,1410,530,20,59,1,1,1
122,34,1406,529,20,59,1,1,1
123,34,1402,529,20,58,1,1,0.77805
124,34,1398,528,20,58,1,1,0.64487
125,34,1395,528,20,58,1,1,0.46731
126,34,1392,528,20,58,1,1,0.33414
127,34,1390,528,20,58,1,1,0.2155
128,34,1386,528,20,58,1,1,0.18725
129,34,1382,528,20,58,1,1,0.16061
130,34,1378,528,20,57,1,1,0.17898
131,34,1374,528,20,57,1,1,0.13793
132,34,1370,528,20,57,1,1,0.13793
133,34,1366,527,20,57,1,1,0.17241
134,34,1363,527,20,57,1,1,0.15517
135,34,1360,526,20,57,1,1,0.17241
136,34,1357,526,20,57,1,1,0.15517
137,34,1354,526,20,57,1,1,0.15517
138,34,1350,526,20,57,1,1,0.13793
139,34,1346,526,20,57,1,1,0.13136
140,34,1343,526,20,57,1,1,0.15107
141,34,1339,526,20,57,1,1,0.13957
142,34,1336,527,20,57,1,1,0.19622
143,34,1333,527,20,57,1,1,0.28325
144,34,1330,528,20,57,1,1,0.36289
145,34,1327,529,20,57,1,1,0.44581
146,34,1325,530,20,57,1,1,0.57553
147,34,1320,530,20,57,1,1,0.57389
148,34,1316,531,20,57,1,1,0.61905
149,34,1311,531,20,57,1,1,0.57143
150,34,1307,532,20,57,1,1,0.52381
151,34,1303,533,20,57,1,1,0.52381
152,34,1297,532,20,57,1,1,0.42857
153,34,1291,531,20,57,1,1,0.33333
154,34,1285,530,20,57,1,1,0.2381
155,34,1279,529,20,58,1,1,0.14609
156,34,1274,529,21,58,1,1,0.13867
157,34,1270,529,21,58,1,1,0.13867
158,34,1266,529,21,59,1,1,0.13788
159,34,1262,529,21,59,1,1,0.13788
160,34,1258,529,21,60,1,1,0.13711
161,34,1254,529,21,60,1,1,0.13636
162,34,1250,529,21,60,1,1,0.13636
163,34,1246,530,21,60,1,1,0.045455
164,34,1242,530,21,60,1,1,0.045455
165,34,1237,530,22,61,1,1,0.086957
166,34,1233,530,22,61,1,1,0.086957
167,34,1229,530,22,61,1,1,0.086957
168,34,1225,530,22,62,1,1,0.17391
169,34,1221,530,22,62,1,1,0.13941
170,34,1217,531,22,62,1,1,0.18634
171,34,1213,531,22,62,1,1,0.14079
172,34,1209,531,22,63,1,1,0.11073
173,34,1205,531,22,63,1,1,0.030571
174,34,1201,531,22,63,1,1,0.040761
175,34,1196,531,23,64,1,1,0.048077
176,34,1192,531,23,64,1,1,0.069231
177,34,1188,532,23,64,1,1,0.040385
178,34,1184,532,23,64,1,1,0.029487
179,34,1180,532,23,64,1,1,0.0012821
180,34,1176,532,23,65,1,1,0.0031566
181,34,1172,532,23,65,1,1,0
182,34,1168,532,23,66,1,1,0
183,34,1164,532,23,66,1,1,0
184,34,1160,533,23,66,1,1,0
185,34,1157,533,23,66,1,1,0
186,34,1154,533,23,66,1,1,0
187,34,1151,533,23,67,1,1,0
188,34,1148,534,23,66,1,1,0
189,34,1146,534,23,67,1,1,0.00061275
190,34,1143,534,23,67,1,1,0
191,34,1140,534,23,68,1,1,0
192,34,1137,535,23,67,1,1,0.041667
193,34,1134,535,23,68,1,1,0.047705
194,34,1132,535,23,68,1,1,0.013889
195,34,1129,535,23,69,1,1,0.29286
196,34,1126,536,23,68,1,1,0.021739
197,34,1123,536,23,69,1,1,0.45833
198,34,1120,536,23,69,1,1,0.54167
199,34,1118,537,23,69,1,1,0.58333
200,34,1115,537,23,70,1,1,0.75
201,34,1112,538,24,70,1,1,0.8
202,34,1110,539,23,70,1,1,0.875
203,34,1107,539,24,71,1,1,0.88
204,34,1105,540,23,71,1,1,1
205,34,1102,541,24,71,1,1,0.96444
206,34,1100,542,24,71,1,1,0.98222
207,34,1098,542,24,71,1,1,0.98333
208,34,1096,542,24,71,1,1,0.013889
209,34,1094,542,24,72,1,1,0.012603
210,34,1092,542,25,72,1,1,0.027397
211,34,1091,542,24,72,1,1,0.027397
212,34,1089,542,24,73,1,1,0.034054
213,34,1087,542,25,73,1,1,0.032744
214,34,1085,542,25,73,1,1,0.045738
215,34,1084,542,24,74,1,1,0.046933
216,34,1082,542,24,74,1,1,0.061333
217,34,1080,542,25,74,1,1,0.058974
218,34,1078,542,25,75,1,1,0.058198
219,34,1077,542,24,75,1,1,0.072632
220,34,1075,542,25,75,1,1,0.072874
221,34,1073,542,25,76,1,1,0.10939
222,34,1071,542,25,76,1,1,0.077922
223,34,1070,543,25,76,1,1,0.064935
224,34,1070,543,24,78,1,1,0.063291
225,34,1071,543,22,80,1,1,0.061728
226,34,1072,544,20,81,1,1,0.036585
227,34,1070,545,23,78,1,1,0.025316
228,34,1069,546,25,75,1,1,0.011134
229,34,1068,545,26,76,1,1,0.021164
230,34,1068,545,26,77,1,1,0.019943
231,34,1068,544,26,78,1,1,0.029536
232,34,1068,544,26,79,1,1,0.029167
233,34,1067,543,27,80,1,1,0.038801
234,34,1067,543,27,81,1,1,0.04007
235,34,1067,543,27,81,1,1,0.030052
236,34,1067,542,27,83,1,1,0.040816
237,34,1066,542,28,83,1,1,0.041051
238,34,1066,541,28,85,1,1,0.05012
239,34,1066,541,28,85,1,1,0.077787
240,34,1066,541,29,86,1,1,0.076628
241,34,1068,541,30,86,1,1,0.051539
242,34,1071,541,30,86,1,1,0.046348
243,34,1074,541,31,87,1,1,0.022727
244,34,1077,541,31,87,1,1,0.034091
245,34,1080,541,32,87,1,1,0.053719
246,34,1083,541,32,88,1,1,0.052094
247,34,1085,542,33,87,1,1,0.039439
248,34,1088,542,34,87,1,1,0.0084416
249,34,1091,542,34,88,1,1,0.045907
250,34,1094,542,35,88,1,1,0.0081149
251,34,1097,542,35,89,1,1,0.0080247
252,34,1100,542,36,89,1,1,0.0078078
253,34,1102,543,37,88,1,1,0
254,34,1105,543,37,89,1,1,0
255,34,1108,543,38,89,1,1,0.0059829
256,34,1111,543,38,89,1,1,0.051282
257,34,1114,543,39,90,1,1,0.081593
258,34,1117,543,39,90,1,1,0.10632
259,34,1120,544,40,90,1,1,0.053873
260,34,1128,544,40,91,1,1,0.022269
261,34,1136,544,40,92,1,1,0.012064
262,34,1144,544,40,93,1,1,0
263,34,1153,544,39,94,1,1,0
264,34,1161,544,39,95,1,1,0
265,34,1169,544,39,96,1,1,0
266,34,1178,544,38,97,1,1,0.019623
267,34,1186,544,38,98,1,1,0.01813
268,34,1194,544,38,99,1,1,0.0066667
1,35,1072,494,16,29,1,1,1
2,35,1072,489,15,26,1,1,1
3,35,1073,490,15,28,1,1,1
4,35,1074,489,15,28,1,1,1
5,35,1077,494,10,24,1,1,1
6,35,1079,505,11,25,1,1,0.96154
7,35,1079,495,12,26,1,1,1
8,35,1079,502,13,27,1,1,0.92857
9,35,1078,501,14,28,1,1,0.96552
10,35,1079,507,13,27,1,1,1
11,35,1077,500,13,28,1,1,0.89655
12,35,1073,504,21,26,1,1,0.92593
13,35,1073,494,16,29,1,1,0.93333
14,35,1072,494,15,31,1,1,0.875
15,35,1075,492,15,31,1,1,0.9375
16,35,1073,493,15,31,1,1,0.95898
17,35,1073,493,15,30,1,1,1
18,35,1074,493,15,30,1,1,1
19,35,1071,493,16,30,1,1,1
20,35,1071,493,16,31,1,1,1
21,35,1070,493,18,30,1,1,1
22,35,1068,496,16,32,1,1,1
23,35,1067,495,20,30,1,1,1
24,35,1067,496,19,29,1,1,1
25,35,1066,498,17,30,1,1,1
26,35,1068,497,16,32,1,1,1
27,35,1070,501,13,32,1,1,1
28,35,1070,505,13,28,1,1,1
29,35,1069,511,12,26,1,1,1
30,35,1065,510,14,29,1,1,1
31,35,1068,517,14,29,1,1,1
32,35,1067,512,14,29,1,1,1
33,35,1066,508,14,28,1,1,1
34,35,1064,512,14,28,1,1,1
35,35,1065,506,14,28,1,1,1
36,35,1063,504,14,28,1,1,1
37,35,1062,503,14,27,1,1,1
38,35,1062,498,14,27,1,1,1
39,35,1062,496,13,26,1,1,1
40,35,1060,494,12,28,1,1,1
41,35,1062,495,12,28,1,1,1
42,35,1061,495,12,30,1,1,1
43,35,1061,497,12,30,1,1,1
44,35,1060,498,12,30,1,1,1
45,35,1059,499,12,29,1,1,1
46,35,1058,500,13,28,1,1,1
47,35,1056,499,14,27,1,1,1
48,35,1055,501,14,28,1,1,1
49,35,1054,506,14,26,1,1,1
50,35,1055,501,13,29,1,1,1
51,35,1054,501,13,29,1,1,1
52,35,1054,502,13,29,1,1,1
53,35,1054,502,13,29,1,1,1
54,35,1053,502,13,29,1,1,1
55,35,1052,502,13,30,1,1,1
56,35,1050,500,14,30,1,1,1
57,35,1049,499,14,30,1,1,1
58,35,1048,497,14,31,1,1,1
59,35,1047,496,14,31,1,1,1
60,35,1044,495,14,31,1,1,1
61,35,1042,494,14,31,1,1,1
62,35,1040,494,14,31,1,1,1
63,35,1038,495,15,30,1,1,1
64,35,1037,494,16,32,1,1,1
65,35,1036,496,16,29,1,1,1
66,35,1034,496,15,29,1,1,1
67,35,1032,496,14,29,1,1,1
68,35,1031,496,13,30,1,1,1
69,35,1031,497,14,31,1,1,1
70,35,1028,495,14,32,1,1,0.95556
71,35,1025,494,14,32,1,1,0.97374
72,35,1022,493,14,32,1,1,1
73,35,1019,492,14,33,1,1,0.97059
74,35,1017,492,14,33,1,1,0.97059
75,35,1013,493,17,36,1,1,0.86486
76,35,1010,492,15,33,1,1,0.97059
77,35,1007,492,13,32,1,1,0.9697
78,35,1004,492,12,32,1,1,0.9697
79,35,1001,491,11,32,1,1,1
80,35,996,491,12,32,1,1,1
81,35,991,491,13,32,1,1,1
82,35,987,492,14,31,1,1,0.9375
83,35,985,493,13,31,1,1,0.875
84,35,980,493,13,31,1,1,0.78125
85,35,976,494,13,31,1,1,0.78125
86,35,972,494,13,31,1,1,0.84375
87,35,968,495,13,31,1,1,0.875
88,35,965,496,11,32,1,1,0.87879
89,35,962,497,10,33,1,1,0.88235
90,35,957,499,10,32,1,1,0.90909
91,35,952,501,11,31,1,1,0.8125
92,35,947,503,12,30,1,1,0.93548
93,35,942,505,13,29,1,1,0.96667
94,35,937,507,14,28,1,1,1
95,35,933,509,14,28,1,1,0.93103
96,35,930,510,13,29,1,1,0.86667
97,35,926,510,12,29,1,1,0.86667
98,35,921,513,12,30,1,1,0.77419
99,35,918,512,11,30,1,1,0.80645
100,35,913,511,11,30,1,1,0.87097
101,35,908,510,12,31,1,1,0.875
102,35,903,510,12,31,1,1,0.875
103,35,898,509,13,32,1,1,0.84848
104,35,894,508,12,32,1,1,0.84848
105,35,889,508,13,32,1,1,0.81818
106,35,884,507,13,33,1,1,0.79412
107,35,879,506,14,34,1,1,0.77143
108,35,875,506,14,34,1,1,0.74286
109,35,871,507,14,34,1,1,0.68571
110,35,866,505,14,34,1,1,0.74286
111,35,861,505,13,34,1,1,0.82041
112,35,856,506,13,33,1,1,0.79202
113,35,851,507,13,32,1,1,0.80519
114,35,846,511,11,30,1,1,0.77419
115,35,841,511,12,30,1,1,0.76179
116,35,834,508,14,32,1,1,0.8303
117,35,827,507,15,32,1,1,0.89583
118,35,821,507,16,32,1,1,0.89305
119,35,818,507,15,31,1,1,0.89258
120,35,813,507,15,31,1,1,0.91406
121,35,808,507,16,32,1,1,0.89305
122,35,802,508,18,33,1,1,0.87616
123,35,796,509,17,32,1,1,1
124,35,791,509,15,32,1,1,1
125,35,785,509,15,32,1,1,1
126,35,780,510,15,32,1,1,1
127,35,775,511,15,32,1,1,1
128,35,769,512,15,31,1,1,1
129,35,764,513,15,31,1,1,1
130,35,759,512,15,32,1,1,1
131,35,754,511,16,33,1,1,1
132,35,749,510,16,34,1,1,1
133,35,744,510,17,34,1,1,1
134,35,740,511,16,34,1,1,1
135,35,735,512,15,34,1,1,1
136,35,730,511,14,34,1,1,1
137,35,725,511,13,33,1,1,1
138,35,720,511,12,32,1,1,1
139,35,715,511,12,32,1,1,0.53846
140,35,710,510,12,32,1,1,0.46154
141,35,705,510,12,32,1,1,0.38462
142,35,700,510,12,32,1,1,0.30769
143,35,695,510,12,32,1,1,0.23077
144,35,691,510,11,32,1,1,0.16667
145,35,686,509,11,33,1,1,0.083333
146,35,681,509,11,33,1,1,0
147,35,676,509,11,33,1,1,0
148,35,671,509,11,33,1,1,0
149,35,667,509,11,33,1,1,0
150,35,662,509,11,33,1,1,0
151,35,656,509,11,33,1,1,0
152,35,650,510,12,32,1,1,0
153,35,645,511,12,32,1,1,0
154,35,638,511,12,32,1,1,0
155,35,631,511,13,32,1,1,0
156,35,625,511,13,32,1,1,0
157,35,618,511,14,32,1,1,0
158,35,612,512,14,32,1,1,0
159,35,607,513,15,31,1,1,0
160,35,601,513,15,32,1,1,0
161,35,596,514,15,32,1,1,0
162,35,591,515,14,32,1,1,0
163,35,586,515,14,33,1,1,0
164,35,581,516,13,33,1,1,0
165,35,576,517,13,33,1,1,0
166,35,571,518,13,34,1,1,0
167,35,566,517,13,35,1,1,0
168,35,562,517,12,35,1,1,0
169,35,558,517,12,35,1,1,1
170,35,553,516,12,35,1,1,1
171,35,549,516,12,35,1,1,1
172,35,545,515,12,35,1,1,0
173,35,541,515,12,35,1,1,0
174,35,537,514,12,35,1,1,0
175,35,533,514,12,35,1,1,0
176,35,529,513,12,35,1,1,0
177,35,525,513,12,35,1,1,0
178,35,521,512,12,35,1,1,0
179,35,517,512,12,35,1,1,0
180,35,513,513,12,35,1,1,0
181,35,510,514,12,36,1,1,0.076923
182,35,506,515,12,36,1,1,0.076923
183,35,502,516,12,36,1,1,0.15385
184,35,498,517,13,37,1,1,1
185,35,494,518,13,37,1,1,1
186,35,490,519,13,37,1,1,1
187,35,486,520,14,38,1,1,1
188,35,481,521,14,38,1,1,1
189,35,476,522,14,38,1,1,1
190,35,471,522,16,37,1,1,1
191,35,467,522,18,37,1,1,1
192,35,463,522,18,37,1,1,1
193,35,460,523,17,37,1,1,1
194,35,457,523,16,37,1,1,1
195,35,454,524,16,37,1,1,1
196,35,450,524,16,38,1,1,1
197,35,447,525,15,37,1,1,1
198,35,444,525,14,38,1,1,1
199,35,441,526,14,38,1,1,1
200,35,438,525,14,38,1,1,1
201,35,435,525,14,38,1,1,1
202,35,432,525,14,38,1,1,1
203,35,430,526,15,37,1,1,1
1,36,623,520,21,70,1,1,0.71831
2,36,624,510,20,70,1,1,0.723
3,36,624,524,20,71,1,1,0.67196
4,36,624,521,20,70,1,1,0.62575
5,36,624,516,17,70,1,1,0.71831
6,36,624,529,16,70,1,1,0.71168
7,36,623,522,15,71,1,1,0.78819
8,36,622,529,15,71,1,1,0.78125
9,36,622,527,15,71,1,1,0.73958
10,36,619,522,15,73,1,1,0.80405
11,36,617,528,15,73,1,1,0.78378
12,36,615,528,15,73,1,1,0.83784
13,36,616,515,15,73,1,1,0.68074
14,36,615,523,15,73,1,1,1
15,36,615,521,14,72,1,1,0.49041
16,36,612,521,17,71,1,1,0.52932
17,36,610,524,17,71,1,1,0.55556
18,36,610,523,16,73,1,1,0.53498
19,36,609,523,13,71,1,1,0.625
20,36,607,523,14,77,1,1,0.65128
21,36,607,523,14,76,1,1,0.55671
22,36,603,526,17,75,1,1,0.63743
23,36,602,527,17,75,1,1,0.59211
24,36,599,529,17,75,1,1,0.63743
25,36,599,532,17,75,1,1,0.58553
26,36,598,532,17,75,1,1,0.50146
27,36,595,534,17,75,1,1,0.53947
28,36,595,537,17,75,1,1,0.53216
29,36,595,537,17,75,1,1,0.45614
30,36,592,541,16,79,1,1,0.5
31,36,592,553,16,79,1,1,0.45809
32,36,588,549,18,78,1,1,0.50167
33,36,586,538,18,78,1,1,0.2072
34,36,585,544,18,78,1,1,0.46436
35,36,584,533,19,77,1,1,0.47949
36,36,582,533,21,76,1,1,0.47757
37,36,579,527,21,76,1,1,0.53542
38,36,578,528,21,76,1,1,0.54723
39,36,578,522,21,76,1,1,0.54545
40,36,575,524,21,76,1,1,0.56257
41,36,576,522,20,79,1,1,0.525
42,36,574,524,20,79,1,1,0.5
43,36,571,527,19,81,1,1,0.56402
44,36,570,529,18,79,1,1,0.52237
45,36,568,528,18,79,1,1,0.57237
46,36,567,529,18,79,1,1,0.51513
47,36,567,533,18,79,1,1,0.42763
48,36,564,532,17,82,1,1,0.56961
49,36,561,530,16,87,1,1,0.76939
50,36,559,530,17,88,1,1,0.6985
51,36,557,529,16,90,1,1,0.73626
52,36,555,531,18,87,1,1,0.65012
53,36,553,531,18,86,1,1,0.21839
54,36,552,531,17,86,1,1,0.20498
55,36,552,531,19,85,1,1,0.16686
56,36,547,531,22,84,1,1,0.17903
57,36,545,530,22,84,1,1,0.19437
58,36,543,528,22,84,1,1,0.17391
59,36,540,528,22,84,1,1,0.16931
60,36,536,528,22,84,1,1,0.20614
61,36,533,530,22,84,1,1,0.16368
62,36,533,524,22,84,1,1,0.14987
63,36,528,538,22,84,1,1,0.16368
64,36,527,523,22,84,1,1,0.2046
65,36,524,529,22,84,1,1,0.15806
66,36,523,537,22,84,1,1,0.16164
67,36,519,525,22,84,1,1,0.094118
68,36,513,533,22,84,1,1,0.10588
69,36,510,528,22,84,1,1,0.12174
70,36,506,529,22,84,1,1,0.12327
71,36,504,529,22,84,1,1,0.10588
72,36,500,529,22,84,1,1,0.093095
73,36,495,526,22,84,1,1,0.11049
74,36,492,527,22,84,1,1,0.086445
75,36,488,527,22,84,1,1,0.10639
76,36,484,526,22,84,1,1,0.10128
77,36,478,526,22,84,1,1,0.10281
78,36,473,525,22,84,1,1,0.13606
79,36,469,524,22,84,1,1,0.1468
80,36,464,525,22,84,1,1,0.18977
81,36,458,528,22,84,1,1,0.16266
82,36,454,528,22,84,1,1,0.1376
83,36,447,528,22,84,1,1,0.15396
84,36,440,528,22,84,1,1,0.1156
85,36,433,528,26,83,1,1,0.14286
86,36,426,529,26,83,1,1,0.15476
87,36,424,529,26,83,1,1,0.16667
88,36,418,534,26,83,1,1,0.10714
89,36,414,531,26,83,1,1,0.14286
90,36,409,533,23,82,1,1,0.18072
91,36,400,535,25,79,1,1,0.2
92,36,395,534,27,91,1,1,0.18245
93,36,389,540,25,91,1,1,0.18102
94,36,380,544,26,93,1,1,0.14894
95,36,378,544,23,94,1,1,0.21623
96,36,372,548,24,95,1,1,0.19292
97,36,366,546,24,95,1,1,0.1775
98,36,358,548,23,95,1,1,0.20443
99,36,350,548,25,95,1,1,0.16627
100,36,341,551,27,93,1,1,0.17021
101,36,335,546,27,93,1,1,0.24658
102,36,327,549,27,93,1,1,0.20061
103,36,321,550,27,93,1,1,0.17477
104,36,314,548,27,93,1,1,0.18617
105,36,306,549,27,93,1,1,0.17021
106,36,299,547,27,93,1,1,0.22188
107,36,292,546,27,93,1,1,0.2367
108,36,286,545,27,93,1,1,0.28419
109,36,277,547,27,93,1,1,0.2747
110,36,271,545,27,93,1,1,0.30319
111,36,262,546,27,93,1,1,0.30091
112,36,254,547,27,93,1,1,0.31117
113,36,246,549,28,92,1,1,0.3274
114,36,237,551,29,91,1,1,0.32283
115,36,229,548,29,91,1,1,0.37971
116,36,219,552,32,90,1,1,0.36663
117,36,209,552,35,89,1,1,0.4284
118,36,200,553,39,88,1,1,0.51039
119,36,191,554,42,87,1,1,0.56527
120,36,183,556,41,94,1,1,0.58396
121,36,172,555,46,97,1,1,0.62571
122,36,165,557,46,103,1,1,0.61129
123,36,155,559,46,107,1,1,0.57801
124,36,145,560,46,105,1,1,0.556
125,36,139,561,45,114,1,1,0.58015
126,36,130,563,44,121,1,1,0.54171
127,36,122,565,43,122,1,1,0.52365
128,36,114,564,42,125,1,1,0.53027
129,36,105,564,42,125,1,1,0.53008
130,36,95,565,42,125,1,1,0.49631
131,36,86,567,42,125,1,1,0.45681
132,36,76,568,42,125,1,1,0.42986
133,36,69,569,42,125,1,1,0.3935
134,36,58,571,46,124,1,1,0.34945
135,36,49,573,46,124,1,1,0.31438
136,36,41,571,45,119,1,1,0.31667
137,36,32,573,45,119,1,1,0.30833
138,36,21,570,47,112,1,1,0.35398
139,36,12,570,47,106,1,1,0.38318
140,36,4,572,47,106,1,1,0.37383
141,36,-7,573,47,106,1,1,0.31153
142,36,-13,575,47,106,1,1,0.33002
143,36,-22,572,47,106,1,1,0.52083
144,36,-30,577,47,106,1,1,0.35417
66,37,762,511,17,45,1,1,0.78261
67,37,763,502,17,48,1,1,1
68,37,760,506,17,48,1,1,0.90023
69,37,761,507,15,47,1,1,0.8776
70,37,756,509,16,45,1,1,0.88235
71,37,754,507,16,45,1,1,0.8312
72,37,750,509,16,45,1,1,0.94118
73,37,749,506,16,45,1,1,0.94373
74,37,747,509,15,42,1,1,1
75,37,743,507,15,42,1,1,1
76,37,742,505,15,42,1,1,1
77,37,738,506,15,42,1,1,1
78,37,734,505,15,42,1,1,1
79,37,732,505,15,42,1,1,1
80,37,728,506,15,42,1,1,1
81,37,724,504,15,42,1,1,1
82,37,720,506,15,42,1,1,1
83,37,718,506,15,42,1,1,1
84,37,712,506,14,42,1,1,1
85,37,708,509,17,41,1,1,1
86,37,704,509,17,41,1,1,1
87,37,700,511,17,41,1,1,1
88,37,698,512,17,41,1,1,1
89,37,693,512,17,41,1,1,1
90,37,688,515,17,41,1,1,1
91,37,684,519,17,41,1,1,1
92,37,682,519,17,41,1,1,1
93,37,676,521,17,41,1,1,1
94,37,672,522,17,41,1,1,1
95,37,668,523,17,41,1,1,1
96,37,661,522,17,47,1,1,1
97,37,659,520,17,47,1,1,1
98,37,655,523,17,47,1,1,1
99,37,649,521,17,47,1,1,1
100,37,645,523,17,47,1,1,1
101,37,642,521,17,47,1,1,1
102,37,636,523,17,47,1,1,1
103,37,631,521,17,47,1,1,1
104,37,627,522,17,47,1,1,0.94444
105,37,622,522,17,47,1,1,0.94444
106,37,617,521,17,47,1,1,0.94444
107,37,612,522,17,47,1,1,1
108,37,608,521,17,47,1,1,0.94444
109,37,605,522,17,47,1,1,0.83333
110,37,598,521,17,47,1,1,0.94444
111,37,594,520,17,47,1,1,0.94444
112,37,589,521,17,47,1,1,0.88889
113,37,583,522,17,47,1,1,0.94444
114,37,576,523,17,47,1,1,1
115,37,571,521,17,47,1,1,1
116,37,564,526,17,47,1,1,1
117,37,560,524,17,47,1,1,1
118,37,553,526,17,47,1,1,1
119,37,549,527,17,47,1,1,1
120,37,543,528,17,47,1,1,1
121,37,537,530,17,47,1,1,1
122,37,531,531,17,47,1,1,1
123,37,527,532,17,47,1,1,1
124,37,521,529,17,47,1,1,1
125,37,514,529,17,47,1,1,1
126,37,509,531,17,47,1,1,1
127,37,500,530,20,53,1,1,0.95238
128,37,496,529,18,55,1,1,1
129,37,490,530,15,55,1,1,1
130,37,486,529,15,57,1,1,1
131,37,480,529,15,59,1,1,1
132,37,476,530,18,58,1,1,1
133,37,469,530,18,58,1,1,1
134,37,462,532,18,58,1,1,1
135,37,457,532,18,58,1,1,1
136,37,450,531,18,58,1,1,1
137,37,447,531,18,58,1,1,1
138,37,441,530,18,58,1,1,1
139,37,437,530,18,58,1,1,1
140,37,431,530,18,58,1,1,1
141,37,428,531,18,58,1,1,1
142,37,423,529,18,58,1,1,1
143,37,417,527,18,58,1,1,0.94737
144,37,411,530,18,58,1,1,0.94737
145,37,408,528,18,58,1,1,0.84211
146,37,402,528,18,58,1,1,0.89474
147,37,396,529,18,58,1,1,0.89474
148,37,390,530,18,58,1,1,0.94737
149,37,385,530,18,58,1,1,0.89474
150,37,377,531,17,60,1,1,0.94627
151,37,369,534,20,59,1,1,0.85714
152,37,364,534,20,59,1,1,0.95238
153,37,357,536,20,59,1,1,0.90476
154,37,350,535,19,57,1,1,0.90172
155,37,339,537,22,59,1,1,0.69565
156,37,335,539,18,60,1,1,0.73684
157,37,330,540,18,60,1,1,0.84211
158,37,323,542,18,60,1,1,0.78947
159,37,315,543,18,60,1,1,0.73684
160,37,309,546,18,60,1,1,0.73684
161,37,301,547,19,62,1,1,0.65
162,37,299,546,19,62,1,1,0.85
163,37,290,548,19,62,1,1,0.65
164,37,285,547,19,62,1,1,0.7
165,37,279,550,19,62,1,1,0.65
166,37,273,550,19,62,1,1,0.65
167,37,266,550,19,62,1,1,0.55
168,37,261,549,19,62,1,1,0.55
169,37,256,550,19,62,1,1,0.6
170,37,249,550,19,62,1,1,0.5
171,37,243,550,19,62,1,1,0.45
172,37,236,548,18,64,1,1,0.31579
173,37,234,547,18,64,1,1,0.47368
174,37,231,545,17,66,1,1,0.56882
175,37,228,544,17,67,1,1,0.68627
176,37,224,545,17,67,1,1,0.73856
177,37,217,543,17,67,1,1,0.64542
178,37,212,546,17,67,1,1,0.63399
179,37,207,545,17,67,1,1,0.63971
180,37,201,547,17,67,1,1,0.5817
181,37,198,547,17,67,1,1,0.69118
182,37,190,548,21,66,1,1,0.57598
183,37,185,550,21,66,1,1,0.56988
184,37,181,552,21,66,1,1,0.60923
185,37,173,555,21,66,1,1,0.47083
186,37,168,555,21,66,1,1,0.43555
187,37,163,558,21,66,1,1,0.41791
188,37,151,559,21,66,1,1,0.11805
189,37,150,563,21,66,1,1,0.22727
190,37,146,559,19,64,1,1,0.24923
191,37,142,561,21,66,1,1,0.31615
192,37,137,559,20,70,1,1,0.30248
193,37,132,562,20,68,1,1,0.23741
194,37,125,564,20,71,1,1,0.12037
195,37,122,564,20,71,1,1,0.17857
196,37,116,567,20,71,1,1,0.060847
197,37,110,566,20,72,1,1,0.027397
198,37,108,567,20,72,1,1,0.12003
199,37,102,569,20,72,1,1,0.013699
200,37,96,569,20,72,1,1,0.013699
201,37,87,568,20,75,1,1,0.085213
202,37,81,568,20,77,1,1,0.18681
203,37,72,571,23,75,1,1,0.30099
204,37,66,574,25,74,1,1,0.34615
205,37,62,574,25,75,1,1,0.30769
206,37,58,575,25,75,1,1,0.30769
207,37,53,577,25,76,1,1,0.30769
208,37,49,577,26,78,1,1,0.2963
209,37,43,578,18,75,1,1,0.47368
210,37,38,579,20,77,1,1,0.47619
211,37,34,581,20,77,1,1,0.47619
212,37,28,580,20,77,1,1,0.57143
213,37,24,580,19,80,1,1,0.6
214,37,18,583,20,77,1,1,0.71429
215,37,15,580,20,77,1,1,0.66667
216,37,8,584,20,77,1,1,0.85714
217,37,5,584,20,77,1,1,0.80952
218,37,1,585,20,77,1,1,0.85714
219,37,-2,585,20,77,1,1,0.66667
220,37,-6,589,20,77,1,1,0.52381
221,37,-9,590,20,77,1,1,0.33333
15,38,639,518,20,68,1,1,0.16356
16,38,637,519,20,68,1,1,0.12974
17,38,635,521,20,68,1,1,0.14838
18,38,635,521,20,68,1,1,0.14769
19,38,635,525,16,67,1,1,0.10294
20,38,634,524,16,67,1,1,0.11851
21,38,630,525,16,67,1,1,0.12803
22,38,627,525,16,67,1,1,0.16349
23,38,627,526,16,67,1,1,0.1583
24,38,625,529,16,67,1,1,0.1436
25,38,623,530,16,67,1,1,0.16349
26,38,621,532,16,67,1,1,0.16263
27,38,618,534,16,67,1,1,0.16782
28,38,616,534,16,67,1,1,0.19983
29,38,615,535,16,67,1,1,0.21453
30,38,613,537,16,67,1,1,0.22318
31,38,613,554,16,67,1,1,0.14533
32,38,612,546,16,67,1,1,0.16696
33,38,611,539,18,66,1,1,0.16182
34,38,608,543,18,66,1,1,0.2718
35,38,609,534,18,66,1,1,0.31186
36,38,607,530,19,81,1,1,0.27866
37,38,607,528,19,81,1,1,0.26585
38,38,604,529,19,81,1,1,0.23354
39,38,604,522,19,81,1,1,0.24634
40,38,601,521,19,81,1,1,0.26524
41,38,600,522,19,81,1,1,0.29024
42,38,598,524,19,81,1,1,0.27683
43,38,596,528,19,81,1,1,0.25
44,38,593,528,19,81,1,1,0.21098
45,38,591,527,21,80,1,1,0.22503
46,38,588,527,23,87,1,1,0.20502
47,38,584,527,27,86,1,1,0.20567
48,38,581,531,27,84,1,1,0.1916
49,38,578,532,28,83,1,1,0.18924
50,38,577,530,26,85,1,1,0.22351
51,38,573,531,26,85,1,1,0.22653
52,38,573,532,26,85,1,1,0.23428
53,38,570,533,25,95,1,1,0.22276
54,38,567,533,28,94,1,1,0.20871
55,38,565,533,27,95,1,1,0.19531
56,38,563,533,27,96,1,1,0.18704
57,38,562,531,27,97,1,1,0.20262
58,38,557,530,29,98,1,1,0.20404
59,38,554,529,31,98,1,1,0.20455
60,38,554,529,28,97,1,1,0.19986
61,38,549,529,30,96,1,1,0.21151
62,38,548,525,29,98,1,1,0.18316
63,38,543,538,30,98,1,1,0.19062
64,38,543,527,30,98,1,1,0.1942
65,38,537,530,30,98,1,1,0.22874
66,38,536,540,30,98,1,1,0.18866
67,38,525,527,37,105,1,1,0.24975
68,38,521,534,37,105,1,1,0.22195
69,38,518,530,37,105,1,1,0.22617
70,38,512,534,36,102,1,1,0.23039
71,38,509,533,36,102,1,1,0.20703
72,38,502,535,36,102,1,1,0.2603
73,38,498,532,36,102,1,1,0.21595
74,38,494,532,36,102,1,1,0.21622
75,38,492,531,33,101,1,1,0.19723
76,38,487,531,32,98,1,1,0.20386
77,38,482,530,32,98,1,1,0.2112
78,38,476,534,32,106,1,1,0.15916
79,38,473,533,32,106,1,1,0.17134
80,38,466,540,32,106,1,1,0.11215
81,38,461,540,32,106,1,1,0.11385
82,38,455,539,31,105,1,1,0.13149
83,38,450,539,30,109,1,1,0.12786
84,38,441,537,32,111,1,1,0.15476
85,38,430,540,39,110,1,1,0.13739
86,38,424,542,39,110,1,1,0.13153
87,38,416,543,39,110,1,1,0.14324
88,38,410,543,39,110,1,1,0.15946
89,38,402,543,40,111,1,1,0.17618
90,38,392,548,42,112,1,1,0.15188
91,38,387,551,42,114,1,1,0.14803
92,38,380,550,41,118,1,1,0.18487
93,38,372,556,41,118,1,1,0.15526
94,38,366,558,41,118,1,1,0.16086
95,38,359,564,41,118,1,1,0.13325
96,38,352,566,43,117,1,1,0.12173
97,38,344,560,42,122,1,1,0.17262
98,38,336,566,42,122,1,1,0.15409
99,38,320,562,52,121,1,1,0.23384
100,38,312,567,56,120,1,1,0.18037
101,38,304,568,55,117,1,1,0.17872
102,38,296,566,54,118,1,1,0.18044
103,38,287,563,55,126,1,1,0.21344
104,38,287,561,47,127,1,1,0.23014
105,38,279,560,47,127,1,1,0.24512
106,38,269,565,52,126,1,1,0.23117
107,38,260,564,52,126,1,1,0.22092
108,38,256,564,45,130,1,1,0.26303
109,38,254,568,41,129,1,1,0.26648
110,38,245,563,39,133,1,1,0.28451
111,38,237,565,39,133,1,1,0.25261
112,38,228,565,38,136,1,1,0.21636
113,38,217,567,38,136,1,1,0.20251
114,38,207,566,38,136,1,1,0.21636
115,38,198,569,38,136,1,1,0.22197
116,38,188,574,38,136,1,1,0.19502
117,38,178,573,38,136,1,1,0.22965
118,38,165,571,37,139,1,1,0.25282
119,38,158,572,38,141,1,1,0.2472
120,38,142,577,42,140,1,1,0.22464
121,38,134,577,42,140,1,1,0.25449
122,38,120,577,44,139,1,1,0.26603
123,38,112,583,44,139,1,1,0.23571
124,38,99,582,46,142,1,1,0.24952
125,38,89,584,46,142,1,1,0.24877
126,38,80,587,46,142,1,1,0.24104
127,38,65,587,50,146,1,1,0.25877
128,38,55,591,50,146,1,1,0.22529
129,38,43,589,49,154,1,1,0.22374
130,38,29,587,48,157,1,1,0.21157
131,38,18,586,47,160,1,1,0.23163
132,38,6,589,47,160,1,1,0.54581
133,38,-1,591,47,160,1,1,0.41278
134,38,-7,593,47,160,1,1,0.18219
135,38,-22,601,47,160,1,1,0.05823
136,38,-30,607,47,160,1,1,0.028597
137,38,-37,609,47,160,1,1,0.20833
1,39,1183,490,13,35,1,1,0.72222
2,39,1184,482,15,35,1,1,0.86111
3,39,1185,485,15,35,1,1,0.80556
4,39,1189,483,12,34,1,1,0.94286
5,39,1190,488,14,33,1,1,0.85294
6,39,1192,499,14,35,1,1,0.86111
7,39,1194,490,14,35,1,1,0.88889
8,39,1193,500,14,35,1,1,0.95556
9,39,1195,500,14,35,1,1,1
10,39,1197,506,14,35,1,1,1
11,39,1196,498,13,37,1,1,1
12,39,1197,501,13,37,1,1,1
13,39,1199,493,13,38,1,1,1
14,39,1197,495,15,37,1,1,1
15,39,1200,494,15,37,1,1,1
16,39,1200,494,15,37,1,1,1
17,39,1201,494,15,37,1,1,1
18,39,1202,494,15,37,1,1,1
19,39,1203,493,15,37,1,1,1
20,39,1204,493,15,37,1,1,1
21,39,1204,494,15,37,1,1,1
22,39,1205,495,15,37,1,1,1
23,39,1206,495,15,37,1,1,1
24,39,1205,494,15,37,1,1,1
25,39,1207,498,15,37,1,1,1
26,39,1209,499,15,37,1,1,1
27,39,1209,501,15,37,1,1,1
28,39,1210,502,15,37,1,1,1
29,39,1212,506,15,37,1,1,1
30,39,1210,509,15,37,1,1,1
31,39,1212,515,15,37,1,1,1
32,39,1213,516,15,37,1,1,1
33,39,1212,504,15,37,1,1,1
34,39,1213,507,15,37,1,1,1
35,39,1214,500,15,37,1,1,1
36,39,1216,498,15,37,1,1,1
37,39,1216,497,15,36,1,1,1
38,39,1215,492,16,37,1,1,1
39,39,1219,493,16,37,1,1,1
40,39,1217,489,16,40,1,1,1
41,39,1219,490,16,40,1,1,0.92826
42,39,1220,491,16,40,1,1,0.87805
43,39,1221,495,15,38,1,1,0.87179
44,39,1221,497,16,37,1,1,0.89474
45,39,1224,496,15,39,1,1,0.925
46,39,1224,496,14,41,1,1,0.88095
47,39,1225,497,16,40,1,1,0.90244
48,39,1225,499,16,40,1,1,0.87805
49,39,1226,502,16,40,1,1,0.82927
50,39,1227,498,16,40,1,1,0.92683
51,39,1227,502,16,40,1,1,0.87805
52,39,1228,500,16,40,1,1,0.95122
53,39,1228,500,16,40,1,1,0.95122
54,39,1229,500,16,40,1,1,0.92683
55,39,1230,500,16,40,1,1,0.90244
56,39,1230,499,16,40,1,1,0.90244
57,39,1230,498,16,40,1,1,0.85366
58,39,1230,497,16,40,1,1,0.82927
59,39,1229,495,17,40,1,1,0.82927
60,39,1229,494,17,39,1,1,0.85
61,39,1229,493,18,39,1,1,0.86184
62,39,1231,492,16,41,1,1,0.94958
63,39,1231,487,16,41,1,1,1
64,39,1232,493,16,41,1,1,1
65,39,1230,492,16,41,1,1,1
66,39,1231,490,16,41,1,1,1
67,39,1232,495,16,41,1,1,1
68,39,1230,493,16,41,1,1,1
69,39,1230,496,16,41,1,1,1
70,39,1227,496,16,41,1,1,1
71,39,1226,495,16,41,1,1,1
72,39,1224,496,16,41,1,1,1
73,39,1223,495,16,41,1,1,1
74,39,1222,494,16,41,1,1,1
75,39,1221,495,14,42,1,1,1
76,39,1219,494,16,41,1,1,1
77,39,1216,496,17,40,1,1,1
78,39,1213,495,17,40,1,1,1
79,39,1212,494,17,40,1,1,1
80,39,1210,495,17,40,1,1,1
81,39,1207,493,17,40,1,1,1
82,39,1204,494,17,40,1,1,1
83,39,1201,494,17,40,1,1,1
84,39,1199,494,17,40,1,1,1
85,39,1196,495,17,40,1,1,1
86,39,1194,494,16,42,1,1,1
87,39,1192,495,16,42,1,1,1
88,39,1186,496,18,43,1,1,1
89,39,1184,495,18,43,1,1,1
90,39,1180,498,18,43,1,1,1
91,39,1178,500,17,42,1,1,1
92,39,1176,500,17,42,1,1,1
93,39,1176,504,13,40,1,1,1
94,39,1171,502,15,44,1,1,1
95,39,1169,504,15,44,1,1,1
96,39,1165,504,15,44,1,1,1
97,39,1161,503,15,44,1,1,1
98,39,1158,505,15,44,1,1,1
99,39,1156,506,15,44,1,1,1
100,39,1152,506,14,45,1,1,1
101,39,1149,506,14,45,1,1,1
102,39,1145,505,14,45,1,1,1
103,39,1141,506,16,44,1,1,1
104,39,1136,508,18,43,1,1,1
105,39,1133,509,17,42,1,1,1
106,39,1130,509,17,42,1,1,1
107,39,1127,505,16,45,1,1,1
108,39,1123,506,18,44,1,1,1
109,39,1120,506,18,44,1,1,1
110,39,1116,506,18,44,1,1,1
111,39,1112,507,18,41,1,1,1
112,39,1110,505,17,44,1,1,1
113,39,1106,505,17,44,1,1,1
114,39,1102,506,19,43,1,1,1
115,39,1098,505,19,43,1,1,1
116,39,1092,508,19,43,1,1,1
117,39,1090,508,19,43,1,1,1
118,39,1085,506,19,43,1,1,1
119,39,1083,506,19,43,1,1,1
120,39,1078,507,19,43,1,1,1
121,39,1075,506,19,43,1,1,1
122,39,1072,506,19,43,1,1,1
123,39,1070,504,16,43,1,1,1
124,39,1067,506,16,43,1,1,1
125,39,1063,506,16,43,1,1,1
126,39,1059,505,16,43,1,1,1
127,39,1054,506,16,43,1,1,1
128,39,1051,506,16,43,1,1,1
129,39,1047,506,16,43,1,1,1
130,39,1043,506,17,44,1,1,1
131,39,1039,509,16,41,1,1,1
132,39,1034,508,17,43,1,1,1
133,39,1031,509,16,41,1,1,1
134,39,1026,508,16,41,1,1,1
135,39,1022,509,16,41,1,1,1
136,39,1018,508,16,41,1,1,1
137,39,1014,508,16,42,1,1,1
138,39,1011,506,16,42,1,1,1
139,39,1007,506,16,42,1,1,1
140,39,1004,505,17,45,1,1,1
141,39,999,503,19,44,1,1,1
142,39,997,502,18,46,1,1,1
143,39,995,501,18,46,1,1,1
144,39,991,503,18,46,1,1,1
145,39,988,504,18,46,1,1,1
146,39,985,503,18,46,1,1,1
147,39,982,504,18,46,1,1,1
148,39,978,505,18,46,1,1,1
149,39,973,503,19,47,1,1,1
150,39,968,504,21,46,1,1,1
151,39,966,506,19,47,1,1,1
152,39,962,506,19,47,1,1,1
153,39,958,504,19,47,1,1,1
154,39,953,503,19,47,1,1,1
155,39,949,504,19,47,1,1,1
156,39,944,504,19,47,1,1,1
157,39,940,504,19,47,1,1,1
158,39,936,505,19,47,1,1,1
159,39,932,504,19,47,1,1,1
160,39,929,506,20,48,1,1,1
161,39,925,505,20,48,1,1,1
162,39,921,505,20,48,1,1,1
163,39,918,506,20,48,1,1,1
164,39,916,505,19,47,1,1,1
165,39,913,505,19,47,1,1,1
166,39,909,504,19,47,1,1,1
167,39,906,507,19,47,1,1,1
168,39,903,506,19,47,1,1,1
169,39,901,506,19,47,1,1,1
170,39,898,505,19,47,1,1,1
171,39,895,505,19,47,1,1,1
172,39,892,505,19,47,1,1,1
173,39,890,504,19,47,1,1,1
174,39,888,504,19,47,1,1,1
175,39,885,504,19,47,1,1,1
176,39,882,504,19,47,1,1,1
177,39,881,504,19,47,1,1,1
178,39,879,506,19,47,1,1,1
179,39,877,506,19,47,1,1,1
180,39,874,505,19,47,1,1,1
181,39,871,506,19,47,1,1,1
182,39,870,504,19,50,1,1,1
183,39,867,505,19,50,1,1,1
184,39,864,505,19,50,1,1,1
185,39,863,508,18,48,1,1,1
186,39,861,509,18,48,1,1,1
187,39,859,510,18,46,1,1,1
188,39,856,510,19,48,1,1,1
189,39,855,510,18,46,1,1,1
190,39,854,510,18,45,1,1,1
191,39,850,510,19,48,1,1,1
192,39,849,510,19,48,1,1,1
193,39,848,511,19,48,1,1,1
194,39,846,511,19,48,1,1,1
195,39,844,511,19,48,1,1,1
196,39,843,512,19,48,1,1,1
197,39,841,514,18,46,1,1,1
198,39,840,513,17,49,1,1,1
199,39,838,513,17,49,1,1,1
200,39,837,513,17,49,1,1,1
201,39,837,514,17,49,1,1,1
202,39,836,515,17,49,1,1,1
203,39,834,514,17,49,1,1,1
204,39,833,514,17,49,1,1,1
205,39,832,514,17,49,1,1,1
206,39,832,514,17,49,1,1,1
207,39,831,517,13,48,1,1,1
208,39,829,518,15,47,1,1,1
209,39,827,518,15,47,1,1,1
210,39,826,519,15,47,1,1,1
211,39,825,521,15,47,1,1,1
212,39,825,522,15,46,1,1,1
213,39,825,523,15,45,1,1,1
214,39,825,524,15,45,1,1,1
215,39,825,523,14,45,1,1,1
216,39,825,522,14,46,1,1,1
217,39,825,521,14,47,1,1,1
218,39,825,520,14,48,1,1,1
219,39,825,519,14,49,1,1,1
220,39,825,519,13,52,1,1,1
221,39,825,519,15,51,1,1,1
222,39,824,518,16,51,1,1,1
223,39,824,518,16,51,1,1,1
224,39,824,518,16,51,1,1,1
225,39,825,518,16,51,1,1,1
226,39,825,519,16,51,1,1,1
227,39,826,521,16,51,1,1,1
228,39,827,520,16,51,1,1,1
229,39,827,521,16,51,1,1,1
230,39,828,520,17,51,1,1,1
231,39,829,522,17,51,1,1,1
232,39,829,520,17,51,1,1,1
233,39,831,520,17,51,1,1,1
234,39,832,519,17,51,1,1,1
235,39,833,519,17,51,1,1,1
236,39,836,521,16,48,1,1,1
237,39,836,522,17,47,1,1,1
238,39,838,520,19,49,1,1,1
239,39,839,518,19,49,1,1,1
240,39,841,517,19,49,1,1,1
241,39,844,518,19,49,1,1,1
242,39,846,517,19,49,1,1,1
243,39,850,516,19,49,1,1,1
244,39,853,517,19,49,1,1,1
245,39,856,517,19,49,1,1,1
246,39,858,518,19,49,1,1,1
247,39,862,517,19,49,1,1,1
248,39,865,517,19,49,1,1,1
249,39,870,517,18,51,1,1,1
250,39,871,517,19,50,1,1,0.97745
251,39,875,517,19,50,1,1,0.97843
252,39,878,519,21,49,1,1,0.91636
253,39,882,519,21,49,1,1,0.87455
254,39,887,518,21,49,1,1,0.84
255,39,893,520,21,49,1,1,0.83273
256,39,897,519,21,49,1,1,0.8
257,39,899,518,23,48,1,1,0.7449
258,39,906,517,23,48,1,1,0.77381
259,39,911,518,23,48,1,1,0.75765
260,39,916,517,22,50,1,1,0.71014
261,39,921,517,22,50,1,1,0.69309
262,39,927,517,22,50,1,1,0.69224
263,39,931,517,22,50,1,1,0.62745
264,39,936,518,22,50,1,1,0.62745
265,39,941,519,22,50,1,1,0.62745
266,39,948,519,22,49,1,1,0.66
267,39,952,518,22,49,1,1,0.68
268,39,957,520,22,49,1,1,0.64
269,39,964,520,22,49,1,1,0.64
270,39,967,517,25,48,1,1,0.73469
271,39,973,517,25,48,1,1,0.71429
272,39,978,518,25,48,1,1,0.69388
273,39,983,518,25,48,1,1,0.69388
274,39,990,516,20,41,1,1,0.85714
275,39,995,515,20,41,1,1,0.90476
276,39,1000,515,20,41,1,1,0.90476
277,39,1006,515,22,40,1,1,0.95122
278,39,1010,514,22,40,1,1,0.97561
279,39,1015,514,22,40,1,1,1
280,39,1021,516,21,41,1,1,0.92857
281,39,1026,515,21,40,1,1,1
282,39,1029,515,25,41,1,1,0.97619
283,39,1034,515,25,41,1,1,0.97619
284,39,1041,516,25,41,1,1,0.95238
285,39,1047,516,25,41,1,1,0.95238
286,39,1053,514,24,44,1,1,0.93333
287,39,1058,515,24,44,1,1,0.91111
288,39,1063,512,24,44,1,1,0.97778
289,39,1068,514,24,44,1,1,0.93333
290,39,1073,511,24,46,1,1,0.95745
291,39,1079,513,24,46,1,1,0.91489
292,39,1083,510,23,48,1,1,0.95918
293,39,1090,511,22,49,1,1,0.92
294,39,1094,511,23,48,1,1,0.95918
295,39,1098,512,24,51,1,1,0.90385
296,39,1103,514,23,54,1,1,0.84318
297,39,1107,514,23,54,1,1,0.86364
298,39,1113,513,23,54,1,1,0.90455
299,39,1117,514,23,54,1,1,0.92576
300,39,1122,516,23,54,1,1,0.93333
301,39,1126,517,23,54,1,1,0.95758
302,39,1131,515,22,56,1,1,0.98169
303,39,1134,516,22,56,1,1,1
304,39,1138,521,25,55,1,1,1
305,39,1143,522,25,55,1,1,1
306,39,1147,526,25,56,1,1,1
307,39,1151,526,25,56,1,1,1
308,39,1154,525,25,56,1,1,1
309,39,1161,526,24,57,1,1,1
310,39,1165,528,24,57,1,1,1
311,39,1168,527,24,57,1,1,1
312,39,1173,527,24,57,1,1,1
313,39,1177,528,24,57,1,1,1
314,39,1180,529,24,57,1,1,1
315,39,1185,529,24,57,1,1,1
316,39,1189,529,24,57,1,1,1
317,39,1193,529,24,57,1,1,1
318,39,1196,529,24,57,1,1,1
319,39,1200,528,24,57,1,1,1
320,39,1202,529,24,57,1,1,1
321,39,1205,528,24,57,1,1,1
322,39,1210,527,24,57,1,1,1
323,39,1212,526,24,57,1,1,1
324,39,1216,527,24,57,1,1,1
325,39,1220,526,24,57,1,1,1
326,39,1222,525,24,57,1,1,1
327,39,1224,524,24,57,1,1,1
328,39,1226,523,24,57,1,1,1
329,39,1230,522,24,57,1,1,1
330,39,1231,520,24,57,1,1,0.33103
331,39,1235,516,24,57,1,1,0.38621
332,39,1235,515,24,57,1,1,0.34759
333,39,1238,509,24,57,1,1,0.34
334,39,1239,509,24,57,1,1,0.35517
335,39,1241,508,24,57,1,1,0.31034
336,39,1243,502,24,57,1,1,0.25172
337,39,1250,504,19,56,1,1,0.28421
338,39,1251,504,19,56,1,1,0.24561
339,39,1253,502,19,56,1,1,0.19649
340,39,1254,501,19,56,1,1,0.15263
341,39,1257,503,19,56,1,1,0.17807
342,39,1258,501,19,56,1,1,0.10526
343,39,1260,509,18,55,1,1,0.10902
344,39,1261,513,18,55,1,1,0.058271
345,39,1261,516,19,54,1,1,0.027273
346,39,1262,525,18,55,1,1,0.071429
347,39,1266,520,18,55,1,1,0
348,39,1263,532,20,54,1,1,0.2026
349,39,1268,524,18,53,1,1,0.081871
350,39,1269,523,18,54,1,1,0.11962
351,39,1269,529,18,55,1,1,0.16917
352,39,1270,534,18,55,1,1,0.21711
353,39,1272,534,20,53,1,1,0.17901
354,39,1273,538,20,53,1,1,0.21869
355,39,1275,538,20,53,1,1,0.17284
356,39,1275,539,20,53,1,1,0.21429
357,39,1276,541,20,53,1,1,0.2381
358,39,1276,543,20,53,1,1,0.28571
359,39,1277,545,20,53,1,1,0.28571
360,39,1277,546,20,53,1,1,0.30864
361,39,1278,548,20,53,1,1,0.33069
362,39,1278,550,20,53,1,1,0.37478
363,39,1279,552,20,53,1,1,0.37478
364,39,1280,554,20,53,1,1,0.39683
365,39,1279,554,20,53,1,1,0.40741
366,39,1278,554,20,53,1,1,0.37037
367,39,1277,555,20,53,1,1,0.35185
368,39,1278,555,19,54,1,1,0.32727
369,39,1279,556,19,54,1,1,0.34364
370,39,1280,556,19,56,1,1,0.35263
371,39,1281,557,19,56,1,1,0.29825
372,39,1282,557,19,58,1,1,0.32203
373,39,1283,558,19,58,1,1,0.33898
374,39,1284,559,19,59,1,1,0.36667
375,39,1283,553,19,60,1,1,0.27869
376,39,1283,548,19,61,1,1,0.20968
112,40,1507,522,32,67,1,1,1
113,40,1503,522,32,67,1,1,1
114,40,1499,522,32,67,1,1,1
115,40,1495,522,32,68,1,1,1
116,40,1491,522,31,68,1,1,1
117,40,1488,523,30,68,1,1,1
118,40,1483,522,29,64,1,1,1
119,40,1480,522,27,64,1,1,1
120,40,1478,522,25,64,1,1,1
121,40,1473,519,24,67,1,1,1
122,40,1467,518,24,67,1,1,1
123,40,1463,518,23,67,1,1,1
124,40,1460,519,21,67,1,1,1
125,40,1455,517,18,68,1,1,1
126,40,1450,517,18,68,1,1,0.043478
127,40,1445,517,18,69,1,1,0.10677
128,40,1440,517,19,70,1,1,0.1507
129,40,1435,517,19,71,1,1,0.25556
130,40,1431,517,19,71,1,1,0.25556
131,40,1427,518,19,71,1,1,0.24444
132,40,1423,518,19,71,1,1,0.25556
133,40,1416,518,19,71,1,1,0.39514
134,40,1411,518,19,71,1,1,0.49583
135,40,1406,518,19,71,1,1,0.53472
136,40,1397,519,24,70,1,1,0.62254
137,40,1392,519,27,70,1,1,0.59557
138,40,1387,520,31,70,1,1,0.58099
139,40,1383,519,31,71,1,1,0.58681
140,40,1379,519,32,71,1,1,0.57071
141,40,1374,519,31,71,1,1,0.64583
142,40,1369,519,31,71,1,1,0.67535
143,40,1365,520,30,70,1,1,0.69105
144,40,1360,520,30,70,1,1,0.75284
145,40,1356,520,29,70,1,1,0.70845
146,40,1351,521,28,70,1,1,0.72802
147,40,1347,521,27,70,1,1,0.6831
148,40,1342,521,27,70,1,1,0.6831
149,40,1338,522,26,69,1,1,0.62963
150,40,1333,522,26,69,1,1,0.017989
151,40,1329,523,25,69,1,1,0.57692
152,40,1324,523,24,68,1,1,0.6
153,40,1319,523,24,68,1,1,0.6
154,40,1314,523,24,68,1,1,0.6
155,40,1309,523,24,67,1,1,0.56
156,40,1305,523,23,67,1,1,0.54167
157,40,1300,523,22,67,1,1,0.52174
158,40,1295,523,22,66,1,1,0.52174
159,40,1290,523,22,66,1,1,0.52174
160,40,1285,523,22,66,1,1,0.47826
161,40,1281,523,21,66,1,1,0.45455
162,40,1277,518,24,70,1,1,0.34873
163,40,1269,524,25,70,1,1,1
164,40,1266,518,24,70,1,1,0.38535
165,40,1260,521,24,70,1,1,0.28
1,41,979,498,29,24,0,3,1
2,41,981,490,29,24,0,3,1
3,41,982,491,29,24,0,3,1
4,41,984,493,29,24,0,3,1
5,41,986,495,29,24,0,3,1
6,41,989,508,29,24,0,3,1
7,41,988,498,30,24,0,3,1
8,41,988,504,29,24,0,3,1
9,41,990,506,29,25,0,3,1
10,41,992,509,29,25,0,3,1
11,41,988,505,29,24,0,3,0.89867
12,41,988,503,29,24,0,3,1
13,41,989,501,29,24,0,3,0.84
14,41,990,500,29,24,0,3,0.88
15,41,990,499,29,24,0,3,0.92
16,41,991,499,29,24,0,3,0.92
17,41,992,499,29,24,0,3,0.92
18,41,993,499,29,24,0,3,0.96
19,41,994,499,29,24,0,3,0.96
20,41,995,499,29,24,0,3,0.97733
21,41,996,499,29,24,0,3,1
22,41,996,500,29,24,0,3,1
23,41,997,502,29,23,0,3,1
24,41,997,503,30,24,0,3,1
25,41,998,505,30,23,0,3,1
26,41,998,506,31,23,0,3,1
27,41,999,508,31,23,0,3,1
28,41,999,508,31,23,0,3,1
29,41,999,511,31,22,0,3,1
30,41,1000,513,29,23,0,3,1
31,41,1000,521,30,24,0,3,1
32,41,999,514,31,24,0,3,1
33,41,999,508,32,23,0,3,1
34,41,1001,513,30,22,0,3,1
35,41,1000,503,34,23,0,3,1
36,41,1000,501,34,23,0,3,1
37,41,1001,499,33,23,0,3,1
38,41,1002,496,31,23,0,3,1
39,41,1002,495,31,23,0,3,1
40,41,1003,494,30,23,0,3,1
41,41,1004,493,30,23,0,3,1
42,41,1004,493,30,24,0,3,1
43,41,1005,494,30,24,0,3,1
44,41,1006,495,30,24,0,3,1
45,41,1007,496,30,24,0,3,1
46,41,1008,497,30,24,0,3,1
47,41,1009,498,30,24,0,3,1
48,41,1009,500,29,24,0,3,1
49,41,1009,502,29,24,0,3,1
50,41,1009,502,29,24,0,3,1
51,41,1009,502,29,24,0,3,1
52,41,1009,501,30,24,0,3,1
53,41,1009,501,32,23,0,3,1
54,41,1009,500,31,23,0,3,1
55,41,1009,500,31,23,0,3,1
56,41,1009,499,31,23,0,3,1
57,41,1009,499,31,23,0,3,1
58,41,1008,497,31,23,0,3,1
59,41,1008,495,30,23,0,3,1
60,41,1008,493,29,23,0,3,1
61,41,1008,491,29,24,0,3,1
62,41,1008,491,29,24,0,3,1
63,41,1009,491,28,24,0,3,1
64,41,1010,492,28,24,0,3,0.93655
65,41,1010,492,28,23,0,3,0.91379
66,41,1010,492,28,23,0,3,0.85632
67,41,1010,492,28,23,0,3,0.79885
68,41,1008,492,28,23,0,3,0.82759
69,41,1006,493,29,23,0,3,0.86111
70,41,1004,493,29,24,0,3,0.816
71,41,1003,494,29,24,0,3,0.73333
72,41,1000,493,29,24,0,3,0.73333
73,41,998,492,29,24,0,3,0.7
74,41,995,492,29,24,0,3,0.73333
75,41,993,491,29,24,0,3,0.69333
76,41,990,491,29,24,0,3,0.68
77,41,988,490,29,24,0,3,0.66267
78,41,985,489,29,24,0,3,0.67733
79,41,983,489,29,24,0,3,0.632
80,41,980,488,29,24,0,3,0.61867
81,41,978,488,29,24,0,3,0.58933
82,41,978,489,30,24,0,3,0.57419
83,41,974,489,30,24,0,3,0.62065
84,41,971,490,30,23,0,3,0.60484
85,41,968,490,30,24,0,3,0.62065
86,41,965,491,30,23,0,3,0.60484
87,41,962,491,29,24,0,3,0.608
88,41,959,492,29,23,0,3,0.66667
89,41,956,492,29,24,0,3,0.70667
90,41,953,493,29,23,0,3,0.725
91,41,950,494,29,23,0,3,0.71667
92,41,946,495,29,23,0,3,0.71111
93,41,942,497,29,23,0,3,0.68889
94,41,938,498,29,23,0,3,0.70833
95,41,934,500,29,23,0,3,0.70833
96,41,931,502,29,23,0,3,0.71111
97,41,927,501,29,24,0,3,0.744
98,41,923,501,29,24,0,3,0.80933
99,41,919,501,29,24,0,3,0.79467
100,41,915,501,29,24,0,3,0.8
101,41,912,501,29,24,0,3,0.808
102,41,909,500,29,24,0,3,0.86
103,41,906,500,29,24,0,3,0.872
104,41,903,500,29,24,0,3,0.90933
105,41,898,499,29,24,0,3,0.89333
106,41,894,499,29,24,0,3,0.90933
107,41,890,499,29,24,0,3,0.904
108,41,886,499,29,24,0,3,0.904
109,41,881,499,29,24,0,3,0.88667
110,41,877,499,29,24,0,3,0.89867
111,41,873,499,29,24,0,3,0.94933
112,41,870,499,28,24,0,3,1
113,41,865,499,28,23,0,3,1
114,41,860,499,29,23,0,3,1
115,41,855,499,29,23,0,3,1
116,41,851,499,29,23,0,3,1
117,41,846,499,30,23,0,3,1
118,41,841,499,30,23,0,3,1
119,41,836,499,31,23,0,3,1
120,41,832,499,31,23,0,3,1
121,41,825,499,29,24,0,3,1
122,41,820,498,30,24,0,3,0.98065
123,41,816,498,30,24,0,3,1
124,41,812,498,30,24,0,3,1
125,41,808,498,30,23,0,3,1
126,41,804,498,30,23,0,3,1
127,41,800,498,31,23,0,3,1
128,41,794,498,31,23,0,3,1
129,41,789,498,30,23,0,3,1
130,41,783,498,30,23,0,3,1
131,41,778,498,29,24,0,3,1
132,41,773,498,29,24,0,3,1
133,41,768,498,29,24,0,3,1
134,41,763,499,30,24,0,3,1
135,41,758,498,30,24,0,3,1
136,41,753,498,30,24,0,3,1
137,41,749,498,29,24,0,3,1
138,41,744,498,30,24,0,3,1
139,41,740,498,29,24,0,3,1
140,41,735,498,29,24,0,3,0.95467
141,41,731,498,29,24,0,3,0.97867
142,41,729,497,30,24,0,3,0.97677
143,41,724,497,30,24,0,3,0.95871
144,41,719,497,30,24,0,3,1
145,41,714,497,30,24,0,3,1
146,41,709,497,30,24,0,3,1
147,41,704,497,30,24,0,3,1
148,41,699,497,30,24,0,3,1
149,41,694,497,30,24,0,3,1
150,41,689,497,30,24,0,3,1
151,41,685,498,29,24,0,3,1
152,41,679,498,29,24,0,3,1
153,41,673,498,29,24,0,3,1
154,41,667,498,29,24,0,3,1
155,41,662,499,29,24,0,3,1
156,41,656,500,29,23,0,3,1
157,41,651,501,29,23,0,3,1
158,41,646,502,29,23,0,3,1
159,41,641,503,29,23,0,3,1
160,41,636,504,29,23,0,3,1
161,41,628,504,29,24,0,3,1
162,41,623,504,29,24,0,3,1
163,41,618,504,29,24,0,3,0.96667
164,41,613,504,29,24,0,3,0.93333
165,41,609,504,29,24,0,3,0.93333
166,41,604,504,29,24,0,3,0.9
167,41,599,504,29,24,0,3,0.83333
168,41,595,504,29,24,0,3,0.8
169,41,590,504,29,24,0,3,0.73333
170,41,585,504,29,24,0,3,0.66667
171,41,581,504,29,24,0,3,0.63333
172,41,578,502,29,24,0,3,0.63333
173,41,576,501,29,24,0,3,0.63333
174,41,570,500,29,24,0,3,0.53333
175,41,566,499,29,24,0,3,0.46667
176,41,562,499,29,24,0,3,0.43333
177,41,559,499,29,24,0,3,0.4
178,41,555,499,29,24,0,3,0.36667
179,41,552,499,29,24,0,3,0.33333
180,41,549,500,29,24,0,3,0.33333
181,41,546,502,29,24,0,3,0.3
182,41,540,502,29,24,0,3,0.2
183,41,536,502,29,24,0,3,0.16667
184,41,533,502,29,24,0,3,0.16667
185,41,528,502,29,24,0,3,0.1
186,41,527,502,29,24,0,3,0.16667
187,41,519,504,29,24,0,3,0
188,41,517,503,29,24,0,3,0.033333
189,41,513,504,29,24,0,3,0
1,44,1268,492,17,36,1,1,0.64865
2,44,1271,487,17,36,1,1,0.86787
3,44,1272,484,21,47,1,1,1
4,44,1274,484,20,47,1,1,1
5,44,1278,491,19,46,1,1,1
6,44,1282,498,18,45,1,1,1
7,44,1280,491,21,47,1,1,1
8,44,1282,496,19,45,1,1,1
9,44,1284,502,17,43,1,1,1
10,44,1284,511,21,45,1,1,1
11,44,1286,499,20,46,1,1,1
12,44,1287,506,20,42,1,1,1
13,44,1288,498,21,46,1,1,1
14,44,1289,497,20,46,1,1,1
15,44,1291,497,18,46,1,1,1
16,44,1292,497,18,45,1,1,1
17,44,1294,496,16,46,1,1,1
18,44,1295,496,15,45,1,1,1
19,44,1297,496,14,45,1,1,1
20,44,1298,497,14,45,1,1,1
21,44,1299,498,14,45,1,1,1
22,44,1300,500,14,45,1,1,1
23,44,1302,501,14,45,1,1,1
24,44,1303,503,14,45,1,1,1
25,44,1304,504,14,45,1,1,1
26,44,1306,505,14,45,1,1,1
27,44,1307,507,14,45,1,1,1
28,44,1308,508,14,45,1,1,1
29,44,1310,510,14,45,1,1,1
30,44,1310,514,14,45,1,1,0.97246
233,45,1136,526,27,79,1,1,0.0875
234,45,1139,525,27,80,1,1,0.28219
235,45,1142,524,27,81,1,1,0.48432
236,45,1146,523,26,82,1,1,0.66979
237,45,1149,522,26,83,1,1,0.83466
238,45,1153,522,26,83,1,1,1
239,45,1157,522,25,83,1,1,1
240,45,1161,522,25,83,1,1,1
241,45,1165,522,25,83,1,1,1
242,45,1169,522,24,83,1,1,1
243,45,1173,522,24,83,1,1,1
244,45,1177,522,24,84,1,1,1
245,45,1181,522,24,85,1,1,0.86977
246,45,1185,522,25,86,1,1,0.67286
247,45,1189,522,26,87,1,1,0.55682
248,45,1193,523,27,87,1,1,0.53409
249,45,1197,522,28,85,1,1,0.55814
250,45,1202,521,28,84,1,1,0.56471
251,45,1207,521,28,82,1,1,0.56627
252,45,1212,520,28,81,1,1,0.58537
253,45,1217,519,28,80,1,1,0.59259
254,45,1222,519,28,78,1,1,0.58228
255,45,1229,518,26,78,1,1,0.58228
256,45,1236,518,25,78,1,1,0.55696
257,45,1243,518,24,74,1,1,0.57333
258,45,1250,517,24,75,1,1,0.56579
259,45,1257,517,25,75,1,1,0.1913
260,45,1264,516,25,76,1,1,0.16783
261,45,1272,516,25,77,1,1,0.22239
262,45,1280,519,24,74,1,1,0.19733
263,45,1287,519,24,80,1,1,0.16444
264,45,1294,519,24,86,1,1,0.13609
265,45,1302,519,23,92,1,1,0.19892
266,45,1305,519,26,93,1,1,0.41411
267,45,1312,525,30,87,1,1,0.54839
268,45,1321,520,26,78,1,1,0.48148
269,45,1326,529,33,87,1,1,0.55882
270,45,1334,528,32,87,1,1,0.54545
271,45,1342,527,31,87,1,1,0.53125
272,45,1350,526,30,87,1,1,0.48387
273,45,1358,525,29,87,1,1,0.46667
274,45,1366,524,28,87,1,1,0.44828
275,45,1374,523,27,87,1,1,0.42857
276,45,1383,523,25,86,1,1,0.38462
277,45,1392,522,24,90,1,1,0.28
43,46,1666,505,21,53,1,1,0.31987
44,46,1667,506,21,53,1,1,0.44781
45,46,1668,507,22,54,1,1,0.51067
46,46,1669,508,22,54,1,1,0.61423
47,46,1670,509,23,55,1,1,0.66071
48,46,1672,510,23,56,1,1,0.64912
49,46,1671,510,24,56,1,1,0.73333
50,46,1670,511,26,56,1,1,0.92982
51,46,1669,512,28,56,1,1,0.81246
52,46,1668,513,29,55,1,1,0.75
53,46,1667,514,31,55,1,1,0.6702
54,46,1667,515,32,55,1,1,0.59524
55,46,1666,514,32,55,1,1,0.50649
56,46,1665,513,32,55,1,1,0.41937
57,46,1664,512,32,55,1,1,0.33929
58,46,1664,511,32,56,1,1,0.35088
59,46,1666,508,27,55,1,1,0.45281
60,46,1668,506,22,53,1,1,0.51691
61,46,1671,504,17,52,1,1,0.60377
62,46,1665,511,29,55,1,1,0.64762
63,46,1662,491,31,57,1,1,0.88739
64,46,1662,510,31,57,1,1,0.85668
65,46,1662,504,31,57,1,1,0.94828
66,46,1663,498,30,58,1,1,1
67,46,1662,513,29,58,1,1,0.91695
68,46,1658,503,29,59,1,1,0.72778
69,46,1662,513,27,57,1,1,0.66749
70,46,1660,509,26,57,1,1,0.553
1,47,792,509,16,45,1,1,0.79156
2,47,792,497,16,46,1,1,0.85357
3,47,792,507,16,46,1,1,0.97121
4,47,792,504,17,45,1,1,0.78744
5,47,795,503,16,46,1,1,0.82353
6,47,797,514,16,45,1,1,0.76471
7,47,795,505,16,45,1,1,0.88491
8,47,795,513,16,45,1,1,0.85678
9,47,795,512,16,45,1,1,0.88235
10,47,795,511,16,45,1,1,0.88235
11,47,794,510,16,45,1,1,0.94118
12,47,795,515,16,45,1,1,1
13,47,793,502,20,44,1,1,1
14,47,792,506,20,44,1,1,1
15,47,793,506,19,44,1,1,1
16,47,794,504,19,45,1,1,1
17,47,793,504,19,45,1,1,1
18,47,793,505,18,45,1,1,1
19,47,792,506,18,45,1,1,1
20,47,792,507,17,45,1,1,1
21,47,792,508,16,45,1,1,1
22,47,791,509,17,45,1,1,1
23,47,793,507,16,46,1,1,0.85982
24,47,792,509,16,46,1,1,0.40426
25,47,792,511,16,46,1,1,0.48936
26,47,792,513,16,46,1,1,0.42553
27,47,792,516,16,45,1,1,0.45652
28,47,791,518,16,46,1,1,0.46809
29,47,792,519,16,45,1,1,0.43478
30,47,791,522,17,46,1,1,0.40426
31,47,792,534,17,45,1,1,0.3913
32,47,791,526,17,46,1,1,0.48936
33,47,790,519,17,47,1,1,0.85532
34,47,790,526,16,47,1,1,1
35,47,791,517,16,48,1,1,1
36,47,790,514,17,48,1,1,1
37,47,790,511,17,49,1,1,1
38,47,790,508,17,50,1,1,1
39,47,790,506,18,50,1,1,1
40,47,790,506,18,50,1,1,1
41,47,791,506,18,51,1,1,1
42,47,791,506,17,51,1,1,1
43,47,791,507,17,51,1,1,1
44,47,791,508,17,51,1,1,1
45,47,791,509,17,51,1,1,1
46,47,791,510,17,51,1,1,0.66667
47,47,791,511,17,51,1,1,0.61111
48,47,791,512,17,51,1,1,0.61111
49,47,791,513,17,51,1,1,0.55556
50,47,791,514,17,51,1,1,0.55556
51,47,791,515,17,51,1,1,0.55556
52,47,790,515,17,51,1,1,0.55556
53,47,789,515,17,51,1,1,0.61111
54,47,788,515,17,51,1,1,0.61111
55,47,788,515,17,51,1,1,0.61111
56,47,787,514,17,51,1,1,0.66667
57,47,786,513,17,51,1,1,0.66667
58,47,786,512,17,51,1,1,0.61111
59,47,785,511,17,51,1,1,0.61111
60,47,784,510,17,51,1,1,0.61111
61,47,784,509,17,51,1,1,0.55556
62,47,784,505,17,52,1,1,0.55556
63,47,782,512,18,51,1,1,0.57895
64,47,783,507,17,51,1,1,0.5
65,47,779,510,17,51,1,1,0.66667
66,47,780,514,18,51,1,1,0.52632
67,47,781,506,18,56,1,1,0.42105
68,47,778,507,18,55,1,1,0.42105
69,47,775,508,19,54,1,1,0.4
70,47,772,509,20,53,1,1,0.47619
71,47,769,510,21,52,1,1,0.5
72,47,767,509,20,52,1,1,0.42857
73,47,765,508,20,53,1,1,0.47619
74,47,763,508,20,53,1,1,0.42857
75,47,761,507,20,54,1,1,0.42857
76,47,759,507,20,53,1,1,0.42857
77,47,757,506,20,54,1,1,0.42857
78,47,755,506,20,54,1,1,0.42857
79,47,753,505,20,55,1,1,0.42857
80,47,751,505,20,55,1,1,0.42857
81,47,746,504,21,55,1,1,0.45455
82,47,742,505,21,55,1,1,0.45455
83,47,739,506,20,55,1,1,0.42857
84,47,735,507,20,56,1,1,0.42857
85,47,732,508,20,56,1,1,0.42857
86,47,728,510,20,56,1,1,0.42857
87,47,725,511,19,56,1,1,0.4
88,47,721,512,20,56,1,1,0.42857
89,47,718,513,19,57,1,1,1
90,47,714,514,19,57,1,1,0.4
91,47,711,516,19,57,1,1,0.4
92,47,707,516,19,58,1,1,0.45
93,47,703,517,19,58,1,1,0.55
94,47,699,518,19,58,1,1,0.6
95,47,695,519,19,58,1,1,0.5
96,47,691,520,19,58,1,1,0.45
97,47,687,520,19,59,1,1,0.5
98,47,683,521,19,59,1,1,0.55
99,47,679,522,19,59,1,1,0.65
100,47,675,523,19,59,1,1,0.6
101,47,671,524,19,60,1,1,0.75
102,47,666,523,19,61,1,1,0.55
103,47,662,523,19,61,1,1,0.55
104,47,658,523,19,61,1,1,0.7
105,47,653,522,19,62,1,1,0.6
106,47,649,522,19,62,1,1,1
107,47,645,522,19,62,1,1,0.7
108,47,640,521,19,63,1,1,0.65
109,47,636,521,19,63,1,1,0.75
110,47,632,521,19,63,1,1,0.8
111,47,628,521,19,64,1,1,0.85
112,47,623,521,19,64,1,1,0.85462
113,47,618,521,19,64,1,1,0.85462
114,47,613,521,19,64,1,1,0.85538
115,47,609,521,19,64,1,1,0.91077
116,47,604,522,19,64,1,1,0.91077
117,47,599,522,19,64,1,1,0.86615
118,47,595,522,19,64,1,1,0.82154
119,47,590,522,19,64,1,1,0.82462
120,47,585,522,19,64,1,1,0.82462
121,47,581,523,19,64,1,1,0.78077
122,47,576,523,19,64,1,1,0.73692
123,47,571,524,19,64,1,1,0.73231
124,47,566,525,19,64,1,1,0.73231
125,47,561,525,19,64,1,1,0.73231
126,47,557,526,19,64,1,1,0.68231
127,47,552,527,19,64,1,1,0.68231
128,47,547,527,19,64,1,1,0.68231
129,47,542,528,19,64,1,1,0.63077
130,47,537,529,19,64,1,1,0.63077
131,47,533,530,19,64,1,1,0.57769
132,47,528,530,19,64,1,1,0.57769
133,47,523,530,19,64,1,1,0.58462
134,47,518,530,19,64,1,1,0.58462
135,47,513,530,20,64,1,1,0.56044
136,47,509,530,19,64,1,1,0.54615
137,47,504,531,19,63,1,1,0.49297
138,47,499,531,20,63,1,1,0.47321
139,47,494,531,20,63,1,1,0.48214
140,47,490,531,19,64,1,1,0.45538
141,47,485,531,19,64,1,1,0.45538
142,47,480,531,20,64,1,1,0.44762
143,47,475,532,20,63,1,1,0.43899
144,47,471,532,19,63,1,1,0.36562
145,47,466,532,20,63,1,1,0.29613
146,47,461,532,20,63,1,1,0.29092
147,47,456,532,20,63,1,1,0.29092
148,47,452,533,20,63,1,1,0.2381
149,47,447,534,19,63,1,1,0.25
150,47,442,535,19,63,1,1,0.30859
151,47,437,536,19,64,1,1,0.30769
152,47,430,536,19,65,1,1,0.25455
153,47,424,537,19,65,1,1,0.25455
154,47,418,538,19,65,1,1,0.31818
155,47,411,539,20,65,1,1,0.29582
156,47,405,540,20,66,1,1,0.30064
157,47,399,540,19,67,1,1,0.27941
158,47,392,541,20,67,1,1,0.31723
159,47,386,542,20,67,1,1,0.32353
160,47,380,543,20,67,1,1,0.32353
161,47,374,544,20,68,1,1,0.33402
162,47,369,544,20,68,1,1,0.2864
163,47,364,544,20,69,1,1,0.2898
164,47,359,544,20,69,1,1,0.27823
165,47,355,544,19,70,1,1,0.24155
166,47,350,545,19,69,1,1,0.23286
167,47,345,545,19,70,1,1,0.23239
168,47,341,545,18,70,1,1,0.19199
169,47,336,545,18,71,1,1,0.19371
170,47,331,545,18,71,1,1,0.19371
171,47,327,546,18,71,1,1,0.14181
172,47,322,546,18,71,1,1,0.25439
173,47,317,546,19,71,1,1,0.29167
174,47,313,546,18,71,1,1,0.29825
175,47,308,546,19,71,1,1,0.33333
176,47,303,546,20,71,1,1,0.36508
177,47,299,546,19,71,1,1,0.33333
178,47,294,546,20,71,1,1,0.36508
179,47,290,546,20,72,1,1,0.26288
180,47,285,547,20,73,1,1,0.29537
181,47,281,549,19,74,1,1,0.25
182,47,276,549,19,75,1,1,0.3
183,47,272,550,19,75,1,1,0.3
184,47,268,551,19,75,1,1,0.34868
185,47,264,552,19,75,1,1,0.34868
186,47,260,553,19,75,1,1,0.30526
187,47,256,554,19,75,1,1,0.30526
188,47,251,555,20,76,1,1,0.29561
189,47,247,556,20,76,1,1,0.29561
190,47,243,557,20,76,1,1,0.25417
191,47,239,558,20,76,1,1,0.25417
192,47,235,558,19,77,1,1,0.21538
193,47,231,559,19,77,1,1,0.21538
194,47,227,560,19,77,1,1,0.21538
195,47,222,561,20,78,1,1,0.25136
196,47,218,562,20,78,1,1,0.25136
197,47,214,563,20,78,1,1,0.25136
198,47,210,564,20,78,1,1,0.25136
199,47,206,565,20,78,1,1,0.25136
200,47,202,566,20,78,1,1,0.25136
201,47,198,567,20,79,1,1,0.25
202,47,194,567,20,80,1,1,0.21811
203,47,190,568,21,80,1,1,0.21437
204,47,186,569,21,80,1,1,0.21437
205,47,183,570,21,80,1,1,0.17508
206,47,179,571,21,80,1,1,0.17508
207,47,175,571,22,81,1,1,0.18346
208,47,172,572,21,81,1,1,0.14634
209,47,168,573,22,81,1,1,0.14634
210,47,164,574,22,81,1,1,0.14634
211,47,161,575,22,82,1,1,0.14458
212,47,158,575,22,82,1,1,0.15663
213,47,155,575,23,83,1,1,0.10863
214,47,153,576,22,83,1,1,0.11077
215,47,150,576,23,83,1,1,0.17857
216,47,148,577,23,83,1,1,0.17857
217,47,145,577,23,84,1,1,0.14118
218,47,142,577,24,84,1,1,0.15294
219,47,140,578,23,84,1,1,0.15294
220,47,137,578,24,85,1,1,0.16279
221,47,135,579,24,85,1,1,0.17442
222,47,132,580,25,85,1,1,0.17442
223,47,130,581,25,85,1,1,0.17442
224,47,128,582,25,85,1,1,0.18605
225,47,126,583,25,86,1,1,0.17241
226,47,124,584,25,86,1,1,0.19319
227,47,122,585,25,86,1,1,0.22546
228,47,120,586,25,87,1,1,0.15909
229,47,118,587,25,87,1,1,0.067308
230,47,116,588,25,87,1,1,0.0625
231,47,114,590,26,87,1,1,0.050926
232,47,113,589,26,87,1,1,0.050505
233,47,112,589,26,87,1,1,0.055556
234,47,111,588,26,88,1,1,0.059509
235,47,110,588,27,88,1,1,0.0626
236,47,110,587,26,89,1,1,0.21811
237,47,109,587,26,88,1,1,0.20932
238,47,108,586,27,89,1,1,0.20556
239,47,107,586,27,89,1,1,0.072222
240,47,106,585,27,90,1,1,0.066327
241,47,106,585,27,90,1,1,0.061224
242,47,106,585,27,91,1,1,0.050466
243,47,107,586,27,91,1,1,0.040373
244,47,107,587,27,91,1,1,0.035326
245,47,108,587,27,92,1,1,0.043011
246,47,108,588,27,92,1,1,0.037634
247,47,109,589,27,92,1,1,0.039939
248,47,109,589,27,93,1,1,0.053191
249,47,110,590,27,93,1,1,0.058511
250,47,110,591,27,93,1,1,0.069149
251,47,111,592,27,93,1,1,0.074468
252,47,113,593,27,93,1,1,0.074468
253,47,115,594,28,93,1,1,0.0719
254,47,118,595,27,94,1,1,0.068421
255,47,120,596,28,94,1,1,0.071143
256,47,123,597,27,95,1,1,0.067708
257,47,125,598,28,95,1,1,0.065374
258,47,127,599,28,95,1,1,0.065374
259,47,130,600,28,96,1,1,0.075009
260,47,132,601,28,96,1,1,0.0647
261,47,135,603,28,96,1,1,0.15393
262,47,137,602,28,96,1,1,0.055457
263,47,139,602,29,96,1,1,0.053608
264,47,142,601,28,97,1,1,0.063336
265,47,144,601,29,97,1,1,0.061905
266,47,147,600,29,98,1,1,0.17003
267,47,149,600,29,97,1,1,0.071429
268,47,152,599,29,98,1,1,0.075421
269,47,154,599,30,98,1,1,0.07201
270,47,157,598,29,99,1,1,0.079333
271,47,159,598,30,99,1,1,0.11613
272,47,162,597,30,100,1,1,0.11115
273,47,164,597,30,99,1,1,0.14419
274,47,167,596,30,100,1,1,0.1153
275,47,169,596,31,100,1,1,0.13676
276,47,172,595,30,101,1,1,0.14674
277,47,174,595,31,101,1,1,0.16728
278,47,177,595,31,101,1,1,0.1636
279,47,179,596,31,102,1,1,0.16292
280,47,181,598,32,102,1,1,0.15799
281,47,184,600,32,102,1,1,0.13122
282,47,186,601,33,102,1,1,0.13678
283,47,189,602,33,103,1,1,0.12048
284,47,192,603,33,104,1,1,0.090196
285,47,195,604,33,105,1,1,0.091565
286,47,198,605,34,106,1,1,0.08972
287,47,201,606,34,107,1,1,0.089947
288,47,204,607,34,108,1,1,0.094364
289,47,207,608,34,109,1,1,0.33818
290,47,210,609,34,110,1,1,0.37761
291,47,213,610,35,111,1,1,0.41716
292,47,214,610,35,112,1,1,0.39921
293,47,215,611,35,112,1,1,0.10914
294,47,216,612,35,112,1,1,0.068584
295,47,218,613,35,112,1,1,0.071288
296,47,219,614,35,113,1,1,0.075292
297,47,220,614,35,114,1,1,0.078986
298,47,222,615,35,114,1,1,0.081643
299,47,223,616,35,114,1,1,0.081643
300,47,224,617,35,114,1,1,0.083816
301,47,226,618,35,115,1,1,0.11207
302,47,226,619,35,115,1,1,0.11398
303,47,226,621,35,115,1,1,0.11638
304,47,226,622,36,116,1,1,0.12566
305,47,226,624,36,116,1,1,0.099099
306,47,227,625,36,117,1,1,0.095282
307,47,227,627,36,117,1,1,0.12437
308,47,227,628,36,118,1,1,0.10629
309,47,227,630,37,118,1,1,0.10349
310,47,227,631,37,119,1,1,0.11118
311,47,228,633,37,119,1,1,0.10548
312,47,227,633,38,120,1,1,0.10468
313,47,227,634,38,121,1,1,0.10656
314,47,227,635,38,121,1,1,0.10025
315,47,227,635,38,123,1,1,0.1005
316,47,227,636,39,123,1,1,0.094355
317,47,227,637,39,124,1,1,0.0936
318,47,227,637,39,125,1,1,0.093254
319,47,227,638,39,126,1,1,0.090354
320,47,227,639,39,126,1,1,0.088189
321,47,227,640,40,127,1,1,0.082698
322,47,224,639,40,128,1,1,0.093212
323,47,222,638,40,130,1,1,0.096071
324,47,220,638,39,130,1,1,0.1145
325,47,217,637,40,132,1,1,0.12195
326,47,215,637,40,132,1,1,0.10526
327,47,213,636,39,134,1,1,0.1063
328,47,210,635,40,135,1,1,0.11029
329,47,208,635,39,136,1,1,0.10182
330,47,206,634,39,137,1,1,0.10054
331,47,204,634,39,138,1,1,0.1223
332,47,200,632,39,139,1,1,0.12321
333,47,196,631,39,139,1,1,0.12321
334,47,193,630,39,139,1,1,0.12161
335,47,189,629,39,139,1,1,0.12161
336,47,186,628,39,139,1,1,0.10321
337,47,181,631,39,139,1,1,0.10821
338,47,177,634,39,139,1,1,0.10554
339,47,173,637,38,140,1,1,0.11057
340,47,169,640,38,140,1,1,0.10329
341,47,165,643,38,141,1,1,0.099675
342,47,160,646,38,142,1,1,0.10454
343,47,155,650,38,142,1,1,0.11655
344,47,150,654,38,142,1,1,0.10974
345,47,145,659,38,143,1,1,0.10897
346,47,140,664,38,144,1,1,0.10504
347,47,135,670,38,145,1,1,0.11661
348,47,130,671,38,146,1,1,0.10413
349,47,125,673,38,147,1,1,0.10049
350,47,120,675,38,148,1,1,0.091378
351,47,115,677,38,149,1,1,0.084274
352,47,109,677,38,151,1,1,0.087045
353,47,104,678,38,152,1,1,0.09033
354,47,98,679,37,153,1,1,0.090567
355,47,92,680,37,154,1,1,0.095076
356,47,86,681,37,155,1,1,0.10138
357,47,80,682,37,157,1,1,0.1001
358,47,74,683,37,158,1,1,0.10377
359,47,68,684,37,159,1,1,0.10625
360,47,62,685,37,160,1,1,0.10788
361,47,56,686,37,162,1,1,0.22054
362,47,48,690,37,163,1,1,0.21438
363,47,41,694,37,164,1,1,0.10526
364,47,34,698,37,165,1,1,0.25428
365,47,27,702,36,166,1,1,0.23353
366,47,20,706,36,167,1,1,0.25193
367,47,12,710,37,168,1,1,0.2711
368,47,5,714,36,169,1,1,0.24595
369,47,-2,718,36,170,1,1,0.26174
370,47,-9,722,36,171,1,1,0.26398
291,48,218,621,33,99,1,1,0.088235
292,48,219,621,33,100,1,1,0
293,48,221,622,33,101,1,1,0.11765
294,48,222,623,33,102,1,1,0.43033
295,48,224,624,33,103,1,1,0.42986
296,48,226,625,33,104,1,1,0.45658
297,48,227,625,33,105,1,1,0.43479
298,48,229,626,33,106,1,1,0.4343
299,48,230,627,33,107,1,1,0.43382
300,48,232,628,33,108,1,1,0.43335
301,48,234,629,33,109,1,1,0.43289
302,48,234,630,33,110,1,1,0.438
303,48,235,632,33,111,1,1,0.4375
304,48,236,634,33,111,1,1,0.46429
305,48,236,635,33,113,1,1,0.44195
306,48,237,637,33,114,1,1,0.48005
307,48,238,639,33,114,1,1,0.51202
308,48,238,640,33,116,1,1,0.49849
309,48,239,642,33,116,1,1,0.54274
310,48,240,644,33,117,1,1,0.5653
311,48,241,646,33,118,1,1,0.58848
312,48,240,646,33,119,1,1,0.56078
313,48,240,647,33,119,1,1,0.56078
314,48,240,647,33,121,1,1,0.59137
315,48,239,648,34,121,1,1,0.57283
316,48,239,648,33,122,1,1,0.56385
317,48,239,649,33,123,1,1,0.56357
318,48,238,649,34,124,1,1,0.55314
319,48,238,650,34,124,1,1,0.60229
320,48,238,651,34,125,1,1,0.6254
321,48,240,651,33,127,1,1,0.69669
322,48,237,650,33,128,1,1,0.64729
323,48,234,650,33,129,1,1,0.59276
324,48,232,650,33,130,1,1,0.56533
325,48,229,650,33,130,1,1,0.51504
326,48,227,650,33,131,1,1,0.56863
327,48,224,649,33,133,1,1,0.57155
328,48,221,649,33,133,1,1,0.57155
329,48,219,649,33,134,1,1,0.61874
330,48,216,649,33,135,1,1,0.61548
331,48,214,649,33,136,1,1,0.63997
332,48,210,647,33,137,1,1,0.64258
333,48,206,646,33,137,1,1,0.61509
334,48,202,645,33,137,1,1,0.5876
335,48,198,644,33,137,1,1,0.5601
336,48,193,646,33,137,1,1,0.55669
337,48,189,649,33,137,1,1,0.54987
338,48,185,651,33,138,1,1,0.58421
339,48,181,654,32,137,1,1,0.60035
340,48,177,656,32,138,1,1,0.60323
341,48,173,659,32,138,1,1,0.60323
342,48,167,663,32,139,1,1,0.54286
343,48,162,668,32,140,1,1,0.59983
344,48,156,672,33,142,1,1,0.61415
345,48,151,677,33,142,1,1,0.64171
346,48,145,681,34,144,1,1,0.62759
347,48,140,686,34,145,1,1,0.64892
348,48,134,688,34,147,1,1,0.65116
349,48,129,689,34,147,1,1,0.67799
350,48,124,690,34,148,1,1,0.7047
351,48,120,691,33,149,1,1,0.75118
352,48,113,692,33,150,1,1,0.69575
353,48,107,694,33,151,1,1,0.69563
354,48,100,695,33,153,1,1,0.66769
355,48,94,697,33,153,1,1,0.63751
356,48,87,699,34,154,1,1,0.61806
357,48,81,700,33,156,1,1,0.60659
358,48,74,702,34,156,1,1,0.56324
359,48,68,703,33,158,1,1,0.60895
360,48,61,705,34,159,1,1,0.6225
361,48,55,707,34,160,1,1,0.67844
362,48,47,710,34,161,1,1,0.6515
363,48,39,714,34,162,1,1,0.64908
364,48,31,717,34,163,1,1,0.62195
365,48,24,721,34,164,1,1,0.64658
366,48,16,724,34,165,1,1,0.61928
367,48,8,728,34,166,1,1,0.62156
368,48,1,731,34,167,1,1,1
369,48,-7,735,34,168,1,1,0.77143
370,48,-15,738,34,169,1,1,0.54286
1,49,828,513,16,42,1,1,1
2,49,828,506,16,42,1,1,1
3,49,827,511,16,42,1,1,1
4,49,829,510,16,42,1,1,1
5,49,830,509,16,42,1,1,1
6,49,831,520,16,42,1,1,1
7,49,833,512,16,42,1,1,1
8,49,831,519,16,43,1,1,1
9,49,830,519,16,43,1,1,1
10,49,830,519,16,43,1,1,1
11,49,830,519,16,44,1,1,1
12,49,831,522,16,44,1,1,1
13,49,831,510,16,44,1,1,1
14,49,831,514,16,44,1,1,1
15,49,831,514,16,44,1,1,1
16,49,830,514,16,44,1,1,1
17,49,830,514,16,44,1,1,1
18,49,830,514,16,45,1,1,1
19,49,829,514,16,45,1,1,1
20,49,829,514,16,45,1,1,1
21,49,829,514,16,46,1,1,0.67584
22,49,829,515,16,46,1,1,0.21277
23,49,829,516,16,46,1,1,0.21277
24,49,829,517,16,47,1,1,0.22917
25,49,829,519,16,47,1,1,0.3125
26,49,829,521,16,47,1,1,0.25
27,49,829,524,16,47,1,1,0.27083
28,49,829,524,16,47,1,1,0.33333
29,49,830,524,16,48,1,1,0.30612
30,49,829,531,16,48,1,1,0.20408
31,49,828,538,16,48,1,1,0.83193
32,49,828,532,16,49,1,1,1
33,49,828,527,17,49,1,1,1
34,49,828,530,17,50,1,1,1
35,49,827,521,17,50,1,1,1
36,49,827,518,17,50,1,1,1
37,49,827,515,17,51,1,1,1
38,49,827,512,17,52,1,1,1
39,49,827,510,18,52,1,1,1
40,49,827,509,18,53,1,1,1
41,49,827,509,19,53,1,1,1
42,49,826,510,19,53,1,1,1
43,49,825,511,19,53,1,1,1
44,49,825,513,19,53,1,1,1
45,49,825,513,19,54,1,1,1
46,49,825,514,19,54,1,1,1
47,49,825,515,19,54,1,1,1
48,49,825,516,19,54,1,1,1
49,49,825,517,19,54,1,1,1
50,49,825,518,19,54,1,1,1
51,49,826,519,19,54,1,1,1
52,49,825,518,19,54,1,1,1
53,49,824,517,19,54,1,1,1
54,49,823,517,19,53,1,1,1
55,49,822,516,19,54,1,1,1
56,49,822,516,18,53,1,1,1
57,49,821,515,18,53,1,1,1
58,49,820,514,18,54,1,1,1
59,49,819,514,18,53,1,1,1
60,49,818,513,18,53,1,1,1
61,49,818,513,18,53,1,1,1
62,49,817,515,18,53,1,1,1
63,49,816,517,18,53,1,1,1
64,49,817,511,18,53,1,1,1
65,49,814,514,18,53,1,1,1
66,49,814,518,18,53,1,1,1
67,49,813,512,18,53,1,1,1
68,49,811,512,18,54,1,1,1
69,49,809,513,18,54,1,1,1
70,49,807,513,18,55,1,1,1
71,49,805,514,18,55,1,1,1
72,49,802,513,18,55,1,1,1
73,49,799,513,18,55,1,1,1
74,49,796,513,18,55,1,1,1
75,49,793,513,18,55,1,1,1
76,49,790,513,19,55,1,1,1
77,49,787,512,19,56,1,1,1
78,49,784,512,19,56,1,1,1
79,49,781,512,19,56,1,1,1
80,49,778,512,19,56,1,1,1
81,49,775,512,20,56,1,1,1
82,49,771,512,20,56,1,1,1
83,49,767,513,20,56,1,1,1
84,49,763,513,20,57,1,1,1
85,49,760,514,20,57,1,1,1
86,49,756,515,20,57,1,1,1
87,49,752,516,20,57,1,1,1
88,49,748,517,20,57,1,1,1
89,49,744,518,20,57,1,1,1
90,49,740,519,20,57,1,1,1
91,49,737,520,20,58,1,1,1
92,49,732,521,20,58,1,1,1
93,49,728,523,20,58,1,1,1
94,49,723,524,20,59,1,1,1
95,49,719,526,20,59,1,1,1
96,49,715,527,20,59,1,1,1
97,49,711,528,20,60,1,1,1
98,49,707,530,20,60,1,1,1
99,49,702,529,20,60,1,1,1
100,49,698,529,20,60,1,1,1
101,49,694,529,20,60,1,1,1
102,49,689,528,20,61,1,1,1
103,49,684,528,20,61,1,1,1
104,49,680,528,20,61,1,1,1
105,49,675,528,20,61,1,1,1
106,49,671,528,20,61,1,1,1
107,49,666,527,20,62,1,1,1
108,49,661,527,20,62,1,1,1
109,49,657,527,20,62,1,1,1
110,49,652,527,20,62,1,1,1
111,49,648,527,20,62,1,1,1
112,49,642,527,20,62,1,1,1
113,49,637,527,20,63,1,1,1
114,49,632,528,20,62,1,1,1
115,49,627,528,20,63,1,1,1
116,49,622,529,20,63,1,1,1
117,49,616,529,21,63,1,1,1
118,49,611,529,21,64,1,1,1
119,49,606,530,21,63,1,1,1
120,49,601,530,21,64,1,1,1
121,49,596,531,21,64,1,1,1
122,49,590,531,21,64,1,1,1
123,49,585,531,21,65,1,1,1
124,49,580,532,21,64,1,1,1
125,49,575,532,21,65,1,1,1
126,49,570,532,21,65,1,1,1
127,49,565,533,21,65,1,1,1
128,49,560,533,21,65,1,1,1
129,49,554,533,22,66,1,1,1
130,49,549,534,22,65,1,1,1
131,49,544,534,22,66,1,1,1
132,49,539,534,21,66,1,1,1
133,49,534,535,21,66,1,1,1
134,49,529,535,21,66,1,1,1
135,49,524,535,21,67,1,1,1
136,49,519,536,21,66,1,1,1
137,49,513,536,22,67,1,1,1
138,49,508,536,22,67,1,1,1
139,49,503,537,22,67,1,1,1
140,49,498,537,22,67,1,1,1
141,49,493,537,22,68,1,1,1
142,49,488,538,21,67,1,1,1
143,49,483,538,21,68,1,1,1
144,49,477,538,22,68,1,1,1
145,49,472,539,22,68,1,1,1
146,49,467,539,22,68,1,1,1
147,49,462,539,22,69,1,1,1
148,49,457,540,22,68,1,1,1
149,49,452,540,22,69,1,1,1
150,49,447,540,22,69,1,1,1
151,49,442,541,22,69,1,1,1
152,49,435,542,22,68,1,1,1
153,49,429,543,22,68,1,1,1
154,49,423,544,22,68,1,1,1
155,49,417,546,22,67,1,1,1
156,49,411,547,22,67,1,1,1
157,49,404,548,22,66,1,1,1
158,49,398,550,22,65,1,1,1
159,49,392,551,22,65,1,1,1
160,49,386,552,22,65,1,1,1
161,49,380,554,22,64,1,1,1
162,49,374,554,23,64,1,1,1
163,49,369,554,23,65,1,1,1
164,49,364,555,23,64,1,1,1
165,49,359,555,23,65,1,1,1
166,49,354,556,23,65,1,1,1
167,49,349,556,23,65,1,1,1
168,49,344,556,23,66,1,1,1
169,49,339,557,23,65,1,1,1
170,49,334,557,23,66,1,1,1
171,49,329,558,23,66,1,1,1
172,49,324,558,23,66,1,1,1
173,49,320,558,23,66,1,1,1
174,49,316,558,23,66,1,1,1
175,49,312,558,23,67,1,1,1
176,49,308,558,23,67,1,1,1
177,49,303,558,24,67,1,1,1
178,49,299,558,24,68,1,1,1
179,49,295,558,24,68,1,1,1
180,49,291,558,24,68,1,1,1
181,49,287,558,24,69,1,1,1
182,49,282,559,24,69,1,1,0
183,49,278,560,24,69,1,1,1
184,49,273,561,24,69,1,1,1
185,49,269,562,24,69,1,1,1
186,49,264,563,24,70,1,1,1
187,49,260,564,24,70,1,1,1
188,49,255,565,24,70,1,1,1
189,49,251,566,24,70,1,1,1
190,49,246,567,24,70,1,1,1
191,49,242,568,24,71,1,1,1
192,49,237,568,24,72,1,1,1
193,49,233,569,24,72,1,1,1
194,49,229,570,24,72,1,1,1
195,49,225,571,24,72,1,1,1
196,49,221,572,24,73,1,1,1
197,49,217,573,24,73,1,1,1
198,49,213,574,24,73,1,1,1
199,49,209,575,24,73,1,1,1
200,49,205,576,24,73,1,1,1
201,49,201,577,24,74,1,1,1
202,49,196,578,25,74,1,1,1
203,49,192,579,25,74,1,1,1
204,49,188,580,25,74,1,1,1
205,49,184,581,25,74,1,1,1
206,49,180,582,25,75,1,1,1
207,49,176,583,25,75,1,1,1
208,49,172,584,25,75,1,1,1
209,49,168,585,25,75,1,1,1
210,49,164,586,25,75,1,1,1
211,49,160,587,25,76,1,1,1
212,49,157,588,25,76,1,1,1
213,49,154,589,25,76,1,1,1
214,49,151,590,25,77,1,1,1
215,49,148,591,25,77,1,1,1
216,49,145,592,26,78,1,1,1
217,49,143,589,25,78,1,1,1
218,49,140,590,26,78,1,1,1
219,49,138,591,26,79,1,1,1
220,49,136,592,26,80,1,1,1
221,49,134,594,26,79,1,1,1
222,49,132,595,26,80,1,1,1
223,49,130,596,26,81,1,1,1
224,49,128,598,26,81,1,1,1
225,49,126,598,27,81,1,1,1
226,49,125,598,27,82,1,1,1
227,49,124,599,27,82,1,1,1
228,49,120,600,27,83,1,1,1
229,49,117,601,27,84,1,1,1
230,49,115,601,27,84,1,1,1
231,49,114,601,27,84,1,1,1
232,49,112,601,27,85,1,1,1
233,49,111,601,27,85,1,1,1
234,49,109,601,27,86,1,1,1
235,49,108,601,27,86,1,1,1
236,49,107,601,27,87,1,1,1
237,49,106,600,27,87,1,1,1
238,49,106,599,27,88,1,1,1
239,49,105,599,28,87,1,1,1
240,49,105,598,28,88,1,1,1
241,49,105,598,28,88,1,1,1
242,49,105,598,28,89,1,1,1
243,49,105,599,29,89,1,1,1
244,49,106,600,28,89,1,1,1
245,49,106,601,29,89,1,1,1
246,49,107,602,28,90,1,1,1
247,49,107,602,29,91,1,1,1
248,49,107,603,29,91,1,1,1
249,49,108,604,29,91,1,1,1
250,49,108,605,29,91,1,1,1
251,49,109,606,29,92,1,1,1
252,49,111,607,29,92,1,1,1
253,49,114,608,29,93,1,1,1
254,49,116,609,29,93,1,1,1
255,49,119,610,29,94,1,1,1
256,49,121,611,29,95,1,1,1
257,49,124,612,29,95,1,1,1
258,49,126,613,29,96,1,1,1
259,49,129,615,29,96,1,1,1
260,49,131,615,29,96,1,1,1
261,49,133,615,29,97,1,1,1
262,49,136,615,29,97,1,1,1
263,49,138,615,29,98,1,1,1
264,49,141,616,29,98,1,1,1
265,49,143,615,29,98,1,1,1
266,49,146,614,29,99,1,1,1
267,49,149,614,29,99,1,1,1
268,49,152,613,29,99,1,1,1
269,49,154,612,29,100,1,1,1
270,49,157,612,29,100,1,1,1
271,49,160,611,29,101,1,1,1
272,49,163,610,29,101,1,1,1
273,49,166,610,29,101,1,1,1
274,49,168,609,29,102,1,1,1
275,49,171,608,29,102,1,1,1
276,49,174,608,29,102,1,1,1
277,49,177,607,29,103,1,1,1
278,49,180,607,29,103,1,1,1
279,49,182,608,29,104,1,1,1
280,49,184,610,29,104,1,1,1
281,49,186,612,29,104,1,1,1
282,49,188,614,30,104,1,1,1
283,49,190,616,30,104,1,1,1
284,49,192,617,30,106,1,1,1
285,49,194,619,30,106,1,1,1
286,49,196,621,31,106,1,1,1
287,49,198,623,31,106,1,1,1
288,49,200,625,31,106,1,1,1
289,49,203,627,31,107,1,1,1
290,49,204,627,31,108,1,1,1
291,49,206,628,31,108,1,1,1
292,49,207,629,32,108,1,1,1
293,49,209,630,31,109,1,1,1
294,49,210,631,32,109,1,1,1
295,49,212,632,32,109,1,1,1
296,49,214,633,31,109,1,1,1
297,49,215,634,32,110,1,1,1
298,49,217,635,32,110,1,1,1
299,49,218,636,32,110,1,1,1
300,49,220,637,32,110,1,1,1
301,49,222,638,32,111,1,1,1
302,49,222,640,32,111,1,1,1
303,49,223,642,32,112,1,1,1
304,49,223,644,32,112,1,1,1
305,49,224,646,32,113,1,1,1
306,49,223,645,32,113,1,1,1
307,49,223,648,32,114,1,1,1
308,49,224,652,32,114,1,1,1
309,49,223,652,32,115,1,1,1
310,49,223,653,32,115,1,1,1
311,49,223,654,32,115,1,1,1
312,49,223,654,32,117,1,1,1
313,49,223,655,32,117,1,1,1
314,49,223,656,31,117,1,1,1
315,49,223,656,31,119,1,1,1
316,49,223,657,31,119,1,1,1
317,49,223,658,31,119,1,1,1
318,49,223,659,31,120,1,1,1
319,49,222,659,30,121,1,1,1
320,49,221,659,30,122,1,1,1
321,49,220,659,30,123,1,1,1
322,49,219,660,30,123,1,1,1
323,49,218,660,30,124,1,1,1
324,49,217,660,30,125,1,1,1
325,49,216,661,30,126,1,1,1
326,49,212,661,30,126,1,1,1
327,49,209,661,30,126,1,1,1
328,49,206,661,30,127,1,1,1
329,49,202,659,30,128,1,1,1
330,49,198,658,31,129,1,1,1
331,49,194,657,32,130,1,1,1
332,49,190,656,32,130,1,1,1
333,49,186,655,33,131,1,1,1
334,49,182,654,34,132,1,1,1
335,49,178,653,35,133,1,1,1
336,49,173,654,35,134,1,1,1
337,49,168,655,36,136,1,1,1
338,49,162,659,37,136,1,1,1
339,49,158,662,36,136,1,1,1
340,49,154,665,36,137,1,1,1
341,49,150,668,36,138,1,1,1
342,49,146,671,36,139,1,1,1
343,49,139,676,36,141,1,1,1
344,49,133,681,36,141,1,1,1
345,49,127,686,36,142,1,1,1
346,49,122,691,36,143,1,1,1
347,49,116,694,36,143,1,1,1
348,49,110,697,36,144,1,1,1
349,49,103,698,37,145,1,1,1
350,49,97,699,37,147,1,1,1
351,49,91,700,37,149,1,1,1
352,49,84,701,39,151,1,1,1
353,49,78,703,39,152,1,1,1
354,49,72,704,39,154,1,1,1
355,49,65,705,41,156,1,1,1
356,49,59,706,41,158,1,1,1
357,49,53,707,41,160,1,1,1
358,49,47,709,42,161,1,1,1
359,49,38,711,43,162,1,1,1
360,49,30,714,44,163,1,1,1
361,49,21,717,45,163,1,1,1
362,49,13,720,46,164,1,1,1
363,49,5,723,46,165,1,1,1
364,49,-4,726,48,165,1,1,0.89796
365,49,-12,729,48,166,1,1,0.73469
366,49,-20,732,49,167,1,1,0.58
367,49,-28,737,49,167,1,1,0.42
1,50,776,508,15,46,1,1,0.46809
2,50,776,498,14,45,1,1,0.5
3,50,774,509,15,44,1,1,0.48889
4,50,775,506,15,44,1,1,0.57222
5,50,776,503,16,45,1,1,0.54348
6,50,779,515,16,48,1,1,0.5006
7,50,776,506,16,47,1,1,0.56863
8,50,776,514,17,48,1,1,0.56463
9,50,776,513,16,48,1,1,0.55822
10,50,776,512,16,48,1,1,0.53061
11,50,776,511,16,48,1,1,0.57143
12,50,775,515,16,49,1,1,0.5
13,50,774,506,17,47,1,1,0.46875
14,50,773,506,17,47,1,1,0.5625
15,50,773,507,17,47,1,1,0.54745
16,50,772,507,17,47,1,1,0.54745
17,50,772,508,17,47,1,1,0.52778
18,50,772,509,17,47,1,1,0.47917
19,50,771,509,17,47,1,1,0.5081
20,50,771,510,17,46,1,1,0.49764
21,50,770,511,18,46,1,1,0.52408
22,50,770,511,17,46,1,1,0.51773
23,50,769,512,18,45,1,1,0.57208
24,50,769,513,18,45,1,1,0.59153
25,50,768,514,18,45,1,1,0.53776
26,50,768,515,18,45,1,1,0.3913
27,50,767,516,18,45,1,1,0.45652
28,50,767,518,18,45,1,1,0.47826
29,50,767,519,18,43,1,1,0.45455
30,50,765,523,18,46,1,1,0.38298
31,50,765,535,18,41,1,1,0.40476
32,50,764,527,19,46,1,1,0.46809
33,50,764,520,20,50,1,1,0.43137
34,50,764,524,20,50,1,1,0.48926
35,50,763,519,20,50,1,1,0.55556
36,50,762,514,21,50,1,1,0.63636
37,50,761,510,22,49,1,1,0.68957
38,50,762,509,21,49,1,1,0.67545
39,50,762,507,21,49,1,1,0.64455
40,50,762,506,21,48,1,1,0.65306
41,50,762,505,22,48,1,1,0.69831
42,50,761,505,22,49,1,1,0.70435
43,50,761,506,21,49,1,1,0.69091
44,50,760,507,22,49,1,1,0.71913
45,50,760,508,21,49,1,1,0.69091
46,50,759,509,22,49,1,1,0.70435
47,50,759,510,21,49,1,1,0.69091
48,50,758,511,21,49,1,1,0.70636
49,50,758,512,21,49,1,1,0.72182
50,50,757,513,21,49,1,1,0.69091
51,50,757,514,21,49,1,1,0.69091
52,50,756,513,21,49,1,1,0.70636
53,50,755,512,21,49,1,1,0.73727
54,50,754,511,21,49,1,1,0.73727
55,50,754,511,21,49,1,1,0.73727
56,50,753,510,21,49,1,1,0.75273
57,50,752,509,21,49,1,1,0.76818
58,50,752,509,21,49,1,1,0.72182
59,50,751,508,21,49,1,1,0.72182
60,50,750,507,21,49,1,1,0.72182
61,50,750,507,21,49,1,1,0.74091
62,50,748,504,22,50,1,1,0.75448
63,50,746,512,22,51,1,1,0.70151
64,50,747,504,21,52,1,1,0.69383
65,50,744,507,21,54,1,1,0.70496
66,50,744,512,21,55,1,1,0.67532
67,50,741,505,21,54,1,1,0.69091
68,50,740,511,21,56,1,1,0.66826
69,50,738,509,20,56,1,1,0.68672
70,50,736,508,20,56,1,1,0.68672
71,50,734,507,20,56,1,1,0.7193
72,50,730,506,20,56,1,1,0.6792
73,50,727,506,20,56,1,1,0.65915
74,50,724,505,19,57,1,1,0.65517
75,50,720,505,20,57,1,1,0.65107
76,50,717,504,20,58,1,1,0.67716
77,50,714,504,19,57,1,1,0.66897
78,50,710,503,20,58,1,1,0.69007
79,50,707,503,19,58,1,1,0.67458
80,50,704,502,19,59,1,1,0.68
81,50,701,502,19,59,1,1,0.70833
82,50,698,501,20,61,1,1,0.7404
83,50,694,502,19,61,1,1,0.70645
84,50,691,502,19,62,1,1,0.7619
85,50,687,502,19,63,1,1,0.76562
86,50,683,503,19,63,1,1,0.77656
87,50,680,504,19,63,1,1,0.77656
88,50,675,508,19,62,1,1,0.73333
89,50,671,509,19,62,1,1,0.75556
90,50,667,510,19,62,1,1,0.79365
91,50,663,511,20,63,1,1,0.83929
92,50,656,515,19,61,1,1,0.75806
93,50,651,516,19,61,1,1,0.75806
94,50,647,518,19,60,1,1,0.78361
95,50,642,520,19,59,1,1,0.78
96,50,638,522,19,58,1,1,0.79661
97,50,633,524,19,57,1,1,0.77241
98,50,629,526,19,56,1,1,0.81842
99,50,625,523,19,59,1,1,0.84
100,50,622,520,19,63,1,1,0.86875
101,50,617,523,19,62,1,1,0.85556
102,50,612,522,19,62,1,1,0.88571
103,50,607,522,19,62,1,1,0.86667
104,50,602,521,19,62,1,1,0.88095
105,50,598,521,19,62,1,1,0.90476
106,50,593,521,19,62,1,1,0.92063
107,50,588,520,19,62,1,1,0.88571
108,50,584,520,19,62,1,1,0.92063
109,50,579,519,19,62,1,1,0.90476
110,50,574,519,19,62,1,1,0.94048
111,50,570,519,19,62,1,1,0.98095
112,50,564,519,19,62,1,1,0.96349
113,50,558,520,19,62,1,1,0.98175
114,50,552,520,19,62,1,1,0.98175
115,50,546,521,19,62,1,1,1
116,50,541,522,19,62,1,1,1
117,50,535,522,19,62,1,1,1
118,50,529,523,19,62,1,1,1
119,50,523,523,19,62,1,1,1
120,50,517,524,19,62,1,1,1
121,50,512,525,19,62,1,1,1
122,50,506,525,19,62,1,1,1
123,50,501,525,19,63,1,1,1
124,50,496,525,19,63,1,1,1
125,50,490,526,20,63,1,1,1
126,50,485,526,20,63,1,1,1
127,50,480,526,20,64,1,1,1
128,50,475,527,20,64,1,1,1
129,50,468,527,20,64,1,1,1
130,50,462,527,19,64,1,1,1
131,50,456,527,19,65,1,1,1
132,50,450,527,19,66,1,1,1
133,50,444,528,20,66,1,1,1
134,50,438,529,21,67,1,1,1
135,50,432,530,22,67,1,1,1
136,50,427,531,22,68,1,1,1
137,50,421,530,22,68,1,1,1
138,50,416,530,22,68,1,1,1
139,50,411,530,22,68,1,1,1
140,50,407,530,22,68,1,1,1
141,50,403,530,22,68,1,1,1
142,50,397,529,23,68,1,1,1
143,50,392,529,23,68,1,1,1
144,50,387,529,23,68,1,1,1
145,50,382,529,23,68,1,1,1
146,50,377,529,24,68,1,1,1
147,50,370,530,25,67,1,1,1
148,50,364,531,25,67,1,1,1
149,50,358,532,25,67,1,1,1
150,50,352,533,25,67,1,1,1
151,50,346,534,25,67,1,1,1
152,50,339,534,25,68,1,1,1
153,50,333,535,25,69,1,1,1
154,50,327,536,24,69,1,1,1
155,50,320,537,25,70,1,1,1
156,50,314,538,25,70,1,1,1
157,50,308,539,24,71,1,1,1
158,50,301,540,25,71,1,1,1
159,50,295,541,24,72,1,1,1
160,50,289,542,24,72,1,1,1
161,50,283,543,24,73,1,1,1
162,50,277,543,24,73,1,1,1
163,50,272,543,24,73,1,1,1
164,50,266,543,24,73,1,1,1
165,50,261,544,24,73,1,1,1
166,50,255,544,24,73,1,1,1
167,50,250,544,24,73,1,1,1
168,50,245,545,24,73,1,1,1
169,50,239,545,24,73,1,1,1
170,50,234,545,24,73,1,1,1
171,50,229,546,24,73,1,1,1
172,50,224,546,24,73,1,1,1
173,50,219,547,24,73,1,1,1
174,50,214,547,24,73,1,1,1
175,50,209,548,24,73,1,1,1
176,50,204,549,24,73,1,1,1
177,50,199,549,24,73,1,1,1
178,50,194,550,24,73,1,1,1
179,50,189,550,24,73,1,1,1
180,50,184,551,24,73,1,1,1
181,50,179,552,24,73,1,1,1
182,50,174,553,24,73,1,1,1
183,50,169,554,24,73,1,1,1
184,50,165,555,24,73,1,1,1
185,50,160,557,24,73,1,1,1
186,50,156,558,24,73,1,1,1
187,50,151,559,24,73,1,1,1
188,50,146,561,24,73,1,1,1
189,50,142,562,24,73,1,1,1
190,50,137,563,24,73,1,1,1
191,50,133,565,24,73,1,1,1
192,50,128,565,24,74,1,1,1
193,50,124,566,24,74,1,1,1
194,50,119,566,24,75,1,1,1
195,50,115,567,24,76,1,1,1
196,50,110,568,25,76,1,1,1
197,50,106,568,24,77,1,1,1
198,50,101,569,25,77,1,1,1
199,50,97,570,25,78,1,1,1
200,50,92,570,25,79,1,1,1
201,50,88,571,25,79,1,1,1
202,50,84,572,25,79,1,1,1
203,50,79,572,25,81,1,1,1
204,50,75,573,25,81,1,1,1
205,50,70,574,26,81,1,1,1
206,50,66,574,25,82,1,1,1
207,50,61,575,26,83,1,1,1
208,50,57,576,26,83,1,1,1
209,50,52,576,26,84,1,1,1
210,50,48,577,26,84,1,1,1
211,50,44,578,26,85,1,1,1
212,50,40,578,26,85,1,1,1
213,50,36,578,27,86,1,1,1
214,50,33,579,27,86,1,1,1
215,50,29,579,28,87,1,1,1
216,50,26,580,28,87,1,1,1
217,50,22,580,29,88,1,1,1
218,50,19,581,29,88,1,1,1
219,50,15,582,30,89,1,1,1
220,50,12,583,30,90,1,1,1
221,50,8,579,29,93,1,1,1
222,50,5,580,29,93,1,1,1
223,50,3,581,29,93,1,1,1
224,50,1,583,29,93,1,1,1
225,50,-2,586,29,89,1,1,0.26296
226,50,-5,591,31,91,1,1,0.8125
227,50,-5,591,31,91,1,1,0.8125
228,50,-5,591,31,91,1,1,0.8125
229,50,-9,592,30,92,1,1,0.67742
230,50,-15,591,32,93,1,1,0.066409
231,50,-13,593,31,88,1,1,0.037921
101,51,661,516,20,60,1,1,0.27557
102,51,654,516,19,59,1,1,0.45
103,51,649,515,19,59,1,1,0.5
104,51,644,515,19,59,1,1,0.45
105,51,639,515,20,59,1,1,0.52381
106,51,634,515,20,59,1,1,0.43413
107,51,630,514,19,60,1,1,0.45
108,51,625,514,20,60,1,1,0.47619
109,51,620,514,20,60,1,1,0.42857
110,51,615,514,20,60,1,1,0.42857
111,51,611,514,20,60,1,1,0.38642
112,51,605,514,20,60,1,1,0.43404
113,51,600,514,20,60,1,1,0.43404
114,51,594,515,20,60,1,1,0.42857
115,51,589,515,20,60,1,1,0.43326
116,51,584,516,20,60,1,1,0.43326
117,51,578,516,20,60,1,1,0.47619
118,51,573,516,20,60,1,1,0.47619
119,51,567,517,20,60,1,1,0.47619
120,51,562,517,20,60,1,1,0.47619
121,51,557,518,20,60,1,1,0.47619
122,51,551,518,20,60,1,1,0.47619
123,51,546,519,20,60,1,1,0.47619
124,51,540,520,20,60,1,1,0.47619
125,51,535,521,20,60,1,1,0.47619
126,51,529,521,20,60,1,1,0.47619
127,51,524,522,20,60,1,1,0.47619
128,51,518,523,20,60,1,1,0.52381
129,51,513,524,20,60,1,1,0.47619
130,51,508,525,20,60,1,1,0.47619
131,51,500,526,20,60,1,1,0.57143
132,51,495,526,21,60,1,1,0.54545
133,51,491,526,21,60,1,1,0.5
134,51,485,525,21,61,1,1,0.5
135,51,479,525,22,61,1,1,0.52174
136,51,474,525,21,61,1,1,0.5
137,51,468,525,22,61,1,1,0.52174
138,51,462,525,22,61,1,1,0.56522
139,51,457,525,22,61,1,1,0.56522
140,51,451,525,22,61,1,1,0.6087
141,51,446,525,22,61,1,1,0.56942
142,51,440,525,22,61,1,1,0.57083
143,51,435,525,22,62,1,1,0.65217
144,51,429,525,23,63,1,1,0.62826
145,51,424,525,23,64,1,1,0.66667
146,51,419,525,23,65,1,1,0.66667
147,51,413,525,23,65,1,1,0.70833
148,51,408,525,23,66,1,1,0.75
149,51,402,525,24,67,1,1,0.68
150,51,397,525,24,68,1,1,0.64
151,51,392,525,24,69,1,1,0.56
152,51,385,526,24,69,1,1,0.6
153,51,378,527,24,69,1,1,0.64
154,51,372,528,24,69,1,1,0.6
155,51,365,529,24,69,1,1,0.64
156,51,359,531,24,69,1,1,0.6
157,51,352,532,24,69,1,1,0.64
158,51,345,533,24,69,1,1,0.68
159,51,339,534,24,69,1,1,0.68
160,51,332,535,24,69,1,1,0.72
161,51,326,537,24,69,1,1,0.76
162,51,320,538,24,68,1,1,0.76
163,51,314,539,24,68,1,1,0.8
164,51,309,540,24,68,1,1,0.76
165,51,303,541,24,67,1,1,0.76
166,51,297,542,24,67,1,1,0.8
167,51,292,543,24,67,1,1,0.76
168,51,286,543,24,67,1,1,0.8
169,51,281,543,24,67,1,1,0.8
170,51,275,543,24,67,1,1,0.84
171,51,270,544,24,67,1,1,0.84
172,51,264,543,25,68,1,1,0.88462
173,51,259,543,25,68,1,1,0.88462
174,51,253,542,26,69,1,1,0.88889
175,51,248,542,26,69,1,1,0.92593
176,51,243,541,26,71,1,1,0.92593
177,51,237,541,27,71,1,1,0.92857
178,51,232,540,27,72,1,1,1
179,51,226,540,28,72,1,1,1
180,51,221,539,28,73,1,1,1
181,51,216,539,28,74,1,1,1
182,51,211,540,28,74,1,1,0.9692
183,51,206,541,28,75,1,1,0.9696
184,51,201,542,28,75,1,1,0.94011
185,51,196,543,28,76,1,1,1
186,51,191,545,28,76,1,1,1
187,51,186,546,28,76,1,1,1
188,51,181,547,28,77,1,1,1
189,51,176,548,28,77,1,1,1
190,51,171,549,28,78,1,1,1
191,51,167,551,27,78,1,1,1
192,51,162,552,27,78,1,1,1
193,51,157,553,27,79,1,1,1
194,51,152,554,27,79,1,1,1
195,51,147,555,27,80,1,1,1
196,51,142,556,27,80,1,1,1
197,51,137,557,27,81,1,1,1
198,51,132,558,27,81,1,1,1
199,51,127,559,27,82,1,1,1
200,51,122,560,27,82,1,1,1
201,51,118,561,26,83,1,1,1
202,51,112,561,27,84,1,1,1
203,51,107,562,27,84,1,1,1
204,51,102,563,27,84,1,1,1
205,51,96,564,28,84,1,1,0.96957
206,51,91,565,28,85,1,1,0.96913
207,51,86,565,28,86,1,1,0.93896
208,51,80,566,29,86,1,1,0.88199
209,51,75,567,29,86,1,1,0.88046
210,51,70,568,29,86,1,1,0.85057
211,51,65,569,29,87,1,1,0.82045
212,51,61,569,29,87,1,1,0.82045
213,51,57,570,29,87,1,1,0.78788
214,51,53,570,29,88,1,1,0.7603
215,51,50,571,28,87,1,1,0.74922
216,51,46,571,28,88,1,1,0.72104
217,51,42,572,28,88,1,1,0.68617
218,51,39,572,27,88,1,1,0.67897
219,51,35,573,27,88,1,1,0.64687
220,51,31,573,27,89,1,1,0.61905
221,51,28,574,27,89,1,1,0.6627
222,51,23,575,27,89,1,1,0.59524
223,51,18,577,28,88,1,1,0.50601
224,51,14,579,28,88,1,1,0.07284
225,51,10,581,27,88,1,1,0.072231
226,51,6,583,27,88,1,1,0.092697
227,51,2,585,27,88,1,1,0.069823
228,51,-2,587,27,89,1,1,0.039683
229,51,-8,587,27,89,1,1,0.037698
230,51,-13,587,27,89,1,1,0.022222
231,51,-16,586,27,89,1,1,0.030556
224,52,10,589,32,85,1,1,0.36364
225,52,8,590,31,85,1,1,0.375
226,52,7,592,29,85,1,1,0.33333
227,52,6,593,28,86,1,1,0.27586
228,52,5,595,26,86,1,1,0.18519
229,52,3,596,25,86,1,1,0.26923
230,52,2,598,24,86,1,1,0.36
231,52,1,599,22,87,1,1,1
232,52,0,601,21,87,1,1,0.95455
233,52,-1,596,25,90,1,1,0.92308
234,52,-5,596,22,91,1,1,0.73913
235,52,-5,596,23,88,1,1,0.75
236,52,-9,596,24,89,1,1,0.6
237,52,-7,596,23,90,1,1,0.66667
238,52,-10,601,23,83,1,1,0.54167
239,52,-11,596,22,88,1,1,0.47826
240,52,-11,594,22,90,1,1,0.47826
241,52,-12,596,22,91,1,1,0.43478
242,52,-12,596,21,88,1,1,0.40909
243,52,-11,593,20,90,1,1,0.42857
244,52,-10,594,21,90,1,1,0.5
245,52,-11,598,22,89,1,1,0.47826
246,52,-11,594,23,89,1,1,0.5
247,52,-11,604,23,83,1,1,0.5
248,52,-11,602,25,85,1,1,0.53846
249,52,-9,594,23,98,1,1,0.58333
250,52,-12,601,25,91,1,1,0.5
251,52,-13,597,25,96,1,1,0.46154
252,52,-12,599,23,98,1,1,0.45833
253,52,-10,604,24,91,1,1,0.56
254,52,-10,597,28,101,1,1,0.62069
255,52,-10,603,33,99,1,1,0.67647
256,52,-5,606,30,99,1,1,0.80645
257,52,-4,607,31,100,1,1,0.84375
258,52,-2,606,30,100,1,1,0.39221
259,52,0,606,30,100,1,1,0.39285
260,52,0,607,29,100,1,1,0.3
261,52,5,611,32,97,1,1,0.42424
262,52,6,611,32,97,1,1,0.39394
263,52,8,611,31,98,1,1,0.375
264,52,10,611,30,98,1,1,0.45161
265,52,12,611,30,99,1,1,1
266,52,14,611,30,101,1,1,0.58065
267,52,17,612,30,102,1,1,1
268,52,17,613,34,103,1,1,1
269,52,22,608,28,102,1,1,0.51724
270,52,26,608,31,101,1,1,0.59375
271,52,28,606,30,99,1,1,0.51613
272,52,29,606,30,99,1,1,0.3871
273,52,30,606,31,100,1,1,1
274,52,31,604,31,101,1,1,0.28125
275,52,35,602,24,103,1,1,0.14538
276,52,35,603,30,103,1,1,0.23325
277,52,35,601,32,104,1,1,0.31631
278,52,35,601,39,104,1,1,0.41143
279,52,35,604,41,102,1,1,0.38095
280,52,40,606,38,103,1,1,0.38462
281,52,43,610,38,103,1,1,0.38462
282,52,43,611,39,103,1,1,0.375
283,52,43,613,41,103,1,1,0.38095
284,52,43,612,40,104,1,1,0.31707
285,52,46,614,40,105,1,1,0.21951
286,52,50,616,39,106,1,1,0.125
287,52,55,616,40,111,1,1,1
288,52,55,617,41,111,1,1,0.2619
289,52,56,618,41,111,1,1,0.33333
290,52,57,619,41,111,1,1,0.19048
291,52,57,620,42,111,1,1,0.16279
292,52,58,621,42,112,1,1,0.25581
293,52,59,622,42,112,1,1,0.23256
294,52,60,623,42,112,1,1,0.18605
295,52,60,624,43,112,1,1,0.18182
296,52,61,625,43,112,1,1,0.15909
297,52,62,626,43,113,1,1,0.18182
298,52,63,627,43,113,1,1,0.18182
299,52,63,628,44,113,1,1,0.22222
300,52,64,629,44,113,1,1,0.24444
301,52,65,630,44,113,1,1,0.26667
302,52,66,631,44,114,1,1,0.28889
303,52,65,633,44,115,1,1,0.26667
304,52,66,632,44,115,1,1,0.33487
305,52,64,638,46,118,1,1,0.30377
306,52,63,636,46,119,1,1,0.31915
307,52,62,639,46,120,1,1,1
308,52,62,643,45,120,1,1,0.32609
309,52,62,642,45,121,1,1,0.34783
310,52,60,643,47,121,1,1,0.33333
311,52,59,645,48,121,1,1,0.38776
312,52,59,645,47,121,1,1,0.35417
313,52,56,651,50,117,1,1,0.35294
314,52,54,650,49,119,1,1,0.32
315,52,52,650,49,121,1,1,0.32
316,52,50,651,49,121,1,1,0.32
317,52,49,652,49,122,1,1,0.34
318,52,48,653,48,122,1,1,0.30612
319,52,47,654,48,123,1,1,0.30612
320,52,43,653,49,124,1,1,0.28
321,52,45,652,44,128,1,1,0.31111
322,52,40,652,50,128,1,1,0.33333
323,52,40,653,49,128,1,1,0.36
324,52,36,652,50,129,1,1,0.33333
325,52,33,651,50,130,1,1,0.29412
326,52,30,653,50,131,1,1,0.35294
327,52,27,651,50,132,1,1,0.39216
328,52,26,654,49,131,1,1,0.44
329,52,22,649,49,133,1,1,0.3
330,52,16,649,49,135,1,1,0.26
331,52,10,649,49,138,1,1,0.24
332,52,5,646,51,133,1,1,0.34615
333,52,1,647,50,133,1,1,0.37255
334,52,-4,644,51,133,1,1,0.33123
335,52,-9,646,50,132,1,1,0.35294
336,52,-15,646,51,141,1,1,0.38462
337,52,-20,648,51,141,1,1,0.59615
338,52,-24,652,51,141,1,1,0.51923
339,52,-29,655,51,142,1,1,0.42308
314,59,1282,520,21,48,1,1,0.57143
315,59,1285,520,22,49,1,1,0.56
316,59,1289,521,23,50,1,1,0.5098
317,59,1297,522,18,52,1,1,0.45283
318,59,1299,521,21,51,1,1,0.46154
319,59,1303,520,20,52,1,1,0.4717
320,59,1307,520,20,53,1,1,0.46296
321,59,1311,519,20,55,1,1,0.46429
322,59,1315,519,19,55,1,1,0.48214
323,59,1319,518,19,57,1,1,0.43103
324,59,1323,518,19,58,1,1,0.38983
325,59,1327,515,20,58,1,1,0.42373
326,59,1329,513,20,57,1,1,0.46552
327,59,1331,511,20,56,1,1,0.50877
328,59,1333,509,21,56,1,1,0.54386
329,59,1335,507,21,55,1,1,0.57143
330,59,1338,505,21,55,1,1,0.60714
331,59,1338,502,24,55,1,1,0.625
332,59,1339,500,26,55,1,1,0.58929
333,59,1341,497,26,56,1,1,0.58025
334,59,1344,495,25,57,1,1,0.55172
335,59,1346,495,25,57,1,1,0.51724
336,59,1348,495,25,57,1,1,0.5
337,59,1351,495,25,57,1,1,0.48276
338,59,1353,490,25,57,1,1,0.55172
339,59,1354,491,25,57,1,1,0.51724
340,59,1356,492,25,57,1,1,0.5
341,59,1357,495,22,56,1,1,0.45919
342,59,1358,498,19,56,1,1,0.4193
343,59,1359,501,22,56,1,1,0.40503
344,59,1361,505,25,55,1,1,0.41277
345,59,1362,507,25,55,1,1,0.39698
346,59,1363,509,25,55,1,1,0.41346
347,59,1364,511,25,55,1,1,0.41277
348,59,1366,513,24,55,1,1,0.42857
349,59,1367,515,24,55,1,1,0.42643
350,59,1368,517,24,55,1,1,0.44214
351,59,1370,519,23,55,1,1,0.43973
352,59,1371,521,23,55,1,1,0.43155
353,59,1372,523,23,55,1,1,0.42411
354,59,1374,525,23,56,1,1,0.50877
355,59,1375,526,20,55,1,1,0.45918
356,59,1375,527,20,55,1,1,0.45918
357,59,1375,528,21,56,1,1,0.42026
358,59,1376,530,20,56,1,1,0.54386
359,59,1376,531,21,57,1,1,0.53448
360,59,1377,532,20,57,1,1,0.55172
361,59,1377,534,21,57,1,1,0.53448
362,59,1378,535,20,58,1,1,0.54237
363,59,1378,536,21,59,1,1,0.55
364,59,1379,538,21,59,1,1,0.53333
365,59,1379,539,21,59,1,1,0.53333
366,59,1379,540,21,60,1,1,0.52459
367,59,1379,541,21,60,1,1,0.54098
368,59,1379,542,22,61,1,1,0.53226
369,59,1380,544,21,61,1,1,0.51613
370,59,1380,545,21,61,1,1,0.44135
371,59,1380,546,22,62,1,1,0.44099
372,59,1380,547,22,62,1,1,0.52381
373,59,1380,548,22,63,1,1,0.53125
374,59,1381,550,22,63,1,1,0.46875
375,59,1379,548,22,62,1,1,0.47619
376,59,1378,546,21,62,1,1,0.49206
66,60,1602,496,14,57,1,1,0.26782
67,60,1600,510,15,58,1,1,0.27331
68,60,1598,506,16,59,1,1,0.49608
69,60,1598,513,19,59,1,1,0.48167
70,60,1594,510,20,59,1,1,0.7381
71,60,1591,510,20,59,1,1,0.84524
72,60,1588,510,20,59,1,1,0.88651
73,60,1585,510,21,59,1,1,0.15758
74,60,1582,510,22,59,1,1,0.13333
75,60,1580,511,22,59,1,1,0.17464
76,60,1578,512,22,58,1,1,0.11864
77,60,1574,511,22,58,1,1,0.13559
78,60,1571,511,22,58,1,1,0.16875
79,60,1567,510,23,59,1,1,0.71111
80,60,1564,510,22,58,1,1,0.22034
81,60,1561,510,22,58,1,1,0.25129
82,60,1557,509,23,59,1,1,0.21389
83,60,1554,509,22,58,1,1,0.14444
84,60,1550,508,23,59,1,1,0.21319
85,60,1547,508,23,59,1,1,0.16944
86,60,1544,508,23,59,1,1,0.21319
87,60,1540,509,23,59,1,1,0.25625
88,60,1536,510,23,59,1,1,0.29653
89,60,1532,511,23,59,1,1,0.29583
90,60,1528,513,23,59,1,1,0.28125
91,60,1524,514,24,59,1,1,0.31
92,60,1520,515,24,59,1,1,0.30933
93,60,1516,517,24,59,1,1,0.39933
94,60,1512,518,24,59,1,1,0.364
95,60,1508,519,24,59,1,1,0.34133
96,60,1505,521,24,59,1,1,0.28
97,60,1500,521,24,59,1,1,0.28067
98,60,1496,521,23,60,1,1,0.24863
99,60,1491,521,24,60,1,1,0.24262
100,60,1487,522,23,60,1,1,0.1735
101,60,1483,522,23,60,1,1,0.1735
102,60,1478,522,23,61,1,1,0.17204
103,60,1474,523,22,60,1,1,0.20171
104,60,1469,523,23,61,1,1,0.28495
105,60,1465,523,22,61,1,1,0.2805
106,60,1461,524,22,61,1,1,0.41094
107,60,1456,523,22,61,1,1,0.41094
108,60,1451,523,22,61,1,1,0.45021
109,60,1446,523,22,61,1,1,0.45021
110,60,1441,523,22,61,1,1,0.48948
111,60,1436,523,23,61,1,1,0.51075
112,60,1431,522,23,62,1,1,0.56349
113,60,1426,522,23,62,1,1,0.64286
114,60,1421,522,23,62,1,1,0.39286
115,60,1416,522,23,62,1,1,0.34259
116,60,1411,522,24,62,1,1,0.32063
117,60,1405,521,24,62,1,1,0.020952
118,60,1400,520,24,62,1,1,0.097143
119,60,1395,519,24,63,1,1,0.215
120,60,1390,518,23,63,1,1,0.26042
121,60,1384,518,24,62,1,1,0.36508
122,60,1379,517,24,63,1,1,0.36312
123,60,1374,516,23,63,1,1,0.41667
124,60,1369,515,23,63,1,1,0.375
125,60,1364,515,23,63,1,1,0.375
126,60,1360,517,23,62,1,1,0.29365
127,60,1357,519,24,62,1,1,0.2419
128,60,1348,520,24,62,1,1,0.32
129,60,1342,519,22,62,1,1,0.086957
130,60,1342,519,22,62,1,1,0
131,60,1332,519,22,62,1,1,0.05176
132,60,1328,519,23,61,1,1,0.056452
71,61,1601,510,20,51,1,1,0.054945
72,61,1598,510,20,52,1,1,0.077269
73,61,1596,510,20,53,1,1,0.16843
74,61,1594,510,19,54,1,1,0.040909
75,61,1592,511,19,54,1,1,0.073636
76,61,1588,511,20,54,1,1,0.066667
77,61,1585,511,20,54,1,1,0.054545
78,61,1582,511,20,54,1,1,0.046753
79,61,1579,510,19,55,1,1,0.042857
80,61,1576,509,18,56,1,1,0.054478
81,61,1573,509,17,57,1,1,0.050766
82,61,1570,508,16,58,1,1,0.046859
83,61,1567,508,15,59,1,1,0.045833
84,61,1564,506,20,53,1,1,0.089065
85,61,1557,508,20,56,1,1,0.042607
86,61,1556,508,22,55,1,1,0.045031
87,61,1552,508,22,56,1,1,0.065599
88,61,1548,509,22,56,1,1,0.070938
89,61,1544,510,22,56,1,1,0.074752
90,61,1541,511,22,56,1,1,0.09077
91,61,1537,513,22,56,1,1,0.074752
92,61,1534,515,21,56,1,1,0.059809
93,61,1530,516,20,53,1,1,0.074956
94,61,1525,517,20,55,1,1,0.072279
95,61,1521,519,20,56,1,1,0.056809
96,61,1516,519,20,56,1,1,0.070175
97,61,1512,519,20,57,1,1,0.08046
98,61,1508,519,20,57,1,1,0.133
99,61,1504,519,20,58,1,1,0.13801
100,61,1500,520,20,57,1,1,0.22414
101,61,1495,520,21,58,1,1,0.21957
102,61,1491,520,21,58,1,1,0.30431
103,61,1487,520,21,59,1,1,0.35455
104,61,1483,520,21,59,1,1,0.31667
105,61,1479,521,21,59,1,1,0.31288
106,61,1477,521,20,57,1,1,0.26108
107,61,1470,520,21,60,1,1,0.30999
108,61,1467,520,23,60,1,1,0.41325
58,62,1268,497,21,53,1,1,0.98316
59,62,1268,496,21,52,1,1,1
60,62,1268,496,21,51,1,1,1
61,62,1268,495,21,50,1,1,1
62,62,1268,495,21,49,1,1,1
63,62,1269,495,21,48,1,1,1
64,62,1269,497,22,47,1,1,1
65,62,1270,499,22,47,1,1,0.95652
66,62,1271,501,22,47,1,1,1
67,62,1272,504,22,46,1,1,1
68,62,1269,502,22,46,1,1,1
69,62,1267,502,22,46,1,1,1
70,62,1266,502,22,46,1,1,1
71,62,1265,503,22,46,1,1,1
72,62,1264,503,22,46,1,1,1
73,62,1262,503,22,47,1,1,1
74,62,1261,504,22,46,1,1,1
75,62,1260,504,22,47,1,1,1
76,62,1259,504,22,47,1,1,1
77,62,1258,505,22,47,1,1,1
78,62,1255,505,22,47,1,1,1
79,62,1253,505,22,47,1,1,1
80,62,1251,505,22,47,1,1,1
81,62,1249,505,22,47,1,1,0.95833
82,62,1247,505,22,47,1,1,0.91667
83,62,1244,505,22,47,1,1,0.91667
84,62,1242,505,22,47,1,1,0.87228
85,62,1240,505,22,47,1,1,0.82971
86,62,1238,505,22,47,1,1,0.78714
87,62,1236,505,22,47,1,1,0.74457
88,62,1233,506,22,47,1,1,0.73913
89,62,1230,507,22,47,1,1,0.69565
90,62,1227,508,22,47,1,1,0.69565
91,62,1224,509,22,47,1,1,0.69565
92,62,1221,510,23,47,1,1,0.66667
93,62,1218,511,23,47,1,1,0.63281
94,62,1215,512,23,47,1,1,0.63281
95,62,1212,513,23,47,1,1,0.63281
96,62,1209,514,23,47,1,1,0.63281
97,62,1207,515,23,48,1,1,0.60034
98,62,1204,517,22,48,1,1,0.74978
99,62,1201,517,21,48,1,1,0.73284
100,62,1198,517,21,48,1,1,0.73284
101,62,1195,517,21,48,1,1,0.73284
102,62,1192,517,20,48,1,1,0.76676
103,62,1189,517,20,48,1,1,0.71429
104,62,1186,517,20,48,1,1,0.71429
105,62,1183,517,19,48,1,1,0.75
106,62,1180,517,19,48,1,1,0.75
107,62,1177,518,19,47,1,1,0.75
108,62,1173,518,19,47,1,1,0.80417
109,62,1170,518,19,47,1,1,0.77083
110,62,1167,518,19,47,1,1,0.71875
111,62,1164,518,19,48,1,1,0.67143
112,62,1161,519,19,47,1,1,0.67917
113,62,1157,519,19,47,1,1,0.71875
114,62,1154,519,19,48,1,1,0.76531
115,62,1151,519,19,48,1,1,0.66429
116,62,1148,519,19,48,1,1,0.72449
117,62,1145,520,19,48,1,1,0.67143
118,62,1141,519,19,48,1,1,0.71224
119,62,1137,519,19,48,1,1,0.66429
120,62,1133,519,19,48,1,1,0.65714
121,62,1129,519,19,48,1,1,0.65
122,62,1125,519,19,48,1,1,0.6
123,62,1121,518,19,49,1,1,0.65
124,62,1117,518,19,49,1,1,0.7
125,62,1113,518,19,49,1,1,0.75
126,62,1109,518,19,49,1,1,0.75
127,62,1106,518,19,49,1,1,0.7
128,62,1102,518,19,49,1,1,0.7
129,62,1098,518,20,49,1,1,0.81333
130,62,1095,518,19,50,1,1,0.80392
131,62,1091,519,20,49,1,1,0.76667
132,62,1088,519,19,50,1,1,0.71176
133,62,1084,519,20,50,1,1,0.81699
134,62,1080,520,20,49,1,1,0.77619
135,62,1077,520,20,50,1,1,0.73109
136,62,1073,520,20,50,1,1,0.81699
137,62,1070,521,20,50,1,1,0.71429
138,62,1067,520,19,51,1,1,0.8
139,62,1064,520,19,51,1,1,0.65673
140,62,1061,519,19,52,1,1,0.75472
141,62,1058,519,19,52,1,1,0.75943
142,62,1055,519,19,53,1,1,0.85833
143,62,1052,518,18,54,1,1,1
144,62,1049,518,18,54,1,1,0.90048
145,62,1046,517,18,55,1,1,0.8562
146,62,1043,517,18,55,1,1,0.85338
147,62,1040,517,18,56,1,1,0.85319
148,62,1036,517,17,56,1,1,1
149,62,1032,517,17,57,1,1,1
150,62,1028,517,17,57,1,1,0.94828
151,62,1024,517,17,58,1,1,1
152,62,1020,517,17,58,1,1,1
153,62,1016,517,17,59,1,1,0.94907
154,62,1012,517,17,59,1,1,0.84444
155,62,1008,517,17,60,1,1,0.89617
156,62,1004,517,17,60,1,1,0.84153
157,62,1000,518,17,60,1,1,0.89071
158,62,996,518,18,60,1,1,0.84469
159,62,993,518,18,60,1,1,0.79638
160,62,989,518,19,60,1,1,0.7582
161,62,986,518,19,60,1,1,0.80656
162,62,983,519,19,59,1,1,0.80667
163,62,979,519,20,59,1,1,0.76984
164,62,976,519,20,59,1,1,0.81587
165,62,972,519,21,59,1,1,1
166,62,969,519,21,59,1,1,1
167,62,966,520,21,58,1,1,0.77273
168,62,963,520,21,58,1,1,1
169,62,961,520,21,58,1,1,1
170,62,959,520,21,58,1,1,0.77273
171,62,956,520,21,58,1,1,0.72727
172,62,954,520,21,58,1,1,1
173,62,952,520,21,58,1,1,1
174,62,949,520,21,58,1,1,1
175,62,947,520,21,58,1,1,1
176,62,945,520,21,58,1,1,1
177,62,943,520,21,58,1,1,0.86364
178,62,941,520,21,58,1,1,0.90909
179,62,939,520,21,58,1,1,0.81818
180,62,937,520,21,59,1,1,0.68182
181,62,935,521,21,58,1,1,0.68182
182,62,933,521,22,59,1,1,0.86957
183,62,931,521,22,59,1,1,0.73913
184,62,929,522,22,58,1,1,0.73913
185,62,927,522,22,59,1,1,1
186,62,925,522,22,59,1,1,0.69565
187,62,924,523,22,59,1,1,0.73913
188,62,922,523,23,60,1,1,0.79167
189,62,921,524,24,60,1,1,0.8
190,62,920,525,25,61,1,1,0.95906
191,62,917,525,26,61,1,1,0.94504
192,62,915,525,26,62,1,1,0.93239
193,62,912,525,28,63,1,1,0.92241
194,62,910,525,28,63,1,1,0.90571
195,62,907,525,30,64,1,1,0.89677
196,62,905,525,30,65,1,1,0.88123
197,62,903,526,31,65,1,1,0.87689
198,62,901,528,31,65,1,1,0.86979
199,62,907,527,26,64,1,1,0.78462
200,62,911,526,27,64,1,1,0.49121
26,63,1587,512,23,43,1,1,0.44886
27,63,1584,512,22,49,1,1,0.39652
28,63,1586,515,22,48,1,1,0.5528
29,63,1589,518,21,48,1,1,0.49629
30,63,1589,519,22,49,1,1,0.60435
31,63,1590,521,22,49,1,1,0.67391
32,63,1592,525,19,48,1,1,0.87245
33,63,1592,513,20,48,1,1,0.95724
34,63,1592,516,21,48,1,1,0.91466
35,63,1593,514,21,49,1,1,1
36,63,1593,510,22,49,1,1,0.83478
37,63,1593,507,23,49,1,1,0.685
38,63,1594,505,23,49,1,1,0.57333
39,63,1595,506,23,49,1,1,0.43167
40,63,1596,507,23,49,1,1,0.335
41,63,1597,508,23,49,1,1,0.24
42,63,1598,509,23,49,1,1,0.24
43,63,1599,511,23,49,1,1,0.22
44,63,1600,512,23,49,1,1,0.36667
45,63,1601,513,23,49,1,1,0.47583
46,63,1602,514,23,49,1,1,0.58
47,63,1604,516,23,49,1,1,0.67
48,63,1605,515,23,49,1,1,0.78
49,63,1606,515,23,49,1,1,0.85667
58,64,1291,505,19,50,1,1,1
59,64,1291,504,18,49,1,1,1
60,64,1291,503,18,48,1,1,1
61,64,1291,502,18,47,1,1,1
62,64,1292,499,18,48,1,1,1
63,64,1293,497,19,48,1,1,1
64,64,1292,497,18,50,1,1,1
65,64,1292,498,21,48,1,1,0.95547
66,64,1292,499,20,48,1,1,0.90865
67,64,1292,500,20,49,1,1,0.86857
68,64,1293,502,19,49,1,1,1
69,64,1291,502,18,51,1,1,1
70,64,1291,502,16,51,1,1,1
71,64,1292,503,14,50,1,1,1
72,64,1290,503,15,50,1,1,1
73,64,1288,504,16,50,1,1,1
74,64,1287,505,16,49,1,1,1
75,64,1285,505,17,50,1,1,1
76,64,1284,506,17,49,1,1,1
77,64,1282,507,18,49,1,1,1
78,64,1281,508,19,49,1,1,1
79,64,1277,507,19,49,1,1,1
80,64,1274,507,19,49,1,1,1
81,64,1271,507,19,49,1,1,1
82,64,1268,507,19,48,1,1,1
83,64,1265,507,19,48,1,1,1
84,64,1262,506,19,49,1,1,1
85,64,1259,506,19,48,1,1,1
86,64,1256,506,19,48,1,1,1
87,64,1253,506,19,48,1,1,1
88,64,1250,506,19,48,1,1,1
89,64,1246,507,19,48,1,1,1
90,64,1243,508,19,48,1,1,1
91,64,1240,509,19,48,1,1,1
92,64,1237,510,19,48,1,1,1
93,64,1233,512,19,48,1,1,1
94,64,1230,513,19,48,1,1,1
95,64,1227,514,19,48,1,1,1
96,64,1224,515,19,48,1,1,1
97,64,1221,517,19,48,1,1,1
98,64,1221,519,19,48,1,1,1
99,64,1217,518,19,48,1,1,1
100,64,1214,518,19,48,1,1,1
101,64,1211,518,19,48,1,1,1
102,64,1208,518,19,48,1,1,1
103,64,1204,517,20,49,1,1,1
104,64,1201,517,20,49,1,1,1
105,64,1198,517,20,49,1,1,1
106,64,1195,517,20,49,1,1,1
107,64,1192,517,20,49,1,1,1
108,64,1189,519,20,50,1,1,1
109,64,1185,522,22,49,1,1,1
110,64,1181,521,22,49,1,1,1
111,64,1177,521,20,48,1,1,1
112,64,1174,523,20,47,1,1,1
113,64,1171,522,20,48,1,1,1
114,64,1169,522,20,49,1,1,1
115,64,1164,521,18,50,1,1,1
116,64,1162,523,18,49,1,1,1
117,64,1158,523,16,49,1,1,1
118,64,1155,521,18,48,1,1,1
119,64,1150,521,22,51,1,1,1
120,64,1146,520,21,52,1,1,1
121,64,1142,519,22,52,1,1,1
122,64,1137,518,22,52,1,1,1
123,64,1134,518,22,52,1,1,1
124,64,1131,518,22,52,1,1,1
125,64,1128,518,22,52,1,1,1
126,64,1124,518,21,52,1,1,1
127,64,1120,517,20,54,1,1,1
128,64,1116,518,20,53,1,1,1
129,64,1115,519,22,53,1,1,1
130,64,1111,519,22,54,1,1,1
131,64,1107,520,22,54,1,1,1
132,64,1102,521,22,54,1,1,1
133,64,1101,521,25,53,1,1,1
134,64,1096,523,25,52,1,1,1
135,64,1092,523,25,52,1,1,1
136,64,1090,522,25,53,1,1,1
137,64,1085,521,25,53,1,1,1
138,64,1083,520,21,51,1,1,0.81818
139,64,1077,521,25,51,1,1,1
140,64,1076,520,25,52,1,1,1
141,64,1073,521,23,51,1,1,1
142,64,1072,522,22,50,1,1,0.86957
143,64,1068,521,22,50,1,1,0.86957
144,64,1066,521,22,52,1,1,1
145,64,1062,522,23,52,1,1,1
146,64,1059,521,24,52,1,1,1
147,64,1056,521,22,54,1,1,1
148,64,1054,521,22,54,1,1,1
149,64,1051,521,22,54,1,1,1
150,64,1045,521,22,55,1,1,1
151,64,1042,522,22,55,1,1,1
152,64,1038,523,22,55,1,1,1
153,64,1033,522,22,55,1,1,1
154,64,1027,521,22,57,1,1,1
155,64,1024,521,22,58,1,1,1
156,64,1019,520,21,59,1,1,1
157,64,1016,519,21,60,1,1,1
158,64,1012,519,21,61,1,1,1
159,64,1008,520,20,58,1,1,0.80952
160,64,1004,520,20,58,1,1,0.7619
161,64,1002,520,20,58,1,1,0.80952
162,64,999,521,20,59,1,1,1
163,64,995,521,20,59,1,1,1
164,64,993,521,19,58,1,1,1
165,64,990,521,18,56,1,1,0.78947
166,64,987,521,18,56,1,1,0.78947
167,64,983,519,21,60,1,1,1
327,65,1469,528,29,82,1,1,0.20964
328,65,1472,528,29,83,1,1,0.18571
329,65,1474,527,30,84,1,1,0.15484
330,65,1474,527,31,84,1,1,0.098529
331,65,1477,524,31,86,1,1,0.092672
332,65,1481,521,31,88,1,1,0.12079
333,65,1485,519,31,89,1,1,0.20972
334,65,1488,516,31,90,1,1,0.21806
335,65,1491,513,31,91,1,1,0.2697
336,65,1494,510,31,92,1,1,0.33367
337,65,1500,512,29,93,1,1,0.3117
338,65,1502,510,30,93,1,1,0.30714
339,65,1505,511,30,93,1,1,0.35827
340,65,1508,512,31,94,1,1,0.33684
341,65,1510,515,32,95,1,1,0.59375
342,65,1513,518,32,96,1,1,0.58763
343,65,1515,522,33,97,1,1,0.57143
344,65,1518,525,33,98,1,1,0.57576
345,65,1521,529,33,99,1,1,0.56
346,65,1525,531,32,100,1,1,0.56436
347,65,1525,532,33,101,1,1,0.57843
348,65,1527,538,32,101,1,1,0.55882
349,65,1529,537,32,101,1,1,0.57843
350,65,1532,536,32,101,1,1,0.60784
351,65,1535,536,32,101,1,1,0.62745
352,65,1537,538,34,100,1,1,0.63366
353,65,1539,539,33,100,1,1,0.29121
354,65,1542,540,32,100,1,1,0.32133
355,65,1547,544,33,98,1,1,0.36869
356,65,1548,546,33,97,1,1,0.36735
357,65,1550,546,34,101,1,1,0.38571
358,65,1551,548,35,101,1,1,0.37255
359,65,1553,550,35,101,1,1,0.38889
360,65,1555,552,35,101,1,1,0.38943
361,65,1556,555,36,100,1,1,0.37463
362,65,1558,557,36,100,1,1,0.39122
363,65,1560,559,36,100,1,1,0.39657
364,65,1561,562,37,99,1,1,0.38158
365,65,1563,564,37,99,1,1,0.38632
366,65,1565,566,37,99,1,1,0.39158
367,65,1567,569,37,98,1,1,0.38543
368,65,1569,570,37,98,1,1,0.40564
369,65,1572,571,37,98,1,1,0.42132
370,65,1573,571,37,98,1,1,0.41467
371,65,1574,571,37,98,1,1,0.41414
372,65,1575,571,37,98,1,1,0.41946
373,65,1577,571,37,98,1,1,0.44604
374,65,1576,571,41,104,1,1,0.422
375,65,1576,569,41,105,1,1,0.41914
376,65,1576,568,41,109,1,1,0.41905
327,66,1520,547,28,76,1,1,0.056426
328,66,1524,546,29,77,1,1,0.046154
329,66,1529,545,29,78,1,1,0.037975
330,66,1537,545,29,80,1,1,0.032922
331,66,1539,541,30,81,1,1,0.02203
332,66,1542,538,30,83,1,1,0.015361
333,66,1546,536,30,85,1,1,0.013503
334,66,1553,533,30,82,1,1,0.019433
335,66,1556,528,30,83,1,1,0.043011
336,66,1560,526,30,84,1,1,0.035294
337,66,1565,524,30,86,1,1,0.03337
45,67,1386,506,16,44,1,1,0.58824
46,67,1387,508,16,45,1,1,0.64706
47,67,1388,511,17,45,1,1,0.72222
48,67,1388,511,18,45,1,1,0.79291
49,67,1389,512,18,45,1,1,0.79405
50,67,1389,513,19,45,1,1,0.7587
51,67,1390,514,19,45,1,1,0.76087
52,67,1389,513,20,45,1,1,0.68116
53,67,1389,512,20,45,1,1,0.59006
54,67,1388,511,21,45,1,1,0.53261
55,67,1388,511,21,45,1,1,0.43478
56,67,1387,510,21,46,1,1,0.3472
57,67,1386,509,22,47,1,1,0.2663
58,67,1386,509,22,47,1,1,0.20833
59,67,1385,508,22,48,1,1,0.08252
60,67,1385,508,22,48,1,1,0.08252
61,67,1384,507,23,49,1,1,0.1425
62,67,1384,507,23,50,1,1,0.27042
63,67,1384,498,22,51,1,1,0.31773
64,67,1385,506,22,51,1,1,0.43813
65,67,1382,501,23,52,1,1,0.5566
66,67,1381,502,24,51,1,1,0.58538
67,67,1380,503,25,51,1,1,0.66642
68,67,1380,504,25,51,1,1,0.60059
69,67,1382,508,25,54,1,1,0.55944
70,67,1381,507,23,48,1,1,0.50255
71,67,1379,515,26,44,1,1,0.48148
72,67,1375,507,24,50,1,1,0.71765
73,67,1372,507,24,50,1,1,0.82745
74,67,1369,508,24,49,1,1,0.9328
75,67,1367,508,24,50,1,1,0.96627
76,67,1364,509,24,49,1,1,1
77,67,1361,509,24,49,1,1,1
78,67,1359,510,24,49,1,1,1
79,67,1356,509,24,49,1,1,1
80,67,1353,509,24,49,1,1,1
81,67,1350,508,24,49,1,1,1
82,67,1348,508,24,49,1,1,1
83,67,1345,508,23,50,1,1,1
84,67,1342,509,23,50,1,1,1
85,67,1339,510,23,50,1,1,1
86,67,1336,511,22,50,1,1,1
87,67,1333,512,22,50,1,1,1
88,67,1330,512,22,51,1,1,1
89,67,1327,513,21,51,1,1,1
90,67,1324,514,21,51,1,1,1
91,67,1321,515,21,51,1,1,1
92,67,1318,516,21,51,1,1,1
93,67,1314,516,22,51,1,1,1
94,67,1311,517,22,51,1,1,1
95,67,1306,518,22,51,1,1,1
96,67,1301,520,22,51,1,1,1
97,67,1297,520,22,51,1,1,1
98,67,1292,521,23,51,1,1,0.87019
99,67,1288,523,23,51,1,1,0.90865
100,67,1285,522,22,51,1,1,0.8888
101,67,1280,522,23,51,1,1,0.88221
102,67,1277,522,23,51,1,1,0.88221
103,67,1274,522,22,51,1,1,0.83946
104,67,1269,521,22,51,1,1,0.699
105,67,1265,523,21,51,1,1,0.68357
106,67,1261,522,21,48,1,1,0.58442
107,67,1257,521,21,45,1,1,0.48814
108,67,1253,519,21,51,1,1,0.40385
109,67,1252,521,18,48,1,1,0.48443
110,67,1243,522,22,53,1,1,0.37842
111,67,1243,522,22,53,1,1,0.54106
330,68,1498,543,35,86,1,1,0.1143
331,68,1485,536,35,85,1,1,0.28747
332,68,1473,530,35,83,1,1,0.066799
333,68,1461,524,34,81,1,1,0.21742
334,68,1449,518,34,79,1,1,0.48929
335,68,1451,517,34,79,1,1,0.51214
336,68,1454,516,34,80,1,1,0.42222
337,68,1457,516,34,80,1,1,0.4963
338,68,1459,515,34,81,1,1,0.51568
339,68,1462,515,34,81,1,1,0.2216
340,68,1465,515,34,81,1,1,0.25819
341,68,1467,517,34,82,1,1,0.6
342,68,1469,520,34,82,1,1,0.57935
343,68,1471,523,35,82,1,1,0.5656
344,68,1474,525,34,83,1,1,0.31156
345,68,1476,528,35,83,1,1,0.32011
346,68,1478,531,35,83,1,1,0.27216
347,68,1481,534,35,84,1,1,0.28922
348,68,1483,536,35,84,1,1,0.38529
349,68,1485,538,35,85,1,1,0.38953
350,68,1487,540,35,85,1,1,0.45704
351,68,1490,542,35,86,1,1,0.41475
352,68,1494,544,37,89,1,1,0.46754
353,68,1495,545,39,89,1,1,0.50278
354,68,1497,547,41,89,1,1,0.42937
355,68,1500,548,40,89,1,1,0.47696
356,68,1504,549,32,88,1,1,0.55839
357,68,1505,551,35,88,1,1,0.54213
358,68,1506,553,38,89,1,1,0.21652
359,68,1508,554,37,89,1,1,0.25029
360,68,1509,557,37,88,1,1,0.24246
361,68,1511,559,37,88,1,1,0.26079
362,68,1514,561,37,89,1,1,0.23977
363,68,1514,560,40,90,1,1,0.27875
364,68,1516,566,40,90,1,1,0.23479
365,68,1518,568,36,91,1,1,0.27673
366,68,1520,570,32,92,1,1,0.3089
367,68,1522,572,32,93,1,1,0.32592
368,68,1524,574,32,95,1,1,0.32955
369,68,1523,574,35,92,1,1,0.33094
370,68,1523,575,38,89,1,1,0.30997
371,68,1525,575,35,89,1,1,0.3321
372,68,1527,575,40,88,1,1,0.28446
373,68,1531,576,36,95,1,1,0.2469
374,68,1530,574,37,103,1,1,0.4957
375,68,1529,572,32,100,1,1,0.22142
376,68,1528,570,32,98,1,1,0.20324
370,69,1497,582,25,94,1,1,0.47935
371,69,1497,583,25,94,1,1,0.45547
372,69,1498,584,25,94,1,1,0.58947
373,69,1497,582,25,94,1,1,0.51984
374,69,1497,580,25,94,1,1,0.26883
375,69,1496,579,25,94,1,1,0.32267
376,69,1496,577,25,94,1,1,0.28704
358,70,1490,555,32,87,1,1,0.24656
359,70,1491,557,32,87,1,1,0.69318
360,70,1493,559,32,88,1,1,0.66054
361,70,1495,561,31,89,1,1,0.68889
362,70,1496,563,32,90,1,1,0.68132
363,70,1498,566,31,90,1,1,0.68132
364,70,1500,568,31,91,1,1,0.67391
365,70,1501,570,31,92,1,1,0.66667
366,70,1503,572,31,93,1,1,0.67021
367,70,1505,574,30,94,1,1,0.66316
368,70,1507,577,30,94,1,1,0.66316
369,70,1507,576,31,95,1,1,0.66667
370,70,1508,576,32,96,1,1,0.388
371,70,1508,576,34,96,1,1,0.40795
372,70,1509,575,34,98,1,1,0.41414
373,70,1510,575,35,98,1,1,0.44501
374,70,1510,575,37,99,1,1,0.13684
375,70,1511,574,37,100,1,1,0.65347
376,70,1511,574,39,101,1,1,0.64706
1,71,1455,496,15,43,1,1,0.34091
2,71,1455,491,16,41,1,1,0.30952
3,71,1456,487,16,39,1,1,0.325
4,71,1459,485,17,40,1,1,0.39024
5,71,1459,493,19,41,1,1,0.44286
6,71,1461,503,20,42,1,1,0.50388
7,71,1461,498,22,43,1,1,0.43083
8,71,1461,506,22,42,1,1,0.48433
9,71,1462,507,24,43,1,1,0.61818
10,71,1461,519,25,42,1,1,0.73166
11,71,1460,507,28,45,1,1,0.74513
12,71,1461,511,26,44,1,1,0.77613
13,71,1465,506,25,44,1,1,0.7812
14,71,1465,503,24,44,1,1,0.50489
15,71,1467,504,23,44,1,1,0.33333
16,71,1469,505,22,44,1,1,0.44444
17,71,1470,503,21,44,1,1,0.46667
18,71,1472,503,20,44,1,1,0.46667
19,71,1473,504,18,41,1,1,0.40476
20,71,1474,502,18,42,1,1,0.38556
21,71,1473,502,18,43,1,1,0.26316
84,72,1417,508,24,54,1,1,0.28073
85,72,1413,511,18,53,1,1,0.2193
86,72,1410,511,19,53,1,1,0.29537
87,72,1408,511,19,53,1,1,0.38611
88,72,1406,512,19,53,1,1,0.36667
89,72,1404,512,19,53,1,1,0.41111
90,72,1400,514,19,53,1,1,0.47778
91,72,1396,517,19,53,1,1,0.48611
92,72,1395,517,18,55,1,1,0.59586
93,72,1392,520,19,55,1,1,0.62232
94,72,1387,520,20,54,1,1,0.64589
95,72,1383,520,21,54,1,1,0.64876
96,72,1379,520,21,54,1,1,0.62975
97,72,1375,520,22,54,1,1,0.46877
98,72,1371,522,22,54,1,1,0.5083
99,72,1367,522,22,53,1,1,0.27214
100,72,1363,522,22,53,1,1,0.42351
101,72,1359,522,22,53,1,1,0.35185
102,72,1355,522,22,53,1,1,0.36876
103,72,1351,522,22,53,1,1,0.33414
104,72,1347,522,22,53,1,1,0.28261
105,72,1343,522,22,53,1,1,0.21659
106,72,1339,522,22,53,1,1,0.18357
107,72,1335,522,22,53,1,1,0.17391
108,72,1331,522,23,53,1,1,0.17593
109,72,1327,522,23,53,1,1,0.16667
110,72,1323,522,23,53,1,1,0.16667
111,72,1319,522,23,53,1,1,0.16667
112,72,1315,522,23,53,1,1,0.16667
113,72,1311,522,23,53,1,1,0.16667
114,72,1307,522,23,53,1,1,0.16667
115,72,1303,522,23,53,1,1,0.16667
116,72,1299,522,23,53,1,1,0.15586
117,72,1295,522,23,53,1,1,0.16358
118,72,1291,523,24,52,1,1,0.2317
119,72,1286,523,24,52,1,1,0.18415
120,72,1282,523,23,53,1,1,0.25694
121,72,1279,522,23,53,1,1,0.44136
122,72,1276,522,23,52,1,1,0.51808
123,72,1274,522,22,52,1,1,0.67022
124,72,1269,522,22,52,1,1,0.80312
125,72,1265,523,22,52,1,1,0.79573
126,72,1261,524,22,52,1,1,0.72847
127,72,1257,523,21,53,1,1,0.78956
128,72,1253,523,21,54,1,1,0.86364
129,72,1248,522,21,54,1,1,0.81818
130,72,1244,522,21,54,1,1,0.81818
131,72,1240,522,21,54,1,1,0.81818
132,72,1236,521,21,55,1,1,0.81818
133,72,1232,521,21,55,1,1,0.81818
134,72,1228,521,21,55,1,1,0.81818
135,72,1224,520,21,56,1,1,0.82137
136,72,1220,520,21,56,1,1,0.86603
137,72,1216,520,21,56,1,1,0.86603
138,72,1212,519,21,57,1,1,0.86834
139,72,1207,519,22,56,1,1,0.83219
140,72,1203,519,22,56,1,1,0.83219
141,72,1199,518,22,57,1,1,0.55172
142,72,1195,518,22,57,1,1,0.55172
143,72,1191,518,22,57,1,1,0.51124
144,72,1187,517,21,58,1,1,0.53929
145,72,1183,517,21,58,1,1,0.53929
146,72,1179,517,21,58,1,1,0.58475
147,72,1175,516,21,59,1,1,0.54545
148,72,1171,516,21,59,1,1,0.50455
149,72,1166,516,22,58,1,1,0.48637
150,72,1162,515,22,59,1,1,0.45652
151,72,1158,515,22,59,1,1,0.4942
152,72,1154,515,22,59,1,1,0.4558
153,72,1150,514,22,60,1,1,0.46472
154,72,1146,514,22,60,1,1,0.35139
155,72,1142,514,22,60,1,1,0.23806
156,72,1138,513,22,61,1,1,0.92146
157,72,1134,513,22,61,1,1,0.96073
158,72,1130,513,22,61,1,1,1
159,72,1126,513,22,61,1,1,1
160,72,1117,516,25,59,1,1,0.85385
161,72,1116,516,31,61,1,1,1
162,72,1109,516,30,63,1,1,0.93851
163,72,1103,521,30,57,1,1,0.90323
164,72,1105,517,25,60,1,1,1
165,72,1093,518,29,62,1,1,0.8709
166,72,1087,521,32,58,1,1,0.78788
167,72,1085,518,32,59,1,1,0.82424
168,72,1082,519,30,56,1,1,0.80985
169,72,1083,518,23,60,1,1,0.9194
170,72,1079,518,23,60,1,1,0.8791
171,72,1076,518,23,60,1,1,0.8791
172,72,1073,518,23,60,1,1,0.8791
173,72,1069,518,23,61,1,1,0.83871
174,72,1066,518,23,61,1,1,0.83871
175,72,1063,518,23,61,1,1,0.83871
176,72,1059,518,23,62,1,1,0.79828
177,72,1056,518,23,62,1,1,0.79828
178,72,1053,518,23,62,1,1,0.75794
179,72,1050,519,23,62,1,1,0.75397
180,72,1048,519,23,62,1,1,0.75794
181,72,1046,519,23,62,1,1,0.79828
182,72,1045,520,22,62,1,1,0.87164
183,72,1042,520,22,62,1,1,0.82885
184,72,1039,520,22,62,1,1,0.82885
185,72,1036,520,22,62,1,1,0.78951
186,72,1033,520,23,62,1,1,0.79828
187,72,1030,521,23,61,1,1,0.79503
188,72,1028,521,23,61,1,1,0.83602
189,72,1025,522,23,61,1,1,0.83333
190,72,1022,522,24,61,1,1,0.84
191,72,1020,522,23,61,1,1,0.875
192,72,1017,523,24,60,1,1,0.88
193,72,1014,523,24,60,1,1,0.88
194,72,1012,524,24,60,1,1,0.92
195,72,1009,524,25,60,1,1,0.88462
196,72,1007,524,26,60,1,1,0.88889
197,72,1005,524,26,60,1,1,0.85185
198,72,1003,524,27,61,1,1,0.85714
199,72,1001,525,27,60,1,1,0.82143
200,72,998,525,29,60,1,1,0.8
201,72,996,525,29,61,1,1,0.76667
202,72,994,525,30,61,1,1,0.77419
203,72,992,525,30,61,1,1,0.7461
204,72,990,526,31,61,1,1,0.75
205,72,988,526,31,62,1,1,0.72321
206,72,987,526,30,62,1,1,0.74603
207,72,986,527,30,62,1,1,0.74603
208,72,986,528,28,62,1,1,0.75862
209,72,985,529,28,62,1,1,0.75862
210,72,984,529,27,63,1,1,0.75391
211,72,984,530,26,63,1,1,0.77778
212,72,983,531,25,63,1,1,0.76923
213,72,982,532,25,63,1,1,0.76923
214,72,982,533,24,63,1,1,0.8
215,72,981,532,25,63,1,1,0.8107
216,72,981,532,25,63,1,1,0.8107
217,72,981,532,25,63,1,1,0.8107
218,72,981,531,25,64,1,1,0.81361
219,72,981,531,25,64,1,1,0.81361
220,72,981,531,25,63,1,1,0.8137
221,72,981,530,25,64,1,1,0.81657
222,72,981,530,25,64,1,1,0.81657
223,72,981,530,25,64,1,1,0.81657
224,72,981,530,25,64,1,1,0.81657
225,72,981,530,25,64,1,1,0.81657
226,72,982,530,24,64,1,1,0.84738
227,72,982,530,25,64,1,1,0.81657
228,72,983,530,24,64,1,1,0.80923
229,72,983,530,25,64,1,1,0.77988
230,72,984,530,24,64,1,1,0.71569
231,72,984,530,24,64,1,1,0.75754
232,72,985,530,24,64,1,1,0.61231
233,72,985,530,24,64,1,1,0.66831
234,72,986,530,24,65,1,1,0.57818
235,72,988,527,22,64,1,1,0.81003
236,72,989,526,22,65,1,1,0.83333
237,72,990,526,23,65,1,1,0.78472
238,72,992,526,22,65,1,1,0.80303
239,72,993,525,23,66,1,1,0.72575
240,72,995,525,22,67,1,1,0.69821
241,72,996,525,23,67,1,1,0.625
242,72,998,524,22,68,1,1,0.55703
243,72,999,524,23,68,1,1,0.43116
244,72,1001,524,23,69,1,1,0.33393
245,72,1005,520,24,71,1,1,0.32722
76,73,1424,516,23,47,1,1,0.27865
77,73,1420,515,23,48,1,1,0.3682
78,73,1417,515,23,49,1,1,0.34667
79,73,1413,515,23,49,1,1,0.45167
80,73,1410,514,23,51,1,1,0.46955
81,73,1407,514,23,51,1,1,0.52564
82,73,1403,514,23,52,1,1,0.42138
83,73,1400,513,23,53,1,1,0.44753
84,73,1396,513,23,54,1,1,0.3553
85,73,1393,513,23,54,1,1,0.32727
86,73,1390,513,23,55,1,1,0.28571
87,73,1389,511,23,55,1,1,0.34821
88,73,1385,512,23,55,1,1,0.30655
89,73,1382,514,23,55,1,1,0.2619
90,73,1379,516,23,55,1,1,0.23661
91,73,1376,518,22,54,1,1,0.20632
92,73,1372,519,23,55,1,1,0.1875
93,73,1369,521,23,55,1,1,0.15923
94,73,1366,523,22,54,1,1,0.1083
95,73,1363,525,22,54,1,1,0.072727
96,73,1360,527,22,54,1,1,0.036364
97,73,1356,527,22,54,1,1,0.054545
98,73,1352,527,23,54,1,1,0.054545
99,73,1349,527,23,55,1,1,0.071429
100,73,1345,528,24,54,1,1,0.14691
101,73,1342,528,24,55,1,1,0.3
102,73,1338,528,24,55,1,1,0.32143
103,73,1334,529,25,54,1,1,0.37063
104,73,1331,529,25,55,1,1,0.40453
105,73,1327,529,26,55,1,1,0.46032
106,73,1324,530,26,55,1,1,0.48413
107,73,1320,529,26,55,1,1,0.56151
108,73,1317,529,25,54,1,1,0.61538
109,73,1313,528,25,55,1,1,0.69093
110,73,1310,528,24,54,1,1,0.67927
111,73,1306,527,24,55,1,1,0.79429
112,73,1303,527,23,54,1,1,0.82197
113,73,1299,526,23,55,1,1,0.76042
114,73,1296,526,22,54,1,1,0.78656
115,73,1293,526,21,54,1,1,0.85124
116,73,1288,525,21,54,1,1,0.96281
117,73,1283,525,21,54,1,1,1
118,73,1279,525,20,54,1,1,1
119,73,1274,524,21,55,1,1,1
120,73,1270,524,20,55,1,1,1
121,73,1265,524,20,54,1,1,1
122,73,1260,523,21,55,1,1,1
123,73,1256,523,20,55,1,1,1
124,73,1251,523,20,55,1,1,1
125,73,1247,523,20,55,1,1,1
126,73,1242,522,21,56,1,1,1
127,73,1238,522,21,56,1,1,1
128,73,1234,522,21,56,1,1,1
129,73,1230,522,21,56,1,1,1
130,73,1226,522,21,57,1,1,1
131,73,1221,521,22,58,1,1,1
132,73,1217,521,22,58,1,1,1
133,73,1213,521,22,58,1,1,1
134,73,1209,521,22,58,1,1,1
135,73,1205,521,22,59,1,1,1
136,73,1200,521,22,59,1,1,1
137,73,1196,521,22,59,1,1,1
138,73,1192,521,22,59,1,1,1
139,73,1188,521,22,59,1,1,1
140,73,1184,521,22,59,1,1,1
141,73,1180,521,22,59,1,1,1
142,73,1176,521,22,59,1,1,1
143,73,1172,521,22,59,1,1,1
144,73,1168,521,22,59,1,1,1
145,73,1164,521,22,60,1,1,1
146,73,1159,520,22,60,1,1,1
147,73,1155,520,22,60,1,1,1
148,73,1151,520,22,60,1,1,1
149,73,1147,520,22,60,1,1,1
150,73,1143,520,22,60,1,1,1
151,73,1138,519,22,61,1,1,1
152,73,1134,519,22,61,1,1,1
153,73,1130,519,22,61,1,1,1
154,73,1126,519,22,61,1,1,1
155,73,1122,519,22,61,1,1,1
156,73,1117,519,22,61,1,1,1
157,73,1112,519,22,61,1,1,1
158,73,1107,519,22,61,1,1,1
159,73,1102,519,22,61,1,1,1
160,73,1098,519,22,62,1,1,1
161,73,1093,519,22,62,1,1,1
162,73,1088,519,22,62,1,1,1
163,73,1083,519,22,62,1,1,1
164,73,1078,519,22,62,1,1,1
165,73,1074,520,22,62,1,1,1
166,73,1071,520,22,62,1,1,1
167,73,1068,520,22,62,1,1,1
168,73,1065,520,22,62,1,1,1
169,73,1062,520,22,62,1,1,1
170,73,1059,520,22,62,1,1,1
171,73,1056,520,22,62,1,1,1
172,73,1053,520,22,62,1,1,1
173,73,1050,520,22,62,1,1,1
174,73,1047,520,22,62,1,1,1
175,73,1044,520,22,63,1,1,1
176,73,1041,520,22,63,1,1,1
177,73,1039,520,21,63,1,1,1
178,73,1036,520,22,63,1,1,1
179,73,1034,520,21,63,1,1,1
180,73,1031,521,22,63,1,1,1
181,73,1029,521,21,63,1,1,1
182,73,1026,521,21,63,1,1,1
183,73,1024,521,21,63,1,1,1
184,73,1021,521,21,63,1,1,1
185,73,1019,522,21,63,1,1,1
186,73,1016,522,21,63,1,1,1
187,73,1013,522,21,63,1,1,1
188,73,1010,522,21,63,1,1,1
189,73,1007,522,21,64,1,1,1
190,73,1004,522,21,64,1,1,1
191,73,1001,522,21,64,1,1,1
192,73,998,522,21,65,1,1,1
193,73,995,522,21,65,1,1,0.9814
194,73,992,522,21,65,1,1,0.96143
195,73,989,523,22,65,1,1,0.94466
196,73,987,523,22,65,1,1,0.94269
197,73,986,523,22,65,1,1,0.96179
198,73,984,524,22,65,1,1,0.96179
199,73,983,524,22,65,1,1,0.98024
200,73,981,525,22,65,1,1,0.96047
201,73,980,525,22,65,1,1,0.97958
202,73,978,525,22,65,1,1,0.97892
203,73,977,526,22,65,1,1,1
204,73,975,526,22,65,1,1,1
205,73,974,527,22,65,1,1,1
206,73,972,527,22,65,1,1,1
207,73,971,528,22,65,1,1,1
208,73,970,528,22,66,1,1,1
209,73,969,529,22,65,1,1,1
210,73,968,530,22,65,1,1,1
211,73,967,530,22,66,1,1,0.97729
212,73,966,531,22,65,1,1,0.95389
213,73,965,531,22,66,1,1,0.92992
214,73,964,532,22,66,1,1,0.90655
215,73,963,533,22,66,1,1,0.88319
216,73,963,533,22,66,1,1,0.87995
217,73,963,533,22,66,1,1,0.8767
218,73,963,533,22,66,1,1,0.87346
219,73,963,533,22,66,1,1,0.87346
220,73,963,533,22,66,1,1,0.87021
221,73,963,533,22,66,1,1,0.84426
222,73,963,533,22,66,1,1,0.84036
223,73,963,533,22,66,1,1,0.84036
224,73,963,533,22,66,1,1,0.80921
225,73,963,533,22,67,1,1,0.80754
226,73,963,533,22,67,1,1,0.80754
227,73,964,533,22,67,1,1,0.79284
228,73,965,533,22,68,1,1,0.75425
229,73,966,533,22,68,1,1,0.69754
230,73,967,533,22,68,1,1,0.62319
231,73,964,533,22,69,1,1,0.46522
232,73,968,531,21,69,1,1,0.47922
233,73,965,532,22,70,1,1,0.30374
234,73,970,530,20,71,1,1,0.31548
312,74,1249,521,22,58,1,1,0.87841
313,74,1253,521,22,58,1,1,0.83493
314,74,1257,521,22,58,1,1,0.81135
315,74,1261,521,22,58,1,1,0.81135
316,74,1265,521,22,58,1,1,0.80545
317,74,1269,521,22,58,1,1,0.82461
318,74,1273,521,22,58,1,1,0.87104
319,74,1277,521,22,58,1,1,0.76787
320,74,1281,521,22,58,1,1,0.79366
321,74,1285,521,22,58,1,1,0.6647
322,74,1289,521,23,59,1,1,0.78125
323,74,1291,519,23,59,1,1,0.8
324,74,1294,518,23,58,1,1,0.82203
325,74,1297,516,23,59,1,1,0.8
326,74,1299,515,23,58,1,1,0.83192
327,74,1302,514,23,58,1,1,0.83686
328,74,1305,512,23,58,1,1,0.86864
329,74,1307,511,23,57,1,1,0.89224
330,74,1310,509,23,58,1,1,0.8976
331,74,1313,508,23,57,1,1,0.875
332,74,1316,507,23,57,1,1,0.84411
333,74,1318,506,23,57,1,1,0.83405
334,74,1320,506,23,56,1,1,0.81579
335,74,1322,505,23,57,1,1,0.83621
336,74,1324,505,23,56,1,1,0.86111
337,74,1326,505,23,56,1,1,0.77193
338,74,1328,504,23,56,1,1,0.71491
339,74,1330,504,23,55,1,1,0.70982
340,74,1332,503,23,56,1,1,0.71491
341,74,1334,503,23,55,1,1,0.69717
342,74,1336,503,23,55,1,1,0.54688
343,74,1336,504,24,56,1,1,0.48982
344,74,1337,506,24,56,1,1,0.45754
345,74,1338,508,25,56,1,1,0.417
346,74,1338,510,26,56,1,1,0.37232
347,74,1339,512,27,56,1,1,0.34649
348,74,1340,514,27,56,1,1,0.33083
349,74,1340,516,29,56,1,1,0.29766
350,74,1341,518,29,56,1,1,0.27193
351,74,1342,520,30,57,1,1,0.24249
352,74,1352,520,22,56,1,1,0.25477
353,74,1348,522,28,57,1,1,0.34542
354,74,1351,523,26,57,1,1,0.27969
355,74,1353,524,24,57,1,1,0.30897
356,74,1355,525,22,57,1,1,0.35532
357,74,1358,528,21,57,1,1,0.6826
358,74,1358,527,20,56,1,1,0.3868
359,74,1358,528,20,55,1,1,0.34439
360,74,1359,529,19,54,1,1,0.42364
361,74,1360,531,19,53,1,1,0.44167
362,74,1363,538,18,54,1,1,0.46029
363,74,1359,536,22,53,1,1,0.38647
364,74,1360,538,22,54,1,1,0.3581
365,74,1361,541,22,55,1,1,0.62112
366,74,1361,542,22,56,1,1,0.63844
367,74,1361,543,22,57,1,1,0.64093
368,74,1362,545,21,57,1,1,0.64107
369,74,1362,546,21,58,1,1,0.68413
370,74,1362,547,21,59,1,1,0.68636
371,74,1363,549,20,59,1,1,0.69048
372,74,1363,549,20,59,1,1,0.71746
373,74,1362,550,20,59,1,1,0.79048
374,74,1363,550,20,59,1,1,0.71429
375,74,1361,548,20,59,1,1,0.7381
376,74,1360,546,20,59,1,1,0.74206
317,75,1521,570,47,58,0,10,0.41631
318,75,1525,569,48,59,0,10,0.39864
319,75,1530,569,49,59,0,10,0.39167
320,75,1535,569,50,59,0,10,0.3817
321,75,1540,569,50,59,0,10,0.37451
322,75,1545,569,51,59,0,10,0.3891
323,75,1549,569,53,59,0,10,0.40988
324,75,1554,569,53,59,0,10,0.40988
325,75,1559,569,54,59,0,10,0.44727
326,75,1564,569,55,59,0,10,0.4756
327,75,1569,569,56,60,0,10,0.51251
328,75,1573,567,56,61,0,10,0.52999
329,75,1577,565,56,62,0,10,0.53745
330,75,1581,563,56,63,0,10,0.53564
331,75,1586,561,55,64,0,10,0.55275
332,75,1590,559,55,65,0,10,0.54762
333,75,1594,557,55,66,0,10,0.54558
334,75,1599,555,54,67,0,10,0.51471
335,75,1603,553,54,68,0,10,0.45639
336,75,1607,551,54,69,0,10,0.48727
337,75,1612,550,54,69,0,10,0.51429
338,75,1615,552,54,69,0,10,0.57455
339,75,1618,555,54,69,0,10,0.66545
340,75,1622,558,54,69,0,10,0.71247
341,75,1625,560,54,69,0,10,0.71325
342,75,1629,563,54,69,0,10,0.65091
343,75,1632,566,54,69,0,10,0.64338
344,75,1635,568,54,69,0,10,0.64545
345,75,1639,571,54,69,0,10,0.64416
346,75,1642,574,54,69,0,10,0.61247
347,75,1646,577,54,69,0,10,0.62909
348,75,1649,578,54,69,0,10,0.66909
349,75,1653,580,53,69,0,10,0.69921
350,75,1657,581,53,70,0,10,0.66667
351,75,1660,583,53,70,0,10,0.59259
352,75,1664,584,53,71,0,10,0.59259
353,75,1668,586,52,71,0,10,0.56604
354,75,1671,587,52,72,0,10,0.54717
355,75,1675,589,52,72,0,10,0.5283
356,75,1679,590,51,73,0,10,0.5
357,75,1683,592,51,73,0,10,0.46154
358,75,1685,594,51,73,0,10,0.38462
359,75,1688,596,51,73,0,10,0.32692
360,75,1691,599,51,73,0,10,0.26923
361,75,1693,601,51,73,0,10,0.21154
362,75,1696,604,51,73,0,10,0.15385
363,75,1699,606,51,73,0,10,0.038462
364,75,1701,608,51,73,0,10,0
365,75,1704,611,51,73,0,10,0
366,75,1707,613,51,73,0,10,0
367,75,1710,616,51,73,0,10,0
368,75,1711,615,51,73,0,10,0
369,75,1712,615,51,73,0,10,0
370,75,1713,615,51,73,0,10,0
371,75,1714,614,51,73,0,10,0.0033784
372,75,1716,614,51,73,0,10,0
373,75,1717,614,51,73,0,10,0
374,75,1718,613,51,73,0,10,0
375,75,1719,613,51,73,0,10,0
376,75,1720,613,51,73,0,10,0
1,76,1107,539,95,79,0,3,0.21107
2,76,1107,536,96,79,0,3,0.19098
3,76,1108,533,96,80,0,3,0.17118
4,76,1110,536,96,81,0,3,0.093664
5,76,1112,539,97,82,0,3,0.11224
6,76,1115,543,97,82,0,3,0.10499
7,76,1114,537,98,83,0,3,0.1924
8,76,1117,548,98,84,0,3,0.12406
9,76,1118,551,98,85,0,3,0.12615
10,76,1119,555,99,85,0,3,0.12733
11,76,1121,549,99,86,0,3,0.18966
12,76,1122,555,100,87,0,3,0.12219
13,76,1122,544,102,87,0,3,0.22683
14,76,1122,544,103,88,0,3,0.21402
15,76,1122,544,105,89,0,3,0.21132
16,76,1122,544,106,90,0,3,0.19893
17,76,1122,544,108,91,0,3,0.18628
18,76,1122,544,109,92,0,3,0.17439
19,76,1122,545,111,92,0,3,0.16331
20,76,1122,547,112,93,0,3,0.13368
21,76,1122,549,114,94,0,3,0.12201
22,76,1122,551,116,95,0,3,0.11058
23,76,1123,549,116,95,0,3,0.13248
24,76,1125,551,116,95,0,3,0.12251
25,76,1127,554,116,95,0,3,0.094551
26,76,1129,557,116,95,0,3,0.084491
27,76,1131,560,116,95,0,3,0.084491
28,76,1134,563,116,95,0,3,0.092593
29,76,1135,566,116,95,0,3,0.076389
30,76,1137,570,116,95,0,3,0.066239
31,76,1139,574,116,95,0,3,0.058048
32,76,1139,576,116,95,0,3,0.0625
33,76,1140,562,117,96,0,3,0.14433
34,76,1145,567,117,97,0,3,0.057074
35,76,1146,562,118,98,0,3,0.056532
36,76,1147,558,119,99,0,3,0.07375
37,76,1149,555,119,99,0,3,0.09325
38,76,1150,555,120,100,0,3,0.08469
39,76,1152,555,121,101,0,3,0.10318
40,76,1154,555,122,102,0,3,0.12132
41,76,1156,555,123,103,0,3,0.13911
42,76,1158,556,123,103,0,3,0.15113
43,76,1157,560,124,103,0,3,0.11538
44,76,1157,561,125,103,0,3,0.125
45,76,1157,562,127,103,0,3,0.125
46,76,1158,564,128,102,0,3,0.12621
47,76,1158,565,130,102,0,3,0.12621
48,76,1158,566,132,102,0,3,0.13592
49,76,1159,568,133,102,0,3,0.12621
50,76,1158,568,134,102,0,3,0.14563
51,76,1157,569,136,102,0,3,0.15534
52,76,1157,570,137,102,0,3,0.1068
53,76,1160,572,137,102,0,3,0.067961
54,76,1160,572,138,102,0,3,0.067961
55,76,1160,572,139,102,0,3,0.07767
56,76,1161,573,139,101,0,3,0.078431
57,76,1161,571,140,101,0,3,0.10784
58,76,1162,570,141,101,0,3,0.11765
59,76,1162,568,142,101,0,3,0.14706
60,76,1162,566,143,101,0,3,0.16667
61,76,1163,565,144,101,0,3,0.18627
62,76,1164,571,145,101,0,3,0.12745
63,76,1163,565,145,102,0,3,0.19417
64,76,1165,569,146,103,0,3,0.16346
65,76,1164,569,147,104,0,3,0.1619
66,76,1163,569,148,105,0,3,0.16981
67,76,1163,570,148,105,0,3,0.16038
68,76,1162,570,150,107,0,3,0.16667
69,76,1161,570,151,108,0,3,0.17431
70,76,1161,571,151,108,0,3,0.16514
71,76,1160,571,152,109,0,3,0.17273
72,76,1160,572,153,110,0,3,0.17117
73,76,1158,572,153,110,0,3,0.17117
74,76,1156,572,153,110,0,3,0.18018
75,76,1154,572,153,110,0,3,0.18919
76,76,1152,573,153,109,0,3,0.21818
77,76,1150,573,154,109,0,3,0.21818
78,76,1148,573,154,109,0,3,0.21818
79,76,1146,574,154,108,0,3,0.22018
80,76,1144,574,154,108,0,3,0.22018
81,76,1142,574,154,108,0,3,0.22936
82,76,1141,575,154,108,0,3,0.22936
83,76,1137,576,156,108,0,3,0.22936
84,76,1134,578,157,108,0,3,0.22936
85,76,1131,580,158,108,0,3,0.23853
86,76,1128,582,159,108,0,3,0.24771
87,76,1125,584,160,108,0,3,0.25688
88,76,1121,586,162,107,0,3,0.26852
89,76,1118,588,163,107,0,3,0.28704
90,76,1115,590,164,107,0,3,0.2963
91,76,1112,592,165,107,0,3,0.30556
92,76,1109,594,166,107,0,3,0.31481
93,76,1104,594,167,108,0,3,0.34862
94,76,1100,595,168,108,0,3,0.34862
95,76,1096,596,169,108,0,3,0.34862
96,76,1092,596,170,109,0,3,0.35455
97,76,1088,597,171,109,0,3,0.35455
98,76,1084,598,171,109,0,3,0.35455
99,76,1080,598,172,110,0,3,0.36036
100,76,1076,599,173,110,0,3,0.36036
101,76,1072,600,174,110,0,3,0.36937
102,76,1068,601,175,110,0,3,0.37838
103,76,1063,601,176,110,0,3,0.3964
104,76,1059,601,176,111,0,3,0.40179
105,76,1054,601,177,111,0,3,0.41071
106,76,1050,601,177,112,0,3,0.41593
107,76,1045,602,179,111,0,3,0.41964
108,76,1041,602,179,112,0,3,0.42478
109,76,1036,602,180,112,0,3,0.43363
110,76,1032,602,180,113,0,3,0.4386
111,76,1028,603,181,113,0,3,0.4386
112,76,1024,605,176,116,0,3,0.4188
113,76,1018,604,177,117,0,3,0.4322
114,76,1013,604,177,117,0,3,0.44068
115,76,1008,603,177,119,0,3,0.45
116,76,1003,603,177,119,0,3,0.45833
117,76,998,603,178,120,0,3,0.46281
118,76,993,602,178,121,0,3,0.47541
119,76,988,602,178,121,0,3,0.45082
120,76,983,601,178,123,0,3,0.42742
121,76,978,601,178,123,0,3,0.42742
122,76,973,601,179,124,0,3,0.432
123,76,967,601,179,124,0,3,0.44
124,76,962,601,179,124,0,3,0.448
125,76,956,601,179,124,0,3,0.456
126,76,951,601,179,124,0,3,0.464
127,76,945,601,179,124,0,3,0.472
128,76,940,601,179,124,0,3,0.48
129,76,934,601,179,124,0,3,0.488
130,76,929,601,179,124,0,3,0.496
131,76,924,601,179,124,0,3,0.504
132,76,916,602,179,124,0,3,0.504
133,76,911,601,179,124,0,3,0.52
134,76,906,601,179,124,0,3,0.528
135,76,901,601,179,124,0,3,0.536
136,76,896,600,179,124,0,3,0.552
137,76,891,600,179,124,0,3,0.56
138,76,886,600,179,124,0,3,0.576
139,76,881,599,179,124,0,3,0.568
140,76,876,599,179,124,0,3,0.56
141,76,871,599,179,124,0,3,0.552
142,76,867,599,179,124,0,3,0.544
143,76,862,599,179,124,0,3,0.544
144,76,857,599,179,124,0,3,0.552
145,76,852,599,179,124,0,3,0.552
146,76,847,599,179,124,0,3,0.56
147,76,842,600,179,123,0,3,0.55645
148,76,837,600,179,123,0,3,0.56452
149,76,832,600,179,123,0,3,0.57258
150,76,827,600,179,123,0,3,0.56452
151,76,822,601,179,123,0,3,0.55645
152,76,818,603,173,123,0,3,0.54032
153,76,810,602,173,123,0,3,0.54839
154,76,803,601,173,123,0,3,0.55645
155,76,796,600,174,123,0,3,0.56452
156,76,790,600,175,122,0,3,0.56098
157,76,784,599,175,122,0,3,0.56098
158,76,778,599,176,122,0,3,0.55285
159,76,773,598,175,123,0,3,0.54839
160,76,769,598,174,123,0,3,0.54839
161,76,764,598,174,123,0,3,0.54839
162,76,760,598,173,123,0,3,0.54839
163,76,754,597,173,123,0,3,0.55645
164,76,749,596,173,124,0,3,0.56
165,76,744,596,173,123,0,3,0.56452
166,76,739,595,173,124,0,3,0.568
167,76,734,595,173,124,0,3,0.568
168,76,729,594,172,124,0,3,0.576
169,76,725,593,171,124,0,3,0.584
170,76,721,593,170,124,0,3,0.584
171,76,717,592,171,125,0,3,0.5873
172,76,713,592,173,125,0,3,0.5873
173,76,709,591,172,125,0,3,0.59524
174,76,706,590,170,125,0,3,0.60317
175,76,703,590,169,124,0,3,0.608
176,76,700,587,168,126,0,3,0.62205
177,76,697,585,168,128,0,3,0.63011
178,76,694,585,167,127,0,3,0.64156
179,76,691,585,167,126,0,3,0.64534
180,76,688,585,167,125,0,3,0.64919
181,76,685,585,167,124,0,3,0.66048
182,76,682,586,167,123,0,3,0.65707
183,76,680,586,164,124,0,3,0.65556
184,76,677,586,165,124,0,3,0.65759
185,76,674,586,166,124,0,3,0.66668
186,76,671,586,167,124,0,3,0.66905
187,76,669,586,167,124,0,3,0.67214
188,76,668,586,166,124,0,3,0.6824
189,76,666,586,166,125,0,3,0.68263
190,76,665,586,165,125,0,3,0.69339
191,76,663,586,165,125,0,3,0.69793
192,76,662,586,165,126,0,3,0.7052
193,76,659,586,166,126,0,3,0.70956
194,76,656,586,167,126,0,3,0.71654
195,76,653,586,168,126,0,3,0.72343
196,76,651,586,169,126,0,3,0.73543
197,76,651,586,170,126,0,3,0.74987
198,76,651,586,171,126,0,3,0.76415
199,76,650,586,172,127,0,3,0.77348
200,76,649,586,174,128,0,3,0.78676
201,76,648,586,176,129,0,3,0.79744
202,76,647,586,178,130,0,3,0.80809
203,76,647,586,181,130,0,3,0.82384
204,76,648,587,183,130,0,3,0.84057
205,76,649,587,185,130,0,3,0.8573
206,76,650,588,187,130,0,3,0.87161
207,76,651,589,189,129,0,3,0.88704
208,76,651,589,192,130,0,3,0.89368
209,76,652,590,194,129,0,3,0.90406
210,76,653,590,196,130,0,3,0.91305
211,76,654,591,198,129,0,3,0.92346
212,76,655,592,201,129,0,3,0.93366
213,76,658,591,203,129,0,3,0.94947
214,76,661,591,205,129,0,3,0.96497
215,76,664,591,207,129,0,3,0.97988
216,76,668,589,210,130,0,3,0.99758
217,76,673,588,212,130,0,3,1
218,76,678,587,214,131,0,3,1
219,76,682,586,217,131,0,3,1
220,76,687,585,219,131,0,3,1
221,76,692,584,221,132,0,3,1
222,76,698,585,220,133,0,3,0.98643
223,76,705,585,221,131,0,3,0.95045
224,76,712,585,223,130,0,3,0.91071
225,76,720,585,224,129,0,3,0.87556
226,76,726,585,228,128,0,3,0.87773
227,76,732,585,232,127,0,3,0.87983
228,76,739,588,234,127,0,3,0.88085
229,76,747,587,235,127,0,3,0.87712
230,76,755,586,237,127,0,3,0.88235
231,76,763,586,239,126,0,3,0.87917
232,76,773,585,241,126,0,3,0.88017
233,76,783,584,243,125,0,3,0.88115
234,76,792,583,245,125,0,3,0.88211
235,76,802,582,246,125,0,3,0.87482
236,76,813,581,248,125,0,3,0.87576
237,76,823,580,250,125,0,3,0.8691
238,76,835,579,251,125,0,3,0.86558
239,76,847,578,253,125,0,3,0.85921
240,76,859,577,254,125,0,3,0.8521
241,76,871,576,256,125,0,3,0.84911
242,76,884,576,257,125,0,3,0.84625
243,76,899,575,258,124,0,3,0.84093
244,76,915,575,258,123,0,3,0.83497
245,76,928,573,260,123,0,3,0.83531
246,76,942,572,262,123,0,3,0.83552
247,76,958,571,264,123,0,3,0.83929
248,76,974,570,266,123,0,3,0.79111
249,76,991,570,267,123,0,3,0.8345
250,76,1007,569,269,123,0,3,0.93297
251,76,1023,568,271,123,0,3,0.96771
252,76,1040,568,273,123,0,3,0.98084
253,76,1057,567,274,121,0,3,0.98319
254,76,1075,565,278,121,0,3,0.95252
255,76,1093,564,282,121,0,3,0.92933
256,76,1113,562,284,122,0,3,0.90526
257,76,1134,561,286,123,0,3,0.87805
258,76,1155,560,287,124,0,3,0.85417
259,76,1175,559,290,124,0,3,0.81787
260,76,1196,558,291,125,0,3,0.78425
261,76,1217,557,293,126,0,3,0.75341
262,76,1238,556,295,127,0,3,0.72973
263,76,1260,556,298,127,0,3,0.69706
264,76,1283,556,301,127,0,3,0.65604
265,76,1306,556,303,127,0,3,0.61852
266,76,1329,556,306,127,0,3,0.58291
267,76,1354,556,308,128,0,3,0.58431
268,76,1379,556,310,129,0,3,0.62414
269,76,1404,556,313,131,0,3,0.65026
270,76,1429,556,315,131,0,3,0.66197
271,76,1454,556,318,131,0,3,0.72509
272,76,1479,556,321,131,0,3,0.69043
273,76,1506,555,326,131,0,3,0.64878
274,76,1533,554,332,131,0,3,0.60988
275,76,1560,554,338,130,0,3,0.57952
276,76,1588,553,339,130,0,3,0.53235
277,76,1618,552,337,130,0,3,0.4264
278,76,1648,551,336,131,0,3,0.32686
279,76,1677,550,332,132,0,3,0.21825
280,76,1709,552,328,134,0,3,0.27907
281,76,1743,546,323,140,0,3,0.22885
282,76,1778,549,320,138,0,3,0.17271
283,76,1793,549,320,137,0,3,0.12599
284,76,1834,546,320,137,0,3,0.16667
285,76,1868,548,320,137,0,3,0.081358
1,80,1163,516,130,57,0,3,0.81574
2,80,1145,513,133,56,0,3,0.73737
3,80,1129,514,135,55,0,3,0.63078
4,80,1113,516,137,54,0,3,0.56653
5,80,1088,517,148,54,0,3,0.48164
6,80,1075,530,150,54,0,3,0.387
7,80,1059,522,151,54,0,3,0.44569
8,80,1044,528,151,50,0,3,0.58127
9,80,1031,529,153,52,0,3,0.62632
10,80,1015,535,154,49,0,3,0.63897
11,80,999,526,157,56,0,3,0.673
12,80,980,529,157,56,0,3,0.64801
13,80,966,522,157,56,0,3,0.70686
14,80,951,522,158,55,0,3,0.72821
15,80,936,522,160,55,0,3,0.76786
16,80,919,522,160,55,0,3,0.77795
17,80,903,522,159,56,0,3,0.77807
18,80,887,523,158,56,0,3,0.79124
19,80,871,523,157,57,0,3,0.83435
20,80,855,523,156,58,0,3,0.87887
21,80,839,524,156,58,0,3,0.91687
22,80,822,525,156,58,0,3,0.95725
23,80,806,526,156,58,0,3,0.99525
24,80,788,528,156,58,0,3,1
25,80,773,534,158,56,0,3,1
26,80,755,533,159,54,0,3,1
27,80,737,537,159,54,0,3,1
28,80,721,540,159,55,0,3,1
29,80,704,539,162,55,0,3,1
30,80,682,541,164,61,0,3,0.93118
31,80,675,552,156,58,0,3,0.91914
32,80,654,549,162,58,0,3,0.80212
33,80,638,542,156,58,0,3,0.77038
34,80,618,546,163,61,0,3,0.66227
35,80,605,536,158,60,0,3,0.61511
36,80,586,533,162,59,0,3,0.52249
37,80,568,532,160,54,0,3,0.40474
38,80,551,532,158,55,0,3,0.3139
39,80,534,532,157,56,0,3,0.21219
40,80,517,532,156,58,0,3,0.10537
10,81,1510,550,119,46,0,3,0.675
11,81,1500,541,125,48,0,3,0.61791
12,81,1491,532,131,51,0,3,0.62107
13,81,1482,527,137,54,0,3,0.56798
14,81,1471,519,143,59,0,3,0.55903
15,81,1466,519,150,58,0,3,0.59558
16,81,1456,525,155,54,0,3,0.59895
17,81,1446,524,162,55,0,3,0.3773
18,81,1437,524,169,55,0,3,0.35693
19,81,1428,523,176,56,0,3,0.36247
20,81,1419,523,183,56,0,3,0.39416
21,81,1409,524,183,55,0,3,0.46962
22,81,1400,526,182,54,0,3,0.52221
23,81,1389,527,181,54,0,3,0.58332
24,81,1382,525,176,54,0,3,0.59784
25,81,1373,530,177,55,0,3,0.63604
26,81,1365,532,178,56,0,3,0.68597
27,81,1354,534,178,55,0,3,0.76796
28,81,1347,536,178,53,0,3,0.77188
29,81,1337,539,179,56,0,3,0.77037
30,81,1324,541,181,54,0,3,0.78102
31,81,1316,547,181,55,0,3,0.7968
32,81,1307,549,181,56,0,3,0.84683
33,81,1299,538,181,56,0,3,0.92288
34,81,1290,535,181,57,0,3,0.90603
35,81,1281,533,181,57,0,3,0.92308
36,81,1272,530,181,58,0,3,0.92308
37,81,1263,528,181,58,0,3,0.9052
38,81,1254,526,181,59,0,3,0.87482
39,81,1245,525,181,59,0,3,0.84341
40,81,1236,524,182,60,0,3,0.81331
41,81,1226,526,186,60,0,3,0.77365
42,81,1218,527,184,60,0,3,0.74284
43,81,1210,529,183,59,0,3,0.79303
44,81,1202,531,182,58,0,3,0.77948
45,81,1195,533,180,58,0,3,0.74398
46,81,1187,533,180,59,0,3,0.73002
47,81,1179,534,180,60,0,3,0.69649
48,81,1171,535,180,61,0,3,0.66396
49,81,1163,536,181,62,0,3,0.64382
50,81,1156,536,179,59,0,3,0.64157
51,81,1148,538,175,58,0,3,0.6121
52,81,1141,539,174,58,0,3,0.5846
53,81,1134,539,173,56,0,3,0.62835
54,81,1127,538,172,55,0,3,0.66422
55,81,1120,537,171,54,0,3,0.70825
56,81,1113,536,170,53,0,3,0.76381
57,81,1106,533,169,53,0,3,0.79521
58,81,1100,531,168,53,0,3,0.82084
59,81,1093,529,170,54,0,3,0.82531
60,81,1087,528,165,59,0,3,0.79347
61,81,1081,526,162,59,0,3,0.82342
62,81,1076,525,158,58,0,3,0.90076
63,81,1071,524,155,57,0,3,0.87776
64,81,1066,526,153,61,0,3,0.87547
65,81,1061,526,150,61,0,3,0.88347
66,81,1056,527,147,60,0,3,0.89466
67,81,1051,528,145,59,0,3,0.91164
68,81,1044,528,142,59,0,3,0.93124
69,81,1037,529,140,58,0,3,0.94843
70,81,1032,526,139,59,0,3,0.98036
71,81,1027,526,136,60,0,3,0.98684
72,81,1023,526,132,61,0,3,0.9886
73,81,1017,525,129,61,0,3,0.9933
74,81,1012,525,126,60,0,3,1
75,81,1007,525,123,59,0,3,1
76,81,1002,525,120,58,0,3,1
77,81,997,524,117,58,0,3,1
78,81,992,524,114,57,0,3,1
79,81,987,524,111,56,0,3,1
80,81,982,524,108,55,0,3,1
81,81,979,524,105,55,0,3,1
82,81,973,522,103,57,0,3,1
83,81,968,521,100,59,0,3,1
84,81,965,518,94,61,0,3,1
85,81,961,519,92,60,0,3,1
86,81,957,521,90,59,0,3,1
87,81,953,523,89,58,0,3,1
88,81,949,525,87,56,0,3,1
89,81,945,527,85,55,0,3,1
90,81,942,529,83,54,0,3,1
91,81,937,527,84,60,0,3,1
92,81,932,532,80,53,0,3,1
93,81,928,534,79,53,0,3,1
94,81,924,537,79,53,0,3,1
95,81,920,536,78,53,0,3,1
96,81,917,536,76,53,0,3,1
97,81,913,536,74,53,0,3,1
98,81,909,537,73,52,0,3,1
99,81,905,537,71,52,0,3,1
100,81,901,538,70,52,0,3,1
101,81,897,538,70,52,0,3,1
102,81,894,538,69,52,0,3,1
103,81,890,537,69,51,0,3,1
104,81,886,536,70,51,0,3,1
105,81,883,535,69,51,0,3,1
106,81,879,534,70,51,0,3,1
107,81,875,533,70,51,0,3,1
108,81,872,532,70,51,0,3,1
109,81,868,531,70,51,0,3,1
110,81,865,531,70,50,0,3,1
111,81,864,532,65,52,0,3,1
112,81,859,531,65,52,0,3,1
113,81,855,531,65,52,0,3,1
114,81,851,530,65,52,0,3,1
115,81,846,530,65,52,0,3,1
116,81,842,529,65,52,0,3,1
117,81,838,529,65,52,0,3,1
118,81,833,528,65,52,0,3,1
119,81,829,528,65,52,0,3,1
120,81,825,528,65,52,0,3,1
121,81,820,528,66,51,0,3,1
122,81,816,526,63,51,0,3,1
123,81,814,526,64,51,0,3,1
124,81,809,526,64,51,0,3,1
125,81,805,526,64,51,0,3,1
126,81,801,526,64,51,0,3,1
127,81,797,526,63,51,0,3,1
128,81,793,526,63,51,0,3,1
129,81,789,526,63,51,0,3,1
130,81,785,527,63,50,0,3,1
131,81,781,530,63,50,0,3,1
132,81,777,529,62,49,0,3,1
133,81,773,528,61,49,0,3,1
134,81,769,527,60,48,0,3,1
135,81,765,527,60,47,0,3,1
136,81,761,526,60,47,0,3,1
137,81,757,525,60,47,0,3,1
138,81,753,524,60,47,0,3,1
139,81,750,523,59,48,0,3,1
140,81,748,521,59,49,0,3,1
141,81,745,522,59,49,0,3,1
142,81,742,521,58,47,0,3,1
143,81,739,520,58,46,0,3,1
144,81,736,522,58,46,0,3,1
145,81,731,523,58,45,0,3,1
146,81,730,522,57,44,0,3,1
147,81,727,524,57,45,0,3,1
148,81,723,523,58,46,0,3,1
149,81,719,522,59,47,0,3,1
150,81,715,523,58,44,0,3,1
151,81,711,527,58,43,0,3,1
152,81,706,526,57,43,0,3,1
153,81,701,525,56,44,0,3,1
154,81,696,524,56,45,0,3,1
155,81,692,523,55,44,0,3,1
156,81,687,523,57,44,0,3,1
157,81,683,523,56,44,0,3,1
158,81,679,523,55,44,0,3,1
159,81,675,524,55,43,0,3,1
160,81,672,524,53,44,0,3,1
161,81,668,528,53,42,0,3,1
162,81,665,527,53,42,0,3,1
163,81,662,527,53,42,0,3,1
164,81,658,526,53,42,0,3,1
165,81,655,526,53,42,0,3,1
166,81,652,526,52,42,0,3,1
167,81,649,525,52,43,0,3,1
168,81,646,525,51,43,0,3,1
169,81,643,525,51,43,0,3,1
170,81,640,522,53,43,0,3,1
171,81,636,523,52,41,0,3,1
172,81,636,522,52,41,0,3,1
173,81,633,523,52,40,0,3,1
174,81,630,524,52,40,0,3,1
175,81,626,522,53,41,0,3,1
176,81,622,521,54,41,0,3,1
177,81,622,519,52,40,0,3,1
178,81,619,519,51,40,0,3,1
179,81,618,521,51,39,0,3,1
180,81,614,519,52,41,0,3,1
181,81,612,520,51,41,0,3,1
182,81,610,522,51,40,0,3,1
183,81,608,522,50,39,0,3,1
184,81,606,522,50,39,0,3,1
185,81,604,522,50,39,0,3,1
186,81,602,522,50,39,0,3,1
187,81,600,522,50,39,0,3,1
188,81,598,522,50,39,0,3,1
189,81,596,522,50,39,0,3,1
190,81,594,523,50,38,0,3,1
191,81,593,524,50,37,0,3,1
192,81,592,527,51,35,0,3,1
193,81,589,527,50,36,0,3,1
194,81,587,527,50,36,0,3,1
195,81,585,527,50,36,0,3,1
196,81,584,528,50,36,0,3,1
197,81,582,527,50,36,0,3,1
198,81,581,527,49,36,0,3,1
199,81,580,527,48,36,0,3,1
200,81,579,527,48,36,0,3,1
201,81,577,527,48,36,0,3,1
202,81,576,527,48,36,0,3,1
203,81,575,527,48,36,0,3,1
204,81,574,527,48,36,0,3,1
205,81,573,526,49,36,0,3,1
206,81,571,527,47,35,0,3,1
207,81,571,528,47,35,0,3,1
208,81,569,528,47,35,0,3,1
209,81,568,528,47,36,0,3,1
210,81,568,528,45,36,0,3,1
211,81,569,530,45,36,0,3,1
212,81,569,530,45,36,0,3,1
213,81,569,531,45,35,0,3,1
214,81,568,535,44,31,0,3,1
215,81,569,533,44,31,0,3,1
216,81,568,535,44,32,0,3,1
217,81,569,533,44,33,0,3,1
218,81,569,532,44,33,0,3,1
219,81,570,531,44,34,0,3,1
220,81,571,530,44,35,0,3,1
221,81,571,529,44,35,0,3,1
222,81,572,529,44,35,0,3,1
223,81,573,530,44,34,0,3,1
224,81,574,531,44,34,0,3,1
225,81,575,532,44,33,0,3,1
226,81,577,534,43,32,0,3,1
227,81,578,533,43,32,0,3,1
228,81,580,532,42,32,0,3,1
229,81,580,532,42,32,0,3,1
230,81,580,531,43,33,0,3,1
231,81,583,534,42,32,0,3,1
232,81,583,532,41,30,0,3,1
233,81,587,532,41,30,0,3,1
234,81,588,530,41,30,0,3,1
235,81,589,529,41,30,0,3,1
236,81,590,527,41,31,0,3,1
237,81,592,526,40,31,0,3,1
238,81,594,528,41,30,0,3,1
239,81,599,525,41,31,0,3,1
240,81,598,522,40,32,0,3,1
241,81,601,523,40,31,0,3,1
242,81,604,524,40,30,0,3,1
243,81,606,523,40,29,0,3,1
244,81,609,522,39,28,0,3,1
245,81,612,523,39,28,0,3,1
246,81,616,524,39,29,0,3,1
247,81,618,521,39,28,0,3,1
248,81,623,522,40,29,0,3,1
249,81,625,521,40,29,0,3,1
250,81,628,521,40,30,0,3,1
251,81,633,522,39,29,0,3,1
252,81,637,522,39,29,0,3,1
253,81,641,522,39,29,0,3,1
254,81,645,522,40,30,0,3,1
255,81,649,522,40,30,0,3,1
256,81,654,523,40,30,0,3,1
257,81,659,523,38,29,0,3,1
258,81,664,524,36,27,0,3,1
259,81,669,525,35,26,0,3,1
260,81,671,521,38,29,0,3,1
261,81,676,522,38,29,0,3,1
262,81,681,524,38,29,0,3,1
263,81,685,523,37,29,0,3,1
264,81,690,523,36,29,0,3,1
265,81,694,522,36,29,0,3,1
266,81,699,522,35,29,0,3,1
267,81,704,522,34,29,0,3,1
268,81,708,522,35,27,0,3,1
269,81,713,521,35,26,0,3,1
270,81,718,520,35,26,0,3,1
271,81,722,518,35,26,0,3,1
272,81,727,517,35,26,0,3,1
273,81,731,516,35,26,0,3,1
274,81,736,515,35,26,0,3,1
275,81,739,516,35,26,0,3,1
276,81,744,514,35,26,0,3,1
277,81,749,513,35,26,0,3,1
278,81,753,511,33,29,0,3,1
279,81,757,513,35,26,0,3,1
280,81,762,515,35,26,0,3,1
281,81,765,514,35,26,0,3,1
282,81,769,514,35,26,0,3,1
283,81,773,514,35,26,0,3,1
284,81,777,513,35,26,0,3,1
285,81,781,513,35,26,0,3,1
286,81,784,513,35,26,0,3,1
287,81,788,512,35,26,0,3,1
288,81,792,512,35,26,0,3,1
289,81,796,512,35,26,0,3,1
290,81,800,512,35,26,0,3,1
291,81,805,513,34,24,0,3,1
292,81,810,513,35,23,0,3,1
293,81,813,513,36,24,0,3,1
294,81,815,513,36,23,0,3,1
295,81,814,512,37,24,0,3,1
296,81,820,514,34,24,0,3,1
297,81,820,512,38,25,0,3,1
298,81,825,511,38,25,0,3,1
299,81,828,512,36,26,0,3,1
300,81,831,513,35,26,0,3,1
301,81,833,513,35,26,0,3,1
302,81,836,513,35,26,0,3,1
303,81,840,515,35,25,0,3,1
304,81,844,517,35,25,0,3,1
305,81,845,518,34,25,0,3,1
306,81,846,520,34,24,0,3,1
307,81,849,522,34,24,0,3,1
308,81,852,525,35,24,0,3,1
309,81,854,524,35,24,0,3,1
310,81,856,523,36,25,0,3,1
311,81,857,523,37,25,0,3,1
312,81,858,524,38,24,0,3,1
313,81,859,524,39,24,0,3,1
314,81,861,525,39,24,0,3,1
315,81,862,524,39,24,0,3,1
316,81,864,524,38,23,0,3,1
317,81,866,524,37,22,0,3,1
318,81,868,524,37,22,0,3,1
319,81,870,524,36,22,0,3,1
320,81,872,525,35,22,0,3,1
321,81,871,523,37,21,0,3,1
322,81,873,524,37,21,0,3,1
323,81,874,523,37,21,0,3,1
324,81,875,522,37,21,0,3,1
325,81,876,521,37,22,0,3,1
326,81,876,520,36,22,0,3,1
327,81,876,520,35,22,0,3,1
328,81,876,520,35,22,0,3,0.98188
329,81,876,517,35,22,0,3,1
330,81,877,516,35,22,0,3,1
331,81,877,513,35,22,0,3,1
332,81,875,510,35,22,0,3,1
333,81,874,508,35,22,0,3,1
334,81,873,505,35,23,0,3,1
335,81,871,502,35,23,0,3,1
336,81,870,500,35,22,0,3,1
337,81,869,501,35,22,0,3,1
338,81,868,502,35,22,0,3,1
339,81,867,504,35,22,0,3,1
340,81,866,500,36,22,0,3,1
341,81,863,502,35,23,0,3,1
342,81,863,503,35,23,0,3,1
343,81,863,506,35,21,0,3,1
344,81,860,510,35,21,0,3,1
345,81,858,514,34,22,0,3,1
346,81,856,518,35,23,0,3,1
347,81,854,519,35,22,0,3,1
348,81,852,520,35,22,0,3,1
349,81,850,521,35,22,0,3,0.97222
350,81,849,522,34,22,0,3,0.94286
351,81,847,521,35,22,0,3,0.86111
352,81,845,521,36,22,0,3,0.81081
353,81,844,521,36,23,0,3,0.78378
354,81,843,522,36,23,0,3,0.75676
355,81,839,522,36,22,0,3,0.64865
356,81,837,522,36,22,0,3,0.59459
357,81,834,522,36,22,0,3,0.53467
358,81,832,522,36,22,0,3,0.53467
359,81,832,525,36,22,0,3,0.54054
360,81,828,527,36,22,0,3,0.48649
361,81,824,525,36,22,0,3,0.40541
362,81,823,528,36,23,0,3,0.40541
363,81,822,531,35,19,0,3,0.38889
364,81,819,531,36,23,0,3,0.35135
365,81,818,536,34,18,0,3,0.28571
366,81,815,535,37,24,0,3,0.28947
1,82,1019,487,28,15,0,3,1
2,82,1021,480,26,15,0,3,1
3,82,1022,486,27,15,0,3,1
4,82,1026,483,25,15,0,3,1
5,82,1028,484,26,16,0,3,1
6,82,1031,495,26,17,0,3,1
7,82,1031,487,27,17,0,3,1
8,82,1032,494,27,17,0,3,1
9,82,1035,496,27,15,0,3,1
10,82,1037,501,26,14,0,3,1
11,82,1035,494,26,15,0,3,1
12,82,1037,499,27,15,0,3,1
13,82,1036,490,27,15,0,3,1
14,82,1037,490,27,15,0,3,1
15,82,1038,490,28,16,0,3,1
16,82,1039,490,28,16,0,3,1
17,82,1041,491,27,16,0,3,1
18,82,1042,491,28,16,0,3,1
19,82,1044,490,28,16,0,3,0.9432
20,82,1043,491,29,16,0,3,0.94118
21,82,1044,491,29,16,0,3,0.88235
22,82,1045,492,29,16,0,3,0.82157
23,82,1046,492,29,16,0,3,0.75294
24,82,1046,492,29,16,0,3,0.77059
25,82,1048,496,29,16,0,3,0.64706
26,82,1050,497,28,16,0,3,0.62069
27,82,1051,498,28,16,0,3,0.71602
28,82,1053,500,27,16,0,3,0.72269
29,82,1053,503,26,16,0,3,0.78431
30,82,1053,506,26,16,0,3,0.57516
31,82,1055,512,28,17,0,3,0.62644
32,82,1055,506,28,17,0,3,0.65517
33,82,1055,500,29,17,0,3,0.72222
34,82,1056,503,30,17,0,3,0.75806
35,82,1058,496,30,19,0,3,0.75806
36,82,1058,493,31,18,0,3,0.80263
37,82,1059,491,31,17,0,3,0.84375
38,82,1061,490,32,16,0,3,0.75936
39,82,1060,489,31,17,0,3,0.73264
40,82,1060,488,32,17,0,3,0.73737
41,82,1061,487,32,17,0,3,0.78114
42,82,1062,487,31,19,0,3,0.775
43,82,1063,488,31,20,0,3,0.80357
44,82,1063,489,31,20,0,3,0.82143
45,82,1064,490,31,20,0,3,0.85714
46,82,1065,491,30,20,0,3,0.87097
47,82,1066,492,30,20,0,3,0.89247
48,82,1067,493,30,20,0,3,0.94009
49,82,1065,492,33,24,0,3,0.94824
50,82,1070,492,30,20,0,3,1
51,82,1072,496,31,21,0,3,1
52,82,1072,495,31,21,0,3,1
53,82,1073,495,30,20,0,3,1
54,82,1075,495,30,21,0,3,1
55,82,1077,495,30,22,0,3,1
56,82,1074,495,30,20,0,3,1
57,82,1074,493,30,20,0,3,1
58,82,1075,491,29,20,0,3,1
59,82,1075,491,29,19,0,3,1
60,82,1075,491,30,19,0,3,1
61,82,1078,489,29,18,0,3,1
62,82,1078,487,28,19,0,3,1
63,82,1077,487,28,19,0,3,1
64,82,1081,487,30,20,0,3,1
65,82,1081,488,28,19,0,3,1
66,82,1081,489,26,19,0,3,1
67,82,1082,491,24,18,0,3,1
68,82,1080,491,26,18,0,3,1
69,82,1078,491,28,19,0,3,1
70,82,1075,490,28,19,0,3,1
71,82,1075,490,27,17,0,3,1
72,82,1074,488,29,22,0,3,1
73,82,1073,489,29,21,0,3,1
74,82,1072,490,29,20,0,3,1
75,82,1071,492,30,18,0,3,1
76,82,1068,491,30,19,0,3,1
77,82,1066,491,30,19,0,3,1
78,82,1064,491,30,20,0,3,1
79,82,1063,488,28,18,0,3,1
80,82,1061,488,27,18,0,3,1
81,82,1060,489,25,18,0,3,1
82,82,1057,488,27,19,0,3,1
83,82,1055,488,28,19,0,3,1
84,82,1052,488,30,19,0,3,1
85,82,1049,489,29,18,0,3,1
86,82,1046,490,28,18,0,3,1
87,82,1043,491,27,18,0,3,1
88,82,1041,492,26,19,0,3,1
89,82,1038,493,26,19,0,3,1
90,82,1036,495,25,19,0,3,1
91,82,1034,498,29,19,0,3,1
92,82,1032,498,28,18,0,3,1
93,82,1029,499,28,18,0,3,1
94,82,1024,499,30,19,0,3,1
95,82,1020,500,30,19,0,3,1
96,82,1019,503,31,20,0,3,1
97,82,1015,503,31,20,0,3,1
98,82,1011,503,31,20,0,3,1
99,82,1007,502,31,20,0,3,1
100,82,1004,502,31,20,0,3,1
101,82,1001,502,31,20,0,3,1
102,82,999,503,31,20,0,3,1
103,82,997,505,31,19,0,3,1
104,82,996,504,31,19,0,3,1
105,82,990,504,30,18,0,3,1
106,82,987,503,30,18,0,3,1
107,82,985,502,30,19,0,3,1
108,82,983,503,30,21,0,3,1
109,82,980,502,30,20,0,3,1
110,82,978,502,30,19,0,3,1
111,82,973,501,30,20,0,3,1
112,82,969,501,30,21,0,3,1
113,82,966,501,29,20,0,3,1
114,82,963,501,28,20,0,3,1
115,82,960,501,27,20,0,3,1
116,82,956,502,28,21,0,3,1
117,82,952,501,28,21,0,3,1
118,82,948,501,28,21,0,3,1
119,82,944,501,29,21,0,3,1
120,82,940,500,29,22,0,3,1
121,82,937,500,29,22,0,3,1
122,82,933,500,29,22,0,3,1
123,82,929,499,30,23,0,3,1
124,82,925,499,30,23,0,3,1
125,82,922,499,30,23,0,3,0.98387
126,82,918,500,30,23,0,3,1
127,82,915,502,30,22,0,3,0.98036
128,82,911,502,30,22,0,3,0.98177
129,82,907,502,30,22,0,3,0.98177
130,82,904,502,30,22,0,3,0.96353
131,82,900,502,30,23,0,3,0.98253
132,82,896,502,30,23,0,3,0.98118
133,82,893,502,30,23,0,3,0.98118
134,82,889,502,30,23,0,3,0.98118
135,82,886,503,30,23,0,3,0.97984
136,82,883,502,31,24,0,3,0.94375
137,82,879,501,31,24,0,3,0.965
138,82,876,501,31,24,0,3,0.9475
139,82,873,501,31,24,0,3,0.9475
140,82,870,501,31,24,0,3,0.93
141,82,867,500,31,24,0,3,0.935
142,82,864,500,31,24,0,3,0.91875
143,82,860,500,31,24,0,3,0.935
144,82,857,501,31,24,0,3,0.9125
145,82,856,501,30,23,0,3,0.89516
146,82,852,500,31,24,0,3,0.88625
147,82,848,500,32,24,0,3,0.8897
148,82,845,501,32,24,0,3,0.86424
149,82,841,501,33,24,0,3,0.86824
150,82,838,502,33,24,0,3,0.84118
151,82,833,502,33,24,0,3,0.87647
152,82,828,503,34,24,0,3,0.85371
153,82,823,503,34,24,0,3,0.872
154,82,819,504,34,24,0,3,0.872
155,82,816,504,34,23,0,3,0.83929
156,82,812,504,33,22,0,3,0.85678
157,82,807,505,33,23,0,3,0.87132
158,82,803,505,33,23,0,3,0.88971
159,82,799,505,33,23,0,3,0.90809
160,82,796,505,32,24,0,3,0.92727
161,82,793,505,32,23,0,3,0.92929
162,82,789,506,32,23,0,3,0.94318
163,82,786,507,32,24,0,3,0.94182
164,82,783,506,31,24,0,3,0.96
165,82,780,506,31,24,0,3,0.96
166,82,777,506,31,23,0,3,0.95833
167,82,774,506,31,23,0,3,0.95833
168,82,772,506,31,23,0,3,0.9375
169,82,769,506,31,23,0,3,0.93359
170,82,767,506,31,23,0,3,0.91146
171,82,764,506,31,22,0,3,0.91304
172,82,761,506,31,22,0,3,0.91304
173,82,759,506,31,22,0,3,0.91304
174,82,756,506,31,22,0,3,0.91304
175,82,754,506,31,22,0,3,0.91304
176,82,751,506,32,22,0,3,0.8946
177,82,749,506,32,23,0,3,0.89268
178,82,747,506,32,23,0,3,0.87121
179,82,745,506,32,24,0,3,0.86909
180,82,742,506,33,24,0,3,0.85176
181,82,740,506,33,24,0,3,0.86
182,82,738,506,33,24,0,3,0.84941
183,82,736,506,33,25,0,3,0.8552
184,82,734,507,32,25,0,3,0.86946
185,82,732,508,32,25,0,3,0.85082
186,82,731,507,33,26,0,3,0.8366
187,82,728,507,33,26,0,3,0.86275
188,82,726,507,33,26,0,3,0.85839
189,82,724,508,33,26,0,3,0.85839
190,82,722,508,33,26,0,3,0.86928
191,82,719,509,34,25,0,3,0.88132
192,82,717,509,34,26,0,3,0.9037
193,82,715,510,34,25,0,3,0.93407
194,82,713,510,34,25,0,3,0.96044
195,82,711,511,34,25,0,3,0.98681
196,82,709,511,34,25,0,3,0.98681
197,82,708,511,34,25,0,3,0.98791
198,82,707,512,34,25,0,3,0.97363
199,82,705,512,34,25,0,3,0.98791
200,82,704,513,34,25,0,3,0.97363
201,82,703,513,34,25,0,3,0.97582
202,82,701,513,34,25,0,3,0.97802
203,82,700,514,34,25,0,3,0.96703
204,82,699,514,34,25,0,3,0.97033
205,82,698,515,34,25,0,3,0.96703
206,82,696,515,34,25,0,3,0.99011
207,82,695,516,34,25,0,3,0.99011
208,82,694,517,34,25,0,3,1
209,82,693,518,34,25,0,3,1
210,82,692,519,34,25,0,3,1
211,82,691,520,34,25,0,3,1
212,82,692,523,34,25,0,3,1
213,82,691,522,34,25,0,3,1
214,82,690,522,34,25,0,3,1
215,82,690,522,34,25,0,3,1
216,82,690,523,35,26,0,3,1
217,82,690,523,35,25,0,3,1
218,82,690,523,35,25,0,3,1
219,82,690,523,36,25,0,3,1
220,82,690,523,36,25,0,3,1
221,82,691,523,36,24,0,3,1
222,82,691,523,36,24,0,3,1
223,82,691,523,37,24,0,3,1
224,82,691,523,37,24,0,3,1
225,82,692,523,37,24,0,3,1
226,82,693,527,39,29,0,3,1
227,82,693,524,38,27,0,3,1
228,82,694,524,38,28,0,3,1
229,82,695,525,39,28,0,3,1
230,82,695,523,40,29,0,3,1
231,82,696,523,40,29,0,3,1
232,82,698,523,39,29,0,3,1
233,82,699,522,39,29,0,3,1
234,82,700,521,40,29,0,3,1
235,82,701,520,41,30,0,3,1
236,82,704,523,41,29,0,3,1
237,82,706,522,40,28,0,3,1
238,82,708,521,40,28,0,3,1
239,82,709,521,41,29,0,3,1
240,82,711,519,42,30,0,3,1
241,82,713,519,41,29,0,3,1
242,82,717,520,39,28,0,3,1
243,82,719,519,40,28,0,3,1
244,82,722,518,40,29,0,3,1
245,82,725,518,41,30,0,3,1
246,82,728,518,41,30,0,3,1
247,82,731,519,41,30,0,3,1
248,82,734,520,41,30,0,3,1
249,82,739,520,41,30,0,3,1
250,82,741,520,41,30,0,3,1
251,82,745,520,41,30,0,3,1
252,82,750,521,40,29,0,3,1
253,82,754,521,41,30,0,3,1
254,82,759,522,40,29,0,3,1
255,82,764,523,40,29,0,3,1
256,82,769,522,40,30,0,3,1
257,82,774,522,41,30,0,3,1
258,82,779,521,41,31,0,3,1
259,82,784,521,42,31,0,3,1
260,82,789,520,42,32,0,3,1
261,82,794,520,43,32,0,3,1
262,82,799,520,44,32,0,3,1
263,82,802,520,45,32,0,3,1
264,82,806,520,45,33,0,3,1
265,82,811,520,46,34,0,3,1
266,82,818,520,43,33,0,3,1
267,82,823,522,43,33,0,3,1
268,82,828,524,44,34,0,3,1
269,82,833,522,45,34,0,3,1
270,82,839,520,45,35,0,3,1
271,82,843,520,46,35,0,3,1
272,82,848,520,46,35,0,3,1
273,82,853,520,46,36,0,3,1
274,82,859,517,46,36,0,3,1
275,82,865,518,46,36,0,3,1
276,82,869,517,47,36,0,3,1
277,82,874,516,47,36,0,3,1
278,82,879,516,48,36,0,3,1
279,82,884,518,48,36,0,3,1
280,82,889,520,49,36,0,3,1
281,82,894,519,49,36,0,3,1
282,82,899,519,49,36,0,3,1
283,82,904,518,50,37,0,3,1
284,82,909,518,50,37,0,3,1
285,82,915,518,50,37,0,3,1
286,82,920,518,50,37,0,3,1
287,82,926,518,50,37,0,3,1
288,82,931,518,50,38,0,3,1
289,82,937,518,50,38,0,3,1
290,82,942,518,50,38,0,3,1
291,82,948,518,50,39,0,3,1
292,82,953,517,50,40,0,3,1
293,82,958,517,51,40,0,3,1
294,82,963,517,51,40,0,3,1
295,82,968,517,52,40,0,3,1
296,82,972,518,53,39,0,3,1
297,82,977,519,53,39,0,3,1
298,82,982,520,54,39,0,3,1
299,82,985,520,54,40,0,3,1
300,82,989,521,54,40,0,3,1
301,82,993,522,54,41,0,3,1
302,82,999,523,52,38,0,3,1
303,82,1003,524,53,40,0,3,1
304,82,1007,525,54,42,0,3,1
305,82,1012,527,55,43,0,3,1
306,82,1016,530,55,43,0,3,1
307,82,1020,531,55,42,0,3,1
308,82,1024,532,55,42,0,3,1
309,82,1028,533,56,42,0,3,1
310,82,1032,534,56,42,0,3,1
311,82,1036,535,57,42,0,3,1
312,82,1040,536,57,42,0,3,1
313,82,1045,538,57,41,0,3,1
314,82,1049,536,57,43,0,3,1
315,82,1054,535,57,45,0,3,1
316,82,1057,535,58,45,0,3,1
317,82,1060,536,59,45,0,3,1
318,82,1063,537,60,45,0,3,1
319,82,1067,538,60,45,0,3,1
320,82,1071,537,60,45,0,3,1
321,82,1074,537,60,45,0,3,1
322,82,1077,537,61,45,0,3,1
323,82,1081,537,61,45,0,3,1
324,82,1084,537,62,45,0,3,1
325,82,1088,537,62,45,0,3,1
326,82,1090,536,62,46,0,3,1
327,82,1092,536,62,46,0,3,1
328,82,1094,536,63,47,0,3,1
329,82,1097,532,62,48,0,3,1
330,82,1097,532,65,47,0,3,1
331,82,1099,529,64,48,0,3,1
332,82,1101,526,64,49,0,3,1
333,82,1103,524,64,49,0,3,1
334,82,1105,521,64,50,0,3,1
335,82,1108,519,63,50,0,3,1
336,82,1109,517,64,51,0,3,1
337,82,1111,519,64,51,0,3,1
338,82,1113,521,65,51,0,3,1
339,82,1113,520,67,51,0,3,1
340,82,1113,519,69,52,0,3,1
341,82,1114,521,69,53,0,3,1
342,82,1115,524,69,54,0,3,1
343,82,1119,528,70,54,0,3,1
344,82,1117,529,69,55,0,3,1
345,82,1118,536,73,54,0,3,1
346,82,1120,540,73,53,0,3,1
347,82,1122,543,73,53,0,3,1
348,82,1123,545,73,54,0,3,1
349,82,1124,548,74,54,0,3,1
350,82,1126,551,74,54,0,3,1
351,82,1126,550,75,55,0,3,1
352,82,1127,550,75,55,0,3,1
353,82,1128,550,75,56,0,3,1
354,82,1128,552,75,56,0,3,1
355,82,1129,555,75,56,0,3,1
356,82,1129,555,77,58,0,3,1
357,82,1129,555,78,59,0,3,1
358,82,1130,555,79,60,0,3,1
359,82,1130,557,80,60,0,3,1
360,82,1130,559,81,61,0,3,1
361,82,1131,561,81,62,0,3,1
362,82,1131,563,83,62,0,3,1
363,82,1132,565,83,63,0,3,1
364,82,1132,567,84,64,0,3,1
365,82,1133,569,85,65,0,3,1
366,82,1133,571,86,66,0,3,1
367,82,1134,574,87,67,0,3,1
368,82,1134,577,88,68,0,3,1
369,82,1134,579,89,67,0,3,1
370,82,1135,582,90,66,0,3,1
371,82,1135,582,90,67,0,3,1
372,82,1136,582,90,68,0,3,1
373,82,1136,583,91,69,0,3,1
374,82,1137,583,91,70,0,3,1
375,82,1138,584,91,71,0,3,1
376,82,1137,583,92,72,0,3,1
1,85,909,478,41,44,0,3,1
2,85,911,472,41,42,0,3,1
3,85,912,480,41,41,0,3,1
4,85,914,476,40,42,0,3,1
5,85,916,476,40,43,0,3,1
6,85,916,488,40,44,0,3,1
7,85,917,478,40,45,0,3,1
8,85,918,486,41,45,0,3,1
9,85,919,486,40,45,0,3,1
10,85,920,487,40,45,0,3,1
11,85,916,485,41,44,0,3,1
12,85,917,488,41,44,0,3,1
13,85,920,478,40,43,0,3,1
14,85,918,482,40,42,0,3,0.98639
15,85,919,481,40,42,0,3,0.97277
16,85,920,480,41,42,0,3,0.97674
17,85,920,482,41,43,0,3,0.90909
18,85,920,481,41,43,0,3,0.95455
19,85,921,480,41,43,0,3,0.97727
20,85,920,481,41,43,0,3,0.95455
21,85,922,480,41,44,0,3,0.97778
22,85,921,481,41,43,0,3,1
23,85,921,482,40,42,0,3,1
24,85,922,485,41,42,0,3,1
25,85,922,487,41,42,0,3,1
26,85,922,489,42,42,0,3,1
27,85,922,490,42,43,0,3,1
28,85,922,492,43,43,0,3,1
29,85,922,494,42,43,0,3,1
30,85,923,497,41,43,0,3,1
31,85,922,503,42,49,0,3,1
32,85,922,496,42,48,0,3,1
33,85,922,489,42,48,0,3,1
34,85,921,494,43,49,0,3,1
35,85,924,485,43,47,0,3,1
36,85,924,484,43,45,0,3,1
37,85,925,483,43,44,0,3,1
38,85,924,480,43,44,0,3,1
39,85,925,479,42,44,0,3,1
40,85,926,478,42,44,0,3,1
41,85,927,478,42,43,0,3,1
42,85,927,478,42,44,0,3,1
43,85,927,478,42,45,0,3,1
44,85,927,479,42,45,0,3,1
45,85,927,479,42,46,0,3,1
46,85,927,480,43,47,0,3,1
47,85,927,480,43,48,0,3,1
48,85,927,481,43,48,0,3,1
49,85,927,481,43,49,0,3,1
50,85,927,482,44,50,0,3,1
51,85,927,484,44,49,0,3,1
52,85,927,483,43,50,0,3,1
53,85,927,483,43,50,0,3,1
54,85,927,483,43,50,0,3,1
55,85,927,483,43,50,0,3,1
56,85,927,483,43,50,0,3,1
57,85,926,481,43,50,0,3,1
58,85,926,479,43,51,0,3,1
59,85,926,478,43,51,0,3,1
60,85,926,477,43,51,0,3,1
61,85,926,477,43,50,0,3,1
62,85,926,474,44,50,0,3,1
63,85,925,475,44,50,0,3,1
64,85,925,476,43,50,0,3,1
65,85,924,477,43,50,0,3,1
66,85,924,478,43,50,0,3,1
67,85,922,478,43,50,0,3,1
68,85,920,478,44,50,0,3,1
69,85,919,478,43,50,0,3,1
70,85,917,478,44,50,0,3,1
71,85,916,478,44,50,0,3,1
72,85,913,477,44,50,0,3,1
73,85,911,477,44,50,0,3,1
74,85,909,476,44,50,0,3,1
75,85,907,476,44,50,0,3,1
76,85,905,475,44,50,0,3,1
77,85,902,475,44,50,0,3,1
78,85,900,474,44,50,0,3,1
79,85,898,474,44,50,0,3,1
80,85,896,473,44,50,0,3,1
81,85,894,473,44,50,0,3,1
82,85,891,473,43,50,0,3,1
83,85,888,474,43,50,0,3,1
84,85,885,475,43,50,0,3,1
85,85,882,475,43,51,0,3,1
86,85,879,476,43,51,0,3,1
87,85,876,477,43,51,0,3,1
88,85,873,477,43,52,0,3,1
89,85,870,478,43,52,0,3,1
90,85,867,479,43,52,0,3,1
91,85,864,480,43,52,0,3,1
92,85,860,480,43,52,0,3,1
93,85,856,481,43,52,0,3,1
94,85,852,482,44,52,0,3,1
95,85,849,483,43,52,0,3,1
96,85,845,484,44,52,0,3,1
97,85,841,485,44,51,0,3,1
98,85,838,486,43,51,0,3,1
99,85,834,487,44,51,0,3,1
100,85,830,488,44,51,0,3,1
101,85,827,489,44,51,0,3,1
102,85,823,488,45,51,0,3,1
103,85,819,488,46,51,0,3,1
104,85,816,487,46,52,0,3,1
105,85,812,487,47,51,0,3,1
106,85,808,486,48,52,0,3,1
107,85,805,486,48,52,0,3,1
108,85,801,485,47,52,0,3,1
109,85,798,485,46,52,0,3,1
110,85,794,485,45,51,0,3,1
111,85,791,485,44,51,0,3,1
112,85,786,485,44,51,0,3,1
113,85,781,485,45,51,0,3,1
114,85,776,485,46,51,0,3,1
115,85,771,485,47,51,0,3,1
116,85,767,485,47,51,0,3,1
117,85,762,485,47,51,0,3,1
118,85,757,485,48,51,0,3,1
119,85,752,485,49,51,0,3,1
120,85,747,485,50,51,0,3,1
121,85,743,486,50,51,0,3,1
122,85,739,486,50,51,0,3,1
123,85,735,486,50,51,0,3,1
124,85,731,486,50,51,0,3,1
125,85,727,487,50,51,0,3,1
126,85,723,487,50,51,0,3,1
127,85,719,487,50,51,0,3,1
128,85,715,488,50,51,0,3,1
129,85,711,488,50,51,0,3,1
130,85,707,488,50,51,0,3,1
131,85,703,489,51,51,0,3,0.98891
132,85,698,488,51,52,0,3,0.98875
133,85,694,488,51,52,0,3,0.9775
134,85,690,488,51,53,0,3,0.97792
135,85,686,487,51,54,0,3,0.96853
136,85,682,487,51,55,0,3,0.95604
137,85,678,487,50,55,0,3,0.95518
138,85,674,486,50,56,0,3,0.94496
139,85,670,486,50,57,0,3,0.93306
140,85,666,486,50,57,0,3,1
141,85,662,486,50,58,0,3,1
142,85,658,486,50,58,0,3,1
143,85,654,486,50,58,0,3,1
144,85,650,486,50,58,0,3,1
145,85,646,486,50,59,0,3,1
146,85,642,487,50,58,0,3,1
147,85,638,487,50,58,0,3,1
148,85,634,487,50,59,0,3,1
149,85,630,487,50,59,0,3,1
150,85,626,487,50,59,0,3,1
151,85,623,488,50,59,0,3,1
152,85,618,488,50,59,0,3,1
153,85,613,488,50,59,0,3,1
154,85,608,488,51,59,0,3,1
155,85,603,489,51,59,0,3,1
156,85,599,489,51,59,0,3,1
157,85,594,489,51,59,0,3,1
158,85,589,490,51,59,0,3,1
159,85,584,490,52,59,0,3,1
160,85,579,490,52,59,0,3,1
161,85,575,491,52,59,0,3,1
162,85,570,492,52,59,0,3,1
163,85,566,493,52,59,0,3,1
164,85,562,494,52,59,0,3,1
165,85,558,495,52,59,0,3,1
166,85,554,494,52,59,0,3,1
167,85,550,494,53,58,0,3,0.84181
168,85,547,493,53,59,0,3,0.85556
169,85,543,493,54,58,0,3,0.85978
170,85,539,492,55,58,0,3,0.86229
171,85,536,492,55,58,0,3,0.86229
172,85,533,492,55,58,0,3,0.85835
173,85,531,492,55,58,0,3,0.85835
174,85,528,492,55,58,0,3,1
175,85,526,492,55,58,0,3,1
176,85,523,492,55,58,0,3,1
177,85,521,492,55,58,0,3,1
178,85,518,492,55,58,0,3,1
179,85,516,492,55,58,0,3,1
180,85,513,492,55,58,0,3,1
181,85,511,493,55,58,0,3,1
182,85,507,493,56,58,0,3,0.86798
183,85,504,494,56,58,0,3,0.87898
184,85,501,495,56,57,0,3,0.88022
185,85,498,496,56,57,0,3,0.89111
186,85,495,497,56,56,0,3,0.90305
187,85,492,497,56,57,0,3,0.90472
188,85,489,498,56,56,0,3,0.92675
189,85,486,499,56,56,0,3,0.94768
190,85,483,500,56,55,0,3,0.94674
191,85,480,501,56,55,0,3,0.93421
192,85,477,501,57,55,0,3,0.94612
193,85,475,501,57,56,0,3,0.96824
194,85,473,501,57,57,0,3,0.9893
195,85,471,501,57,57,0,3,1
196,85,469,502,57,57,0,3,1
197,85,466,502,58,58,0,3,1
198,85,464,502,58,58,0,3,1
199,85,462,502,58,59,0,3,1
200,85,460,502,58,60,0,3,1
201,85,458,503,59,60,0,3,1
202,85,456,503,59,61,0,3,1
203,85,455,504,59,61,0,3,1
204,85,453,505,59,61,0,3,1
205,85,452,506,59,61,0,3,1
206,85,451,507,59,61,0,3,1
207,85,449,508,59,61,0,3,1
208,85,448,509,59,61,0,3,1
209,85,446,510,59,61,0,3,1
210,85,445,511,59,61,0,3,1
211,85,444,512,59,61,0,3,1
212,85,443,512,59,61,0,3,1
213,85,442,512,59,61,0,3,1
214,85,441,512,59,61,0,3,1
215,85,440,513,59,61,0,3,1
216,85,439,513,59,61,0,3,1
217,85,439,513,59,61,0,3,1
218,85,439,513,59,61,0,3,1
219,85,439,513,59,61,0,3,1
220,85,439,513,59,61,0,3,1
221,85,439,514,59,60,0,3,1
222,85,439,514,59,60,0,3,1
223,85,439,514,59,60,0,3,1
224,85,439,514,59,60,0,3,1
225,85,439,514,59,61,0,3,1
226,85,439,515,59,60,0,3,1
227,85,439,515,59,60,0,3,1
228,85,439,515,59,61,0,3,1
229,85,439,515,59,61,0,3,1
230,85,439,515,59,61,0,3,1
231,85,439,516,59,61,0,3,1
232,85,439,515,59,61,0,3,1
233,85,440,514,59,61,0,3,1
234,85,441,513,58,61,0,3,1
235,85,442,513,58,60,0,3,1
236,85,443,511,59,63,0,3,1
237,85,444,510,60,65,0,3,1
238,85,446,509,60,68,0,3,1
239,85,447,509,60,66,0,3,1
240,85,449,510,59,63,0,3,1
241,85,451,511,59,61,0,3,1
242,85,453,510,59,61,0,3,1
243,85,455,510,60,61,0,3,1
244,85,458,510,60,60,0,3,1
245,85,460,510,61,60,0,3,1
246,85,463,510,61,60,0,3,1
247,85,465,509,62,60,0,3,1
248,85,468,509,62,60,0,3,1
249,85,470,509,63,60,0,3,1
250,85,473,509,63,60,0,3,1
251,85,476,509,64,60,0,3,1
252,85,480,513,64,59,0,3,1
253,85,484,512,64,60,0,3,1
254,85,489,512,63,60,0,3,1
255,85,493,511,63,62,0,3,0.99107
256,85,498,511,62,62,0,3,0.99118
257,85,503,511,62,63,0,3,0.99157
258,85,505,514,62,61,0,3,0.97619
259,85,510,513,62,61,0,3,0.97696
260,85,515,512,62,61,0,3,0.97773
261,85,521,512,62,61,0,3,0.9703
262,85,523,514,63,61,0,3,0.95413
263,85,528,514,63,61,0,3,0.9496
264,85,533,514,63,61,0,3,0.94556
265,85,538,514,63,61,0,3,0.94204
266,85,543,514,63,62,0,3,0.93725
267,85,548,514,63,62,0,3,0.93452
268,85,553,514,63,62,0,3,0.93229
269,85,558,515,63,62,0,3,0.9256
270,85,562,512,63,61,0,3,0.94556
271,85,567,509,62,61,0,3,0.95904
272,85,571,508,62,61,0,3,0.96416
273,85,576,508,62,61,0,3,0.96339
274,85,581,507,62,61,0,3,0.96928
275,85,586,507,61,61,0,3,0.97138
276,85,591,506,61,62,0,3,0.97235
277,85,595,506,62,61,0,3,0.98029
278,85,600,505,61,62,0,3,0.98592
279,85,605,505,61,61,0,3,0.98959
280,85,610,504,61,62,0,3,0.99155
281,85,615,504,61,62,0,3,0.99437
282,85,619,504,61,62,0,3,1
283,85,624,504,61,63,0,3,1
284,85,628,504,62,64,0,3,1
285,85,633,504,62,64,0,3,1
286,85,637,505,63,64,0,3,1
287,85,642,505,62,65,0,3,1
288,85,646,505,63,65,0,3,1
289,85,651,505,63,66,0,3,1
290,85,655,505,64,67,0,3,1
291,85,660,506,64,67,0,3,1
292,85,664,506,64,67,0,3,1
293,85,668,506,64,67,0,3,1
294,85,672,506,64,67,0,3,1
295,85,676,506,64,68,0,3,1
296,85,681,507,64,67,0,3,1
297,85,685,507,64,67,0,3,1
298,85,689,507,64,68,0,3,1
299,85,693,507,64,68,0,3,1
300,85,697,507,64,68,0,3,1
301,85,702,508,64,68,0,3,1
302,85,705,509,64,68,0,3,1
303,85,708,510,65,68,0,3,1
304,85,711,511,66,68,0,3,1
305,85,715,512,65,68,0,3,1
306,85,718,513,66,68,0,3,1
307,85,721,514,67,68,0,3,1
308,85,725,515,66,68,0,3,1
309,85,728,516,67,68,0,3,1
310,85,731,517,68,68,0,3,1
311,85,735,518,68,69,0,3,1
312,85,738,517,67,69,0,3,1
313,85,741,517,67,69,0,3,1
314,85,744,517,67,68,0,3,1
315,85,747,517,66,68,0,3,1
316,85,750,517,66,68,0,3,1
317,85,753,516,66,68,0,3,1
318,85,756,516,65,68,0,3,1
319,85,759,516,65,67,0,3,1
320,85,762,516,65,67,0,3,1
321,85,765,516,65,67,0,3,1
322,85,766,515,65,67,0,3,1
323,85,767,514,66,67,0,3,1
324,85,768,513,67,67,0,3,1
325,85,769,512,68,68,0,3,1
326,85,771,511,68,68,0,3,1
327,85,772,510,69,68,0,3,1
328,85,773,509,70,69,0,3,1
329,85,774,508,71,69,0,3,1
330,85,775,507,72,69,0,3,1
331,85,777,506,72,70,0,3,1
332,85,777,504,72,70,0,3,1
333,85,778,502,72,71,0,3,1
334,85,779,501,72,71,0,3,1
335,85,779,499,73,71,0,3,1
336,85,780,497,73,71,0,3,1
337,85,780,497,73,71,0,3,1
338,85,780,497,74,71,0,3,1
339,85,780,497,74,71,0,3,1
340,85,781,498,74,71,0,3,1
341,85,782,501,74,72,0,3,1
342,85,781,503,73,72,0,3,1
343,85,780,506,73,71,0,3,1
344,85,779,508,73,71,0,3,1
345,85,779,511,72,71,0,3,1
346,85,779,515,72,71,0,3,1
347,85,779,516,71,73,0,3,1
348,85,778,516,72,73,0,3,1
349,85,778,517,72,72,0,3,1
350,85,778,517,72,72,0,3,1
351,85,778,518,73,71,0,3,1
352,85,777,518,74,72,0,3,1
353,85,777,519,74,72,0,3,1
354,85,777,520,74,72,0,3,1
355,85,776,521,75,72,0,3,1
356,85,776,522,75,72,0,3,1
357,85,776,523,75,73,0,3,1
358,85,775,523,74,74,0,3,1
359,85,774,523,74,76,0,3,1
360,85,773,523,73,77,0,3,1
361,85,772,523,73,79,0,3,1
362,85,771,525,73,79,0,3,1
363,85,771,527,72,79,0,3,1
364,85,770,529,72,79,0,3,1
365,85,770,531,72,79,0,3,1
366,85,769,533,72,79,0,3,1
367,85,769,535,71,79,0,3,1
368,85,768,537,72,79,0,3,1
369,85,768,539,71,79,0,3,1
370,85,767,541,71,79,0,3,1
371,85,767,544,71,78,0,3,1
372,85,764,543,72,74,0,3,1
373,85,760,541,76,82,0,3,1
374,85,759,541,76,82,0,3,1
375,85,758,542,76,81,0,3,1
376,85,757,543,76,80,0,3,1
81,89,1095,492,36,25,0,3,1
82,89,1092,492,36,25,0,3,1
83,89,1090,493,36,25,0,3,1
84,89,1087,494,37,25,0,3,1
85,89,1085,495,36,25,0,3,1
86,89,1083,496,36,25,0,3,1
87,89,1080,496,37,26,0,3,1
88,89,1078,497,36,26,0,3,1
89,89,1075,498,37,26,0,3,1
90,89,1073,499,37,26,0,3,1
91,89,1071,500,37,26,0,3,1
92,89,1067,501,36,25,0,3,1
93,89,1064,502,36,25,0,3,1
94,89,1061,503,36,25,0,3,1
95,89,1058,504,36,25,0,3,1
96,89,1055,505,36,25,0,3,1
97,89,1052,506,36,25,0,3,1
98,89,1049,508,36,25,0,3,1
99,89,1045,507,36,25,0,3,1
100,89,1042,507,36,25,0,3,1
101,89,1039,507,36,25,0,3,1
102,89,1035,507,36,25,0,3,1
103,89,1032,507,36,25,0,3,1
104,89,1029,507,36,25,0,3,1
105,89,1025,507,36,25,0,3,1
106,89,1022,507,36,25,0,3,1
107,89,1019,507,36,25,0,3,1
108,89,1015,507,36,25,0,3,1
109,89,1012,507,36,25,0,3,1
110,89,1009,507,36,25,0,3,1
111,89,1006,507,36,25,0,3,1
112,89,1002,507,36,25,0,3,1
113,89,998,507,36,25,0,3,1
114,89,994,507,36,25,0,3,1
115,89,990,508,36,25,0,3,1
116,89,987,508,36,25,0,3,1
117,89,983,508,36,25,0,3,1
118,89,979,509,36,25,0,3,1
119,89,975,509,36,25,0,3,1
120,89,971,509,36,25,0,3,1
121,89,968,510,36,25,0,3,1
122,89,964,510,36,25,0,3,1
123,89,960,510,36,25,0,3,1
124,89,956,510,36,25,0,3,1
125,89,952,511,36,25,0,3,1
126,89,949,511,36,25,0,3,1
127,89,945,511,36,25,0,3,1
128,89,941,512,36,25,0,3,1
129,89,937,512,36,25,0,3,1
130,89,933,512,36,25,0,3,1
131,89,930,513,36,25,0,3,1
132,89,926,512,36,26,0,3,1
133,89,923,512,36,26,0,3,1
134,89,919,512,37,26,0,3,1
135,89,916,512,37,26,0,3,1
136,89,912,512,37,27,0,3,1
137,89,909,512,37,27,0,3,1
138,89,905,512,38,27,0,3,1
139,89,902,512,38,27,0,3,1
140,89,898,512,38,27,0,3,1
141,89,895,512,38,28,0,3,1
142,89,891,512,39,28,0,3,1
143,89,888,512,39,28,0,3,1
144,89,884,512,39,28,0,3,1
145,89,881,512,39,28,0,3,1
146,89,877,512,40,29,0,3,1
147,89,874,512,40,29,0,3,1
148,89,870,512,40,29,0,3,1
149,89,867,512,40,29,0,3,1
150,89,863,512,41,29,0,3,1
151,89,860,512,41,30,0,3,1
152,89,855,512,41,30,0,3,1
153,89,851,512,41,31,0,3,1
154,89,847,513,40,31,0,3,1
155,89,842,513,41,31,0,3,1
156,89,838,513,40,32,0,3,1
157,89,834,514,40,32,0,3,1
158,89,831,514,39,32,0,3,1
159,89,828,514,39,33,0,3,1
160,89,825,515,39,32,0,3,1
161,89,822,515,39,33,0,3,1
162,89,819,515,39,33,0,3,1
163,89,816,516,39,33,0,3,1
164,89,813,515,39,33,0,3,1
165,89,810,515,39,33,0,3,1
166,89,807,514,39,34,0,3,1
167,89,804,514,39,34,0,3,1
168,89,801,514,39,34,0,3,1
169,89,798,513,39,35,0,3,1
170,89,795,513,39,35,0,3,1
171,89,792,513,39,35,0,3,1
172,89,789,513,40,35,0,3,1
173,89,787,513,40,36,0,3,1
174,89,784,513,41,36,0,3,1
175,89,782,513,42,37,0,3,1
176,89,779,513,43,37,0,3,1
177,89,777,513,43,38,0,3,1
178,89,774,513,45,38,0,3,1
179,89,772,513,45,39,0,3,1
180,89,769,513,46,39,0,3,1
181,89,767,514,47,39,0,3,1
182,89,764,515,47,39,0,3,1
183,89,762,516,47,39,0,3,1
184,89,760,517,47,39,0,3,1
185,89,757,518,48,39,0,3,1
186,89,755,519,47,39,0,3,1
187,89,753,520,47,39,0,3,1
188,89,750,521,48,39,0,3,1
189,89,748,522,48,39,0,3,1
190,89,746,523,48,40,0,3,1
191,89,745,523,48,40,0,3,1
192,89,745,523,48,40,0,3,1
193,89,745,524,48,40,0,3,1
194,89,745,524,48,40,0,3,1
195,89,745,525,48,40,0,3,1
196,89,743,525,48,40,0,3,1
197,89,742,526,47,39,0,3,1
198,89,740,526,48,40,0,3,1
199,89,739,527,47,39,0,3,1
200,89,737,527,47,39,0,3,1
201,89,736,528,47,39,0,3,1
202,89,734,529,48,39,0,3,1
203,89,732,530,49,39,0,3,1
204,89,731,531,50,40,0,3,1
205,89,730,531,51,41,0,3,1
206,89,730,532,51,41,0,3,1
207,89,729,533,52,42,0,3,1
208,89,729,534,52,42,0,3,1
209,89,728,535,53,42,0,3,1
210,89,728,536,53,43,0,3,1
211,89,728,536,53,44,0,3,1
212,89,727,537,54,44,0,3,1
213,89,727,538,54,45,0,3,1
214,89,726,539,55,45,0,3,1
215,89,726,540,55,45,0,3,1
216,89,726,541,55,46,0,3,1
217,89,726,541,56,46,0,3,1
218,89,727,542,56,46,0,3,0.95745
219,89,728,542,56,47,0,3,0.91667
220,89,729,543,57,47,0,3,0.875
221,89,729,543,58,47,0,3,0.85417
222,89,730,544,58,47,0,3,0.85417
223,89,731,544,58,48,0,3,0.83673
224,89,732,545,59,48,0,3,0.81633
225,89,733,544,60,49,0,3,0.82
226,89,735,544,60,49,0,3,0.82
227,89,736,544,61,49,0,3,0.82
228,89,738,544,62,49,0,3,0.8819
229,89,739,544,62,49,0,3,0.87778
230,89,740,544,63,49,0,3,0.8775
231,89,741,544,64,50,0,3,0.88326
232,89,743,544,63,50,0,3,0.89583
233,89,744,544,64,51,0,3,0.90769
234,89,745,544,65,51,0,3,0.92803
235,89,747,544,65,52,0,3,0.95283
236,89,749,543,66,53,0,3,0.98673
237,89,752,543,66,53,0,3,1
238,89,754,543,67,53,0,3,1
239,89,757,542,68,54,0,3,1
240,89,759,542,69,54,0,3,1
241,89,762,542,69,54,0,3,1
242,89,765,542,70,55,0,3,1
243,89,769,542,71,55,0,3,1
244,89,774,542,71,56,0,3,1
245,89,779,542,71,57,0,3,1
246,89,784,543,71,57,0,3,1
247,89,787,543,72,58,0,3,1
248,89,790,544,73,58,0,3,1
249,89,793,544,74,59,0,3,1
250,89,796,545,75,59,0,3,1
251,89,800,546,75,59,0,3,1
252,89,805,546,76,59,0,3,1
253,89,811,546,76,60,0,3,1
254,89,817,546,77,61,0,3,1
255,89,823,547,77,61,0,3,1
256,89,829,547,77,62,0,3,1
257,89,835,547,78,62,0,3,1
258,89,841,547,78,63,0,3,1
259,89,847,548,78,63,0,3,1
260,89,853,548,79,64,0,3,1
261,89,859,548,79,65,0,3,1
262,89,865,549,80,65,0,3,1
263,89,869,549,84,66,0,3,1
264,89,874,550,87,67,0,3,1
265,89,879,551,90,67,0,3,1
266,89,884,552,94,68,0,3,1
267,89,890,552,96,68,0,3,1
268,89,897,552,97,69,0,3,1
269,89,903,552,99,69,0,3,1
270,89,910,553,100,69,0,3,1
271,89,918,552,101,70,0,3,1
272,89,926,552,102,71,0,3,1
273,89,934,552,103,72,0,3,1
274,89,941,552,104,73,0,3,1
275,89,948,553,105,73,0,3,0.99324
276,89,955,553,107,74,0,3,0.98469
277,89,962,554,108,74,0,3,1
278,89,969,554,109,75,0,3,1
279,89,976,555,111,75,0,3,1
280,89,983,555,112,76,0,3,0.97724
281,89,991,556,113,76,0,3,0.95033
282,89,998,556,115,76,0,3,0.92208
283,89,1005,556,118,76,0,3,0.90909
284,89,1013,556,120,76,0,3,0.88312
285,89,1020,556,123,76,0,3,0.87013
286,89,1028,556,125,76,0,3,0.85714
287,89,1035,556,127,76,0,3,0.83117
288,89,1043,556,129,76,0,3,0.81818
289,89,1050,556,132,76,0,3,0.80519
290,89,1058,556,134,76,0,3,0.81818
291,89,1065,556,137,76,0,3,0.84416
292,89,1073,557,139,76,0,3,0.85714
293,89,1080,557,141,76,0,3,0.87013
294,89,1088,558,143,76,0,3,0.87013
295,89,1096,559,145,76,0,3,0.87013
296,89,1104,560,147,75,0,3,0.89474
297,89,1111,560,150,76,0,3,0.87013
298,89,1119,561,152,76,0,3,0.85714
299,89,1127,562,154,75,0,3,0.85526
300,89,1135,563,156,75,0,3,0.82895
301,89,1143,564,158,75,0,3,0.81579
302,89,1150,566,160,76,0,3,0.79221
303,89,1157,568,162,77,0,3,0.78205
304,89,1164,570,165,78,0,3,0.77215
305,89,1171,572,167,80,0,3,0.75309
306,89,1178,574,170,81,0,3,0.69106
307,89,1185,576,172,82,0,3,0.65569
308,89,1193,578,174,84,0,3,0.62319
309,89,1200,578,176,86,0,3,0.6392
310,89,1208,579,178,87,0,3,0.62925
311,89,1215,580,180,88,0,3,0.64467
312,89,1223,581,182,89,0,3,0.64906
313,89,1231,582,184,90,0,3,0.67942
314,89,1237,582,186,91,0,3,0.64706
315,89,1243,583,188,92,0,3,0.57672
316,89,1249,583,190,94,0,3,0.50262
317,89,1255,584,192,95,0,3,0.45078
318,89,1261,584,194,96,0,3,0.42564
319,89,1267,585,196,97,0,3,0.40102
320,89,1273,585,198,99,0,3,0.38693
321,89,1279,586,200,100,0,3,0.37811
322,89,1284,585,201,100,0,3,0.37624
323,89,1289,584,202,101,0,3,0.35468
324,89,1294,583,203,101,0,3,0.36275
325,89,1299,582,204,102,0,3,0.38049
326,89,1304,581,206,103,0,3,0.41546
327,89,1309,580,207,103,0,3,0.45192
328,89,1314,579,208,104,0,3,0.48435
329,89,1319,578,209,104,0,3,0.51887
330,89,1324,577,210,105,0,3,0.4907
331,89,1329,576,212,106,0,3,0.41753
332,89,1331,574,213,107,0,3,0.37673
333,89,1333,573,214,107,0,3,0.34109
334,89,1335,571,216,108,0,3,0.34554
335,89,1337,570,217,108,0,3,0.34395
336,89,1339,569,219,108,0,3,0.34137
337,89,1343,569,220,108,0,3,0.34277
338,89,1347,569,221,109,0,3,0.35168
339,89,1351,569,222,110,0,3,0.32291
340,89,1356,569,223,111,0,3,0.30796
341,89,1358,572,224,111,0,3,0.33484
342,89,1360,575,226,112,0,3,0.34088
343,89,1363,578,226,112,0,3,0.36962
344,89,1365,582,228,112,0,3,0.35657
345,89,1367,585,229,113,0,3,0.34523
346,89,1370,588,230,113,0,3,0.3647
347,89,1372,591,231,114,0,3,0.36079
348,89,1375,595,232,114,0,3,0.33902
349,89,1376,596,234,115,0,3,0.32993
350,89,1377,598,236,116,0,3,0.32929
351,89,1379,600,237,117,0,3,0.34749
352,89,1380,602,239,118,0,3,0.33669
353,89,1381,604,241,119,0,3,0.32769
354,89,1382,607,244,119,0,3,0.35034
355,89,1383,609,246,120,0,3,0.37357
356,89,1385,611,248,122,0,3,0.34313
357,89,1386,614,250,122,0,3,0.33887
358,89,1387,616,252,123,0,3,0.32912
359,89,1388,618,255,124,0,3,0.34056
360,89,1390,621,256,125,0,3,0.35368
361,89,1391,623,259,126,0,3,0.36826
362,89,1392,625,261,127,0,3,0.39346
363,89,1393,628,263,127,0,3,0.37752
364,89,1395,630,265,129,0,3,0.39401
365,89,1396,632,267,130,0,3,0.41011
366,89,1397,635,270,130,0,3,0.46894
367,89,1398,637,272,131,0,3,0.50685
368,89,1400,640,274,132,0,3,0.54977
369,89,1401,640,276,132,0,3,0.53899
370,89,1402,640,278,133,0,3,0.52627
371,89,1403,640,280,134,0,3,0.51256
372,89,1404,640,282,135,0,3,0.50294
373,89,1405,640,284,135,0,3,0.48617
374,89,1406,640,286,136,0,3,0.50334
375,89,1407,640,288,137,0,3,0.51281
376,89,1408,640,290,138,0,3,0.54031
98,90,1279,519,7,147,0,10,0.72297
99,90,1275,519,8,147,0,10,0.73649
100,90,1272,519,9,148,0,10,0.73826
101,90,1269,520,10,148,0,10,0.75168
102,90,1266,520,10,149,0,10,0.76
103,90,1263,521,11,149,0,10,0.77333
104,90,1260,521,12,150,0,10,0.77483
105,90,1257,521,12,151,0,10,0.77632
106,90,1254,522,13,151,0,10,0.78289
107,90,1251,522,14,152,0,10,0.78431
108,90,1248,523,15,152,0,10,0.79085
109,90,1244,523,15,152,0,10,0.79739
110,90,1240,523,15,153,0,10,0.7987
111,90,1236,523,15,154,0,10,0.80645
112,90,1233,523,15,154,0,10,0.8129
113,90,1229,523,15,155,0,10,0.8141
114,90,1225,523,15,156,0,10,0.81529
115,90,1222,523,14,156,0,10,0.82166
116,90,1218,523,15,157,0,10,0.82278
117,90,1214,523,15,158,0,10,0.83019
118,90,1211,523,14,159,0,10,0.83125
119,90,1207,523,14,159,0,10,0.8125
120,90,1203,523,15,160,0,10,0.78882
121,90,1199,523,15,161,0,10,0.78395
122,90,1196,523,14,161,0,10,0.79012
123,90,1192,523,14,162,0,10,0.79141
124,90,1188,523,15,163,0,10,0.79878
125,90,1185,523,14,163,0,10,0.80488
126,90,1181,523,14,164,0,10,0.82949
127,90,1177,523,14,165,0,10,0.84217
128,90,1174,523,14,166,0,10,0.86627
129,90,1170,523,14,167,0,10,0.87857
130,90,1166,523,14,168,0,10,0.90217
131,90,1163,523,14,169,0,10,0.93137
132,90,1159,523,14,170,0,10,0.94308
133,90,1156,523,14,171,0,10,0.96589
134,90,1152,523,14,172,0,10,0.98844
135,90,1149,523,14,173,0,10,0.98851
136,90,1145,524,14,173,0,10,0.99425
137,90,1142,524,13,174,0,10,0.99429
138,90,1138,524,14,175,0,10,0.99432
139,90,1135,524,13,176,0,10,0.99435
140,90,1131,524,14,177,0,10,0.99438
141,90,1128,524,13,178,0,10,0.99441
142,90,1124,524,14,179,0,10,0.99444
143,90,1121,524,13,180,0,10,0.98895
144,90,1117,525,13,180,0,10,0.99448
145,90,1114,525,13,181,0,10,0.99451
146,90,1110,525,13,182,0,10,0.99454
147,90,1107,525,13,183,0,10,0.99457
148,90,1103,525,13,184,0,10,0.98919
149,90,1100,525,13,185,0,10,0.98925
150,90,1096,525,13,186,0,10,0.9893
151,90,1093,526,13,187,0,10,0.99468
152,90,1088,526,13,188,0,10,0.99471
153,90,1083,527,13,188,0,10,0.99471
154,90,1078,527,13,190,0,10,0.99476
155,90,1074,528,13,190,0,10,1
156,90,1069,528,13,192,0,10,1
157,90,1064,529,13,192,0,10,1
158,90,1060,530,13,193,0,10,1
159,90,1056,530,14,194,0,10,1
160,90,1053,530,14,196,0,10,1
161,90,1050,530,14,197,0,10,1
162,90,1047,530,14,199,0,10,1
163,90,1044,531,14,199,0,10,1
164,90,1041,531,14,201,0,10,1
165,90,1038,531,14,203,0,10,1
166,90,1034,531,15,204,0,10,1
167,90,1031,532,15,205,0,10,1
168,90,1028,532,15,206,0,10,1
169,90,1025,532,15,208,0,10,1
170,90,1022,532,15,209,0,10,1
171,90,1019,532,15,211,0,10,1
172,90,1016,533,15,212,0,10,1
173,90,1013,533,15,213,0,10,1
174,90,1009,533,17,215,0,10,0.99537
175,90,1006,533,17,216,0,10,0.99539
176,90,1003,534,17,217,0,10,0.99541
177,90,1000,534,17,219,0,10,0.99091
178,90,997,534,17,220,0,10,0.98643
179,90,994,534,17,222,0,10,0.98655
180,90,991,534,17,223,0,10,0.98214
181,90,988,535,17,224,0,10,0.98222
182,90,984,535,18,225,0,10,0.97788
183,90,981,535,18,227,0,10,0.97368
184,90,978,535,18,229,0,10,0.96957
185,90,975,536,18,229,0,10,0.97391
186,90,972,536,18,231,0,10,0.96983
187,90,969,536,18,232,0,10,0.96567
188,90,966,536,18,234,0,10,0.9617
189,90,963,537,19,235,0,10,0.96186
190,90,960,537,20,237,0,10,0.95798
191,90,958,538,20,238,0,10,0.95816
192,90,956,539,20,239,0,10,0.9625
193,90,954,540,20,240,0,10,0.96266
194,90,952,541,20,242,0,10,0.96296
195,90,950,542,20,243,0,10,0.96311
196,90,948,543,20,244,0,10,0.96327
197,90,946,544,20,245,0,10,0.96748
198,90,944,545,20,246,0,10,0.96761
199,90,942,546,20,248,0,10,0.96787
200,90,940,546,20,250,0,10,0.96414
201,90,938,547,20,251,0,10,0.96429
202,90,936,548,20,252,0,10,0.96443
203,90,934,549,20,253,0,10,0.9685
204,90,932,549,21,255,0,10,0.96484
205,90,930,550,21,256,0,10,0.96498
206,90,928,551,21,257,0,10,0.96512
207,90,926,552,21,258,0,10,0.96525
208,90,924,553,22,259,0,10,0.96538
209,90,922,553,22,262,0,10,0.96198
210,90,921,554,22,265,0,10,0.96241
211,90,920,555,22,267,0,10,0.96269
212,90,918,556,23,270,0,10,0.9631
213,90,917,557,23,272,0,10,0.96337
214,90,916,558,23,275,0,10,0.96377
215,90,916,558,23,278,0,10,0.96057
216,90,916,559,23,280,0,10,0.96085
217,90,916,559,24,283,0,10,0.95775
218,90,916,560,24,286,0,10,0.95819
219,90,916,560,24,289,0,10,0.95862
220,90,916,561,25,291,0,10,0.9589
221,90,916,561,25,295,0,10,0.95946
222,90,916,562,26,297,0,10,0.95973
223,90,916,562,26,300,0,10,0.96013
224,90,916,563,26,303,0,10,0.96053
225,90,916,563,27,306,0,10,0.95765
226,90,916,564,27,308,0,10,0.96117
227,90,917,565,27,311,0,10,0.96154
228,90,918,566,27,313,0,10,0.96497
229,90,919,567,28,316,0,10,0.9653
230,90,921,568,27,319,0,10,0.96562
231,90,922,569,28,321,0,10,0.96584
232,90,923,570,28,324,0,10,0.96615
233,90,925,571,28,327,0,10,0.96646
234,90,926,572,28,330,0,10,0.96677
235,90,927,573,29,332,0,10,0.96697
236,90,929,574,28,335,0,10,0.96726
237,90,930,575,29,338,0,10,0.96755
238,90,932,576,29,341,0,10,0.96784
239,90,935,574,30,346,0,10,0.95965
240,90,938,572,31,352,0,10,0.95184
241,90,942,571,31,357,0,10,0.94693
242,90,946,572,32,362,0,10,0.95041
243,90,950,573,33,368,0,10,0.95393
244,90,954,575,34,372,0,10,0.9571
245,90,959,576,34,378,0,10,0.96042
246,90,963,578,35,383,0,10,0.96354
247,90,967,579,36,388,0,10,0.96658
248,90,972,580,36,394,0,10,0.96709
249,90,976,582,37,398,0,10,0.96992
250,90,980,583,38,404,0,10,0.9679
251,90,985,585,39,409,0,10,0.97073
252,90,992,587,39,414,0,10,0.97108
253,90,999,589,40,420,0,10,0.9715
254,90,1006,592,41,424,0,10,0.97412
255,90,1013,594,42,430,0,10,0.97448
256,90,1020,596,43,435,0,10,0.97477
257,90,1027,599,44,440,0,10,0.97732
258,90,1034,601,45,445,0,10,0.97758
259,90,1042,604,45,450,0,10,0.98004
260,90,1052,606,46,452,0,10,0.98013
261,90,1063,609,46,453,0,10,0.98238
262,90,1073,611,48,455,0,10,0.98246
263,90,1084,614,48,457,0,10,0.98472
264,90,1094,616,49,459,0,10,0.98478
265,90,1105,619,50,460,0,10,0.98698
266,90,1115,621,51,462,0,10,0.98056
267,90,1126,624,52,464,0,10,0.97204
268,90,1139,626,51,461,0,10,0.97403
269,90,1152,629,50,458,0,10,0.97603
270,90,1165,632,49,455,0,10,0.97807
271,90,1178,635,48,451,0,10,0.98009
272,90,1191,638,47,448,0,10,0.97773
273,90,1204,641,46,445,0,10,0.97534
274,90,1218,644,45,442,0,10,0.97291
275,90,1234,647,46,439,0,10,0.97045
276,90,1251,651,46,436,0,10,0.97025
277,90,1267,655,47,433,0,10,0.96774
278,90,1284,659,48,430,0,10,0.9652
279,90,1301,664,49,430,0,10,0.95592
280,90,1318,669,51,430,0,10,0.94664
281,90,1335,675,52,430,0,10,0.93735
282,90,1352,680,54,430,0,10,0.92343
283,90,1369,685,55,430,0,10,0.90951
284,90,1386,691,57,430,0,10,0.89559
285,90,1409,696,59,430,0,10,0.88167
286,90,1432,701,61,430,0,10,0.86775
287,90,1455,706,63,430,0,10,0.85383
288,90,1478,711,65,430,0,10,0.83991
289,90,1502,716,66,430,0,10,0.82599
290,90,1531,724,68,430,0,10,0.80974
291,90,1561,732,69,430,0,10,0.78886
292,90,1595,744,70,430,0,10,0.76566
293,90,1629,757,72,429,0,10,0.74419
294,90,1663,769,74,429,0,10,0.72093
295,90,1698,782,75,429,0,10,0.6814
296,90,1742,797,76,429,0,10,0.64186
297,90,1786,812,78,429,0,10,0.60233
298,90,1831,827,79,429,0,10,0.56047
98,91,1270,446,39,83,0,11,1
99,91,1267,445,39,83,0,11,1
100,91,1264,445,39,83,0,11,1
101,91,1261,445,39,83,0,11,1
102,91,1258,445,39,83,0,11,1
103,91,1255,445,39,83,0,11,1
104,91,1252,445,39,83,0,11,1
105,91,1249,445,39,83,0,11,1
106,91,1246,445,39,83,0,11,1
107,91,1243,445,39,83,0,11,1
108,91,1240,445,39,83,0,11,1
109,91,1237,445,39,83,0,11,1
110,91,1235,445,39,83,0,11,1
111,91,1231,444,39,83,0,11,1
112,91,1227,444,39,83,0,11,1
113,91,1224,444,39,83,0,11,1
114,91,1220,444,39,83,0,11,1
115,91,1216,444,39,83,0,11,1
116,91,1213,444,39,83,0,11,1
117,91,1209,443,39,83,0,11,1
118,91,1206,443,39,83,0,11,1
119,91,1202,443,39,83,0,11,1
120,91,1198,443,39,83,0,11,1
121,91,1195,443,39,83,0,11,1
122,91,1191,443,39,83,0,11,1
123,91,1188,443,39,83,0,11,1
124,91,1184,442,39,83,0,11,1
125,91,1180,442,39,83,0,11,1
126,91,1176,442,39,83,0,11,1
127,91,1172,442,39,83,0,11,1
128,91,1168,442,39,83,0,11,1
129,91,1164,442,39,83,0,11,1
130,91,1160,442,39,83,0,11,1
131,91,1156,441,39,83,0,11,1
132,91,1152,441,39,83,0,11,1
133,91,1148,441,39,83,0,11,1
134,91,1144,441,39,83,0,11,1
135,91,1140,441,39,83,0,11,1
136,91,1136,441,39,83,0,11,1
137,91,1132,441,39,83,0,11,1
138,91,1128,441,39,83,0,11,1
139,91,1124,440,39,84,0,11,1
140,91,1120,440,39,84,0,11,1
141,91,1116,439,40,85,0,11,1
142,91,1112,439,40,85,0,11,1
143,91,1108,439,40,86,0,11,1
144,91,1104,438,41,87,0,11,1
145,91,1100,438,41,87,0,11,1
146,91,1096,438,41,87,0,11,1
147,91,1092,437,42,88,0,11,1
148,91,1088,437,42,89,0,11,1
149,91,1084,437,42,89,0,11,1
150,91,1080,436,43,90,0,11,1
151,91,1076,436,43,90,0,11,1
152,91,1072,435,43,91,0,11,1
153,91,1068,435,44,92,0,11,1
154,91,1064,435,44,92,0,11,1
155,91,1060,434,44,93,0,11,1
156,91,1056,434,45,93,0,11,1
157,91,1052,434,45,94,0,11,1
158,91,1048,433,45,95,0,11,1
159,91,1044,433,46,95,0,11,1
160,91,1040,433,46,95,0,11,1
161,91,1036,432,46,96,0,11,1
162,91,1032,432,47,97,0,11,1
163,91,1028,431,47,98,0,11,1
164,91,1024,431,47,98,0,11,1
165,91,1020,431,48,98,0,11,1
166,91,1016,430,48,99,0,11,1
167,91,1012,430,48,100,0,11,1
168,91,1008,430,49,100,0,11,1
169,91,1004,429,49,101,0,11,1
170,91,1000,429,49,101,0,11,1
171,91,997,429,49,102,0,11,1
172,91,994,429,50,102,0,11,1
173,91,992,429,50,103,0,11,1
174,91,990,429,50,104,0,11,1
175,91,987,429,51,104,0,11,1
176,91,985,429,51,105,0,11,1
177,91,983,429,51,106,0,11,1
178,91,981,430,51,106,0,11,1
179,91,977,429,52,107,0,11,1
180,91,974,429,52,108,0,11,1
181,91,971,429,53,109,0,11,1
182,91,968,429,53,110,0,11,1
183,91,965,429,54,111,0,11,1
184,91,962,429,54,112,0,11,1
185,91,958,428,56,113,0,11,1
186,91,955,428,56,114,0,11,1
187,91,952,428,57,115,0,11,1
188,91,949,428,57,116,0,11,1
189,91,946,428,58,117,0,11,1
190,91,943,428,58,118,0,11,1
191,91,940,428,59,119,0,11,1
192,91,937,427,60,120,0,11,1
193,91,935,427,60,121,0,11,1
194,91,932,427,61,122,0,11,1
195,91,930,427,61,123,0,11,1
196,91,927,427,62,124,0,11,1
197,91,925,427,62,124,0,11,1
198,91,922,427,63,125,0,11,1
199,91,920,427,63,126,0,11,1
200,91,917,426,65,128,0,11,1
201,91,915,426,65,129,0,11,1
202,91,912,426,66,130,0,11,1
203,91,910,426,66,130,0,11,1
204,91,907,426,67,131,0,11,1
205,91,905,426,67,132,0,11,1
206,91,902,426,68,133,0,11,1
207,91,900,426,68,134,0,11,1
208,91,898,426,69,135,0,11,1
209,91,897,426,70,136,0,11,1
210,91,896,426,71,137,0,11,1
211,91,896,426,71,138,0,11,1
212,91,895,426,72,139,0,11,1
213,91,895,426,72,140,0,11,1
214,91,894,426,73,141,0,11,1
215,91,893,426,74,142,0,11,1
216,91,893,426,74,143,0,11,1
217,91,892,426,75,144,0,11,1
218,91,892,426,75,145,0,11,1
219,91,891,425,76,146,0,11,1
220,91,891,424,76,148,0,11,1
221,91,890,423,78,149,0,11,1
222,91,890,422,78,151,0,11,1
223,91,889,421,79,152,0,11,1
224,91,889,420,80,154,0,11,1
225,91,889,419,80,156,0,11,1
226,91,888,418,81,157,0,11,1
227,91,888,417,82,159,0,11,1
228,91,887,416,83,160,0,11,1
229,91,887,415,83,162,0,11,1
230,91,887,414,84,164,0,11,1
231,91,888,412,85,167,0,11,1
232,91,890,411,86,169,0,11,1
233,91,892,410,86,171,0,11,1
234,91,894,408,87,174,0,11,1
235,91,896,407,87,176,0,11,1
236,91,897,406,89,178,0,11,1
237,91,899,405,89,180,0,11,1
238,91,901,403,90,183,0,11,1
239,91,903,402,90,185,0,11,1
240,91,905,401,91,187,0,11,1
241,91,907,400,92,189,0,11,1
242,91,911,399,92,190,0,11,1
243,91,915,398,93,191,0,11,1
244,91,919,397,94,193,0,11,1
245,91,923,396,94,194,0,11,1
246,91,927,395,95,196,0,11,1
247,91,931,394,96,197,0,11,1
248,91,936,394,96,198,0,11,1
249,91,942,392,97,201,0,11,1
250,91,948,390,98,205,0,11,1
251,91,954,388,99,208,0,11,1
252,91,960,386,100,212,0,11,1
253,91,965,384,104,216,0,11,1
254,91,971,382,107,220,0,11,1
255,91,977,380,110,224,0,11,1
256,91,983,378,114,228,0,11,1
257,91,989,376,117,232,0,11,1
258,91,995,374,120,236,0,11,1
259,91,1001,372,123,240,0,11,1
260,91,1007,370,127,244,0,11,1
261,91,1017,368,130,248,0,11,1
262,91,1028,366,132,252,0,11,1
263,91,1039,364,134,256,0,11,1
264,91,1050,362,137,260,0,11,1
265,91,1061,361,139,263,0,11,1
266,91,1071,359,142,267,0,11,1
267,91,1082,357,145,271,0,11,1
268,91,1093,355,147,275,0,11,1
269,91,1104,353,149,279,0,11,1
270,91,1115,352,152,282,0,11,1
271,91,1129,348,156,289,0,11,1
272,91,1144,344,159,297,0,11,1
273,91,1159,340,162,305,0,11,1
274,91,1173,336,166,313,0,11,1
275,91,1188,332,169,321,0,11,1
276,91,1203,329,173,327,0,11,1
277,91,1218,325,176,335,0,11,1
278,91,1232,321,180,343,0,11,1
279,91,1247,317,183,351,0,11,1
280,91,1262,313,186,359,0,11,1
281,91,1277,310,190,366,0,11,1
282,91,1297,302,198,380,0,11,1
283,91,1317,295,207,393,0,11,1
284,91,1338,288,214,406,0,11,1
285,91,1358,281,223,419,0,11,1
286,91,1379,274,230,432,0,11,1
287,91,1399,267,239,445,0,11,1
288,91,1420,260,246,458,0,11,1
289,91,1440,253,255,471,0,11,1
290,91,1461,246,263,485,0,11,1
291,91,1491,235,276,505,0,11,1
292,91,1522,224,289,526,0,11,1
293,91,1553,213,302,547,0,11,1
294,91,1584,203,315,567,0,11,1
295,91,1625,196,309,591,0,11,1
296,91,1667,189,303,615,0,11,1
297,91,1708,182,298,639,0,11,1
298,91,1750,176,292,663,0,11,1
299,91,1801,167,292,698,0,11,1
18,92,1339,398,13,188,0,10,1
19,92,1341,398,13,188,0,10,1
20,92,1343,398,13,188,0,10,1
21,92,1345,398,13,188,0,10,1
22,92,1347,398,13,188,0,10,1
23,92,1349,399,13,188,0,10,1
24,92,1351,399,13,188,0,10,1
25,92,1353,399,13,188,0,10,1
26,92,1355,399,13,188,0,10,0.91534
27,92,1357,399,13,188,0,10,0.71429
28,92,1359,400,13,188,0,10,0.71958
29,92,1360,400,13,188,0,10,0.73545
30,92,1362,401,13,188,0,10,0.74074
31,92,1364,402,13,188,0,10,0.7672
32,92,1366,403,13,188,0,10,0.77249
33,92,1368,404,13,188,0,10,0.70899
34,92,1370,404,13,188,0,10,0.69312
35,92,1372,405,13,188,0,10,1
36,92,1374,406,13,188,0,10,1
37,92,1376,407,13,188,0,10,1
38,92,1378,408,13,188,0,10,1
39,92,1380,411,13,188,0,10,1
40,92,1383,415,13,188,0,10,1
41,92,1385,418,13,188,0,10,1
42,92,1388,422,13,188,0,10,1
43,92,1391,426,13,188,0,10,1
44,92,1393,429,13,188,0,10,1
45,92,1396,433,13,188,0,10,1
46,92,1398,436,13,188,0,10,1
47,92,1401,440,13,188,0,10,1
48,92,1404,444,13,188,0,10,1
49,92,1406,444,13,188,0,10,1
50,92,1408,444,13,188,0,10,1
51,92,1410,444,13,188,0,10,1
52,92,1412,444,13,188,0,10,1
53,92,1414,444,13,188,0,10,1
54,92,1416,444,13,188,0,10,1
55,92,1418,444,13,188,0,10,1
56,92,1420,444,13,188,0,10,1
57,92,1422,444,13,188,0,10,1
58,92,1424,445,13,188,0,10,1
59,92,1425,445,13,188,0,10,1
60,92,1426,445,13,188,0,10,1
61,92,1428,445,13,188,0,10,1
62,92,1429,445,13,188,0,10,1
63,92,1431,445,13,188,0,10,1
64,92,1432,445,13,188,0,10,1
65,92,1433,445,13,188,0,10,1
66,92,1435,445,13,188,0,10,1
67,92,1436,445,13,188,0,10,1
68,92,1438,445,13,188,0,10,1
69,92,1437,445,13,188,0,10,1
70,92,1437,445,13,188,0,10,1
71,92,1437,446,13,188,0,10,1
72,92,1437,446,13,188,0,10,1
73,92,1437,447,13,188,0,10,1
74,92,1437,447,13,188,0,10,1
75,92,1437,448,13,188,0,10,1
76,92,1435,448,13,188,0,10,1
77,92,1434,449,13,188,0,10,1
78,92,1433,449,13,188,0,10,1
79,92,1432,450,13,188,0,10,1
80,92,1430,450,13,188,0,10,1
81,92,1429,451,13,188,0,10,1
82,92,1428,452,13,188,0,10,1
83,92,1427,452,13,188,0,10,1
84,92,1425,453,13,188,0,10,1
85,92,1424,453,13,188,0,10,1
86,92,1423,454,13,188,0,10,1
87,92,1422,455,13,188,0,10,1
88,92,1419,455,13,188,0,10,1
89,92,1417,456,13,188,0,10,1
90,92,1415,456,13,188,0,10,1
91,92,1413,457,13,188,0,10,1
92,92,1411,457,13,188,0,10,1
93,92,1409,458,13,188,0,10,1
94,92,1407,458,13,188,0,10,1
95,92,1405,459,13,188,0,10,1
96,92,1403,459,13,188,0,10,1
97,92,1401,460,13,188,0,10,1
98,92,1399,461,13,188,0,10,1
99,92,1396,461,13,188,0,10,1
100,92,1393,462,13,188,0,10,1
101,92,1390,463,13,188,0,10,1
102,92,1387,464,13,188,0,10,1
103,92,1385,465,13,188,0,10,1
104,92,1382,466,13,188,0,10,1
105,92,1379,467,13,188,0,10,1
106,92,1376,468,13,188,0,10,1
107,92,1373,469,13,188,0,10,1
108,92,1371,469,13,188,0,10,1
109,92,1368,470,13,188,0,10,1
110,92,1365,471,13,188,0,10,1
111,92,1362,472,13,188,0,10,1
112,92,1359,473,13,188,0,10,1
113,92,1357,474,13,188,0,10,1
114,92,1354,475,13,188,0,10,1
115,92,1351,476,13,188,0,10,1
116,92,1348,477,13,188,0,10,1
117,92,1346,478,13,188,0,10,1
118,92,1342,478,13,188,0,10,1
119,92,1339,479,13,188,0,10,1
120,92,1336,480,13,188,0,10,1
121,92,1333,481,13,188,0,10,1
122,92,1329,482,13,188,0,10,1
123,92,1326,483,13,188,0,10,1
124,92,1323,484,13,188,0,10,1
125,92,1320,485,13,188,0,10,1
126,92,1316,486,13,188,0,10,1
127,92,1313,487,13,188,0,10,1
128,92,1310,488,13,188,0,10,1
129,92,1307,489,13,188,0,10,1
130,92,1303,490,13,188,0,10,1
131,92,1300,491,13,188,0,10,0.95465
132,92,1297,492,13,188,0,10,0.94142
133,92,1294,493,13,188,0,10,0.93953
134,92,1290,494,13,188,0,10,0.95011
135,92,1287,495,13,188,0,10,0.95314
136,92,1284,496,13,188,0,10,0.95616
137,92,1281,497,13,188,0,10,0.94709
138,92,1278,498,13,188,0,10,0.94898
139,92,1275,497,13,190,0,10,0.94951
140,92,1272,497,14,191,0,10,0.95312
141,92,1270,496,13,193,0,10,0.94845
142,92,1267,496,14,194,0,10,0.95214
143,92,1265,495,14,196,0,10,0.94112
144,92,1262,495,14,197,0,10,0.95118
145,92,1259,494,15,199,0,10,0.94375
146,92,1257,494,14,200,0,10,0.95025
147,92,1254,493,15,202,0,10,0.94273
148,92,1252,493,15,204,0,10,0.94329
149,92,1248,492,15,206,0,10,0.95169
150,92,1244,492,15,207,0,10,0.95343
151,92,1240,491,16,209,0,10,0.95518
152,92,1237,491,15,210,0,10,0.95261
153,92,1233,490,16,212,0,10,0.95581
154,92,1229,490,16,213,0,10,0.9365
155,92,1225,489,17,215,0,10,0.9321
156,92,1222,489,16,216,0,10,0.9306
157,92,1218,488,17,218,0,10,0.92237
158,92,1214,488,17,220,0,10,0.92534
159,92,1210,487,18,222,0,10,0.92211
160,92,1207,487,17,223,0,10,0.93254
161,92,1203,486,18,225,0,10,0.93479
162,92,1199,486,18,226,0,10,0.94319
163,92,1195,485,19,228,0,10,0.94498
164,92,1192,485,18,229,0,10,0.95057
165,92,1188,484,19,231,0,10,0.94569
166,92,1184,484,19,232,0,10,0.94292
167,92,1181,484,19,234,0,10,0.94043
168,92,1179,483,19,236,0,10,0.95063
169,92,1177,483,19,237,0,10,1
170,92,1175,483,20,239,0,10,1
171,92,1173,483,20,240,0,10,1
172,92,1171,482,20,242,0,10,1
173,92,1169,482,21,244,0,10,1
174,92,1167,482,21,245,0,10,1
175,92,1165,482,21,246,0,10,1
176,92,1164,482,21,248,0,10,1
177,92,1162,482,21,249,0,10,1
178,92,1160,482,22,251,0,10,1
179,92,1158,482,22,253,0,10,1
180,92,1157,483,22,254,0,10,0.94408
181,92,1155,483,22,256,0,10,0.95145
182,92,1153,483,23,258,0,10,0.94723
183,92,1151,483,23,260,0,10,0.94764
184,92,1150,484,23,261,0,10,0.94132
185,92,1148,484,24,262,0,10,0.94388
186,92,1147,484,24,264,0,10,0.9443
187,92,1146,484,24,266,0,10,0.94472
188,92,1145,485,24,267,0,10,0.9403
189,92,1144,483,24,271,0,10,0.93206
190,92,1143,481,25,276,0,10,0.92974
191,92,1142,479,25,280,0,10,1
192,92,1141,478,26,284,0,10,1
193,92,1140,476,26,288,0,10,1
194,92,1139,474,27,293,0,10,1
195,92,1138,472,27,297,0,10,1
196,92,1137,471,28,301,0,10,1
197,92,1136,469,28,306,0,10,1
198,92,1135,467,29,310,0,10,1
199,92,1134,466,29,314,0,10,1
200,92,1133,464,30,318,0,10,1
201,92,1132,462,30,323,0,10,1
202,92,1131,460,31,327,0,10,1
203,92,1130,459,31,331,0,10,1
204,92,1129,457,32,335,0,10,1
205,92,1128,455,32,340,0,10,1
206,92,1128,454,32,344,0,10,1
207,92,1128,452,32,348,0,10,1
208,92,1128,451,33,352,0,10,1
209,92,1128,450,33,356,0,10,1
210,92,1128,448,34,361,0,10,1
211,92,1128,447,34,365,0,10,1
212,92,1128,446,35,369,0,10,1
213,92,1128,444,35,374,0,10,1
214,92,1128,443,36,378,0,10,1
215,92,1128,442,36,382,0,10,1
216,92,1128,440,37,387,0,10,1
217,92,1128,439,37,391,0,10,1
218,92,1128,438,38,395,0,10,1
219,92,1129,437,38,399,0,10,1
220,92,1131,436,39,403,0,10,1
221,92,1134,435,39,407,0,10,1
222,92,1137,434,39,412,0,10,1
223,92,1139,433,40,416,0,10,1
224,92,1142,432,40,421,0,10,1
225,92,1145,432,41,424,0,10,1
226,92,1147,431,42,428,0,10,1
227,92,1150,430,42,433,0,10,1
228,92,1153,429,42,437,0,10,1
229,92,1155,428,43,442,0,10,1
230,92,1158,427,43,446,0,10,1
231,92,1161,427,44,450,0,10,1
232,92,1166,427,44,454,0,10,1
233,92,1171,427,45,459,0,10,1
234,92,1176,427,45,463,0,10,1
235,92,1181,428,46,467,0,10,1
236,92,1186,428,46,471,0,10,1
237,92,1191,428,47,476,0,10,1
238,92,1197,429,47,480,0,10,1
239,92,1204,426,47,489,0,10,1
240,92,1212,424,47,497,0,10,1
241,92,1219,422,48,505,0,10,1
242,92,1227,420,47,513,0,10,1
243,92,1234,417,48,522,0,10,1
244,92,1242,415,48,530,0,10,1
245,92,1249,413,48,538,0,10,1
246,92,1257,411,48,546,0,10,1
247,92,1265,409,48,554,0,10,1
248,92,1276,407,48,562,0,10,1
249,92,1287,405,48,570,0,10,1
250,92,1298,403,48,579,0,10,1
251,92,1309,401,48,587,0,10,1
252,92,1320,399,48,596,0,10,1
253,92,1331,397,48,604,0,10,1
254,92,1342,396,49,612,0,10,1
255,92,1356,394,49,620,0,10,0.87053
256,92,1371,393,49,628,0,10,0.87644
257,92,1386,391,49,637,0,10,0.88238
258,92,1401,390,49,645,0,10,0.88384
259,92,1413,401,49,645,0,10,0.90043
260,92,1425,413,49,645,0,10,0.89672
261,92,1438,425,49,645,0,10,0.90043
262,92,1454,427,49,645,0,10,0.91146
263,92,1471,429,49,645,0,10,0.90805
264,92,1488,431,49,645,0,10,0.90464
265,92,1505,434,49,645,0,10,0.90898
266,92,1526,441,49,645,0,10,0.88966
267,92,1548,448,49,645,0,10,0.90341
268,92,1570,455,49,645,0,10,0.8961
269,92,1588,453,49,645,0,10,0.97214
270,92,1607,452,49,645,0,10,0.97368
271,92,1626,451,49,645,0,10,0.97523
272,92,1654,450,49,645,0,10,0.97678
273,92,1682,449,49,645,0,10,0.97833
274,92,1710,448,49,645,0,10,0.97988
275,92,1737,447,49,645,0,10,0.98142
276,92,1765,447,49,645,0,10,0.98142
277,92,1792,446,49,645,0,10,0.98297
278,92,1820,446,49,645,0,10,0.98297
279,92,1850,449,49,645,0,10,0.97833
122,93,1364,458,15,203,0,10,1
123,93,1360,457,15,204,0,10,1
124,93,1357,457,15,205,0,10,1
125,93,1354,457,15,206,0,10,1
126,93,1351,457,15,207,0,10,1
127,93,1348,457,14,208,0,10,1
128,93,1344,457,15,208,0,10,1
129,93,1341,457,15,209,0,10,1
130,93,1338,457,15,210,0,10,1
131,93,1335,456,14,212,0,10,0.70423
132,93,1332,456,14,213,0,10,0.70561
133,93,1328,456,15,213,0,10,0.70561
134,93,1325,456,15,214,0,10,0.70698
135,93,1322,456,14,215,0,10,0.70833
136,93,1319,456,14,216,0,10,0.70968
137,93,1316,456,14,217,0,10,0.71101
138,93,1313,456,14,218,0,10,0.71233
139,93,1310,456,14,218,0,10,0.71233
140,93,1307,456,14,219,0,10,0.71364
141,93,1305,456,14,220,0,10,0.71493
142,93,1302,456,14,221,0,10,0.71622
143,93,1299,456,14,222,0,10,0.71749
144,93,1297,456,14,223,0,10,0.71875
145,93,1294,456,14,224,0,10,0.72
146,93,1291,456,14,225,0,10,0.72124
147,93,1289,456,14,226,0,10,0.72247
148,93,1286,456,14,227,0,10,0.72368
149,93,1283,456,14,228,0,10,0.72489
150,93,1281,456,14,229,0,10,0.73043
151,93,1278,456,14,230,0,10,0.7316
152,93,1276,456,14,231,0,10,0.73276
153,93,1272,455,14,232,0,10,0.73391
154,93,1269,454,14,233,0,10,0.73504
155,93,1265,453,14,234,0,10,0.73617
156,93,1262,452,14,235,0,10,0.74153
157,93,1258,451,14,236,0,10,0.7384
158,93,1255,450,14,237,0,10,0.7395
159,93,1251,449,14,238,0,10,0.74059
160,93,1248,448,14,239,0,10,0.7375
161,93,1245,448,14,240,0,10,0.73859
162,93,1242,447,14,241,0,10,0.73967
163,93,1239,447,14,242,0,10,0.74074
164,93,1237,447,13,242,0,10,0.74074
165,93,1234,446,14,244,0,10,0.74286
166,93,1231,446,14,245,0,10,0.73171
167,93,1229,446,13,245,0,10,0.72358
168,93,1226,446,13,246,0,10,0.7247
169,93,1223,445,14,248,0,10,1
170,93,1221,445,13,248,0,10,1
171,93,1218,445,13,249,0,10,1
172,93,1216,445,13,250,0,10,1
173,93,1214,445,13,250,0,10,1
174,93,1213,445,13,251,0,10,1
175,93,1211,445,13,252,0,10,1
176,93,1210,445,13,253,0,10,1
177,93,1209,445,13,254,0,10,1
178,93,1207,445,13,255,0,10,1
179,93,1206,445,13,256,0,10,1
180,93,1204,445,13,257,0,10,0.72868
181,93,1203,445,13,258,0,10,0.72973
182,93,1202,445,13,259,0,10,0.73077
183,93,1200,444,13,261,0,10,0.73282
184,93,1199,443,13,264,0,10,0.73585
185,93,1198,442,13,266,0,10,0.73783
186,93,1196,442,14,268,0,10,0.73978
187,93,1195,441,14,270,0,10,0.7417
188,93,1194,440,14,273,0,10,0.74453
189,93,1193,440,14,275,0,10,0.74638
190,93,1191,439,15,277,0,10,0.73741
191,93,1190,438,15,280,0,10,1
192,93,1189,437,15,282,0,10,1
193,93,1187,437,16,284,0,10,1
194,93,1186,436,16,286,0,10,1
195,93,1185,435,16,289,0,10,1
196,93,1184,435,16,291,0,10,1
197,93,1183,434,17,294,0,10,1
198,93,1183,434,17,296,0,10,1
199,93,1183,434,17,298,0,10,1
200,93,1183,434,17,300,0,10,1
201,93,1183,433,17,303,0,10,1
202,93,1183,433,17,305,0,10,1
203,93,1182,433,18,307,0,10,1
204,93,1182,433,18,309,0,10,1
205,93,1182,432,18,312,0,10,1
206,93,1182,432,18,314,0,10,1
207,93,1182,432,18,316,0,10,1
208,93,1182,432,18,318,0,10,1
209,93,1182,432,18,320,0,10,1
210,93,1183,431,18,322,0,10,1
211,93,1184,430,19,324,0,10,1
212,93,1186,429,18,327,0,10,1
213,93,1187,428,19,329,0,10,1
214,93,1189,428,18,331,0,10,1
215,93,1190,427,19,333,0,10,1
216,93,1192,426,18,336,0,10,1
217,93,1193,425,19,338,0,10,1
218,93,1195,425,19,340,0,10,1
219,93,1197,425,19,342,0,10,1
220,93,1199,425,20,345,0,10,1
221,93,1202,425,19,347,0,10,1
222,93,1204,426,20,349,0,10,1
223,93,1206,426,20,351,0,10,1
224,93,1209,426,20,354,0,10,1
225,93,1211,426,20,356,0,10,1
226,93,1214,427,20,358,0,10,1
227,93,1217,426,20,361,0,10,1
228,93,1221,426,20,363,0,10,1
229,93,1224,426,21,365,0,10,1
230,93,1228,426,20,367,0,10,1
231,93,1231,426,21,369,0,10,1
232,93,1235,426,21,371,0,10,1
233,93,1239,428,21,371,0,10,1
234,93,1243,431,21,371,0,10,1
235,93,1247,434,21,371,0,10,1
236,93,1253,437,21,371,0,10,1
237,93,1259,440,21,371,0,10,1
238,93,1265,443,21,371,0,10,1
239,93,1271,446,21,371,0,10,1
240,93,1277,449,21,371,0,10,1
241,93,1283,452,21,371,0,10,1
242,93,1289,455,21,371,0,10,1
243,93,1295,458,21,371,0,10,1
244,93,1301,461,21,371,0,10,1
245,93,1307,464,21,371,0,10,1
246,93,1316,467,21,371,0,10,1
247,93,1325,471,21,371,0,10,1
248,93,1335,475,21,371,0,10,1
249,93,1344,478,21,371,0,10,1
250,93,1354,482,21,371,0,10,1
251,93,1363,486,21,371,0,10,1
252,93,1373,490,21,371,0,10,1
253,93,1383,484,21,380,0,10,1
254,93,1393,479,22,388,0,10,1
255,93,1403,474,23,396,0,10,0.68766
256,93,1415,469,23,404,0,10,0.58704
257,93,1427,464,24,412,0,10,0.49743
258,93,1439,459,25,420,0,10,0.41696
259,93,1452,454,25,429,0,10,0.44544
260,93,1464,449,26,437,0,10,0.44918
261,93,1476,444,27,445,0,10,0.42409
262,93,1489,439,27,454,0,10,0.34388
263,93,1505,437,27,463,0,10,0.31127
264,93,1521,436,28,471,0,10,0.29544
265,93,1537,435,29,479,0,10,0.28417
266,93,1553,433,30,488,0,10,0.18207
267,93,1569,432,30,496,0,10,0.055949
268,93,1585,431,31,504,0,10,0.023762
269,93,1602,429,31,513,0,10,0.046693
270,93,1618,428,32,521,0,10,0.045977
271,93,1634,427,32,529,0,10,0.045283
272,93,1650,425,33,538,0,10,0.15857
273,93,1666,424,34,546,0,10,0.48195
274,93,1682,423,35,554,0,10,0.78779
275,93,1699,422,35,562,0,10,1
276,93,1718,426,36,570,0,10,1
277,93,1737,430,37,578,0,10,1
278,93,1757,434,37,587,0,10,1
279,93,1781,432,38,595,0,10,1
280,93,1806,431,38,603,0,10,1
281,93,1830,429,39,612,0,10,1
282,93,1855,428,39,620,0,10,1
283,93,1874,428,39,620,0,10,1
330,94,1224,530,19,170,0,10,0.95322
331,94,1226,529,19,172,0,10,0.9711
332,94,1229,528,18,175,0,10,0.98295
333,94,1231,528,19,177,0,10,1
334,94,1234,527,18,180,0,10,1
335,94,1236,526,19,182,0,10,1
336,94,1239,526,18,184,0,10,1
337,94,1241,525,19,187,0,10,1
338,94,1244,524,18,190,0,10,0.98953
339,94,1247,524,18,192,0,10,0.98446
340,94,1249,526,18,191,0,10,0.98438
341,94,1251,528,18,191,0,10,0.98438
342,94,1254,530,18,191,0,10,0.97917
343,94,1256,532,18,191,0,10,0.97917
344,94,1259,534,18,191,0,10,0.97917
345,94,1261,536,18,191,0,10,0.97396
346,94,1264,538,18,191,0,10,0.97396
347,94,1266,540,18,191,0,10,0.97396
348,94,1269,542,18,191,0,10,0.96875
349,94,1271,544,18,191,0,10,0.96875
350,94,1274,546,18,191,0,10,0.96354
351,94,1275,548,18,196,0,10,0.96447
352,94,1277,550,18,201,0,10,0.96535
353,94,1279,552,18,206,0,10,0.96618
354,94,1281,554,17,211,0,10,0.96698
355,94,1282,557,18,215,0,10,0.96759
356,94,1284,559,18,220,0,10,0.96833
357,94,1286,561,17,225,0,10,0.96903
358,94,1288,563,17,230,0,10,0.9697
359,94,1289,565,18,235,0,10,0.97034
360,94,1291,568,18,239,0,10,0.97083
361,94,1293,570,17,244,0,10,0.97143
362,94,1295,572,17,249,0,10,0.86311
363,94,1296,574,18,254,0,10,0.8388
364,94,1298,576,17,259,0,10,0.82692
365,94,1300,579,17,263,0,10,0.82197
366,94,1302,581,17,268,0,10,0.81784
367,94,1303,583,17,273,0,10,0.82948
368,94,1305,585,17,278,0,10,0.82597
369,94,1307,587,17,283,0,10,0.80869
370,94,1309,590,17,287,0,10,0.80671
371,94,1308,589,18,290,0,10,0.84409
372,94,1308,589,18,292,0,10,0.87354
373,94,1308,589,18,295,0,10,0.90149
374,94,1307,588,19,298,0,10,0.8903
375,94,1307,588,19,300,0,10,0.88987
376,94,1307,588,19,303,0,10,0.8898
330,95,1204,428,52,109,0,11,1
331,95,1207,424,53,109,0,11,1
332,95,1210,420,54,110,0,11,1
333,95,1213,416,55,110,0,11,1
334,95,1217,412,55,111,0,11,1
335,95,1218,412,56,111,0,11,1
336,95,1220,412,56,112,0,11,1
337,95,1221,412,57,112,0,11,1
338,95,1223,412,57,113,0,11,1
339,95,1225,413,58,113,0,11,1
340,95,1226,414,59,114,0,11,1
341,95,1228,416,60,114,0,11,1
342,95,1230,418,60,115,0,11,1
343,95,1232,420,61,115,0,11,1
344,95,1234,422,62,115,0,11,1
345,95,1236,424,62,116,0,11,1
346,95,1238,426,63,116,0,11,1
347,95,1240,428,64,116,0,11,1
348,95,1242,430,64,117,0,11,1
349,95,1244,432,65,117,0,11,1
350,95,1246,434,66,118,0,11,1
351,95,1247,434,66,120,0,11,1
352,95,1249,435,66,121,0,11,1
353,95,1251,436,66,122,0,11,1
354,95,1253,437,66,123,0,11,1
355,95,1255,438,65,125,0,11,1
356,95,1256,439,66,126,0,11,1
357,95,1258,440,66,127,0,11,1
358,95,1260,441,66,128,0,11,1
359,95,1262,442,65,129,0,11,1
360,95,1264,443,65,131,0,11,1
361,95,1265,443,66,133,0,11,1
362,95,1267,444,66,134,0,11,1
363,95,1269,445,65,135,0,11,1
364,95,1271,446,65,136,0,11,1
365,95,1273,447,65,138,0,11,1
366,95,1274,448,66,139,0,11,1
367,95,1276,449,65,140,0,11,1
368,95,1278,450,65,141,0,11,1
369,95,1280,451,65,142,0,11,1
370,95,1282,452,65,144,0,11,1
371,95,1281,450,66,146,0,11,1
372,95,1281,449,67,147,0,11,1
373,95,1281,448,67,148,0,11,1
374,95,1280,447,69,149,0,11,1
375,95,1280,446,70,150,0,11,1
376,95,1280,444,70,152,0,11,1
270,96,1102,435,19,233,0,10,0.70085
271,96,1109,435,19,233,0,10,1
272,96,1116,436,19,233,0,10,1
273,96,1123,437,19,233,0,10,1
274,96,1130,438,19,233,0,10,1
275,96,1138,439,19,233,0,10,1
276,96,1145,440,19,233,0,10,1
277,96,1152,441,19,233,0,10,1
278,96,1159,442,19,233,0,10,1
279,96,1166,443,19,233,0,10,1
280,96,1174,444,19,233,0,10,1
281,96,1181,444,19,233,0,10,1
282,96,1188,445,19,233,0,10,1
283,96,1195,445,20,233,0,10,1
284,96,1202,446,20,233,0,10,1
285,96,1209,447,21,232,0,10,1
286,96,1216,447,21,233,0,10,1
287,96,1223,448,21,232,0,10,1
288,96,1230,448,22,233,0,10,1
289,96,1237,449,22,232,0,10,0.92834
290,96,1244,450,23,232,0,10,0.75966
291,96,1251,449,23,232,0,10,0.7382
292,96,1258,449,23,232,0,10,0.74678
293,96,1265,448,23,232,0,10,0.75536
294,96,1272,448,23,232,0,10,0.75966
295,96,1279,447,23,232,0,10,0.73498
296,96,1286,447,23,232,0,10,0.7103
297,96,1293,446,23,232,0,10,0.68187
298,96,1300,446,23,232,0,10,0.65236
299,96,1307,445,23,232,0,10,0.6309
300,96,1315,445,23,232,0,10,0.59675
301,96,1322,446,23,232,0,10,0.57189
302,96,1329,447,23,232,0,10,0.55794
303,96,1337,449,23,232,0,10,0.55365
304,96,1344,450,23,232,0,10,0.55794
305,96,1352,452,23,232,0,10,0.55794
306,96,1359,453,23,232,0,10,0.56223
307,96,1366,454,23,232,0,10,0.56652
308,96,1374,456,23,232,0,10,0.56223
309,96,1381,457,23,232,0,10,0.56652
310,96,1389,459,23,232,0,10,0.56652
311,96,1395,451,23,236,0,10,0.49367
312,96,1402,454,23,239,0,10,0.47917
313,96,1410,457,22,243,0,10,0.46311
314,96,1417,460,23,247,0,10,0.59543
315,96,1425,463,22,251,0,10,0.60386
316,96,1432,467,23,253,0,10,0.62057
317,96,1440,470,22,257,0,10,0.63313
318,96,1447,473,23,261,0,10,0.95833
319,96,1455,476,22,265,0,10,1
320,96,1463,480,22,268,0,10,1
321,96,1469,479,23,270,0,10,1
322,96,1475,479,24,271,0,10,1
323,96,1482,479,24,273,0,10,1
324,96,1488,479,25,274,0,10,1
325,96,1495,479,25,275,0,10,1
326,96,1501,479,26,277,0,10,1
327,96,1508,479,26,278,0,10,1
328,96,1514,479,27,279,0,10,1
329,96,1521,479,27,281,0,10,1
330,96,1529,479,27,282,0,10,1
331,96,1534,479,27,282,0,10,1
332,96,1540,480,27,282,0,10,1
333,96,1545,481,27,282,0,10,1
334,96,1551,481,27,282,0,10,1
335,96,1557,482,27,282,0,10,1
336,96,1562,483,27,282,0,10,1
337,96,1568,483,27,282,0,10,1
338,96,1573,484,27,282,0,10,1
339,96,1579,485,27,282,0,10,1
340,96,1585,486,27,282,0,10,1
341,96,1590,491,27,282,0,10,1
342,96,1596,497,27,282,0,10,1
343,96,1602,502,27,282,0,10,1
344,96,1608,508,27,282,0,10,1
345,96,1614,514,27,282,0,10,1
346,96,1619,519,27,282,0,10,1
347,96,1625,525,27,282,0,10,1
348,96,1631,530,27,282,0,10,1
349,96,1637,536,27,282,0,10,1
350,96,1643,542,27,282,0,10,1
351,96,1647,535,28,293,0,10,1
352,96,1652,529,29,304,0,10,1
353,96,1657,522,30,315,0,10,1
354,96,1661,516,32,326,0,10,1
355,96,1666,510,33,337,0,10,1
356,96,1671,503,33,348,0,10,1
357,96,1675,497,35,359,0,10,1
358,96,1680,490,36,370,0,10,1
359,96,1685,484,37,381,0,10,1
360,96,1690,478,38,392,0,10,1
361,96,1695,483,38,392,0,10,1
362,96,1701,489,38,392,0,10,1
363,96,1707,495,38,392,0,10,1
364,96,1712,501,38,392,0,10,1
365,96,1718,507,38,392,0,10,1
366,96,1724,513,38,392,0,10,1
367,96,1729,519,38,392,0,10,1
368,96,1735,525,38,392,0,10,1
369,96,1741,531,38,392,0,10,1
370,96,1747,537,38,392,0,10,1
371,96,1752,539,38,392,0,10,1
372,96,1757,541,38,392,0,10,1
373,96,1762,543,38,392,0,10,1
374,96,1767,545,38,392,0,10,1
375,96,1773,547,38,392,0,10,1
376,96,1778,549,38,392,0,10,1
131,99,1310,458,58,62,0,11,1
132,99,1306,460,58,62,0,11,1
133,99,1303,462,58,62,0,11,1
134,99,1300,464,58,62,0,11,1
135,99,1297,463,58,62,0,11,1
136,99,1294,462,58,62,0,11,1
137,99,1290,462,58,62,0,11,1
138,99,1287,462,58,62,0,11,1
139,99,1284,461,58,62,0,11,1
140,99,1282,461,58,62,0,11,1
141,99,1279,461,58,62,0,11,1
142,99,1277,461,58,62,0,11,1
143,99,1274,461,58,62,0,11,1
144,99,1272,461,58,62,0,11,1
145,99,1269,461,58,62,0,11,1
146,99,1267,461,58,62,0,11,1
147,99,1264,461,58,62,0,11,1
148,99,1262,461,58,62,0,11,1
149,99,1259,461,58,62,0,11,1
150,99,1255,461,60,61,0,11,1
151,99,1252,461,61,61,0,11,1
152,99,1248,461,61,61,0,11,1
153,99,1245,460,61,61,0,11,1
154,99,1239,461,61,61,0,11,1
155,99,1235,460,62,61,0,11,1
156,99,1231,460,63,60,0,11,1
157,99,1227,460,62,61,0,11,1
158,99,1223,459,62,61,0,11,1
159,99,1219,458,62,61,0,11,1
160,99,1217,458,61,62,0,11,1
161,99,1214,458,61,62,0,11,1
162,99,1211,458,61,62,0,11,1
163,99,1208,458,61,62,0,11,1
164,99,1205,458,61,62,0,11,1
165,99,1201,457,61,62,0,11,1
166,99,1197,456,62,65,0,11,1
167,99,1194,456,62,67,0,11,1
168,99,1193,454,62,67,0,11,1
1,100,1860,557,41,111,0,8,1
2,100,1870,559,40,115,0,8,1
3,100,1880,547,40,115,0,8,1
4,100,1890,548,39,120,0,8,0.775
46,101,1480,496,16,72,0,10,1
47,101,1482,499,16,72,0,10,1
48,101,1483,499,15,72,0,10,1
49,101,1484,499,15,72,0,10,1
50,101,1485,499,15,72,0,10,1
51,101,1487,500,15,72,0,10,1
52,101,1490,501,15,72,0,10,1
53,101,1494,503,15,72,0,10,1
54,101,1495,503,15,72,0,10,1
55,101,1496,504,15,72,0,10,1
56,101,1497,505,15,72,0,10,1
57,101,1499,503,15,72,0,10,1
58,101,1499,501,15,73,0,10,1
59,101,1500,499,14,74,0,10,1
60,101,1501,499,14,74,0,10,1
61,101,1503,494,14,74,0,10,1
44,102,1562,514,12,60,0,10,0.65952
45,102,1564,518,11,59,0,10,0.61806
46,102,1566,518,11,59,0,10,0.51389
47,102,1569,519,11,59,0,10,0.46667
48,102,1570,518,11,59,0,10,0.30833
49,102,1575,522,11,59,0,10,0.33333
50,102,1577,521,11,59,0,10,0.225
51,102,1581,525,11,59,0,10,0.17222
52,102,1582,525,11,59,0,10,0.1
53,102,1583,525,11,59,0,10,0.055556
54,102,1584,522,11,59,0,10,0.025
55,102,1590,520,11,59,0,10,0.034722
362,103,1303,773,60,129,0,10,1
363,103,1303,775,60,129,0,10,1
364,103,1304,779,61,130,0,10,1
365,103,1306,783,62,132,0,10,1
366,103,1308,787,63,134,0,10,1
367,103,1310,792,63,134,0,10,1
368,103,1312,796,64,136,0,10,1
369,103,1313,800,66,138,0,10,1
370,103,1315,805,66,138,0,10,1
371,103,1317,809,67,140,0,10,1
372,103,1319,813,68,142,0,10,1
373,103,1321,818,69,143,0,10,1
374,103,1320,819,69,144,0,10,1
375,103,1320,820,69,146,0,10,1
376,103,1320,822,69,147,0,10,1
1,104,773,530,19,31,0,10,1
2,104,773,521,19,31,0,10,1
3,104,774,531,18,30,0,10,1
4,104,777,529,18,30,0,10,1
5,104,776,528,18,30,0,10,1
6,104,777,538,17,32,0,10,1
7,104,777,532,17,32,0,10,1
8,104,778,539,17,32,0,10,1
9,104,777,539,17,32,0,10,1
10,104,776,538,17,32,0,10,1
11,104,775,539,17,32,0,10,1
12,104,775,540,17,32,0,10,1
13,104,775,527,17,32,0,10,1
14,104,773,533,17,32,0,10,1
15,104,774,532,17,32,0,10,1
16,104,773,532,17,32,0,10,1
17,104,773,532,17,32,0,10,1
18,104,772,532,17,32,0,10,1
19,104,772,532,17,32,0,10,1
20,104,772,532,17,32,0,10,1
21,104,772,533,17,32,0,10,1
22,104,771,534,17,32,0,10,1
23,104,771,536,17,32,0,10,1
24,104,771,538,17,32,0,10,0.94444
25,104,771,540,17,32,0,10,0.11111
26,104,770,541,17,32,0,10,0
27,104,770,542,17,32,0,10,0
28,104,769,545,17,32,0,10,0
29,104,769,549,17,32,0,10,0
30,104,769,552,17,32,0,10,0
31,104,768,560,17,32,0,10,0
32,104,768,559,17,32,0,10,0
33,104,768,549,17,32,0,10,0
34,104,766,550,16,37,0,10,0.058824
35,104,767,544,16,37,0,10,1
36,104,765,541,16,37,0,10,1
37,104,765,539,16,37,0,10,1
38,104,764,538,16,37,0,10,1
39,104,765,534,16,37,0,10,1
40,104,763,533,16,37,0,10,1
41,104,762,534,16,37,0,10,1
42,104,762,535,16,37,0,10,1
43,104,762,536,16,37,0,10,1
44,104,762,538,16,37,0,10,1
45,104,763,538,16,37,0,10,1
46,104,762,539,16,37,0,10,1
47,104,761,540,16,37,0,10,1
48,104,760,542,16,37,0,10,1
49,104,759,544,16,37,0,10,1
50,104,760,543,16,37,0,10,1
51,104,759,544,16,37,0,10,1
52,104,758,544,16,37,0,10,1
53,104,758,545,16,37,0,10,1
54,104,756,544,16,37,0,10,1
55,104,755,544,16,37,0,10,1
56,104,754,544,16,37,0,10,1
57,104,754,544,16,37,0,10,1
58,104,754,541,16,37,0,10,1
59,104,752,540,16,37,0,10,1
60,104,750,539,16,37,0,10,1
61,104,748,538,16,37,0,10,1
62,104,747,537,16,38,0,10,1
63,104,747,543,16,38,0,10,1
64,104,747,536,16,38,0,10,1
65,104,744,541,16,38,0,10,1
66,104,743,543,16,38,0,10,1
67,104,741,538,16,38,0,10,1
68,104,739,542,16,38,0,10,1
69,104,736,541,16,38,0,10,1
70,104,734,540,16,38,0,10,1
71,104,731,540,16,38,0,10,1
72,104,729,539,16,38,0,10,1
73,104,727,539,16,38,0,10,1
74,104,723,538,16,39,0,10,1
75,104,720,538,16,39,0,10,1
76,104,716,538,16,40,0,10,1
77,104,713,538,16,40,0,10,1
78,104,709,538,16,41,0,10,1
79,104,706,538,16,41,0,10,1
80,104,703,538,16,42,0,10,1
81,104,698,537,16,42,0,10,1
82,104,694,537,16,42,0,10,1
83,104,691,538,16,42,0,10,1
84,104,686,540,16,42,0,10,1
85,104,682,541,16,42,0,10,1
86,104,677,541,16,42,0,10,1
87,104,674,542,16,42,0,10,1
88,104,670,543,16,42,0,10,1
89,104,665,544,16,42,0,10,1
90,104,660,547,16,42,0,10,1
91,104,655,551,16,42,0,10,1
92,104,651,552,16,42,0,10,1
93,104,646,553,16,42,0,10,1
94,104,642,557,16,42,0,10,1
95,104,636,556,16,42,0,10,1
96,104,633,561,16,42,0,10,1
97,104,627,558,16,42,0,10,1
98,104,622,560,15,47,0,10,1
99,104,617,559,15,47,0,10,1
100,104,613,560,15,47,0,10,1
101,104,608,560,15,47,0,10,1
102,104,602,561,15,47,0,10,1
103,104,598,561,15,47,0,10,1
104,104,592,559,15,47,0,10,1
105,104,587,560,15,47,0,10,1
106,104,581,559,15,47,0,10,1
107,104,578,559,15,47,0,10,1
108,104,572,558,15,47,0,10,1
109,104,568,558,15,47,0,10,1
110,104,561,557,15,47,0,10,1
111,104,555,558,15,47,0,10,1
112,104,550,559,15,47,0,10,1
113,104,543,560,15,47,0,10,1
114,104,537,560,15,47,0,10,1
1,105,672,510,15,87,0,10,0.60227
2,105,672,501,15,87,0,10,0.59659
3,105,669,513,15,87,0,10,0.53977
4,105,673,510,15,87,0,10,0.79545
5,105,672,506,15,87,0,10,0.74787
6,105,673,522,14,80,0,10,0.67407
7,105,672,515,14,80,0,10,0.77942
8,105,672,523,14,80,0,10,0.77613
9,105,672,518,13,84,0,10,0.82605
10,105,669,518,13,83,0,10,0.81633
11,105,669,518,12,86,0,10,1
12,105,668,520,12,86,0,10,1
13,105,667,504,11,91,0,10,1
14,105,666,512,11,91,0,10,0.73551
15,105,665,512,11,91,0,10,1
16,105,665,512,11,91,0,10,1
17,105,662,512,11,91,0,10,0.60326
18,105,660,512,11,91,0,10,0.53714
19,105,659,512,11,91,0,10,0.6087
20,105,658,513,11,91,0,10,0.66938
21,105,658,516,11,91,0,10,0.72826
22,105,658,520,11,91,0,10,1
23,105,656,520,11,91,0,10,0.79076
24,105,653,522,11,91,0,10,0.72101
25,105,653,523,11,91,0,10,0.79348
26,105,652,525,11,91,0,10,0.79348
27,105,649,529,11,91,0,10,0.72101
28,105,650,532,11,91,0,10,0.8587
6,106,699,524,15,85,0,10,1
7,106,700,514,12,84,0,10,1
8,106,699,518,12,84,0,10,1
9,106,697,518,12,84,0,10,1
10,106,696,519,12,84,0,10,1
11,106,695,520,12,84,0,10,1
12,106,693,519,11,88,0,10,1
13,106,693,508,11,87,0,10,1
14,106,690,513,11,87,0,10,1
15,106,690,512,11,87,0,10,1
16,106,690,512,11,87,0,10,1
17,106,688,515,11,87,0,10,1
18,106,687,515,11,87,0,10,1
19,106,687,515,11,87,0,10,1
20,106,685,516,11,87,0,10,1
21,106,684,517,11,87,0,10,1
22,106,683,518,11,87,0,10,1
23,106,683,519,11,87,0,10,1
24,106,682,520,10,90,0,10,1
25,106,681,522,10,92,0,10,1
26,106,680,522,10,92,0,10,1
27,106,678,524,10,92,0,10,1
28,106,677,525,10,92,0,10,1
29,106,676,531,10,92,0,10,1
30,106,675,538,10,92,0,10,1
31,106,674,545,10,92,0,10,1
32,106,672,540,10,91,0,10,1
33,106,669,532,10,91,0,10,1
34,106,669,537,12,90,0,10,1
35,106,669,528,12,90,0,10,1
36,106,667,525,12,90,0,10,1
37,106,665,523,12,90,0,10,1
38,106,664,521,12,91,0,10,1
39,106,663,519,12,93,0,10,1
40,106,662,517,12,94,0,10,1
41,106,662,515,11,96,0,10,1
42,106,660,516,11,96,0,10,1
43,106,659,517,11,96,0,10,1
44,106,658,520,11,96,0,10,1
45,106,657,520,11,96,0,10,1
46,106,657,521,11,96,0,10,1
47,106,657,522,11,96,0,10,1
48,106,653,521,10,101,0,10,1
49,106,653,524,10,101,0,10,1
50,106,652,523,10,101,0,10,1
51,106,651,522,10,101,0,10,0.11765
52,106,649,524,12,100,0,10,1
53,106,648,526,13,100,0,10,1
54,106,645,525,13,100,0,10,1
55,106,643,525,13,100,0,10,1
56,106,640,524,13,100,0,10,1
57,106,638,524,13,100,0,10,1
58,106,635,523,13,100,0,10,1
59,106,633,523,13,100,0,10,1
60,106,631,523,13,100,0,10,1
61,106,629,520,13,102,0,10,1
62,106,628,518,12,103,0,10,1
63,106,627,529,13,103,0,10,0.88462
64,106,624,521,13,102,0,10,0.18585
65,106,621,528,13,101,0,10,0.11765
66,106,618,536,13,100,0,10,0.42079
67,106,617,525,13,99,0,10,0.13
68,106,613,533,13,99,0,10,0.56
69,106,607,524,12,107,0,10,0.29487
70,106,605,524,12,107,0,10,0.21368
71,106,602,522,12,107,0,10,0.35185
72,106,597,525,12,107,0,10,0.26353
73,106,594,523,12,107,0,10,0.34473
74,106,590,523,12,107,0,10,0.34473
75,106,586,525,12,107,0,10,0.33048
76,106,580,524,14,106,0,10,0.31215
77,106,578,526,14,106,0,10,0.41433
78,106,572,523,13,111,0,10,0.38776
79,106,569,522,13,111,0,10,0.51531
80,106,565,522,13,111,0,10,0.58036
81,106,560,522,13,111,0,10,0.58036
82,106,554,524,13,111,0,10,0.51531
83,106,549,523,13,111,0,10,0.52041
84,106,541,521,13,111,0,10,0.13393
85,106,536,528,13,111,0,10,0.3125
86,106,530,530,13,111,0,10,0.24235
87,106,525,532,13,111,0,10,0.3125
88,106,519,534,13,111,0,10,0.3125
89,106,514,536,13,111,0,10,0.375
90,106,508,537,13,111,0,10,0.098214
91,106,502,539,13,111,0,10,0.089286
92,106,496,541,13,111,0,10,0.089286
93,106,490,543,12,111,0,10,0.080357
94,106,484,546,12,110,0,10,0.063063
95,106,479,549,11,110,0,10,0.045045
96,106,470,547,13,115,0,10,0.086207
97,106,465,548,13,115,0,10,0.086207
98,106,458,549,13,115,0,10,0.094828
99,106,451,552,13,115,0,10,0.45135
100,106,444,550,13,115,0,10,0.077586
101,106,438,549,13,115,0,10,0.086207
102,106,432,551,13,115,0,10,0.068966
103,106,423,553,13,115,0,10,0.58621
104,106,416,552,13,115,0,10,0.59483
105,106,411,544,11,126,0,10,0.74803
106,106,407,548,12,122,0,10,0.94059
107,106,399,547,12,122,0,10,1
108,106,391,546,12,122,0,10,1
109,106,385,549,12,122,0,10,1
110,106,377,548,12,122,0,10,1
111,106,368,550,12,122,0,10,1
112,106,363,552,12,122,0,10,1
113,106,354,552,12,122,0,10,1
114,106,345,554,12,122,0,10,1
115,106,338,555,12,122,0,10,1
116,106,328,552,11,127,0,10,1
117,106,320,553,10,127,0,10,1
118,106,312,554,10,127,0,10,1
119,106,304,555,10,127,0,10,1
120,106,297,556,9,128,0,10,1
121,106,289,558,10,125,0,10,1
122,106,278,559,13,130,0,10,1
123,106,271,562,10,126,0,10,1
124,106,261,558,9,131,0,10,1
125,106,253,559,11,132,0,10,1
126,106,244,561,14,133,0,10,1
127,106,239,553,11,144,0,10,1
128,106,230,557,11,141,0,10,1
129,106,221,555,11,143,0,10,1
130,106,211,562,12,141,0,10,1
131,106,202,540,11,160,0,10,0.21118
132,106,196,552,10,154,0,10,1
133,106,183,552,17,153,0,10,0.15584
134,106,177,556,17,153,0,10,1
135,106,164,563,16,147,0,10,1
136,106,156,564,16,147,0,10,1
137,106,150,565,16,147,0,10,1
138,106,137,569,16,147,0,10,1
139,106,128,568,16,147,0,10,1
140,106,124,568,16,147,0,10,1
141,106,115,569,16,147,0,10,0.087838
142,106,106,572,16,147,0,10,1
143,106,100,569,16,147,0,10,0.081081
144,106,91,571,16,147,0,10,1
145,106,81,570,16,147,0,10,0.074324
146,106,72,574,16,147,0,10,1
147,106,61,574,16,147,0,10,1
148,106,53,573,15,151,0,10,1
149,106,44,576,15,151,0,10,1
150,106,33,577,15,151,0,10,1
151,106,23,581,15,151,0,10,1
152,106,13,582,15,151,0,10,1
153,106,4,583,15,151,0,10,1
76,107,1419,541,13,43,0,10,1
77,107,1418,541,12,46,0,10,1
78,107,1416,541,16,46,0,10,1
79,107,1415,541,16,44,0,10,1
80,107,1414,539,14,46,0,10,1
81,107,1414,540,15,45,0,10,0.9375
82,107,1408,540,17,44,0,10,1
83,107,1407,541,15,44,0,10,1
84,107,1406,540,16,45,0,10,1
85,107,1403,542,22,46,0,10,0.91304
86,107,1401,540,19,48,0,10,1
87,107,1399,542,16,47,0,10,1
88,107,1398,542,16,49,0,10,1
89,107,1396,544,16,49,0,10,1
90,107,1392,545,16,51,0,10,1
91,107,1391,545,16,51,0,10,1
92,107,1387,547,16,48,0,10,1
93,107,1384,551,16,45,0,10,1
94,107,1382,550,16,47,0,10,1
95,107,1380,550,16,47,0,10,1
96,107,1377,554,16,46,0,10,1
97,107,1375,554,16,47,0,10,1
98,107,1373,556,16,47,0,10,1
99,107,1370,556,16,48,0,10,1
100,107,1366,556,16,47,0,10,1
101,107,1364,552,16,52,0,10,1
102,107,1361,557,16,47,0,10,1
103,107,1358,557,16,47,0,10,1
104,107,1356,559,16,45,0,10,1
105,107,1355,558,16,46,0,10,1
106,107,1351,561,16,44,0,10,1
107,107,1347,559,16,45,0,10,1
108,107,1345,556,16,48,0,10,1
109,107,1344,559,16,47,0,10,1
110,107,1339,561,16,45,0,10,1
111,107,1336,560,16,46,0,10,1
112,107,1334,559,16,48,0,10,1
113,107,1329,561,16,46,0,10,1
114,107,1325,557,16,49,0,10,0.058824
115,107,1321,562,16,44,0,10,0
116,107,1319,559,16,47,0,10,1
117,107,1313,561,16,44,0,10,0
118,107,1313,561,16,45,0,10,0
119,107,1308,561,16,45,0,10,1
120,107,1304,559,16,47,0,10,1
121,107,1300,559,16,47,0,10,0
122,107,1297,556,16,50,0,10,0
123,107,1294,559,16,49,0,10,1
124,107,1291,559,16,47,0,10,0
125,107,1287,558,16,48,0,10,0
126,107,1284,558,15,48,0,10,0
127,107,1280,559,15,48,0,10,0
128,107,1277,561,15,47,0,10,0
129,107,1274,561,15,48,0,10,0
130,107,1271,561,15,48,0,10,0
131,107,1266,562,17,51,0,10,1
132,107,1264,559,16,51,0,10,0.17647
133,107,1259,559,16,53,0,10,0.29412
134,107,1255,559,15,54,0,10,0.5625
135,107,1252,559,18,54,0,10,0.42105
136,107,1248,558,16,55,0,10,0.47059
137,107,1245,559,15,55,0,10,0.5
138,107,1241,559,18,53,0,10,0.52632
69,108,1478,503,8,89,0,10,1
70,108,1476,501,12,89,0,10,1
71,108,1478,502,10,90,0,10,1
72,108,1478,527,9,66,0,10,1
144,109,1265,515,13,103,0,10,0.13049
145,109,1262,514,13,103,0,10,0.06456
146,109,1258,520,13,103,0,10,0
147,109,1255,522,13,103,0,10,0
148,109,1251,516,12,108,0,10,0.076923
149,109,1249,515,12,108,0,10,0
150,109,1247,517,12,108,0,10,0
151,109,1242,516,12,108,0,10,0
152,109,1237,516,12,108,0,10,0
153,109,1232,515,12,108,0,10,0.076923
154,109,1227,515,12,108,0,10,0.15385
155,109,1224,515,12,108,0,10,0.076923
156,109,1220,515,12,108,0,10,0.15385
157,109,1217,516,12,108,0,10,0.076923
158,109,1214,516,12,108,0,10,0
159,109,1211,516,12,108,0,10,0
160,109,1209,516,12,108,0,10,0
161,109,1205,515,12,109,0,10,0
162,109,1201,515,12,109,0,10,0
163,109,1197,514,12,110,0,10,0
164,109,1194,514,12,111,0,10,0
165,109,1191,514,12,112,0,10,0
166,109,1189,514,12,113,0,10,0
167,109,1186,512,12,114,0,10,0
168,109,1183,511,12,115,0,10,0
169,109,1180,509,12,116,0,10,0
170,109,1178,508,11,117,0,10,0
171,109,1177,507,11,117,0,10,0
172,109,1176,507,11,117,0,10,0
173,109,1175,507,11,117,0,10,0
174,109,1172,511,11,117,0,10,0
175,109,1170,507,11,117,0,10,0
176,109,1169,507,11,117,0,10,0
350,110,1638,614,24,142,0,10,0.0044755
351,110,1641,618,24,142,0,10,0.0083916
352,110,1645,622,24,142,0,10,0.0058741
353,110,1648,626,23,142,0,10,0.0078671
354,110,1651,630,22,142,0,10,0.0091213
355,110,1654,634,22,142,0,10,0.010946
356,110,1659,632,22,142,0,10,0.23016
357,110,1668,638,22,142,0,10,0.30435
358,110,1669,637,22,146,0,10,0.47826
359,110,1671,637,21,150,0,10,0.63636
360,110,1676,643,21,150,0,10,0.63636
361,110,1683,644,21,150,0,10,0.54545
362,110,1686,651,21,150,0,10,0.68182
363,110,1689,655,21,152,0,10,0.81818
364,110,1695,663,22,152,0,10,0.73913
365,110,1701,661,22,152,0,10,0.73913
366,110,1703,666,22,152,0,10,0.91304
367,110,1711,671,22,152,0,10,0.78261
368,110,1716,679,22,152,0,10,0.82609
369,110,1722,679,22,152,0,10,0.82609
370,110,1726,681,22,152,0,10,0.91304
371,110,1730,683,22,152,0,10,0.95652
372,110,1733,683,22,152,0,10,1
373,110,1737,683,22,152,0,10,1
374,110,1737,680,27,156,0,10,1
375,110,1738,677,31,161,0,10,1
376,110,1738,680,31,161,0,10,1
1,116,806,503,9,51,0,10,0.73462
2,116,807,492,9,57,0,10,1
3,116,807,495,10,57,0,10,0.8558
4,116,808,499,10,56,0,10,1
5,116,809,502,10,56,0,10,1
6,116,810,506,10,56,0,10,1
7,116,810,506,10,56,0,10,1
8,116,810,506,10,57,0,10,1
9,116,810,507,10,57,0,10,1
10,116,810,507,10,57,0,10,1
11,116,810,507,10,58,0,10,1
259,120,1258,516,16,93,0,10,0.45745
260,120,1265,511,17,93,0,10,0.5
261,120,1270,514,16,93,0,10,0.45745
262,120,1278,514,16,97,0,10,0.42857
263,120,1286,510,16,100,0,10,0.45545
264,120,1294,507,16,108,0,10,0.44954
265,120,1300,500,13,121,0,10,0.69087
266,120,1311,505,13,121,0,10,1
267,120,1319,507,13,121,0,10,1
268,120,1327,505,13,124,0,10,1
269,120,1335,503,14,127,0,10,1
270,120,1343,501,14,130,0,10,1
271,120,1352,499,14,134,0,10,1
272,120,1360,498,15,136,0,10,1
273,120,1368,496,15,139,0,10,1
274,120,1377,494,15,143,0,10,1
275,120,1385,492,15,146,0,10,1
276,120,1393,490,16,149,0,10,1
277,120,1402,489,16,152,0,10,1
278,120,1410,490,16,152,0,10,0.82353
1,124,591,520,26,80,0,12,1
2,124,590,507,27,79,0,12,1
3,124,589,525,30,80,0,12,1
4,124,588,519,30,81,0,12,1
5,124,588,516,30,81,0,12,1
6,124,584,528,31,81,0,12,1
7,124,581,527,31,82,0,12,1
8,124,579,527,31,82,0,12,1
9,124,577,527,31,83,0,12,1
10,124,574,526,31,84,0,12,1
11,124,572,526,31,84,0,12,1
12,124,570,526,31,85,0,12,1
13,124,572,513,32,87,0,12,1
14,124,569,514,32,87,0,12,1
15,124,566,515,33,88,0,12,1
16,124,563,517,33,88,0,12,1
17,124,561,518,33,88,0,12,1
18,124,558,520,33,88,0,12,1
19,124,555,521,34,89,0,12,0.9819
20,124,553,523,34,89,0,12,1
21,124,553,521,35,90,0,12,1
22,124,554,519,35,91,0,12,1
23,124,551,522,35,92,0,12,1
24,124,548,526,35,92,0,12,1
25,124,545,529,36,93,0,12,1
26,124,542,533,36,93,0,12,1
27,124,540,536,36,94,0,12,1
28,124,537,540,36,94,0,12,0.98151
29,124,534,543,37,95,0,12,0.96327
30,124,531,547,37,95,0,12,0.94326
31,124,529,551,37,96,0,12,0.96799
32,124,530,542,36,95,0,12,1
33,124,527,542,37,96,0,12,1
34,124,525,543,37,97,0,12,1
35,124,521,536,37,98,0,12,1
36,124,517,530,37,98,0,12,0.96119
37,124,513,524,38,98,0,12,0.90935
38,124,511,523,38,98,0,12,0.91323
39,124,509,522,39,99,0,12,0.87225
40,124,508,521,38,99,0,12,0.93026
41,124,506,520,39,100,0,12,0.93267
42,124,505,520,39,100,0,12,0.93366
43,124,501,524,40,100,0,12,0.89858
44,124,498,528,41,100,0,12,0.86233
45,124,495,528,41,100,0,12,0.84724
46,124,493,528,41,101,0,12,0.85084
47,124,491,528,41,101,0,12,0.85294
48,124,489,528,41,102,0,12,0.8405
49,124,486,528,41,102,0,12,0.92256
50,124,484,528,41,103,0,12,0.92102
51,124,482,528,41,103,0,12,0.92102
52,124,480,529,41,103,0,12,0.90247
53,124,475,527,41,105,0,12,0.85647
54,124,471,526,41,106,0,12,0.81041
55,124,466,525,42,107,0,12,0.78295
56,124,462,524,42,108,0,12,0.76638
57,124,457,523,43,110,0,12,0.73894
58,124,453,521,43,112,0,12,0.70957
59,124,448,520,44,113,0,12,0.6848
60,124,444,519,44,114,0,12,0.66841
61,124,439,518,45,115,0,12,0.63456
17,125,1572,-231,605,862,0,10,0.41124
18,125,1575,-230,605,862,0,10,0.40829
19,125,1579,-228,605,862,0,10,0.40444
20,125,1583,-226,605,862,0,10,0.40071
21,125,1586,-225,605,862,0,10,0.39792
22,125,1590,-223,605,862,0,10,0.39365
23,125,1594,-221,605,862,0,10,0.38932
24,125,1597,-220,605,862,0,10,0.38561
25,125,1601,-218,605,862,0,10,0.38174
26,125,1605,-216,605,862,0,10,0.37797
27,125,1609,-214,605,862,0,10,0.37487
28,125,1613,-210,605,862,0,10,0.37257
29,125,1617,-206,605,862,0,10,0.3707
30,125,1621,-202,605,862,0,10,0.36727
31,125,1625,-197,605,862,0,10,0.36539
32,125,1629,-200,605,862,0,10,0.35962
33,125,1633,-203,605,862,0,10,0.35288
34,125,1637,-206,605,862,0,10,0.34794
35,125,1641,-209,605,862,0,10,0.34278
36,125,1645,-212,605,862,0,10,0.33763
37,125,1649,-214,605,862,0,10,0.3329
38,125,1653,-212,605,862,0,10,0.32886
39,125,1658,-210,605,862,0,10,0.3237
40,125,1662,-208,605,862,0,10,0.31971
41,125,1667,-206,605,862,0,10,0.31463
42,125,1672,-204,605,862,0,10,0.31047
43,125,1676,-202,605,862,0,10,0.30656
44,125,1681,-200,605,862,0,10,0.30155
45,125,1685,-198,605,862,0,10,0.29919
46,125,1690,-196,605,862,0,10,0.29417
47,125,1695,-193,605,862,0,10,0.2891
48,125,1699,-192,605,862,0,10,0.28441
49,125,1703,-191,605,862,0,10,0.2797
50,125,1707,-190,605,862,0,10,0.27498
51,125,1711,-189,605,862,0,10,0.27024
52,125,1715,-188,605,862,0,10,0.26549
53,125,1719,-187,605,862,0,10,0.26072
54,125,1723,-186,605,862,0,10,0.25593
55,125,1727,-185,605,862,0,10,0.25113
56,125,1731,-184,605,862,0,10,0.24632
57,125,1736,-183,605,862,0,10,0.24019
58,125,1740,-181,605,862,0,10,0.23569
59,125,1744,-179,605,862,0,10,0.23116
60,125,1749,-177,605,862,0,10,0.22529
61,125,1753,-175,605,862,0,10,0.22069
62,125,1758,-172,605,862,0,10,0.21506
63,125,1762,-170,605,862,0,10,0.21039
64,125,1766,-168,605,862,0,10,0.20569
65,125,1771,-166,605,862,0,10,0.19963
66,125,1775,-164,605,862,0,10,0.19486
67,125,1780,-161,605,862,0,10,0.189
68,125,1778,-161,606,862,0,10,0.19136
69,125,1777,-160,606,862,0,10,0.19297
70,125,1776,-159,606,861,0,10,0.19454
71,125,1775,-158,606,861,0,10,0.19616
72,125,1779,-159,605,861,0,10,0.19083
73,125,1783,-160,604,862,0,10,0.18555
74,125,1787,-160,603,861,0,10,0.18042
75,125,1791,-161,602,862,0,10,0.17512
76,125,1795,-162,601,862,0,10,0.16977
77,125,1799,-162,601,862,0,10,0.16438
78,125,1796,-160,601,862,0,10,0.1689
79,125,1794,-157,601,862,0,10,0.17234
80,125,1792,-154,601,861,0,10,0.17575
81,125,1790,-151,601,861,0,10,0.17924
82,125,1789,-150,601,861,0,10,0.18086
83,125,1789,-149,601,861,0,10,0.18111
84,125,1789,-148,601,861,0,10,0.18137
85,125,1789,-147,601,861,0,10,0.18162
86,125,1788,-146,601,861,0,10,0.18325
87,125,1788,-145,601,861,0,10,0.18351
88,125,1788,-144,601,862,0,10,0.18381
89,125,1788,-143,601,862,0,10,0.18407
90,125,1787,-141,601,861,0,10,0.18592
91,125,1787,-140,601,861,0,10,0.18618
92,125,1787,-139,601,861,0,10,0.18644
93,125,1787,-138,601,861,0,10,0.1867
94,125,1787,-137,601,862,0,10,0.187
95,125,1786,-136,601,862,0,10,0.18865
96,125,1786,-135,601,862,0,10,0.18891
97,125,1786,-134,601,862,0,10,0.18917
98,125,1786,-133,601,862,0,10,0.18943
99,125,1785,-131,601,861,0,10,0.19132
100,125,1785,-130,601,861,0,10,0.19111
101,125,1785,-129,601,862,0,10,0.19072
102,125,1785,-128,601,862,0,10,0.19028
103,125,1784,-127,601,862,0,10,0.19105
104,125,1784,-126,601,862,0,10,0.19065
105,125,1784,-125,601,862,0,10,0.19026
106,125,1784,-124,601,862,0,10,0.18966
107,125,1784,-122,601,862,0,10,0.18946
108,125,1783,-120,601,862,0,10,0.19051
109,125,1783,-118,601,862,0,10,0.19036
110,125,1782,-115,601,862,0,10,0.19162
111,125,1782,-113,601,862,0,10,0.19123
112,125,1782,-110,601,862,0,10,0.19095
113,125,1781,-108,601,862,0,10,0.19168
114,125,1781,-106,601,862,0,10,0.19118
115,125,1780,-103,601,862,0,10,0.19204
116,125,1780,-101,601,862,0,10,0.1915
117,125,1780,-98,601,862,0,10,0.19109
118,125,1778,-98,601,862,0,10,0.19269
119,125,1777,-97,601,862,0,10,0.19322
120,125,1776,-96,601,862,0,10,0.19375
121,125,1775,-95,601,862,0,10,0.19445
122,125,1774,-94,601,862,0,10,0.19499
123,125,1772,-93,601,862,0,10,0.19673
124,125,1771,-92,601,862,0,10,0.19705
125,125,1770,-91,601,862,0,10,0.19784
126,125,1769,-90,601,862,0,10,0.19937
127,125,1768,-89,601,862,0,10,0.20089
128,125,1767,-88,601,862,0,10,0.20221
129,125,1767,-87,601,862,0,10,0.20249
130,125,1766,-86,601,862,0,10,0.20381
131,125,1766,-84,601,862,0,10,0.20417
132,125,1765,-83,601,862,0,10,0.20688
133,125,1765,-82,601,862,0,10,0.20787
134,125,1764,-80,601,862,0,10,0.2113
135,125,1764,-79,601,862,0,10,0.21333
136,125,1764,-78,601,862,0,10,0.2153
137,125,1763,-76,601,862,0,10,0.21829
138,125,1763,-75,601,862,0,10,0.21987
139,125,1762,-74,601,862,0,10,0.22296
140,125,1762,-73,601,862,0,10,0.22453
141,125,1761,-71,601,862,0,10,0.2278
142,125,1761,-70,601,862,0,10,0.22965
143,125,1761,-69,601,862,0,10,0.23166
144,125,1760,-67,601,862,0,10,0.23515
145,125,1760,-66,601,862,0,10,0.23707
146,125,1759,-65,601,862,0,10,0.24852
147,125,1759,-63,601,862,0,10,0.24915
148,125,1758,-62,601,862,0,10,0.251
149,125,1758,-61,601,862,0,10,0.25131
150,125,1758,-60,601,862,0,10,0.25163
151,125,1757,-58,601,862,0,10,0.2538
152,125,1757,-57,601,862,0,10,0.25412
153,125,1756,-56,601,862,0,10,0.25598
154,125,1756,-54,601,862,0,10,0.25662
155,125,1755,-53,601,862,0,10,0.25849
156,125,1755,-52,601,862,0,10,0.25881
157,125,1755,-50,601,862,0,10,0.25945
158,125,1756,-48,600,862,0,10,0.25895
159,125,1757,-46,599,862,0,10,0.25845
160,125,1758,-44,598,862,0,10,0.25793
161,125,1759,-41,597,862,0,10,0.25772
162,125,1760,-39,597,862,0,10,0.25675
163,125,1761,-37,596,862,0,10,0.25621
164,125,1763,-34,594,861,0,10,0.25476
165,125,1764,-32,593,862,0,10,0.2542
166,125,1765,-30,592,862,0,10,0.25362
167,125,1766,-27,592,861,0,10,0.25289
168,125,1767,-25,591,861,0,10,0.25229
169,125,1768,-23,590,862,0,10,0.25168
170,125,1770,-20,588,861,0,10,0.25012
171,125,1771,-18,587,861,0,10,0.24948
172,125,1772,-16,587,861,0,10,0.2484
173,125,1773,-13,586,861,0,10,0.24803
174,125,1774,-11,585,861,0,10,0.24736
175,125,1775,-9,584,861,0,10,0.24668
176,125,1777,-6,583,861,0,10,0.24457
177,125,1781,-3,582,861,0,10,0.23902
178,125,1786,1,581,861,0,10,0.23196
179,125,1791,5,579,861,0,10,0.22414
180,125,1795,8,579,862,0,10,0.21724
181,125,1800,12,578,862,0,10,0.20898
182,125,1805,16,576,861,0,10,0.20104
183,125,1810,20,575,861,0,10,0.19271
184,125,1814,23,575,862,0,10,0.18576
185,125,1819,27,573,862,0,10,0.1777
186,125,1824,31,572,862,0,10,0.16928
187,125,1829,35,571,862,0,10,0.16084
188,125,1831,37,569,862,0,10,0.15789
189,125,1833,39,567,862,0,10,0.15342
190,125,1835,41,565,862,0,10,0.1489
191,125,1837,43,563,862,0,10,0.14406
192,125,1839,46,561,862,0,10,0.13946
193,125,1841,48,559,862,0,10,0.13451
194,125,1843,50,557,862,0,10,0.12976
195,125,1845,52,555,862,0,10,0.12469
196,125,1847,54,553,862,0,10,0.11718
197,125,1850,57,550,862,0,10,0.1063
198,125,1858,57,542,862,0,10,0.091065
199,125,1866,58,534,862,0,10,0.076555
200,125,1874,59,526,862,0,10,0.063076
201,125,1882,59,518,862,0,10,0.075145
202,125,1890,60,510,862,0,10,0.060665
203,125,1898,61,502,862,0,10,0.045726
204,125,1906,61,494,862,0,10,0.030303
205,125,1914,62,486,862,0,10,0.014374
206,125,1922,63,478,862,0,10,0.0020877
312,126,1218,519,26,49,1,1,1
313,126,1222,518,26,50,1,1,1
314,126,1226,518,26,51,1,1,1
315,126,1231,518,26,51,1,1,1
316,126,1235,518,26,52,1,1,1
317,126,1240,518,26,53,1,1,1
318,126,1244,517,26,54,1,1,1
319,126,1248,517,26,55,1,1,1
320,126,1253,517,26,55,1,1,1
321,126,1257,517,26,56,1,1,1
322,126,1262,517,26,57,1,1,1
323,126,1265,515,26,57,1,1,0.96552
324,126,1268,514,26,57,1,1,0.96552
325,126,1271,513,27,57,1,1,0.93227
326,126,1274,512,27,57,1,1,0.8984
327,126,1277,511,28,57,1,1,0.8692
328,126,1280,509,28,58,1,1,0.86908
329,126,1283,508,28,58,1,1,0.83635
330,126,1286,507,29,58,1,1,0.80678
331,126,1289,506,29,58,1,1,0.80678
332,126,1292,505,30,58,1,1,0.78185
333,126,1293,502,30,57,1,1,0.8198
334,126,1295,499,30,57,1,1,0.82981
335,126,1296,496,30,57,1,1,0.86374
336,126,1298,494,30,56,1,1,0.86984
337,126,1300,494,31,57,1,1,0.84806
338,126,1303,494,31,58,1,1,0.81833
339,126,1306,495,31,58,1,1,0.78814
340,126,1307,496,30,59,1,1,0.82903
341,126,1308,497,30,60,1,1,0.85457
342,126,1309,498,30,61,1,1,1
343,126,1311,500,30,61,1,1,1
344,126,1313,503,30,61,1,1,1
345,126,1315,506,30,61,1,1,1
346,126,1317,508,30,61,1,1,1
347,126,1319,511,30,61,1,1,1
348,126,1321,514,30,61,1,1,1
349,126,1323,515,30,61,1,1,1
350,126,1325,516,30,61,1,1,1
351,126,1327,517,30,61,1,1,1
352,126,1329,518,30,61,1,1,1
353,126,1329,519,30,61,1,1,1
354,126,1330,520,30,61,1,1,1
355,126,1330,521,31,61,1,1,1
356,126,1331,522,30,61,1,1,1
357,126,1331,523,31,61,1,1,0.85635
358,126,1332,524,31,61,1,1,1
359,126,1333,525,31,61,1,1,1
360,126,1333,527,31,61,1,1,1
361,126,1333,529,31,61,1,1,1
362,126,1334,532,30,60,1,1,0.94183
363,126,1335,533,30,60,1,1,1
364,126,1336,534,30,60,1,1,0.97409
365,126,1337,535,31,60,1,1,0.72234
366,126,1339,536,30,61,1,1,0.68366
367,126,1340,538,31,60,1,1,0.63115
368,126,1341,539,31,60,1,1,0.60861
369,126,1343,540,30,61,1,1,0.56608
370,126,1344,541,31,61,1,1,0.49194
371,126,1345,542,31,61,1,1,0.52873
36,127,547,545,34,68,0,12,0.77143
37,127,545,545,34,68,0,12,0.8
38,127,543,545,34,69,0,12,0.8
39,127,541,545,34,69,0,12,0.77143
40,127,539,545,34,70,0,12,0.77143
41,127,537,546,34,69,0,12,0.74286
42,127,535,546,34,70,0,12,0.71429
43,127,533,546,34,70,0,12,0.74286
44,127,531,546,34,71,0,12,0.74286
45,127,529,546,34,71,0,12,0.77143
46,127,527,547,34,71,0,12,0.77143
47,127,524,547,34,71,0,12,0.74286
48,127,521,548,34,71,0,12,0.71429
49,127,518,548,34,71,0,12,0.71429
50,127,515,549,35,71,0,12,0.69444
51,127,512,550,35,71,0,12,0.66667
52,127,509,550,35,71,0,12,0.63889
53,127,506,551,36,71,0,12,0.7027
54,127,503,551,36,71,0,12,0.72973
55,127,500,552,36,71,0,12,0.75676
56,127,498,553,36,71,0,12,0.81081
57,127,494,552,36,72,0,12,0.81081
58,127,491,552,36,72,0,12,0.83784
59,127,488,551,36,73,0,12,0.86486
60,127,485,551,36,73,0,12,0.89189
61,127,481,550,36,74,0,12,0.89189
62,127,478,550,36,74,0,12,1
63,127,475,549,36,75,0,12,1
64,127,472,549,36,75,0,12,1
65,127,466,554,36,76,0,12,1
66,127,461,560,35,77,0,12,1
67,127,458,551,36,77,0,12,1
68,127,455,558,36,78,0,12,1
69,127,448,557,36,78,0,12,1
70,127,442,556,36,79,0,12,1
71,127,436,555,35,80,0,12,1
72,127,430,554,35,81,0,12,1
73,127,423,553,35,82,0,12,1
74,127,417,552,35,83,0,12,1
75,127,411,551,34,84,0,12,1
76,127,405,550,34,85,0,12,1
77,127,397,551,35,85,0,12,1
78,127,390,552,35,85,0,12,1
79,127,383,553,35,85,0,12,1
80,127,376,554,35,85,0,12,1
81,127,369,555,35,85,0,12,0.94897
82,127,361,556,36,85,0,12,0.87586
83,127,354,557,36,85,0,12,0.87429
84,127,347,558,36,85,0,12,0.87429
85,127,340,559,36,85,0,12,0.87429
86,127,333,560,36,85,0,12,0.84915
87,127,324,562,36,85,0,12,0.79635
88,127,316,565,36,85,0,12,0.76524
89,127,307,568,36,85,0,12,0.67945
90,127,299,571,36,85,0,12,0.64865
91,127,290,574,36,85,0,12,0.59459
92,127,282,576,36,86,0,12,0.56757
93,127,273,579,36,86,0,12,0.48649
94,127,265,582,36,86,0,12,0.45946
95,127,256,585,36,86,0,12,0.40541
23,130,1015,488,17,13,0,3,1
24,130,1016,491,20,14,0,3,0.88571
25,130,1018,495,23,15,0,3,0.82812
26,130,1019,496,22,15,0,3,0.82065
27,130,1020,498,22,15,0,3,0.82065
28,130,1022,499,21,16,0,3,0.80749
29,130,1023,501,21,16,0,3,0.85027
30,130,1025,503,20,16,0,3,0.90196
31,130,1025,500,21,17,0,3,1
32,130,1026,498,21,17,0,3,0.97475
33,130,1027,496,21,17,0,3,0.92424
34,130,1028,494,21,17,0,3,1
35,130,1029,492,21,17,0,3,0.89394
36,130,1030,490,21,17,0,3,0.91162
37,130,1031,488,22,18,0,3,0.92677
38,130,1031,488,22,18,0,3,0.92449
39,130,1032,488,22,18,0,3,0.94508
40,130,1033,488,22,18,0,3,0.97025
41,130,1033,488,23,18,0,3,0.9386
42,130,1034,488,22,18,0,3,0.96796
43,130,1035,488,22,18,0,3,0.97025
44,130,1035,488,23,18,0,3,0.94737
45,130,1036,488,23,18,0,3,0.93421
46,130,1037,489,23,17,0,3,0.90509
47,130,1038,489,23,17,0,3,0.84722
48,130,1039,490,23,17,0,3,0.87037
49,130,1040,490,23,17,0,3,0.9537
50,130,1041,491,23,17,0,3,0.81481
51,130,1042,491,23,17,0,3,0.77778
52,130,1043,492,23,17,0,3,0.75926
53,130,1044,492,23,17,0,3,0.74074
54,130,1045,493,23,17,0,3,0.70833
55,130,1046,492,23,17,0,3,0.74074
56,130,1047,491,23,17,0,3,0.6875
57,130,1048,491,23,17,0,3,0.65278
58,130,1049,490,23,17,0,3,0.64352
59,130,1050,489,23,17,0,3,0.69444
60,130,1051,489,23,17,0,3,0.77778
61,130,1052,488,23,17,0,3,0.86111
62,130,1053,487,23,17,0,3,0.94907
63,130,1054,487,23,17,0,3,0.95833
64,130,1053,487,23,16,0,3,0.97549
65,130,1052,487,24,16,0,3,0.98118
66,130,1051,487,25,16,0,3,1
67,130,1050,487,26,16,0,3,1
68,130,1049,487,26,16,0,3,1
69,130,1048,487,27,16,0,3,1
70,130,1047,487,28,16,0,3,0.9716
71,130,1046,487,29,16,0,3,0.97255
72,130,1045,487,29,16,0,3,0.96863
73,130,1044,487,30,16,0,3,0.94307
74,130,1043,487,31,16,0,3,0.92279
75,130,1043,488,31,15,0,3,0.90625
76,130,1041,488,31,15,0,3,0.87305
77,130,1039,488,31,15,0,3,0.87305
78,130,1037,488,32,15,0,3,0.85227
79,130,1035,488,32,15,0,3,0.84848
80,130,1034,488,31,15,0,3,0.84375
81,130,1032,488,32,15,0,3,0.85795
82,130,1030,488,32,15,0,3,0.81818
83,130,1028,488,32,15,0,3,0.81818
84,130,1027,488,32,15,0,3,0.75758
85,130,1024,488,32,15,0,3,0.77273
86,130,1022,488,32,16,0,3,0.75936
87,130,1019,488,32,17,0,3,0.77273
88,130,1017,489,32,17,0,3,0.77273
89,130,1014,489,32,17,0,3,0.78788
90,130,1012,489,32,18,0,3,0.8134
91,130,1009,489,32,19,0,3,0.86667
92,130,1007,490,32,19,0,3,0.85455
93,130,1004,491,32,19,0,3,0.85455
94,130,1001,492,32,20,0,3,0.79798
95,130,998,494,32,19,0,3,0.76667
96,130,995,495,32,20,0,3,0.83117
97,130,993,497,32,20,0,3,0.7619
98,130,990,497,32,20,0,3,0.74026
99,130,987,497,32,20,0,3,0.69986
100,130,984,498,32,20,0,3,0.6811
101,130,981,498,32,20,0,3,0.6811
102,130,978,498,32,20,0,3,0.72294
103,130,975,499,32,20,0,3,0.7619
104,130,972,498,32,20,0,3,0.80519
105,130,969,498,32,20,0,3,0.74026
106,130,966,498,32,20,0,3,0.72294
107,130,964,498,32,20,0,3,0.70563
108,130,961,498,32,20,0,3,0.74603
109,130,958,498,32,20,0,3,0.73016
110,130,956,498,32,20,0,3,0.73016
111,130,952,498,32,20,0,3,0.68831
112,130,948,498,32,20,0,3,0.68831
113,130,944,498,32,20,0,3,0.71429
114,130,940,498,32,20,0,3,0.74026
115,130,936,498,32,20,0,3,0.76623
116,130,932,498,32,20,0,3,0.77922
117,130,929,498,32,20,0,3,0.74026
118,130,925,497,32,20,0,3,0.75469
119,130,922,497,32,20,0,3,0.73016
120,130,919,497,32,20,0,3,0.68831
121,130,916,497,32,20,0,3,0.68831
122,130,912,497,32,20,0,3,0.68831
123,130,909,497,32,20,0,3,0.64358
124,130,906,497,32,20,0,3,0.61616
125,130,903,497,32,20,0,3,0.61616
126,130,899,497,32,20,0,3,0.63636
127,130,895,497,32,20,0,3,0.69986
128,130,892,498,32,20,0,3,0.65657
129,130,888,498,32,20,0,3,0.65657
130,130,884,498,32,20,0,3,0.6811
131,130,881,499,32,20,0,3,0.63636
132,130,877,499,32,20,0,3,0.63636
133,130,873,499,32,20,0,3,0.66234
134,130,870,500,32,20,0,3,0.61616
135,130,867,500,32,20,0,3,0.63636
136,130,864,500,32,20,0,3,0.61616
137,130,861,500,32,20,0,3,0.5671
138,130,858,500,32,20,0,3,0.5671
139,130,855,500,32,20,0,3,0.5671
140,130,852,500,32,20,0,3,0.5671
141,130,849,500,32,20,0,3,0.54545
142,130,846,500,32,20,0,3,0.54545
143,130,843,500,32,20,0,3,0.51515
144,130,840,500,32,20,0,3,0.53824
145,130,837,500,32,20,0,3,0.59596
146,130,834,500,32,20,0,3,0.54545
147,130,831,500,32,20,0,3,0.51515
148,130,828,500,32,20,0,3,0.53824
149,130,826,500,32,20,0,3,0.48052
150,130,822,499,32,20,0,3,0.55844
151,130,818,499,32,20,0,3,0.53247
152,130,814,499,32,20,0,3,0.53391
153,130,810,499,32,20,0,3,0.50938
154,130,806,499,32,20,0,3,0.53824
155,130,802,499,32,20,0,3,0.56133
156,130,799,499,32,20,0,3,0.53824
157,130,795,500,32,20,0,3,0.51515
158,130,791,501,32,20,0,3,0.48485
159,130,788,502,32,20,0,3,0.42857
160,130,784,503,32,20,0,3,0.42424
161,130,781,504,32,20,0,3,0.39394
162,130,777,505,32,20,0,3,0.39394
163,130,774,506,32,21,0,3,0.39256
164,130,771,506,32,21,0,3,0.36364
165,130,768,506,32,21,0,3,0.36364
166,130,765,506,32,21,0,3,0.36364
167,130,762,506,32,21,0,3,0.36364
168,130,759,506,32,21,0,3,0.39394
169,130,756,506,32,21,0,3,0.39394
170,130,753,506,32,21,0,3,0.42424
171,130,750,505,32,21,0,3,0.45041
172,130,748,504,32,21,0,3,0.44904
173,130,746,504,32,21,0,3,0.44904
174,130,744,503,32,21,0,3,0.45041
175,130,742,503,32,21,0,3,0.45041
176,130,740,502,32,21,0,3,0.45455
177,130,738,502,32,21,0,3,0.45455
178,130,736,502,32,21,0,3,0.45455
179,130,734,502,32,21,0,3,0.45455
180,130,732,502,32,21,0,3,0.42975
181,130,731,503,32,21,0,3,0.3719
182,130,729,503,32,21,0,3,0.3719
183,130,727,503,32,21,0,3,0.3719
184,130,726,504,32,21,0,3,0.34573
185,130,724,504,32,21,0,3,0.38017
186,130,722,505,32,21,0,3,0.33884
187,130,720,506,32,21,0,3,0.27686
188,130,718,506,32,21,0,3,0.27686
189,130,716,507,32,21,0,3,0.27686
190,130,714,508,32,21,0,3,0.24242
191,130,713,509,32,21,0,3,0.18182
192,130,711,509,32,21,0,3,0.18182
193,130,710,509,32,21,0,3,0.19008
194,130,709,509,32,21,0,3,0.16116
195,130,707,509,32,21,0,3,0.2011
196,130,706,510,32,21,0,3,0.13223
197,130,705,510,32,21,0,3,0.13223
198,130,703,510,32,21,0,3,0.2011
199,130,702,510,32,21,0,3,0.17355
200,130,701,511,32,21,0,3,0.17355
201,130,699,511,32,21,0,3,0.2011
202,130,698,512,32,21,0,3,0.13223
203,130,697,512,32,21,0,3,0.17355
204,130,696,513,32,21,0,3,0.13223
205,130,694,513,32,21,0,3,0.2011
206,130,693,514,32,21,0,3,0.13223
207,130,692,514,32,21,0,3,0.17355
208,130,691,515,32,21,0,3,0.17355
209,130,691,515,32,21,0,3,0.18871
210,130,691,515,32,21,0,3,0.20661
211,130,691,515,32,21,0,3,0.22727
212,130,692,515,32,21,0,3,0.36364
213,130,692,515,32,21,0,3,0.31818
214,130,692,516,32,21,0,3,0.27273
215,130,693,516,32,21,0,3,0.29477
216,130,693,516,32,21,0,3,0.31818
217,130,693,516,32,21,0,3,0.31818
218,130,694,516,32,21,0,3,0.33884
219,130,694,517,32,21,0,3,0.27273
220,130,694,517,32,21,0,3,0.27273
221,130,695,517,32,21,0,3,0.27273
222,130,695,517,32,21,0,3,0.27273
223,130,695,517,32,21,0,3,0.27273
224,130,696,517,32,21,0,3,0.27273
225,130,696,518,32,21,0,3,0.22727
226,130,696,518,32,21,0,3,0.40909
227,130,697,518,32,21,0,3,0.27273
228,130,697,518,32,21,0,3,0.27273
229,130,697,518,32,21,0,3,0.31818
230,130,698,519,32,21,0,3,0.18182
231,130,699,518,33,21,0,3,0.22727
232,130,700,517,34,22,0,3,0.26087
233,130,702,517,34,22,0,3,0.21739
234,130,703,516,35,23,0,3,0.20833
235,130,704,516,36,23,0,3,0.16667
236,130,706,515,36,24,0,3,0.32
237,130,707,515,37,24,0,3,0.28
238,130,708,514,38,25,0,3,0.26923
239,130,710,514,39,25,0,3,0.26923
240,130,712,514,39,25,0,3,0.19231
241,130,714,514,40,25,0,3,0.19231
242,130,716,514,40,25,0,3,0.24953
243,130,719,514,40,25,0,3,0.19231
244,130,721,514,40,25,0,3,0.17448
245,130,723,514,41,25,0,3,0.19414
246,130,725,514,41,25,0,3,0.21429
247,130,728,515,41,25,0,3,0.21429
248,130,732,515,41,25,0,3,0.23077
249,130,736,515,41,25,0,3,0.25
250,130,740,516,41,25,0,3,0.17399
251,130,744,516,41,25,0,3,0.17399
252,130,748,516,41,25,0,3,0.23077
253,130,752,517,42,25,0,3,0.1932
254,130,757,517,42,25,0,3,0.22987
255,130,762,517,42,25,0,3,0.26655
256,130,767,517,42,25,0,3,0.22987
257,130,773,517,42,25,0,3,0.21109
258,130,778,517,42,25,0,3,0.17352
259,130,783,517,42,25,0,3,0.17352
260,130,789,517,42,25,0,3,0.11538
261,130,793,517,42,25,0,3,0.13596
262,130,798,517,42,25,0,3,0.13596
263,130,803,517,42,25,0,3,0.11538
264,130,808,517,42,25,0,3,0.11538
265,130,813,517,42,25,0,3,0.11538
266,130,818,517,42,25,0,3,0.11538
267,130,823,517,42,25,0,3,0.19231
268,130,828,516,42,25,0,3,0.30769
269,130,833,516,42,25,0,3,0.23077
270,130,838,516,42,25,0,3,0.17352
271,130,843,515,42,25,0,3,0.19231
272,130,848,515,42,25,0,3,0.19231
273,130,854,515,42,25,0,3,0.19231
274,130,859,514,42,25,0,3,0.11538
275,130,864,513,42,26,0,3,0.20413
276,130,870,513,42,25,0,3,0.15385
277,130,875,512,42,26,0,3,0.14815
278,130,880,511,42,26,0,3,0.18519
279,130,886,511,42,26,0,3,0.25926
280,130,891,511,42,26,0,3,0.33333
281,130,896,511,42,26,0,3,0.2963
282,130,901,511,42,26,0,3,0.2963
283,130,906,511,42,26,0,3,0.25926
284,130,911,512,42,26,0,3,0.22222
285,130,916,511,42,26,0,3,0.25926
286,130,921,511,42,26,0,3,0.25926
287,130,927,511,42,26,0,3,0.25926
288,130,932,510,42,26,0,3,0.2963
289,130,937,510,42,26,0,3,0.2963
290,130,943,510,42,26,0,3,0.2963
291,130,947,511,42,26,0,3,0.27649
292,130,951,512,42,26,0,3,0.22308
293,130,956,513,42,26,0,3,0.18777
294,130,960,514,42,26,0,3,0.17313
295,130,965,515,42,26,0,3,0.13867
296,130,969,515,42,26,0,3,0.17313
297,130,973,515,42,26,0,3,0.22739
298,130,978,515,42,26,0,3,0.26098
299,130,982,515,42,26,0,3,0.24203
300,130,986,515,42,26,0,3,0.27649
301,130,991,515,42,26,0,3,0.29371
302,130,994,516,42,27,0,3,0.33721
303,130,998,518,42,27,0,3,0.30565
304,130,1002,519,41,29,0,3,0.29524
305,130,1005,521,42,29,0,3,0.33023
306,130,1009,522,41,30,0,3,0.38172
307,130,1013,524,41,31,0,3,0.34896
308,130,1017,524,41,32,0,3,0.36869
309,130,1021,525,41,33,0,3,0.36275
310,130,1025,526,41,34,0,3,0.35714
311,130,1029,527,41,34,0,3,0.35714
312,130,1033,528,41,35,0,3,0.35185
313,130,1038,529,41,36,0,3,0.36937
314,130,1042,529,41,36,0,3,0.32432
315,130,1046,529,41,36,0,3,0.32175
316,130,1050,529,41,36,0,3,0.3018
317,130,1054,530,41,36,0,3,0.28185
318,130,1058,530,41,36,0,3,0.28571
319,130,1062,530,41,36,0,3,0.30952
320,130,1066,531,41,36,0,3,0.2619
321,130,1068,530,41,36,0,3,0.30502
322,130,1071,529,41,36,0,3,0.32819
323,130,1073,529,41,36,0,3,0.36551
324,130,1076,528,41,36,0,3,0.38739
325,130,1078,527,41,36,0,3,0.44402
326,130,1081,527,41,36,0,3,0.40541
327,130,1083,526,41,36,0,3,0.42664
328,130,1086,526,41,36,0,3,0.40927
329,130,1086,524,43,36,0,3,0.41216
330,130,1087,522,44,36,0,3,0.43243
331,130,1087,521,47,36,0,3,0.41216
332,130,1088,519,48,36,0,3,0.4043
333,130,1088,518,50,35,0,3,0.41176
334,130,1089,516,52,36,0,3,0.39623
335,130,1089,515,54,35,0,3,0.41818
336,130,1090,513,55,35,0,3,0.4127
337,130,1091,512,57,35,0,3,0.47222
338,130,1092,513,57,36,0,3,0.5
339,130,1093,515,57,36,0,3,0.43336
340,130,1095,517,56,37,0,3,0.3518
341,130,1096,519,56,37,0,3,0.3518
342,130,1097,521,57,38,0,3,0.3634
343,130,1099,523,56,38,0,3,0.4341
344,130,1100,525,56,39,0,3,0.36842
345,130,1101,527,56,39,0,3,0.45614
346,130,1103,529,56,40,0,3,0.48652
347,130,1103,530,56,40,0,3,0.54472
348,130,1104,531,56,40,0,3,0.56098
349,130,1105,533,56,40,0,3,0.57724
350,130,1106,534,56,40,0,3,0.62003
351,130,1107,535,56,40,0,3,0.57724
352,130,1108,537,56,40,0,3,0.54472
353,130,1109,538,56,40,0,3,0.52846
354,130,1110,540,56,40,0,3,0.51605
355,130,1110,541,56,40,0,3,0.56098
356,130,1110,543,56,40,0,3,0.52846
357,130,1110,545,56,40,0,3,0.49593
358,130,1110,547,56,40,0,3,0.47754
359,130,1110,548,56,41,0,3,0.48997
360,130,1110,550,56,41,0,3,0.48997
361,130,1110,552,56,41,0,3,0.50376
362,130,1110,554,56,41,0,3,0.50376
363,130,1110,556,56,41,0,3,0.51754
364,130,1110,557,56,41,0,3,0.53216
365,130,1110,559,56,41,0,3,0.54553
366,130,1110,561,57,41,0,3,0.54023
367,130,1110,562,57,41,0,3,0.58128
368,130,1111,564,56,41,0,3,0.58814
369,130,1111,566,57,41,0,3,0.58333
370,130,1111,567,57,41,0,3,0.62315
371,130,1111,569,57,41,0,3,0.59524
372,130,1112,571,57,41,0,3,0.56732
373,130,1110,569,58,42,0,3,0.62278
374,130,1108,568,59,43,0,3,0.65947
375,130,1106,566,60,45,0,3,0.71062
376,130,1104,565,61,46,0,3,0.71139
53,132,548,552,29,72,1,1,0.48128
54,132,544,552,29,72,1,1,0.54292
55,132,541,552,29,72,1,1,0.57306
56,132,537,552,29,72,1,1,0.67215
57,132,534,552,29,73,1,1,0.70631
58,132,530,551,29,73,1,1,0.73784
59,132,527,551,29,73,1,1,0.73784
60,132,523,550,29,74,1,1,0.77289
61,132,520,550,29,74,1,1,0.772
62,132,519,543,29,75,1,1,0.70351
63,132,514,560,29,75,1,1,0.8
64,132,511,546,29,75,1,1,0.77281
65,132,508,552,29,76,1,1,0.74242
66,132,506,559,29,76,1,1,0.74026
67,132,499,550,29,76,1,1,0.86667
68,132,495,557,29,76,1,1,0.86667
69,132,491,554,29,76,1,1,0.9
70,132,486,555,29,76,1,1,0.86667
71,132,481,556,29,76,1,1,0.93333
72,132,476,557,29,77,1,1,0.86667
73,132,471,558,29,76,1,1,0.9
74,132,467,559,29,76,1,1,1
75,132,462,560,29,75,1,1,1
76,132,458,562,29,74,1,1,0.93333
77,132,451,559,29,77,1,1,1
78,132,444,557,29,79,1,1,1
79,132,437,555,30,82,1,1,1
80,132,430,556,30,82,1,1,1
81,132,424,557,30,83,1,1,1
82,132,417,558,30,84,1,1,1
83,132,411,559,30,85,1,1,1
84,132,404,560,30,86,1,1,1
85,132,398,562,30,86,1,1,1
86,132,390,564,30,86,1,1,1
87,132,383,566,30,87,1,1,1
88,132,376,568,30,88,1,1,0.96774
89,132,369,570,30,89,1,1,0.96774
90,132,362,572,30,90,1,1,0.93548
91,132,355,574,30,91,1,1,0.93548
92,132,348,577,30,91,1,1,0.93548
93,132,339,577,30,92,1,1,1
94,132,330,578,31,92,1,1,1
95,132,322,579,30,93,1,1,1
96,132,313,579,31,94,1,1,1
97,132,305,580,30,95,1,1,1
98,132,296,581,31,95,1,1,1
99,132,288,582,30,95,1,1,1
100,132,279,582,31,97,1,1,1
101,132,271,583,30,97,1,1,1
102,132,262,584,31,98,1,1,1
103,132,254,585,30,98,1,1,1
104,132,245,585,31,99,1,1,1
105,132,237,586,30,100,1,1,1
106,132,228,587,31,100,1,1,1
107,132,220,588,31,101,1,1,0.96906
108,132,210,589,31,101,1,1,1
109,132,200,590,31,102,1,1,1
110,132,190,591,31,103,1,1,1
111,132,181,592,31,104,1,1,0.96875
112,132,171,593,31,104,1,1,0.96875
113,132,161,594,31,105,1,1,0.90625
114,132,151,595,31,106,1,1,0.84375
115,132,142,597,31,106,1,1,0.75
116,132,131,598,31,106,1,1,0.71875
117,132,120,599,31,107,1,1,0.6875
118,132,110,600,31,107,1,1,0.65625
119,132,100,601,31,108,1,1,0.59375
120,132,90,602,31,109,1,1,0.5625
121,132,78,604,31,110,1,1,0.59375
122,132,67,606,31,111,1,1,0.59375
123,132,55,608,32,112,1,1,0.57576
124,132,44,611,32,112,1,1,0.57576
125,132,32,613,33,113,1,1,0.58824
126,132,21,615,33,114,1,1,0.58824
127,132,9,617,34,115,1,1,0.57143
179,133,1175,531,26,66,1,1,0.023217
180,133,1172,531,26,66,1,1,0.010503
181,133,1169,531,26,66,1,1,0.0099502
182,133,1166,531,26,67,1,1,0.012527
183,133,1164,531,26,67,1,1,0.021786
184,133,1161,531,26,68,1,1,0.032206
185,133,1158,531,26,68,1,1,0.034353
186,133,1156,532,26,68,1,1,0.05314
187,133,1153,533,26,67,1,1,0.019063
188,133,1150,534,26,66,1,1,0.01382
189,133,1147,535,26,66,1,1,0.0088447
190,133,1144,536,26,65,1,1,0.0044893
191,133,1141,537,26,65,1,1,0
192,133,1138,538,26,64,1,1,0
193,133,1135,540,27,63,1,1,0
194,133,1132,540,27,63,1,1,0
195,133,1129,540,27,63,1,1,0
196,133,1126,540,27,64,1,1,0
197,133,1124,541,27,63,1,1,0
198,133,1121,541,27,63,1,1,0
199,133,1118,541,27,64,1,1,0
200,133,1115,541,27,64,1,1,0
201,133,1113,542,27,64,1,1,0
202,133,1111,542,28,65,1,1,0
203,133,1109,542,30,67,1,1,0
204,133,1106,542,28,68,1,1,0
205,133,1103,542,27,69,1,1,0.035714
206,133,1101,543,25,69,1,1,0.076923
207,133,1098,543,26,69,1,1,0.074074
208,133,1096,543,26,70,1,1,0.074074
209,133,1094,543,26,71,1,1,0
210,133,1092,544,26,71,1,1,0.89558
211,133,1089,544,27,71,1,1,0.86111
212,133,1087,545,28,70,1,1,0.042739
213,133,1084,545,29,71,1,1,0.6
214,133,1082,546,29,71,1,1,0.60833
215,133,1079,546,30,72,1,1,0.62042
216,133,1077,547,30,73,1,1,0.6347
217,133,1075,547,29,73,1,1,0.66577
218,133,1074,547,28,73,1,1,0.67474
219,133,1072,548,28,72,1,1,0.71752
220,133,1071,548,27,72,1,1,0.71624
221,133,1070,549,26,72,1,1,0.79401
222,133,1068,548,28,73,1,1,0.83038
223,133,1066,548,30,74,1,1,0.86753
224,133,1064,548,32,74,1,1,0.87556
225,133,1062,548,35,75,1,1,0.31871
226,133,1056,547,39,81,1,1,0.92957
227,133,1059,547,36,80,1,1,0.95996
228,133,1062,547,34,80,1,1,0.96825
229,133,1065,547,32,80,1,1,0.9783
230,133,1064,547,33,79,1,1,0.98971
231,133,1063,547,34,79,1,1,0.74286
232,133,1063,547,35,79,1,1,0.72222
233,133,1062,547,36,79,1,1,0.72973
234,133,1062,547,37,79,1,1,0.73684
235,133,1063,546,36,80,1,1,0.72973
236,133,1064,546,35,81,1,1,0.75
237,133,1065,546,34,81,1,1,0.59233
238,133,1066,546,33,82,1,1,0.62792
239,133,1068,546,31,83,1,1,0.38095
240,133,1069,545,31,84,1,1,0.37647
241,133,1070,544,32,85,1,1,0.37209
242,133,1072,544,31,85,1,1,0.37209
243,133,1073,543,32,86,1,1,0.36782
244,133,1075,543,32,86,1,1,0.36782
245,133,1077,543,32,86,1,1,0.34483
246,133,1080,543,32,87,1,1,0.32955
247,133,1082,543,33,87,1,1,0.31818
248,133,1085,543,33,88,1,1,0.30337
249,133,1087,543,34,88,1,1,0.30337
250,133,1090,543,34,89,1,1,0.28889
251,133,1093,543,34,90,1,1,0.27473
252,133,1097,543,34,90,1,1,0.27473
253,133,1101,543,34,91,1,1,0.26087
254,133,1105,543,35,92,1,1,0.23656
255,133,1109,543,35,93,1,1,0.2234
256,133,1113,543,35,94,1,1,0.2
257,133,1117,544,36,94,1,1,0.55619
258,133,1121,544,37,94,1,1,0.91247
259,133,1126,544,37,95,1,1,1
260,133,1132,544,37,96,1,1,0.94221
261,133,1138,545,37,96,1,1,0.80467
262,133,1144,546,38,97,1,1,0.6753
263,133,1149,547,39,97,1,1,0.52806
264,133,1155,548,39,98,1,1,0.375
265,133,1161,549,39,99,1,1,0.24
266,133,1167,551,39,99,1,1,0.24
267,133,1173,553,40,100,1,1,0.2113
268,133,1179,551,40,101,1,1,0.15256
269,133,1185,549,41,102,1,1,0.10541
270,133,1192,548,41,102,1,1,0.070273
271,133,1196,549,42,103,1,1,0.04025
272,133,1201,551,42,103,1,1,0.014535
273,133,1204,552,43,103,1,1,0
274,133,1208,553,43,104,1,1,0.017316
275,133,1212,554,43,104,1,1,0.02381
276,133,1216,555,43,105,1,1,0.030017
277,133,1220,556,43,105,1,1,0.009434
278,133,1224,557,43,106,1,1,0.18182
279,133,1228,558,44,107,1,1,0.42222
280,133,1232,558,44,107,1,1,0.66667
281,133,1236,558,45,108,1,1,0.8913
282,133,1241,558,45,109,1,1,1
283,133,1246,557,45,110,1,1,1
284,133,1251,557,46,110,1,1,1
285,133,1257,557,46,111,1,1,1
286,133,1262,557,46,112,1,1,1
287,133,1263,556,46,112,1,1,1
288,133,1269,556,42,113,1,1,1
289,133,1275,556,39,114,1,1,1
290,133,1281,556,36,115,1,1,1
291,133,1284,557,46,117,1,1,0.97079
292,133,1288,559,47,117,1,1,0.83792
293,133,1292,560,47,118,1,1,0.67262
294,133,1296,562,47,119,1,1,0.525
295,133,1300,564,48,119,1,1,0.51667
296,133,1304,566,48,120,1,1,0.5124
297,133,1308,568,49,120,1,1,0.4876
298,133,1312,569,49,122,1,1,0.47154
299,133,1316,571,50,122,1,1,0.45528
300,133,1320,573,50,123,1,1,0.42742
301,133,1324,575,51,123,1,1,0.41129
302,133,1329,577,50,124,1,1,0.4
303,133,1333,578,50,126,1,1,0.40157
304,133,1337,580,51,126,1,1,0.40157
305,133,1341,582,51,127,1,1,0.39844
306,133,1345,584,52,127,1,1,0.375
307,133,1349,586,52,128,1,1,0.35659
308,133,1353,587,53,129,1,1,0.34615
309,133,1357,589,53,130,1,1,0.32061
310,133,1361,591,54,130,1,1,0.30534
311,133,1365,593,54,131,1,1,0.28788
312,133,1370,595,54,132,1,1,0.27068
313,133,1374,595,54,133,1,1,0.26866
314,133,1378,596,54,133,1,1,0.26119
315,133,1382,597,54,134,1,1,0.46438
316,133,1386,599,54,134,1,1,0.72148
317,133,1390,602,54,134,1,1,1
318,133,1394,604,54,135,1,1,1
319,133,1398,607,54,134,1,1,1
320,133,1402,609,54,135,1,1,1
321,133,1406,612,54,135,1,1,1
322,133,1406,610,56,138,1,1,1
323,133,1406,608,58,141,1,1,1
324,133,1406,606,61,144,1,1,1
325,133,1413,606,63,147,1,1,1
326,133,1420,606,65,150,1,1,1
327,133,1428,607,55,149,1,1,1
328,133,1428,605,55,151,1,1,1
329,133,1429,604,54,152,1,1,1
330,133,1430,602,53,154,1,1,1
331,133,1431,601,52,155,1,1,1
332,133,1427,599,59,158,1,1,1
333,133,1423,597,66,161,1,1,1
334,133,1420,596,72,163,1,1,1
335,133,1422,595,73,162,1,1,1
336,133,1426,595,73,165,1,1,1
337,133,1431,596,70,170,1,1,1
338,133,1436,597,69,172,1,1,1
339,133,1441,599,69,173,1,1,1
340,133,1442,602,70,173,1,1,1
341,133,1443,605,72,173,1,1,1
342,133,1445,609,73,173,1,1,1
343,133,1443,612,70,177,1,1,1
344,133,1443,619,68,178,1,1,1
345,133,1444,626,65,179,1,1,1
346,133,1448,629,57,181,1,1,1
347,133,1448,633,60,185,1,1,1
348,133,1449,637,61,186,1,1,1
349,133,1449,640,65,186,1,1,1
350,133,1444,643,69,189,1,1,1
351,133,1445,646,70,191,1,1,1
352,133,1446,650,72,192,1,1,1
353,133,1447,654,73,193,1,1,1
354,133,1448,658,75,194,1,1,1
355,133,1449,662,76,195,1,1,1
356,133,1451,666,77,196,1,1,1
357,133,1451,669,71,199,1,1,1
358,133,1452,671,69,201,1,1,1
359,133,1453,674,68,203,1,1,1
360,133,1454,677,66,205,1,1,1
361,133,1455,680,65,207,1,1,1
362,133,1453,685,70,209,1,1,1
363,133,1451,690,76,211,1,1,1
364,133,1450,695,81,213,1,1,1
365,133,1451,700,81,215,1,1,1
366,133,1453,706,81,216,1,1,1
367,133,1454,712,81,217,1,1,1
368,133,1456,718,81,219,1,1,1
369,133,1457,720,83,224,1,1,1
370,133,1458,723,86,228,1,1,1
371,133,1456,721,86,233,1,1,1
372,133,1455,720,85,237,1,1,1
373,133,1454,719,84,241,1,1,1
374,133,1454,720,84,244,1,1,1
375,133,1454,722,85,247,1,1,1
376,133,1454,723,86,250,1,1,1
284,134,1280,546,37,108,1,1,0
285,134,1287,550,38,106,1,1,0
286,134,1293,546,35,110,1,1,0
287,134,1301,549,34,107,1,1,0.0092593
288,134,1308,545,35,113,1,1,0.0026803
296,135,1366,548,42,119,1,1,0.023256
297,135,1373,549,43,119,1,1,0.090909
298,135,1380,551,44,118,1,1,0.099346
299,135,1388,553,44,118,1,1,0.23492
300,135,1392,557,45,116,1,1,0.58974
301,135,1399,557,45,118,1,1,0.57983
302,135,1406,558,46,120,1,1,0.57025
303,135,1414,559,46,122,1,1,0.56911
304,135,1420,561,46,123,1,1,0.56452
305,135,1426,564,47,124,1,1,0.552
306,135,1432,566,48,125,1,1,0.52381
307,135,1438,569,48,126,1,1,0.49606
308,135,1444,571,49,127,1,1,0.47656
309,135,1451,574,49,128,1,1,0.44186
310,135,1457,575,49,129,1,1,0.43077
311,135,1463,576,50,130,1,1,0.41985
312,135,1469,577,51,131,1,1,0.40909
313,135,1475,578,52,132,1,1,0.3985
314,135,1482,579,52,133,1,1,0.38806
315,135,1488,580,53,134,1,1,0.40741
316,135,1494,581,54,135,1,1,0.43382
317,135,1500,582,55,136,1,1,0.40146
318,135,1507,583,55,137,1,1,0.36957
319,135,1513,584,56,138,1,1,0.33813
320,135,1520,585,56,140,1,1,0.41471
321,135,1527,587,56,141,1,1,0.65641
322,135,1532,586,55,143,1,1,0.96205
323,135,1537,586,54,145,1,1,1
324,135,1543,586,53,147,1,1,1
325,135,1546,585,52,149,1,1,1
326,135,1550,585,51,151,1,1,1
327,135,1554,585,49,153,1,1,1
328,135,1558,585,48,155,1,1,1
329,135,1562,584,47,156,1,1,1
330,135,1566,583,47,157,1,1,1
331,135,1570,582,46,158,1,1,1
332,135,1574,581,46,160,1,1,1
333,135,1578,580,45,161,1,1,1
334,135,1582,579,45,162,1,1,1
335,135,1586,579,45,163,1,1,1
336,135,1586,572,44,164,1,1,0.91111
337,135,1585,577,44,166,1,1,0.75556
338,135,1590,574,44,169,1,1,0.75556
339,135,1590,578,50,170,1,1,0.66667
340,135,1588,581,56,170,1,1,0.5614
341,135,1586,584,62,170,1,1,0.55556
342,135,1585,587,67,171,1,1,0.58824
343,135,1581,595,75,170,1,1,0.63158
344,135,1577,603,83,169,1,1,0.66667
345,135,1574,611,91,169,1,1,0.69565
346,135,1583,618,90,168,1,1,0.69231
347,135,1582,619,90,171,1,1,0.69231
348,135,1581,620,90,174,1,1,0.69231
349,135,1581,621,89,178,1,1,0.68889
350,135,1580,622,89,181,1,1,0.7
351,135,1579,623,89,184,1,1,0.75556
352,135,1579,625,89,187,1,1,0.81111
353,135,1578,629,89,186,1,1,0.87778
354,135,1578,633,88,185,1,1,0.93258
355,135,1578,637,88,185,1,1,0.98876
356,135,1577,638,88,192,1,1,1
357,135,1578,643,88,191,1,1,1
358,135,1579,648,88,190,1,1,1
359,135,1581,653,87,190,1,1,1
360,135,1581,656,87,195,1,1,1
361,135,1582,660,87,199,1,1,1
362,135,1583,664,87,203,1,1,1
363,135,1583,666,83,205,1,1,1
364,135,1583,669,79,206,1,1,1
365,135,1584,672,74,208,1,1,1
366,135,1583,675,73,210,1,1,1
367,135,1582,679,73,212,1,1,1
368,135,1581,683,73,214,1,1,1
369,135,1569,685,86,215,1,1,1
370,135,1558,687,98,216,1,1,1
371,135,1547,690,110,217,1,1,1
372,135,1546,693,117,216,1,1,1
373,135,1546,697,123,215,1,1,1
374,135,1547,696,122,220,1,1,1
375,135,1548,695,121,226,1,1,1
376,135,1550,694,111,228,1,1,1
229,136,383,538,14,38,1,1,1
230,136,382,537,14,38,1,1,1
231,136,382,537,14,37,1,1,1
232,136,382,536,14,38,1,1,1
233,136,381,536,15,37,1,1,1
234,136,381,536,15,37,1,1,1
235,136,381,535,15,37,1,1,1
236,136,380,535,16,36,1,1,1
237,136,380,534,16,37,1,1,1
238,136,380,534,16,36,1,1,1
239,136,380,534,16,36,1,1,1
240,136,380,534,16,36,1,1,1
241,136,381,534,16,36,1,1,1
242,136,382,534,16,36,1,1,1
243,136,383,534,16,36,1,1,1
244,136,384,534,16,36,1,1,1
245,136,385,534,16,36,1,1,1
246,136,386,534,16,36,1,1,1
247,136,387,534,16,36,1,1,1
248,136,388,534,16,36,1,1,1
249,136,389,535,16,36,1,1,1
250,136,392,535,16,36,1,1,1
251,136,396,536,16,36,1,1,1
252,136,399,536,16,36,1,1,1
253,136,403,537,16,36,1,1,1
254,136,407,538,16,36,1,1,1
255,136,410,538,16,36,1,1,1
256,136,414,539,16,36,1,1,1
257,136,417,539,16,36,1,1,1
258,136,421,540,16,36,1,1,1
259,136,425,541,16,36,1,1,1
260,136,429,540,16,37,1,1,1
261,136,433,540,16,37,1,1,1
262,136,438,539,15,38,1,1,1
263,136,442,539,16,38,1,1,1
264,136,447,539,15,39,1,1,1
265,136,451,538,15,40,1,1,1
266,136,455,538,16,40,1,1,1
267,136,460,537,15,41,1,1,1
268,136,464,537,15,41,1,1,1
269,136,469,537,15,42,1,1,1
270,136,473,536,15,42,1,1,1
271,136,478,535,15,42,1,1,1
272,136,482,534,15,42,1,1,1
273,136,487,533,15,42,1,1,1
274,136,492,532,15,42,1,1,1
275,136,496,531,15,42,1,1,1
276,136,501,530,15,42,1,1,1
277,136,505,529,15,42,1,1,1
278,136,510,528,15,42,1,1,1
188,138,1175,526,23,70,1,1,0.13908
189,138,1174,524,24,71,1,1,0.14778
190,138,1171,523,24,71,1,1,0.14444
191,138,1168,523,25,74,1,1,0.23231
192,138,1165,523,26,77,1,1,0.17949
193,138,1162,524,27,80,1,1,0.14991
194,138,1156,525,27,79,1,1,0.12143
195,138,1149,524,31,78,1,1,0.1068
196,138,1149,525,30,79,1,1,0.10161
197,138,1143,525,35,78,1,1,0.083685
198,138,1141,525,34,78,1,1,0.063653
199,138,1140,525,33,79,1,1,0.066176
200,138,1139,525,32,79,1,1,0.051515
201,138,1138,526,31,79,1,1,0.11875
202,138,1136,527,31,78,1,1,0
203,138,1135,528,31,78,1,1,0
204,138,1134,526,33,83,1,1,0.13095
205,138,1130,527,30,82,1,1,0
206,138,1126,528,28,81,1,1,0.040791
207,138,1122,529,26,80,1,1,0.12986
208,138,1119,531,23,79,1,1,0.23229
209,138,1117,534,23,81,1,1,0.45833
210,138,1114,532,23,81,1,1,0.40142
211,138,1112,537,26,76,1,1,0.42039
212,138,1110,537,26,79,1,1,0.66667
213,138,1108,538,26,82,1,1,0.74074
214,138,1107,541,26,82,1,1,0.77778
215,138,1106,540,27,83,1,1,0.78571
216,138,1105,539,28,85,1,1,0.7931
217,138,1103,536,29,87,1,1,0.83333
218,138,1101,534,30,88,1,1,0.87097
219,138,1100,534,28,87,1,1,0.84796
220,138,1099,534,27,86,1,1,0.94048
221,138,1098,535,26,85,1,1,0.80534
222,138,1097,535,28,85,1,1,0.87009
223,138,1096,535,28,85,1,1,0.68685
224,138,1095,535,29,86,1,1,0.66513
225,138,1094,535,29,86,1,1,0.64176
226,138,1093,536,30,86,1,1,0.63849
227,138,1092,536,30,86,1,1,0.63589
228,138,1091,536,31,87,1,1,0.57955
229,138,1090,537,32,87,1,1,0.52755
230,138,1089,539,33,86,1,1,0.5497
231,138,1089,542,34,85,1,1,0.77841
232,138,1089,541,34,86,1,1,0.8
233,138,1089,540,35,87,1,1,0.82008
234,138,1090,539,35,88,1,1,0.83552
235,138,1090,538,36,89,1,1,0.77177
236,138,1091,537,36,90,1,1,0.66498
237,138,1091,536,37,91,1,1,0.68593
238,138,1091,535,38,92,1,1,0.71381
239,138,1092,534,38,93,1,1,0.75668
240,138,1092,533,39,94,1,1,0.61658
241,138,1093,533,39,94,1,1,0.43211
242,138,1096,534,37,92,1,1,0.37408
243,138,1099,534,36,92,1,1,0.22871
244,138,1102,534,35,93,1,1,0.36584
245,138,1105,534,34,93,1,1,0.33708
246,138,1108,535,33,93,1,1,0.31602
247,138,1111,534,32,94,1,1,0.31547
248,138,1114,533,32,96,1,1,0.30272
249,138,1117,533,31,96,1,1,0.30026
250,138,1120,532,31,98,1,1,0.28851
251,138,1123,532,31,99,1,1,0.27875
252,138,1126,532,32,99,1,1,0.27333
253,138,1129,532,34,100,1,1,0.29901
254,138,1132,533,36,100,1,1,0.26385
255,138,1135,533,37,100,1,1,0.25221
256,138,1138,534,39,100,1,1,0.2255
257,138,1141,534,41,101,1,1,0.21312
258,138,1144,535,43,101,1,1,0.19162
259,138,1147,533,45,104,1,1,0.37474
260,138,1150,532,47,106,1,1,0.59852
261,138,1154,531,49,109,1,1,0.616
262,138,1158,531,48,109,1,1,0.55102
263,138,1163,532,46,108,1,1,0.25669
264,138,1167,532,42,108,1,1,0.2332
265,138,1171,537,41,107,1,1,0.28571
280,139,1246,535,40,125,1,1,0.071235
281,139,1243,535,43,120,1,1,0.14688
282,139,1248,536,42,119,1,1,0.2593
283,139,1253,537,42,118,1,1,0.13289
284,139,1259,539,41,117,1,1,0.14165
285,139,1265,543,40,117,1,1,0.10418
286,139,1263,543,50,114,1,1,0.095482
287,139,1261,544,60,111,1,1,0.10319
288,139,1265,544,64,110,1,1,0.12654
289,139,1270,545,68,108,1,1,0.20343
290,139,1275,544,65,110,1,1,0.24242
291,139,1280,543,62,112,1,1,0.13626
292,139,1286,542,58,115,1,1,0.128
293,139,1291,541,55,117,1,1,0.12182
294,139,1297,540,51,120,1,1,0.11538
295,139,1305,542,47,121,1,1,0.093921
296,139,1309,543,44,118,1,1,0.11597
297,139,1314,545,41,116,1,1,0.12637
298,139,1317,545,38,113,1,1,0.14575
299,139,1320,548,39,125,1,1,0.10496
300,139,1323,549,35,119,1,1,0.1
301,139,1327,551,31,113,1,1,0.085526
302,139,1330,552,27,108,1,1,0.040957
303,139,1334,554,23,102,1,1,0.029126
304,139,1338,558,25,104,1,1,0.048352
305,139,1341,561,27,106,1,1,0.077103
306,139,1343,565,29,108,1,1,0.12232
307,139,1343,566,32,110,1,1,0.20093
308,139,1344,566,34,112,1,1,0.26169
309,139,1353,568,30,116,1,1,0.20844
310,139,1352,567,30,121,1,1,0.29191
311,139,1356,569,30,126,1,1,0.27584
312,139,1357,575,32,132,1,1,0.25701
313,139,1359,577,43,140,1,1,0.2147
314,139,1358,578,48,139,1,1,0.42085
315,139,1352,579,60,140,1,1,0.55668
316,139,1345,578,65,141,1,1,0.67723
317,139,1342,579,70,144,1,1,0.72744
318,139,1344,581,75,143,1,1,0.71254
319,139,1346,582,81,143,1,1,0.69766
320,139,1350,582,79,145,1,1,0.68236
321,139,1355,582,76,147,1,1,0.69393
322,139,1360,581,72,147,1,1,0.66772
323,139,1361,581,74,148,1,1,0.64107
324,139,1368,583,69,148,1,1,0.58696
325,139,1374,582,63,150,1,1,0.64911
326,139,1379,580,55,154,1,1,0.76509
327,139,1382,579,47,153,1,1,0.96212
328,139,1379,579,44,159,1,1,1
329,139,1379,576,41,159,1,1,1
330,139,1377,577,50,159,1,1,1
331,139,1367,575,62,159,1,1,0.98413
332,139,1357,573,71,157,1,1,0.97679
333,139,1350,571,82,160,1,1,0.72289
334,139,1349,569,92,157,1,1,0.63441
335,139,1350,567,94,160,1,1,0.61053
336,139,1352,565,93,160,1,1,0.60638
337,139,1353,570,93,160,1,1,0.61702
338,139,1358,571,88,159,1,1,0.61798
339,139,1358,571,85,163,1,1,0.68605
340,139,1362,571,77,164,1,1,0.78205
341,139,1366,575,68,165,1,1,0.76812
342,139,1370,575,56,171,1,1,0.84211
343,139,1372,577,43,173,1,1,1
344,139,1370,578,45,178,1,1,0.8913
345,139,1371,585,42,180,1,1,0.65116
346,139,1368,585,47,181,1,1,0.51648
347,139,1358,594,56,178,1,1,0.45614
348,139,1350,598,61,175,1,1,0.6129
349,139,1344,605,69,174,1,1,0.62857
350,139,1345,605,68,177,1,1,0.65217
351,139,1345,605,69,175,1,1,0.7
352,139,1345,605,68,180,1,1,0.78261
353,139,1348,607,70,184,1,1,0.73239
354,139,1352,608,69,187,1,1,0.58571
355,139,1355,610,69,187,1,1,0.47143
356,139,1355,611,61,189,1,1,0.41935
357,139,1354,611,56,191,1,1,0.3644
358,139,1352,612,54,188,1,1,0.37374
359,139,1349,612,49,193,1,1,0.35701
360,139,1345,618,51,193,1,1,0.37847
361,139,1342,620,56,193,1,1,0.39546
362,139,1341,624,55,196,1,1,0.28644
363,139,1341,625,54,196,1,1,0.29303
364,139,1339,631,54,196,1,1,0.33484
365,139,1337,635,57,195,1,1,0.39796
366,139,1336,639,65,198,1,1,0.37437
367,139,1336,641,63,198,1,1,0.4218
368,139,1330,643,71,203,1,1,0.41299
369,139,1330,646,70,202,1,1,0.38708
370,139,1328,645,64,204,1,1,0.44533
371,139,1328,648,61,203,1,1,0.47494
372,139,1322,648,61,203,1,1,0.50024
373,139,1324,649,68,201,1,1,0.36225
374,139,1322,648,65,201,1,1,0.38141
375,139,1314,649,58,202,1,1,0.34566
376,139,1315,647,50,199,1,1,0.40716
195,140,970,530,18,49,1,1,0.54947
196,140,968,525,16,57,1,1,0.50304
197,140,966,525,16,57,1,1,0.50304
198,140,964,526,17,56,1,1,0.49708
199,140,963,527,17,55,1,1,0.51786
200,140,961,527,18,55,1,1,0.5
201,140,960,528,18,54,1,1,0.49091
202,140,958,529,19,53,1,1,0.48148
203,140,957,529,19,53,1,1,0.48148
204,140,955,530,20,52,1,1,0.44924
205,140,954,531,20,52,1,1,0.47439
206,140,951,531,21,52,1,1,0.45712
207,140,949,531,22,52,1,1,0.35111
208,140,947,532,23,52,1,1,0.35456
209,140,946,532,22,53,1,1,0.33977
210,140,945,533,22,53,1,1,0.31481
211,140,944,533,22,54,1,1,0.30909
212,140,944,534,20,55,1,1,0.28571
213,140,943,534,20,56,1,1,0.22055
214,140,942,535,20,56,1,1,0.2005
271,141,1124,516,28,65,1,1,0
272,141,1129,516,28,66,1,1,0.27586
273,141,1135,516,27,67,1,1,0.57143
274,141,1141,517,27,67,1,1,0.67857
275,141,1147,516,27,67,1,1,0.60714
276,141,1153,516,27,67,1,1,0.57143
313,142,1387,539,28,58,1,1,0.049679
314,142,1389,541,27,60,1,1,0.057377
315,142,1399,539,26,61,1,1,0.11649
316,142,1400,541,28,66,1,1,0.073598
317,142,1408,541,28,70,1,1,0.1151
318,142,1412,541,28,76,1,1,0.098074
319,142,1416,542,29,82,1,1,0.29518
320,142,1421,542,30,82,1,1,0.34473
321,142,1426,542,31,82,1,1,0.30648
322,142,1434,541,26,81,1,1,0.34824
323,142,1442,541,26,81,1,1,0.3645
324,142,1445,540,27,81,1,1,0.34495
325,142,1448,539,29,82,1,1,0.40161
326,142,1451,538,30,82,1,1,0.44656
327,142,1454,537,32,83,1,1,0.39538
328,142,1457,534,32,83,1,1,0.48846
329,142,1461,532,32,83,1,1,0.50577
330,142,1465,531,30,83,1,1,0.51959
331,142,1469,530,28,84,1,1,0.29006
332,142,1473,529,27,85,1,1,0.5
333,142,1476,525,26,86,1,1,0.52448
334,142,1479,522,26,86,1,1,0.55981
335,142,1482,519,26,86,1,1,0.58323
336,142,1482,519,26,86,1,1,0.5513
337,142,1488,519,26,92,1,1,0.53445
338,142,1491,514,26,91,1,1,0.59783
339,142,1491,517,27,91,1,1,0.56522
340,142,1495,519,28,89,1,1,0.55556
341,142,1500,521,28,88,1,1,0.1976
342,142,1501,521,28,88,1,1,0.25107
343,142,1502,523,29,88,1,1,0.26779
344,142,1504,526,30,88,1,1,0.28416
345,142,1506,529,31,88,1,1,0.29494
346,142,1508,532,31,87,1,1,0.33807
347,142,1510,534,32,88,1,1,0.29111
348,142,1512,537,33,88,1,1,0.29379
349,142,1514,540,33,87,1,1,0.28075
350,142,1516,543,34,87,1,1,0.28571
351,142,1518,546,35,87,1,1,0.28977
352,142,1521,547,35,89,1,1,0.2716
353,142,1525,549,35,90,1,1,0.23504
354,142,1526,550,35,91,1,1,0.61957
355,142,1528,552,35,92,1,1,0.6129
356,142,1530,553,34,94,1,1,0.61053
357,142,1532,555,34,95,1,1,0.61458
358,142,1534,556,34,97,1,1,0.61224
359,142,1536,558,33,98,1,1,0.60606
360,142,1538,559,33,100,1,1,0.61386
361,142,1540,561,33,101,1,1,0.60784
362,142,1541,563,33,101,1,1,0.60784
363,142,1543,565,33,101,1,1,0.61765
364,142,1545,567,33,101,1,1,0.61765
365,142,1547,570,33,101,1,1,0.60784
366,142,1549,572,33,101,1,1,0.61765
367,142,1551,574,33,101,1,1,0.61765
368,142,1553,577,33,101,1,1,0.61765
369,142,1555,579,33,101,1,1,0.59804
370,142,1557,581,33,101,1,1,0.57843
371,142,1559,584,33,101,1,1,0.54902
372,142,1559,582,33,101,1,1,0.56863
373,142,1559,581,33,101,1,1,0.57843
374,142,1559,579,33,101,1,1,0.59804
375,142,1559,578,34,101,1,1,0.60784
376,142,1559,576,33,101,1,1,0.31373
292,143,1511,519,28,100,1,1,0.37931
293,143,1518,519,30,101,1,1,0.67742
294,143,1526,519,32,102,1,1,0.75758
295,143,1533,520,35,101,1,1,1
296,143,1541,521,38,101,1,1,1
297,143,1549,521,36,102,1,1,1
298,143,1557,522,34,102,1,1,1
299,143,1565,523,33,102,1,1,1
300,143,1575,526,33,101,1,1,1
301,143,1579,528,39,101,1,1,1
302,143,1592,529,34,102,1,1,1
303,143,1598,530,33,105,1,1,1
304,143,1609,537,34,103,1,1,1
305,143,1615,535,35,110,1,1,1
306,143,1623,541,35,110,1,1,0.96496
307,143,1630,541,35,110,1,1,0.85986
308,143,1638,541,35,110,1,1,0.81982
309,143,1646,546,34,104,1,1,0.80952
310,143,1650,543,35,110,1,1,0.79279
311,143,1661,544,35,110,1,1,0.78378
312,143,1667,544,35,110,1,1,0.78378
313,143,1674,545,35,110,1,1,0.77477
314,143,1682,545,34,107,1,1,0.7963
315,143,1693,545,32,104,1,1,0.85714
316,143,1701,545,32,104,1,1,0.90476
317,143,1708,545,32,104,1,1,0.87619
318,143,1715,545,35,103,1,1,0.85577
319,143,1721,545,37,102,1,1,0.83495
320,143,1729,544,37,102,1,1,0.81553
321,143,1738,544,37,102,1,1,0.79612
322,143,1742,545,37,102,1,1,0.80583
323,143,1748,544,37,102,1,1,0.84466
324,143,1757,545,37,102,1,1,0.86408
325,143,1766,547,37,102,1,1,0.86408
326,143,1771,544,36,112,1,1,0.84071
327,143,1773,544,43,117,1,1,0.83051
328,143,1780,544,42,120,1,1,0.80992
329,143,1788,541,42,120,1,1,0.83471
330,143,1797,540,41,123,1,1,0.91551
331,143,1802,537,41,123,1,1,1
332,143,1810,537,40,120,1,1,1
333,143,1815,534,39,123,1,1,1
334,143,1817,526,42,130,1,1,1
335,143,1828,527,39,123,1,1,1
336,143,1831,520,38,130,1,1,1
337,143,1835,527,41,129,1,1,1
338,143,1840,521,41,129,1,1,1
339,143,1847,522,40,130,1,1,1
340,143,1852,522,40,130,1,1,1
341,143,1858,528,40,130,1,1,1
342,143,1863,528,40,130,1,1,1
343,143,1866,533,44,131,1,1,1
344,143,1874,536,44,131,1,1,1
345,143,1877,541,46,137,1,1,0.93617
346,143,1881,541,46,137,1,1,0.85106
347,143,1884,545,46,137,1,1,0.78723
348,143,1891,548,46,137,1,1,0.6383
349,143,1895,548,46,137,1,1,0.55319
350,143,1901,551,46,137,1,1,0.42553
351,143,1906,553,46,137,1,1,0.31915
352,143,1911,554,46,137,1,1,0.21277
85,145,1619,510,22,59,1,1,0.38551
86,145,1615,509,22,59,1,1,0.54783
87,145,1611,510,22,59,1,1,0.69855
88,145,1608,511,22,59,1,1,0.77391
89,145,1603,512,23,60,1,1,0.92623
90,145,1599,513,23,61,1,1,1
91,145,1595,514,24,62,1,1,1
92,145,1590,515,25,63,1,1,0.88221
93,145,1586,516,25,64,1,1,0.80118
94,145,1582,517,26,65,1,1,0.74747
95,145,1578,517,29,63,1,1,0.70625
96,145,1574,518,28,62,1,1,0.711
97,145,1571,519,27,62,1,1,0.70068
98,145,1568,520,26,62,1,1,0.68959
99,145,1565,521,24,61,1,1,0.65935
100,145,1562,522,23,61,1,1,0.6371
101,145,1559,523,22,61,1,1,0.62132
102,145,1556,521,21,60,1,1,0.62444
103,145,1553,522,21,60,1,1,0.6155
104,145,1550,523,21,61,1,1,0.6393
105,145,1545,523,21,61,1,1,0.6305
106,145,1541,523,21,61,1,1,0.66935
107,145,1536,523,22,61,1,1,0.73492
108,145,1532,523,21,61,1,1,0.78446
109,145,1528,523,21,62,1,1,0.77273
110,145,1523,523,22,62,1,1,0.90269
111,145,1519,523,21,62,1,1,0.96609
112,145,1514,523,22,62,1,1,0
113,145,1510,523,22,62,1,1,0
114,145,1506,523,22,63,1,1,0
115,145,1501,522,22,63,1,1,0
116,145,1496,522,23,63,1,1,0
117,145,1491,522,23,63,1,1,0.015625
118,145,1486,521,24,64,1,1,0.015385
119,145,1482,521,24,64,1,1,0.015385
120,145,1477,521,24,63,1,1,0.055
121,145,1472,520,25,64,1,1,0.038462
122,145,1467,520,25,64,1,1,0.038462
123,145,1462,520,26,64,1,1,0.11111
124,145,1458,520,26,64,1,1,0.18519
125,145,1454,520,25,64,1,1,0.26923
126,145,1450,520,25,65,1,1,0.26923
127,145,1446,521,24,65,1,1,0.28
128,145,1442,521,24,66,1,1,0.28
129,145,1439,522,22,66,1,1,0.30435
130,145,1435,522,22,66,1,1,0.30435
131,145,1431,522,21,67,1,1,0.27273
132,145,1427,523,21,67,1,1,1
133,145,1423,523,20,68,1,1,1
134,145,1420,524,19,68,1,1,1
135,145,1416,523,19,69,1,1,1
136,145,1412,523,19,69,1,1,1
137,145,1408,523,20,69,1,1,1
138,145,1405,523,19,69,1,1,1
139,145,1401,523,20,69,1,1,1
140,145,1397,523,20,69,1,1,1
141,145,1394,523,19,69,1,1,1
142,145,1390,523,20,69,1,1,1
143,145,1386,523,20,69,1,1,1
144,145,1383,523,20,70,1,1,1
145,145,1377,522,22,71,1,1,1
146,145,1372,522,23,71,1,1,1
147,145,1366,522,25,71,1,1,1
148,145,1361,522,26,71,1,1,1
149,145,1355,522,28,71,1,1,1
150,145,1350,522,29,71,1,1,1
151,145,1344,522,31,71,1,1,1
152,145,1339,522,32,71,1,1,1
153,145,1334,522,33,71,1,1,1
154,145,1329,523,29,71,1,1,1
155,145,1323,522,29,71,1,1,1
156,145,1318,522,29,71,1,1,1
157,145,1312,522,30,71,1,1,1
158,145,1307,522,29,71,1,1,1
159,145,1302,522,29,71,1,1,1
160,145,1296,521,30,71,1,1,1
161,145,1291,521,29,71,1,1,1
162,145,1285,521,30,71,1,1,1
163,145,1280,521,30,71,1,1,0.53629
164,145,1275,521,30,71,1,1,1
165,145,1270,521,29,71,1,1,1
166,145,1267,521,24,71,1,1,1
167,145,1259,521,29,74,1,1,1
168,145,1250,519,27,74,1,1,0.82
169,145,1248,521,26,70,1,1,0.85185
170,145,1246,520,25,73,1,1,0.84615
171,145,1244,518,23,75,1,1,0.875
172,145,1238,519,29,74,1,1,0.73333
173,145,1237,521,29,71,1,1,0.73333
174,145,1236,518,23,75,1,1,0.75
175,145,1228,520,31,74,1,1,0.625
176,145,1227,522,29,74,1,1,1
177,145,1223,522,29,74,1,1,1
178,145,1220,524,30,74,1,1,0.96774
179,145,1216,521,30,74,1,1,0.41935
180,145,1213,523,30,74,1,1,0.3828
181,145,1209,522,30,74,1,1,0.28258
182,145,1208,522,30,74,1,1,0.72215
195,146,1167,526,29,74,1,1,0.028444
196,146,1166,526,29,75,1,1,0.029825
197,146,1165,525,30,75,1,1,0.028862
198,146,1162,525,30,76,1,1,0.046921
199,146,1160,525,30,77,1,1,0.066998
200,146,1157,526,31,77,1,1,0.070513
201,146,1155,526,30,78,1,1,0.084933
202,146,1153,527,30,78,1,1,0.097999
203,146,1150,527,31,80,1,1,0.22994
204,146,1148,528,31,80,1,1,0.078704
205,146,1146,528,30,81,1,1,0.25098
206,146,1143,529,31,81,1,1,0.24162
207,146,1141,529,31,82,1,1,0.2387
208,146,1139,530,31,83,1,1,0.19159
209,146,1138,532,30,83,1,1,0.22581
210,146,1138,533,30,81,1,1,0.19355
211,146,1140,533,31,82,1,1,0.23306
212,146,1138,533,31,83,1,1,0.1875
213,146,1137,534,31,83,1,1,0.15625
214,146,1136,534,31,84,1,1,0.09375
215,146,1135,535,31,84,1,1,0.0625
216,146,1134,535,31,86,1,1,0
217,146,1133,536,31,86,1,1,0
218,146,1132,537,31,87,1,1,0
219,146,1126,536,31,86,1,1,0.09375
220,146,1122,533,31,86,1,1,0.1268
221,146,1123,534,29,87,1,1,0.36667
222,146,1123,533,29,86,1,1,0.36897
223,146,1121,534,28,87,1,1,0.62069
224,146,1121,533,29,88,1,1,0.56966
225,146,1121,533,30,89,1,1,0.77419
226,146,1121,533,32,89,1,1,0.7
227,146,1121,533,33,90,1,1,0.85294
228,146,1121,533,35,90,1,1,0.80739
229,146,1121,533,36,91,1,1,0.84019
230,146,1121,533,37,91,1,1,0.87185
231,146,1121,533,39,92,1,1,0.85726
232,146,1121,533,40,92,1,1,0.91896
233,146,1122,533,41,93,1,1,0.90451
234,146,1122,532,38,94,1,1,0.85641
235,146,1122,532,35,95,1,1,0.79803
236,146,1122,532,33,94,1,1,0.74303
237,146,1122,531,31,94,1,1,0.69145
238,146,1122,530,29,95,1,1,0.62083
239,146,1122,530,32,95,1,1,0.58302
240,146,1122,530,35,95,1,1,0.5463
241,146,1123,531,37,94,1,1,0.55762
242,146,1123,531,40,94,1,1,0.50347
243,146,1124,532,43,94,1,1,0.41627
244,146,1126,531,43,94,1,1,0.34545
245,146,1129,531,42,93,1,1,0.34067
246,146,1132,531,41,93,1,1,0.34245
247,146,1134,530,40,93,1,1,0.34017
248,146,1137,530,39,92,1,1,0.33065
249,146,1140,530,38,91,1,1,0.34197
250,146,1144,530,36,90,1,1,0.34066
251,146,1148,530,35,89,1,1,0.34444
252,146,1153,530,33,88,1,1,0.35558
253,146,1157,530,34,90,1,1,0.32967
254,146,1161,529,33,92,1,1,0.30614
255,146,1165,529,33,94,1,1,0.29164
256,146,1169,528,33,97,1,1,0.27131
257,146,1173,528,34,99,1,1,0.25286
258,146,1177,528,34,101,1,1,0.23669
259,146,1182,528,34,103,1,1,0.21951
260,146,1186,527,34,106,1,1,0.20641
261,146,1190,527,35,108,1,1,0.44419
262,146,1194,527,35,110,1,1,0.6519
263,146,1199,527,35,113,1,1,0.70785
264,146,1204,529,41,111,1,1,0.86097
265,146,1209,525,32,116,1,1,0.89122
266,146,1212,532,36,110,1,1,0.95374
267,146,1219,530,41,115,1,1,0.81712
268,146,1222,532,43,116,1,1,0.63462
269,146,1228,534,43,116,1,1,0.5
270,146,1237,532,39,116,1,1,0.31774
271,146,1245,534,35,116,1,1,0.11111
283,147,1287,536,50,123,1,1,0.5068
284,147,1298,537,56,131,1,1,0.70175
285,147,1301,537,61,126,1,1,0.87859
286,147,1303,537,58,126,1,1,0.91432
287,147,1306,537,53,126,1,1,0.93701
288,147,1309,532,54,132,1,1,0.9553
289,147,1320,532,30,129,1,1,1
290,147,1324,533,34,129,1,1,1
291,147,1331,534,36,129,1,1,1
292,147,1330,535,45,130,1,1,0.89346
293,147,1330,536,54,132,1,1,0.85099
294,147,1330,537,63,133,1,1,0.80061
295,147,1330,538,72,135,1,1,0.68795
296,147,1337,539,70,133,1,1,0.63559
297,147,1344,541,68,131,1,1,0.56083
298,147,1351,543,66,129,1,1,0.5729
299,147,1354,541,61,133,1,1,0.55416
300,147,1357,543,59,128,1,1,0.32468
301,147,1361,546,56,123,1,1,0.34295
302,147,1365,548,53,119,1,1,0.39907
303,147,1369,551,50,113,1,1,0.46594
304,147,1373,553,47,109,1,1,0.51364
305,147,1377,556,44,104,1,1,0.56063
306,147,1379,559,44,107,1,1,0.4677
307,147,1382,564,44,110,1,1,0.39319
308,147,1384,565,44,113,1,1,0.32593
309,147,1387,566,44,116,1,1,0.28547
310,147,1390,567,44,120,1,1,0.23655
311,147,1393,568,44,123,1,1,0.32419
312,147,1395,569,44,126,1,1,0.29921
313,147,1398,570,44,130,1,1,0.1391
314,147,1401,571,44,133,1,1,0.098176
315,147,1404,573,44,136,1,1,0.065531
316,147,1406,573,48,139,1,1,0.083236
317,147,1408,573,53,143,1,1,0.10455
318,147,1411,573,56,147,1,1,0.10775
319,147,1413,573,61,151,1,1,0.13678
320,147,1416,574,65,154,1,1,0.23118
321,147,1418,574,66,155,1,1,0.23555
322,147,1420,574,67,157,1,1,0.32055
323,147,1423,574,68,159,1,1,0.37572
324,147,1426,574,68,160,1,1,0.41084
325,147,1429,575,62,164,1,1,0.38124
326,147,1431,577,58,162,1,1,0.23365
327,147,1429,571,57,170,1,1,0.25136
328,147,1432,574,46,168,1,1,0.18343
329,147,1432,571,38,166,1,1,0.1976
330,147,1433,571,38,168,1,1,0.18343
331,147,1429,567,50,171,1,1,0.22914
332,147,1430,567,50,171,1,1,0.18605
333,147,1410,565,73,168,1,1,0.33176
334,147,1408,563,71,168,1,1,0.32939
335,147,1408,563,74,167,1,1,0.34159
336,147,1409,558,77,170,1,1,0.38716
337,147,1411,561,77,170,1,1,0.40861
338,147,1413,561,76,174,1,1,0.44297
339,147,1417,563,71,173,1,1,0.47126
340,147,1423,562,69,177,1,1,0.43515
341,147,1419,567,63,177,1,1,0.50843
342,147,1418,567,60,184,1,1,0.56916
343,147,1416,573,57,185,1,1,0.57759
344,147,1411,578,69,184,1,1,0.57745
345,147,1399,584,85,185,1,1,0.63091
346,147,1392,591,91,184,1,1,0.68907
347,147,1384,594,102,188,1,1,0.69949
348,147,1388,597,108,187,1,1,0.65333
349,147,1388,597,107,192,1,1,0.66177
350,147,1390,600,107,192,1,1,0.6114
351,147,1394,602,86,190,1,1,0.68153
352,147,1399,600,80,195,1,1,0.68733
353,147,1400,602,81,198,1,1,0.6847
354,147,1393,608,71,196,1,1,0.82382
355,147,1388,607,61,202,1,1,0.98824
356,147,1381,609,69,204,1,1,1
357,147,1374,615,78,200,1,1,0.98148
358,147,1372,615,82,202,1,1,0.97383
359,147,1366,617,90,206,1,1,0.96815
360,147,1364,622,94,205,1,1,0.96142
361,147,1364,623,94,209,1,1,0.96932
362,147,1361,629,96,211,1,1,0.95215
363,147,1361,630,103,210,1,1,0.89464
364,147,1362,638,98,209,1,1,0.90577
365,147,1367,638,92,212,1,1,0.92453
366,147,1369,640,76,213,1,1,0.9878
367,147,1371,644,70,214,1,1,0.98683
368,147,1369,646,63,218,1,1,0.96062
369,147,1366,647,62,219,1,1,0.93232
370,147,1364,651,59,219,1,1,0.91
371,147,1365,650,55,222,1,1,0.8975
372,147,1365,651,58,225,1,1,0.88961
373,147,1356,653,73,223,1,1,0.87542
374,147,1355,657,73,222,1,1,0.87062
375,147,1350,658,79,222,1,1,0.86323
376,147,1350,655,78,226,1,1,0.86617
257,148,-19,602,33,103,1,1,0.019796
258,148,-17,607,33,103,1,1,0.47059
259,148,-15,607,33,103,1,1,0.52941
260,148,-13,607,33,103,1,1,0.58824
261,148,-10,608,33,102,1,1,0.67647
262,148,-8,609,33,102,1,1,0.73529
263,148,-5,610,32,102,1,1,0.81818
264,148,-6,609,32,101,1,1,0.78788
265,148,-7,609,33,100,1,1,0.33227
266,148,-8,608,34,105,1,1,0.74286
267,148,-5,607,34,105,1,1,0.47466
268,148,-1,607,33,104,1,1,0.49748
269,148,2,607,33,103,1,1,0.59219
270,148,6,607,32,103,1,1,1
271,148,6,605,36,102,1,1,1
272,148,7,603,40,102,1,1,0.55008
273,148,10,603,40,102,1,1,0.50272
274,148,13,604,40,102,1,1,1
275,148,17,605,39,102,1,1,1
276,148,18,604,40,102,1,1,0.41463
277,148,18,603,39,104,1,1,1
278,148,19,603,39,106,1,1,1
279,148,21,603,39,109,1,1,1
280,148,23,604,40,110,1,1,1
281,148,26,606,40,111,1,1,1
282,148,27,607,40,112,1,1,1
283,148,28,609,40,112,1,1,1
284,148,31,612,39,112,1,1,1
285,148,30,611,47,113,1,1,1
286,148,30,611,54,113,1,1,1
287,148,36,614,51,112,1,1,0.37662
288,148,37,615,48,114,1,1,1
289,148,38,616,45,117,1,1,1
290,148,40,616,50,116,1,1,1
291,148,41,618,51,119,1,1,1
292,148,41,621,48,118,1,1,1
293,148,42,621,49,118,1,1,1
294,148,45,621,49,117,1,1,1
295,148,45,621,50,119,1,1,1
296,148,46,621,51,121,1,1,1
297,148,46,625,51,121,1,1,1
298,148,47,625,51,121,1,1,1
299,148,46,626,51,121,1,1,1
300,148,46,627,51,121,1,1,1
301,148,46,628,51,121,1,1,1
302,148,46,630,51,121,1,1,1
303,148,47,633,50,121,1,1,1
304,148,46,636,50,121,1,1,1
305,148,45,639,51,121,1,1,1
306,148,44,634,50,122,1,1,1
307,148,45,633,49,124,1,1,0.37168
308,148,43,640,49,123,1,1,0.395
309,148,41,640,50,124,1,1,1
310,148,40,641,51,125,1,1,1
311,148,40,641,48,130,1,1,1
312,148,39,641,50,130,1,1,1
313,148,37,643,51,131,1,1,1
314,148,36,646,51,131,1,1,1
315,148,34,644,51,132,1,1,1
316,148,33,646,50,131,1,1,1
317,148,32,646,49,131,1,1,1
318,148,32,647,49,133,1,1,1
319,148,29,650,51,132,1,1,1
320,148,25,648,53,135,1,1,1
321,148,23,648,52,139,1,1,1
322,148,18,647,55,140,1,1,1
323,148,16,646,55,140,1,1,1
324,148,15,646,54,140,1,1,1
325,148,14,648,54,140,1,1,1
326,148,10,647,52,141,1,1,1
327,148,5,646,52,141,1,1,1
328,148,1,650,52,141,1,1,1
329,148,-4,645,60,144,1,1,0.91803
330,148,-8,645,60,144,1,1,0.85246
331,148,-14,645,61,144,1,1,0.75806
332,148,-23,643,61,142,1,1,0.6129
333,148,-29,645,61,143,1,1,0.51613
334,148,-31,645,61,143,1,1,0.48387
335,148,-38,645,61,141,1,1,0.37097
336,148,-44,646,60,142,1,1,0.2623
137,150,1308,520,19,61,1,1,0.25161
138,150,1302,520,19,62,1,1,0.40635
139,150,1296,520,19,63,1,1,0.54375
140,150,1292,519,19,63,1,1,0.58203
141,150,1288,518,19,63,1,1,0.67969
142,150,1284,517,19,63,1,1,0.66797
143,150,1280,517,19,62,1,1,0.62222
144,150,1276,517,19,62,1,1,0.48889
145,150,1272,517,19,62,1,1,0.4
146,150,1268,517,19,62,1,1,0.4
147,150,1264,517,19,62,1,1,0.31111
148,150,1258,517,19,61,1,1,0.17742
149,150,1252,517,19,61,1,1,0.17742
150,150,1247,517,19,61,1,1,0.13548
151,150,1241,517,19,61,1,1,0.090323
152,150,1236,517,18,61,1,1,0.028862
153,150,1230,517,19,61,1,1,0.032258
154,150,1225,517,18,61,1,1,0.032258
155,150,1219,517,18,61,1,1,0.080645
156,150,1214,517,18,61,1,1,0.091681
157,150,1208,517,18,61,1,1,0.13752
158,150,1203,517,18,61,1,1,0.15874
159,150,1197,517,18,61,1,1,0.30221
160,150,1191,517,18,61,1,1,0.4601
161,150,1185,517,18,61,1,1,0.59593
162,150,1180,517,17,61,1,1,0.74731
163,150,1177,518,17,61,1,1,0.78047
164,150,1175,513,18,66,1,1,0.74077
165,150,1170,512,18,66,1,1,0.91045
166,150,1165,512,18,66,1,1,1
167,150,1161,512,18,66,1,1,1
168,150,1156,511,18,67,1,1,1
169,150,1151,511,18,67,1,1,1
170,150,1147,511,18,67,1,1,1
171,150,1146,513,19,61,1,1,1
172,150,1146,514,16,62,1,1,0.9253
173,150,1141,514,18,62,1,1,0.90476
174,150,1137,514,19,62,1,1,0.87937
175,150,1133,514,21,63,1,1,0.85156
176,150,1129,515,22,62,1,1,0.83851
177,150,1124,515,24,62,1,1,0.8273
178,150,1120,515,26,63,1,1,0.82292
179,150,1116,515,27,63,1,1,0.83036
180,150,1112,516,29,63,1,1,0.83177
181,150,1108,516,29,63,1,1,0.83177
182,150,1105,516,29,64,1,1,0.82462
183,150,1101,516,30,65,1,1,0.84213
184,150,1098,516,29,66,1,1,0.85821
185,150,1095,516,29,67,1,1,0.84167
186,150,1091,516,30,67,1,1,0.84677
187,150,1088,516,29,68,1,1,0.85217
188,150,1084,516,30,69,1,1,0.87558
189,150,1081,516,30,70,1,1,0.88551
190,150,1078,516,30,71,1,1,0.90323
191,150,1075,516,30,70,1,1,0.92004
192,150,1072,517,30,69,1,1,0.93779
193,150,1070,517,29,69,1,1,0.95667
194,150,1067,518,30,68,1,1,0.96353
195,150,1065,518,29,68,1,1,0.98116
196,150,1062,519,29,67,1,1,0.98382
197,150,1059,519,30,67,1,1,0.98435
198,150,1057,520,29,66,1,1,0.99502
199,150,1054,520,29,66,1,1,1
200,150,1052,521,29,65,1,1,1
201,150,1049,521,29,65,1,1,1
202,150,1047,521,29,66,1,1,1
203,150,1044,522,30,66,1,1,1
204,150,1042,522,29,67,1,1,1
205,150,1040,523,29,67,1,1,1
206,150,1037,523,30,68,1,1,1
207,150,1035,523,29,69,1,1,1
208,150,1032,524,30,69,1,1,1
209,150,1030,524,30,70,1,1,1
210,150,1028,525,30,70,1,1,1
211,150,1026,525,29,70,1,1,1
212,150,1024,525,28,70,1,1,1
213,150,1022,526,28,70,1,1,1
214,150,1020,526,27,70,1,1,1
215,150,1019,527,26,70,1,1,1
216,150,1017,527,27,70,1,1,1
217,150,1016,528,28,70,1,1,1
218,150,1014,529,30,69,1,1,1
219,150,1013,530,31,69,1,1,1
220,150,1012,531,32,69,1,1,1
221,150,1012,530,31,69,1,1,1
222,150,1012,529,30,69,1,1,1
223,150,1013,528,28,69,1,1,1
224,150,1010,528,32,70,1,1,1
225,150,1011,528,28,71,1,1,1
226,150,1013,528,23,73,1,1,1
227,150,1011,529,25,72,1,1,1
228,150,1010,530,27,71,1,1,1
229,150,1009,531,29,70,1,1,1
230,150,1008,532,31,69,1,1,1
231,150,1008,531,30,69,1,1,1
232,150,1008,530,30,69,1,1,0.95161
233,150,1008,529,30,70,1,1,0.86188
234,150,1009,528,29,70,1,1,0.78216
235,150,1010,528,29,70,1,1,0.76056
236,150,1012,527,28,70,1,1,0.76056
237,150,1013,527,28,70,1,1,0.74648
238,150,1015,526,27,70,1,1,0.74648
239,150,1016,526,27,70,1,1,0.73239
240,150,1018,526,26,70,1,1,0.71831
241,150,1020,526,27,70,1,1,0.70423
242,150,1022,526,28,70,1,1,0.70423
243,150,1025,526,28,70,1,1,0.69014
244,150,1027,526,29,70,1,1,0.69014
245,150,1029,526,30,70,1,1,0.66197
246,150,1032,526,30,70,1,1,0.64789
247,150,1034,526,31,70,1,1,0.6338
248,150,1037,526,31,71,1,1,0.61111
249,150,1041,526,31,70,1,1,0.61972
250,150,1045,526,32,70,1,1,0.56893
251,150,1050,527,31,72,1,1,0.49144
252,150,1057,526,31,73,1,1,0.49662
253,150,1060,528,31,72,1,1,0.36729
254,150,1062,529,31,72,1,1,0.23116
296,151,1266,525,26,77,1,1,0.18993
297,151,1271,525,26,77,1,1,0.27493
298,151,1277,526,26,77,1,1,0.35043
299,151,1282,527,26,77,1,1,0.42735
300,151,1287,529,28,84,1,1,0.55375
301,151,1294,530,28,85,1,1,0.48998
302,151,1296,528,36,89,1,1,0.42342
303,151,1303,530,29,87,1,1,0.50985
304,151,1308,537,29,86,1,1,0.45747
305,151,1311,536,31,87,1,1,0.42969
306,151,1314,539,31,86,1,1,0.3926
307,151,1319,541,30,88,1,1,0.36789
308,151,1325,541,30,87,1,1,0.36767
309,151,1329,543,30,86,1,1,0.37634
310,151,1335,542,30,85,1,1,0.36722
311,151,1339,542,30,85,1,1,0.3841
312,151,1343,543,30,84,1,1,0.40835
313,151,1347,542,36,82,1,1,0.44122
314,151,1349,541,36,85,1,1,0.44155
315,151,1352,540,35,88,1,1,0.4382
316,151,1355,540,34,91,1,1,0.41304
317,151,1360,543,33,90,1,1,0.3956
318,151,1364,544,33,89,1,1,0.41111
319,151,1369,546,33,87,1,1,0.40909
320,151,1371,544,33,86,1,1,0.43678
321,151,1376,546,32,85,1,1,0.4186
322,151,1379,546,31,86,1,1,0.4023
323,151,1382,546,31,87,1,1,0.39773
324,151,1384,542,35,84,1,1,0.48235
325,151,1386,541,34,82,1,1,0.49398
326,151,1389,540,33,81,1,1,0.4878
327,151,1392,542,32,80,1,1,0.45679
328,151,1394,540,30,82,1,1,0.46988
329,151,1398,538,32,84,1,1,0.45419
330,151,1399,540,30,84,1,1,0.43529
331,151,1401,538,29,81,1,1,0.44472
332,151,1403,536,29,78,1,1,0.46118
333,151,1405,534,29,75,1,1,0.42105
334,151,1407,532,28,72,1,1,0.42749
335,151,1409,530,28,69,1,1,0.47143
336,151,1411,528,28,66,1,1,0.44776
337,151,1411,527,28,69,1,1,0.48571
338,151,1411,526,28,73,1,1,0.48043
339,151,1412,525,27,77,1,1,0.50092
340,151,1412,525,27,77,1,1,0.49542
341,151,1413,528,31,75,1,1,0.49836
342,151,1413,531,31,75,1,1,0.44572
343,151,1414,534,31,75,1,1,0.45888
344,151,1415,538,31,74,1,1,0.45625
345,151,1415,542,31,74,1,1,0.56
346,151,1416,546,31,74,1,1,0.56
347,151,1416,547,32,75,1,1,0.57895
348,151,1416,548,33,76,1,1,0.59244
349,151,1416,550,35,76,1,1,0.5974
350,151,1416,551,35,77,1,1,0.60256
351,151,1416,552,35,78,1,1,0.60759
352,151,1417,554,35,78,1,1,0.58228
353,151,1417,555,35,80,1,1,0.58025
354,151,1418,557,35,80,1,1,0.61728
355,151,1418,558,35,81,1,1,0.60027
356,151,1419,560,35,82,1,1,0.59304
357,151,1419,562,35,83,1,1,0.61905
358,151,1419,564,35,84,1,1,0.6
359,151,1419,567,35,84,1,1,0.58824
360,151,1419,569,36,85,1,1,0.60465
361,151,1419,572,36,86,1,1,0.58621
362,151,1419,574,36,87,1,1,0.57955
363,151,1419,576,37,88,1,1,0.58427
364,151,1419,579,37,88,1,1,0.57303
365,151,1419,581,37,89,1,1,0.55175
366,151,1420,584,37,90,1,1,0.54569
367,151,1420,584,36,90,1,1,0.55094
368,151,1420,585,36,90,1,1,0.55539
369,151,1420,585,35,91,1,1,0.54801
370,151,1420,586,35,91,1,1,0.52174
371,151,1420,586,35,92,1,1,0.5
372,151,1420,587,34,91,1,1,0.47733
373,151,1420,587,34,92,1,1,0.45591
374,151,1420,588,33,92,1,1,0.47691
375,151,1420,588,33,93,1,1,0.48811
376,151,1420,589,33,93,1,1,0.49468
117,152,1419,524,21,59,1,1,0.05
118,152,1414,523,21,59,1,1,0.058333
119,152,1409,523,21,59,1,1,0.058333
120,152,1404,522,21,60,1,1,0.21386
121,152,1399,522,22,60,1,1,0.19886
122,152,1394,522,22,60,1,1,0.18532
123,152,1389,521,22,61,1,1,0.14306
124,152,1384,521,22,61,1,1,0.13114
125,152,1379,521,23,61,1,1,0.12097
126,152,1374,520,23,61,1,1,0.19892
127,152,1369,520,23,61,1,1,0.1828
128,152,1364,519,23,62,1,1,0.18122
129,152,1359,519,24,62,1,1,0.13143
130,152,1354,519,24,62,1,1,0.12571
131,152,1349,518,24,63,1,1,0.19437
132,152,1344,518,24,63,1,1,0.335
133,152,1340,518,24,63,1,1,0.24938
134,152,1335,520,24,63,1,1,0.24938
135,152,1330,519,24,63,1,1,0.285
136,152,1326,519,24,63,1,1,0.25375
137,152,1321,519,25,63,1,1,0.24399
138,152,1317,518,24,63,1,1,0.285
139,152,1312,518,25,63,1,1,0.3137
140,152,1308,518,25,63,1,1,0.34856
141,152,1303,517,25,63,1,1,0.30829
142,152,1299,517,25,63,1,1,0.27404
143,152,1294,517,26,63,1,1,0.36227
144,152,1290,517,25,63,1,1,0.33534
145,152,1285,517,26,63,1,1,0.32639
146,152,1281,516,26,64,1,1,0.30484
147,152,1277,516,25,64,1,1,0.31598
148,152,1272,516,26,64,1,1,0.37208
149,152,1268,516,26,63,1,1,0.41088
150,152,1263,516,27,63,1,1,0.45145
151,152,1259,516,26,63,1,1,0.47859
152,152,1254,515,27,64,1,1,0.54066
153,152,1250,515,27,64,1,1,0.54396
154,152,1246,515,26,64,1,1,0.53162
155,152,1241,515,27,64,1,1,0.48242
156,152,1237,515,27,64,1,1,0.48462
157,152,1232,515,27,63,1,1,0.46038
158,152,1228,514,27,64,1,1,0.48462
159,152,1223,514,28,64,1,1,0.43607
160,152,1219,514,28,64,1,1,0.34058
161,152,1215,514,27,64,1,1,0.24011
162,152,1210,514,28,64,1,1,0.18302
163,152,1206,513,28,65,1,1,0.11442
164,152,1201,513,28,65,1,1,0.096134
165,152,1197,513,28,64,1,1,0.10716
166,152,1192,513,29,64,1,1,0.089231
167,152,1188,513,28,64,1,1,0.075332
168,152,1184,513,28,64,1,1,0.077984
169,152,1179,512,29,65,1,1,0.12626
170,152,1175,512,29,65,1,1,0.1
171,152,1170,512,29,65,1,1,0.16667
172,152,1166,512,29,65,1,1,0.21515
173,152,1161,512,30,64,1,1,0.26998
174,152,1157,512,29,64,1,1,0.33333
175,152,1153,511,29,65,1,1,0.33636
176,152,1148,511,30,65,1,1,0.39492
177,152,1144,511,29,65,1,1,0.44343
178,152,1139,511,30,65,1,1,0.435
179,152,1135,511,30,65,1,1,0.46921
180,152,1131,511,30,65,1,1,0.51075
181,152,1128,511,30,65,1,1,0.57283
182,152,1125,512,30,64,1,1,0.6005
183,152,1122,512,30,64,1,1,0.63275
184,152,1119,513,30,64,1,1,0.72308
185,152,1117,514,29,63,1,1,0.74167
186,152,1114,514,29,63,1,1,0.74167
187,152,1111,515,29,63,1,1,0.75781
188,152,1108,515,29,63,1,1,0.7474
189,152,1105,516,29,62,1,1,0.74021
190,152,1103,517,29,62,1,1,0.76296
191,152,1100,517,29,62,1,1,0.7619
192,152,1097,517,29,63,1,1,0.75313
193,152,1094,518,29,62,1,1,0.75556
194,152,1091,518,29,63,1,1,0.7125
195,152,1088,519,29,62,1,1,0.69894
196,152,1085,519,29,63,1,1,0.70833
197,152,1082,519,29,63,1,1,0.675
198,152,1079,520,29,63,1,1,0.66771
199,152,1076,520,29,63,1,1,0.67396
200,152,1074,521,29,63,1,1,0.66406
201,152,1072,521,28,63,1,1,0.6945
202,152,1070,521,28,63,1,1,0.70205
203,152,1068,521,28,63,1,1,0.71336
204,152,1067,521,27,63,1,1,0.78404
205,152,1065,521,27,64,1,1,0.7967
206,152,1063,521,27,64,1,1,0.80055
207,152,1062,521,26,64,1,1,0.87863
208,152,1060,521,26,64,1,1,0.88832
209,152,1058,521,26,64,1,1,0.89402
210,152,1057,521,25,65,1,1,0.92774
211,152,1056,522,24,70,1,1,0.98873
212,152,1055,523,24,70,1,1,0.99155
213,152,1054,525,24,70,1,1,0.99662
214,152,1053,527,24,70,1,1,1
215,152,1052,527,24,69,1,1,1
216,152,1051,527,24,68,1,1,1
217,152,1050,527,25,68,1,1,0.97269
218,152,1049,527,25,67,1,1,0.97285
219,152,1048,527,25,66,1,1,0.94719
220,152,1048,528,25,65,1,1,0.91958
221,152,1048,527,24,66,1,1,0.9194
222,152,1048,527,24,66,1,1,0.85552
223,152,1048,527,24,67,1,1,0.79765
224,152,1048,527,24,67,1,1,0.74235
225,152,1048,527,24,68,1,1,0.68812
226,152,1048,527,24,68,1,1,0.51536
227,152,1048,527,24,68,1,1,0.59884
228,152,1048,527,24,69,1,1,0.68343
229,152,1048,527,24,69,1,1,0.76571
230,152,1049,527,23,70,1,1,0.72477
231,152,1049,526,23,70,1,1,0.69777
232,152,1050,526,23,70,1,1,0.66667
233,152,1051,525,23,71,1,1,0.60532
234,152,1051,525,23,70,1,1,0.60739
235,152,1052,525,23,70,1,1,0.6027
236,152,1053,524,23,71,1,1,0.52257
237,152,1053,524,23,70,1,1,0.52347
238,152,1054,523,23,71,1,1,0.51389
239,152,1055,523,23,71,1,1,0.48553
240,152,1056,523,23,71,1,1,0.45833
241,152,1058,522,23,71,1,1,0.46644
242,152,1061,522,23,71,1,1,0.46644
243,152,1063,522,23,71,1,1,0.46181
244,152,1066,521,23,72,1,1,0.45091
245,152,1068,521,24,72,1,1,0.43507
246,152,1071,521,23,71,1,1,0.44271
247,152,1073,520,24,72,1,1,0.44603
248,152,1076,520,23,72,1,1,0.44692
249,152,1078,520,24,72,1,1,0.44164
250,152,1081,520,24,72,1,1,0.43671
251,152,1085,520,24,72,1,1,0.41753
252,152,1089,520,24,72,1,1,0.41699
253,152,1093,520,24,72,1,1,0.42027
254,152,1098,520,23,72,1,1,0.40297
255,152,1102,520,24,72,1,1,0.38411
256,152,1106,520,24,72,1,1,0.45205
257,152,1111,520,23,72,1,1,0.40068
258,152,1115,520,23,72,1,1,0.33048
259,152,1119,520,23,72,1,1,0.24658
307,153,1354,541,23,61,1,1,0.090726
308,153,1358,541,24,63,1,1,0.145
309,153,1362,541,25,66,1,1,0.19116
310,153,1367,541,25,69,1,1,0.22143
311,153,1371,541,26,72,1,1,0.25571
312,153,1376,541,27,75,1,1,0.30827
313,153,1380,542,28,73,1,1,0.30149
314,153,1384,543,29,71,1,1,0.35972
315,153,1389,544,30,70,1,1,0.38392
316,153,1392,544,32,67,1,1,0.3975
317,153,1396,544,30,72,1,1,0.41052
318,153,1401,544,28,78,1,1,0.38717
319,153,1404,544,28,75,1,1,0.19465
320,153,1409,543,27,74,1,1,0.20381
321,153,1414,542,26,73,1,1,0.20821
322,153,1420,541,25,72,1,1,0.24341
323,153,1422,542,27,71,1,1,0.32093
324,153,1424,543,29,70,1,1,0.31408
325,153,1427,545,30,68,1,1,0.30108
326,153,1427,544,32,66,1,1,0.36364
327,153,1433,542,28,66,1,1,0.31343
328,153,1433,542,31,67,1,1,0.35294
329,153,1435,541,29,71,1,1,0.36111
330,153,1437,540,28,76,1,1,0.4026
331,153,1438,536,28,72,1,1,0.42466
332,153,1440,533,28,67,1,1,0.5
333,153,1441,530,29,67,1,1,0.34314
334,153,1442,528,30,67,1,1,0.11622
335,153,1443,526,31,66,1,1,0.13806
336,153,1444,524,32,66,1,1,0.15378
337,153,1444,522,33,70,1,1,0.21002
338,153,1444,521,35,74,1,1,0.22222
339,153,1444,524,37,73,1,1,0.52703
340,153,1444,525,39,72,1,1,0.50685
341,153,1445,526,40,71,1,1,0.30556
342,153,1451,528,35,71,1,1,0.27083
343,153,1449,531,37,73,1,1,0.32859
344,153,1450,535,40,76,1,1,0.57111
345,153,1449,541,43,78,1,1,0.54661
346,153,1450,541,46,80,1,1,0.58025
347,153,1449,543,47,79,1,1,0.6
348,153,1449,546,44,81,1,1,0.59756
349,153,1454,547,40,80,1,1,0.60494
350,153,1457,550,35,80,1,1,0.59259
351,153,1457,549,39,80,1,1,0.62963
352,153,1458,551,37,78,1,1,0.59694
353,153,1458,553,39,79,1,1,0.57469
354,153,1458,555,41,81,1,1,0.58885
355,153,1458,557,39,81,1,1,0.63415
356,153,1458,558,35,80,1,1,0.65432
357,153,1459,562,35,79,1,1,0.65
358,153,1459,564,35,79,1,1,0.65
359,153,1458,563,35,79,1,1,0.63021
360,153,1457,568,37,80,1,1,0.65432
361,153,1458,569,38,80,1,1,0.63248
362,153,1455,571,39,83,1,1,0.62768
363,153,1455,572,38,89,1,1,0.59259
364,153,1456,574,37,90,1,1,0.60064
365,153,1457,576,36,91,1,1,0.6087
366,153,1458,578,36,91,1,1,0.61957
367,153,1458,581,40,91,1,1,0.6087
368,153,1458,584,43,89,1,1,0.62222
369,153,1456,585,43,90,1,1,0.6044
370,153,1459,586,43,91,1,1,0.58696
371,153,1460,589,43,89,1,1,0.56667
372,153,1457,586,45,91,1,1,0.52316
373,153,1456,584,44,92,1,1,0.54863
374,153,1455,582,43,93,1,1,0.61702
375,153,1455,581,42,93,1,1,0.62766
376,153,1459,581,40,93,1,1,0.62766
290,155,1232,532,30,88,1,1,0.3784
291,155,1242,535,31,87,1,1,0.27486
292,155,1249,534,31,89,1,1,0.27813
293,155,1256,533,31,91,1,1,0.27819
294,155,1263,533,31,93,1,1,0.27527
295,155,1270,533,31,92,1,1,0.28125
296,155,1277,534,31,91,1,1,0.28125
297,155,1284,535,31,89,1,1,0.28125
298,155,1291,536,31,88,1,1,0.28125
299,155,1298,537,31,87,1,1,0.28125
300,155,1305,538,31,85,1,1,0.3125
301,155,1312,539,31,84,1,1,0.3125
302,155,1319,540,31,83,1,1,0.3125
303,155,1327,544,31,84,1,1,0.21103
304,155,1335,548,31,85,1,1,0.09375
305,155,1341,549,30,88,1,1,0.047843
306,155,1348,550,29,91,1,1,0.059783
307,155,1355,551,31,91,1,1,0.056046
308,155,1362,552,30,92,1,1,0.058273
309,155,1369,553,30,93,1,1,0.061771
310,155,1376,554,29,95,1,1,0.092014
311,155,1383,555,27,93,1,1,0.088146
312,155,1390,556,28,95,1,1,0.077586
313,155,1397,558,29,87,1,1,0.061742
314,155,1406,557,29,92,1,1,0.055197
315,155,1411,557,30,91,1,1,0.078541
316,155,1416,558,31,89,1,1,0.083333
317,155,1424,559,31,84,1,1,0.082353
318,155,1428,556,31,100,1,1,0.099938
319,155,1433,558,27,103,1,1,0.11332
320,155,1445,559,32,92,1,1,0.087977
321,155,1444,559,31,97,1,1,0.11958
322,155,1453,559,30,87,1,1,0.12097
323,155,1463,560,29,77,1,1,0.11368
324,155,1463,558,27,77,1,1,0.18315
325,155,1473,559,27,78,1,1,0.16863
326,155,1479,557,24,80,1,1,0.23901
327,155,1485,558,26,82,1,1,0.21776
328,155,1489,558,27,86,1,1,0.21552
329,155,1492,555,29,88,1,1,0.24981
330,155,1496,553,30,89,1,1,0.26667
331,155,1499,551,32,90,1,1,0.27473
332,155,1503,549,33,91,1,1,0.27174
333,155,1507,547,35,93,1,1,0.2766
334,155,1511,544,35,94,1,1,0.28421
335,155,1519,542,36,94,1,1,0.3138
336,155,1521,540,36,93,1,1,0.30851
337,155,1527,542,38,93,1,1,0.32379
338,155,1531,542,38,94,1,1,0.28259
339,155,1535,543,39,94,1,1,0.27211
340,155,1540,541,40,93,1,1,0.29476
341,155,1544,544,41,93,1,1,0.29939
342,155,1549,547,41,93,1,1,0.30091
343,155,1554,551,41,93,1,1,0.29787
344,155,1561,554,35,94,1,1,0.30351
345,155,1568,557,37,94,1,1,0.31717
346,155,1571,559,39,94,1,1,0.32632
347,155,1575,562,40,93,1,1,0.33342
348,155,1578,565,42,93,1,1,0.34166
349,155,1582,568,43,92,1,1,0.33407
350,155,1586,571,45,92,1,1,0.3324
351,155,1589,572,47,92,1,1,0.35036
352,155,1592,574,49,92,1,1,0.36731
353,155,1595,576,51,92,1,1,0.37945
354,155,1609,578,42,93,1,1,0.40995
355,155,1610,580,45,97,1,1,0.40728
356,155,1614,581,44,103,1,1,0.23397
357,155,1618,582,44,109,1,1,0.22727
358,155,1622,581,43,117,1,1,0.22939
359,155,1623,584,47,125,1,1,0.39732
360,155,1625,588,50,133,1,1,0.42025
361,155,1632,591,48,134,1,1,0.47377
362,155,1639,594,46,135,1,1,0.54537
363,155,1647,598,43,136,1,1,0.65893
364,155,1651,605,48,137,1,1,0.74682
365,155,1651,606,52,137,1,1,0.76689
366,155,1656,608,51,137,1,1,0.75864
367,155,1661,610,51,138,1,1,0.82346
368,155,1666,612,51,138,1,1,0.84186
369,155,1671,614,51,139,1,1,0.88008
370,155,1677,616,50,140,1,1,0.91378
371,155,1682,614,50,141,1,1,0.93772
372,155,1688,613,49,142,1,1,0.94895
373,155,1694,612,48,143,1,1,0.93793
374,155,1700,611,47,144,1,1,0.87989
375,155,1703,608,48,148,1,1,0.8466
376,155,1706,606,49,150,1,1,0.81642
74,156,1604,515,23,50,1,1,0.16422
75,156,1601,520,24,49,1,1,0.2552
76,156,1598,519,24,49,1,1,0.4408
77,156,1595,518,25,50,1,1,0.46908
78,156,1592,517,25,51,1,1,0.40385
79,156,1589,516,26,51,1,1,0.37678
80,156,1586,515,26,52,1,1,0.34451
81,156,1584,515,26,52,1,1,0.31307
82,156,1581,514,25,53,1,1,0.39601
83,156,1578,513,24,54,1,1,0.40727
84,156,1575,513,23,54,1,1,0.49773
85,156,1573,515,23,52,1,1,0.50943
86,156,1569,513,21,55,1,1,0.44075
87,156,1566,514,20,54,1,1,0.38182
88,156,1563,515,19,54,1,1,0.27273
89,156,1560,516,19,54,1,1,0.27273
90,156,1557,517,18,54,1,1,0.23445
91,156,1554,519,18,53,1,1,0.22027
92,156,1550,520,19,53,1,1,0.21296
93,156,1547,521,19,53,1,1,0.21296
94,156,1544,522,19,53,1,1,0.21296
95,156,1541,523,19,53,1,1,0.16667
96,156,1538,524,20,54,1,1,0.50476
97,156,1534,525,21,54,1,1,0.4843
98,156,1531,526,21,54,1,1,0.4843
99,156,1528,527,21,54,1,1,0.4843
100,156,1525,528,21,54,1,1,0.44132
101,156,1522,529,22,55,1,1,0.46506
102,156,1517,528,23,56,1,1,0.42982
103,156,1513,528,23,56,1,1,0.36623
104,156,1509,528,23,56,1,1,0.36623
105,156,1505,528,23,56,1,1,0.36623
106,156,1501,528,23,56,1,1,0.36623
107,156,1497,527,23,57,1,1,0.29023
108,156,1493,527,23,57,1,1,0.19397
109,156,1489,527,23,57,1,1,0.24569
110,156,1485,527,23,57,1,1,0.31753
111,156,1481,527,23,58,1,1,0.35169
112,156,1477,527,22,58,1,1,0.36109
113,156,1473,527,22,58,1,1,0.39867
114,156,1470,527,21,58,1,1,0.44992
115,156,1466,527,21,58,1,1,0.48921
116,156,1463,527,20,58,1,1,0.55609
117,156,1459,527,20,58,1,1,0.58838
118,156,1455,527,20,58,1,1,0.62954
119,156,1452,527,19,58,1,1,0.64746
120,156,1448,527,19,58,1,1,0.69153
121,156,1445,528,18,57,1,1,0.71688
122,156,1440,527,18,58,1,1,0.62177
123,156,1436,527,18,58,1,1,0.57449
124,156,1432,527,18,58,1,1,0.61463
125,156,1427,527,19,58,1,1,0.58814
126,156,1423,527,19,58,1,1,0.58814
127,156,1419,526,18,59,1,1,0.72105
128,156,1414,526,19,59,1,1,0.78333
129,156,1410,526,19,59,1,1,0.915
130,156,1406,526,19,59,1,1,1
131,156,1402,526,19,60,1,1,1
132,156,1398,525,19,61,1,1,1
133,156,1394,525,19,61,1,1,1
134,156,1390,525,19,61,1,1,1
135,156,1386,524,20,62,1,1,0.95238
136,156,1383,524,19,62,1,1,0.7
137,156,1379,524,19,62,1,1,0.65
138,156,1375,523,20,63,1,1,0.57143
139,156,1371,523,20,63,1,1,0.57143
140,156,1367,523,20,63,1,1,0.57143
141,156,1364,523,20,63,1,1,0.47619
142,156,1360,523,20,63,1,1,0.42857
143,156,1357,523,20,64,1,1,0.38095
144,156,1353,523,20,64,1,1,0.33333
145,156,1350,523,20,65,1,1,0.28571
146,156,1346,524,21,65,1,1,0.22727
147,156,1343,524,20,65,1,1,0.19048
148,156,1339,524,21,66,1,1,0.13636
149,156,1336,524,20,66,1,1,0.095238
150,156,1332,524,21,67,1,1,0.045455
284,157,1307,542,36,114,1,1,0
285,157,1314,541,42,112,1,1,0
286,157,1322,541,43,112,1,1,0.090909
287,157,1330,541,39,113,1,1,0.25
288,157,1338,541,35,114,1,1,0.27778
289,157,1343,542,39,113,1,1,0.8
290,157,1348,540,36,116,1,1,0.7027
291,157,1353,540,31,115,1,1,0.53125
292,157,1358,541,32,114,1,1,0.45455
293,157,1363,542,33,113,1,1,0.35294
294,157,1368,544,34,113,1,1,0.25714
295,157,1373,546,34,113,1,1,0.14286
296,157,1378,545,39,114,1,1,0.22565
297,157,1383,546,40,114,1,1,0.17328
298,157,1388,548,41,114,1,1,0.086128
299,157,1393,549,44,117,1,1,0.086252
300,157,1398,551,49,116,1,1,0.14974
301,157,1403,553,47,120,1,1,0.10434
302,157,1408,555,51,119,1,1,0.1024
303,157,1413,557,50,118,1,1,0.062943
304,157,1418,559,49,118,1,1,0.052101
305,157,1424,561,47,118,1,1,0.04937
306,157,1429,563,46,117,1,1,0.061125
307,157,1435,565,45,117,1,1,0.068718
308,157,1440,567,44,117,1,1,0.079849
309,157,1446,569,42,116,1,1,0.099384
310,157,1451,571,41,116,1,1,0.10256
311,157,1457,573,40,116,1,1,0.094434
312,157,1462,575,39,115,1,1,0.098707
313,157,1468,577,37,115,1,1,0.092786
314,157,1473,579,36,115,1,1,0.10904
315,157,1479,581,35,115,1,1,0.11638
316,157,1484,580,35,119,1,1,0.14491
317,157,1489,580,35,123,1,1,0.15166
318,157,1494,579,35,128,1,1,0.17377
319,157,1500,579,34,132,1,1,0.18625
320,157,1505,578,34,135,1,1,0.45798
321,157,1510,578,34,137,1,1,0.51925
322,157,1516,578,34,140,1,1,0.48794
323,157,1521,577,34,143,1,1,0.49107
324,157,1526,577,34,145,1,1,0.51742
325,157,1532,577,34,148,1,1,0.43221
326,157,1534,576,39,149,1,1,0.436
327,157,1537,575,43,150,1,1,0.427
328,157,1539,574,48,151,1,1,0.37084
329,157,1542,573,53,153,1,1,0.28571
330,157,1544,572,58,154,1,1,0.19705
331,157,1547,571,62,155,1,1,0.17175
332,157,1549,570,68,157,1,1,0.13135
333,157,1552,569,72,158,1,1,0.12579
334,157,1554,568,77,159,1,1,0.13029
335,157,1557,567,82,161,1,1,0.14949
336,157,1560,565,80,161,1,1,0.17002
337,157,1566,560,75,160,1,1,0.23145
338,157,1568,566,73,160,1,1,0.18499
339,157,1569,568,48,159,1,1,0.21811
340,157,1569,568,54,159,1,1,0.30716
341,157,1572,574,42,163,1,1,0.33125
342,157,1574,578,45,165,1,1,0.2521
343,157,1576,585,43,162,1,1,0.14292
344,157,1577,592,45,160,1,1,0.046044
345,157,1578,594,57,166,1,1,0.063184
346,157,1579,596,57,168,1,1,0.14977
347,157,1580,599,57,169,1,1,0.1217
348,157,1581,602,57,171,1,1,0.090217
349,157,1582,605,57,172,1,1,0.087702
350,157,1583,608,57,174,1,1,0.08
351,157,1583,611,55,175,1,1,0.068182
352,157,1584,614,53,176,1,1,0.062147
353,157,1585,617,51,177,1,1,0.067416
354,157,1585,620,51,178,1,1,0.072626
355,157,1586,623,51,180,1,1,0.077348
356,157,1572,626,82,184,1,1,0.1212
357,157,1568,629,87,185,1,1,0.18035
358,157,1566,632,91,186,1,1,0.21478
359,157,1570,635,89,188,1,1,0.20582
360,157,1574,638,88,190,1,1,0.16548
361,157,1578,642,87,192,1,1,0.13448
362,157,1584,645,80,194,1,1,0.097436
363,157,1590,649,74,196,1,1,0.086294
364,157,1591,652,71,199,1,1,0.085
365,157,1592,656,68,202,1,1,0.10552
366,157,1590,658,59,204,1,1,0.082927
367,157,1595,660,48,205,1,1,0.092233
368,157,1597,663,54,206,1,1,0.096618
369,157,1594,665,62,214,1,1,0.10742
370,157,1586,667,75,219,1,1,0.15072
371,157,1576,673,88,214,1,1,0.1515
372,157,1563,674,101,216,1,1,0.096503
373,157,1563,675,99,219,1,1,0.1
374,157,1564,676,97,223,1,1,0.089286
375,157,1565,677,95,227,1,1,0.078947
376,157,1567,677,93,227,1,1,0.074561
170,158,976,519,17,61,1,1,1
171,158,972,517,25,62,1,1,0.99084
172,158,972,516,17,61,1,1,0.79211
173,158,970,514,25,61,1,1,0.8139
174,158,968,514,22,61,1,1,0.86816
175,158,967,516,20,60,1,1,0.89696
176,158,965,516,21,61,1,1,0.8871
177,158,962,520,21,61,1,1,0.98827
178,158,961,517,21,61,1,1,0.88416
179,158,957,513,23,65,1,1,0.7904
180,158,952,516,27,64,1,1,0.92747
181,158,950,516,27,64,1,1,0.91154
182,158,953,516,27,65,1,1,0.83117
183,158,948,515,27,65,1,1,0.65043
184,158,946,515,27,65,1,1,0.63312
185,158,943,515,27,65,1,1,0.58658
186,158,941,516,27,65,1,1,0.56818
187,158,941,517,26,65,1,1,0.55556
188,158,941,518,25,65,1,1,0.51632
189,158,941,519,24,65,1,1,0.41697
190,158,942,521,23,64,1,1,0.35256
191,158,941,521,23,64,1,1,0.34103
192,158,940,522,23,64,1,1,0.35
193,158,939,523,24,64,1,1,0.312
194,158,935,522,26,65,1,1,0.27722
195,158,934,522,27,66,1,1,0.24307
196,158,934,522,28,67,1,1,0.23124
197,158,935,524,22,66,1,1,0.27839
198,158,935,524,22,66,1,1,0.22193
199,158,934,524,22,67,1,1,0.19437
200,158,931,526,22,68,1,1,0.22684
207,159,932,522,22,68,1,1,0.13233
208,159,929,526,23,68,1,1,0.11957
209,159,928,527,23,68,1,1,0.13949
210,159,927,530,23,68,1,1,0.14795
211,159,926,532,23,68,1,1,0.15217
212,159,927,532,23,69,1,1,0.19286
213,159,929,533,23,69,1,1,0.25714
214,159,929,536,23,70,1,1,0.29754
215,159,928,535,23,71,1,1,0.26389
216,159,925,533,23,72,1,1,0.18493
217,159,925,531,23,72,1,1,0.15068
218,159,928,531,23,72,1,1,0.20091
219,159,925,531,23,72,1,1,0.14612
220,159,926,530,23,72,1,1,0.13699
221,159,927,528,23,72,1,1,0.14384
222,159,930,528,23,72,1,1,0.16952
223,159,930,531,23,72,1,1,0.18836
224,159,931,530,23,72,1,1,0.19178
225,159,931,530,23,73,1,1,0.16273
226,159,933,530,23,74,1,1,0.087222
227,159,933,529,27,73,1,1,0.061776
228,159,931,529,27,73,1,1,0.069015
229,159,933,533,27,73,1,1,0.056467
230,159,935,533,27,74,1,1,0.046667
231,159,936,533,27,75,1,1,0.036654
300,160,1373,539,29,89,1,1,0.044444
301,160,1380,537,25,90,1,1,0.098901
302,160,1386,538,28,95,1,1,0.10417
303,160,1394,541,28,82,1,1,0.12796
304,160,1401,544,29,86,1,1,0.12644
305,160,1407,546,28,86,1,1,0.19976
306,160,1413,550,29,90,1,1,0.25311
307,160,1411,551,32,93,1,1,0.31657
308,160,1418,551,36,98,1,1,0.35081
309,160,1426,552,29,95,1,1,0.47222
310,160,1434,554,34,102,1,1,0.43024
311,160,1443,553,28,102,1,1,0.46602
312,160,1448,553,25,101,1,1,0.51131
313,160,1453,553,25,109,1,1,0.5014
314,160,1459,554,25,106,1,1,0.49533
315,160,1465,555,25,101,1,1,0.53884
316,160,1471,556,28,102,1,1,0.49414
317,160,1477,557,29,102,1,1,0.44466
318,160,1483,555,28,102,1,1,0.43555
319,160,1489,559,29,103,1,1,0.48846
320,160,1493,555,25,106,1,1,0.57728
321,160,1499,556,26,102,1,1,0.53398
322,160,1504,556,25,99,1,1,0.58
323,160,1509,557,26,91,1,1,0.56522
324,160,1514,558,27,84,1,1,0.5563
325,160,1519,559,28,77,1,1,0.50663
326,160,1524,557,28,79,1,1,0.3625
327,160,1530,556,28,80,1,1,0.24691
328,160,1536,555,28,81,1,1,0.18377
329,160,1542,554,28,82,1,1,0.17366
330,160,1548,553,28,84,1,1,0.15416
331,160,1552,548,28,87,1,1,0.17124
332,160,1557,546,29,88,1,1,0.17079
333,160,1562,545,30,88,1,1,0.17398
334,160,1567,543,31,89,1,1,0.17361
335,160,1572,542,32,89,1,1,0.16835
336,160,1578,541,33,89,1,1,0.17255
337,160,1584,544,34,88,1,1,0.11814
338,160,1590,537,33,89,1,1,0.21797
339,160,1595,538,31,88,1,1,0.24228
340,160,1600,539,30,87,1,1,0.15836
341,160,1606,541,28,86,1,1,0.19461
342,160,1608,545,30,87,1,1,0.14296
343,160,1610,549,33,89,1,1,0.21046
344,160,1613,553,34,90,1,1,0.18838
345,160,1615,557,37,92,1,1,0.16808
346,160,1617,561,39,93,1,1,0.17021
347,160,1620,566,41,94,1,1,0.1609
348,160,1623,566,40,94,1,1,0.14326
349,160,1626,566,41,96,1,1,0.1458
350,160,1633,569,41,97,1,1,0.19291
351,160,1639,570,42,98,1,1,0.23209
352,160,1642,572,43,104,1,1,0.20108
353,160,1646,574,44,110,1,1,0.18238
354,160,1650,576,44,116,1,1,0.13561
355,160,1654,578,45,122,1,1,0.11877
356,160,1660,581,40,122,1,1,0.11124
357,160,1668,584,40,121,1,1,0.07557
358,160,1670,586,43,121,1,1,0.095007
359,160,1673,589,45,121,1,1,0.10264
360,160,1680,592,41,118,1,1,0.10204
361,160,1688,595,41,117,1,1,0.069209
362,160,1687,597,48,118,1,1,0.12965
363,160,1696,599,52,114,1,1,0.056604
364,160,1700,601,52,117,1,1,0.1567
365,160,1704,603,49,125,1,1,0.12889
366,160,1708,605,49,130,1,1,0.14901
367,160,1712,607,52,130,1,1,0.14792
368,160,1717,609,54,126,1,1,0.17079
369,160,1722,611,49,133,1,1,0.18313
370,160,1729,613,47,132,1,1,0.19173
371,160,1737,615,45,131,1,1,0.16798
372,160,1740,613,47,132,1,1,0.19627
373,160,1743,611,49,133,1,1,0.22269
374,160,1746,609,49,137,1,1,0.21551
375,160,1750,608,52,138,1,1,0.22519
376,160,1754,607,56,137,1,1,0.27028
356,161,1645,565,37,127,1,1,0.2354
357,161,1648,568,38,128,1,1,0.30888
358,161,1651,569,39,129,1,1,0.13577
359,161,1655,571,39,129,1,1,0.10692
360,161,1658,573,39,130,1,1,0.14122
361,161,1661,576,39,130,1,1,0.19752
362,161,1664,578,39,131,1,1,0.13087
363,161,1667,581,40,132,1,1,0.17898
364,161,1669,584,41,130,1,1,0.15231
365,161,1671,588,42,128,1,1,0.13413
366,161,1673,592,43,126,1,1,0.12115
367,161,1676,596,44,124,1,1,0.1072
368,161,1681,597,45,125,1,1,0.11387
369,161,1686,598,47,126,1,1,0.12008
370,161,1687,598,48,127,1,1,0.14764
371,161,1688,598,50,129,1,1,0.16501
372,161,1689,598,52,130,1,1,0.13467
373,161,1691,599,53,131,1,1,0.14829
374,161,1704,601,42,132,1,1,0.074838
375,161,1706,599,44,134,1,1,0.066667
376,161,1709,597,46,136,1,1,0.065693
127,162,1169,524,18,46,1,1,0.40985
128,162,1164,524,18,46,1,1,0.51288
129,162,1160,524,18,46,1,1,0.51288
130,162,1155,524,19,46,1,1,0.53723
131,162,1151,524,18,46,1,1,0.62374
132,162,1147,524,18,47,1,1,0.6239
133,162,1142,524,19,47,1,1,0.69167
134,162,1138,524,18,47,1,1,0.72807
135,162,1133,524,19,47,1,1,0.79063
136,162,1129,524,19,47,1,1,0.79063
137,162,1125,524,19,48,1,1,0.8398
138,162,1121,523,19,48,1,1,0.82959
139,162,1117,523,19,48,1,1,0.87755
140,162,1113,523,19,48,1,1,0.87755
141,162,1110,522,18,49,1,1,0.90947
142,162,1106,522,19,49,1,1,0.864
143,162,1102,522,19,48,1,1,0.89694
144,162,1099,521,18,49,1,1,0.87895
145,162,1095,521,18,49,1,1,0.92632
146,162,1091,521,18,49,1,1,0.92632
147,162,1088,521,18,49,1,1,0.92105
148,162,1083,521,18,49,1,1,0.91158
149,162,1078,521,18,49,1,1,0.91789
150,162,1073,521,18,49,1,1,0.92421
151,162,1068,521,19,50,1,1,0.92941
152,162,1063,521,19,50,1,1,0.93529
153,162,1058,521,19,50,1,1,0.93137
154,162,1054,522,19,50,1,1,0.94118
155,162,1050,521,19,50,1,1,0.93137
156,162,1045,523,19,51,1,1,0.95673
157,162,1036,523,23,50,1,1,0.87745
158,162,1032,523,22,49,1,1,0.87652
159,162,1028,523,22,49,1,1,0.92
160,162,1024,523,22,49,1,1,0.92
161,162,1020,523,23,49,1,1,0.835
162,162,1017,523,22,49,1,1,0.82087
163,162,1013,523,23,50,1,1,0.82353
164,162,1009,523,23,50,1,1,0.78186
165,162,1006,523,22,50,1,1,0.81586
166,162,1002,523,23,50,1,1,0.77614
167,162,998,523,23,50,1,1,0.64297
168,162,995,523,23,51,1,1,0.92949
169,162,989,522,23,51,1,1,0.9351
170,162,983,522,23,51,1,1,0.49119
171,162,980,522,23,51,1,1,0.20192
263,163,1028,524,30,77,1,1,0.35484
264,163,1032,525,31,76,1,1,0.5625
265,163,1036,526,32,76,1,1,0.75758
266,163,1040,528,33,75,1,1,0.91176
267,163,1049,529,33,75,1,1,0.97059
268,163,1049,529,37,77,1,1,1
269,163,1055,530,37,77,1,1,1
270,163,1060,529,37,77,1,1,1
271,163,1065,529,37,76,1,1,1
272,163,1071,529,37,75,1,1,0.87361
273,163,1075,528,37,76,1,1,0.90021
274,163,1080,527,36,77,1,1,0.9501
275,163,1085,527,36,77,1,1,0.94941
276,163,1090,527,36,77,1,1,0.94941
277,163,1095,528,36,77,1,1,0.94802
278,163,1100,528,36,77,1,1,0.94802
279,163,1105,528,36,77,1,1,0.94733
280,163,1110,529,37,77,1,1,0.92206
281,163,1115,529,38,77,1,1,0.89875
282,163,1121,529,38,77,1,1,0.87344
283,163,1127,529,38,77,1,1,0.84813
284,163,1133,529,38,77,1,1,0.80605
285,163,1137,528,38,76,1,1,0.73393
286,163,1142,527,38,76,1,1,0.65634
287,163,1147,527,37,75,1,1,0.60976
288,163,1152,526,37,75,1,1,0.53566
289,163,1157,525,36,75,1,1,0.47866
290,163,1162,525,36,74,1,1,0.4018
291,163,1167,525,35,72,1,1,0.39041
292,163,1172,526,35,70,1,1,0.40023
293,163,1177,527,35,68,1,1,0.39855
294,163,1182,528,35,66,1,1,0.41045
295,163,1186,527,36,70,1,1,0.41416
296,163,1191,526,36,74,1,1,0.41766
297,163,1196,526,36,77,1,1,0.4359
298,163,1201,527,39,73,1,1,0.39459
299,163,1206,527,39,77,1,1,0.44872
300,163,1211,529,41,70,1,1,0.39302
301,163,1216,532,44,63,1,1,0.37778
302,163,1221,532,42,64,1,1,0.42004
303,163,1226,532,40,65,1,1,0.46009
304,163,1231,535,37,68,1,1,0.46949
305,163,1236,538,35,66,1,1,0.47927
306,163,1241,542,34,64,1,1,0.47824
307,163,1246,543,32,63,1,1,0.51562
308,163,1251,544,31,62,1,1,0.53968
309,163,1256,545,31,62,1,1,0.52381
310,163,1261,547,31,61,1,1,0.51613
311,163,1259,547,36,62,1,1,0.52381
312,163,1267,547,33,61,1,1,0.54839
313,163,1269,548,34,64,1,1,0.52308
314,163,1272,548,34,63,1,1,0.53125
315,163,1276,548,34,62,1,1,0.55556
316,163,1280,547,35,62,1,1,0.57143
317,163,1285,546,35,63,1,1,0.59375
318,163,1291,545,35,64,1,1,0.6
319,163,1291,545,39,70,1,1,0.56338
320,163,1296,545,41,71,1,1,0.55556
321,163,1295,545,42,74,1,1,0.54667
322,163,1304,546,42,71,1,1,0.54167
323,163,1307,543,42,75,1,1,0.53947
324,163,1311,541,42,75,1,1,0.55263
325,163,1313,540,42,76,1,1,0.54545
326,163,1316,540,42,76,1,1,0.53247
327,163,1319,540,41,78,1,1,0.50633
328,163,1323,540,43,77,1,1,0.5
329,163,1326,539,43,75,1,1,0.51316
330,163,1329,539,43,75,1,1,0.5
331,163,1331,537,43,75,1,1,0.51077
332,163,1333,534,43,78,1,1,0.50058
333,163,1335,531,44,74,1,1,0.54222
334,163,1337,527,44,75,1,1,0.55965
335,163,1340,525,44,76,1,1,0.55411
336,163,1343,524,44,77,1,1,0.4698
337,163,1342,523,44,77,1,1,0.55185
338,163,1342,522,44,78,1,1,0.60394
339,163,1344,521,44,79,1,1,0.62778
340,163,1346,521,44,80,1,1,0.64911
341,163,1347,522,46,81,1,1,0.64971
342,163,1349,524,47,81,1,1,0.64456
343,163,1350,526,46,82,1,1,0.67598
344,163,1351,529,46,83,1,1,0.67503
345,163,1352,531,46,85,1,1,0.74666
346,163,1353,534,46,85,1,1,0.72291
347,163,1354,537,46,86,1,1,0.66324
348,163,1356,539,45,88,1,1,0.64314
349,163,1357,542,45,89,1,1,0.6413
350,163,1358,545,45,89,1,1,0.62101
351,163,1359,547,45,91,1,1,0.59972
352,163,1360,550,45,92,1,1,0.56989
353,163,1362,553,44,93,1,1,0.55272
354,163,1362,554,45,94,1,1,0.56247
355,163,1363,556,45,94,1,1,0.55286
356,163,1364,557,45,96,1,1,0.5437
357,163,1365,559,45,96,1,1,0.53608
358,163,1366,561,46,97,1,1,0.52432
359,163,1366,562,47,98,1,1,0.52083
360,163,1367,564,47,98,1,1,0.55682
361,163,1368,565,47,100,1,1,0.55507
362,163,1369,567,47,100,1,1,0.56848
363,163,1370,569,48,101,1,1,0.56283
364,163,1370,570,48,101,1,1,0.59464
365,163,1371,571,48,102,1,1,0.60769
366,163,1372,572,48,103,1,1,0.62539
367,163,1372,574,49,103,1,1,0.62577
368,163,1373,575,49,104,1,1,0.63448
369,163,1374,576,48,104,1,1,0.64101
370,163,1374,578,49,104,1,1,0.62743
371,163,1375,579,49,105,1,1,0.62264
372,163,1376,580,49,106,1,1,0.61383
373,163,1377,582,49,106,1,1,0.59813
374,163,1375,580,49,106,1,1,0.63738
375,163,1374,578,49,106,1,1,0.69047
376,163,1373,577,49,106,1,1,0.68692
31,166,1473,522,22,51,1,1,0.020903
32,166,1473,520,25,51,1,1,0.064349
33,166,1474,508,24,51,1,1,0.11154
34,166,1476,506,23,51,1,1,0.45192
35,166,1478,504,23,51,1,1,0.38462
36,166,1479,501,22,51,1,1,0.50669
37,166,1479,500,22,51,1,1,0.60368
38,166,1480,499,21,51,1,1,0.73601
39,166,1483,502,21,51,1,1,0.76399
40,166,1482,498,20,51,1,1,0.89011
41,166,1483,499,20,52,1,1,0.91105
42,166,1485,501,19,52,1,1,0.93774
43,166,1486,506,18,47,1,1,0.98026
44,166,1486,504,19,52,1,1,1
45,166,1487,508,19,52,1,1,1
46,166,1489,505,19,52,1,1,0.6
47,166,1488,507,19,52,1,1,0.45
48,166,1487,509,19,52,1,1,0.4
49,166,1487,512,19,52,1,1,0.35
50,166,1487,510,19,52,1,1,0.3
51,166,1487,510,19,52,1,1,0.2
52,166,1487,510,19,52,1,1,0.2
53,166,1487,511,19,52,1,1,0.35
54,166,1487,511,19,52,1,1,0.4
55,166,1487,511,19,52,1,1,0.45
56,166,1488,512,19,52,1,1,0.45
57,166,1488,510,19,52,1,1,0.55
58,166,1488,508,19,52,1,1,0.55
59,166,1488,506,19,52,1,1,0.6
60,166,1488,504,19,52,1,1,0.65
61,166,1488,502,19,52,1,1,0.75
62,166,1489,507,19,52,1,1,1
63,166,1488,493,19,52,1,1,1
64,166,1488,503,19,52,1,1,1
65,166,1487,500,19,52,1,1,1
66,166,1486,497,19,52,1,1,1
67,166,1486,508,22,51,1,1,1
68,166,1484,502,23,51,1,1,1
69,166,1484,510,19,52,1,1,0.85
70,166,1482,506,19,52,1,1,0.65
71,166,1479,510,19,52,1,1,0.5
72,166,1479,507,19,52,1,1,0.71981
97,167,1395,522,19,52,1,1,0.15
98,167,1390,521,18,54,1,1,0.26699
99,167,1385,521,18,56,1,1,0.53832
100,167,1382,520,19,54,1,1,0.35727
101,167,1376,522,20,52,1,1,0.38095
102,167,1372,520,20,52,1,1,0.43935
103,167,1368,518,21,52,1,1,0.50858
104,167,1364,519,21,52,1,1,0.52744
105,167,1360,518,21,52,1,1,0.5446
106,167,1356,518,21,52,1,1,0.60549
107,167,1352,518,21,52,1,1,0.57633
108,167,1348,517,22,52,1,1,0.55373
109,167,1344,517,22,52,1,1,0.47006
110,167,1340,517,22,52,1,1,0.56932
111,167,1337,517,22,52,1,1,0.49713
112,167,1332,517,22,52,1,1,0.43888
113,167,1327,517,22,52,1,1,0.39869
114,167,1322,517,22,52,1,1,0.35603
115,167,1317,517,22,52,1,1,0.24364
116,167,1312,517,23,52,1,1,0.2272
117,167,1307,517,23,52,1,1,0.21698
118,167,1302,517,23,52,1,1,0.19182
119,167,1297,517,23,52,1,1,0.12893
120,167,1292,517,23,52,1,1,0.038522
121,167,1288,518,23,51,1,1,0.14183
122,167,1284,518,23,51,1,1,0.14103
123,167,1281,518,23,51,1,1,0.15385
124,167,1278,519,23,51,1,1,0.14583
125,167,1274,519,24,51,1,1,0.14462
126,167,1271,519,24,51,1,1,0.18846
127,167,1268,520,24,51,1,1,0.16538
128,167,1264,520,24,51,1,1,0.15462
129,167,1261,521,24,51,1,1,0.23692
130,167,1258,521,24,51,1,1,0.30769
131,167,1254,521,25,51,1,1,0.36982
132,167,1251,522,25,51,1,1,0.40163
133,167,1248,522,25,51,1,1,0.4253
134,167,1245,523,25,51,1,1,0.49926
135,167,1241,522,24,52,1,1,0.51774
136,167,1237,522,24,52,1,1,0.52075
137,167,1232,522,24,52,1,1,0.53962
138,167,1228,522,24,52,1,1,0.57585
139,167,1224,522,23,52,1,1,0.75
140,167,1219,522,24,52,1,1,0.72
141,167,1215,522,24,53,1,1,0.72
142,167,1211,522,23,53,1,1,0.70833
143,167,1206,522,24,53,1,1,0.68
144,167,1202,522,23,53,1,1,0.70833
145,167,1198,522,23,53,1,1,0.70833
146,167,1194,523,23,53,1,1,1
147,167,1189,522,23,53,1,1,0.66667
148,167,1184,522,23,53,1,1,0.625
149,167,1180,522,22,53,1,1,1
150,167,1175,522,22,53,1,1,1
151,167,1171,522,21,53,1,1,1
152,167,1166,522,21,53,1,1,1
153,167,1162,522,21,53,1,1,1
154,167,1155,522,22,53,1,1,1
155,167,1148,522,23,53,1,1,1
200,168,900,529,24,55,1,1,0.44
201,168,898,529,24,55,1,1,0.84571
202,168,896,530,24,55,1,1,0.82643
203,168,894,530,24,56,1,1,0.82947
204,168,892,531,24,56,1,1,0.81053
205,168,891,531,23,57,1,1,0.79885
206,168,889,532,23,56,1,1,0.77485
207,168,887,532,23,57,1,1,0.77083
208,168,885,533,23,57,1,1,0.77083
209,168,883,533,23,58,1,1,0.78814
210,168,882,534,23,58,1,1,0.78814
211,168,881,533,23,59,1,1,0.8
212,168,880,533,23,59,1,1,0.79375
213,168,880,533,23,60,1,1,0.79098
214,168,879,533,23,60,1,1,0.78484
215,168,879,533,23,60,1,1,0.7541
216,168,878,533,23,61,1,1,0.77218
217,168,878,533,23,61,1,1,0.70699
218,168,877,533,23,61,1,1,0.67809
219,168,877,533,23,62,1,1,0.58995
220,168,878,536,23,62,1,1,0.5086
221,168,878,539,22,58,1,1,0.4871
222,168,876,534,22,60,1,1,0.57947
223,168,876,533,22,61,1,1,0.55119
224,168,877,533,21,61,1,1,0.53079
225,168,877,533,22,62,1,1,0.49896
226,168,878,533,21,62,1,1,0.4531
227,168,878,533,21,62,1,1,0.44444
228,168,879,533,21,63,1,1,0.42188
229,168,879,533,21,63,1,1,0.39631
230,168,880,533,21,64,1,1,0.33287
231,168,881,532,21,64,1,1,0.32727
232,168,882,532,22,64,1,1,0.32375
233,168,884,532,21,63,1,1,0.31534
234,168,885,531,22,64,1,1,0.31304
235,168,886,531,22,63,1,1,0.34647
236,168,888,531,22,63,1,1,0.30571
237,168,888,531,23,61,1,1,0.36223
238,168,888,531,24,60,1,1,0.40918
239,168,889,531,25,59,1,1,0.42179
240,168,891,530,27,60,1,1,0.38525
241,168,892,529,27,60,1,1,0.41276
242,168,893,529,25,63,1,1,0.50841
243,168,898,529,25,68,1,1,0.44872
244,168,900,529,25,67,1,1,0.681
245,168,905,529,25,67,1,1,0.70928
246,168,907,529,25,67,1,1,0.7862
247,168,910,529,25,67,1,1,0.82183
248,168,913,529,25,67,1,1,0.8914
249,168,917,529,25,67,1,1,0.96324
250,168,921,529,25,67,1,1,1
251,168,925,530,25,67,1,1,1
252,168,930,530,25,67,1,1,1
253,168,934,532,25,67,1,1,1
254,168,940,531,25,67,1,1,1
255,168,944,531,25,67,1,1,1
256,168,950,531,25,67,1,1,1
257,168,954,531,25,67,1,1,1
258,168,959,531,25,67,1,1,1
259,168,964,531,25,67,1,1,1
260,168,969,531,25,67,1,1,1
261,168,974,531,25,67,1,1,1
262,168,980,531,25,67,1,1,1
263,168,985,531,25,67,1,1,1
264,168,990,531,25,67,1,1,1
265,168,995,531,25,67,1,1,1
266,168,1000,531,25,67,1,1,1
267,168,1006,532,25,67,1,1,1
268,168,1011,531,24,72,1,1,1
269,168,1016,530,24,71,1,1,1
270,168,1022,530,23,69,1,1,1
271,168,1027,529,25,70,1,1,1
272,168,1032,528,28,72,1,1,1
273,168,1040,530,23,70,1,1,1
274,168,1046,529,23,70,1,1,1
275,168,1052,529,23,70,1,1,0.94484
276,168,1058,528,23,70,1,1,0.86502
277,168,1064,528,24,70,1,1,0.82254
278,168,1070,528,24,68,1,1,0.77565
279,168,1076,528,24,67,1,1,0.71059
280,168,1082,528,24,65,1,1,0.66909
281,168,1088,528,24,64,1,1,0.61292
282,168,1095,528,24,63,1,1,0.5725
283,168,1100,528,24,61,1,1,0.47355
284,168,1106,528,24,60,1,1,0.45902
285,168,1112,528,24,59,1,1,0.46667
286,168,1118,529,24,58,1,1,0.43932
287,168,1125,529,24,57,1,1,0.40966
288,168,1130,528,24,57,1,1,0.42483
289,168,1136,528,23,56,1,1,0.42982
290,168,1142,528,23,55,1,1,0.41667
291,168,1148,527,23,55,1,1,0.40997
292,168,1154,527,23,54,1,1,0.40909
293,168,1160,527,23,53,1,1,0.39352
294,168,1165,527,23,52,1,1,0.41981
295,168,1170,527,23,51,1,1,0.41026
296,168,1175,527,23,50,1,1,0.43137
297,168,1180,527,23,50,1,1,0.43137
298,168,1188,528,23,50,1,1,0.35049
299,168,1193,529,23,50,1,1,0.35049
300,168,1198,531,23,50,1,1,0.33987
301,168,1204,532,23,50,1,1,0.31373
302,168,1209,534,23,50,1,1,0.31373
303,168,1214,535,23,50,1,1,0.32353
304,168,1220,537,23,50,1,1,0.29657
305,168,1225,538,23,50,1,1,0.30556
306,168,1230,539,23,50,1,1,0.34641
281,169,1165,530,26,71,1,1,0.22222
282,169,1170,530,27,72,1,1,0.28571
283,169,1175,530,28,73,1,1,0.37931
284,169,1181,530,29,74,1,1,0.43333
285,169,1189,530,24,74,1,1,0.64
286,169,1194,528,26,75,1,1,0.66667
287,169,1199,526,28,76,1,1,0.69324
288,169,1204,525,30,77,1,1,0.71299
289,169,1209,525,30,77,1,1,0.80893
290,169,1214,525,30,78,1,1,0.5194
291,169,1219,525,30,79,1,1,0.77419
292,169,1224,525,30,79,1,1,0.82823
293,169,1229,525,30,80,1,1,0.88371
294,169,1234,526,30,80,1,1,0.94106
295,169,1237,525,30,80,1,1,0.90641
296,169,1242,526,30,80,1,1,0.81282
297,169,1248,528,29,79,1,1,0.72
298,169,1253,530,29,78,1,1,0.61519
299,169,1259,532,28,78,1,1,0.50808
300,169,1264,531,27,77,1,1,0.337
301,169,1269,530,26,76,1,1,0.40885
302,169,1274,530,26,75,1,1,0.38596
303,169,1279,533,25,74,1,1,0.43077
304,169,1285,537,24,73,1,1,0.41027
305,169,1287,541,24,73,1,1,0.40216
306,169,1291,541,25,73,1,1,0.39449
307,169,1296,542,26,72,1,1,0.39675
308,169,1300,543,27,74,1,1,0.41667
309,169,1305,545,26,73,1,1,0.3964
310,169,1309,545,27,73,1,1,0.42664
311,169,1313,545,26,74,1,1,0.44938
312,169,1318,546,24,74,1,1,0.46667
313,169,1323,547,22,74,1,1,0.46667
314,169,1327,548,23,68,1,1,0.45169
315,169,1332,550,27,64,1,1,0.36264
316,169,1336,550,27,64,1,1,0.31703
317,169,1340,551,27,64,1,1,0.31319
318,169,1344,552,27,64,1,1,0.31868
319,169,1348,553,27,64,1,1,0.33462
320,169,1351,548,27,63,1,1,0.20089
321,169,1355,548,26,63,1,1,0.22801
322,169,1359,548,26,63,1,1,0.20255
323,169,1363,549,26,63,1,1,0.17245
324,169,1367,549,26,63,1,1,0.14931
325,169,1371,550,26,63,1,1,0.12963
326,169,1376,548,26,63,1,1,0.12963
327,169,1379,546,26,63,1,1,0.13368
328,169,1382,544,26,63,1,1,0.14178
329,169,1385,542,26,63,1,1,0.1603
330,169,1386,539,26,63,1,1,0.14815
331,169,1388,537,26,63,1,1,0.14815
332,169,1390,535,26,63,1,1,0.13194
333,169,1392,532,26,63,1,1,0.12731
334,169,1394,530,26,63,1,1,0.11285
335,169,1396,528,26,63,1,1,0.14062
336,169,1399,528,26,63,1,1,0.11458
270,170,1093,532,21,72,1,1,0.18182
271,170,1098,532,21,72,1,1,0.27273
272,170,1104,532,21,72,1,1,0.31818
273,170,1109,532,22,72,1,1,0.43478
274,170,1115,533,22,72,1,1,0.65217
275,170,1120,532,23,73,1,1,0.75
276,170,1125,532,24,73,1,1,0.8
277,170,1130,531,25,74,1,1,0.76923
278,170,1135,531,26,74,1,1,0.81481
279,170,1140,530,25,75,1,1,0.92308
280,170,1145,530,25,76,1,1,0.88462
281,170,1150,530,24,77,1,1,1
282,170,1155,530,24,77,1,1,1
283,170,1160,530,23,78,1,1,1
284,170,1165,530,23,79,1,1,1
285,170,1170,529,22,79,1,1,1
286,170,1175,528,22,79,1,1,1
287,170,1180,528,22,78,1,1,1
288,170,1185,527,22,78,1,1,1
289,170,1190,527,21,77,1,1,1
290,170,1195,526,21,77,1,1,0.86364
291,170,1200,526,21,76,1,1,0.7804
292,170,1205,525,21,76,1,1,0.65112
293,170,1210,525,21,75,1,1,0.54785
294,170,1215,525,21,75,1,1,0.42823
295,170,1220,526,22,74,1,1,0.32522
296,170,1225,527,23,73,1,1,0.26014
297,170,1230,528,24,72,1,1,0.26301
298,170,1235,529,26,71,1,1,0.20216
299,170,1240,530,25,70,1,1,0.23294
300,170,1245,531,25,70,1,1,0.32936
301,170,1250,532,24,70,1,1,0.34254
302,170,1255,534,24,69,1,1,0.34743
303,170,1260,535,24,69,1,1,0.35829
304,170,1266,537,24,68,1,1,0.36348
305,170,1270,538,24,67,1,1,0.35412
306,170,1275,539,24,67,1,1,0.32118
307,170,1279,540,24,67,1,1,0.36941
308,170,1284,541,24,67,1,1,0.35882
309,170,1289,543,24,66,1,1,0.34507
310,170,1293,544,24,65,1,1,0.34485
311,170,1298,545,24,65,1,1,0.31818
312,170,1302,546,24,65,1,1,0.33939
313,170,1307,547,24,65,1,1,0.33939
314,170,1312,549,24,64,1,1,0.30462
315,170,1316,549,24,64,1,1,0.34031
316,170,1320,549,24,64,1,1,0.34031
317,170,1324,549,24,64,1,1,0.35569
318,170,1328,549,24,64,1,1,0.36123
319,170,1332,550,24,64,1,1,0.35754
320,170,1336,550,24,64,1,1,0.47508
321,170,1340,550,24,64,1,1,0.52923
322,170,1344,550,24,64,1,1,0.45169
323,170,1348,550,24,64,1,1,0.45908
324,170,1352,551,24,64,1,1,0.45292
325,170,1354,549,24,64,1,1,0.30954
326,170,1357,547,24,64,1,1,0.35938
327,170,1359,546,25,64,1,1,0.48107
328,170,1362,544,24,64,1,1,0.43077
329,170,1364,543,25,64,1,1,0.40118
330,170,1367,541,25,64,1,1,0.42604
331,170,1369,539,25,64,1,1,0.42604
332,170,1372,538,25,64,1,1,0.43491
333,170,1374,536,26,64,1,1,0.4188
334,170,1377,535,26,64,1,1,0.42621
335,170,1378,535,26,65,1,1,0.35915
336,170,1380,536,26,65,1,1,0.3092
337,170,1382,536,25,66,1,1,0.49254
338,170,1383,537,26,67,1,1,0.47059
339,170,1385,538,26,67,1,1,0.45588
340,170,1387,538,25,68,1,1,0.44928
341,170,1388,539,26,69,1,1,0.47143
342,170,1390,539,25,70,1,1,0.50704
343,170,1392,540,25,70,1,1,0.51679
344,170,1394,541,25,71,1,1,0.336
345,170,1395,542,25,72,1,1,0.35406
346,170,1396,544,26,72,1,1,0.33993
347,170,1398,546,26,73,1,1,0.34234
348,170,1399,548,26,73,1,1,0.32933
349,170,1401,550,26,74,1,1,0.29531
350,170,1402,551,27,75,1,1,0.26504
351,170,1403,553,27,75,1,1,0.24295
352,170,1405,555,27,76,1,1,0.22959
353,170,1406,557,28,76,1,1,0.20152
180,175,1172,454,69,69,0,11,1
181,175,1171,454,69,69,0,11,1
182,175,1169,454,69,69,0,11,1
183,175,1167,454,69,69,0,11,1
184,175,1165,455,69,69,0,11,1
185,175,1164,455,69,69,0,11,1
186,175,1163,455,69,69,0,11,1
187,175,1162,455,69,69,0,11,1
188,175,1160,455,69,69,0,11,1
189,175,1158,455,69,69,0,11,1
190,175,1158,454,68,72,0,11,1
255,176,1376,425,140,133,0,11,1
256,176,1392,423,140,133,0,11,1
257,176,1408,422,140,133,0,11,1
258,176,1423,420,140,133,0,11,1
259,176,1439,418,140,133,0,11,1
260,176,1451,416,143,138,0,11,1
261,176,1464,415,146,143,0,11,1
262,176,1482,414,150,142,0,11,1
263,176,1499,413,155,150,0,11,1
264,176,1516,413,160,157,0,11,1
265,176,1534,413,165,160,0,11,1
266,176,1552,414,170,162,0,11,1
267,176,1579,415,170,162,0,11,1
268,176,1601,416,170,162,0,11,1
114,177,1413,517,14,78,0,10,1
115,177,1411,517,14,78,0,10,1
116,177,1407,514,13,83,0,10,1
117,177,1405,513,13,83,0,10,1
118,177,1402,511,13,83,0,10,1
119,177,1400,510,13,83,0,10,1
120,177,1396,510,13,83,0,10,1
121,177,1393,510,13,83,0,10,1
122,177,1389,510,13,83,0,10,1
123,177,1386,510,13,83,0,10,1
124,177,1382,511,13,83,0,10,1
125,177,1379,511,13,83,0,10,1
126,177,1375,511,13,83,0,10,1
127,177,1372,511,13,83,0,10,1
128,177,1368,511,13,83,0,10,1
129,177,1365,512,13,83,0,10,1
130,177,1361,512,13,83,0,10,1
131,177,1358,513,13,82,0,10,0.92427
132,177,1355,513,12,83,0,10,0.90842
133,177,1351,514,13,82,0,10,0.89587
134,177,1348,514,12,82,0,10,0.86747
135,177,1345,515,12,82,0,10,0.88786
136,177,1341,515,12,81,0,10,0.88743
137,177,1338,515,12,81,0,10,0.89681
138,177,1336,514,12,81,0,10,0.89681
139,177,1334,514,12,81,0,10,0.91557
140,177,1332,514,12,81,0,10,0.91557
141,177,1330,514,12,81,0,10,0.92495
142,177,1328,514,12,81,0,10,0.92495
143,177,1325,514,12,81,0,10,0.92495
144,177,1322,514,12,81,0,10,0.91557
145,177,1319,516,12,81,0,10,0.93246
146,177,1316,518,12,81,0,10,0.94371
147,177,1313,517,12,81,0,10,0.93433
148,177,1311,517,12,81,0,10,0.93433
149,177,1307,518,12,80,0,10,0.93732
150,177,1304,520,12,79,0,10,0.96538
151,177,1300,520,12,79,0,10,0.9625
152,177,1296,520,12,79,0,10,0.9625
153,177,1292,518,12,79,0,10,0.95
154,177,1288,516,12,79,0,10,0.9125
155,177,1284,515,12,79,0,10,0.9125
156,177,1280,515,12,79,0,10,0.925
157,177,1276,515,12,79,0,10,0.9125
158,177,1272,515,12,79,0,10,0.925
159,177,1268,516,12,79,0,10,0.95
160,177,1264,516,12,79,0,10,0.9375
161,177,1260,516,12,79,0,10,0.9375
162,177,1256,517,12,79,0,10,0.87692
163,177,1254,515,12,81,0,10,0.92683
164,177,1252,513,12,83,0,10,0.90476
165,177,1251,512,11,84,0,10,0.90588
166,177,1248,511,11,84,0,10,0.87059
167,177,1245,511,11,84,0,10,0.84706
168,177,1243,511,11,84,0,10,0.87059
169,177,1240,511,11,84,0,10,1
170,177,1238,511,11,84,0,10,1
171,177,1235,510,11,84,0,10,1
172,177,1234,510,11,84,0,10,1
173,177,1233,511,11,84,0,10,1
174,177,1230,513,11,84,0,10,1
175,177,1228,515,11,84,0,10,1
176,177,1227,509,13,83,0,10,0.15476
177,177,1225,510,13,83,0,10,0.14286
178,177,1224,512,13,83,0,10,0.14286
179,177,1223,514,13,83,0,10,1
180,177,1222,516,13,83,0,10,0.90476
181,177,1219,518,13,83,0,10,0.92857
66,178,1606,511,11,59,0,10,0.11667
67,178,1609,527,11,59,0,10,0.36667
68,178,1607,525,10,51,0,10,0.26923
69,178,1610,537,10,51,0,10,0.48077
70,178,1609,535,10,51,0,10,0.42308
71,178,1608,535,10,51,0,10,0.60839
72,178,1608,535,10,51,0,10,0.72902
73,178,1607,536,10,51,0,10,0.8951
74,178,1607,536,10,51,0,10,1
75,178,1607,537,10,51,0,10,1
76,178,1606,537,10,51,0,10,1
77,178,1605,537,10,51,0,10,1
78,178,1604,537,10,51,0,10,1
79,178,1604,538,10,51,0,10,1
80,178,1604,535,10,51,0,10,1
81,178,1602,535,10,51,0,10,1
82,178,1601,535,10,51,0,10,1
83,178,1599,535,10,51,0,10,1
92,179,1584,530,9,64,0,10,1
93,179,1581,533,11,63,0,10,1
94,179,1579,533,11,63,0,10,1
95,179,1578,534,11,63,0,10,1
96,179,1575,537,11,63,0,10,1
97,179,1573,538,11,63,0,10,1
98,179,1570,539,11,63,0,10,1
99,179,1568,539,11,63,0,10,1
100,179,1564,539,11,63,0,10,1
101,179,1563,540,11,63,0,10,1
102,179,1561,540,11,63,0,10,1
103,179,1558,540,11,63,0,10,1
104,179,1555,544,11,63,0,10,1
105,179,1553,543,11,63,0,10,1
106,179,1552,544,11,63,0,10,1
107,179,1550,543,11,63,0,10,1
108,179,1547,543,11,63,0,10,1
109,179,1543,541,11,63,0,10,1
110,179,1543,539,11,63,0,10,1
111,179,1540,539,10,68,0,10,1
172,181,1131,557,18,69,0,10,1
173,181,1128,558,18,69,0,10,1
174,181,1126,558,18,69,0,10,1
175,181,1125,559,18,69,0,10,1
176,181,1123,560,18,69,0,10,1
177,181,1121,561,18,69,0,10,1
178,181,1119,562,18,69,0,10,1
179,181,1118,563,18,69,0,10,1
180,181,1115,563,18,69,0,10,1
181,181,1113,563,18,69,0,10,1
182,181,1112,563,18,69,0,10,1
183,181,1110,565,18,69,0,10,1
184,181,1108,568,18,69,0,10,1
185,181,1105,567,18,69,0,10,1
186,181,1103,567,18,69,0,10,1
187,181,1101,567,18,69,0,10,1
188,181,1100,568,18,69,0,10,1
189,181,1098,569,18,69,0,10,1
190,181,1097,570,18,69,0,10,1
191,181,1095,571,18,69,0,10,1
192,181,1094,572,18,69,0,10,1
193,181,1093,574,18,69,0,10,1
194,181,1092,574,18,69,0,10,1
195,181,1092,574,18,69,0,10,1
196,181,1089,576,18,69,0,10,1
197,181,1087,576,18,69,0,10,1
198,181,1086,577,18,69,0,10,1
199,181,1085,578,18,69,0,10,1
200,181,1084,578,18,69,0,10,1
201,181,1084,578,18,69,0,10,1
202,181,1084,578,18,69,0,10,1
203,181,1084,578,18,69,0,10,1
204,181,1083,579,19,71,0,10,1
205,181,1082,581,21,72,0,10,1
206,181,1079,582,21,72,0,10,1
207,181,1077,584,21,72,0,10,1
208,181,1077,585,21,72,0,10,1
209,181,1077,586,21,72,0,10,1
210,181,1077,587,21,72,0,10,1
211,181,1077,588,21,72,0,10,1
212,181,1077,589,21,72,0,10,1
213,181,1078,590,21,72,0,10,1
214,181,1078,591,21,72,0,10,1
215,181,1078,592,21,72,0,10,1
216,181,1078,593,21,72,0,10,1
217,181,1078,594,21,72,0,10,1
218,181,1079,596,21,72,0,10,1
219,181,1079,596,25,74,0,10,1
220,181,1079,592,24,78,0,10,1
221,181,1083,593,24,78,0,10,1
222,181,1084,594,24,78,0,10,1
223,181,1086,595,24,78,0,10,1
224,181,1086,595,24,78,0,10,1
225,181,1087,595,24,78,0,10,1
226,181,1089,596,24,79,0,10,1
227,181,1092,598,23,80,0,10,1
228,181,1094,598,23,80,0,10,1
229,181,1096,599,23,80,0,10,1
230,181,1097,599,23,80,0,10,1
231,181,1100,599,22,84,0,10,1
232,181,1103,599,22,84,0,10,1
233,181,1106,598,22,84,0,10,1
234,181,1109,597,22,84,0,10,1
235,181,1112,597,22,84,0,10,1
236,181,1115,598,22,84,0,10,1
237,181,1117,598,22,84,0,10,1
238,181,1120,598,22,84,0,10,1
239,181,1125,597,22,84,0,10,1
240,181,1131,597,22,84,0,10,1
241,181,1134,597,22,87,0,10,1
242,181,1138,597,21,91,0,10,0.81818
243,181,1142,597,21,91,0,10,0.27273
244,181,1147,598,21,91,0,10,0
245,181,1152,599,21,91,0,10,0
246,181,1158,601,21,91,0,10,0
247,181,1163,601,21,91,0,10,0
248,181,1168,602,21,91,0,10,0
249,181,1173,602,21,91,0,10,0
131,182,1330,546,9,73,0,10,0.5
132,182,1328,544,9,75,0,10,0.4
133,182,1325,553,9,66,0,10,0.3
134,182,1321,554,9,67,0,10,0.4
135,182,1317,544,9,76,0,10,0.5
136,182,1314,550,11,66,0,10,0.41667
137,182,1312,546,9,73,0,10,0.4
138,182,1310,541,9,81,0,10,0.3
139,182,1306,548,8,71,0,10,0.44444
140,182,1303,548,8,72,0,10,0.44444
141,182,1301,553,9,67,0,10,0.4
142,182,1301,550,9,68,0,10,0.1
143,182,1297,552,8,66,0,10,0.22222
144,182,1294,558,8,62,0,10,0.33333
145,182,1290,551,7,69,0,10,0.5
146,182,1288,548,9,77,0,10,0.3
147,182,1284,551,9,75,0,10,0.5
148,182,1281,552,9,73,0,10,0.5
149,182,1278,554,10,71,0,10,0.45455
150,182,1274,549,9,77,0,10,0.7
151,182,1270,548,8,79,0,10,0.88889
152,182,1267,550,9,76,0,10,0.9
153,182,1263,553,8,72,0,10,1
154,182,1260,550,9,77,0,10,0.9
155,182,1255,549,10,75,0,10,0.90909
156,182,1251,546,9,79,0,10,1
157,182,1247,546,8,79,0,10,1
158,182,1243,545,7,80,0,10,1
159,182,1240,542,7,84,0,10,1
160,182,1237,543,8,83,0,10,1
161,182,1233,541,9,85,0,10,1
162,182,1230,547,11,79,0,10,1
163,182,1227,543,11,83,0,10,1
164,182,1224,544,11,83,0,10,1
165,182,1221,542,11,85,0,10,1
166,182,1219,541,11,85,0,10,0.75
167,182,1213,544,13,83,0,10,0.35714
168,182,1213,545,11,81,0,10,0.33333
169,182,1211,543,10,82,0,10,0.18182
170,182,1209,543,10,83,0,10,1
171,182,1207,544,9,82,0,10,1
172,182,1206,544,9,85,0,10,1
173,182,1204,543,10,86,0,10,0
174,182,1201,543,9,85,0,10,0
175,182,1200,550,10,79,0,10,1
176,182,1197,542,10,88,0,10,0
177,182,1196,546,9,84,0,10,0
178,182,1195,545,9,85,0,10,0
179,182,1194,543,9,88,0,10,1
180,182,1192,544,8,87,0,10,0
181,182,1190,546,8,86,0,10,0
182,182,1190,546,10,89,0,10,0
183,182,1188,553,9,82,0,10,0
184,182,1186,561,9,74,0,10,0
185,182,1184,557,10,78,0,10,0
186,182,1182,555,9,81,0,10,0
187,182,1180,551,8,86,0,10,0
188,182,1179,550,8,88,0,10,0
189,182,1178,553,11,86,0,10,0
190,182,1176,551,8,88,0,10,0
191,182,1176,549,9,93,0,10,0
192,182,1174,556,11,85,0,10,0
193,182,1173,555,9,88,0,10,0
194,182,1172,564,8,81,0,10,0
195,182,1171,562,10,82,0,10,0
196,182,1170,556,9,89,0,10,0
197,182,1169,550,10,95,0,10,0
198,182,1168,561,9,85,0,10,0
199,182,1167,560,8,86,0,10,0
200,182,1169,561,8,87,0,10,0
201,182,1168,564,9,84,0,10,0
202,182,1167,565,9,84,0,10,1
203,182,1166,568,9,84,0,10,1
204,182,1166,567,8,86,0,10,1
205,182,1166,566,8,88,0,10,1
206,182,1166,564,9,91,0,10,1
207,182,1166,565,10,90,0,10,0.36364
208,182,1166,569,7,88,0,10,1
184,183,1150,524,12,116,0,10,0
185,183,1150,527,12,116,0,10,0
186,183,1148,527,12,116,0,10,0
187,183,1147,524,12,116,0,10,0
188,183,1147,522,12,116,0,10,0
189,183,1144,529,12,116,0,10,0
190,183,1142,530,12,116,0,10,0.076923
191,183,1140,529,12,117,0,10,0.15385
192,183,1138,528,12,118,0,10,0.23077
193,183,1137,527,11,120,0,10,0.25
194,183,1136,536,11,119,0,10,0.25
195,183,1136,536,11,119,0,10,0.16667
196,183,1135,533,11,123,0,10,0.16667
197,183,1134,530,11,127,0,10,0.16667
198,183,1133,527,11,131,0,10,0.16667
199,183,1132,525,11,134,0,10,0.16667
200,183,1136,492,11,170,0,10,0
201,183,1133,502,11,161,0,10,0
202,183,1131,512,10,152,0,10,0
203,183,1129,522,10,143,0,10,0.090909
204,183,1129,519,9,141,0,10,0
205,183,1129,516,8,139,0,10,0
206,183,1130,513,9,146,0,10,0
207,183,1130,510,8,148,0,10,0
208,183,1130,507,8,151,0,10,0
209,183,1131,504,9,158,0,10,0
210,183,1131,501,11,160,0,10,0
211,183,1130,511,11,152,0,10,0
212,183,1129,522,11,143,0,10,0
213,183,1129,533,11,134,0,10,0
214,183,1130,531,11,135,0,10,0
215,183,1131,529,11,137,0,10,0
216,183,1132,527,11,139,0,10,0
217,183,1133,525,11,141,0,10,0
218,183,1134,523,11,143,0,10,0
219,183,1135,521,11,145,0,10,0
220,183,1136,519,11,147,0,10,0
221,183,1138,519,11,147,0,10,0
222,183,1140,519,11,147,0,10,0
223,183,1142,520,11,147,0,10,0
224,183,1144,520,11,147,0,10,0
225,183,1146,521,11,147,0,10,0
226,183,1148,521,11,147,0,10,0
227,183,1150,521,11,147,0,10,0
228,183,1152,522,11,147,0,10,0.083333
229,183,1154,522,11,147,0,10,0.083333
230,183,1156,523,11,147,0,10,0.16667
231,183,1158,523,11,147,0,10,0.25
46,184,803,504,9,61,0,10,1
47,184,802,503,9,62,0,10,1
48,184,802,503,9,63,0,10,1
49,184,801,503,10,63,0,10,1
50,184,801,503,9,64,0,10,1
51,184,801,503,9,64,0,10,1
52,184,800,503,10,65,0,10,1
53,184,800,503,9,65,0,10,1
54,184,799,503,10,66,0,10,1
55,184,799,503,10,66,0,10,1
56,184,799,503,10,67,0,10,1
57,184,798,502,10,67,0,10,1
58,184,797,501,10,67,0,10,1
59,184,796,500,11,67,0,10,1
60,184,795,499,11,67,0,10,1
61,184,794,498,11,67,0,10,1
62,184,794,497,11,67,0,10,1
63,184,793,498,10,67,0,10,1
64,184,792,500,10,67,0,10,1
65,184,791,501,10,67,0,10,1
66,184,790,503,10,67,0,10,1
67,184,787,502,10,67,0,10,1
68,184,785,501,10,67,0,10,1
69,184,782,501,11,66,0,10,1
70,184,780,500,10,66,0,10,1
71,184,778,500,10,66,0,10,1
72,184,775,499,11,66,0,10,1
73,184,773,498,10,66,0,10,1
74,184,770,498,11,65,0,10,1
75,184,768,497,11,65,0,10,1
76,184,766,497,11,65,0,10,1
77,184,763,499,11,65,0,10,1
78,184,761,499,11,65,0,10,1
79,184,759,499,11,65,0,10,1
80,184,755,499,11,65,0,10,1
81,184,751,498,11,65,0,10,1
82,184,747,498,11,65,0,10,1
83,184,744,499,11,65,0,10,1
84,184,739,498,11,65,0,10,0.13636
85,184,735,499,11,65,0,10,0.13636
86,184,732,501,11,65,0,10,0.13636
87,184,728,503,11,65,0,10,1
88,184,725,504,11,65,0,10,1
89,184,723,504,11,65,0,10,0.13636
90,184,715,508,11,65,0,10,1
91,184,711,511,11,65,0,10,1
92,184,706,511,11,65,0,10,1
93,184,700,513,11,65,0,10,1
94,184,696,509,10,70,0,10,1
95,184,694,510,10,70,0,10,1
96,184,691,513,10,70,0,10,1
97,184,686,513,10,70,0,10,1
98,184,681,516,10,70,0,10,1
99,184,675,513,10,70,0,10,1
100,184,672,515,10,70,0,10,1
101,184,666,509,9,75,0,10,0.59868
102,184,663,511,11,74,0,10,1
103,184,659,513,11,74,0,10,1
104,184,653,510,10,77,0,10,1
105,184,650,510,10,77,0,10,1
106,184,643,506,10,77,0,10,0.63869
107,184,639,509,11,75,0,10,0.58553
108,184,635,511,11,75,0,10,1
109,184,629,510,11,76,0,10,1
110,184,624,510,11,76,0,10,1
111,184,619,510,11,76,0,10,1
112,184,614,510,10,76,0,10,1
113,184,609,510,10,77,0,10,1
114,184,603,510,11,77,0,10,1
115,184,598,510,10,77,0,10,1
116,184,593,510,10,77,0,10,1
117,184,588,510,10,77,0,10,1
118,184,583,510,10,78,0,10,1
119,184,577,510,10,78,0,10,1
120,184,572,510,10,79,0,10,1
121,184,566,510,10,79,0,10,1
122,184,561,511,10,79,0,10,1
123,184,556,511,10,80,0,10,1
124,184,550,511,10,80,0,10,1
125,184,545,512,10,80,0,10,1
126,184,539,512,10,80,0,10,1
127,184,534,512,10,81,0,10,1
128,184,529,513,10,81,0,10,1
129,184,523,513,10,81,0,10,1
130,184,518,514,10,81,0,10,1
131,184,512,515,10,81,0,10,1
132,184,507,515,10,81,0,10,1
133,184,502,516,10,81,0,10,1
134,184,496,517,10,81,0,10,1
135,184,491,517,10,81,0,10,1
136,184,485,518,10,81,0,10,1
137,184,480,519,10,81,0,10,1
138,184,475,520,10,81,0,10,1
139,184,470,519,10,82,0,10,1
140,184,465,519,10,82,0,10,1
141,184,460,519,10,82,0,10,1
142,184,455,519,10,82,0,10,1
143,184,450,519,10,82,0,10,1
144,184,445,518,10,83,0,10,1
145,184,440,518,10,83,0,10,1
146,184,435,518,10,83,0,10,1
147,184,430,518,10,83,0,10,1
148,184,426,518,9,83,0,10,1
149,184,419,518,10,84,0,10,1
150,184,413,519,10,84,0,10,1
151,184,406,520,11,85,0,10,1
152,184,400,520,11,86,0,10,1
153,184,394,521,11,87,0,10,1
154,184,387,522,12,87,0,10,1
155,184,381,522,12,88,0,10,1
156,184,374,523,13,89,0,10,1
157,184,368,524,13,89,0,10,1
158,184,362,525,13,90,0,10,1
159,184,356,525,13,90,0,10,1
160,184,350,526,13,90,0,10,1
161,184,345,527,13,90,0,10,1
162,184,339,527,13,90,0,10,1
163,184,334,528,13,90,0,10,1
164,184,328,529,13,90,0,10,1
165,184,322,529,13,90,0,10,1
166,184,317,530,13,90,0,10,1
167,184,311,531,13,90,0,10,1
168,184,306,532,13,90,0,10,1
169,184,301,532,13,90,0,10,1
170,184,296,532,13,90,0,10,1
171,184,291,532,13,90,0,10,1
172,184,287,533,13,90,0,10,1
173,184,282,533,13,90,0,10,1
174,184,277,533,13,90,0,10,1
175,184,273,534,13,90,0,10,1
176,184,268,534,13,90,0,10,1
177,184,263,534,13,90,0,10,1
292,185,1523,471,26,177,0,10,0
293,185,1539,482,26,176,0,10,0.51852
294,185,1551,483,25,174,0,10,1
