1,-1,1359.1,413.27,120.26,362.77,2.3092,-1,-1,-1
1,-1,571.03,402.13,104.56,315.68,1.5028,-1,-1,-1
1,-1,650.8,455.86,63.98,193.94,0.33276,-1,-1,-1
1,-1,721.23,446.86,41.871,127.61,0.27401,-1,-1,-1
1,-1,454.06,434.36,97.492,294.47,0.20818,-1,-1,-1
1,-1,1254.6,446.72,33.822,103.47,0.14776,-1,-1,-1
1,-1,1301.1,237.38,195.98,589.95,0.051818,-1,-1,-1
1,-1,1480.3,413.27,120.26,362.77,-0.020474,-1,-1,-1
1,-1,552.72,473.9,29.314,89.943,-0.087553,-1,-1,-1
1,-1,1097,433,39,119,-0.17964,-1,-1,-1
1,-1,543.19,442.1,44.948,136.84,-0.3683,-1,-1,-1
1,-1,1017,425,39,119,-0.41789,-1,-1,-1
2,-1,1359.1,413.27,120.26,362.77,2.4731,-1,-1,-1
2,-1,584.04,446.86,84.742,256.23,1.2369,-1,-1,-1
2,-1,729,457,39,119,0.40858,-1,-1,-1
2,-1,460.48,442.1,90.896,274.69,0.26749,-1,-1,-1
2,-1,643.66,461.78,59.629,180.89,0.18023,-1,-1,-1
2,-1,1494.4,408.29,112.14,338.41,0.16075,-1,-1,-1
2,-1,572.83,364.89,128.96,388.88,-0.011851,-1,-1,-1
2,-1,1097,433,39,119,-0.185,-1,-1,-1
2,-1,1324.3,258.31,182.79,550.38,-0.18665,-1,-1,-1
2,-1,1021.2,436.37,31.49,96.47,-0.25086,-1,-1,-1
2,-1,549.71,476.18,27.284,83.853,-0.28739,-1,-1,-1
2,-1,545,457,39,119,-0.30087,-1,-1,-1
2,-1,1254.6,446.72,33.822,103.47,-0.30663,-1,-1,-1
2,-1,935.59,429.71,41.871,127.61,-0.3541,-1,-1,-1
3,-1,1359.1,413.27,120.26,362.77,2.3387,-1,-1,-1
3,-1,571.03,402.13,104.56,315.68,0.79923,-1,-1,-1
3,-1,1482.5,390.88,128.96,388.88,0.35271,-1,-1,-1
3,-1,729,449,39,119,0.24571,-1,-1,-1
3,-1,657.86,419,73.643,222.93,0.10792,-1,-1,-1
3,-1,454.06,454.06,97.492,294.47,0.087458,-1,-1,-1
3,-1,1098.5,429.71,41.871,127.61,0.067064,-1,-1,-1
3,-1,1021.2,436.37,31.49,96.47,-0.18888,-1,-1,-1
3,-1,545,457,39,119,-0.26536,-1,-1,-1
3,-1,1377,385,159,479,-0.26901,-1,-1,-1
3,-1,940.04,436.58,27.284,83.853,-0.2915,-1,-1,-1
3,-1,1254.6,446.72,33.822,103.47,-0.36048,-1,-1,-1
3,-1,937,433,39,119,-0.3765,-1,-1,-1
3,-1,1352.6,52.984,258.92,778.76,-0.40418,-1,-1,-1
4,-1,1383.3,413.27,120.26,362.77,2.2104,-1,-1,-1
4,-1,591.95,434.36,97.492,294.47,0.93138,-1,-1,-1
4,-1,1480.3,413.27,120.26,362.77,0.65959,-1,-1,-1
4,-1,460.48,442.1,90.896,274.69,0.29162,-1,-1,-1
4,-1,657.86,419,73.643,222.93,0.26373,-1,-1,-1
4,-1,729.81,446.86,41.871,127.61,0.16692,-1,-1,-1
4,-1,1098.5,429.71,41.871,127.61,0.013892,-1,-1,-1
4,-1,1254.6,446.72,33.822,103.47,-0.14386,-1,-1,-1
4,-1,544.06,385.67,112.14,338.41,-0.1824,-1,-1,-1
4,-1,1017,425,39,119,-0.2104,-1,-1,-1
4,-1,936.71,436.37,31.49,96.47,-0.23005,-1,-1,-1
4,-1,1338.6,343.97,170.48,513.45,-0.44958,-1,-1,-1
4,-1,1352.6,52.984,258.92,778.76,-0.47,-1,-1,-1
5,-1,1383.3,413.27,120.26,362.77,2.4296,-1,-1,-1
5,-1,584.04,446.86,84.742,256.23,0.82707,-1,-1,-1
5,-1,1480.3,413.27,120.26,362.77,0.80295,-1,-1,-1
5,-1,643.66,461.78,59.629,180.89,0.74373,-1,-1,-1
5,-1,460.48,442.1,90.896,274.69,0.15626,-1,-1,-1
5,-1,729.81,446.86,41.871,127.61,0.1188,-1,-1,-1
5,-1,1098.5,429.71,41.871,127.61,0.01459,-1,-1,-1
5,-1,1254.6,446.72,33.822,103.47,-0.14461,-1,-1,-1
5,-1,936.71,436.37,31.49,96.47,-0.16139,-1,-1,-1
5,-1,572.83,364.89,128.96,388.88,-0.2191,-1,-1,-1
5,-1,1017,425,39,119,-0.30016,-1,-1,-1
5,-1,1310.9,394.97,48.246,146.74,-0.31019,-1,-1,-1
5,-1,1352.6,52.984,258.92,778.76,-0.45817,-1,-1,-1
6,-1,1407.6,413.27,120.26,362.77,2.6371,-1,-1,-1
6,-1,589.13,442.1,90.896,274.69,1.0225,-1,-1,-1
6,-1,1480.3,413.27,120.26,362.77,0.87614,-1,-1,-1
6,-1,460.48,442.1,90.896,274.69,0.29989,-1,-1,-1
6,-1,729.81,446.86,41.871,127.61,0.18144,-1,-1,-1
6,-1,669.79,506.88,41.871,127.61,0.09358,-1,-1,-1
6,-1,1254.6,446.72,33.822,103.47,0.071156,-1,-1,-1
6,-1,1098.5,429.71,41.871,127.61,-1.9055e-05,-1,-1,-1
6,-1,657.86,419,73.643,222.93,-0.023115,-1,-1,-1
6,-1,1017,425,39,119,-0.22069,-1,-1,-1
6,-1,1372.9,343.97,170.48,513.45,-0.25278,-1,-1,-1
6,-1,937,433,39,119,-0.33209,-1,-1,-1
6,-1,546.83,338.9,128.96,388.88,-0.33645,-1,-1,-1
6,-1,1352.6,52.984,258.92,778.76,-0.48654,-1,-1,-1
7,-1,1393.9,391.01,138.29,416.86,2.5629,-1,-1,-1
7,-1,591.95,434.36,97.492,294.47,1.4242,-1,-1,-1
7,-1,1504.6,413.27,120.26,362.77,0.77958,-1,-1,-1
7,-1,454.06,434.36,97.492,294.47,0.48616,-1,-1,-1
7,-1,1254.6,446.72,33.822,103.47,0.35682,-1,-1,-1
7,-1,657.86,419,73.643,222.93,0.32016,-1,-1,-1
7,-1,729.81,446.86,41.871,127.61,0.24489,-1,-1,-1
7,-1,1016.1,426.46,36.321,110.96,-0.035711,-1,-1,-1
7,-1,546.83,338.9,128.96,388.88,-0.18266,-1,-1,-1
7,-1,1098.5,429.71,41.871,127.61,-0.33424,-1,-1,-1
7,-1,1305.9,405.34,44.948,136.84,-0.34036,-1,-1,-1
7,-1,934.23,432.79,33.822,103.47,-0.34617,-1,-1,-1
8,-1,1404.6,390.88,128.96,388.88,2.3462,-1,-1,-1
8,-1,591.95,434.36,97.492,294.47,1.6316,-1,-1,-1
8,-1,1504.6,413.27,120.26,362.77,1.5336,-1,-1,-1
8,-1,729.81,446.86,41.871,127.61,0.45047,-1,-1,-1
8,-1,1255,441.39,36.321,110.96,0.39539,-1,-1,-1
8,-1,454.06,434.36,97.492,294.47,0.36475,-1,-1,-1
8,-1,657.86,419,73.643,222.93,0.11883,-1,-1,-1
8,-1,1441,353,159,479,-0.05882,-1,-1,-1
8,-1,1379.4,432.91,44.948,136.84,-0.073797,-1,-1,-1
8,-1,1098.5,429.71,41.871,127.61,-0.14361,-1,-1,-1
8,-1,546.83,364.89,128.96,388.88,-0.22647,-1,-1,-1
8,-1,1017,425,39,119,-0.29098,-1,-1,-1
8,-1,1305.9,405.34,44.948,136.84,-0.33494,-1,-1,-1
8,-1,934.23,432.79,33.822,103.47,-0.42616,-1,-1,-1
9,-1,1421.7,391.01,138.29,416.86,2.4286,-1,-1,-1
9,-1,1504.6,413.27,120.26,362.77,2.248,-1,-1,-1
9,-1,591.95,434.36,97.492,294.47,1.3201,-1,-1,-1
9,-1,1254.6,446.72,33.822,103.47,0.52236,-1,-1,-1
9,-1,729.81,446.86,41.871,127.61,0.39156,-1,-1,-1
9,-1,460.48,442.1,90.896,274.69,0.33475,-1,-1,-1
9,-1,1379.4,432.91,44.948,136.84,0.1328,-1,-1,-1
9,-1,657.86,419,73.643,222.93,0.033448,-1,-1,-1
9,-1,936.71,436.37,31.49,96.47,-0.06449,-1,-1,-1
9,-1,1012.8,421.14,41.871,127.61,-0.092533,-1,-1,-1
9,-1,1404.6,52.984,258.92,778.76,-0.14563,-1,-1,-1
9,-1,546.83,364.89,128.96,388.88,-0.15374,-1,-1,-1
9,-1,1097,433,39,119,-0.15421,-1,-1,-1
9,-1,1305.9,405.34,44.948,136.84,-0.33592,-1,-1,-1
10,-1,1430.6,416.87,128.96,388.88,1.7782,-1,-1,-1
10,-1,1504.6,413.27,120.26,362.77,1.7273,-1,-1,-1
10,-1,591.95,434.36,97.492,294.47,1.3158,-1,-1,-1
10,-1,460.48,442.1,90.896,274.69,0.51467,-1,-1,-1
10,-1,1254.6,446.72,33.822,103.47,0.44909,-1,-1,-1
10,-1,729,457,39,119,0.36282,-1,-1,-1
10,-1,546.83,364.89,128.96,388.88,0.11287,-1,-1,-1
10,-1,1404.6,52.984,258.92,778.76,0.017597,-1,-1,-1
10,-1,676.59,454.91,51.78,157.34,0.0040455,-1,-1,-1
10,-1,657.86,419,73.643,222.93,-0.073003,-1,-1,-1
10,-1,1379.4,432.91,44.948,136.84,-0.16533,-1,-1,-1
10,-1,1097,433,39,119,-0.20889,-1,-1,-1
10,-1,1305.9,405.34,44.948,136.84,-0.26615,-1,-1,-1
10,-1,934.23,432.79,33.822,103.47,-0.31886,-1,-1,-1
10,-1,1012.8,421.14,41.871,127.61,-0.32746,-1,-1,-1
11,-1,1430.6,390.88,128.96,388.88,2.0019,-1,-1,-1
11,-1,589.13,442.1,90.896,274.69,1.2261,-1,-1,-1
11,-1,1528.8,413.27,120.26,362.77,1.1837,-1,-1,-1
11,-1,729,449,39,119,0.57287,-1,-1,-1
11,-1,1254.6,446.72,33.822,103.47,0.51015,-1,-1,-1
11,-1,460.48,442.1,90.896,274.69,0.49628,-1,-1,-1
11,-1,546.83,364.89,128.96,388.88,0.21165,-1,-1,-1
11,-1,676.59,454.91,51.78,157.34,0.051652,-1,-1,-1
11,-1,657.86,419,73.643,222.93,-0.018122,-1,-1,-1
11,-1,1434.6,368.58,182.79,550.38,-0.054255,-1,-1,-1
11,-1,1097,433,39,119,-0.11364,-1,-1,-1
11,-1,1305.9,405.34,44.948,136.84,-0.12536,-1,-1,-1
11,-1,1381.4,438.28,41.871,127.61,-0.18512,-1,-1,-1
11,-1,1407.6,49.503,241.51,726.54,-0.18675,-1,-1,-1
11,-1,934.23,432.79,33.822,103.47,-0.32424,-1,-1,-1
11,-1,468.86,364.89,128.96,388.88,-0.48063,-1,-1,-1
12,-1,1449.6,391.01,138.29,416.86,2.1,-1,-1,-1
12,-1,584.04,446.86,84.742,256.23,1.3588,-1,-1,-1
12,-1,1528.8,413.27,120.26,362.77,1.3192,-1,-1,-1
12,-1,1255.1,449.36,31.49,96.47,0.73431,-1,-1,-1
12,-1,729,449,39,119,0.57074,-1,-1,-1
12,-1,1305.9,405.34,44.948,136.84,0.23434,-1,-1,-1
12,-1,572.83,364.89,128.96,388.88,0.22121,-1,-1,-1
12,-1,460.48,442.1,90.896,274.69,0.19421,-1,-1,-1
12,-1,1097,433,39,119,0.051771,-1,-1,-1
12,-1,1404.6,52.984,258.92,778.76,0.028644,-1,-1,-1
12,-1,676.59,454.91,51.78,157.34,-0.0748,-1,-1,-1
12,-1,934.23,432.79,33.822,103.47,-0.16588,-1,-1,-1
12,-1,1379.9,424.51,48.246,146.74,-0.49183,-1,-1,-1
13,-1,1434.1,389.14,148.29,446.86,2.3735,-1,-1,-1
13,-1,589.13,442.1,90.896,274.69,1.3351,-1,-1,-1
13,-1,1528.8,413.27,120.26,362.77,1.3038,-1,-1,-1
13,-1,729,449,39,119,0.55511,-1,-1,-1
13,-1,1254.6,446.72,33.822,103.47,0.39739,-1,-1,-1
13,-1,478.71,493.64,73.643,222.93,0.33771,-1,-1,-1
13,-1,453.55,430.92,112.14,338.41,0.21276,-1,-1,-1
13,-1,676.59,454.91,51.78,157.34,0.074294,-1,-1,-1
13,-1,1404.6,52.984,258.92,778.76,0.01954,-1,-1,-1
13,-1,1098.5,429.71,41.871,127.61,-0.08968,-1,-1,-1
13,-1,546.83,364.89,128.96,388.88,-0.14067,-1,-1,-1
13,-1,934.23,432.79,33.822,103.47,-0.23428,-1,-1,-1
13,-1,657.86,419,73.643,222.93,-0.34279,-1,-1,-1
13,-1,1304.3,421.14,41.871,127.61,-0.41656,-1,-1,-1
13,-1,1080.2,425.4,59.629,180.89,-0.42436,-1,-1,-1
14,-1,1449.6,391.01,138.29,416.86,2.7187,-1,-1,-1
14,-1,589.13,442.1,90.896,274.69,1.602,-1,-1,-1
14,-1,1254.6,446.72,33.822,103.47,0.5207,-1,-1,-1
14,-1,729.81,446.86,41.871,127.61,0.49008,-1,-1,-1
14,-1,1534.5,416.87,128.96,388.88,0.41621,-1,-1,-1
14,-1,465.47,423.24,104.56,315.68,0.24924,-1,-1,-1
14,-1,1398.6,429.71,41.871,127.61,0.043125,-1,-1,-1
14,-1,1098.5,429.71,41.871,127.61,-0.05975,-1,-1,-1
14,-1,546.83,364.89,128.96,388.88,-0.099724,-1,-1,-1
14,-1,1471.3,331.83,182.79,550.38,-0.24089,-1,-1,-1
14,-1,676.59,454.91,51.78,157.34,-0.24358,-1,-1,-1
14,-1,1305.9,405.34,44.948,136.84,-0.2832,-1,-1,-1
14,-1,1404.6,52.984,258.92,778.76,-0.28949,-1,-1,-1
14,-1,934.23,432.79,33.822,103.47,-0.38625,-1,-1,-1
14,-1,1080.2,425.4,59.629,180.89,-0.49093,-1,-1,-1
15,-1,1449.6,391.01,138.29,416.86,2.1441,-1,-1,-1
15,-1,589.13,442.1,90.896,274.69,1.4509,-1,-1,-1
15,-1,1254.6,446.72,33.822,103.47,0.9907,-1,-1,-1
15,-1,1533.2,391.01,138.29,416.86,0.79299,-1,-1,-1
15,-1,729.81,446.86,41.871,127.61,0.52778,-1,-1,-1
15,-1,481.15,464.01,84.742,256.23,0.45687,-1,-1,-1
15,-1,1097,433,39,119,0.05663,-1,-1,-1
15,-1,934.23,432.79,33.822,103.47,-0.20439,-1,-1,-1
15,-1,468.86,364.89,128.96,388.88,-0.2199,-1,-1,-1
15,-1,546.83,364.89,128.96,388.88,-0.2798,-1,-1,-1
15,-1,1305.9,405.34,44.948,136.84,-0.32981,-1,-1,-1
15,-1,1399.6,424.51,48.246,146.74,-0.34623,-1,-1,-1
15,-1,657.86,419,73.643,222.93,-0.4067,-1,-1,-1
15,-1,1537.5,237.38,195.98,589.95,-0.43966,-1,-1,-1
16,-1,1449.6,391.01,138.29,416.86,2.213,-1,-1,-1
16,-1,589.13,442.1,90.896,274.69,1.8523,-1,-1,-1
16,-1,1254.6,446.72,33.822,103.47,0.89436,-1,-1,-1
16,-1,478.86,460.48,90.896,274.69,0.48132,-1,-1,-1
16,-1,1534.5,416.87,128.96,388.88,0.35311,-1,-1,-1
16,-1,729.81,446.86,41.871,127.61,0.33441,-1,-1,-1
16,-1,1098.5,429.71,41.871,127.61,-0.065329,-1,-1,-1
16,-1,558.15,307.43,138.29,416.86,-0.1964,-1,-1,-1
16,-1,468.86,364.89,128.96,388.88,-0.36028,-1,-1,-1
16,-1,934.38,436.58,27.284,83.853,-0.38135,-1,-1,-1
16,-1,1583.4,359.28,148.29,446.86,-0.3841,-1,-1,-1
16,-1,1471.3,258.31,182.79,550.38,-0.42773,-1,-1,-1
17,-1,589.13,442.1,90.896,274.69,1.9494,-1,-1,-1
17,-1,1456.6,416.87,128.96,388.88,1.8125,-1,-1,-1
17,-1,1254.6,446.72,33.822,103.47,1.0309,-1,-1,-1
17,-1,465.47,444.35,104.56,315.68,0.53576,-1,-1,-1
17,-1,1098.2,433.93,36.321,110.96,0.26542,-1,-1,-1
17,-1,558.15,307.43,138.29,416.86,0.024299,-1,-1,-1
17,-1,1553.6,389.14,148.29,446.86,-0.011345,-1,-1,-1
17,-1,1398.6,429.71,41.871,127.61,-0.17717,-1,-1,-1
17,-1,938.34,386.96,44.948,136.84,-0.34446,-1,-1,-1
17,-1,1304.3,421.14,41.871,127.61,-0.35061,-1,-1,-1
17,-1,732.26,474.58,33.822,103.47,-0.40029,-1,-1,-1
17,-1,1475.8,343.97,170.48,513.45,-0.49218,-1,-1,-1
18,-1,589.13,442.1,90.896,274.69,1.9955,-1,-1,-1
18,-1,1449.6,391.01,138.29,416.86,1.5278,-1,-1,-1
18,-1,1254.6,446.72,33.822,103.47,0.58591,-1,-1,-1
18,-1,465.47,444.35,104.56,315.68,0.5274,-1,-1,-1
18,-1,1098.2,433.93,36.321,110.96,0.036379,-1,-1,-1
18,-1,558.15,307.43,138.29,416.86,0.012867,-1,-1,-1
18,-1,721.23,446.86,41.871,127.61,-0.033261,-1,-1,-1
18,-1,1561,391.01,138.29,416.86,-0.16074,-1,-1,-1
18,-1,938.34,386.96,44.948,136.84,-0.17662,-1,-1,-1
18,-1,1165.1,437.53,29.314,89.943,-0.44082,-1,-1,-1
18,-1,1404.6,52.984,258.92,778.76,-0.46809,-1,-1,-1
19,-1,589.13,442.1,90.896,274.69,1.7981,-1,-1,-1
19,-1,1477.5,391.01,138.29,416.86,1.7111,-1,-1,-1
19,-1,1255.1,449.36,31.49,96.47,1.1782,-1,-1,-1
19,-1,465.47,444.35,104.56,315.68,0.69666,-1,-1,-1
19,-1,1586.5,416.87,128.96,388.88,0.24471,-1,-1,-1
19,-1,1097,433,39,119,0.19527,-1,-1,-1
19,-1,721.23,446.86,41.871,127.61,-0.006881,-1,-1,-1
19,-1,938.34,386.96,44.948,136.84,-0.11401,-1,-1,-1
19,-1,558.15,307.43,138.29,416.86,-0.28998,-1,-1,-1
20,-1,589.13,442.1,90.896,274.69,1.7622,-1,-1,-1
20,-1,1504.6,413.27,120.26,362.77,1.4748,-1,-1,-1
20,-1,473.76,454.06,97.492,294.47,0.75093,-1,-1,-1
20,-1,1255.1,449.36,31.49,96.47,0.73368,-1,-1,-1
20,-1,1415.7,429.71,41.871,127.61,0.14972,-1,-1,-1
20,-1,1434.1,359.28,148.29,446.86,0.0041728,-1,-1,-1
20,-1,721.23,446.86,41.871,127.61,-0.014438,-1,-1,-1
20,-1,1098.5,429.71,41.871,127.61,-0.020532,-1,-1,-1
20,-1,1612.5,416.87,128.96,388.88,-0.16186,-1,-1,-1
20,-1,934.23,432.79,33.822,103.47,-0.25524,-1,-1,-1
20,-1,558.15,307.43,138.29,416.86,-0.29553,-1,-1,-1
20,-1,1576.9,237.38,195.98,589.95,-0.49024,-1,-1,-1
21,-1,589.13,442.1,90.896,274.69,1.9376,-1,-1,-1
21,-1,1505.3,391.01,138.29,416.86,1.644,-1,-1,-1
21,-1,478.86,442.1,90.896,274.69,1.1515,-1,-1,-1
21,-1,1254.6,446.72,33.822,103.47,1.039,-1,-1,-1
21,-1,1097,433,39,119,0.20623,-1,-1,-1
21,-1,1415.7,429.71,41.871,127.61,0.089812,-1,-1,-1
21,-1,1612.5,416.87,128.96,388.88,0.083032,-1,-1,-1
21,-1,721.23,446.86,41.871,127.61,0.053046,-1,-1,-1
21,-1,468.86,364.89,128.96,388.88,-0.015592,-1,-1,-1
21,-1,1434.1,359.28,148.29,446.86,-0.24283,-1,-1,-1
21,-1,558.15,307.43,138.29,416.86,-0.3819,-1,-1,-1
21,-1,1299.4,391.57,51.78,157.34,-0.3991,-1,-1,-1
22,-1,589.13,442.1,90.896,274.69,1.8486,-1,-1,-1
22,-1,1254.6,446.72,33.822,103.47,1.2821,-1,-1,-1
22,-1,1528.8,413.27,120.26,362.77,1.0685,-1,-1,-1
22,-1,473.76,454.06,97.492,294.47,0.97482,-1,-1,-1
22,-1,1612.5,416.87,128.96,388.88,0.83626,-1,-1,-1
22,-1,721.23,446.86,41.871,127.61,0.27314,-1,-1,-1
22,-1,1464,389.14,148.29,446.86,0.25915,-1,-1,-1
22,-1,1097,433,39,119,0.0059878,-1,-1,-1
22,-1,1021.2,436.37,31.49,96.47,-0.24352,-1,-1,-1
22,-1,558.15,335.29,138.29,416.86,-0.24827,-1,-1,-1
22,-1,1415.7,429.71,41.871,127.61,-0.32819,-1,-1,-1
22,-1,1576.9,237.38,195.98,589.95,-0.45914,-1,-1,-1
22,-1,1080.2,425.4,59.629,180.89,-0.47167,-1,-1,-1
23,-1,592.14,423.24,104.56,315.68,1.3496,-1,-1,-1
23,-1,478.86,442.1,90.896,274.69,0.99598,-1,-1,-1
23,-1,1254.6,446.72,33.822,103.47,0.97923,-1,-1,-1
23,-1,1583.4,389.14,148.29,446.86,0.72361,-1,-1,-1
23,-1,1505.3,391.01,138.29,416.86,0.41319,-1,-1,-1
23,-1,721.23,455.43,41.871,127.61,0.39383,-1,-1,-1
23,-1,1098.2,433.93,36.321,110.96,0.11127,-1,-1,-1
23,-1,468.86,364.89,128.96,388.88,-0.10632,-1,-1,-1
23,-1,1563.3,212.12,210.12,632.36,-0.2289,-1,-1,-1
23,-1,1080.2,425.4,59.629,180.89,-0.26365,-1,-1,-1
23,-1,568.28,299.57,148.29,446.86,-0.37559,-1,-1,-1
23,-1,1301.1,404.82,48.246,146.74,-0.3946,-1,-1,-1
23,-1,1023.6,433.93,36.321,110.96,-0.44969,-1,-1,-1
24,-1,592.14,423.24,104.56,315.68,1.4597,-1,-1,-1
24,-1,1255.1,449.36,31.49,96.47,1.4564,-1,-1,-1
24,-1,1553.6,389.14,148.29,446.86,1.1558,-1,-1,-1
24,-1,1638.5,416.87,128.96,388.88,0.88305,-1,-1,-1
24,-1,476.18,430.92,112.14,338.41,0.77979,-1,-1,-1
24,-1,721.23,455.43,41.871,127.61,0.57398,-1,-1,-1
24,-1,1098.5,429.71,41.871,127.61,0.14792,-1,-1,-1
24,-1,1021.2,436.37,31.49,96.47,0.05389,-1,-1,-1
24,-1,1576.9,237.38,195.98,589.95,-0.070034,-1,-1,-1
24,-1,680.04,437.53,59.629,180.89,-0.19506,-1,-1,-1
24,-1,1080.2,425.4,59.629,180.89,-0.35962,-1,-1,-1
24,-1,568.28,299.57,148.29,446.86,-0.38342,-1,-1,-1
24,-1,1416.2,423.72,44.948,136.84,-0.40669,-1,-1,-1
24,-1,929.15,386.96,44.948,136.84,-0.48373,-1,-1,-1
25,-1,1553.6,389.14,148.29,446.86,1.6482,-1,-1,-1
25,-1,592.14,423.24,104.56,315.68,1.3277,-1,-1,-1
25,-1,1255.1,449.36,31.49,96.47,1.158,-1,-1,-1
25,-1,1644.6,391.01,138.29,416.86,0.99419,-1,-1,-1
25,-1,497.24,442.1,90.896,274.69,0.93764,-1,-1,-1
25,-1,721.23,455.43,41.871,127.61,0.64348,-1,-1,-1
25,-1,1098.5,429.71,41.871,127.61,-0.0033108,-1,-1,-1
25,-1,453.55,430.92,112.14,338.41,-0.13908,-1,-1,-1
25,-1,1576.9,316.17,195.98,589.95,-0.20462,-1,-1,-1
25,-1,1407.2,429.71,41.871,127.61,-0.30688,-1,-1,-1
25,-1,568.28,299.57,148.29,446.86,-0.30719,-1,-1,-1
25,-1,1250.8,414.53,44.948,136.84,-0.35675,-1,-1,-1
26,-1,1583.4,389.14,148.29,446.86,1.8024,-1,-1,-1
26,-1,592.14,402.13,104.56,315.68,1.3127,-1,-1,-1
26,-1,493.46,434.36,97.492,294.47,0.77876,-1,-1,-1
26,-1,1254.6,446.72,33.822,103.47,0.72348,-1,-1,-1
26,-1,721.23,455.43,41.871,127.61,0.3272,-1,-1,-1
26,-1,1098.5,429.71,41.871,127.61,0.067529,-1,-1,-1
26,-1,1674.4,413.27,120.26,362.77,-0.022494,-1,-1,-1
26,-1,1647.2,309.67,170.48,513.45,-0.11307,-1,-1,-1
26,-1,1407.2,438.28,41.871,127.61,-0.27315,-1,-1,-1
26,-1,1305.9,405.34,44.948,136.84,-0.27894,-1,-1,-1
26,-1,474.58,335.29,138.29,416.86,-0.36586,-1,-1,-1
26,-1,1544.4,438.28,41.871,127.61,-0.37289,-1,-1,-1
26,-1,1021.2,436.37,31.49,96.47,-0.47041,-1,-1,-1
26,-1,1080.2,425.4,59.629,180.89,-0.4736,-1,-1,-1
27,-1,1583.4,389.14,148.29,446.86,1.5583,-1,-1,-1
27,-1,589.13,442.1,90.896,274.69,1.3233,-1,-1,-1
27,-1,497.24,442.1,90.896,274.69,1.0853,-1,-1,-1
27,-1,1254.6,446.72,33.822,103.47,0.91555,-1,-1,-1
27,-1,721,457,39,119,0.61912,-1,-1,-1
27,-1,1672.5,391.01,138.29,416.86,0.11884,-1,-1,-1
27,-1,1098.2,433.93,36.321,110.96,0.040469,-1,-1,-1
27,-1,631.35,434.36,97.492,294.47,-0.02728,-1,-1,-1
27,-1,1021.2,436.37,31.49,96.47,-0.25958,-1,-1,-1
27,-1,1545,441,39,119,-0.26232,-1,-1,-1
27,-1,1432.9,429.71,41.871,127.61,-0.32458,-1,-1,-1
27,-1,453.55,430.92,112.14,338.41,-0.37091,-1,-1,-1
27,-1,558.15,335.29,138.29,416.86,-0.39897,-1,-1,-1
27,-1,1301.1,404.82,48.246,146.74,-0.41025,-1,-1,-1
27,-1,1616.3,316.17,195.98,589.95,-0.43425,-1,-1,-1
28,-1,1583.4,389.14,148.29,446.86,1.6787,-1,-1,-1
28,-1,591.95,434.36,97.492,294.47,1.4676,-1,-1,-1
28,-1,1255.1,449.36,31.49,96.47,1.0565,-1,-1,-1
28,-1,1672.5,391.01,138.29,416.86,0.96665,-1,-1,-1
28,-1,486.58,444.35,104.56,315.68,0.63979,-1,-1,-1
28,-1,721,457,39,119,0.34328,-1,-1,-1
28,-1,1098.2,433.93,36.321,110.96,-0.024943,-1,-1,-1
28,-1,1429.1,424.51,48.246,146.74,-0.12618,-1,-1,-1
28,-1,1562.3,470.52,27.284,83.853,-0.22606,-1,-1,-1
28,-1,558.15,335.29,138.29,416.86,-0.35658,-1,-1,-1
28,-1,681.03,506.43,44.948,136.84,-0.46327,-1,-1,-1
29,-1,1613.3,389.14,148.29,446.86,1.6573,-1,-1,-1
29,-1,589.13,442.1,90.896,274.69,1.305,-1,-1,-1
29,-1,493.46,434.36,97.492,294.47,0.78049,-1,-1,-1
29,-1,1254.6,446.72,33.822,103.47,0.7713,-1,-1,-1
29,-1,1702.9,359.28,148.29,446.86,0.19401,-1,-1,-1
29,-1,607.29,389.02,120.26,362.77,0.075062,-1,-1,-1
29,-1,1098.2,433.93,36.321,110.96,0.064662,-1,-1,-1
29,-1,721,457,39,119,0.038438,-1,-1,-1
29,-1,1439,424.51,48.246,146.74,0.020929,-1,-1,-1
29,-1,1537,385,159,479,-0.12804,-1,-1,-1
29,-1,1080.2,425.4,59.629,180.89,-0.35648,-1,-1,-1
29,-1,1858.9,486.58,51.78,157.34,-0.44599,-1,-1,-1
30,-1,1613.3,389.14,148.29,446.86,2.3943,-1,-1,-1
30,-1,583.04,364.77,120.26,362.77,1.3456,-1,-1,-1
30,-1,493.46,454.06,97.492,294.47,1.1339,-1,-1,-1
30,-1,1255.1,449.36,31.49,96.47,0.70465,-1,-1,-1
30,-1,1441.5,429.71,41.871,127.61,0.34033,-1,-1,-1
30,-1,717.79,451.29,44.948,136.84,0.21522,-1,-1,-1
30,-1,1702.9,359.28,148.29,446.86,0.071562,-1,-1,-1
30,-1,1087.1,430.92,55.569,168.71,-0.2238,-1,-1,-1
30,-1,1563.3,212.12,210.12,632.36,-0.34564,-1,-1,-1
30,-1,1304.3,421.14,41.871,127.61,-0.4719,-1,-1,-1
31,-1,1613.3,389.14,148.29,446.86,2.8596,-1,-1,-1
31,-1,601.19,446.86,84.742,256.23,1.2662,-1,-1,-1
31,-1,493.46,454.06,97.492,294.47,1.1184,-1,-1,-1
31,-1,1254.6,446.72,33.822,103.47,0.78599,-1,-1,-1
31,-1,1443.8,432.91,44.948,136.84,0.70279,-1,-1,-1
31,-1,572.83,364.89,128.96,388.88,0.56581,-1,-1,-1
31,-1,676.79,455.86,63.98,193.94,-0.067991,-1,-1,-1
31,-1,1098.5,429.71,41.871,127.61,-0.30225,-1,-1,-1
31,-1,721.23,455.43,41.871,127.61,-0.492,-1,-1,-1
31,-1,1732.7,359.28,148.29,446.86,-0.49421,-1,-1,-1
32,-1,1613.3,389.14,148.29,446.86,2.596,-1,-1,-1
32,-1,592.14,402.13,104.56,315.68,1.3339,-1,-1,-1
32,-1,497.24,442.1,90.896,274.69,1.2355,-1,-1,-1
32,-1,1247.5,441.39,36.321,110.96,1.0152,-1,-1,-1
32,-1,1450,429.71,41.871,127.61,0.9037,-1,-1,-1
32,-1,676.79,455.86,63.98,193.94,0.19384,-1,-1,-1
32,-1,721.23,455.43,41.871,127.61,-0.15663,-1,-1,-1
32,-1,1563.3,254.35,210.12,632.36,-0.312,-1,-1,-1
32,-1,453.55,430.92,112.14,338.41,-0.33246,-1,-1,-1
32,-1,568.28,299.57,148.29,446.86,-0.34204,-1,-1,-1
32,-1,1097,433,39,119,-0.36702,-1,-1,-1
33,-1,1613.3,389.14,148.29,446.86,2.5745,-1,-1,-1
33,-1,607.51,442.1,90.896,274.69,1.5007,-1,-1,-1
33,-1,1450,429.71,41.871,127.61,1.0982,-1,-1,-1
33,-1,497.24,442.1,90.896,274.69,1.0672,-1,-1,-1
33,-1,1254.6,446.72,33.822,103.47,0.83953,-1,-1,-1
33,-1,672.78,433.93,73.643,222.93,0.43969,-1,-1,-1
33,-1,586.01,335.29,138.29,416.86,-0.10475,-1,-1,-1
33,-1,1087.1,430.92,55.569,168.71,-0.31596,-1,-1,-1
33,-1,1605.5,296.57,210.12,632.36,-0.33995,-1,-1,-1
33,-1,510.28,413.27,120.26,362.77,-0.40379,-1,-1,-1
33,-1,453.55,430.92,112.14,338.41,-0.48844,-1,-1,-1
34,-1,1643.1,389.14,148.29,446.86,2.0951,-1,-1,-1
34,-1,607.51,442.1,90.896,274.69,1.3352,-1,-1,-1
34,-1,497.24,442.1,90.896,274.69,0.98277,-1,-1,-1
34,-1,1453,423.72,44.948,136.84,0.95271,-1,-1,-1
34,-1,676.79,455.86,63.98,193.94,0.80057,-1,-1,-1
34,-1,1254.6,446.72,33.822,103.47,0.63474,-1,-1,-1
34,-1,1605.5,296.57,210.12,632.36,0.32427,-1,-1,-1
34,-1,571.03,433.8,51.78,157.34,0.011571,-1,-1,-1
34,-1,1079.7,416.87,63.98,193.94,-0.16267,-1,-1,-1
34,-1,568.28,299.57,148.29,446.86,-0.20884,-1,-1,-1
34,-1,510.28,413.27,120.26,362.77,-0.28944,-1,-1,-1
34,-1,1304.3,421.14,41.871,127.61,-0.37838,-1,-1,-1
34,-1,1009,441,39,119,-0.45793,-1,-1,-1
34,-1,721.23,455.43,41.871,127.61,-0.46091,-1,-1,-1
35,-1,1643.1,389.14,148.29,446.86,1.8473,-1,-1,-1
35,-1,592.14,402.13,104.56,315.68,1.2709,-1,-1,-1
35,-1,1457,433,39,119,1.1199,-1,-1,-1
35,-1,497.24,442.1,90.896,274.69,1.1052,-1,-1,-1
35,-1,1255.1,449.36,31.49,96.47,0.59047,-1,-1,-1
35,-1,680.04,461.78,59.629,180.89,0.5207,-1,-1,-1
35,-1,1605.5,296.57,210.12,632.36,0.23721,-1,-1,-1
35,-1,1087.1,430.92,55.569,168.71,-0.058904,-1,-1,-1
35,-1,721.23,455.43,41.871,127.61,-0.14215,-1,-1,-1
35,-1,568.28,299.57,148.29,446.86,-0.27778,-1,-1,-1
35,-1,1304.3,412.56,41.871,127.61,-0.37831,-1,-1,-1
36,-1,1458.6,429.71,41.871,127.61,1.9322,-1,-1,-1
36,-1,1643.1,389.14,148.29,446.86,1.6255,-1,-1,-1
36,-1,618.34,446.86,84.742,256.23,1.4233,-1,-1,-1
36,-1,493.46,454.06,97.492,294.47,1.1593,-1,-1,-1
36,-1,680.04,461.78,59.629,180.89,0.64739,-1,-1,-1
36,-1,1255,441.39,36.321,110.96,0.48977,-1,-1,-1
36,-1,598.82,364.89,128.96,388.88,0.45824,-1,-1,-1
36,-1,575.47,455.43,41.871,127.61,0.25965,-1,-1,-1
36,-1,1087.1,430.92,55.569,168.71,-0.12078,-1,-1,-1
36,-1,1605.5,296.57,210.12,632.36,-0.30485,-1,-1,-1
36,-1,1301.1,404.82,48.246,146.74,-0.32774,-1,-1,-1
36,-1,717.79,451.29,44.948,136.84,-0.46265,-1,-1,-1
37,-1,1458.6,429.71,41.871,127.61,1.7581,-1,-1,-1
37,-1,1643.1,389.14,148.29,446.86,1.6746,-1,-1,-1
37,-1,618.34,446.86,84.742,256.23,1.5172,-1,-1,-1
37,-1,486.58,444.35,104.56,315.68,0.9368,-1,-1,-1
37,-1,1255,441.39,36.321,110.96,0.3958,-1,-1,-1
37,-1,566.69,419.61,55.569,168.71,0.33601,-1,-1,-1
37,-1,717.79,451.29,44.948,136.84,0.2907,-1,-1,-1
37,-1,676.79,455.86,63.98,193.94,0.26214,-1,-1,-1
37,-1,598.82,364.89,128.96,388.88,0.22658,-1,-1,-1
37,-1,1691.9,368.58,182.79,550.38,-0.23607,-1,-1,-1
37,-1,1097,433,39,119,-0.3272,-1,-1,-1
37,-1,1305,425,39,119,-0.32961,-1,-1,-1
37,-1,1087.1,430.92,55.569,168.71,-0.35825,-1,-1,-1
38,-1,1467.2,429.71,41.871,127.61,1.7823,-1,-1,-1
38,-1,611.65,434.36,97.492,294.47,1.6001,-1,-1,-1
38,-1,1643.1,389.14,148.29,446.86,0.89876,-1,-1,-1
38,-1,486.58,444.35,104.56,315.68,0.85122,-1,-1,-1
38,-1,1255.1,449.36,31.49,96.47,0.68511,-1,-1,-1
38,-1,689.79,455.86,63.98,193.94,0.087933,-1,-1,-1
38,-1,566.69,419.61,55.569,168.71,-0.051854,-1,-1,-1
38,-1,1080.2,425.4,59.629,180.89,-0.39461,-1,-1,-1
38,-1,1304.3,421.14,41.871,127.61,-0.49207,-1,-1,-1
39,-1,618.34,446.86,84.742,256.23,1.4609,-1,-1,-1
39,-1,493.46,454.06,97.492,294.47,1.0431,-1,-1,-1
39,-1,1467.2,429.71,41.871,127.61,0.99851,-1,-1,-1
39,-1,1255,441.39,36.321,110.96,0.85759,-1,-1,-1
39,-1,1673,389.14,148.29,446.86,0.58131,-1,-1,-1
39,-1,598.82,364.89,128.96,388.88,0.25763,-1,-1,-1
39,-1,566.69,430.92,55.569,168.71,0.033336,-1,-1,-1
39,-1,1695.1,355.57,195.98,589.95,-0.013681,-1,-1,-1
39,-1,721.23,455.43,41.871,127.61,-0.31827,-1,-1,-1
39,-1,1087.1,430.92,55.569,168.71,-0.35187,-1,-1,-1
39,-1,1002.7,432.91,44.948,136.84,-0.45721,-1,-1,-1
39,-1,1305.9,405.34,44.948,136.84,-0.47444,-1,-1,-1
40,-1,613.25,402.13,104.56,315.68,1.3043,-1,-1,-1
40,-1,493.46,454.06,97.492,294.47,1.2078,-1,-1,-1
40,-1,1467.2,429.71,41.871,127.61,1.1172,-1,-1,-1
40,-1,1254.6,446.72,33.822,103.47,0.90399,-1,-1,-1
40,-1,1681.5,378.26,170.48,513.45,0.33461,-1,-1,-1
40,-1,579.94,451.29,44.948,136.84,-0.13401,-1,-1,-1
40,-1,710.14,444.21,48.246,146.74,-0.29795,-1,-1,-1
40,-1,1087.1,430.92,55.569,168.71,-0.42452,-1,-1,-1
40,-1,1305.9,405.34,44.948,136.84,-0.43426,-1,-1,-1
40,-1,1002.7,432.91,44.948,136.84,-0.49831,-1,-1,-1
41,-1,1467.2,429.71,41.871,127.61,1.8307,-1,-1,-1
41,-1,625.89,442.1,90.896,274.69,1.4468,-1,-1,-1
41,-1,486.58,444.35,104.56,315.68,1.1846,-1,-1,-1
41,-1,1255,441.39,36.321,110.96,0.7927,-1,-1,-1
41,-1,1681.5,378.26,170.48,513.45,0.031763,-1,-1,-1
41,-1,583.04,389.02,120.26,362.77,0.0080966,-1,-1,-1
41,-1,683.51,460.65,68.644,207.93,-0.19974,-1,-1,-1
41,-1,1002.7,432.91,44.948,136.84,-0.31792,-1,-1,-1
41,-1,1097,433,39,119,-0.38086,-1,-1,-1
41,-1,1087.1,430.92,55.569,168.71,-0.39483,-1,-1,-1
41,-1,1305.9,405.34,44.948,136.84,-0.3959,-1,-1,-1
42,-1,625.89,442.1,90.896,274.69,1.4435,-1,-1,-1
42,-1,1467.2,429.71,41.871,127.61,1.4248,-1,-1,-1
42,-1,486.58,444.35,104.56,315.68,1.2459,-1,-1,-1
42,-1,1715.8,378.26,170.48,513.45,0.68817,-1,-1,-1
42,-1,1254.6,446.72,33.822,103.47,0.56242,-1,-1,-1
42,-1,583.04,364.77,120.26,362.77,0.2365,-1,-1,-1
42,-1,683.51,460.65,68.644,207.93,-0.087852,-1,-1,-1
42,-1,1087.1,430.92,55.569,168.71,-0.33332,-1,-1,-1
43,-1,625.89,442.1,90.896,274.69,1.4294,-1,-1,-1
43,-1,486.58,444.35,104.56,315.68,1.1858,-1,-1,-1
43,-1,1475.8,429.71,41.871,127.61,0.77917,-1,-1,-1
43,-1,1254.6,446.72,33.822,103.47,0.53107,-1,-1,-1
43,-1,1732.7,389.14,148.29,446.86,0.36156,-1,-1,-1
43,-1,583.04,364.77,120.26,362.77,0.18925,-1,-1,-1
43,-1,683.51,446.72,68.644,207.93,-0.0105,-1,-1,-1
43,-1,1097,433,39,119,-0.083648,-1,-1,-1
43,-1,1087.1,430.92,55.569,168.71,-0.39927,-1,-1,-1
43,-1,1305,425,39,119,-0.44704,-1,-1,-1
44,-1,486.58,444.35,104.56,315.68,1.3865,-1,-1,-1
44,-1,625.89,442.1,90.896,274.69,1.1862,-1,-1,-1
44,-1,1475.8,429.71,41.871,127.61,0.91161,-1,-1,-1
44,-1,1750.1,378.26,170.48,513.45,0.70061,-1,-1,-1
44,-1,1254.6,446.72,33.822,103.47,0.38497,-1,-1,-1
44,-1,683.51,446.72,68.644,207.93,0.22986,-1,-1,-1
44,-1,583.04,364.77,120.26,362.77,-0.0068632,-1,-1,-1
44,-1,1087.1,430.92,55.569,168.71,-0.078555,-1,-1,-1
45,-1,618.34,446.86,84.742,256.23,1.1762,-1,-1,-1
45,-1,486.58,444.35,104.56,315.68,1.1594,-1,-1,-1
45,-1,1750.1,378.26,170.48,513.45,0.5714,-1,-1,-1
45,-1,1475.8,429.71,41.871,127.61,0.4878,-1,-1,-1
45,-1,683.51,460.65,68.644,207.93,0.21648,-1,-1,-1
45,-1,1254.6,446.72,33.822,103.47,0.048268,-1,-1,-1
45,-1,598.82,364.89,128.96,388.88,-0.11855,-1,-1,-1
45,-1,575.47,455.43,41.871,127.61,-0.14237,-1,-1,-1
45,-1,729.81,438.28,41.871,127.61,-0.34447,-1,-1,-1
45,-1,1097,433,39,119,-0.38467,-1,-1,-1
45,-1,1079.7,416.87,63.98,193.94,-0.39734,-1,-1,-1
45,-1,1304.3,421.14,41.871,127.61,-0.49902,-1,-1,-1
46,-1,611.65,434.36,97.492,294.47,1.1848,-1,-1,-1
46,-1,486.58,444.35,104.56,315.68,1.117,-1,-1,-1
46,-1,683.51,460.65,68.644,207.93,0.39262,-1,-1,-1
46,-1,579.94,451.29,44.948,136.84,0.19041,-1,-1,-1
46,-1,1484.3,429.71,41.871,127.61,0.03944,-1,-1,-1
46,-1,1761,385,159,479,-0.011725,-1,-1,-1
46,-1,1261.6,449.36,31.49,96.47,-0.083952,-1,-1,-1
46,-1,1097,433,39,119,-0.3115,-1,-1,-1
46,-1,1304.3,421.14,41.871,127.61,-0.35615,-1,-1,-1
46,-1,586.01,335.29,138.29,416.86,-0.37665,-1,-1,-1
46,-1,1079.7,416.87,63.98,193.94,-0.45536,-1,-1,-1
47,-1,618.34,446.86,84.742,256.23,1.215,-1,-1,-1
47,-1,486.58,444.35,104.56,315.68,1.0318,-1,-1,-1
47,-1,1255,441.39,36.321,110.96,0.61874,-1,-1,-1
47,-1,683.51,460.65,68.644,207.93,0.26002,-1,-1,-1
47,-1,579.94,451.29,44.948,136.84,-0.024761,-1,-1,-1
47,-1,1761,385,159,479,-0.052851,-1,-1,-1
47,-1,1484.3,429.71,41.871,127.61,-0.21576,-1,-1,-1
47,-1,598.82,364.89,128.96,388.88,-0.25847,-1,-1,-1
47,-1,1097,433,39,119,-0.45983,-1,-1,-1
48,-1,618.34,446.86,84.742,256.23,1.2516,-1,-1,-1
48,-1,486.58,444.35,104.56,315.68,0.97536,-1,-1,-1
48,-1,579.94,451.29,44.948,136.84,0.31026,-1,-1,-1
48,-1,1255,441.39,36.321,110.96,0.13758,-1,-1,-1
48,-1,687.71,433.93,73.643,222.93,-0.03214,-1,-1,-1
48,-1,1750.1,378.26,170.48,513.45,-0.23445,-1,-1,-1
48,-1,613.87,307.43,138.29,416.86,-0.34886,-1,-1,-1
48,-1,1304.3,421.14,41.871,127.61,-0.40375,-1,-1,-1
48,-1,1087.1,430.92,55.569,168.71,-0.41793,-1,-1,-1
48,-1,558.78,413.27,59.629,180.89,-0.46154,-1,-1,-1
49,-1,618.34,446.86,84.742,256.23,1.4104,-1,-1,-1
49,-1,486.58,444.35,104.56,315.68,1.0846,-1,-1,-1
49,-1,1261.6,446.72,33.822,103.47,0.59795,-1,-1,-1
49,-1,697.44,446.72,68.644,207.93,0.34185,-1,-1,-1
49,-1,579.94,451.29,44.948,136.84,0.31313,-1,-1,-1
49,-1,598.14,299.57,148.29,446.86,-0.11427,-1,-1,-1
49,-1,1087.1,430.92,55.569,168.71,-0.31729,-1,-1,-1
49,-1,1305.9,405.34,44.948,136.84,-0.38973,-1,-1,-1
49,-1,926.82,375.27,48.246,146.74,-0.43315,-1,-1,-1
49,-1,1765.4,331.83,182.79,550.38,-0.44731,-1,-1,-1
50,-1,486.58,444.35,104.56,315.68,1.2824,-1,-1,-1
50,-1,618.34,446.86,84.742,256.23,1.1639,-1,-1,-1
50,-1,1261.6,446.72,33.822,103.47,0.49002,-1,-1,-1
50,-1,579.94,451.29,44.948,136.84,0.24458,-1,-1,-1
50,-1,613.87,307.43,138.29,416.86,0.025083,-1,-1,-1
50,-1,1305.9,405.34,44.948,136.84,-0.35048,-1,-1,-1
50,-1,1087.1,430.92,55.569,168.71,-0.41082,-1,-1,-1
50,-1,934.68,431.46,29.314,89.943,-0.43614,-1,-1,-1
51,-1,486.58,444.35,104.56,315.68,1.2553,-1,-1,-1
51,-1,618.34,446.86,84.742,256.23,1.1522,-1,-1,-1
51,-1,683.51,460.65,68.644,207.93,0.18483,-1,-1,-1
51,-1,1261.6,446.72,33.822,103.47,0.16096,-1,-1,-1
51,-1,579.94,451.29,44.948,136.84,0.15783,-1,-1,-1
51,-1,598.82,364.89,128.96,388.88,-0.034838,-1,-1,-1
51,-1,737,449,39,119,-0.24874,-1,-1,-1
51,-1,1087.1,430.92,55.569,168.71,-0.28297,-1,-1,-1
51,-1,1492.9,429.71,41.871,127.61,-0.41991,-1,-1,-1
51,-1,1304.3,421.14,41.871,127.61,-0.44637,-1,-1,-1
51,-1,1013.5,443.59,29.314,89.943,-0.46218,-1,-1,-1
51,-1,1157.6,436.37,31.49,96.47,-0.48078,-1,-1,-1
52,-1,486.58,444.35,104.56,315.68,1.5901,-1,-1,-1
52,-1,618.34,446.86,84.742,256.23,1.0794,-1,-1,-1
52,-1,683.51,460.65,68.644,207.93,0.24248,-1,-1,-1
52,-1,579.94,451.29,44.948,136.84,0.22892,-1,-1,-1
52,-1,1261.6,446.72,33.822,103.47,-0.099893,-1,-1,-1
52,-1,1087.1,430.92,55.569,168.71,-0.10649,-1,-1,-1
52,-1,613.87,307.43,138.29,416.86,-0.19836,-1,-1,-1
52,-1,1510.1,429.71,41.871,127.61,-0.21277,-1,-1,-1
53,-1,486.58,444.35,104.56,315.68,1.6813,-1,-1,-1
53,-1,625.89,442.1,90.896,274.69,1.2392,-1,-1,-1
53,-1,579.94,451.29,44.948,136.84,0.48921,-1,-1,-1
53,-1,1261.4,421.14,41.871,127.61,0.11928,-1,-1,-1
53,-1,613.87,307.43,138.29,416.86,0.01115,-1,-1,-1
53,-1,1097,433,39,119,-0.27573,-1,-1,-1
53,-1,1079.7,416.87,63.98,193.94,-0.28194,-1,-1,-1
53,-1,1518.6,429.71,41.871,127.61,-0.34053,-1,-1,-1
53,-1,1301.1,404.82,48.246,146.74,-0.43532,-1,-1,-1
54,-1,486.58,444.35,104.56,315.68,1.9477,-1,-1,-1
54,-1,618.34,446.86,84.742,256.23,1.3013,-1,-1,-1
54,-1,579.94,451.29,44.948,136.84,0.43089,-1,-1,-1
54,-1,1261.4,421.14,41.871,127.61,0.25806,-1,-1,-1
54,-1,687.71,448.86,73.643,222.93,0.12101,-1,-1,-1
54,-1,613.87,307.43,138.29,416.86,-0.061461,-1,-1,-1
54,-1,1079.7,416.87,63.98,193.94,-0.41913,-1,-1,-1
55,-1,486.58,444.35,104.56,315.68,1.662,-1,-1,-1
55,-1,618.34,446.86,84.742,256.23,1.5411,-1,-1,-1
55,-1,689.79,455.86,63.98,193.94,0.35075,-1,-1,-1
55,-1,613.87,307.43,138.29,416.86,-0.019797,-1,-1,-1
55,-1,571.03,433.8,51.78,157.34,-0.093433,-1,-1,-1
55,-1,1261.4,421.14,41.871,127.61,-0.11656,-1,-1,-1
55,-1,1013.5,443.59,29.314,89.943,-0.27894,-1,-1,-1
55,-1,1079.7,416.87,63.98,193.94,-0.32965,-1,-1,-1
55,-1,1533.2,453.69,33.822,103.47,-0.37906,-1,-1,-1
56,-1,618.34,446.86,84.742,256.23,1.6428,-1,-1,-1
56,-1,486.58,444.35,104.56,315.68,1.5494,-1,-1,-1
56,-1,687.71,448.86,73.643,222.93,0.24098,-1,-1,-1
56,-1,579.94,451.29,44.948,136.84,0.10049,-1,-1,-1
56,-1,1261.4,421.14,41.871,127.61,0.03432,-1,-1,-1
56,-1,613.87,307.43,138.29,416.86,-0.089966,-1,-1,-1
56,-1,1533.2,453.69,33.822,103.47,-0.38092,-1,-1,-1
56,-1,1079.7,416.87,63.98,193.94,-0.39119,-1,-1,-1
56,-1,1493.9,448.86,36.321,110.96,-0.44671,-1,-1,-1
56,-1,1305.9,405.34,44.948,136.84,-0.49163,-1,-1,-1
57,-1,618.34,446.86,84.742,256.23,1.6453,-1,-1,-1
57,-1,498.8,430.92,112.14,338.41,1.0551,-1,-1,-1
57,-1,687.71,448.86,73.643,222.93,0.12965,-1,-1,-1
57,-1,1261.4,421.14,41.871,127.61,0.11839,-1,-1,-1
57,-1,613.87,335.29,138.29,416.86,-0.10534,-1,-1,-1
57,-1,1534.5,455.86,31.49,96.47,-0.22759,-1,-1,-1
57,-1,1013.5,443.59,29.314,89.943,-0.47949,-1,-1,-1
58,-1,618.34,446.86,84.742,256.23,1.6348,-1,-1,-1
58,-1,498.8,430.92,112.14,338.41,0.78053,-1,-1,-1
58,-1,634.57,385.67,112.14,338.41,0.21358,-1,-1,-1
58,-1,1262.5,441.39,36.321,110.96,0.1861,-1,-1,-1
59,-1,625.89,442.1,90.896,274.69,2.0131,-1,-1,-1
59,-1,493.46,454.06,97.492,294.47,0.74405,-1,-1,-1
59,-1,579.94,451.29,44.948,136.84,0.53516,-1,-1,-1
59,-1,1262.5,441.39,36.321,110.96,0.086787,-1,-1,-1
59,-1,687.71,448.86,73.643,222.93,0.020222,-1,-1,-1
59,-1,583.04,364.77,120.26,362.77,-0.16431,-1,-1,-1
59,-1,474.58,363.15,138.29,416.86,-0.21095,-1,-1,-1
59,-1,1541,461.78,29.314,89.943,-0.30466,-1,-1,-1
59,-1,628,299.57,148.29,446.86,-0.33281,-1,-1,-1
59,-1,1517.3,423.72,44.948,136.84,-0.43583,-1,-1,-1
59,-1,1305.9,405.34,44.948,136.84,-0.47521,-1,-1,-1
60,-1,625.89,442.1,90.896,274.69,1.8599,-1,-1,-1
60,-1,493.46,434.36,97.492,294.47,0.63764,-1,-1,-1
60,-1,1261.6,446.72,33.822,103.47,0.1969,-1,-1,-1
60,-1,579.94,451.29,44.948,136.84,0.050626,-1,-1,-1
60,-1,697.44,460.65,68.644,207.93,0.024142,-1,-1,-1
60,-1,613.87,335.29,138.29,416.86,-0.04463,-1,-1,-1
60,-1,1527.2,429.71,41.871,127.61,-0.30989,-1,-1,-1
60,-1,474.58,335.29,138.29,416.86,-0.47186,-1,-1,-1
61,-1,625.89,442.1,90.896,274.69,1.9276,-1,-1,-1
61,-1,579.94,451.29,44.948,136.84,0.70894,-1,-1,-1
61,-1,1261.6,446.72,33.822,103.47,0.63399,-1,-1,-1
61,-1,497.24,460.48,90.896,274.69,0.24395,-1,-1,-1
61,-1,613.87,335.29,138.29,416.86,-0.12628,-1,-1,-1
61,-1,494.85,364.89,128.96,388.88,-0.16423,-1,-1,-1
62,-1,625.89,442.1,90.896,274.69,1.8358,-1,-1,-1
62,-1,579.94,451.29,44.948,136.84,0.49629,-1,-1,-1
62,-1,507.69,444.35,104.56,315.68,0.42982,-1,-1,-1
62,-1,1007.4,443.59,29.314,89.943,0.21137,-1,-1,-1
62,-1,687.71,448.86,73.643,222.93,0.10931,-1,-1,-1
62,-1,613.87,307.43,138.29,416.86,0.078469,-1,-1,-1
62,-1,1004.2,438.28,41.871,127.61,-0.15825,-1,-1,-1
62,-1,1255,441.39,36.321,110.96,-0.26921,-1,-1,-1
62,-1,1080.2,425.4,59.629,180.89,-0.4361,-1,-1,-1
63,-1,625.89,442.1,90.896,274.69,1.8256,-1,-1,-1
63,-1,578,430.92,55.569,168.71,0.34068,-1,-1,-1
63,-1,486.58,444.35,104.56,315.68,0.26888,-1,-1,-1
63,-1,1261.6,446.72,33.822,103.47,0.18444,-1,-1,-1
63,-1,689.79,468.86,63.98,193.94,-0.14577,-1,-1,-1
63,-1,613.87,335.29,138.29,416.86,-0.19745,-1,-1,-1
63,-1,1526.5,423.72,44.948,136.84,-0.20395,-1,-1,-1
63,-1,1008.2,442.87,31.49,96.47,-0.20971,-1,-1,-1
63,-1,1040.1,458.99,23.623,72.869,-0.24793,-1,-1,-1
63,-1,502.44,363.15,138.29,416.86,-0.45175,-1,-1,-1
64,-1,625.89,442.1,90.896,274.69,1.4919,-1,-1,-1
64,-1,498.8,430.92,112.14,338.41,0.37657,-1,-1,-1
64,-1,697.44,460.65,68.644,207.93,0.054824,-1,-1,-1
64,-1,1007.4,443.59,29.314,89.943,-0.27647,-1,-1,-1
64,-1,1255,441.39,36.321,110.96,-0.3372,-1,-1,-1
64,-1,583.04,389.02,120.26,362.77,-0.40917,-1,-1,-1
64,-1,1517.8,414.66,48.246,146.74,-0.49257,-1,-1,-1
65,-1,611.65,434.36,97.492,294.47,1.5936,-1,-1,-1
65,-1,513.16,454.06,97.492,294.47,0.37067,-1,-1,-1
65,-1,687.71,463.78,73.643,222.93,0.071225,-1,-1,-1
65,-1,1535.7,423.72,44.948,136.84,-0.083947,-1,-1,-1
65,-1,1001,441,39,119,-0.13805,-1,-1,-1
65,-1,624.81,364.89,128.96,388.88,-0.24355,-1,-1,-1
65,-1,502.44,363.15,138.29,416.86,-0.28721,-1,-1,-1
65,-1,1262.5,441.39,36.321,110.96,-0.39299,-1,-1,-1
65,-1,1301.1,404.82,48.246,146.74,-0.47445,-1,-1,-1
65,-1,1040.8,454.91,25.39,78.17,-0.47737,-1,-1,-1
65,-1,1856.4,476.18,55.569,168.71,-0.48495,-1,-1,-1
66,-1,625.89,442.1,90.896,274.69,1.3918,-1,-1,-1
66,-1,1535.8,429.71,41.871,127.61,0.25491,-1,-1,-1
66,-1,687.71,463.78,73.643,222.93,0.061861,-1,-1,-1
66,-1,513.16,454.06,97.492,294.47,0.039704,-1,-1,-1
66,-1,474.58,363.15,138.29,416.86,-0.23309,-1,-1,-1
66,-1,1262.5,441.39,36.321,110.96,-0.32089,-1,-1,-1
66,-1,1007.4,443.59,29.314,89.943,-0.33587,-1,-1,-1
66,-1,583.04,389.02,120.26,362.77,-0.36889,-1,-1,-1
66,-1,753.16,467.62,33.822,103.47,-0.48275,-1,-1,-1
66,-1,1856.4,476.18,55.569,168.71,-0.49768,-1,-1,-1
67,-1,625.89,442.1,90.896,274.69,1.5875,-1,-1,-1
67,-1,697.44,460.65,68.644,207.93,0.30155,-1,-1,-1
67,-1,1535.8,429.71,41.871,127.61,0.27204,-1,-1,-1
67,-1,534.53,546.66,59.629,180.89,0.20836,-1,-1,-1
67,-1,513.16,454.06,97.492,294.47,0.18194,-1,-1,-1
67,-1,583.04,389.02,120.26,362.77,-0.19944,-1,-1,-1
67,-1,1262.5,441.39,36.321,110.96,-0.20549,-1,-1,-1
67,-1,1097,433,39,119,-0.22177,-1,-1,-1
67,-1,502.44,363.15,138.29,416.86,-0.28078,-1,-1,-1
67,-1,1007.9,447.89,27.284,83.853,-0.35079,-1,-1,-1
67,-1,1301.1,404.82,48.246,146.74,-0.43957,-1,-1,-1
68,-1,611.65,434.36,97.492,294.47,1.398,-1,-1,-1
68,-1,687.71,463.78,73.643,222.93,0.44973,-1,-1,-1
68,-1,513.16,454.06,97.492,294.47,0.23184,-1,-1,-1
68,-1,624.81,364.89,128.96,388.88,0.068694,-1,-1,-1
68,-1,1261.6,449.36,31.49,96.47,0.051287,-1,-1,-1
68,-1,1535.8,429.71,41.871,127.61,0.011899,-1,-1,-1
68,-1,1001,433,39,119,-0.049779,-1,-1,-1
68,-1,764.1,515.45,20.435,63.306,-0.31566,-1,-1,-1
68,-1,478.71,359.28,148.29,446.86,-0.35527,-1,-1,-1
69,-1,611.65,434.36,97.492,294.47,1.7214,-1,-1,-1
69,-1,687.71,463.78,73.643,222.93,0.41933,-1,-1,-1
69,-1,513.16,454.06,97.492,294.47,0.10969,-1,-1,-1
69,-1,1007.4,443.59,29.314,89.943,0.021575,-1,-1,-1
69,-1,1262.5,441.39,36.321,110.96,0.013609,-1,-1,-1
69,-1,624.81,364.89,128.96,388.88,-0.15616,-1,-1,-1
69,-1,478.71,359.28,148.29,446.86,-0.18587,-1,-1,-1
69,-1,1535.8,429.71,41.871,127.61,-0.23289,-1,-1,-1
70,-1,611.65,434.36,97.492,294.47,1.6169,-1,-1,-1
70,-1,528.8,444.35,104.56,315.68,0.64987,-1,-1,-1
70,-1,687.71,463.78,73.643,222.93,0.090698,-1,-1,-1
70,-1,1262.5,441.39,36.321,110.96,0.080582,-1,-1,-1
70,-1,1007.4,443.59,29.314,89.943,-0.00020276,-1,-1,-1
70,-1,1537.5,414.66,48.246,146.74,-0.19444,-1,-1,-1
70,-1,624.81,364.89,128.96,388.88,-0.28109,-1,-1,-1
70,-1,474.58,363.15,138.29,416.86,-0.32221,-1,-1,-1
71,-1,611.65,434.36,97.492,294.47,1.6507,-1,-1,-1
71,-1,528.8,444.35,104.56,315.68,0.57854,-1,-1,-1
71,-1,1262.5,441.39,36.321,110.96,0.13783,-1,-1,-1
71,-1,687.71,463.78,73.643,222.93,0.12784,-1,-1,-1
71,-1,464.86,442.23,55.569,168.71,-0.22867,-1,-1,-1
71,-1,1535.7,423.72,44.948,136.84,-0.40868,-1,-1,-1
71,-1,1001,433,39,119,-0.43949,-1,-1,-1
71,-1,474.58,363.15,138.29,416.86,-0.47862,-1,-1,-1
72,-1,611.65,434.36,97.492,294.47,1.8919,-1,-1,-1
72,-1,528.8,444.35,104.56,315.68,0.51249,-1,-1,-1
72,-1,687.71,463.78,73.643,222.93,0.28028,-1,-1,-1
72,-1,1262.5,441.39,36.321,110.96,0.19192,-1,-1,-1
72,-1,624.81,364.89,128.96,388.88,-0.36063,-1,-1,-1
72,-1,1535.8,429.71,41.871,127.61,-0.37295,-1,-1,-1
72,-1,464.86,442.23,55.569,168.71,-0.40503,-1,-1,-1
72,-1,476.18,430.92,112.14,338.41,-0.4133,-1,-1,-1
72,-1,1089.9,429.71,41.871,127.61,-0.44115,-1,-1,-1
72,-1,1001,433,39,119,-0.44519,-1,-1,-1
72,-1,558.15,363.15,138.29,416.86,-0.45115,-1,-1,-1
73,-1,611.65,434.36,97.492,294.47,1.7912,-1,-1,-1
73,-1,528.8,444.35,104.56,315.68,0.44196,-1,-1,-1
73,-1,1262.5,441.39,36.321,110.96,0.30405,-1,-1,-1
73,-1,704.08,412.56,84.742,256.23,-0.0026021,-1,-1,-1
73,-1,1097,433,39,119,-0.2253,-1,-1,-1
73,-1,1079.7,416.87,63.98,193.94,-0.30783,-1,-1,-1
73,-1,586.01,363.15,138.29,416.86,-0.37772,-1,-1,-1
74,-1,611.65,434.36,97.492,294.47,1.739,-1,-1,-1
74,-1,1261.6,446.72,33.822,103.47,0.21102,-1,-1,-1
74,-1,530.29,446.72,68.644,207.93,0.13051,-1,-1,-1
74,-1,544.06,430.92,112.14,338.41,0.082633,-1,-1,-1
74,-1,497.24,442.1,90.896,274.69,0.054036,-1,-1,-1
74,-1,704.08,412.56,84.742,256.23,-0.18036,-1,-1,-1
74,-1,1087.1,430.92,55.569,168.71,-0.2153,-1,-1,-1
74,-1,624.81,364.89,128.96,388.88,-0.39471,-1,-1,-1
74,-1,1251.8,404.82,48.246,146.74,-0.44126,-1,-1,-1
75,-1,611.65,434.36,97.492,294.47,1.9104,-1,-1,-1
75,-1,544.06,430.92,112.14,338.41,0.49124,-1,-1,-1
75,-1,1261.6,446.72,33.822,103.47,0.16886,-1,-1,-1
75,-1,704.08,429.71,84.742,256.23,0.1185,-1,-1,-1
75,-1,1097,433,39,119,-0.072725,-1,-1,-1
75,-1,624.81,364.89,128.96,388.88,-0.11412,-1,-1,-1
75,-1,1079.7,416.87,63.98,193.94,-0.1557,-1,-1,-1
75,-1,497.24,442.1,90.896,274.69,-0.26369,-1,-1,-1
75,-1,1305.9,405.34,44.948,136.84,-0.37824,-1,-1,-1
75,-1,1251.8,404.82,48.246,146.74,-0.44636,-1,-1,-1
76,-1,611.65,434.36,97.492,294.47,1.7384,-1,-1,-1
76,-1,498.8,430.92,112.14,338.41,0.49396,-1,-1,-1
76,-1,1261.6,449.36,31.49,96.47,0.46005,-1,-1,-1
76,-1,704.08,429.71,84.742,256.23,0.35092,-1,-1,-1
76,-1,1097,433,39,119,0.00017887,-1,-1,-1
76,-1,1079.7,416.87,63.98,193.94,-0.12421,-1,-1,-1
76,-1,624.81,364.89,128.96,388.88,-0.18383,-1,-1,-1
76,-1,546.83,416.87,128.96,388.88,-0.32386,-1,-1,-1
76,-1,1007.4,443.59,29.314,89.943,-0.49619,-1,-1,-1
77,-1,611.65,434.36,97.492,294.47,1.4237,-1,-1,-1
77,-1,704.08,429.71,84.742,256.23,0.54247,-1,-1,-1
77,-1,513.16,454.06,97.492,294.47,0.48629,-1,-1,-1
77,-1,1261.6,449.36,31.49,96.47,0.47939,-1,-1,-1
77,-1,1097,433,39,119,-0.035609,-1,-1,-1
77,-1,1079.7,416.87,63.98,193.94,-0.19425,-1,-1,-1
77,-1,546.83,416.87,128.96,388.88,-0.30477,-1,-1,-1
77,-1,613.87,363.15,138.29,416.86,-0.3655,-1,-1,-1
78,-1,611.65,434.36,97.492,294.47,1.2095,-1,-1,-1
78,-1,513.16,454.06,97.492,294.47,0.54497,-1,-1,-1
78,-1,702.64,448.86,73.643,222.93,0.38424,-1,-1,-1
78,-1,697.7,381.02,104.56,315.68,-0.016423,-1,-1,-1
78,-1,1262.5,441.39,36.321,110.96,-0.063481,-1,-1,-1
78,-1,1089.9,429.71,41.871,127.61,-0.13648,-1,-1,-1
78,-1,1079.7,416.87,63.98,193.94,-0.36969,-1,-1,-1
78,-1,488.05,451.29,44.948,136.84,-0.47945,-1,-1,-1
78,-1,586.01,363.15,138.29,416.86,-0.48691,-1,-1,-1
78,-1,1305.9,405.34,44.948,136.84,-0.48848,-1,-1,-1
79,-1,635.49,464.01,84.742,256.23,1.3663,-1,-1,-1
79,-1,513.16,454.06,97.492,294.47,0.73604,-1,-1,-1
79,-1,717.79,405.34,90.896,274.69,0.39318,-1,-1,-1
79,-1,1261.6,446.72,33.822,103.47,0.16488,-1,-1,-1
79,-1,592.14,423.24,104.56,315.68,-0.055938,-1,-1,-1
79,-1,1089.9,429.71,41.871,127.61,-0.15381,-1,-1,-1
79,-1,624.81,364.89,128.96,388.88,-0.4463,-1,-1,-1
80,-1,635.49,464.01,84.742,256.23,1.2658,-1,-1,-1
80,-1,498.8,430.92,112.14,338.41,1.1108,-1,-1,-1
80,-1,711.37,460.65,68.644,207.93,0.57543,-1,-1,-1
80,-1,710.14,394.97,97.492,294.47,0.46919,-1,-1,-1
80,-1,1261.6,446.72,33.822,103.47,0.091033,-1,-1,-1
80,-1,592.14,423.24,104.56,315.68,-0.22129,-1,-1,-1
80,-1,1305,425,39,119,-0.30538,-1,-1,-1
80,-1,1094.6,432.91,44.948,136.84,-0.45571,-1,-1,-1
81,-1,498.8,430.92,112.14,338.41,1.1342,-1,-1,-1
81,-1,613.25,423.24,104.56,315.68,1.0744,-1,-1,-1
81,-1,702.64,463.78,73.643,222.93,0.60321,-1,-1,-1
81,-1,558.78,437.53,120.26,362.77,0.19139,-1,-1,-1
81,-1,1261.6,446.72,33.822,103.47,0.015281,-1,-1,-1
81,-1,710.14,375.27,97.492,294.47,-0.27269,-1,-1,-1
81,-1,1089.9,429.71,41.871,127.61,-0.31362,-1,-1,-1
81,-1,507.69,169.9,210.12,632.36,-0.45471,-1,-1,-1
82,-1,613.25,423.24,104.56,315.68,0.8621,-1,-1,-1
82,-1,521.43,430.92,112.14,338.41,0.68223,-1,-1,-1
82,-1,711.37,474.58,68.644,207.93,0.65604,-1,-1,-1
82,-1,1262.5,441.39,36.321,110.96,0.21147,-1,-1,-1
82,-1,489.73,455.43,41.871,127.61,0.11982,-1,-1,-1
82,-1,710.14,394.97,97.492,294.47,-0.074884,-1,-1,-1
82,-1,1304.3,421.14,41.871,127.61,-0.31207,-1,-1,-1
82,-1,1088.3,433.8,51.78,157.34,-0.38695,-1,-1,-1
83,-1,631.35,434.36,97.492,294.47,1.0307,-1,-1,-1
83,-1,702.64,463.78,73.643,222.93,0.7767,-1,-1,-1
83,-1,498.8,430.92,112.14,338.41,0.47613,-1,-1,-1
83,-1,558.78,437.53,120.26,362.77,0.44773,-1,-1,-1
83,-1,1262.5,441.39,36.321,110.96,0.18547,-1,-1,-1
83,-1,747.43,463.78,73.643,222.93,-0.054077,-1,-1,-1
83,-1,1097,433,39,119,-0.22628,-1,-1,-1
83,-1,718.81,381.02,104.56,315.68,-0.25743,-1,-1,-1
83,-1,1304.3,421.14,41.871,127.61,-0.33044,-1,-1,-1
83,-1,1004.2,438.28,41.871,127.61,-0.45526,-1,-1,-1
84,-1,634.36,423.24,104.56,315.68,1.2637,-1,-1,-1
84,-1,558.78,437.53,120.26,362.77,0.85414,-1,-1,-1
84,-1,721.23,412.56,84.742,256.23,0.77306,-1,-1,-1
84,-1,498.8,430.92,112.14,338.41,0.56333,-1,-1,-1
84,-1,1262.5,441.39,36.321,110.96,0.15026,-1,-1,-1
84,-1,1098.2,441.39,36.321,110.96,-0.33393,-1,-1,-1
84,-1,1080.2,425.4,59.629,180.89,-0.3871,-1,-1,-1
84,-1,507.69,169.9,210.12,632.36,-0.46078,-1,-1,-1
85,-1,721.23,412.56,84.742,256.23,1.1654,-1,-1,-1
85,-1,631.35,434.36,97.492,294.47,1.0488,-1,-1,-1
85,-1,558.78,437.53,120.26,362.77,0.81955,-1,-1,-1
85,-1,498.8,430.92,112.14,338.41,0.46032,-1,-1,-1
85,-1,1262.5,441.39,36.321,110.96,0.058982,-1,-1,-1
85,-1,1097,433,39,119,-0.26041,-1,-1,-1
85,-1,1004.2,438.28,41.871,127.61,-0.4587,-1,-1,-1
85,-1,1304.3,421.14,41.871,127.61,-0.48425,-1,-1,-1
86,-1,725.3,460.65,68.644,207.93,1.1002,-1,-1,-1
86,-1,558.78,437.53,120.26,362.77,1.0713,-1,-1,-1
86,-1,631.35,434.36,97.492,294.47,0.8721,-1,-1,-1
86,-1,498.8,430.92,112.14,338.41,0.70522,-1,-1,-1
86,-1,729.84,394.97,97.492,294.47,0.25457,-1,-1,-1
86,-1,1262.5,441.39,36.321,110.96,-0.092025,-1,-1,-1
86,-1,1097,433,39,119,-0.15833,-1,-1,-1
86,-1,507.69,169.9,210.12,632.36,-0.42066,-1,-1,-1
86,-1,686.94,429.71,84.742,256.23,-0.42485,-1,-1,-1
86,-1,1004.2,438.28,41.871,127.61,-0.48493,-1,-1,-1
87,-1,558.78,437.53,120.26,362.77,1.4201,-1,-1,-1
87,-1,631.35,434.36,97.492,294.47,1.0872,-1,-1,-1
87,-1,725.3,460.65,68.644,207.93,0.95859,-1,-1,-1
87,-1,498.8,430.92,112.14,338.41,0.6882,-1,-1,-1
87,-1,729.84,394.97,97.492,294.47,0.38619,-1,-1,-1
87,-1,1097,433,39,119,-0.13197,-1,-1,-1
87,-1,1262.5,441.39,36.321,110.96,-0.40672,-1,-1,-1
87,-1,481,289,159,479,-0.41032,-1,-1,-1
87,-1,544.06,91.51,225.27,677.82,-0.41272,-1,-1,-1
87,-1,369.69,438.28,41.871,127.61,-0.44913,-1,-1,-1
87,-1,1004.2,438.28,41.871,127.61,-0.45522,-1,-1,-1
88,-1,631.35,434.36,97.492,294.47,1.1967,-1,-1,-1
88,-1,732.5,463.78,73.643,222.93,1.1756,-1,-1,-1
88,-1,521.43,430.92,112.14,338.41,1.0394,-1,-1,-1
88,-1,538.43,389.14,148.29,446.86,0.1421,-1,-1,-1
88,-1,1097,433,39,119,0.055152,-1,-1,-1
88,-1,488.05,451.29,44.948,136.84,0.030113,-1,-1,-1
88,-1,725.08,363.04,112.14,338.41,-0.11398,-1,-1,-1
88,-1,1004.2,438.28,41.871,127.61,-0.24595,-1,-1,-1
88,-1,1262.5,441.39,36.321,110.96,-0.28939,-1,-1,-1
88,-1,544.06,91.51,225.27,677.82,-0.37641,-1,-1,-1
89,-1,513.16,454.06,97.492,294.47,1.4735,-1,-1,-1
89,-1,558.78,437.53,120.26,362.77,0.94413,-1,-1,-1
89,-1,631.35,434.36,97.492,294.47,0.92723,-1,-1,-1
89,-1,732.5,448.86,73.643,222.93,0.61258,-1,-1,-1
89,-1,502.44,363.15,138.29,416.86,0.099203,-1,-1,-1
89,-1,725.08,363.04,112.14,338.41,0.028695,-1,-1,-1
89,-1,1097,433,39,119,0.0053592,-1,-1,-1
89,-1,544.06,91.51,225.27,677.82,-0.34264,-1,-1,-1
89,-1,1262.5,441.39,36.321,110.96,-0.39616,-1,-1,-1
89,-1,1301.1,404.82,48.246,146.74,-0.43684,-1,-1,-1
89,-1,1004.2,438.28,41.871,127.61,-0.49099,-1,-1,-1
90,-1,513.16,454.06,97.492,294.47,1.7861,-1,-1,-1
90,-1,631.35,434.36,97.492,294.47,1.1299,-1,-1,-1
90,-1,558.78,437.53,120.26,362.77,0.79843,-1,-1,-1
90,-1,737,449,79,239,0.52896,-1,-1,-1
90,-1,1097,433,39,119,0.17738,-1,-1,-1
90,-1,728.54,340.52,120.26,362.77,-0.00051,-1,-1,-1
90,-1,502.44,363.15,138.29,416.86,-0.0056806,-1,-1,-1
90,-1,1301.1,404.82,48.246,146.74,-0.42768,-1,-1,-1
90,-1,544.06,91.51,225.27,677.82,-0.44604,-1,-1,-1
91,-1,513.16,454.06,97.492,294.47,1.708,-1,-1,-1
91,-1,631.35,434.36,97.492,294.47,1.035,-1,-1,-1
91,-1,747.43,448.86,73.643,222.93,0.71911,-1,-1,-1
91,-1,566.69,430.92,112.14,338.41,0.67911,-1,-1,-1
91,-1,1098.2,433.93,36.321,110.96,-0.072498,-1,-1,-1
91,-1,728.54,340.52,120.26,362.77,-0.15954,-1,-1,-1
91,-1,502.44,391.01,138.29,416.86,-0.16584,-1,-1,-1
91,-1,1007.9,447.89,27.284,83.853,-0.37715,-1,-1,-1
91,-1,1004.2,438.28,41.871,127.61,-0.44734,-1,-1,-1
92,-1,513.16,454.06,97.492,294.47,1.6029,-1,-1,-1
92,-1,631.35,434.36,97.492,294.47,1.4877,-1,-1,-1
92,-1,737,449,79,239,1.0756,-1,-1,-1
92,-1,566.69,430.92,112.14,338.41,0.68655,-1,-1,-1
92,-1,728.54,340.52,120.26,362.77,0.045248,-1,-1,-1
92,-1,502.44,391.01,138.29,416.86,-0.018356,-1,-1,-1
92,-1,1098.2,433.93,36.321,110.96,-0.3635,-1,-1,-1
92,-1,1007.9,447.89,27.284,83.853,-0.38057,-1,-1,-1
92,-1,655.79,413.27,120.26,362.77,-0.49411,-1,-1,-1
93,-1,507.69,444.35,104.56,315.68,2.0165,-1,-1,-1
93,-1,631.35,434.36,97.492,294.47,1.7404,-1,-1,-1
93,-1,737,449,79,239,1.1077,-1,-1,-1
93,-1,566.69,430.92,112.14,338.41,0.77254,-1,-1,-1
93,-1,728.54,340.52,120.26,362.77,-0.074271,-1,-1,-1
93,-1,1097,433,39,119,-0.24761,-1,-1,-1
93,-1,655.79,389.02,120.26,362.77,-0.2903,-1,-1,-1
93,-1,1013.6,447.89,27.284,83.853,-0.39888,-1,-1,-1
93,-1,457,449,39,119,-0.4861,-1,-1,-1
93,-1,507.69,169.9,210.12,632.36,-0.49384,-1,-1,-1
94,-1,513.16,454.06,97.492,294.47,1.7097,-1,-1,-1
94,-1,631.35,434.36,97.492,294.47,1.5115,-1,-1,-1
94,-1,558.78,437.53,120.26,362.77,0.89579,-1,-1,-1
94,-1,738.38,446.86,84.742,256.23,0.83856,-1,-1,-1
94,-1,655.79,389.02,120.26,362.77,-0.068271,-1,-1,-1
94,-1,478.71,329.43,148.29,446.86,-0.31438,-1,-1,-1
94,-1,1098.5,429.71,41.871,127.61,-0.43567,-1,-1,-1
94,-1,1252.8,421.14,41.871,127.61,-0.47932,-1,-1,-1
95,-1,507.69,444.35,104.56,315.68,1.7033,-1,-1,-1
95,-1,747.43,463.78,73.643,222.93,1.5848,-1,-1,-1
95,-1,631.35,434.36,97.492,294.47,1.0706,-1,-1,-1
95,-1,558.78,437.53,120.26,362.77,0.69636,-1,-1,-1
95,-1,728.54,340.52,120.26,362.77,0.17723,-1,-1,-1
95,-1,655.79,389.02,120.26,362.77,-0.083696,-1,-1,-1
95,-1,1097,433,39,119,-0.24147,-1,-1,-1
95,-1,1261.4,421.14,41.871,127.61,-0.4483,-1,-1,-1
96,-1,747.43,463.78,73.643,222.93,1.7475,-1,-1,-1
96,-1,507.69,444.35,104.56,315.68,1.596,-1,-1,-1
96,-1,634.36,423.24,104.56,315.68,1.4367,-1,-1,-1
96,-1,566.69,430.92,112.14,338.41,0.8479,-1,-1,-1
96,-1,728.54,340.52,120.26,362.77,0.043163,-1,-1,-1
96,-1,1001,441,39,119,-0.054398,-1,-1,-1
96,-1,1098.2,433.93,36.321,110.96,-0.48295,-1,-1,-1
97,-1,747.43,463.78,73.643,222.93,1.5863,-1,-1,-1
97,-1,507.69,444.35,104.56,315.68,1.4837,-1,-1,-1
97,-1,634.36,423.24,104.56,315.68,1.4303,-1,-1,-1
97,-1,566.69,430.92,112.14,338.41,0.547,-1,-1,-1
97,-1,728.54,340.52,120.26,362.77,0.088076,-1,-1,-1
97,-1,628,299.57,148.29,446.86,-0.1712,-1,-1,-1
97,-1,1098.5,429.71,41.871,127.61,-0.29252,-1,-1,-1
97,-1,508.57,359.28,148.29,446.86,-0.3229,-1,-1,-1
97,-1,1001,441,39,119,-0.33858,-1,-1,-1
97,-1,1261.6,446.72,33.822,103.47,-0.49844,-1,-1,-1
98,-1,507.69,444.35,104.56,315.68,1.6444,-1,-1,-1
98,-1,634.36,423.24,104.56,315.68,1.4468,-1,-1,-1
98,-1,753,449,79,239,1.1116,-1,-1,-1
98,-1,566.69,430.92,112.14,338.41,0.58267,-1,-1,-1
98,-1,728.54,340.52,120.26,362.77,0.27143,-1,-1,-1
98,-1,1261.6,449.36,31.49,96.47,-0.05046,-1,-1,-1
98,-1,628,299.57,148.29,446.86,-0.056271,-1,-1,-1
98,-1,1098.5,429.71,41.871,127.61,-0.15667,-1,-1,-1
98,-1,508.57,329.43,148.29,446.86,-0.2241,-1,-1,-1
98,-1,1251.8,404.82,48.246,146.74,-0.44826,-1,-1,-1
99,-1,655.48,423.24,104.56,315.68,2.2018,-1,-1,-1
99,-1,507.69,444.35,104.56,315.68,1.6054,-1,-1,-1
99,-1,755.53,446.86,84.742,256.23,1.0043,-1,-1,-1
99,-1,558.78,437.53,120.26,362.77,0.69928,-1,-1,-1
99,-1,628,329.43,148.29,446.86,0.011501,-1,-1,-1
99,-1,1098.5,429.71,41.871,127.61,-0.018766,-1,-1,-1
99,-1,728.78,312.9,128.96,388.88,-0.19195,-1,-1,-1
99,-1,1252.8,421.14,41.871,127.61,-0.26447,-1,-1,-1
99,-1,513,289,159,479,-0.44058,-1,-1,-1
100,-1,651.04,434.36,97.492,294.47,2.3712,-1,-1,-1
100,-1,507.69,444.35,104.56,315.68,1.3453,-1,-1,-1
100,-1,755.53,446.86,84.742,256.23,1.2741,-1,-1,-1
100,-1,558.78,437.53,120.26,362.77,0.58833,-1,-1,-1
100,-1,641.73,363.15,138.29,416.86,0.54565,-1,-1,-1
100,-1,1255,441.39,36.321,110.96,-0.10665,-1,-1,-1
100,-1,1098.5,429.71,41.871,127.61,-0.25952,-1,-1,-1
100,-1,1080.2,425.4,59.629,180.89,-0.34369,-1,-1,-1
100,-1,515.45,343.97,170.48,513.45,-0.34627,-1,-1,-1
100,-1,1301.1,394.97,48.246,146.74,-0.46737,-1,-1,-1
101,-1,651.04,434.36,97.492,294.47,2.6408,-1,-1,-1
101,-1,507.69,444.35,104.56,315.68,1.0535,-1,-1,-1
101,-1,546.83,442.87,128.96,388.88,1.0148,-1,-1,-1
101,-1,755.53,446.86,84.742,256.23,0.90748,-1,-1,-1
101,-1,641.73,363.15,138.29,416.86,0.65889,-1,-1,-1
101,-1,1261.6,449.36,31.49,96.47,-0.18618,-1,-1,-1
101,-1,1001,441,39,119,-0.24011,-1,-1,-1
101,-1,1097,433,39,119,-0.43939,-1,-1,-1
101,-1,481.15,275.37,170.48,513.45,-0.48665,-1,-1,-1
102,-1,655.48,423.24,104.56,315.68,2.6804,-1,-1,-1
102,-1,755.53,446.86,84.742,256.23,1.2473,-1,-1,-1
102,-1,507.69,444.35,104.56,315.68,0.68379,-1,-1,-1
102,-1,546.83,442.87,128.96,388.88,0.66452,-1,-1,-1
102,-1,628,329.43,148.29,446.86,0.015133,-1,-1,-1
102,-1,1255,441.39,36.321,110.96,-0.055012,-1,-1,-1
102,-1,1098.5,429.71,41.871,127.61,-0.25282,-1,-1,-1
102,-1,1080.2,425.4,59.629,180.89,-0.3046,-1,-1,-1
102,-1,1008.2,442.87,31.49,96.47,-0.31906,-1,-1,-1
102,-1,515.62,258.31,182.79,550.38,-0.48276,-1,-1,-1
103,-1,655.48,423.24,104.56,315.68,2.6718,-1,-1,-1
103,-1,755.53,446.86,84.742,256.23,0.92581,-1,-1,-1
103,-1,507.69,444.35,104.56,315.68,0.53386,-1,-1,-1
103,-1,566.69,453.55,112.14,338.41,0.47205,-1,-1,-1
103,-1,1255,441.39,36.321,110.96,0.21414,-1,-1,-1
103,-1,1098.5,429.71,41.871,127.61,0.11693,-1,-1,-1
103,-1,628,329.43,148.29,446.86,-0.054729,-1,-1,-1
103,-1,1080.2,425.4,59.629,180.89,-0.3326,-1,-1,-1
103,-1,508.57,359.28,148.29,446.86,-0.39303,-1,-1,-1
103,-1,1009.1,449.63,25.39,78.17,-0.47723,-1,-1,-1
104,-1,655.48,423.24,104.56,315.68,2.4752,-1,-1,-1
104,-1,755.53,446.86,84.742,256.23,1.0385,-1,-1,-1
104,-1,507.69,444.35,104.56,315.68,0.68763,-1,-1,-1
104,-1,558.78,437.53,120.26,362.77,0.34753,-1,-1,-1
104,-1,1007.9,447.89,27.284,83.853,0.22767,-1,-1,-1
104,-1,1097,433,39,119,0.20091,-1,-1,-1
104,-1,1254.6,446.72,33.822,103.47,-0.12629,-1,-1,-1
104,-1,628,329.43,148.29,446.86,-0.2057,-1,-1,-1
105,-1,655.48,423.24,104.56,315.68,2.5065,-1,-1,-1
105,-1,755.53,446.86,84.742,256.23,1.0318,-1,-1,-1
105,-1,513.16,454.06,97.492,294.47,0.68502,-1,-1,-1
105,-1,1256,449.65,29.314,89.943,0.62417,-1,-1,-1
105,-1,572.83,416.87,128.96,388.88,0.14719,-1,-1,-1
105,-1,1097,433,39,119,-0.09523,-1,-1,-1
105,-1,628,329.43,148.29,446.86,-0.21536,-1,-1,-1
105,-1,508.57,359.28,148.29,446.86,-0.40435,-1,-1,-1
105,-1,1007.9,447.89,27.284,83.853,-0.46285,-1,-1,-1
106,-1,655.48,423.24,104.56,315.68,2.5186,-1,-1,-1
106,-1,755.53,446.86,84.742,256.23,0.96811,-1,-1,-1
106,-1,1255.1,442.87,31.49,96.47,0.58328,-1,-1,-1
106,-1,558.78,437.53,120.26,362.77,0.48223,-1,-1,-1
106,-1,498.8,430.92,112.14,338.41,0.47725,-1,-1,-1
106,-1,1101.4,439.76,33.822,103.47,0.0036892,-1,-1,-1
106,-1,628,329.43,148.29,446.86,-0.052735,-1,-1,-1
106,-1,1007.4,443.59,29.314,89.943,-0.27543,-1,-1,-1
106,-1,1073.5,418.86,68.644,207.93,-0.32087,-1,-1,-1
107,-1,655.48,423.24,104.56,315.68,2.7411,-1,-1,-1
107,-1,755.53,446.86,84.742,256.23,1.0117,-1,-1,-1
107,-1,498.8,430.92,112.14,338.41,0.61093,-1,-1,-1
107,-1,558.78,437.53,120.26,362.77,0.18037,-1,-1,-1
107,-1,1255.1,442.87,31.49,96.47,0.047344,-1,-1,-1
107,-1,628,329.43,148.29,446.86,-0.080692,-1,-1,-1
107,-1,1101.4,439.76,33.822,103.47,-0.099657,-1,-1,-1
107,-1,1664.5,390.88,63.98,193.94,-0.47291,-1,-1,-1
108,-1,655.48,423.24,104.56,315.68,2.7548,-1,-1,-1
108,-1,755.53,446.86,84.742,256.23,1.0031,-1,-1,-1
108,-1,528.8,444.35,104.56,315.68,0.55533,-1,-1,-1
108,-1,1254.6,439.76,33.822,103.47,0.51318,-1,-1,-1
108,-1,669.58,363.15,138.29,416.86,0.12365,-1,-1,-1
108,-1,572.83,416.87,128.96,388.88,0.07728,-1,-1,-1
108,-1,1097,433,39,119,-0.091444,-1,-1,-1
108,-1,487.49,453.55,55.569,168.71,-0.22401,-1,-1,-1
108,-1,1101.4,321.36,68.644,207.93,-0.48916,-1,-1,-1
108,-1,1664.5,390.88,63.98,193.94,-0.49343,-1,-1,-1
108,-1,592.14,169.9,210.12,632.36,-0.49507,-1,-1,-1
109,-1,655.48,423.24,104.56,315.68,2.5249,-1,-1,-1
109,-1,1248.6,442.87,31.49,96.47,1.0996,-1,-1,-1
109,-1,755.53,446.86,84.742,256.23,1.0264,-1,-1,-1
109,-1,558.78,437.53,120.26,362.77,0.64547,-1,-1,-1
109,-1,498.8,430.92,112.14,338.41,0.42254,-1,-1,-1
109,-1,628,329.43,148.29,446.86,-0.017039,-1,-1,-1
109,-1,1097,433,39,119,-0.10366,-1,-1,-1
109,-1,1664.5,390.88,63.98,193.94,-0.39802,-1,-1,-1
110,-1,657.2,408.29,112.14,338.41,2.4327,-1,-1,-1
110,-1,755.53,446.86,84.742,256.23,0.78959,-1,-1,-1
110,-1,521.43,430.92,112.14,338.41,0.4833,-1,-1,-1
110,-1,1255.1,449.36,31.49,96.47,0.32619,-1,-1,-1
110,-1,558.15,418.86,138.29,416.86,0.26579,-1,-1,-1
110,-1,1097,433,39,119,-0.015154,-1,-1,-1
110,-1,641,289,159,479,-0.18762,-1,-1,-1
110,-1,487.49,453.55,55.569,168.71,-0.26886,-1,-1,-1
110,-1,1664.5,390.88,63.98,193.94,-0.40909,-1,-1,-1
111,-1,657.2,408.29,112.14,338.41,2.7505,-1,-1,-1
111,-1,755.53,446.86,84.742,256.23,1.0529,-1,-1,-1
111,-1,521.43,430.92,112.14,338.41,0.61308,-1,-1,-1
111,-1,1248.6,449.36,31.49,96.47,0.48608,-1,-1,-1
111,-1,572.83,442.87,128.96,388.88,0.39517,-1,-1,-1
111,-1,641,289,159,479,0.26782,-1,-1,-1
111,-1,1097,433,39,119,-0.19198,-1,-1,-1
111,-1,770.33,363.04,112.14,338.41,-0.28901,-1,-1,-1
111,-1,1014.4,449.63,25.39,78.17,-0.38449,-1,-1,-1
112,-1,655.79,413.27,120.26,362.77,2.5705,-1,-1,-1
112,-1,755.53,446.86,84.742,256.23,1.0607,-1,-1,-1
112,-1,566.69,453.55,112.14,338.41,0.77268,-1,-1,-1
112,-1,507.69,444.35,104.56,315.68,0.31299,-1,-1,-1
112,-1,1247.5,441.39,36.321,110.96,0.28341,-1,-1,-1
112,-1,1014.4,449.63,25.39,78.17,0.17994,-1,-1,-1
112,-1,673,321,159,479,0.16969,-1,-1,-1
112,-1,1079.7,416.87,63.98,193.94,-0.40455,-1,-1,-1
112,-1,545,353,159,479,-0.49525,-1,-1,-1
112,-1,1001,441,39,119,-0.49605,-1,-1,-1
113,-1,655.79,413.27,120.26,362.77,2.4688,-1,-1,-1
113,-1,1247.5,441.39,36.321,110.96,0.7482,-1,-1,-1
113,-1,566.69,453.55,112.14,338.41,0.74539,-1,-1,-1
113,-1,755.53,446.86,84.742,256.23,0.36554,-1,-1,-1
113,-1,513.16,473.76,97.492,294.47,0.21481,-1,-1,-1
113,-1,770.33,363.04,112.14,338.41,0.10838,-1,-1,-1
113,-1,673,321,159,479,-0.016157,-1,-1,-1
113,-1,1014.4,449.63,25.39,78.17,-0.053516,-1,-1,-1
113,-1,1097,433,39,119,-0.1369,-1,-1,-1
113,-1,1001,441,39,119,-0.23994,-1,-1,-1
113,-1,549.75,412.56,170.48,513.45,-0.3616,-1,-1,-1
114,-1,676.59,423.24,104.56,315.68,2.4243,-1,-1,-1
114,-1,572.83,442.87,128.96,388.88,0.74934,-1,-1,-1
114,-1,1248.6,449.36,31.49,96.47,0.52231,-1,-1,-1
114,-1,755.53,446.86,84.742,256.23,0.38368,-1,-1,-1
114,-1,770.33,363.04,112.14,338.41,0.37403,-1,-1,-1
114,-1,624.81,364.89,128.96,388.88,0.21985,-1,-1,-1
114,-1,513.16,454.06,97.492,294.47,0.10519,-1,-1,-1
114,-1,1097,433,39,119,-0.092538,-1,-1,-1
114,-1,1013.6,447.89,27.284,83.853,-0.15304,-1,-1,-1
114,-1,1305.9,405.34,44.948,136.84,-0.27605,-1,-1,-1
114,-1,673,321,159,479,-0.29244,-1,-1,-1
114,-1,508.57,359.28,148.29,446.86,-0.43295,-1,-1,-1
114,-1,936.71,436.37,31.49,96.47,-0.44685,-1,-1,-1
115,-1,676.59,423.24,104.56,315.68,2.2099,-1,-1,-1
115,-1,572.83,442.87,128.96,388.88,0.8444,-1,-1,-1
115,-1,533.84,559.83,63.98,193.94,0.48714,-1,-1,-1
115,-1,754.77,338.9,128.96,388.88,0.27808,-1,-1,-1
115,-1,1248.6,449.36,31.49,96.47,0.27391,-1,-1,-1
115,-1,534,455.88,21.974,67.922,0.23268,-1,-1,-1
115,-1,624.81,364.89,128.96,388.88,-0.022059,-1,-1,-1
115,-1,513.16,454.06,97.492,294.47,-0.15192,-1,-1,-1
115,-1,1010.8,446.72,33.822,103.47,-0.32634,-1,-1,-1
115,-1,673,321,159,479,-0.40974,-1,-1,-1
115,-1,936.71,436.37,31.49,96.47,-0.41255,-1,-1,-1
115,-1,552.38,405.34,182.79,550.38,-0.48417,-1,-1,-1
115,-1,1094.3,434.36,48.246,146.74,-0.49779,-1,-1,-1
116,-1,657.2,430.92,112.14,338.41,2.2339,-1,-1,-1
116,-1,572.83,442.87,128.96,388.88,0.85423,-1,-1,-1
116,-1,534,460.48,21.974,67.922,0.7366,-1,-1,-1
116,-1,772.68,446.86,84.742,256.23,0.50803,-1,-1,-1
116,-1,754.77,338.9,128.96,388.88,0.25938,-1,-1,-1
116,-1,1247.6,439.76,33.822,103.47,0.090243,-1,-1,-1
116,-1,513.16,454.06,97.492,294.47,-0.063587,-1,-1,-1
116,-1,641,321,159,479,-0.24477,-1,-1,-1
116,-1,1014.4,449.63,25.39,78.17,-0.38665,-1,-1,-1
116,-1,1080.2,425.4,59.629,180.89,-0.45143,-1,-1,-1
116,-1,508.57,359.28,148.29,446.86,-0.49292,-1,-1,-1
117,-1,676.59,423.24,104.56,315.68,2.2983,-1,-1,-1
117,-1,772.93,423.72,90.896,274.69,1.0593,-1,-1,-1
117,-1,572.83,442.87,128.96,388.88,1.03,-1,-1,-1
117,-1,534,460.48,21.974,67.922,0.54386,-1,-1,-1
117,-1,1247.6,439.76,33.822,103.47,0.25778,-1,-1,-1
117,-1,754.77,338.9,128.96,388.88,0.22197,-1,-1,-1
117,-1,657.86,329.43,148.29,446.86,-0.22258,-1,-1,-1
117,-1,1014.4,449.63,25.39,78.17,-0.25154,-1,-1,-1
117,-1,1305.9,405.34,44.948,136.84,-0.39157,-1,-1,-1
117,-1,552.38,331.83,182.79,550.38,-0.48671,-1,-1,-1
118,-1,676.59,423.24,104.56,315.68,2.1185,-1,-1,-1
118,-1,772.68,446.86,84.742,256.23,1.2157,-1,-1,-1
118,-1,572.83,442.87,128.96,388.88,0.96479,-1,-1,-1
118,-1,532.85,454.06,23.623,72.869,0.42961,-1,-1,-1
118,-1,754.77,338.9,128.96,388.88,-0.056589,-1,-1,-1
118,-1,657.86,329.43,148.29,446.86,-0.1625,-1,-1,-1
118,-1,1240.1,441.39,36.321,110.96,-0.27022,-1,-1,-1
118,-1,515.62,331.83,182.79,550.38,-0.35151,-1,-1,-1
118,-1,1014.4,449.63,25.39,78.17,-0.35508,-1,-1,-1
118,-1,1009,441,39,119,-0.43232,-1,-1,-1
118,-1,1097,433,39,119,-0.4669,-1,-1,-1
118,-1,935.59,429.71,41.871,127.61,-0.48219,-1,-1,-1
119,-1,676.59,423.24,104.56,315.68,1.9918,-1,-1,-1
119,-1,772.68,446.86,84.742,256.23,1.2894,-1,-1,-1
119,-1,558.15,418.86,138.29,416.86,0.90277,-1,-1,-1
119,-1,534,460.48,21.974,67.922,0.78249,-1,-1,-1
119,-1,777.05,340.52,120.26,362.77,0.14768,-1,-1,-1
119,-1,1013.6,447.89,27.284,83.853,0.060491,-1,-1,-1
119,-1,1097,433,39,119,-0.021202,-1,-1,-1
119,-1,1240.7,446.72,33.822,103.47,-0.26377,-1,-1,-1
120,-1,676.59,423.24,104.56,315.68,2.4015,-1,-1,-1
120,-1,534,460.48,21.974,67.922,1.1785,-1,-1,-1
120,-1,572.83,442.87,128.96,388.88,0.94435,-1,-1,-1
120,-1,772.68,446.86,84.742,256.23,0.82951,-1,-1,-1
120,-1,1097,433,39,119,0.054844,-1,-1,-1
120,-1,754.77,338.9,128.96,388.88,-0.084162,-1,-1,-1
120,-1,1013.6,447.89,27.284,83.853,-0.18566,-1,-1,-1
120,-1,657.86,329.43,148.29,446.86,-0.28912,-1,-1,-1
120,-1,552.38,331.83,182.79,550.38,-0.36237,-1,-1,-1
120,-1,935.59,429.71,41.871,127.61,-0.39792,-1,-1,-1
120,-1,1301.1,394.97,48.246,146.74,-0.42868,-1,-1,-1
120,-1,1004.2,429.71,41.871,127.61,-0.45837,-1,-1,-1
121,-1,676.59,423.24,104.56,315.68,2.427,-1,-1,-1
121,-1,772.68,446.86,84.742,256.23,0.89581,-1,-1,-1
121,-1,572.83,442.87,128.96,388.88,0.85301,-1,-1,-1
121,-1,534,460.48,21.974,67.922,0.63865,-1,-1,-1
121,-1,777.05,364.77,120.26,362.77,0.061549,-1,-1,-1
121,-1,657.86,329.43,148.29,446.86,-0.25114,-1,-1,-1
121,-1,1301.1,394.97,48.246,146.74,-0.28419,-1,-1,-1
121,-1,1013.6,447.89,27.284,83.853,-0.36198,-1,-1,-1
121,-1,502.44,363.15,138.29,416.86,-0.37609,-1,-1,-1
121,-1,552.38,331.83,182.79,550.38,-0.38449,-1,-1,-1
121,-1,1242.1,449.36,31.49,96.47,-0.41361,-1,-1,-1
122,-1,676.59,423.24,104.56,315.68,2.1334,-1,-1,-1
122,-1,583.04,461.78,120.26,362.77,1.0448,-1,-1,-1
122,-1,772.68,446.86,84.742,256.23,0.7409,-1,-1,-1
122,-1,549.75,343.97,170.48,513.45,0.46578,-1,-1,-1
122,-1,532.74,447.89,27.284,83.853,0.15464,-1,-1,-1
122,-1,777.05,364.77,120.26,362.77,-0.1019,-1,-1,-1
122,-1,1013.6,447.89,27.284,83.853,-0.15272,-1,-1,-1
122,-1,657.86,329.43,148.29,446.86,-0.29097,-1,-1,-1
123,-1,676.59,423.24,104.56,315.68,2.0445,-1,-1,-1
123,-1,772.68,446.86,84.742,256.23,0.97225,-1,-1,-1
123,-1,572.83,442.87,128.96,388.88,0.52897,-1,-1,-1
123,-1,532.74,447.89,27.284,83.853,0.096442,-1,-1,-1
123,-1,552.38,331.83,182.79,550.38,-0.18507,-1,-1,-1
123,-1,1242.1,449.36,31.49,96.47,-0.24717,-1,-1,-1
123,-1,777.05,364.77,120.26,362.77,-0.25981,-1,-1,-1
123,-1,1014.4,449.63,25.39,78.17,-0.34417,-1,-1,-1
123,-1,498.3,455.43,41.871,127.61,-0.4838,-1,-1,-1
123,-1,687.71,359.28,148.29,446.86,-0.4965,-1,-1,-1
124,-1,676.59,423.24,104.56,315.68,1.8205,-1,-1,-1
124,-1,572.83,442.87,128.96,388.88,0.88602,-1,-1,-1
124,-1,772.68,446.86,84.742,256.23,0.49577,-1,-1,-1
124,-1,532.85,454.06,23.623,72.869,0.49329,-1,-1,-1
124,-1,552.38,331.83,182.79,550.38,-0.14306,-1,-1,-1
124,-1,792.96,363.04,112.14,338.41,-0.18446,-1,-1,-1
124,-1,1080.2,425.4,59.629,180.89,-0.26673,-1,-1,-1
124,-1,489.73,446.86,41.871,127.61,-0.45315,-1,-1,-1
124,-1,697.44,363.15,138.29,416.86,-0.49346,-1,-1,-1
125,-1,676.59,444.35,104.56,315.68,1.4804,-1,-1,-1
125,-1,572.83,442.87,128.96,388.88,1.3733,-1,-1,-1
125,-1,772.93,442.1,90.896,274.69,0.38434,-1,-1,-1
125,-1,532.85,454.06,23.623,72.869,-0.063518,-1,-1,-1
125,-1,780.76,338.9,128.96,388.88,-0.11465,-1,-1,-1
125,-1,552.38,331.83,182.79,550.38,-0.16051,-1,-1,-1
125,-1,948.16,432.79,33.822,103.47,-0.2881,-1,-1,-1
125,-1,697.44,363.15,138.29,416.86,-0.40175,-1,-1,-1
126,-1,676.59,423.24,104.56,315.68,1.656,-1,-1,-1
126,-1,572.83,442.87,128.96,388.88,1.2945,-1,-1,-1
126,-1,772.93,442.1,90.896,274.69,0.63393,-1,-1,-1
126,-1,532.85,454.06,23.623,72.869,0.32398,-1,-1,-1
126,-1,552.38,331.83,182.79,550.38,-0.17637,-1,-1,-1
126,-1,697.44,363.15,138.29,416.86,-0.19656,-1,-1,-1
126,-1,780.76,338.9,128.96,388.88,-0.21283,-1,-1,-1
126,-1,944.16,429.71,41.871,127.61,-0.42042,-1,-1,-1
126,-1,489.73,464.01,41.871,127.61,-0.45147,-1,-1,-1
127,-1,679.82,430.92,112.14,338.41,1.6531,-1,-1,-1
127,-1,572.83,442.87,128.96,388.88,1.0739,-1,-1,-1
127,-1,789.83,464.01,84.742,256.23,0.84519,-1,-1,-1
127,-1,532.85,454.06,23.623,72.869,0.24314,-1,-1,-1
127,-1,780.76,338.9,128.96,388.88,-0.22319,-1,-1,-1
127,-1,552.38,331.83,182.79,550.38,-0.25076,-1,-1,-1
127,-1,489.73,455.43,41.871,127.61,-0.26603,-1,-1,-1
127,-1,944.16,429.71,41.871,127.61,-0.31661,-1,-1,-1
127,-1,1014.4,449.63,25.39,78.17,-0.49823,-1,-1,-1
128,-1,679.82,430.92,112.14,338.41,1.7355,-1,-1,-1
128,-1,586.01,418.86,138.29,416.86,1.3452,-1,-1,-1
128,-1,528.8,454.91,25.39,78.17,0.85193,-1,-1,-1
128,-1,789.83,464.01,84.742,256.23,0.80701,-1,-1,-1
128,-1,488.05,451.29,44.948,136.84,-0.017054,-1,-1,-1
128,-1,945,433,39,119,-0.099318,-1,-1,-1
128,-1,777.05,340.52,120.26,362.77,-0.1683,-1,-1,-1
128,-1,1079.7,416.87,63.98,193.94,-0.27882,-1,-1,-1
128,-1,1015.5,454.06,23.623,72.869,-0.29036,-1,-1,-1
129,-1,679.82,408.29,112.14,338.41,1.6871,-1,-1,-1
129,-1,586.01,418.86,138.29,416.86,1.6054,-1,-1,-1
129,-1,791.3,442.1,90.896,274.69,1.2186,-1,-1,-1
129,-1,528.8,449.63,25.39,78.17,0.70275,-1,-1,-1
129,-1,780.76,338.9,128.96,388.88,0.1404,-1,-1,-1
129,-1,945,433,39,119,-0.018298,-1,-1,-1
129,-1,489.73,455.43,41.871,127.61,-0.24205,-1,-1,-1
129,-1,1013.6,447.89,27.284,83.853,-0.26957,-1,-1,-1
129,-1,673,321,159,479,-0.30662,-1,-1,-1
129,-1,1079.7,416.87,63.98,193.94,-0.32176,-1,-1,-1
129,-1,534,442.1,90.896,274.69,-0.44805,-1,-1,-1
129,-1,552.55,355.57,195.98,589.95,-0.47817,-1,-1,-1
130,-1,586.01,418.86,138.29,416.86,1.7746,-1,-1,-1
130,-1,679.82,430.92,112.14,338.41,1.5898,-1,-1,-1
130,-1,789.83,464.01,84.742,256.23,1.3308,-1,-1,-1
130,-1,528.8,454.91,25.39,78.17,0.63853,-1,-1,-1
130,-1,780.76,338.9,128.96,388.88,0.38443,-1,-1,-1
130,-1,944.16,429.71,41.871,127.61,0.13892,-1,-1,-1
130,-1,1079.7,416.87,63.98,193.94,-0.29729,-1,-1,-1
130,-1,673,321,159,479,-0.29842,-1,-1,-1
130,-1,488.05,451.29,44.948,136.84,-0.30369,-1,-1,-1
130,-1,552.55,394.97,195.98,589.95,-0.48837,-1,-1,-1
131,-1,568.28,419,148.29,446.86,1.9706,-1,-1,-1
131,-1,679.82,430.92,112.14,338.41,1.4157,-1,-1,-1
131,-1,789.83,446.86,84.742,256.23,1.3797,-1,-1,-1
131,-1,780.76,338.9,128.96,388.88,0.59085,-1,-1,-1
131,-1,532.85,454.06,23.623,72.869,0.29509,-1,-1,-1
131,-1,944.16,429.71,41.871,127.61,-0.038396,-1,-1,-1
131,-1,1014.4,449.63,25.39,78.17,-0.22175,-1,-1,-1
131,-1,489.73,455.43,41.871,127.61,-0.26044,-1,-1,-1
131,-1,673,321,159,479,-0.2701,-1,-1,-1
131,-1,1079.7,416.87,63.98,193.94,-0.39444,-1,-1,-1
132,-1,568.28,419,148.29,446.86,1.8026,-1,-1,-1
132,-1,791.3,442.1,90.896,274.69,1.7901,-1,-1,-1
132,-1,679.82,430.92,112.14,338.41,1.5602,-1,-1,-1
132,-1,780.76,338.9,128.96,388.88,0.34854,-1,-1,-1
132,-1,532.85,454.06,23.623,72.869,0.30468,-1,-1,-1
132,-1,489.73,446.86,41.871,127.61,0.25455,-1,-1,-1
132,-1,673,321,159,479,-0.098773,-1,-1,-1
132,-1,1013.6,447.89,27.284,83.853,-0.19961,-1,-1,-1
132,-1,1079.7,416.87,63.98,193.94,-0.28292,-1,-1,-1
132,-1,956.21,436.37,31.49,96.47,-0.35895,-1,-1,-1
133,-1,791.3,442.1,90.896,274.69,1.6882,-1,-1,-1
133,-1,679.82,430.92,112.14,338.41,1.5882,-1,-1,-1
133,-1,586.01,418.86,138.29,416.86,1.5644,-1,-1,-1
133,-1,532.85,454.06,23.623,72.869,0.65715,-1,-1,-1
133,-1,780.76,338.9,128.96,388.88,0.3336,-1,-1,-1
133,-1,488.05,442.1,44.948,136.84,0.077502,-1,-1,-1
133,-1,673,321,159,479,-0.046901,-1,-1,-1
133,-1,532.85,434.36,97.492,294.47,-0.3472,-1,-1,-1
134,-1,679.82,430.92,112.14,338.41,1.641,-1,-1,-1
134,-1,568.28,419,148.29,446.86,1.5249,-1,-1,-1
134,-1,789.83,446.86,84.742,256.23,1.2439,-1,-1,-1
134,-1,528.8,449.63,25.39,78.17,0.26945,-1,-1,-1
134,-1,673,321,159,479,0.10356,-1,-1,-1
134,-1,1013.6,447.89,27.284,83.853,-0.0039088,-1,-1,-1
134,-1,801.3,364.77,120.26,362.77,-0.030049,-1,-1,-1
134,-1,956.21,436.37,31.49,96.47,-0.36722,-1,-1,-1
134,-1,1098.2,433.93,36.321,110.96,-0.44886,-1,-1,-1
134,-1,534.53,146.51,241.51,726.54,-0.44891,-1,-1,-1
135,-1,680.04,413.27,120.26,362.77,1.9587,-1,-1,-1
135,-1,586.01,418.86,138.29,416.86,1.2566,-1,-1,-1
135,-1,806.97,464.01,84.742,256.23,0.73452,-1,-1,-1
135,-1,529.4,455.88,21.974,67.922,0.50779,-1,-1,-1
135,-1,1009.1,449.63,25.39,78.17,0.076556,-1,-1,-1
135,-1,705,321,159,479,-0.18913,-1,-1,-1
135,-1,532.85,454.06,97.492,294.47,-0.3906,-1,-1,-1
135,-1,489.73,446.86,41.871,127.61,-0.41441,-1,-1,-1
135,-1,534.53,146.51,241.51,726.54,-0.46512,-1,-1,-1
135,-1,1080.2,425.4,59.629,180.89,-0.47884,-1,-1,-1
135,-1,857.88,414.66,48.246,146.74,-0.497,-1,-1,-1
136,-1,680.04,413.27,120.26,362.77,1.7791,-1,-1,-1
136,-1,568.28,419,148.29,446.86,1.08,-1,-1,-1
136,-1,791.3,442.1,90.896,274.69,0.99608,-1,-1,-1
136,-1,529.4,455.88,21.974,67.922,0.15418,-1,-1,-1
136,-1,1007.4,443.59,29.314,89.943,0.12038,-1,-1,-1
136,-1,705,321,159,479,-0.18141,-1,-1,-1
136,-1,841.27,412.56,84.742,256.23,-0.34365,-1,-1,-1
137,-1,680.04,413.27,120.26,362.77,1.7954,-1,-1,-1
137,-1,568.28,419,148.29,446.86,1.164,-1,-1,-1
137,-1,791.3,442.1,90.896,274.69,1.0584,-1,-1,-1
137,-1,1013.6,447.89,27.284,83.853,0.12573,-1,-1,-1
137,-1,529.4,455.88,21.974,67.922,0.029209,-1,-1,-1
137,-1,705,321,159,479,-0.1152,-1,-1,-1
137,-1,815.59,385.67,112.14,338.41,-0.26508,-1,-1,-1
137,-1,489.73,455.43,41.871,127.61,-0.43282,-1,-1,-1
138,-1,697.7,444.35,104.56,315.68,1.8948,-1,-1,-1
138,-1,568.28,419,148.29,446.86,1.5985,-1,-1,-1
138,-1,806.97,464.01,84.742,256.23,1.292,-1,-1,-1
138,-1,527.93,454.06,23.623,72.869,0.15134,-1,-1,-1
138,-1,673,321,159,479,-0.1847,-1,-1,-1
138,-1,815.59,363.04,112.14,338.41,-0.22031,-1,-1,-1
138,-1,953,433,39,119,-0.32577,-1,-1,-1
138,-1,1013.6,447.89,27.284,83.853,-0.37746,-1,-1,-1
138,-1,489,449,39,119,-0.38049,-1,-1,-1
138,-1,1299.4,391.57,51.78,157.34,-0.49147,-1,-1,-1
139,-1,702.45,430.92,112.14,338.41,1.832,-1,-1,-1
139,-1,568.28,419,148.29,446.86,1.5532,-1,-1,-1
139,-1,806.97,446.86,84.742,256.23,1.3744,-1,-1,-1
139,-1,529.4,455.88,21.974,67.922,0.23747,-1,-1,-1
139,-1,806.75,338.9,128.96,388.88,-0.029548,-1,-1,-1
139,-1,673,321,159,479,-0.10064,-1,-1,-1
139,-1,489,449,39,119,-0.13559,-1,-1,-1
139,-1,1212.8,439.76,33.822,103.47,-0.17225,-1,-1,-1
139,-1,1304.3,421.14,41.871,127.61,-0.40436,-1,-1,-1
139,-1,591.95,316.17,195.98,589.95,-0.49778,-1,-1,-1
140,-1,702.45,430.92,112.14,338.41,2.0661,-1,-1,-1
140,-1,598.82,442.87,128.96,388.88,1.6249,-1,-1,-1
140,-1,809.68,442.1,90.896,274.69,0.596,-1,-1,-1
140,-1,806.75,338.9,128.96,388.88,0.22328,-1,-1,-1
140,-1,528.31,459.72,20.435,63.306,0.19475,-1,-1,-1
140,-1,1219.8,446.72,33.822,103.47,-0.14296,-1,-1,-1
140,-1,488.05,451.29,44.948,136.84,-0.23464,-1,-1,-1
140,-1,673,321,159,479,-0.27827,-1,-1,-1
140,-1,552.38,368.58,182.79,550.38,-0.28622,-1,-1,-1
141,-1,702.45,430.92,112.14,338.41,2.17,-1,-1,-1
141,-1,568.28,419,148.29,446.86,1.6928,-1,-1,-1
141,-1,815.59,385.67,112.14,338.41,0.98866,-1,-1,-1
141,-1,527.93,454.06,23.623,72.869,0.28296,-1,-1,-1
141,-1,1216.1,442.87,31.49,96.47,0.030199,-1,-1,-1
141,-1,673,321,159,479,0.018773,-1,-1,-1
141,-1,488.05,451.29,44.948,136.84,-0.095612,-1,-1,-1
141,-1,1014.4,449.63,25.39,78.17,-0.3708,-1,-1,-1
141,-1,591.95,316.17,195.98,589.95,-0.38046,-1,-1,-1
141,-1,1305.9,405.34,44.948,136.84,-0.40762,-1,-1,-1
142,-1,702.45,430.92,112.14,338.41,1.9123,-1,-1,-1
142,-1,586.01,446.72,138.29,416.86,1.8983,-1,-1,-1
142,-1,808.63,434.36,97.492,294.47,1.1672,-1,-1,-1
142,-1,529.4,460.48,21.974,67.922,0.39138,-1,-1,-1
142,-1,1212.8,446.72,33.822,103.47,0.31598,-1,-1,-1
142,-1,717.57,359.28,148.29,446.86,0.036002,-1,-1,-1
142,-1,825.55,340.52,120.26,362.77,-0.08643,-1,-1,-1
142,-1,488.05,451.29,44.948,136.84,-0.33568,-1,-1,-1
142,-1,557.48,454.06,23.623,72.869,-0.39087,-1,-1,-1
142,-1,591.95,316.17,195.98,589.95,-0.45305,-1,-1,-1
143,-1,697.7,444.35,104.56,315.68,2.0486,-1,-1,-1
143,-1,586.01,446.72,138.29,416.86,1.605,-1,-1,-1
143,-1,809.68,442.1,90.896,274.69,0.90793,-1,-1,-1
143,-1,524.81,455.88,21.974,67.922,0.66566,-1,-1,-1
143,-1,728.78,390.88,128.96,388.88,0.040886,-1,-1,-1
143,-1,1213.6,449.65,29.314,89.943,-0.022021,-1,-1,-1
143,-1,555.19,449.63,25.39,78.17,-0.03084,-1,-1,-1
143,-1,806.75,338.9,128.96,388.88,-0.21247,-1,-1,-1
143,-1,953,433,39,119,-0.23627,-1,-1,-1
143,-1,489.73,446.86,41.871,127.61,-0.28862,-1,-1,-1
143,-1,552.55,394.97,195.98,589.95,-0.29508,-1,-1,-1
143,-1,1301.1,394.97,48.246,146.74,-0.42341,-1,-1,-1
144,-1,702.45,430.92,112.14,338.41,1.9577,-1,-1,-1
144,-1,568.28,419,148.29,446.86,1.6372,-1,-1,-1
144,-1,808.63,434.36,97.492,294.47,1.1255,-1,-1,-1
144,-1,673,321,159,479,0.44092,-1,-1,-1
144,-1,488.05,442.1,44.948,136.84,0.14926,-1,-1,-1
144,-1,524.81,455.88,21.974,67.922,0.092092,-1,-1,-1
144,-1,1205.8,439.76,33.822,103.47,0.065606,-1,-1,-1
144,-1,953,433,39,119,-0.32645,-1,-1,-1
144,-1,1090.8,314.5,73.643,222.93,-0.43786,-1,-1,-1
144,-1,1301.1,394.97,48.246,146.74,-0.44256,-1,-1,-1
145,-1,586.01,446.72,138.29,416.86,2.1741,-1,-1,-1
145,-1,702.45,430.92,112.14,338.41,2.0275,-1,-1,-1
145,-1,808.63,434.36,97.492,294.47,1.0744,-1,-1,-1
145,-1,524.81,455.88,21.974,67.922,0.52751,-1,-1,-1
145,-1,673,321,159,479,0.28511,-1,-1,-1
145,-1,1205.8,446.72,33.822,103.47,0.2714,-1,-1,-1
145,-1,555.19,449.63,25.39,78.17,0.17401,-1,-1,-1
145,-1,497,449,39,119,0.14944,-1,-1,-1
145,-1,953,433,39,119,-0.21679,-1,-1,-1
145,-1,1090.8,314.5,73.643,222.93,-0.27601,-1,-1,-1
145,-1,552.55,394.97,195.98,589.95,-0.37378,-1,-1,-1
146,-1,586.01,446.72,138.29,416.86,2.1114,-1,-1,-1
146,-1,702.45,430.92,112.14,338.41,1.7439,-1,-1,-1
146,-1,808.63,434.36,97.492,294.47,0.52021,-1,-1,-1
146,-1,1209.6,449.36,31.49,96.47,0.31801,-1,-1,-1
146,-1,673,321,159,479,0.18515,-1,-1,-1
146,-1,523.01,454.06,23.623,72.869,0.077288,-1,-1,-1
146,-1,488.05,442.1,44.948,136.84,-0.00078849,-1,-1,-1
146,-1,552.55,355.57,195.98,589.95,-0.11466,-1,-1,-1
146,-1,1009.1,449.63,25.39,78.17,-0.14574,-1,-1,-1
146,-1,953,433,39,119,-0.29802,-1,-1,-1
146,-1,1090.8,314.5,73.643,222.93,-0.43327,-1,-1,-1
146,-1,1305.9,405.34,44.948,136.84,-0.48119,-1,-1,-1
147,-1,586.01,446.72,138.29,416.86,1.8213,-1,-1,-1
147,-1,697.7,444.35,104.56,315.68,1.5071,-1,-1,-1
147,-1,1205.8,446.72,33.822,103.47,0.48665,-1,-1,-1
147,-1,497,449,39,119,0.38349,-1,-1,-1
147,-1,728.78,390.88,128.96,388.88,0.35683,-1,-1,-1
147,-1,824.12,464.01,84.742,256.23,0.3366,-1,-1,-1
147,-1,552.55,355.57,195.98,589.95,-0.044956,-1,-1,-1
147,-1,953,433,39,119,-0.1186,-1,-1,-1
147,-1,1007.9,447.89,27.284,83.853,-0.28656,-1,-1,-1
147,-1,1090.8,314.5,73.643,222.93,-0.34009,-1,-1,-1
147,-1,1305.9,405.34,44.948,136.84,-0.3908,-1,-1,-1
147,-1,670.74,237.38,195.98,589.95,-0.42538,-1,-1,-1
147,-1,806.75,338.9,128.96,388.88,-0.43682,-1,-1,-1
148,-1,702.45,430.92,112.14,338.41,1.8184,-1,-1,-1
148,-1,586.01,446.72,138.29,416.86,1.3437,-1,-1,-1
148,-1,1209.6,449.36,31.49,96.47,0.50404,-1,-1,-1
148,-1,717.57,329.43,148.29,446.86,0.42003,-1,-1,-1
148,-1,498.3,446.86,41.871,127.61,0.39774,-1,-1,-1
148,-1,824.12,464.01,84.742,256.23,-0.048563,-1,-1,-1
148,-1,552.55,394.97,195.98,589.95,-0.11837,-1,-1,-1
148,-1,875.57,429.71,84.742,256.23,-0.14928,-1,-1,-1
148,-1,1007.9,447.89,27.284,83.853,-0.34925,-1,-1,-1
148,-1,962.67,442.23,27.284,83.853,-0.37134,-1,-1,-1
148,-1,1081.3,309.67,84.742,256.23,-0.37807,-1,-1,-1
148,-1,953,433,39,119,-0.46214,-1,-1,-1
149,-1,702.45,430.92,112.14,338.41,2.2993,-1,-1,-1
149,-1,586.01,446.72,138.29,416.86,1.2862,-1,-1,-1
149,-1,824.12,464.01,84.742,256.23,0.6211,-1,-1,-1
149,-1,717.57,329.43,148.29,446.86,0.57229,-1,-1,-1
149,-1,497,449,39,119,0.3493,-1,-1,-1
149,-1,1205.8,446.72,33.822,103.47,0.028306,-1,-1,-1
149,-1,875.57,429.71,84.742,256.23,-0.055908,-1,-1,-1
149,-1,552.55,355.57,195.98,589.95,-0.13672,-1,-1,-1
149,-1,961.6,444.35,25.39,78.17,-0.19024,-1,-1,-1
149,-1,1081.3,309.67,84.742,256.23,-0.3522,-1,-1,-1
149,-1,1009.1,449.63,25.39,78.17,-0.46033,-1,-1,-1
150,-1,702.45,430.92,112.14,338.41,2.3383,-1,-1,-1
150,-1,568.28,419,148.29,446.86,1.1633,-1,-1,-1
150,-1,824.12,464.01,84.742,256.23,0.61406,-1,-1,-1
150,-1,705,321,159,479,0.60604,-1,-1,-1
150,-1,497,449,39,119,0.56005,-1,-1,-1
150,-1,875.57,429.71,84.742,256.23,0.026208,-1,-1,-1
150,-1,552.55,454.06,23.623,72.869,-0.13288,-1,-1,-1
150,-1,1081.3,309.67,84.742,256.23,-0.29824,-1,-1,-1
150,-1,549.92,338.79,210.12,632.36,-0.39129,-1,-1,-1
150,-1,1203.1,449.36,31.49,96.47,-0.41276,-1,-1,-1
150,-1,961.6,444.35,25.39,78.17,-0.46952,-1,-1,-1
150,-1,528.8,454.91,25.39,78.17,-0.49078,-1,-1,-1
151,-1,704.29,413.27,120.26,362.77,2.3087,-1,-1,-1
151,-1,568.28,419,148.29,446.86,1.1672,-1,-1,-1
151,-1,498.3,446.86,41.871,127.61,0.70425,-1,-1,-1
151,-1,824.12,464.01,84.742,256.23,0.44855,-1,-1,-1
151,-1,892.72,429.71,84.742,256.23,0.16403,-1,-1,-1
151,-1,686.94,309.67,170.48,513.45,-0.14593,-1,-1,-1
151,-1,1081.3,309.67,84.742,256.23,-0.2385,-1,-1,-1
151,-1,1007.9,447.89,27.284,83.853,-0.35633,-1,-1,-1
151,-1,1305.9,405.34,44.948,136.84,-0.38714,-1,-1,-1
151,-1,1203.1,449.36,31.49,96.47,-0.43816,-1,-1,-1
152,-1,725.08,430.92,112.14,338.41,2.3727,-1,-1,-1
152,-1,568.28,419,148.29,446.86,1.5027,-1,-1,-1
152,-1,497,449,39,119,0.62453,-1,-1,-1
152,-1,875.57,429.71,84.742,256.23,0.53376,-1,-1,-1
152,-1,705,321,159,479,0.49236,-1,-1,-1
152,-1,828.06,460.48,90.896,274.69,0.30216,-1,-1,-1
152,-1,1202.7,441.39,36.321,110.96,-0.074724,-1,-1,-1
152,-1,1305.9,405.34,44.948,136.84,-0.22156,-1,-1,-1
152,-1,1105.7,314.5,73.643,222.93,-0.32437,-1,-1,-1
152,-1,961.6,444.35,25.39,78.17,-0.40688,-1,-1,-1
152,-1,549.92,338.79,210.12,632.36,-0.40714,-1,-1,-1
152,-1,528.31,459.72,20.435,63.306,-0.46889,-1,-1,-1
153,-1,725.08,430.92,112.14,338.41,2.6483,-1,-1,-1
153,-1,568.28,419,148.29,446.86,1.2975,-1,-1,-1
153,-1,497,449,39,119,1.118,-1,-1,-1
153,-1,828.06,460.48,90.896,274.69,0.78746,-1,-1,-1
153,-1,705,321,159,479,0.48164,-1,-1,-1
153,-1,1192.8,421.14,41.871,127.61,0.16313,-1,-1,-1
153,-1,883.2,423.72,90.896,274.69,0.11634,-1,-1,-1
153,-1,1081.3,309.67,84.742,256.23,-0.30959,-1,-1,-1
153,-1,527.93,454.06,23.623,72.869,-0.48571,-1,-1,-1
154,-1,725.08,430.92,112.14,338.41,2.5081,-1,-1,-1
154,-1,568.28,419,148.29,446.86,1.0154,-1,-1,-1
154,-1,828.06,460.48,90.896,274.69,0.81309,-1,-1,-1
154,-1,497,449,39,119,0.61256,-1,-1,-1
154,-1,892.72,429.71,84.742,256.23,0.60489,-1,-1,-1
154,-1,705,321,159,479,0.36742,-1,-1,-1
154,-1,1192.8,421.14,41.871,127.61,0.19155,-1,-1,-1
154,-1,1101.4,321.36,68.644,207.93,-0.23898,-1,-1,-1
154,-1,806.75,390.88,128.96,388.88,-0.27739,-1,-1,-1
154,-1,465.47,433.8,51.78,157.34,-0.31392,-1,-1,-1
154,-1,527.93,454.06,23.623,72.869,-0.36376,-1,-1,-1
154,-1,549.92,338.79,210.12,632.36,-0.4594,-1,-1,-1
155,-1,728.54,413.27,120.26,362.77,2.8972,-1,-1,-1
155,-1,549.75,412.56,170.48,513.45,1.3527,-1,-1,-1
155,-1,892.72,429.71,84.742,256.23,1.0319,-1,-1,-1
155,-1,505,449,39,119,0.48652,-1,-1,-1
155,-1,828.06,460.48,90.896,274.69,0.18988,-1,-1,-1
155,-1,721.23,309.67,170.48,513.45,0.091619,-1,-1,-1
155,-1,1192.8,421.14,41.871,127.61,-0.020489,-1,-1,-1
155,-1,1007.4,443.59,29.314,89.943,-0.25337,-1,-1,-1
156,-1,728.54,413.27,120.26,362.77,3.1365,-1,-1,-1
156,-1,568.28,419,148.29,446.86,1.2443,-1,-1,-1
156,-1,892.72,429.71,84.742,256.23,0.70477,-1,-1,-1
156,-1,828.33,454.06,97.492,294.47,0.43201,-1,-1,-1
156,-1,687.71,568.28,73.643,222.93,0.1571,-1,-1,-1
156,-1,505,449,39,119,0.15701,-1,-1,-1
156,-1,721.23,309.67,170.48,513.45,0.10915,-1,-1,-1
156,-1,1007.9,447.89,27.284,83.853,0.049999,-1,-1,-1
156,-1,1131.7,449.36,31.49,96.47,-0.21919,-1,-1,-1
156,-1,1192.8,421.14,41.871,127.61,-0.29957,-1,-1,-1
156,-1,549.92,338.79,210.12,632.36,-0.31204,-1,-1,-1
156,-1,1101.4,321.36,68.644,207.93,-0.40501,-1,-1,-1
156,-1,849.8,364.77,120.26,362.77,-0.45771,-1,-1,-1
157,-1,728.54,413.27,120.26,362.77,2.8463,-1,-1,-1
157,-1,568.28,419,148.29,446.86,1.3938,-1,-1,-1
157,-1,828.33,454.06,97.492,294.47,0.64172,-1,-1,-1
157,-1,721.23,309.67,170.48,513.45,0.37548,-1,-1,-1
157,-1,892.72,429.71,84.742,256.23,0.35279,-1,-1,-1
157,-1,1009.1,449.63,25.39,78.17,0.31112,-1,-1,-1
157,-1,1192.8,421.14,41.871,127.61,-0.10665,-1,-1,-1
157,-1,505,449,39,119,-0.13827,-1,-1,-1
157,-1,1131.7,449.36,31.49,96.47,-0.14498,-1,-1,-1
157,-1,549.92,338.79,210.12,632.36,-0.34039,-1,-1,-1
157,-1,463.91,434.36,48.246,146.74,-0.44329,-1,-1,-1
157,-1,170.71,351.72,55.569,168.71,-0.47379,-1,-1,-1
158,-1,728.54,413.27,120.26,362.77,3.0189,-1,-1,-1
158,-1,568.28,419,148.29,446.86,1.3543,-1,-1,-1
158,-1,824.37,444.35,104.56,315.68,0.77193,-1,-1,-1
158,-1,892.72,429.71,84.742,256.23,0.50526,-1,-1,-1
158,-1,721.23,309.67,170.48,513.45,0.26472,-1,-1,-1
158,-1,505,449,39,119,-0.025304,-1,-1,-1
158,-1,1007.9,447.89,27.284,83.853,-0.34068,-1,-1,-1
158,-1,463.91,434.36,48.246,146.74,-0.35808,-1,-1,-1
158,-1,1134.8,455.71,29.314,89.943,-0.45707,-1,-1,-1
158,-1,864.59,279.58,138.29,416.86,-0.48585,-1,-1,-1
159,-1,728.54,413.27,120.26,362.77,2.8282,-1,-1,-1
159,-1,568.28,419,148.29,446.86,1.3755,-1,-1,-1
159,-1,824.37,444.35,104.56,315.68,0.79445,-1,-1,-1
159,-1,721.23,309.67,170.48,513.45,0.38495,-1,-1,-1
159,-1,1009.1,449.63,25.39,78.17,0.26713,-1,-1,-1
159,-1,892.72,429.71,84.742,256.23,0.12534,-1,-1,-1
159,-1,866.85,269.71,148.29,446.86,-0.094004,-1,-1,-1
159,-1,1131.7,449.36,31.49,96.47,-0.23129,-1,-1,-1
159,-1,505,449,39,119,-0.2827,-1,-1,-1
159,-1,549.92,338.79,210.12,632.36,-0.42378,-1,-1,-1
160,-1,747.7,430.92,112.14,338.41,2.6498,-1,-1,-1
160,-1,568.28,419,148.29,446.86,1.4716,-1,-1,-1
160,-1,737,321,159,479,0.99212,-1,-1,-1
160,-1,848.03,454.06,97.492,294.47,0.23436,-1,-1,-1
160,-1,505,449,39,119,0.17546,-1,-1,-1
160,-1,1009.1,449.63,25.39,78.17,0.13901,-1,-1,-1
160,-1,1138,459.21,27.284,83.853,-0.13497,-1,-1,-1
160,-1,463.91,434.36,48.246,146.74,-0.22879,-1,-1,-1
160,-1,549.92,338.79,210.12,632.36,-0.24118,-1,-1,-1
160,-1,866.85,269.71,148.29,446.86,-0.26066,-1,-1,-1
160,-1,1132.8,429.71,41.871,127.61,-0.38077,-1,-1,-1
161,-1,747.7,430.92,112.14,338.41,2.5077,-1,-1,-1
161,-1,568.28,419,148.29,446.86,1.4576,-1,-1,-1
161,-1,721.23,309.67,170.48,513.45,0.91851,-1,-1,-1
161,-1,848.03,454.06,97.492,294.47,0.41935,-1,-1,-1
161,-1,909.86,429.71,84.742,256.23,0.078916,-1,-1,-1
161,-1,1009.1,449.63,25.39,78.17,0.078914,-1,-1,-1
161,-1,1138.2,449.36,31.49,96.47,-0.077296,-1,-1,-1
161,-1,549.92,338.79,210.12,632.36,-0.18775,-1,-1,-1
161,-1,866.85,269.71,148.29,446.86,-0.23299,-1,-1,-1
161,-1,505,449,39,119,-0.24369,-1,-1,-1
161,-1,1190.1,449.36,31.49,96.47,-0.47703,-1,-1,-1
162,-1,747.7,430.92,112.14,338.41,2.5089,-1,-1,-1
162,-1,549.75,412.56,170.48,513.45,1.4718,-1,-1,-1
162,-1,721.23,309.67,170.48,513.45,1.0362,-1,-1,-1
162,-1,848.03,434.36,97.492,294.47,0.56652,-1,-1,-1
162,-1,1141.4,429.71,41.871,127.61,0.298,-1,-1,-1
162,-1,1007.9,447.89,27.284,83.853,-0.045215,-1,-1,-1
162,-1,866.85,269.71,148.29,446.86,-0.23485,-1,-1,-1
162,-1,505,449,39,119,-0.30984,-1,-1,-1
162,-1,1101.4,321.36,68.644,207.93,-0.49546,-1,-1,-1
163,-1,747.7,430.92,112.14,338.41,2.3595,-1,-1,-1
163,-1,568.28,448.86,148.29,446.86,1.289,-1,-1,-1
163,-1,737,321,159,479,1.2641,-1,-1,-1
163,-1,848.03,454.06,97.492,294.47,1.0195,-1,-1,-1
163,-1,655.79,437.53,120.26,362.77,0.75404,-1,-1,-1
163,-1,1141.4,429.71,41.871,127.61,0.11737,-1,-1,-1
163,-1,907.12,394.97,97.492,294.47,-0.022082,-1,-1,-1
163,-1,549.92,296.57,210.12,632.36,-0.18848,-1,-1,-1
163,-1,1190.1,449.36,31.49,96.47,-0.3654,-1,-1,-1
163,-1,836.73,335.29,138.29,416.86,-0.402,-1,-1,-1
163,-1,1305.9,414.53,44.948,136.84,-0.40436,-1,-1,-1
163,-1,463.91,434.36,48.246,146.74,-0.43681,-1,-1,-1
164,-1,752.8,413.27,120.26,362.77,2.5763,-1,-1,-1
164,-1,848.03,454.06,97.492,294.47,1.4135,-1,-1,-1
164,-1,549.75,412.56,170.48,513.45,1.3902,-1,-1,-1
164,-1,721.23,309.67,170.48,513.45,1.2316,-1,-1,-1
164,-1,1141.4,429.71,41.871,127.61,-0.021594,-1,-1,-1
164,-1,473,465,39,119,-0.20638,-1,-1,-1
164,-1,883.47,385.67,112.14,338.41,-0.28351,-1,-1,-1
164,-1,1305.9,405.34,44.948,136.84,-0.38741,-1,-1,-1
165,-1,752.8,413.27,120.26,362.77,2.4024,-1,-1,-1
165,-1,549.75,412.56,170.48,513.45,1.2132,-1,-1,-1
165,-1,721.23,309.67,170.48,513.45,1.1409,-1,-1,-1
165,-1,848.03,454.06,97.492,294.47,0.93789,-1,-1,-1
165,-1,1143,433.93,36.321,110.96,0.26877,-1,-1,-1
165,-1,874.05,364.77,120.26,362.77,0.20957,-1,-1,-1
165,-1,505,449,39,119,-0.3968,-1,-1,-1
165,-1,858.42,241.08,170.48,513.45,-0.45428,-1,-1,-1
165,-1,1304.3,421.14,41.871,127.61,-0.49556,-1,-1,-1
166,-1,754.77,416.87,128.96,388.88,3.0699,-1,-1,-1
166,-1,549.75,412.56,170.48,513.45,1.7467,-1,-1,-1
166,-1,848.03,454.06,97.492,294.47,1.0041,-1,-1,-1
166,-1,687.71,359.28,148.29,446.86,0.42208,-1,-1,-1
166,-1,1141.4,429.71,41.871,127.61,0.14633,-1,-1,-1
166,-1,710.14,276.78,195.98,589.95,0.08976,-1,-1,-1
166,-1,883.47,385.67,112.14,338.41,-0.12129,-1,-1,-1
166,-1,505,449,39,119,-0.35361,-1,-1,-1
166,-1,858.42,241.08,170.48,513.45,-0.37,-1,-1,-1
166,-1,464.01,455.43,41.871,127.61,-0.48923,-1,-1,-1
167,-1,754.77,416.87,128.96,388.88,2.8135,-1,-1,-1
167,-1,549.75,412.56,170.48,513.45,1.7267,-1,-1,-1
167,-1,848.03,434.36,97.492,294.47,1.0679,-1,-1,-1
167,-1,1141.4,429.71,41.871,127.61,0.43943,-1,-1,-1
167,-1,687.71,359.28,148.29,446.86,0.23057,-1,-1,-1
167,-1,710.14,276.78,195.98,589.95,-0.049417,-1,-1,-1
167,-1,906.1,385.67,112.14,338.41,-0.065571,-1,-1,-1
167,-1,505,449,39,119,-0.40083,-1,-1,-1
168,-1,752.8,413.27,120.26,362.77,2.7363,-1,-1,-1
168,-1,549.75,412.56,170.48,513.45,1.5532,-1,-1,-1
168,-1,846.44,460.48,90.896,274.69,1.1447,-1,-1,-1
168,-1,721.23,309.67,170.48,513.45,0.9202,-1,-1,-1
168,-1,927.01,429.71,84.742,256.23,-0.1463,-1,-1,-1
168,-1,1141.4,429.71,41.871,127.61,-0.16763,-1,-1,-1
168,-1,460.48,442.1,44.948,136.84,-0.19158,-1,-1,-1
168,-1,858.74,364.89,128.96,388.88,-0.29632,-1,-1,-1
168,-1,1503,153.66,23.623,72.869,-0.30518,-1,-1,-1
168,-1,505,449,39,119,-0.34364,-1,-1,-1
168,-1,534.53,195.01,241.51,726.54,-0.48581,-1,-1,-1
169,-1,754.77,416.87,128.96,388.88,2.3855,-1,-1,-1
169,-1,549.75,412.56,170.48,513.45,1.5616,-1,-1,-1
169,-1,864.82,460.48,90.896,274.69,1.1921,-1,-1,-1
169,-1,938.34,423.72,90.896,274.69,-0.020292,-1,-1,-1
169,-1,505,449,39,119,-0.10513,-1,-1,-1
169,-1,858.74,364.89,128.96,388.88,-0.12627,-1,-1,-1
169,-1,1153,433,39,119,-0.17074,-1,-1,-1
169,-1,699.41,295.07,182.79,550.38,-0.27833,-1,-1,-1
169,-1,460.48,442.1,44.948,136.84,-0.4007,-1,-1,-1
169,-1,520.84,156.95,258.92,778.76,-0.44932,-1,-1,-1
169,-1,1183.6,449.36,31.49,96.47,-0.46785,-1,-1,-1
169,-1,1305.9,405.34,44.948,136.84,-0.47771,-1,-1,-1
170,-1,752.8,413.27,120.26,362.77,2.2496,-1,-1,-1
170,-1,549.75,412.56,170.48,513.45,1.3603,-1,-1,-1
170,-1,848.03,454.06,97.492,294.47,1.2788,-1,-1,-1
170,-1,721.23,309.67,170.48,513.45,0.59096,-1,-1,-1
170,-1,505,449,39,119,0.184,-1,-1,-1
170,-1,874.05,389.02,120.26,362.77,0.10373,-1,-1,-1
170,-1,1153,433,39,119,-0.026439,-1,-1,-1
170,-1,472.58,455.43,41.871,127.61,-0.040017,-1,-1,-1
170,-1,534.53,195.01,241.51,726.54,-0.23642,-1,-1,-1
170,-1,1183.6,449.36,31.49,96.47,-0.29707,-1,-1,-1
170,-1,1003.8,444.35,25.39,78.17,-0.46147,-1,-1,-1
171,-1,752.8,437.53,120.26,362.77,2.0438,-1,-1,-1
171,-1,864.82,460.48,90.896,274.69,1.7094,-1,-1,-1
171,-1,577,417,159,479,1.2062,-1,-1,-1
171,-1,858.74,364.89,128.96,388.88,0.6961,-1,-1,-1
171,-1,755.53,309.67,170.48,513.45,0.52537,-1,-1,-1
171,-1,505,449,39,119,0.28147,-1,-1,-1
171,-1,1149.9,429.71,41.871,127.61,0.25611,-1,-1,-1
171,-1,544.06,272.53,225.27,677.82,0.18734,-1,-1,-1
171,-1,464.01,455.43,41.871,127.61,-0.11514,-1,-1,-1
171,-1,946.52,414.66,97.492,294.47,-0.18981,-1,-1,-1
172,-1,754.77,416.87,128.96,388.88,1.7248,-1,-1,-1
172,-1,867.73,454.06,97.492,294.47,1.5477,-1,-1,-1
172,-1,584.04,412.56,170.48,513.45,1.3358,-1,-1,-1
172,-1,938.34,423.72,90.896,274.69,0.68982,-1,-1,-1
172,-1,884.73,364.89,128.96,388.88,0.16478,-1,-1,-1
172,-1,463.91,434.36,48.246,146.74,0.14665,-1,-1,-1
172,-1,1149.9,429.71,41.871,127.61,0.11827,-1,-1,-1
172,-1,505,449,39,119,0.071264,-1,-1,-1
172,-1,749.54,237.38,195.98,589.95,-0.01453,-1,-1,-1
172,-1,520.84,156.95,258.92,778.76,-0.45931,-1,-1,-1
173,-1,754.77,416.87,128.96,388.88,1.5665,-1,-1,-1
173,-1,866.6,444.35,104.56,315.68,1.3802,-1,-1,-1
173,-1,584.04,412.56,170.48,513.45,1.172,-1,-1,-1
173,-1,505,449,39,119,0.51051,-1,-1,-1
173,-1,938.34,423.72,90.896,274.69,0.41726,-1,-1,-1
173,-1,469.67,451.29,44.948,136.84,0.40819,-1,-1,-1
173,-1,1149.9,429.71,41.871,127.61,0.10733,-1,-1,-1
173,-1,866.85,299.57,148.29,446.86,-0.17799,-1,-1,-1
173,-1,749.54,237.38,195.98,589.95,-0.20644,-1,-1,-1
173,-1,549.92,449.63,25.39,78.17,-0.31897,-1,-1,-1
173,-1,1305.9,405.34,44.948,136.84,-0.42176,-1,-1,-1
174,-1,754.77,416.87,128.96,388.88,1.8469,-1,-1,-1
174,-1,584.04,412.56,170.48,513.45,1.0491,-1,-1,-1
174,-1,867.73,454.06,97.492,294.47,1.0483,-1,-1,-1
174,-1,884.73,364.89,128.96,388.88,0.68576,-1,-1,-1
174,-1,505,449,39,119,0.3979,-1,-1,-1
174,-1,464.01,455.43,41.871,127.61,0.35908,-1,-1,-1
174,-1,1149.9,429.71,41.871,127.61,0.30725,-1,-1,-1
174,-1,749.54,237.38,195.98,589.95,-0.14456,-1,-1,-1
174,-1,552.38,455.88,21.974,67.922,-0.41646,-1,-1,-1
174,-1,1856.4,476.18,55.569,168.71,-0.45688,-1,-1,-1
175,-1,770.33,430.92,112.14,338.41,1.67,-1,-1,-1
175,-1,887.71,444.35,104.56,315.68,1.2513,-1,-1,-1
175,-1,584.04,412.56,170.48,513.45,1.1142,-1,-1,-1
175,-1,737,353,159,479,0.40197,-1,-1,-1
175,-1,464.01,455.43,41.871,127.61,0.34395,-1,-1,-1
175,-1,505,449,39,119,0.27832,-1,-1,-1
175,-1,1149.9,429.71,41.871,127.61,0.2731,-1,-1,-1
175,-1,549.92,449.63,25.39,78.17,-0.0018802,-1,-1,-1
175,-1,920.3,307.43,138.29,416.86,-0.30406,-1,-1,-1
175,-1,725.08,182.02,225.27,677.82,-0.41084,-1,-1,-1
176,-1,770.33,430.92,112.14,338.41,1.9065,-1,-1,-1
176,-1,584.04,412.56,170.48,513.45,1.6488,-1,-1,-1
176,-1,887.71,444.35,104.56,315.68,1.6257,-1,-1,-1
176,-1,513,449,39,119,0.37197,-1,-1,-1
176,-1,736.17,295.07,182.79,550.38,0.25582,-1,-1,-1
176,-1,922.56,389.02,120.26,362.77,0.068115,-1,-1,-1
176,-1,1149.9,429.71,41.871,127.61,0.063339,-1,-1,-1
176,-1,472.58,455.43,41.871,127.61,0.05206,-1,-1,-1
176,-1,552.55,454.06,23.623,72.869,-0.19945,-1,-1,-1
176,-1,858.42,275.37,170.48,513.45,-0.48575,-1,-1,-1
177,-1,770.33,430.92,112.14,338.41,1.8368,-1,-1,-1
177,-1,584.04,412.56,170.48,513.45,1.5457,-1,-1,-1
177,-1,887.71,444.35,104.56,315.68,1.4458,-1,-1,-1
177,-1,505,449,39,119,0.39243,-1,-1,-1
177,-1,465,457,39,119,0.1546,-1,-1,-1
177,-1,769,321,159,479,0.1541,-1,-1,-1
177,-1,896.71,329.43,148.29,446.86,0.13505,-1,-1,-1
177,-1,552.55,454.06,23.623,72.869,-0.044498,-1,-1,-1
177,-1,1178,446.72,33.822,103.47,-0.30855,-1,-1,-1
177,-1,1149.9,429.71,41.871,127.61,-0.35968,-1,-1,-1
177,-1,1098.5,309.67,84.742,256.23,-0.42513,-1,-1,-1
178,-1,777.05,437.53,120.26,362.77,1.4249,-1,-1,-1
178,-1,887.71,444.35,104.56,315.68,1.2823,-1,-1,-1
178,-1,589.13,405.34,182.79,550.38,1.1314,-1,-1,-1
178,-1,922.56,389.02,120.26,362.77,0.32574,-1,-1,-1
178,-1,505,441,39,119,0.024467,-1,-1,-1
178,-1,755.53,309.67,170.48,513.45,0.0098814,-1,-1,-1
178,-1,552.55,454.06,23.623,72.869,-0.021814,-1,-1,-1
178,-1,1153,433,39,119,-0.041044,-1,-1,-1
178,-1,464.01,455.43,41.871,127.61,-0.14902,-1,-1,-1
179,-1,770.33,430.92,112.14,338.41,1.7568,-1,-1,-1
179,-1,907.12,454.06,97.492,294.47,1.3,-1,-1,-1
179,-1,589.13,405.34,182.79,550.38,0.93248,-1,-1,-1
179,-1,769,353,159,479,0.54118,-1,-1,-1
179,-1,505,449,39,119,-0.069939,-1,-1,-1
179,-1,896.71,329.43,148.29,446.86,-0.14806,-1,-1,-1
179,-1,460.48,451.29,44.948,136.84,-0.23965,-1,-1,-1
179,-1,1153,433,39,119,-0.2575,-1,-1,-1
179,-1,552.38,455.88,21.974,67.922,-0.392,-1,-1,-1
180,-1,770.33,430.92,112.14,338.41,1.7439,-1,-1,-1
180,-1,907.12,454.06,97.492,294.47,1.2584,-1,-1,-1
180,-1,609,417,159,479,0.77786,-1,-1,-1
180,-1,769,353,159,479,0.37895,-1,-1,-1
180,-1,460.48,451.29,44.948,136.84,0.22628,-1,-1,-1
180,-1,1153,433,39,119,0.12426,-1,-1,-1
180,-1,505,449,39,119,0.073273,-1,-1,-1
180,-1,896.71,329.43,148.29,446.86,-0.14271,-1,-1,-1
180,-1,547.63,454.06,23.623,72.869,-0.39172,-1,-1,-1
181,-1,777.05,413.27,120.26,362.77,1.7292,-1,-1,-1
181,-1,887.71,444.35,104.56,315.68,1.4447,-1,-1,-1
181,-1,618.34,412.56,170.48,513.45,0.73299,-1,-1,-1
181,-1,755.53,309.67,170.48,513.45,0.46075,-1,-1,-1
181,-1,1153,433,39,119,0.20884,-1,-1,-1
181,-1,505,449,39,119,-0.012671,-1,-1,-1
181,-1,896.71,329.43,148.29,446.86,-0.062958,-1,-1,-1
181,-1,464.01,455.43,41.871,127.61,-0.18101,-1,-1,-1
181,-1,575.47,455.43,41.871,127.61,-0.18244,-1,-1,-1
181,-1,1856.4,476.18,55.569,168.71,-0.375,-1,-1,-1
181,-1,549.75,455.43,20.435,63.306,-0.46344,-1,-1,-1
182,-1,780.76,416.87,128.96,388.88,1.9064,-1,-1,-1
182,-1,907.12,454.06,97.492,294.47,1.5494,-1,-1,-1
182,-1,618.34,412.56,170.48,513.45,0.57856,-1,-1,-1
182,-1,1153,433,39,119,0.48299,-1,-1,-1
182,-1,505,449,39,119,0.10371,-1,-1,-1
182,-1,575.47,455.43,41.871,127.61,-0.019174,-1,-1,-1
182,-1,896.71,329.43,148.29,446.86,-0.054607,-1,-1,-1
182,-1,552.55,449.14,23.623,72.869,-0.24681,-1,-1,-1
182,-1,749.54,237.38,195.98,589.95,-0.28433,-1,-1,-1
182,-1,464.01,455.43,41.871,127.61,-0.4495,-1,-1,-1
183,-1,777.05,413.27,120.26,362.77,1.9837,-1,-1,-1
183,-1,907.12,454.06,97.492,294.47,1.6313,-1,-1,-1
183,-1,628,448.86,148.29,446.86,0.83077,-1,-1,-1
183,-1,755.53,309.67,170.48,513.45,0.50555,-1,-1,-1
183,-1,1149.9,429.71,41.871,127.61,0.31112,-1,-1,-1
183,-1,505,449,39,119,0.29663,-1,-1,-1
183,-1,575.47,455.43,41.871,127.61,-0.03366,-1,-1,-1
183,-1,920.3,335.29,138.29,416.86,-0.23222,-1,-1,-1
183,-1,1098.5,309.67,84.742,256.23,-0.37858,-1,-1,-1
183,-1,589.31,317.78,225.27,677.82,-0.46472,-1,-1,-1
183,-1,481.15,455.43,41.871,127.61,-0.48656,-1,-1,-1
184,-1,777.05,413.27,120.26,362.77,2.3035,-1,-1,-1
184,-1,908.82,444.35,104.56,315.68,1.2839,-1,-1,-1
184,-1,628,448.86,148.29,446.86,0.77269,-1,-1,-1
184,-1,755.53,343.97,170.48,513.45,0.59531,-1,-1,-1
184,-1,572.25,454.06,48.246,146.74,0.42117,-1,-1,-1
184,-1,1153,433,39,119,0.41303,-1,-1,-1
184,-1,505,449,39,119,0.29024,-1,-1,-1
184,-1,920.3,335.29,138.29,416.86,-0.050768,-1,-1,-1
184,-1,549.75,455.43,20.435,63.306,-0.41285,-1,-1,-1
184,-1,592.14,338.79,210.12,632.36,-0.41653,-1,-1,-1
185,-1,780.76,416.87,128.96,388.88,2.0379,-1,-1,-1
185,-1,926.82,454.06,97.492,294.47,1.2353,-1,-1,-1
185,-1,618.34,412.56,170.48,513.45,1.0654,-1,-1,-1
185,-1,1153,433,39,119,0.56941,-1,-1,-1
185,-1,572.25,454.06,48.246,146.74,0.39443,-1,-1,-1
185,-1,505,449,39,119,0.34845,-1,-1,-1
185,-1,896.71,329.43,148.29,446.86,0.2121,-1,-1,-1
185,-1,749.54,237.38,195.98,589.95,0.013408,-1,-1,-1
185,-1,547.78,455.88,21.974,67.922,-0.26003,-1,-1,-1
186,-1,780.76,416.87,128.96,388.88,1.9503,-1,-1,-1
186,-1,618.34,412.56,170.48,513.45,0.91326,-1,-1,-1
186,-1,926.82,454.06,97.492,294.47,0.42717,-1,-1,-1
186,-1,896.71,329.43,148.29,446.86,0.31669,-1,-1,-1
186,-1,1153,433,39,119,0.31442,-1,-1,-1
186,-1,566.69,453.55,55.569,168.71,0.15915,-1,-1,-1
186,-1,505,449,39,119,0.070215,-1,-1,-1
186,-1,996.61,363.04,112.14,338.41,-0.12483,-1,-1,-1
186,-1,749.54,237.38,195.98,589.95,-0.17545,-1,-1,-1
186,-1,549.75,455.43,20.435,63.306,-0.23033,-1,-1,-1
186,-1,552.38,405.34,90.896,274.69,-0.36616,-1,-1,-1
186,-1,1856.4,476.18,55.569,168.71,-0.36859,-1,-1,-1
187,-1,780.76,416.87,128.96,388.88,2.0463,-1,-1,-1
187,-1,625.89,405.34,182.79,550.38,0.85784,-1,-1,-1
187,-1,926.82,454.06,97.492,294.47,0.4554,-1,-1,-1
187,-1,505,441,39,119,0.37783,-1,-1,-1
187,-1,571.03,454.91,51.78,157.34,0.31746,-1,-1,-1
187,-1,1153,433,39,119,0.29595,-1,-1,-1
187,-1,993.48,423.72,90.896,274.69,0.068807,-1,-1,-1
187,-1,552.38,405.34,90.896,274.69,-0.24995,-1,-1,-1
187,-1,749.54,237.38,195.98,589.95,-0.25057,-1,-1,-1
187,-1,896.71,329.43,148.29,446.86,-0.34909,-1,-1,-1
188,-1,780.76,416.87,128.96,388.88,2.3308,-1,-1,-1
188,-1,625.89,405.34,182.79,550.38,1.1745,-1,-1,-1
188,-1,929.93,444.35,104.56,315.68,1.1077,-1,-1,-1
188,-1,993.48,423.72,90.896,274.69,0.25318,-1,-1,-1
188,-1,549.75,455.43,20.435,63.306,0.23191,-1,-1,-1
188,-1,1153,433,39,119,0.064099,-1,-1,-1
188,-1,552.38,405.34,90.896,274.69,-0.026875,-1,-1,-1
188,-1,505,449,39,119,-0.060116,-1,-1,-1
188,-1,749.54,237.38,195.98,589.95,-0.16358,-1,-1,-1
188,-1,896.71,329.43,148.29,446.86,-0.30838,-1,-1,-1
188,-1,1080.2,425.4,59.629,180.89,-0.36746,-1,-1,-1
188,-1,1856.4,476.18,55.569,168.71,-0.43327,-1,-1,-1
189,-1,780.76,416.87,128.96,388.88,2.3661,-1,-1,-1
189,-1,926.82,454.06,97.492,294.47,1.3412,-1,-1,-1
189,-1,652.64,412.56,170.48,513.45,1.2985,-1,-1,-1
189,-1,1005.6,414.66,97.492,294.47,0.26838,-1,-1,-1
189,-1,572.83,429.87,63.98,193.94,0.14876,-1,-1,-1
189,-1,505,449,39,119,0.069761,-1,-1,-1
189,-1,761.04,212.12,210.12,632.36,0.0086272,-1,-1,-1
189,-1,547.78,455.88,21.974,67.922,-0.14844,-1,-1,-1
189,-1,926.57,329.43,148.29,446.86,-0.1509,-1,-1,-1
189,-1,1149.9,429.71,41.871,127.61,-0.21045,-1,-1,-1
189,-1,552.55,394.97,195.98,589.95,-0.37169,-1,-1,-1
189,-1,369.69,438.28,41.871,127.61,-0.43019,-1,-1,-1
189,-1,1097,433,39,119,-0.44048,-1,-1,-1
190,-1,780.76,416.87,128.96,388.88,2.7093,-1,-1,-1
190,-1,929.93,444.35,104.56,315.68,1.3853,-1,-1,-1
190,-1,625.89,405.34,182.79,550.38,0.95456,-1,-1,-1
190,-1,1005.6,414.66,97.492,294.47,0.46288,-1,-1,-1
190,-1,571.03,454.91,51.78,157.34,0.42003,-1,-1,-1
190,-1,549.75,455.43,20.435,63.306,0.17788,-1,-1,-1
190,-1,749.54,237.38,195.98,589.95,0.035214,-1,-1,-1
190,-1,503.31,444.21,48.246,146.74,0.0099856,-1,-1,-1
190,-1,926.57,329.43,148.29,446.86,-0.10197,-1,-1,-1
190,-1,553.36,404.07,73.643,222.93,-0.12178,-1,-1,-1
190,-1,1153,433,39,119,-0.22936,-1,-1,-1
190,-1,1094.6,432.91,44.948,136.84,-0.23527,-1,-1,-1
190,-1,455.43,455.43,41.871,127.61,-0.41337,-1,-1,-1
191,-1,780.76,416.87,128.96,388.88,2.5924,-1,-1,-1
191,-1,929.93,444.35,104.56,315.68,1.171,-1,-1,-1
191,-1,652.64,412.56,170.48,513.45,0.54912,-1,-1,-1
191,-1,571.03,454.91,51.78,157.34,0.53513,-1,-1,-1
191,-1,1005.6,414.66,97.492,294.47,0.49516,-1,-1,-1
191,-1,788.93,237.38,195.98,589.95,0.15343,-1,-1,-1
191,-1,549.75,455.43,20.435,63.306,0.091124,-1,-1,-1
191,-1,926.57,329.43,148.29,446.86,0.051165,-1,-1,-1
191,-1,503.31,444.21,48.246,146.74,-0.13859,-1,-1,-1
191,-1,1149.9,429.71,41.871,127.61,-0.25216,-1,-1,-1
191,-1,561,401,79,239,-0.26475,-1,-1,-1
191,-1,1097,433,39,119,-0.40108,-1,-1,-1
191,-1,455.43,455.43,41.871,127.61,-0.47469,-1,-1,-1
192,-1,780.76,416.87,128.96,388.88,2.1012,-1,-1,-1
192,-1,929.93,444.35,104.56,315.68,1.0911,-1,-1,-1
192,-1,1149.9,429.71,41.871,127.61,0.86818,-1,-1,-1
192,-1,566.69,453.55,55.569,168.71,0.551,-1,-1,-1
192,-1,652.64,412.56,170.48,513.45,0.47617,-1,-1,-1
192,-1,761.04,212.12,210.12,632.36,0.11962,-1,-1,-1
192,-1,948.16,363.15,138.29,416.86,0.10852,-1,-1,-1
192,-1,547.63,454.06,23.623,72.869,-0.011611,-1,-1,-1
192,-1,455.43,455.43,41.871,127.61,-0.05627,-1,-1,-1
192,-1,503.31,444.21,48.246,146.74,-0.21065,-1,-1,-1
192,-1,369.69,438.28,41.871,127.61,-0.46011,-1,-1,-1
192,-1,561,401,79,239,-0.4669,-1,-1,-1
192,-1,1080.2,425.4,59.629,180.89,-0.49235,-1,-1,-1
193,-1,801.3,437.53,120.26,362.77,2.4666,-1,-1,-1
193,-1,951.05,444.35,104.56,315.68,1.0509,-1,-1,-1
193,-1,789.83,309.67,170.48,513.45,0.90592,-1,-1,-1
193,-1,570.91,449.65,59.629,180.89,0.62052,-1,-1,-1
193,-1,549.75,455.43,20.435,63.306,0.56116,-1,-1,-1
193,-1,687.71,389.14,148.29,446.86,0.47781,-1,-1,-1
193,-1,1149.9,429.71,41.871,127.61,0.34994,-1,-1,-1
193,-1,996.61,408.29,112.14,338.41,0.30703,-1,-1,-1
193,-1,926.57,329.43,148.29,446.86,0.082399,-1,-1,-1
193,-1,506.88,438.28,41.871,127.61,0.057091,-1,-1,-1
193,-1,549.75,395.41,84.742,256.23,-0.048826,-1,-1,-1
193,-1,455.43,455.43,41.871,127.61,-0.10508,-1,-1,-1
193,-1,634.36,381.02,210.12,632.36,-0.11651,-1,-1,-1
193,-1,1080.2,425.4,59.629,180.89,-0.27038,-1,-1,-1
194,-1,806.75,416.87,128.96,388.88,2.7657,-1,-1,-1
194,-1,951.05,444.35,104.56,315.68,1.3124,-1,-1,-1
194,-1,566.69,453.55,55.569,168.71,0.85701,-1,-1,-1
194,-1,662.65,405.34,182.79,550.38,0.45068,-1,-1,-1
194,-1,506.88,446.86,41.871,127.61,0.32472,-1,-1,-1
194,-1,1140.5,423.72,44.948,136.84,0.29595,-1,-1,-1
194,-1,926.57,329.43,148.29,446.86,0.23797,-1,-1,-1
194,-1,788.93,237.38,195.98,589.95,0.11203,-1,-1,-1
194,-1,549.75,455.43,20.435,63.306,0.021022,-1,-1,-1
194,-1,455.43,455.43,41.871,127.61,-0.057166,-1,-1,-1
194,-1,549.75,395.41,84.742,256.23,-0.10358,-1,-1,-1
194,-1,369.69,438.28,41.871,127.61,-0.4579,-1,-1,-1
195,-1,801.3,437.53,120.26,362.77,2.3792,-1,-1,-1
195,-1,566.69,453.55,55.569,168.71,1.3905,-1,-1,-1
195,-1,951.05,444.35,104.56,315.68,0.71776,-1,-1,-1
195,-1,662.65,405.34,182.79,550.38,0.62938,-1,-1,-1
195,-1,789.83,309.67,170.48,513.45,0.45757,-1,-1,-1
195,-1,506.88,446.86,41.871,127.61,0.4023,-1,-1,-1
195,-1,1149.9,429.71,41.871,127.61,0.36565,-1,-1,-1
195,-1,926.57,329.43,148.29,446.86,-0.060342,-1,-1,-1
195,-1,549.75,455.43,20.435,63.306,-0.1783,-1,-1,-1
195,-1,1104.4,437.53,29.314,89.943,-0.18179,-1,-1,-1
195,-1,455.43,455.43,41.871,127.61,-0.39266,-1,-1,-1
195,-1,1089.9,429.71,41.871,127.61,-0.42825,-1,-1,-1
195,-1,561,401,79,239,-0.44877,-1,-1,-1
196,-1,806.75,416.87,128.96,388.88,2.005,-1,-1,-1
196,-1,566.69,453.55,55.569,168.71,1.3885,-1,-1,-1
196,-1,951.05,444.35,104.56,315.68,0.93037,-1,-1,-1
196,-1,670.74,394.97,195.98,589.95,0.76348,-1,-1,-1
196,-1,1141.4,429.71,41.871,127.61,0.20412,-1,-1,-1
196,-1,455.43,464.01,41.871,127.61,0.15508,-1,-1,-1
196,-1,506.88,438.28,41.871,127.61,-0.035088,-1,-1,-1
196,-1,956.43,329.43,148.29,446.86,-0.059577,-1,-1,-1
196,-1,1104.4,437.53,29.314,89.943,-0.14165,-1,-1,-1
196,-1,809.68,295.07,182.79,550.38,-0.22014,-1,-1,-1
196,-1,545.46,455.43,20.435,63.306,-0.47735,-1,-1,-1
197,-1,806.75,416.87,128.96,388.88,1.9228,-1,-1,-1
197,-1,578,453.55,55.569,168.71,1.4429,-1,-1,-1
197,-1,951.05,444.35,104.56,315.68,0.92691,-1,-1,-1
197,-1,670.74,394.97,195.98,589.95,0.6156,-1,-1,-1
197,-1,513,449,39,119,0.5688,-1,-1,-1
197,-1,1141.4,429.71,41.871,127.61,0.39845,-1,-1,-1
197,-1,455.43,455.43,41.871,127.61,0.055784,-1,-1,-1
197,-1,956.43,329.43,148.29,446.86,0.052894,-1,-1,-1
197,-1,547.78,455.88,21.974,67.922,-0.044649,-1,-1,-1
197,-1,1098.5,429.71,41.871,127.61,-0.2396,-1,-1,-1
197,-1,809.68,295.07,182.79,550.38,-0.24145,-1,-1,-1
197,-1,369.69,438.28,41.871,127.61,-0.49699,-1,-1,-1
198,-1,578,453.55,55.569,168.71,1.8586,-1,-1,-1
198,-1,806.75,416.87,128.96,388.88,1.7513,-1,-1,-1
198,-1,972.16,444.35,104.56,315.68,1.7172,-1,-1,-1
198,-1,662.65,405.34,182.79,550.38,0.69467,-1,-1,-1
198,-1,513,449,39,119,0.67795,-1,-1,-1
198,-1,1141.4,429.71,41.871,127.61,0.47392,-1,-1,-1
198,-1,986.28,329.43,148.29,446.86,-0.10895,-1,-1,-1
198,-1,809.68,295.07,182.79,550.38,-0.19693,-1,-1,-1
198,-1,561,401,79,239,-0.26045,-1,-1,-1
198,-1,457,465,39,119,-0.26461,-1,-1,-1
199,-1,570.91,449.65,59.629,180.89,2.0584,-1,-1,-1
199,-1,806.75,416.87,128.96,388.88,1.6622,-1,-1,-1
199,-1,972.16,444.35,104.56,315.68,1.6041,-1,-1,-1
199,-1,662.65,405.34,182.79,550.38,0.88175,-1,-1,-1
199,-1,1141.4,429.71,41.871,127.61,0.73454,-1,-1,-1
199,-1,513,449,39,119,0.18526,-1,-1,-1
199,-1,809.68,295.07,182.79,550.38,-0.057691,-1,-1,-1
199,-1,986.28,329.43,148.29,446.86,-0.07798,-1,-1,-1
199,-1,1105,321,79,239,-0.43332,-1,-1,-1
199,-1,455.43,455.43,41.871,127.61,-0.44435,-1,-1,-1
200,-1,578,453.55,55.569,168.71,2.0036,-1,-1,-1
200,-1,806.75,416.87,128.96,388.88,1.7281,-1,-1,-1
200,-1,973.98,430.92,112.14,338.41,1.4048,-1,-1,-1
200,-1,1141.4,429.71,41.871,127.61,0.99898,-1,-1,-1
200,-1,662.65,405.34,182.79,550.38,0.794,-1,-1,-1
200,-1,506.88,446.86,41.871,127.61,0.11907,-1,-1,-1
200,-1,824.12,343.97,170.48,513.45,-0.038795,-1,-1,-1
200,-1,1184.9,446.72,33.822,103.47,-0.23179,-1,-1,-1
200,-1,561,401,79,239,-0.264,-1,-1,-1
200,-1,547.78,451.29,21.974,67.922,-0.39079,-1,-1,-1
200,-1,1098.5,309.67,84.742,256.23,-0.453,-1,-1,-1
200,-1,481,457,39,119,-0.4548,-1,-1,-1
201,-1,570.91,437.53,59.629,180.89,1.661,-1,-1,-1
201,-1,808.87,391.01,138.29,416.86,1.3783,-1,-1,-1
201,-1,670.74,394.97,195.98,589.95,1.1379,-1,-1,-1
201,-1,972.16,444.35,104.56,315.68,1.1312,-1,-1,-1
201,-1,1140.5,423.72,44.948,136.84,0.74573,-1,-1,-1
201,-1,506.88,446.86,41.871,127.61,0.39779,-1,-1,-1
201,-1,1045,414.66,97.492,294.47,-0.32591,-1,-1,-1
201,-1,1098.5,309.67,84.742,256.23,-0.39457,-1,-1,-1
201,-1,1184.9,446.72,33.822,103.47,-0.46655,-1,-1,-1
201,-1,986.28,329.43,148.29,446.86,-0.46665,-1,-1,-1
201,-1,449,465,39,119,-0.48945,-1,-1,-1
202,-1,806.75,416.87,128.96,388.88,1.4632,-1,-1,-1
202,-1,570.91,449.65,59.629,180.89,1.4063,-1,-1,-1
202,-1,670.74,394.97,195.98,589.95,1.3695,-1,-1,-1
202,-1,993.27,444.35,104.56,315.68,0.57115,-1,-1,-1
202,-1,1141.4,429.71,41.871,127.61,0.56114,-1,-1,-1
202,-1,506.88,446.86,41.871,127.61,0.46026,-1,-1,-1
202,-1,824.12,309.67,170.48,513.45,0.16376,-1,-1,-1
202,-1,1041.9,363.04,112.14,338.41,-0.10967,-1,-1,-1
202,-1,1183.6,449.36,31.49,96.47,-0.20317,-1,-1,-1
202,-1,449,465,39,119,-0.35901,-1,-1,-1
202,-1,566.9,395.41,84.742,256.23,-0.37944,-1,-1,-1
203,-1,832.75,416.87,128.96,388.88,1.7284,-1,-1,-1
203,-1,578,453.55,55.569,168.71,1.7133,-1,-1,-1
203,-1,670.74,394.97,195.98,589.95,1.4479,-1,-1,-1
203,-1,993.27,444.35,104.56,315.68,1.2845,-1,-1,-1
203,-1,561,401,79,239,0.24766,-1,-1,-1
203,-1,506.88,446.86,41.871,127.61,0.18002,-1,-1,-1
203,-1,1141.4,429.71,41.871,127.61,-0.0077237,-1,-1,-1
203,-1,1056.6,402.13,104.56,315.68,-0.075222,-1,-1,-1
203,-1,1184.9,446.72,33.822,103.47,-0.11386,-1,-1,-1
203,-1,828.33,237.38,195.98,589.95,-0.13997,-1,-1,-1
203,-1,995.61,275.37,170.48,513.45,-0.28056,-1,-1,-1
204,-1,578,453.55,55.569,168.71,1.8804,-1,-1,-1
204,-1,832.75,416.87,128.96,388.88,1.6506,-1,-1,-1
204,-1,670.74,394.97,195.98,589.95,1.3893,-1,-1,-1
204,-1,993.27,444.35,104.56,315.68,0.9693,-1,-1,-1
204,-1,561,401,79,239,0.18842,-1,-1,-1
204,-1,506.88,446.86,41.871,127.61,0.1849,-1,-1,-1
204,-1,1056.6,402.13,104.56,315.68,0.16412,-1,-1,-1
204,-1,995.61,275.37,170.48,513.45,-0.06067,-1,-1,-1
204,-1,846.44,295.07,182.79,550.38,-0.10198,-1,-1,-1
204,-1,1183.6,449.36,31.49,96.47,-0.33052,-1,-1,-1
204,-1,481,449,39,119,-0.35216,-1,-1,-1
204,-1,449,465,39,119,-0.38718,-1,-1,-1
205,-1,578,453.55,55.569,168.71,2.138,-1,-1,-1
205,-1,832.75,416.87,128.96,388.88,1.9101,-1,-1,-1
205,-1,662.65,405.34,182.79,550.38,1.1962,-1,-1,-1
205,-1,996.61,430.92,112.14,338.41,1.143,-1,-1,-1
205,-1,1056.6,402.13,104.56,315.68,0.23108,-1,-1,-1
205,-1,865,353,159,479,0.20825,-1,-1,-1
205,-1,1016.1,329.43,148.29,446.86,0.17438,-1,-1,-1
205,-1,505,449,39,119,0.047599,-1,-1,-1
205,-1,566.9,395.41,84.742,256.23,-0.042815,-1,-1,-1
205,-1,1184.9,446.72,33.822,103.47,-0.29992,-1,-1,-1
205,-1,481,457,39,119,-0.35119,-1,-1,-1
205,-1,449,465,39,119,-0.3704,-1,-1,-1
205,-1,545.46,455.43,20.435,63.306,-0.43395,-1,-1,-1
206,-1,832.75,416.87,128.96,388.88,2.5097,-1,-1,-1
206,-1,996.61,430.92,112.14,338.41,1.8002,-1,-1,-1
206,-1,581.58,454.91,51.78,157.34,1.7038,-1,-1,-1
206,-1,670.74,394.97,195.98,589.95,0.98171,-1,-1,-1
206,-1,568.28,404.07,73.643,222.93,0.70195,-1,-1,-1
206,-1,1064.7,434.36,97.492,294.47,0.61036,-1,-1,-1
206,-1,506.88,446.86,41.871,127.61,0.2757,-1,-1,-1
206,-1,846.44,295.07,182.79,550.38,0.23852,-1,-1,-1
206,-1,1016.1,329.43,148.29,446.86,0.1659,-1,-1,-1
206,-1,481.54,453.69,33.822,103.47,-0.081596,-1,-1,-1
206,-1,449,465,39,119,-0.33469,-1,-1,-1
207,-1,583.04,449.65,59.629,180.89,2.1083,-1,-1,-1
207,-1,858.74,416.87,128.96,388.88,2.015,-1,-1,-1
207,-1,996.61,453.55,112.14,338.41,1.9064,-1,-1,-1
207,-1,676.59,381.02,210.12,632.36,1.0149,-1,-1,-1
207,-1,1016.1,329.43,148.29,446.86,0.87609,-1,-1,-1
207,-1,505,449,39,119,0.59611,-1,-1,-1
207,-1,846.44,295.07,182.79,550.38,0.23868,-1,-1,-1
207,-1,545.46,455.43,20.435,63.306,0.016946,-1,-1,-1
207,-1,446.86,455.43,41.871,127.61,-0.080763,-1,-1,-1
207,-1,566.9,395.41,84.742,256.23,-0.3657,-1,-1,-1
208,-1,589.31,453.55,55.569,168.71,2.5021,-1,-1,-1
208,-1,858.74,416.87,128.96,388.88,2.2462,-1,-1,-1
208,-1,996.61,453.55,112.14,338.41,1.9584,-1,-1,-1
208,-1,505,449,39,119,1.3212,-1,-1,-1
208,-1,670.74,394.97,195.98,589.95,0.95809,-1,-1,-1
208,-1,1016.1,329.43,148.29,446.86,0.67543,-1,-1,-1
208,-1,545.46,455.43,20.435,63.306,0.62753,-1,-1,-1
208,-1,828.33,237.38,195.98,589.95,0.32235,-1,-1,-1
208,-1,449,465,39,119,-0.0059582,-1,-1,-1
208,-1,577,401,79,239,-0.054189,-1,-1,-1
208,-1,1191.9,446.72,33.822,103.47,-0.15873,-1,-1,-1
208,-1,478.71,456.32,36.321,110.96,-0.36077,-1,-1,-1
209,-1,858.74,416.87,128.96,388.88,2.6502,-1,-1,-1
209,-1,589.31,453.55,55.569,168.71,2.0596,-1,-1,-1
209,-1,996.61,453.55,112.14,338.41,1.4943,-1,-1,-1
209,-1,670.74,394.97,195.98,589.95,0.92737,-1,-1,-1
209,-1,505,449,39,119,0.90314,-1,-1,-1
209,-1,846.44,295.07,182.79,550.38,0.52903,-1,-1,-1
209,-1,1016.1,329.43,148.29,446.86,0.44112,-1,-1,-1
209,-1,449,465,39,119,0.30067,-1,-1,-1
209,-1,545.46,455.43,20.435,63.306,0.28696,-1,-1,-1
209,-1,1196.6,449.36,31.49,96.47,0.21431,-1,-1,-1
209,-1,478.71,456.32,36.321,110.96,-0.069403,-1,-1,-1
209,-1,577,401,79,239,-0.098219,-1,-1,-1
210,-1,858.74,416.87,128.96,388.88,2.627,-1,-1,-1
210,-1,583.04,449.65,59.629,180.89,2.2351,-1,-1,-1
210,-1,996.61,453.55,112.14,338.41,1.4924,-1,-1,-1
210,-1,505,449,39,119,0.9115,-1,-1,-1
210,-1,670.74,394.97,195.98,589.95,0.8526,-1,-1,-1
210,-1,1016.1,329.43,148.29,446.86,0.55804,-1,-1,-1
210,-1,545.46,455.43,20.435,63.306,0.40382,-1,-1,-1
210,-1,846.44,295.07,182.79,550.38,0.39957,-1,-1,-1
210,-1,584.04,378.26,84.742,256.23,-0.10278,-1,-1,-1
210,-1,481.85,462.36,31.49,96.47,-0.2129,-1,-1,-1
211,-1,858.74,416.87,128.96,388.88,2.7722,-1,-1,-1
211,-1,589.31,453.55,55.569,168.71,2.3732,-1,-1,-1
211,-1,1014.4,465.47,104.56,315.68,1.1601,-1,-1,-1
211,-1,505,449,39,119,0.98655,-1,-1,-1
211,-1,1031.7,363.15,138.29,416.86,0.57013,-1,-1,-1
211,-1,670.74,394.97,195.98,589.95,0.56763,-1,-1,-1
211,-1,846.44,295.07,182.79,550.38,0.24128,-1,-1,-1
211,-1,577,417,79,239,-0.14104,-1,-1,-1
211,-1,478.71,456.32,36.321,110.96,-0.14677,-1,-1,-1
211,-1,545.46,455.43,20.435,63.306,-0.2039,-1,-1,-1
211,-1,1196.6,449.36,31.49,96.47,-0.28736,-1,-1,-1
211,-1,956.43,359.28,148.29,446.86,-0.35433,-1,-1,-1
212,-1,858.74,416.87,128.96,388.88,2.5854,-1,-1,-1
212,-1,589.31,453.55,55.569,168.71,2.4399,-1,-1,-1
212,-1,1019.2,453.55,112.14,338.41,1.3942,-1,-1,-1
212,-1,505,449,39,119,1.1191,-1,-1,-1
212,-1,676.59,381.02,210.12,632.36,0.36769,-1,-1,-1
212,-1,846.44,295.07,182.79,550.38,0.28787,-1,-1,-1
212,-1,1046,329.43,148.29,446.86,0.13928,-1,-1,-1
212,-1,577,385,79,239,-0.1065,-1,-1,-1
212,-1,1198.9,446.72,33.822,103.47,-0.16243,-1,-1,-1
212,-1,956.43,359.28,148.29,446.86,-0.18201,-1,-1,-1
212,-1,545.46,455.43,20.435,63.306,-0.23676,-1,-1,-1
212,-1,446.86,455.43,41.871,127.61,-0.26305,-1,-1,-1
212,-1,660.75,460.19,25.39,78.17,-0.37313,-1,-1,-1
212,-1,478.71,456.32,36.321,110.96,-0.41741,-1,-1,-1
213,-1,884.73,416.87,128.96,388.88,2.4889,-1,-1,-1
213,-1,585.82,442.87,63.98,193.94,1.5239,-1,-1,-1
213,-1,505,449,39,119,0.79785,-1,-1,-1
213,-1,1019.6,437.53,120.26,362.77,0.72485,-1,-1,-1
213,-1,867.73,276.78,195.98,589.95,0.23486,-1,-1,-1
213,-1,710.14,394.97,195.98,589.95,0.10303,-1,-1,-1
213,-1,1046,329.43,148.29,446.86,-0.061522,-1,-1,-1
213,-1,660.75,460.19,25.39,78.17,-0.2841,-1,-1,-1
213,-1,566.9,459.72,20.435,63.306,-0.34497,-1,-1,-1
213,-1,1195.3,441.39,36.321,110.96,-0.36678,-1,-1,-1
213,-1,680.59,454.06,48.246,146.74,-0.45221,-1,-1,-1
214,-1,884.73,416.87,128.96,388.88,2.4075,-1,-1,-1
214,-1,595.16,449.65,59.629,180.89,1.649,-1,-1,-1
214,-1,1043.8,389.02,120.26,362.77,1.0403,-1,-1,-1
214,-1,505,449,39,119,0.86284,-1,-1,-1
214,-1,846.44,295.07,182.79,550.38,0.4188,-1,-1,-1
214,-1,986.28,329.43,148.29,446.86,0.19408,-1,-1,-1
214,-1,676.59,381.02,210.12,632.36,0.10377,-1,-1,-1
214,-1,566.9,459.72,20.435,63.306,0.067266,-1,-1,-1
214,-1,1203.1,449.36,31.49,96.47,-0.033094,-1,-1,-1
214,-1,584.04,378.26,84.742,256.23,-0.11685,-1,-1,-1
214,-1,660.89,463.91,23.623,72.869,-0.2542,-1,-1,-1
214,-1,545.46,455.43,20.435,63.306,-0.26117,-1,-1,-1
214,-1,438.28,455.43,41.871,127.61,-0.27401,-1,-1,-1
214,-1,1087.4,307.43,138.29,416.86,-0.42338,-1,-1,-1
215,-1,884.73,416.87,128.96,388.88,2.7305,-1,-1,-1
215,-1,595.16,449.65,59.629,180.89,1.0794,-1,-1,-1
215,-1,1040.7,390.88,128.96,388.88,0.91093,-1,-1,-1
215,-1,505,449,39,119,0.82186,-1,-1,-1
215,-1,846.44,295.07,182.79,550.38,0.5598,-1,-1,-1
215,-1,710.14,394.97,195.98,589.95,0.22074,-1,-1,-1
215,-1,1203.1,449.36,31.49,96.47,0.17027,-1,-1,-1
215,-1,680.59,454.06,48.246,146.74,-0.084029,-1,-1,-1
215,-1,584.04,378.26,84.742,256.23,-0.1189,-1,-1,-1
215,-1,545.46,455.43,20.435,63.306,-0.2311,-1,-1,-1
215,-1,976.02,363.15,138.29,416.86,-0.23484,-1,-1,-1
215,-1,566.16,460.48,21.974,67.922,-0.35295,-1,-1,-1
215,-1,660.89,463.91,23.623,72.869,-0.39381,-1,-1,-1
215,-1,1064.2,275.37,170.48,513.45,-0.43154,-1,-1,-1
215,-1,545,425,39,119,-0.44906,-1,-1,-1
215,-1,438.28,455.43,41.871,127.61,-0.47652,-1,-1,-1
216,-1,884.73,416.87,128.96,388.88,2.4988,-1,-1,-1
216,-1,1040.7,390.88,128.96,388.88,1.1848,-1,-1,-1
216,-1,505,449,39,119,1.0924,-1,-1,-1
216,-1,600.63,453.55,55.569,168.71,1.0302,-1,-1,-1
216,-1,867.73,276.78,195.98,589.95,0.64687,-1,-1,-1
216,-1,718.81,381.02,210.12,632.36,0.26792,-1,-1,-1
216,-1,680.59,454.06,48.246,146.74,-0.078925,-1,-1,-1
216,-1,566.9,459.72,20.435,63.306,-0.12173,-1,-1,-1
216,-1,1203.1,449.36,31.49,96.47,-0.12955,-1,-1,-1
216,-1,1856.4,476.18,55.569,168.71,-0.25444,-1,-1,-1
216,-1,584.04,378.26,84.742,256.23,-0.33231,-1,-1,-1
216,-1,1105.7,299.57,148.29,446.86,-0.35347,-1,-1,-1
216,-1,660.75,460.19,25.39,78.17,-0.38538,-1,-1,-1
216,-1,441,465,39,119,-0.43058,-1,-1,-1
216,-1,549.75,455.43,20.435,63.306,-0.44429,-1,-1,-1
217,-1,866.85,389.14,148.29,446.86,2.5477,-1,-1,-1
217,-1,600.63,453.55,55.569,168.71,1.339,-1,-1,-1
217,-1,505,449,39,119,1.1047,-1,-1,-1
217,-1,1046,329.43,148.29,446.86,0.93491,-1,-1,-1
217,-1,718.81,381.02,210.12,632.36,0.30569,-1,-1,-1
217,-1,803.26,254.35,210.12,632.36,0.26779,-1,-1,-1
217,-1,1209.6,449.36,31.49,96.47,-0.15039,-1,-1,-1
217,-1,566.16,460.48,21.974,67.922,-0.19285,-1,-1,-1
217,-1,680.59,454.06,48.246,146.74,-0.26388,-1,-1,-1
217,-1,438.28,464.01,41.871,127.61,-0.47525,-1,-1,-1
218,-1,884.73,416.87,128.96,388.88,1.8032,-1,-1,-1
218,-1,1209.6,449.36,31.49,96.47,1.2882,-1,-1,-1
218,-1,600.63,453.55,55.569,168.71,1.0564,-1,-1,-1
218,-1,505,449,39,119,1.046,-1,-1,-1
218,-1,846.44,295.07,182.79,550.38,0.76099,-1,-1,-1
218,-1,718.81,381.02,210.12,632.36,0.53097,-1,-1,-1
218,-1,1046,329.43,148.29,446.86,0.36819,-1,-1,-1
218,-1,680.59,454.06,48.246,146.74,-0.084211,-1,-1,-1
218,-1,569,465,19,59,-0.19611,-1,-1,-1
218,-1,584.04,378.26,84.742,256.23,-0.25432,-1,-1,-1
218,-1,1296.7,423.72,44.948,136.84,-0.37295,-1,-1,-1
218,-1,1202.6,404.82,48.246,146.74,-0.47396,-1,-1,-1
219,-1,884.73,416.87,128.96,388.88,1.5787,-1,-1,-1
219,-1,505,449,39,119,1.3118,-1,-1,-1
219,-1,1066.7,390.88,128.96,388.88,0.911,-1,-1,-1
219,-1,1209.6,449.36,31.49,96.47,0.74263,-1,-1,-1
219,-1,718.81,381.02,210.12,632.36,0.73717,-1,-1,-1
219,-1,600.63,453.55,55.569,168.71,0.69344,-1,-1,-1
219,-1,846.44,295.07,182.79,550.38,0.5804,-1,-1,-1
219,-1,680.59,454.06,48.246,146.74,-0.098379,-1,-1,-1
219,-1,593,401,79,239,-0.098758,-1,-1,-1
219,-1,780.76,260.92,258.92,778.76,-0.20897,-1,-1,-1
219,-1,1856.4,476.18,55.569,168.71,-0.36344,-1,-1,-1
219,-1,1067,258.31,182.79,550.38,-0.43072,-1,-1,-1
219,-1,566.9,464.01,20.435,63.306,-0.4852,-1,-1,-1
220,-1,866.85,389.14,148.29,446.86,1.6771,-1,-1,-1
220,-1,718.81,381.02,210.12,632.36,1.1208,-1,-1,-1
220,-1,505,449,39,119,1.0442,-1,-1,-1
220,-1,1209.6,449.36,31.49,96.47,1.0367,-1,-1,-1
220,-1,1066.7,390.88,128.96,388.88,0.97919,-1,-1,-1
220,-1,598.82,442.87,63.98,193.94,0.56504,-1,-1,-1
220,-1,780.76,260.92,258.92,778.76,-0.022612,-1,-1,-1
220,-1,680.59,454.06,48.246,146.74,-0.14813,-1,-1,-1
220,-1,566.16,460.48,21.974,67.922,-0.3403,-1,-1,-1
220,-1,549.75,455.43,20.435,63.306,-0.35174,-1,-1,-1
220,-1,1067,258.31,182.79,550.38,-0.4296,-1,-1,-1
220,-1,1304.3,421.14,41.871,127.61,-0.49225,-1,-1,-1
221,-1,896.71,389.14,148.29,446.86,1.3756,-1,-1,-1
221,-1,505,449,39,119,1.0976,-1,-1,-1
221,-1,1092.7,390.88,128.96,388.88,1.0365,-1,-1,-1
221,-1,718.81,381.02,210.12,632.36,0.87496,-1,-1,-1
221,-1,1209.6,449.36,31.49,96.47,0.66914,-1,-1,-1
221,-1,598.82,442.87,63.98,193.94,0.47061,-1,-1,-1
221,-1,679.82,453.55,55.569,168.71,0.047209,-1,-1,-1
221,-1,828.33,276.78,195.98,589.95,-0.15838,-1,-1,-1
221,-1,549.75,455.43,20.435,63.306,-0.30973,-1,-1,-1
221,-1,1296.7,423.72,44.948,136.84,-0.40042,-1,-1,-1
222,-1,896.71,389.14,148.29,446.86,1.7314,-1,-1,-1
222,-1,1087.1,430.92,112.14,338.41,1.1271,-1,-1,-1
222,-1,505,449,39,119,0.92367,-1,-1,-1
222,-1,718.81,381.02,210.12,632.36,0.82625,-1,-1,-1
222,-1,607.29,449.65,59.629,180.89,0.52267,-1,-1,-1
222,-1,1064.2,275.37,170.48,513.45,0.15856,-1,-1,-1
222,-1,780.76,260.92,258.92,778.76,-0.10966,-1,-1,-1
222,-1,680.59,454.06,48.246,146.74,-0.14739,-1,-1,-1
222,-1,547.78,455.88,21.974,67.922,-0.32454,-1,-1,-1
222,-1,584.04,378.26,84.742,256.23,-0.45203,-1,-1,-1
223,-1,896.71,389.14,148.29,446.86,1.4268,-1,-1,-1
223,-1,1092.3,413.27,120.26,362.77,1.2627,-1,-1,-1
223,-1,1064.2,275.37,170.48,513.45,0.97627,-1,-1,-1
223,-1,505,449,39,119,0.89573,-1,-1,-1
223,-1,613.25,454.91,51.78,157.34,0.70321,-1,-1,-1
223,-1,718.81,381.02,210.12,632.36,0.59147,-1,-1,-1
223,-1,598.14,404.07,73.643,222.93,-0.015969,-1,-1,-1
223,-1,679.82,442.23,55.569,168.71,-0.16275,-1,-1,-1
223,-1,845.49,254.35,210.12,632.36,-0.24823,-1,-1,-1
223,-1,464.01,438.28,41.871,127.61,-0.42033,-1,-1,-1
223,-1,549.75,455.43,20.435,63.306,-0.47739,-1,-1,-1
224,-1,892.44,418.86,138.29,416.86,1.2354,-1,-1,-1
224,-1,1092.7,390.88,128.96,388.88,1.214,-1,-1,-1
224,-1,508.57,448.86,36.321,110.96,0.9156,-1,-1,-1
224,-1,718.81,381.02,210.12,632.36,0.57117,-1,-1,-1
224,-1,611.94,453.55,55.569,168.71,0.45696,-1,-1,-1
224,-1,867.73,276.78,195.98,589.95,0.068374,-1,-1,-1
224,-1,676.59,454.91,51.78,157.34,-0.23599,-1,-1,-1
224,-1,1103.8,258.31,182.79,550.38,-0.24815,-1,-1,-1
224,-1,584.04,378.26,84.742,256.23,-0.35259,-1,-1,-1
225,-1,1092.3,437.53,120.26,362.77,1.4706,-1,-1,-1
225,-1,892.44,418.86,138.29,416.86,1.414,-1,-1,-1
225,-1,611.94,453.55,55.569,168.71,0.77912,-1,-1,-1
225,-1,718.81,381.02,210.12,632.36,0.72334,-1,-1,-1
225,-1,1098.5,275.37,170.48,513.45,0.67697,-1,-1,-1
225,-1,505,449,39,119,0.54271,-1,-1,-1
225,-1,867.73,276.78,195.98,589.95,0.084861,-1,-1,-1
225,-1,464.01,438.28,41.871,127.61,-0.22524,-1,-1,-1
225,-1,552.38,451.29,21.974,67.922,-0.30202,-1,-1,-1
225,-1,429.71,464.01,41.871,127.61,-0.48783,-1,-1,-1
226,-1,1092.3,437.53,120.26,362.77,1.3623,-1,-1,-1
226,-1,896.71,389.14,148.29,446.86,1.269,-1,-1,-1
226,-1,607.29,449.65,59.629,180.89,1.1101,-1,-1,-1
226,-1,1098.5,275.37,170.48,513.45,1.0947,-1,-1,-1
226,-1,718.81,381.02,210.12,632.36,1.0063,-1,-1,-1
226,-1,505,449,39,119,0.85291,-1,-1,-1
226,-1,780.76,260.92,258.92,778.76,-0.094019,-1,-1,-1
226,-1,429.71,464.01,41.871,127.61,-0.30988,-1,-1,-1
226,-1,464.01,438.28,41.871,127.61,-0.38738,-1,-1,-1
226,-1,679.82,442.23,55.569,168.71,-0.39322,-1,-1,-1
227,-1,1118.7,390.88,128.96,388.88,1.4893,-1,-1,-1
227,-1,896.71,389.14,148.29,446.86,1.3766,-1,-1,-1
227,-1,718.81,381.02,210.12,632.36,0.90919,-1,-1,-1
227,-1,505,449,39,119,0.90134,-1,-1,-1
227,-1,611.94,453.55,55.569,168.71,0.84274,-1,-1,-1
227,-1,1064.7,276.78,195.98,589.95,0.32219,-1,-1,-1
227,-1,780.76,260.92,258.92,778.76,0.18316,-1,-1,-1
227,-1,680.59,454.06,48.246,146.74,-0.077373,-1,-1,-1
228,-1,892.44,418.86,138.29,416.86,1.3631,-1,-1,-1
228,-1,1116.6,437.53,120.26,362.77,1.2414,-1,-1,-1
228,-1,1098.5,309.67,170.48,513.45,1.0199,-1,-1,-1
228,-1,505,449,39,119,0.72379,-1,-1,-1
228,-1,718.81,381.02,210.12,632.36,0.62525,-1,-1,-1
228,-1,611.94,453.55,55.569,168.71,0.55319,-1,-1,-1
228,-1,867.73,276.78,195.98,589.95,0.35016,-1,-1,-1
228,-1,425,465,39,119,-0.025076,-1,-1,-1
228,-1,1856.4,476.18,55.569,168.71,-0.14047,-1,-1,-1
228,-1,549.75,451.14,20.435,63.306,-0.22787,-1,-1,-1
228,-1,681.03,460.48,44.948,136.84,-0.27776,-1,-1,-1
228,-1,676.79,442.87,63.98,193.94,-0.49174,-1,-1,-1
228,-1,781.01,223.86,277.58,834.73,-0.49595,-1,-1,-1
229,-1,892.44,418.86,138.29,416.86,1.2794,-1,-1,-1
229,-1,1109.7,453.55,112.14,338.41,1.2669,-1,-1,-1
229,-1,505,449,39,119,0.94807,-1,-1,-1
229,-1,611.94,453.55,55.569,168.71,0.76448,-1,-1,-1
229,-1,718.81,381.02,210.12,632.36,0.76357,-1,-1,-1
229,-1,1098.5,275.37,170.48,513.45,0.57452,-1,-1,-1
229,-1,867.73,276.78,195.98,589.95,0.42185,-1,-1,-1
229,-1,553,453,19,59,0.18085,-1,-1,-1
229,-1,425,465,39,119,-0.085814,-1,-1,-1
229,-1,681.03,451.29,44.948,136.84,-0.15872,-1,-1,-1
229,-1,601.19,395.41,84.742,256.23,-0.32993,-1,-1,-1
229,-1,676.79,442.87,63.98,193.94,-0.34588,-1,-1,-1
229,-1,1856.4,476.18,55.569,168.71,-0.46766,-1,-1,-1
230,-1,1118.7,390.88,128.96,388.88,1.5649,-1,-1,-1
230,-1,910.72,442.87,128.96,388.88,1.0879,-1,-1,-1
230,-1,611.81,442.87,63.98,193.94,1.0206,-1,-1,-1
230,-1,505,449,39,119,0.79125,-1,-1,-1
230,-1,718.81,381.02,210.12,632.36,0.67606,-1,-1,-1
230,-1,867.73,276.78,195.98,589.95,0.20092,-1,-1,-1
230,-1,1098.8,169.9,210.12,632.36,-0.13429,-1,-1,-1
230,-1,680.59,454.06,48.246,146.74,-0.1825,-1,-1,-1
230,-1,549.75,455.43,20.435,63.306,-0.25032,-1,-1,-1
230,-1,425,465,39,119,-0.32785,-1,-1,-1
230,-1,455.43,438.28,41.871,127.61,-0.40724,-1,-1,-1
231,-1,1118.7,390.88,128.96,388.88,1.2282,-1,-1,-1
231,-1,611.81,442.87,63.98,193.94,1.1456,-1,-1,-1
231,-1,896.71,389.14,148.29,446.86,1.066,-1,-1,-1
231,-1,505,449,39,119,0.69035,-1,-1,-1
231,-1,718.81,381.02,210.12,632.36,0.67444,-1,-1,-1
231,-1,828.33,316.17,195.98,589.95,0.15672,-1,-1,-1
231,-1,425,465,39,119,0.0020627,-1,-1,-1
231,-1,1098.8,169.9,210.12,632.36,-0.098971,-1,-1,-1
231,-1,680.59,454.06,48.246,146.74,-0.23486,-1,-1,-1
231,-1,549.75,455.43,20.435,63.306,-0.32115,-1,-1,-1
231,-1,579.76,451.14,20.435,63.306,-0.45713,-1,-1,-1
232,-1,619.41,449.65,59.629,180.89,1.2919,-1,-1,-1
232,-1,1118.7,390.88,128.96,388.88,1.2347,-1,-1,-1
232,-1,896.71,389.14,148.29,446.86,1.0029,-1,-1,-1
232,-1,718.81,381.02,210.12,632.36,0.78975,-1,-1,-1
232,-1,505,449,39,119,0.76222,-1,-1,-1
232,-1,815.59,272.53,225.27,677.82,0.29179,-1,-1,-1
232,-1,425,465,39,119,0.21285,-1,-1,-1
232,-1,579.76,451.14,20.435,63.306,-0.00031309,-1,-1,-1
232,-1,1104.1,276.78,195.98,589.95,-0.16197,-1,-1,-1
232,-1,681.03,451.29,44.948,136.84,-0.19623,-1,-1,-1
232,-1,601.19,378.26,84.742,256.23,-0.39302,-1,-1,-1
232,-1,589.13,455.88,21.974,67.922,-0.44098,-1,-1,-1
232,-1,1844.1,473.9,59.629,180.89,-0.44938,-1,-1,-1
232,-1,1066.7,416.87,63.98,193.94,-0.47508,-1,-1,-1
233,-1,619.41,449.65,59.629,180.89,1.7756,-1,-1,-1
233,-1,1144.7,390.88,128.96,388.88,1.1897,-1,-1,-1
233,-1,896.71,389.14,148.29,446.86,1.0236,-1,-1,-1
233,-1,718.81,381.02,210.12,632.36,0.73537,-1,-1,-1
233,-1,505,449,39,119,0.568,-1,-1,-1
233,-1,825.55,292.02,241.51,726.54,0.53031,-1,-1,-1
233,-1,686.94,545.46,20.435,63.306,0.088293,-1,-1,-1
233,-1,680.59,454.06,48.246,146.74,-0.047445,-1,-1,-1
233,-1,589.13,455.88,21.974,67.922,-0.20286,-1,-1,-1
233,-1,1104.1,276.78,195.98,589.95,-0.21742,-1,-1,-1
233,-1,425,465,39,119,-0.22959,-1,-1,-1
233,-1,1066.7,416.87,63.98,193.94,-0.27003,-1,-1,-1
233,-1,601.19,378.26,84.742,256.23,-0.2936,-1,-1,-1
233,-1,1304.3,421.14,41.871,127.61,-0.4504,-1,-1,-1
234,-1,619.41,449.65,59.629,180.89,1.3267,-1,-1,-1
234,-1,1144.7,390.88,128.96,388.88,1.0816,-1,-1,-1
234,-1,718.81,381.02,210.12,632.36,0.8526,-1,-1,-1
234,-1,920.3,418.86,138.29,416.86,0.67979,-1,-1,-1
234,-1,505,449,39,119,0.55279,-1,-1,-1
234,-1,825.55,292.02,241.51,726.54,0.53874,-1,-1,-1
234,-1,601.19,378.26,84.742,256.23,-0.0048036,-1,-1,-1
234,-1,686.94,545.46,20.435,63.306,-0.012624,-1,-1,-1
234,-1,1066.7,416.87,63.98,193.94,-0.090201,-1,-1,-1
234,-1,1104.1,276.78,195.98,589.95,-0.20081,-1,-1,-1
234,-1,552.38,451.29,21.974,67.922,-0.22015,-1,-1,-1
234,-1,681.03,451.29,44.948,136.84,-0.22798,-1,-1,-1
234,-1,582.1,449.14,23.623,72.869,-0.33885,-1,-1,-1
235,-1,1144.7,390.88,128.96,388.88,1.2982,-1,-1,-1
235,-1,619.41,449.65,59.629,180.89,1.263,-1,-1,-1
235,-1,749.54,394.97,195.98,589.95,1.038,-1,-1,-1
235,-1,505,449,39,119,0.75688,-1,-1,-1
235,-1,780.76,260.92,258.92,778.76,0.49976,-1,-1,-1
235,-1,680.59,454.06,48.246,146.74,0.10018,-1,-1,-1
235,-1,1066.7,416.87,63.98,193.94,-0.11765,-1,-1,-1
235,-1,601.19,395.41,84.742,256.23,-0.13445,-1,-1,-1
235,-1,1104.1,276.78,195.98,589.95,-0.24402,-1,-1,-1
235,-1,581,453,19,59,-0.25914,-1,-1,-1
235,-1,549.75,455.43,20.435,63.306,-0.29787,-1,-1,-1
235,-1,425,465,39,119,-0.33561,-1,-1,-1
235,-1,1304.3,421.14,41.871,127.61,-0.4842,-1,-1,-1
236,-1,1135.6,389.14,148.29,446.86,1.3216,-1,-1,-1
236,-1,619.41,449.65,59.629,180.89,1.095,-1,-1,-1
236,-1,736.17,442.1,182.79,550.38,0.80518,-1,-1,-1
236,-1,505,449,39,119,0.62456,-1,-1,-1
236,-1,780.76,260.92,258.92,778.76,0.58824,-1,-1,-1
236,-1,549.75,455.43,20.435,63.306,0.23548,-1,-1,-1
236,-1,1068.1,425.4,59.629,180.89,-0.0043196,-1,-1,-1
236,-1,1115.3,446.72,33.822,103.47,-0.12138,-1,-1,-1
236,-1,425,465,39,119,-0.21439,-1,-1,-1
236,-1,601.19,395.41,84.742,256.23,-0.24225,-1,-1,-1
236,-1,680.59,454.06,48.246,146.74,-0.27551,-1,-1,-1
236,-1,579.76,451.14,20.435,63.306,-0.3325,-1,-1,-1
236,-1,1844.1,473.9,59.629,180.89,-0.43412,-1,-1,-1
236,-1,1143.5,197.98,195.98,589.95,-0.47247,-1,-1,-1
237,-1,1165.1,437.53,120.26,362.77,1.2428,-1,-1,-1
237,-1,619.41,449.65,59.629,180.89,1.2375,-1,-1,-1
237,-1,749.54,394.97,195.98,589.95,0.69294,-1,-1,-1
237,-1,505,449,39,119,0.56251,-1,-1,-1
237,-1,780.76,260.92,258.92,778.76,0.44214,-1,-1,-1
237,-1,1132.8,309.67,170.48,513.45,0.38808,-1,-1,-1
237,-1,1115.3,446.72,33.822,103.47,0.039289,-1,-1,-1
237,-1,579.94,451.29,21.974,67.922,-0.12841,-1,-1,-1
237,-1,1068.1,425.4,59.629,180.89,-0.17793,-1,-1,-1
237,-1,681,489,39,119,-0.19482,-1,-1,-1
237,-1,601.19,395.41,84.742,256.23,-0.28035,-1,-1,-1
237,-1,457,441,39,119,-0.3375,-1,-1,-1
237,-1,552.38,451.29,21.974,67.922,-0.44841,-1,-1,-1
237,-1,1092.7,52.984,258.92,778.76,-0.45983,-1,-1,-1
238,-1,1165.1,437.53,120.26,362.77,1.566,-1,-1,-1
238,-1,624.81,442.87,63.98,193.94,1.2378,-1,-1,-1
238,-1,749.54,394.97,195.98,589.95,0.64424,-1,-1,-1
238,-1,505,449,39,119,0.44536,-1,-1,-1
238,-1,780.76,260.92,258.92,778.76,0.27221,-1,-1,-1
238,-1,1132.8,309.67,170.48,513.45,0.15105,-1,-1,-1
238,-1,1115.3,446.72,33.822,103.47,0.098051,-1,-1,-1
238,-1,1068.1,425.4,59.629,180.89,0.068277,-1,-1,-1
238,-1,457,441,39,119,-0.20096,-1,-1,-1
238,-1,680.59,454.06,48.246,146.74,-0.33612,-1,-1,-1
238,-1,425,465,39,119,-0.46884,-1,-1,-1
239,-1,624.81,442.87,63.98,193.94,1.4184,-1,-1,-1
239,-1,1165.1,437.53,120.26,362.77,1.4174,-1,-1,-1
239,-1,749.54,394.97,195.98,589.95,0.62391,-1,-1,-1
239,-1,780.76,260.92,258.92,778.76,0.4736,-1,-1,-1
239,-1,506.88,446.86,41.871,127.61,0.38896,-1,-1,-1
239,-1,1115.3,446.72,33.822,103.47,0.30291,-1,-1,-1
239,-1,1195.3,359.28,148.29,446.86,-0.025186,-1,-1,-1
239,-1,457,441,39,119,-0.30332,-1,-1,-1
239,-1,1068.1,425.4,59.629,180.89,-0.3064,-1,-1,-1
239,-1,1103.8,295.07,182.79,550.38,-0.34296,-1,-1,-1
239,-1,680.59,454.06,48.246,146.74,-0.39168,-1,-1,-1
239,-1,421.14,455.43,41.871,127.61,-0.44366,-1,-1,-1
240,-1,505,449,39,119,1.3746,-1,-1,-1
240,-1,1165.1,437.53,120.26,362.77,1.3535,-1,-1,-1
240,-1,624.81,442.87,63.98,193.94,1.2681,-1,-1,-1
240,-1,1195.3,359.28,148.29,446.86,0.54433,-1,-1,-1
240,-1,717.57,419,148.29,446.86,0.47783,-1,-1,-1
240,-1,749.54,434.36,195.98,589.95,0.3809,-1,-1,-1
240,-1,1115.3,446.72,33.822,103.47,0.048176,-1,-1,-1
240,-1,825.55,292.02,241.51,726.54,0.038623,-1,-1,-1
240,-1,1089.9,429.71,41.871,127.61,-0.14088,-1,-1,-1
240,-1,575.35,451.29,21.974,67.922,-0.21652,-1,-1,-1
240,-1,457,441,39,119,-0.28586,-1,-1,-1
240,-1,1103.8,295.07,182.79,550.38,-0.40888,-1,-1,-1
240,-1,589.31,442.23,27.284,83.853,-0.43888,-1,-1,-1
241,-1,505,449,39,119,1.5069,-1,-1,-1
241,-1,1171,418.86,138.29,416.86,1.1402,-1,-1,-1
241,-1,624.81,442.87,63.98,193.94,1.1022,-1,-1,-1
241,-1,747.43,419,148.29,446.86,0.65705,-1,-1,-1
241,-1,777.05,292.02,241.51,726.54,0.016681,-1,-1,-1
241,-1,1089.9,429.71,41.871,127.61,-0.0086997,-1,-1,-1
241,-1,609,457,19,59,-0.1578,-1,-1,-1
241,-1,1143.5,237.38,195.98,589.95,-0.39655,-1,-1,-1
241,-1,1068.1,425.4,59.629,180.89,-0.43079,-1,-1,-1
241,-1,421.14,455.43,41.871,127.61,-0.44702,-1,-1,-1
242,-1,717.57,419,148.29,446.86,1.0272,-1,-1,-1
242,-1,505,449,39,119,0.97963,-1,-1,-1
242,-1,631.54,449.65,59.629,180.89,0.92196,-1,-1,-1
242,-1,1189.3,437.53,120.26,362.77,0.82279,-1,-1,-1
242,-1,845.49,338.79,210.12,632.36,0.49215,-1,-1,-1
242,-1,749.54,434.36,195.98,589.95,-0.20825,-1,-1,-1
242,-1,618.34,395.41,84.742,256.23,-0.21041,-1,-1,-1
242,-1,1167.1,309.67,170.48,513.45,-0.2643,-1,-1,-1
242,-1,421.14,455.43,41.871,127.61,-0.31181,-1,-1,-1
242,-1,1115.3,446.72,33.822,103.47,-0.31297,-1,-1,-1
242,-1,577,453,19,59,-0.44756,-1,-1,-1
242,-1,777.28,239.86,297.57,894.71,-0.46527,-1,-1,-1
243,-1,747.43,419,148.29,446.86,1.522,-1,-1,-1
243,-1,631.54,449.65,59.629,180.89,1.4679,-1,-1,-1
243,-1,505,449,39,119,1.4204,-1,-1,-1
243,-1,825.55,340.52,241.51,726.54,0.75107,-1,-1,-1
243,-1,1189.3,437.53,120.26,362.77,0.48112,-1,-1,-1
243,-1,1115.3,446.72,33.822,103.47,0.09969,-1,-1,-1
243,-1,1167.1,309.67,170.48,513.45,-0.10361,-1,-1,-1
243,-1,549.75,451.14,20.435,63.306,-0.26222,-1,-1,-1
243,-1,681.03,460.48,44.948,136.84,-0.27395,-1,-1,-1
243,-1,618.34,395.41,84.742,256.23,-0.29727,-1,-1,-1
244,-1,631.54,449.65,59.629,180.89,2.0263,-1,-1,-1
244,-1,747.43,419,148.29,446.86,1.5007,-1,-1,-1
244,-1,505,449,39,119,1.4221,-1,-1,-1
244,-1,815.59,363.04,225.27,677.82,0.96673,-1,-1,-1
244,-1,1189.3,437.53,120.26,362.77,0.89547,-1,-1,-1
244,-1,1167.1,343.97,170.48,513.45,0.40204,-1,-1,-1
244,-1,1115.3,446.72,33.822,103.47,0.061307,-1,-1,-1
244,-1,929.93,254.35,210.12,632.36,-0.17611,-1,-1,-1
244,-1,618.34,429.71,84.742,256.23,-0.31974,-1,-1,-1
244,-1,552.38,451.29,21.974,67.922,-0.35919,-1,-1,-1
244,-1,718.81,296.57,210.12,632.36,-0.37634,-1,-1,-1
245,-1,747.43,419,148.29,446.86,1.6269,-1,-1,-1
245,-1,505,449,39,119,1.4383,-1,-1,-1
245,-1,1196.6,442.87,128.96,388.88,1.31,-1,-1,-1
245,-1,631.54,449.65,59.629,180.89,1.1971,-1,-1,-1
245,-1,845.49,381.02,210.12,632.36,0.95187,-1,-1,-1
245,-1,1182.9,237.38,195.98,589.95,0.13477,-1,-1,-1
245,-1,552.38,451.29,21.974,67.922,-0.1349,-1,-1,-1
245,-1,777.28,239.86,297.57,894.71,-0.17741,-1,-1,-1
245,-1,1115.3,446.72,33.822,103.47,-0.31813,-1,-1,-1
245,-1,414.53,460.48,44.948,136.84,-0.39417,-1,-1,-1
245,-1,614.05,455.43,20.435,63.306,-0.40834,-1,-1,-1
245,-1,681.03,451.29,44.948,136.84,-0.48271,-1,-1,-1
245,-1,589.31,442.23,27.284,83.853,-0.48375,-1,-1,-1
245,-1,1101.4,321.36,68.644,207.93,-0.48716,-1,-1,-1
246,-1,643.66,449.65,59.629,180.89,1.8551,-1,-1,-1
246,-1,747.43,419,148.29,446.86,1.7836,-1,-1,-1
246,-1,505,449,39,119,1.4546,-1,-1,-1
246,-1,1195.3,359.28,148.29,446.86,1.4483,-1,-1,-1
246,-1,860.84,363.04,225.27,677.82,1.2876,-1,-1,-1
246,-1,1183.3,254.35,210.12,632.36,0.14032,-1,-1,-1
246,-1,552.38,451.29,21.974,67.922,-0.11758,-1,-1,-1
246,-1,414.53,460.48,44.948,136.84,-0.21224,-1,-1,-1
246,-1,718.81,296.57,210.12,632.36,-0.24488,-1,-1,-1
246,-1,613,457,19,59,-0.36833,-1,-1,-1
246,-1,613.87,432.79,68.644,207.93,-0.42891,-1,-1,-1
247,-1,643.66,449.65,59.629,180.89,2.0107,-1,-1,-1
247,-1,777.28,419,148.29,446.86,1.9892,-1,-1,-1
247,-1,1213.6,437.53,120.26,362.77,1.7461,-1,-1,-1
247,-1,860.84,363.04,225.27,677.82,1.5193,-1,-1,-1
247,-1,1201.4,309.67,170.48,513.45,0.82371,-1,-1,-1
247,-1,505,449,39,119,0.73012,-1,-1,-1
247,-1,552.38,451.29,21.974,67.922,0.26187,-1,-1,-1
247,-1,710.14,316.17,195.98,589.95,0.1318,-1,-1,-1
247,-1,1118.7,449.36,31.49,96.47,-0.22873,-1,-1,-1
247,-1,635.49,395.41,84.742,256.23,-0.31182,-1,-1,-1
247,-1,566.9,459.72,20.435,63.306,-0.35434,-1,-1,-1
247,-1,1165.1,49.503,241.51,726.54,-0.40565,-1,-1,-1
247,-1,614.05,455.43,20.435,63.306,-0.47707,-1,-1,-1
248,-1,637.81,442.87,63.98,193.94,2.5045,-1,-1,-1
248,-1,777.28,419,148.29,446.86,2.1963,-1,-1,-1
248,-1,1213.6,437.53,120.26,362.77,1.6956,-1,-1,-1
248,-1,860.84,363.04,225.27,677.82,1.4805,-1,-1,-1
248,-1,1201.4,309.67,170.48,513.45,1.163,-1,-1,-1
248,-1,505,449,39,119,0.87776,-1,-1,-1
248,-1,549.75,451.14,20.435,63.306,0.12117,-1,-1,-1
248,-1,710.14,316.17,195.98,589.95,-0.15099,-1,-1,-1
248,-1,1171,1,277.58,834.73,-0.22644,-1,-1,-1
248,-1,617,457,19,59,-0.28015,-1,-1,-1
248,-1,1087.1,430.92,55.569,168.71,-0.38349,-1,-1,-1
248,-1,562.61,459.72,20.435,63.306,-0.42214,-1,-1,-1
248,-1,634.36,338.79,104.56,315.68,-0.46154,-1,-1,-1
249,-1,777.28,419,148.29,446.86,2.2757,-1,-1,-1
249,-1,637.81,442.87,63.98,193.94,2.0705,-1,-1,-1
249,-1,1225.1,359.28,148.29,446.86,1.7097,-1,-1,-1
249,-1,505,449,39,119,0.98918,-1,-1,-1
249,-1,860.84,363.04,225.27,677.82,0.95798,-1,-1,-1
249,-1,553,453,19,59,0.71419,-1,-1,-1
249,-1,718.81,296.57,210.12,632.36,0.14423,-1,-1,-1
249,-1,1183.3,212.12,210.12,632.36,0.11894,-1,-1,-1
249,-1,617,457,19,59,0.099097,-1,-1,-1
249,-1,575.35,451.29,21.974,67.922,-0.30245,-1,-1,-1
249,-1,562.61,459.72,20.435,63.306,-0.33613,-1,-1,-1
249,-1,1088.3,433.8,51.78,157.34,-0.41749,-1,-1,-1
250,-1,769,417,159,479,2.4406,-1,-1,-1
250,-1,643.66,449.65,59.629,180.89,2.0325,-1,-1,-1
250,-1,1222.6,442.87,128.96,388.88,1.3375,-1,-1,-1
250,-1,874.05,340.52,241.51,726.54,1.0324,-1,-1,-1
250,-1,506.88,446.86,41.871,127.61,0.65734,-1,-1,-1
250,-1,1214,258.31,182.79,550.38,0.22777,-1,-1,-1
250,-1,554.04,455.43,20.435,63.306,0.15799,-1,-1,-1
250,-1,617,457,19,59,0.14275,-1,-1,-1
250,-1,635.49,395.41,84.742,256.23,0.12973,-1,-1,-1
250,-1,1171,1,277.58,834.73,-0.28156,-1,-1,-1
250,-1,729.81,472.58,41.871,127.61,-0.28987,-1,-1,-1
250,-1,592.62,459.72,20.435,63.306,-0.33417,-1,-1,-1
250,-1,824.12,206.78,341.97,1027.9,-0.38124,-1,-1,-1
250,-1,566.9,459.72,20.435,63.306,-0.42232,-1,-1,-1
251,-1,777.28,448.86,148.29,446.86,2.1417,-1,-1,-1
251,-1,655.79,449.65,59.629,180.89,1.7472,-1,-1,-1
251,-1,1222.6,442.87,128.96,388.88,1.0241,-1,-1,-1
251,-1,907.12,434.36,195.98,589.95,0.74509,-1,-1,-1
251,-1,554.04,455.43,20.435,63.306,0.6905,-1,-1,-1
251,-1,506.88,446.86,41.871,127.61,0.68975,-1,-1,-1
251,-1,621,457,19,59,0.27647,-1,-1,-1
251,-1,836.73,279.58,277.58,834.73,0.12319,-1,-1,-1
251,-1,1214,258.31,182.79,550.38,0.035068,-1,-1,-1
251,-1,566.9,459.72,20.435,63.306,-0.17416,-1,-1,-1
251,-1,718.81,296.57,210.12,632.36,-0.2743,-1,-1,-1
251,-1,1171,1,277.58,834.73,-0.2939,-1,-1,-1
251,-1,635.49,412.56,84.742,256.23,-0.36647,-1,-1,-1
252,-1,777.28,448.86,148.29,446.86,1.9852,-1,-1,-1
252,-1,650.8,442.87,63.98,193.94,1.9457,-1,-1,-1
252,-1,887.71,381.02,210.12,632.36,0.95929,-1,-1,-1
252,-1,1226.7,391.01,138.29,416.86,0.83404,-1,-1,-1
252,-1,505,449,39,119,0.58475,-1,-1,-1
252,-1,761.04,296.57,210.12,632.36,0.33211,-1,-1,-1
252,-1,621,457,19,59,0.079037,-1,-1,-1
252,-1,566.9,459.72,20.435,63.306,-0.17015,-1,-1,-1
252,-1,554.04,455.43,20.435,63.306,-0.27757,-1,-1,-1
252,-1,1182.9,276.78,195.98,589.95,-0.29129,-1,-1,-1
252,-1,412.56,464.01,41.871,127.61,-0.40849,-1,-1,-1
252,-1,833,257,319,959,-0.48843,-1,-1,-1
253,-1,801,417,159,479,1.7892,-1,-1,-1
253,-1,655.79,449.65,59.629,180.89,1.6272,-1,-1,-1
253,-1,887.71,381.02,210.12,632.36,1.1157,-1,-1,-1
253,-1,506.88,446.86,41.871,127.61,0.90241,-1,-1,-1
253,-1,1226.7,391.01,138.29,416.86,0.26689,-1,-1,-1
253,-1,621,457,19,59,0.12463,-1,-1,-1
253,-1,770.33,272.53,225.27,677.82,-0.14879,-1,-1,-1
253,-1,554.04,455.43,20.435,63.306,-0.1728,-1,-1,-1
253,-1,412.56,464.01,41.871,127.61,-0.346,-1,-1,-1
253,-1,592.62,459.72,20.435,63.306,-0.37065,-1,-1,-1
253,-1,1171,1,277.58,834.73,-0.41535,-1,-1,-1
253,-1,833,257,319,959,-0.44694,-1,-1,-1
254,-1,807.14,448.86,148.29,446.86,1.9781,-1,-1,-1
254,-1,655.79,449.65,59.629,180.89,1.2379,-1,-1,-1
254,-1,906.1,363.04,225.27,677.82,1.1165,-1,-1,-1
254,-1,506.88,446.86,41.871,127.61,1.0184,-1,-1,-1
254,-1,736.17,368.58,182.79,550.38,0.22757,-1,-1,-1
254,-1,621,457,19,59,0.02697,-1,-1,-1
254,-1,554.04,455.43,20.435,63.306,0.00022572,-1,-1,-1
254,-1,803.26,296.57,210.12,632.36,-0.011069,-1,-1,-1
254,-1,1254.6,418.86,138.29,416.86,-0.052326,-1,-1,-1
254,-1,652.64,412.56,84.742,256.23,-0.1526,-1,-1,-1
254,-1,592.62,459.72,20.435,63.306,-0.28428,-1,-1,-1
254,-1,566.9,459.72,20.435,63.306,-0.39594,-1,-1,-1
254,-1,412.56,464.01,41.871,127.61,-0.42117,-1,-1,-1
254,-1,1222.3,276.78,195.98,589.95,-0.47369,-1,-1,-1
255,-1,801,417,159,479,1.8996,-1,-1,-1
255,-1,906.1,363.04,225.27,677.82,1.1609,-1,-1,-1
255,-1,655.65,432.79,68.644,207.93,1.0184,-1,-1,-1
255,-1,506.88,446.86,41.871,127.61,0.69858,-1,-1,-1
255,-1,770.33,272.53,225.27,677.82,0.17165,-1,-1,-1
255,-1,621,457,19,59,-0.0039586,-1,-1,-1
255,-1,589.13,455.88,21.974,67.922,-0.24127,-1,-1,-1
255,-1,1254.6,391.01,138.29,416.86,-0.25437,-1,-1,-1
255,-1,736.17,469.67,44.948,136.84,-0.3363,-1,-1,-1
255,-1,575.47,451.14,20.435,63.306,-0.38687,-1,-1,-1
255,-1,565,461,19,59,-0.42034,-1,-1,-1
256,-1,807.14,448.86,148.29,446.86,1.6724,-1,-1,-1
256,-1,906.1,363.04,225.27,677.82,1.1681,-1,-1,-1
256,-1,655.65,446.72,68.644,207.93,0.96596,-1,-1,-1
256,-1,506.88,446.86,41.871,127.61,0.60251,-1,-1,-1
256,-1,803.26,296.57,210.12,632.36,0.45407,-1,-1,-1
256,-1,622.63,455.43,20.435,63.306,0.20781,-1,-1,-1
256,-1,1249,353,159,479,-0.098529,-1,-1,-1
256,-1,412.56,464.01,41.871,127.61,-0.20986,-1,-1,-1
256,-1,588.33,459.72,20.435,63.306,-0.21623,-1,-1,-1
256,-1,552.38,451.29,21.974,67.922,-0.25879,-1,-1,-1
256,-1,736.17,469.67,44.948,136.84,-0.41218,-1,-1,-1
256,-1,575.47,451.14,20.435,63.306,-0.47912,-1,-1,-1
256,-1,824.12,206.78,341.97,1027.9,-0.48587,-1,-1,-1
257,-1,906.1,363.04,225.27,677.82,1.5437,-1,-1,-1
257,-1,807.14,448.86,148.29,446.86,1.115,-1,-1,-1
257,-1,506.88,446.86,41.871,127.61,0.92556,-1,-1,-1
257,-1,667.92,449.65,59.629,180.89,0.91817,-1,-1,-1
257,-1,803.26,296.57,210.12,632.36,0.49654,-1,-1,-1
257,-1,622.63,455.43,20.435,63.306,0.073574,-1,-1,-1
257,-1,1282.5,418.86,138.29,416.86,-0.073364,-1,-1,-1
257,-1,737,473,39,119,-0.24978,-1,-1,-1
257,-1,409,465,39,119,-0.31033,-1,-1,-1
258,-1,807.14,448.86,148.29,446.86,1.3119,-1,-1,-1
258,-1,906.1,363.04,225.27,677.82,1.2887,-1,-1,-1
258,-1,663.8,442.87,63.98,193.94,1.2073,-1,-1,-1
258,-1,506.88,446.86,41.871,127.61,0.61008,-1,-1,-1
258,-1,803.26,296.57,210.12,632.36,0.60198,-1,-1,-1
258,-1,1284.9,359.28,148.29,446.86,-0.030705,-1,-1,-1
258,-1,552.38,451.29,21.974,67.922,-0.033603,-1,-1,-1
258,-1,587.02,449.14,23.623,72.869,-0.082763,-1,-1,-1
258,-1,625,457,19,59,-0.28859,-1,-1,-1
258,-1,577,453,19,59,-0.4605,-1,-1,-1
258,-1,767.08,446.72,68.644,207.93,-0.47049,-1,-1,-1
259,-1,789.83,412.56,170.48,513.45,1.2852,-1,-1,-1
259,-1,906.1,363.04,225.27,677.82,1.0113,-1,-1,-1
259,-1,506.88,446.86,41.871,127.61,0.7873,-1,-1,-1
259,-1,663.8,442.87,63.98,193.94,0.51283,-1,-1,-1
259,-1,1768.5,390.88,128.96,388.88,0.45599,-1,-1,-1
259,-1,780.76,260.92,258.92,778.76,0.30437,-1,-1,-1
259,-1,1300.6,442.87,128.96,388.88,0.17122,-1,-1,-1
259,-1,737,473,39,119,-0.29675,-1,-1,-1
259,-1,626.92,455.43,20.435,63.306,-0.38989,-1,-1,-1
259,-1,552.38,451.29,21.974,67.922,-0.45706,-1,-1,-1
260,-1,801,417,159,479,1.5862,-1,-1,-1
260,-1,669.58,432.79,68.644,207.93,0.97237,-1,-1,-1
260,-1,929.93,381.02,210.12,632.36,0.83047,-1,-1,-1
260,-1,1768.5,390.88,128.96,388.88,0.76917,-1,-1,-1
260,-1,505,449,39,119,0.58572,-1,-1,-1
260,-1,825.55,292.02,241.51,726.54,0.56613,-1,-1,-1
260,-1,1300.6,442.87,128.96,388.88,0.22968,-1,-1,-1
260,-1,626.92,455.43,20.435,63.306,-0.24458,-1,-1,-1
260,-1,737,473,39,119,-0.27503,-1,-1,-1
260,-1,409,465,39,119,-0.45695,-1,-1,-1
261,-1,789.83,412.56,170.48,513.45,1.3239,-1,-1,-1
261,-1,907.12,394.97,195.98,589.95,1.1026,-1,-1,-1
261,-1,505,449,39,119,0.69447,-1,-1,-1
261,-1,667.92,461.78,59.629,180.89,0.61818,-1,-1,-1
261,-1,1310.3,418.86,138.29,416.86,0.34216,-1,-1,-1
261,-1,815.59,272.53,225.27,677.82,0.20228,-1,-1,-1
261,-1,626.92,455.43,20.435,63.306,-0.08586,-1,-1,-1
261,-1,892.44,223.86,277.58,834.73,-0.17109,-1,-1,-1
261,-1,1795.5,444.35,51.78,157.34,-0.31388,-1,-1,-1
261,-1,1768.5,390.88,128.96,388.88,-0.32856,-1,-1,-1
261,-1,409,465,39,119,-0.46629,-1,-1,-1
262,-1,789.83,412.56,170.48,513.45,1.4465,-1,-1,-1
262,-1,505,449,39,119,1.2801,-1,-1,-1
262,-1,887.71,381.02,210.12,632.36,0.92591,-1,-1,-1
262,-1,672.78,433.93,73.643,222.93,0.64423,-1,-1,-1
262,-1,626.92,455.43,20.435,63.306,0.48753,-1,-1,-1
262,-1,1314.7,389.14,148.29,446.86,0.43968,-1,-1,-1
262,-1,780.76,260.92,258.92,778.76,-0.16986,-1,-1,-1
262,-1,1774.4,454.91,51.78,157.34,-0.25371,-1,-1,-1
262,-1,737,473,39,119,-0.46893,-1,-1,-1
263,-1,505,449,39,119,1.3971,-1,-1,-1
263,-1,789.83,412.56,170.48,513.45,1.2807,-1,-1,-1
263,-1,669.58,446.72,68.644,207.93,1.2114,-1,-1,-1
263,-1,907.12,394.97,195.98,589.95,1.0808,-1,-1,-1
263,-1,629,457,19,59,0.94174,-1,-1,-1
263,-1,1310.3,418.86,138.29,416.86,0.73916,-1,-1,-1
263,-1,815.59,272.53,225.27,677.82,0.25001,-1,-1,-1
263,-1,1763.9,454.91,51.78,157.34,-0.1321,-1,-1,-1
263,-1,892.44,223.86,277.58,834.73,-0.1639,-1,-1,-1
263,-1,1747.6,389.14,73.643,222.93,-0.31329,-1,-1,-1
263,-1,1856.4,476.18,55.569,168.71,-0.36073,-1,-1,-1
264,-1,809.68,405.34,182.79,550.38,1.5266,-1,-1,-1
264,-1,907.12,394.97,195.98,589.95,1.2344,-1,-1,-1
264,-1,505,449,39,119,1.0469,-1,-1,-1
264,-1,672.78,433.93,73.643,222.93,0.86736,-1,-1,-1
264,-1,1326.6,442.87,128.96,388.88,0.62966,-1,-1,-1
264,-1,629,457,19,59,0.61433,-1,-1,-1
264,-1,780.76,260.92,258.92,778.76,0.02236,-1,-1,-1
264,-1,892.44,223.86,277.58,834.73,-0.097942,-1,-1,-1
264,-1,1862.5,483.61,48.246,146.74,-0.49746,-1,-1,-1
265,-1,809.68,405.34,182.79,550.38,1.5955,-1,-1,-1
265,-1,672.78,433.93,73.643,222.93,1.4754,-1,-1,-1
265,-1,505,449,39,119,1.1054,-1,-1,-1
265,-1,1338.2,418.86,138.29,416.86,1.0068,-1,-1,-1
265,-1,907.12,394.97,195.98,589.95,0.9703,-1,-1,-1
265,-1,780.76,260.92,258.92,778.76,0.034483,-1,-1,-1
265,-1,1698.6,413.27,120.26,362.77,0.028838,-1,-1,-1
265,-1,892.44,223.86,277.58,834.73,-0.11831,-1,-1,-1
265,-1,633,457,19,59,-0.19918,-1,-1,-1
265,-1,1303.3,446.72,33.822,103.47,-0.25719,-1,-1,-1
265,-1,552.38,451.29,21.974,67.922,-0.29187,-1,-1,-1
266,-1,809.68,405.34,182.79,550.38,1.6816,-1,-1,-1
266,-1,505,449,39,119,1.1592,-1,-1,-1
266,-1,907.12,394.97,195.98,589.95,1.1139,-1,-1,-1
266,-1,676.79,442.87,63.98,193.94,1.016,-1,-1,-1
266,-1,1674.4,413.27,120.26,362.77,0.78249,-1,-1,-1
266,-1,1338.2,418.86,138.29,416.86,0.54073,-1,-1,-1
266,-1,554.04,455.43,20.435,63.306,-0.057397,-1,-1,-1
266,-1,836.73,223.86,277.58,834.73,-0.15853,-1,-1,-1
266,-1,738.38,472.58,41.871,127.61,-0.36283,-1,-1,-1
266,-1,1304.3,421.14,41.871,127.61,-0.46847,-1,-1,-1
266,-1,1064.5,544.06,112.14,338.41,-0.48507,-1,-1,-1
266,-1,1858.9,476.02,51.78,157.34,-0.48979,-1,-1,-1
266,-1,1300.6,52.984,258.92,778.76,-0.48991,-1,-1,-1
267,-1,809.68,405.34,182.79,550.38,1.6507,-1,-1,-1
267,-1,1668.9,423.24,104.56,315.68,1.3297,-1,-1,-1
267,-1,505,449,39,119,1.0638,-1,-1,-1
267,-1,1338.2,418.86,138.29,416.86,1.0428,-1,-1,-1
267,-1,907.12,394.97,195.98,589.95,1.0373,-1,-1,-1
267,-1,672.78,433.93,73.643,222.93,0.98773,-1,-1,-1
267,-1,836.73,223.86,277.58,834.73,0.014683,-1,-1,-1
267,-1,738.38,472.58,41.871,127.61,-0.031856,-1,-1,-1
267,-1,1112.9,432.91,44.948,136.84,-0.12368,-1,-1,-1
267,-1,1643.1,329.43,148.29,446.86,-0.13587,-1,-1,-1
267,-1,552.38,451.29,21.974,67.922,-0.19152,-1,-1,-1
267,-1,767.08,446.72,68.644,207.93,-0.34819,-1,-1,-1
267,-1,1856.4,476.18,55.569,168.71,-0.37739,-1,-1,-1
268,-1,809.68,405.34,182.79,550.38,1.5415,-1,-1,-1
268,-1,1352.6,442.87,128.96,388.88,1.4159,-1,-1,-1
268,-1,1650.1,413.27,120.26,362.77,1.3852,-1,-1,-1
268,-1,672.78,433.93,73.643,222.93,1.1111,-1,-1,-1
268,-1,505,449,39,119,0.93192,-1,-1,-1
268,-1,906.1,363.04,225.27,677.82,0.7975,-1,-1,-1
268,-1,781.01,223.86,277.58,834.73,0.16953,-1,-1,-1
268,-1,1122.1,423.72,44.948,136.84,0.0072901,-1,-1,-1
268,-1,737,473,39,119,-0.22635,-1,-1,-1
268,-1,457,457,39,119,-0.23117,-1,-1,-1
268,-1,575.47,451.14,20.435,63.306,-0.27403,-1,-1,-1
268,-1,1340.5,316.17,195.98,589.95,-0.31862,-1,-1,-1
268,-1,562.61,459.72,20.435,63.306,-0.45235,-1,-1,-1
269,-1,809.68,405.34,182.79,550.38,1.5542,-1,-1,-1
269,-1,672.78,433.93,73.643,222.93,1.5357,-1,-1,-1
269,-1,1352.6,442.87,128.96,388.88,1.4875,-1,-1,-1
269,-1,505,449,39,119,1.3018,-1,-1,-1
269,-1,1650.1,413.27,120.26,362.77,1.2305,-1,-1,-1
269,-1,907.12,394.97,195.98,589.95,0.77671,-1,-1,-1
269,-1,780.76,260.92,258.92,778.76,0.36035,-1,-1,-1
269,-1,1125.2,449.36,31.49,96.47,0.098087,-1,-1,-1
269,-1,892.44,223.86,277.58,834.73,0.019753,-1,-1,-1
269,-1,1372.9,343.97,170.48,513.45,-0.15788,-1,-1,-1
269,-1,738.38,472.58,41.871,127.61,-0.28438,-1,-1,-1
269,-1,575.47,451.14,20.435,63.306,-0.31045,-1,-1,-1
269,-1,561.56,455.88,21.974,67.922,-0.432,-1,-1,-1
270,-1,789.83,412.56,170.48,513.45,1.4379,-1,-1,-1
270,-1,505,449,39,119,1.2301,-1,-1,-1
270,-1,672.78,433.93,73.643,222.93,1.1111,-1,-1,-1
270,-1,907.12,394.97,195.98,589.95,0.7736,-1,-1,-1
270,-1,1366,418.86,138.29,416.86,0.76954,-1,-1,-1
270,-1,1652.8,408.29,112.14,338.41,0.76833,-1,-1,-1
270,-1,815.59,272.53,225.27,677.82,0.47643,-1,-1,-1
270,-1,892.44,223.86,277.58,834.73,0.04417,-1,-1,-1
270,-1,457,457,39,119,-0.44219,-1,-1,-1
270,-1,1340.5,316.17,195.98,589.95,-0.4928,-1,-1,-1
271,-1,789.83,412.56,170.48,513.45,1.5471,-1,-1,-1
271,-1,1652.8,408.29,112.14,338.41,1.2699,-1,-1,-1
271,-1,505,449,39,119,1.1919,-1,-1,-1
271,-1,1378.6,442.87,128.96,388.88,1.13,-1,-1,-1
271,-1,906.1,363.04,225.27,677.82,0.7456,-1,-1,-1
271,-1,689.79,442.87,63.98,193.94,0.52151,-1,-1,-1
271,-1,781.01,223.86,277.58,834.73,0.43615,-1,-1,-1
271,-1,1124.2,429.71,41.871,127.61,0.20983,-1,-1,-1
271,-1,635.08,455.88,21.974,67.922,-0.22098,-1,-1,-1
271,-1,451.29,451.29,44.948,136.84,-0.30304,-1,-1,-1
271,-1,1581.6,221.55,182.79,550.38,-0.44696,-1,-1,-1
271,-1,1313.4,46.255,225.27,677.82,-0.45137,-1,-1,-1
272,-1,789.83,412.56,170.48,513.45,1.629,-1,-1,-1
272,-1,1630.2,408.29,112.14,338.41,1.2206,-1,-1,-1
272,-1,505,449,39,119,1.1484,-1,-1,-1
272,-1,825.55,292.02,241.51,726.54,0.97137,-1,-1,-1
272,-1,1374.4,419,148.29,446.86,0.3628,-1,-1,-1
272,-1,697.44,446.72,68.644,207.93,0.36174,-1,-1,-1
272,-1,639.78,455.43,20.435,63.306,0.17166,-1,-1,-1
272,-1,951.35,363.04,225.27,677.82,0.15423,-1,-1,-1
272,-1,670.74,454.06,48.246,146.74,-0.22173,-1,-1,-1
272,-1,1578.7,241.08,170.48,513.45,-0.36117,-1,-1,-1
273,-1,809.68,405.34,182.79,550.38,1.4606,-1,-1,-1
273,-1,505,449,39,119,1.2702,-1,-1,-1
273,-1,1625.8,389.02,120.26,362.77,1.2642,-1,-1,-1
273,-1,639.78,455.43,20.435,63.306,0.77977,-1,-1,-1
273,-1,874.05,292.02,241.51,726.54,0.73525,-1,-1,-1
273,-1,689.79,442.87,63.98,193.94,0.5048,-1,-1,-1
273,-1,1374.4,419,148.29,446.86,0.37651,-1,-1,-1
273,-1,393,465,39,119,-0.17963,-1,-1,-1
273,-1,728.78,208.94,258.92,778.76,-0.22197,-1,-1,-1
273,-1,1578.7,241.08,170.48,513.45,-0.32257,-1,-1,-1
273,-1,1140.5,423.72,44.948,136.84,-0.38479,-1,-1,-1
273,-1,1163.2,710.14,48.246,146.74,-0.4563,-1,-1,-1
273,-1,561.56,455.88,21.974,67.922,-0.48397,-1,-1,-1
274,-1,1607.5,408.29,112.14,338.41,1.5653,-1,-1,-1
274,-1,824.12,412.56,170.48,513.45,1.4046,-1,-1,-1
274,-1,505,449,39,119,1.1524,-1,-1,-1
274,-1,825.55,292.02,241.51,726.54,0.99906,-1,-1,-1
274,-1,697.44,446.72,68.644,207.93,0.90926,-1,-1,-1
274,-1,1393.9,446.72,138.29,416.86,0.24782,-1,-1,-1
274,-1,951.35,363.04,225.27,677.82,0.032263,-1,-1,-1
274,-1,641,457,19,59,-0.18365,-1,-1,-1
274,-1,670.74,454.06,48.246,146.74,-0.29854,-1,-1,-1
274,-1,1581.6,221.55,182.79,550.38,-0.35485,-1,-1,-1
274,-1,1338.2,56.715,277.58,834.73,-0.48691,-1,-1,-1
275,-1,824.12,412.56,170.48,513.45,1.3684,-1,-1,-1
275,-1,1607.5,408.29,112.14,338.41,1.1497,-1,-1,-1
275,-1,825.55,292.02,241.51,726.54,1.1458,-1,-1,-1
275,-1,505,449,39,119,1.1366,-1,-1,-1
275,-1,697.44,446.72,68.644,207.93,0.92053,-1,-1,-1
275,-1,1404.3,419,148.29,446.86,0.19116,-1,-1,-1
275,-1,951.35,363.04,225.27,677.82,0.063223,-1,-1,-1
275,-1,1544.4,241.08,170.48,513.45,-0.078852,-1,-1,-1
275,-1,670.74,454.06,48.246,146.74,-0.094888,-1,-1,-1
275,-1,1304.3,421.14,41.871,127.61,-0.36476,-1,-1,-1
275,-1,575.35,451.29,21.974,67.922,-0.40011,-1,-1,-1
275,-1,745.36,460.48,44.948,136.84,-0.45936,-1,-1,-1
275,-1,645,457,19,59,-0.49505,-1,-1,-1
276,-1,824.12,412.56,170.48,513.45,1.6267,-1,-1,-1
276,-1,505,449,39,119,1.2479,-1,-1,-1
276,-1,702.79,442.87,63.98,193.94,1.2004,-1,-1,-1
276,-1,825.55,292.02,241.51,726.54,1.1544,-1,-1,-1
276,-1,1607.5,408.29,112.14,338.41,0.74482,-1,-1,-1
276,-1,1409,385,159,479,0.37972,-1,-1,-1
276,-1,951.35,363.04,225.27,677.82,0.21639,-1,-1,-1
276,-1,645,457,19,59,0.16807,-1,-1,-1
276,-1,1333.1,449.36,31.49,96.47,-0.17166,-1,-1,-1
276,-1,670.74,454.06,48.246,146.74,-0.26927,-1,-1,-1
276,-1,614.05,459.72,20.435,63.306,-0.37008,-1,-1,-1
276,-1,1644.6,335.29,138.29,416.86,-0.39934,-1,-1,-1
276,-1,457,457,39,119,-0.48281,-1,-1,-1
277,-1,824.12,412.56,170.48,513.45,1.3894,-1,-1,-1
277,-1,505,449,39,119,1.0398,-1,-1,-1
277,-1,825.55,292.02,241.51,726.54,1.0134,-1,-1,-1
277,-1,702.79,442.87,63.98,193.94,0.95753,-1,-1,-1
277,-1,1584.9,408.29,112.14,338.41,0.38357,-1,-1,-1
277,-1,1434.1,419,148.29,446.86,0.36654,-1,-1,-1
277,-1,951.35,363.04,225.27,677.82,0.18624,-1,-1,-1
277,-1,1331.2,446.72,33.822,103.47,0.060413,-1,-1,-1
277,-1,645,457,19,59,-0.091875,-1,-1,-1
277,-1,668.51,442.23,55.569,168.71,-0.45726,-1,-1,-1
277,-1,618.34,455.43,20.435,63.306,-0.48301,-1,-1,-1
278,-1,824.12,412.56,170.48,513.45,2.097,-1,-1,-1
278,-1,505,449,39,119,1.2142,-1,-1,-1
278,-1,704.29,449.65,59.629,180.89,0.83988,-1,-1,-1
278,-1,825.55,292.02,241.51,726.54,0.60481,-1,-1,-1
278,-1,1434.1,419,148.29,446.86,0.56771,-1,-1,-1
278,-1,1333.1,449.36,31.49,96.47,0.26131,-1,-1,-1
278,-1,1140.5,423.72,44.948,136.84,0.18043,-1,-1,-1
278,-1,951.35,363.04,225.27,677.82,0.017893,-1,-1,-1
278,-1,678.36,489.73,41.871,127.61,-0.1953,-1,-1,-1
278,-1,1846.4,455.86,63.98,193.94,-0.20595,-1,-1,-1
278,-1,645,457,19,59,-0.25703,-1,-1,-1
278,-1,1584.4,423.24,104.56,315.68,-0.25962,-1,-1,-1
279,-1,824.12,412.56,170.48,513.45,2.1811,-1,-1,-1
279,-1,505,449,39,119,1.2031,-1,-1,-1
279,-1,1434.1,419,148.29,446.86,0.80493,-1,-1,-1
279,-1,697.44,446.72,68.644,207.93,0.64938,-1,-1,-1
279,-1,1333.1,449.36,31.49,96.47,0.47339,-1,-1,-1
279,-1,951.35,363.04,225.27,677.82,0.30923,-1,-1,-1
279,-1,825.55,292.02,241.51,726.54,0.23726,-1,-1,-1
279,-1,644.06,455.43,20.435,63.306,-0.2192,-1,-1,-1
279,-1,670.74,454.06,48.246,146.74,-0.34924,-1,-1,-1
279,-1,1563.3,423.24,104.56,315.68,-0.43726,-1,-1,-1
279,-1,557,457,19,59,-0.49666,-1,-1,-1
280,-1,824.12,412.56,170.48,513.45,2.4357,-1,-1,-1
280,-1,505,449,39,119,1.1756,-1,-1,-1
280,-1,711.37,446.72,68.644,207.93,1.0423,-1,-1,-1
280,-1,1339.6,449.36,31.49,96.47,0.73903,-1,-1,-1
280,-1,1464,419,148.29,446.86,0.73765,-1,-1,-1
280,-1,951.35,363.04,225.27,677.82,0.38341,-1,-1,-1
280,-1,780.76,208.94,258.92,778.76,0.11124,-1,-1,-1
280,-1,644.06,455.43,20.435,63.306,-0.15445,-1,-1,-1
280,-1,1846.4,468.86,63.98,193.94,-0.37371,-1,-1,-1
280,-1,386.84,464.01,41.871,127.61,-0.37969,-1,-1,-1
280,-1,449,457,39,119,-0.42273,-1,-1,-1
280,-1,558.32,455.43,20.435,63.306,-0.43346,-1,-1,-1
280,-1,670.74,454.06,48.246,146.74,-0.43518,-1,-1,-1
281,-1,824.12,412.56,170.48,513.45,2.457,-1,-1,-1
281,-1,505,449,39,119,0.91818,-1,-1,-1
281,-1,1441.5,343.97,170.48,513.45,0.75704,-1,-1,-1
281,-1,715.78,455.86,63.98,193.94,0.59153,-1,-1,-1
281,-1,825.55,292.02,241.51,726.54,0.22242,-1,-1,-1
281,-1,951.35,363.04,225.27,677.82,0.12533,-1,-1,-1
281,-1,649,457,19,59,0.035986,-1,-1,-1
281,-1,556.97,455.88,21.974,67.922,-0.12426,-1,-1,-1
281,-1,678.36,489.73,41.871,127.61,-0.14914,-1,-1,-1
281,-1,1338.2,446.72,33.822,103.47,-0.15688,-1,-1,-1
281,-1,537,457,19,59,-0.40424,-1,-1,-1
281,-1,809.68,483.45,21.974,67.922,-0.45127,-1,-1,-1
281,-1,386.84,455.43,41.871,127.61,-0.47524,-1,-1,-1
281,-1,676.79,442.87,63.98,193.94,-0.48694,-1,-1,-1
282,-1,824.12,412.56,170.48,513.45,2.3069,-1,-1,-1
282,-1,505,449,39,119,0.84836,-1,-1,-1
282,-1,711.37,446.72,68.644,207.93,0.77612,-1,-1,-1
282,-1,1464,419,148.29,446.86,0.75144,-1,-1,-1
282,-1,825.55,292.02,241.51,726.54,0.15623,-1,-1,-1
282,-1,1338.2,446.72,33.822,103.47,0.047166,-1,-1,-1
282,-1,951.35,363.04,225.27,677.82,-0.0475,-1,-1,-1
282,-1,678.36,489.73,41.871,127.61,-0.075026,-1,-1,-1
282,-1,648.35,455.43,20.435,63.306,-0.17192,-1,-1,-1
282,-1,537,457,19,59,-0.24504,-1,-1,-1
282,-1,556.97,455.88,21.974,67.922,-0.28947,-1,-1,-1
282,-1,1856.4,476.18,55.569,168.71,-0.42786,-1,-1,-1
282,-1,618.34,459.72,20.435,63.306,-0.49023,-1,-1,-1
282,-1,676.79,442.87,63.98,193.94,-0.4979,-1,-1,-1
283,-1,824.12,412.56,170.48,513.45,2.3326,-1,-1,-1
283,-1,505,449,39,119,0.69273,-1,-1,-1
283,-1,711.37,446.72,68.644,207.93,0.53904,-1,-1,-1
283,-1,1464,419,148.29,446.86,0.47119,-1,-1,-1
283,-1,906.1,408.29,225.27,677.82,0.24606,-1,-1,-1
283,-1,386.84,455.43,41.871,127.61,-0.0085611,-1,-1,-1
283,-1,780.76,208.94,258.92,778.76,-0.027171,-1,-1,-1
283,-1,1149.9,429.71,41.871,127.61,-0.066619,-1,-1,-1
283,-1,537,457,19,59,-0.077095,-1,-1,-1
283,-1,558.32,459.72,20.435,63.306,-0.10129,-1,-1,-1
283,-1,1345.1,446.72,33.822,103.47,-0.233,-1,-1,-1
283,-1,579.76,455.43,20.435,63.306,-0.28421,-1,-1,-1
283,-1,678.36,489.73,41.871,127.61,-0.37269,-1,-1,-1
283,-1,1866.5,488.05,44.948,136.84,-0.37374,-1,-1,-1
283,-1,666.03,460.19,25.39,78.17,-0.48854,-1,-1,-1
284,-1,824.12,412.56,170.48,513.45,2.2536,-1,-1,-1
284,-1,1149.9,429.71,41.871,127.61,0.82265,-1,-1,-1
284,-1,505,449,39,119,0.71308,-1,-1,-1
284,-1,922.56,389.02,241.51,726.54,0.55876,-1,-1,-1
284,-1,1473,417,159,479,0.54064,-1,-1,-1
284,-1,711.37,446.72,68.644,207.93,0.47266,-1,-1,-1
284,-1,1345.1,446.72,33.822,103.47,0.4658,-1,-1,-1
284,-1,825.55,243.51,241.51,726.54,-0.13493,-1,-1,-1
284,-1,386.84,455.43,41.871,127.61,-0.169,-1,-1,-1
284,-1,556.97,455.88,21.974,67.922,-0.37111,-1,-1,-1
284,-1,670.74,454.06,48.246,146.74,-0.37606,-1,-1,-1
284,-1,541.17,455.43,20.435,63.306,-0.42176,-1,-1,-1
285,-1,824.12,412.56,170.48,513.45,2.1094,-1,-1,-1
285,-1,1493.9,419,148.29,446.86,1.3308,-1,-1,-1
285,-1,505,449,39,119,1.1006,-1,-1,-1
285,-1,922.56,389.02,241.51,726.54,0.57615,-1,-1,-1
285,-1,725.3,446.72,68.644,207.93,0.41087,-1,-1,-1
285,-1,1344.6,441.39,36.321,110.96,0.17738,-1,-1,-1
285,-1,670.74,454.06,48.246,146.74,0.02613,-1,-1,-1
285,-1,579.94,455.88,21.974,67.922,-0.078436,-1,-1,-1
285,-1,780.76,260.92,258.92,778.76,-0.089445,-1,-1,-1
285,-1,1149.9,429.71,41.871,127.61,-0.27966,-1,-1,-1
285,-1,385,465,39,119,-0.39219,-1,-1,-1
286,-1,824.12,412.56,170.48,513.45,2.2059,-1,-1,-1
286,-1,1493.9,419,148.29,446.86,1.4223,-1,-1,-1
286,-1,725.3,446.72,68.644,207.93,0.99224,-1,-1,-1
286,-1,505,449,39,119,0.7862,-1,-1,-1
286,-1,922.56,389.02,241.51,726.54,0.64148,-1,-1,-1
286,-1,1352.1,446.72,33.822,103.47,0.49166,-1,-1,-1
286,-1,1149.9,429.71,41.871,127.61,0.267,-1,-1,-1
286,-1,579.94,455.88,21.974,67.922,0.20708,-1,-1,-1
286,-1,780.76,260.92,258.92,778.76,0.06017,-1,-1,-1
286,-1,670.74,454.06,48.246,146.74,-0.085288,-1,-1,-1
286,-1,386.84,455.43,41.871,127.61,-0.11789,-1,-1,-1
286,-1,556.97,451.29,21.974,67.922,-0.28527,-1,-1,-1
286,-1,537,457,19,59,-0.40085,-1,-1,-1
286,-1,1478.8,254.35,210.12,632.36,-0.46289,-1,-1,-1
287,-1,824.12,412.56,170.48,513.45,2.4467,-1,-1,-1
287,-1,505,449,39,119,1.1686,-1,-1,-1
287,-1,1493.9,419,148.29,446.86,0.94672,-1,-1,-1
287,-1,725.3,446.72,68.644,207.93,0.92533,-1,-1,-1
287,-1,922.56,389.02,241.51,726.54,0.48004,-1,-1,-1
287,-1,670.74,454.06,48.246,146.74,0.29977,-1,-1,-1
287,-1,1149.7,423.72,44.948,136.84,0.29804,-1,-1,-1
287,-1,579.94,451.29,21.974,67.922,0.2825,-1,-1,-1
287,-1,1352.1,446.72,33.822,103.47,0.20343,-1,-1,-1
287,-1,780.76,260.92,258.92,778.76,-0.047265,-1,-1,-1
287,-1,386.84,455.43,41.871,127.61,-0.31502,-1,-1,-1
288,-1,824.12,412.56,170.48,513.45,2.3098,-1,-1,-1
288,-1,505,449,39,119,1.0115,-1,-1,-1
288,-1,739.23,446.72,68.644,207.93,0.91967,-1,-1,-1
288,-1,929.93,423.24,210.12,632.36,0.59568,-1,-1,-1
288,-1,1505.3,446.72,138.29,416.86,0.47353,-1,-1,-1
288,-1,825.55,292.02,241.51,726.54,0.33948,-1,-1,-1
288,-1,1352,441.39,36.321,110.96,0.3385,-1,-1,-1
288,-1,579.76,455.43,20.435,63.306,0.059908,-1,-1,-1
288,-1,670.74,454.06,48.246,146.74,-0.025425,-1,-1,-1
288,-1,1149.7,423.72,44.948,136.84,-0.19139,-1,-1,-1
288,-1,386.84,455.43,41.871,127.61,-0.22738,-1,-1,-1
288,-1,1498.1,316.17,195.98,589.95,-0.33581,-1,-1,-1
288,-1,556.97,451.29,21.974,67.922,-0.39547,-1,-1,-1
289,-1,824.12,412.56,170.48,513.45,2.3395,-1,-1,-1
289,-1,739.23,446.72,68.644,207.93,1.138,-1,-1,-1
289,-1,505,449,39,119,0.94038,-1,-1,-1
289,-1,1473,385,159,479,0.89415,-1,-1,-1
289,-1,906.1,408.29,225.27,677.82,0.52118,-1,-1,-1
289,-1,1352.6,442.87,31.49,96.47,0.35054,-1,-1,-1
289,-1,579.76,455.43,20.435,63.306,0.32225,-1,-1,-1
289,-1,681,489,39,119,0.031855,-1,-1,-1
289,-1,780.76,260.92,258.92,778.76,0.02448,-1,-1,-1
289,-1,386.84,455.43,41.871,127.61,0.010564,-1,-1,-1
289,-1,1153,433,39,119,-0.1689,-1,-1,-1
290,-1,846.44,405.34,182.79,550.38,2.2321,-1,-1,-1
290,-1,739.23,446.72,68.644,207.93,1.0541,-1,-1,-1
290,-1,505,449,39,119,0.80167,-1,-1,-1
290,-1,579.94,451.29,21.974,67.922,0.42723,-1,-1,-1
290,-1,922.56,389.02,241.51,726.54,0.34461,-1,-1,-1
290,-1,1493.9,419,148.29,446.86,0.33906,-1,-1,-1
290,-1,1149.7,442.1,44.948,136.84,0.087714,-1,-1,-1
290,-1,780.76,260.92,258.92,778.76,-0.054493,-1,-1,-1
290,-1,386.84,455.43,41.871,127.61,-0.097252,-1,-1,-1
290,-1,680.59,454.06,48.246,146.74,-0.23435,-1,-1,-1
290,-1,1359.1,446.72,33.822,103.47,-0.29356,-1,-1,-1
290,-1,536.89,459.72,20.435,63.306,-0.39981,-1,-1,-1
291,-1,846.44,405.34,182.79,550.38,2.3576,-1,-1,-1
291,-1,739.23,446.72,68.644,207.93,1.5047,-1,-1,-1
291,-1,929.93,423.24,210.12,632.36,0.57632,-1,-1,-1
291,-1,505,449,39,119,0.56027,-1,-1,-1
291,-1,1464,389.14,148.29,446.86,0.34065,-1,-1,-1
291,-1,579.94,451.29,21.974,67.922,0.13604,-1,-1,-1
291,-1,832.75,260.92,258.92,778.76,0.1152,-1,-1,-1
291,-1,385,465,39,119,0.062353,-1,-1,-1
291,-1,680.59,454.06,48.246,146.74,0.013031,-1,-1,-1
291,-1,1510.1,412.56,170.48,513.45,-0.10965,-1,-1,-1
291,-1,1158,441.39,36.321,110.96,-0.27741,-1,-1,-1
291,-1,1856.4,476.18,55.569,168.71,-0.38421,-1,-1,-1
291,-1,988.7,260.92,258.92,778.76,-0.4002,-1,-1,-1
291,-1,1359.5,441.39,36.321,110.96,-0.41352,-1,-1,-1
291,-1,1304.3,421.14,41.871,127.61,-0.42343,-1,-1,-1
291,-1,729.84,375.27,97.492,294.47,-0.42591,-1,-1,-1
292,-1,858.42,412.56,170.48,513.45,2.3237,-1,-1,-1
292,-1,747.43,433.93,73.643,222.93,1.0838,-1,-1,-1
292,-1,505,449,39,119,0.55878,-1,-1,-1
292,-1,929.93,423.24,210.12,632.36,0.5585,-1,-1,-1
292,-1,777.05,243.51,241.51,726.54,0.39159,-1,-1,-1
292,-1,1149.7,423.72,44.948,136.84,0.27244,-1,-1,-1
292,-1,1464,389.14,148.29,446.86,0.12902,-1,-1,-1
292,-1,680.59,454.06,48.246,146.74,0.0015201,-1,-1,-1
292,-1,1544.4,343.97,170.48,513.45,-0.18825,-1,-1,-1
292,-1,385,465,39,119,-0.21419,-1,-1,-1
292,-1,579.76,455.43,20.435,63.306,-0.22256,-1,-1,-1
292,-1,837,180.14,297.57,894.71,-0.28548,-1,-1,-1
293,-1,858.42,412.56,170.48,513.45,2.6317,-1,-1,-1
293,-1,753.16,446.72,68.644,207.93,1.4612,-1,-1,-1
293,-1,505,449,39,119,0.80819,-1,-1,-1
293,-1,929.93,423.24,210.12,632.36,0.55508,-1,-1,-1
293,-1,777.05,243.51,241.51,726.54,0.28744,-1,-1,-1
293,-1,1153,433,39,119,-0.082987,-1,-1,-1
293,-1,1464,389.14,148.29,446.86,-0.09189,-1,-1,-1
293,-1,386.84,455.43,41.871,127.61,-0.20886,-1,-1,-1
293,-1,579.94,451.29,21.974,67.922,-0.22071,-1,-1,-1
293,-1,680.59,454.06,48.246,146.74,-0.24611,-1,-1,-1
293,-1,1544.4,343.97,170.48,513.45,-0.25994,-1,-1,-1
293,-1,837,180.14,297.57,894.71,-0.34597,-1,-1,-1
293,-1,1366,446.72,33.822,103.47,-0.4086,-1,-1,-1
293,-1,1304.3,421.14,41.871,127.61,-0.42578,-1,-1,-1
294,-1,858.42,412.56,170.48,513.45,2.5318,-1,-1,-1
294,-1,747.43,433.93,73.643,222.93,1.5674,-1,-1,-1
294,-1,505,449,39,119,0.86276,-1,-1,-1
294,-1,946.52,473.76,195.98,589.95,0.34154,-1,-1,-1
294,-1,777.05,243.51,241.51,726.54,0.14629,-1,-1,-1
294,-1,1544.4,412.56,170.48,513.45,0.013129,-1,-1,-1
294,-1,678.36,489.73,41.871,127.61,0.012525,-1,-1,-1
294,-1,579.94,451.29,21.974,67.922,-0.065556,-1,-1,-1
294,-1,837,180.14,297.57,894.71,-0.20816,-1,-1,-1
294,-1,386.84,455.43,41.871,127.61,-0.27117,-1,-1,-1
294,-1,1464,389.14,148.29,446.86,-0.39906,-1,-1,-1
294,-1,1304.3,421.14,41.871,127.61,-0.48892,-1,-1,-1
294,-1,1161,433,39,119,-0.49586,-1,-1,-1
295,-1,865,449,159,479,2.3056,-1,-1,-1
295,-1,754.77,442.87,63.98,193.94,1.2665,-1,-1,-1
295,-1,497.24,442.1,44.948,136.84,0.58973,-1,-1,-1
295,-1,815.59,272.53,225.27,677.82,0.5716,-1,-1,-1
295,-1,1583.4,419,148.29,446.86,0.35993,-1,-1,-1
295,-1,972.16,381.02,210.12,632.36,0.35422,-1,-1,-1
295,-1,1373.3,402.13,104.56,315.68,-0.050738,-1,-1,-1
295,-1,749.54,375.27,97.492,294.47,-0.097256,-1,-1,-1
295,-1,386.84,455.43,41.871,127.61,-0.15473,-1,-1,-1
295,-1,680.59,454.06,48.246,146.74,-0.28919,-1,-1,-1
295,-1,558.32,455.43,20.435,63.306,-0.35962,-1,-1,-1
295,-1,1304.3,421.14,41.871,127.61,-0.38111,-1,-1,-1
295,-1,584.04,451.14,20.435,63.306,-0.39504,-1,-1,-1
295,-1,721.23,524.03,41.871,127.61,-0.45893,-1,-1,-1
296,-1,858.42,412.56,170.48,513.45,2.1321,-1,-1,-1
296,-1,762.35,433.93,73.643,222.93,1.2527,-1,-1,-1
296,-1,1578.7,412.56,170.48,513.45,0.48487,-1,-1,-1
296,-1,497.24,442.1,44.948,136.84,0.36848,-1,-1,-1
296,-1,1399.6,414.66,97.492,294.47,0.33787,-1,-1,-1
296,-1,1158.5,429.71,41.871,127.61,0.2169,-1,-1,-1
296,-1,678.36,489.73,41.871,127.61,0.069591,-1,-1,-1
296,-1,946.52,473.76,195.98,589.95,0.066252,-1,-1,-1
296,-1,832.75,260.92,258.92,778.76,0.062672,-1,-1,-1
296,-1,739.92,359.91,104.56,315.68,-0.1736,-1,-1,-1
296,-1,579.94,451.29,21.974,67.922,-0.20918,-1,-1,-1
296,-1,558.32,455.43,20.435,63.306,-0.33987,-1,-1,-1
296,-1,386.84,455.43,41.871,127.61,-0.41544,-1,-1,-1
296,-1,1304.3,421.14,41.871,127.61,-0.44812,-1,-1,-1
297,-1,858.42,412.56,170.48,513.45,2.4282,-1,-1,-1
297,-1,762.35,433.93,73.643,222.93,1.8264,-1,-1,-1
297,-1,505,449,39,119,0.82546,-1,-1,-1
297,-1,1613.3,448.86,148.29,446.86,0.39407,-1,-1,-1
297,-1,874.05,243.51,241.51,726.54,0.2344,-1,-1,-1
297,-1,1373.3,402.13,104.56,315.68,0.23378,-1,-1,-1
297,-1,1153,433,39,119,0.032594,-1,-1,-1
297,-1,678.36,489.73,41.871,127.61,-0.064248,-1,-1,-1
297,-1,739.92,359.91,104.56,315.68,-0.16839,-1,-1,-1
297,-1,386.84,455.43,41.871,127.61,-0.18138,-1,-1,-1
297,-1,558.32,455.43,20.435,63.306,-0.3647,-1,-1,-1
297,-1,971.06,389.02,241.51,726.54,-0.42487,-1,-1,-1
297,-1,1304.3,421.14,41.871,127.61,-0.43707,-1,-1,-1
298,-1,858.42,412.56,170.48,513.45,2.4393,-1,-1,-1
298,-1,762.35,433.93,73.643,222.93,2.4126,-1,-1,-1
298,-1,1613.3,448.86,148.29,446.86,0.91037,-1,-1,-1
298,-1,1373.3,402.13,104.56,315.68,0.86749,-1,-1,-1
298,-1,505,449,39,119,0.80237,-1,-1,-1
298,-1,985.92,394.97,195.98,589.95,0.46933,-1,-1,-1
298,-1,874.05,243.51,241.51,726.54,0.27119,-1,-1,-1
298,-1,558.32,455.43,20.435,63.306,0.046567,-1,-1,-1
298,-1,678.36,489.73,41.871,127.61,-0.09306,-1,-1,-1
298,-1,536.89,455.43,20.435,63.306,-0.17924,-1,-1,-1
298,-1,1605.5,296.57,210.12,632.36,-0.25623,-1,-1,-1
298,-1,1169,433,39,119,-0.33417,-1,-1,-1
298,-1,385,465,39,119,-0.36249,-1,-1,-1
299,-1,858.42,412.56,170.48,513.45,2.1843,-1,-1,-1
299,-1,767.77,442.87,63.98,193.94,2.1783,-1,-1,-1
299,-1,1373.3,402.13,104.56,315.68,1.1257,-1,-1,-1
299,-1,505,449,39,119,1.0915,-1,-1,-1
299,-1,985.92,394.97,195.98,589.95,0.52092,-1,-1,-1
299,-1,1613.3,448.86,148.29,446.86,0.43775,-1,-1,-1
299,-1,874.05,243.51,241.51,726.54,0.38023,-1,-1,-1
299,-1,1167.1,429.71,41.871,127.61,0.15747,-1,-1,-1
299,-1,558.32,455.43,20.435,63.306,-0.020481,-1,-1,-1
299,-1,626.92,455.43,20.435,63.306,-0.084503,-1,-1,-1
299,-1,1605.5,296.57,210.12,632.36,-0.088932,-1,-1,-1
299,-1,680.59,454.06,48.246,146.74,-0.22797,-1,-1,-1
299,-1,738.38,395.41,84.742,256.23,-0.25055,-1,-1,-1
299,-1,1866.5,488.05,44.948,136.84,-0.47532,-1,-1,-1
300,-1,767.08,446.72,68.644,207.93,2.4316,-1,-1,-1
300,-1,1379.9,414.66,97.492,294.47,2.1955,-1,-1,-1
300,-1,858.42,412.56,170.48,513.45,2.0318,-1,-1,-1
300,-1,505,449,39,119,1.0093,-1,-1,-1
300,-1,1618.4,368.58,182.79,550.38,0.81248,-1,-1,-1
300,-1,985.92,394.97,195.98,589.95,0.74012,-1,-1,-1
300,-1,874.05,243.51,241.51,726.54,0.30402,-1,-1,-1
300,-1,667.92,455.71,29.314,89.943,-0.13518,-1,-1,-1
300,-1,749.54,375.27,97.492,294.47,-0.22311,-1,-1,-1
300,-1,556.97,455.88,21.974,67.922,-0.23459,-1,-1,-1
300,-1,629,457,19,59,-0.29535,-1,-1,-1
300,-1,832.7,446.86,41.871,127.61,-0.29571,-1,-1,-1
300,-1,680.59,454.06,48.246,146.74,-0.30566,-1,-1,-1
300,-1,1313.4,46.255,225.27,677.82,-0.43509,-1,-1,-1
300,-1,386.84,455.43,41.871,127.61,-0.4394,-1,-1,-1
300,-1,601,457,19,59,-0.44807,-1,-1,-1
301,-1,767.08,446.72,68.644,207.93,2.1603,-1,-1,-1
301,-1,1379.9,414.66,97.492,294.47,1.673,-1,-1,-1
301,-1,892.72,412.56,170.48,513.45,1.6192,-1,-1,-1
301,-1,505,449,39,119,1.0264,-1,-1,-1
301,-1,985.92,394.97,195.98,589.95,0.81814,-1,-1,-1
301,-1,1633,417,159,479,0.79117,-1,-1,-1
301,-1,884.73,260.92,258.92,778.76,0.26161,-1,-1,-1
301,-1,558.32,455.43,20.435,63.306,0.11414,-1,-1,-1
301,-1,1313.4,46.255,225.27,677.82,-0.14592,-1,-1,-1
301,-1,386.84,455.43,41.871,127.61,-0.16996,-1,-1,-1
301,-1,738.38,472.58,41.871,127.61,-0.20049,-1,-1,-1
301,-1,749.54,375.27,97.492,294.47,-0.28244,-1,-1,-1
301,-1,680.59,454.06,48.246,146.74,-0.34596,-1,-1,-1
301,-1,662.85,459.21,27.284,83.853,-0.41959,-1,-1,-1
301,-1,841.27,429.71,84.742,256.23,-0.49338,-1,-1,-1
