1,-1,123,708,43.9,100.8,1
1,-1,542,554,34.2,90.5,1
1,-1,1519,560,50.8,117.5,1
1,-1,1373,519,34.5,93.6,1
1,-1,500,550,35.3,89.8,0.999
1,-1,1609,560,54.7,121,0.998
1,-1,1446,504,29.6,81,0.997
1,-1,1475,515,39.1,83.3,0.996
1,-1,268,586,50.2,145,0.995
1,-1,1074,485,17.2,38.7,0.995
1,-1,649,528,26.2,69,0.994
1,-1,-6,680,62.3,198.8,0.99
1,-1,787,505,17.9,45,0.988
1,-1,1185,488,14.1,33.6,0.969
1,-1,674,523,23.6,57.2,0.926
1,-1,826,509,18.7,46.6,0.911
1,-1,772,502,18.6,48.6,0.83
1,-1,188,579,54.2,144.9,0.749
1,-1,635,532,22.8,60.1,0.619
2,-1,112,700,41.5,96.9,1
2,-1,498,537,37.8,94.7,1
2,-1,1375,511,36.3,96.4,0.999
2,-1,1618,556,53.8,126.8,0.999
2,-1,1486,515,33,77.1,0.999
2,-1,543,540,33.2,85.6,0.999
2,-1,1529,558,57.2,121.4,0.999
2,-1,1449,505,30.2,78.5,0.999
2,-1,264,572,52.4,145.6,0.997
2,-1,647,520,27.4,69.2,0.994
2,-1,1070,482,17.5,34,0.991
2,-1,792,496,17.6,50.6,0.989
2,-1,675,513,24.7,61.1,0.952
2,-1,171,564,61,151.5,0.938
2,-1,826,499,17.9,47.2,0.937
2,-1,1184,486,14.9,35.4,0.883
2,-1,776,499,17.7,46.8,0.86
2,-1,634,524,22.3,59.9,0.859
2,-1,1874,564,41.2,107.1,0.416
2,-1,-9,655,54.8,227.5,0.4
3,-1,1627,547,53.6,127.1,1
3,-1,543,551,33,85,1
3,-1,102,724,43.4,97.7,1
3,-1,1531,548,53.8,123,1
3,-1,498,551,38.5,93.6,1
3,-1,1377,512,38.4,95.3,0.999
3,-1,1449,499,34.6,80.7,0.999
3,-1,1487,514,35.3,73.7,0.998
3,-1,645,527,27.6,74.5,0.997
3,-1,246,594,56.4,152.9,0.994
3,-1,790,514,16.5,41.4,0.989
3,-1,1075,483,16.6,39.4,0.988
3,-1,828,510,18.3,44.7,0.965
3,-1,679,530,21.9,48.1,0.9
3,-1,775,506,18,47,0.836
3,-1,1182,486,15,35,0.635
3,-1,171,593,51.3,149.3,0.572
3,-1,613,513,31.2,79.5,0.498
4,-1,90,721,46.1,100.4,1
4,-1,540,548,33.5,89.7,1
4,-1,498,548,37.6,86.6,1
4,-1,1635,552,62,133,0.999
4,-1,1458,498,30.6,80.8,0.999
4,-1,1490,509,36.7,76.9,0.999
4,-1,1546,558,52.2,118.7,0.999
4,-1,654,528,24.5,72,0.997
4,-1,1382,506,31.8,105,0.994
4,-1,165,585,53.6,150.7,0.993
4,-1,1074,480,18.3,37.6,0.992
4,-1,637,527,28.6,73.6,0.989
4,-1,794,506,17.1,46,0.986
4,-1,251,602,53.6,142.6,0.986
4,-1,829,509,18.1,47.3,0.985
4,-1,778,507,18.5,43.6,0.963
4,-1,676,521,23.9,61.7,0.939
4,-1,1190,483,14.9,34.7,0.84
4,-1,1065,476,21.6,48.4,0.786
5,-1,496,537,33,96,1
5,-1,1639,563,62.1,129.7,1
5,-1,542,552,35.2,85.5,1
5,-1,1462,506,29.1,80.4,1
5,-1,1549,568,53.6,118.3,0.999
5,-1,73,716,46,99.1,0.999
5,-1,1494,517,37.2,79.6,0.998
5,-1,1383,520,34.3,96.6,0.998
5,-1,651,525,26.8,68.6,0.998
5,-1,240,595,50,140.6,0.996
5,-1,795,504,17.6,44.9,0.992
5,-1,827,507,18.2,44.9,0.982
5,-1,634,525,27.7,67.5,0.975
5,-1,778,507,18.6,42.6,0.966
5,-1,680,515,22.9,67.2,0.948
5,-1,157,585,52.6,148.6,0.908
5,-1,1192,485,14.8,35.8,0.815
5,-1,614,510,32.2,76,0.613
5,-1,1278,490,19.7,43.8,0.6
5,-1,1074,487,15.1,34.8,0.527
6,-1,1501,530,35.8,78.7,1
6,-1,540,559,33.3,88.8,1
6,-1,1465,518,31.6,74,1
6,-1,1648,574,60.1,124,1
6,-1,1560,575,50.2,119.6,1
6,-1,496,554,37.6,95.6,1
6,-1,237,602,54.1,148.3,0.999
6,-1,1391,526,35.8,98.8,0.999
6,-1,653,532,26.2,78.8,0.995
6,-1,64,731,43.3,108.2,0.994
6,-1,797,516,16.2,44.7,0.989
6,-1,678,527,25.5,64.7,0.979
6,-1,829,519,17.2,46.3,0.977
6,-1,141,590,56.3,148,0.975
6,-1,776,510,18.7,51.2,0.945
6,-1,638,535,26.3,73,0.938
6,-1,1281,504,17.6,43.7,0.473
7,-1,1657,564,62.8,138.6,1
7,-1,1466,510,31.1,76,1
7,-1,537,558,32.1,87.3,1
7,-1,496,550,36.6,91.6,1
7,-1,1563,571,51.3,129.4,0.999
7,-1,1502,517,37.3,81.6,0.997
7,-1,1394,521,35,101.6,0.996
7,-1,796,510,16.5,47.8,0.996
7,-1,652,531,24.2,65.9,0.996
7,-1,678,523,27.7,65.4,0.993
7,-1,132,588,57.1,153.4,0.987
7,-1,47,736,48.1,106.6,0.985
7,-1,227,601,55.1,147.1,0.98
7,-1,828,510,18.6,48.2,0.974
7,-1,637,531,23.8,62.2,0.958
7,-1,774,502,19.8,50,0.881
7,-1,1074,493,14.8,33.6,0.879
7,-1,1197,489,16.4,36.4,0.781
7,-1,1283,495,19.1,46.4,0.584
7,-1,988,498,14.8,35.6,0.482
8,-1,647,535,27.2,74,1
8,-1,1661,582,62.7,126.5,1
8,-1,1392,537,34.5,91.7,1
8,-1,1469,515,33,82,1
8,-1,33,748,46.9,104,1
8,-1,535,557,32.8,91.5,1
8,-1,1511,531,37.7,88.5,1
8,-1,494,557,36,94.2,1
8,-1,1571,579,50.5,121.6,0.999
8,-1,218,613,49,135.9,0.998
8,-1,678,530,26.6,65.6,0.997
8,-1,633,544,23.5,60.6,0.997
8,-1,796,514,17.3,49.1,0.996
8,-1,1192,500,15.8,36.3,0.988
8,-1,828,518,17.5,44.3,0.983
8,-1,1080,496,15.2,33.2,0.951
8,-1,122,604,61.7,148.2,0.942
8,-1,779,511,20.7,49.4,0.86
8,-1,1280,501,21,46.4,0.753
9,-1,1669,581,71.2,143,1
9,-1,1576,593,51.9,117,1
9,-1,1512,537,36.8,77.5,1
9,-1,1400,535,33.9,102.5,1
9,-1,492,558,33,89.5,1
9,-1,16,745,46.9,109.7,1
9,-1,536,561,34.2,85.1,1
9,-1,1475,520,31.8,81.6,0.999
9,-1,646,534,27.1,73.6,0.999
9,-1,678,529,25.7,61.5,0.998
9,-1,207,597,57.3,152.1,0.997
9,-1,630,542,25.2,64.4,0.995
9,-1,797,518,14.4,37.7,0.992
9,-1,1196,496,16,40.4,0.984
9,-1,828,516,17.9,45.3,0.981
9,-1,1077,502,13.6,30.1,0.954
9,-1,777,510,18.8,46,0.903
9,-1,113,581,62,165,0.889
9,-1,1281,505,20.5,45,0.856
9,-1,1466,508,22.1,47.2,0.728
9,-1,615,525,27.5,71.7,0.634
10,-1,488,548,35.6,94.6,1
10,-1,1398,545,35.3,99.5,1
10,-1,528,550,34,90.2,1
10,-1,1577,600,52.5,125.9,1
10,-1,1671,598,63.8,136.7,1
10,-1,0,739,47,105.8,0.999
10,-1,1474,533,31.9,77.8,0.999
10,-1,648,531,24.5,72.6,0.998
10,-1,678,529,25.3,57.3,0.997
10,-1,627,536,24.6,66.2,0.995
10,-1,187,594,54.9,154.8,0.994
10,-1,1510,551,37.7,73.1,0.994
10,-1,775,509,20.1,51.6,0.993
10,-1,797,514,14.4,44.2,0.992
10,-1,1197,505,14.2,33.9,0.987
10,-1,831,516,18.2,45.3,0.958
10,-1,94,581,63,146.8,0.918
10,-1,1081,504,15.1,29.6,0.898
10,-1,1072,506,14.2,31.3,0.834
10,-1,1286,508,20.9,50.9,0.811
10,-1,1466,519,21.1,45.5,0.758
10,-1,611,515,34.4,82.5,0.589
11,-1,529,560,34.4,89.1,1
11,-1,1589,586,55.3,125.3,1
11,-1,486,553,33.8,98,1
11,-1,1479,522,31.5,76.2,1
11,-1,1681,587,62.1,136.4,1
11,-1,1402,534,37.5,102.3,1
11,-1,188,612,55.1,148.7,0.999
11,-1,1520,537,34.4,79.1,0.999
11,-1,645,532,26.5,76.6,0.999
11,-1,628,541,22.5,62.6,0.998
11,-1,796,513,17.4,46.6,0.994
11,-1,675,526,29.5,73.6,0.994
11,-1,772,508,19.7,47.1,0.987
11,-1,1197,496,15.2,36.3,0.987
11,-1,-1,757,30.4,108.6,0.972
11,-1,829,518,18,43.1,0.972
11,-1,1073,495,16.1,34.7,0.968
11,-1,92,624,47,135.1,0.934
11,-1,1460,503,20.3,41.7,0.871
11,-1,1289,504,17.6,43.8,0.82
11,-1,616,531,27.4,73.7,0.755
12,-1,644,535,25.9,72.5,1
12,-1,1691,583,62.1,152.3,1
12,-1,1591,589,62,138.2,1
12,-1,489,557,33.3,91.9,1
12,-1,528,563,36.1,86.2,1
12,-1,1403,539,37,97.5,1
12,-1,184,611,53.7,152.1,0.999
12,-1,1522,540,36.7,80.6,0.998
12,-1,1478,522,32.6,85.4,0.998
12,-1,796,515,16.8,47.9,0.994
12,-1,771,512,18.8,51.3,0.993
12,-1,623,545,24.9,62.8,0.992
12,-1,675,535,26.4,60.4,0.99
12,-1,1193,500,15.8,38,0.982
12,-1,826,523,18.9,45.6,0.955
12,-1,1074,502,14.3,30.7,0.929
12,-1,1463,509,21.4,40.8,0.914
12,-1,1287,504,19.1,46.5,0.837
12,-1,82,596,60,154.4,0.577
13,-1,1604,590,51.9,136,1
13,-1,1689,587,65,141.9,1
13,-1,1408,537,35.7,95,1
13,-1,528,551,34.5,83.8,1
13,-1,482,543,37.9,92.1,1
13,-1,642,522,24.4,70.9,0.999
13,-1,165,595,62.9,158,0.999
13,-1,1527,540,33.3,80.9,0.998
13,-1,1482,525,29.7,81.5,0.996
13,-1,795,508,15.8,39.6,0.995
13,-1,623,532,25.6,64.1,0.993
13,-1,675,517,28.1,72.1,0.992
13,-1,832,507,16.9,46.9,0.98
13,-1,1074,495,15,28.9,0.978
13,-1,772,505,20.1,48,0.969
13,-1,1197,497,14.6,35.9,0.932
13,-1,1288,499,18.5,47.5,0.884
13,-1,1539,504,22.2,52.6,0.856
13,-1,1471,505,24.8,50.6,0.689
14,-1,523,556,35.8,92.7,1
14,-1,1706,577,63.6,151.2,1
14,-1,479,548,36.9,97.4,1
14,-1,1606,587,58.7,137,1
14,-1,152,600,65.2,162.7,1
14,-1,1410,534,36.7,102.5,1
14,-1,645,533,25.6,67.4,0.999
14,-1,676,527,27.1,63.9,0.999
14,-1,769,504,20,48.5,0.997
14,-1,1528,527,37.4,91.4,0.997
14,-1,616,537,23.2,65.1,0.995
14,-1,1486,516,30.3,83.7,0.994
14,-1,795,507,15.9,42.5,0.994
14,-1,1072,491,13.6,30.1,0.991
14,-1,830,516,17.2,45.6,0.968
14,-1,1197,492,15.9,41.2,0.965
14,-1,47,590,67.6,159.1,0.938
14,-1,1466,505,20.2,43,0.923
14,-1,633,536,22.5,64.6,0.887
14,-1,1289,499,19.2,44.1,0.785
14,-1,1471,504,24.1,65.9,0.574
15,-1,1713,589,66.3,138,1
15,-1,1492,517,31.8,81.6,1
15,-1,144,600,62.4,158.7,1
15,-1,479,547,36.8,97.9,1
15,-1,522,551,35.8,91.6,1
15,-1,1615,594,61.1,133.6,1
15,-1,1414,533,37.8,98.6,1
15,-1,641,529,25.9,70.8,0.999
15,-1,1530,525,44.8,100,0.999
15,-1,674,523,28.8,69.6,0.997
15,-1,794,506,16.4,46,0.996
15,-1,769,503,21.3,51.6,0.996
15,-1,619,533,25.1,63.3,0.995
15,-1,1076,496,15.1,31.4,0.979
15,-1,831,514,16.1,41.8,0.951
15,-1,1470,499,24,51.6,0.938
15,-1,1200,495,15.2,36.6,0.916
15,-1,1473,516,25.5,59.4,0.892
15,-1,1292,496,17.4,41.2,0.809
15,-1,607,521,28.8,78.7,0.414
16,-1,481,544,35,96.7,1
16,-1,519,546,34.8,95.3,1
16,-1,1723,595,51.9,130.6,1
16,-1,1633,597,54,140.8,1
16,-1,127,608,60.1,163.5,1
16,-1,1414,536,36.6,100.7,1
16,-1,639,524,25.8,71.8,0.999
16,-1,1531,529,50.1,89.3,0.999
16,-1,676,517,27.9,70.9,0.998
16,-1,796,502,15.6,48.2,0.997
16,-1,770,502,20.6,50.1,0.997
16,-1,1071,493,15.2,32.6,0.996
16,-1,617,535,23.4,62.1,0.995
16,-1,1492,525,28.6,77.9,0.994
16,-1,1203,493,17.3,40.7,0.975
16,-1,831,513,16.4,43.3,0.945
16,-1,19,585,63.6,175.1,0.877
16,-1,1472,507,24.5,63.2,0.84
16,-1,1293,498,19.6,47.5,0.762
17,-1,517,553,39.2,101.2,1
17,-1,1725,582,62.9,148.5,1
17,-1,1420,534,37.8,104.5,1
17,-1,1635,604,55.6,128.3,1
17,-1,475,545,37.1,101.2,1
17,-1,1073,496,15.2,30.1,0.999
17,-1,1539,533,43.3,85.4,0.999
17,-1,122,599,52.9,172.1,0.999
17,-1,12,586,63.9,192.9,0.998
17,-1,674,522,28.7,66.7,0.998
17,-1,640,529,26.5,72.4,0.998
17,-1,769,512,18.9,45.6,0.997
17,-1,614,535,22.9,64.8,0.996
17,-1,1499,519,29.3,82.6,0.996
17,-1,794,506,16.4,43.3,0.995
17,-1,1470,505,20,48.2,0.961
17,-1,1200,494,16,39.5,0.96
17,-1,828,510,19.4,50.8,0.944
17,-1,1292,497,19.1,42.3,0.873
17,-1,626,531,22.9,68.7,0.663
18,-1,1546,532,35.9,88.8,1
18,-1,476,549,36.8,97.1,1
18,-1,1728,586,76.2,151.7,1
18,-1,516,553,36,96.5,1
18,-1,1422,540,34.5,93.8,1
18,-1,1643,591,55.4,138.7,1
18,-1,1502,515,32.2,86.5,0.999
18,-1,674,521,29.4,68.2,0.999
18,-1,638,525,27.6,80,0.999
18,-1,1072,491,15.8,37.4,0.998
18,-1,792,507,15.8,47.4,0.997
18,-1,772,512,18,45.1,0.995
18,-1,104,610,62,168.5,0.992
18,-1,4,583,64.7,185.8,0.99
18,-1,618,537,22.2,60.7,0.99
18,-1,1546,508,20.7,45.7,0.983
18,-1,1203,491,15.8,40.3,0.983
18,-1,827,512,19.4,51,0.933
18,-1,1294,495,19.7,44.3,0.838
18,-1,1479,501,21.9,49.2,0.779
18,-1,800,508,17.1,47.5,0.53
19,-1,636,531,27.4,72.2,1
19,-1,1742,597,65.6,141.1,1
19,-1,472,545,35.7,101,1
19,-1,1421,538,42.4,101.2,1
19,-1,516,551,34.1,100,1
19,-1,1649,593,59.2,144.5,1
19,-1,1550,530,40,91.9,0.999
19,-1,793,507,16.4,45.8,0.998
19,-1,672,522,29,72.8,0.998
19,-1,1074,488,15.1,34.6,0.997
19,-1,1500,520,32.3,78.5,0.997
19,-1,91,602,62.8,177.6,0.997
19,-1,769,509,19.9,48.5,0.993
19,-1,1202,495,16,39.5,0.987
19,-1,613,530,25,71.7,0.986
19,-1,830,513,16.7,46.1,0.9
19,-1,1477,498,23.8,55,0.881
19,-1,1550,505,17.1,41.5,0.799
19,-1,1296,496,18.9,43,0.782
19,-1,-4,614,59.3,156.4,0.573
20,-1,470,549,36,99.1,1
20,-1,1425,536,41.9,106,1
20,-1,1751,585,58.3,151,1
20,-1,1661,589,55.9,151,1
20,-1,513,555,36.5,93.9,1
20,-1,674,529,29.3,66.5,0.999
20,-1,769,511,18.8,41.6,0.999
20,-1,1075,497,15.9,32.1,0.998
20,-1,633,527,30.5,82.2,0.998
20,-1,791,507,17.2,42.7,0.998
20,-1,1546,527,43.6,97.9,0.997
20,-1,1508,521,28.6,79,0.993
20,-1,1206,492,15.9,40.2,0.988
20,-1,1477,504,22.2,46,0.985
20,-1,81,605,64.9,183.8,0.969
20,-1,607,531,26.1,74.6,0.963
20,-1,829,515,17.1,40.9,0.819
20,-1,1067,489,15.9,34.9,0.816
20,-1,1296,494,20.1,46.6,0.812
20,-1,1552,505,16.7,39.8,0.417
21,-1,1666,593,54.7,152.6,1
21,-1,634,531,27.4,80.1,1
21,-1,512,552,36.9,97.2,1
21,-1,1760,601,61.5,145.6,1
21,-1,1431,535,38.9,108.1,1
21,-1,468,550,36.8,96.1,1
21,-1,668,525,30.3,72.2,0.999
21,-1,1556,533,37.2,83.3,0.999
21,-1,769,508,19.7,48.1,0.998
21,-1,793,508,17.7,45.1,0.998
21,-1,1069,497,15.9,32.4,0.997
21,-1,1507,520,34,79.8,0.973
21,-1,1206,499,15.3,32.2,0.97
21,-1,72,604,56.6,188.1,0.925
21,-1,611,532,25.2,72.5,0.88
21,-1,-3,668,31.9,113,0.843
21,-1,831,516,17.3,43.4,0.743
21,-1,1554,507,16.6,39.4,0.74
21,-1,1473,505,20.4,45.2,0.703
21,-1,1299,497,16.7,44.2,0.54
22,-1,505,554,42.5,105.6,1
22,-1,631,534,30.1,75.3,1
22,-1,1671,595,62.1,148.8,1
22,-1,1766,603,60.3,139.4,1
22,-1,1433,534,39,111.1,1
22,-1,466,551,35.6,94.8,1
22,-1,1516,519,29.6,79.8,0.999
22,-1,668,527,31.7,73.1,0.998
22,-1,770,512,18.9,43.8,0.998
22,-1,1562,537,35.8,83.6,0.998
22,-1,792,512,16.8,42.1,0.997
22,-1,63,604,50.9,185.4,0.994
22,-1,1073,492,15.6,33.9,0.993
22,-1,1203,493,17.2,39.5,0.966
22,-1,1065,499,13.3,28.1,0.895
22,-1,610,538,23.3,65.5,0.888
22,-1,828,518,24.6,58,0.875
22,-1,1555,506,17.5,42.1,0.85
22,-1,1299,498,17.9,44.9,0.762
22,-1,1543,496,26.4,61.7,0.719
23,-1,504,555,39.6,100.1,1
23,-1,1681,594,61,157.8,1
23,-1,465,550,35.4,102.5,1
23,-1,1785,590,60.3,160.4,1
23,-1,1433,537,37.7,109.3,1
23,-1,1518,521,30.1,77.8,0.999
23,-1,666,525,32.4,79.3,0.998
23,-1,633,538,28.7,74.4,0.998
23,-1,1566,536,35.5,83.9,0.997
23,-1,47,618,64.1,177.6,0.995
23,-1,793,510,17.4,43.8,0.99
23,-1,769,513,19.2,43.6,0.989
23,-1,610,541,23.8,64,0.989
23,-1,1071,493,16.2,32.3,0.985
23,-1,1207,491,15.6,40.1,0.957
23,-1,1551,505,20.1,49.1,0.9
23,-1,1564,509,20.1,43.2,0.773
23,-1,1301,496,21,50.6,0.719
23,-1,1541,507,17.7,44.4,0.479
24,-1,461,555,36.9,96.7,1
24,-1,1786,598,63.2,149.8,1
24,-1,504,557,43.1,107.2,1
24,-1,1430,532,47.9,108.3,1
24,-1,1689,594,57.1,154.5,1
24,-1,629,539,26.7,72.5,0.999
24,-1,1573,537,38.3,82.1,0.997
24,-1,1066,498,15.1,30.1,0.997
24,-1,1523,519,33,81.1,0.995
24,-1,667,532,28.6,67,0.993
24,-1,603,541,27.2,72.5,0.992
24,-1,789,512,16.7,42.5,0.991
24,-1,44,625,59.9,182.4,0.986
24,-1,789,506,24.5,69.9,0.979
24,-1,1207,495,14.8,38.1,0.975
24,-1,769,515,17.6,42.5,0.929
24,-1,1302,500,19.6,43.2,0.865
24,-1,1586,505,18.7,39.5,0.862
24,-1,1559,505,16.9,38.6,0.744
24,-1,1565,502,21.2,49.9,0.658
24,-1,1547,505,20.2,49.1,0.424
25,-1,504,559,39.1,98.1,1
25,-1,1795,608,72.8,155.4,1
25,-1,1437,534,43.6,115.6,1
25,-1,1692,606,57.2,151.4,1
25,-1,459,551,37.5,108.2,0.999
25,-1,1578,539,40.8,84.2,0.998
25,-1,605,545,25.8,70.3,0.998
25,-1,669,533,29.9,71.2,0.998
25,-1,792,511,18.8,46.8,0.994
25,-1,1525,527,33.2,76.1,0.988
25,-1,1582,503,25,53.2,0.985
25,-1,629,541,26.8,72.1,0.982
25,-1,1069,504,15.5,29.9,0.982
25,-1,770,519,17.5,39.2,0.979
25,-1,1210,500,15.8,36.4,0.977
25,-1,1333,510,19.5,42.3,0.83
25,-1,1071,491,18.5,45.4,0.769
25,-1,1299,497,22.1,53.8,0.758
25,-1,1375,510,30,83.2,0.458
26,-1,454,555,41.5,107.3,1
26,-1,502,564,38.1,99.2,1
26,-1,1801,600,78,168.2,1
26,-1,1442,540,38.7,110.2,1
26,-1,630,544,27.8,79.3,1
26,-1,1705,613,62.1,147.7,1
26,-1,1576,538,40.2,87.1,0.999
26,-1,1526,527,35.6,83.6,0.999
26,-1,665,534,30,74.6,0.997
26,-1,603,538,27.8,82.2,0.996
26,-1,769,517,21.1,48.4,0.996
26,-1,792,516,17.8,42.7,0.994
26,-1,833,516,18.7,44.1,0.993
26,-1,1211,500,16,38.2,0.992
26,-1,1065,503,15.7,32.7,0.991
26,-1,1588,513,20.3,46.2,0.898
26,-1,1070,495,17.9,43.8,0.878
26,-1,1333,510,21.8,49.5,0.844
26,-1,1304,504,20.3,45.3,0.797
26,-1,1393,544,20.5,52.4,0.796
26,-1,1377,501,34.5,93.5,0.595
27,-1,1444,547,40.2,107.2,1
27,-1,826,519,20.4,51.3,1
27,-1,1582,545,35.8,87.8,1
27,-1,499,568,39.8,98.7,1
27,-1,1709,613,57.3,154.4,1
27,-1,1811,596,79,164.8,1
27,-1,1530,533,32.1,77.6,1
27,-1,456,560,40.3,105.3,1
27,-1,628,542,26.1,78,0.999
27,-1,770,522,17,42.2,0.998
27,-1,789,512,18.4,47.8,0.995
27,-1,663,542,30.6,70.3,0.995
27,-1,601,544,28.8,78.9,0.991
27,-1,836,532,19.7,50,0.983
27,-1,1208,498,16.4,41,0.979
27,-1,1065,501,14.4,33.4,0.95
27,-1,1584,510,25.8,54,0.891
27,-1,1074,500,15.3,33,0.763
27,-1,1389,549,18.4,46.4,0.642
27,-1,1554,518,19.8,46,0.615
27,-1,1308,504,19.2,47.3,0.58
27,-1,1333,516,19.1,41.4,0.577
27,-1,770,514,22.9,64.4,0.539
28,-1,1716,608,62.2,156.2,1
28,-1,1819,604,74.8,165.5,1
28,-1,666,537,29.9,70.1,1
28,-1,454,563,37.2,101.3,1
28,-1,499,569,36.9,102.4,1
28,-1,1534,532,31.3,76.7,1
28,-1,1451,546,39.2,111.6,1
28,-1,1586,539,38.2,84.1,0.999
28,-1,626,547,27.1,73.7,0.998
28,-1,1068,508,15.6,28,0.997
28,-1,827,531,18.4,41.2,0.997
28,-1,768,515,20.6,48.9,0.996
28,-1,1209,502,15.6,35.9,0.986
28,-1,1588,509,22.8,50.6,0.983
28,-1,787,512,19.4,52.4,0.971
28,-1,601,548,24.7,78.3,0.953
28,-1,1551,514,21.8,47.7,0.873
28,-1,799,518,17.8,49.5,0.783
28,-1,1338,518,19.7,45.3,0.594
28,-1,1566,518,18.5,45.4,0.552
28,-1,1304,504,22.5,51.1,0.51
28,-1,822,514,20.7,48.7,0.465
28,-1,1382,503,33.5,102.8,0.404
28,-1,1066,486,19,45.3,0.403
29,-1,1831,622,75.1,157.9,1
29,-1,666,543,27,64.4,1
29,-1,1540,538,33.3,81.2,1
29,-1,449,562,36.5,99.1,1
29,-1,1728,623,66.9,153.6,1
29,-1,1448,552,41.3,111.5,1
29,-1,496,566,39.8,103.6,1
29,-1,1595,556,31.7,75.2,0.999
29,-1,625,549,28.6,77.6,0.999
29,-1,791,517,20,51.3,0.998
29,-1,602,552,27.2,75.5,0.997
29,-1,766,521,18.8,46.4,0.996
29,-1,1212,504,17,37,0.989
29,-1,1068,506,14.4,30.5,0.986
29,-1,1589,519,21.2,46.2,0.974
29,-1,821,522,18.6,46.6,0.937
29,-1,1306,507,21.9,51.4,0.713
29,-1,829,539,21.6,52,0.689
29,-1,1339,520,20.3,47,0.588
30,-1,665,547,25.8,64.5,1
30,-1,1736,619,68.5,169.8,1
30,-1,1540,539,32,78.4,1
30,-1,1595,542,38.5,90.9,1
30,-1,1835,617,77.9,164.3,1
30,-1,494,575,35.4,104.5,1
30,-1,449,570,35.7,102.6,1
30,-1,1450,543,46.2,126.9,0.999
30,-1,620,551,30,82.2,0.999
30,-1,789,522,20.4,51,0.998
30,-1,596,559,25.4,69.7,0.996
30,-1,1065,509,15.1,32.6,0.992
30,-1,1212,509,15.8,38.4,0.988
30,-1,764,523,22.2,49.6,0.977
30,-1,830,527,21.2,52.4,0.941
30,-1,1589,517,21.9,47.8,0.939
30,-1,821,542,19.2,45.5,0.783
30,-1,810,548,21.4,53.6,0.58
30,-1,800,517,18.6,47.9,0.578
30,-1,1309,509,19.7,52.4,0.572
30,-1,807,527,19.3,46.9,0.457
31,-1,1459,559,46.3,119.7,1
31,-1,1744,628,65,152.8,1
31,-1,619,563,30.4,84.3,1
31,-1,661,558,28.8,71.5,1
31,-1,1545,540,31.6,78.9,1
31,-1,448,582,35.6,103.1,1
31,-1,492,587,40.6,109.1,1
31,-1,600,571,25.5,74,0.999
31,-1,1847,612,81.1,184.8,0.997
31,-1,1606,560,32.2,78.5,0.997
31,-1,763,538,20.3,44.7,0.989
31,-1,1213,514,15,36.3,0.978
31,-1,1589,520,24.9,49.4,0.967
31,-1,1064,518,14,27.6,0.946
31,-1,826,537,18.9,56.5,0.935
31,-1,790,530,19.7,54.4,0.925
31,-1,1598,520,25.7,63.9,0.734
31,-1,1067,505,18.1,43,0.559
32,-1,492,583,40.5,103.8,1
32,-1,1758,622,64.3,176.1,1
32,-1,660,548,30.9,75.4,1
32,-1,444,573,37.5,100.7,1
32,-1,620,556,27.5,81.7,0.999
32,-1,1546,542,35.7,81.6,0.999
32,-1,1460,560,43.5,118.6,0.998
32,-1,1604,559,35.6,83.2,0.996
32,-1,786,528,18.7,53.7,0.99
32,-1,1212,513,15.3,38.4,0.988
32,-1,595,563,27,75.5,0.985
32,-1,1860,623,77.2,181.8,0.984
32,-1,766,526,21.5,56.1,0.982
32,-1,1590,524,24.2,49.4,0.943
32,-1,793,533,21,57.3,0.909
32,-1,780,549,25.7,67.9,0.879
32,-1,1065,518,13.5,25.7,0.878
32,-1,829,537,19.4,50.6,0.872
33,-1,658,536,29,74.9,1
33,-1,1762,619,65.5,163.5,1
33,-1,620,551,27.6,75.6,1
33,-1,437,559,37.6,113,1
33,-1,490,564,35.7,111.6,1
33,-1,1458,545,46.3,118.9,0.999
33,-1,596,555,25.4,73.6,0.999
33,-1,1554,527,32.5,89.4,0.998
33,-1,1609,549,34.5,84.5,0.998
33,-1,790,521,17.5,47.7,0.997
33,-1,1211,508,15.8,35.4,0.99
33,-1,764,521,21.9,51.1,0.988
33,-1,1065,504,16.2,32.6,0.985
33,-1,829,526,19,50.9,0.927
33,-1,1594,520,22.9,39.5,0.908
33,-1,1869,624,78,171.2,0.852
33,-1,1057,507,14.9,29.5,0.836
34,-1,1771,611,81.9,168.8,1
34,-1,658,547,28,70.1,1
34,-1,620,559,28.2,77.3,1
34,-1,441,578,33,90.7,1
34,-1,488,573,38.8,104.5,1
34,-1,1461,542,49.7,130.2,0.999
34,-1,1556,530,36.6,87.2,0.999
34,-1,1614,543,39.1,94.8,0.996
34,-1,766,524,18.9,46.8,0.993
34,-1,1213,505,15.4,38.5,0.985
34,-1,788,523,19.3,50.1,0.985
34,-1,591,555,26.5,70,0.976
34,-1,1060,511,14.7,28.8,0.971
34,-1,1592,512,23.8,50.9,0.963
34,-1,826,528,17.8,48.3,0.907
34,-1,1069,508,14.1,31,0.647
35,-1,1476,550,45.8,121.9,1
35,-1,1563,528,33.2,82.9,1
35,-1,618,549,27.6,74.4,1
35,-1,479,561,43.5,110.1,1
35,-1,1789,620,71,157.5,1
35,-1,437,564,37.7,100,1
35,-1,660,534,29.2,80.3,0.999
35,-1,763,517,21.5,49.2,0.999
35,-1,1615,542,38.5,93.5,0.996
35,-1,587,550,26.2,73.5,0.995
35,-1,789,513,19.2,56.8,0.994
35,-1,1064,504,15.4,30.6,0.993
35,-1,1593,515,20.8,46.1,0.976
35,-1,1218,500,14.4,37.6,0.968
35,-1,825,521,18.5,53,0.894
36,-1,1787,610,79,185.7,1
36,-1,766,515,20.5,46.8,1
36,-1,1564,521,36.4,89.2,1
36,-1,480,561,43.6,110.5,1
36,-1,433,562,37.7,104.8,1
36,-1,1480,545,40.9,122.9,1
36,-1,614,543,30.1,81.3,0.999
36,-1,659,536,30.2,72.6,0.999
36,-1,1621,537,41.3,98.1,0.997
36,-1,791,513,18.2,50.4,0.996
36,-1,1214,497,15.4,37.8,0.994
36,-1,587,544,27.4,78.5,0.988
36,-1,1593,513,19.6,43.4,0.987
36,-1,1065,506,15.1,28.2,0.979
36,-1,827,523,19.6,50.6,0.902
36,-1,1059,499,15.5,34.3,0.703
36,-1,1243,579,21.4,57.7,0.654
37,-1,425,557,37.3,107.1,1
37,-1,655,528,31.7,75.3,1
37,-1,1795,616,80.9,184.7,1
37,-1,1478,538,47.5,120.7,1
37,-1,478,554,41,111.2,1
37,-1,613,541,27.3,77.5,0.999
37,-1,1570,518,34.8,92.1,0.999
37,-1,763,504,22.5,59.3,0.998
37,-1,1630,543,36.2,86.5,0.998
37,-1,791,512,18.3,47.6,0.994
37,-1,1217,496,15.9,38.2,0.987
37,-1,1596,506,23.2,54,0.957
37,-1,1063,499,14.8,28.4,0.954
37,-1,825,515,18,49.1,0.921
37,-1,589,540,26.9,78.8,0.905
37,-1,1611,533,39.7,109.5,0.7
37,-1,1398,496,23.4,52.9,0.502
37,-1,1066,497,17.6,39.4,0.435
37,-1,1558,518,19.9,49.2,0.4
38,-1,476,558,39.4,105,1
38,-1,428,553,36.6,110.6,1
38,-1,1814,618,75,171.1,1
38,-1,1477,531,45.8,126,1
38,-1,612,540,29.7,82.7,1
38,-1,1572,507,37.2,97.5,0.999
38,-1,1629,537,38.2,90.4,0.999
38,-1,653,530,32.3,77.2,0.997
38,-1,761,506,21.6,55.6,0.996
38,-1,790,509,18.6,51.6,0.995
38,-1,1217,491,16.2,38.8,0.993
38,-1,587,543,25.8,80.5,0.976
38,-1,826,518,19.2,48.4,0.95
38,-1,1062,498,13.6,26.4,0.898
38,-1,1379,499,24.6,61.7,0.799
38,-1,1595,496,25.7,57.4,0.777
38,-1,1381,521,27.3,67.2,0.488
38,-1,1248,577,22.4,56.3,0.41
39,-1,653,523,33.8,79,1
39,-1,1490,538,47.6,126.8,1
39,-1,474,551,41.3,110.4,1
39,-1,427,544,36.8,109.2,1
39,-1,611,533,30.2,80,1
39,-1,1825,619,75.4,187.7,1
39,-1,1638,544,36.8,82.1,0.999
39,-1,761,506,21.4,51,0.999
39,-1,1578,515,34.5,95.5,0.998
39,-1,587,534,29.2,82.4,0.997
39,-1,792,510,18.3,48.9,0.995
39,-1,1221,491,15.1,38.2,0.987
39,-1,827,512,19.3,51.5,0.957
39,-1,1061,497,14.6,30,0.93
39,-1,1566,517,20.3,54.5,0.678
39,-1,639,530,27.6,79.3,0.426
40,-1,608,540,31,81.4,1
40,-1,1491,536,49.9,124.3,1
40,-1,469,553,44.4,111.3,1
40,-1,1837,621,74.9,183.7,1
40,-1,651,526,30.6,81.9,1
40,-1,583,542,28.6,77.3,1
40,-1,424,547,42.2,114.7,1
40,-1,1583,513,34.7,93.2,1
40,-1,1636,535,39.7,92.5,1
40,-1,760,504,20.6,50.2,0.999
40,-1,789,507,17.8,48.5,0.996
40,-1,1220,491,15.8,37.9,0.996
40,-1,1058,496,13.8,26,0.972
40,-1,826,510,20.3,53.2,0.964
40,-1,1244,511,33.8,77.9,0.558
41,-1,608,534,33.2,85.6,1
41,-1,470,548,40.2,113.2,1
41,-1,650,521,31.7,83.5,1
41,-1,1496,542,44.9,124.4,1
41,-1,1848,632,73.6,178.9,1
41,-1,425,550,38.9,105.8,1
41,-1,762,507,21.6,51.6,0.999
41,-1,1588,514,35.8,99.2,0.999
41,-1,1640,542,40.2,86.9,0.999
41,-1,582,539,27.8,79.1,0.999
41,-1,791,507,17.6,47.8,0.998
41,-1,1219,493,15.8,38.6,0.996
41,-1,1058,495,13.5,27.1,0.982
41,-1,826,510,20.2,54.1,0.965
41,-1,1388,498,20,51.7,0.731
42,-1,1503,540,44.4,129.4,1
42,-1,652,527,29.5,77.1,1
42,-1,607,538,31.8,86,1
42,-1,425,553,37.9,104,1
42,-1,467,555,38.9,108.4,1
42,-1,1648,545,36.5,82.1,0.999
42,-1,1861,639,76,185.2,0.999
42,-1,581,541,28,84.3,0.999
42,-1,1592,522,33.4,86.5,0.999
42,-1,763,505,19.8,49.9,0.998
42,-1,791,505,19.1,51.5,0.997
42,-1,1058,497,14,27.9,0.995
42,-1,1217,491,19.5,42.8,0.984
42,-1,826,511,17.9,53.3,0.965
42,-1,1069,493,13.7,28.4,0.734
42,-1,539,539,29.3,72.7,0.469
43,-1,1598,519,34.2,93.4,1
43,-1,464,559,46.9,108,1
43,-1,610,540,29.7,82.5,1
43,-1,648,525,31.1,81.4,1
43,-1,1504,546,49.6,120.6,1
43,-1,421,554,40.2,106.2,1
43,-1,1650,538,43.4,98,0.999
43,-1,581,535,27.3,90.2,0.999
43,-1,794,507,17.9,52.1,0.999
43,-1,1221,497,15.8,36.7,0.996
43,-1,1059,498,14.4,28.4,0.995
43,-1,760,502,20.7,59.1,0.995
43,-1,1864,636,83.6,192.2,0.989
43,-1,825,512,19.7,50.3,0.95
43,-1,1571,514,24.1,61.2,0.614
44,-1,1601,522,34.4,90.5,1
44,-1,1656,537,41.5,98.9,1
44,-1,463,558,45.1,114.5,1
44,-1,646,527,32.4,84.9,1
44,-1,1515,541,47.9,137.6,1
44,-1,415,553,42.3,115.7,1
44,-1,606,543,30.7,83.8,0.999
44,-1,791,511,18.4,53,0.998
44,-1,759,508,20.6,47.8,0.997
44,-1,1222,495,15.4,36.1,0.995
44,-1,580,542,28.9,87.8,0.994
44,-1,1060,497,13.9,26,0.992
44,-1,826,513,19.3,52.8,0.912
44,-1,1654,449,47.6,123.7,0.45
45,-1,464,559,38.2,103.5,1
45,-1,1603,525,36.7,93.5,1
45,-1,416,552,41.2,112.4,1
45,-1,607,541,30.3,80.9,1
45,-1,1512,556,52.5,132.4,1
45,-1,646,529,31,81.3,1
45,-1,578,535,29.8,90,0.999
45,-1,1660,536,43.4,106.9,0.999
45,-1,791,507,18,52.3,0.997
45,-1,1225,494,17.3,41.7,0.996
45,-1,763,505,18.9,51.6,0.994
45,-1,1061,498,13.5,23.8,0.987
45,-1,826,514,18.8,50.9,0.919
45,-1,1384,502,22.4,53.9,0.629
45,-1,1898,671,26.6,95.1,0.41
46,-1,643,533,34.6,84.5,1
46,-1,458,560,44.1,114,1
46,-1,602,543,30.3,83.9,1
46,-1,1611,527,38.1,93.7,1
46,-1,414,557,37.2,104.2,1
46,-1,1522,556,54.1,133.5,1
46,-1,759,505,23,54.6,0.999
46,-1,1664,540,40.1,90.9,0.998
46,-1,1222,495,15.9,40.3,0.996
46,-1,793,511,18.3,52,0.994
46,-1,577,545,29.8,82.6,0.992
46,-1,1061,501,12,26.2,0.939
46,-1,827,517,18.9,47.5,0.938
46,-1,1599,510,26.7,54.6,0.862
46,-1,1666,508,31.4,54.6,0.759
46,-1,1359,513,19.5,47,0.663
46,-1,1589,519,18.7,50.5,0.632
46,-1,1366,509,24.4,57.5,0.62
46,-1,1574,521,20.8,55.1,0.491
46,-1,1386,502,23.1,55.6,0.436
47,-1,410,550,37.8,115.1,1
47,-1,606,539,30.8,84.6,1
47,-1,459,557,42.4,115.6,1
47,-1,1519,553,53.3,137.4,1
47,-1,646,531,32.1,79.6,0.999
47,-1,760,510,22.5,50.8,0.999
47,-1,1617,534,34,87.7,0.998
47,-1,1227,501,15.7,37.9,0.998
47,-1,577,539,31.7,88.9,0.997
47,-1,1672,548,40.1,89,0.996
47,-1,791,508,20.1,56.9,0.988
47,-1,1061,501,13.7,28.1,0.963
47,-1,1604,512,26.9,58.1,0.927
47,-1,823,516,18.9,52.4,0.913
47,-1,1361,514,20.5,46.7,0.727
47,-1,1388,511,21.2,46.3,0.63
47,-1,1588,520,21.7,57.1,0.615
47,-1,1371,506,22,48,0.564
48,-1,601,543,35.1,89.4,1
48,-1,1621,528,37.6,96.1,1
48,-1,1520,554,53.1,132.8,1
48,-1,454,568,41.5,108.1,1
48,-1,407,554,41.3,116.1,1
48,-1,761,514,17.5,46.8,0.999
48,-1,644,533,32.6,83.2,0.999
48,-1,1674,546,38.1,93.5,0.999
48,-1,790,513,20.8,52.5,0.995
48,-1,1223,501,14.9,32.4,0.995
48,-1,576,544,31.4,92.6,0.994
48,-1,1060,500,14.4,27.5,0.99
48,-1,1603,513,26.3,57.5,0.985
48,-1,824,521,18.5,49.9,0.929
48,-1,1226,502,18.7,42.7,0.922
48,-1,1370,512,22.3,53.7,0.919
48,-1,1389,511,19.1,45.9,0.821
48,-1,1669,502,35.1,83.1,0.674
49,-1,1628,538,32.8,91.4,1
49,-1,596,543,32.9,88.8,1
49,-1,1534,569,47.6,128,1
49,-1,640,541,33.7,83.2,1
49,-1,407,559,38.6,113.8,1
49,-1,452,559,43,123,1
49,-1,760,511,21.1,50.6,0.999
49,-1,1677,558,40.5,83.5,0.998
49,-1,570,547,31.9,89.2,0.997
49,-1,1225,502,18.3,39.8,0.992
49,-1,791,515,17.5,48.6,0.992
49,-1,1061,506,12.8,25.1,0.981
49,-1,1052,504,13.1,28.7,0.951
49,-1,825,521,19.5,53.4,0.916
49,-1,1607,517,25.7,54.3,0.754
49,-1,1388,509,22.1,55.2,0.572
49,-1,1370,522,21.2,43.4,0.568
50,-1,1634,529,32.8,94.1,1
50,-1,1535,556,52.2,142.8,1
50,-1,402,559,39,111.5,1
50,-1,448,560,40.9,117.3,1
50,-1,640,537,34.5,87.9,1
50,-1,600,542,31.8,89.1,1
50,-1,757,514,19.2,45.5,0.999
50,-1,567,548,29.7,86.9,0.999
50,-1,1680,547,45.2,99,0.998
50,-1,1228,502,14.4,33,0.996
50,-1,790,518,17.2,48.4,0.99
50,-1,1053,502,13.8,28.5,0.954
50,-1,1371,514,21.8,48,0.952
50,-1,828,521,17.2,48.6,0.948
50,-1,1391,507,19.2,47.1,0.838
50,-1,1606,513,29.1,63.3,0.833
50,-1,1286,506,17.1,43.8,0.448
51,-1,446,564,46.4,114.9,1
51,-1,1543,562,45.4,133.6,1
51,-1,639,534,33.7,87.1,1
51,-1,595,546,32.8,87.2,1
51,-1,400,563,40.1,111.3,1
51,-1,567,549,31.5,88.1,1
51,-1,1635,538,33,89.6,1
51,-1,756,510,20.7,51,0.999
51,-1,1685,547,43.2,94,0.999
51,-1,792,513,17,53.2,0.995
51,-1,1226,502,17,40.9,0.995
51,-1,826,518,18.5,51.1,0.949
51,-1,1392,509,22.7,55,0.946
51,-1,1059,505,13.7,26.1,0.942
51,-1,1611,524,23.8,51.1,0.798
51,-1,1051,499,16.1,36.8,0.754
51,-1,1375,517,19.5,46.9,0.732
51,-1,1221,497,25.8,58.3,0.638
52,-1,1643,535,34,96.4,1
52,-1,564,554,29.6,84.2,1
52,-1,755,513,21.9,53.4,1
52,-1,638,540,33.2,84,1
52,-1,1549,562,49.6,129.6,1
52,-1,438,566,50.8,119.6,1
52,-1,597,546,31.7,91.6,1
52,-1,397,564,41.9,110.1,1
52,-1,1690,547,44.9,97.2,0.999
52,-1,1225,505,17.3,44.3,0.997
52,-1,790,514,18.5,52.9,0.993
52,-1,1055,502,15.2,32.4,0.984
52,-1,824,522,17.1,47.3,0.958
52,-1,1393,514,17.7,43.6,0.901
52,-1,1375,515,20.9,49,0.871
52,-1,1400,514,20.4,52.7,0.487
53,-1,563,555,27.4,80.3,1
53,-1,758,518,20.9,47,1
53,-1,634,539,34.7,83.5,1
53,-1,1545,560,51.9,144.1,1
53,-1,1644,536,33.3,95.7,1
53,-1,440,561,45.6,118.7,1
53,-1,592,547,32.7,90,1
53,-1,394,564,43.1,111.1,1
53,-1,1228,500,15.7,39.9,0.997
53,-1,1698,555,39.5,88.2,0.996
53,-1,790,514,18.3,51.1,0.993
53,-1,1055,506,15.1,29.6,0.99
53,-1,822,520,18.6,49.7,0.951
53,-1,1384,518,18.3,43.3,0.829
53,-1,1391,507,20.8,53.5,0.792
53,-1,1286,505,21.8,51.4,0.736
53,-1,1404,517,18.8,51.2,0.564
53,-1,1613,527,20.3,42.7,0.421
54,-1,1555,553,54.6,148.3,1
54,-1,757,514,20.4,47,1
54,-1,1646,537,37.6,93,1
54,-1,560,553,28.9,83.6,1
54,-1,632,539,34.3,87.5,1
54,-1,590,549,31.9,85.7,1
54,-1,438,561,48.8,119.5,1
54,-1,390,564,43.3,106.1,1
54,-1,1700,548,45.2,98.9,0.999
54,-1,789,516,16.3,48.8,0.998
54,-1,1230,498,17,42.4,0.993
54,-1,1053,499,14.7,29.6,0.993
54,-1,823,520,18.6,49.9,0.968
54,-1,1386,513,20.8,48.5,0.816
54,-1,1291,513,18.1,40.3,0.724
54,-1,1607,521,26.9,58.2,0.714
54,-1,1043,500,14.5,32.5,0.673
55,-1,756,508,23.6,59.7,1
55,-1,583,552,32.6,86.3,1
55,-1,1553,560,56,141,1
55,-1,557,553,31.9,87.9,1
55,-1,440,567,44.5,113.9,1
55,-1,1702,546,46.2,99.4,1
55,-1,636,539,33.2,83.3,1
55,-1,390,559,39.1,116.5,1
55,-1,788,511,17.2,55.6,0.999
55,-1,1655,539,37.2,94.3,0.998
55,-1,1052,498,15.3,32.4,0.99
55,-1,1228,500,17.4,42.2,0.983
55,-1,823,521,18.9,50.9,0.962
55,-1,1388,514,20.9,46.6,0.908
55,-1,1288,510,19.2,47.6,0.75
55,-1,1044,502,13.8,29.8,0.602
55,-1,1613,527,24.2,54.2,0.565
56,-1,633,539,34.4,86,1
56,-1,559,557,29.5,87.3,1
56,-1,582,547,36.2,92.7,1
56,-1,435,567,46.2,114,1
56,-1,1564,557,51.6,150.1,1
56,-1,384,559,40,116.6,1
56,-1,1656,533,38.7,96.8,0.999
56,-1,786,512,17.7,57,0.999
56,-1,1708,553,43.4,84.2,0.999
56,-1,752,510,21.8,54.4,0.999
56,-1,1228,501,17.3,40.7,0.982
56,-1,1052,499,14.9,31.9,0.974
56,-1,1381,510,22.9,48.2,0.958
56,-1,822,519,18.8,51.5,0.94
56,-1,1288,510,19,47.5,0.841
56,-1,604,548,31.8,85.1,0.694
57,-1,426,564,42.7,115.4,1
57,-1,631,533,35.3,95.5,1
57,-1,1568,559,57.6,148,1
57,-1,1659,528,40.2,101.1,1
57,-1,555,554,29.9,84.8,1
57,-1,751,509,23.2,52,1
57,-1,380,562,41.9,113.2,1
57,-1,579,543,35.1,96.5,0.999
57,-1,1712,555,42.8,85.5,0.998
57,-1,789,513,17,54,0.998
57,-1,1230,497,16.9,43.2,0.995
57,-1,1384,513,22.1,48.4,0.965
57,-1,822,518,18.3,49,0.93
57,-1,1289,505,19.3,48,0.889
57,-1,1049,496,16,34.7,0.883
57,-1,603,544,30.1,88.3,0.84
57,-1,1669,494,35,59.5,0.491
58,-1,1573,555,54.4,148.9,1
58,-1,630,539,35.8,81,1
58,-1,576,546,34.7,93.6,1
58,-1,554,554,28.7,85.6,1
58,-1,424,560,47.7,124.5,1
58,-1,1659,526,42.6,103.1,1
58,-1,752,509,21.3,49.2,0.999
58,-1,1716,539,44.7,104.1,0.999
58,-1,372,563,41.7,115.2,0.999
58,-1,1229,495,18,42.5,0.998
58,-1,783,509,20.1,55.4,0.995
58,-1,1048,497,15.3,32.9,0.988
58,-1,1289,506,19.8,51,0.963
58,-1,1383,507,20.9,53.3,0.958
58,-1,819,514,20.5,52.7,0.916
58,-1,600,545,34,86.3,0.824
58,-1,1272,505,20,46.9,0.803
59,-1,579,547,32,87.9,1
59,-1,630,532,34.3,86,1
59,-1,553,550,31.1,86.2,1
59,-1,1665,526,41.1,103.7,1
59,-1,416,565,42,118.7,1
59,-1,1580,555,48.7,149.2,1
59,-1,374,550,45.6,127.3,1
59,-1,753,511,20.3,47.6,0.999
59,-1,1720,547,47.3,95.1,0.998
59,-1,1232,494,15.8,37.6,0.997
59,-1,787,510,16.6,47.5,0.996
59,-1,1045,498,14.9,30.2,0.996
59,-1,1291,505,20,50,0.946
59,-1,1381,511,23.1,50.9,0.932
59,-1,818,515,18.7,46,0.912
59,-1,1271,509,20.1,47.3,0.728
59,-1,602,541,30,94.3,0.65
60,-1,544,553,31,82.9,1
60,-1,573,540,36.6,100.9,1
60,-1,419,555,45.7,120,1
60,-1,625,531,33.7,88.6,1
60,-1,784,505,18.8,56.2,0.999
60,-1,749,505,23.3,51.1,0.999
60,-1,1724,543,44.1,94.8,0.999
60,-1,1585,558,53.5,150,0.999
60,-1,1230,493,19.1,46.1,0.998
60,-1,1669,526,39.2,106.1,0.998
60,-1,371,550,43.9,126.6,0.998
60,-1,1043,495,15.7,30.9,0.991
60,-1,1292,504,19.9,49.8,0.969
60,-1,602,539,33.5,92.3,0.961
60,-1,821,515,18.4,47.5,0.939
60,-1,1379,511,22.9,50.3,0.937
60,-1,1266,507,19.4,40.6,0.672
60,-1,1053,496,14.6,30.1,0.643
61,-1,423,568,41.5,111.3,1
61,-1,369,556,43.9,118.7,1
61,-1,1581,555,61.3,155,1
61,-1,621,535,32,81.7,1
61,-1,1728,542,46,95.6,1
61,-1,571,546,36,89,1
61,-1,750,504,22.7,55.7,0.999
61,-1,541,551,28.4,82,0.999
61,-1,1675,518,38.9,104.5,0.999
61,-1,783,508,19.1,54.3,0.997
61,-1,1043,495,14.9,34.6,0.996
61,-1,1230,491,15.6,36.4,0.994
61,-1,594,542,34,92.9,0.976
61,-1,1288,498,22.2,53.5,0.963
61,-1,1269,502,21.8,49.6,0.954
61,-1,822,517,16.9,45.6,0.952
61,-1,1380,505,21.9,50.5,0.926
61,-1,302,559,48.8,120.7,0.712
61,-1,1663,503,30.5,62.5,0.541
62,-1,1593,551,52.7,156.7,1
62,-1,413,554,43.4,120.5,1
62,-1,565,539,37.4,99.6,1
62,-1,618,533,33.9,82.6,1
62,-1,366,551,43.5,117.5,1
62,-1,781,502,20.9,59.2,0.999
62,-1,1734,536,43.9,111.4,0.998
62,-1,1677,527,41.7,102.3,0.998
62,-1,749,505,21.6,51.4,0.997
62,-1,541,543,32.3,86.7,0.997
62,-1,1041,494,14.7,26.2,0.996
62,-1,1232,497,16.2,36.9,0.995
62,-1,594,534,34.1,96.9,0.993
62,-1,1035,497,14.7,30.4,0.988
62,-1,1294,500,21.8,52.8,0.961
62,-1,1386,506,23.1,51.8,0.939
62,-1,818,512,19.3,51.3,0.927
62,-1,1271,507,22.6,47.9,0.91
62,-1,1663,503,30.9,65.8,0.488
63,-1,616,538,36.5,92.8,1
63,-1,564,551,37.7,97.1,1
63,-1,364,571,43.1,116.8,1
63,-1,409,574,44.8,115.3,1
63,-1,1682,514,37.6,94.3,0.999
63,-1,1601,545,52.8,147.6,0.999
63,-1,591,543,36.7,102.5,0.999
63,-1,1739,530,48.4,100.1,0.998
63,-1,538,559,32.9,87.4,0.998
63,-1,780,511,17.5,56.1,0.997
63,-1,1040,495,15,29.6,0.995
63,-1,1232,488,16.8,37.8,0.994
63,-1,744,515,21.9,54.5,0.993
63,-1,1386,495,23.7,52.9,0.967
63,-1,1664,490,27.7,57.4,0.952
63,-1,1290,495,20.4,50.8,0.948
63,-1,1272,499,20.8,48.1,0.945
63,-1,817,520,17.2,47.2,0.919
63,-1,1575,505,20.3,46.2,0.768
63,-1,764,510,17.5,47.4,0.706
64,-1,616,528,34.6,93.5,1
64,-1,411,557,46.7,118.2,1
64,-1,1689,527,38.7,101.3,1
64,-1,1601,566,55.5,140.3,1
64,-1,563,537,35.7,96.5,1
64,-1,590,537,35.2,91.5,0.999
64,-1,1233,493,18.4,39.9,0.999
64,-1,1741,543,43.8,103.6,0.999
64,-1,537,544,33.8,93,0.999
64,-1,1039,495,16,33.8,0.998
64,-1,784,508,19.3,51.3,0.996
64,-1,745,499,22.7,59.2,0.993
64,-1,357,555,46,115.8,0.993
64,-1,1667,507,26.4,58.4,0.982
64,-1,1387,507,24.2,53.1,0.95
64,-1,1291,500,19.8,51.7,0.934
64,-1,1276,506,19.5,44.2,0.881
64,-1,818,511,18.6,49.5,0.857
64,-1,763,504,20.3,52.5,0.572
64,-1,1267,500,20,47.7,0.489
64,-1,1575,519,19.8,47.3,0.437
65,-1,1746,529,41.7,109.6,1
65,-1,1689,530,37.5,93.3,1
65,-1,1610,562,52.8,147.7,1
65,-1,529,546,35.8,98.1,1
65,-1,558,548,35.6,98,1
65,-1,617,535,30.9,94.8,1
65,-1,402,563,45.9,123.9,1
65,-1,780,510,18.4,49.4,0.999
65,-1,588,547,35.7,89.8,0.999
65,-1,1037,494,15.1,30.1,0.998
65,-1,743,508,22.4,55.6,0.997
65,-1,360,565,41.1,118.6,0.995
65,-1,1230,494,17.8,42.4,0.993
65,-1,1291,501,20.4,50.1,0.991
65,-1,1659,498,32.4,68.5,0.975
65,-1,764,510,16.5,44.8,0.967
65,-1,1384,501,24.7,52.6,0.964
65,-1,1269,504,20.5,45.1,0.949
65,-1,812,516,19.9,53.8,0.907
65,-1,1030,492,14.5,34.2,0.447
66,-1,587,545,38.6,104.8,1
66,-1,615,537,32.6,90.5,1
66,-1,1615,558,53.3,148.3,1
66,-1,556,553,35.6,95.9,1
66,-1,402,575,44.4,112.7,1
66,-1,354,570,43.6,116.3,1
66,-1,1695,518,37,97.7,1
66,-1,529,562,32.6,84.3,0.999
66,-1,744,508,21.3,53.6,0.998
66,-1,777,514,18.3,50.1,0.998
66,-1,1754,530,42.1,101.5,0.998
66,-1,1033,492,15.9,32.8,0.995
66,-1,1233,489,17.1,42.2,0.995
66,-1,761,510,20.2,53.5,0.978
66,-1,1385,499,24.8,52.4,0.974
66,-1,1661,497,29.6,63.5,0.962
66,-1,1289,498,20.9,51.3,0.953
66,-1,814,519,19.9,55,0.929
66,-1,1270,496,19,45,0.868
67,-1,555,542,35.6,99.6,1
67,-1,522,549,35.1,97.1,1
67,-1,1754,548,41.7,104,1
67,-1,1615,569,57.2,157.1,1
67,-1,1698,532,37.8,102.3,1
67,-1,611,536,34.2,90,1
67,-1,583,536,39.9,104.8,1
67,-1,399,556,47.3,116.4,1
67,-1,777,508,19.4,54.5,0.999
67,-1,352,555,42.1,117.9,0.999
67,-1,1229,496,16.8,41.9,0.998
67,-1,738,506,22.9,56.1,0.997
67,-1,1036,492,15.6,33.1,0.993
67,-1,1662,509,31.8,68.3,0.989
67,-1,1384,508,22.9,50.4,0.973
67,-1,764,510,16.5,41.7,0.971
67,-1,1029,494,15.7,35.5,0.953
67,-1,1292,505,20.1,49.9,0.946
67,-1,815,513,19.8,49,0.898
67,-1,1575,518,23.3,56.3,0.86
67,-1,1274,507,21,46.1,0.792
68,-1,1699,519,40.5,109.4,1
68,-1,546,545,36.5,101.8,1
68,-1,1619,559,54.9,151.1,1
68,-1,583,543,38.6,100.2,1
68,-1,520,554,35.8,99,1
68,-1,607,537,34.3,89.3,1
68,-1,344,561,47,126.1,1
68,-1,394,571,44.1,115.7,1
68,-1,775,508,20.8,57.9,0.999
68,-1,1753,546,49.3,100.3,0.999
68,-1,1227,490,16.6,42.2,0.993
68,-1,1292,504,19.1,46.9,0.989
68,-1,739,505,20.8,58.4,0.989
68,-1,1030,496,13.2,26.7,0.988
68,-1,1269,503,20.5,46.2,0.982
68,-1,756,509,19.4,49.1,0.98
68,-1,1659,502,28.2,65.5,0.967
68,-1,811,515,20.4,54.9,0.94
68,-1,1382,504,23.2,50,0.914
68,-1,506,532,33,94.1,0.658
68,-1,1433,443,20.3,43.1,0.611
68,-1,1423,509,21.5,54.3,0.561
69,-1,607,537,34.9,82.8,1
69,-1,1705,535,38.7,104.5,1
69,-1,390,562,45.2,121,1
69,-1,521,555,32.2,88.4,1
69,-1,1615,576,70.3,159.9,1
69,-1,547,547,35.9,98.1,1
69,-1,586,541,36.9,99.3,0.999
69,-1,736,508,22.2,55.3,0.998
69,-1,337,547,47.5,126.7,0.998
69,-1,1763,558,44.3,98.1,0.997
69,-1,757,507,18.2,47.7,0.992
69,-1,775,506,19.7,56,0.992
69,-1,1272,502,22.6,50.7,0.991
69,-1,1230,495,15.2,40.8,0.99
69,-1,1291,507,18.6,46.1,0.983
69,-1,1379,510,23.9,49.2,0.962
69,-1,1033,499,13.5,29.9,0.953
69,-1,1659,511,29.4,64.6,0.946
69,-1,809,518,17.6,43.9,0.923
70,-1,540,541,38.8,102.9,1
70,-1,1624,569,56.1,159.7,1
70,-1,1706,528,37.5,101.4,1
70,-1,601,535,32.4,89.5,1
70,-1,513,550,34.8,94.9,1
70,-1,772,510,18,49.4,0.999
70,-1,337,553,48.2,124.6,0.999
70,-1,579,541,34,98.2,0.998
70,-1,735,508,21,52.6,0.998
70,-1,384,566,43.7,115.7,0.996
70,-1,1224,496,16.5,38.2,0.996
70,-1,1292,503,20.5,50.7,0.993
70,-1,1764,551,45.8,96.4,0.991
70,-1,1268,507,21.5,48.3,0.991
70,-1,1379,506,22.5,51,0.989
70,-1,756,503,17.7,46.9,0.986
70,-1,1658,506,27.8,64.2,0.981
70,-1,1031,492,15.7,34,0.977
70,-1,809,515,18.4,46.7,0.878
70,-1,499,536,32,86.3,0.79
70,-1,1421,516,18.5,44.7,0.682
70,-1,1022,494,13.6,28.5,0.637
70,-1,259,507,23.8,57,0.608
70,-1,1391,509,22.4,50.1,0.456
71,-1,338,551,43.5,133.2,1
71,-1,1628,573,56,153.5,1
71,-1,1704,534,40.1,97.8,1
71,-1,595,529,35.9,97.8,1
71,-1,536,547,41.3,102.8,1
71,-1,374,559,48.5,131.2,1
71,-1,1767,556,42.4,100.6,0.999
71,-1,1226,497,16.2,42.3,0.998
71,-1,511,550,33.6,98.3,0.998
71,-1,771,506,18.5,51.5,0.998
71,-1,579,543,35.6,98.3,0.998
71,-1,752,508,18.7,46.4,0.989
71,-1,1265,509,21.3,47.3,0.989
71,-1,1023,493,15.2,30.6,0.986
71,-1,731,512,21.2,49,0.985
71,-1,1288,505,21.3,54.1,0.979
71,-1,1379,509,23,46.9,0.912
71,-1,804,512,20.6,54.9,0.843
71,-1,1418,520,19.9,46.7,0.751
71,-1,1568,517,22.8,55.7,0.642
71,-1,1425,514,23.5,59.5,0.532
71,-1,1650,502,33.3,73.2,0.454
71,-1,439,553,29.3,73.6,0.442
72,-1,1703,531,39.1,98.8,1
72,-1,1635,561,60.6,164.3,1
72,-1,533,547,40.1,103.4,1
72,-1,323,556,46.1,128.6,1
72,-1,596,532,34.4,98.3,1
72,-1,372,560,46,127.5,1
72,-1,725,506,22.7,55.3,0.999
72,-1,502,548,35.2,101,0.999
72,-1,1227,498,15.9,40.4,0.998
72,-1,767,507,21.8,59.9,0.995
72,-1,1768,547,45.5,104.8,0.995
72,-1,750,509,18.3,45,0.99
72,-1,573,544,34.3,98.8,0.983
72,-1,1264,502,20.2,46.5,0.979
72,-1,1025,495,14.8,34.1,0.976
72,-1,1286,505,21.1,52,0.964
72,-1,1376,504,23.7,53.9,0.945
72,-1,1017,492,14.4,34.5,0.904
72,-1,801,518,18.6,52,0.841
72,-1,1429,510,23.5,60.1,0.808
72,-1,1583,516,21.8,57.3,0.789
72,-1,757,503,20,57.9,0.409
73,-1,525,544,42.6,106.1,1
73,-1,1637,577,64.9,163.8,1
73,-1,1707,533,38.4,99.6,1
73,-1,591,534,34.6,88.4,1
73,-1,322,554,46.6,123.4,1
73,-1,368,563,43.7,121.3,1
73,-1,500,549,36.7,100.5,0.999
73,-1,728,507,20.7,53.8,0.998
73,-1,1771,552,45.5,102.6,0.998
73,-1,769,506,19.1,53.4,0.996
73,-1,1222,494,18.7,46.5,0.996
73,-1,567,536,36.3,107.4,0.989
73,-1,1265,502,20.9,49.6,0.987
73,-1,1378,509,22,48.3,0.981
73,-1,1018,493,14,34.3,0.98
73,-1,1366,513,23.8,51.2,0.977
73,-1,1288,507,19.5,51.6,0.924
73,-1,747,509,17.9,44.4,0.892
73,-1,802,512,20.9,52.7,0.798
73,-1,1429,510,23.2,61.6,0.718
73,-1,1586,517,22.2,55.4,0.532
73,-1,1565,524,21.4,46.7,0.488
73,-1,1416,512,23.1,59.4,0.415
74,-1,527,550,36.5,92.9,1
74,-1,1711,533,36.9,97.6,1
74,-1,1648,574,59.6,153.3,1
74,-1,587,534,34.5,89.7,1
74,-1,363,565,46,122.9,1
74,-1,497,548,35,99.1,0.999
74,-1,314,557,48.3,130.3,0.999
74,-1,762,505,20.9,57.4,0.999
74,-1,1776,559,44.4,101,0.997
74,-1,563,547,35.6,100.9,0.997
74,-1,1223,494,17.5,41.7,0.996
74,-1,1263,499,21.3,49.4,0.993
74,-1,1015,495,13.9,28.8,0.987
74,-1,726,507,21.2,51.6,0.983
74,-1,1371,503,28.3,57.6,0.982
74,-1,745,503,18.5,46,0.977
74,-1,1584,521,22.3,48.9,0.97
74,-1,1566,515,23.5,52.7,0.928
74,-1,1285,507,20.2,51.7,0.911
74,-1,798,515,19.5,51,0.816
74,-1,1416,507,24.6,62.6,0.756
75,-1,352,555,51.2,129.9,1
75,-1,1646,577,62.5,161.8,1
75,-1,518,547,40.8,105.9,1
75,-1,311,562,44.5,118.1,1
75,-1,1709,534,37.2,101.1,0.999
75,-1,583,534,32.2,89.6,0.999
75,-1,763,510,18.8,53.9,0.998
75,-1,1220,498,15.9,40.4,0.997
75,-1,1261,505,22.2,51.5,0.996
75,-1,717,508,23,56.7,0.996
75,-1,1283,507,18.3,46.7,0.994
75,-1,1771,554,44.7,105.2,0.993
75,-1,1366,506,26.3,57.6,0.992
75,-1,489,552,35.5,94.1,0.991
75,-1,741,504,16.5,46.3,0.979
75,-1,556,536,39,121.8,0.974
75,-1,1562,525,21.2,44.2,0.971
75,-1,1584,526,20.6,47.5,0.971
75,-1,1016,496,15.8,32.8,0.955
75,-1,1007,495,14.5,33.3,0.927
75,-1,1419,508,22.1,54.8,0.808
75,-1,795,514,20.8,51.1,0.708
75,-1,1597,525,21.1,49,0.606
75,-1,1383,511,25.8,51.1,0.58
75,-1,1292,514,18.3,43.9,0.538
75,-1,1434,514,21.5,50.6,0.492
76,-1,353,554,47.9,126.5,1
76,-1,1650,570,57.6,181.1,1
76,-1,305,556,47.6,123.7,1
76,-1,510,544,38.8,105.8,1
76,-1,576,530,37,95.5,1
76,-1,1774,552,44.6,106.9,0.999
76,-1,486,551,35.1,95.2,0.999
76,-1,1365,509,23.9,53.9,0.999
76,-1,558,541,32.5,107.4,0.999
76,-1,1217,495,16.5,41.8,0.999
76,-1,1712,533,36.2,98.2,0.999
76,-1,760,506,21.1,59.8,0.997
76,-1,1260,503,22.4,52,0.995
76,-1,1283,509,19.8,48.1,0.991
76,-1,744,513,15.7,36,0.988
76,-1,715,506,22.5,57.8,0.986
76,-1,1013,495,13.4,28.1,0.963
76,-1,1007,492,13.5,29.3,0.963
76,-1,1560,523,21.3,45.8,0.962
76,-1,1583,523,19.9,49.6,0.959
76,-1,793,515,19.2,48.4,0.822
76,-1,1418,507,22,58.5,0.786
76,-1,1600,526,19.2,44.7,0.52
76,-1,1427,512,24.6,56.2,0.473
77,-1,1649,572,66.7,174.3,1
77,-1,1716,541,34.6,92.4,1
77,-1,574,533,34.6,91.2,1
77,-1,506,549,37.1,102.5,1
77,-1,347,560,51.7,125.8,0.999
77,-1,760,507,21,57.1,0.999
77,-1,482,553,34.7,95.4,0.999
77,-1,1777,556,43.3,107.5,0.998
77,-1,297,555,44.8,128.9,0.997
77,-1,1217,497,18.4,42.7,0.996
77,-1,551,541,35.8,104.7,0.993
77,-1,1277,506,22,49.8,0.991
77,-1,1256,505,24.3,54.7,0.991
77,-1,1364,510,24.7,52.5,0.989
77,-1,734,509,19,44.7,0.983
77,-1,1553,522,22.5,52.1,0.976
77,-1,716,504,20.5,53.7,0.94
77,-1,1004,496,15.9,31,0.932
77,-1,1577,523,20.8,49.3,0.891
77,-1,789,518,18.5,48.3,0.821
77,-1,1416,508,25.8,62.5,0.82
77,-1,996,486,19.8,49.1,0.425
78,-1,1773,553,44.8,109.8,1
78,-1,1656,582,64.4,171.8,1
78,-1,564,534,36.6,95.5,1
78,-1,1711,535,41.4,99.1,1
78,-1,501,549,41.1,104.6,1
78,-1,347,560,43.2,127.4,1
78,-1,544,540,37,111.1,0.999
78,-1,475,556,34,93.5,0.999
78,-1,1212,497,16.7,40.1,0.997
78,-1,291,544,48,131.9,0.997
78,-1,755,504,21.5,56.8,0.997
78,-1,1255,504,21.9,51.5,0.989
78,-1,710,506,21.4,54.4,0.985
78,-1,1577,526,20.1,44.9,0.98
78,-1,1278,507,19,46.9,0.978
78,-1,1003,491,14.5,31.7,0.975
78,-1,734,504,19,47,0.965
78,-1,1358,508,23,54.6,0.951
78,-1,1554,521,22.9,52.2,0.93
78,-1,1409,516,21.6,50.7,0.893
78,-1,1420,515,22.2,55.2,0.874
78,-1,784,511,20.2,54.2,0.654
78,-1,1269,508,21.5,52.4,0.446
78,-1,1596,526,21.5,50,0.43
79,-1,564,530,36.9,100.5,1
79,-1,1713,539,37.3,89.1,1
79,-1,495,547,40.6,101,1
79,-1,1648,579,74.5,175.2,1
79,-1,281,560,48.9,118.6,1
79,-1,465,546,41.7,107.6,0.999
79,-1,333,548,54.7,135.2,0.999
79,-1,1276,504,21.5,54.9,0.998
79,-1,755,502,20.6,57.8,0.998
79,-1,1209,496,15.5,38.1,0.998
79,-1,540,533,40.3,119.9,0.997
79,-1,1778,557,43.8,105.3,0.997
79,-1,1353,505,27,57.2,0.993
79,-1,1255,501,24.1,56.5,0.991
79,-1,728,508,18.4,41.3,0.958
79,-1,1000,489,15.5,35.3,0.94
79,-1,706,501,22,58,0.937
79,-1,1554,525,20.5,49.2,0.918
79,-1,1410,516,21.4,52.2,0.88
79,-1,1420,511,21.8,53,0.829
79,-1,782,512,19.9,52.5,0.761
79,-1,1213,490,19.7,49.4,0.712
79,-1,1577,528,19.6,46.9,0.413
80,-1,488,548,41.8,105.8,1
80,-1,458,555,40.3,103.1,1
80,-1,1660,580,70.2,177.1,1
80,-1,1716,538,35.5,90.7,1
80,-1,537,546,35,102.3,0.999
80,-1,274,546,54.5,143.4,0.999
80,-1,1776,548,46.8,108.9,0.999
80,-1,556,534,40.3,97.4,0.999
80,-1,327,565,47.1,119,0.999
80,-1,1211,493,17.6,41,0.998
80,-1,747,503,22.8,61.2,0.998
80,-1,1272,504,19.9,52.6,0.997
80,-1,1354,505,24.5,51.6,0.997
80,-1,1250,503,23.7,53.9,0.992
80,-1,995,487,15.8,40,0.967
80,-1,1545,519,23.5,52.5,0.966
80,-1,1407,511,21.2,50.6,0.955
80,-1,702,504,22.9,59.6,0.942
80,-1,1573,525,19.1,46.7,0.919
80,-1,729,504,16.8,42,0.853
80,-1,1419,515,20.2,48.9,0.724
80,-1,781,514,20.3,52.8,0.596
80,-1,1396,516,20.5,49.8,0.52
80,-1,1382,515,21.7,49,0.449
81,-1,1712,537,35.3,95,1
81,-1,1658,576,65.2,184.7,1
81,-1,484,551,39.9,101.2,1
81,-1,323,555,50.4,136,1
81,-1,270,559,45.4,122.5,1
81,-1,548,531,39.5,98.6,0.999
81,-1,529,540,35.6,108.8,0.998
81,-1,1775,551,47.9,108.5,0.997
81,-1,1353,507,21.8,50.5,0.995
81,-1,1206,494,16.1,40.4,0.993
81,-1,453,545,35.7,104,0.988
81,-1,748,505,20.9,56.7,0.987
81,-1,1246,500,24.4,49.5,0.983
81,-1,1549,520,19,49.5,0.972
81,-1,1271,507,21.6,50.8,0.954
81,-1,720,508,19.2,43,0.948
81,-1,702,502,21.9,56.1,0.919
81,-1,1407,513,20.6,51.6,0.912
81,-1,990,489,15.6,32.1,0.906
81,-1,775,510,20.4,55.2,0.819
81,-1,1573,525,18.1,45.3,0.774
81,-1,1424,512,20.7,49.7,0.762
81,-1,1259,500,23,56.1,0.637
81,-1,380,468,20,54,0.597
81,-1,996,490,16.7,39,0.556
81,-1,1396,510,21,47.2,0.415
82,-1,474,539,41.2,115.4,1
82,-1,549,530,36.7,104.9,1
82,-1,1713,530,36.2,104.9,1
82,-1,1657,583,64.6,168.5,1
82,-1,314,561,44.4,124,0.999
82,-1,1777,551,42.2,103.2,0.999
82,-1,745,506,20,54,0.999
82,-1,1351,507,24.3,55.6,0.999
82,-1,446,552,35.4,104.1,0.999
82,-1,1202,494,17.2,42,0.998
82,-1,268,556,41.3,118.9,0.998
82,-1,525,542,34.3,110.9,0.998
82,-1,1265,508,19.4,45.2,0.993
82,-1,1242,501,26.4,51.3,0.989
82,-1,695,503,23,60,0.959
82,-1,989,492,15.7,33,0.956
82,-1,1546,517,22.8,54.8,0.952
82,-1,1401,511,26,56,0.949
82,-1,721,511,16.6,38.1,0.913
82,-1,1418,511,22,50.7,0.773
82,-1,773,513,17.9,49.2,0.592
82,-1,1390,517,21.7,48.3,0.502
82,-1,711,511,16.8,41.6,0.463
83,-1,520,544,36.9,108.4,1
83,-1,1345,508,23.5,49.9,1
83,-1,255,558,49.5,129.1,1
83,-1,468,549,40.9,111.1,1
83,-1,1662,586,72.3,163.1,1
83,-1,309,566,49.1,125.5,0.999
83,-1,440,550,38.6,102.8,0.999
83,-1,1712,531,36.4,106.6,0.999
83,-1,1776,551,49.8,112.2,0.998
83,-1,542,535,37,93.2,0.998
83,-1,1202,492,18,45.4,0.996
83,-1,738,507,21.5,55.2,0.994
83,-1,1244,503,21.2,47.8,0.993
83,-1,1264,508,20.2,44.6,0.99
83,-1,1543,519,19.9,51,0.988
83,-1,988,491,13.9,30.4,0.97
83,-1,712,507,18.4,46.9,0.959
83,-1,1401,511,21.2,50.5,0.937
83,-1,691,503,21.9,63.2,0.927
83,-1,1571,522,20.3,48.8,0.847
83,-1,1414,516,20.8,48.9,0.844
83,-1,979,486,18.5,43.5,0.797
83,-1,769,515,20.6,49.7,0.701
83,-1,1253,505,22.7,51.5,0.61
83,-1,1421,512,25.9,66,0.414
84,-1,250,556,48.9,134.1,1
84,-1,1663,587,68.6,170,1
84,-1,433,561,34,90.9,1
84,-1,464,544,41.2,113,1
84,-1,515,542,37.9,110.2,1
84,-1,302,566,52.9,128.4,1
84,-1,1706,534,42.4,91.8,0.999
84,-1,1346,507,22.6,51.1,0.999
84,-1,535,531,39.2,100.8,0.998
84,-1,1776,553,44.9,98.6,0.998
84,-1,737,505,21.2,55.3,0.997
84,-1,1246,503,21,49.7,0.989
84,-1,1199,491,16.3,42,0.987
84,-1,1540,516,23.4,56.6,0.986
84,-1,1265,503,20.4,53.8,0.983
84,-1,981,491,14.5,31.1,0.982
84,-1,1413,508,21.2,56.8,0.977
84,-1,1402,514,20.6,49.8,0.948
84,-1,1562,523,21.7,46.7,0.926
84,-1,708,508,18.7,46,0.747
84,-1,688,503,22.4,53.6,0.744
84,-1,768,513,20,51.2,0.646
84,-1,1235,501,21.6,50.4,0.619
84,-1,1385,519,21.6,47.6,0.518
85,-1,1673,574,64,186,1
85,-1,1706,528,40.4,119.1,1
85,-1,510,547,38.8,110.3,1
85,-1,242,563,44.9,129.7,1
85,-1,455,548,45.3,113.5,1
85,-1,1778,552,45.6,103.7,0.999
85,-1,1195,494,16.7,41.7,0.999
85,-1,1340,509,24.6,55.4,0.999
85,-1,424,558,37.3,97.3,0.999
85,-1,297,564,52.1,135.1,0.999
85,-1,536,539,37,100.8,0.999
85,-1,1536,524,19.2,46.7,0.99
85,-1,1258,504,20.9,50.5,0.99
85,-1,730,508,20.7,58.7,0.979
85,-1,1236,502,23,53.3,0.973
85,-1,982,492,14.3,32.3,0.952
85,-1,688,508,21,53.5,0.946
85,-1,1410,513,22.6,56.4,0.937
85,-1,1398,515,23.3,53.9,0.903
85,-1,708,509,18.1,44.4,0.895
85,-1,1385,519,22.2,50.3,0.875
85,-1,1541,516,24.6,59,0.826
85,-1,761,514,21.4,54.4,0.692
85,-1,1563,524,20,45.2,0.678
85,-1,975,491,16.5,39.2,0.656
86,-1,525,539,39.2,101.2,1
86,-1,292,574,50.4,124.1,1
86,-1,421,562,33.1,93.2,1
86,-1,1675,589,71.9,177.5,1
86,-1,452,551,44.4,109.3,1
86,-1,506,539,38.1,118.7,0.999
86,-1,726,505,21.5,58.1,0.999
86,-1,1705,532,37.8,108.3,0.999
86,-1,235,564,46.4,128,0.998
86,-1,1776,550,50.6,110.7,0.998
86,-1,1340,510,20.9,47.9,0.994
86,-1,1193,493,17.9,44.1,0.994
86,-1,1536,520,22.9,55.5,0.983
86,-1,972,493,15.1,33.8,0.983
86,-1,1258,501,22,49.5,0.979
86,-1,1239,501,22.4,53.3,0.979
86,-1,1406,511,21.3,52.4,0.957
86,-1,684,509,20.8,58.1,0.954
86,-1,1559,525,20,45.2,0.925
86,-1,704,508,16.9,42.1,0.85
86,-1,1393,512,22.2,51.7,0.697
86,-1,1381,517,20.8,51.5,0.626
86,-1,1327,509,22.1,54.6,0.589
86,-1,108,567,54.6,126.2,0.573
86,-1,980,487,15.5,38.7,0.47
86,-1,1456,506,22.6,52.6,0.454
87,-1,414,558,38.2,103.6,1
87,-1,1680,586,66.5,187.2,1
87,-1,443,557,41.7,107.7,1
87,-1,227,560,52.3,136.8,0.999
87,-1,723,509,21.9,55.3,0.999
87,-1,518,535,40.2,107.5,0.999
87,-1,498,547,40.3,113.5,0.999
87,-1,278,568,50.4,123.4,0.998
87,-1,1191,496,15.3,39.6,0.998
87,-1,1780,556,45.5,101.1,0.997
87,-1,1335,513,24.2,47.9,0.997
87,-1,1705,534,37.3,100.5,0.996
87,-1,1237,506,21.8,50.7,0.988
87,-1,1252,507,21.1,46.4,0.986
87,-1,1533,521,19.7,49,0.976
87,-1,680,506,22.6,56.3,0.969
87,-1,1404,511,23.6,56.7,0.967
87,-1,700,508,19.1,45.8,0.958
87,-1,963,496,14.4,31.5,0.931
87,-1,972,493,14,31.5,0.931
87,-1,1384,515,22.9,48.8,0.914
87,-1,1539,515,26.6,60.7,0.904
87,-1,1559,517,20,57.3,0.695
87,-1,753,517,20.7,54.6,0.674
87,-1,1325,503,22.7,58.9,0.527
87,-1,1393,531,21,45,0.442
87,-1,1451,505,21.7,55,0.414
88,-1,1680,580,72.9,187.9,1
88,-1,440,559,39.8,107.7,1
88,-1,1775,556,49.5,108.1,1
88,-1,404,564,36.8,103.8,0.999
88,-1,720,508,20.7,58.1,0.999
88,-1,493,552,37.8,112.4,0.998
88,-1,223,564,47.8,126.4,0.998
88,-1,278,578,47.1,123.6,0.998
88,-1,512,543,40.8,99,0.998
88,-1,1528,518,22.7,54.7,0.997
88,-1,1189,494,18.2,40.7,0.997
88,-1,1329,507,24.9,55.3,0.997
88,-1,1236,508,19.4,47.3,0.99
88,-1,1255,507,19.5,47.7,0.978
88,-1,1386,521,20.1,49,0.955
88,-1,962,494,14.9,32.4,0.947
88,-1,1702,533,40.5,90.8,0.933
88,-1,1403,509,25.4,59.6,0.929
88,-1,699,514,15.3,39.7,0.916
88,-1,676,510,22.7,56.2,0.914
88,-1,100,569,45.2,125.5,0.823
88,-1,1557,525,19.2,47.9,0.778
88,-1,1605,508,28.4,64.3,0.551
88,-1,1376,520,21.4,51.7,0.519
88,-1,1451,504,21.6,57.1,0.507
88,-1,751,520,20.6,52.7,0.497
88,-1,1314,501,23.6,62.5,0.421
89,-1,429,562,43.9,108.7,1
89,-1,1682,574,63.4,199.2,1
89,-1,270,566,52,129.3,1
89,-1,397,562,38,104.7,0.999
89,-1,212,574,46,120.7,0.998
89,-1,715,513,21.9,58.3,0.997
89,-1,1185,495,17.2,46.2,0.997
89,-1,486,556,41,112,0.995
89,-1,1325,509,21.8,54.9,0.995
89,-1,1779,554,45.3,112.3,0.995
89,-1,1230,508,21.6,46.3,0.994
89,-1,511,543,36.9,99.5,0.993
89,-1,1531,517,26.3,53.9,0.989
89,-1,1400,515,23.5,54.4,0.976
89,-1,1249,508,19.5,48.5,0.974
89,-1,956,497,16.1,33,0.955
89,-1,672,507,23.7,63.4,0.939
89,-1,1374,519,21.5,48.4,0.937
89,-1,691,507,18.5,51.3,0.93
89,-1,1387,516,21.6,54.7,0.928
89,-1,960,490,18.9,45.9,0.926
89,-1,1557,526,20.2,48.4,0.873
90,-1,1678,588,74.6,203.5,1
90,-1,394,576,35.2,96.3,1
90,-1,422,567,42,107.2,1
90,-1,263,581,49.8,123.4,1
90,-1,1182,495,17.6,47.1,0.999
90,-1,208,571,51.9,136.3,0.999
90,-1,1706,540,38.9,94.9,0.999
90,-1,1228,504,22.2,52.8,0.997
90,-1,1776,554,51.2,112.6,0.997
90,-1,500,543,41.8,104.5,0.997
90,-1,478,557,45.1,119.1,0.996
90,-1,714,513,22.1,58.9,0.996
90,-1,1523,524,20.5,53.9,0.994
90,-1,1324,512,23.5,53.4,0.992
90,-1,1247,510,21,48.8,0.981
90,-1,1401,515,22.7,55.3,0.972
90,-1,688,515,18.6,45.6,0.966
90,-1,956,500,14.9,32.5,0.962
90,-1,1373,521,24.6,55.1,0.954
90,-1,1551,529,20.1,46.9,0.921
90,-1,666,511,24.7,63.1,0.907
90,-1,1389,520,21.8,51.8,0.877
90,-1,1533,521,24.9,50.8,0.873
90,-1,743,518,20.4,59.8,0.572
91,-1,253,581,48,128.1,1
91,-1,468,557,41.8,116.9,1
91,-1,1682,597,74.4,195.8,1
91,-1,411,565,43.6,110.1,1
91,-1,383,571,37.9,102.8,1
91,-1,205,573,48,127.8,0.999
91,-1,1701,539,36.5,94.4,0.999
91,-1,495,545,36.8,104,0.999
91,-1,1777,554,52,111.1,0.997
91,-1,708,518,19.8,50.3,0.997
91,-1,1225,509,21.2,47.4,0.996
91,-1,1513,523,22.9,60.7,0.994
91,-1,1180,500,17.5,44.1,0.99
91,-1,1317,511,23.7,59.2,0.987
91,-1,1372,520,24.6,55.9,0.971
91,-1,1241,508,19.7,48,0.966
91,-1,951,500,14.5,30.7,0.963
91,-1,1393,519,21,48.6,0.956
91,-1,684,514,19.1,48.4,0.954
91,-1,1526,524,24,49.9,0.949
91,-1,1549,523,22.9,56.8,0.833
91,-1,664,517,21.6,53.3,0.721
91,-1,101,500,19.4,49,0.707
91,-1,740,520,19.4,52.4,0.662
91,-1,958,496,14.9,34.1,0.618
91,-1,942,497,15.9,34.3,0.599
91,-1,1404,521,23.3,58.6,0.477
92,-1,1680,591,82.2,200.1,1
92,-1,1776,560,48.4,107.2,1
92,-1,465,565,37.1,113.1,1
92,-1,409,569,42.5,108,1
92,-1,254,570,54,139.8,0.999
92,-1,489,551,38.6,100.5,0.999
92,-1,1512,525,22.9,55.9,0.999
92,-1,374,573,41.6,113.5,0.999
92,-1,1692,543,51.3,94.2,0.998
92,-1,1226,511,22.3,52.9,0.995
92,-1,191,577,54.5,132.3,0.994
92,-1,1178,504,16.7,44.5,0.994
92,-1,1318,514,23.6,55,0.993
92,-1,1371,523,24,55,0.99
92,-1,708,519,20.5,55.3,0.984
92,-1,1526,524,27.6,54.3,0.983
92,-1,681,519,18,44.2,0.98
92,-1,943,500,14.1,30.9,0.963
92,-1,1239,509,21.8,52.8,0.955
92,-1,1393,520,20.9,51.1,0.936
92,-1,952,501,13.9,32.6,0.918
92,-1,658,514,23.7,60.7,0.916
92,-1,1545,525,22.6,51.5,0.837
92,-1,94,501,18.4,48.4,0.817
92,-1,1588,516,26.5,68.1,0.634
92,-1,735,526,19,48.2,0.586
92,-1,1301,515,19.4,52,0.5
93,-1,245,582,53.9,128.1,1
93,-1,1681,592,80.7,201,1
93,-1,402,570,41.8,118.4,1
93,-1,369,574,38.2,107,1
93,-1,1220,515,23.7,47.3,0.999
93,-1,458,563,41,118.3,0.999
93,-1,1511,522,23.1,55.6,0.998
93,-1,182,569,59.1,148.3,0.998
93,-1,1696,539,42.6,99.3,0.997
93,-1,486,552,37.3,105.1,0.997
93,-1,1172,500,17.4,43.7,0.993
93,-1,703,519,20.8,57.9,0.984
93,-1,1370,525,22.2,51.3,0.982
93,-1,1780,559,40.9,112.8,0.978
93,-1,1239,516,19,47.8,0.975
93,-1,677,521,17.2,45.1,0.972
93,-1,1316,515,23.2,52.6,0.966
93,-1,1380,520,24.1,54.7,0.963
93,-1,944,504,15.4,29.5,0.953
93,-1,87,507,17.7,45,0.889
93,-1,1545,529,22.6,52,0.818
93,-1,1526,527,22.9,55.3,0.704
93,-1,654,519,22.6,56.6,0.618
93,-1,1584,515,30.2,71.6,0.499
93,-1,730,526,18.8,54.7,0.465
94,-1,1701,545,35.5,94.9,1
94,-1,1697,608,70,182.2,1
94,-1,451,565,41.9,120.3,1
94,-1,392,575,44.9,109.1,1
94,-1,365,578,39.1,103.8,1
94,-1,1507,523,21.5,56.4,0.999
94,-1,239,584,51.2,131.5,0.999
94,-1,476,553,37,101.2,0.999
94,-1,1218,516,20.4,48,0.998
94,-1,179,576,55.6,141,0.998
94,-1,1365,525,23.8,57,0.993
94,-1,1774,557,48.8,113.5,0.992
94,-1,1233,513,20.2,47.1,0.987
94,-1,696,519,21.5,60.4,0.986
94,-1,1310,516,23.7,57.3,0.984
94,-1,1171,505,16.8,43.7,0.978
94,-1,671,522,18.4,45.1,0.966
94,-1,1382,526,21,48.9,0.96
94,-1,938,503,14.9,33.7,0.903
94,-1,1518,528,23.6,47.1,0.886
94,-1,1537,529,20.9,52,0.831
94,-1,649,517,21.2,61.1,0.791
94,-1,724,531,19.9,50.6,0.684
94,-1,1576,514,34.1,76.5,0.573
95,-1,1692,550,42.1,94.9,1
95,-1,177,582,50,128,1
95,-1,353,577,41.6,108.3,1
95,-1,1704,595,71.8,206.9,1
95,-1,390,578,42.9,110.4,1
95,-1,1503,528,22,52.8,0.999
95,-1,472,555,38.8,101.7,0.999
95,-1,446,564,42.2,124.9,0.999
95,-1,228,590,51.6,129.6,0.999
95,-1,1359,526,23.7,52.8,0.995
95,-1,667,521,16.4,45.5,0.994
95,-1,690,524,20.4,54.4,0.992
95,-1,1216,518,20.7,47.7,0.99
95,-1,1169,505,17,45.2,0.989
95,-1,1230,514,21.7,50.2,0.963
95,-1,1778,563,47.2,110.4,0.954
95,-1,1308,517,24.1,56.6,0.95
95,-1,1376,520,23.2,52.2,0.943
95,-1,937,504,15.4,34,0.936
95,-1,1510,515,24.5,70.7,0.878
95,-1,643,522,23.9,62.1,0.83
95,-1,928,501,16.4,38.2,0.814
95,-1,1573,516,32.3,78.6,0.789
95,-1,1367,529,27.7,62.4,0.556
95,-1,1277,440,36.8,77.7,0.551
95,-1,720,532,19,51.1,0.456
96,-1,440,567,39.7,123,1
96,-1,347,580,37.9,111.6,1
96,-1,1690,603,84.4,196.7,1
96,-1,380,579,44.1,117,1
96,-1,218,589,51.4,139.3,0.999
96,-1,1502,530,22.8,56,0.999
96,-1,466,556,37.4,106.6,0.999
96,-1,166,585,60.8,135.2,0.998
96,-1,1697,550,34.9,94.7,0.997
96,-1,1782,563,42.2,109.9,0.995
96,-1,1208,512,25.4,51.4,0.995
96,-1,1361,527,22.4,53.4,0.995
96,-1,1226,515,22,50.2,0.991
96,-1,663,524,16.8,45.2,0.99
96,-1,685,520,22.4,61.1,0.977
96,-1,1299,516,20.6,53.5,0.966
96,-1,1165,503,17.9,45.8,0.961
96,-1,1372,518,23.1,53.2,0.959
96,-1,931,508,14.8,30,0.944
96,-1,643,524,23.2,64.2,0.915
96,-1,1573,514,29.1,75,0.762
96,-1,1275,449,35.8,74.4,0.644
96,-1,717,527,22,62.8,0.641
96,-1,1382,524,24,54.2,0.606
96,-1,1533,528,21.1,52.8,0.427
97,-1,1701,606,80.2,206.3,1
97,-1,1691,546,44.8,101.5,1
97,-1,374,581,46.6,110.2,1
97,-1,337,579,38,112,1
97,-1,431,568,42.2,117.3,1
97,-1,154,580,60.8,143.3,0.999
97,-1,460,558,40.4,112.3,0.999
97,-1,1496,530,23.1,52,0.999
97,-1,1356,524,24.4,57,0.995
97,-1,207,587,54.3,135.7,0.993
97,-1,1221,519,21.8,50.8,0.99
97,-1,1209,513,21.6,47.8,0.989
97,-1,1159,502,17.1,47.3,0.984
97,-1,687,522,22,59.9,0.983
97,-1,1367,520,25.6,59.5,0.968
97,-1,656,524,17.2,41.7,0.944
97,-1,1296,520,22.2,52.2,0.931
97,-1,925,503,14.7,32.5,0.921
97,-1,1781,564,43.3,116.7,0.875
97,-1,1269,450,37.6,72.3,0.776
97,-1,635,518,23.6,65.3,0.747
97,-1,1507,523,26,59.9,0.743
97,-1,1568,516,27,73.3,0.716
97,-1,714,534,18.6,48.5,0.578
97,-1,1532,529,21.9,55.4,0.415
98,-1,1688,550,38,98.8,1
98,-1,332,582,40.2,118.4,1
98,-1,1707,616,78.4,189.4,1
98,-1,451,558,42,111.4,1
98,-1,368,581,43.6,116.2,1
98,-1,152,589,53.1,130.5,1
98,-1,205,586,59.7,148,0.999
98,-1,430,574,38.7,115,0.999
98,-1,1352,536,21.4,47.7,0.997
98,-1,1493,530,23.6,59.2,0.996
98,-1,1207,518,20.5,46.8,0.995
98,-1,1220,515,21.9,50.8,0.991
98,-1,1158,504,17.9,46.6,0.991
98,-1,676,521,23.1,63.1,0.984
98,-1,1779,564,47.8,114.9,0.98
98,-1,653,525,17.3,44,0.979
98,-1,1366,520,25.2,57.4,0.973
98,-1,1271,449,35.4,75.8,0.95
98,-1,1290,522,21.2,50.7,0.924
98,-1,923,506,14.3,35.1,0.915
98,-1,634,528,19,49.4,0.782
98,-1,1564,516,31.4,81.2,0.774
98,-1,915,501,14.1,33.1,0.723
98,-1,1503,527,26,61,0.508
98,-1,708,528,21.7,65.9,0.508
98,-1,1302,523,21.6,46.7,0.433
98,-1,1522,533,22.1,49.6,0.414
99,-1,1685,550,44.9,101.1,1
99,-1,359,581,47.1,114,1
99,-1,1702,604,79.5,207.7,1
99,-1,143,585,56.8,133.6,1
99,-1,322,585,40.2,107.9,1
99,-1,196,589,57.4,141.4,0.999
99,-1,419,567,49.7,124.2,0.999
99,-1,1488,531,20.9,52.2,0.999
99,-1,449,555,38.2,103.8,0.999
99,-1,1219,519,20.4,50.6,0.997
99,-1,1352,534,25.3,58.9,0.993
99,-1,649,523,18.5,45.9,0.992
99,-1,1151,506,17.6,46.1,0.991
99,-1,1773,566,45.3,111.8,0.989
99,-1,1202,520,19,43.4,0.968
99,-1,677,523,21.4,59,0.951
99,-1,1285,517,25.8,57.6,0.941
99,-1,1501,528,22,54.6,0.941
99,-1,627,522,22.8,62.1,0.918
99,-1,1268,445,40.1,77.7,0.905
99,-1,915,504,15.4,32.6,0.872
99,-1,1561,517,29.6,71.8,0.682
99,-1,703,533,20.4,53.2,0.442
100,-1,320,580,46.5,112.7,1
100,-1,191,582,57,146.8,1
100,-1,440,564,38.3,103.6,1
100,-1,1714,614,73.5,195.7,1
100,-1,1683,552,43.4,102.6,1
100,-1,356,576,40.9,121.2,1
100,-1,1485,524,23.3,60.9,0.999
100,-1,132,591,53.9,131.3,0.999
100,-1,411,570,38.6,124,0.999
100,-1,1194,519,22.3,49,0.997
100,-1,1348,537,24.6,55,0.993
100,-1,646,526,17.9,46.3,0.992
100,-1,1213,518,20.3,50.6,0.992
100,-1,1150,503,18.7,44.7,0.987
100,-1,667,525,21.7,62.4,0.986
100,-1,1772,566,46.7,113.8,0.98
100,-1,1281,522,24.6,55.4,0.949
100,-1,621,524,23.4,57.7,0.914
100,-1,1496,526,25.1,65.4,0.894
100,-1,907,509,15,32.1,0.892
100,-1,1263,444,38.8,79.4,0.878
100,-1,1365,524,21.8,57.1,0.776
100,-1,1295,522,22.6,51.4,0.664
100,-1,697,528,22.6,63.7,0.446
101,-1,1685,552,40.8,105.7,1
101,-1,347,585,45.3,116.7,1
101,-1,1701,618,89.6,203.5,1
101,-1,310,576,43.4,119.5,1
101,-1,397,564,48.6,132.6,0.999
101,-1,130,592,50.3,123.1,0.999
101,-1,430,558,37.9,111.5,0.999
101,-1,177,582,56.5,148.4,0.998
101,-1,1772,562,47.7,116.4,0.997
101,-1,1484,531,23.1,56,0.995
101,-1,1149,509,16.6,40.9,0.994
101,-1,1210,522,19.6,46,0.993
101,-1,1345,529,24.7,57,0.991
101,-1,666,525,21,55.3,0.984
101,-1,1196,518,19.7,46.3,0.972
101,-1,1262,447,37.3,75.9,0.971
101,-1,638,526,17.8,45.1,0.971
101,-1,657,520,19.7,55,0.913
101,-1,906,509,14.6,32.5,0.907
101,-1,1281,519,24.2,56.7,0.881
101,-1,615,523,23,55,0.861
101,-1,1353,532,27.7,69,0.813
101,-1,1551,521,28.2,63.8,0.544
101,-1,692,531,21.5,60.9,0.516
101,-1,1366,517,24,60.2,0.432
102,-1,178,586,61.5,150.6,1
102,-1,115,580,59.9,150.5,1
102,-1,422,564,38.2,101.5,1
102,-1,1712,607,89.7,217.4,1
102,-1,389,571,48.5,130.2,1
102,-1,298,584,40.8,116,1
102,-1,1685,549,41.4,111.6,1
102,-1,334,580,50.5,121.9,1
102,-1,1772,567,46.4,111.9,0.999
102,-1,1481,525,27,63.5,0.997
102,-1,637,525,17,47.3,0.996
102,-1,1190,517,19.5,48.4,0.992
102,-1,662,528,20.3,53,0.992
102,-1,1349,537,22.3,54.1,0.991
102,-1,1144,505,19.5,49.6,0.988
102,-1,1209,521,20.3,51.6,0.979
102,-1,1263,452,34.3,71.7,0.958
102,-1,903,508,14.2,30.8,0.945
102,-1,1275,519,21.9,56.7,0.918
102,-1,610,520,22.3,61.8,0.747
102,-1,1359,527,24.5,54.4,0.736
102,-1,1340,520,26.5,58.7,0.64
102,-1,1545,516,32.2,80.7,0.618
102,-1,651,519,21.5,59.2,0.544
102,-1,688,533,22.7,59.8,0.498
103,-1,283,582,45.2,124,1
103,-1,1683,547,37,109.6,1
103,-1,1719,618,86,217.7,1
103,-1,420,558,37.5,106.5,1
103,-1,326,580,48.5,120.4,1
103,-1,159,586,69.7,151.8,0.999
103,-1,108,586,56.8,140.5,0.999
103,-1,1773,568,51.3,106.1,0.996
103,-1,1337,527,25.9,57.7,0.995
103,-1,630,525,18.9,47.7,0.995
103,-1,1141,504,19.1,48.6,0.994
103,-1,1203,520,21.2,48.6,0.993
103,-1,381,574,47,127.3,0.992
103,-1,1473,531,26.7,53.1,0.992
103,-1,1190,518,21.6,47.5,0.975
103,-1,658,525,20.6,54.9,0.97
103,-1,1254,447,37.6,75.7,0.964
103,-1,893,509,14.4,32.3,0.927
103,-1,903,508,13.4,29.9,0.906
103,-1,648,522,19.5,55.9,0.884
103,-1,1350,540,25.7,59.4,0.869
103,-1,1273,521,22.7,51.2,0.865
103,-1,606,524,22,59.9,0.681
103,-1,315,551,33.2,87.5,0.642
103,-1,301,563,49.6,121.4,0.574
104,-1,280,584,42.7,115,1
104,-1,1678,550,41.4,106.3,1
104,-1,413,559,38.5,106.2,1
104,-1,1718,620,87.4,211.2,1
104,-1,320,580,46.9,113.7,1
104,-1,376,573,46,128.1,0.999
104,-1,1135,506,17.5,42.5,0.998
104,-1,99,582,57.3,141.9,0.998
104,-1,154,587,60.6,137.6,0.998
104,-1,655,527,21.8,57.4,0.99
104,-1,1333,529,26.9,64,0.985
104,-1,627,523,18.3,46.6,0.981
104,-1,1204,522,19.4,47.3,0.98
104,-1,1255,450,36.6,72.7,0.976
104,-1,1188,518,20.6,49.7,0.973
104,-1,893,506,14.8,33.9,0.973
104,-1,1474,530,21.2,60.2,0.97
104,-1,1766,567,45.8,100,0.961
104,-1,643,517,19.7,54.9,0.905
104,-1,1267,521,23.3,50.8,0.895
104,-1,1353,532,21.8,51.8,0.849
104,-1,608,522,22,60.8,0.847
104,-1,295,552,44.1,129.7,0.837
105,-1,1681,552,36.9,108.5,1
105,-1,1727,621,84.4,220.6,1
105,-1,268,588,47.3,119.7,1
105,-1,310,578,45.6,120,1
105,-1,1767,567,48,94.7,0.999
105,-1,90,577,54.4,146.6,0.999
105,-1,143,591,68.5,145.4,0.999
105,-1,405,559,39.8,107.6,0.999
105,-1,1334,532,26.8,67,0.997
105,-1,1132,506,17.6,40.6,0.994
105,-1,368,576,43.1,128.6,0.993
105,-1,619,522,20.3,52.1,0.992
105,-1,1196,524,19.4,46.7,0.989
105,-1,652,528,20,52.6,0.988
105,-1,1185,518,20.1,46.1,0.987
105,-1,887,508,14.4,32.4,0.969
105,-1,1270,520,19.5,50.9,0.964
105,-1,1469,532,21.8,56.8,0.954
105,-1,1252,446,35.8,73.4,0.951
105,-1,284,560,54,128,0.88
105,-1,639,518,20.5,59.8,0.848
105,-1,599,523,22.6,55.6,0.805
105,-1,895,503,15.8,37.3,0.778
105,-1,1351,518,23.3,56.5,0.765
105,-1,1260,520,20.1,57.5,0.742
105,-1,677,534,19.7,52.1,0.601
105,-1,1537,521,25.8,70.9,0.463
106,-1,398,560,38.1,109.6,1
106,-1,1674,554,39,106.7,1
106,-1,1723,618,85.1,230.5,1
106,-1,298,581,47.3,117.3,1
106,-1,1766,566,47,112,1
106,-1,262,583,48.5,126.1,1
106,-1,362,577,41.5,125.2,0.998
106,-1,1131,509,17.8,42,0.997
106,-1,76,572,61.4,151.9,0.995
106,-1,142,587,69.8,142.8,0.995
106,-1,1336,531,25.7,68.2,0.994
106,-1,1183,517,20.4,50.2,0.987
106,-1,1196,519,22.1,51.9,0.977
106,-1,884,505,16,36.9,0.971
106,-1,1467,531,19.4,55.5,0.971
106,-1,651,527,20.4,54.2,0.967
106,-1,616,523,18.5,45.8,0.939
106,-1,1247,444,37.7,80.1,0.935
106,-1,633,520,19.8,54.3,0.862
106,-1,595,519,23,54.2,0.773
106,-1,1262,519,22.8,57.2,0.625
106,-1,1352,523,20.9,50.9,0.528
106,-1,1322,526,24.2,55,0.407
107,-1,1724,627,91.5,225.2,1
107,-1,389,549,40.6,116.6,1
107,-1,1673,555,38.5,107,1
107,-1,1767,572,44.4,94.9,1
107,-1,291,578,51.4,119,1
107,-1,353,580,42.7,121.8,0.999
107,-1,127,592,68.9,143.5,0.998
107,-1,250,584,47,123.9,0.998
107,-1,73,574,58.1,155.9,0.997
107,-1,1334,534,28.7,67.9,0.994
107,-1,1126,509,17.7,38.3,0.991
107,-1,1179,516,20.8,49.5,0.989
107,-1,1191,515,21.4,49.4,0.984
107,-1,1246,439,39.7,84.7,0.975
107,-1,613,524,18.1,46.8,0.971
107,-1,631,514,20,56.9,0.965
107,-1,639,522,21.4,58,0.964
107,-1,880,508,15.5,33.3,0.945
107,-1,1256,517,23.1,55.1,0.92
107,-1,1460,522,25.3,61.4,0.892
107,-1,1321,522,26.2,59.8,0.868
107,-1,1529,524,35.6,69.5,0.85
107,-1,888,504,15.3,35.9,0.841
107,-1,591,518,21.2,55.5,0.819
107,-1,268,556,45.1,128.5,0.811
108,-1,386,552,38.3,113.5,1
108,-1,1722,635,81.3,205.5,1
108,-1,1770,575,47.4,99,1
108,-1,238,587,42,118.8,1
108,-1,284,579,49.1,127.1,1
108,-1,1672,551,39,114.6,0.998
108,-1,1120,504,21.5,48.2,0.997
108,-1,1331,530,24.4,67.8,0.997
108,-1,348,574,43.9,132.1,0.996
108,-1,118,585,74.6,142.9,0.994
108,-1,606,522,18.2,45.9,0.992
108,-1,1190,516,22.2,50.3,0.987
108,-1,642,525,21.6,56.6,0.983
108,-1,1176,519,17.8,44.4,0.977
108,-1,1240,446,41,78.8,0.976
108,-1,55,572,65.9,153.9,0.976
108,-1,1460,523,22.8,63.6,0.953
108,-1,1251,514,23.1,60.6,0.945
108,-1,256,563,45.4,125.2,0.934
108,-1,876,507,14.6,34.3,0.933
108,-1,623,511,23,64.2,0.933
108,-1,584,517,22.4,59.7,0.89
108,-1,1321,530,19.2,46.1,0.863
108,-1,882,497,16.8,42.7,0.459
108,-1,1345,526,22.5,59.2,0.456
108,-1,661,524,24.1,65.2,0.448
109,-1,269,578,50.6,130.8,1
109,-1,380,559,37.8,113.1,1
109,-1,1728,630,91.1,219.4,1
109,-1,233,594,41.9,117.4,1
109,-1,1331,530,27.6,72.6,0.999
109,-1,54,579,54.8,146.7,0.998
109,-1,115,581,68.6,149.6,0.998
109,-1,328,579,46,122.9,0.998
109,-1,1667,550,38.7,111.5,0.992
109,-1,1178,517,21.1,52,0.992
109,-1,633,525,23,60.6,0.99
109,-1,1122,512,18.3,40.9,0.989
109,-1,1456,529,20.3,56.2,0.988
109,-1,1765,572,43.7,104.3,0.988
109,-1,1320,521,23,55.3,0.984
109,-1,599,518,20,49.8,0.972
109,-1,620,518,20.1,54.7,0.962
109,-1,1235,442,38.6,81.4,0.954
109,-1,874,505,15.4,34.8,0.931
109,-1,581,516,22.1,63,0.918
109,-1,1167,515,20.3,47.8,0.83
109,-1,241,559,49.5,116.4,0.773
109,-1,1247,519,22.6,55.1,0.73
109,-1,864,504,17.7,37.8,0.572
109,-1,1525,521,30.7,67.6,0.48
109,-1,1434,526,19.6,55.2,0.476
110,-1,1728,630,94.7,217.3,1
110,-1,262,575,49,129.2,1
110,-1,1764,565,51.9,113.7,1
110,-1,373,557,39.3,110.8,1
110,-1,107,591,59.3,136,0.998
110,-1,219,584,45.6,127.1,0.997
110,-1,1117,509,18.2,43.6,0.997
110,-1,1328,530,26.5,75.3,0.996
110,-1,332,580,45.1,129.8,0.995
110,-1,630,526,21.7,58.5,0.993
110,-1,39,570,58.3,152.1,0.992
110,-1,1179,526,19.7,41.8,0.992
110,-1,1453,527,22.5,56.6,0.991
110,-1,1237,449,37.8,74.3,0.99
110,-1,615,513,20.6,58.3,0.987
110,-1,1168,516,20.9,51,0.985
110,-1,1312,526,24.7,57.7,0.975
110,-1,576,514,23.6,62.1,0.953
110,-1,597,521,20.2,52.7,0.952
110,-1,1667,559,41.4,101.6,0.924
110,-1,868,505,15.7,37,0.913
110,-1,239,562,44.6,126.5,0.805
110,-1,1258,516,20.6,53.6,0.71
110,-1,1519,524,23.4,63,0.635
111,-1,1729,630,89.2,230.9,1
111,-1,255,579,52.2,124.8,1
111,-1,357,552,43.6,114.2,1
111,-1,1758,568,52.9,108.5,1
111,-1,94,589,68.6,144.6,0.999
111,-1,1116,505,18.9,44,0.997
111,-1,1323,531,28.6,72.4,0.995
111,-1,316,579,49.4,135.9,0.994
111,-1,1173,516,21.4,54.8,0.994
111,-1,1446,529,20.3,53.4,0.993
111,-1,212,587,43.5,122.3,0.993
111,-1,1309,527,24.6,57.4,0.991
111,-1,629,525,22.5,60,0.988
111,-1,35,581,61.4,153.7,0.985
111,-1,1234,450,36.5,72.6,0.979
111,-1,591,517,19.9,54,0.975
111,-1,1658,553,40.1,104.5,0.96
111,-1,608,514,20.5,59.3,0.949
111,-1,1160,521,19.7,48.1,0.947
111,-1,857,500,19.6,44.6,0.941
111,-1,571,518,21.7,55.3,0.94
111,-1,1515,521,32.1,65.8,0.872
111,-1,1241,515,22.5,52.3,0.837
111,-1,229,561,47.9,119.4,0.751
111,-1,1453,529,23.4,61.2,0.733
111,-1,1426,517,23.5,66.7,0.546
112,-1,1736,638,90.9,231.4,1
112,-1,197,590,46.3,117.1,1
112,-1,246,575,48.8,136.2,1
112,-1,1765,567,43.4,109.5,1
112,-1,355,556,39.3,116.5,1
112,-1,86,581,67.7,156.3,0.999
112,-1,308,583,43.9,122.5,0.998
112,-1,23,580,60.7,151.9,0.997
112,-1,1444,528,21.1,60.9,0.996
112,-1,1160,521,20.5,45.9,0.994
112,-1,1174,520,19.5,47.9,0.993
112,-1,1110,507,18.4,47.2,0.992
112,-1,1307,522,23.6,57,0.992
112,-1,1230,450,38.4,74.1,0.992
112,-1,1324,533,27.3,68.6,0.989
112,-1,219,565,47.8,115.3,0.981
112,-1,606,513,19.5,57,0.973
112,-1,1657,545,44.4,116.3,0.971
112,-1,583,524,21.3,51.9,0.971
112,-1,623,529,20.9,57.9,0.967
112,-1,566,518,22,55.2,0.948
112,-1,1512,526,31,65,0.922
112,-1,858,506,17.2,37.5,0.908
112,-1,1423,518,25.2,64.6,0.818
112,-1,1350,535,27.2,66.8,0.448
113,-1,229,581,49.7,126.3,1
113,-1,349,559,37.1,112.3,1
113,-1,1729,628,87.3,230.2,0.999
113,-1,1754,567,48.9,109.3,0.999
113,-1,182,583,51.1,133.9,0.999
113,-1,1301,523,26.5,57.3,0.998
113,-1,78,595,59.7,140.3,0.998
113,-1,598,520,21.3,59.2,0.997
113,-1,1316,532,28.4,69.7,0.996
113,-1,20,589,57.2,143.2,0.996
113,-1,1108,505,19.3,44.9,0.995
113,-1,206,566,49.9,120,0.992
113,-1,1171,519,21.8,50.8,0.99
113,-1,1225,446,39.1,73.2,0.99
113,-1,296,568,51.7,148.5,0.989
113,-1,1157,519,20,49.5,0.984
113,-1,581,527,17.5,41.4,0.981
113,-1,1440,532,19.9,54.6,0.98
113,-1,1651,535,45.4,131.6,0.975
113,-1,1505,524,32.9,70.4,0.961
113,-1,617,527,22.2,60.7,0.949
113,-1,557,517,23.3,65.4,0.94
113,-1,850,508,15.4,34.6,0.912
113,-1,1429,527,21.6,56,0.709
113,-1,1472,528,22.7,57.8,0.693
113,-1,858,502,15.9,37.6,0.635
113,-1,1346,533,29.8,74.6,0.589
113,-1,635,523,24.4,65.6,0.412
114,-1,1746,621,79.2,233.7,1
114,-1,225,591,52.4,123.4,1
114,-1,338,562,41.6,113.3,1
114,-1,66,592,58.3,146.8,0.999
114,-1,1755,562,46.5,112.4,0.999
114,-1,9,590,64.2,146.5,0.999
114,-1,1314,534,28.7,73.9,0.997
114,-1,1104,504,19,47,0.997
114,-1,1218,441,41.9,89.3,0.996
114,-1,1166,522,19.8,46.6,0.995
114,-1,1435,527,20.5,57.5,0.995
114,-1,1301,527,22.6,51.8,0.994
114,-1,179,593,40.3,116.4,0.993
114,-1,1155,520,20.6,46.8,0.988
114,-1,595,519,21.9,55,0.987
114,-1,615,524,22.9,60.1,0.982
114,-1,575,521,19.4,50.5,0.972
114,-1,194,562,46,122.2,0.968
114,-1,554,521,23.1,60,0.951
114,-1,1507,527,23.6,65,0.95
114,-1,843,502,16.1,39.1,0.886
114,-1,292,579,43.1,136.1,0.803
114,-1,1289,522,23.1,55.6,0.803
114,-1,1651,547,45.6,120.5,0.787
114,-1,1239,522,20.2,47.8,0.727
114,-1,1416,522,24.5,59.9,0.697
114,-1,847,500,20,49.6,0.63
114,-1,632,525,22.7,63.2,0.411
115,-1,1755,575,47.4,102,1
115,-1,327,555,42.4,115,1
115,-1,51,580,59.8,154.4,1
115,-1,210,581,51.2,130.9,1
115,-1,1741,625,94.1,250.3,1
115,-1,-1,593,60.6,142.4,0.999
115,-1,276,580,45.1,141.4,0.997
115,-1,163,591,48.2,119,0.997
115,-1,1431,531,21.1,57,0.997
115,-1,1099,507,19.5,47.8,0.995
115,-1,1294,522,24.6,60.3,0.995
115,-1,1219,439,36.7,90.1,0.993
115,-1,1161,524,21.9,47.4,0.992
115,-1,1147,515,21.7,49.7,0.986
115,-1,188,565,46.1,122.5,0.982
115,-1,583,518,23.2,61.3,0.98
115,-1,549,520,22.7,60.1,0.972
115,-1,1315,533,23,59,0.969
115,-1,568,525,19.9,47.9,0.967
115,-1,1496,531,27.6,60.5,0.903
115,-1,842,507,15.8,37.1,0.88
115,-1,1465,525,24,59,0.854
115,-1,608,523,22.1,58.5,0.83
115,-1,1414,523,21.9,58.5,0.817
115,-1,1338,532,35.1,79.6,0.707
115,-1,834,503,17.2,38.9,0.676
115,-1,1235,520,21.5,52.7,0.494
115,-1,1352,446,17.9,45.4,0.49
116,-1,1744,631,107.8,250,1
116,-1,1750,565,51.8,113.2,1
116,-1,202,600,50.5,122.7,1
116,-1,321,566,41.9,111.8,1
116,-1,42,586,64.8,162.9,0.999
116,-1,152,588,45.2,120.3,0.999
116,-1,1098,509,17.2,40.9,0.998
116,-1,1216,445,37.3,81.7,0.997
116,-1,1148,519,18.6,48,0.994
116,-1,1425,532,20,54.5,0.994
116,-1,1161,524,18.3,44.5,0.991
116,-1,1289,526,21.4,52.9,0.99
116,-1,581,514,23.8,64.2,0.989
116,-1,269,580,43.9,143.2,0.982
116,-1,1301,529,28.4,57.4,0.972
116,-1,-7,598,53.1,138.4,0.964
116,-1,563,526,18.9,47.3,0.956
116,-1,543,524,22.7,58.3,0.95
116,-1,836,508,15.7,34.3,0.943
116,-1,1649,545,43.8,114.2,0.928
116,-1,607,523,24.4,64.5,0.891
116,-1,213,555,39.2,83.3,0.793
116,-1,1407,522,25.3,69.1,0.79
116,-1,1457,526,24.2,57.4,0.72
116,-1,182,564,48.4,133.7,0.597
116,-1,1233,526,21.9,47.2,0.587
116,-1,1491,526,30.5,66.2,0.495
116,-1,1168,517,20.2,50.3,0.461
117,-1,1745,566,50,109.6,1
117,-1,191,592,50.3,127.7,1
117,-1,1739,633,108.6,254,1
117,-1,143,600,42.6,116.6,1
117,-1,314,563,43,111.4,1
117,-1,250,580,50.8,141.2,0.998
117,-1,1306,532,33.1,71.3,0.997
117,-1,32,579,66,165.4,0.997
117,-1,1423,532,20.9,55.4,0.996
117,-1,1157,521,20.7,50.4,0.993
117,-1,576,514,23.9,64.3,0.993
117,-1,1292,521,25.8,60.1,0.993
117,-1,1091,503,19.4,47.6,0.992
117,-1,1144,521,22,50.6,0.985
117,-1,1208,447,40.8,73.9,0.985
117,-1,207,552,45.4,105,0.981
117,-1,167,578,44.8,117.2,0.974
117,-1,1640,548,45.8,122.7,0.969
117,-1,556,521,19.4,50,0.965
117,-1,541,522,19.5,58.4,0.947
117,-1,828,508,15.8,35.1,0.947
117,-1,1486,522,29.4,64.6,0.886
117,-1,600,524,21.9,59.5,0.86
117,-1,838,503,15.1,31.7,0.708
117,-1,1403,524,21.7,61.3,0.676
117,-1,1275,519,24.7,54.9,0.645
117,-1,616,531,23.4,62.8,0.458
118,-1,1749,643,92.4,239.2,1
118,-1,306,563,42.6,114.6,1
118,-1,186,592,45.5,129,1
118,-1,131,594,47.4,132.4,1
118,-1,1749,568,51.7,95.9,1
118,-1,238,575,49.5,149.1,0.999
118,-1,29,583,60.9,159.1,0.999
118,-1,1205,444,40.4,79.9,0.998
118,-1,1088,506,18.9,41.2,0.998
118,-1,1300,532,28.6,74.1,0.994
118,-1,1153,522,20.1,49.2,0.992
118,-1,1422,533,19.7,53.9,0.989
118,-1,1142,522,20.9,48.7,0.987
118,-1,1280,521,22.6,58.1,0.984
118,-1,572,523,20.4,52.9,0.983
118,-1,196,548,42.3,96.1,0.98
118,-1,548,523,20.2,54.7,0.961
118,-1,534,523,20.4,51.3,0.953
118,-1,821,504,15.2,33.7,0.942
118,-1,1486,524,22.7,62.7,0.933
118,-1,157,569,46.5,128.1,0.926
118,-1,827,503,16.9,39.1,0.892
118,-1,595,522,23.3,61.8,0.826
118,-1,1638,543,45.2,120.8,0.667
118,-1,1452,527,22.6,55.2,0.546
118,-1,1401,522,24.1,72.1,0.455
118,-1,1217,524,22,56.7,0.454
119,-1,1749,638,111.6,250.7,1
119,-1,12,573,69,173.5,1
119,-1,124,592,48.3,131.3,1
119,-1,299,566,41.9,111.9,1
119,-1,173,586,51,132.5,1
119,-1,1744,552,54.7,120.7,1
119,-1,235,583,47.4,142.4,0.998
119,-1,1278,521,22.1,57.3,0.995
119,-1,1136,517,21.3,51.2,0.995
119,-1,1149,520,22.9,52.2,0.992
119,-1,1084,503,20.7,48,0.992
119,-1,1201,444,39.3,75.4,0.99
119,-1,1291,524,22.5,53.4,0.987
119,-1,1414,529,21.4,60.3,0.977
119,-1,526,522,24.4,63.7,0.974
119,-1,818,505,16,35,0.968
119,-1,1298,531,28.6,76,0.968
119,-1,1634,553,43.2,116.8,0.964
119,-1,547,523,20.7,53.9,0.942
119,-1,567,520,21.6,62.8,0.942
119,-1,1481,523,25.6,63.1,0.922
119,-1,592,522,25.1,65.2,0.846
119,-1,824,498,19.6,46.7,0.734
119,-1,1398,519,23.8,66.5,0.487
119,-1,1317,521,23.7,61.8,0.482
120,-1,1753,639,100.5,245.4,1
120,-1,162,595,50.4,137.9,1
120,-1,289,554,43.4,125.2,1
120,-1,109,596,50,130.1,1
120,-1,1080,506,19.2,41.9,0.999
120,-1,1743,560,53.7,115.3,0.999
120,-1,1135,517,20,53.1,0.996
120,-1,227,580,48.2,145.1,0.996
120,-1,1199,441,41,86.5,0.993
120,-1,3,583,67.8,170,0.992
120,-1,1630,551,44,124,0.99
120,-1,1287,523,23.2,53.7,0.989
120,-1,1409,526,22.3,65,0.988
120,-1,522,521,23,57.5,0.988
120,-1,812,508,15.5,32.6,0.981
120,-1,1273,520,22.1,59.8,0.979
120,-1,1298,528,29.7,78.4,0.978
120,-1,559,517,22.6,66.1,0.967
120,-1,178,548,43.8,108.3,0.963
120,-1,1146,522,20.4,52,0.962
120,-1,1473,520,30.3,73.4,0.949
120,-1,541,523,22.2,55.4,0.889
120,-1,130,579,51,128.9,0.863
120,-1,589,520,28.9,70,0.615
120,-1,1262,526,21.1,50.6,0.401
121,-1,1748,653,120.9,241.3,1
121,-1,213,582,49.7,151.8,1
121,-1,154,595,48.3,138.8,1
121,-1,98,609,45.9,121.2,1
121,-1,1743,557,52.6,122.6,0.999
121,-1,1635,546,39.9,116.1,0.999
121,-1,283,556,43.8,122.7,0.999
121,-1,1126,517,23.4,53.2,0.996
121,-1,1077,506,16.7,40.4,0.996
121,-1,1283,519,24,54.7,0.995
121,-1,1265,524,20.4,56.2,0.993
121,-1,1143,518,22.1,55.2,0.991
121,-1,1194,439,40.6,82.2,0.986
121,-1,1294,532,29.3,74.4,0.981
121,-1,168,549,42.4,113.7,0.98
121,-1,552,517,23.3,64.3,0.979
121,-1,1469,520,27.8,65.1,0.965
121,-1,1410,530,20.4,54.7,0.964
121,-1,510,519,22.7,62.1,0.963
121,-1,806,508,15.5,34.4,0.96
121,-1,-2,590,67.3,156.5,0.952
121,-1,1437,529,25,52.7,0.903
121,-1,816,508,16.4,33.1,0.876
121,-1,117,582,48.6,129.6,0.857
121,-1,538,519,20.2,58.1,0.849
121,-1,585,523,24.2,63.3,0.625
121,-1,524,529,20.9,51.6,0.43
122,-1,1757,653,110.1,233.1,1
122,-1,1741,564,51,106,1
122,-1,201,585,56.5,152.7,1
122,-1,142,593,50.2,138.6,1
122,-1,1072,507,18.6,45.4,0.999
122,-1,1190,438,40.2,83.1,0.999
122,-1,272,560,44.6,123,0.999
122,-1,1127,515,19.3,50.7,0.998
122,-1,87,603,50.8,128.1,0.998
122,-1,1627,548,43.7,120.8,0.997
122,-1,159,551,45.1,115.6,0.996
122,-1,1258,518,23.9,59.5,0.995
122,-1,1279,523,22.7,52.6,0.989
122,-1,1403,528,18.7,53.7,0.988
122,-1,1291,526,31.7,84.1,0.986
122,-1,551,522,20.3,56.3,0.985
122,-1,1137,515,23.4,53.1,0.982
122,-1,1468,518,30.4,70.6,0.974
122,-1,111,584,53.9,140.1,0.971
122,-1,508,522,23.7,60.8,0.944
122,-1,-5,589,57.1,161.5,0.926
122,-1,806,508,15.6,35.1,0.916
122,-1,799,512,14,29.2,0.855
122,-1,536,521,19.6,54.7,0.823
122,-1,581,526,21.8,59.6,0.749
123,-1,1736,562,56.3,112.6,1
123,-1,81,600,46.5,132.8,1
123,-1,196,599,51.2,145.1,1
123,-1,130,598,56.1,135.7,1
123,-1,1766,658,104.4,244.9,1
123,-1,152,553,44.2,105.7,0.999
123,-1,268,561,42.7,121.2,0.999
123,-1,1069,502,18.3,45.1,0.998
123,-1,1258,525,21.4,53.9,0.996
123,-1,1402,524,20.7,61.5,0.995
123,-1,1273,525,22,50.8,0.991
123,-1,1136,518,22.2,54.7,0.99
123,-1,1186,437,42.2,85.5,0.99
123,-1,1623,549,46.7,113.2,0.988
123,-1,1459,516,29.6,72.4,0.986
123,-1,1295,527,27.4,76.7,0.986
123,-1,545,523,21.9,58.7,0.986
123,-1,1120,520,19.2,48.3,0.979
123,-1,528,528,18.2,49.6,0.974
123,-1,504,525,25.5,62.2,0.972
123,-1,799,509,15.1,34.4,0.948
123,-1,-9,607,46.9,145.8,0.826
123,-1,572,521,25.6,69.8,0.692
123,-1,104,584,56,137.1,0.628
123,-1,1431,527,23.4,54.4,0.48
124,-1,179,596,54.9,146.4,1
124,-1,120,608,47.2,138.2,1
124,-1,64,613,50.7,130,1
124,-1,1731,563,58,113.4,1
124,-1,1764,659,113.6,251.5,1
124,-1,258,562,43.7,124.7,0.999
124,-1,1067,507,18,44.9,0.999
124,-1,1268,523,23.1,51.6,0.998
124,-1,146,555,46.5,120.5,0.997
124,-1,1181,441,40.1,83.6,0.995
124,-1,1624,549,42.1,112.3,0.995
124,-1,1252,522,23.3,59.6,0.994
124,-1,1116,520,19.6,53.2,0.992
124,-1,1292,529,30.4,82.8,0.991
124,-1,541,522,21.1,57.4,0.987
124,-1,1398,530,20.9,57.5,0.984
124,-1,1130,520,21.9,48.9,0.982
124,-1,496,522,24.7,58.6,0.979
124,-1,518,527,21.8,52.6,0.973
124,-1,1459,517,27.3,67.7,0.964
124,-1,793,509,14.3,29.5,0.925
124,-1,97,576,48.3,131.7,0.886
124,-1,570,526,24.6,64.4,0.473
124,-1,786,510,14.3,34.5,0.452
125,-1,56,607,51.3,137.6,1
125,-1,251,566,41.7,121,1
125,-1,169,596,59.7,149.9,1
125,-1,1762,639,123.7,285.1,1
125,-1,1733,564,53.7,111.8,1
125,-1,1061,507,18.3,40.8,0.998
125,-1,106,601,52.3,136.3,0.998
125,-1,1177,438,43.8,83.6,0.996
125,-1,530,521,22.9,61,0.995
125,-1,1264,520,22.7,52.1,0.994
125,-1,1132,519,22.2,55.1,0.992
125,-1,1285,525,32.2,88.5,0.992
125,-1,1246,523,21.4,53.6,0.986
125,-1,493,520,24.9,60.6,0.986
125,-1,133,559,45.3,117.5,0.985
125,-1,1393,525,22.2,62.8,0.983
125,-1,1113,521,19.3,47.6,0.982
125,-1,1620,556,41.8,114.3,0.978
125,-1,787,508,14.7,31.5,0.963
125,-1,513,530,19.5,47.2,0.934
125,-1,1454,523,25.7,64,0.927
125,-1,566,527,24.6,66.9,0.703
125,-1,83,583,46.2,116.2,0.703
125,-1,779,502,19.3,43,0.631
125,-1,1189,516,23.1,65.3,0.457
126,-1,243,567,44.8,129.5,1
126,-1,1775,648,94.5,266,1
126,-1,1731,560,55.8,117.6,1
126,-1,94,602,54.5,142.3,0.999
126,-1,1058,504,19.6,47.3,0.999
126,-1,38,611,52.5,137,0.999
126,-1,1611,543,42.2,120.8,0.998
126,-1,158,590,56.4,150.3,0.997
126,-1,1175,440,40,83.6,0.996
126,-1,1110,520,18.9,47.2,0.995
126,-1,1128,518,24.1,58.1,0.994
126,-1,1259,518,24,59.3,0.994
126,-1,125,563,42.7,125,0.993
126,-1,1390,527,22.9,57.1,0.993
126,-1,1243,526,21.6,53.3,0.988
126,-1,1281,526,34.6,88.8,0.971
126,-1,486,523,23.5,65.9,0.97
126,-1,527,519,20.3,65.5,0.97
126,-1,512,528,17.9,50,0.917
126,-1,782,512,13.9,31.5,0.867
126,-1,1448,524,26.4,66.5,0.849
126,-1,67,583,47.3,128.4,0.745
126,-1,560,527,23.3,62.5,0.685
126,-1,1183,520,23.5,54.6,0.416
127,-1,29,611,51.9,141.7,1
127,-1,1767,654,112.4,264.6,1
127,-1,233,575,43.3,115.1,1
127,-1,88,611,52.9,133.8,0.999
127,-1,1730,562,50.7,123,0.999
127,-1,1258,525,21.5,52.7,0.998
127,-1,1390,530,17.4,51.8,0.998
127,-1,1055,504,18.4,43.1,0.998
127,-1,522,521,23.1,64.9,0.997
127,-1,1171,438,39.5,90,0.997
127,-1,149,596,54.1,151.7,0.996
127,-1,118,566,46.9,119.1,0.996
127,-1,1106,518,19.7,52.4,0.991
127,-1,1123,518,23.2,53.2,0.986
127,-1,1281,526,32.6,84.7,0.983
127,-1,1238,524,21.6,54.8,0.982
127,-1,1394,524,24,65.1,0.981
127,-1,503,535,19.1,46.6,0.963
127,-1,1612,552,44,111.7,0.963
127,-1,480,525,25.8,64.1,0.956
127,-1,776,510,14.5,31.7,0.922
127,-1,1446,521,24.2,69,0.815
127,-1,57,586,58.6,152.5,0.811
127,-1,551,526,29.5,73.1,0.621
128,-1,1775,653,117.3,259.4,1
128,-1,74,620,50.4,126.8,1
128,-1,1049,508,18.7,42.4,0.999
128,-1,1609,541,39.8,122.9,0.999
128,-1,225,578,40.9,112.8,0.998
128,-1,1725,557,49.4,124,0.998
128,-1,133,591,61.7,162.9,0.998
128,-1,22,610,49.4,142,0.997
128,-1,518,522,23.9,66.1,0.996
128,-1,1166,440,41,82.7,0.995
128,-1,1104,519,20.2,49.6,0.994
128,-1,1120,521,24,55.3,0.994
128,-1,1237,527,21.1,55.5,0.993
128,-1,1390,526,19.1,53.6,0.992
128,-1,1254,523,21.2,54.7,0.992
128,-1,1280,531,35.3,84,0.989
128,-1,475,529,24.3,63.1,0.979
128,-1,114,560,42.2,111.2,0.977
128,-1,499,531,20,52.2,0.972
128,-1,1438,525,29.6,69.5,0.961
128,-1,771,512,14.5,30.5,0.906
128,-1,44,584,51.2,142.8,0.743
128,-1,553,531,23.3,64.7,0.593
128,-1,1267,525,26,61.5,0.529
129,-1,63,602,58.4,157,1
129,-1,223,572,43.2,126.5,1
129,-1,1721,562,55.4,123.3,1
129,-1,1380,527,20.5,60.1,1
129,-1,11,616,53.4,142.9,1
129,-1,1794,657,114.8,265.2,1
129,-1,123,595,58.1,162.8,0.999
129,-1,1048,506,17.3,42,0.999
129,-1,1605,557,42.1,112.6,0.999
129,-1,1114,522,21.8,49.5,0.997
129,-1,1247,520,22.6,55.1,0.996
129,-1,103,568,44,124.6,0.995
129,-1,1164,444,39.5,79.2,0.995
129,-1,1280,532,29.9,80.1,0.994
129,-1,1099,521,17.5,44.3,0.99
129,-1,512,529,19.5,55.1,0.984
129,-1,466,530,24.9,53.8,0.978
129,-1,1231,524,24.2,56.3,0.976
129,-1,489,529,21.7,54.8,0.949
129,-1,42,583,47.1,120,0.943
129,-1,762,509,15.2,32,0.927
129,-1,1434,520,29.9,65.2,0.914
129,-1,548,530,25.9,64.2,0.746
129,-1,770,511,13.7,33.4,0.443
130,-1,50,613,56.2,142.5,1
130,-1,1721,564,53,119,1
130,-1,1780,640,131.4,284.4,1
130,-1,115,606,58.8,156.9,0.999
130,-1,210,575,42.9,126,0.999
130,-1,1604,546,39.7,117.1,0.999
130,-1,1042,504,18.6,46.3,0.998
130,-1,-1,607,41.7,140.7,0.997
130,-1,1275,534,30.1,77.5,0.997
130,-1,1246,523,21,52.1,0.996
130,-1,1159,444,40.9,82.1,0.995
130,-1,1377,525,24.3,66.2,0.994
130,-1,1109,522,23.4,52.7,0.991
130,-1,87,560,45.9,126,0.986
130,-1,1222,523,22.7,55.7,0.983
130,-1,486,533,20.3,49.4,0.981
130,-1,1431,522,29.8,65.8,0.979
130,-1,462,527,25.1,58.5,0.978
130,-1,507,524,24,64.7,0.978
130,-1,1093,517,22.1,57.5,0.968
130,-1,760,513,15.3,30.5,0.922
130,-1,544,528,25.3,68.8,0.794
130,-1,29,581,52.1,170.1,0.728
130,-1,1260,528,25.4,62.1,0.427
131,-1,41,602,56.9,151.1,1
131,-1,1715,565,65.4,110.5,1
131,-1,1795,642,127.7,291.5,1
131,-1,197,579,45.9,123.3,0.999
131,-1,1038,506,18.4,46.3,0.999
131,-1,1377,530,20.3,56.8,0.999
131,-1,1236,523,26.1,55,0.999
131,-1,1271,534,30.1,79.9,0.999
131,-1,1598,549,39.9,115.1,0.998
131,-1,80,567,48,119.2,0.996
131,-1,100,596,57.3,163.3,0.995
131,-1,1110,517,24.5,57.5,0.994
131,-1,1155,446,42,86.2,0.993
131,-1,1428,526,27.7,64.3,0.99
131,-1,503,528,20.1,58.2,0.99
131,-1,479,533,21,52.9,0.984
131,-1,10,583,55.4,130.3,0.981
131,-1,1093,521,20.6,49.7,0.976
131,-1,1223,524,22.1,53.3,0.964
131,-1,755,510,14.6,32.5,0.956
131,-1,457,529,25.9,61.7,0.938
131,-1,-3,612,44.3,157.4,0.856
131,-1,540,530,23.8,67.5,0.79
131,-1,1255,525,17.7,43.4,0.695
131,-1,748,507,14.4,34.2,0.684
132,-1,1806,658,119.5,291.1,1
132,-1,1715,564,63.4,116.6,1
132,-1,191,576,45.6,125,1
132,-1,1264,527,33.8,89.6,0.999
132,-1,28,617,54.8,149.4,0.999
132,-1,91,619,51.4,138.3,0.999
132,-1,1033,507,16.8,41.2,0.998
132,-1,1238,517,20.7,59.2,0.997
132,-1,1422,526,24.1,65.7,0.996
132,-1,68,570,42,123.6,0.996
132,-1,1595,551,41.4,110.7,0.995
132,-1,1088,521,21.8,52,0.99
132,-1,1152,441,40.7,83.8,0.987
132,-1,1369,528,22.4,65.3,0.986
132,-1,1216,523,23.1,60.4,0.985
132,-1,1103,518,22.3,54.5,0.984
132,-1,750,508,14.3,31.8,0.98
132,-1,499,525,22,63.1,0.979
132,-1,-3,594,54.4,135.9,0.967
132,-1,450,527,27.3,69.8,0.959
132,-1,474,530,22,59.1,0.928
132,-1,533,532,24.6,68.8,0.673
132,-1,1252,525,22.3,62,0.413
133,-1,1710,564,56.1,119.7,1
133,-1,180,576,46.9,132.1,1
133,-1,1031,508,18.4,42,1
133,-1,1806,675,113.3,286.4,1
133,-1,18,623,54,140.2,1
133,-1,1266,535,31.2,76.2,0.999
133,-1,1417,528,26.5,60.4,0.998
133,-1,76,611,57.5,161,0.998
133,-1,1231,517,22.2,58.1,0.998
133,-1,1592,554,39.3,109.3,0.995
133,-1,1148,436,38.7,91,0.995
133,-1,1102,524,22.2,52.9,0.994
133,-1,486,523,24,67.3,0.992
133,-1,472,530,22.3,58.2,0.992
133,-1,1363,528,22.2,64.2,0.991
133,-1,445,532,23,59.4,0.982
133,-1,1084,515,21.3,54.8,0.97
133,-1,741,508,16.6,36.1,0.948
133,-1,64,569,43.1,117.2,0.941
133,-1,1213,522,23.3,56.3,0.932
133,-1,-3,592,42.3,128.7,0.92
133,-1,751,510,14.1,33.7,0.725
133,-1,526,529,25.2,69.7,0.714
133,-1,460,529,24.2,65.6,0.623
133,-1,1244,526,21,50.6,0.575
133,-1,1251,528,25.3,67.7,0.521
134,-1,1025,504,19.1,46.5,1
134,-1,6,621,54.5,143.5,1
134,-1,1713,566,54.5,112.5,1
134,-1,1806,664,120.2,300.1,1
134,-1,168,574,49.5,128.3,1
134,-1,1262,535,31.8,82.4,0.999
134,-1,1587,546,45,116,0.998
134,-1,1416,525,29.1,65.9,0.997
134,-1,52,563,47.2,121.9,0.996
134,-1,63,614,54.8,149.1,0.996
134,-1,1364,536,18.6,54,0.995
134,-1,1095,522,24,55.2,0.993
134,-1,487,528,20.9,56.5,0.993
134,-1,1228,519,24.7,61,0.989
134,-1,1208,523,21,56.7,0.989
134,-1,1081,519,22.2,56.9,0.983
134,-1,438,533,25.3,64.1,0.981
134,-1,463,533,20.3,56.5,0.978
134,-1,1144,444,39.9,85.1,0.976
134,-1,735,510,16.6,39.7,0.927
134,-1,521,532,23.3,65.7,0.801
134,-1,1352,527,22.6,60,0.605
134,-1,726,507,16.6,38.1,0.542
134,-1,1155,521,23.8,61.9,0.478
135,-1,1821,675,110.4,298.3,1
135,-1,1705,565,57.7,113.6,1
135,-1,1022,507,19.1,45.8,0.999
135,-1,-5,623,56.8,143.8,0.999
135,-1,56,607,56.2,158.9,0.999
135,-1,165,579,43.2,130.5,0.999
135,-1,1139,443,41.1,83.4,0.998
135,-1,1584,555,41.1,113.6,0.997
135,-1,1259,542,27.8,69.1,0.997
135,-1,1225,519,22.1,54.9,0.995
135,-1,1093,520,23.9,56,0.995
135,-1,1409,526,27.4,62.1,0.993
135,-1,1072,517,23.5,55.3,0.992
135,-1,480,529,19.9,62.1,0.984
135,-1,40,576,48.1,113.7,0.977
135,-1,1202,523,23,58.5,0.974
135,-1,733,517,14.5,30.8,0.97
135,-1,1361,531,23.5,57,0.968
135,-1,437,537,20.7,59.4,0.957
135,-1,456,535,20.9,53.3,0.927
135,-1,519,537,22.6,62.9,0.757
135,-1,1213,515,29.5,70.4,0.717
135,-1,727,507,16.2,38.4,0.414
136,-1,1014,502,19.6,49.7,1
136,-1,1702,558,63.8,122.7,1
136,-1,155,581,44,126.4,1
136,-1,1818,675,113.4,291.5,1
136,-1,1403,522,29.3,66.8,0.999
136,-1,1254,541,30.6,76.3,0.999
136,-1,34,600,63.7,171.5,0.998
136,-1,1091,517,22.4,56,0.998
136,-1,1581,548,40.2,114.5,0.997
136,-1,1199,524,23.9,57.4,0.995
136,-1,1134,440,42.1,83.8,0.995
136,-1,474,531,21.1,58.5,0.994
136,-1,1222,521,23,61,0.989
136,-1,-5,618,43.4,163.2,0.989
136,-1,427,534,23.7,66.3,0.97
136,-1,1075,522,18.8,48.4,0.97
136,-1,1351,535,21.9,50.2,0.965
136,-1,727,509,14.1,34.7,0.955
136,-1,451,531,21.4,60.3,0.924
136,-1,511,531,25.5,69.5,0.776
136,-1,715,507,15.7,36.6,0.516
136,-1,1237,526,24.2,70.6,0.414
137,-1,33,614,52.8,162.8,1
137,-1,1013,506,19.5,49.1,1
137,-1,1702,568,55.1,112.8,1
137,-1,1825,697,112,259.7,0.999
137,-1,1087,518,21.9,55,0.999
137,-1,465,527,21.7,60,0.999
137,-1,1574,554,41.7,115.4,0.999
137,-1,1252,535,33.5,85.6,0.999
137,-1,1131,441,42,87.5,0.999
137,-1,151,585,41.3,125.2,0.998
137,-1,1211,519,23.6,60.2,0.994
137,-1,1193,521,24.6,60.1,0.993
137,-1,1401,527,30,70.5,0.993
137,-1,723,510,13.8,35.2,0.963
137,-1,1066,518,22.1,52.5,0.954
137,-1,426,536,21.6,60,0.948
137,-1,446,536,20.7,54.9,0.946
137,-1,1350,532,21.5,53,0.936
137,-1,504,533,24.3,67.9,0.765
137,-1,1227,529,17.6,49.5,0.597
137,-1,712,508,15.7,34,0.424
138,-1,18,591,66.4,193.4,1
138,-1,1700,565,56,113.8,1
138,-1,1012,504,18.2,45.6,0.999
138,-1,1573,556,44.3,118.6,0.999
138,-1,463,526,22.7,59.6,0.999
138,-1,1084,516,22.9,57.6,0.997
138,-1,1128,437,40.2,84.1,0.997
138,-1,1211,517,23,57.4,0.995
138,-1,1826,667,126.5,326,0.995
138,-1,136,584,46.3,127.5,0.993
138,-1,1251,534,32.8,84.6,0.99
138,-1,438,530,21.3,57.3,0.989
138,-1,1193,521,25.1,57.7,0.988
138,-1,1395,528,27.1,60.5,0.982
138,-1,1067,519,20.5,53.7,0.974
138,-1,1345,531,21.5,54.7,0.965
138,-1,417,529,24.9,65.4,0.963
138,-1,721,511,14.2,32.5,0.942
138,-1,713,511,15.9,34.3,0.796
138,-1,502,529,24.9,71.3,0.788
138,-1,1352,511,25.6,68.5,0.629
138,-1,1306,519,29.2,77,0.509
139,-1,13,609,54.4,165.7,1
139,-1,1007,505,17.6,41.4,0.999
139,-1,128,579,44.7,128.7,0.999
139,-1,1699,563,54.4,112.4,0.999
139,-1,1125,439,40.4,85.9,0.999
139,-1,1080,518,23.5,52.9,0.998
139,-1,1567,554,41.8,108.7,0.998
139,-1,1204,522,21.3,55.5,0.997
139,-1,1247,533,33,86.7,0.996
139,-1,454,525,21.6,61,0.996
139,-1,713,510,15.1,32.4,0.992
139,-1,433,535,20.6,56.9,0.989
139,-1,1058,520,21.1,52,0.989
139,-1,409,528,27.6,65.4,0.987
139,-1,1186,521,22.9,56.4,0.986
139,-1,1393,523,28.2,65.2,0.98
139,-1,1845,676,103.3,302.2,0.979
139,-1,1346,525,22.9,57,0.933
139,-1,498,534,23.2,61.5,0.767
139,-1,705,507,15.3,34.5,0.693
139,-1,722,508,13.4,32.8,0.52
140,-1,1002,505,17.3,43.2,1
140,-1,1691,557,64.6,119.8,0.999
140,-1,1122,435,38.8,91.8,0.999
140,-1,123,588,42.4,124.6,0.998
140,-1,1567,554,40.2,109.3,0.997
140,-1,1201,515,23.2,63.5,0.997
140,-1,707,510,14.9,33.5,0.997
140,-1,1076,518,23.5,56.4,0.996
140,-1,454,522,23.7,66.5,0.996
140,-1,1057,515,22.1,54.2,0.993
140,-1,1251,535,29.7,78.3,0.993
140,-1,1188,522,22.7,54.9,0.988
140,-1,407,527,26.6,67.9,0.984
140,-1,1390,525,27.1,63.6,0.977
140,-1,-3,606,59.5,162.1,0.961
140,-1,1338,526,20.9,60.1,0.961
140,-1,428,538,19,48.3,0.896
140,-1,1830,679,128.5,307,0.888
140,-1,491,531,26.2,73.8,0.828
141,-1,999,502,19.1,47.7,1
141,-1,1559,552,43.9,113.4,0.999
141,-1,115,586,44.4,124.3,0.999
141,-1,451,526,20.5,60.1,0.999
141,-1,1121,434,37.6,97.1,0.998
141,-1,1693,558,58.8,121.1,0.997
141,-1,1073,522,21.3,51.5,0.997
141,-1,1248,538,29,74,0.995
141,-1,1200,515,24.2,61.8,0.993
141,-1,403,532,20.8,62.9,0.991
141,-1,-2,573,42.8,114.7,0.991
141,-1,701,509,15,34.2,0.989
141,-1,1178,518,23.3,59.3,0.987
141,-1,1057,519,19.5,49.7,0.986
141,-1,1337,529,19.8,58.1,0.975
141,-1,1383,522,31.1,67.8,0.968
141,-1,488,528,24.9,68.1,0.738
141,-1,1838,681,125.9,322.1,0.715
141,-1,428,536,18.5,53.1,0.683
141,-1,439,528,21.5,59.7,0.431
142,-1,1558,547,41.5,116.9,1
142,-1,1697,557,50.3,122.3,0.999
142,-1,996,502,18.9,46.7,0.998
142,-1,1117,435,42.8,90.2,0.998
142,-1,108,578,45.5,137.3,0.997
142,-1,444,527,21.4,58,0.997
142,-1,1074,519,19.8,50,0.997
142,-1,-3,577,37.1,108.9,0.996
142,-1,421,528,20.8,60.3,0.992
142,-1,399,532,24.8,67,0.991
142,-1,1243,535,34.3,78.5,0.985
142,-1,1054,519,18.8,51.5,0.981
142,-1,1178,520,20.8,55.4,0.979
142,-1,701,513,13.7,29.2,0.971
142,-1,1334,528,20.3,55.3,0.969
142,-1,1196,516,22.2,59.3,0.967
142,-1,1381,517,30.7,69.5,0.959
142,-1,485,533,23.3,64.1,0.864
142,-1,692,507,15.7,38.9,0.557
142,-1,1846,687,113.1,319.8,0.4
143,-1,1551,554,41.5,110.2,1
143,-1,1689,558,62.4,124,1
143,-1,996,501,19.8,46.5,0.998
143,-1,1114,434,38.1,92.8,0.997
143,-1,98,581,43.2,134.1,0.997
143,-1,1245,535,30.2,74.3,0.997
143,-1,1070,518,21.9,54,0.993
143,-1,439,520,24,65.2,0.989
143,-1,1335,528,20.1,56.6,0.988
143,-1,1185,516,23.8,59.2,0.987
143,-1,389,528,24.9,72.1,0.985
143,-1,1050,517,19.1,51.8,0.981
143,-1,690,505,15.1,32,0.98
143,-1,699,506,14,33,0.973
143,-1,1379,525,30.4,64.2,0.967
143,-1,415,529,20.2,55.4,0.966
143,-1,1172,520,24.3,59.8,0.951
143,-1,481,531,25.3,65.4,0.823
143,-1,1358,529,26.5,61.1,0.787
143,-1,-1,567,24.2,93.2,0.654
143,-1,1200,520,19.9,55.4,0.449
144,-1,1698,560,51.7,122.6,1
144,-1,1553,556,42.3,112.6,1
144,-1,1110,438,40.8,88.7,1
144,-1,991,503,20.9,48.2,0.999
144,-1,85,580,47.6,141.7,0.999
144,-1,1192,513,21.9,62.7,0.998
144,-1,430,525,24.6,63.3,0.998
144,-1,1241,535,32.9,83.6,0.994
144,-1,387,533,25.1,65.8,0.993
144,-1,1068,517,21.1,52.5,0.992
144,-1,1168,525,20.6,50.1,0.987
144,-1,692,509,13.6,32.3,0.985
144,-1,1327,534,23.1,53.7,0.943
144,-1,1049,513,20.2,55.6,0.92
144,-1,410,534,18.9,52.6,0.892
144,-1,1177,517,23.5,59.3,0.866
144,-1,476,530,23.9,66.5,0.863
144,-1,1356,531,23.4,53.4,0.862
144,-1,1375,522,28.9,65,0.81
144,-1,1057,520,22.7,53.6,0.804
144,-1,417,525,24.6,68.6,0.655
144,-1,685,504,16.2,40.9,0.633
145,-1,1692,563,49.4,127.9,1
145,-1,1544,553,48.5,114.8,1
145,-1,1106,440,42.3,82.9,0.999
145,-1,989,508,17.7,41.9,0.999
145,-1,79,576,44.9,145.4,0.998
145,-1,427,523,22.1,64.4,0.998
145,-1,1238,535,34.2,83.8,0.998
145,-1,383,533,24,62,0.989
145,-1,1063,522,21.3,50.9,0.987
145,-1,402,528,21.4,57.6,0.987
145,-1,1327,530,20.4,54.1,0.986
145,-1,1047,522,17.2,47.3,0.986
145,-1,686,508,15.3,36.2,0.979
145,-1,1181,515,23.9,60.4,0.959
145,-1,1165,524,22.4,55,0.956
145,-1,474,531,25.1,63.6,0.884
145,-1,1354,530,25.9,60.1,0.848
145,-1,1369,525,27.6,68.5,0.624
146,-1,1693,562,49.4,124.1,1
146,-1,983,505,18.6,42.8,1
146,-1,1537,548,45.9,122.5,1
146,-1,1239,536,31.9,80.2,0.999
146,-1,68,570,49.2,146.3,0.999
146,-1,1099,435,43.9,91.1,0.999
146,-1,376,526,26,73.1,0.996
146,-1,1181,520,22.6,55.1,0.996
146,-1,1059,521,22.6,53.1,0.995
146,-1,423,525,23.9,61.6,0.995
146,-1,1161,522,23.2,57.1,0.986
146,-1,678,506,13.5,32.8,0.984
146,-1,1046,517,20.7,54.1,0.966
146,-1,399,526,23.1,62.3,0.965
146,-1,1349,532,22.2,52.5,0.919
146,-1,472,533,23.2,64.8,0.891
146,-1,1325,532,19.9,56.3,0.866
146,-1,1359,525,28.2,67.7,0.697
147,-1,1688,568,51.1,122.1,1
147,-1,1237,540,28.1,74.9,1
147,-1,1095,438,46.9,91.5,0.999
147,-1,1537,546,54.3,116.7,0.999
147,-1,57,571,49.5,147.3,0.999
147,-1,983,506,19.1,46.9,0.999
147,-1,413,523,23.9,67,0.998
147,-1,1055,525,21.2,52.3,0.997
147,-1,373,529,25.2,71,0.986
147,-1,678,509,14.2,32.2,0.983
147,-1,1175,521,22.8,57.5,0.976
147,-1,1159,521,22.8,60.9,0.922
147,-1,393,533,21.3,53.2,0.876
147,-1,466,533,23.6,63.3,0.847
147,-1,1040,519,20.8,58.6,0.832
147,-1,1326,533,19.1,54.4,0.729
147,-1,1345,535,22.7,52.2,0.723
147,-1,1188,516,22.5,62.3,0.536
147,-1,1362,524,29.6,65,0.531
147,-1,672,504,16.6,41.7,0.435
148,-1,976,504,18.5,44.1,1
148,-1,1680,563,55.4,119.9,1
148,-1,1532,559,45.1,115.6,0.999
148,-1,412,526,23.3,62.3,0.999
148,-1,52,580,47.4,144.8,0.998
148,-1,1092,440,44,88.6,0.998
148,-1,1231,543,32.2,73.3,0.996
148,-1,1051,520,22.4,55.9,0.994
148,-1,365,531,25.8,66.4,0.989
148,-1,1175,520,23.5,59.4,0.987
148,-1,672,510,13.9,30.8,0.983
148,-1,1150,525,22.8,56.8,0.971
148,-1,386,525,24.3,66.3,0.962
148,-1,1039,525,19.5,48.4,0.952
148,-1,1340,532,22.6,52.1,0.919
148,-1,1323,533,19.8,54.2,0.891
148,-1,1161,520,23.9,60,0.838
148,-1,462,535,22.6,63.7,0.822
148,-1,1346,524,40.9,72.3,0.65
149,-1,1679,564,46.6,121.1,1
149,-1,973,501,19.3,48.8,1
149,-1,1522,552,51.2,120.3,1
149,-1,44,586,47.4,135.5,0.999
149,-1,1092,438,43.6,90.9,0.999
149,-1,1232,544,28.5,70,0.999
149,-1,401,528,23.1,59.9,0.998
149,-1,1049,520,23.5,56.9,0.986
149,-1,1171,520,21.4,56.6,0.982
149,-1,662,508,14.3,33.5,0.98
149,-1,361,531,24.1,66.4,0.976
149,-1,384,534,22.5,58.2,0.968
149,-1,1144,518,22.8,60.7,0.951
149,-1,671,506,14.7,31.9,0.929
149,-1,1315,529,20.4,56.6,0.915
149,-1,455,532,25.5,68.6,0.897
149,-1,1033,516,22,56.9,0.863
149,-1,1339,528,27.7,63.4,0.837
149,-1,1157,515,25.9,64.2,0.683
149,-1,413,526,23.8,72.7,0.463
150,-1,1087,435,42.4,89,1
150,-1,1516,556,49.7,118.4,1
150,-1,1228,544,31.4,76.9,0.999
150,-1,1683,561,45.8,130.5,0.999
150,-1,398,527,23.3,63.6,0.997
150,-1,971,508,18.4,42.5,0.997
150,-1,34,588,46.7,134.3,0.996
150,-1,665,510,15.3,33.8,0.991
150,-1,354,529,25.6,69.7,0.988
150,-1,375,528,23.4,63.7,0.981
150,-1,1166,518,22.1,57.7,0.98
150,-1,1049,520,24.7,57.1,0.979
150,-1,1148,518,24.3,62.9,0.971
150,-1,1032,519,22.3,58.2,0.963
150,-1,449,529,27.4,74.8,0.925
150,-1,1307,527,23,66.3,0.923
150,-1,1335,533,19.8,47.8,0.918
150,-1,656,511,13.8,30.3,0.914
150,-1,1320,527,20.9,60.3,0.878
150,-1,1338,522,33.3,71,0.403
151,-1,1680,565,46.2,123.9,1
151,-1,1080,440,43.2,89.9,1
151,-1,1225,540,33.7,79.4,0.999
151,-1,1514,555,51.6,120.1,0.999
151,-1,20,592,51.2,136.4,0.999
151,-1,964,505,19.6,48.1,0.999
151,-1,392,525,25.7,69.3,0.998
151,-1,653,511,13.8,36.3,0.994
151,-1,1162,517,22.7,61.1,0.993
151,-1,350,534,22.8,65.6,0.992
151,-1,1304,532,18.6,55.4,0.977
151,-1,1039,522,23.2,58.2,0.977
151,-1,1331,531,25.6,61.5,0.952
151,-1,1144,523,24.5,61,0.951
151,-1,443,534,28.8,69.9,0.932
151,-1,1027,513,21.7,62.4,0.925
151,-1,372,532,22.4,61.4,0.906
151,-1,1316,529,22.6,58.2,0.765
151,-1,1291,528,20.5,68.5,0.642
151,-1,1329,521,45.9,74.1,0.543
152,-1,1678,568,46.1,115.1,1
152,-1,12,597,49.9,127.1,0.999
152,-1,1505,552,48.8,118.7,0.999
152,-1,964,507,19.5,44.9,0.999
152,-1,1076,436,46.6,92.7,0.999
152,-1,1224,543,30.3,76.1,0.996
152,-1,646,510,15.5,36,0.993
152,-1,1036,524,21.2,51.5,0.989
152,-1,343,536,25.3,65.8,0.987
152,-1,1156,515,22.7,58.1,0.987
152,-1,383,530,25.6,65.1,0.987
152,-1,1298,530,20.4,52.9,0.971
152,-1,439,533,24.2,69.9,0.968
152,-1,1141,521,22.4,57,0.968
152,-1,1330,525,32.6,73.2,0.96
152,-1,1023,522,21.2,55.8,0.954
152,-1,655,514,14.8,35.9,0.939
152,-1,362,537,23.1,56.9,0.877
152,-1,1167,519,22.7,57.1,0.406
153,-1,1070,438,45.8,90.7,1
153,-1,1506,555,46.2,117.9,1
153,-1,1675,561,44.1,117.9,1
153,-1,956,505,21.4,50.8,1
153,-1,378,524,27.1,72.4,0.998
153,-1,1154,514,22.7,59.7,0.997
153,-1,1223,541,32.1,79.2,0.993
153,-1,2,601,47.3,124.5,0.992
153,-1,644,512,13.8,31.3,0.987
153,-1,1132,521,23.5,55.5,0.986
153,-1,332,532,24.9,74.2,0.984
153,-1,1017,514,24.5,64.9,0.983
153,-1,1033,518,23.3,57.9,0.973
153,-1,433,533,25.2,68.4,0.964
153,-1,1322,520,33.2,75,0.947
153,-1,360,533,21.3,61.3,0.946
153,-1,649,507,16,40.7,0.814
153,-1,1294,536,23.1,56.4,0.69
153,-1,348,539,21.8,60.1,0.486
154,-1,953,502,19.8,52,1
154,-1,1218,539,32.1,78,1
154,-1,1665,558,56.4,121.8,1
154,-1,1069,437,41.9,89.5,1
154,-1,372,526,25.9,68.3,0.999
154,-1,1498,555,47.2,119,0.999
154,-1,1149,520,20.5,51.9,0.997
154,-1,1128,521,24.8,58.4,0.995
154,-1,639,513,13.7,34.1,0.989
154,-1,1029,523,22.2,56,0.978
154,-1,329,536,22.1,67.1,0.976
154,-1,1320,522,27.3,66,0.963
154,-1,425,535,24.4,71.7,0.962
154,-1,351,536,23.1,57.7,0.949
154,-1,1012,518,21.5,55.8,0.928
154,-1,-2,609,37.4,125.1,0.831
154,-1,1304,532,21.9,56.8,0.618
154,-1,632,508,14.6,37.9,0.57
154,-1,1159,519,20.5,55.6,0.485
155,-1,1661,557,46.3,118.9,1
155,-1,1061,435,44.1,94.2,1
155,-1,1492,547,45.8,122.1,0.999
155,-1,950,504,20.1,46.9,0.999
155,-1,363,529,26,68.5,0.999
155,-1,1213,539,33.9,75.2,0.996
155,-1,1141,511,27.1,64,0.995
155,-1,1025,517,23.2,61.4,0.993
155,-1,1008,516,23.3,60.4,0.99
155,-1,634,512,14.3,30.6,0.989
155,-1,323,533,25.3,69.9,0.984
155,-1,1124,515,24.2,66,0.981
155,-1,418,539,25.9,70,0.97
155,-1,626,513,15,32.8,0.928
155,-1,1316,523,29.3,69.2,0.921
155,-1,1282,526,21.6,59.3,0.897
155,-1,345,535,21.7,59.4,0.689
156,-1,1054,438,45.4,86.7,1
156,-1,943,505,18,46.3,0.999
156,-1,1210,542,33.5,74.6,0.999
156,-1,360,531,27.6,72.1,0.999
156,-1,1480,550,47.2,122.4,0.999
156,-1,1658,568,42,104,0.999
156,-1,1138,515,23.7,61.1,0.996
156,-1,1018,515,25.1,67,0.995
156,-1,626,511,16.1,36.1,0.992
156,-1,1114,516,25.8,68.1,0.991
156,-1,312,538,27.3,71.1,0.986
156,-1,1004,519,22.1,59.6,0.971
156,-1,414,535,24.7,70.9,0.971
156,-1,1275,520,25.5,73.3,0.956
156,-1,1308,519,28.5,73.2,0.759
156,-1,334,529,27.1,65,0.573
156,-1,1258,535,27,67.9,0.562
157,-1,1207,539,31,74,1
157,-1,1481,540,48.1,129.3,1
157,-1,1649,554,49.4,118.7,0.999
157,-1,1053,439,47.4,93.6,0.999
157,-1,1112,519,23.8,61,0.998
157,-1,941,504,20,49.7,0.998
157,-1,1012,519,24.3,62.1,0.997
157,-1,1134,514,22.5,56.6,0.996
157,-1,350,533,24.9,68.7,0.995
157,-1,621,513,14.4,32.9,0.989
157,-1,308,539,26.3,67.4,0.981
157,-1,408,542,25.4,65.5,0.979
157,-1,1254,529,24.6,69.7,0.945
157,-1,328,542,20,60.4,0.844
157,-1,999,516,21,56.1,0.736
157,-1,1302,524,29.9,66.1,0.701
157,-1,1274,536,21.9,59.1,0.652
157,-1,1147,524,21.7,53.6,0.469
158,-1,1470,542,54.3,127.6,1
158,-1,1648,548,49.2,133.4,0.999
158,-1,1050,435,46.3,94.9,0.999
158,-1,342,536,23.9,69.6,0.998
158,-1,937,506,20.5,49.8,0.998
158,-1,1204,538,31.3,81.6,0.998
158,-1,1128,516,23.8,60.6,0.998
158,-1,613,517,13.3,31.7,0.994
158,-1,1010,523,21.8,54.7,0.988
158,-1,1107,517,23.8,67.9,0.977
158,-1,403,536,26.6,75.7,0.969
158,-1,997,518,20.1,55.2,0.967
158,-1,302,540,24.7,68.9,0.957
158,-1,1300,520,30.2,69,0.944
158,-1,1260,528,20.6,56.4,0.922
158,-1,616,507,14.7,37.2,0.916
158,-1,321,537,27.1,70.2,0.878
158,-1,604,507,19.7,43.2,0.762
158,-1,623,510,16.4,37,0.641
159,-1,1643,544,48.9,137.3,1
159,-1,1471,538,45.5,126.5,1
159,-1,1047,428,42.2,106,1
159,-1,1200,534,32.5,83.6,0.999
159,-1,1122,520,24.6,56.7,0.999
159,-1,1100,518,23.7,60.4,0.998
159,-1,933,507,18.8,48.5,0.998
159,-1,338,533,26.3,71.9,0.996
159,-1,608,515,13.2,31.8,0.996
159,-1,1293,520,28.7,66.7,0.993
159,-1,1005,521,23,58.9,0.989
159,-1,615,512,13.9,33.3,0.983
159,-1,293,541,29.2,73.5,0.972
159,-1,1254,530,21.6,61.1,0.931
159,-1,392,543,26.6,69.3,0.883
159,-1,994,516,21.3,59.9,0.867
159,-1,319,534,23.7,68.5,0.778
159,-1,1267,536,21.8,64.2,0.526
159,-1,600,511,14.5,36.1,0.413
160,-1,1460,541,50.2,129.2,1
160,-1,1037,434,44.1,89.8,1
160,-1,1639,549,45.7,124.4,1
160,-1,930,503,21,51.6,0.998
160,-1,1120,519,26.1,59.8,0.997
160,-1,1195,539,32.2,81.8,0.997
160,-1,605,514,14.5,35.5,0.993
160,-1,333,533,28.6,75.3,0.993
160,-1,1098,521,22.6,58.9,0.992
160,-1,597,513,15.2,34.3,0.987
160,-1,1287,516,33.7,77.3,0.986
160,-1,1005,522,23.9,56.9,0.984
160,-1,293,544,25.4,72,0.974
160,-1,1256,527,25.2,66.3,0.965
160,-1,391,542,24.8,71.8,0.936
160,-1,992,521,20.9,56,0.879
160,-1,313,545,22.8,60.5,0.863
160,-1,1244,527,23.8,71.4,0.704
161,-1,1457,540,51.1,131.4,1
161,-1,1199,538,35,78.4,0.999
161,-1,1039,430,42.7,96,0.998
161,-1,1115,519,27.1,59.5,0.998
161,-1,599,516,15.1,33.7,0.997
161,-1,1642,548,45.9,120.8,0.996
161,-1,327,538,27.7,71.8,0.996
161,-1,1093,519,22.7,64.8,0.996
161,-1,925,504,18.3,45.6,0.991
161,-1,997,517,23.9,66.3,0.987
161,-1,384,546,24.7,64.4,0.971
161,-1,1251,531,20.2,61.3,0.961
161,-1,1281,518,33.2,76.2,0.956
161,-1,287,542,26.1,71,0.956
161,-1,986,520,20.3,57.4,0.841
161,-1,592,516,14.8,36.8,0.825
161,-1,607,512,15.9,37.9,0.634
161,-1,1236,526,27.3,75.4,0.587
162,-1,1452,544,47.8,121.9,1
162,-1,1033,432,45,103,1
162,-1,1194,532,34.4,86.6,0.998
162,-1,919,501,21.1,55,0.998
162,-1,1088,520,25.3,63.6,0.996
162,-1,1114,517,25.4,64,0.994
162,-1,379,546,25.4,66.5,0.983
162,-1,981,516,21.8,60.2,0.981
162,-1,324,540,24.3,64.6,0.981
162,-1,594,517,13.6,32.9,0.976
162,-1,998,520,22.9,59.9,0.972
162,-1,1632,547,51.9,130.2,0.971
162,-1,281,545,26.1,74.2,0.95
162,-1,1272,513,41.6,83.9,0.941
162,-1,1244,532,23,61.4,0.889
162,-1,297,539,24,70.5,0.787
162,-1,602,515,15.9,36.5,0.568
163,-1,1449,547,41.8,118.6,1
163,-1,1023,431,50.9,96.9,1
163,-1,1188,536,35.3,87.8,0.999
163,-1,1083,521,22.7,58.4,0.999
163,-1,1105,520,28.6,63.5,0.998
163,-1,1628,541,51.4,147.9,0.997
163,-1,315,542,25.2,67.9,0.994
163,-1,917,509,19.1,46,0.987
163,-1,585,518,12.6,30,0.985
163,-1,370,546,28,70.9,0.977
163,-1,992,519,24.3,65.4,0.975
163,-1,1236,530,25.8,69.5,0.951
163,-1,978,525,22.4,53.2,0.945
163,-1,278,546,26,70.6,0.944
163,-1,1265,514,39.1,83.7,0.913
163,-1,592,517,14.4,34.5,0.569
163,-1,576,517,14.5,34.9,0.469
164,-1,1448,552,46.3,117.1,1
164,-1,1021,432,46.4,97.5,1
164,-1,1080,517,23.7,61.3,0.999
164,-1,1191,531,33.7,88.3,0.999
164,-1,1103,519,26.4,61.4,0.997
164,-1,918,505,18.9,48.9,0.996
164,-1,313,544,22.9,62.9,0.996
164,-1,1623,550,49.2,129,0.994
164,-1,583,516,14.3,33.3,0.992
164,-1,1263,520,33.8,70.1,0.99
164,-1,271,544,27,71,0.989
164,-1,367,547,27.5,66.4,0.989
164,-1,992,520,21.1,53.8,0.984
164,-1,973,514,22.6,61.2,0.973
164,-1,1245,525,25,68.7,0.973
164,-1,1235,532,22,68.1,0.896
165,-1,1436,548,49.9,120.7,1
165,-1,1020,430,46.5,102,1
165,-1,1074,522,23.4,57.2,0.999
165,-1,1186,530,36.7,96.6,0.996
165,-1,306,543,24.2,69,0.995
165,-1,914,506,18.5,46.7,0.993
165,-1,1633,556,45.6,120.1,0.992
165,-1,576,516,14.5,35.2,0.992
165,-1,360,545,28.6,82.1,0.991
165,-1,1260,520,32.3,75.3,0.988
165,-1,1099,519,24.2,57.9,0.987
165,-1,990,526,19.3,51.4,0.984
165,-1,974,520,20.3,56.1,0.978
165,-1,265,548,23.6,69,0.959
165,-1,1235,534,21.1,62.5,0.927
165,-1,568,516,13.6,31.4,0.83
165,-1,1085,520,24.2,60.1,0.592
165,-1,1245,525,24.6,72.6,0.417
166,-1,1012,429,54.4,103.1,1
166,-1,1433,547,47.2,123.2,1
166,-1,1071,520,24.1,64,0.998
166,-1,909,502,22.8,54.8,0.998
166,-1,1182,533,41.1,94.9,0.998
166,-1,300,541,27.8,72,0.997
166,-1,357,550,29.3,68.9,0.989
166,-1,569,521,13.3,33.2,0.989
166,-1,966,519,19.9,58.7,0.983
166,-1,985,523,20.4,51.7,0.967
166,-1,257,549,27.9,70.7,0.962
166,-1,1252,512,36.2,83.8,0.957
166,-1,1093,522,27,59.3,0.943
166,-1,1240,534,20.9,57.7,0.75
166,-1,575,518,16.5,36.6,0.722
166,-1,1610,550,42.9,122,0.699
166,-1,560,518,13.9,34.9,0.44
166,-1,1165,530,18.1,49.4,0.402
167,-1,1431,542,43.7,121.9,1
167,-1,1008,431,49.2,96.2,1
167,-1,905,506,21.7,51.9,0.999
167,-1,1066,519,28,67.5,0.998
167,-1,294,539,26.7,74.8,0.997
167,-1,1181,528,37.7,96.8,0.996
167,-1,355,549,24.4,68,0.994
167,-1,566,523,14,30.5,0.992
167,-1,572,518,13.7,29.3,0.992
167,-1,1627,550,45.2,118.5,0.98
167,-1,965,515,23.6,64.1,0.98
167,-1,1251,516,35.9,79.4,0.98
167,-1,1089,521,23.3,55.6,0.978
167,-1,981,527,22.4,51.1,0.969
167,-1,251,550,25.9,73.6,0.966
167,-1,1235,520,24.9,69.6,0.77
167,-1,1595,545,44.1,108,0.647
168,-1,1007,430,48,104.3,1
168,-1,1429,540,47.6,128,1
168,-1,1183,530,37.4,96.5,0.999
168,-1,1065,519,24.1,68.3,0.998
168,-1,286,541,26.5,71.9,0.998
168,-1,904,503,22.1,50.3,0.998
168,-1,346,544,27.3,75.3,0.997
168,-1,1618,552,42,127.1,0.994
168,-1,248,545,28.2,73.9,0.993
168,-1,563,519,13.7,31.4,0.987
168,-1,1089,518,25.5,58.6,0.986
168,-1,982,525,22.3,56.7,0.953
168,-1,965,520,22.1,57.4,0.936
168,-1,555,519,13.1,29.2,0.929
168,-1,1246,516,33.3,72.9,0.857
168,-1,1217,540,24.4,62.1,0.687
168,-1,569,513,16.3,41.5,0.558
168,-1,1230,524,27.3,66.5,0.529
169,-1,1421,540,43.9,120.5,1
169,-1,1184,533,38.5,93.8,0.999
169,-1,1062,523,24.4,62.6,0.999
169,-1,1004,429,47.7,105.9,0.999
169,-1,900,501,21.6,53.8,0.998
169,-1,278,540,28.8,72.2,0.998
169,-1,1084,520,23,55.1,0.997
169,-1,339,544,29.2,75.6,0.996
169,-1,1617,562,42.6,108.2,0.993
169,-1,555,518,12.3,30.1,0.989
169,-1,960,521,19.6,57.3,0.973
169,-1,243,550,28.9,74.5,0.971
169,-1,560,518,14.1,33.6,0.956
169,-1,977,526,21.5,55,0.945
169,-1,1215,541,22.2,57.9,0.822
169,-1,1229,525,26.7,67,0.776
169,-1,1247,515,30.2,71,0.751
169,-1,1596,547,45.3,111.4,0.442
170,-1,1000,431,52.7,96.7,1
170,-1,279,543,23.8,68,0.999
170,-1,1079,515,25.6,62.9,0.999
170,-1,1181,537,37.7,87.6,0.999
170,-1,1420,543,44,118.6,0.999
170,-1,897,502,21.7,50.4,0.999
170,-1,1061,521,22.7,61.6,0.999
170,-1,338,550,26.6,65.4,0.998
170,-1,1613,556,48.8,111.8,0.997
170,-1,553,518,13.8,33.7,0.991
170,-1,961,520,22.6,59.7,0.987
170,-1,235,544,30.9,78.7,0.949
170,-1,973,531,21.9,51.7,0.863
170,-1,1203,527,30,79,0.853
170,-1,264,542,28.8,70.3,0.642
170,-1,1222,541,25.5,60.6,0.602
170,-1,1241,510,31.2,79.7,0.412
171,-1,1618,553,43.2,112.8,1
171,-1,1178,532,38.3,94.4,1
171,-1,1418,541,44.7,122.1,1
171,-1,994,428,57,104.7,1
171,-1,1075,517,27.1,66,0.999
171,-1,334,549,28.2,69.7,0.999
171,-1,896,501,21.9,54,0.999
171,-1,1056,522,22.4,60.9,0.998
171,-1,270,537,28.1,71.6,0.997
171,-1,551,515,12.9,35.9,0.991
171,-1,957,522,22.3,56.8,0.981
171,-1,228,546,30.4,77.3,0.963
171,-1,1207,544,23.1,59.1,0.89
171,-1,542,517,12.9,32.7,0.885
171,-1,973,527,20.2,53.8,0.842
171,-1,1216,538,25.8,64.6,0.723
171,-1,558,516,13.4,32.7,0.694
172,-1,995,423,52.3,111.3,1
172,-1,1410,540,45.1,122.3,1
172,-1,1178,531,39.1,99.9,1
172,-1,1051,523,23.7,62.9,0.999
172,-1,894,505,17.5,45.9,0.999
172,-1,330,549,27.4,66.6,0.998
172,-1,1071,517,26.4,64.1,0.998
172,-1,266,539,27.1,74.1,0.998
172,-1,955,518,25.5,60.2,0.988
172,-1,1609,537,50.7,136.3,0.986
172,-1,551,516,12.2,33,0.977
172,-1,226,550,25,70.4,0.938
172,-1,1207,547,25.1,63,0.885
172,-1,543,514,13.6,33.9,0.836
172,-1,1205,521,33,97.5,0.455
172,-1,251,547,28.1,71.7,0.415
173,-1,995,425,47.9,106.3,1
173,-1,1407,545,45.8,124.3,1
173,-1,1180,532,39.7,100,1
173,-1,325,549,27.1,66.6,0.999
173,-1,1069,516,25.4,63.2,0.998
173,-1,891,504,19.7,46.8,0.998
173,-1,1048,521,22.9,64.5,0.997
173,-1,260,540,26.6,75.6,0.997
173,-1,543,514,14,34.8,0.996
173,-1,949,519,23,63.4,0.995
173,-1,1610,527,50,146.1,0.992
173,-1,223,544,29.4,78.1,0.938
173,-1,534,518,13.9,31.8,0.892
173,-1,1212,552,21.6,57,0.844
173,-1,967,526,21.3,53.1,0.835
173,-1,243,542,24.2,69.3,0.78
174,-1,988,430,56.9,111.9,1
174,-1,889,506,19.8,50,1
174,-1,1178,529,38.3,96.7,1
174,-1,1401,542,46.8,119.6,1
174,-1,1608,557,48.7,125,0.999
174,-1,317,546,27.8,70.6,0.999
174,-1,252,540,27,71.2,0.996
174,-1,1065,514,26.1,64.3,0.995
174,-1,952,519,23.6,60.4,0.995
174,-1,532,514,12.2,32.1,0.982
174,-1,1047,513,25.8,69.1,0.981
174,-1,221,548,26.8,70.4,0.974
174,-1,537,514,14,38.5,0.963
174,-1,1209,553,24.3,61.8,0.574
174,-1,966,525,21.9,53.6,0.529
175,-1,1182,534,37.7,94,1
175,-1,1399,545,47.9,117.6,1
175,-1,314,545,26.9,67.6,0.999
175,-1,983,424,57.3,112.8,0.999
175,-1,883,505,20.2,45.8,0.999
175,-1,1060,519,25.3,61.9,0.998
175,-1,531,512,12.3,33.5,0.998
175,-1,249,535,27.3,74.3,0.998
175,-1,1045,519,23.1,63.8,0.997
175,-1,211,546,28.8,70.9,0.987
175,-1,951,519,23.1,59.9,0.986
175,-1,537,517,12.9,34.2,0.983
175,-1,1615,547,49,130.2,0.959
175,-1,1161,533,39,89.5,0.627
175,-1,1210,555,22.5,55,0.494
176,-1,979,428,58.5,105.9,1
176,-1,1386,548,55.7,121.1,0.999
176,-1,1175,537,36.9,96.7,0.999
176,-1,884,505,19.3,46.9,0.998
176,-1,313,545,29.1,72.9,0.998
176,-1,244,541,26.4,71.3,0.996
176,-1,1055,519,27.7,58.7,0.996
176,-1,947,524,21.4,53.8,0.996
176,-1,525,512,12.7,33.9,0.993
176,-1,1043,516,21.6,64.7,0.984
176,-1,1609,560,44.7,121.4,0.967
176,-1,213,550,29.5,69.4,0.954
176,-1,535,514,13.1,35.1,0.926
176,-1,1200,528,31.5,83,0.707
176,-1,962,526,20.7,54.8,0.461
176,-1,230,541,23.2,69.6,0.446
176,-1,516,514,14.5,37.5,0.437
177,-1,1391,542,49.7,121.2,1
177,-1,984,431,49.9,107.3,1
177,-1,1174,537,36.1,91.2,1
177,-1,882,502,19.8,49.7,0.999
177,-1,1615,554,48.9,120.9,0.998
177,-1,233,536,28.6,73.2,0.997
177,-1,306,542,28.3,72.1,0.997
177,-1,944,523,24,59.3,0.997
177,-1,1037,521,24.1,65,0.996
177,-1,1053,518,25.7,59.9,0.977
177,-1,519,516,14.3,34.6,0.959
177,-1,202,547,28.7,70.6,0.952
177,-1,529,512,13.1,34.6,0.899
177,-1,1146,530,20.8,57.6,0.52
178,-1,980,426,48.2,109.3,1
178,-1,1176,537,36.8,96.1,1
178,-1,877,507,19,46.8,1
178,-1,1388,544,47.1,116.7,1
178,-1,231,538,26.6,74.3,0.999
178,-1,301,546,29,74.5,0.999
178,-1,521,514,14.1,37.1,0.995
178,-1,941,518,22.1,58.4,0.993
178,-1,1053,519,24.7,63.7,0.992
178,-1,197,548,28.5,68.3,0.98
178,-1,1035,521,22.9,63.8,0.976
178,-1,1616,552,42.9,126.4,0.976
178,-1,1197,529,31.2,82.3,0.503
178,-1,512,510,17.1,42.5,0.406
179,-1,1168,532,40.3,100.9,1
179,-1,978,423,49.4,113.7,1
179,-1,1615,552,46.5,126.2,1
179,-1,1389,553,45,114.7,1
179,-1,295,545,29.3,73.1,0.999
179,-1,227,537,29.3,80.8,0.998
179,-1,519,517,13.5,36,0.997
179,-1,875,504,20.3,47.1,0.997
179,-1,936,521,23.1,59.8,0.995
179,-1,1033,519,24.2,64.5,0.992
179,-1,1051,516,23.4,62.8,0.986
179,-1,511,517,15.4,37,0.954
179,-1,192,547,30.3,73.9,0.931
179,-1,950,523,24.3,61.1,0.914
180,-1,1383,545,49.8,126.4,1
180,-1,874,507,20.9,51,1
180,-1,1612,551,51.5,128.5,1
180,-1,1175,534,33.9,96.5,1
180,-1,977,430,49.9,106.2,1
180,-1,292,549,28.5,70,0.999
180,-1,221,538,28.6,75.2,0.998
180,-1,937,521,20.7,53.9,0.997
180,-1,1030,520,25.7,64,0.985
180,-1,513,515,13.4,35.2,0.97
180,-1,1044,517,26.1,66.5,0.95
180,-1,189,550,27.6,74.8,0.926
180,-1,1156,525,36.8,99.4,0.848
180,-1,946,522,25.7,56.8,0.785
181,-1,969,422,56.5,121.6,1
181,-1,1606,556,60.1,119.4,1
181,-1,1384,548,47.3,124.3,1
181,-1,869,507,18.8,46.5,1
181,-1,1176,544,34.2,89.7,0.999
181,-1,213,541,27.9,78.6,0.999
181,-1,290,548,26.5,67.6,0.999
181,-1,934,528,21.8,52.7,0.998
181,-1,1028,520,24.6,64.1,0.993
181,-1,1048,514,26.5,67.8,0.991
181,-1,507,518,15.1,35.4,0.985
181,-1,180,551,28.3,70.7,0.98
181,-1,229,543,25.3,67.5,0.487
181,-1,1165,525,29,88.3,0.48
181,-1,500,502,22.2,49.4,0.45
181,-1,943,515,24.9,68.5,0.424
182,-1,1609,552,59.2,136.2,1
182,-1,1373,548,48.9,121.3,1
182,-1,969,425,51.4,115.9,1
182,-1,213,542,25.6,72.3,0.999
182,-1,285,549,28.9,74.4,0.999
182,-1,1174,536,38.7,100.3,0.998
182,-1,1023,516,27.8,72.2,0.996
182,-1,869,508,18.8,45,0.996
182,-1,1045,521,25.2,61.7,0.994
182,-1,504,515,13.4,34.2,0.993
182,-1,931,524,23.5,56.6,0.991
182,-1,178,553,28,69,0.989
182,-1,499,503,19.8,52,0.645
183,-1,1612,559,49.9,124.8,1
183,-1,1372,544,46.3,122.2,1
183,-1,967,423,58.4,113.2,1
183,-1,868,505,19.2,48.9,1
183,-1,205,539,29,78.1,1
183,-1,284,549,27.9,73.4,0.999
183,-1,1168,543,39.1,97,0.997
183,-1,174,552,30.3,70.4,0.994
183,-1,1022,521,22.6,62.5,0.994
183,-1,932,525,21.1,56.9,0.993
183,-1,1041,519,23.4,65.1,0.991
183,-1,496,509,18.4,42.4,0.924
184,-1,272,550,30.4,75.7,1
184,-1,1612,558,55.6,123.9,1
184,-1,961,425,58.3,118.7,1
184,-1,866,508,17.9,47.5,1
184,-1,1374,545,48.3,125,1
184,-1,200,541,26.9,73,1
184,-1,1017,520,23.6,63.2,0.998
184,-1,1172,547,37.3,90.7,0.997
184,-1,1038,520,26.3,67,0.996
184,-1,928,526,24.1,58.1,0.993
184,-1,170,557,27.9,67.2,0.992
184,-1,494,518,13.5,32,0.99
184,-1,1148,527,32.8,81.1,0.964
184,-1,499,512,16.7,38.5,0.941
184,-1,492,509,18.6,48.1,0.692
185,-1,1368,544,54.3,127.6,1
185,-1,959,434,51.3,116.7,1
185,-1,195,543,30.1,71.3,1
185,-1,1602,560,59,120.1,1
185,-1,269,552,28.8,73.6,0.999
185,-1,1014,524,22.5,55.5,0.997
185,-1,1169,536,40.5,101.6,0.996
185,-1,863,509,18.5,49.1,0.996
185,-1,1040,521,24,64.6,0.995
185,-1,1153,535,24.8,70,0.985
185,-1,496,516,13.9,37,0.98
185,-1,927,523,23.8,61.8,0.978
185,-1,162,552,30.8,77,0.97
185,-1,1142,530,39.2,100.7,0.901
186,-1,1608,563,54.5,122.5,1
186,-1,951,428,55.3,114.9,1
186,-1,1365,544,50.9,127.1,1
186,-1,1166,544,44.3,102.2,0.999
186,-1,266,551,30.3,76.9,0.999
186,-1,192,546,25.3,68,0.999
186,-1,860,509,19.8,49.8,0.999
186,-1,1034,522,25.5,62.7,0.997
186,-1,1013,526,23.4,61.5,0.995
186,-1,921,522,21.7,62.5,0.994
186,-1,1152,540,21.5,62.6,0.987
186,-1,162,560,28.2,69,0.985
186,-1,488,514,14.6,39.1,0.983
186,-1,930,517,29.7,66.9,0.764
186,-1,481,516,17.1,44.3,0.646
186,-1,1138,534,39.6,97.2,0.551
187,-1,1605,556,53.6,120.3,1
187,-1,945,431,58.1,114.9,1
187,-1,185,547,27.9,78.4,1
187,-1,1366,548,50.6,126.9,1
187,-1,1009,521,25.4,65.4,0.999
187,-1,1035,522,22.6,59.8,0.999
187,-1,263,553,30.3,76.9,0.999
187,-1,1166,541,43,113,0.998
187,-1,1154,536,22.4,64.3,0.998
187,-1,859,505,19.7,51.1,0.998
187,-1,924,525,22.2,57.4,0.976
187,-1,489,522,14,32.9,0.975
187,-1,153,560,28.5,72.9,0.949
187,-1,481,518,17.6,42.9,0.94
187,-1,928,515,30.8,70.7,0.428
187,-1,1136,522,36.5,86,0.411
187,-1,1677,605,30.2,80.7,0.405
188,-1,946,430,58.1,116.9,1
188,-1,1606,549,51.6,126.6,1
188,-1,1362,547,47,122.4,1
188,-1,176,546,30.8,81.1,1
188,-1,261,553,27.6,73.2,0.999
188,-1,855,508,21,48.6,0.999
188,-1,1166,538,42.2,105.2,0.998
188,-1,1007,524,23.3,59.4,0.997
188,-1,1152,541,22,64.3,0.987
188,-1,1033,524,24.4,63.4,0.986
188,-1,921,528,22.2,55.1,0.986
188,-1,482,520,14.1,37.5,0.984
188,-1,152,561,26.5,68.9,0.975
188,-1,492,521,13.9,35.1,0.795
188,-1,1139,530,35.3,94.6,0.794
188,-1,474,518,16.4,40.4,0.544
188,-1,927,513,30.7,71.6,0.442
189,-1,944,425,59.7,120.8,1
189,-1,1361,549,42.7,115.1,1
189,-1,1602,545,62.7,128.8,1
189,-1,174,547,30.7,78.1,1
189,-1,853,512,20,49.9,0.999
189,-1,256,557,29.7,76.6,0.999
189,-1,1006,523,23.3,60.4,0.997
189,-1,1165,538,44.1,113.7,0.996
189,-1,480,522,13.6,37.7,0.991
189,-1,1026,524,24.3,58.2,0.989
189,-1,1153,538,21,60.3,0.988
189,-1,920,526,23.6,60.8,0.981
189,-1,1137,532,36,93.9,0.978
189,-1,148,564,28.6,70.3,0.974
189,-1,485,513,16.4,42.4,0.746
189,-1,470,522,17.6,39.6,0.701
190,-1,1354,548,47.5,123.6,1
190,-1,172,550,28.7,79.8,1
190,-1,1596,550,69.2,128.6,1
190,-1,254,558,27.8,73.1,0.999
190,-1,950,427,54.8,117,0.999
190,-1,851,508,20.9,52.9,0.999
190,-1,1164,542,40.3,104.3,0.996
190,-1,1003,521,24.3,65.1,0.995
190,-1,1148,536,23.1,67.7,0.992
190,-1,1020,524,25.8,61.3,0.991
190,-1,1134,533,35.4,94.8,0.986
190,-1,921,520,24.1,66,0.981
190,-1,482,525,13.6,35.7,0.977
190,-1,134,557,34,86.1,0.971
190,-1,473,525,14.1,36.3,0.966
190,-1,978,528,18.6,51.9,0.441
191,-1,942,430,60.1,113.8,1
191,-1,1358,550,47.9,119.7,1
191,-1,1604,548,58.5,136.1,1
191,-1,246,557,29.5,76,0.999
191,-1,850,510,19.8,51.3,0.999
191,-1,1165,541,40.1,105.8,0.998
191,-1,169,551,28.5,79.7,0.996
191,-1,1137,539,30.5,89.4,0.995
191,-1,999,521,24,63.1,0.994
191,-1,1020,525,24.8,58.6,0.994
191,-1,922,521,25,65.5,0.986
191,-1,478,523,14.7,38.2,0.984
191,-1,136,557,29,82.6,0.975
191,-1,469,520,16.9,41.9,0.968
191,-1,459,523,18,40.2,0.49
192,-1,160,555,27,73.9,1
192,-1,1349,539,49.7,134.4,1
192,-1,935,422,64.1,124.9,1
192,-1,1602,553,64.5,129,1
192,-1,1139,535,26,71.2,0.999
192,-1,1018,522,23.9,57.6,0.999
192,-1,850,507,19.3,52.5,0.999
192,-1,243,562,27.5,69.9,0.999
192,-1,997,521,24.8,64.4,0.998
192,-1,1165,540,40.5,105.9,0.998
192,-1,129,564,28.5,72,0.98
192,-1,916,526,23.8,63.5,0.969
192,-1,472,519,15,39.1,0.939
192,-1,462,520,18,44,0.891
192,-1,1129,526,23.5,67.7,0.464
193,-1,1607,545,55.5,133.5,1
193,-1,1162,540,41.6,105.5,1
193,-1,157,556,26.6,75.5,1
193,-1,941,427,57.6,127,1
193,-1,1352,547,49.5,123.3,1
193,-1,996,523,23.5,65.8,0.999
193,-1,239,565,29.1,70.4,0.999
193,-1,849,508,19.2,49.6,0.997
193,-1,1015,523,25.3,61,0.997
193,-1,1136,532,27.5,81.7,0.994
193,-1,128,562,29.8,78.2,0.992
193,-1,913,521,25.1,65.8,0.979
193,-1,471,523,16.2,40.4,0.904
193,-1,461,522,15.9,40.1,0.824
193,-1,971,530,21.2,52.4,0.477
194,-1,1161,545,41.2,102.3,1
194,-1,1345,542,48.9,128.7,1
194,-1,148,551,32.8,85.9,1
194,-1,935,432,56.2,123,1
194,-1,1601,556,68.6,124.5,1
194,-1,236,562,27.4,74,0.999
194,-1,994,527,22.5,62.3,0.999
194,-1,1013,521,24.4,59.3,0.999
194,-1,847,512,19.7,49.2,0.998
194,-1,911,528,25.7,63.3,0.994
194,-1,1129,534,24.8,70.6,0.986
194,-1,124,565,28.5,74.3,0.977
194,-1,459,528,14.5,35.8,0.952
194,-1,452,521,14.8,35.1,0.507
195,-1,932,422,61.4,127.4,1
195,-1,1349,546,47,122.4,1
195,-1,843,515,19.3,48.3,1
195,-1,1605,551,59.4,129.9,1
195,-1,1007,521,25.2,59.8,1
195,-1,143,557,29,83.2,0.999
195,-1,986,525,24,62.5,0.999
195,-1,233,564,28.3,74.3,0.999
195,-1,1161,539,45.9,108.1,0.998
195,-1,1123,538,25,69.9,0.997
195,-1,911,523,26.2,63.7,0.985
195,-1,457,525,15.4,37.6,0.978
195,-1,116,566,31.1,81.5,0.977
195,-1,446,522,14.2,36.2,0.865
195,-1,1131,536,39.6,99.3,0.596
195,-1,1088,535,23.5,64.5,0.527
196,-1,1345,539,52.9,128.8,1
196,-1,227,566,29.5,74.1,1
196,-1,925,424,65.4,122.9,1
196,-1,1615,558,52.5,123.6,1
196,-1,842,514,19.8,48.2,1
196,-1,1163,540,43.4,114.7,0.999
196,-1,985,519,23.9,67,0.999
196,-1,1122,541,23.6,64.3,0.999
196,-1,1007,525,26.9,62,0.998
196,-1,141,556,31.9,81,0.996
196,-1,908,523,28.5,68.8,0.994
196,-1,112,573,30.8,77.5,0.993
196,-1,451,525,15.5,36.7,0.98
196,-1,1140,541,19.4,58,0.804
196,-1,1128,533,40,109.6,0.708
196,-1,1060,521,27.7,67.3,0.588
197,-1,1604,556,59.3,120.9,1
197,-1,226,564,29.2,75,1
197,-1,929,426,62.1,122.5,1
197,-1,1344,539,57.1,132.8,1
197,-1,136,557,27.5,77,1
197,-1,842,513,18.3,47.8,1
197,-1,1162,537,43.6,111.5,0.999
197,-1,1005,524,24.8,57,0.999
197,-1,1125,544,22.1,60.2,0.999
197,-1,986,522,22.5,60.7,0.997
197,-1,447,526,14.5,37.4,0.993
197,-1,108,568,28.7,73.4,0.99
197,-1,910,529,24.5,65,0.989
197,-1,1135,540,22.8,67.8,0.961
197,-1,456,525,16,40.4,0.912
197,-1,1132,538,39.7,106,0.601
198,-1,1343,544,47.3,127.9,1
198,-1,1000,523,25.1,64,1
198,-1,220,568,29.4,70.8,1
198,-1,923,431,58.6,120.5,1
198,-1,1603,554,71.4,128.6,1
198,-1,1115,535,26.5,74.8,0.999
198,-1,838,516,18.7,47.4,0.999
198,-1,130,552,31.4,83.9,0.999
198,-1,1157,545,45.9,106.3,0.998
198,-1,983,525,25.4,60.9,0.996
198,-1,104,568,29.8,80.8,0.993
198,-1,903,519,32,70.6,0.986
198,-1,448,529,14.8,35.6,0.966
198,-1,1124,525,30.5,90.1,0.92
198,-1,1057,524,26.4,63.7,0.602
198,-1,440,523,16.3,40.4,0.531
198,-1,455,521,16.5,41.3,0.52
198,-1,1084,535,20.1,60.8,0.476
198,-1,923,529,25.5,63.5,0.447
199,-1,1617,549,56.1,128.4,1
199,-1,1341,546,46.2,124.1,1
199,-1,1119,535,24.6,78.5,1
199,-1,838,511,19.8,49.8,1
199,-1,920,426,56.3,127.4,1
199,-1,1004,519,27.3,67.1,0.999
199,-1,982,527,23.3,64.1,0.998
199,-1,217,565,28,74.3,0.998
199,-1,129,560,28.5,80,0.998
199,-1,1165,540,45.3,114.8,0.995
199,-1,97,563,32.9,86.9,0.992
199,-1,905,533,24.2,57.7,0.977
199,-1,1051,522,24.4,63.2,0.806
199,-1,1123,530,36.8,107.2,0.804
199,-1,440,525,14.7,37.3,0.714
199,-1,447,524,16.7,40.7,0.424
200,-1,997,523,30.1,64.8,1
200,-1,1338,538,46,127.8,1
200,-1,1610,546,66.7,132.2,1
200,-1,837,515,18.6,47.8,1
200,-1,1159,547,44.3,99.4,1
200,-1,211,570,28.9,70.2,1
200,-1,917,429,64.4,124.5,1
200,-1,982,523,24.6,68.7,0.999
200,-1,119,556,32.7,91.5,0.998
200,-1,1119,542,23.2,66,0.997
200,-1,91,573,30.2,77.5,0.986
200,-1,899,532,24.8,62,0.937
200,-1,1130,527,28.9,81.7,0.935
200,-1,1054,527,25.5,64.2,0.934
200,-1,446,527,14.6,36.7,0.778
200,-1,1107,532,34.2,87.6,0.727
201,-1,834,516,18.5,46.6,1
201,-1,1334,539,50.9,133.4,1
201,-1,918,433,59.2,125.9,1
201,-1,1608,551,67.3,135.1,1
201,-1,1163,536,46.7,112.6,1
201,-1,997,526,30.4,61.6,1
201,-1,206,567,29.5,73.8,1
201,-1,1113,532,25.3,72.8,0.998
201,-1,117,560,29.3,85.1,0.99
201,-1,977,523,24.2,69.4,0.985
201,-1,902,535,20.1,52.8,0.969
201,-1,1050,525,23.4,61.3,0.962
201,-1,88,566,30.7,84,0.957
201,-1,440,525,16.5,38.9,0.945
201,-1,432,525,13.9,37.5,0.833
201,-1,904,520,28.1,74,0.556
202,-1,1164,547,43.2,102.8,1
202,-1,202,569,29,76.6,1
202,-1,1337,551,48.7,125.2,1
202,-1,1615,543,65.8,148,1
202,-1,995,523,28.9,65.7,1
202,-1,913,423,68.1,129.6,0.999
202,-1,1113,535,26.9,77.8,0.999
202,-1,835,514,18.5,45.4,0.999
202,-1,978,526,26.3,68.7,0.997
202,-1,86,569,32.5,82.4,0.991
202,-1,894,529,20.4,58.1,0.965
202,-1,111,561,31.8,87.3,0.961
202,-1,431,527,15.4,38.9,0.928
202,-1,441,528,15.3,40.6,0.915
202,-1,1047,527,23.8,56.3,0.825
202,-1,919,526,26.7,65.1,0.707
202,-1,1130,531,26.3,75.7,0.531
202,-1,423,526,15.3,41.2,0.439
203,-1,1163,547,44.2,103.7,1
203,-1,200,568,30.5,75.9,1
203,-1,912,434,61,130.1,1
203,-1,997,527,25.3,58.3,1
203,-1,1335,547,49.7,131.9,1
203,-1,837,518,16.5,41.9,0.999
203,-1,1619,550,61.9,128.6,0.999
203,-1,975,528,23.6,64.7,0.993
203,-1,109,563,29.2,86.3,0.988
203,-1,1110,540,26.3,72.5,0.977
203,-1,894,532,20.4,52.5,0.974
203,-1,79,563,34,85.6,0.951
203,-1,433,527,16.7,42.6,0.903
203,-1,1124,527,23.5,77.3,0.848
203,-1,424,527,14.6,36.6,0.534
204,-1,1332,543,53.5,141.6,1
204,-1,996,529,25.8,61.6,1
204,-1,1164,542,49.1,111.2,1
204,-1,910,424,62.4,129.6,1
204,-1,198,571,30.2,75.9,1
204,-1,1618,541,67.2,148,1
204,-1,830,516,19,50.8,0.999
204,-1,975,527,21.9,62.6,0.998
204,-1,894,534,20.9,50.3,0.99
204,-1,101,561,33.5,91,0.98
204,-1,1105,540,23.4,70.1,0.973
204,-1,432,530,14.7,35.7,0.956
204,-1,71,573,31.5,85.7,0.939
204,-1,1125,529,27.5,78.9,0.906
204,-1,438,524,15.7,41.5,0.732
204,-1,910,525,25.1,63.9,0.572
205,-1,1621,545,69.5,128.9,1
205,-1,1336,546,51.3,127.4,1
205,-1,830,514,19.3,49.6,1
205,-1,991,526,28.2,63.8,1
205,-1,907,433,67,124.4,1
205,-1,190,569,30.9,80.3,0.999
205,-1,1162,550,47.9,107,0.999
205,-1,971,526,25.8,70.8,0.998
205,-1,1103,539,24.2,72,0.995
205,-1,97,568,30,83.9,0.994
205,-1,69,566,31.6,89.8,0.952
205,-1,907,523,26,68.9,0.882
205,-1,435,529,15.5,42.3,0.811
205,-1,1037,527,22.7,57,0.766
205,-1,746,566,29.2,78.8,0.746
205,-1,1136,550,24.3,65.5,0.707
205,-1,890,532,23.1,53,0.573
205,-1,1114,536,27.2,72.1,0.445
206,-1,833,515,17.1,46.2,1
206,-1,904,427,71.2,127.9,1
206,-1,986,528,27.9,61.3,1
206,-1,1333,549,47.4,133,1
206,-1,187,573,29.9,77.5,1
206,-1,1166,540,50.1,111.9,1
206,-1,1630,546,61.6,140.7,1
206,-1,970,528,22.5,64.4,0.997
206,-1,1101,550,21.6,60.7,0.996
206,-1,90,568,32.4,86.8,0.993
206,-1,886,532,21.4,52.2,0.955
206,-1,1144,560,18.9,54.9,0.907
206,-1,429,529,15.3,40.8,0.893
206,-1,65,570,30.5,84.3,0.85
206,-1,1129,541,38.5,89.4,0.808
206,-1,905,531,24.9,61.8,0.55
206,-1,419,526,15.9,39.5,0.543
206,-1,1037,528,23.6,60.1,0.409
207,-1,1624,547,69.9,139.2,1
207,-1,986,525,27.8,61.6,1
207,-1,1334,554,52.3,122.9,1
207,-1,184,574,29.3,76.8,1
207,-1,903,424,60,136.3,1
207,-1,1168,552,47.4,106,1
207,-1,828,516,19.7,51.4,0.999
207,-1,1100,545,22.4,66.2,0.997
207,-1,972,530,22.1,62.6,0.995
207,-1,85,567,32.6,84.6,0.992
207,-1,427,534,14.6,36.7,0.932
207,-1,64,578,31.9,83.4,0.903
207,-1,887,526,22.5,64.5,0.886
207,-1,1119,526,32,92.4,0.79
207,-1,903,532,22.8,65.7,0.713
207,-1,1030,525,26.6,67.5,0.605
207,-1,1146,564,20.8,49,0.582
207,-1,742,573,31.8,73,0.549
207,-1,435,529,16.4,37.5,0.489
208,-1,896,432,72.9,134.7,1
208,-1,989,529,26.1,56.4,1
208,-1,1168,551,46.6,102,1
208,-1,180,574,29,78.3,1
208,-1,1330,551,49.2,129.2,1
208,-1,1621,558,64.1,130,0.999
208,-1,1097,542,24.6,75.3,0.998
208,-1,827,516,18.9,49.1,0.997
208,-1,970,529,23,66.9,0.996
208,-1,75,568,33.2,84.9,0.989
208,-1,55,575,35,88.6,0.979
208,-1,1030,527,24.7,60.8,0.941
208,-1,881,528,26.3,67.2,0.915
208,-1,1144,564,23.5,54.2,0.776
208,-1,425,532,13.9,35,0.593
208,-1,430,529,19.9,42.6,0.491
209,-1,1334,556,50.9,127,1
209,-1,984,526,25.4,59.8,1
209,-1,902,427,68.4,131,1
209,-1,1171,553,39.6,97.9,1
209,-1,1632,551,66,137.8,1
209,-1,827,519,18.5,47.3,1
209,-1,180,574,29.4,73.8,0.999
209,-1,1096,538,25.1,81.6,0.999
209,-1,968,531,21.3,63.6,0.998
209,-1,73,567,31.5,87.1,0.993
209,-1,49,578,31.9,82.5,0.968
209,-1,1119,532,30.3,78.9,0.963
209,-1,883,531,25.3,63.7,0.733
209,-1,94,579,23.3,61.2,0.628
209,-1,1025,530,24.5,59.6,0.55
209,-1,431,528,16.4,39.5,0.459
210,-1,1635,552,71.6,132.4,1
210,-1,176,578,28.2,75.7,1
210,-1,1169,551,45.6,111.1,1
210,-1,979,531,25.6,61.5,1
210,-1,1330,550,50.5,134.9,1
210,-1,895,417,66.6,143,1
210,-1,826,520,19.1,49.9,0.999
210,-1,967,529,21.3,63.8,0.999
210,-1,62,571,35.1,87.7,0.995
210,-1,1091,546,25.1,72.2,0.993
210,-1,1122,537,33.2,85,0.893
210,-1,87,579,23.9,64.7,0.815
210,-1,1027,532,25.7,62.5,0.787
210,-1,45,576,30.3,85.1,0.63
211,-1,169,576,30.8,82.3,1
211,-1,1168,549,46.6,108.5,1
211,-1,1337,543,50.8,139,1
211,-1,896,430,71,140,1
211,-1,986,532,26,62,1
211,-1,1643,553,64.5,138.8,1
211,-1,1094,545,23.2,68.9,0.999
211,-1,823,521,19,50.4,0.999
211,-1,963,530,24,67.8,0.998
211,-1,65,568,31.3,91.1,0.981
211,-1,33,579,31.1,80.5,0.955
211,-1,1125,535,34.8,89,0.89
211,-1,1024,532,23.8,63.3,0.877
211,-1,876,531,24.9,63.9,0.566
212,-1,980,530,27.9,63.3,1
212,-1,1168,551,43.4,110.8,1
212,-1,1335,547,50.4,135.1,1
212,-1,893,437,74.8,128.8,1
212,-1,166,575,30.4,78.2,1
212,-1,1642,562,71.3,132.1,0.999
212,-1,822,519,18.3,48.8,0.999
212,-1,59,571,31.5,84.5,0.998
212,-1,961,531,22.4,67.5,0.998
212,-1,1088,544,22.5,69.2,0.997
212,-1,35,582,28.4,83.1,0.941
212,-1,1022,530,25.3,64.5,0.904
212,-1,1130,540,28,77.2,0.773
212,-1,881,530,22.3,64.2,0.622
213,-1,1650,550,71.7,146.1,1
213,-1,1170,553,43.4,107.4,1
213,-1,168,582,28,71.8,1
213,-1,1335,554,48.6,127.9,1
213,-1,891,436,78,130.3,1
213,-1,984,533,21.5,59.3,1
213,-1,824,521,18.8,49.3,0.999
213,-1,961,531,23.3,70.3,0.998
213,-1,48,577,34.8,86.7,0.997
213,-1,1088,549,25,69,0.994
213,-1,20,583,34.5,85.2,0.961
213,-1,1130,538,32,94.4,0.914
213,-1,1021,531,25.3,63.8,0.57
214,-1,164,581,28.6,82.1,1
214,-1,892,433,79.6,136.8,1
214,-1,820,519,20.6,53.3,1
214,-1,1652,553,62.4,140.5,1
214,-1,1332,552,48.8,130.4,1
214,-1,1169,555,48.2,111.6,1
214,-1,982,533,22.7,58.5,1
214,-1,48,579,33.2,88.7,0.999
214,-1,1086,547,22.3,68.3,0.999
214,-1,966,535,20,61.7,0.997
214,-1,1148,570,20.4,52.7,0.995
214,-1,20,582,33.4,86,0.962
214,-1,1130,563,31.7,78.4,0.938
214,-1,879,537,22.8,56.9,0.773
214,-1,1115,538,35.7,95.7,0.583
214,-1,1020,530,27.4,70.8,0.511
215,-1,46,574,32.4,86,1
215,-1,1654,561,73.2,135.2,1
215,-1,158,579,28.6,78.2,1
215,-1,1177,549,52.2,119.1,1
215,-1,1331,552,50.2,135.3,1
215,-1,886,433,84.9,138.2,1
215,-1,981,533,26.2,63.5,1
215,-1,823,523,16.9,45.7,0.999
215,-1,1082,537,23.2,75.5,0.999
215,-1,965,534,20.5,62.8,0.997
215,-1,26,582,27.5,80.4,0.956
215,-1,1118,541,41.3,105.2,0.892
215,-1,9,589,28.6,74.3,0.819
215,-1,876,535,25.4,61.5,0.775
215,-1,1019,535,20.3,53.7,0.599
216,-1,1171,549,53,117.4,1
216,-1,158,576,31.9,81.3,1
216,-1,1657,555,67.6,138.4,1
216,-1,982,535,24.8,59,1
216,-1,1337,555,49.9,135.1,1
216,-1,888,422,83.6,150.5,1
216,-1,962,534,23.8,67.2,0.999
216,-1,824,518,18.9,52.6,0.998
216,-1,1083,542,24.4,70.3,0.996
216,-1,43,575,33.3,88.4,0.991
216,-1,26,589,27.5,75.4,0.973
216,-1,1123,553,37.5,98.5,0.963
216,-1,1020,533,26.5,66.9,0.671
216,-1,1105,538,29,74,0.585
216,-1,144,581,26.8,78.4,0.494
216,-1,9,582,31,82.3,0.479
217,-1,1665,555,76.5,138.7,1
217,-1,1334,554,48.7,127.9,1
217,-1,895,425,69.8,141,1
217,-1,979,533,22.7,62,1
217,-1,158,579,30,80.8,1
217,-1,1173,554,52,123.3,0.999
217,-1,961,529,25.2,72.6,0.999
217,-1,1080,546,25,71.1,0.999
217,-1,40,580,29.4,74.1,0.996
217,-1,819,520,18.8,50.9,0.993
217,-1,23,587,30.7,77.6,0.989
217,-1,1107,538,28.1,78.4,0.898
217,-1,1125,566,32.4,86.7,0.804
217,-1,1013,538,24.7,58.2,0.804
217,-1,142,580,27.3,80.3,0.626
218,-1,1668,549,75.3,141.1,1
218,-1,1338,560,47,127.5,1
218,-1,887,423,78.8,143.8,1
218,-1,152,579,31.2,79,1
218,-1,980,530,25.9,65.4,1
218,-1,960,533,22.9,63,0.999
218,-1,1174,553,49.7,128.7,0.998
218,-1,33,577,32.8,89.9,0.997
218,-1,1080,544,25.6,72.9,0.995
218,-1,824,518,18.4,51.9,0.986
218,-1,1009,535,25.6,60.9,0.801
218,-1,1126,554,35.5,92.5,0.739
218,-1,10,582,34,81.6,0.735
218,-1,1112,536,29.5,85,0.639
219,-1,1331,556,55.5,132.2,1
219,-1,149,579,30.2,76.5,1
219,-1,961,530,25.2,69.5,1
219,-1,883,424,87.7,148.8,1
219,-1,1682,561,64.4,133.3,1
219,-1,32,580,30.2,77.7,0.999
219,-1,980,534,25.3,62.5,0.999
219,-1,1183,556,48.3,124.4,0.998
219,-1,825,516,19.1,54.5,0.979
219,-1,17,587,29.2,81.6,0.97
219,-1,1076,544,25.7,72.8,0.958
219,-1,1010,535,23.3,54,0.708
219,-1,1110,533,32.4,88.2,0.527
219,-1,1129,555,35,90.5,0.446
220,-1,884,432,86,142.1,1
220,-1,1343,553,51.1,133.7,1
220,-1,1687,553,69.4,147.7,1
220,-1,149,582,28.8,80,1
220,-1,960,531,24.3,66.7,0.999
220,-1,983,528,23.2,69.5,0.999
220,-1,1185,548,48.4,121.9,0.999
220,-1,25,580,35.7,90.9,0.999
220,-1,1071,544,24,73.7,0.993
220,-1,820,522,19.6,50.2,0.987
220,-1,1,575,40.7,95.3,0.739
220,-1,1110,538,29.4,77.2,0.478
220,-1,1130,551,41,108.5,0.406
221,-1,148,579,31.3,82.5,1
221,-1,1699,550,63.4,149.5,1
221,-1,1346,564,46.4,131.5,1
221,-1,893,424,71.8,154.8,1
221,-1,22,585,33.1,90.6,0.999
221,-1,985,533,23.2,62.5,0.999
221,-1,1182,554,54.2,126.1,0.997
221,-1,1071,542,27.2,74.6,0.996
221,-1,959,533,25.5,68,0.995
221,-1,821,515,19,59.8,0.989
221,-1,971,528,25.9,70.1,0.951
221,-1,134,582,30.2,88.5,0.405
222,-1,142,580,30.5,84,1
222,-1,893,428,75.2,139.1,1
222,-1,1697,544,81.2,149,1
222,-1,1345,552,50.5,134.6,1
222,-1,16,583,36.6,89.8,0.999
222,-1,1188,557,48.2,121.3,0.999
222,-1,980,534,23.7,61.2,0.999
222,-1,961,526,27.3,71.7,0.995
222,-1,1068,543,25.4,73.9,0.989
222,-1,825,515,20.2,53.6,0.978
222,-1,1134,559,39.4,107.7,0.794
222,-1,1015,526,24.2,65.5,0.55
223,-1,143,580,32.8,86.9,1
223,-1,1344,555,53.1,133.1,1
223,-1,1709,548,73,144.9,1
223,-1,983,534,26,63.8,1
223,-1,890,416,79.1,158.9,1
223,-1,1194,553,48.6,123.2,0.999
223,-1,15,582,37.6,89.5,0.998
223,-1,960,530,25.2,70.8,0.996
223,-1,825,515,19.5,54.3,0.988
223,-1,1071,540,26.7,81.9,0.976
223,-1,2,575,27.7,103.6,0.969
223,-1,1142,631,36.8,77,0.739
223,-1,1016,529,23.5,63.8,0.612
224,-1,1715,538,64.4,156.1,1
224,-1,138,578,31.3,86.3,1
224,-1,1346,559,49.4,129.7,1
224,-1,894,427,75.9,148,1
224,-1,10,580,35.8,93.8,0.999
224,-1,983,530,26.4,64.2,0.999
224,-1,1195,557,51.9,126.9,0.998
224,-1,962,534,23.1,65.1,0.996
224,-1,825,522,18,47.7,0.993
224,-1,1069,544,27.4,75.1,0.974
224,-1,1016,534,23.3,61.2,0.539
224,-1,1113,543,32.3,82.9,0.492
224,-1,1142,638,40.4,103.3,0.403
225,-1,1724,546,68.3,139.6,1
225,-1,1352,559,49.7,132,1
225,-1,138,585,30.2,81,1
225,-1,893,418,80.5,161.3,1
225,-1,8,587,32.9,88.5,0.999
225,-1,961,533,26.4,65.8,0.999
225,-1,983,533,23.5,59.9,0.999
225,-1,1199,562,49.8,122,0.998
225,-1,1071,543,26.9,74.9,0.995
225,-1,824,522,18.1,48.7,0.982
225,-1,867,510,38.1,110.2,0.451
225,-1,1016,534,23.9,62.4,0.448
226,-1,1730,545,62.6,139.5,1
226,-1,135,583,34,87.8,1
226,-1,1352,553,50.5,134.3,1
226,-1,896,421,79.9,162.7,1
226,-1,1204,563,54.5,119.8,0.999
226,-1,980,531,26.7,65.5,0.999
226,-1,1069,536,27.3,77,0.997
226,-1,5,591,34.3,87.9,0.996
226,-1,964,529,24.4,69.9,0.986
226,-1,826,522,17.6,46.4,0.982
226,-1,855,562,29,69.1,0.541
227,-1,133,589,30.8,85.3,1
227,-1,984,533,25.3,68.5,1
227,-1,1358,554,49.4,133.3,1
227,-1,1200,566,51.4,120.4,1
227,-1,1736,547,71.1,145.8,1
227,-1,1069,541,26.1,70.2,0.999
227,-1,2,583,34.6,99.2,0.999
227,-1,882,426,89,152.8,0.999
227,-1,824,522,19.5,50.8,0.992
227,-1,963,537,24,61,0.991
227,-1,854,563,30.3,71.4,0.907
228,-1,131,585,31.3,86.9,1
228,-1,1356,550,50,144.3,1
228,-1,1741,540,70,152,1
228,-1,883,416,91.2,156.7,1
228,-1,2,598,26.8,90.9,0.999
228,-1,986,533,22.5,63.7,0.999
228,-1,1209,561,50.2,124.5,0.999
228,-1,1070,540,27.3,72.2,0.998
228,-1,827,523,18.6,49.8,0.997
228,-1,963,528,27.6,66.4,0.989
228,-1,1158,638,41.8,106.3,0.9
228,-1,861,573,25.7,59.9,0.87
229,-1,1364,553,43.9,135.9,1
229,-1,1067,546,25.2,70.2,1
229,-1,1747,545,75.7,150.3,1
229,-1,130,588,32.8,83.9,1
229,-1,895,423,79.7,165.8,1
229,-1,1212,561,49.9,126.7,0.999
229,-1,986,535,22.5,62.9,0.999
229,-1,1,594,25.1,94.3,0.999
229,-1,828,523,19.1,51.5,0.998
229,-1,964,533,24.9,62.6,0.911
229,-1,885,568,25.3,55.6,0.82
229,-1,1127,528,30.7,89.8,0.747
230,-1,1211,567,54.3,118.2,1
230,-1,1763,542,64.5,146.3,1
230,-1,889,422,87.2,153.5,1
230,-1,127,589,33.5,87.5,1
230,-1,1355,546,59.2,142.9,1
230,-1,981,536,27.1,62.8,0.999
230,-1,1,593,34.1,91.9,0.998
230,-1,826,526,18.6,45.5,0.997
230,-1,1066,544,28,78.3,0.995
230,-1,963,535,22.8,61,0.614
230,-1,1003,527,28.7,74.3,0.612
230,-1,1127,527,35.7,88.1,0.496
230,-1,1157,633,46.2,133.8,0.458
231,-1,125,588,30.8,86.4,1
231,-1,891,413,89.8,179.4,1
231,-1,1213,567,53,125.4,1
231,-1,1355,551,58,145.8,1
231,-1,1767,542,69.2,156,0.999
231,-1,827,521,20.8,51.6,0.999
231,-1,1,594,24,96.1,0.998
231,-1,983,533,25.3,62.7,0.996
231,-1,1066,546,27.3,79.8,0.995
231,-1,1127,531,36.2,94.3,0.786
231,-1,1002,535,29.7,72.3,0.533
232,-1,1365,554,53,138,1
232,-1,1774,546,67.4,147.5,1
232,-1,886,411,90.3,178.6,1
232,-1,128,587,32.2,88.6,1
232,-1,986,534,25.6,65.9,0.999
232,-1,1215,557,55.4,127.9,0.999
232,-1,830,522,18.5,52.2,0.998
232,-1,1066,549,26.3,69.7,0.992
232,-1,-1,598,28.4,92.5,0.989
232,-1,1139,530,27,75.8,0.938
232,-1,864,566,31,68.2,0.907
232,-1,1172,633,45.7,131.8,0.602
232,-1,1000,527,32.7,80,0.534
232,-1,1128,523,40.8,106,0.482
233,-1,1784,542,73.5,158,1
233,-1,887,410,92.9,167.1,1
233,-1,123,588,31.4,88.2,1
233,-1,1371,556,48.5,134.5,1
233,-1,1065,543,24.5,79.5,0.999
233,-1,982,536,24.9,60.8,0.999
233,-1,830,522,19.3,49.9,0.999
233,-1,1219,560,58.6,124.6,0.999
233,-1,0,590,25.7,97.6,0.998
233,-1,1134,530,27.8,78.5,0.989
233,-1,964,531,24.4,64.1,0.782
233,-1,868,552,33,81.2,0.478
234,-1,890,407,91.9,182.4,1
234,-1,123,588,36.3,89.6,1
234,-1,1375,555,50.4,130.8,1
234,-1,1796,545,68.5,148,0.999
234,-1,1226,562,52.9,122.2,0.997
234,-1,1068,547,28.3,78.2,0.997
234,-1,828,520,21.3,52.5,0.997
234,-1,985,529,27.5,69,0.992
234,-1,1137,529,27.9,80.7,0.984
234,-1,-1,590,22.2,96.6,0.958
234,-1,971,527,28.9,77.3,0.796
234,-1,1003,534,28.7,76.8,0.406
235,-1,900,410,82.4,167.1,1
235,-1,1374,552,55.9,136.7,1
235,-1,122,589,32.4,87.3,1
235,-1,1231,567,58.6,130.6,1
235,-1,1804,547,70.6,138.7,0.999
235,-1,835,520,19.5,50.4,0.998
235,-1,979,527,29.3,69.2,0.997
235,-1,1067,543,30.7,81.2,0.997
235,-1,0,587,19.9,97.4,0.996
235,-1,1144,527,30.2,80.6,0.967
235,-1,961,574,20.1,45.2,0.609
235,-1,1005,529,29.6,67.5,0.601
235,-1,1128,540,31.8,91.2,0.441
236,-1,894,414,95.2,164.8,1
236,-1,834,519,21.1,51.5,1
236,-1,1381,550,50.2,141.4,1
236,-1,124,589,31.5,87.9,1
236,-1,1236,559,54.9,135.7,0.999
236,-1,1805,540,76.3,146.5,0.999
236,-1,1066,551,30.7,72.9,0.998
236,-1,982,532,26.6,63.3,0.998
236,-1,1141,529,26.8,76.9,0.976
236,-1,960,553,24.4,64,0.953
236,-1,-2,590,24.6,88.1,0.758
236,-1,1011,529,29.9,69.4,0.463
237,-1,120,588,31.3,88.4,1
237,-1,1387,548,44.9,135.8,1
237,-1,1236,565,66.1,130.2,1
237,-1,1828,538,63.6,148.5,0.999
237,-1,907,409,83.8,164.5,0.999
237,-1,836,517,20.9,54.7,0.999
237,-1,964,552,22.8,65.1,0.996
237,-1,1068,543,28.9,80.2,0.985
237,-1,985,532,24.8,60,0.963
237,-1,1148,529,26.7,75.4,0.947
237,-1,0,576,18,107.3,0.772
237,-1,1012,526,29.1,67.6,0.511
237,-1,996,524,24.6,75.5,0.411
238,-1,122,588,31,91.4,1
238,-1,898,405,88,171.2,1
238,-1,1384,552,51.8,140.1,1
238,-1,1832,535,73.4,163.3,1
238,-1,1242,557,57,133.3,1
238,-1,838,515,22.1,55.9,0.999
238,-1,1065,538,32.7,83,0.997
238,-1,990,531,24.1,61.4,0.981
238,-1,1152,523,28.6,77.9,0.962
238,-1,1002,559,23,61.3,0.926
238,-1,1010,530,31.4,83.6,0.754
238,-1,972,548,24,62.8,0.478
239,-1,1245,563,66.2,135.9,1
239,-1,1845,529,71.9,162.6,1
239,-1,119,586,35.1,87,1
239,-1,910,413,89.7,169.5,1
239,-1,1390,547,52.9,146.1,1
239,-1,840,518,20.3,49.4,0.999
239,-1,1069,542,32.1,78.3,0.999
239,-1,991,528,25.2,63.7,0.997
239,-1,997,547,26,70.2,0.981
239,-1,1152,524,28.7,74.3,0.742
239,-1,1010,527,37.1,86.5,0.666
239,-1,966,558,28,63.1,0.65
240,-1,118,585,35,91.4,1
240,-1,1251,561,66,146.1,1
240,-1,907,408,88.9,177,1
240,-1,1393,553,46.5,132.2,1
240,-1,1067,537,33.4,96.2,1
240,-1,1854,541,69.3,138,0.999
240,-1,841,521,18.8,44.7,0.998
240,-1,1001,548,24.1,66.3,0.989
240,-1,993,524,25.9,67.4,0.973
240,-1,1162,527,25.1,71.8,0.857
240,-1,964,551,32.6,71,0.722
240,-1,884,656,29.9,88.1,0.465
241,-1,1254,557,74.9,156,1
241,-1,119,586,35.7,95.1,1
241,-1,1068,541,32.3,89.7,1
241,-1,1389,544,56.7,155.2,1
241,-1,912,405,91.4,173,1
241,-1,842,516,20,52.2,0.999
241,-1,994,527,26.4,70.2,0.998
241,-1,1873,528,63.3,163.5,0.98
241,-1,1158,529,27.4,77.1,0.828
241,-1,1011,549,30.5,79.7,0.789
241,-1,973,552,31.1,75.1,0.761
242,-1,1267,565,55.1,138.4,1
242,-1,116,589,36.2,89.9,1
242,-1,1405,552,50.5,146.5,1
242,-1,1069,539,32.7,85.2,1
242,-1,914,398,98.7,187.9,1
242,-1,1011,551,29.1,77,0.999
242,-1,847,519,20.4,49.8,0.998
242,-1,999,524,26.6,81,0.889
242,-1,970,562,32,76,0.807
242,-1,988,555,30.5,72.6,0.771
242,-1,1023,524,24.2,75.7,0.703
242,-1,1225,651,48.1,135.6,0.666
242,-1,1030,542,28.6,77.8,0.445
243,-1,922,396,91.3,190.2,1
243,-1,1406,553,52.1,145.3,1
243,-1,117,582,36.2,101.1,1
243,-1,1269,560,68.6,148.9,1
243,-1,1069,543,30.7,81.4,1
243,-1,1012,551,29.8,70.2,0.999
243,-1,850,515,20.1,53.8,0.998
243,-1,1024,543,32.5,83.1,0.968
243,-1,1169,521,30.3,79.3,0.809
243,-1,1087,539,31.7,83.5,0.616
243,-1,999,511,30.5,80.5,0.427
244,-1,1414,550,53.6,144.7,1
244,-1,1284,567,63.4,140.2,1
244,-1,918,397,97,181.7,1
244,-1,119,580,36.4,94.2,1
244,-1,1072,540,29.1,84.2,1
244,-1,848,513,21.3,53.8,0.999
244,-1,1004,517,25.3,67.9,0.967
244,-1,1054,542,32.4,82.3,0.915
244,-1,1173,520,27.5,79,0.902
244,-1,1031,550,30.4,71.8,0.846
244,-1,992,528,35.3,86.2,0.571
245,-1,1073,543,33,74.7,1
245,-1,913,381,103.7,205.6,1
245,-1,1411,544,61.6,159.1,1
245,-1,118,584,31.1,93.8,1
245,-1,1288,569,61.5,149.5,1
245,-1,856,520,17.5,47.3,0.996
245,-1,1010,548,33.2,77.3,0.994
245,-1,1177,523,29,73.7,0.95
245,-1,1045,551,29.5,71.8,0.902
245,-1,1125,570,20.2,50.6,0.685
246,-1,1294,567,65.3,153.9,1
246,-1,1082,541,31.8,85.5,1
246,-1,925,401,103.1,193.4,1
246,-1,119,581,37.4,98.8,1
246,-1,1423,553,46.3,140,1
246,-1,860,520,18,47.5,0.999
246,-1,1009,541,32.5,88.3,0.989
246,-1,1181,520,32.3,81.8,0.98
246,-1,1043,553,33.7,77.9,0.96
246,-1,1060,546,32.8,81.3,0.876
247,-1,1428,548,54.7,150.8,1
247,-1,1305,562,64.6,148.8,1
247,-1,861,517,19.7,47.3,1
247,-1,1079,543,32.6,87.3,1
247,-1,117,586,35,97.1,1
247,-1,925,387,105,214.3,1
247,-1,1184,522,30.1,78.2,0.984
247,-1,1057,553,35.2,83,0.982
247,-1,1020,552,34.9,76.6,0.899
247,-1,1029,527,39.3,97.1,0.735
248,-1,1312,570,66,151,1
248,-1,940,387,102.7,212.1,1
248,-1,118,583,35.3,95.5,1
248,-1,1427,550,55,141.8,1
248,-1,1084,534,37.7,98.8,1
248,-1,864,517,20.5,50.2,0.999
248,-1,1190,526,30.4,71.8,0.993
248,-1,1054,558,33.1,77.7,0.986
248,-1,1022,549,36.8,87.5,0.981
248,-1,1037,528,39.3,106.8,0.946
248,-1,1121,535,28.8,73,0.691
249,-1,935,395,98,204.9,1
249,-1,119,586,35.4,93.3,1
249,-1,1089,542,35.4,90.2,1
249,-1,1327,568,66.1,155.2,1
249,-1,1437,558,54.9,138.7,0.999
249,-1,1068,529,40,101.6,0.999
249,-1,870,518,20.9,52.5,0.99
249,-1,1195,522,26.4,82.1,0.984
249,-1,1019,557,31.9,65,0.929
249,-1,1128,543,28.6,69.1,0.897
249,-1,1038,552,33.1,74.3,0.604
249,-1,1111,539,33.2,82.3,0.403
250,-1,123,591,33.3,93.6,1
250,-1,948,387,101.6,204.5,1
250,-1,1096,538,34,89.7,1
250,-1,1327,569,67.8,153.4,1
250,-1,1442,545,60.9,154.7,1
250,-1,871,515,20.9,51,0.999
250,-1,1078,532,36,104.7,0.997
250,-1,1200,524,28.3,80.4,0.994
250,-1,1136,542,31,81.5,0.955
250,-1,1116,541,29.4,80.8,0.887
250,-1,1033,558,27,66.3,0.797
250,-1,1056,552,39,83,0.755
251,-1,124,591,35.6,94.7,1
251,-1,952,394,96.8,208.9,1
251,-1,1090,540,41,96.7,1
251,-1,1341,576,62,148.2,1
251,-1,1445,553,58.6,152.9,1
251,-1,1207,523,29.9,78.4,0.999
251,-1,877,519,20.2,46.8,0.993
251,-1,1119,544,35.8,84.2,0.993
251,-1,1044,521,44.3,107.2,0.954
251,-1,1144,526,37.3,93,0.874
251,-1,925,524,27.8,74.9,0.454
252,-1,953,383,108.3,219.5,1
252,-1,1459,541,55.4,151.3,1
252,-1,123,589,34.2,94.9,1
252,-1,1351,576,61.8,141.4,1
252,-1,1102,545,34.4,81.5,1
252,-1,879,521,20.6,46.4,0.999
252,-1,1207,522,33,82,0.994
252,-1,1076,553,35.9,79.4,0.941
252,-1,1192,539,24,63,0.895
252,-1,1131,545,29.9,74.7,0.846
252,-1,1148,518,37,106.6,0.722
252,-1,1058,556,32.5,73.6,0.523
253,-1,1354,570,71.2,153.4,1
253,-1,128,589,35,98.1,1
253,-1,1217,518,29.6,83.1,1
253,-1,1097,544,37.8,89.9,1
253,-1,959,387,112.2,224.9,1
253,-1,1460,541,61.2,155.3,1
253,-1,883,521,20.4,50.7,0.995
253,-1,1134,541,37.1,92,0.979
253,-1,1201,532,24.4,70.4,0.964
253,-1,1160,538,31.8,80.8,0.939
253,-1,1297,594,37,104.4,0.423
254,-1,1099,544,37.2,88.2,1
254,-1,1472,550,58.2,140.5,1
254,-1,131,597,34.5,93.7,1
254,-1,1223,525,30.2,77,1
254,-1,968,386,111.9,226.2,1
254,-1,1366,566,65.3,164.2,1
254,-1,886,520,21.8,44.7,0.995
254,-1,1123,545,34.2,86.4,0.987
254,-1,1202,525,27.4,86.1,0.931
254,-1,1150,535,38.4,99.6,0.674
255,-1,128,596,34.5,96.8,1
255,-1,1477,534,56.9,161.7,1
255,-1,975,373,123.7,246.7,1
255,-1,1381,578,57.2,151.5,1
255,-1,1107,545,38.7,88.9,1
255,-1,1231,516,27.3,76.3,0.999
255,-1,890,519,21.3,51.1,0.998
255,-1,1208,533,27,78.2,0.989
255,-1,-1,604,26.6,100.4,0.896
255,-1,1140,544,38.9,84.2,0.884
255,-1,1162,525,37.4,92.9,0.704
255,-1,1218,526,34.9,93.9,0.417
256,-1,134,604,33.7,93.8,1
256,-1,986,367,112.2,245.8,1
256,-1,1386,567,62.4,157.7,1
256,-1,1109,540,43,97.8,1
256,-1,1484,539,60.4,162.1,1
256,-1,1236,532,29.3,81.3,0.999
256,-1,1213,530,30.3,84.7,0.997
256,-1,1153,541,33.5,92.7,0.995
256,-1,897,518,21.8,51,0.987
256,-1,-2,609,29.3,98.8,0.932
256,-1,1170,544,34.7,73.2,0.86
256,-1,1356,586,55.5,135.8,0.454
257,-1,980,369,133.5,250.3,1
257,-1,1116,541,38.9,93.9,1
257,-1,136,597,37.1,101.1,1
257,-1,1395,574,67.3,159,1
257,-1,1497,537,58.8,155.5,0.999
257,-1,1243,513,29.6,88,0.995
257,-1,-1,603,23.2,108.3,0.994
257,-1,899,517,21.1,48.9,0.994
257,-1,1191,528,37.5,91.4,0.951
257,-1,1139,535,34.9,93.8,0.884
257,-1,1221,524,29.8,90.4,0.83
258,-1,140,600,34.8,94.2,1
258,-1,994,370,121.8,240.1,1
258,-1,1409,576,68.9,166.3,1
258,-1,1501,531,60.5,172.2,1
258,-1,1117,547,36.9,84,0.999
258,-1,0,609,26.1,101,0.999
258,-1,1245,527,33,89.5,0.995
258,-1,904,519,23,54.6,0.995
258,-1,1196,536,42.5,79.1,0.899
258,-1,1223,532,30.6,83.1,0.83
259,-1,1002,366,120.5,252.8,1
259,-1,143,602,34,92.6,1
259,-1,1502,542,70,161.5,1
259,-1,1120,540,41,91.1,1
259,-1,1417,575,69.1,174.2,1
259,-1,-2,608,28,99.1,0.999
259,-1,1256,519,26.7,72.3,0.995
259,-1,1235,534,28.8,75.5,0.994
259,-1,911,515,22,53.6,0.992
259,-1,1152,538,30.2,75.7,0.488
260,-1,1130,543,39.3,91.3,1
260,-1,1001,363,124.4,245.8,1
260,-1,141,594,37.7,106.4,1
260,-1,1427,580,68,173.8,1
260,-1,1501,536,67.2,163.5,1
260,-1,0,604,28.5,101.5,0.999
260,-1,1264,525,32.2,86.8,0.995
260,-1,916,513,23.7,56.5,0.986
260,-1,1240,541,33.9,74.7,0.719
260,-1,1155,533,38.8,103.3,0.426
261,-1,1016,366,144.5,237.7,1
261,-1,1446,575,71.2,178.3,1
261,-1,149,600,36.7,95.9,1
261,-1,1513,539,71.5,163.7,1
261,-1,-1,614,36.8,99.2,0.999
261,-1,1134,544,38.2,95.1,0.999
261,-1,922,516,24,57.9,0.986
261,-1,1265,516,37.3,103.3,0.986
261,-1,1155,534,36.9,91.8,0.732
262,-1,1036,349,144.9,265.2,1
262,-1,152,602,34.4,98.4,1
262,-1,1513,544,84.1,162.8,1
262,-1,1453,573,70.7,184.2,1
262,-1,1,613,30.8,97.6,1
262,-1,1257,545,28.9,62.7,0.992
262,-1,1269,518,34,98.4,0.972
262,-1,931,519,22.1,52,0.97
262,-1,1187,523,37.6,107.5,0.572
262,-1,1023,535,24.4,63.8,0.508
262,-1,1156,526,47,106.9,0.404
263,-1,150,599,37,101.3,1
263,-1,1532,550,73.9,151.4,1
263,-1,1,609,31.7,103.5,1
263,-1,1045,373,114.9,246.6,1
263,-1,1470,578,72.3,174.7,0.999
263,-1,1151,544,38.4,96.9,0.998
263,-1,1196,524,38,111.8,0.979
263,-1,932,512,26.6,61.4,0.959
263,-1,1283,528,34.3,83.1,0.914
264,-1,1054,359,121.2,255.7,1
264,-1,1478,575,74.1,179.5,1
264,-1,1531,541,95.7,160.9,1
264,-1,153,602,33.9,99,1
264,-1,1163,543,40.8,96.1,1
264,-1,3,608,36.1,103.2,1
264,-1,935,517,26.3,56.7,0.992
264,-1,1290,517,27.4,85.4,0.935
264,-1,1193,520,41.4,116.7,0.663
264,-1,1035,525,21.4,68,0.625
265,-1,1547,552,83.7,159.1,1
265,-1,1053,348,159.2,276,1
265,-1,156,606,35.9,98.3,1
265,-1,6,616,32.4,94.2,1
265,-1,1485,585,77.9,167.9,1
265,-1,1296,520,28.5,82.1,0.997
265,-1,942,514,24.9,54.8,0.992
265,-1,1207,529,38.3,103.9,0.659
265,-1,1034,518,29.8,76.2,0.523
266,-1,1066,362,149,258,1
266,-1,157,599,39.4,102.7,1
266,-1,1560,555,92.1,153.3,1
266,-1,1507,588,69.3,160.9,1
266,-1,8,616,39.7,98.8,0.999
266,-1,1304,522,33.8,91,0.999
266,-1,947,515,23.2,53.5,0.988
266,-1,1213,542,39.6,105.1,0.728
267,-1,1085,346,135.8,291.6,1
267,-1,12,621,34.5,89,1
267,-1,1569,553,81.5,167.5,1
267,-1,1311,525,31.4,84.8,1
267,-1,159,602,36.7,104.2,1
267,-1,1524,579,82.4,184.3,0.999
267,-1,950,519,23.9,49.7,0.986
267,-1,1218,542,41.6,106.3,0.723
267,-1,1376,636,28.2,75,0.597
267,-1,957,509,26.6,66,0.584
268,-1,1574,540,87.9,175.6,1
268,-1,163,602,40.6,103.4,1
268,-1,1095,356,133.5,291.7,1
268,-1,1319,522,33.3,92.9,1
268,-1,15,616,35.7,94.5,0.999
268,-1,1534,592,79.4,180.6,0.999
268,-1,960,518,25.1,53.9,0.995
268,-1,1057,508,41.2,99.2,0.872
268,-1,1217,542,50.8,103.3,0.697
269,-1,1118,372,121.9,274.5,1
269,-1,13,616,37.1,93.6,1
269,-1,1554,594,63.6,181.8,1
269,-1,166,598,36.1,104.7,1
269,-1,1325,526,36,90.2,1
269,-1,1588,559,73,160.1,1
269,-1,961,518,25.3,57,0.993
269,-1,1229,553,36.9,92.9,0.927
270,-1,1589,526,88.6,206.2,1
270,-1,1104,355,168.1,295.2,1
270,-1,18,609,36.8,96.9,1
270,-1,165,598,37.5,101.4,0.999
270,-1,1337,526,30.7,87.4,0.999
270,-1,1559,583,70.8,199.9,0.998
270,-1,968,515,25.6,58.9,0.989
270,-1,1689,573,54.1,109.6,0.732
271,-1,174,593,37.9,100.7,1
271,-1,1590,591,59.9,193.5,1
271,-1,1132,347,141.8,293.7,1
271,-1,1345,526,32.2,88.5,0.999
271,-1,20,608,39.9,99.9,0.998
271,-1,1597,536,93.6,192.1,0.996
271,-1,972,517,23.9,49.7,0.995
272,-1,173,596,36.2,104.9,1
272,-1,1135,353,145,290.7,1
272,-1,21,608,37.1,98.5,1
272,-1,1601,592,70,205.9,1
272,-1,1351,530,33.6,86.9,0.997
272,-1,981,516,23.5,51.5,0.997
272,-1,1620,553,85.3,186.6,0.779
273,-1,1160,338,155,314.8,1
273,-1,23,603,40.5,101.2,1
273,-1,1605,590,79.3,206,1
273,-1,182,595,38.2,99.7,0.999
273,-1,1358,526,32.7,91.3,0.998
273,-1,982,518,23.9,49.8,0.995
273,-1,1628,540,95.5,218.7,0.852
274,-1,1627,597,72.3,206.7,1
274,-1,1172,354,163.5,287.3,1
274,-1,26,603,38.5,99.1,1
274,-1,183,592,37.2,104.5,0.999
274,-1,1366,526,30.5,85.9,0.994
274,-1,990,517,23.6,47.8,0.971
275,-1,30,612,36.4,92.3,1
275,-1,1184,332,158,297.1,1
275,-1,1647,599,69.7,209.4,1
275,-1,188,591,37.4,106.6,0.999
275,-1,1374,525,32.7,87.8,0.995
275,-1,994,516,22.3,45.6,0.994
276,-1,1652,612,77.2,203.9,1
276,-1,1206,330,161,306.6,1
276,-1,187,589,39.8,111.1,1
276,-1,27,603,41.4,105.6,1
276,-1,999,514,24.7,52.4,0.992
276,-1,1379,524,33.7,93.7,0.988
276,-1,1755,558,59.5,148.9,0.913
276,-1,1668,554,41.5,100.1,0.726
276,-1,1383,544,42.8,120.4,0.471
277,-1,1212,334,191.9,322.2,1
277,-1,1670,605,92.8,219.5,1
277,-1,31,603,39,100.8,1
277,-1,193,590,37.7,111.6,0.999
277,-1,1389,521,37.1,97.3,0.992
277,-1,1008,517,20,45.9,0.982
277,-1,1175,531,31.2,87.2,0.852
277,-1,1784,542,59.1,144.5,0.812
278,-1,196,593,37.5,106.3,1
278,-1,1214,327,211.9,322.5,1
278,-1,1685,554,58.5,173.4,1
278,-1,1686,609,97,224.4,1
278,-1,35,602,40.7,106.4,1
278,-1,1009,515,23.5,46.5,0.994
278,-1,1185,533,25,64.6,0.793
278,-1,1815,546,55.3,134.9,0.655
278,-1,1655,562,57.9,125.6,0.639
278,-1,1020,541,20.1,40.5,0.58
278,-1,178,598,32.4,95.7,0.4
279,-1,1705,602,98.1,236.6,1
279,-1,35,608,39.5,103.3,1
279,-1,1251,334,200.2,331.8,1
279,-1,1683,547,71.7,187.3,1
279,-1,193,596,39.9,104.5,0.999
279,-1,1013,515,22,43.3,0.996
279,-1,1191,534,28.5,66.7,0.94
279,-1,1846,570,45.5,115.9,0.466
279,-1,1065,508,28.7,79.3,0.408
280,-1,1700,554,76.8,182.5,1
280,-1,1715,615,99.7,220,1
280,-1,1251,314,201.4,337.2,1
280,-1,199,593,37.5,109.6,1
280,-1,37,605,40,109.5,1
280,-1,1020,515,22.1,46.9,0.999
280,-1,1226,550,41.3,107.5,0.973
280,-1,1134,531,26.6,63.5,0.429
281,-1,42,611,39.8,107.4,1
281,-1,1260,310,217.4,362.1,1
281,-1,204,598,38.7,107.7,1
281,-1,1741,611,96.5,233.5,1
281,-1,1713,540,61.1,194.3,0.999
281,-1,1028,511,24.3,51.9,0.994
281,-1,1845,593,53.4,112.6,0.637
281,-1,1233,538,50,110.1,0.411
282,-1,1293,283,203.8,407.4,1
282,-1,43,611,36.9,95.1,1
282,-1,1762,624,105,212.3,1
282,-1,1723,550,72.1,186.6,0.999
282,-1,200,596,40.9,111.9,0.999
282,-1,1033,518,19.1,36.7,0.993
282,-1,1067,545,18.7,37.7,0.453
283,-1,1735,551,77.9,179.7,1
283,-1,1311,300,221.9,368.6,1
283,-1,1768,615,118.4,237.5,1
283,-1,41,610,40.6,107.8,1
283,-1,208,596,40.5,114.6,0.999
283,-1,1038,517,21.1,41.9,0.994
283,-1,1240,544,42.7,110.8,0.795
283,-1,1277,541,45,118.6,0.441
284,-1,1802,613,106.9,248.2,1
284,-1,47,611,42.2,109.9,1
284,-1,205,598,38.4,115,1
284,-1,1324,278,241.2,415.9,1
284,-1,1753,546,72.1,189.9,1
284,-1,1041,514,22.7,46.3,0.999
284,-1,1292,540,44.5,112.3,0.759
284,-1,1245,544,41.3,110.6,0.564
285,-1,1349,294,223.7,390.1,1
285,-1,1820,621,97.1,220.4,1
285,-1,212,600,38.4,109.6,1
285,-1,1760,542,76.8,199.7,1
285,-1,48,612,42.1,106.2,1
285,-1,1047,515,24.8,49,0.998
285,-1,1310,541,44.8,111.1,0.699
285,-1,1163,520,29.2,77.8,0.501
285,-1,1253,536,46.1,121.5,0.47
286,-1,1360,270,260.4,444.9,1
286,-1,46,616,44.6,105.3,1
286,-1,1767,546,90.8,198.4,1
286,-1,1848,619,85,234.5,0.999
286,-1,216,604,37.6,107.1,0.999
286,-1,1051,515,23.1,47.8,0.998
286,-1,1257,539,45.4,116.5,0.89
286,-1,1192,521,30,85.5,0.566
286,-1,1171,521,29,83.3,0.439
287,-1,1394,271,259.6,433.8,1
287,-1,49,616,42.1,111,1
287,-1,1788,550,80.3,190.4,1
287,-1,216,611,36.2,104.8,0.999
287,-1,1060,513,23.6,49.4,0.999
287,-1,1879,632,59.5,239.6,0.963
287,-1,1261,552,45.5,109,0.896
287,-1,1194,524,29.6,81,0.816
287,-1,1129,508,27.8,84.7,0.676
288,-1,1430,248,237.4,477.5,1
288,-1,1799,544,76.3,191.6,1
288,-1,50,617,41.1,112.1,1
288,-1,1067,516,21.4,41.6,0.999
288,-1,220,604,40.7,107,0.999
288,-1,1197,518,34,87.3,0.917
288,-1,1271,553,42.4,113.7,0.878
288,-1,1307,535,48.1,123.2,0.557
288,-1,1157,506,22,49.5,0.458
289,-1,53,618,42.8,109,1
289,-1,1436,239,243.5,507,1
289,-1,1819,539,81.6,209.8,1
289,-1,223,604,43.3,118.2,0.999
289,-1,1065,515,24.5,46.8,0.998
289,-1,1207,527,30.8,80.7,0.925
289,-1,1279,561,39.6,108.2,0.576
290,-1,1072,510,23.9,46.7,1
290,-1,1837,539,80.2,205.6,1
290,-1,1483,229,249.3,504.1,1
290,-1,54,616,41,111.2,1
290,-1,227,608,39.7,106.4,0.999
290,-1,1208,524,36.6,87.1,0.973
290,-1,1286,561,36.6,102,0.69
290,-1,1164,508,21,41.2,0.602
290,-1,1144,509,24,48.8,0.415
291,-1,1505,232,268.5,509.3,1
291,-1,1852,542,77.7,203.3,1
291,-1,58,622,41.6,109.3,1
291,-1,1077,511,25.9,51.2,0.999
291,-1,224,608,40,107.3,0.997
291,-1,1220,525,33.1,86.2,0.636
291,-1,1281,563,44,113.2,0.535
291,-1,1168,508,20.8,44.5,0.426
292,-1,1520,231,297.3,525.3,1
292,-1,61,628,42,103.5,1
292,-1,1085,509,25.3,51.6,0.999
292,-1,1862,533,71.3,214.1,0.999
292,-1,226,610,43.2,115.4,0.998
292,-1,1294,565,45.4,107.2,0.89
292,-1,1176,506,19.4,46.3,0.499
293,-1,62,627,43.5,111.2,1
293,-1,1566,215,293.5,529.4,1
293,-1,1087,509,25.6,49.1,0.998
293,-1,232,610,42.3,112.4,0.997
293,-1,1298,558,42,113.4,0.947
293,-1,1876,535,55.1,223.4,0.923
293,-1,1185,506,21,49.8,0.672
294,-1,58,625,44.7,115.4,1
294,-1,1593,201,307.8,587.6,1
294,-1,1091,510,25,48.3,0.999
294,-1,233,614,42.3,115.3,0.997
294,-1,1302,558,40.9,102,0.691
294,-1,1527,510,33.7,103.4,0.45
295,-1,1611,198,313,596.7,1
295,-1,60,624,42.3,114.3,1
295,-1,1100,509,23.2,52.5,0.999
295,-1,238,615,38.6,108.8,0.998
295,-1,220,606,38.2,114,0.862
295,-1,1139,534,26.2,66,0.73
295,-1,1309,555,43.3,124.9,0.681
295,-1,1238,528,30.6,75.9,0.609
296,-1,1670,204,279.2,571.9,1
296,-1,61,629,44.1,107,1
296,-1,1106,516,23.2,54,0.999
296,-1,235,620,38.9,114.4,0.997
296,-1,1171,537,30.1,61,0.645
296,-1,1311,585,45,126,0.584
297,-1,64,632,41.7,108.6,1
297,-1,235,621,39.6,112.6,0.999
297,-1,1106,512,24.2,54.3,0.999
297,-1,1700,195,277.2,612.8,0.99
297,-1,1322,571,40.4,125.4,0.52
298,-1,63,627,44.8,118,1
298,-1,1114,516,22.3,54.4,0.999
298,-1,234,614,41.1,121.8,0.996
298,-1,1353,540,44.9,145,0.497
298,-1,1734,170,241.8,679.8,0.419
299,-1,65,625,42.8,112.5,1
299,-1,1117,513,23.4,55.1,1
299,-1,239,620,40.4,114.1,0.999
300,-1,1124,518,21.2,54.9,1
300,-1,63,625,46.9,125.1,1
300,-1,235,618,41.5,121.4,0.999
301,-1,63,625,48.6,125.9,1
301,-1,1124,515,23.8,58,0.999
301,-1,238,618,41.4,117.7,0.995
301,-1,1208,538,26.6,62.7,0.481
302,-1,1132,515,23.1,55.8,1
302,-1,64,625,46.1,121.6,1
302,-1,237,618,41.7,119,0.999
302,-1,1206,532,25.8,57.9,0.674
302,-1,1232,537,27.2,63.2,0.441
303,-1,1133,517,25.6,54.9,1
303,-1,63,634,44.2,113.6,1
303,-1,248,619,42.9,112.4,0.995
303,-1,224,622,44.8,122.8,0.925
303,-1,1594,523,41.6,108.8,0.597
303,-1,1234,552,23.1,50.9,0.566
304,-1,1138,521,27,57.9,1
304,-1,63,628,47.6,121.3,1
304,-1,238,628,39.4,113,0.996
304,-1,1243,549,27.7,58,0.652
305,-1,1143,524,23.6,54.5,1
305,-1,65,637,45.7,117.6,1
305,-1,235,629,42.7,123.1,0.998
305,-1,1611,527,46.5,120.7,0.651
305,-1,1249,553,25.1,61.7,0.451
306,-1,65,636,45.8,122.7,1
306,-1,1148,525,25.8,55.2,1
306,-1,239,640,41.9,110.8,0.997
306,-1,1619,540,43.3,112.7,0.467
306,-1,1255,551,26.7,64.9,0.455
307,-1,1152,525,26.8,57.8,1
307,-1,63,638,46.4,117.8,1
307,-1,235,636,42.3,117.3,0.996
307,-1,1225,518,24.5,59,0.749
307,-1,1264,556,25.2,61.4,0.596
307,-1,1100,449,46.6,87.8,0.466
308,-1,1155,528,25.8,54.8,1
308,-1,62,643,47.9,121.8,1
308,-1,236,643,44.8,115.4,0.997
308,-1,1265,551,30.6,77.1,0.8
308,-1,1635,536,42.2,117.6,0.47
308,-1,1229,518,22.5,60.7,0.464
309,-1,60,641,57.3,124.2,1
309,-1,1160,528,24.3,52.9,1
309,-1,237,638,45.5,122.3,0.997
309,-1,1364,587,28.5,69.7,0.938
309,-1,1233,520,24.1,60.7,0.842
309,-1,1256,517,24.4,59.3,0.785
309,-1,1287,563,23.6,57.5,0.782
309,-1,1646,533,42,121.9,0.698
309,-1,1275,565,23,52.9,0.539
310,-1,1165,531,26.2,56.3,1
310,-1,64,642,45.4,116.7,1
310,-1,239,641,41.5,113.2,0.994
310,-1,1236,522,24.1,60.8,0.974
310,-1,1294,563,23,58,0.797
310,-1,1262,518,24.5,55.3,0.536
310,-1,1651,540,48.3,118.7,0.413
311,-1,61,638,45.8,135.3,1
311,-1,1170,526,24.1,59.8,1
311,-1,239,643,42.7,118.5,0.998
311,-1,1242,518,24.7,58.4,0.978
311,-1,1262,513,25.4,57.4,0.881
311,-1,1657,538,43.4,116.5,0.756
312,-1,55,652,45.4,114.7,1
312,-1,1172,529,22.8,50.6,1
312,-1,1246,518,25.6,62.7,0.993
312,-1,239,646,39.7,118.7,0.992
312,-1,256,626,43,121,0.919
312,-1,1266,514,24.3,58.8,0.919
312,-1,1662,539,44.9,122.3,0.607
312,-1,1288,554,24.5,64.8,0.586
313,-1,57,646,50.8,122.8,1
313,-1,1182,529,23.2,52.4,0.999
313,-1,1250,526,25.5,56,0.998
313,-1,237,648,40.6,118.1,0.997
313,-1,254,632,41.1,108.2,0.942
313,-1,1373,595,52,136.2,0.931
313,-1,1273,517,23.3,55.1,0.928
314,-1,53,651,51.7,119.8,1
314,-1,1178,528,28.8,56.6,1
314,-1,1255,521,23.9,55.2,0.998
314,-1,238,646,41.8,120.1,0.995
314,-1,1279,520,22.8,50.3,0.982
314,-1,1308,551,26.7,73.4,0.41
315,-1,1188,532,24.9,52.9,1
315,-1,52,649,45.5,121.5,1
315,-1,1263,522,23.4,56.8,0.999
315,-1,238,649,40.9,118.2,0.995
315,-1,1287,520,22,48.3,0.977
315,-1,1402,659,30.1,72.1,0.78
315,-1,1136,446,49.3,99.6,0.657
315,-1,1379,580,54,133.9,0.5
316,-1,52,646,48.3,126.6,1
316,-1,1190,526,25.9,64.5,1
316,-1,1262,520,23.6,60.1,0.997
316,-1,239,648,43.6,119.2,0.992
316,-1,1288,520,21.4,50.9,0.972
316,-1,1405,645,34.6,93.2,0.46
317,-1,49,647,51.6,127.4,1
317,-1,1189,526,25,59.4,1
317,-1,1268,520,25.3,62,0.999
317,-1,243,651,45.2,116.7,0.995
317,-1,1294,521,20.8,50.8,0.985
318,-1,1195,529,26.2,58.2,1
318,-1,1275,521,24.2,57.2,1
318,-1,51,655,47.2,125,1
318,-1,236,649,44.3,125.3,0.996
318,-1,1295,518,23.1,54,0.995
318,-1,1397,591,49.3,148.5,0.744
318,-1,258,630,39.5,119.3,0.437
319,-1,48,652,49.3,125.8,1
319,-1,1202,532,25.5,55.2,0.999
319,-1,1278,522,23,54.2,0.998
319,-1,236,650,39.5,122,0.996
319,-1,1306,518,20.7,51.4,0.982
319,-1,1160,441,49.1,96.1,0.586
320,-1,1201,528,26.3,56,1
320,-1,49,654,47.5,122.1,1
320,-1,1280,522,23.1,54.8,0.999
320,-1,247,652,43.1,120.4,0.99
320,-1,1305,519,22.3,54.1,0.987
320,-1,222,642,47,128.2,0.809
321,-1,43,658,48.8,128.3,1
321,-1,1205,526,26.3,62,1
321,-1,237,652,40.7,126.1,0.999
321,-1,1283,522,24.2,56.6,0.999
321,-1,1313,516,20.2,55.2,0.978
321,-1,1407,604,52.4,105.9,0.918
321,-1,255,638,40.3,111,0.747
321,-1,1169,441,46.6,95.7,0.586
321,-1,1300,526,20.9,51.3,0.516
322,-1,39,651,55.8,126.2,1
322,-1,1291,521,24.1,59.3,1
322,-1,1209,530,23.4,57.7,0.999
322,-1,1314,516,22.3,52.8,0.987
322,-1,240,645,41.6,124.2,0.981
322,-1,1484,549,29.5,82.9,0.47
323,-1,36,652,52.7,133.7,1
323,-1,1213,528,25.1,55.7,0.999
323,-1,1290,517,24.6,58.9,0.998
323,-1,1317,519,22.5,52.2,0.992
323,-1,234,649,44.9,126.8,0.986
323,-1,1489,550,30.6,83.5,0.661
324,-1,1293,517,25,60.9,1
324,-1,39,652,51.1,130.1,1
324,-1,1214,523,28.1,61.7,1
324,-1,239,651,43.5,120.5,0.994
324,-1,1323,516,21,50.6,0.989
324,-1,1500,548,30.1,80.9,0.835
324,-1,1186,429,51,112.5,0.541
324,-1,1456,526,33.7,84.4,0.532
325,-1,1219,526,24.6,58.5,1
325,-1,33,649,51.2,138.8,0.999
325,-1,1295,520,24.5,55.8,0.999
325,-1,1328,513,22,54.7,0.993
325,-1,243,647,44.6,125.9,0.99
325,-1,1458,530,32.3,87,0.904
325,-1,218,640,47.3,131,0.89
325,-1,1505,548,29.4,77.1,0.873
325,-1,1520,599,41.2,116,0.72
325,-1,1316,519,21.7,52.7,0.494
325,-1,1187,429,56.1,110.8,0.452
326,-1,1300,520,24.8,59.1,1
326,-1,1219,523,27.2,58.6,1
326,-1,25,658,54.1,135.3,0.999
326,-1,232,653,44.7,119.4,0.995
326,-1,1329,516,22.1,51.7,0.989
326,-1,1453,529,33.3,92.4,0.923
326,-1,1471,537,32.6,91.7,0.844
326,-1,1511,547,29,79.6,0.805
326,-1,1194,432,49.7,109.3,0.486
327,-1,1225,523,24.1,57.1,1
327,-1,1306,520,22.9,53,1
327,-1,25,648,52.5,137.3,1
327,-1,225,652,45.3,129.2,0.992
327,-1,1331,513,21.9,51.9,0.986
327,-1,1521,550,28.2,78.1,0.929
327,-1,1466,527,31.3,91.2,0.902
327,-1,1417,609,63.3,128.9,0.791
327,-1,1483,556,27.7,78.6,0.782
327,-1,1521,592,46.5,130.5,0.728
327,-1,1191,433,57.4,103.7,0.599
327,-1,1449,533,34.2,89.4,0.54
328,-1,22,655,51.4,132.4,1
328,-1,1306,518,23.9,56.6,0.999
328,-1,1229,524,25.2,58.8,0.999
328,-1,222,654,46.3,126,0.99
328,-1,1335,514,23.5,54.4,0.989
328,-1,1472,532,29.4,81.1,0.985
328,-1,1522,549,32.5,79.8,0.93
328,-1,1418,602,68.1,142.3,0.868
328,-1,1197,435,51.5,102,0.816
328,-1,1457,529,32.8,93.2,0.693
328,-1,1486,555,29.2,78.7,0.522
328,-1,1324,514,21.1,56,0.414
328,-1,1427,535,40.4,90.5,0.408
329,-1,1309,515,23.5,57.4,1
329,-1,21,658,46.2,129.4,1
329,-1,1230,520,23.7,61.2,0.999
329,-1,1337,512,21.6,48.5,0.994
329,-1,224,650,42.7,124.2,0.994
329,-1,1529,546,28.1,80.2,0.988
329,-1,1477,526,31.5,86.6,0.978
329,-1,1493,546,32.8,86.3,0.889
329,-1,1460,525,36.3,99,0.781
329,-1,1326,510,20.7,53.9,0.516
329,-1,1427,614,54.5,132.8,0.447
330,-1,12,657,47.1,124.1,1
330,-1,1234,522,23.6,58.4,0.999
330,-1,1312,514,23.7,57.5,0.999
330,-1,1532,543,29.3,81.6,0.998
330,-1,1339,509,22.5,52.4,0.997
330,-1,211,650,44.5,127.8,0.997
330,-1,1476,529,29.6,81.5,0.992
330,-1,1501,541,34.6,89.8,0.95
330,-1,231,629,44.4,135.8,0.84
330,-1,1528,595,49.7,133.1,0.406
331,-1,19,653,47.2,130.4,1
331,-1,1237,517,24.2,59.7,0.999
331,-1,1313,507,23.4,63.4,0.998
331,-1,1539,542,31.4,82.9,0.998
331,-1,1337,504,24.4,58.7,0.996
331,-1,216,650,45.8,128.1,0.995
331,-1,1475,516,30.4,97.2,0.992
331,-1,1423,603,65.4,127.7,0.926
331,-1,1502,539,33.3,86.4,0.842
331,-1,1445,533,31.2,71.8,0.454
331,-1,1449,531,42.6,111.3,0.429
332,-1,7,652,47.4,126.8,1
332,-1,1318,506,24.2,56.1,1
332,-1,1239,514,26.3,56.2,0.999
332,-1,1343,497,25.6,58.5,0.997
332,-1,1484,528,29.9,79.5,0.997
332,-1,1544,538,33,88,0.995
332,-1,210,641,44.8,131.9,0.984
332,-1,1508,539,30.8,77.6,0.742
332,-1,1438,529,38.4,90.4,0.718
332,-1,1205,420,56.2,106.8,0.548
332,-1,1458,521,37.7,96.4,0.53
332,-1,1811,532,50,140.3,0.4
333,-1,1320,505,21.5,58.4,1
333,-1,2,650,48.1,128.7,1
333,-1,1238,509,22.9,60.8,0.999
333,-1,1485,519,33.7,92.2,0.995
333,-1,1344,498,24.4,57.8,0.995
333,-1,1544,528,36,90.1,0.993
333,-1,1447,524,35.3,83,0.982
333,-1,205,647,47.1,125.8,0.98
333,-1,1512,542,27.5,75.9,0.783
333,-1,1209,413,58.8,111.7,0.587
334,-1,1321,508,23.6,50.1,1
334,-1,-2,653,42.7,130.1,1
334,-1,1239,506,23.2,60.5,0.998
334,-1,204,636,47.1,137.9,0.992
334,-1,1447,515,35.7,84.3,0.99
334,-1,1490,517,33.1,87.3,0.989
334,-1,1347,493,23.4,55,0.987
334,-1,1553,531,31.6,82.9,0.986
334,-1,1514,539,30.6,75.7,0.71
335,-1,1456,515,34.9,83.5,1
335,-1,1326,502,23.4,57.4,1
335,-1,1243,503,25.4,59.7,0.999
335,-1,1561,528,28.9,80.1,0.999
335,-1,-7,654,43.2,134,0.997
335,-1,1345,494,23.2,56.3,0.997
335,-1,1495,515,33.6,90.2,0.994
335,-1,208,634,45.4,138.1,0.944
335,-1,182,636,48.3,138.1,0.774
335,-1,1522,533,28.8,80,0.446
335,-1,1474,510,36.5,85.7,0.403
336,-1,1244,504,23.7,54.2,1
336,-1,1453,516,35.1,80.7,1
336,-1,1324,495,24.7,60.2,0.999
336,-1,1559,528,32.7,81.5,0.998
336,-1,1493,506,33.6,95,0.997
336,-1,1346,490,27.1,58.5,0.994
336,-1,197,639,46.4,138.7,0.987
336,-1,-3,649,31.1,136.9,0.95
336,-1,1525,531,29.2,77.7,0.52
337,-1,1460,516,34.2,82.1,1
337,-1,1328,502,22.2,50.6,0.999
337,-1,1246,509,23.1,56,0.998
337,-1,1351,490,24.9,55.9,0.998
337,-1,1564,524,33.5,91.7,0.991
337,-1,1499,513,32.4,90.9,0.991
337,-1,-4,648,32.4,145.9,0.894
337,-1,193,645,45.8,129.6,0.889
337,-1,1216,398,67.1,133.8,0.527
337,-1,1474,512,36.4,91.5,0.46
338,-1,1460,515,34.7,75.4,1
338,-1,1353,492,25.3,58,0.999
338,-1,1327,494,25.7,60.9,0.999
338,-1,1253,506,20.6,55.8,0.998
338,-1,1506,511,33.5,91.9,0.995
338,-1,182,654,49.6,137.6,0.991
338,-1,1571,525,36.9,98.1,0.959
338,-1,206,637,45.8,113.2,0.741
338,-1,-4,667,26.9,126.3,0.582
339,-1,1351,494,25,59.3,1
339,-1,1332,499,21.9,53.6,1
339,-1,1457,514,39.5,83.6,1
339,-1,1505,517,34.3,85.4,0.999
339,-1,1255,507,22.1,52.1,0.997
339,-1,179,654,44.4,136.7,0.971
339,-1,1572,521,36.2,100,0.843
339,-1,197,637,52.8,134.4,0.829
339,-1,1241,507,22.3,54.2,0.571
339,-1,1536,551,19.6,55.3,0.491
340,-1,1461,508,38.8,89.8,1
340,-1,1332,498,25.2,56.4,1
340,-1,1506,508,35.9,101.3,0.998
340,-1,1354,492,26,59.3,0.998
340,-1,173,658,45,134.6,0.995
340,-1,1255,505,19.4,52.2,0.995
340,-1,1586,533,29.9,81,0.9
340,-1,200,638,42.5,121.5,0.835
341,-1,1334,500,25.1,54.8,1
341,-1,1357,496,23.6,56.1,1
341,-1,1468,522,35.2,82.5,0.999
341,-1,1510,517,33.4,89.1,0.997
341,-1,1591,542,27.2,74,0.98
341,-1,1257,504,19.5,53.8,0.979
341,-1,161,664,47.5,136.6,0.955
341,-1,181,647,53.1,142.1,0.758
341,-1,1232,411,55.9,118,0.704
342,-1,1468,514,37.8,90.7,1
342,-1,1333,499,25.6,60.3,0.999
342,-1,1357,496,23.9,57.4,0.999
342,-1,1513,516,33.7,94.8,0.997
342,-1,1257,506,19.4,54.7,0.966
342,-1,164,663,44.1,138.7,0.959
342,-1,177,644,54.5,140.7,0.782
342,-1,1593,534,32.2,86.4,0.728
342,-1,1246,509,17.9,49.6,0.524
342,-1,138,664,46.2,133.7,0.425
343,-1,1476,521,34.3,81.6,1
343,-1,1335,502,25.5,58.5,1
343,-1,1360,500,24.2,55.2,0.999
343,-1,1517,523,32.1,87.6,0.996
343,-1,154,670,47,135.6,0.987
343,-1,1257,510,19.7,51.3,0.944
343,-1,181,650,46.6,123,0.919
343,-1,1227,412,71.7,127.4,0.487
344,-1,1337,505,24.5,62.5,1
344,-1,1472,522,36.3,82.3,0.999
344,-1,1522,525,30.9,92.7,0.999
344,-1,1360,500,25.3,59.7,0.999
344,-1,154,674,44.8,134.8,0.985
344,-1,1259,520,19.5,52,0.96
344,-1,177,660,43.5,131.5,0.783
344,-1,1247,516,20.3,51.2,0.591
344,-1,1605,543,39.4,98.6,0.409
345,-1,1336,507,24.9,62.8,1
345,-1,1477,532,33.5,82.7,1
345,-1,1517,527,35.3,98.4,0.999
345,-1,1363,506,24.2,55.4,0.995
345,-1,1254,523,18.8,50.2,0.936
345,-1,138,675,47.9,141.7,0.81
345,-1,167,665,50.3,132,0.793
345,-1,1570,558,30.6,91.7,0.499
346,-1,1480,532,34.6,85.5,1
346,-1,1338,511,28.3,61.6,1
346,-1,1522,536,35.8,95.1,0.999
346,-1,1361,507,27.5,61.9,0.999
346,-1,1258,523,19.5,49.5,0.932
346,-1,169,665,43.3,111.7,0.88
346,-1,133,676,46.4,144.1,0.84
346,-1,1579,565,28.2,77.5,0.762
346,-1,1466,545,34.5,87.5,0.527
346,-1,1495,532,39.1,98.7,0.413
347,-1,1525,535,34.8,92.2,0.999
347,-1,1339,517,25.1,54.3,0.999
347,-1,1475,537,37.2,81.3,0.999
347,-1,1365,516,23.4,51.3,0.992
347,-1,1262,527,20.5,55.8,0.978
347,-1,165,672,44.3,118.1,0.881
347,-1,124,688,46.7,128.2,0.715
347,-1,1355,521,21.2,50.9,0.511
347,-1,1579,573,28.4,74.5,0.415
348,-1,1480,537,36.1,86.3,1
348,-1,1527,530,33.4,101.3,0.999
348,-1,1341,516,26.4,59.1,0.998
348,-1,1366,516,25.2,58,0.998
348,-1,1260,533,20.6,54.4,0.95
348,-1,146,662,55.4,155.6,0.805
348,-1,109,689,54.6,154,0.716
349,-1,1529,534,35.3,103,0.999
349,-1,1484,540,35.6,83.9,0.999
349,-1,1341,516,27.9,62.3,0.999
349,-1,1367,515,24,58.9,0.99
349,-1,1263,534,18.3,51.8,0.94
349,-1,148,674,52.2,143.6,0.778
349,-1,115,689,44.1,133.7,0.614
349,-1,1271,525,19.3,59.1,0.592
350,-1,1346,520,25.7,59.6,1
350,-1,1530,536,37.5,100.3,0.999
350,-1,1486,535,39.8,100.6,0.999
350,-1,1369,516,26.2,62.1,0.998
350,-1,1271,529,20,54,0.976
350,-1,1261,533,19.4,52,0.856
350,-1,111,707,46.6,136.1,0.65
351,-1,1349,518,24.6,56.1,1
351,-1,1535,537,35.7,99.2,0.999
351,-1,1489,537,37.4,90.6,0.998
351,-1,1369,515,25.1,61,0.998
351,-1,1270,532,22.1,58,0.988
351,-1,105,695,48,130.6,0.663
351,-1,142,671,54.4,152.7,0.4
352,-1,1349,523,24.4,56.4,1
352,-1,1499,543,32.8,88.4,1
352,-1,1536,539,35.7,102.6,0.999
352,-1,1371,519,24.6,55.3,0.996
352,-1,1270,534,22.2,56.9,0.991
352,-1,1482,555,30.8,76.4,0.932
352,-1,94,703,56.5,149,0.49
353,-1,1541,541,34.9,97,0.999
353,-1,1495,544,36.5,86.1,0.999
353,-1,1349,522,27.7,64.5,0.999
353,-1,1372,524,23.6,58.4,0.993
353,-1,1271,534,20.6,57.6,0.992
353,-1,1260,538,20.6,52,0.724
353,-1,81,706,58.8,144.4,0.706
353,-1,1460,555,41.2,100.7,0.508
354,-1,1354,522,24.6,59.2,1
354,-1,1500,545,36.8,92.7,0.999
354,-1,1546,538,34.3,101.8,0.999
354,-1,1376,522,24.6,61.2,0.993
354,-1,1272,539,21.1,53.8,0.981
354,-1,1484,557,28.8,76.8,0.847
354,-1,81,698,56.2,163.6,0.699
354,-1,128,673,47.1,149.6,0.671
355,-1,1500,550,36.6,92,1
355,-1,1545,541,36.1,102.5,0.999
355,-1,1354,523,26.3,58.8,0.999
355,-1,1374,526,22,58.6,0.995
355,-1,1278,533,21.3,55.3,0.943
355,-1,1482,543,34,96,0.76
355,-1,117,669,56,159,0.753
355,-1,79,699,59.8,163.3,0.571
355,-1,1265,537,23.2,61.9,0.424
356,-1,1500,547,36.2,95.2,0.999
356,-1,1352,521,24.1,62.5,0.999
356,-1,1552,547,32.2,96.7,0.998
356,-1,1376,526,22.7,58.1,0.992
356,-1,1276,538,22.9,58.6,0.946
356,-1,116,678,52.1,153.1,0.693
356,-1,61,705,53,160.1,0.487
357,-1,1355,530,23.9,54.3,1
357,-1,1548,546,36.2,107.9,0.999
357,-1,1505,554,38.1,85.9,0.998
357,-1,1374,526,23.7,59.6,0.994
357,-1,1275,544,20.4,54.8,0.97
357,-1,1487,556,33,92.7,0.94
357,-1,65,695,61.8,172.7,0.566
358,-1,1552,546,35.1,102.6,0.999
358,-1,1355,526,25.7,60.5,0.999
358,-1,1506,546,40.8,93.5,0.999
358,-1,1375,524,24.2,63.5,0.995
358,-1,1489,556,31.5,87.5,0.98
358,-1,1279,543,18.3,54.3,0.95
358,-1,99,680,51.3,159.8,0.672
358,-1,57,703,68,155.8,0.582
358,-1,1267,539,23.2,63.6,0.458
359,-1,1511,547,36.3,98.5,1
359,-1,1553,549,36,104.6,0.999
359,-1,1353,528,25.4,59.4,0.998
359,-1,1377,532,21.7,55.6,0.992
359,-1,1489,553,37.3,94.4,0.98
359,-1,1277,542,22.2,57.5,0.93
359,-1,87,674,58.6,173.5,0.769
359,-1,57,721,57.1,150,0.704
360,-1,1556,554,34.3,98.8,0.999
360,-1,1510,550,38.9,99.3,0.999
360,-1,1354,531,25.1,56.1,0.996
360,-1,1376,529,23.3,59,0.995
360,-1,1494,561,31.7,88.9,0.978
360,-1,1271,548,21.9,54.3,0.942
360,-1,87,686,51.4,155.6,0.741
360,-1,1289,545,18.3,58.2,0.703
360,-1,57,718,52.1,141.7,0.595
361,-1,1511,557,34.3,85,0.998
361,-1,1554,551,40,105.9,0.998
361,-1,1357,527,23.4,55.8,0.997
361,-1,1494,558,34.4,93.1,0.994
361,-1,1376,531,21.1,57.8,0.994
361,-1,1274,545,24.5,57.7,0.983
361,-1,1287,547,23.2,58.9,0.868
361,-1,82,687,51.7,155.3,0.707
361,-1,36,707,60.9,162.5,0.569
362,-1,1513,555,39.7,99.5,1
362,-1,1557,556,33.2,96.7,0.999
362,-1,1275,552,20,53.6,0.995
362,-1,1354,536,25,58.6,0.994
362,-1,1381,538,22.2,57.7,0.993
362,-1,1495,564,33.2,87.1,0.984
362,-1,67,678,64.2,181.2,0.888
362,-1,1369,536,23.4,57.5,0.693
362,-1,1265,530,26.4,75.8,0.536
363,-1,1512,561,36.1,92.8,1
363,-1,1560,555,35.5,97.5,0.999
363,-1,1357,539,23.1,56.4,0.998
363,-1,1378,535,21.8,62.9,0.997
363,-1,1275,548,20.4,56,0.995
363,-1,1496,565,29.9,85.4,0.977
363,-1,65,689,58,158.4,0.951
363,-1,1265,526,27.8,77.7,0.648
363,-1,1449,579,41.7,104.5,0.63
363,-1,13,720,64,171,0.602
363,-1,1293,549,20.7,61.9,0.455
364,-1,1519,560,36.9,94.9,1
364,-1,1361,536,20.6,57.4,0.999
364,-1,1564,561,36.9,100.5,0.999
364,-1,1274,553,20.6,50.5,0.997
364,-1,1498,570,33.9,92.5,0.997
364,-1,1378,538,24.9,63.7,0.991
364,-1,66,685,56,171.3,0.758
364,-1,1543,573,34.6,98.9,0.585
364,-1,8,715,63.5,172.4,0.531
365,-1,1517,563,36.4,98.7,1
365,-1,1358,540,23.8,55.5,1
365,-1,1565,563,37.3,100.1,0.999
365,-1,1279,555,20.5,50.4,0.999
365,-1,1380,539,21.7,57,0.994
365,-1,1499,573,33.5,94.5,0.945
365,-1,59,694,47.5,125.3,0.854
365,-1,1693,591,44.2,106.5,0.536
366,-1,1359,544,24,56.4,1
366,-1,1568,568,36.6,98.8,0.999
366,-1,1380,539,25.5,66,0.999
366,-1,1519,573,37.3,89.5,0.999
366,-1,1501,573,33.5,91.2,0.998
366,-1,1282,553,18.7,49.9,0.992
366,-1,44,692,56.3,165.5,0.845
366,-1,6,729,52.1,144.1,0.447
367,-1,1358,546,23.6,55.3,1
367,-1,1521,570,37.7,92.6,1
367,-1,1567,566,38.7,106.4,0.999
367,-1,1381,543,20.6,56.2,0.998
367,-1,1283,564,19,45.1,0.998
367,-1,1498,576,39.5,93.6,0.991
367,-1,1273,547,22.1,62.1,0.976
367,-1,35,708,64.3,173,0.936
367,-1,1328,544,22.7,51.4,0.75
368,-1,1523,572,37.1,96.6,1
368,-1,1364,548,22.9,53.4,1
368,-1,1570,574,37.6,98.2,0.999
368,-1,1279,563,20.8,50.5,0.995
368,-1,1377,543,25.9,65,0.993
368,-1,1504,576,37,94,0.984
368,-1,32,703,63.3,172.3,0.849
369,-1,1524,569,37.2,96.9,1
369,-1,1362,546,23,58.1,1
369,-1,1568,571,37.6,104,0.999
369,-1,1507,576,33.8,94.2,0.999
369,-1,1381,544,21.7,57.4,0.996
369,-1,1279,556,21.2,57.9,0.992
369,-1,23,710,61.8,174.1,0.911
369,-1,1548,578,36.6,106.4,0.59
370,-1,1363,552,21.4,52.7,1
370,-1,1527,574,38.7,99.7,1
370,-1,1508,580,36.3,97.3,0.999
370,-1,1573,572,38.7,101.5,0.998
370,-1,1380,549,23.9,63.1,0.997
370,-1,1283,555,19.8,53,0.992
370,-1,21,698,62.6,193.7,0.886
370,-1,1352,546,22,58.7,0.411
371,-1,1526,570,37.5,100.2,1
371,-1,1365,549,21.8,54,0.999
371,-1,1571,573,35.4,104.7,0.999
371,-1,1281,556,21,59.3,0.998
371,-1,1379,549,24.4,64.6,0.997
371,-1,1506,579,36.2,94.5,0.988
371,-1,8,717,64.4,188.4,0.931
371,-1,1354,549,24.1,66.4,0.498
371,-1,1335,553,22.9,52.9,0.491
372,-1,1363,549,21.6,57.3,1
372,-1,1530,576,36.6,95.5,1
372,-1,1575,572,37.5,102.8,0.999
372,-1,1510,580,33.4,89.9,0.999
372,-1,1384,546,21.6,66.5,0.996
372,-1,1280,558,19.7,58.5,0.994
372,-1,10,707,56.3,201.3,0.946
372,-1,1337,552,25,55.1,0.694
373,-1,1511,583,33.7,93.9,1
373,-1,1360,551,22.6,58.1,1
373,-1,1527,575,37.9,94.1,1
373,-1,1574,568,39.6,109.7,0.998
373,-1,1284,553,22.6,59.8,0.998
373,-1,-2,727,63.8,182.2,0.993
373,-1,1381,546,21.9,63.2,0.992
373,-1,1310,573,26.3,70.6,0.643
374,-1,1363,546,24,60,1
374,-1,1527,572,39.1,100.3,1
374,-1,1575,566,40.4,112.2,0.999
374,-1,1281,553,21.9,61.9,0.997
374,-1,1378,546,22.2,62.9,0.992
374,-1,-7,714,62.8,192.8,0.906
375,-1,1530,573,36.6,94.9,1
375,-1,1578,566,40.5,111,0.999
375,-1,1362,546,22.6,59.8,0.998
375,-1,1282,549,21.2,62.5,0.995
375,-1,1512,578,37.7,100.1,0.992
375,-1,1382,548,23.2,61.3,0.981
375,-1,-8,734,49.2,174.8,0.86
375,-1,1555,573,41.4,112.3,0.786
375,-1,1304,564,27.4,76.8,0.434
376,-1,1532,568,36.6,92.3,1
376,-1,1577,567,39.2,108.3,1
376,-1,1512,573,38.1,99.7,0.999
376,-1,1360,544,23.6,59,0.999
376,-1,1280,547,21.7,62.6,0.998
376,-1,1379,543,23.6,65.7,0.98
376,-1,1534,627,27.5,75,0.569
