1,-1,544.06,249.9,112.14,338.41,1.8821,-1,-1,-1
1,-1,402.13,275.46,104.56,315.68,1.7831,-1,-1,-1
1,-1,929.93,127.67,210.12,632.36,1.2824,-1,-1,-1
1,-1,793,329,39,119,1.19,-1,-1,-1
1,-1,1,1,341.97,1027.9,0.59027,-1,-1,-1
1,-1,864.82,276.69,90.896,274.69,0.21276,-1,-1,-1
1,-1,745,329,39,119,-0.48158,-1,-1,-1
2,-1,402.13,275.46,104.56,315.68,2.0904,-1,-1,-1
2,-1,534.53,243.51,120.26,362.77,1.4015,-1,-1,-1
2,-1,906.1,91.51,225.27,677.82,1.0757,-1,-1,-1
2,-1,791.3,322.64,44.948,136.84,0.88734,-1,-1,-1
2,-1,738.38,318.24,41.871,127.61,-0.24708,-1,-1,-1
2,-1,1,1,341.97,1027.9,-0.3292,-1,-1,-1
2,-1,845.49,233.23,104.56,315.68,-0.34506,-1,-1,-1
2,-1,389.14,239.86,148.29,446.86,-0.40773,-1,-1,-1
2,-1,433.8,929.93,51.78,157.34,-0.49957,-1,-1,-1
3,-1,381.02,275.46,104.56,315.68,2.586,-1,-1,-1
3,-1,528.8,275.46,104.56,315.68,1.7431,-1,-1,-1
3,-1,793,329,39,119,1.3937,-1,-1,-1
3,-1,887.71,127.67,210.12,632.36,0.82768,-1,-1,-1
3,-1,335.87,651.04,48.246,146.74,-0.4938,-1,-1,-1
4,-1,381.02,275.46,104.56,315.68,3.2389,-1,-1,-1
4,-1,521.43,249.9,112.14,338.41,1.9171,-1,-1,-1
4,-1,789.83,326.82,41.871,127.61,1.0697,-1,-1,-1
4,-1,906.1,136.76,225.27,677.82,0.80756,-1,-1,-1
4,-1,848.03,257.08,97.492,294.47,-0.035064,-1,-1,-1
4,-1,689,337,39,119,-0.40983,-1,-1,-1
4,-1,716.42,352.65,59.629,180.89,-0.43172,-1,-1,-1
4,-1,423.72,938.34,44.948,136.84,-0.46883,-1,-1,-1
5,-1,381.02,275.46,104.56,315.68,3.1284,-1,-1,-1
5,-1,528.8,254.35,104.56,315.68,1.6376,-1,-1,-1
5,-1,785,329,39,119,0.83718,-1,-1,-1
5,-1,874.05,98.006,241.51,726.54,0.77883,-1,-1,-1
5,-1,353,225,159,479,-0.13169,-1,-1,-1
5,-1,454.06,857.88,48.246,146.74,-0.4977,-1,-1,-1
6,-1,364.77,243.51,120.26,362.77,3.1023,-1,-1,-1
6,-1,521.43,249.9,112.14,338.41,1.7228,-1,-1,-1
6,-1,782.11,322.64,44.948,136.84,1.5277,-1,-1,-1
6,-1,874.05,98.006,241.51,726.54,0.94672,-1,-1,-1
6,-1,1664.4,532.6,84.742,256.23,-0.38407,-1,-1,-1
6,-1,726.98,313.45,44.948,136.84,-0.39849,-1,-1,-1
6,-1,781.65,430.92,55.569,168.71,-0.4172,-1,-1,-1
7,-1,364.77,243.51,120.26,362.77,3.2338,-1,-1,-1
7,-1,521.43,249.9,112.14,338.41,1.6758,-1,-1,-1
7,-1,782.11,322.64,44.948,136.84,1.319,-1,-1,-1
7,-1,887.71,127.67,210.12,632.36,0.9166,-1,-1,-1
7,-1,726.98,313.45,44.948,136.84,-0.2875,-1,-1,-1
7,-1,1664.4,532.6,84.742,256.23,-0.48048,-1,-1,-1
8,-1,363.04,249.9,112.14,338.41,3.2529,-1,-1,-1
8,-1,507.69,275.46,104.56,315.68,1.4211,-1,-1,-1
8,-1,887.71,127.67,210.12,632.36,1.2168,-1,-1,-1
8,-1,781.25,326.82,41.871,127.61,1.103,-1,-1,-1
8,-1,719.99,316.17,48.246,146.74,-0.089809,-1,-1,-1
8,-1,850.66,349.22,68.644,207.93,-0.28297,-1,-1,-1
8,-1,353,225,159,479,-0.28998,-1,-1,-1
8,-1,832.7,326.82,41.871,127.61,-0.36986,-1,-1,-1
8,-1,681,337,39,119,-0.37825,-1,-1,-1
8,-1,1665,545,79,239,-0.44968,-1,-1,-1
8,-1,736.17,377.77,44.948,136.84,-0.48822,-1,-1,-1
9,-1,359.91,275.46,104.56,315.68,2.8576,-1,-1,-1
9,-1,498.8,249.9,112.14,338.41,1.8858,-1,-1,-1
9,-1,781.25,326.82,41.871,127.61,1.2758,-1,-1,-1
9,-1,887.71,127.67,210.12,632.36,0.8722,-1,-1,-1
9,-1,717.79,313.45,44.948,136.84,0.50389,-1,-1,-1
9,-1,329.43,210,148.29,446.86,0.48841,-1,-1,-1
9,-1,681,337,39,119,0.31897,-1,-1,-1
9,-1,841.27,326.82,41.871,127.61,-0.16905,-1,-1,-1
9,-1,1664.4,532.6,84.742,256.23,-0.20123,-1,-1,-1
9,-1,409,929,39,119,-0.49777,-1,-1,-1
10,-1,340.41,272.53,112.14,338.41,2.9629,-1,-1,-1
10,-1,498.8,249.9,112.14,338.41,1.8936,-1,-1,-1
10,-1,772.93,322.64,44.948,136.84,0.97732,-1,-1,-1
10,-1,887.71,127.67,210.12,632.36,0.8304,-1,-1,-1
10,-1,678.36,335.39,41.871,127.61,0.28139,-1,-1,-1
10,-1,721.23,318.24,41.871,127.61,0.257,-1,-1,-1
10,-1,1681,545,79,239,-0.066585,-1,-1,-1
10,-1,321,193,159,479,-0.3011,-1,-1,-1
10,-1,850.66,363.15,68.644,207.93,-0.47649,-1,-1,-1
11,-1,498.8,249.9,112.14,338.41,2.5106,-1,-1,-1
11,-1,340.52,267.77,120.26,362.77,2.1714,-1,-1,-1
11,-1,887.71,127.67,210.12,632.36,0.96231,-1,-1,-1
11,-1,769.23,326.02,48.246,146.74,0.94923,-1,-1,-1
11,-1,669.79,335.39,41.871,127.61,0.27603,-1,-1,-1
11,-1,710.14,316.17,48.246,146.74,0.27345,-1,-1,-1
11,-1,403.99,927.01,41.871,127.61,0.052148,-1,-1,-1
11,-1,828.06,331.83,44.948,136.84,-0.20771,-1,-1,-1
11,-1,542.7,848.03,48.246,146.74,-0.28698,-1,-1,-1
11,-1,1673.5,534,90.896,274.69,-0.32521,-1,-1,-1
11,-1,850.66,363.15,68.644,207.93,-0.38256,-1,-1,-1
12,-1,498.8,249.9,112.14,338.41,2.2955,-1,-1,-1
12,-1,340.41,272.53,112.14,338.41,2.221,-1,-1,-1
12,-1,772.93,331.83,44.948,136.84,1.0386,-1,-1,-1
12,-1,673,345,39,119,0.92141,-1,-1,-1
12,-1,845.49,127.67,210.12,632.36,0.91317,-1,-1,-1
12,-1,708.6,322.64,44.948,136.84,0.68377,-1,-1,-1
12,-1,405.34,929.15,44.948,136.84,-0.19211,-1,-1,-1
12,-1,1025,417,79,239,-0.19444,-1,-1,-1
12,-1,1019.2,295.16,112.14,338.41,-0.21239,-1,-1,-1
12,-1,825,337,39,119,-0.23757,-1,-1,-1
12,-1,1358.6,227.27,55.569,168.71,-0.25789,-1,-1,-1
12,-1,1681.5,532.6,84.742,256.23,-0.35569,-1,-1,-1
12,-1,828.33,473.76,195.98,589.95,-0.43869,-1,-1,-1
12,-1,922.56,98.006,241.51,726.54,-0.48906,-1,-1,-1
12,-1,516.37,850.66,68.644,207.93,-0.49742,-1,-1,-1
13,-1,486.03,243.51,120.26,362.77,2.8739,-1,-1,-1
13,-1,340.41,272.53,112.14,338.41,2.2541,-1,-1,-1
13,-1,669.79,335.39,41.871,127.61,1.4184,-1,-1,-1
13,-1,769.23,326.02,48.246,146.74,1.2142,-1,-1,-1
13,-1,860.84,136.76,225.27,677.82,0.86867,-1,-1,-1
13,-1,710.14,316.17,48.246,146.74,0.69135,-1,-1,-1
13,-1,321,225,159,479,0.051122,-1,-1,-1
13,-1,825,337,39,119,-0.018165,-1,-1,-1
13,-1,1681.5,532.6,84.742,256.23,-0.075774,-1,-1,-1
13,-1,520.84,858.74,63.98,193.94,-0.35165,-1,-1,-1
13,-1,739.69,375.27,48.246,146.74,-0.4814,-1,-1,-1
13,-1,828.33,473.76,195.98,589.95,-0.49894,-1,-1,-1
14,-1,486.03,243.51,120.26,362.77,3.1677,-1,-1,-1
14,-1,340.41,272.53,112.14,338.41,2.0284,-1,-1,-1
14,-1,769.23,326.02,48.246,146.74,1.2244,-1,-1,-1
14,-1,860.84,136.76,225.27,677.82,1.0522,-1,-1,-1
14,-1,669.79,335.39,41.871,127.61,0.98376,-1,-1,-1
14,-1,1681.5,532.6,84.742,256.23,0.35134,-1,-1,-1
14,-1,710.14,316.17,48.246,146.74,0.29771,-1,-1,-1
14,-1,825,337,39,119,0.24837,-1,-1,-1
14,-1,321,225,159,479,-0.041956,-1,-1,-1
14,-1,1841,345,39,119,-0.4818,-1,-1,-1
15,-1,486.03,243.51,120.26,362.77,3.005,-1,-1,-1
15,-1,312.9,260.92,128.96,388.88,2.063,-1,-1,-1
15,-1,860.84,136.76,225.27,677.82,1.1412,-1,-1,-1
15,-1,772.68,335.39,41.871,127.61,0.63618,-1,-1,-1
15,-1,1698.7,532.6,84.742,256.23,0.30786,-1,-1,-1
15,-1,710.14,316.17,48.246,146.74,0.30148,-1,-1,-1
15,-1,673,345,39,119,0.24419,-1,-1,-1
15,-1,825,337,39,119,0.075735,-1,-1,-1
15,-1,223.86,293.5,68.644,207.93,-0.42162,-1,-1,-1
15,-1,1121.1,385.67,55.569,168.71,-0.43425,-1,-1,-1
16,-1,316.27,267.77,120.26,362.77,2.6193,-1,-1,-1
16,-1,468.86,234.93,128.96,388.88,2.4481,-1,-1,-1
16,-1,860.84,136.76,225.27,677.82,0.9065,-1,-1,-1
16,-1,777,329,39,119,0.56491,-1,-1,-1
16,-1,669.79,343.97,41.871,127.61,0.18371,-1,-1,-1
16,-1,1698.7,532.6,84.742,256.23,0.11633,-1,-1,-1
16,-1,712.66,326.82,41.871,127.61,0.071869,-1,-1,-1
16,-1,1119.9,391.57,51.78,157.34,0.013181,-1,-1,-1
16,-1,309.67,241.08,170.48,513.45,0.0053036,-1,-1,-1
16,-1,824.12,335.39,41.871,127.61,-0.051983,-1,-1,-1
16,-1,1358.6,215.96,55.569,168.71,-0.34772,-1,-1,-1
16,-1,736.17,386.96,44.948,136.84,-0.45909,-1,-1,-1
17,-1,316.27,267.77,120.26,362.77,2.5169,-1,-1,-1
17,-1,486.03,267.77,120.26,362.77,2.4259,-1,-1,-1
17,-1,887.71,169.9,210.12,632.36,1.3199,-1,-1,-1
17,-1,710.14,326.02,48.246,146.74,0.63608,-1,-1,-1
17,-1,772.68,335.39,41.871,127.61,0.60452,-1,-1,-1
17,-1,669.79,343.97,41.871,127.61,0.4458,-1,-1,-1
17,-1,309.67,241.08,170.48,513.45,0.11477,-1,-1,-1
17,-1,1358.6,227.27,55.569,168.71,-0.13781,-1,-1,-1
17,-1,824.12,335.39,41.871,127.61,-0.21737,-1,-1,-1
17,-1,1698.7,532.6,84.742,256.23,-0.24103,-1,-1,-1
17,-1,1115.6,309.67,84.742,256.23,-0.30078,-1,-1,-1
17,-1,767.77,429.87,63.98,193.94,-0.46219,-1,-1,-1
18,-1,486.03,267.77,120.26,362.77,2.7171,-1,-1,-1
18,-1,312.9,260.92,128.96,388.88,2.2278,-1,-1,-1
18,-1,887.71,169.9,210.12,632.36,1.2334,-1,-1,-1
18,-1,777,337,39,119,0.53077,-1,-1,-1
18,-1,665,353,39,119,0.096103,-1,-1,-1
18,-1,708.6,331.83,44.948,136.84,-0.13957,-1,-1,-1
18,-1,1358.6,227.27,55.569,168.71,-0.23437,-1,-1,-1
18,-1,824.12,343.97,41.871,127.61,-0.38315,-1,-1,-1
18,-1,1115.6,309.67,84.742,256.23,-0.40336,-1,-1,-1
18,-1,446.86,206.78,170.48,513.45,-0.40818,-1,-1,-1
19,-1,468.86,260.92,128.96,388.88,2.2544,-1,-1,-1
19,-1,312.9,260.92,128.96,388.88,1.9501,-1,-1,-1
19,-1,845.49,169.9,210.12,632.36,1.4912,-1,-1,-1
19,-1,777,345,39,119,1.0431,-1,-1,-1
19,-1,669.79,352.54,41.871,127.61,0.063775,-1,-1,-1
19,-1,1116.6,389.02,59.629,180.89,-0.020975,-1,-1,-1
19,-1,710.14,335.87,48.246,146.74,-0.17267,-1,-1,-1
19,-1,1358.6,227.27,55.569,168.71,-0.42399,-1,-1,-1
20,-1,468.86,260.92,128.96,388.88,2.4399,-1,-1,-1
20,-1,845.49,169.9,210.12,632.36,1.9406,-1,-1,-1
20,-1,317.78,295.16,112.14,338.41,1.7752,-1,-1,-1
20,-1,669.79,352.54,41.871,127.61,0.54027,-1,-1,-1
20,-1,289,257,159,479,0.4269,-1,-1,-1
20,-1,772.68,343.97,41.871,127.61,0.27493,-1,-1,-1
20,-1,1118.7,390.88,63.98,193.94,0.013857,-1,-1,-1
20,-1,1003.9,251.72,138.29,416.86,-0.095782,-1,-1,-1
20,-1,718.81,338.79,51.78,157.34,-0.139,-1,-1,-1
20,-1,1041.9,589.31,55.569,168.71,-0.38086,-1,-1,-1
21,-1,474.58,251.72,138.29,416.86,1.9065,-1,-1,-1
21,-1,312.9,286.91,128.96,388.88,1.8337,-1,-1,-1
21,-1,845.49,169.9,210.12,632.36,1.779,-1,-1,-1
21,-1,986.28,239.86,148.29,446.86,0.46934,-1,-1,-1
21,-1,681,361,39,119,0.27106,-1,-1,-1
21,-1,788.93,345.72,48.246,146.74,-0.29387,-1,-1,-1
21,-1,719.99,345.72,48.246,146.74,-0.38964,-1,-1,-1
21,-1,922.56,146.51,241.51,726.54,-0.49931,-1,-1,-1
22,-1,494.85,260.92,128.96,388.88,2.0764,-1,-1,-1
22,-1,335.29,279.58,138.29,416.86,2.051,-1,-1,-1
22,-1,1014.7,260.92,128.96,388.88,1.7029,-1,-1,-1
22,-1,860.84,136.76,225.27,677.82,1.3194,-1,-1,-1
22,-1,695.51,361.12,41.871,127.61,0.43639,-1,-1,-1
22,-1,739.92,338.79,51.78,157.34,0.20918,-1,-1,-1
22,-1,806.97,352.54,41.871,127.61,-0.2202,-1,-1,-1
22,-1,552.38,938.34,44.948,136.84,-0.3724,-1,-1,-1
22,-1,455.43,524.03,41.871,127.61,-0.47548,-1,-1,-1
23,-1,338.9,286.91,128.96,388.88,2.6124,-1,-1,-1
23,-1,510.28,292.02,120.26,362.77,1.9211,-1,-1,-1
23,-1,1014.7,260.92,128.96,388.88,1.8444,-1,-1,-1
23,-1,887.71,169.9,210.12,632.36,1.7704,-1,-1,-1
23,-1,749.54,345.72,48.246,146.74,0.29533,-1,-1,-1
23,-1,817,361,39,119,0.21612,-1,-1,-1
23,-1,704.08,361.12,41.871,127.61,0.01154,-1,-1,-1
23,-1,481.15,241.08,170.48,513.45,-0.13872,-1,-1,-1
23,-1,331.83,258.31,182.79,550.38,-0.1392,-1,-1,-1
23,-1,251.72,321.36,68.644,207.93,-0.25727,-1,-1,-1
23,-1,1404.6,442.87,63.98,193.94,-0.39423,-1,-1,-1
23,-1,1165.1,401.15,59.629,180.89,-0.45995,-1,-1,-1
23,-1,1783.8,552.38,90.896,274.69,-0.47993,-1,-1,-1
24,-1,364.89,286.91,128.96,388.88,2.6667,-1,-1,-1
24,-1,1031.7,251.72,138.29,416.86,2.2854,-1,-1,-1
24,-1,520.84,286.91,128.96,388.88,2.073,-1,-1,-1
24,-1,887.71,169.9,210.12,632.36,1.573,-1,-1,-1
24,-1,818.87,359.39,44.948,136.84,0.27328,-1,-1,-1
24,-1,721,369,39,119,-0.12311,-1,-1,-1
24,-1,759.38,345.72,48.246,146.74,-0.18841,-1,-1,-1
24,-1,182.89,922.56,59.629,180.89,-0.45193,-1,-1,-1
25,-1,363.15,279.58,138.29,416.86,2.777,-1,-1,-1
25,-1,1031.7,251.72,138.29,416.86,2.1186,-1,-1,-1
25,-1,530.29,279.58,138.29,416.86,2.1086,-1,-1,-1
25,-1,887.71,169.9,210.12,632.36,1.5661,-1,-1,-1
25,-1,849,361,39,119,0.20442,-1,-1,-1
25,-1,737,377,39,119,-0.15774,-1,-1,-1
25,-1,772.93,350.2,44.948,136.84,-0.17275,-1,-1,-1
25,-1,1003.9,711.37,68.644,207.93,-0.23687,-1,-1,-1
25,-1,828.33,355.57,48.246,146.74,-0.2671,-1,-1,-1
25,-1,1426.5,238.59,55.569,168.71,-0.35399,-1,-1,-1
25,-1,1167.1,326.82,84.742,256.23,-0.45911,-1,-1,-1
25,-1,806.97,429.71,41.871,127.61,-0.48561,-1,-1,-1
26,-1,363.15,279.58,138.29,416.86,2.5292,-1,-1,-1
26,-1,546.83,286.91,128.96,388.88,1.9241,-1,-1,-1
26,-1,1046,239.86,148.29,446.86,1.8571,-1,-1,-1
26,-1,887.71,169.9,210.12,632.36,1.5972,-1,-1,-1
26,-1,1029.9,704.08,84.742,256.23,0.20326,-1,-1,-1
26,-1,791.3,350.2,44.948,136.84,0.1843,-1,-1,-1
26,-1,865,361,39,119,-0.016875,-1,-1,-1
26,-1,746.95,369.69,41.871,127.61,-0.02824,-1,-1,-1
26,-1,717.57,284.64,73.643,222.93,-0.30612,-1,-1,-1
26,-1,601.19,952.73,41.871,127.61,-0.38165,-1,-1,-1
26,-1,971.06,146.51,241.51,726.54,-0.38947,-1,-1,-1
26,-1,841.27,361.12,41.871,127.61,-0.41486,-1,-1,-1
27,-1,391.01,279.58,138.29,416.86,3.2927,-1,-1,-1
27,-1,1059.6,279.58,138.29,416.86,1.8602,-1,-1,-1
27,-1,558.15,279.58,138.29,416.86,1.779,-1,-1,-1
27,-1,887.71,169.9,210.12,632.36,1.3459,-1,-1,-1
27,-1,808.63,355.57,48.246,146.74,0.17274,-1,-1,-1
27,-1,761,377,39,119,0.10351,-1,-1,-1
27,-1,1456.1,231.39,59.629,180.89,-0.28502,-1,-1,-1
27,-1,971.06,146.51,241.51,726.54,-0.28663,-1,-1,-1
27,-1,737,289,79,239,-0.43669,-1,-1,-1
28,-1,389.14,299.57,148.29,446.86,3.5914,-1,-1,-1
28,-1,1059.6,279.58,138.29,416.86,2.1673,-1,-1,-1
28,-1,572.83,286.91,128.96,388.88,1.8485,-1,-1,-1
28,-1,929.93,169.9,210.12,632.36,1.4528,-1,-1,-1
28,-1,769,385,39,119,0.38876,-1,-1,-1
28,-1,1456.6,234.93,63.98,193.94,-0.20519,-1,-1,-1
28,-1,866.6,359.91,51.78,157.34,-0.24783,-1,-1,-1
28,-1,1098.5,241.08,170.48,513.45,-0.3687,-1,-1,-1
28,-1,813.82,359.91,51.78,157.34,-0.41987,-1,-1,-1
29,-1,389.14,299.57,148.29,446.86,3.8244,-1,-1,-1
29,-1,558.15,279.58,138.29,416.86,1.8667,-1,-1,-1
29,-1,1075.9,269.71,148.29,446.86,1.8362,-1,-1,-1
29,-1,906.1,182.02,225.27,677.82,1.4937,-1,-1,-1
29,-1,772.68,386.84,41.871,127.61,0.35057,-1,-1,-1
29,-1,818.48,365.42,48.246,146.74,-0.14101,-1,-1,-1
29,-1,1469.6,234.93,63.98,193.94,-0.15343,-1,-1,-1
29,-1,874.01,377.77,44.948,136.84,-0.25448,-1,-1,-1
29,-1,849.53,419.61,55.569,168.71,-0.33234,-1,-1,-1
29,-1,1324.2,446.72,68.644,207.93,-0.40836,-1,-1,-1
30,-1,391.01,307.43,138.29,416.86,4.0622,-1,-1,-1
30,-1,1075.9,269.71,148.29,446.86,2.3879,-1,-1,-1
30,-1,572.83,312.9,128.96,388.88,1.8603,-1,-1,-1
30,-1,906.1,182.02,225.27,677.82,1.387,-1,-1,-1
30,-1,785,393,39,119,0.29966,-1,-1,-1
30,-1,849.53,419.61,55.569,168.71,-0.009035,-1,-1,-1
30,-1,1226.7,391.01,68.644,207.93,-0.14904,-1,-1,-1
30,-1,828.06,368.58,44.948,136.84,-0.41739,-1,-1,-1
31,-1,389.14,299.57,148.29,446.86,3.58,-1,-1,-1
31,-1,1087.4,279.58,138.29,416.86,2.2608,-1,-1,-1
31,-1,572.83,312.9,128.96,388.88,1.8863,-1,-1,-1
31,-1,929.93,169.9,210.12,632.36,1.4056,-1,-1,-1
31,-1,789.83,395.41,41.871,127.61,0.51832,-1,-1,-1
31,-1,837.25,377.77,44.948,136.84,0.16844,-1,-1,-1
31,-1,881,385,39,119,0.12228,-1,-1,-1
31,-1,1064.7,237.38,195.98,589.95,0.021589,-1,-1,-1
31,-1,856.04,423.24,51.78,157.34,-0.23168,-1,-1,-1
31,-1,729.37,655.48,51.78,157.34,-0.41259,-1,-1,-1
31,-1,552.38,258.31,182.79,550.38,-0.41978,-1,-1,-1
32,-1,389.14,299.57,148.29,446.86,3.8061,-1,-1,-1
32,-1,568.28,299.57,148.29,446.86,1.9372,-1,-1,-1
32,-1,1105.7,269.71,148.29,446.86,1.7775,-1,-1,-1
32,-1,929.93,212.12,210.12,632.36,1.3482,-1,-1,-1
32,-1,793,401,39,119,0.11693,-1,-1,-1
32,-1,837.25,377.77,44.948,136.84,-0.022125,-1,-1,-1
33,-1,389.14,299.57,148.29,446.86,3.1594,-1,-1,-1
33,-1,1105.7,299.57,148.29,446.86,2.1938,-1,-1,-1
33,-1,568.28,299.57,148.29,446.86,1.9084,-1,-1,-1
33,-1,906.1,182.02,225.27,677.82,1.4876,-1,-1,-1
33,-1,800.49,396.15,44.948,136.84,0.2322,-1,-1,-1
33,-1,843.74,516.34,29.314,89.943,-0.21091,-1,-1,-1
33,-1,846.44,386.96,44.948,136.84,-0.27724,-1,-1,-1
33,-1,1056.6,254.35,210.12,632.36,-0.40146,-1,-1,-1
34,-1,391.01,335.29,138.29,416.86,3.1162,-1,-1,-1
34,-1,1115.3,307.43,138.29,416.86,2.5835,-1,-1,-1
34,-1,586.01,307.43,138.29,416.86,1.8758,-1,-1,-1
34,-1,929.93,212.12,210.12,632.36,1.3812,-1,-1,-1
34,-1,806.97,403.99,41.871,127.61,0.49092,-1,-1,-1
34,-1,1064.7,276.78,195.98,589.95,0.15077,-1,-1,-1
34,-1,846.44,386.96,44.948,136.84,-0.17018,-1,-1,-1
34,-1,520.84,1,258.92,778.76,-0.29911,-1,-1,-1
34,-1,355.57,237.38,195.98,589.95,-0.42039,-1,-1,-1
35,-1,391.01,335.29,138.29,416.86,3.1527,-1,-1,-1
35,-1,1115.3,307.43,138.29,416.86,2.2193,-1,-1,-1
35,-1,577,289,159,479,1.945,-1,-1,-1
35,-1,946.52,237.38,195.98,589.95,1.4058,-1,-1,-1
35,-1,806.97,412.56,41.871,127.61,0.5049,-1,-1,-1
35,-1,848.03,394.97,48.246,146.74,-0.061773,-1,-1,-1
35,-1,948.16,168.15,277.58,834.73,-0.19639,-1,-1,-1
35,-1,520.84,1,258.92,778.76,-0.24575,-1,-1,-1
35,-1,394.97,276.78,195.98,589.95,-0.24982,-1,-1,-1
35,-1,1261.6,442.87,63.98,193.94,-0.28046,-1,-1,-1
36,-1,389.14,329.43,148.29,446.86,3.5181,-1,-1,-1
36,-1,1105.7,299.57,148.29,446.86,2.6245,-1,-1,-1
36,-1,586.01,307.43,138.29,416.86,1.8995,-1,-1,-1
36,-1,946.52,237.38,195.98,589.95,1.292,-1,-1,-1
36,-1,809.68,414.53,44.948,136.84,0.47212,-1,-1,-1
36,-1,552.55,276.78,195.98,589.95,0.22517,-1,-1,-1
36,-1,845.49,391.57,51.78,157.34,0.093472,-1,-1,-1
36,-1,1261.6,442.87,63.98,193.94,-0.17707,-1,-1,-1
36,-1,792.96,453.55,55.569,168.71,-0.25963,-1,-1,-1
36,-1,948.16,168.15,277.58,834.73,-0.38804,-1,-1,-1
36,-1,753.16,669.58,68.644,207.93,-0.38831,-1,-1,-1
37,-1,389.14,329.43,148.29,446.86,3.7488,-1,-1,-1
37,-1,1143.2,307.43,138.29,416.86,2.3767,-1,-1,-1
37,-1,568.28,329.43,148.29,446.86,1.7092,-1,-1,-1
37,-1,946.52,237.38,195.98,589.95,1.362,-1,-1,-1
37,-1,1104.1,276.78,195.98,589.95,0.57976,-1,-1,-1
37,-1,815.55,421.14,41.871,127.61,0.40133,-1,-1,-1
37,-1,948.16,168.15,277.58,834.73,-0.076522,-1,-1,-1
37,-1,856.04,402.13,51.78,157.34,-0.10527,-1,-1,-1
37,-1,905,417,39,119,-0.39326,-1,-1,-1
37,-1,520.84,1,258.92,778.76,-0.46494,-1,-1,-1
38,-1,389.14,329.43,148.29,446.86,3.4533,-1,-1,-1
38,-1,1140.8,340.52,120.26,362.77,2.3155,-1,-1,-1
38,-1,586.01,335.29,138.29,416.86,1.8775,-1,-1,-1
38,-1,951.35,227.27,225.27,677.82,1.4379,-1,-1,-1
38,-1,1132.8,309.67,170.48,513.45,1.0978,-1,-1,-1
38,-1,905,425,39,119,-0.013323,-1,-1,-1
38,-1,552.55,276.78,195.98,589.95,-0.04753,-1,-1,-1
38,-1,809.68,423.72,44.948,136.84,-0.098621,-1,-1,-1
38,-1,857.88,404.82,48.246,146.74,-0.24196,-1,-1,-1
38,-1,1274.6,468.86,63.98,193.94,-0.35646,-1,-1,-1
39,-1,391.01,363.15,138.29,416.86,2.5719,-1,-1,-1
39,-1,1144.7,338.9,128.96,388.88,2.5638,-1,-1,-1
39,-1,586.01,335.29,138.29,416.86,1.7565,-1,-1,-1
39,-1,951.35,227.27,225.27,677.82,1.2576,-1,-1,-1
39,-1,355.57,276.78,195.98,589.95,0.51954,-1,-1,-1
39,-1,552.55,276.78,195.98,589.95,0.021712,-1,-1,-1
39,-1,905,433,39,119,-0.0024678,-1,-1,-1
39,-1,1098.8,296.57,210.12,632.36,-0.083257,-1,-1,-1
39,-1,857.88,414.66,48.246,146.74,-0.19765,-1,-1,-1
39,-1,817,449,39,119,-0.21855,-1,-1,-1
40,-1,389.14,359.28,148.29,446.86,2.7297,-1,-1,-1
40,-1,1135.6,329.43,148.29,446.86,2.4148,-1,-1,-1
40,-1,929.93,254.35,210.12,632.36,1.4412,-1,-1,-1
40,-1,586.01,335.29,138.29,416.86,1.3064,-1,-1,-1
40,-1,1087.1,272.53,225.27,677.82,-0.16947,-1,-1,-1
40,-1,552.55,276.78,195.98,589.95,-0.24303,-1,-1,-1
40,-1,338.79,254.35,210.12,632.36,-0.37296,-1,-1,-1
40,-1,833,465,39,119,-0.38374,-1,-1,-1
40,-1,905,441,39,119,-0.43265,-1,-1,-1
40,-1,809,457,39,119,-0.48314,-1,-1,-1
41,-1,1135.6,329.43,148.29,446.86,2.5236,-1,-1,-1
41,-1,359.28,359.28,148.29,446.86,2.3889,-1,-1,-1
41,-1,922.56,243.51,241.51,726.54,1.6414,-1,-1,-1
41,-1,577,321,159,479,1.5637,-1,-1,-1
41,-1,857.88,424.51,48.246,146.74,0.045763,-1,-1,-1
41,-1,338.79,296.57,210.12,632.36,0.022304,-1,-1,-1
41,-1,1098.8,296.57,210.12,632.36,-0.14755,-1,-1,-1
41,-1,502.44,530.29,138.29,416.86,-0.211,-1,-1,-1
41,-1,837.68,449.65,29.314,89.943,-0.4557,-1,-1,-1
41,-1,886.18,461.78,59.629,180.89,-0.49872,-1,-1,-1
42,-1,353,353,159,479,2.9964,-1,-1,-1
42,-1,1144.7,364.89,128.96,388.88,2.136,-1,-1,-1
42,-1,922.56,243.51,241.51,726.54,1.5317,-1,-1,-1
42,-1,577,321,159,479,1.4137,-1,-1,-1
42,-1,857.88,434.36,48.246,146.74,0.56167,-1,-1,-1
42,-1,1098.8,296.57,210.12,632.36,-0.16618,-1,-1,-1
42,-1,837.68,455.71,29.314,89.943,-0.20407,-1,-1,-1
42,-1,833,473,39,119,-0.34358,-1,-1,-1
42,-1,317.78,182.02,225.27,677.82,-0.44664,-1,-1,-1
43,-1,353,353,159,479,3.9652,-1,-1,-1
43,-1,1143.2,363.15,138.29,416.86,2.3589,-1,-1,-1
43,-1,568.28,359.28,148.29,446.86,1.6819,-1,-1,-1
43,-1,922.56,243.51,241.51,726.54,1.494,-1,-1,-1
43,-1,855.63,442.1,44.948,136.84,0.43939,-1,-1,-1
43,-1,897,449,39,119,0.30201,-1,-1,-1
43,-1,317.78,272.53,225.27,677.82,-0.20844,-1,-1,-1
43,-1,1098.8,296.57,210.12,632.36,-0.22652,-1,-1,-1
43,-1,884.73,468.86,63.98,193.94,-0.32186,-1,-1,-1
44,-1,343.97,343.97,170.48,513.45,3.812,-1,-1,-1
44,-1,922.56,243.51,241.51,726.54,2.0801,-1,-1,-1
44,-1,1143.2,363.15,138.29,416.86,1.8432,-1,-1,-1
44,-1,558.15,363.15,138.29,416.86,0.99166,-1,-1,-1
44,-1,897,449,39,119,0.47691,-1,-1,-1
44,-1,848.03,444.21,48.246,146.74,0.45271,-1,-1,-1
44,-1,1104.1,316.17,195.98,589.95,-0.2755,-1,-1,-1
44,-1,800.49,460.48,44.948,136.84,-0.2817,-1,-1,-1
44,-1,552.55,316.17,195.98,589.95,-0.32775,-1,-1,-1
44,-1,292.02,98.006,241.51,726.54,-0.39895,-1,-1,-1
45,-1,331.83,331.83,182.79,550.38,3.1686,-1,-1,-1
45,-1,906.1,272.53,225.27,677.82,2.2744,-1,-1,-1
45,-1,1135.6,359.28,148.29,446.86,2.1092,-1,-1,-1
45,-1,558.15,363.15,138.29,416.86,1.1736,-1,-1,-1
45,-1,845.49,444.35,51.78,157.34,0.69074,-1,-1,-1
45,-1,552.55,316.17,195.98,589.95,-0.065947,-1,-1,-1
45,-1,800.49,460.48,44.948,136.84,-0.13298,-1,-1,-1
45,-1,279.58,112.43,277.58,834.73,-0.46195,-1,-1,-1
45,-1,419,1,297.57,894.71,-0.46432,-1,-1,-1
46,-1,309.67,378.26,170.48,513.45,2.7463,-1,-1,-1
46,-1,1115.3,391.01,138.29,416.86,2.1793,-1,-1,-1
46,-1,906.1,272.53,225.27,677.82,2.1119,-1,-1,-1
46,-1,545,353,159,479,1.5305,-1,-1,-1
46,-1,845.49,444.35,51.78,157.34,1.0136,-1,-1,-1
46,-1,798.4,472.58,41.871,127.61,0.43394,-1,-1,-1
46,-1,1104.1,316.17,195.98,589.95,-0.092207,-1,-1,-1
46,-1,884.14,455.43,41.871,127.61,-0.431,-1,-1,-1
46,-1,750.48,423.24,51.78,157.34,-0.48414,-1,-1,-1
47,-1,309.67,378.26,170.48,513.45,2.7621,-1,-1,-1
47,-1,906.1,272.53,225.27,677.82,2.7461,-1,-1,-1
47,-1,1115.3,391.01,138.29,416.86,2.5483,-1,-1,-1
47,-1,515.45,343.97,170.48,513.45,1.924,-1,-1,-1
47,-1,884.14,464.01,41.871,127.61,0.9893,-1,-1,-1
47,-1,834.93,454.91,51.78,157.34,0.67904,-1,-1,-1
47,-1,789.83,481.15,41.871,127.61,0.39691,-1,-1,-1
47,-1,446.72,56.715,277.58,834.73,0.10304,-1,-1,-1
47,-1,1104.1,355.57,195.98,589.95,-0.13182,-1,-1,-1
47,-1,763.74,106.68,21.974,67.922,-0.47331,-1,-1,-1
47,-1,749.54,434.36,48.246,146.74,-0.49943,-1,-1,-1
48,-1,906.1,272.53,225.27,677.82,2.6786,-1,-1,-1
48,-1,1105.7,389.14,148.29,446.86,2.5343,-1,-1,-1
48,-1,295.07,368.58,182.79,550.38,2.0464,-1,-1,-1
48,-1,515.45,378.26,170.48,513.45,1.9247,-1,-1,-1
48,-1,881,473,39,119,0.89482,-1,-1,-1
48,-1,838.18,463.91,48.246,146.74,0.86815,-1,-1,-1
48,-1,782.11,478.86,44.948,136.84,0.5097,-1,-1,-1
48,-1,446.72,56.715,277.58,834.73,-0.032973,-1,-1,-1
48,-1,1056.6,338.79,210.12,632.36,-0.34782,-1,-1,-1
49,-1,515.62,368.58,182.79,550.38,2.6253,-1,-1,-1
49,-1,1105.7,389.14,148.29,446.86,2.6076,-1,-1,-1
49,-1,275.37,378.26,170.48,513.45,1.976,-1,-1,-1
49,-1,906.1,272.53,225.27,677.82,1.8006,-1,-1,-1
49,-1,828.33,473.76,48.246,146.74,1.1037,-1,-1,-1
49,-1,881,481,39,119,0.85457,-1,-1,-1
49,-1,777,489,39,119,0.17389,-1,-1,-1
49,-1,446.72,56.715,277.58,834.73,-0.15351,-1,-1,-1
49,-1,292.02,340.52,241.51,726.54,-0.36277,-1,-1,-1
49,-1,1092.3,849.8,59.629,180.89,-0.46301,-1,-1,-1
50,-1,1105.7,389.14,148.29,446.86,2.4544,-1,-1,-1
50,-1,515.45,378.26,170.48,513.45,2.4165,-1,-1,-1
50,-1,874.05,292.02,241.51,726.54,2.3269,-1,-1,-1
50,-1,275.37,412.56,170.48,513.45,1.9428,-1,-1,-1
50,-1,824.37,476.02,51.78,157.34,1.5699,-1,-1,-1
50,-1,772.68,498.3,41.871,127.61,0.61102,-1,-1,-1
50,-1,446.72,56.715,277.58,834.73,-0.28403,-1,-1,-1
50,-1,809.93,498.8,27.284,83.853,-0.3196,-1,-1,-1
51,-1,515.45,378.26,170.48,513.45,2.4601,-1,-1,-1
51,-1,874.05,292.02,241.51,726.54,2.1439,-1,-1,-1
51,-1,258.31,405.34,182.79,550.38,2.1275,-1,-1,-1
51,-1,1087.4,418.86,138.29,416.86,2.1,-1,-1,-1
51,-1,815.59,476.18,55.569,168.71,1.3665,-1,-1,-1
51,-1,763.74,497.24,44.948,136.84,0.87143,-1,-1,-1
51,-1,1064.7,355.57,195.98,589.95,0.0092129,-1,-1,-1
51,-1,419,60.714,297.57,894.71,-0.23488,-1,-1,-1
52,-1,1087.4,418.86,138.29,416.86,2.4774,-1,-1,-1
52,-1,241.08,412.56,170.48,513.45,2.3275,-1,-1,-1
52,-1,478.86,368.58,182.79,550.38,2.0842,-1,-1,-1
52,-1,887.71,338.79,210.12,632.36,2.0316,-1,-1,-1
52,-1,818.48,483.61,48.246,146.74,1.7609,-1,-1,-1
52,-1,865,497,39,119,0.90834,-1,-1,-1
52,-1,763.74,506.43,44.948,136.84,0.57995,-1,-1,-1
52,-1,1064.7,355.57,195.98,589.95,0.071349,-1,-1,-1
52,-1,419,60.714,297.57,894.71,-0.39231,-1,-1,-1
52,-1,1088.3,898.27,51.78,157.34,-0.4304,-1,-1,-1
53,-1,478.86,368.58,182.79,550.38,2.6597,-1,-1,-1
53,-1,221.55,405.34,182.79,550.38,2.5914,-1,-1,-1
53,-1,1087.4,418.86,138.29,416.86,2.2641,-1,-1,-1
53,-1,860.84,317.78,225.27,677.82,2.23,-1,-1,-1
53,-1,813.82,486.58,51.78,157.34,0.64456,-1,-1,-1
53,-1,754.55,506.43,44.948,136.84,0.44944,-1,-1,-1
53,-1,1064.7,355.57,195.98,589.95,-0.022584,-1,-1,-1
53,-1,1087.1,894.78,55.569,168.71,-0.48174,-1,-1,-1
54,-1,221.55,405.34,182.79,550.38,2.7527,-1,-1,-1
54,-1,1087.4,418.86,138.29,416.86,2.5342,-1,-1,-1
54,-1,473.76,394.97,195.98,589.95,2.5078,-1,-1,-1
54,-1,860.84,317.78,225.27,677.82,2.479,-1,-1,-1
54,-1,754.55,506.43,44.948,136.84,1.396,-1,-1,-1
54,-1,804.27,487.49,55.569,168.71,0.44353,-1,-1,-1
54,-1,1064.7,355.57,195.98,589.95,-0.19396,-1,-1,-1
54,-1,419,60.714,297.57,894.71,-0.31167,-1,-1,-1
55,-1,1087.4,418.86,138.29,416.86,2.6835,-1,-1,-1
55,-1,197.98,394.97,195.98,589.95,2.5658,-1,-1,-1
55,-1,860.84,317.78,225.27,677.82,2.4649,-1,-1,-1
55,-1,478.86,405.34,182.79,550.38,2.4527,-1,-1,-1
55,-1,754.55,515.62,44.948,136.84,1.3485,-1,-1,-1
55,-1,804.27,487.49,55.569,168.71,0.37764,-1,-1,-1
55,-1,1064.7,355.57,195.98,589.95,-0.18709,-1,-1,-1
55,-1,419,60.714,297.57,894.71,-0.25065,-1,-1,-1
56,-1,197.98,394.97,195.98,589.95,3.1254,-1,-1,-1
56,-1,1087.4,418.86,138.29,416.86,2.6833,-1,-1,-1
56,-1,860.84,317.78,225.27,677.82,2.6162,-1,-1,-1
56,-1,473.76,394.97,195.98,589.95,2.4699,-1,-1,-1
56,-1,804.27,487.49,55.569,168.71,1.3354,-1,-1,-1
56,-1,754.55,515.62,44.948,136.84,0.67221,-1,-1,-1
56,-1,1064.7,355.57,195.98,589.95,0.058612,-1,-1,-1
56,-1,892.39,938.34,44.948,136.84,-0.48205,-1,-1,-1
57,-1,473.76,394.97,195.98,589.95,2.7284,-1,-1,-1
57,-1,1087.4,418.86,138.29,416.86,2.7203,-1,-1,-1
57,-1,860.84,317.78,225.27,677.82,2.6481,-1,-1,-1
57,-1,169.9,381.02,210.12,632.36,2.6087,-1,-1,-1
57,-1,803.26,497.13,51.78,157.34,1.1444,-1,-1,-1
57,-1,1064.7,355.57,195.98,589.95,0.13803,-1,-1,-1
57,-1,753,529,39,119,0.031324,-1,-1,-1
58,-1,1087.4,418.86,138.29,416.86,2.7996,-1,-1,-1
58,-1,158.59,394.97,195.98,589.95,2.7578,-1,-1,-1
58,-1,860.84,317.78,225.27,677.82,2.4713,-1,-1,-1
58,-1,473.76,394.97,195.98,589.95,2.1766,-1,-1,-1
58,-1,803.26,497.13,51.78,157.34,0.79743,-1,-1,-1
58,-1,1064.7,355.57,195.98,589.95,0.085265,-1,-1,-1
58,-1,746.95,524.03,41.871,127.61,-0.42439,-1,-1,-1
59,-1,136.76,363.04,225.27,677.82,3.0918,-1,-1,-1
59,-1,845.49,338.79,210.12,632.36,2.9624,-1,-1,-1
59,-1,1087.4,418.86,138.29,416.86,2.6207,-1,-1,-1
59,-1,434.36,394.97,195.98,589.95,1.7483,-1,-1,-1
59,-1,798.78,493.46,48.246,146.74,0.19311,-1,-1,-1
59,-1,777.28,239.86,297.57,894.71,0.053522,-1,-1,-1
59,-1,1064.7,355.57,195.98,589.95,0.030798,-1,-1,-1
59,-1,745.36,524.81,44.948,136.84,-0.10608,-1,-1,-1
60,-1,127.67,423.24,210.12,632.36,3.2575,-1,-1,-1
60,-1,845.49,338.79,210.12,632.36,2.7187,-1,-1,-1
60,-1,1075.9,419,148.29,446.86,2.638,-1,-1,-1
60,-1,434.36,394.97,195.98,589.95,1.8113,-1,-1,-1
60,-1,777.28,239.86,297.57,894.71,0.67288,-1,-1,-1
60,-1,745.36,524.81,44.948,136.84,0.27479,-1,-1,-1
60,-1,561,953,39,119,-0.1243,-1,-1,-1
61,-1,119.19,434.36,195.98,589.95,3.0012,-1,-1,-1
61,-1,1075.9,419,148.29,446.86,2.6508,-1,-1,-1
61,-1,845.49,338.79,210.12,632.36,2.6294,-1,-1,-1
61,-1,434.36,394.97,195.98,589.95,1.9197,-1,-1,-1
61,-1,777.28,239.86,297.57,894.71,0.84916,-1,-1,-1
61,-1,745.36,524.81,44.948,136.84,-0.099945,-1,-1,-1
61,-1,60.714,299.57,297.57,894.71,-0.14567,-1,-1,-1
61,-1,759.02,770.33,27.284,83.853,-0.37585,-1,-1,-1
62,-1,845.49,338.79,210.12,632.36,2.8066,-1,-1,-1
62,-1,127.67,423.24,210.12,632.36,2.7458,-1,-1,-1
62,-1,1087.4,418.86,138.29,416.86,2.6001,-1,-1,-1
62,-1,434.36,394.97,195.98,589.95,2.0131,-1,-1,-1
62,-1,777.28,239.86,297.57,894.71,0.71943,-1,-1,-1
62,-1,1064.7,394.97,195.98,589.95,0.13193,-1,-1,-1
62,-1,60.714,299.57,297.57,894.71,-0.10143,-1,-1,-1
62,-1,745.36,524.81,44.948,136.84,-0.45942,-1,-1,-1
63,-1,845.49,338.79,210.12,632.36,2.6649,-1,-1,-1
63,-1,91.51,408.29,225.27,677.82,2.6245,-1,-1,-1
63,-1,1087.4,418.86,138.29,416.86,2.4298,-1,-1,-1
63,-1,423.24,381.02,210.12,632.36,1.8332,-1,-1,-1
63,-1,777.28,239.86,297.57,894.71,0.43614,-1,-1,-1
63,-1,1064.7,394.97,195.98,589.95,0.36979,-1,-1,-1
63,-1,745.36,515.62,44.948,136.84,0.16286,-1,-1,-1
63,-1,65,321,319,959,-0.45162,-1,-1,-1
64,-1,85.449,423.24,210.12,632.36,3.2431,-1,-1,-1
64,-1,825.55,292.02,241.51,726.54,2.7002,-1,-1,-1
64,-1,1075.9,419,148.29,446.86,2.4234,-1,-1,-1
64,-1,423.24,381.02,210.12,632.36,2.0418,-1,-1,-1
64,-1,60.714,299.57,297.57,894.71,0.9766,-1,-1,-1
64,-1,745.36,515.62,44.948,136.84,0.5341,-1,-1,-1
64,-1,1056.6,381.02,210.12,632.36,-0.049697,-1,-1,-1
64,-1,1616.3,641.2,48.246,146.74,-0.18286,-1,-1,-1
64,-1,680.59,463.91,48.246,146.74,-0.39773,-1,-1,-1
65,-1,91.51,408.29,225.27,677.82,3.2533,-1,-1,-1
65,-1,845.49,338.79,210.12,632.36,2.7168,-1,-1,-1
65,-1,1087.4,418.86,138.29,416.86,2.3181,-1,-1,-1
65,-1,453.55,363.04,225.27,677.82,1.6683,-1,-1,-1
65,-1,1064.7,355.57,195.98,589.95,0.7119,-1,-1,-1
65,-1,777.28,239.86,297.57,894.71,0.4976,-1,-1,-1
65,-1,749.54,503.31,48.246,146.74,0.25214,-1,-1,-1
65,-1,65,257,319,959,-0.015099,-1,-1,-1
66,-1,85.449,423.24,210.12,632.36,3.4364,-1,-1,-1
66,-1,860.84,317.78,225.27,677.82,2.5534,-1,-1,-1
66,-1,1105.7,419,148.29,446.86,2.5415,-1,-1,-1
66,-1,453.55,363.04,225.27,677.82,2.0205,-1,-1,-1
66,-1,60.714,299.57,297.57,894.71,0.95049,-1,-1,-1
66,-1,754.55,506.43,44.948,136.84,0.81524,-1,-1,-1
66,-1,1056.6,338.79,210.12,632.36,0.087583,-1,-1,-1
66,-1,798.78,483.61,48.246,146.74,-0.20013,-1,-1,-1
66,-1,833,257,319,959,-0.44533,-1,-1,-1
67,-1,46.255,408.29,225.27,677.82,3.7186,-1,-1,-1
67,-1,860.84,317.78,225.27,677.82,2.5591,-1,-1,-1
67,-1,1089,385,159,479,2.1759,-1,-1,-1
67,-1,453.55,363.04,225.27,677.82,1.9831,-1,-1,-1
67,-1,754.55,506.43,44.948,136.84,1.0413,-1,-1,-1
67,-1,112.43,335.29,277.58,834.73,0.41992,-1,-1,-1
67,-1,806.97,489.73,41.871,127.61,-0.36022,-1,-1,-1
67,-1,833,257,319,959,-0.4901,-1,-1,-1
68,-1,49.503,389.02,241.51,726.54,3.5984,-1,-1,-1
68,-1,860.84,317.78,225.27,677.82,2.5739,-1,-1,-1
68,-1,1105.7,389.14,148.29,446.86,2.3707,-1,-1,-1
68,-1,437.53,340.52,241.51,726.54,2.2555,-1,-1,-1
68,-1,754.55,497.24,44.948,136.84,1.3924,-1,-1,-1
68,-1,1056.6,338.79,210.12,632.36,-0.22113,-1,-1,-1
68,-1,809.68,478.86,44.948,136.84,-0.31181,-1,-1,-1
68,-1,833,257,319,959,-0.40992,-1,-1,-1
69,-1,46.255,363.04,225.27,677.82,3.697,-1,-1,-1
69,-1,860.84,317.78,225.27,677.82,2.8203,-1,-1,-1
69,-1,1105.7,389.14,148.29,446.86,2.7289,-1,-1,-1
69,-1,437.53,340.52,241.51,726.54,2.1722,-1,-1,-1
69,-1,759.38,493.46,48.246,146.74,1.359,-1,-1,-1
69,-1,1035.5,423.24,104.56,315.68,0.019923,-1,-1,-1
69,-1,1098.8,338.79,210.12,632.36,-0.22666,-1,-1,-1
69,-1,112.43,335.29,277.58,834.73,-0.30479,-1,-1,-1
69,-1,1636,631.35,48.246,146.74,-0.42869,-1,-1,-1
70,-1,49.503,340.52,241.51,726.54,3.2951,-1,-1,-1
70,-1,1115.3,391.01,138.29,416.86,2.7015,-1,-1,-1
70,-1,874.05,292.02,241.51,726.54,2.6839,-1,-1,-1
70,-1,437.53,340.52,241.51,726.54,2.1768,-1,-1,-1
70,-1,761.04,486.58,51.78,157.34,0.95365,-1,-1,-1
70,-1,1104.1,355.57,195.98,589.95,0.61613,-1,-1,-1
70,-1,817,473,39,119,-0.27659,-1,-1,-1
71,-1,874.05,292.02,241.51,726.54,2.567,-1,-1,-1
71,-1,1105.7,389.14,148.29,446.86,2.5333,-1,-1,-1
71,-1,43.224,381.02,210.12,632.36,2.4443,-1,-1,-1
71,-1,416.87,312.9,258.92,778.76,1.8448,-1,-1,-1
71,-1,763.74,488.05,44.948,136.84,0.95079,-1,-1,-1
71,-1,1,299.57,297.57,894.71,0.26247,-1,-1,-1
71,-1,1098.8,338.79,210.12,632.36,0.095143,-1,-1,-1
72,-1,1105.7,389.14,148.29,446.86,2.2596,-1,-1,-1
72,-1,1,340.52,241.51,726.54,2.1154,-1,-1,-1
72,-1,416.87,312.9,258.92,778.76,2.0447,-1,-1,-1
72,-1,874.05,292.02,241.51,726.54,1.9071,-1,-1,-1
72,-1,759.38,483.61,48.246,146.74,1.2207,-1,-1,-1
72,-1,1098.8,338.79,210.12,632.36,0.36207,-1,-1,-1
72,-1,1630.2,385.67,112.14,338.41,-0.43426,-1,-1,-1
73,-1,1105.7,389.14,148.29,446.86,2.5143,-1,-1,-1
73,-1,860.84,272.53,225.27,677.82,2.2296,-1,-1,-1
73,-1,408.29,317.78,225.27,677.82,2.0342,-1,-1,-1
73,-1,1,340.52,241.51,726.54,1.5418,-1,-1,-1
73,-1,759.38,483.61,48.246,146.74,1.3464,-1,-1,-1
73,-1,1098.8,338.79,210.12,632.36,0.22192,-1,-1,-1
73,-1,385,257,319,959,-0.27913,-1,-1,-1
73,-1,1625.8,364.77,120.26,362.77,-0.42605,-1,-1,-1
73,-1,1784.4,875.57,41.871,127.61,-0.45152,-1,-1,-1
74,-1,860.84,272.53,225.27,677.82,2.5139,-1,-1,-1
74,-1,1105.7,389.14,148.29,446.86,2.3866,-1,-1,-1
74,-1,408.29,317.78,225.27,677.82,1.919,-1,-1,-1
74,-1,759.38,483.61,48.246,146.74,0.82634,-1,-1,-1
74,-1,-50.984,312.9,258.92,778.76,0.39594,-1,-1,-1
74,-1,1098.8,338.79,210.12,632.36,0.32337,-1,-1,-1
74,-1,1453,821,19,59,-0.036511,-1,-1,-1
74,-1,813.82,454.91,51.78,157.34,-0.221,-1,-1,-1
74,-1,745.36,524.81,21.974,67.922,-0.42167,-1,-1,-1
74,-1,1625.8,364.77,120.26,362.77,-0.43479,-1,-1,-1
75,-1,860.84,272.53,225.27,677.82,2.39,-1,-1,-1
75,-1,1115.3,391.01,138.29,416.86,2.1523,-1,-1,-1
75,-1,389.02,292.02,241.51,726.54,2.0306,-1,-1,-1
75,-1,754.55,478.86,44.948,136.84,0.91939,-1,-1,-1
75,-1,1104.1,355.57,195.98,589.95,0.73172,-1,-1,-1
75,-1,813.82,454.91,51.78,157.34,0.69213,-1,-1,-1
75,-1,1630.2,363.04,112.14,338.41,-0.18693,-1,-1,-1
75,-1,-47.503,340.52,241.51,726.54,-0.28802,-1,-1,-1
75,-1,1453,821,19,59,-0.48348,-1,-1,-1
76,-1,860.84,272.53,225.27,677.82,2.4619,-1,-1,-1
76,-1,1105.7,359.28,148.29,446.86,2.239,-1,-1,-1
76,-1,389.02,292.02,241.51,726.54,1.7911,-1,-1,-1
76,-1,754.55,478.86,44.948,136.84,0.70368,-1,-1,-1
76,-1,1098.8,338.79,210.12,632.36,0.26971,-1,-1,-1
76,-1,813.82,454.91,51.78,157.34,0.18093,-1,-1,-1
76,-1,1647.7,381.02,104.56,315.68,-0.34732,-1,-1,-1
76,-1,343.97,206.78,341.97,1027.9,-0.38005,-1,-1,-1
77,-1,845.49,296.57,210.12,632.36,2.7128,-1,-1,-1
77,-1,1105.7,359.28,148.29,446.86,2.332,-1,-1,-1
77,-1,364.89,312.9,258.92,778.76,1.7135,-1,-1,-1
77,-1,750.48,465.47,51.78,157.34,0.5323,-1,-1,-1
77,-1,922.56,292.02,241.51,726.54,0.19825,-1,-1,-1
77,-1,804.27,453.55,55.569,168.71,-0.063864,-1,-1,-1
77,-1,1098.8,338.79,210.12,632.36,-0.095177,-1,-1,-1
78,-1,845.49,296.57,210.12,632.36,2.738,-1,-1,-1
78,-1,1121,353,159,479,2.3504,-1,-1,-1
78,-1,364.89,312.9,258.92,778.76,2.1283,-1,-1,-1
78,-1,922.56,292.02,241.51,726.54,0.34785,-1,-1,-1
78,-1,750.48,465.47,51.78,157.34,0.26254,-1,-1,-1
78,-1,815.59,442.23,55.569,168.71,-0.11649,-1,-1,-1
78,-1,1652.8,363.04,112.14,338.41,-0.46642,-1,-1,-1
78,-1,295.07,221.55,366.58,1101.8,-0.49956,-1,-1,-1
79,-1,860.84,272.53,225.27,677.82,2.611,-1,-1,-1
79,-1,1105.7,359.28,148.29,446.86,2.3717,-1,-1,-1
79,-1,335.29,279.58,277.58,834.73,2.0682,-1,-1,-1
79,-1,739.92,465.47,51.78,157.34,0.36152,-1,-1,-1
79,-1,1445,821,19,59,-0.13163,-1,-1,-1
79,-1,804.27,442.23,55.569,168.71,-0.3016,-1,-1,-1
79,-1,1098.8,338.79,210.12,632.36,-0.33806,-1,-1,-1
79,-1,1652.8,363.04,112.14,338.41,-0.38304,-1,-1,-1
79,-1,1518.6,554.04,20.435,63.306,-0.38519,-1,-1,-1
80,-1,860.84,272.53,225.27,677.82,3.273,-1,-1,-1
80,-1,1089,353,159,479,2.3003,-1,-1,-1
80,-1,335.29,279.58,277.58,834.73,1.8402,-1,-1,-1
80,-1,739.69,463.91,48.246,146.74,0.27557,-1,-1,-1
80,-1,801.3,437.53,59.629,180.89,-0.043481,-1,-1,-1
81,-1,845.49,296.57,210.12,632.36,2.9343,-1,-1,-1
81,-1,1105.7,359.28,148.29,446.86,2.6534,-1,-1,-1
81,-1,299.57,239.86,297.57,894.71,2.1954,-1,-1,-1
81,-1,792.96,442.23,55.569,168.71,0.62497,-1,-1,-1
81,-1,729.37,454.91,51.78,157.34,0.34337,-1,-1,-1
81,-1,837,180.14,297.57,894.71,-0.20674,-1,-1,-1
81,-1,1056.6,338.79,210.12,632.36,-0.22449,-1,-1,-1
82,-1,845.49,296.57,210.12,632.36,2.7273,-1,-1,-1
82,-1,1105.7,359.28,148.29,446.86,2.6278,-1,-1,-1
82,-1,312.9,260.92,258.92,778.76,2.1835,-1,-1,-1
82,-1,789.17,437.53,59.629,180.89,0.32013,-1,-1,-1
82,-1,635.49,489.73,41.871,127.61,-0.11543,-1,-1,-1
82,-1,729.84,463.91,48.246,146.74,-0.14325,-1,-1,-1
82,-1,221.55,148.03,366.58,1101.8,-0.16878,-1,-1,-1
82,-1,1056.6,296.57,210.12,632.36,-0.31554,-1,-1,-1
82,-1,777.28,180.14,297.57,894.71,-0.33391,-1,-1,-1
83,-1,815.59,272.53,225.27,677.82,2.7395,-1,-1,-1
83,-1,1105.7,359.28,148.29,446.86,2.2044,-1,-1,-1
83,-1,279.58,223.86,277.58,834.73,2.0876,-1,-1,-1
83,-1,781.65,430.92,55.569,168.71,0.80877,-1,-1,-1
83,-1,993.27,381.02,104.56,315.68,0.0071735,-1,-1,-1
83,-1,725.08,442.23,55.569,168.71,-0.17106,-1,-1,-1
83,-1,1041.9,317.78,225.27,677.82,-0.23731,-1,-1,-1
83,-1,237.38,158.59,392.97,1180.9,-0.32415,-1,-1,-1
84,-1,815.59,272.53,225.27,677.82,2.9518,-1,-1,-1
84,-1,1089,353,159,479,2.6591,-1,-1,-1
84,-1,239.86,239.86,297.57,894.71,2.4063,-1,-1,-1
84,-1,782.15,433.8,51.78,157.34,0.78645,-1,-1,-1
84,-1,713.76,442.23,55.569,168.71,0.44176,-1,-1,-1
84,-1,993.27,381.02,104.56,315.68,0.014269,-1,-1,-1
84,-1,1417,805,19,59,0.012829,-1,-1,-1
84,-1,486.58,423.24,104.56,315.68,-0.22862,-1,-1,-1
84,-1,1822.5,894.78,55.569,168.71,-0.3643,-1,-1,-1
84,-1,1769.1,671.31,25.39,78.17,-0.37009,-1,-1,-1
84,-1,1035.5,486.58,104.56,315.68,-0.43612,-1,-1,-1
84,-1,616.7,478.86,44.948,136.84,-0.49933,-1,-1,-1
85,-1,815.59,272.53,225.27,677.82,2.6297,-1,-1,-1
85,-1,1075.9,359.28,148.29,446.86,2.4978,-1,-1,-1
85,-1,239.86,239.86,297.57,894.71,2.311,-1,-1,-1
85,-1,702.45,442.23,55.569,168.71,0.74687,-1,-1,-1
85,-1,770.33,430.92,55.569,168.71,0.39115,-1,-1,-1
85,-1,1056.6,296.57,210.12,632.36,0.02819,-1,-1,-1
85,-1,493.46,414.66,97.492,294.47,-0.21186,-1,-1,-1
85,-1,1409,801,19,59,-0.2562,-1,-1,-1
85,-1,993.27,381.02,104.56,315.68,-0.27297,-1,-1,-1
85,-1,1344.6,538.43,73.643,222.93,-0.46824,-1,-1,-1
86,-1,815.59,272.53,225.27,677.82,3.0185,-1,-1,-1
86,-1,193,193,319,959,2.7467,-1,-1,-1
86,-1,1075.9,359.28,148.29,446.86,2.6447,-1,-1,-1
86,-1,697.7,444.35,51.78,157.34,1.1901,-1,-1,-1
86,-1,764.92,413.27,59.629,180.89,0.37769,-1,-1,-1
86,-1,478.86,423.72,90.896,274.69,0.3333,-1,-1,-1
86,-1,1056.6,296.57,210.12,632.36,-0.031299,-1,-1,-1
86,-1,729.84,552.55,97.492,294.47,-0.45147,-1,-1,-1
86,-1,1795.6,886.18,59.629,180.89,-0.45595,-1,-1,-1
87,-1,777.05,243.51,241.51,726.54,2.6142,-1,-1,-1
87,-1,193,193,319,959,2.5207,-1,-1,-1
87,-1,1087.4,363.15,138.29,416.86,2.3483,-1,-1,-1
87,-1,1064.7,316.17,195.98,589.95,0.36945,-1,-1,-1
87,-1,690.44,444.21,48.246,146.74,0.24028,-1,-1,-1
87,-1,473.76,414.66,97.492,294.47,0.15895,-1,-1,-1
87,-1,978.46,446.86,84.742,256.23,-0.011017,-1,-1,-1
87,-1,1389,793,19,59,-0.1221,-1,-1,-1
88,-1,138.19,138.19,341.97,1027.9,2.9934,-1,-1,-1
88,-1,1046,329.43,148.29,446.86,2.9796,-1,-1,-1
88,-1,777.05,243.51,241.51,726.54,2.5807,-1,-1,-1
88,-1,454.06,414.66,97.492,294.47,1.0152,-1,-1,-1
88,-1,680.59,444.21,48.246,146.74,0.4255,-1,-1,-1
88,-1,1098.5,309.67,170.48,513.45,0.10318,-1,-1,-1
88,-1,747.7,408.29,55.569,168.71,-0.14048,-1,-1,-1
88,-1,697.7,528.8,104.56,315.68,-0.25596,-1,-1,-1
88,-1,1381,789,19,59,-0.37738,-1,-1,-1
88,-1,1330,618.34,41.871,127.61,-0.38823,-1,-1,-1
88,-1,1014.4,296.57,210.12,632.36,-0.40333,-1,-1,-1
89,-1,1046,329.43,148.29,446.86,2.793,-1,-1,-1
89,-1,770.33,227.27,225.27,677.82,2.5699,-1,-1,-1
89,-1,79.793,79.793,392.97,1180.9,2.1359,-1,-1,-1
89,-1,434.36,414.66,97.492,294.47,0.82748,-1,-1,-1
89,-1,951.05,359.91,104.56,315.68,0.65871,-1,-1,-1
89,-1,668.51,430.92,55.569,168.71,0.51592,-1,-1,-1
89,-1,1377,785,19,59,-0.084008,-1,-1,-1
89,-1,1041.9,272.53,225.27,677.82,-0.24129,-1,-1,-1
90,-1,761.04,254.35,210.12,632.36,2.9304,-1,-1,-1
90,-1,1059.6,335.29,138.29,416.86,2.6609,-1,-1,-1
90,-1,79.793,79.793,392.97,1180.9,1.8538,-1,-1,-1
90,-1,926.82,375.27,97.492,294.47,1.1994,-1,-1,-1
90,-1,1025.3,316.17,195.98,589.95,0.74901,-1,-1,-1
90,-1,434.36,414.66,97.492,294.47,0.53361,-1,-1,-1
90,-1,670.74,434.36,48.246,146.74,0.45622,-1,-1,-1
90,-1,1373,781,19,59,-0.015608,-1,-1,-1
90,-1,1586.7,887.42,48.246,146.74,-0.27957,-1,-1,-1
90,-1,705,193,319,959,-0.28692,-1,-1,-1
91,-1,770.33,227.27,225.27,677.82,2.9359,-1,-1,-1
91,-1,1046,329.43,148.29,446.86,2.8916,-1,-1,-1
91,-1,69.594,138.19,341.97,1027.9,2.0632,-1,-1,-1
91,-1,1014.4,296.57,210.12,632.36,0.39343,-1,-1,-1
91,-1,423.24,402.13,104.56,315.68,0.13763,-1,-1,-1
91,-1,662.65,451.29,44.948,136.84,0.10276,-1,-1,-1
91,-1,705,193,319,959,-0.056268,-1,-1,-1
91,-1,676.59,486.58,51.78,157.34,-0.32205,-1,-1,-1
91,-1,644.27,745.36,44.948,136.84,-0.36169,-1,-1,-1
91,-1,1365,773,19,59,-0.43141,-1,-1,-1
92,-1,1046,329.43,148.29,446.86,2.9562,-1,-1,-1
92,-1,761.04,254.35,210.12,632.36,2.8198,-1,-1,-1
92,-1,69.594,138.19,341.97,1027.9,1.6103,-1,-1,-1
92,-1,926.82,375.27,97.492,294.47,0.60637,-1,-1,-1
92,-1,655.48,423.24,51.78,157.34,0.39796,-1,-1,-1
92,-1,1014.4,296.57,210.12,632.36,0.36837,-1,-1,-1
92,-1,423.72,405.34,90.896,274.69,0.13033,-1,-1,-1
92,-1,866.85,777.28,73.643,222.93,-0.2789,-1,-1,-1
92,-1,-89.51,91.51,451.55,1356.6,-0.29792,-1,-1,-1
92,-1,725.3,377.08,68.644,207.93,-0.29887,-1,-1,-1
92,-1,676.59,476.02,51.78,157.34,-0.3456,-1,-1,-1
92,-1,705,193,319,959,-0.346,-1,-1,-1
92,-1,1581.6,874.01,44.948,136.84,-0.39168,-1,-1,-1
93,-1,1025,289,159,479,2.7247,-1,-1,-1
93,-1,770.33,227.27,225.27,677.82,2.5862,-1,-1,-1
93,-1,1,138.19,341.97,1027.9,1.1425,-1,-1,-1
93,-1,414.66,394.97,97.492,294.47,0.47096,-1,-1,-1
93,-1,1361,769,19,59,0.14144,-1,-1,-1
93,-1,645.88,419.61,55.569,168.71,-0.019191,-1,-1,-1
93,-1,728.78,377.89,63.98,193.94,-0.048361,-1,-1,-1
93,-1,657.86,180.14,297.57,894.71,-0.17224,-1,-1,-1
94,-1,1025,289,159,479,2.9213,-1,-1,-1
94,-1,728.54,195.01,241.51,726.54,2.7938,-1,-1,-1
94,-1,1,138.19,341.97,1027.9,0.50204,-1,-1,-1
94,-1,926.82,355.57,97.492,294.47,0.38311,-1,-1,-1
94,-1,644.92,423.24,51.78,157.34,0.17306,-1,-1,-1
94,-1,414.66,394.97,97.492,294.47,-0.039853,-1,-1,-1
94,-1,666.03,476.02,51.78,157.34,-0.28593,-1,-1,-1
94,-1,1268.5,516.37,68.644,207.93,-0.28982,-1,-1,-1
94,-1,1357,765,19,59,-0.34349,-1,-1,-1
94,-1,1578.7,875.57,41.871,127.61,-0.40567,-1,-1,-1
95,-1,1025,289,159,479,2.7219,-1,-1,-1
95,-1,725.08,227.27,225.27,677.82,2.6338,-1,-1,-1
95,-1,908.82,359.91,104.56,315.68,0.9896,-1,-1,-1
95,-1,644.92,423.24,51.78,157.34,0.14381,-1,-1,-1
95,-1,414.66,394.97,97.492,294.47,0.10435,-1,-1,-1
95,-1,1,138.19,341.97,1027.9,-0.1905,-1,-1,-1
95,-1,394.97,631.35,48.246,146.74,-0.28399,-1,-1,-1
95,-1,1587.2,892.72,41.871,127.61,-0.4077,-1,-1,-1
95,-1,705,193,319,959,-0.46101,-1,-1,-1
95,-1,973.98,747.7,112.14,338.41,-0.49059,-1,-1,-1
96,-1,1025,289,159,479,3.0344,-1,-1,-1
96,-1,725.08,227.27,225.27,677.82,2.3572,-1,-1,-1
96,-1,908.82,359.91,104.56,315.68,0.77483,-1,-1,-1
96,-1,385.67,385.67,112.14,338.41,0.36879,-1,-1,-1
96,-1,634.36,423.24,51.78,157.34,0.05883,-1,-1,-1
96,-1,1353,765,19,59,-0.2624,-1,-1,-1
96,-1,705,193,319,959,-0.26459,-1,-1,-1
96,-1,993.48,717.79,90.896,274.69,-0.29823,-1,-1,-1
96,-1,946.52,276.78,195.98,589.95,-0.32906,-1,-1,-1
96,-1,1804.8,606.9,33.822,103.47,-0.36082,-1,-1,-1
97,-1,1025,289,159,479,2.8898,-1,-1,-1
97,-1,725.08,227.27,225.27,677.82,2.4284,-1,-1,-1
97,-1,906.1,340.41,112.14,338.41,0.85559,-1,-1,-1
97,-1,394.97,394.97,97.492,294.47,0.19962,-1,-1,-1
97,-1,705,129,319,959,-0.14184,-1,-1,-1
97,-1,634.57,408.29,55.569,168.71,-0.19202,-1,-1,-1
97,-1,946.52,276.78,195.98,589.95,-0.22065,-1,-1,-1
97,-1,386.96,625.89,44.948,136.84,-0.43836,-1,-1,-1
97,-1,973.98,747.7,112.14,338.41,-0.45193,-1,-1,-1
98,-1,1016.1,299.57,148.29,446.86,3.0396,-1,-1,-1
98,-1,725.08,227.27,225.27,677.82,2.5386,-1,-1,-1
98,-1,906.1,340.41,112.14,338.41,0.78301,-1,-1,-1
98,-1,381.02,402.13,104.56,315.68,0.36776,-1,-1,-1
98,-1,1014.4,254.35,210.12,632.36,0.14166,-1,-1,-1
98,-1,634.57,419.61,55.569,168.71,0.09298,-1,-1,-1
98,-1,1353,765,19,59,-0.23237,-1,-1,-1
98,-1,781.01,168.15,277.58,834.73,-0.28867,-1,-1,-1
98,-1,705,565,19,59,-0.49817,-1,-1,-1
99,-1,1016.1,299.57,148.29,446.86,2.9513,-1,-1,-1
99,-1,725.08,227.27,225.27,677.82,2.4911,-1,-1,-1
99,-1,381.02,402.13,104.56,315.68,0.86539,-1,-1,-1
99,-1,908.82,359.91,104.56,315.68,0.84136,-1,-1,-1
99,-1,634.57,419.61,55.569,168.71,0.63959,-1,-1,-1
99,-1,1014.4,254.35,210.12,632.36,0.15032,-1,-1,-1
99,-1,1877,729,19,59,-0.026221,-1,-1,-1
99,-1,655.79,510.28,120.26,362.77,-0.29698,-1,-1,-1
99,-1,705,129,319,959,-0.38951,-1,-1,-1
99,-1,359.28,269.71,148.29,446.86,-0.42502,-1,-1,-1
100,-1,1025,289,159,479,2.7798,-1,-1,-1
100,-1,725.08,227.27,225.27,677.82,2.45,-1,-1,-1
100,-1,908.82,359.91,104.56,315.68,1.1817,-1,-1,-1
100,-1,385.67,385.67,112.14,338.41,0.85231,-1,-1,-1
100,-1,634.57,419.61,55.569,168.71,0.8024,-1,-1,-1
100,-1,996.61,272.53,225.27,677.82,-0.16515,-1,-1,-1
100,-1,655.79,510.28,120.26,362.77,-0.42787,-1,-1,-1
100,-1,705,193,319,959,-0.49205,-1,-1,-1
101,-1,1025,321,159,479,3.0067,-1,-1,-1
101,-1,725.08,227.27,225.27,677.82,2.1499,-1,-1,-1
101,-1,898.3,316.27,120.26,362.77,0.99819,-1,-1,-1
101,-1,634.57,408.29,55.569,168.71,0.98971,-1,-1,-1
101,-1,385.67,385.67,112.14,338.41,0.72054,-1,-1,-1
101,-1,996.61,272.53,225.27,677.82,-0.045751,-1,-1,-1
101,-1,705,193,319,959,-0.11896,-1,-1,-1
102,-1,1025,321,159,479,2.5204,-1,-1,-1
102,-1,725.08,227.27,225.27,677.82,2.2556,-1,-1,-1
102,-1,906.1,340.41,112.14,338.41,1.3825,-1,-1,-1
102,-1,634.57,408.29,55.569,168.71,0.65493,-1,-1,-1
102,-1,385.67,385.67,112.14,338.41,0.60395,-1,-1,-1
102,-1,996.61,227.27,225.27,677.82,0.038007,-1,-1,-1
102,-1,705,193,319,959,-0.068105,-1,-1,-1
103,-1,1046,329.43,148.29,446.86,3.0246,-1,-1,-1
103,-1,728.54,195.01,241.51,726.54,2.0974,-1,-1,-1
103,-1,926.82,355.57,97.492,294.47,0.91615,-1,-1,-1
103,-1,643.66,401.15,59.629,180.89,0.82154,-1,-1,-1
103,-1,394.97,414.66,97.492,294.47,0.77425,-1,-1,-1
103,-1,1014.4,296.57,210.12,632.36,0.40336,-1,-1,-1
103,-1,896.71,239.86,148.29,446.86,-0.057602,-1,-1,-1
104,-1,1057,289,159,479,2.7292,-1,-1,-1
104,-1,761.04,254.35,210.12,632.36,2.0793,-1,-1,-1
104,-1,655.79,401.15,59.629,180.89,1.6129,-1,-1,-1
104,-1,928.72,340.41,112.14,338.41,1.0493,-1,-1,-1
104,-1,408.29,385.67,112.14,338.41,0.74028,-1,-1,-1
104,-1,1041.9,272.53,225.27,677.82,0.032317,-1,-1,-1
104,-1,705,129,319,959,0.019774,-1,-1,-1
104,-1,1389,761,19,59,-0.24482,-1,-1,-1
104,-1,99.492,710.14,97.492,294.47,-0.38584,-1,-1,-1
105,-1,1075.9,299.57,148.29,446.86,2.4497,-1,-1,-1
105,-1,770.33,227.27,225.27,677.82,1.8676,-1,-1,-1
105,-1,668.51,408.29,55.569,168.71,1.511,-1,-1,-1
105,-1,414.66,414.66,97.492,294.47,0.54112,-1,-1,-1
105,-1,705,129,319,959,0.20371,-1,-1,-1
105,-1,1056.6,296.57,210.12,632.36,0.078099,-1,-1,-1
105,-1,1401,761,19,59,-0.13282,-1,-1,-1
105,-1,1820.4,397.38,31.49,96.47,-0.45811,-1,-1,-1
106,-1,1075.9,299.57,148.29,446.86,2.823,-1,-1,-1
106,-1,770.33,227.27,225.27,677.82,1.9783,-1,-1,-1
106,-1,679.82,408.29,55.569,168.71,1.3597,-1,-1,-1
106,-1,423.24,402.13,104.56,315.68,0.51661,-1,-1,-1
106,-1,1056.6,254.35,210.12,632.36,0.39822,-1,-1,-1
106,-1,951.05,338.79,104.56,315.68,0.35963,-1,-1,-1
106,-1,705,129,319,959,0.12839,-1,-1,-1
106,-1,1407.2,755.53,20.435,63.306,-0.1453,-1,-1,-1
106,-1,1832,395.09,29.314,89.943,-0.43597,-1,-1,-1
107,-1,1075.9,299.57,148.29,446.86,2.8834,-1,-1,-1
107,-1,770.33,227.27,225.27,677.82,2.2359,-1,-1,-1
107,-1,679.82,408.29,55.569,168.71,1.5736,-1,-1,-1
107,-1,434.36,414.66,97.492,294.47,0.91779,-1,-1,-1
107,-1,946.81,316.27,120.26,362.77,0.48426,-1,-1,-1
107,-1,1056.6,254.35,210.12,632.36,0.40075,-1,-1,-1
107,-1,1417,757,19,59,0.042314,-1,-1,-1
107,-1,705,129,319,959,-0.15922,-1,-1,-1
108,-1,1105.7,299.57,148.29,446.86,2.5595,-1,-1,-1
108,-1,770.33,227.27,225.27,677.82,2.3196,-1,-1,-1
108,-1,691.14,408.29,55.569,168.71,1.1348,-1,-1,-1
108,-1,423.24,402.13,104.56,315.68,0.79648,-1,-1,-1
108,-1,1056.6,254.35,210.12,632.36,0.45088,-1,-1,-1
108,-1,951.05,338.79,104.56,315.68,0.091172,-1,-1,-1
108,-1,1420.8,754.55,21.974,67.922,-0.19418,-1,-1,-1
108,-1,769,129,319,959,-0.43739,-1,-1,-1
109,-1,1105.7,299.57,148.29,446.86,3.2692,-1,-1,-1
109,-1,803.26,212.12,210.12,632.36,2.3225,-1,-1,-1
109,-1,691.14,408.29,55.569,168.71,1.3397,-1,-1,-1
109,-1,423.24,402.13,104.56,315.68,1.228,-1,-1,-1
109,-1,1056.6,254.35,210.12,632.36,0.27481,-1,-1,-1
109,-1,1428.6,755.53,20.435,63.306,0.026916,-1,-1,-1
109,-1,1859.4,390.88,31.49,96.47,-0.088685,-1,-1,-1
109,-1,754.55,313.45,90.896,274.69,-0.096968,-1,-1,-1
109,-1,777.28,180.14,297.57,894.71,-0.10817,-1,-1,-1
109,-1,1710.3,901.58,44.948,136.84,-0.26291,-1,-1,-1
109,-1,1700.3,822.8,68.644,207.93,-0.36559,-1,-1,-1
110,-1,1089,289,159,479,3.1916,-1,-1,-1
110,-1,803.26,212.12,210.12,632.36,2.3369,-1,-1,-1
110,-1,423.24,402.13,104.56,315.68,1.18,-1,-1,-1
110,-1,691.14,396.98,55.569,168.71,0.68951,-1,-1,-1
110,-1,754.55,313.45,90.896,274.69,0.17725,-1,-1,-1
110,-1,777.28,180.14,297.57,894.71,0.10828,-1,-1,-1
110,-1,1087.1,227.27,225.27,677.82,-0.22945,-1,-1,-1
110,-1,1865.9,390.88,31.49,96.47,-0.30867,-1,-1,-1
110,-1,1433,753,19,59,-0.38207,-1,-1,-1
110,-1,1714.2,822.8,68.644,207.93,-0.43202,-1,-1,-1
110,-1,296.47,355.57,97.492,294.47,-0.43337,-1,-1,-1
111,-1,1089,289,159,479,3.0566,-1,-1,-1
111,-1,788.93,237.38,195.98,589.95,2.5572,-1,-1,-1
111,-1,423.24,402.13,104.56,315.68,0.94739,-1,-1,-1
111,-1,781.01,168.15,277.58,834.73,0.93873,-1,-1,-1
111,-1,691.14,396.98,55.569,168.71,0.92309,-1,-1,-1
111,-1,369.69,661.21,41.871,127.61,-0.11793,-1,-1,-1
111,-1,1087.1,227.27,225.27,677.82,-0.22909,-1,-1,-1
111,-1,1437,753,19,59,-0.25317,-1,-1,-1
111,-1,296.47,355.57,97.492,294.47,-0.32287,-1,-1,-1
111,-1,1714.2,822.8,68.644,207.93,-0.44859,-1,-1,-1
112,-1,1105.7,299.57,148.29,446.86,3.0608,-1,-1,-1
112,-1,788.93,237.38,195.98,589.95,2.3853,-1,-1,-1
112,-1,423.24,402.13,104.56,315.68,0.79049,-1,-1,-1
112,-1,781.01,168.15,277.58,834.73,0.65561,-1,-1,-1
112,-1,692.17,389.02,59.629,180.89,0.62167,-1,-1,-1
112,-1,1098.8,254.35,210.12,632.36,0.20866,-1,-1,-1
112,-1,1441,753,19,59,-0.29989,-1,-1,-1
112,-1,295.07,368.58,90.896,274.69,-0.4831,-1,-1,-1
113,-1,1105.7,299.57,148.29,446.86,3.0607,-1,-1,-1
113,-1,777.05,195.01,241.51,726.54,2.3922,-1,-1,-1
113,-1,413.27,364.77,120.26,362.77,0.99194,-1,-1,-1
113,-1,692.17,389.02,59.629,180.89,0.78055,-1,-1,-1
113,-1,1445,753,19,59,0.32286,-1,-1,-1
113,-1,1087.1,227.27,225.27,677.82,0.31999,-1,-1,-1
113,-1,972.16,338.79,104.56,315.68,-0.21642,-1,-1,-1
113,-1,1747,892.39,44.948,136.84,-0.36073,-1,-1,-1
113,-1,296.57,338.79,104.56,315.68,-0.42903,-1,-1,-1
114,-1,1121,289,159,479,2.7778,-1,-1,-1
114,-1,788.93,237.38,195.98,589.95,2.298,-1,-1,-1
114,-1,702.45,396.98,55.569,168.71,1.0843,-1,-1,-1
114,-1,413.27,364.77,120.26,362.77,0.96037,-1,-1,-1
114,-1,781.01,168.15,277.58,834.73,0.88767,-1,-1,-1
114,-1,1087.1,227.27,225.27,677.82,0.34537,-1,-1,-1
114,-1,689,337,79,239,0.0022798,-1,-1,-1
114,-1,296.57,338.79,104.56,315.68,-0.28603,-1,-1,-1
114,-1,1449,753,19,59,-0.46435,-1,-1,-1
115,-1,1121,289,159,479,2.9931,-1,-1,-1
115,-1,803.26,212.12,210.12,632.36,2.2262,-1,-1,-1
115,-1,413.27,364.77,120.26,362.77,1.052,-1,-1,-1
115,-1,1453,753,19,59,0.79882,-1,-1,-1
115,-1,702.45,408.29,55.569,168.71,0.47069,-1,-1,-1
115,-1,1087.1,227.27,225.27,677.82,0.23146,-1,-1,-1
115,-1,973.98,317.78,112.14,338.41,-0.18031,-1,-1,-1
115,-1,296.47,355.57,97.492,294.47,-0.2525,-1,-1,-1
115,-1,777.28,180.14,297.57,894.71,-0.37606,-1,-1,-1
116,-1,1135.6,299.57,148.29,446.86,2.7606,-1,-1,-1
116,-1,803.26,212.12,210.12,632.36,2.2229,-1,-1,-1
116,-1,413.27,364.77,120.26,362.77,1.2032,-1,-1,-1
116,-1,710.14,414.66,48.246,146.74,0.97917,-1,-1,-1
116,-1,1457,753,19,59,0.42099,-1,-1,-1
116,-1,1098.8,254.35,210.12,632.36,0.08897,-1,-1,-1
116,-1,687.71,359.28,73.643,222.93,-0.23426,-1,-1,-1
116,-1,754.77,728.78,63.98,193.94,-0.28228,-1,-1,-1
116,-1,993.27,338.79,104.56,315.68,-0.29822,-1,-1,-1
116,-1,296.57,338.79,104.56,315.68,-0.33469,-1,-1,-1
116,-1,777.28,180.14,297.57,894.71,-0.49793,-1,-1,-1
117,-1,1135.6,299.57,148.29,446.86,2.7646,-1,-1,-1
117,-1,803.26,212.12,210.12,632.36,2.6236,-1,-1,-1
117,-1,413.27,364.77,120.26,362.77,1.3372,-1,-1,-1
117,-1,1457,753,19,59,0.69782,-1,-1,-1
117,-1,708.26,412.69,51.78,157.34,0.64782,-1,-1,-1
117,-1,764.92,728.54,59.629,180.89,0.18584,-1,-1,-1
117,-1,985.92,355.57,97.492,294.47,0.091294,-1,-1,-1
117,-1,1098.8,212.12,210.12,632.36,-0.019269,-1,-1,-1
117,-1,296.57,338.79,104.56,315.68,-0.1957,-1,-1,-1
117,-1,619.41,401.15,59.629,180.89,-0.20073,-1,-1,-1
117,-1,755.53,309.67,84.742,256.23,-0.2689,-1,-1,-1
117,-1,689,337,79,239,-0.38454,-1,-1,-1
118,-1,1135.6,299.57,148.29,446.86,2.8819,-1,-1,-1
118,-1,803.26,212.12,210.12,632.36,2.6868,-1,-1,-1
118,-1,413.27,364.77,120.26,362.77,1.2626,-1,-1,-1
118,-1,708.26,412.69,51.78,157.34,0.74043,-1,-1,-1
118,-1,1098.8,254.35,210.12,632.36,0.095085,-1,-1,-1
118,-1,993.27,338.79,104.56,315.68,0.041492,-1,-1,-1
118,-1,1461,753,19,59,0.034699,-1,-1,-1
118,-1,764.92,728.54,59.629,180.89,0.0073454,-1,-1,-1
118,-1,755.53,309.67,84.742,256.23,-0.12403,-1,-1,-1
118,-1,296.57,338.79,104.56,315.68,-0.17105,-1,-1,-1
118,-1,619.41,401.15,59.629,180.89,-0.41585,-1,-1,-1
118,-1,363.04,182.02,112.14,338.41,-0.49185,-1,-1,-1
119,-1,1121,289,159,479,2.9392,-1,-1,-1
119,-1,803.26,212.12,210.12,632.36,2.6725,-1,-1,-1
119,-1,408.29,385.67,112.14,338.41,1.1902,-1,-1,-1
119,-1,713.76,408.29,55.569,168.71,0.63464,-1,-1,-1
119,-1,1458.6,755.53,20.435,63.306,0.14237,-1,-1,-1
119,-1,755.53,309.67,84.742,256.23,0.044407,-1,-1,-1
119,-1,296.57,338.79,104.56,315.68,-0.15881,-1,-1,-1
119,-1,973.98,317.78,112.14,338.41,-0.22552,-1,-1,-1
119,-1,1087.1,227.27,225.27,677.82,-0.37993,-1,-1,-1
119,-1,764.92,728.54,59.629,180.89,-0.40591,-1,-1,-1
119,-1,338.79,127.67,210.12,632.36,-0.40611,-1,-1,-1
119,-1,777.28,180.14,297.57,894.71,-0.43969,-1,-1,-1
120,-1,1135.6,299.57,148.29,446.86,2.7153,-1,-1,-1
120,-1,770.33,227.27,225.27,677.82,2.5703,-1,-1,-1
120,-1,408.29,385.67,112.14,338.41,1.2526,-1,-1,-1
120,-1,704.29,389.02,59.629,180.89,0.23149,-1,-1,-1
120,-1,973.98,317.78,112.14,338.41,0.22452,-1,-1,-1
120,-1,368.58,184.79,182.79,550.38,0.015007,-1,-1,-1
120,-1,1098.8,254.35,210.12,632.36,-0.066617,-1,-1,-1
120,-1,1458.6,755.53,20.435,63.306,-0.18303,-1,-1,-1
120,-1,296.57,338.79,104.56,315.68,-0.21555,-1,-1,-1
121,-1,1121,289,159,479,2.7159,-1,-1,-1
121,-1,777.05,195.01,241.51,726.54,2.3495,-1,-1,-1
121,-1,391.01,335.29,138.29,416.86,1.2024,-1,-1,-1
121,-1,973.98,317.78,112.14,338.41,0.64995,-1,-1,-1
121,-1,1457,753,19,59,0.024812,-1,-1,-1
121,-1,355.57,158.59,195.98,589.95,-0.071084,-1,-1,-1
121,-1,702.79,390.88,63.98,193.94,-0.27841,-1,-1,-1
121,-1,1087.1,227.27,225.27,677.82,-0.44033,-1,-1,-1
121,-1,296.57,338.79,104.56,315.68,-0.47833,-1,-1,-1
122,-1,1121,289,159,479,2.7993,-1,-1,-1
122,-1,761.04,212.12,210.12,632.36,2.3084,-1,-1,-1
122,-1,390.88,364.89,128.96,388.88,0.94702,-1,-1,-1
122,-1,973.98,317.78,112.14,338.41,0.62917,-1,-1,-1
122,-1,702.45,396.98,55.569,168.71,0.054574,-1,-1,-1
122,-1,777.28,180.14,297.57,894.71,0.0027784,-1,-1,-1
122,-1,1454.3,755.53,20.435,63.306,-0.10086,-1,-1,-1
122,-1,316.17,158.59,195.98,589.95,-0.16144,-1,-1,-1
122,-1,1087.1,227.27,225.27,677.82,-0.20304,-1,-1,-1
123,-1,761.04,212.12,210.12,632.36,2.7592,-1,-1,-1
123,-1,1121,289,159,479,2.5816,-1,-1,-1
123,-1,973.98,317.78,112.14,338.41,0.61738,-1,-1,-1
123,-1,391.01,335.29,138.29,416.86,0.55642,-1,-1,-1
123,-1,331.83,184.79,182.79,550.38,-0.17443,-1,-1,-1
123,-1,705,129,319,959,-0.29432,-1,-1,-1
123,-1,1087.1,227.27,225.27,677.82,-0.4759,-1,-1,-1
124,-1,761.04,212.12,210.12,632.36,3.0005,-1,-1,-1
124,-1,1105.7,299.57,148.29,446.86,2.7025,-1,-1,-1
124,-1,364.89,364.89,128.96,388.88,0.40677,-1,-1,-1
124,-1,1016.1,359.28,73.643,222.93,0.17476,-1,-1,-1
124,-1,972.16,338.79,104.56,315.68,0.10821,-1,-1,-1
124,-1,1098.8,254.35,210.12,632.36,-0.29895,-1,-1,-1
124,-1,331.83,184.79,182.79,550.38,-0.35476,-1,-1,-1
124,-1,275.46,338.79,104.56,315.68,-0.48931,-1,-1,-1
124,-1,710.14,296.47,97.492,294.47,-0.49323,-1,-1,-1
125,-1,761.04,212.12,210.12,632.36,2.7573,-1,-1,-1
125,-1,1105.7,299.57,148.29,446.86,2.6499,-1,-1,-1
125,-1,364.89,364.89,128.96,388.88,0.53302,-1,-1,-1
125,-1,951.35,317.78,112.14,338.41,0.40303,-1,-1,-1
125,-1,1031.7,363.15,68.644,207.93,-0.048833,-1,-1,-1
125,-1,702.45,464.86,55.569,168.71,-0.32141,-1,-1,-1
125,-1,1098.8,254.35,210.12,632.36,-0.34433,-1,-1,-1
125,-1,331.83,184.79,182.79,550.38,-0.43745,-1,-1,-1
125,-1,692.17,389.02,59.629,180.89,-0.46636,-1,-1,-1
126,-1,1105.7,299.57,148.29,446.86,2.5824,-1,-1,-1
126,-1,761.04,212.12,210.12,632.36,2.2357,-1,-1,-1
126,-1,951.35,317.78,112.14,338.41,0.47337,-1,-1,-1
126,-1,364.89,364.89,128.96,388.88,0.39599,-1,-1,-1
126,-1,1056.6,254.35,210.12,632.36,-0.17122,-1,-1,-1
126,-1,680.04,389.02,59.629,180.89,-0.20766,-1,-1,-1
127,-1,1105.7,299.57,148.29,446.86,2.8502,-1,-1,-1
127,-1,761.04,212.12,210.12,632.36,2.2183,-1,-1,-1
127,-1,951.05,338.79,104.56,315.68,0.70742,-1,-1,-1
127,-1,338.9,364.89,128.96,388.88,0.026333,-1,-1,-1
127,-1,1030.2,258.31,182.79,550.38,-0.054202,-1,-1,-1
127,-1,1098.8,254.35,210.12,632.36,-0.15803,-1,-1,-1
127,-1,686.1,486.03,29.314,89.943,-0.44619,-1,-1,-1
127,-1,316.17,197.98,195.98,589.95,-0.47594,-1,-1,-1
128,-1,1105.7,299.57,148.29,446.86,2.7444,-1,-1,-1
128,-1,761.04,212.12,210.12,632.36,2.1581,-1,-1,-1
128,-1,928.72,317.78,112.14,338.41,1.181,-1,-1,-1
128,-1,340.52,389.02,120.26,362.77,0.36454,-1,-1,-1
128,-1,1029.9,275.37,170.48,513.45,0.10482,-1,-1,-1
128,-1,243.51,340.52,120.26,362.77,-0.45756,-1,-1,-1
129,-1,1105.7,299.57,148.29,446.86,3.0643,-1,-1,-1
129,-1,725.08,227.27,225.27,677.82,1.9461,-1,-1,-1
129,-1,928.72,317.78,112.14,338.41,1.063,-1,-1,-1
129,-1,340.52,389.02,120.26,362.77,0.39427,-1,-1,-1
129,-1,1030.2,258.31,182.79,550.38,0.32474,-1,-1,-1
129,-1,676.79,481.85,31.49,96.47,-0.21476,-1,-1,-1
129,-1,1433,761,19,59,-0.2317,-1,-1,-1
129,-1,676.59,423.24,51.78,157.34,-0.29493,-1,-1,-1
129,-1,781.01,168.15,277.58,834.73,-0.36237,-1,-1,-1
129,-1,60.732,97.491,21.974,67.922,-0.38343,-1,-1,-1
129,-1,1098.8,254.35,210.12,632.36,-0.47889,-1,-1,-1
130,-1,1105.7,299.57,148.29,446.86,3.1054,-1,-1,-1
130,-1,725.08,227.27,225.27,677.82,1.9466,-1,-1,-1
130,-1,929.93,338.79,104.56,315.68,1.0242,-1,-1,-1
130,-1,1029.9,275.37,170.48,513.45,0.64903,-1,-1,-1
130,-1,335.29,363.15,138.29,416.86,0.14298,-1,-1,-1
130,-1,673,473,39,119,0.081859,-1,-1,-1
130,-1,668.51,408.29,55.569,168.71,-0.01937,-1,-1,-1
130,-1,1432.9,759.82,20.435,63.306,-0.25442,-1,-1,-1
130,-1,1098.8,254.35,210.12,632.36,-0.38858,-1,-1,-1
131,-1,1105.7,299.57,148.29,446.86,3.0723,-1,-1,-1
131,-1,725.08,227.27,225.27,677.82,1.8901,-1,-1,-1
131,-1,928.72,317.78,112.14,338.41,1.0004,-1,-1,-1
131,-1,1029.9,275.37,170.48,513.45,0.7588,-1,-1,-1
131,-1,663.8,390.88,63.98,193.94,0.56601,-1,-1,-1
131,-1,340.52,389.02,120.26,362.77,0.33684,-1,-1,-1
131,-1,1433,761,19,59,-0.21713,-1,-1,-1
131,-1,781.01,168.15,277.58,834.73,-0.3132,-1,-1,-1
131,-1,1098.8,254.35,210.12,632.36,-0.31327,-1,-1,-1
131,-1,1310.3,516.37,68.644,207.93,-0.46065,-1,-1,-1
132,-1,1105.7,299.57,148.29,446.86,3.0172,-1,-1,-1
132,-1,725.08,227.27,225.27,677.82,1.8556,-1,-1,-1
132,-1,922.56,292.02,120.26,362.77,0.89243,-1,-1,-1
132,-1,663.8,390.88,63.98,193.94,0.89209,-1,-1,-1
132,-1,1029.9,275.37,170.48,513.45,0.70296,-1,-1,-1
132,-1,312.9,390.88,128.96,388.88,0.12297,-1,-1,-1
132,-1,1098.8,254.35,210.12,632.36,-0.20371,-1,-1,-1
132,-1,781.01,168.15,277.58,834.73,-0.2828,-1,-1,-1
133,-1,1089,289,159,479,2.879,-1,-1,-1
133,-1,749.54,237.38,195.98,589.95,2.0267,-1,-1,-1
133,-1,663.8,390.88,63.98,193.94,0.86325,-1,-1,-1
133,-1,926.82,355.57,97.492,294.47,0.77667,-1,-1,-1
133,-1,307.43,363.15,138.29,416.86,0.56359,-1,-1,-1
133,-1,1001.2,359.28,73.643,222.93,0.28432,-1,-1,-1
133,-1,725.3,168.15,277.58,834.73,0.20273,-1,-1,-1
133,-1,1281,485,19,59,-0.26756,-1,-1,-1
133,-1,1298.5,473.9,59.629,180.89,-0.38748,-1,-1,-1
133,-1,699.41,506.43,44.948,136.84,-0.49295,-1,-1,-1
134,-1,1089,289,159,479,2.6907,-1,-1,-1
134,-1,749.54,237.38,195.98,589.95,1.6689,-1,-1,-1
134,-1,1001.2,359.28,73.643,222.93,0.78881,-1,-1,-1
134,-1,299.57,359.28,148.29,446.86,0.666,-1,-1,-1
134,-1,926.82,355.57,97.492,294.47,0.62637,-1,-1,-1
134,-1,663.8,390.88,63.98,193.94,0.62094,-1,-1,-1
134,-1,1165.4,732.5,73.643,222.93,0.30663,-1,-1,-1
134,-1,780.76,208.94,258.92,778.76,0.035875,-1,-1,-1
134,-1,1087.1,182.02,225.27,677.82,-0.42431,-1,-1,-1
134,-1,708.6,515.62,44.948,136.84,-0.47563,-1,-1,-1
135,-1,1089,289,159,479,2.4124,-1,-1,-1
135,-1,749.54,237.38,195.98,589.95,1.7674,-1,-1,-1
135,-1,1001.2,359.28,73.643,222.93,1.0915,-1,-1,-1
135,-1,926.82,355.57,97.492,294.47,0.77474,-1,-1,-1
135,-1,307.43,363.15,138.29,416.86,0.71793,-1,-1,-1
135,-1,668.51,419.61,55.569,168.71,0.62778,-1,-1,-1
135,-1,780.76,208.94,258.92,778.76,0.23787,-1,-1,-1
135,-1,1031.1,553.36,73.643,222.93,-0.39317,-1,-1,-1
135,-1,1087.1,227.27,225.27,677.82,-0.41744,-1,-1,-1
135,-1,657,369,79,239,-0.42102,-1,-1,-1
135,-1,1302.1,476.18,55.569,168.71,-0.4261,-1,-1,-1
136,-1,1089,289,159,479,2.3177,-1,-1,-1
136,-1,749.54,237.38,195.98,589.95,1.4936,-1,-1,-1
136,-1,1016.1,374.21,73.643,222.93,1.3408,-1,-1,-1
136,-1,307.43,363.15,138.29,416.86,0.73804,-1,-1,-1
136,-1,945,417,79,239,0.64487,-1,-1,-1
136,-1,922.56,316.27,120.26,362.77,0.55629,-1,-1,-1
136,-1,725.3,168.15,277.58,834.73,0.42107,-1,-1,-1
136,-1,655.65,391.01,68.644,207.93,0.37167,-1,-1,-1
136,-1,1087.1,182.02,225.27,677.82,-0.0080794,-1,-1,-1
136,-1,329.1,702.45,55.569,168.71,-0.43866,-1,-1,-1
136,-1,1336,476.18,55.569,168.71,-0.49571,-1,-1,-1
137,-1,1089,289,159,479,2.7905,-1,-1,-1
137,-1,761.04,212.12,210.12,632.36,1.7841,-1,-1,-1
137,-1,1016.1,374.21,73.643,222.93,1.0083,-1,-1,-1
137,-1,299.57,329.43,148.29,446.86,0.79699,-1,-1,-1
137,-1,945,417,79,239,0.65087,-1,-1,-1
137,-1,922.56,292.02,120.26,362.77,0.29354,-1,-1,-1
137,-1,667.92,425.4,59.629,180.89,0.25294,-1,-1,-1
137,-1,1087.1,182.02,225.27,677.82,0.054387,-1,-1,-1
137,-1,1310.6,473.9,59.629,180.89,-0.27984,-1,-1,-1
137,-1,846.44,478.86,182.79,550.38,-0.43162,-1,-1,-1
137,-1,652.64,343.97,84.742,256.23,-0.44884,-1,-1,-1
138,-1,1098.5,275.37,170.48,513.45,2.6772,-1,-1,-1
138,-1,749.54,237.38,195.98,589.95,2.0112,-1,-1,-1
138,-1,299.57,359.28,148.29,446.86,1.4014,-1,-1,-1
138,-1,725.3,168.15,277.58,834.73,1.0533,-1,-1,-1
138,-1,1016.1,374.21,73.643,222.93,0.80957,-1,-1,-1
138,-1,668.51,430.92,55.569,168.71,0.75064,-1,-1,-1
138,-1,657,385,79,239,-0.29432,-1,-1,-1
138,-1,254.35,169.9,210.12,632.36,-0.4431,-1,-1,-1
138,-1,12.314,736.39,27.284,83.853,-0.49929,-1,-1,-1
139,-1,1098.5,275.37,170.48,513.45,2.6159,-1,-1,-1
139,-1,761.04,212.12,210.12,632.36,2.2766,-1,-1,-1
139,-1,279.58,391.01,138.29,416.86,1.6337,-1,-1,-1
139,-1,1016.1,374.21,73.643,222.93,1.0252,-1,-1,-1
139,-1,655.65,391.01,68.644,207.93,0.88147,-1,-1,-1
139,-1,910.72,286.91,128.96,388.88,0.43952,-1,-1,-1
139,-1,276.78,237.38,195.98,589.95,0.18123,-1,-1,-1
139,-1,1175.7,918.44,41.871,127.61,-0.45822,-1,-1,-1
139,-1,777.28,180.14,297.57,894.71,-0.46335,-1,-1,-1
140,-1,761.04,212.12,210.12,632.36,2.6086,-1,-1,-1
140,-1,1098.5,275.37,170.48,513.45,2.5049,-1,-1,-1
140,-1,289,353,159,479,1.8356,-1,-1,-1
140,-1,667.92,425.4,59.629,180.89,0.86827,-1,-1,-1
140,-1,1016.1,374.21,73.643,222.93,0.8401,-1,-1,-1
140,-1,910.72,286.91,128.96,388.88,0.46079,-1,-1,-1
140,-1,1132.4,182.02,225.27,677.82,-0.38614,-1,-1,-1
140,-1,212.12,212.12,210.12,632.36,-0.48383,-1,-1,-1
140,-1,865,513,159,479,-0.49712,-1,-1,-1
141,-1,1121,289,159,479,2.4132,-1,-1,-1
141,-1,761.04,212.12,210.12,632.36,2.2165,-1,-1,-1
141,-1,289,353,159,479,1.4953,-1,-1,-1
141,-1,1031.1,374.21,73.643,222.93,1.0255,-1,-1,-1
141,-1,663.8,403.88,63.98,193.94,0.78404,-1,-1,-1
141,-1,936.71,286.91,128.96,388.88,0.31053,-1,-1,-1
141,-1,1087.1,182.02,225.27,677.82,0.17564,-1,-1,-1
141,-1,1372.9,498.3,84.742,256.23,-0.32624,-1,-1,-1
141,-1,777.28,180.14,297.57,894.71,-0.32815,-1,-1,-1
142,-1,1121,289,159,479,2.8375,-1,-1,-1
142,-1,770.33,227.27,225.27,677.82,2.28,-1,-1,-1
142,-1,279.58,391.01,138.29,416.86,1.1745,-1,-1,-1
142,-1,1031.1,374.21,73.643,222.93,1.1596,-1,-1,-1
142,-1,669.58,391.01,68.644,207.93,0.79674,-1,-1,-1
142,-1,936.71,286.91,128.96,388.88,0.54686,-1,-1,-1
142,-1,254.35,212.12,210.12,632.36,0.10156,-1,-1,-1
142,-1,1087.1,227.27,225.27,677.82,0.058535,-1,-1,-1
142,-1,1379.4,478.86,90.896,274.69,-0.32759,-1,-1,-1
142,-1,655.48,296.57,104.56,315.68,-0.33826,-1,-1,-1
142,-1,883.2,478.86,182.79,550.38,-0.34055,-1,-1,-1
143,-1,770.33,227.27,225.27,677.82,2.5438,-1,-1,-1
143,-1,1121,289,159,479,2.4922,-1,-1,-1
143,-1,669.58,391.01,68.644,207.93,1.7576,-1,-1,-1
143,-1,1031.1,374.21,73.643,222.93,1.603,-1,-1,-1
143,-1,289,353,159,479,1.3533,-1,-1,-1
143,-1,936.71,286.91,128.96,388.88,0.51737,-1,-1,-1
143,-1,1087.1,227.27,225.27,677.82,-0.1997,-1,-1,-1
143,-1,651.04,335.87,97.492,294.47,-0.31037,-1,-1,-1
143,-1,1116.6,861.93,59.629,180.89,-0.36353,-1,-1,-1
143,-1,883.2,478.86,182.79,550.38,-0.37806,-1,-1,-1
144,-1,1121,289,159,479,2.4351,-1,-1,-1
144,-1,770.33,227.27,225.27,677.82,2.3823,-1,-1,-1
144,-1,669.58,391.01,68.644,207.93,1.2942,-1,-1,-1
144,-1,289,353,159,479,1.2374,-1,-1,-1
144,-1,1046,374.21,73.643,222.93,1.0308,-1,-1,-1
144,-1,946.81,316.27,120.26,362.77,0.7955,-1,-1,-1
144,-1,1087.1,227.27,225.27,677.82,0.060474,-1,-1,-1
144,-1,1130.5,856.04,51.78,157.34,0.052473,-1,-1,-1
144,-1,1399.6,473.76,97.492,294.47,-0.18387,-1,-1,-1
144,-1,670.74,335.87,97.492,294.47,-0.30056,-1,-1,-1
144,-1,1469,765,19,59,-0.38812,-1,-1,-1
144,-1,1019.2,340.41,112.14,338.41,-0.46255,-1,-1,-1
145,-1,1132.8,275.37,170.48,513.45,2.3365,-1,-1,-1
145,-1,761.04,254.35,210.12,632.36,2.0904,-1,-1,-1
145,-1,672.78,389.14,73.643,222.93,1.5512,-1,-1,-1
145,-1,289,353,159,479,1.2259,-1,-1,-1
145,-1,1041,369,79,239,1.1652,-1,-1,-1
145,-1,946.81,316.27,120.26,362.77,0.51523,-1,-1,-1
145,-1,655.48,317.68,104.56,315.68,-0.10855,-1,-1,-1
145,-1,1477,765,19,59,-0.23083,-1,-1,-1
145,-1,1397.8,497.24,90.896,274.69,-0.28581,-1,-1,-1
145,-1,832.75,260.92,258.92,778.76,-0.30426,-1,-1,-1
145,-1,1153.4,907.12,48.246,146.74,-0.35053,-1,-1,-1
145,-1,781.65,804.27,55.569,168.71,-0.40794,-1,-1,-1
145,-1,1365.6,481.85,63.98,193.94,-0.43768,-1,-1,-1
146,-1,770.33,227.27,225.27,677.82,2.2846,-1,-1,-1
146,-1,1132.8,275.37,170.48,513.45,2.193,-1,-1,-1
146,-1,289,353,159,479,1.484,-1,-1,-1
146,-1,672.78,389.14,73.643,222.93,1.4683,-1,-1,-1
146,-1,1045.7,377.08,68.644,207.93,1.023,-1,-1,-1
146,-1,951.35,340.41,112.14,338.41,0.19096,-1,-1,-1
146,-1,657.2,295.16,112.14,338.41,-0.34417,-1,-1,-1
146,-1,836.73,223.86,277.58,834.73,-0.46242,-1,-1,-1
147,-1,1153,289,159,479,2.4268,-1,-1,-1
147,-1,770.33,227.27,225.27,677.82,2.1578,-1,-1,-1
147,-1,258.31,295.07,182.79,550.38,1.659,-1,-1,-1
147,-1,683.51,404.94,68.644,207.93,1.3019,-1,-1,-1
147,-1,951.35,340.41,112.14,338.41,0.81826,-1,-1,-1
147,-1,1046,374.21,73.643,222.93,0.64609,-1,-1,-1
147,-1,670.74,335.87,97.492,294.47,0.136,-1,-1,-1
147,-1,1132.4,272.53,225.27,677.82,-0.0079131,-1,-1,-1
147,-1,836.73,223.86,277.58,834.73,-0.47347,-1,-1,-1
147,-1,1485,769,19,59,-0.49712,-1,-1,-1
148,-1,1153,289,159,479,2.4877,-1,-1,-1
148,-1,770.33,227.27,225.27,677.82,2.1641,-1,-1,-1
148,-1,275.37,343.97,170.48,513.45,1.6774,-1,-1,-1
148,-1,683.51,404.94,68.644,207.93,1.4825,-1,-1,-1
148,-1,1046,374.21,73.643,222.93,0.53172,-1,-1,-1
148,-1,951.35,340.41,112.14,338.41,0.5165,-1,-1,-1
148,-1,655.48,317.68,104.56,315.68,-0.034435,-1,-1,-1
148,-1,1132.4,272.53,225.27,677.82,-0.11036,-1,-1,-1
148,-1,1489,773,19,59,-0.32835,-1,-1,-1
149,-1,1153,289,159,479,2.1228,-1,-1,-1
149,-1,770.33,227.27,225.27,677.82,1.9691,-1,-1,-1
149,-1,258.31,331.83,182.79,550.38,1.694,-1,-1,-1
149,-1,673,385,79,239,0.80193,-1,-1,-1
149,-1,1059.6,391.01,68.644,207.93,0.59464,-1,-1,-1
149,-1,951.35,340.41,112.14,338.41,0.43057,-1,-1,-1
149,-1,1132.4,272.53,225.27,677.82,0.19151,-1,-1,-1
149,-1,679.82,317.78,112.14,338.41,-0.1998,-1,-1,-1
149,-1,1204.8,892.39,44.948,136.84,-0.39638,-1,-1,-1
149,-1,1489,773,19,59,-0.4825,-1,-1,-1
150,-1,1153,289,159,479,2.4325,-1,-1,-1
150,-1,803.26,254.35,210.12,632.36,2.2618,-1,-1,-1
150,-1,258.31,331.83,182.79,550.38,1.5949,-1,-1,-1
150,-1,683.51,404.94,68.644,207.93,0.74974,-1,-1,-1
150,-1,1060.9,389.14,73.643,222.93,0.45355,-1,-1,-1
150,-1,977,449,79,239,0.36557,-1,-1,-1
150,-1,962.71,312.9,128.96,388.88,0.19106,-1,-1,-1
150,-1,1132.4,272.53,225.27,677.82,0.18754,-1,-1,-1
150,-1,670.74,355.57,97.492,294.47,-0.1609,-1,-1,-1
150,-1,1493,777,19,59,-0.35714,-1,-1,-1
151,-1,1153,321,159,479,2.653,-1,-1,-1
151,-1,803.26,254.35,210.12,632.36,2.1073,-1,-1,-1
151,-1,241.08,343.97,170.48,513.45,1.7698,-1,-1,-1
151,-1,1060.9,389.14,73.643,222.93,1.0665,-1,-1,-1
151,-1,687.71,404.07,73.643,222.93,0.76689,-1,-1,-1
151,-1,977,449,79,239,0.4615,-1,-1,-1
151,-1,962.71,312.9,128.96,388.88,0.32725,-1,-1,-1
151,-1,1132.4,272.53,225.27,677.82,0.3212,-1,-1,-1
151,-1,243.51,195.01,241.51,726.54,-0.096862,-1,-1,-1
151,-1,754.55,331.83,90.896,274.69,-0.42201,-1,-1,-1
152,-1,1153,321,159,479,2.5516,-1,-1,-1
152,-1,803.26,254.35,210.12,632.36,2.0807,-1,-1,-1
152,-1,237.38,316.17,195.98,589.95,1.7929,-1,-1,-1
152,-1,1060.9,389.14,73.643,222.93,1.0318,-1,-1,-1
152,-1,977,449,79,239,0.78464,-1,-1,-1
152,-1,962.71,312.9,128.96,388.88,0.27732,-1,-1,-1
152,-1,673,401,79,239,0.20903,-1,-1,-1
152,-1,1132.4,272.53,225.27,677.82,0.18616,-1,-1,-1
152,-1,755.53,343.97,84.742,256.23,-0.23728,-1,-1,-1
153,-1,1153,321,159,479,2.7417,-1,-1,-1
153,-1,803.26,254.35,210.12,632.36,2.1376,-1,-1,-1
153,-1,241.08,343.97,170.48,513.45,2.0505,-1,-1,-1
153,-1,1060.9,389.14,73.643,222.93,1.1399,-1,-1,-1
153,-1,977,449,79,239,0.49493,-1,-1,-1
153,-1,971.06,340.52,120.26,362.77,0.36045,-1,-1,-1
153,-1,1132.4,272.53,225.27,677.82,0.10818,-1,-1,-1
153,-1,673,401,79,239,0.076585,-1,-1,-1
153,-1,749.54,335.87,97.492,294.47,-0.13918,-1,-1,-1
153,-1,223.86,739.23,68.644,207.93,-0.23417,-1,-1,-1
153,-1,1497,781,19,59,-0.43283,-1,-1,-1
153,-1,208.94,156.95,258.92,778.76,-0.4443,-1,-1,-1
154,-1,1153,321,159,479,2.5725,-1,-1,-1
154,-1,803.26,254.35,210.12,632.36,2.0806,-1,-1,-1
154,-1,221.55,331.83,182.79,550.38,1.7167,-1,-1,-1
154,-1,1060.9,389.14,73.643,222.93,0.68616,-1,-1,-1
154,-1,977,449,79,239,0.62301,-1,-1,-1
154,-1,673,401,79,239,0.48039,-1,-1,-1
154,-1,1132.4,272.53,225.27,677.82,0.17602,-1,-1,-1
154,-1,749.54,335.87,97.492,294.47,0.096307,-1,-1,-1
154,-1,962.71,312.9,128.96,388.88,0.092187,-1,-1,-1
154,-1,704.08,515.45,84.742,256.23,-0.30974,-1,-1,-1
154,-1,836.73,223.86,277.58,834.73,-0.40553,-1,-1,-1
155,-1,1167.1,309.67,170.48,513.45,2.5672,-1,-1,-1
155,-1,803.26,254.35,210.12,632.36,2.0831,-1,-1,-1
155,-1,221.55,331.83,182.79,550.38,1.9475,-1,-1,-1
155,-1,1060.9,389.14,73.643,222.93,0.71851,-1,-1,-1
155,-1,673,401,79,239,0.69352,-1,-1,-1
155,-1,993,449,79,239,0.60558,-1,-1,-1
155,-1,749.54,335.87,97.492,294.47,0.38346,-1,-1,-1
155,-1,971.06,340.52,120.26,362.77,0.24322,-1,-1,-1
155,-1,1087.1,272.53,225.27,677.82,-0.042415,-1,-1,-1
155,-1,168.15,112.43,277.58,834.73,-0.19806,-1,-1,-1
155,-1,836.73,223.86,277.58,834.73,-0.40563,-1,-1,-1
155,-1,704.08,498.3,84.742,256.23,-0.45584,-1,-1,-1
156,-1,1167.1,309.67,170.48,513.45,2.6346,-1,-1,-1
156,-1,788.93,237.38,195.98,589.95,2.2581,-1,-1,-1
156,-1,197.98,316.17,195.98,589.95,1.6017,-1,-1,-1
156,-1,673,401,79,239,1.0034,-1,-1,-1
156,-1,946.81,340.52,120.26,362.77,0.51865,-1,-1,-1
156,-1,781.01,168.15,277.58,834.73,0.39577,-1,-1,-1
156,-1,1060.9,389.14,73.643,222.93,0.29691,-1,-1,-1
156,-1,1087.1,272.53,225.27,677.82,0.026889,-1,-1,-1
156,-1,1645.8,513.16,23.623,72.869,-0.33543,-1,-1,-1
156,-1,704.08,498.3,84.742,256.23,-0.46517,-1,-1,-1
157,-1,1153,321,159,479,3.38,-1,-1,-1
157,-1,803.26,254.35,210.12,632.36,2.2457,-1,-1,-1
157,-1,197.98,316.17,195.98,589.95,1.681,-1,-1,-1
157,-1,1046,389.14,73.643,222.93,0.74169,-1,-1,-1
157,-1,673,401,79,239,0.62966,-1,-1,-1
157,-1,1132.4,227.27,225.27,677.82,0.51479,-1,-1,-1
157,-1,749.54,335.87,97.492,294.47,0.39887,-1,-1,-1
157,-1,977,449,79,239,0.3763,-1,-1,-1
157,-1,962.71,312.9,128.96,388.88,0.21868,-1,-1,-1
157,-1,104.97,156.95,258.92,778.76,-0.43368,-1,-1,-1
158,-1,1153,321,159,479,3.3612,-1,-1,-1
158,-1,803.26,254.35,210.12,632.36,2.2413,-1,-1,-1
158,-1,169.9,296.57,210.12,632.36,1.4861,-1,-1,-1
158,-1,657,401,79,239,1.4692,-1,-1,-1
158,-1,1046,389.14,73.643,222.93,0.94055,-1,-1,-1
158,-1,755.53,361.12,84.742,256.23,0.67415,-1,-1,-1
158,-1,1132.4,272.53,225.27,677.82,0.45482,-1,-1,-1
158,-1,977,449,79,239,0.3993,-1,-1,-1
158,-1,971.06,340.52,120.26,362.77,0.0093245,-1,-1,-1
158,-1,1489,785,19,59,-0.15588,-1,-1,-1
158,-1,679.82,430.92,112.14,338.41,-0.44801,-1,-1,-1
159,-1,1132.8,309.67,170.48,513.45,3.3121,-1,-1,-1
159,-1,803.26,254.35,210.12,632.36,2.4201,-1,-1,-1
159,-1,169.9,296.57,210.12,632.36,1.768,-1,-1,-1
159,-1,657,401,79,239,1.4042,-1,-1,-1
159,-1,1046,389.14,73.643,222.93,0.97176,-1,-1,-1
159,-1,749.54,335.87,97.492,294.47,0.73123,-1,-1,-1
159,-1,977,449,79,239,0.12172,-1,-1,-1
159,-1,948.16,307.43,138.29,416.86,-0.25312,-1,-1,-1
160,-1,1153,321,159,479,3.0551,-1,-1,-1
160,-1,803.26,254.35,210.12,632.36,2.162,-1,-1,-1
160,-1,148.03,368.58,182.79,550.38,1.5474,-1,-1,-1
160,-1,657,401,79,239,0.93713,-1,-1,-1
160,-1,1046,389.14,73.643,222.93,0.89726,-1,-1,-1
160,-1,739.92,317.68,104.56,315.68,0.83913,-1,-1,-1
160,-1,1132.4,272.53,225.27,677.82,0.37257,-1,-1,-1
160,-1,112.43,168.15,277.58,834.73,0.14364,-1,-1,-1
160,-1,978.46,446.86,84.742,256.23,-0.070924,-1,-1,-1
160,-1,948.16,307.43,138.29,416.86,-0.095454,-1,-1,-1
160,-1,1645.9,102.09,44.948,136.84,-0.40164,-1,-1,-1
161,-1,1132.8,309.67,170.48,513.45,2.771,-1,-1,-1
161,-1,803.26,254.35,210.12,632.36,2.2806,-1,-1,-1
161,-1,136.76,272.53,225.27,677.82,1.4714,-1,-1,-1
161,-1,1031.1,389.14,73.643,222.93,1.2359,-1,-1,-1
161,-1,641,401,79,239,1.0578,-1,-1,-1
161,-1,736.17,350.2,90.896,274.69,0.58447,-1,-1,-1
161,-1,1300.6,390.88,63.98,193.94,-0.26524,-1,-1,-1
161,-1,1092.7,208.94,258.92,778.76,-0.39007,-1,-1,-1
161,-1,978.46,446.86,84.742,256.23,-0.40697,-1,-1,-1
162,-1,1132.8,309.67,170.48,513.45,3.1324,-1,-1,-1
162,-1,803.26,254.35,210.12,632.36,2.1332,-1,-1,-1
162,-1,119.19,355.57,195.98,589.95,1.8296,-1,-1,-1
162,-1,635.49,395.41,84.742,256.23,1.6931,-1,-1,-1
162,-1,1031.1,389.14,73.643,222.93,1.2843,-1,-1,-1
162,-1,729.84,355.57,97.492,294.47,0.39083,-1,-1,-1
162,-1,120.43,60.714,297.57,894.71,-0.086115,-1,-1,-1
162,-1,1092.7,208.94,258.92,778.76,-0.2134,-1,-1,-1
162,-1,704.29,740.67,59.629,180.89,-0.34377,-1,-1,-1
162,-1,207.14,928.62,29.314,89.943,-0.36933,-1,-1,-1
163,-1,1121,321,159,479,2.9242,-1,-1,-1
163,-1,761.04,254.35,210.12,632.36,1.7066,-1,-1,-1
163,-1,625,401,79,239,1.6766,-1,-1,-1
163,-1,91.51,317.78,225.27,677.82,1.6593,-1,-1,-1
163,-1,1025,385,79,239,0.79066,-1,-1,-1
163,-1,928.72,340.41,112.14,338.41,0.71151,-1,-1,-1
163,-1,725.3,432.79,68.644,207.93,0.26625,-1,-1,-1
163,-1,1116.6,243.51,241.51,726.54,0.2431,-1,-1,-1
163,-1,710.14,355.57,97.492,294.47,0.13029,-1,-1,-1
163,-1,611.94,340.41,112.14,338.41,-0.2456,-1,-1,-1
163,-1,832.75,208.94,258.92,778.76,-0.36205,-1,-1,-1
163,-1,120.43,60.714,297.57,894.71,-0.41096,-1,-1,-1
164,-1,1132.8,309.67,170.48,513.45,3.0481,-1,-1,-1
164,-1,618.34,395.41,84.742,256.23,2.1893,-1,-1,-1
164,-1,788.93,276.78,195.98,589.95,1.7255,-1,-1,-1
164,-1,91.51,317.78,225.27,677.82,1.5996,-1,-1,-1
164,-1,1016.1,389.14,73.643,222.93,1.0656,-1,-1,-1
164,-1,717.79,368.58,90.896,274.69,0.54892,-1,-1,-1
164,-1,961.31,446.86,84.742,256.23,-0.10583,-1,-1,-1
164,-1,1092.7,208.94,258.92,778.76,-0.18915,-1,-1,-1
164,-1,781.01,223.86,277.58,834.73,-0.36142,-1,-1,-1
165,-1,1121,321,159,479,2.7121,-1,-1,-1
165,-1,609,401,79,239,2.3698,-1,-1,-1
165,-1,49.503,243.51,241.51,726.54,1.5679,-1,-1,-1
165,-1,788.93,276.78,195.98,589.95,1.4213,-1,-1,-1
165,-1,1016.1,389.14,73.643,222.93,1.3515,-1,-1,-1
165,-1,1087.1,227.27,225.27,677.82,0.80494,-1,-1,-1
165,-1,710.14,355.57,97.492,294.47,0.53117,-1,-1,-1
165,-1,589.31,340.41,112.14,338.41,-0.076501,-1,-1,-1
165,-1,961,449,79,239,-0.11417,-1,-1,-1
165,-1,728.78,793.76,63.98,193.94,-0.30591,-1,-1,-1
165,-1,1177.3,892.39,44.948,136.84,-0.40667,-1,-1,-1
165,-1,781.01,223.86,277.58,834.73,-0.41265,-1,-1,-1
165,-1,1453,777,19,59,-0.49705,-1,-1,-1
166,-1,1121,321,159,479,3.1504,-1,-1,-1
166,-1,601.19,378.26,84.742,256.23,2.2482,-1,-1,-1
166,-1,52.984,260.92,258.92,778.76,1.6113,-1,-1,-1
166,-1,1016.1,389.14,73.643,222.93,1.5469,-1,-1,-1
166,-1,788.93,237.38,195.98,589.95,1.48,-1,-1,-1
166,-1,704.08,361.12,84.742,256.23,0.81782,-1,-1,-1
166,-1,1087.1,227.27,225.27,677.82,0.7139,-1,-1,-1
166,-1,781.01,223.86,277.58,834.73,-0.18468,-1,-1,-1
167,-1,1121,289,159,479,3.063,-1,-1,-1
167,-1,601.19,378.26,84.742,256.23,2.3058,-1,-1,-1
167,-1,1016.1,389.14,73.643,222.93,1.5436,-1,-1,-1
167,-1,49.503,292.02,241.51,726.54,1.4815,-1,-1,-1
167,-1,788.93,237.38,195.98,589.95,1.4704,-1,-1,-1
167,-1,699.41,350.2,90.896,274.69,0.82158,-1,-1,-1
167,-1,1087.1,227.27,225.27,677.82,0.53585,-1,-1,-1
167,-1,1445,777,19,59,-0.16699,-1,-1,-1
167,-1,781.01,223.86,277.58,834.73,-0.19723,-1,-1,-1
167,-1,299.57,210,73.643,222.93,-0.47207,-1,-1,-1
168,-1,1121,289,159,479,3.1766,-1,-1,-1
168,-1,593,385,79,239,2.4822,-1,-1,-1
168,-1,788.93,237.38,195.98,589.95,1.56,-1,-1,-1
168,-1,46.255,317.78,225.27,677.82,1.2215,-1,-1,-1
168,-1,690.44,355.57,97.492,294.47,1.0286,-1,-1,-1
168,-1,1001.2,374.21,73.643,222.93,1.0248,-1,-1,-1
168,-1,1087.1,227.27,225.27,677.82,0.67103,-1,-1,-1
168,-1,781.01,168.15,277.58,834.73,-0.055011,-1,-1,-1
168,-1,657.2,747.7,55.569,168.71,-0.33018,-1,-1,-1
168,-1,1404.3,329.43,148.29,446.86,-0.45017,-1,-1,-1
168,-1,665,477,19,59,-0.46004,-1,-1,-1
169,-1,1098.5,275.37,170.48,513.45,2.9391,-1,-1,-1
169,-1,593,401,79,239,2.4593,-1,-1,-1
169,-1,788.93,237.38,195.98,589.95,1.8254,-1,-1,-1
169,-1,1,260.92,258.92,778.76,1.3237,-1,-1,-1
169,-1,690.44,355.57,97.492,294.47,1.1548,-1,-1,-1
169,-1,1001.2,389.14,73.643,222.93,1.1381,-1,-1,-1
169,-1,725.3,168.15,277.58,834.73,-0.25013,-1,-1,-1
169,-1,1141.1,254.35,210.12,632.36,-0.27392,-1,-1,-1
169,-1,566.69,363.04,112.14,338.41,-0.30288,-1,-1,-1
169,-1,1407.2,515.45,84.742,256.23,-0.43274,-1,-1,-1
170,-1,1098.5,275.37,170.48,513.45,3.1907,-1,-1,-1
170,-1,584.04,378.26,84.742,256.23,2.4958,-1,-1,-1
170,-1,788.93,237.38,195.98,589.95,2.0362,-1,-1,-1
170,-1,681.03,350.2,90.896,274.69,1.4289,-1,-1,-1
170,-1,1001.2,374.21,73.643,222.93,1.2788,-1,-1,-1
170,-1,1,260.92,258.92,778.76,0.89228,-1,-1,-1
170,-1,944.16,446.86,84.742,256.23,-0.36222,-1,-1,-1
170,-1,769.23,710.14,97.492,294.47,-0.37701,-1,-1,-1
170,-1,1141.1,254.35,210.12,632.36,-0.46067,-1,-1,-1
171,-1,1098.5,275.37,170.48,513.45,3.25,-1,-1,-1
171,-1,584.04,378.26,84.742,256.23,2.3891,-1,-1,-1
171,-1,788.93,237.38,195.98,589.95,2.373,-1,-1,-1
171,-1,681.03,350.2,90.896,274.69,1.6516,-1,-1,-1
171,-1,1001.2,374.21,73.643,222.93,1.4979,-1,-1,-1
171,-1,1,260.92,258.92,778.76,0.42148,-1,-1,-1
171,-1,944.16,446.86,84.742,256.23,-0.26912,-1,-1,-1
171,-1,1141.1,254.35,210.12,632.36,-0.41897,-1,-1,-1
171,-1,655.79,752.8,59.629,180.89,-0.45591,-1,-1,-1
172,-1,1098.5,275.37,170.48,513.45,3.0217,-1,-1,-1
172,-1,570.75,386.96,90.896,274.69,2.6017,-1,-1,-1
172,-1,788.93,237.38,195.98,589.95,2.2397,-1,-1,-1
172,-1,1001.2,374.21,73.643,222.93,1.9161,-1,-1,-1
172,-1,676.59,338.79,104.56,315.68,1.7038,-1,-1,-1
172,-1,1,260.92,258.92,778.76,0.043876,-1,-1,-1
172,-1,641.73,739.23,68.644,207.93,-0.40887,-1,-1,-1
172,-1,944.16,446.86,84.742,256.23,-0.46115,-1,-1,-1
173,-1,1098.5,275.37,170.48,513.45,3.0981,-1,-1,-1
173,-1,566.9,378.26,84.742,256.23,2.439,-1,-1,-1
173,-1,761.04,212.12,210.12,632.36,2.0877,-1,-1,-1
173,-1,1001.2,374.21,73.643,222.93,1.9574,-1,-1,-1
173,-1,670.74,335.87,97.492,294.47,1.8495,-1,-1,-1
173,-1,1014.4,254.35,210.12,632.36,-0.32246,-1,-1,-1
173,-1,1141.1,254.35,210.12,632.36,-0.40184,-1,-1,-1
173,-1,643.66,752.8,59.629,180.89,-0.42272,-1,-1,-1
173,-1,134.38,364.77,59.629,180.89,-0.44827,-1,-1,-1
174,-1,1098.5,275.37,170.48,513.45,3.0912,-1,-1,-1
174,-1,788.93,237.38,195.98,589.95,2.1391,-1,-1,-1
174,-1,566.9,395.41,84.742,256.23,2.1345,-1,-1,-1
174,-1,676.59,338.79,104.56,315.68,1.8947,-1,-1,-1
174,-1,1001.2,374.21,73.643,222.93,1.6306,-1,-1,-1
174,-1,1141.1,254.35,210.12,632.36,-0.13268,-1,-1,-1
174,-1,637.81,754.77,63.98,193.94,-0.15109,-1,-1,-1
174,-1,1014.4,254.35,210.12,632.36,-0.25232,-1,-1,-1
174,-1,1407.2,515.45,84.742,256.23,-0.32034,-1,-1,-1
174,-1,546.83,312.9,128.96,388.88,-0.40471,-1,-1,-1
175,-1,1098.5,275.37,170.48,513.45,3.1165,-1,-1,-1
175,-1,566.9,395.41,84.742,256.23,2.0728,-1,-1,-1
175,-1,788.93,237.38,195.98,589.95,2.0024,-1,-1,-1
175,-1,1001.2,374.21,73.643,222.93,1.9306,-1,-1,-1
175,-1,676.59,338.79,104.56,315.68,1.8303,-1,-1,-1
175,-1,1141.1,254.35,210.12,632.36,0.24966,-1,-1,-1
175,-1,725.3,168.15,277.58,834.73,-0.25794,-1,-1,-1
175,-1,637.81,754.77,63.98,193.94,-0.28398,-1,-1,-1
175,-1,1014.4,254.35,210.12,632.36,-0.33255,-1,-1,-1
175,-1,239.86,493.64,73.643,222.93,-0.48218,-1,-1,-1
176,-1,1103.8,295.07,182.79,550.38,2.8418,-1,-1,-1
176,-1,552.55,375.27,97.492,294.47,2.4869,-1,-1,-1
176,-1,670.74,335.87,97.492,294.47,2.1903,-1,-1,-1
176,-1,788.93,237.38,195.98,589.95,1.6801,-1,-1,-1
176,-1,1001.2,374.21,73.643,222.93,1.6741,-1,-1,-1
176,-1,641.73,279.58,138.29,416.86,-0.091549,-1,-1,-1
176,-1,634.57,759.02,55.569,168.71,-0.44941,-1,-1,-1
176,-1,1617,853,19,59,-0.4564,-1,-1,-1
176,-1,747.7,725.08,112.14,338.41,-0.47984,-1,-1,-1
177,-1,1103.8,258.31,182.79,550.38,2.8296,-1,-1,-1
177,-1,552.38,386.96,90.896,274.69,2.5079,-1,-1,-1
177,-1,670.74,335.87,97.492,294.47,2.0456,-1,-1,-1
177,-1,1001.2,374.21,73.643,222.93,1.5964,-1,-1,-1
177,-1,788.93,237.38,195.98,589.95,1.5644,-1,-1,-1
177,-1,641.73,279.58,138.29,416.86,-0.084783,-1,-1,-1
177,-1,645.88,770.33,55.569,168.71,-0.084878,-1,-1,-1
177,-1,130.96,338.9,128.96,388.88,-0.16172,-1,-1,-1
177,-1,520.84,286.91,128.96,388.88,-0.48806,-1,-1,-1
178,-1,1121,289,159,479,2.9106,-1,-1,-1
178,-1,552.38,386.96,90.896,274.69,2.8361,-1,-1,-1
178,-1,676.59,338.79,104.56,315.68,1.9815,-1,-1,-1
178,-1,1001.2,374.21,73.643,222.93,1.5346,-1,-1,-1
178,-1,770.33,227.27,225.27,677.82,1.3735,-1,-1,-1
178,-1,1087.1,227.27,225.27,677.82,0.87798,-1,-1,-1
178,-1,645.88,770.33,55.569,168.71,-0.02912,-1,-1,-1
178,-1,978.46,403.99,41.871,127.61,-0.25823,-1,-1,-1
178,-1,657.86,269.71,148.29,446.86,-0.39019,-1,-1,-1
178,-1,520.84,286.91,128.96,388.88,-0.39225,-1,-1,-1
178,-1,130.96,338.9,128.96,388.88,-0.40451,-1,-1,-1
179,-1,670.74,335.87,97.492,294.47,2.755,-1,-1,-1
179,-1,552.38,386.96,90.896,274.69,2.704,-1,-1,-1
179,-1,1132.8,275.37,170.48,513.45,2.7034,-1,-1,-1
179,-1,803.26,254.35,210.12,632.36,1.6418,-1,-1,-1
179,-1,1016.1,374.21,73.643,222.93,1.6092,-1,-1,-1
179,-1,641.73,279.58,138.29,416.86,0.49643,-1,-1,-1
179,-1,520.84,286.91,128.96,388.88,-0.015337,-1,-1,-1
179,-1,140.29,335.29,138.29,416.86,-0.19912,-1,-1,-1
179,-1,644.92,771.59,51.78,157.34,-0.20608,-1,-1,-1
179,-1,1056.6,296.57,210.12,632.36,-0.34317,-1,-1,-1
179,-1,759.38,503.31,48.246,146.74,-0.40268,-1,-1,-1
180,-1,552.38,386.96,90.896,274.69,3.1354,-1,-1,-1
180,-1,1103.8,258.31,182.79,550.38,2.5788,-1,-1,-1
180,-1,676.59,338.79,104.56,315.68,2.4168,-1,-1,-1
180,-1,803.26,254.35,210.12,632.36,1.9669,-1,-1,-1
180,-1,1016.1,374.21,73.643,222.93,1.7771,-1,-1,-1
180,-1,520.84,286.91,128.96,388.88,0.20677,-1,-1,-1
180,-1,644.92,771.59,51.78,157.34,-0.02728,-1,-1,-1
180,-1,657.86,269.71,148.29,446.86,-0.17492,-1,-1,-1
180,-1,140.29,335.29,138.29,416.86,-0.33967,-1,-1,-1
181,-1,552.38,386.96,90.896,274.69,3.0544,-1,-1,-1
181,-1,1132.8,275.37,170.48,513.45,2.4316,-1,-1,-1
181,-1,670.74,355.57,97.492,294.47,2.3045,-1,-1,-1
181,-1,803.26,254.35,210.12,632.36,1.9745,-1,-1,-1
181,-1,1017.8,377.08,68.644,207.93,1.6028,-1,-1,-1
181,-1,995.61,403.99,41.871,127.61,0.60299,-1,-1,-1
181,-1,669.58,279.58,138.29,416.86,0.54999,-1,-1,-1
181,-1,520.84,312.9,128.96,388.88,-0.14875,-1,-1,-1
181,-1,140.29,335.29,138.29,416.86,-0.19858,-1,-1,-1
181,-1,1064.7,759.38,48.246,146.74,-0.30193,-1,-1,-1
182,-1,1132.8,275.37,170.48,513.45,2.548,-1,-1,-1
182,-1,676.59,338.79,104.56,315.68,2.3809,-1,-1,-1
182,-1,552.55,375.27,97.492,294.47,2.2785,-1,-1,-1
182,-1,803.26,254.35,210.12,632.36,1.8169,-1,-1,-1
182,-1,1031.1,374.21,73.643,222.93,1.1002,-1,-1,-1
182,-1,995.61,403.99,41.871,127.61,0.6151,-1,-1,-1
182,-1,657.86,269.71,148.29,446.86,0.0056138,-1,-1,-1
182,-1,146.51,364.77,120.26,362.77,-0.20078,-1,-1,-1
182,-1,1092.7,156.95,258.92,778.76,-0.43842,-1,-1,-1
183,-1,1132.8,275.37,170.48,513.45,2.4086,-1,-1,-1
183,-1,676.59,338.79,104.56,315.68,2.1936,-1,-1,-1
183,-1,552.55,375.27,97.492,294.47,1.7006,-1,-1,-1
183,-1,1031.1,374.21,73.643,222.93,1.5042,-1,-1,-1
183,-1,803.26,254.35,210.12,632.36,1.186,-1,-1,-1
183,-1,1004.2,403.99,41.871,127.61,0.48245,-1,-1,-1
183,-1,156.95,364.89,128.96,388.88,-0.31183,-1,-1,-1
183,-1,657.86,269.71,148.29,446.86,-0.33695,-1,-1,-1
184,-1,1153,289,159,479,2.4972,-1,-1,-1
184,-1,679.82,340.41,112.14,338.41,2.2919,-1,-1,-1
184,-1,1031.7,377.08,68.644,207.93,1.262,-1,-1,-1
184,-1,566.9,395.41,84.742,256.23,1.1663,-1,-1,-1
184,-1,828.33,237.38,195.98,589.95,1.1645,-1,-1,-1
184,-1,1132.4,272.53,225.27,677.82,0.44204,-1,-1,-1
184,-1,1009,409,39,119,0.076914,-1,-1,-1
184,-1,156.95,364.89,128.96,388.88,-0.23709,-1,-1,-1
184,-1,781.01,223.86,277.58,834.73,-0.47807,-1,-1,-1
185,-1,676.59,338.79,104.56,315.68,2.6747,-1,-1,-1
185,-1,1132.8,275.37,170.48,513.45,2.4703,-1,-1,-1
185,-1,570.75,386.96,90.896,274.69,1.5178,-1,-1,-1
185,-1,828.33,237.38,195.98,589.95,1.1206,-1,-1,-1
185,-1,1031.1,374.21,73.643,222.93,0.96927,-1,-1,-1
185,-1,702.79,312.9,128.96,388.88,0.24093,-1,-1,-1
185,-1,1009,417,39,119,0.049404,-1,-1,-1
185,-1,906.37,753.16,68.644,207.93,-0.1521,-1,-1,-1
185,-1,824.12,755.53,84.742,256.23,-0.25278,-1,-1,-1
185,-1,781.01,168.15,277.58,834.73,-0.31566,-1,-1,-1
185,-1,140.29,335.29,138.29,416.86,-0.39852,-1,-1,-1
186,-1,1153,289,159,479,2.2533,-1,-1,-1
186,-1,676.59,338.79,104.56,315.68,2.2044,-1,-1,-1
186,-1,828.33,237.38,195.98,589.95,1.6307,-1,-1,-1
186,-1,570.75,386.96,90.896,274.69,1.5618,-1,-1,-1
186,-1,1046,374.21,73.643,222.93,1.2358,-1,-1,-1
186,-1,702.79,312.9,128.96,388.88,0.52608,-1,-1,-1
186,-1,1132.4,227.27,225.27,677.82,0.25754,-1,-1,-1
186,-1,1017,409,39,119,0.051253,-1,-1,-1
186,-1,824.12,755.53,84.742,256.23,-0.25151,-1,-1,-1
186,-1,936.67,769.23,48.246,146.74,-0.28577,-1,-1,-1
186,-1,583.04,340.52,120.26,362.77,-0.41535,-1,-1,-1
186,-1,163.91,403.99,41.871,127.61,-0.44681,-1,-1,-1
186,-1,781.01,168.15,277.58,834.73,-0.48385,-1,-1,-1
187,-1,1153,289,159,479,2.4723,-1,-1,-1
187,-1,680.04,316.27,120.26,362.77,2.2052,-1,-1,-1
187,-1,570.75,386.96,90.896,274.69,1.8958,-1,-1,-1
187,-1,828.33,237.38,195.98,589.95,1.7906,-1,-1,-1
187,-1,1046,374.21,73.643,222.93,1.1726,-1,-1,-1
187,-1,1132.4,227.27,225.27,677.82,0.051086,-1,-1,-1
187,-1,1017,417,39,119,-0.19952,-1,-1,-1
187,-1,824.12,755.53,84.742,256.23,-0.26226,-1,-1,-1
187,-1,168.15,335.29,138.29,416.86,-0.46151,-1,-1,-1
187,-1,920.3,725.3,68.644,207.93,-0.49415,-1,-1,-1
188,-1,1140.5,258.31,182.79,550.38,2.6376,-1,-1,-1
188,-1,680.04,316.27,120.26,362.77,2.4661,-1,-1,-1
188,-1,828.33,237.38,195.98,589.95,1.8639,-1,-1,-1
188,-1,552.55,375.27,97.492,294.47,1.4562,-1,-1,-1
188,-1,1046,374.21,73.643,222.93,1.1041,-1,-1,-1
188,-1,170.76,364.77,120.26,362.77,-0.26419,-1,-1,-1
188,-1,781.01,223.86,277.58,834.73,-0.32534,-1,-1,-1
189,-1,1167.1,275.37,170.48,513.45,2.8357,-1,-1,-1
189,-1,680.04,316.27,120.26,362.77,2.3884,-1,-1,-1
189,-1,828.33,237.38,195.98,589.95,1.5919,-1,-1,-1
189,-1,552.55,375.27,97.492,294.47,1.4993,-1,-1,-1
189,-1,1046,374.21,73.643,222.93,1.1421,-1,-1,-1
189,-1,1021.3,403.99,41.871,127.61,-0.25537,-1,-1,-1
189,-1,168.15,335.29,138.29,416.86,-0.28808,-1,-1,-1
189,-1,777.28,180.14,297.57,894.71,-0.36211,-1,-1,-1
190,-1,1167.1,275.37,170.48,513.45,2.6803,-1,-1,-1
190,-1,680.04,316.27,120.26,362.77,2.6169,-1,-1,-1
190,-1,828.33,237.38,195.98,589.95,1.4741,-1,-1,-1
190,-1,549.92,381.02,104.56,315.68,1.4716,-1,-1,-1
190,-1,1046,374.21,73.643,222.93,0.89702,-1,-1,-1
190,-1,140.29,335.29,138.29,416.86,-0.11547,-1,-1,-1
190,-1,1021,396.15,44.948,136.84,-0.40122,-1,-1,-1
190,-1,777.28,180.14,297.57,894.71,-0.41353,-1,-1,-1
191,-1,680.04,316.27,120.26,362.77,3.1592,-1,-1,-1
191,-1,1167.1,275.37,170.48,513.45,2.7024,-1,-1,-1
191,-1,549.92,381.02,104.56,315.68,1.6355,-1,-1,-1
191,-1,828.33,237.38,195.98,589.95,1.2494,-1,-1,-1
191,-1,1046,374.21,73.643,222.93,0.82708,-1,-1,-1
191,-1,140.29,335.29,138.29,416.86,-0.16584,-1,-1,-1
191,-1,1021,396.15,44.948,136.84,-0.42564,-1,-1,-1
191,-1,781.65,510.12,55.569,168.71,-0.48601,-1,-1,-1
192,-1,679.82,340.41,112.14,338.41,2.7521,-1,-1,-1
192,-1,1167.1,275.37,170.48,513.45,2.5277,-1,-1,-1
192,-1,549.92,381.02,104.56,315.68,1.8353,-1,-1,-1
192,-1,828.33,237.38,195.98,589.95,1.2486,-1,-1,-1
192,-1,1046,374.21,73.643,222.93,0.87296,-1,-1,-1
192,-1,770.33,510.12,55.569,168.71,0.00729,-1,-1,-1
192,-1,140.29,335.29,138.29,416.86,-0.10266,-1,-1,-1
192,-1,502.44,307.43,138.29,416.86,-0.23571,-1,-1,-1
192,-1,1595.8,549.75,41.871,127.61,-0.30942,-1,-1,-1
192,-1,1021,396.15,44.948,136.84,-0.39461,-1,-1,-1
192,-1,628,269.71,148.29,446.86,-0.4619,-1,-1,-1
193,-1,1140.5,258.31,182.79,550.38,2.4076,-1,-1,-1
193,-1,679.82,340.41,112.14,338.41,2.2595,-1,-1,-1
193,-1,528.8,381.02,104.56,315.68,1.744,-1,-1,-1
193,-1,1046,374.21,73.643,222.93,1.381,-1,-1,-1
193,-1,815.59,227.27,225.27,677.82,1.2772,-1,-1,-1
193,-1,628,299.57,148.29,446.86,-0.085924,-1,-1,-1
193,-1,140.29,335.29,138.29,416.86,-0.31224,-1,-1,-1
194,-1,528.8,381.02,104.56,315.68,2.4613,-1,-1,-1
194,-1,1167.1,309.67,170.48,513.45,2.4485,-1,-1,-1
194,-1,657.2,340.41,112.14,338.41,2.4186,-1,-1,-1
194,-1,846.44,258.31,182.79,550.38,1.3138,-1,-1,-1
194,-1,1046,374.21,73.643,222.93,0.48809,-1,-1,-1
194,-1,478.71,299.57,148.29,446.86,0.027593,-1,-1,-1
194,-1,130.96,364.89,128.96,388.88,-0.24783,-1,-1,-1
194,-1,641,289,159,479,-0.31207,-1,-1,-1
194,-1,1572.4,552.38,44.948,136.84,-0.45388,-1,-1,-1
194,-1,1087.1,272.53,225.27,677.82,-0.47066,-1,-1,-1
195,-1,528.8,381.02,104.56,315.68,3.1215,-1,-1,-1
195,-1,1167.1,309.67,170.48,513.45,2.5055,-1,-1,-1
195,-1,655.79,340.52,120.26,362.77,2.4533,-1,-1,-1
195,-1,828.33,276.78,195.98,589.95,1.1536,-1,-1,-1
195,-1,478.71,299.57,148.29,446.86,0.55401,-1,-1,-1
195,-1,1046,389.14,73.643,222.93,0.48224,-1,-1,-1
195,-1,764.92,522.41,59.629,180.89,-0.15935,-1,-1,-1
195,-1,1087.1,227.27,225.27,677.82,-0.18297,-1,-1,-1
196,-1,507.69,381.02,104.56,315.68,3.1378,-1,-1,-1
196,-1,1153,321,159,479,2.4663,-1,-1,-1
196,-1,650.8,312.9,128.96,388.88,1.8219,-1,-1,-1
196,-1,828.33,237.38,195.98,589.95,1.2534,-1,-1,-1
196,-1,1031.1,374.21,73.643,222.93,0.81877,-1,-1,-1
196,-1,1132.4,227.27,225.27,677.82,0.47625,-1,-1,-1
196,-1,759.02,532.74,55.569,168.71,0.15796,-1,-1,-1
196,-1,508.57,299.57,148.29,446.86,0.095395,-1,-1,-1
196,-1,130.96,364.89,128.96,388.88,-0.43633,-1,-1,-1
197,-1,507.69,381.02,104.56,315.68,3.0743,-1,-1,-1
197,-1,1132.8,309.67,170.48,513.45,2.3941,-1,-1,-1
197,-1,657.2,340.41,112.14,338.41,1.6913,-1,-1,-1
197,-1,1031.1,389.14,73.643,222.93,1.0691,-1,-1,-1
197,-1,803.26,254.35,210.12,632.36,1.0477,-1,-1,-1
197,-1,1003.8,391.57,51.78,157.34,-0.058317,-1,-1,-1
197,-1,759.02,532.74,55.569,168.71,-0.090324,-1,-1,-1
197,-1,508.57,299.57,148.29,446.86,-0.11978,-1,-1,-1
197,-1,1183.3,254.35,210.12,632.36,-0.19979,-1,-1,-1
197,-1,641,257,159,479,-0.25135,-1,-1,-1
197,-1,704.29,764.92,59.629,180.89,-0.29375,-1,-1,-1
197,-1,1001.2,329.43,73.643,222.93,-0.41633,-1,-1,-1
197,-1,104.97,364.89,128.96,388.88,-0.44418,-1,-1,-1
198,-1,498.8,385.67,112.14,338.41,3.0609,-1,-1,-1
198,-1,1132.8,309.67,170.48,513.45,2.3352,-1,-1,-1
198,-1,631.54,340.52,120.26,362.77,1.8914,-1,-1,-1
198,-1,803.26,254.35,210.12,632.36,1.3134,-1,-1,-1
198,-1,1031.1,389.14,73.643,222.93,1.0733,-1,-1,-1
198,-1,702.45,781.65,55.569,168.71,-0.18649,-1,-1,-1
198,-1,741.77,520.84,63.98,193.94,-0.28329,-1,-1,-1
198,-1,104.97,364.89,128.96,388.88,-0.3402,-1,-1,-1
198,-1,481,289,159,479,-0.34156,-1,-1,-1
198,-1,1002.7,405.34,44.948,136.84,-0.42203,-1,-1,-1
199,-1,1132.8,309.67,170.48,513.45,2.8475,-1,-1,-1
199,-1,486.03,364.77,120.26,362.77,2.1141,-1,-1,-1
199,-1,634.57,340.41,112.14,338.41,1.7624,-1,-1,-1
199,-1,803.26,254.35,210.12,632.36,1.5361,-1,-1,-1
199,-1,1031.7,391.01,68.644,207.93,0.55308,-1,-1,-1
199,-1,609,289,159,479,-0.067215,-1,-1,-1
199,-1,697.7,782.15,51.78,157.34,-0.094657,-1,-1,-1
199,-1,1002.7,414.53,44.948,136.84,-0.17955,-1,-1,-1
199,-1,1236.1,750.48,51.78,157.34,-0.18657,-1,-1,-1
199,-1,1092.7,208.94,258.92,778.76,-0.3282,-1,-1,-1
199,-1,104.97,364.89,128.96,388.88,-0.39413,-1,-1,-1
200,-1,476.18,385.67,112.14,338.41,3.1756,-1,-1,-1
200,-1,1132.8,309.67,170.48,513.45,2.3243,-1,-1,-1
200,-1,803.26,254.35,210.12,632.36,2.0121,-1,-1,-1
200,-1,624.81,338.9,128.96,388.88,1.8531,-1,-1,-1
200,-1,1016.1,389.14,73.643,222.93,0.96048,-1,-1,-1
200,-1,449,289,159,479,-0.23461,-1,-1,-1
200,-1,1092.7,208.94,258.92,778.76,-0.32102,-1,-1,-1
200,-1,84.573,363.15,138.29,416.86,-0.37948,-1,-1,-1
200,-1,728.54,534.53,59.629,180.89,-0.438,-1,-1,-1
200,-1,589.13,295.07,182.79,550.38,-0.46142,-1,-1,-1
201,-1,1103.8,295.07,182.79,550.38,2.8711,-1,-1,-1
201,-1,465.47,402.13,104.56,315.68,2.8131,-1,-1,-1
201,-1,598.82,338.9,128.96,388.88,2.0007,-1,-1,-1
201,-1,803.26,254.35,210.12,632.36,1.8415,-1,-1,-1
201,-1,1017.8,404.94,68.644,207.93,0.84197,-1,-1,-1
201,-1,448.86,329.43,148.29,446.86,0.39359,-1,-1,-1
201,-1,702.79,533.84,63.98,193.94,0.0039893,-1,-1,-1
201,-1,993.48,423.72,44.948,136.84,-0.13186,-1,-1,-1
201,-1,589.13,295.07,182.79,550.38,-0.44781,-1,-1,-1
202,-1,453.55,385.67,112.14,338.41,2.6665,-1,-1,-1
202,-1,1121,321,159,479,2.5166,-1,-1,-1
202,-1,788.93,276.78,195.98,589.95,1.9596,-1,-1,-1
202,-1,607.29,340.52,120.26,362.77,1.7285,-1,-1,-1
202,-1,1016.1,404.07,73.643,222.93,0.57263,-1,-1,-1
202,-1,1087.1,272.53,225.27,677.82,0.13234,-1,-1,-1
202,-1,582.1,444.21,48.246,146.74,0.10471,-1,-1,-1
202,-1,987.03,421.14,41.871,127.61,-0.36846,-1,-1,-1
202,-1,584.04,309.67,170.48,513.45,-0.37448,-1,-1,-1
202,-1,781.01,223.86,277.58,834.73,-0.42495,-1,-1,-1
202,-1,446.86,275.37,170.48,513.45,-0.47472,-1,-1,-1
203,-1,1121,321,159,479,2.5643,-1,-1,-1
203,-1,453.55,408.29,112.14,338.41,2.1531,-1,-1,-1
203,-1,586.01,335.29,138.29,416.86,1.9615,-1,-1,-1
203,-1,788.93,276.78,195.98,589.95,1.7165,-1,-1,-1
203,-1,1001.2,404.07,73.643,222.93,0.96958,-1,-1,-1
203,-1,1087.1,227.27,225.27,677.82,0.14085,-1,-1,-1
203,-1,449,289,159,479,-0.022665,-1,-1,-1
203,-1,704.08,558.32,41.871,127.61,-0.13493,-1,-1,-1
203,-1,781.01,223.86,277.58,834.73,-0.38778,-1,-1,-1
204,-1,1103.8,295.07,182.79,550.38,2.6644,-1,-1,-1
204,-1,437.53,389.02,120.26,362.77,2.2104,-1,-1,-1
204,-1,572.83,338.9,128.96,388.88,1.7198,-1,-1,-1
204,-1,788.93,276.78,195.98,589.95,1.6233,-1,-1,-1
204,-1,1001.2,404.07,73.643,222.93,0.98669,-1,-1,-1
204,-1,754.77,416.87,63.98,193.94,-0.25231,-1,-1,-1
204,-1,1201.4,764.92,59.629,180.89,-0.32836,-1,-1,-1
204,-1,695.51,609.77,41.871,127.61,-0.39993,-1,-1,-1
204,-1,697.44,530.29,68.644,207.93,-0.44897,-1,-1,-1
204,-1,1059.6,223.86,277.58,834.73,-0.46373,-1,-1,-1
205,-1,1098.5,309.67,170.48,513.45,2.5875,-1,-1,-1
205,-1,437.53,389.02,120.26,362.77,2.0778,-1,-1,-1
205,-1,803.26,254.35,210.12,632.36,1.9381,-1,-1,-1
205,-1,586.01,335.29,138.29,416.86,1.7823,-1,-1,-1
205,-1,1001.2,404.07,73.643,222.93,1.2209,-1,-1,-1
205,-1,755.53,395.41,84.742,256.23,0.72101,-1,-1,-1
205,-1,1141.1,296.57,210.12,632.36,0.1491,-1,-1,-1
205,-1,552.55,316.17,195.98,589.95,-0.42878,-1,-1,-1
205,-1,412.56,275.37,170.48,513.45,-0.47212,-1,-1,-1
206,-1,1098.5,309.67,170.48,513.45,2.5235,-1,-1,-1
206,-1,803.26,254.35,210.12,632.36,2.4205,-1,-1,-1
206,-1,572.83,338.9,128.96,388.88,2.3444,-1,-1,-1
206,-1,430.92,408.29,112.14,338.41,1.9979,-1,-1,-1
206,-1,1001.2,404.07,73.643,222.93,1.5201,-1,-1,-1
206,-1,755.53,395.41,84.742,256.23,0.84963,-1,-1,-1
206,-1,1141.1,296.57,210.12,632.36,0.06927,-1,-1,-1
206,-1,552.38,295.07,182.79,550.38,-0.10241,-1,-1,-1
206,-1,417,289,159,479,-0.34102,-1,-1,-1
206,-1,995.61,635.49,41.871,127.61,-0.46483,-1,-1,-1
207,-1,413.27,389.02,120.26,362.77,2.6494,-1,-1,-1
207,-1,1098.5,309.67,170.48,513.45,2.4513,-1,-1,-1
207,-1,568.28,299.57,148.29,446.86,2.3688,-1,-1,-1
207,-1,803.26,254.35,210.12,632.36,1.9669,-1,-1,-1
207,-1,1001.2,404.07,73.643,222.93,1.4778,-1,-1,-1
207,-1,755.53,395.41,84.742,256.23,1.2081,-1,-1,-1
207,-1,1141.1,254.35,210.12,632.36,0.035345,-1,-1,-1
207,-1,412.56,275.37,170.48,513.45,-0.37574,-1,-1,-1
207,-1,30.857,359.28,148.29,446.86,-0.39792,-1,-1,-1
208,-1,413.27,389.02,120.26,362.77,2.6798,-1,-1,-1
208,-1,1103.8,295.07,182.79,550.38,2.3417,-1,-1,-1
208,-1,558.15,335.29,138.29,416.86,2.1458,-1,-1,-1
208,-1,803.26,254.35,210.12,632.36,1.9399,-1,-1,-1
208,-1,1001.2,404.07,73.643,222.93,1.3756,-1,-1,-1
208,-1,755.53,395.41,84.742,256.23,0.86072,-1,-1,-1
208,-1,552.55,197.98,195.98,589.95,-0.096826,-1,-1,-1
208,-1,378.26,275.37,170.48,513.45,-0.11471,-1,-1,-1
208,-1,611.65,779.08,48.246,146.74,-0.31002,-1,-1,-1
209,-1,413.27,389.02,120.26,362.77,2.6858,-1,-1,-1
209,-1,558.15,335.29,138.29,416.86,2.3011,-1,-1,-1
209,-1,1103.8,295.07,182.79,550.38,2.1269,-1,-1,-1
209,-1,788.93,276.78,195.98,589.95,1.5582,-1,-1,-1
209,-1,1001.2,404.07,73.643,222.93,1.348,-1,-1,-1
209,-1,747.43,404.07,73.643,222.93,0.68868,-1,-1,-1
209,-1,378.26,275.37,170.48,513.45,0.24791,-1,-1,-1
209,-1,507.69,169.9,210.12,632.36,-0.14289,-1,-1,-1
209,-1,781.01,223.86,277.58,834.73,-0.46638,-1,-1,-1
210,-1,413.27,389.02,120.26,362.77,2.6376,-1,-1,-1
210,-1,1098.5,309.67,170.48,513.45,2.2753,-1,-1,-1
210,-1,558.15,335.29,138.29,416.86,2.1327,-1,-1,-1
210,-1,803.26,254.35,210.12,632.36,1.5184,-1,-1,-1
210,-1,1001.2,404.07,73.643,222.93,1.0915,-1,-1,-1
210,-1,755.53,395.41,84.742,256.23,0.74035,-1,-1,-1
210,-1,378.26,275.37,170.48,513.45,0.59265,-1,-1,-1
210,-1,1141.1,254.35,210.12,632.36,0.34439,-1,-1,-1
210,-1,507.69,169.9,210.12,632.36,-0.13802,-1,-1,-1
211,-1,389.02,389.02,120.26,362.77,2.9405,-1,-1,-1
211,-1,1103.8,295.07,182.79,550.38,2.2046,-1,-1,-1
211,-1,538.43,329.43,148.29,446.86,2.0811,-1,-1,-1
211,-1,788.93,276.78,195.98,589.95,1.4225,-1,-1,-1
211,-1,1003.9,404.94,68.644,207.93,1.3742,-1,-1,-1
211,-1,738.38,395.41,84.742,256.23,1.0248,-1,-1,-1
211,-1,378.26,275.37,170.48,513.45,0.47775,-1,-1,-1
211,-1,419.61,826.9,55.569,168.71,0.18754,-1,-1,-1
211,-1,669.58,544.22,68.644,207.93,-0.18673,-1,-1,-1
211,-1,781.01,223.86,277.58,834.73,-0.38047,-1,-1,-1
211,-1,507.69,212.12,210.12,632.36,-0.48103,-1,-1,-1
212,-1,389.02,389.02,120.26,362.77,3.1122,-1,-1,-1
212,-1,538.43,329.43,148.29,446.86,2.1381,-1,-1,-1
212,-1,1103.8,295.07,182.79,550.38,2.1067,-1,-1,-1
212,-1,803.26,254.35,210.12,632.36,1.4607,-1,-1,-1
212,-1,1001.2,404.07,73.643,222.93,1.1501,-1,-1,-1
212,-1,753,401,79,239,0.91221,-1,-1,-1
212,-1,378.26,275.37,170.48,513.45,0.24549,-1,-1,-1
212,-1,507.69,212.12,210.12,632.36,-0.13771,-1,-1,-1
212,-1,412.69,834.93,51.78,157.34,-0.23534,-1,-1,-1
213,-1,363.15,363.15,138.29,416.86,2.3175,-1,-1,-1
213,-1,530.29,335.29,138.29,416.86,2.1862,-1,-1,-1
213,-1,1103.8,295.07,182.79,550.38,1.8932,-1,-1,-1
213,-1,1001.2,404.07,73.643,222.93,1.3409,-1,-1,-1
213,-1,788.93,276.78,195.98,589.95,1.278,-1,-1,-1
213,-1,737,401,79,239,1.1541,-1,-1,-1
213,-1,552.38,258.31,182.79,550.38,0.11178,-1,-1,-1
213,-1,781.01,223.86,277.58,834.73,-0.18274,-1,-1,-1
214,-1,364.89,390.88,128.96,388.88,2.3803,-1,-1,-1
214,-1,1103.8,295.07,182.79,550.38,1.8999,-1,-1,-1
214,-1,530.29,335.29,138.29,416.86,1.7471,-1,-1,-1
214,-1,1001.2,404.07,73.643,222.93,1.191,-1,-1,-1
214,-1,803.26,254.35,210.12,632.36,1.0557,-1,-1,-1
214,-1,747.43,404.07,73.643,222.93,0.82978,-1,-1,-1
214,-1,739.92,381.02,104.56,315.68,0.0073104,-1,-1,-1
214,-1,552.38,295.07,182.79,550.38,-0.23336,-1,-1,-1
214,-1,401.15,849.8,59.629,180.89,-0.33575,-1,-1,-1
214,-1,769,193,319,959,-0.46582,-1,-1,-1
215,-1,1103.8,295.07,182.79,550.38,2.2071,-1,-1,-1
215,-1,364.89,390.88,128.96,388.88,1.9553,-1,-1,-1
215,-1,1001.2,404.07,73.643,222.93,1.6814,-1,-1,-1
215,-1,520.84,338.9,128.96,388.88,1.6492,-1,-1,-1
215,-1,788.93,276.78,195.98,589.95,1.3435,-1,-1,-1
215,-1,549.75,309.67,170.48,513.45,0.61033,-1,-1,-1
215,-1,737,401,79,239,0.49929,-1,-1,-1
215,-1,781.01,223.86,277.58,834.73,0.1055,-1,-1,-1
216,-1,1103.8,295.07,182.79,550.38,2.2353,-1,-1,-1
216,-1,364.89,390.88,128.96,388.88,1.5628,-1,-1,-1
216,-1,513,321,159,479,1.496,-1,-1,-1
216,-1,788.93,276.78,195.98,589.95,1.2595,-1,-1,-1
216,-1,1001.2,404.07,73.643,222.93,1.1929,-1,-1,-1
216,-1,747.43,404.07,73.643,222.93,0.62463,-1,-1,-1
216,-1,641,417,79,239,-0.30975,-1,-1,-1
216,-1,781.01,223.86,277.58,834.73,-0.32009,-1,-1,-1
216,-1,498.8,182.02,225.27,677.82,-0.48599,-1,-1,-1
217,-1,1132.8,309.67,170.48,513.45,2.177,-1,-1,-1
217,-1,364.89,390.88,128.96,388.88,1.7358,-1,-1,-1
217,-1,803.26,254.35,210.12,632.36,1.5408,-1,-1,-1
217,-1,513,321,159,479,1.2445,-1,-1,-1
217,-1,1009,401,79,239,1.2335,-1,-1,-1
217,-1,754.55,386.96,90.896,274.69,0.98518,-1,-1,-1
217,-1,1092.7,260.92,258.92,778.76,-0.21355,-1,-1,-1
217,-1,598.82,546.83,128.96,388.88,-0.32782,-1,-1,-1
217,-1,641,401,79,239,-0.35781,-1,-1,-1
217,-1,769,193,319,959,-0.39518,-1,-1,-1
217,-1,498.8,182.02,225.27,677.82,-0.43176,-1,-1,-1
218,-1,1140.5,295.07,182.79,550.38,2.3902,-1,-1,-1
218,-1,1016.1,404.07,73.643,222.93,2.125,-1,-1,-1
218,-1,803.26,254.35,210.12,632.36,1.9046,-1,-1,-1
218,-1,363.15,391.01,138.29,416.86,1.7218,-1,-1,-1
218,-1,508.57,329.43,148.29,446.86,1.3868,-1,-1,-1
218,-1,755.53,395.41,84.742,256.23,1.1167,-1,-1,-1
218,-1,507.69,212.12,210.12,632.36,-0.081766,-1,-1,-1
218,-1,1144.7,260.92,258.92,778.76,-0.3436,-1,-1,-1
219,-1,1140.5,331.83,182.79,550.38,2.1664,-1,-1,-1
219,-1,363.15,391.01,138.29,416.86,2.1129,-1,-1,-1
219,-1,803.26,254.35,210.12,632.36,1.8135,-1,-1,-1
219,-1,513,321,159,479,1.641,-1,-1,-1
219,-1,1016.1,404.07,73.643,222.93,1.5245,-1,-1,-1
219,-1,754.55,386.96,90.896,274.69,0.90895,-1,-1,-1
219,-1,1144.7,260.92,258.92,778.76,-0.028763,-1,-1,-1
219,-1,641,401,79,239,-0.17644,-1,-1,-1
219,-1,715.78,767.77,63.98,193.94,-0.43316,-1,-1,-1
219,-1,486.03,98.006,241.51,726.54,-0.47864,-1,-1,-1
220,-1,1140.5,331.83,182.79,550.38,2.4894,-1,-1,-1
220,-1,363.15,391.01,138.29,416.86,2.1527,-1,-1,-1
220,-1,846.44,295.07,182.79,550.38,1.8111,-1,-1,-1
220,-1,513,321,159,479,1.6373,-1,-1,-1
220,-1,1031.1,419,73.643,222.93,1.2515,-1,-1,-1
220,-1,754.55,386.96,90.896,274.69,1.1057,-1,-1,-1
220,-1,1144.7,260.92,258.92,778.76,0.1507,-1,-1,-1
220,-1,642.93,404.07,73.643,222.93,-0.029385,-1,-1,-1
220,-1,642.93,583.21,73.643,222.93,-0.30828,-1,-1,-1
220,-1,781.01,223.86,277.58,834.73,-0.32838,-1,-1,-1
220,-1,498.8,182.02,225.27,677.82,-0.38378,-1,-1,-1
221,-1,1140.5,331.83,182.79,550.38,2.3587,-1,-1,-1
221,-1,363.15,391.01,138.29,416.86,2.1983,-1,-1,-1
221,-1,828.33,276.78,195.98,589.95,2.0133,-1,-1,-1
221,-1,513,321,159,479,1.9482,-1,-1,-1
221,-1,1031.1,419,73.643,222.93,1.5068,-1,-1,-1
221,-1,755.53,395.41,84.742,256.23,1.1703,-1,-1,-1
221,-1,1144.7,260.92,258.92,778.76,0.27631,-1,-1,-1
221,-1,498.8,182.02,225.27,677.82,-0.050922,-1,-1,-1
221,-1,781.01,223.86,277.58,834.73,-0.11234,-1,-1,-1
222,-1,1167.1,343.97,170.48,513.45,2.4572,-1,-1,-1
222,-1,513,321,159,479,2.2385,-1,-1,-1
222,-1,363.15,391.01,138.29,416.86,1.9506,-1,-1,-1
222,-1,846.44,295.07,182.79,550.38,1.6963,-1,-1,-1
222,-1,754.55,386.96,90.896,274.69,1.3864,-1,-1,-1
222,-1,1031.1,419,73.643,222.93,0.8329,-1,-1,-1
222,-1,498.8,182.02,225.27,677.82,0.29172,-1,-1,-1
222,-1,1087.1,272.53,225.27,677.82,-0.15559,-1,-1,-1
222,-1,832.75,260.92,258.92,778.76,-0.24596,-1,-1,-1
223,-1,513,321,159,479,2.5349,-1,-1,-1
223,-1,1167.1,343.97,170.48,513.45,2.1939,-1,-1,-1
223,-1,363.15,391.01,138.29,416.86,1.739,-1,-1,-1
223,-1,846.44,295.07,182.79,550.38,1.7216,-1,-1,-1
223,-1,755.53,395.41,84.742,256.23,1.2031,-1,-1,-1
223,-1,1031.1,419,73.643,222.93,0.91166,-1,-1,-1
223,-1,655.65,418.86,68.644,207.93,0.3895,-1,-1,-1
223,-1,498.8,182.02,225.27,677.82,0.27824,-1,-1,-1
223,-1,782.15,381.02,104.56,315.68,-0.066866,-1,-1,-1
223,-1,1087.1,272.53,225.27,677.82,-0.30683,-1,-1,-1
223,-1,832.75,260.92,258.92,778.76,-0.40008,-1,-1,-1
224,-1,515.45,309.67,170.48,513.45,2.8237,-1,-1,-1
224,-1,1167.1,343.97,170.48,513.45,2.09,-1,-1,-1
224,-1,363.15,391.01,138.29,416.86,1.9372,-1,-1,-1
224,-1,769.23,394.97,97.492,294.47,1.5002,-1,-1,-1
224,-1,867.73,276.78,195.98,589.95,1.4515,-1,-1,-1
224,-1,1046,419,73.643,222.93,1.3266,-1,-1,-1
224,-1,657.86,404.07,73.643,222.93,0.1358,-1,-1,-1
224,-1,652.64,566.9,84.742,256.23,-0.0016793,-1,-1,-1
224,-1,468.86,104.97,258.92,778.76,-0.14818,-1,-1,-1
224,-1,770.33,272.53,225.27,677.82,-0.29552,-1,-1,-1
224,-1,1144.7,260.92,258.92,778.76,-0.33487,-1,-1,-1
225,-1,515.45,309.67,170.48,513.45,2.9988,-1,-1,-1
225,-1,1167.1,343.97,170.48,513.45,2.2971,-1,-1,-1
225,-1,363.15,391.01,138.29,416.86,2.0938,-1,-1,-1
225,-1,772.68,395.41,84.742,256.23,1.8724,-1,-1,-1
225,-1,883.2,295.07,182.79,550.38,1.8336,-1,-1,-1
225,-1,1045.7,418.86,68.644,207.93,1.0563,-1,-1,-1
225,-1,669.58,404.94,68.644,207.93,0.1562,-1,-1,-1
225,-1,652.64,566.9,84.742,256.23,0.14718,-1,-1,-1
225,-1,729.84,394.97,97.492,294.47,-0.020349,-1,-1,-1
225,-1,468.86,104.97,258.92,778.76,-0.095979,-1,-1,-1
225,-1,832.75,260.92,258.92,778.76,-0.13345,-1,-1,-1
225,-1,295.07,295.07,182.79,550.38,-0.18582,-1,-1,-1
225,-1,1225.5,296.57,210.12,632.36,-0.32607,-1,-1,-1
226,-1,515.45,309.67,170.48,513.45,2.7708,-1,-1,-1
226,-1,772.68,395.41,84.742,256.23,2.3558,-1,-1,-1
226,-1,883.2,295.07,182.79,550.38,2.3518,-1,-1,-1
226,-1,1167.1,343.97,170.48,513.45,2.0489,-1,-1,-1
226,-1,363.15,391.01,138.29,416.86,1.5938,-1,-1,-1
226,-1,1045.7,418.86,68.644,207.93,1.3017,-1,-1,-1
226,-1,729.84,394.97,97.492,294.47,0.34354,-1,-1,-1
226,-1,295.07,295.07,182.79,550.38,-0.039783,-1,-1,-1
226,-1,657,401,79,239,-0.097246,-1,-1,-1
226,-1,468.86,104.97,258.92,778.76,-0.098215,-1,-1,-1
226,-1,777.05,243.51,241.51,726.54,-0.16129,-1,-1,-1
226,-1,1225.5,296.57,210.12,632.36,-0.18881,-1,-1,-1
227,-1,769.23,394.97,97.492,294.47,2.4866,-1,-1,-1
227,-1,515.45,309.67,170.48,513.45,2.1617,-1,-1,-1
227,-1,1182.9,316.17,195.98,589.95,2.064,-1,-1,-1
227,-1,329.43,359.28,148.29,446.86,2.016,-1,-1,-1
227,-1,883.2,295.07,182.79,550.38,1.807,-1,-1,-1
227,-1,1046,419,73.643,222.93,0.99155,-1,-1,-1
227,-1,296.57,212.12,210.12,632.36,-0.028503,-1,-1,-1
227,-1,832.75,260.92,258.92,778.76,-0.075586,-1,-1,-1
227,-1,657.86,404.07,73.643,222.93,-0.094846,-1,-1,-1
227,-1,437.53,243.51,241.51,726.54,-0.11032,-1,-1,-1
227,-1,652.64,566.9,84.742,256.23,-0.41671,-1,-1,-1
228,-1,769.23,394.97,97.492,294.47,2.4995,-1,-1,-1
228,-1,321,353,159,479,2.4611,-1,-1,-1
228,-1,1182.9,316.17,195.98,589.95,2.2084,-1,-1,-1
228,-1,473.76,276.78,195.98,589.95,1.7746,-1,-1,-1
228,-1,867.73,276.78,195.98,589.95,1.6922,-1,-1,-1
228,-1,1046,419,73.643,222.93,0.77217,-1,-1,-1
228,-1,657,401,79,239,0.29813,-1,-1,-1
228,-1,625.89,570.75,90.896,274.69,-0.27001,-1,-1,-1
228,-1,1469.6,533.84,63.98,193.94,-0.42536,-1,-1,-1
229,-1,329.43,359.28,148.29,446.86,2.4089,-1,-1,-1
229,-1,1182.9,316.17,195.98,589.95,2.2119,-1,-1,-1
229,-1,772.93,405.34,90.896,274.69,2.072,-1,-1,-1
229,-1,478.86,295.07,182.79,550.38,1.859,-1,-1,-1
229,-1,867.73,276.78,195.98,589.95,1.6954,-1,-1,-1
229,-1,1046,419,73.643,222.93,0.78204,-1,-1,-1
229,-1,657,401,79,239,0.42166,-1,-1,-1
229,-1,728.54,340.52,120.26,362.77,0.34382,-1,-1,-1
229,-1,892.44,781.01,68.644,207.93,0.038274,-1,-1,-1
229,-1,1469.6,533.84,63.98,193.94,-0.28596,-1,-1,-1
229,-1,644.27,570.75,90.896,274.69,-0.34787,-1,-1,-1
229,-1,296.57,254.35,210.12,632.36,-0.36746,-1,-1,-1
229,-1,416.87,260.92,258.92,778.76,-0.3906,-1,-1,-1
229,-1,849.8,655.79,120.26,362.77,-0.43349,-1,-1,-1
229,-1,837,180.14,297.57,894.71,-0.49057,-1,-1,-1
230,-1,1182.9,316.17,195.98,589.95,2.4451,-1,-1,-1
230,-1,749.54,394.97,97.492,294.47,2.3874,-1,-1,-1
230,-1,867.73,276.78,195.98,589.95,2.1837,-1,-1,-1
230,-1,321,353,159,479,1.8153,-1,-1,-1
230,-1,478.86,295.07,182.79,550.38,1.673,-1,-1,-1
230,-1,1046,419,73.643,222.93,0.75775,-1,-1,-1
230,-1,652.64,395.41,84.742,256.23,0.15506,-1,-1,-1
230,-1,416.87,260.92,258.92,778.76,-0.024159,-1,-1,-1
230,-1,725.3,307.43,138.29,416.86,-0.23819,-1,-1,-1
230,-1,881.78,777.28,73.643,222.93,-0.25687,-1,-1,-1
230,-1,644.27,570.75,90.896,274.69,-0.36526,-1,-1,-1
230,-1,837,180.14,297.57,894.71,-0.4546,-1,-1,-1
231,-1,1177.3,331.83,182.79,550.38,2.7304,-1,-1,-1
231,-1,749.54,394.97,97.492,294.47,2.2758,-1,-1,-1
231,-1,867.73,276.78,195.98,589.95,2.04,-1,-1,-1
231,-1,329.43,389.14,148.29,446.86,1.8331,-1,-1,-1
231,-1,478.86,295.07,182.79,550.38,1.6407,-1,-1,-1
231,-1,1060.9,419,73.643,222.93,0.8277,-1,-1,-1
231,-1,652.64,395.41,84.742,256.23,0.31484,-1,-1,-1
231,-1,1222.9,272.53,225.27,677.82,-0.063719,-1,-1,-1
231,-1,296.57,254.35,210.12,632.36,-0.10122,-1,-1,-1
231,-1,881.78,777.28,73.643,222.93,-0.20174,-1,-1,-1
231,-1,416.87,260.92,258.92,778.76,-0.31795,-1,-1,-1
231,-1,635.49,584.04,84.742,256.23,-0.4227,-1,-1,-1
231,-1,725.3,335.29,138.29,416.86,-0.46354,-1,-1,-1
231,-1,781.01,168.15,277.58,834.73,-0.48125,-1,-1,-1
232,-1,1182.9,316.17,195.98,589.95,2.8095,-1,-1,-1
232,-1,749.54,394.97,97.492,294.47,2.3342,-1,-1,-1
232,-1,867.73,276.78,195.98,589.95,1.885,-1,-1,-1
232,-1,299.57,389.14,148.29,446.86,1.7842,-1,-1,-1
232,-1,434.36,276.78,195.98,589.95,1.4843,-1,-1,-1
232,-1,1046,419,73.643,222.93,0.82296,-1,-1,-1
232,-1,631.35,394.97,97.492,294.47,0.45257,-1,-1,-1
232,-1,875.57,755.53,84.742,256.23,-0.075368,-1,-1,-1
232,-1,725.3,335.29,138.29,416.86,-0.11624,-1,-1,-1
232,-1,618.34,584.04,84.742,256.23,-0.21844,-1,-1,-1
232,-1,296.57,254.35,210.12,632.36,-0.30822,-1,-1,-1
232,-1,837,180.14,297.57,894.71,-0.44573,-1,-1,-1
233,-1,749.54,394.97,97.492,294.47,2.9456,-1,-1,-1
233,-1,289,385,159,479,2.7452,-1,-1,-1
233,-1,1177.3,331.83,182.79,550.38,2.4037,-1,-1,-1
233,-1,434.36,276.78,195.98,589.95,1.6372,-1,-1,-1
233,-1,867.73,276.78,195.98,589.95,1.619,-1,-1,-1
233,-1,631.35,394.97,97.492,294.47,1.102,-1,-1,-1
233,-1,1046,419,73.643,222.93,0.87801,-1,-1,-1
233,-1,702.79,364.89,128.96,388.88,-0.16986,-1,-1,-1
233,-1,864.82,736.17,90.896,274.69,-0.37021,-1,-1,-1
233,-1,1171,223.86,277.58,834.73,-0.43725,-1,-1,-1
233,-1,374.21,792.21,73.643,222.93,-0.48717,-1,-1,-1
234,-1,1177.3,331.83,182.79,550.38,2.9386,-1,-1,-1
234,-1,729.84,394.97,97.492,294.47,2.76,-1,-1,-1
234,-1,289,385,159,479,2.6067,-1,-1,-1
234,-1,434.36,276.78,195.98,589.95,1.9292,-1,-1,-1
234,-1,867.73,276.78,195.98,589.95,1.683,-1,-1,-1
234,-1,635.49,412.56,84.742,256.23,1.2624,-1,-1,-1
234,-1,1046,419,73.643,222.93,0.87673,-1,-1,-1
234,-1,212.12,254.35,210.12,632.36,0.10885,-1,-1,-1
234,-1,725.3,335.29,138.29,416.86,0.017578,-1,-1,-1
234,-1,1297,833,39,119,-0.28569,-1,-1,-1
234,-1,1171,223.86,277.58,834.73,-0.49042,-1,-1,-1
234,-1,598.82,390.88,128.96,388.88,-0.49947,-1,-1,-1
235,-1,725.08,385.67,112.14,338.41,2.9536,-1,-1,-1
235,-1,1177.3,331.83,182.79,550.38,2.6762,-1,-1,-1
235,-1,257,385,159,479,2.401,-1,-1,-1
235,-1,434.36,276.78,195.98,589.95,1.775,-1,-1,-1
235,-1,867.73,276.78,195.98,589.95,1.5934,-1,-1,-1
235,-1,625.89,405.34,90.896,274.69,1.5217,-1,-1,-1
235,-1,1046,419,73.643,222.93,0.3238,-1,-1,-1
235,-1,227.27,272.53,225.27,677.82,-0.016956,-1,-1,-1
235,-1,1171,223.86,277.58,834.73,-0.34935,-1,-1,-1
236,-1,725.08,385.67,112.14,338.41,3.1614,-1,-1,-1
236,-1,1167.1,343.97,170.48,513.45,2.7238,-1,-1,-1
236,-1,241.08,343.97,170.48,513.45,2.3619,-1,-1,-1
236,-1,613.25,402.13,104.56,315.68,1.8143,-1,-1,-1
236,-1,867.73,276.78,195.98,589.95,1.59,-1,-1,-1
236,-1,394.97,276.78,195.98,589.95,1.1747,-1,-1,-1
236,-1,1144.7,260.92,258.92,778.76,0.29337,-1,-1,-1
236,-1,1046,419,73.643,222.93,0.19749,-1,-1,-1
236,-1,182.02,385.67,112.14,338.41,0.17442,-1,-1,-1
236,-1,1625,965,19,59,-0.20003,-1,-1,-1
236,-1,572.83,572.83,128.96,388.88,-0.43549,-1,-1,-1
236,-1,91.51,476.18,55.569,168.71,-0.47087,-1,-1,-1
237,-1,1167.1,343.97,170.48,513.45,2.7563,-1,-1,-1
237,-1,725.08,385.67,112.14,338.41,2.3103,-1,-1,-1
237,-1,221.55,331.83,182.79,550.38,2.0888,-1,-1,-1
237,-1,611.65,414.66,97.492,294.47,1.3769,-1,-1,-1
237,-1,845.49,254.35,210.12,632.36,1.3567,-1,-1,-1
237,-1,394.97,276.78,195.98,589.95,1.107,-1,-1,-1
237,-1,1029.9,412.56,84.742,256.23,0.59235,-1,-1,-1
237,-1,1144.7,260.92,258.92,778.76,0.15474,-1,-1,-1
237,-1,1621.5,965.6,20.435,63.306,0.095092,-1,-1,-1
237,-1,159.39,385.67,112.14,338.41,-0.030471,-1,-1,-1
237,-1,1853,361.12,41.871,127.61,-0.44716,-1,-1,-1
237,-1,586.01,335.29,138.29,416.86,-0.45796,-1,-1,-1
238,-1,1143.5,316.17,195.98,589.95,2.6877,-1,-1,-1
238,-1,702.45,385.67,112.14,338.41,2.6288,-1,-1,-1
238,-1,197.98,316.17,195.98,589.95,1.8416,-1,-1,-1
238,-1,381.02,254.35,210.12,632.36,1.5469,-1,-1,-1
238,-1,592.14,402.13,104.56,315.68,1.5394,-1,-1,-1
238,-1,845.49,296.57,210.12,632.36,1.1363,-1,-1,-1
238,-1,1031.1,433.93,73.643,222.93,0.16532,-1,-1,-1
238,-1,1618.4,965.91,21.974,67.922,-0.076468,-1,-1,-1
238,-1,1849,369,39,119,-0.2206,-1,-1,-1
238,-1,1115.3,223.86,277.58,834.73,-0.27258,-1,-1,-1
238,-1,546.83,572.83,128.96,388.88,-0.3365,-1,-1,-1
239,-1,702.45,385.67,112.14,338.41,2.7927,-1,-1,-1
239,-1,1177.3,331.83,182.79,550.38,2.5005,-1,-1,-1
239,-1,592.14,402.13,104.56,315.68,2.1298,-1,-1,-1
239,-1,184.79,368.58,182.79,550.38,2.032,-1,-1,-1
239,-1,381.02,254.35,210.12,632.36,1.8521,-1,-1,-1
239,-1,845.49,296.57,210.12,632.36,0.81456,-1,-1,-1
239,-1,1031.1,419,73.643,222.93,0.54043,-1,-1,-1
239,-1,1617.2,969.88,20.435,63.306,0.31409,-1,-1,-1
239,-1,1849,369,39,119,-0.12914,-1,-1,-1
239,-1,1087.1,272.53,225.27,677.82,-0.1551,-1,-1,-1
239,-1,80.196,476.18,55.569,168.71,-0.42517,-1,-1,-1
239,-1,317.68,381.02,104.56,315.68,-0.4621,-1,-1,-1
240,-1,702.45,385.67,112.14,338.41,3.5318,-1,-1,-1
240,-1,1143.5,316.17,195.98,589.95,2.7267,-1,-1,-1
240,-1,355.57,276.78,195.98,589.95,2.5639,-1,-1,-1
240,-1,184.79,368.58,182.79,550.38,1.7728,-1,-1,-1
240,-1,591.95,414.66,97.492,294.47,1.5727,-1,-1,-1
240,-1,846.44,331.83,182.79,550.38,1.0212,-1,-1,-1
240,-1,1025,433,79,239,0.19031,-1,-1,-1
240,-1,260.92,208.94,258.92,778.76,-0.013562,-1,-1,-1
240,-1,1841,369,39,119,-0.20364,-1,-1,-1
240,-1,1612.9,969.88,20.435,63.306,-0.28888,-1,-1,-1
240,-1,1115.3,223.86,277.58,834.73,-0.34828,-1,-1,-1
240,-1,558.15,391.01,138.29,416.86,-0.45294,-1,-1,-1
240,-1,1689,937,39,119,-0.48268,-1,-1,-1
241,-1,338.79,254.35,210.12,632.36,2.7319,-1,-1,-1
241,-1,1143.5,316.17,195.98,589.95,2.7161,-1,-1,-1
241,-1,702.45,385.67,112.14,338.41,2.4114,-1,-1,-1
241,-1,572.25,414.66,97.492,294.47,1.966,-1,-1,-1
241,-1,148.03,331.83,182.79,550.38,1.714,-1,-1,-1
241,-1,828.33,316.17,195.98,589.95,1.3262,-1,-1,-1
241,-1,1016.1,433.93,73.643,222.93,0.24201,-1,-1,-1
241,-1,558.15,363.15,138.29,416.86,0.050377,-1,-1,-1
241,-1,104.97,208.94,258.92,778.76,-0.10774,-1,-1,-1
241,-1,61.629,473.9,59.629,180.89,-0.22639,-1,-1,-1
241,-1,1115.3,223.86,277.58,834.73,-0.2537,-1,-1,-1
241,-1,641.73,335.29,138.29,416.86,-0.43362,-1,-1,-1
242,-1,1143.5,316.17,195.98,589.95,2.5054,-1,-1,-1
242,-1,292.02,243.51,241.51,726.54,2.5007,-1,-1,-1
242,-1,679.82,385.67,112.14,338.41,2.1103,-1,-1,-1
242,-1,571.03,402.13,104.56,315.68,2.1093,-1,-1,-1
242,-1,127.67,296.57,210.12,632.36,1.5079,-1,-1,-1
242,-1,846.44,331.83,182.79,550.38,1.3868,-1,-1,-1
242,-1,1016.1,433.93,73.643,222.93,0.28331,-1,-1,-1
242,-1,53.78,486.58,51.78,157.34,0.22401,-1,-1,-1
242,-1,538.43,329.43,148.29,446.86,-0.22767,-1,-1,-1
242,-1,1115.3,223.86,277.58,834.73,-0.33765,-1,-1,-1
242,-1,673,289,159,479,-0.40174,-1,-1,-1
242,-1,973.98,385.67,112.14,338.41,-0.40794,-1,-1,-1
242,-1,168.15,168.15,277.58,834.73,-0.44739,-1,-1,-1
243,-1,1143.5,316.17,195.98,589.95,2.4248,-1,-1,-1
243,-1,680.04,389.02,120.26,362.77,2.2917,-1,-1,-1
243,-1,549.92,402.13,104.56,315.68,2.2525,-1,-1,-1
243,-1,292.02,243.51,241.51,726.54,2.0443,-1,-1,-1
243,-1,119.19,355.57,195.98,589.95,1.8305,-1,-1,-1
243,-1,828.33,316.17,195.98,589.95,1.6028,-1,-1,-1
243,-1,1016.1,433.93,73.643,222.93,0.66977,-1,-1,-1
243,-1,538.43,329.43,148.29,446.86,0.13907,-1,-1,-1
243,-1,46.255,476.18,55.569,168.71,-0.26131,-1,-1,-1
243,-1,1560.5,676.79,128.96,388.88,-0.29767,-1,-1,-1
243,-1,962.71,364.89,128.96,388.88,-0.4424,-1,-1,-1
244,-1,544.06,408.29,112.14,338.41,2.5775,-1,-1,-1
244,-1,655.79,389.02,120.26,362.77,2.2787,-1,-1,-1
244,-1,1143.5,316.17,195.98,589.95,2.1311,-1,-1,-1
244,-1,272.53,227.27,225.27,677.82,2.0497,-1,-1,-1
244,-1,828.33,316.17,195.98,589.95,1.5388,-1,-1,-1
244,-1,85.449,338.79,210.12,632.36,1.4659,-1,-1,-1
244,-1,1001.2,433.93,73.643,222.93,0.18837,-1,-1,-1
244,-1,513,321,159,479,-0.093643,-1,-1,-1
244,-1,687.71,329.43,148.29,446.86,-0.19278,-1,-1,-1
244,-1,1115.3,223.86,277.58,834.73,-0.20037,-1,-1,-1
245,-1,1140.5,331.83,182.79,550.38,2.5953,-1,-1,-1
245,-1,534.53,389.02,120.26,362.77,2.5786,-1,-1,-1
245,-1,655.79,389.02,120.26,362.77,2.3574,-1,-1,-1
245,-1,272.53,227.27,225.27,677.82,2.1617,-1,-1,-1
245,-1,828.33,316.17,195.98,589.95,1.2608,-1,-1,-1
245,-1,79.793,355.57,195.98,589.95,1.107,-1,-1,-1
245,-1,1001.2,433.93,73.643,222.93,0.76028,-1,-1,-1
245,-1,1115.3,223.86,277.58,834.73,0.32922,-1,-1,-1
245,-1,32.668,486.58,51.78,157.34,-0.47368,-1,-1,-1
246,-1,510.28,389.02,120.26,362.77,2.7564,-1,-1,-1
246,-1,1141.1,296.57,210.12,632.36,2.7307,-1,-1,-1
246,-1,655.79,389.02,120.26,362.77,2.2342,-1,-1,-1
246,-1,243.51,243.51,241.51,726.54,1.7162,-1,-1,-1
246,-1,803.26,296.57,210.12,632.36,1.5942,-1,-1,-1
246,-1,1001.2,433.93,73.643,222.93,0.78475,-1,-1,-1
246,-1,43.224,338.79,210.12,632.36,0.75557,-1,-1,-1
246,-1,473.76,197.98,195.98,589.95,-0.35381,-1,-1,-1
246,-1,618.34,275.37,170.48,513.45,-0.39786,-1,-1,-1
247,-1,1140.5,331.83,182.79,550.38,2.5628,-1,-1,-1
247,-1,494.85,390.88,128.96,388.88,2.3211,-1,-1,-1
247,-1,655.79,389.02,120.26,362.77,2.0308,-1,-1,-1
247,-1,803.26,296.57,210.12,632.36,1.996,-1,-1,-1
247,-1,227.27,227.27,225.27,677.82,1.6677,-1,-1,-1
247,-1,43.224,338.79,210.12,632.36,0.88991,-1,-1,-1
247,-1,1115.3,223.86,277.58,834.73,0.10162,-1,-1,-1
247,-1,478.86,221.55,182.79,550.38,-0.014991,-1,-1,-1
247,-1,1001.2,433.93,73.643,222.93,-0.018873,-1,-1,-1
247,-1,598.14,329.43,148.29,446.86,-0.047261,-1,-1,-1
247,-1,193,193,319,959,-0.47959,-1,-1,-1
248,-1,631.54,389.02,120.26,362.77,2.5145,-1,-1,-1
248,-1,498.8,408.29,112.14,338.41,2.4337,-1,-1,-1
248,-1,1104.1,316.17,195.98,589.95,2.2788,-1,-1,-1
248,-1,803.26,296.57,210.12,632.36,2.1279,-1,-1,-1
248,-1,195.01,243.51,241.51,726.54,1.846,-1,-1,-1
248,-1,1,338.79,210.12,632.36,0.4093,-1,-1,-1
248,-1,481,321,159,479,0.36454,-1,-1,-1
248,-1,1144.7,260.92,258.92,778.76,0.017382,-1,-1,-1
248,-1,986.28,433.93,73.643,222.93,-0.021622,-1,-1,-1
248,-1,618.34,275.37,170.48,513.45,-0.15109,-1,-1,-1
248,-1,1017.8,627.8,68.644,207.93,-0.43956,-1,-1,-1
249,-1,486.03,389.02,120.26,362.77,2.8936,-1,-1,-1
249,-1,624.81,390.88,128.96,388.88,2.6748,-1,-1,-1
249,-1,1104.1,355.57,195.98,589.95,2.5328,-1,-1,-1
249,-1,788.93,316.17,195.98,589.95,2.2839,-1,-1,-1
249,-1,195.01,243.51,241.51,726.54,1.741,-1,-1,-1
249,-1,1,317.78,225.27,677.82,0.054679,-1,-1,-1
249,-1,481.15,309.67,170.48,513.45,-0.15136,-1,-1,-1
249,-1,1115.3,223.86,277.58,834.73,-0.19301,-1,-1,-1
249,-1,1500,613.25,104.56,315.68,-0.38094,-1,-1,-1
249,-1,986.28,433.93,73.643,222.93,-0.49043,-1,-1,-1
250,-1,634.57,408.29,112.14,338.41,2.3728,-1,-1,-1
250,-1,1104.1,355.57,195.98,589.95,2.1987,-1,-1,-1
250,-1,803.26,296.57,210.12,632.36,2.1545,-1,-1,-1
250,-1,498.8,408.29,112.14,338.41,2.031,-1,-1,-1
250,-1,156.95,208.94,258.92,778.76,1.0691,-1,-1,-1
250,-1,449,353,159,479,0.72437,-1,-1,-1
250,-1,609,321,159,479,0.35049,-1,-1,-1
250,-1,1,338.79,210.12,632.36,0.34119,-1,-1,-1
250,-1,1144.7,260.92,258.92,778.76,-0.036268,-1,-1,-1
250,-1,1795.6,340.52,59.629,180.89,-0.22307,-1,-1,-1
251,-1,468.86,390.88,128.96,388.88,2.6437,-1,-1,-1
251,-1,624.81,390.88,128.96,388.88,2.559,-1,-1,-1
251,-1,788.93,316.17,195.98,589.95,2.4002,-1,-1,-1
251,-1,1104.1,355.57,195.98,589.95,2.2184,-1,-1,-1
251,-1,156.95,208.94,258.92,778.76,1.5546,-1,-1,-1
251,-1,1144.7,260.92,258.92,778.76,0.0083388,-1,-1,-1
251,-1,589.13,295.07,182.79,550.38,-0.11389,-1,-1,-1
251,-1,91.51,408.29,112.14,338.41,-0.2724,-1,-1,-1
251,-1,19.379,295.07,90.896,274.69,-0.36331,-1,-1,-1
251,-1,401.15,801.3,59.629,180.89,-0.36939,-1,-1,-1
251,-1,781.01,279.58,277.58,834.73,-0.41655,-1,-1,-1
252,-1,468.86,416.87,128.96,388.88,2.5916,-1,-1,-1
252,-1,624.81,390.88,128.96,388.88,2.3763,-1,-1,-1
252,-1,788.93,316.17,195.98,589.95,2.3629,-1,-1,-1
252,-1,1104.1,355.57,195.98,589.95,2.2447,-1,-1,-1
252,-1,146.51,243.51,241.51,726.54,1.4214,-1,-1,-1
252,-1,1144.7,260.92,258.92,778.76,0.017535,-1,-1,-1
252,-1,975.7,546.83,63.98,193.94,-0.22347,-1,-1,-1
252,-1,781.01,279.58,277.58,834.73,-0.23564,-1,-1,-1
252,-1,68.882,408.29,112.14,338.41,-0.3322,-1,-1,-1
252,-1,589.13,295.07,182.79,550.38,-0.33763,-1,-1,-1
252,-1,385.67,826.9,55.569,168.71,-0.35833,-1,-1,-1
252,-1,442.1,478.86,44.948,136.84,-0.39597,-1,-1,-1
252,-1,69.594,138.19,341.97,1027.9,-0.47452,-1,-1,-1
252,-1,363.04,679.82,112.14,338.41,-0.4954,-1,-1,-1
253,-1,613.87,363.15,138.29,416.86,2.4848,-1,-1,-1
253,-1,461.78,413.27,120.26,362.77,2.467,-1,-1,-1
253,-1,788.93,316.17,195.98,589.95,2.215,-1,-1,-1
253,-1,1104.1,355.57,195.98,589.95,2.0194,-1,-1,-1
253,-1,104.97,208.94,258.92,778.76,1.4063,-1,-1,-1
253,-1,446.86,343.97,170.48,513.45,0.67441,-1,-1,-1
253,-1,1144.7,260.92,258.92,778.76,-0.089498,-1,-1,-1
253,-1,951.35,408.29,112.14,338.41,-0.1277,-1,-1,-1
253,-1,46.255,430.92,112.14,338.41,-0.26642,-1,-1,-1
253,-1,781.01,279.58,277.58,834.73,-0.29162,-1,-1,-1
254,-1,461.78,413.27,120.26,362.77,2.9698,-1,-1,-1
254,-1,598.82,390.88,128.96,388.88,2.8597,-1,-1,-1
254,-1,788.93,316.17,195.98,589.95,2.2822,-1,-1,-1
254,-1,1104.1,355.57,195.98,589.95,2.2302,-1,-1,-1
254,-1,446.86,343.97,170.48,513.45,1.0244,-1,-1,-1
254,-1,60.714,180.14,297.57,894.71,0.8768,-1,-1,-1
254,-1,975.1,460.48,90.896,274.69,-0.12215,-1,-1,-1
254,-1,781.01,279.58,277.58,834.73,-0.14347,-1,-1,-1
254,-1,1115.3,223.86,277.58,834.73,-0.20277,-1,-1,-1
254,-1,589.13,295.07,182.79,550.38,-0.2722,-1,-1,-1
255,-1,468.86,416.87,128.96,388.88,2.6457,-1,-1,-1
255,-1,598.82,390.88,128.96,388.88,2.6294,-1,-1,-1
255,-1,1141.1,338.79,210.12,632.36,2.1289,-1,-1,-1
255,-1,788.93,316.17,195.98,589.95,2.0378,-1,-1,-1
255,-1,56.715,223.86,277.58,834.73,0.98435,-1,-1,-1
255,-1,781.01,279.58,277.58,834.73,0.16377,-1,-1,-1
255,-1,423.24,212.12,210.12,632.36,0.11643,-1,-1,-1
255,-1,589.13,331.83,182.79,550.38,-0.041155,-1,-1,-1
256,-1,468.86,416.87,128.96,388.88,2.9488,-1,-1,-1
256,-1,598.82,390.88,128.96,388.88,2.6091,-1,-1,-1
256,-1,1143.5,355.57,195.98,589.95,1.9205,-1,-1,-1
256,-1,803.26,296.57,210.12,632.36,1.8648,-1,-1,-1
256,-1,56.715,223.86,277.58,834.73,1.2902,-1,-1,-1
256,-1,423.24,212.12,210.12,632.36,0.69542,-1,-1,-1
256,-1,717.79,478.86,44.948,136.84,0.19608,-1,-1,-1
256,-1,1001.2,538.43,73.643,222.93,0.15496,-1,-1,-1
256,-1,589.13,331.83,182.79,550.38,0.087641,-1,-1,-1
257,-1,446.72,418.86,138.29,416.86,3.2762,-1,-1,-1
257,-1,598.82,390.88,128.96,388.88,2.7719,-1,-1,-1
257,-1,1140.5,368.58,182.79,550.38,2.3162,-1,-1,-1
257,-1,828.33,316.17,195.98,589.95,1.8255,-1,-1,-1
257,-1,56.715,223.86,277.58,834.73,1.1772,-1,-1,-1
257,-1,434.36,276.78,195.98,589.95,0.79202,-1,-1,-1
257,-1,1001.2,538.43,73.643,222.93,0.30013,-1,-1,-1
257,-1,1144.7,260.92,258.92,778.76,0.15038,-1,-1,-1
257,-1,721.23,481.15,41.871,127.61,0.099726,-1,-1,-1
257,-1,589.13,331.83,182.79,550.38,-0.055369,-1,-1,-1
257,-1,781.01,446.72,68.644,207.93,-0.064551,-1,-1,-1
257,-1,781.01,279.58,277.58,834.73,-0.18321,-1,-1,-1
258,-1,448.86,389.14,148.29,446.86,3.5475,-1,-1,-1
258,-1,607.29,413.27,120.26,362.77,2.6017,-1,-1,-1
258,-1,1143.5,355.57,195.98,589.95,2.363,-1,-1,-1
258,-1,846.44,331.83,182.79,550.38,1.9318,-1,-1,-1
258,-1,584.04,343.97,170.48,513.45,0.81261,-1,-1,-1
258,-1,1,180.14,297.57,894.71,0.69647,-1,-1,-1
258,-1,408.29,227.27,225.27,677.82,0.38239,-1,-1,-1
258,-1,780.76,260.92,258.92,778.76,0.34422,-1,-1,-1
258,-1,1017.8,544.22,68.644,207.93,-0.046403,-1,-1,-1
258,-1,1005.6,473.76,97.492,294.47,-0.41621,-1,-1,-1
258,-1,1115.3,279.58,277.58,834.73,-0.44561,-1,-1,-1
259,-1,448.86,389.14,148.29,446.86,3.0993,-1,-1,-1
259,-1,598.82,416.87,128.96,388.88,2.5178,-1,-1,-1
259,-1,1141.1,338.79,210.12,632.36,2.3458,-1,-1,-1
259,-1,846.44,331.83,182.79,550.38,1.9457,-1,-1,-1
259,-1,995.61,481.15,84.742,256.23,0.53067,-1,-1,-1
259,-1,729.81,481.15,41.871,127.61,0.40382,-1,-1,-1
259,-1,777.28,448.86,73.643,222.93,0.2492,-1,-1,-1
259,-1,780.76,260.92,258.92,778.76,0.21172,-1,-1,-1
259,-1,1,180.14,297.57,894.71,0.20501,-1,-1,-1
259,-1,408.29,227.27,225.27,677.82,0.12175,-1,-1,-1
259,-1,552.38,331.83,182.79,550.38,-0.075734,-1,-1,-1
260,-1,448.86,389.14,148.29,446.86,3.1767,-1,-1,-1
260,-1,598.82,416.87,128.96,388.88,2.6181,-1,-1,-1
260,-1,1141.1,338.79,210.12,632.36,2.2422,-1,-1,-1
260,-1,828.33,316.17,195.98,589.95,1.8621,-1,-1,-1
260,-1,726.98,478.86,44.948,136.84,0.49468,-1,-1,-1
260,-1,993.48,478.86,90.896,274.69,0.21137,-1,-1,-1
260,-1,1,180.14,297.57,894.71,0.19944,-1,-1,-1
260,-1,793.76,455.86,63.98,193.94,-0.10828,-1,-1,-1
260,-1,589.13,331.83,182.79,550.38,-0.16703,-1,-1,-1
260,-1,408.29,227.27,225.27,677.82,-0.18051,-1,-1,-1
260,-1,781.01,279.58,277.58,834.73,-0.43362,-1,-1,-1
261,-1,446.72,391.01,138.29,416.86,2.7978,-1,-1,-1
261,-1,598.82,416.87,128.96,388.88,2.5694,-1,-1,-1
261,-1,828.33,316.17,195.98,589.95,2.5417,-1,-1,-1
261,-1,1143.5,355.57,195.98,589.95,2.0581,-1,-1,-1
261,-1,726.98,478.86,44.948,136.84,0.72293,-1,-1,-1
261,-1,394.97,276.78,195.98,589.95,0.47249,-1,-1,-1
261,-1,993.48,478.86,90.896,274.69,0.42471,-1,-1,-1
261,-1,589.13,331.83,182.79,550.38,-0.047187,-1,-1,-1
261,-1,781.01,460.65,68.644,207.93,-0.11423,-1,-1,-1
261,-1,1,180.14,297.57,894.71,-0.16644,-1,-1,-1
261,-1,781.01,279.58,277.58,834.73,-0.34754,-1,-1,-1
262,-1,598.82,416.87,128.96,388.88,2.9244,-1,-1,-1
262,-1,446.72,391.01,138.29,416.86,2.9178,-1,-1,-1
262,-1,828.33,316.17,195.98,589.95,2.4488,-1,-1,-1
262,-1,1143.5,355.57,195.98,589.95,1.8895,-1,-1,-1
262,-1,729.81,481.15,41.871,127.61,1.1304,-1,-1,-1
262,-1,1031.1,538.43,73.643,222.93,0.82666,-1,-1,-1
262,-1,394.97,276.78,195.98,589.95,0.73248,-1,-1,-1
262,-1,996.61,430.92,112.14,338.41,0.4467,-1,-1,-1
262,-1,552.38,331.83,182.79,550.38,0.12383,-1,-1,-1
262,-1,781.01,279.58,277.58,834.73,-0.2988,-1,-1,-1
262,-1,74.892,792.7,51.78,157.34,-0.36508,-1,-1,-1
262,-1,191.01,296.57,104.56,315.68,-0.45967,-1,-1,-1
263,-1,419,389.14,148.29,446.86,3.0806,-1,-1,-1
263,-1,598.82,416.87,128.96,388.88,2.9173,-1,-1,-1
263,-1,828.33,316.17,195.98,589.95,2.1808,-1,-1,-1
263,-1,1177.3,331.83,182.79,550.38,1.8703,-1,-1,-1
263,-1,74.892,803.26,51.78,157.34,1.0998,-1,-1,-1
263,-1,726.98,478.86,44.948,136.84,0.8707,-1,-1,-1
263,-1,1031.1,538.43,73.643,222.93,0.58322,-1,-1,-1
263,-1,552.38,331.83,182.79,550.38,0.35949,-1,-1,-1
263,-1,381.02,254.35,210.12,632.36,0.24551,-1,-1,-1
263,-1,996.61,430.92,112.14,338.41,0.16168,-1,-1,-1
263,-1,781.01,460.65,68.644,207.93,-0.38266,-1,-1,-1
263,-1,1087.1,317.78,225.27,677.82,-0.45658,-1,-1,-1
264,-1,419,389.14,148.29,446.86,3.2457,-1,-1,-1
264,-1,586.01,391.01,138.29,416.86,3.0157,-1,-1,-1
264,-1,828.33,316.17,195.98,589.95,2.2136,-1,-1,-1
264,-1,1177.3,331.83,182.79,550.38,2.0484,-1,-1,-1
264,-1,729.81,481.15,41.871,127.61,0.99915,-1,-1,-1
264,-1,381.02,254.35,210.12,632.36,0.56702,-1,-1,-1
264,-1,1031.1,538.43,73.643,222.93,0.47416,-1,-1,-1
264,-1,1014.4,444.35,104.56,315.68,0.13659,-1,-1,-1
264,-1,962.71,390.88,128.96,388.88,-0.16414,-1,-1,-1
264,-1,777.28,448.86,73.643,222.93,-0.2067,-1,-1,-1
264,-1,781.01,168.15,277.58,834.73,-0.36075,-1,-1,-1
264,-1,552.55,276.78,195.98,589.95,-0.3881,-1,-1,-1
264,-1,60.095,808.63,48.246,146.74,-0.45724,-1,-1,-1
265,-1,586.01,391.01,138.29,416.86,3.1571,-1,-1,-1
265,-1,419,389.14,148.29,446.86,3.1508,-1,-1,-1
265,-1,1177.3,331.83,182.79,550.38,2.1858,-1,-1,-1
265,-1,803.26,296.57,210.12,632.36,2.1525,-1,-1,-1
265,-1,729.81,472.58,41.871,127.61,1.0368,-1,-1,-1
265,-1,381.02,254.35,210.12,632.36,0.63733,-1,-1,-1
265,-1,1019.2,430.92,112.14,338.41,0.30267,-1,-1,-1
265,-1,515.45,343.97,170.48,513.45,0.20807,-1,-1,-1
265,-1,962.71,390.88,128.96,388.88,-0.073259,-1,-1,-1
265,-1,715.78,494.85,63.98,193.94,-0.36853,-1,-1,-1
266,-1,419,389.14,148.29,446.86,3.0549,-1,-1,-1
266,-1,568.28,359.28,148.29,446.86,2.7665,-1,-1,-1
266,-1,1177.3,331.83,182.79,550.38,2.2232,-1,-1,-1
266,-1,828.33,316.17,195.98,589.95,2.1292,-1,-1,-1
266,-1,729.81,472.58,41.871,127.61,1.01,-1,-1,-1
266,-1,381.02,254.35,210.12,632.36,0.80529,-1,-1,-1
266,-1,1019.2,430.92,112.14,338.41,0.64353,-1,-1,-1
266,-1,777.28,448.86,73.643,222.93,0.46862,-1,-1,-1
266,-1,962.71,390.88,128.96,388.88,-0.012141,-1,-1,-1
266,-1,1222.9,317.78,225.27,677.82,-0.20152,-1,-1,-1
266,-1,591.95,316.17,195.98,589.95,-0.22937,-1,-1,-1
266,-1,781.01,168.15,277.58,834.73,-0.39983,-1,-1,-1
267,-1,568.28,359.28,148.29,446.86,2.7978,-1,-1,-1
267,-1,419,389.14,148.29,446.86,2.3956,-1,-1,-1
267,-1,1182.9,316.17,195.98,589.95,2.2741,-1,-1,-1
267,-1,828.33,316.17,195.98,589.95,2.155,-1,-1,-1
267,-1,381.02,254.35,210.12,632.36,0.84155,-1,-1,-1
267,-1,717.79,469.67,44.948,136.84,0.73888,-1,-1,-1
267,-1,785,433,79,239,0.54375,-1,-1,-1
267,-1,996.61,408.29,112.14,338.41,0.37526,-1,-1,-1
267,-1,507.69,212.12,210.12,632.36,-0.14659,-1,-1,-1
267,-1,1171,279.58,277.58,834.73,-0.36773,-1,-1,-1
268,-1,568.28,359.28,148.29,446.86,2.7939,-1,-1,-1
268,-1,418.86,391.01,138.29,416.86,2.588,-1,-1,-1
268,-1,1177.3,331.83,182.79,550.38,2.3579,-1,-1,-1
268,-1,828.33,316.17,195.98,589.95,2.2104,-1,-1,-1
268,-1,394.97,276.78,195.98,589.95,1.1276,-1,-1,-1
268,-1,721.23,472.58,41.871,127.61,0.94418,-1,-1,-1
268,-1,785,433,79,239,0.71051,-1,-1,-1
268,-1,507.69,212.12,210.12,632.36,0.14017,-1,-1,-1
268,-1,1019.2,408.29,112.14,338.41,0.13354,-1,-1,-1
268,-1,962.71,390.88,128.96,388.88,-0.26386,-1,-1,-1
268,-1,1171,279.58,277.58,834.73,-0.31375,-1,-1,-1
269,-1,389.14,389.14,148.29,446.86,3.0715,-1,-1,-1
269,-1,568.28,359.28,148.29,446.86,2.6132,-1,-1,-1
269,-1,1177.3,331.83,182.79,550.38,2.0403,-1,-1,-1
269,-1,828.33,316.17,195.98,589.95,1.9055,-1,-1,-1
269,-1,721.23,472.58,41.871,127.61,1.1261,-1,-1,-1
269,-1,381.02,296.57,210.12,632.36,1.0305,-1,-1,-1
269,-1,785,433,79,239,0.43698,-1,-1,-1
269,-1,507.69,212.12,210.12,632.36,0.258,-1,-1,-1
269,-1,995.31,389.02,120.26,362.77,0.03539,-1,-1,-1
269,-1,1475.8,232.5,41.871,127.61,-0.05631,-1,-1,-1
270,-1,378.26,343.97,170.48,513.45,2.8527,-1,-1,-1
270,-1,545,353,159,479,2.1512,-1,-1,-1
270,-1,1182.9,316.17,195.98,589.95,2.0596,-1,-1,-1
270,-1,828.33,316.17,195.98,589.95,1.7732,-1,-1,-1
270,-1,717.79,460.48,44.948,136.84,1.4235,-1,-1,-1
270,-1,785,433,79,239,0.53467,-1,-1,-1
270,-1,498.8,182.02,225.27,677.82,0.10424,-1,-1,-1
270,-1,296.57,254.35,210.12,632.36,-0.043485,-1,-1,-1
270,-1,995.31,389.02,120.26,362.77,-0.089223,-1,-1,-1
270,-1,389.02,243.51,241.51,726.54,-0.19527,-1,-1,-1
270,-1,1471.3,230.74,44.948,136.84,-0.44515,-1,-1,-1
270,-1,946.52,473.76,195.98,589.95,-0.48197,-1,-1,-1
271,-1,353,353,159,479,2.7504,-1,-1,-1
271,-1,545,353,159,479,2.2849,-1,-1,-1
271,-1,1182.9,316.17,195.98,589.95,2.0736,-1,-1,-1
271,-1,828.33,316.17,195.98,589.95,1.6606,-1,-1,-1
271,-1,717.79,460.48,44.948,136.84,1.1078,-1,-1,-1
271,-1,772.68,429.71,84.742,256.23,0.98041,-1,-1,-1
271,-1,363.04,272.53,225.27,677.82,0.97738,-1,-1,-1
271,-1,498.8,182.02,225.27,677.82,0.49172,-1,-1,-1
271,-1,1019.2,408.29,112.14,338.41,-0.23651,-1,-1,-1
271,-1,1171,223.86,277.58,834.73,-0.4437,-1,-1,-1
271,-1,962.71,364.89,128.96,388.88,-0.46157,-1,-1,-1
272,-1,343.97,343.97,170.48,513.45,2.982,-1,-1,-1
272,-1,545,321,159,479,2.6175,-1,-1,-1
272,-1,1141.1,296.57,210.12,632.36,1.9917,-1,-1,-1
272,-1,828.33,316.17,195.98,589.95,1.4875,-1,-1,-1
272,-1,772.68,412.56,84.742,256.23,1.0838,-1,-1,-1
272,-1,712.66,455.43,41.871,127.61,0.77423,-1,-1,-1
272,-1,498.8,182.02,225.27,677.82,0.33025,-1,-1,-1
272,-1,312.9,208.94,258.92,778.76,-0.046654,-1,-1,-1
272,-1,1171,223.86,277.58,834.73,-0.18144,-1,-1,-1
272,-1,995.31,389.02,120.26,362.77,-0.31907,-1,-1,-1
273,-1,343.97,343.97,170.48,513.45,3.2636,-1,-1,-1
273,-1,515.45,309.67,170.48,513.45,2.7828,-1,-1,-1
273,-1,1182.9,316.17,195.98,589.95,2.0456,-1,-1,-1
273,-1,809.68,295.07,182.79,550.38,1.6849,-1,-1,-1
273,-1,769,417,79,239,0.59818,-1,-1,-1
273,-1,312.9,208.94,258.92,778.76,0.52005,-1,-1,-1
273,-1,936.71,364.89,128.96,388.88,0.44221,-1,-1,-1
273,-1,712.66,455.43,41.871,127.61,0.36846,-1,-1,-1
273,-1,1115.3,223.86,277.58,834.73,0.0094529,-1,-1,-1
273,-1,780.76,156.95,258.92,778.76,-0.23168,-1,-1,-1
273,-1,468.86,156.95,258.92,778.76,-0.24934,-1,-1,-1
273,-1,995.61,875.57,41.871,127.61,-0.40068,-1,-1,-1
273,-1,1031.1,687.71,73.643,222.93,-0.42514,-1,-1,-1
274,-1,331.83,295.07,182.79,550.38,2.6204,-1,-1,-1
274,-1,515.62,295.07,182.79,550.38,2.4832,-1,-1,-1
274,-1,1177.3,295.07,182.79,550.38,2.1368,-1,-1,-1
274,-1,828.33,276.78,195.98,589.95,1.6807,-1,-1,-1
274,-1,699.41,442.1,44.948,136.84,0.99441,-1,-1,-1
274,-1,1115.3,223.86,277.58,834.73,0.29188,-1,-1,-1
274,-1,769,417,79,239,0.2032,-1,-1,-1
274,-1,312.9,208.94,258.92,778.76,-0.013082,-1,-1,-1
274,-1,988.7,390.88,128.96,388.88,-0.21316,-1,-1,-1
274,-1,468.86,156.95,258.92,778.76,-0.23316,-1,-1,-1
275,-1,1177.3,295.07,182.79,550.38,2.6621,-1,-1,-1
275,-1,295.07,295.07,182.79,550.38,2.3787,-1,-1,-1
275,-1,515.45,309.67,170.48,513.45,2.2764,-1,-1,-1
275,-1,803.26,254.35,210.12,632.36,1.5209,-1,-1,-1
275,-1,695.51,438.28,41.871,127.61,1.1134,-1,-1,-1
275,-1,1115.3,223.86,277.58,834.73,0.62956,-1,-1,-1
275,-1,437.53,146.51,241.51,726.54,0.023899,-1,-1,-1
275,-1,755.53,395.41,84.742,256.23,-0.026665,-1,-1,-1
275,-1,312.9,208.94,258.92,778.76,-0.30321,-1,-1,-1
275,-1,1043.8,401.15,59.629,180.89,-0.32787,-1,-1,-1
275,-1,1003.9,363.15,138.29,416.86,-0.39867,-1,-1,-1
276,-1,295.07,295.07,182.79,550.38,2.5639,-1,-1,-1
276,-1,1177.3,295.07,182.79,550.38,2.5138,-1,-1,-1
276,-1,515.45,309.67,170.48,513.45,1.957,-1,-1,-1
276,-1,803.26,254.35,210.12,632.36,1.3897,-1,-1,-1
276,-1,437.53,146.51,241.51,726.54,0.50978,-1,-1,-1
276,-1,690.22,432.91,44.948,136.84,0.50404,-1,-1,-1
276,-1,1087.1,272.53,225.27,677.82,0.44863,-1,-1,-1
276,-1,260.92,156.95,258.92,778.76,-0.0035558,-1,-1,-1
276,-1,988.7,364.89,128.96,388.88,-0.056928,-1,-1,-1
276,-1,1135.6,180.14,297.57,894.71,-0.36924,-1,-1,-1
276,-1,753,401,79,239,-0.37686,-1,-1,-1
276,-1,110.13,752.8,59.629,180.89,-0.49506,-1,-1,-1
277,-1,1143.5,276.78,195.98,589.95,2.7795,-1,-1,-1
277,-1,276.78,276.78,195.98,589.95,2.5187,-1,-1,-1
277,-1,788.93,276.78,195.98,589.95,1.6938,-1,-1,-1
277,-1,473.76,276.78,195.98,589.95,1.5859,-1,-1,-1
277,-1,1115.3,223.86,277.58,834.73,0.40633,-1,-1,-1
277,-1,988.7,364.89,128.96,388.88,0.29475,-1,-1,-1
277,-1,681.03,423.72,44.948,136.84,0.14274,-1,-1,-1
277,-1,312.9,156.95,258.92,778.76,-0.010248,-1,-1,-1
277,-1,781.01,223.86,277.58,834.73,-0.11406,-1,-1,-1
277,-1,52.445,832.7,41.871,127.61,-0.36176,-1,-1,-1
277,-1,446.72,1,277.58,834.73,-0.41085,-1,-1,-1
278,-1,1143.5,276.78,195.98,589.95,3.1715,-1,-1,-1
278,-1,258.31,295.07,182.79,550.38,2.3167,-1,-1,-1
278,-1,478.86,295.07,182.79,550.38,1.9412,-1,-1,-1
278,-1,788.93,276.78,195.98,589.95,1.8885,-1,-1,-1
278,-1,988.7,364.89,128.96,388.88,0.45324,-1,-1,-1
278,-1,416.87,104.97,258.92,778.76,0.45157,-1,-1,-1
278,-1,1115.3,223.86,277.58,834.73,0.45077,-1,-1,-1
278,-1,208.94,104.97,258.92,778.76,0.22299,-1,-1,-1
278,-1,678.36,421.14,41.871,127.61,0.18724,-1,-1,-1
278,-1,737,385,79,239,-0.061391,-1,-1,-1
279,-1,1143.5,276.78,195.98,589.95,2.8203,-1,-1,-1
279,-1,258.31,258.31,182.79,550.38,2.3328,-1,-1,-1
279,-1,788.93,237.38,195.98,589.95,1.8599,-1,-1,-1
279,-1,473.76,237.38,195.98,589.95,1.7834,-1,-1,-1
279,-1,260.92,156.95,258.92,778.76,0.8007,-1,-1,-1
279,-1,976.02,335.29,138.29,416.86,0.61069,-1,-1,-1
279,-1,1115.3,223.86,277.58,834.73,0.06465,-1,-1,-1
279,-1,391.01,112.43,277.58,834.73,-0.042403,-1,-1,-1
279,-1,670.74,404.82,48.246,146.74,-0.13244,-1,-1,-1
279,-1,732.5,389.14,73.643,222.93,-0.39191,-1,-1,-1
280,-1,478.86,258.31,182.79,550.38,2.3248,-1,-1,-1
280,-1,1143.5,276.78,195.98,589.95,2.254,-1,-1,-1
280,-1,237.38,237.38,195.98,589.95,2.2372,-1,-1,-1
280,-1,788.93,237.38,195.98,589.95,1.7284,-1,-1,-1
280,-1,976.02,335.29,138.29,416.86,0.84374,-1,-1,-1
280,-1,416.87,104.97,258.92,778.76,0.58661,-1,-1,-1
280,-1,1115.3,168.15,277.58,834.73,0.3869,-1,-1,-1
280,-1,737,369,79,239,-0.034724,-1,-1,-1
280,-1,669.79,403.99,41.871,127.61,-0.058483,-1,-1,-1
280,-1,1673,702.64,73.643,222.93,-0.16186,-1,-1,-1
280,-1,929,449,159,479,-0.35535,-1,-1,-1
281,-1,221.55,258.31,182.79,550.38,2.5583,-1,-1,-1
281,-1,478.86,258.31,182.79,550.38,2.5558,-1,-1,-1
281,-1,1143.5,237.38,195.98,589.95,2.1627,-1,-1,-1
281,-1,788.93,237.38,195.98,589.95,1.7115,-1,-1,-1
281,-1,1115.3,168.15,277.58,834.73,1.0243,-1,-1,-1
281,-1,976.02,335.29,138.29,416.86,0.74821,-1,-1,-1
281,-1,416.87,104.97,258.92,778.76,0.71939,-1,-1,-1
281,-1,662.65,396.15,44.948,136.84,0.65903,-1,-1,-1
281,-1,272.53,182.02,225.27,677.82,0.10149,-1,-1,-1
281,-1,781.01,168.15,277.58,834.73,-0.31047,-1,-1,-1
281,-1,737,369,79,239,-0.36255,-1,-1,-1
282,-1,1143.5,237.38,195.98,589.95,2.5643,-1,-1,-1
282,-1,465.47,212.12,210.12,632.36,2.414,-1,-1,-1
282,-1,221.55,258.31,182.79,550.38,1.9839,-1,-1,-1
282,-1,761.04,212.12,210.12,632.36,1.5856,-1,-1,-1
282,-1,1115.3,168.15,277.58,834.73,1.3263,-1,-1,-1
282,-1,662.65,386.96,44.948,136.84,1.0128,-1,-1,-1
282,-1,976.02,307.43,138.29,416.86,0.90638,-1,-1,-1
282,-1,168.15,56.715,277.58,834.73,0.16383,-1,-1,-1
282,-1,364.89,104.97,258.92,778.76,-0.097823,-1,-1,-1
282,-1,692.17,704.29,59.629,180.89,-0.47967,-1,-1,-1
283,-1,1141.1,212.12,210.12,632.36,2.3798,-1,-1,-1
283,-1,465.47,169.9,210.12,632.36,2.3797,-1,-1,-1
283,-1,212.12,212.12,210.12,632.36,2.3065,-1,-1,-1
283,-1,772.93,221.55,182.79,550.38,1.3782,-1,-1,-1
283,-1,988.7,338.9,128.96,388.88,0.74089,-1,-1,-1
283,-1,662.65,377.77,44.948,136.84,0.47707,-1,-1,-1
283,-1,1135.6,120.43,297.57,894.71,0.029956,-1,-1,-1
283,-1,364.89,104.97,258.92,778.76,0.024611,-1,-1,-1
283,-1,728.78,104.97,258.92,778.76,-0.081036,-1,-1,-1
283,-1,120.43,60.714,297.57,894.71,-0.38399,-1,-1,-1
283,-1,657.2,487.49,55.569,168.71,-0.49395,-1,-1,-1
284,-1,1143.5,237.38,195.98,589.95,2.5297,-1,-1,-1
284,-1,453.55,136.76,225.27,677.82,2.0434,-1,-1,-1
284,-1,197.98,237.38,195.98,589.95,1.8144,-1,-1,-1
284,-1,788.93,197.98,195.98,589.95,1.118,-1,-1,-1
284,-1,1115.3,168.15,277.58,834.73,0.90306,-1,-1,-1
284,-1,669.79,378.26,41.871,127.61,0.47476,-1,-1,-1
284,-1,1003.9,307.43,138.29,416.86,0.45526,-1,-1,-1
284,-1,996.61,657.2,112.14,338.41,-0.45059,-1,-1,-1
284,-1,717.79,331.83,90.896,274.69,-0.45964,-1,-1,-1
285,-1,434.36,197.98,195.98,589.95,2.4273,-1,-1,-1
285,-1,182.02,182.02,225.27,677.82,2.3801,-1,-1,-1
285,-1,1141.1,212.12,210.12,632.36,2.1037,-1,-1,-1
285,-1,788.93,197.98,195.98,589.95,1.0241,-1,-1,-1
285,-1,662.65,368.58,44.948,136.84,0.59329,-1,-1,-1
285,-1,995.31,340.52,120.26,362.77,0.26889,-1,-1,-1
285,-1,1135.6,120.43,297.57,894.71,0.17032,-1,-1,-1
285,-1,717.79,331.83,90.896,274.69,0.073311,-1,-1,-1
285,-1,446.72,56.715,277.58,834.73,-0.24129,-1,-1,-1
285,-1,961.31,241.08,170.48,513.45,-0.45677,-1,-1,-1
286,-1,434.36,197.98,195.98,589.95,2.4496,-1,-1,-1
286,-1,182.02,182.02,225.27,677.82,2.2053,-1,-1,-1
286,-1,1141.1,212.12,210.12,632.36,2.1308,-1,-1,-1
286,-1,788.93,197.98,195.98,589.95,1.3138,-1,-1,-1
286,-1,660.89,355.57,48.246,146.74,0.44578,-1,-1,-1
286,-1,721.23,326.82,84.742,256.23,0.3397,-1,-1,-1
286,-1,1135.6,120.43,297.57,894.71,0.25521,-1,-1,-1
286,-1,986.28,269.71,148.29,446.86,0.12644,-1,-1,-1
286,-1,446.72,56.715,277.58,834.73,-0.1307,-1,-1,-1
287,-1,423.24,169.9,210.12,632.36,2.3645,-1,-1,-1
287,-1,1183.3,212.12,210.12,632.36,2.3014,-1,-1,-1
287,-1,169.9,169.9,210.12,632.36,1.7863,-1,-1,-1
287,-1,788.93,197.98,195.98,589.95,1.0965,-1,-1,-1
287,-1,662.65,350.2,44.948,136.84,0.84176,-1,-1,-1
287,-1,1135.6,120.43,297.57,894.71,0.36608,-1,-1,-1
287,-1,1003.9,307.43,138.29,416.86,0.10415,-1,-1,-1
287,-1,737,337,79,239,-0.2948,-1,-1,-1
287,-1,180.14,60.714,297.57,894.71,-0.44638,-1,-1,-1
287,-1,668.51,464.86,55.569,168.71,-0.4722,-1,-1,-1
287,-1,359.28,1,297.57,894.71,-0.47254,-1,-1,-1
288,-1,1182.9,197.98,195.98,589.95,2.3403,-1,-1,-1
288,-1,434.36,158.59,195.98,589.95,2.2275,-1,-1,-1
288,-1,156.95,104.97,258.92,778.76,1.812,-1,-1,-1
288,-1,671.84,341.01,44.948,136.84,0.85392,-1,-1,-1
288,-1,788.93,197.98,195.98,589.95,0.82137,-1,-1,-1
288,-1,1014.7,312.9,128.96,388.88,0.65483,-1,-1,-1
288,-1,1171,168.15,277.58,834.73,0.56841,-1,-1,-1
288,-1,721.23,309.67,84.742,256.23,-0.28323,-1,-1,-1
288,-1,446.72,56.715,277.58,834.73,-0.43151,-1,-1,-1
288,-1,412.56,241.08,20.435,63.306,-0.45342,-1,-1,-1
289,-1,1183.3,169.9,210.12,632.36,2.7115,-1,-1,-1
289,-1,423.24,127.67,210.12,632.36,2.583,-1,-1,-1
289,-1,156.95,104.97,258.92,778.76,2.1006,-1,-1,-1
289,-1,809.68,184.79,182.79,550.38,1.1279,-1,-1,-1
289,-1,1019.6,316.27,120.26,362.77,0.57146,-1,-1,-1
289,-1,671.84,341.01,44.948,136.84,0.53824,-1,-1,-1
289,-1,1135.6,120.43,297.57,894.71,0.44804,-1,-1,-1
289,-1,737,305,79,239,0.18009,-1,-1,-1
289,-1,1547.5,208.94,63.98,193.94,0.020701,-1,-1,-1
289,-1,359.28,1,297.57,894.71,-0.085123,-1,-1,-1
289,-1,780.76,156.95,258.92,778.76,-0.22767,-1,-1,-1
289,-1,995.61,241.08,170.48,513.45,-0.42022,-1,-1,-1
290,-1,408.29,136.76,225.27,677.82,2.6857,-1,-1,-1
290,-1,136.76,136.76,225.27,677.82,2.2659,-1,-1,-1
290,-1,1182.9,197.98,195.98,589.95,2.2365,-1,-1,-1
290,-1,809.68,184.79,182.79,550.38,1.1596,-1,-1,-1
290,-1,1171,112.43,277.58,834.73,0.58946,-1,-1,-1
290,-1,736.17,295.07,90.896,274.69,0.46792,-1,-1,-1
290,-1,681.03,331.83,44.948,136.84,0.17569,-1,-1,-1
290,-1,780.76,156.95,258.92,778.76,0.13346,-1,-1,-1
290,-1,1016.1,269.71,148.29,446.86,0.10636,-1,-1,-1
290,-1,65,1,319,959,-0.082479,-1,-1,-1
291,-1,136.76,136.76,225.27,677.82,2.3989,-1,-1,-1
291,-1,408.29,136.76,225.27,677.82,2.3796,-1,-1,-1
291,-1,1183.3,169.9,210.12,632.36,2.2362,-1,-1,-1
291,-1,803.26,169.9,210.12,632.36,1.3154,-1,-1,-1
291,-1,738.38,275.37,84.742,256.23,0.56019,-1,-1,-1
291,-1,1031.7,279.58,138.29,416.86,0.23008,-1,-1,-1
291,-1,1135.6,120.43,297.57,894.71,0.18265,-1,-1,-1
291,-1,686.94,326.82,41.871,127.61,0.022437,-1,-1,-1
291,-1,697.44,655.65,68.644,207.93,-0.2807,-1,-1,-1
291,-1,836.73,112.43,277.58,834.73,-0.48608,-1,-1,-1
292,-1,98.006,146.51,241.51,726.54,2.6799,-1,-1,-1
292,-1,408.29,136.76,225.27,677.82,2.3352,-1,-1,-1
292,-1,1183.3,169.9,210.12,632.36,1.9311,-1,-1,-1
292,-1,815.59,136.76,225.27,677.82,1.0681,-1,-1,-1
292,-1,1195.3,120.43,297.57,894.71,0.33082,-1,-1,-1
292,-1,738.38,275.37,84.742,256.23,0.31025,-1,-1,-1
292,-1,1046,239.86,148.29,446.86,0.034513,-1,-1,-1
292,-1,690.22,322.64,44.948,136.84,-0.34232,-1,-1,-1
293,-1,104.97,104.97,258.92,778.76,2.609,-1,-1,-1
293,-1,408.29,136.76,225.27,677.82,2.5617,-1,-1,-1
293,-1,1183.3,169.9,210.12,632.36,1.8578,-1,-1,-1
293,-1,736.17,276.69,90.896,274.69,1.2946,-1,-1,-1
293,-1,828.33,158.59,195.98,589.95,1.0974,-1,-1,-1
293,-1,1029.9,206.78,170.48,513.45,0.5667,-1,-1,-1
293,-1,1195.3,120.43,297.57,894.71,0.41268,-1,-1,-1
293,-1,781.01,112.43,277.58,834.73,0.16872,-1,-1,-1
293,-1,385,-63,319,959,-0.020588,-1,-1,-1
294,-1,98.006,146.51,241.51,726.54,2.7127,-1,-1,-1
294,-1,408.29,136.76,225.27,677.82,2.5869,-1,-1,-1
294,-1,1222.9,136.76,225.27,677.82,2.0277,-1,-1,-1
294,-1,828.33,158.59,195.98,589.95,1.7139,-1,-1,-1
294,-1,754.55,276.69,90.896,274.69,1.417,-1,-1,-1
294,-1,1057,225,159,479,0.46117,-1,-1,-1
294,-1,385,1,319,959,0.16231,-1,-1,-1
294,-1,1153,65,319,959,-0.048619,-1,-1,-1
294,-1,781.01,112.43,277.58,834.73,-0.12028,-1,-1,-1
294,-1,1770,896.98,21.974,67.922,-0.21796,-1,-1,-1
294,-1,695.51,343.97,41.871,127.61,-0.47596,-1,-1,-1
295,-1,98.006,146.51,241.51,726.54,2.5928,-1,-1,-1
295,-1,1225.5,169.9,210.12,632.36,2.5212,-1,-1,-1
295,-1,423.24,127.67,210.12,632.36,2.4193,-1,-1,-1
295,-1,828.33,158.59,195.98,589.95,1.6253,-1,-1,-1
295,-1,754.55,276.69,90.896,274.69,0.96876,-1,-1,-1
295,-1,1064.2,206.78,170.48,513.45,0.9517,-1,-1,-1
295,-1,359.28,60.714,297.57,894.71,0.79601,-1,-1,-1
295,-1,1195.3,120.43,297.57,894.71,0.21521,-1,-1,-1
295,-1,1778.8,897.27,23.623,72.869,-0.027075,-1,-1,-1
295,-1,836.73,112.43,277.58,834.73,-0.32449,-1,-1,-1
296,-1,408.29,136.76,225.27,677.82,2.8467,-1,-1,-1
296,-1,1222.9,136.76,225.27,677.82,2.7462,-1,-1,-1
296,-1,52.984,104.97,258.92,778.76,2.2389,-1,-1,-1
296,-1,828.33,158.59,195.98,589.95,1.7011,-1,-1,-1
296,-1,1067,184.79,182.79,550.38,0.80423,-1,-1,-1
296,-1,754.55,276.69,90.896,274.69,0.7935,-1,-1,-1
296,-1,385,1,319,959,0.43745,-1,-1,-1
296,-1,1788.4,901.58,21.974,67.922,0.17294,-1,-1,-1
296,-1,1087.4,725.3,68.644,207.93,-0.20076,-1,-1,-1
296,-1,168.15,56.715,277.58,834.73,-0.29798,-1,-1,-1
296,-1,836.73,112.43,277.58,834.73,-0.33269,-1,-1,-1
297,-1,408.29,136.76,225.27,677.82,2.8842,-1,-1,-1
297,-1,52.984,104.97,258.92,778.76,2.3425,-1,-1,-1
297,-1,1225.5,169.9,210.12,632.36,2.2652,-1,-1,-1
297,-1,846.44,184.79,182.79,550.38,1.4876,-1,-1,-1
297,-1,772.93,276.69,90.896,274.69,1.2476,-1,-1,-1
297,-1,1064.7,197.98,195.98,589.95,1.1442,-1,-1,-1
297,-1,385,1,319,959,0.57912,-1,-1,-1
297,-1,1195.3,60.714,297.57,894.71,0.017115,-1,-1,-1
297,-1,168.15,56.715,277.58,834.73,-0.12287,-1,-1,-1
297,-1,1798.5,902.2,23.623,72.869,-0.13987,-1,-1,-1
297,-1,836.73,112.43,277.58,834.73,-0.14892,-1,-1,-1
298,-1,364.89,104.97,258.92,778.76,3.3058,-1,-1,-1
298,-1,52.984,104.97,258.92,778.76,3.0249,-1,-1,-1
298,-1,1225.5,169.9,210.12,632.36,2.2401,-1,-1,-1
298,-1,846.44,184.79,182.79,550.38,1.6127,-1,-1,-1
298,-1,1067,221.55,182.79,550.38,1.2264,-1,-1,-1
298,-1,772.93,276.69,90.896,274.69,0.84426,-1,-1,-1
298,-1,600.63,306.47,55.569,168.71,0.13593,-1,-1,-1
298,-1,168.15,56.715,277.58,834.73,-0.038801,-1,-1,-1
298,-1,1803.4,902.2,23.623,72.869,-0.043593,-1,-1,-1
298,-1,1255,120.43,297.57,894.71,-0.087924,-1,-1,-1
298,-1,836.73,112.43,277.58,834.73,-0.39473,-1,-1,-1
298,-1,1101.4,739.23,68.644,207.93,-0.42123,-1,-1,-1
299,-1,389.02,98.006,241.51,726.54,2.9902,-1,-1,-1
299,-1,52.984,104.97,258.92,778.76,2.2079,-1,-1,-1
299,-1,867.73,158.59,195.98,589.95,2.0006,-1,-1,-1
299,-1,1267.7,169.9,210.12,632.36,1.8986,-1,-1,-1
299,-1,1064.7,197.98,195.98,589.95,1.4161,-1,-1,-1
299,-1,772.93,276.69,90.896,274.69,0.70247,-1,-1,-1
299,-1,343.97,-67.594,341.97,1027.9,-0.085374,-1,-1,-1
299,-1,1255,120.43,297.57,894.71,-0.24105,-1,-1,-1
299,-1,212.12,254.35,210.12,632.36,-0.40218,-1,-1,-1
299,-1,962.67,668.51,55.569,168.71,-0.44766,-1,-1,-1
299,-1,1813.2,907.12,23.623,72.869,-0.45753,-1,-1,-1
300,-1,335.29,56.715,277.58,834.73,3.5117,-1,-1,-1
300,-1,1,60.714,297.57,894.71,2.1874,-1,-1,-1
300,-1,1267.7,169.9,210.12,632.36,2.1056,-1,-1,-1
300,-1,867.73,158.59,195.98,589.95,1.8239,-1,-1,-1
300,-1,1103.8,221.55,182.79,550.38,1.0724,-1,-1,-1
300,-1,789.83,275.37,84.742,256.23,0.62606,-1,-1,-1
300,-1,449,1,319,959,0.058627,-1,-1,-1
300,-1,962.71,663.8,63.98,193.94,-0.41697,-1,-1,-1
300,-1,1255,120.43,297.57,894.71,-0.48302,-1,-1,-1
301,-1,335.29,56.715,277.58,834.73,3.5317,-1,-1,-1
301,-1,1,56.715,277.58,834.73,2.1394,-1,-1,-1
301,-1,1267.7,169.9,210.12,632.36,1.954,-1,-1,-1
301,-1,867.73,158.59,195.98,589.95,1.7939,-1,-1,-1
301,-1,1104.1,197.98,195.98,589.95,1.217,-1,-1,-1
301,-1,791.3,276.69,90.896,274.69,0.81061,-1,-1,-1
301,-1,412.56,1,341.97,1027.9,0.38721,-1,-1,-1
301,-1,962.71,663.8,63.98,193.94,-0.34192,-1,-1,-1
302,-1,335.29,56.715,277.58,834.73,3.9313,-1,-1,-1
302,-1,1268.1,136.76,225.27,677.82,1.792,-1,-1,-1
302,-1,867.73,158.59,195.98,589.95,1.6735,-1,-1,-1
302,-1,1104.1,197.98,195.98,589.95,1.3811,-1,-1,-1
302,-1,1,60.714,297.57,894.71,0.88875,-1,-1,-1
302,-1,788.93,276.78,97.492,294.47,0.69254,-1,-1,-1
302,-1,412.56,1,341.97,1027.9,0.64489,-1,-1,-1
303,-1,321,1,319,959,3.5195,-1,-1,-1
303,-1,1268.1,136.76,225.27,677.82,1.5193,-1,-1,-1
303,-1,867.73,158.59,195.98,589.95,1.4881,-1,-1,-1
303,-1,1103.8,221.55,182.79,550.38,1.1484,-1,-1,-1
303,-1,788.93,276.78,97.492,294.47,1.0104,-1,-1,-1
303,-1,-58.714,60.714,297.57,894.71,0.10727,-1,-1,-1
303,-1,621.5,316.17,48.246,146.74,0.042421,-1,-1,-1
303,-1,962.09,655.65,68.644,207.93,-0.36981,-1,-1,-1
303,-1,1143.5,394.97,195.98,589.95,-0.46098,-1,-1,-1
304,-1,335.29,56.715,277.58,834.73,3.4547,-1,-1,-1
304,-1,1103.8,221.55,182.79,550.38,1.5001,-1,-1,-1
304,-1,867.73,158.59,195.98,589.95,1.3506,-1,-1,-1
304,-1,1262.1,146.51,241.51,726.54,1.2036,-1,-1,-1
304,-1,791.3,276.69,90.896,274.69,0.97703,-1,-1,-1
304,-1,616.7,313.45,44.948,136.84,0.35135,-1,-1,-1
304,-1,412.56,1,341.97,1027.9,0.23526,-1,-1,-1
305,-1,299.57,60.714,297.57,894.71,2.6551,-1,-1,-1
305,-1,867.73,158.59,195.98,589.95,1.4762,-1,-1,-1
305,-1,1103.8,221.55,182.79,550.38,1.4159,-1,-1,-1
305,-1,1310,169.9,210.12,632.36,1.2448,-1,-1,-1
305,-1,791.3,276.69,90.896,274.69,0.84235,-1,-1,-1
305,-1,621.5,316.17,48.246,146.74,0.13144,-1,-1,-1
305,-1,1222.9,544.06,112.14,338.41,-0.39146,-1,-1,-1
305,-1,412.56,1,341.97,1027.9,-0.45233,-1,-1,-1
305,-1,1507.9,444.21,48.246,146.74,-0.49387,-1,-1,-1
306,-1,299.57,60.714,297.57,894.71,2.6845,-1,-1,-1
306,-1,867.73,158.59,195.98,589.95,1.458,-1,-1,-1
306,-1,1104.1,197.98,195.98,589.95,1.2908,-1,-1,-1
306,-1,1267.7,169.9,210.12,632.36,1.1699,-1,-1,-1
306,-1,789.83,292.52,84.742,256.23,1.0029,-1,-1,-1
306,-1,613.25,307.13,51.78,157.34,0.26366,-1,-1,-1
306,-1,254.35,-83.449,421.24,1265.7,-0.0024498,-1,-1,-1
307,-1,299.57,60.714,297.57,894.71,2.6146,-1,-1,-1
307,-1,867.73,158.59,195.98,589.95,1.0849,-1,-1,-1
307,-1,1267.7,169.9,210.12,632.36,1.031,-1,-1,-1
307,-1,613.25,307.13,51.78,157.34,0.56654,-1,-1,-1
307,-1,788.93,276.78,97.492,294.47,0.51491,-1,-1,-1
307,-1,1098.8,169.9,210.12,632.36,0.33958,-1,-1,-1
307,-1,254.35,-83.449,421.24,1265.7,-0.36289,-1,-1,-1
307,-1,1732.7,478.71,36.321,110.96,-0.49698,-1,-1,-1
308,-1,257,1,319,959,2.2587,-1,-1,-1
308,-1,1267.7,169.9,210.12,632.36,1.3988,-1,-1,-1
308,-1,846.44,184.79,182.79,550.38,1.2404,-1,-1,-1
308,-1,611.65,316.17,48.246,146.74,0.59486,-1,-1,-1
308,-1,788.93,276.78,97.492,294.47,0.5632,-1,-1,-1
308,-1,1104.1,197.98,195.98,589.95,0.32556,-1,-1,-1
308,-1,976.02,223.86,138.29,416.86,0.19621,-1,-1,-1
308,-1,1409.4,759.38,48.246,146.74,-0.13717,-1,-1,-1
308,-1,83.706,534,44.948,136.84,-0.27581,-1,-1,-1
308,-1,1537.5,276.78,195.98,589.95,-0.43364,-1,-1,-1
309,-1,257,1,319,959,2.224,-1,-1,-1
309,-1,828.33,158.59,195.98,589.95,1.4857,-1,-1,-1
309,-1,1267.7,169.9,210.12,632.36,1.4315,-1,-1,-1
309,-1,601.8,316.17,48.246,146.74,0.74634,-1,-1,-1
309,-1,976.02,223.86,138.29,416.86,0.37915,-1,-1,-1
309,-1,769.23,276.78,97.492,294.47,0.26011,-1,-1,-1
309,-1,1094.6,341.01,44.948,136.84,-0.14038,-1,-1,-1
309,-1,1068.1,146.51,241.51,726.54,-0.15058,-1,-1,-1
309,-1,837,120.43,297.57,894.71,-0.37652,-1,-1,-1
309,-1,598.14,269.71,73.643,222.93,-0.4933,-1,-1,-1
310,-1,257,1,319,959,1.6381,-1,-1,-1
310,-1,828.33,158.59,195.98,589.95,1.3969,-1,-1,-1
310,-1,1267.7,169.9,210.12,632.36,1.2958,-1,-1,-1
310,-1,602.7,307.13,51.78,157.34,0.62018,-1,-1,-1
310,-1,769.23,276.78,97.492,294.47,0.26512,-1,-1,-1
310,-1,976.02,223.86,138.29,416.86,0.10677,-1,-1,-1
310,-1,1092.7,156.95,258.92,778.76,-0.01448,-1,-1,-1
310,-1,583.21,254.78,73.643,222.93,-0.2316,-1,-1,-1
310,-1,837,120.43,297.57,894.71,-0.48633,-1,-1,-1
311,-1,846.44,184.79,182.79,550.38,1.542,-1,-1,-1
311,-1,239.86,60.714,297.57,894.71,1.532,-1,-1,-1
311,-1,1267.7,169.9,210.12,632.36,1.2351,-1,-1,-1
311,-1,602.7,307.13,51.78,157.34,0.82915,-1,-1,-1
311,-1,583.21,254.78,73.643,222.93,0.5968,-1,-1,-1
311,-1,1092.7,156.95,258.92,778.76,0.2937,-1,-1,-1
311,-1,976.02,223.86,138.29,416.86,0.21166,-1,-1,-1
311,-1,772.93,276.69,90.896,274.69,0.098526,-1,-1,-1
311,-1,182.02,-89.51,451.55,1356.6,-0.16694,-1,-1,-1
311,-1,591.95,178.28,97.492,294.47,-0.17095,-1,-1,-1
311,-1,836.73,112.43,277.58,834.73,-0.43087,-1,-1,-1
312,-1,206.78,1,341.97,1027.9,1.4196,-1,-1,-1
312,-1,828.33,158.59,195.98,589.95,1.3645,-1,-1,-1
312,-1,1267.7,169.9,210.12,632.36,1.2718,-1,-1,-1
312,-1,1076.2,341.01,44.948,136.84,0.5633,-1,-1,-1
312,-1,1059.6,112.43,277.58,834.73,0.41108,-1,-1,-1
312,-1,976.02,223.86,138.29,416.86,0.4082,-1,-1,-1
312,-1,589.31,306.47,55.569,168.71,0.24469,-1,-1,-1
312,-1,772.93,276.69,90.896,274.69,0.20348,-1,-1,-1
312,-1,584.04,241.08,84.742,256.23,-0.10163,-1,-1,-1
312,-1,836.73,112.43,277.58,834.73,-0.3318,-1,-1,-1
312,-1,10.19,589.13,44.948,136.84,-0.37168,-1,-1,-1
313,-1,858.42,172.48,170.48,513.45,1.3253,-1,-1,-1
313,-1,1268.1,136.76,225.27,677.82,1.2698,-1,-1,-1
313,-1,1076.2,341.01,44.948,136.84,0.91571,-1,-1,-1
313,-1,206.78,1,341.97,1027.9,0.88404,-1,-1,-1
313,-1,1116.6,146.51,241.51,726.54,0.74461,-1,-1,-1
313,-1,976.02,223.86,138.29,416.86,0.52561,-1,-1,-1
313,-1,583.21,254.78,73.643,222.93,0.21337,-1,-1,-1
313,-1,782.15,254.35,104.56,315.68,-0.22408,-1,-1,-1
313,-1,832.75,156.95,258.92,778.76,-0.36616,-1,-1,-1
313,-1,571.03,169.9,104.56,315.68,-0.47576,-1,-1,-1
314,-1,1268.1,136.76,225.27,677.82,1.4998,-1,-1,-1
314,-1,828.33,158.59,195.98,589.95,1.3826,-1,-1,-1
314,-1,1076.2,331.83,44.948,136.84,0.91641,-1,-1,-1
314,-1,1116.6,146.51,241.51,726.54,0.76654,-1,-1,-1
314,-1,956.43,210,148.29,446.86,0.43625,-1,-1,-1
314,-1,589.31,295.16,55.569,168.71,0.34996,-1,-1,-1
314,-1,158.59,-77.793,392.97,1180.9,0.051571,-1,-1,-1
314,-1,836.73,112.43,277.58,834.73,-0.19455,-1,-1,-1
314,-1,539.36,307.13,51.78,157.34,-0.21932,-1,-1,-1
314,-1,1222.3,473.76,195.98,589.95,-0.37987,-1,-1,-1
315,-1,828.33,158.59,195.98,589.95,1.8415,-1,-1,-1
315,-1,1261.7,197.98,195.98,589.95,1.7599,-1,-1,-1
315,-1,1076.2,331.83,44.948,136.84,1.4744,-1,-1,-1
315,-1,1092.7,104.97,258.92,778.76,1.1927,-1,-1,-1
315,-1,976.02,223.86,138.29,416.86,0.46546,-1,-1,-1
315,-1,589.31,306.47,55.569,168.71,0.10772,-1,-1,-1
315,-1,824.37,908.82,51.78,157.34,-0.13753,-1,-1,-1
315,-1,148.03,-72.517,366.58,1101.8,-0.14898,-1,-1,-1
315,-1,577,241,79,239,-0.20635,-1,-1,-1
315,-1,836.73,112.43,277.58,834.73,-0.25022,-1,-1,-1
315,-1,1310.6,98.006,241.51,726.54,-0.31347,-1,-1,-1
315,-1,539.36,307.13,51.78,157.34,-0.36717,-1,-1,-1
315,-1,761.04,254.35,104.56,315.68,-0.46777,-1,-1,-1
316,-1,1261.7,197.98,195.98,589.95,1.7126,-1,-1,-1
316,-1,828.33,158.59,195.98,589.95,1.5743,-1,-1,-1
316,-1,1115.3,112.43,277.58,834.73,1.2011,-1,-1,-1
316,-1,1072.8,335.39,41.871,127.61,0.87595,-1,-1,-1
316,-1,956.43,210,148.29,446.86,0.50381,-1,-1,-1
316,-1,589.13,313.45,44.948,136.84,0.39961,-1,-1,-1
316,-1,85.449,-83.449,421.24,1265.7,0.023812,-1,-1,-1
316,-1,761.04,254.35,104.56,315.68,-0.12049,-1,-1,-1
316,-1,836.73,112.43,277.58,834.73,-0.15864,-1,-1,-1
316,-1,585.82,299.91,63.98,193.94,-0.16385,-1,-1,-1
316,-1,1310.6,98.006,241.51,726.54,-0.35023,-1,-1,-1
317,-1,846.44,148.03,182.79,550.38,1.7346,-1,-1,-1
317,-1,1067,331.83,44.948,136.84,1.2898,-1,-1,-1
317,-1,1267.7,169.9,210.12,632.36,1.2281,-1,-1,-1
317,-1,1115.3,112.43,277.58,834.73,0.96225,-1,-1,-1
317,-1,582.1,306.32,48.246,146.74,0.63606,-1,-1,-1
317,-1,956.43,210,148.29,446.86,0.60504,-1,-1,-1
317,-1,836.73,112.43,277.58,834.73,0.040498,-1,-1,-1
317,-1,568.28,254.78,73.643,222.93,-0.36074,-1,-1,-1
317,-1,528.8,307.13,51.78,157.34,-0.37639,-1,-1,-1
317,-1,1255,120.43,297.57,894.71,-0.39049,-1,-1,-1
317,-1,127.67,296.57,210.12,632.36,-0.39612,-1,-1,-1
317,-1,545.46,609.77,20.435,63.306,-0.39774,-1,-1,-1
317,-1,571.03,148.78,104.56,315.68,-0.41967,-1,-1,-1
318,-1,846.44,148.03,182.79,550.38,1.7472,-1,-1,-1
318,-1,1268.1,136.76,225.27,677.82,1.2275,-1,-1,-1
318,-1,1067,331.83,44.948,136.84,1.0696,-1,-1,-1
318,-1,956.43,210,148.29,446.86,0.88458,-1,-1,-1
318,-1,1115.3,112.43,277.58,834.73,0.82725,-1,-1,-1
318,-1,578,295.16,55.569,168.71,0.52871,-1,-1,-1
318,-1,781.01,112.43,277.58,834.73,0.0057316,-1,-1,-1
318,-1,561,241,79,239,-0.12766,-1,-1,-1
318,-1,1217,65,319,959,-0.24339,-1,-1,-1
318,-1,528.8,307.13,51.78,157.34,-0.33408,-1,-1,-1
318,-1,1089,393,39,119,-0.45612,-1,-1,-1
318,-1,621.5,345.72,48.246,146.74,-0.49909,-1,-1,-1
319,-1,846.44,148.03,182.79,550.38,1.5346,-1,-1,-1
319,-1,1064.7,326.02,48.246,146.74,1.2046,-1,-1,-1
319,-1,1268.1,136.76,225.27,677.82,1.1839,-1,-1,-1
319,-1,566.69,295.16,55.569,168.71,0.61801,-1,-1,-1
319,-1,956.43,210,148.29,446.86,0.51362,-1,-1,-1
319,-1,1153,65,319,959,0.44451,-1,-1,-1
319,-1,749.54,257.08,97.492,294.47,0.1967,-1,-1,-1
319,-1,521.43,295.16,55.569,168.71,-0.23363,-1,-1,-1
319,-1,781.01,112.43,277.58,834.73,-0.31564,-1,-1,-1
319,-1,552.55,158.59,97.492,294.47,-0.33662,-1,-1,-1
319,-1,463.91,30.547,48.246,146.74,-0.38754,-1,-1,-1
319,-1,1559.2,455.71,29.314,89.943,-0.39348,-1,-1,-1
319,-1,169.9,687.14,51.78,157.34,-0.41864,-1,-1,-1
320,-1,846.44,148.03,182.79,550.38,1.5252,-1,-1,-1
320,-1,1135.6,120.43,297.57,894.71,1.1044,-1,-1,-1
320,-1,572.25,306.32,48.246,146.74,0.78315,-1,-1,-1
320,-1,1064.7,326.02,48.246,146.74,0.68019,-1,-1,-1
320,-1,739.92,254.35,104.56,315.68,0.3861,-1,-1,-1
320,-1,956.43,210,148.29,446.86,0.26077,-1,-1,-1
320,-1,781.01,112.43,277.58,834.73,-0.29196,-1,-1,-1
320,-1,552.55,158.59,97.492,294.47,-0.3299,-1,-1,-1
320,-1,521.43,295.16,55.569,168.71,-0.3744,-1,-1,-1
321,-1,846.44,148.03,182.79,550.38,1.5181,-1,-1,-1
321,-1,566.69,295.16,55.569,168.71,1.0255,-1,-1,-1
321,-1,739.92,254.35,104.56,315.68,0.93067,-1,-1,-1
321,-1,1135.6,120.43,297.57,894.71,0.67418,-1,-1,-1
321,-1,1064.2,326.82,41.871,127.61,0.57656,-1,-1,-1
321,-1,956.43,180.14,148.29,446.86,0.44864,-1,-1,-1
321,-1,641.2,345.72,48.246,146.74,-0.28717,-1,-1,-1
321,-1,454.06,20.698,48.246,146.74,-0.30765,-1,-1,-1
321,-1,552.55,158.59,97.492,294.47,-0.39622,-1,-1,-1
321,-1,510.12,295.16,55.569,168.71,-0.41955,-1,-1,-1
321,-1,832.75,156.95,258.92,778.76,-0.43256,-1,-1,-1
322,-1,846.44,148.03,182.79,550.38,1.3174,-1,-1,-1
322,-1,566.69,295.16,55.569,168.71,1.1118,-1,-1,-1
322,-1,1153,65,319,959,1.05,-1,-1,-1
322,-1,739.92,254.35,104.56,315.68,0.72229,-1,-1,-1
322,-1,1064.7,316.17,48.246,146.74,0.6131,-1,-1,-1
322,-1,956.43,180.14,148.29,446.86,0.49388,-1,-1,-1
322,-1,510.28,279.89,59.629,180.89,-0.44478,-1,-1,-1
322,-1,299.57,180.14,148.29,446.86,-0.47715,-1,-1,-1
323,-1,846.44,148.03,182.79,550.38,1.2893,-1,-1,-1
323,-1,560.47,296.57,51.78,157.34,1.2175,-1,-1,-1
323,-1,1153,65,319,959,0.92169,-1,-1,-1
323,-1,725.08,249.9,112.14,338.41,0.80567,-1,-1,-1
323,-1,956.43,180.14,148.29,446.86,0.56536,-1,-1,-1
323,-1,553.36,239.86,73.643,222.93,0.024725,-1,-1,-1
323,-1,510.12,295.16,55.569,168.71,-0.31777,-1,-1,-1
323,-1,781.01,112.43,277.58,834.73,-0.40896,-1,-1,-1
323,-1,571.03,148.78,104.56,315.68,-0.44737,-1,-1,-1
323,-1,97,201,39,119,-0.46813,-1,-1,-1
324,-1,555.37,295.16,55.569,168.71,1.2629,-1,-1,-1
324,-1,846.44,148.03,182.79,550.38,1.148,-1,-1,-1
324,-1,1153,65,319,959,1.015,-1,-1,-1
324,-1,956.43,180.14,148.29,446.86,0.69439,-1,-1,-1
324,-1,725.08,249.9,112.14,338.41,0.63475,-1,-1,-1
324,-1,792.21,762.35,73.643,222.93,-0.36921,-1,-1,-1
324,-1,549.92,148.78,104.56,315.68,-0.42923,-1,-1,-1
325,-1,828.33,119.19,195.98,589.95,1.0821,-1,-1,-1
325,-1,956.43,180.14,148.29,446.86,1.062,-1,-1,-1
325,-1,555.37,295.16,55.569,168.71,1.0182,-1,-1,-1
325,-1,718.81,254.35,104.56,315.68,0.96025,-1,-1,-1
325,-1,1153,65,319,959,0.68793,-1,-1,-1
325,-1,196,196,138.29,416.86,-0.41068,-1,-1,-1
325,-1,545,241,79,239,-0.45064,-1,-1,-1
325,-1,502.44,265.65,68.644,207.93,-0.47304,-1,-1,-1
325,-1,1581.6,258.31,182.79,550.38,-0.49219,-1,-1,-1
326,-1,828.33,119.19,195.98,589.95,0.96893,-1,-1,-1
326,-1,956.43,180.14,148.29,446.86,0.95234,-1,-1,-1
326,-1,555.37,295.16,55.569,168.71,0.85841,-1,-1,-1
326,-1,1167.1,1,341.97,1027.9,0.67228,-1,-1,-1
326,-1,729.84,257.08,97.492,294.47,0.58822,-1,-1,-1
326,-1,442.1,28.569,44.948,136.84,-0.19181,-1,-1,-1
326,-1,156.95,208.94,128.96,388.88,-0.26716,-1,-1,-1
326,-1,506.43,322.64,44.948,136.84,-0.27112,-1,-1,-1
326,-1,1700.5,750.48,51.78,157.34,-0.29001,-1,-1,-1
326,-1,549.92,148.78,104.56,315.68,-0.36218,-1,-1,-1
327,-1,718.81,254.35,104.56,315.68,1.1969,-1,-1,-1
327,-1,956.43,180.14,148.29,446.86,1.0957,-1,-1,-1
327,-1,546.66,292.02,59.629,180.89,0.99204,-1,-1,-1
327,-1,828.33,158.59,195.98,589.95,0.91168,-1,-1,-1
327,-1,1177.3,1,366.58,1101.8,0.65604,-1,-1,-1
327,-1,506.43,322.64,44.948,136.84,-0.4202,-1,-1,-1
327,-1,549.92,148.78,104.56,315.68,-0.47058,-1,-1,-1
328,-1,718.81,254.35,104.56,315.68,1.3371,-1,-1,-1
328,-1,555.37,295.16,55.569,168.71,1.2467,-1,-1,-1
328,-1,956.43,180.14,148.29,446.86,1.1796,-1,-1,-1
328,-1,828.33,158.59,195.98,589.95,0.90824,-1,-1,-1
328,-1,1182.9,-77.793,392.97,1180.9,0.44491,-1,-1,-1
328,-1,549.92,148.78,104.56,315.68,-0.30766,-1,-1,-1
328,-1,494.85,273.92,63.98,193.94,-0.45549,-1,-1,-1
329,-1,956.43,180.14,148.29,446.86,1.4914,-1,-1,-1
329,-1,809.68,148.03,182.79,550.38,1.2835,-1,-1,-1
329,-1,702.45,249.9,112.14,338.41,0.99202,-1,-1,-1
329,-1,555.37,295.16,55.569,168.71,0.95519,-1,-1,-1
329,-1,1235.7,1,341.97,1027.9,0.27739,-1,-1,-1
329,-1,464.01,335.39,41.871,127.61,-0.30851,-1,-1,-1
329,-1,494.85,273.92,63.98,193.94,-0.39865,-1,-1,-1
329,-1,601.8,326.02,48.246,146.74,-0.47922,-1,-1,-1
330,-1,956.43,180.14,148.29,446.86,1.5824,-1,-1,-1
330,-1,828.33,158.59,195.98,589.95,1.3326,-1,-1,-1
330,-1,702.45,249.9,112.14,338.41,1.0152,-1,-1,-1
330,-1,555.37,295.16,55.569,168.71,0.87505,-1,-1,-1
330,-1,1235.7,1,341.97,1027.9,-0.071905,-1,-1,-1
330,-1,473,353,39,119,-0.31968,-1,-1,-1
331,-1,956.43,180.14,148.29,446.86,1.3913,-1,-1,-1
331,-1,828.33,158.59,195.98,589.95,1.3864,-1,-1,-1
331,-1,555.37,295.16,55.569,168.71,1.0408,-1,-1,-1
331,-1,718.81,254.35,104.56,315.68,0.95576,-1,-1,-1
331,-1,583.04,304.14,59.629,180.89,-0.20259,-1,-1,-1
331,-1,472.58,343.97,41.871,127.61,-0.24831,-1,-1,-1
331,-1,1235.7,1,341.97,1027.9,-0.34312,-1,-1,-1
332,-1,828.33,158.59,195.98,589.95,1.5126,-1,-1,-1
332,-1,702.45,249.9,112.14,338.41,1.2978,-1,-1,-1
332,-1,976.02,196,138.29,416.86,1.2276,-1,-1,-1
332,-1,555.37,295.16,55.569,168.71,0.9305,-1,-1,-1
332,-1,1213.6,98.006,241.51,726.54,0.048653,-1,-1,-1
332,-1,1250.8,1,366.58,1101.8,-0.017891,-1,-1,-1
333,-1,828.33,158.59,195.98,589.95,1.908,-1,-1,-1
333,-1,702.45,249.9,112.14,338.41,1.8006,-1,-1,-1
333,-1,976.02,196,138.29,416.86,1.2554,-1,-1,-1
333,-1,560.47,307.13,51.78,157.34,0.56335,-1,-1,-1
333,-1,1304.3,1,341.97,1027.9,0.055327,-1,-1,-1
333,-1,395.41,464.01,84.742,256.23,-0.21511,-1,-1,-1
333,-1,602.7,328.24,51.78,157.34,-0.25314,-1,-1,-1
333,-1,1581.6,295.07,182.79,550.38,-0.45563,-1,-1,-1
333,-1,481,361,39,119,-0.4946,-1,-1,-1
334,-1,828.33,158.59,195.98,589.95,1.8334,-1,-1,-1
334,-1,704.29,243.51,120.26,362.77,1.7275,-1,-1,-1
334,-1,976.02,223.86,138.29,416.86,1.3425,-1,-1,-1
334,-1,549.92,307.13,51.78,157.34,0.31244,-1,-1,-1
334,-1,1213.6,98.006,241.51,726.54,0.12921,-1,-1,-1
334,-1,1250.8,1,366.58,1101.8,0.013595,-1,-1,-1
334,-1,395.41,464.01,84.742,256.23,-0.27533,-1,-1,-1
334,-1,1581.6,295.07,182.79,550.38,-0.31186,-1,-1,-1
335,-1,846.44,184.79,182.79,550.38,1.7162,-1,-1,-1
335,-1,704.29,243.51,120.26,362.77,1.5276,-1,-1,-1
335,-1,956.43,210,148.29,446.86,1.2869,-1,-1,-1
335,-1,555.37,306.47,55.569,168.71,0.57217,-1,-1,-1
335,-1,1268.1,136.76,225.27,677.82,0.066855,-1,-1,-1
335,-1,1250.8,1,366.58,1101.8,0.016643,-1,-1,-1
335,-1,395.41,464.01,84.742,256.23,-0.24754,-1,-1,-1
335,-1,472.58,361.12,41.871,127.61,-0.28606,-1,-1,-1
336,-1,846.44,184.79,182.79,550.38,1.5035,-1,-1,-1
336,-1,704.29,243.51,120.26,362.77,1.2329,-1,-1,-1
336,-1,976.02,223.86,138.29,416.86,1.159,-1,-1,-1
336,-1,1262.1,146.51,241.51,726.54,0.65137,-1,-1,-1
336,-1,555.37,306.47,55.569,168.71,0.16235,-1,-1,-1
336,-1,473,369,39,119,-0.097495,-1,-1,-1
336,-1,1261.7,1,392.97,1180.9,-0.13327,-1,-1,-1
336,-1,385.67,23.627,112.14,338.41,-0.4881,-1,-1,-1
336,-1,602.7,338.79,51.78,157.34,-0.49535,-1,-1,-1
337,-1,828.33,158.59,195.98,589.95,1.5437,-1,-1,-1
337,-1,976.02,223.86,138.29,416.86,1.3584,-1,-1,-1
337,-1,702.45,272.53,112.14,338.41,1.2861,-1,-1,-1
337,-1,1262.1,146.51,241.51,726.54,0.76563,-1,-1,-1
337,-1,555.37,317.78,55.569,168.71,0.032385,-1,-1,-1
337,-1,464.01,361.12,41.871,127.61,-0.16275,-1,-1,-1
337,-1,1658.1,642.93,73.643,222.93,-0.22863,-1,-1,-1
337,-1,1235.7,69.594,341.97,1027.9,-0.30616,-1,-1,-1
337,-1,385.67,23.627,112.14,338.41,-0.41425,-1,-1,-1
337,-1,386.96,460.48,90.896,274.69,-0.45913,-1,-1,-1
337,-1,340.52,304.14,59.629,180.89,-0.49718,-1,-1,-1
338,-1,702.45,272.53,112.14,338.41,1.6019,-1,-1,-1
338,-1,803.26,169.9,210.12,632.36,1.3963,-1,-1,-1
338,-1,976.02,223.86,138.29,416.86,1.1401,-1,-1,-1
338,-1,1262.1,146.51,241.51,726.54,0.62125,-1,-1,-1
338,-1,465,377,39,119,0.45824,-1,-1,-1
338,-1,544.06,317.78,55.569,168.71,0.42751,-1,-1,-1
338,-1,532.6,592.62,41.871,127.61,-0.1364,-1,-1,-1
338,-1,378.26,481.15,84.742,256.23,-0.41631,-1,-1,-1
338,-1,907.12,119.19,195.98,589.95,-0.48336,-1,-1,-1
339,-1,680.04,267.77,120.26,362.77,1.5374,-1,-1,-1
339,-1,828.33,158.59,195.98,589.95,1.3195,-1,-1,-1
339,-1,976.02,223.86,138.29,416.86,0.90113,-1,-1,-1
339,-1,1268.1,182.02,225.27,677.82,0.17474,-1,-1,-1
339,-1,534.53,316.27,59.629,180.89,-0.043306,-1,-1,-1
339,-1,464.01,369.69,41.871,127.61,-0.058756,-1,-1,-1
339,-1,375.27,473.76,97.492,294.47,-0.1534,-1,-1,-1
339,-1,578,340.41,55.569,168.71,-0.33856,-1,-1,-1
340,-1,680.04,267.77,120.26,362.77,1.6537,-1,-1,-1
340,-1,828.33,158.59,195.98,589.95,1.4286,-1,-1,-1
340,-1,1268.1,182.02,225.27,677.82,0.97521,-1,-1,-1
340,-1,976.02,223.86,138.29,416.86,0.78287,-1,-1,-1
340,-1,534.53,316.27,59.629,180.89,0.27635,-1,-1,-1
340,-1,457,377,39,119,-0.027477,-1,-1,-1
340,-1,368.58,478.86,90.896,274.69,-0.11365,-1,-1,-1
340,-1,524.03,592.62,41.871,127.61,-0.2556,-1,-1,-1
341,-1,680.04,267.77,120.26,362.77,1.8215,-1,-1,-1
341,-1,828.33,158.59,195.98,589.95,1.7463,-1,-1,-1
341,-1,976.02,223.86,138.29,416.86,0.86995,-1,-1,-1
341,-1,1268.1,182.02,225.27,677.82,0.8536,-1,-1,-1
341,-1,534.53,316.27,59.629,180.89,0.73259,-1,-1,-1
341,-1,457,377,39,119,-0.0089629,-1,-1,-1
341,-1,368.58,478.86,90.896,274.69,-0.34508,-1,-1,-1
341,-1,777.28,120.43,297.57,894.71,-0.49801,-1,-1,-1
342,-1,679.82,272.53,112.14,338.41,2.1524,-1,-1,-1
342,-1,828.33,158.59,195.98,589.95,1.9613,-1,-1,-1
342,-1,1213.6,146.51,241.51,726.54,1.3059,-1,-1,-1
342,-1,976.02,223.86,138.29,416.86,0.8808,-1,-1,-1
342,-1,522.41,316.27,59.629,180.89,0.60943,-1,-1,-1
342,-1,641,161,159,479,-0.089201,-1,-1,-1
342,-1,457,377,39,119,-0.12719,-1,-1,-1
342,-1,1338.2,112.43,277.58,834.73,-0.33239,-1,-1,-1
342,-1,781.01,112.43,277.58,834.73,-0.38657,-1,-1,-1
342,-1,363.04,23.627,112.14,338.41,-0.41007,-1,-1,-1
342,-1,361.12,481.15,84.742,256.23,-0.43109,-1,-1,-1
342,-1,363.04,385.67,55.569,168.71,-0.48392,-1,-1,-1
343,-1,788.93,158.59,195.98,589.95,1.8561,-1,-1,-1
343,-1,1213.6,146.51,241.51,726.54,1.7115,-1,-1,-1
343,-1,676.79,234.93,128.96,388.88,1.7003,-1,-1,-1
343,-1,976.02,223.86,138.29,416.86,1.0631,-1,-1,-1
343,-1,522.41,316.27,59.629,180.89,0.39037,-1,-1,-1
343,-1,618.34,138.19,170.48,513.45,-0.17503,-1,-1,-1
343,-1,363.04,23.627,112.14,338.41,-0.44042,-1,-1,-1
343,-1,832.75,156.95,258.92,778.76,-0.46384,-1,-1,-1
343,-1,449,377,39,119,-0.47184,-1,-1,-1
344,-1,1213.6,146.51,241.51,726.54,2.3092,-1,-1,-1
344,-1,680.04,267.77,120.26,362.77,1.6645,-1,-1,-1
344,-1,828.33,158.59,195.98,589.95,1.3204,-1,-1,-1
344,-1,976.02,223.86,138.29,416.86,1.0441,-1,-1,-1
344,-1,510.28,304.14,59.629,180.89,0.69302,-1,-1,-1
344,-1,618.34,138.19,170.48,513.45,0.11835,-1,-1,-1
344,-1,770.33,249.9,112.14,338.41,0.013597,-1,-1,-1
344,-1,789.83,601.19,84.742,256.23,-0.26357,-1,-1,-1
344,-1,777.28,120.43,297.57,894.71,-0.37559,-1,-1,-1
344,-1,1167.1,69.594,341.97,1027.9,-0.39266,-1,-1,-1
344,-1,363.04,23.627,112.14,338.41,-0.41758,-1,-1,-1
345,-1,1213.6,146.51,241.51,726.54,2.6427,-1,-1,-1
345,-1,650.8,234.93,128.96,388.88,1.4826,-1,-1,-1
345,-1,507.85,299.91,63.98,193.94,1.2654,-1,-1,-1
345,-1,824.12,172.48,170.48,513.45,1.1696,-1,-1,-1
345,-1,976.02,223.86,138.29,416.86,1.0273,-1,-1,-1
345,-1,1167.1,69.594,341.97,1027.9,0.58741,-1,-1,-1
345,-1,754.77,234.93,128.96,388.88,0.28458,-1,-1,-1
345,-1,625.89,148.03,182.79,550.38,-0.17055,-1,-1,-1
345,-1,441,377,39,119,-0.28203,-1,-1,-1
345,-1,546.83,312.9,63.98,193.94,-0.37911,-1,-1,-1
345,-1,781.01,112.43,277.58,834.73,-0.44509,-1,-1,-1
345,-1,349.35,381.02,51.78,157.34,-0.4881,-1,-1,-1
346,-1,1213.6,146.51,241.51,726.54,3.3667,-1,-1,-1
346,-1,655.79,267.77,120.26,362.77,1.6812,-1,-1,-1
346,-1,828.33,158.59,195.98,589.95,1.6771,-1,-1,-1
346,-1,1167.1,69.594,341.97,1027.9,1.0924,-1,-1,-1
346,-1,510.28,316.27,59.629,180.89,0.54109,-1,-1,-1
346,-1,976.02,223.86,138.29,416.86,0.40464,-1,-1,-1
346,-1,754.77,234.93,128.96,388.88,0.31917,-1,-1,-1
346,-1,560.47,338.79,51.78,157.34,0.069585,-1,-1,-1
346,-1,618.34,138.19,170.48,513.45,-0.23652,-1,-1,-1
346,-1,429.71,369.69,41.871,127.61,-0.42031,-1,-1,-1
346,-1,781.01,112.43,277.58,834.73,-0.4619,-1,-1,-1
346,-1,343.97,481.15,84.742,256.23,-0.47936,-1,-1,-1
346,-1,307.43,391.01,138.29,416.86,-0.4939,-1,-1,-1
347,-1,1213.6,146.51,241.51,726.54,3.6021,-1,-1,-1
347,-1,809.68,184.79,182.79,550.38,1.6824,-1,-1,-1
347,-1,641.73,223.86,138.29,416.86,1.4519,-1,-1,-1
347,-1,1167.1,69.594,341.97,1027.9,1.0111,-1,-1,-1
347,-1,494.85,299.91,63.98,193.94,0.83254,-1,-1,-1
347,-1,956.43,210,148.29,446.86,0.35499,-1,-1,-1
347,-1,549.92,338.79,51.78,157.34,0.054015,-1,-1,-1
347,-1,793.76,611.81,63.98,193.94,-0.12818,-1,-1,-1
347,-1,780.76,156.95,258.92,778.76,-0.20746,-1,-1,-1
348,-1,1213.6,146.51,241.51,726.54,3.2933,-1,-1,-1
348,-1,809.68,184.79,182.79,550.38,1.3682,-1,-1,-1
348,-1,628,210,148.29,446.86,1.3136,-1,-1,-1
348,-1,1167.1,69.594,341.97,1027.9,0.55503,-1,-1,-1
348,-1,956.43,210,148.29,446.86,0.44942,-1,-1,-1
348,-1,486.03,304.14,59.629,180.89,0.39021,-1,-1,-1
348,-1,534.53,328.39,59.629,180.89,0.032256,-1,-1,-1
348,-1,725.3,223.86,138.29,416.86,-0.12435,-1,-1,-1
348,-1,780.76,156.95,258.92,778.76,-0.19995,-1,-1,-1
348,-1,335.87,20.698,97.492,294.47,-0.30921,-1,-1,-1
348,-1,317.78,430.92,112.14,338.41,-0.47351,-1,-1,-1
349,-1,1213.6,146.51,241.51,726.54,3.3883,-1,-1,-1
349,-1,624.81,234.93,128.96,388.88,1.4976,-1,-1,-1
349,-1,809.68,184.79,182.79,550.38,1.3974,-1,-1,-1
349,-1,486.03,304.14,59.629,180.89,0.82434,-1,-1,-1
349,-1,1167.1,69.594,341.97,1027.9,0.43724,-1,-1,-1
349,-1,956.43,210,148.29,446.86,0.20605,-1,-1,-1
349,-1,725.3,223.86,138.29,416.86,-0.0090727,-1,-1,-1
349,-1,430.92,396.98,27.284,83.853,-0.1351,-1,-1,-1
349,-1,539.36,328.24,51.78,157.34,-0.18014,-1,-1,-1
349,-1,781.01,599.94,68.644,207.93,-0.38066,-1,-1,-1
349,-1,335.87,20.698,97.492,294.47,-0.45732,-1,-1,-1
350,-1,1213.6,146.51,241.51,726.54,3.6419,-1,-1,-1
350,-1,624.81,234.93,128.96,388.88,1.519,-1,-1,-1
350,-1,809.68,184.79,182.79,550.38,1.4507,-1,-1,-1
350,-1,486.03,304.14,59.629,180.89,0.48358,-1,-1,-1
350,-1,1167.1,69.594,341.97,1027.9,0.47793,-1,-1,-1
350,-1,725.3,223.86,138.29,416.86,0.45611,-1,-1,-1
350,-1,956.43,210,148.29,446.86,0.18848,-1,-1,-1
350,-1,543.19,331.83,44.948,136.84,0.020249,-1,-1,-1
350,-1,522.41,316.27,59.629,180.89,-0.07779,-1,-1,-1
350,-1,962.71,624.81,63.98,193.94,-0.25462,-1,-1,-1
350,-1,405.34,350.2,44.948,136.84,-0.40061,-1,-1,-1
350,-1,461.78,146.51,120.26,362.77,-0.46,-1,-1,-1
351,-1,1213.6,146.51,241.51,726.54,3.266,-1,-1,-1
351,-1,624.81,234.93,128.96,388.88,1.2574,-1,-1,-1
351,-1,824.12,172.48,170.48,513.45,1.1863,-1,-1,-1
351,-1,747.43,210,148.29,446.86,0.96205,-1,-1,-1
351,-1,473.9,304.14,59.629,180.89,0.82246,-1,-1,-1
351,-1,1167.1,69.594,341.97,1027.9,0.59604,-1,-1,-1
351,-1,948.16,223.86,138.29,416.86,0.28627,-1,-1,-1
351,-1,528.8,328.24,51.78,157.34,-0.027908,-1,-1,-1
351,-1,825.55,146.51,241.51,726.54,-0.065135,-1,-1,-1
351,-1,296.57,465.47,104.56,315.68,-0.24437,-1,-1,-1
351,-1,408.29,351.72,55.569,168.71,-0.30362,-1,-1,-1
351,-1,476.18,159.39,112.14,338.41,-0.4171,-1,-1,-1
352,-1,1213.6,146.51,241.51,726.54,3.1666,-1,-1,-1
352,-1,613.87,223.86,138.29,416.86,1.7141,-1,-1,-1
352,-1,824.12,172.48,170.48,513.45,1.6031,-1,-1,-1
352,-1,717.57,210,148.29,446.86,1.1257,-1,-1,-1
352,-1,1167.1,69.594,341.97,1027.9,0.63983,-1,-1,-1
352,-1,461.78,304.14,59.629,180.89,0.46242,-1,-1,-1
352,-1,948.16,223.86,138.29,416.86,0.2092,-1,-1,-1
352,-1,825.55,146.51,241.51,726.54,0.11108,-1,-1,-1
352,-1,518.25,328.24,51.78,157.34,-0.077014,-1,-1,-1
352,-1,401.15,340.52,59.629,180.89,-0.43464,-1,-1,-1
353,-1,1165.1,146.51,241.51,726.54,3.2515,-1,-1,-1
353,-1,824.12,172.48,170.48,513.45,1.6189,-1,-1,-1
353,-1,717.57,210,148.29,446.86,1.5237,-1,-1,-1
353,-1,598.14,210,148.29,446.86,1.3782,-1,-1,-1
353,-1,1167.1,69.594,341.97,1027.9,0.82137,-1,-1,-1
353,-1,455.86,286.91,63.98,193.94,0.55737,-1,-1,-1
353,-1,518.25,328.24,51.78,157.34,0.49348,-1,-1,-1
353,-1,936.71,234.93,128.96,388.88,0.17045,-1,-1,-1
353,-1,780.76,156.95,258.92,778.76,0.15897,-1,-1,-1
353,-1,377.77,350.2,44.948,136.84,-0.34411,-1,-1,-1
353,-1,396.98,351.72,55.569,168.71,-0.47634,-1,-1,-1
353,-1,1870.2,249.65,41.871,127.61,-0.49573,-1,-1,-1
354,-1,1165.1,146.51,241.51,726.54,3.0081,-1,-1,-1
354,-1,824.12,172.48,170.48,513.45,1.6818,-1,-1,-1
354,-1,598.82,234.93,128.96,388.88,1.5954,-1,-1,-1
354,-1,717.57,210,148.29,446.86,1.4027,-1,-1,-1
354,-1,1098.5,69.594,341.97,1027.9,0.69013,-1,-1,-1
354,-1,449.65,304.14,59.629,180.89,0.28586,-1,-1,-1
354,-1,507.69,328.24,51.78,157.34,0.16566,-1,-1,-1
354,-1,825.55,643.66,59.629,180.89,0.15979,-1,-1,-1
354,-1,948.16,223.86,138.29,416.86,0.15392,-1,-1,-1
354,-1,825.55,146.51,241.51,726.54,-0.10266,-1,-1,-1
354,-1,762.35,613.07,73.643,222.93,-0.34105,-1,-1,-1
354,-1,364.89,299.91,63.98,193.94,-0.43528,-1,-1,-1
354,-1,425,353,39,119,-0.44856,-1,-1,-1
355,-1,1165.1,146.51,241.51,726.54,3.3624,-1,-1,-1
355,-1,824.12,172.48,170.48,513.45,1.8628,-1,-1,-1
355,-1,586.01,223.86,138.29,416.86,1.7743,-1,-1,-1
355,-1,717.57,210,148.29,446.86,1.4382,-1,-1,-1
355,-1,1098.5,69.594,341.97,1027.9,0.82656,-1,-1,-1
355,-1,442.87,286.91,63.98,193.94,0.65055,-1,-1,-1
355,-1,498.16,316.27,59.629,180.89,0.34004,-1,-1,-1
355,-1,926.57,210,148.29,446.86,-0.018092,-1,-1,-1
355,-1,825.55,146.51,241.51,726.54,-0.028822,-1,-1,-1
355,-1,1853,249.65,41.871,127.61,-0.48413,-1,-1,-1
356,-1,1165.1,146.51,241.51,726.54,3.708,-1,-1,-1
356,-1,824.12,172.48,170.48,513.45,1.6384,-1,-1,-1
356,-1,687.71,210,148.29,446.86,1.5022,-1,-1,-1
356,-1,586.01,223.86,138.29,416.86,1.4523,-1,-1,-1
356,-1,1098.5,69.594,341.97,1027.9,0.89501,-1,-1,-1
356,-1,437.53,304.14,59.629,180.89,0.42719,-1,-1,-1
356,-1,498.16,316.27,59.629,180.89,0.074071,-1,-1,-1
356,-1,725.08,136.76,225.27,677.82,-0.069626,-1,-1,-1
356,-1,825.55,146.51,241.51,726.54,-0.22931,-1,-1,-1
356,-1,135.36,284.64,73.643,222.93,-0.25387,-1,-1,-1
356,-1,103.89,241.08,170.48,513.45,-0.463,-1,-1,-1
357,-1,1165.1,146.51,241.51,726.54,4.1931,-1,-1,-1
357,-1,789.83,172.48,170.48,513.45,1.9337,-1,-1,-1
357,-1,687.71,210,148.29,446.86,1.9217,-1,-1,-1
357,-1,568.28,210,148.29,446.86,1.2736,-1,-1,-1
357,-1,425.4,292.02,59.629,180.89,0.70168,-1,-1,-1
357,-1,815.59,136.76,225.27,677.82,0.56658,-1,-1,-1
357,-1,1098.5,69.594,341.97,1027.9,0.54496,-1,-1,-1
357,-1,487.49,317.78,55.569,168.71,0.14891,-1,-1,-1
357,-1,772.68,584.04,84.742,256.23,-0.23262,-1,-1,-1
357,-1,655.79,437.53,120.26,362.77,-0.41712,-1,-1,-1
357,-1,429.71,241.08,84.742,256.23,-0.42082,-1,-1,-1
357,-1,103.89,206.78,170.48,513.45,-0.45168,-1,-1,-1
358,-1,1165.1,146.51,241.51,726.54,3.9299,-1,-1,-1
358,-1,789.83,172.48,170.48,513.45,1.8083,-1,-1,-1
358,-1,687.71,180.14,148.29,446.86,1.4798,-1,-1,-1
358,-1,572.83,234.93,128.96,388.88,1.2425,-1,-1,-1
358,-1,416.87,286.91,63.98,193.94,0.74534,-1,-1,-1
358,-1,1098.5,69.594,341.97,1027.9,0.69494,-1,-1,-1
358,-1,815.59,136.76,225.27,677.82,0.18327,-1,-1,-1
358,-1,476.18,317.78,55.569,168.71,0.085624,-1,-1,-1
358,-1,725.3,627.8,68.644,207.93,-0.44359,-1,-1,-1
359,-1,1144.7,104.97,258.92,778.76,4.203,-1,-1,-1
359,-1,669.58,196,138.29,416.86,1.8698,-1,-1,-1
359,-1,772.93,148.03,182.79,550.38,1.5903,-1,-1,-1
359,-1,538.43,210,148.29,446.86,0.95894,-1,-1,-1
359,-1,404.94,279.58,68.644,207.93,0.76731,-1,-1,-1
359,-1,464.86,317.78,55.569,168.71,0.27779,-1,-1,-1
359,-1,896.71,210,148.29,446.86,0.12569,-1,-1,-1
359,-1,1103.8,1,366.58,1101.8,-0.10353,-1,-1,-1
359,-1,780.76,104.97,258.92,778.76,-0.32504,-1,-1,-1
359,-1,92.896,258.31,90.896,274.69,-0.38714,-1,-1,-1
359,-1,1561.5,464.01,41.871,127.61,-0.40123,-1,-1,-1
360,-1,1144.7,104.97,258.92,778.76,3.6532,-1,-1,-1
360,-1,669.58,196,138.29,416.86,2.4021,-1,-1,-1
360,-1,789.83,172.48,170.48,513.45,1.569,-1,-1,-1
360,-1,538.43,210,148.29,446.86,1.266,-1,-1,-1
360,-1,391.01,279.58,68.644,207.93,0.66238,-1,-1,-1
360,-1,461.78,316.27,59.629,180.89,0.39873,-1,-1,-1
360,-1,892.44,223.86,138.29,416.86,0.2324,-1,-1,-1
360,-1,74.517,258.31,90.896,274.69,-0.228,-1,-1,-1
360,-1,1030.2,74.517,366.58,1101.8,-0.36006,-1,-1,-1
360,-1,618.34,343.97,170.48,513.45,-0.43559,-1,-1,-1
360,-1,385.67,136.76,112.14,338.41,-0.43736,-1,-1,-1
360,-1,634.57,136.76,225.27,677.82,-0.46721,-1,-1,-1
360,-1,68.882,12.314,55.569,168.71,-0.48382,-1,-1,-1
361,-1,1116.6,146.51,241.51,726.54,3.8678,-1,-1,-1
361,-1,657.86,180.14,148.29,446.86,2.004,-1,-1,-1
361,-1,789.83,172.48,170.48,513.45,1.4117,-1,-1,-1
361,-1,1098.5,69.594,341.97,1027.9,1.1044,-1,-1,-1
361,-1,508.57,210,148.29,446.86,1.0545,-1,-1,-1
361,-1,449.65,316.27,59.629,180.89,0.64458,-1,-1,-1
361,-1,389.02,292.02,59.629,180.89,0.29572,-1,-1,-1
361,-1,90.571,284.64,73.643,222.93,0.28015,-1,-1,-1
361,-1,892.44,223.86,138.29,416.86,0.14754,-1,-1,-1
361,-1,634.36,169.9,210.12,632.36,-0.16135,-1,-1,-1
361,-1,1003.9,307.43,68.644,207.93,-0.31736,-1,-1,-1
361,-1,1504.6,195.01,59.629,180.89,-0.49834,-1,-1,-1
362,-1,1116.6,146.51,241.51,726.54,3.7128,-1,-1,-1
362,-1,641,193,159,479,2.2295,-1,-1,-1
362,-1,749.54,158.59,195.98,589.95,1.1491,-1,-1,-1
362,-1,1098.5,69.594,341.97,1027.9,0.92197,-1,-1,-1
362,-1,508.57,210,148.29,446.86,0.8359,-1,-1,-1
362,-1,69.594,275.37,84.742,256.23,0.4907,-1,-1,-1
362,-1,892.44,223.86,138.29,416.86,0.2553,-1,-1,-1
362,-1,442.23,317.78,55.569,168.71,0.17044,-1,-1,-1
362,-1,363.15,279.58,68.644,207.93,0.0054748,-1,-1,-1
362,-1,1504.6,195.01,59.629,180.89,-0.41745,-1,-1,-1
362,-1,35.297,241.08,170.48,513.45,-0.43417,-1,-1,-1
363,-1,1092.7,104.97,258.92,778.76,3.4755,-1,-1,-1
363,-1,618.34,172.48,170.48,513.45,1.9508,-1,-1,-1
363,-1,749.54,158.59,195.98,589.95,1.4285,-1,-1,-1
363,-1,52.445,275.37,84.742,256.23,0.95851,-1,-1,-1
363,-1,502.44,223.86,138.29,416.86,0.61046,-1,-1,-1
363,-1,364.89,299.91,63.98,193.94,0.17825,-1,-1,-1
363,-1,425.4,328.39,59.629,180.89,0.069507,-1,-1,-1
363,-1,1547.3,444.21,48.246,146.74,-0.28046,-1,-1,-1
363,-1,1153,129,319,959,-0.31534,-1,-1,-1
363,-1,884.73,234.93,128.96,388.88,-0.40365,-1,-1,-1
363,-1,301.1,361.12,41.871,127.61,-0.48215,-1,-1,-1
364,-1,1115.3,112.43,277.58,834.73,3.4296,-1,-1,-1
364,-1,609,193,159,479,1.7328,-1,-1,-1
364,-1,749.54,158.59,195.98,589.95,1.6949,-1,-1,-1
364,-1,478.71,210,148.29,446.86,0.55278,-1,-1,-1
364,-1,419.61,329.1,55.569,168.71,0.31177,-1,-1,-1
364,-1,52.445,275.37,84.742,256.23,0.2399,-1,-1,-1
364,-1,364.89,299.91,63.98,193.94,0.16715,-1,-1,-1
364,-1,976.02,307.43,68.644,207.93,-0.049645,-1,-1,-1
364,-1,158.63,292.02,59.629,180.89,-0.36192,-1,-1,-1
364,-1,683.51,627.8,68.644,207.93,-0.39676,-1,-1,-1
364,-1,589.31,136.76,225.27,677.82,-0.42515,-1,-1,-1
364,-1,1783.5,195.01,59.629,180.89,-0.49324,-1,-1,-1
365,-1,1092.7,104.97,258.92,778.76,3.7311,-1,-1,-1
365,-1,609,193,159,479,2.3968,-1,-1,-1
365,-1,749.54,158.59,195.98,589.95,1.5946,-1,-1,-1
365,-1,478.71,210,148.29,446.86,0.92363,-1,-1,-1
365,-1,351.89,299.91,63.98,193.94,0.48441,-1,-1,-1
365,-1,52.445,275.37,84.742,256.23,0.41734,-1,-1,-1
365,-1,416.87,325.9,63.98,193.94,0.24469,-1,-1,-1
365,-1,1153,129,319,959,-0.040866,-1,-1,-1
365,-1,976.02,307.43,68.644,207.93,-0.41733,-1,-1,-1
366,-1,1116.6,146.51,241.51,726.54,3.1769,-1,-1,-1
366,-1,609,193,159,479,2.2482,-1,-1,-1
366,-1,772.93,184.79,182.79,550.38,1.425,-1,-1,-1
366,-1,1098.5,69.594,341.97,1027.9,1.1029,-1,-1,-1
366,-1,448.86,210,148.29,446.86,0.71169,-1,-1,-1
366,-1,351.89,299.91,63.98,193.94,0.26981,-1,-1,-1
366,-1,412.69,338.79,51.78,157.34,0.19512,-1,-1,-1
366,-1,37.758,276.69,90.896,274.69,-0.22718,-1,-1,-1
366,-1,962.09,307.43,68.644,207.93,-0.28836,-1,-1,-1
366,-1,364.77,146.51,120.26,362.77,-0.32387,-1,-1,-1
366,-1,728.78,104.97,258.92,778.76,-0.46565,-1,-1,-1
367,-1,1116.6,146.51,241.51,726.54,2.7892,-1,-1,-1
367,-1,584.04,172.48,170.48,513.45,2.1485,-1,-1,-1
367,-1,749.54,158.59,195.98,589.95,1.429,-1,-1,-1
367,-1,446.86,172.48,170.48,513.45,1.2301,-1,-1,-1
367,-1,1098.5,69.594,341.97,1027.9,0.93728,-1,-1,-1
367,-1,352.65,316.27,59.629,180.89,0.41699,-1,-1,-1
367,-1,408.29,329.1,55.569,168.71,-0.14696,-1,-1,-1
367,-1,962.09,307.43,68.644,207.93,-0.17962,-1,-1,-1
367,-1,37.758,276.69,90.896,274.69,-0.22634,-1,-1,-1
367,-1,884.73,260.92,128.96,388.88,-0.46486,-1,-1,-1
368,-1,1116.6,146.51,241.51,726.54,2.7436,-1,-1,-1
368,-1,584.04,172.48,170.48,513.45,1.9048,-1,-1,-1
368,-1,448.86,210,148.29,446.86,1.5648,-1,-1,-1
368,-1,749.54,158.59,195.98,589.95,1.4552,-1,-1,-1
368,-1,1098.5,69.594,341.97,1027.9,0.81237,-1,-1,-1
368,-1,37.758,276.69,90.896,274.69,0.41581,-1,-1,-1
368,-1,352.65,316.27,59.629,180.89,0.40524,-1,-1,-1
368,-1,329,241,39,119,-0.059129,-1,-1,-1
368,-1,286.63,355.57,48.246,146.74,-0.35174,-1,-1,-1
368,-1,962.71,312.9,63.98,193.94,-0.44018,-1,-1,-1
368,-1,293.5,279.58,68.644,207.93,-0.49147,-1,-1,-1
369,-1,1116.6,146.51,241.51,726.54,2.5917,-1,-1,-1
369,-1,584.04,172.48,170.48,513.45,1.7589,-1,-1,-1
369,-1,772.93,184.79,182.79,550.38,1.3291,-1,-1,-1
369,-1,446.86,172.48,170.48,513.45,1.1516,-1,-1,-1
369,-1,1098.5,69.594,341.97,1027.9,0.58226,-1,-1,-1
369,-1,351.89,299.91,63.98,193.94,0.21922,-1,-1,-1
369,-1,37.758,276.69,90.896,274.69,-0.080414,-1,-1,-1
369,-1,962.09,307.43,68.644,207.93,-0.094401,-1,-1,-1
369,-1,329,241,39,119,-0.35147,-1,-1,-1
369,-1,286.63,355.57,48.246,146.74,-0.44781,-1,-1,-1
370,-1,1092.7,104.97,258.92,778.76,2.7902,-1,-1,-1
370,-1,577,193,159,479,1.751,-1,-1,-1
370,-1,772.93,184.79,182.79,550.38,1.2691,-1,-1,-1
370,-1,412.56,206.78,170.48,513.45,1.1202,-1,-1,-1
370,-1,351.72,329.1,55.569,168.71,0.46591,-1,-1,-1
370,-1,279.58,279.58,68.644,207.93,-0.33889,-1,-1,-1
370,-1,326.82,241.08,41.871,127.61,-0.42651,-1,-1,-1
370,-1,715.78,299.91,63.98,193.94,-0.44596,-1,-1,-1
370,-1,728.78,156.95,258.92,778.76,-0.46154,-1,-1,-1
371,-1,1092.7,104.97,258.92,778.76,2.8688,-1,-1,-1
371,-1,577,193,159,479,1.7653,-1,-1,-1
371,-1,412.56,206.78,170.48,513.45,1.5224,-1,-1,-1
371,-1,772.93,184.79,182.79,550.38,1.4373,-1,-1,-1
371,-1,351.89,312.9,63.98,193.94,0.61388,-1,-1,-1
371,-1,37.758,276.69,90.896,274.69,-0.21271,-1,-1,-1
371,-1,329,249,39,119,-0.3801,-1,-1,-1
371,-1,725.08,306.47,55.569,168.71,-0.43474,-1,-1,-1
371,-1,195.07,15.929,73.643,222.93,-0.4402,-1,-1,-1
371,-1,728.78,156.95,258.92,778.76,-0.4774,-1,-1,-1
372,-1,1092.7,104.97,258.92,778.76,2.7702,-1,-1,-1
372,-1,577,193,159,479,1.811,-1,-1,-1
372,-1,772.93,184.79,182.79,550.38,1.7274,-1,-1,-1
372,-1,412.56,206.78,170.48,513.45,1.3762,-1,-1,-1
372,-1,351.89,312.9,63.98,193.94,0.70726,-1,-1,-1
372,-1,892.44,251.72,138.29,416.86,-0.32364,-1,-1,-1
372,-1,52.445,292.52,84.742,256.23,-0.32871,-1,-1,-1
372,-1,544.06,136.76,225.27,677.82,-0.35252,-1,-1,-1
372,-1,284.64,284.64,73.643,222.93,-0.4644,-1,-1,-1
373,-1,1116.6,146.51,241.51,726.54,2.4691,-1,-1,-1
373,-1,772.93,184.79,182.79,550.38,2.2328,-1,-1,-1
373,-1,552.38,184.79,182.79,550.38,1.9358,-1,-1,-1
373,-1,417,225,159,479,1.6593,-1,-1,-1
373,-1,352.65,316.27,59.629,180.89,0.12312,-1,-1,-1
373,-1,1098.5,69.594,341.97,1027.9,0.098269,-1,-1,-1
373,-1,37.758,295.07,90.896,274.69,0.0095969,-1,-1,-1
373,-1,728.78,156.95,258.92,778.76,-0.15867,-1,-1,-1
373,-1,284.64,284.64,73.643,222.93,-0.29643,-1,-1,-1
373,-1,325.9,364.89,63.98,193.94,-0.36188,-1,-1,-1
373,-1,1691.9,442.1,44.948,136.84,-0.46512,-1,-1,-1
374,-1,1116.6,146.51,241.51,726.54,2.7401,-1,-1,-1
374,-1,772.93,184.79,182.79,550.38,2.1925,-1,-1,-1
374,-1,412.56,206.78,170.48,513.45,2.17,-1,-1,-1
374,-1,552.38,184.79,182.79,550.38,2.0592,-1,-1,-1
374,-1,352.65,340.52,59.629,180.89,0.12689,-1,-1,-1
374,-1,1098.5,69.594,341.97,1027.9,0.12005,-1,-1,-1
374,-1,728.78,156.95,258.92,778.76,-0.21108,-1,-1,-1
374,-1,962.09,321.36,68.644,207.93,-0.43138,-1,-1,-1
375,-1,1116.6,146.51,241.51,726.54,2.6602,-1,-1,-1
375,-1,412.56,206.78,170.48,513.45,2.298,-1,-1,-1
375,-1,552.38,184.79,182.79,550.38,2.1135,-1,-1,-1
375,-1,749.54,197.98,195.98,589.95,1.9291,-1,-1,-1
375,-1,1098.5,69.594,341.97,1027.9,0.25773,-1,-1,-1
375,-1,352.65,340.52,59.629,180.89,-0.084693,-1,-1,-1
375,-1,293.5,293.5,68.644,207.93,-0.26977,-1,-1,-1
375,-1,975.7,325.9,63.98,193.94,-0.28812,-1,-1,-1
375,-1,56.138,295.07,90.896,274.69,-0.31047,-1,-1,-1
376,-1,1116.6,146.51,241.51,726.54,2.5542,-1,-1,-1
376,-1,552.38,184.79,182.79,550.38,2.1458,-1,-1,-1
376,-1,749.54,197.98,195.98,589.95,1.9848,-1,-1,-1
376,-1,405.34,184.79,182.79,550.38,1.5246,-1,-1,-1
376,-1,1098.5,69.594,341.97,1027.9,0.13497,-1,-1,-1
376,-1,369.69,386.84,41.871,127.61,-0.22514,-1,-1,-1
376,-1,971.35,314.5,73.643,222.93,-0.27933,-1,-1,-1
376,-1,780.76,156.95,258.92,778.76,-0.38207,-1,-1,-1
376,-1,52.445,309.67,84.742,256.23,-0.48408,-1,-1,-1
376,-1,299.57,299.57,73.643,222.93,-0.49984,-1,-1,-1
377,-1,1116.6,146.51,241.51,726.54,2.4826,-1,-1,-1
377,-1,549.75,206.78,170.48,513.45,2.3207,-1,-1,-1
377,-1,749.54,197.98,195.98,589.95,1.9932,-1,-1,-1
377,-1,412.56,206.78,170.48,513.45,0.95408,-1,-1,-1
377,-1,1153,65,319,959,0.21761,-1,-1,-1
377,-1,510.28,655.79,59.629,180.89,0.15419,-1,-1,-1
377,-1,725.3,168.15,277.58,834.73,-0.022148,-1,-1,-1
377,-1,378.26,395.41,41.871,127.61,-0.17582,-1,-1,-1
377,-1,325.9,377.89,63.98,193.94,-0.17679,-1,-1,-1
377,-1,351.89,325.9,63.98,193.94,-0.28172,-1,-1,-1
377,-1,299.57,299.57,73.643,222.93,-0.44513,-1,-1,-1
377,-1,56.138,295.07,90.896,274.69,-0.47157,-1,-1,-1
378,-1,1132.4,182.02,225.27,677.82,2.7431,-1,-1,-1
378,-1,549.75,206.78,170.48,513.45,2.4376,-1,-1,-1
378,-1,789.83,206.78,170.48,513.45,1.8764,-1,-1,-1
378,-1,394.97,197.98,195.98,589.95,1.1765,-1,-1,-1
378,-1,1089,65,319,959,0.97636,-1,-1,-1
378,-1,728.54,328.39,59.629,180.89,0.33558,-1,-1,-1
378,-1,335.87,385.12,48.246,146.74,0.13959,-1,-1,-1
378,-1,728.78,156.95,258.92,778.76,-0.018601,-1,-1,-1
378,-1,52.984,39.988,63.98,193.94,-0.28939,-1,-1,-1
378,-1,368.58,386.96,44.948,136.84,-0.36289,-1,-1,-1
378,-1,338.9,325.9,63.98,193.94,-0.40848,-1,-1,-1
378,-1,304.26,386.96,44.948,136.84,-0.45023,-1,-1,-1
379,-1,1132.4,182.02,225.27,677.82,2.6625,-1,-1,-1
379,-1,552.38,184.79,182.79,550.38,2.0983,-1,-1,-1
379,-1,789.83,206.78,170.48,513.45,1.8234,-1,-1,-1
379,-1,368.58,221.55,182.79,550.38,1.368,-1,-1,-1
379,-1,1089,65,319,959,1.0304,-1,-1,-1
379,-1,728.78,325.9,63.98,193.94,0.6751,-1,-1,-1
379,-1,971.35,329.43,73.643,222.93,-0.033793,-1,-1,-1
379,-1,728.78,156.95,258.92,778.76,-0.13222,-1,-1,-1
379,-1,312.9,1,258.92,778.76,-0.14085,-1,-1,-1
380,-1,1132.4,182.02,225.27,677.82,2.8089,-1,-1,-1
380,-1,513.16,158.59,195.98,589.95,2.2008,-1,-1,-1
380,-1,789.83,206.78,170.48,513.45,1.6983,-1,-1,-1
380,-1,368.58,221.55,182.79,550.38,1.6791,-1,-1,-1
380,-1,1089,65,319,959,1.3118,-1,-1,-1
380,-1,728.78,325.9,63.98,193.94,0.74938,-1,-1,-1
380,-1,976.02,335.29,68.644,207.93,0.015842,-1,-1,-1
380,-1,341.01,386.96,44.948,136.84,-0.29333,-1,-1,-1
380,-1,728.78,156.95,258.92,778.76,-0.30519,-1,-1,-1
380,-1,312.9,52.984,258.92,778.76,-0.31304,-1,-1,-1
381,-1,1132.4,182.02,225.27,677.82,2.9686,-1,-1,-1
381,-1,513.16,158.59,195.98,589.95,2.5541,-1,-1,-1
381,-1,789.83,206.78,170.48,513.45,1.7285,-1,-1,-1
381,-1,368.58,221.55,182.79,550.38,1.6981,-1,-1,-1
381,-1,728.78,325.9,63.98,193.94,1.4807,-1,-1,-1
381,-1,1089,65,319,959,1.3856,-1,-1,-1
381,-1,976.02,335.29,68.644,207.93,-0.15509,-1,-1,-1
381,-1,312.9,52.984,258.92,778.76,-0.21472,-1,-1,-1
381,-1,725.3,168.15,277.58,834.73,-0.4796,-1,-1,-1
382,-1,1116.6,146.51,241.51,726.54,2.7429,-1,-1,-1
382,-1,513.16,158.59,195.98,589.95,2.3577,-1,-1,-1
382,-1,355.57,197.98,195.98,589.95,2.0591,-1,-1,-1
382,-1,789.83,206.78,170.48,513.45,1.8848,-1,-1,-1
382,-1,728.78,325.9,63.98,193.94,1.326,-1,-1,-1
382,-1,1098.5,69.594,341.97,1027.9,0.093383,-1,-1,-1
382,-1,976.02,335.29,68.644,207.93,-0.15496,-1,-1,-1
382,-1,725.3,168.15,277.58,834.73,-0.23551,-1,-1,-1
382,-1,328.24,381.02,51.78,157.34,-0.25844,-1,-1,-1
382,-1,650.8,468.86,128.96,388.88,-0.48931,-1,-1,-1
383,-1,1116.6,146.51,241.51,726.54,2.7744,-1,-1,-1
383,-1,515.62,184.79,182.79,550.38,2.2157,-1,-1,-1
383,-1,789.83,206.78,170.48,513.45,1.5756,-1,-1,-1
383,-1,338.79,169.9,210.12,632.36,1.5227,-1,-1,-1
383,-1,728.78,325.9,63.98,193.94,1.3527,-1,-1,-1
383,-1,468.86,104.97,258.92,778.76,0.21127,-1,-1,-1
383,-1,1098.5,69.594,341.97,1027.9,0.072573,-1,-1,-1
383,-1,976.02,335.29,68.644,207.93,-0.17079,-1,-1,-1
383,-1,780.76,156.95,258.92,778.76,-0.28194,-1,-1,-1
384,-1,1116.6,146.51,241.51,726.54,2.7439,-1,-1,-1
384,-1,507.69,169.9,210.12,632.36,2.5638,-1,-1,-1
384,-1,338.79,169.9,210.12,632.36,1.3218,-1,-1,-1
384,-1,789.83,206.78,170.48,513.45,1.1782,-1,-1,-1
384,-1,728.78,325.9,63.98,193.94,0.85639,-1,-1,-1
384,-1,824.12,695.51,41.871,127.61,0.26283,-1,-1,-1
384,-1,1098.5,69.594,341.97,1027.9,-0.011893,-1,-1,-1
384,-1,976.02,335.29,68.644,207.93,-0.1357,-1,-1,-1
384,-1,1516.7,219.26,59.629,180.89,-0.35442,-1,-1,-1
384,-1,780.76,156.95,258.92,778.76,-0.47559,-1,-1,-1
385,-1,1116.6,146.51,241.51,726.54,2.6707,-1,-1,-1
385,-1,507.69,169.9,210.12,632.36,2.6232,-1,-1,-1
385,-1,725.3,321.36,68.644,207.93,1.5699,-1,-1,-1
385,-1,317.78,136.76,225.27,677.82,1.3972,-1,-1,-1
385,-1,788.93,197.98,195.98,589.95,1.3746,-1,-1,-1
385,-1,1098.5,69.594,341.97,1027.9,0.27972,-1,-1,-1
385,-1,971.35,329.43,73.643,222.93,-0.10733,-1,-1,-1
385,-1,725.3,168.15,277.58,834.73,-0.37483,-1,-1,-1
386,-1,1116.6,146.51,241.51,726.54,2.7126,-1,-1,-1
386,-1,507.69,169.9,210.12,632.36,2.3803,-1,-1,-1
386,-1,789.83,206.78,170.48,513.45,1.62,-1,-1,-1
386,-1,728.78,325.9,63.98,193.94,1.5268,-1,-1,-1
386,-1,338.79,169.9,210.12,632.36,1.3198,-1,-1,-1
386,-1,1029.9,69.594,341.97,1027.9,0.31858,-1,-1,-1
386,-1,239.86,-58.714,297.57,894.71,0.13005,-1,-1,-1
386,-1,976.02,335.29,68.644,207.93,-0.071896,-1,-1,-1
386,-1,780.76,156.95,258.92,778.76,-0.38982,-1,-1,-1
387,-1,1116.6,146.51,241.51,726.54,2.6823,-1,-1,-1
387,-1,507.69,169.9,210.12,632.36,2.3853,-1,-1,-1
387,-1,789.83,206.78,170.48,513.45,1.8818,-1,-1,-1
387,-1,725.3,321.36,68.644,207.93,1.7695,-1,-1,-1
387,-1,316.17,197.98,195.98,589.95,1.3752,-1,-1,-1
387,-1,1029.9,69.594,341.97,1027.9,0.31385,-1,-1,-1
387,-1,239.86,-58.714,297.57,894.71,-0.098415,-1,-1,-1
387,-1,971.35,329.43,73.643,222.93,-0.22978,-1,-1,-1
387,-1,780.76,156.95,258.92,778.76,-0.35181,-1,-1,-1
388,-1,1116.6,146.51,241.51,726.54,2.8113,-1,-1,-1
388,-1,498.8,136.76,225.27,677.82,2.0183,-1,-1,-1
388,-1,717.57,314.5,73.643,222.93,1.5676,-1,-1,-1
388,-1,789.83,206.78,170.48,513.45,1.5431,-1,-1,-1
388,-1,316.17,197.98,195.98,589.95,1.5123,-1,-1,-1
388,-1,1029.9,69.594,341.97,1027.9,0.52837,-1,-1,-1
388,-1,279.58,56.715,277.58,834.73,0.061016,-1,-1,-1
388,-1,813.82,655.48,51.78,157.34,-0.1103,-1,-1,-1
388,-1,971.35,329.43,73.643,222.93,-0.14504,-1,-1,-1
388,-1,1545,577,19,59,-0.3066,-1,-1,-1
388,-1,1570.1,515.45,41.871,127.61,-0.37013,-1,-1,-1
388,-1,1516.7,231.39,59.629,180.89,-0.39137,-1,-1,-1
389,-1,1092.7,156.95,258.92,778.76,3.1125,-1,-1,-1
389,-1,498.8,136.76,225.27,677.82,2.0469,-1,-1,-1
389,-1,789.83,206.78,170.48,513.45,1.6862,-1,-1,-1
389,-1,717.57,314.5,73.643,222.93,1.5523,-1,-1,-1
389,-1,316.17,197.98,195.98,589.95,0.91056,-1,-1,-1
389,-1,239.86,-58.714,297.57,894.71,0.39533,-1,-1,-1
389,-1,971.35,329.43,73.643,222.93,0.12977,-1,-1,-1
389,-1,1030.2,74.517,366.58,1101.8,0.097387,-1,-1,-1
389,-1,801.3,643.66,59.629,180.89,-0.29573,-1,-1,-1
389,-1,1516.7,231.39,59.629,180.89,-0.32196,-1,-1,-1
390,-1,1092.7,156.95,258.92,778.76,2.8841,-1,-1,-1
390,-1,498.8,136.76,225.27,677.82,1.7116,-1,-1,-1
390,-1,717.57,314.5,73.643,222.93,1.6747,-1,-1,-1
390,-1,789.83,206.78,170.48,513.45,1.6582,-1,-1,-1
390,-1,296.57,169.9,210.12,632.36,0.75538,-1,-1,-1
390,-1,239.86,-58.714,297.57,894.71,0.26602,-1,-1,-1
390,-1,971.35,329.43,73.643,222.93,0.073515,-1,-1,-1
390,-1,1030.2,74.517,366.58,1101.8,-0.10476,-1,-1,-1
390,-1,1516.7,231.39,59.629,180.89,-0.41733,-1,-1,-1
391,-1,1092.7,156.95,258.92,778.76,2.7251,-1,-1,-1
391,-1,789.83,206.78,170.48,513.45,1.8541,-1,-1,-1
391,-1,498.8,136.76,225.27,677.82,1.8279,-1,-1,-1
391,-1,717.57,314.5,73.643,222.93,1.6678,-1,-1,-1
391,-1,296.57,169.9,210.12,632.36,0.52879,-1,-1,-1
391,-1,1030.2,74.517,366.58,1101.8,0.071322,-1,-1,-1
391,-1,962.09,335.29,68.644,207.93,-0.066007,-1,-1,-1
391,-1,728.78,156.95,258.92,778.76,-0.22298,-1,-1,-1
391,-1,405.34,736.17,44.948,136.84,-0.30487,-1,-1,-1
391,-1,239.86,1,297.57,894.71,-0.40034,-1,-1,-1
391,-1,1516.7,231.39,59.629,180.89,-0.43172,-1,-1,-1
391,-1,134.38,316.27,59.629,180.89,-0.45186,-1,-1,-1
392,-1,1092.7,156.95,258.92,778.76,2.7478,-1,-1,-1
392,-1,789.83,206.78,170.48,513.45,2.0883,-1,-1,-1
392,-1,453.55,136.76,225.27,677.82,2.0295,-1,-1,-1
392,-1,711.37,321.36,68.644,207.93,1.5976,-1,-1,-1
392,-1,272.53,136.76,225.27,677.82,0.38014,-1,-1,-1
392,-1,728.78,156.95,258.92,778.76,0.11029,-1,-1,-1
392,-1,1030.2,74.517,366.58,1101.8,-0.087168,-1,-1,-1
392,-1,193,-63,319,959,-0.1718,-1,-1,-1
392,-1,961,321,79,239,-0.17182,-1,-1,-1
392,-1,1570.1,524.03,41.871,127.61,-0.38038,-1,-1,-1
392,-1,673,577,39,119,-0.40633,-1,-1,-1
392,-1,138.23,328.24,51.78,157.34,-0.42783,-1,-1,-1
393,-1,1092.7,156.95,258.92,778.76,2.8097,-1,-1,-1
393,-1,453.55,136.76,225.27,677.82,2.1759,-1,-1,-1
393,-1,772.93,184.79,182.79,550.38,1.9868,-1,-1,-1
393,-1,711.37,321.36,68.644,207.93,1.5299,-1,-1,-1
393,-1,243.51,146.51,241.51,726.54,0.79058,-1,-1,-1
393,-1,728.78,156.95,258.92,778.76,0.24776,-1,-1,-1
393,-1,1030.2,74.517,366.58,1101.8,0.094729,-1,-1,-1
393,-1,962.09,335.29,68.644,207.93,0.058534,-1,-1,-1
393,-1,129.04,335.87,48.246,146.74,-0.11345,-1,-1,-1
394,-1,1092.7,156.95,258.92,778.76,2.987,-1,-1,-1
394,-1,437.53,98.006,241.51,726.54,2.0689,-1,-1,-1
394,-1,789.83,206.78,170.48,513.45,1.9429,-1,-1,-1
394,-1,702.64,314.5,73.643,222.93,1.5173,-1,-1,-1
394,-1,243.51,146.51,241.51,726.54,1.1395,-1,-1,-1
394,-1,1030.2,74.517,366.58,1101.8,0.20685,-1,-1,-1
394,-1,728.78,156.95,258.92,778.76,0.1432,-1,-1,-1
394,-1,976.02,335.29,68.644,207.93,-0.011042,-1,-1,-1
394,-1,665,577,39,119,-0.3974,-1,-1,-1
394,-1,169.9,328.24,51.78,157.34,-0.47019,-1,-1,-1
395,-1,1092.7,156.95,258.92,778.76,2.8334,-1,-1,-1
395,-1,437.53,98.006,241.51,726.54,1.9376,-1,-1,-1
395,-1,772.93,184.79,182.79,550.38,1.8701,-1,-1,-1
395,-1,702.64,314.5,73.643,222.93,1.7973,-1,-1,-1
395,-1,227.27,136.76,225.27,677.82,1.514,-1,-1,-1
395,-1,962.09,335.29,68.644,207.93,0.19847,-1,-1,-1
395,-1,1030.2,74.517,366.58,1101.8,0.18548,-1,-1,-1
395,-1,728.78,156.95,258.92,778.76,0.15311,-1,-1,-1
396,-1,1092.7,156.95,258.92,778.76,2.8592,-1,-1,-1
396,-1,437.53,98.006,241.51,726.54,2.2196,-1,-1,-1
396,-1,755.53,206.78,170.48,513.45,1.5813,-1,-1,-1
396,-1,697.44,307.43,68.644,207.93,1.4373,-1,-1,-1
396,-1,227.27,136.76,225.27,677.82,1.134,-1,-1,-1
396,-1,1030.2,74.517,366.58,1101.8,0.15754,-1,-1,-1
396,-1,962.09,335.29,68.644,207.93,0.15262,-1,-1,-1
396,-1,728.78,156.95,258.92,778.76,-0.25632,-1,-1,-1
396,-1,145,257,79,239,-0.39754,-1,-1,-1
396,-1,951.05,317.68,104.56,315.68,-0.42887,-1,-1,-1
397,-1,1092.7,156.95,258.92,778.76,2.8019,-1,-1,-1
397,-1,437.53,98.006,241.51,726.54,2.2026,-1,-1,-1
397,-1,755.53,206.78,170.48,513.45,1.5476,-1,-1,-1
397,-1,689,305,79,239,1.4034,-1,-1,-1
397,-1,208.94,104.97,258.92,778.76,1.0263,-1,-1,-1
397,-1,956.43,329.43,73.643,222.93,0.14037,-1,-1,-1
397,-1,1030.2,74.517,366.58,1101.8,0.015623,-1,-1,-1
397,-1,1504.6,231.39,59.629,180.89,-0.38454,-1,-1,-1
397,-1,138.19,241.08,84.742,256.23,-0.47256,-1,-1,-1
397,-1,728.78,156.95,258.92,778.76,-0.4818,-1,-1,-1
398,-1,1092.7,156.95,258.92,778.76,2.7369,-1,-1,-1
398,-1,416.87,104.97,258.92,778.76,2.3905,-1,-1,-1
398,-1,755.53,206.78,170.48,513.45,1.5029,-1,-1,-1
398,-1,195.01,146.51,241.51,726.54,1.2254,-1,-1,-1
398,-1,697.44,307.43,68.644,207.93,1.1142,-1,-1,-1
398,-1,956.43,329.43,73.643,222.93,0.31529,-1,-1,-1
398,-1,1030.2,74.517,366.58,1101.8,0.052382,-1,-1,-1
398,-1,866.85,239.86,148.29,446.86,-0.4288,-1,-1,-1
398,-1,1504.6,231.39,59.629,180.89,-0.46204,-1,-1,-1
399,-1,1092.7,156.95,258.92,778.76,2.7156,-1,-1,-1
399,-1,416.87,104.97,258.92,778.76,2.3381,-1,-1,-1
399,-1,755.53,206.78,170.48,513.45,1.6287,-1,-1,-1
399,-1,195.01,98.006,241.51,726.54,1.2886,-1,-1,-1
399,-1,687.71,299.57,73.643,222.93,0.98632,-1,-1,-1
399,-1,962.09,335.29,68.644,207.93,0.22413,-1,-1,-1
399,-1,1030.2,74.517,366.58,1101.8,0.025596,-1,-1,-1
399,-1,153.66,483.61,23.623,72.869,-0.21461,-1,-1,-1
399,-1,1504.6,231.39,59.629,180.89,-0.26513,-1,-1,-1
399,-1,728.78,156.95,258.92,778.76,-0.4348,-1,-1,-1
400,-1,1075.9,120.43,297.57,894.71,2.754,-1,-1,-1
400,-1,391.01,56.715,277.58,834.73,2.3837,-1,-1,-1
400,-1,755.53,206.78,170.48,513.45,1.8887,-1,-1,-1
400,-1,195.01,98.006,241.51,726.54,1.0247,-1,-1,-1
400,-1,689,305,79,239,0.71405,-1,-1,-1
400,-1,962.09,335.29,68.644,207.93,0.25253,-1,-1,-1
400,-1,728.78,156.95,258.92,778.76,-0.13055,-1,-1,-1
400,-1,142.42,476.18,27.284,83.853,-0.49059,-1,-1,-1
401,-1,1075.9,120.43,297.57,894.71,3.0661,-1,-1,-1
401,-1,391.01,56.715,277.58,834.73,2.2201,-1,-1,-1
401,-1,736.17,184.79,182.79,550.38,1.8321,-1,-1,-1
401,-1,687.71,299.57,73.643,222.93,1.0291,-1,-1,-1
401,-1,156.95,104.97,258.92,778.76,0.98411,-1,-1,-1
401,-1,956.43,329.43,73.643,222.93,-0.0089571,-1,-1,-1
401,-1,728.78,156.95,258.92,778.76,-0.093247,-1,-1,-1
401,-1,1626.6,592.14,51.78,157.34,-0.14722,-1,-1,-1
402,-1,1075.9,120.43,297.57,894.71,2.968,-1,-1,-1
402,-1,736.17,184.79,182.79,550.38,2.0701,-1,-1,-1
402,-1,391.01,56.715,277.58,834.73,2.034,-1,-1,-1
402,-1,146.51,146.51,241.51,726.54,0.81621,-1,-1,-1
402,-1,687.71,299.57,73.643,222.93,0.73241,-1,-1,-1
402,-1,1636.7,598.32,44.948,136.84,0.20432,-1,-1,-1
402,-1,956.43,329.43,73.643,222.93,-0.096083,-1,-1,-1
402,-1,728.78,156.95,258.92,778.76,-0.27874,-1,-1,-1
402,-1,657.86,628,148.29,446.86,-0.4374,-1,-1,-1
403,-1,1075.9,120.43,297.57,894.71,3.1345,-1,-1,-1
403,-1,736.17,184.79,182.79,550.38,2.1839,-1,-1,-1
403,-1,391.01,56.715,277.58,834.73,1.8043,-1,-1,-1
403,-1,146.51,146.51,241.51,726.54,0.59969,-1,-1,-1
403,-1,687.71,299.57,73.643,222.93,0.54793,-1,-1,-1
403,-1,728.78,156.95,258.92,778.76,-0.27515,-1,-1,-1
403,-1,956.72,864.82,44.948,136.84,-0.44639,-1,-1,-1
404,-1,1075.9,120.43,297.57,894.71,3.093,-1,-1,-1
404,-1,736.17,184.79,182.79,550.38,1.7694,-1,-1,-1
404,-1,391.01,56.715,277.58,834.73,1.5452,-1,-1,-1
404,-1,104.97,104.97,258.92,778.76,0.78391,-1,-1,-1
404,-1,689,305,79,239,0.73726,-1,-1,-1
404,-1,956.43,329.43,73.643,222.93,0.13346,-1,-1,-1
404,-1,312.9,130.96,128.96,388.88,-0.36316,-1,-1,-1
405,-1,1075.9,120.43,297.57,894.71,2.7102,-1,-1,-1
405,-1,736.17,184.79,182.79,550.38,1.6983,-1,-1,-1
405,-1,391.01,56.715,277.58,834.73,1.6515,-1,-1,-1
405,-1,689,305,79,239,0.74122,-1,-1,-1
405,-1,104.97,104.97,258.92,778.76,0.72013,-1,-1,-1
405,-1,961,321,79,239,-0.21163,-1,-1,-1
405,-1,74.517,74.517,366.58,1101.8,-0.36816,-1,-1,-1
405,-1,1728.2,822.8,68.644,207.93,-0.46748,-1,-1,-1
406,-1,1075.9,120.43,297.57,894.71,2.7065,-1,-1,-1
406,-1,391.01,56.715,277.58,834.73,2.1484,-1,-1,-1
406,-1,736.17,184.79,182.79,550.38,1.6371,-1,-1,-1
406,-1,104.97,104.97,258.92,778.76,1.1358,-1,-1,-1
406,-1,689,305,79,239,1.058,-1,-1,-1
406,-1,971.35,329.43,73.643,222.93,0.072236,-1,-1,-1
406,-1,858.74,234.93,128.96,388.88,-0.10231,-1,-1,-1
406,-1,728.78,156.95,258.92,778.76,-0.13619,-1,-1,-1
407,-1,391.01,56.715,277.58,834.73,2.4155,-1,-1,-1
407,-1,1075.9,120.43,297.57,894.71,2.3788,-1,-1,-1
407,-1,721.23,206.78,170.48,513.45,1.4379,-1,-1,-1
407,-1,56.715,112.43,277.58,834.73,1.2719,-1,-1,-1
407,-1,971.35,329.43,73.643,222.93,0.19693,-1,-1,-1
407,-1,728.54,195.01,241.51,726.54,0.19535,-1,-1,-1
407,-1,338.79,349.35,51.78,157.34,-0.37283,-1,-1,-1
408,-1,359.28,60.714,297.57,894.71,2.6182,-1,-1,-1
408,-1,1059.6,112.43,277.58,834.73,1.9895,-1,-1,-1
408,-1,60.714,60.714,297.57,894.71,1.7282,-1,-1,-1
408,-1,710.14,197.98,195.98,589.95,1.1233,-1,-1,-1
408,-1,1103.8,74.517,366.58,1101.8,0.079994,-1,-1,-1
408,-1,971.35,329.43,73.643,222.93,0.06451,-1,-1,-1
408,-1,858.74,234.93,128.96,388.88,-0.20396,-1,-1,-1
408,-1,717.57,120.43,297.57,894.71,-0.4854,-1,-1,-1
409,-1,359.28,60.714,297.57,894.71,2.7124,-1,-1,-1
409,-1,1092.7,156.95,258.92,778.76,2.0717,-1,-1,-1
409,-1,60.714,60.714,297.57,894.71,1.7417,-1,-1,-1
409,-1,736.17,221.55,182.79,550.38,1.5145,-1,-1,-1
409,-1,728.78,156.95,258.92,778.76,0.022892,-1,-1,-1
409,-1,1030.2,74.517,366.58,1101.8,0.012711,-1,-1,-1
409,-1,986.28,329.43,73.643,222.93,-0.24748,-1,-1,-1
409,-1,1528.8,231.39,59.629,180.89,-0.33159,-1,-1,-1
409,-1,566.9,892.72,41.871,127.61,-0.47191,-1,-1,-1
410,-1,359.28,60.714,297.57,894.71,2.7633,-1,-1,-1
410,-1,1092.7,156.95,258.92,778.76,2.2574,-1,-1,-1
410,-1,736.17,221.55,182.79,550.38,1.5648,-1,-1,-1
410,-1,56.715,112.43,277.58,834.73,1.1576,-1,-1,-1
410,-1,1103.8,74.517,366.58,1101.8,0.026332,-1,-1,-1
410,-1,316.17,148.74,48.246,146.74,0.015696,-1,-1,-1
410,-1,969,369,39,119,-0.08971,-1,-1,-1
410,-1,858.74,260.92,128.96,388.88,-0.30287,-1,-1,-1
410,-1,1539.7,227.27,55.569,168.71,-0.31139,-1,-1,-1
410,-1,986.28,329.43,73.643,222.93,-0.32581,-1,-1,-1
410,-1,728.78,156.95,258.92,778.76,-0.3454,-1,-1,-1
410,-1,661,337,19,59,-0.41146,-1,-1,-1
411,-1,359.28,60.714,297.57,894.71,2.5359,-1,-1,-1
411,-1,1092.7,156.95,258.92,778.76,2.1523,-1,-1,-1
411,-1,56.715,112.43,277.58,834.73,1.587,-1,-1,-1
411,-1,755.53,206.78,170.48,513.45,1.4394,-1,-1,-1
411,-1,864.59,251.72,138.29,416.86,0.48655,-1,-1,-1
411,-1,705,305,79,239,0.22567,-1,-1,-1
411,-1,1103.8,74.517,366.58,1101.8,0.13247,-1,-1,-1
411,-1,641.73,335.29,68.644,207.93,-0.055698,-1,-1,-1
411,-1,1001.2,329.43,73.643,222.93,-0.19819,-1,-1,-1
411,-1,728.78,156.95,258.92,778.76,-0.33983,-1,-1,-1
412,-1,359.28,60.714,297.57,894.71,2.4907,-1,-1,-1
412,-1,1115.3,112.43,277.58,834.73,2.4585,-1,-1,-1
412,-1,1,60.714,297.57,894.71,2.0217,-1,-1,-1
412,-1,769,225,159,479,1.3495,-1,-1,-1
412,-1,866.85,239.86,148.29,446.86,0.23314,-1,-1,-1
412,-1,1001.2,329.43,73.643,222.93,0.15352,-1,-1,-1
412,-1,717.57,314.5,73.643,222.93,0.063439,-1,-1,-1
412,-1,728.54,195.01,241.51,726.54,0.015235,-1,-1,-1
412,-1,641.73,335.29,68.644,207.93,-0.084915,-1,-1,-1
412,-1,996.61,340.41,112.14,338.41,-0.25409,-1,-1,-1
412,-1,1553.1,231.39,59.629,180.89,-0.29182,-1,-1,-1
412,-1,1081.3,584.04,41.871,127.61,-0.33774,-1,-1,-1
412,-1,1399.6,542.7,48.246,146.74,-0.36061,-1,-1,-1
412,-1,1460.5,521.43,55.569,168.71,-0.46876,-1,-1,-1
412,-1,1389.4,463.78,73.643,222.93,-0.47143,-1,-1,-1
413,-1,1115.3,112.43,277.58,834.73,2.4783,-1,-1,-1
413,-1,359.28,60.714,297.57,894.71,2.3747,-1,-1,-1
413,-1,1,60.714,297.57,894.71,1.8315,-1,-1,-1
413,-1,736.17,221.55,182.79,550.38,1.324,-1,-1,-1
413,-1,866.85,239.86,148.29,446.86,0.27156,-1,-1,-1
413,-1,1016.1,329.43,73.643,222.93,0.088917,-1,-1,-1
413,-1,650.8,338.9,63.98,193.94,0.076118,-1,-1,-1
413,-1,1085.4,579.94,44.948,136.84,-0.07545,-1,-1,-1
413,-1,728.78,156.95,258.92,778.76,-0.27649,-1,-1,-1
413,-1,309.67,403.99,41.871,127.61,-0.36994,-1,-1,-1
413,-1,996.61,340.41,112.14,338.41,-0.43556,-1,-1,-1
414,-1,1115.3,112.43,277.58,834.73,2.4608,-1,-1,-1
414,-1,359.28,60.714,297.57,894.71,2.1671,-1,-1,-1
414,-1,1,60.714,297.57,894.71,1.9709,-1,-1,-1
414,-1,749.54,197.98,195.98,589.95,1.3169,-1,-1,-1
414,-1,655.79,340.52,59.629,180.89,0.35616,-1,-1,-1
414,-1,995.61,361.12,41.871,127.61,0.12965,-1,-1,-1
414,-1,884.73,260.92,128.96,388.88,0.095775,-1,-1,-1
414,-1,1017.8,335.29,68.644,207.93,-0.10685,-1,-1,-1
414,-1,717.57,180.14,297.57,894.71,-0.22737,-1,-1,-1
414,-1,307.13,370.46,51.78,157.34,-0.32668,-1,-1,-1
414,-1,1068.1,364.77,59.629,180.89,-0.45347,-1,-1,-1
415,-1,1144.7,156.95,258.92,778.76,2.5697,-1,-1,-1
415,-1,321,1,319,959,2.1158,-1,-1,-1
415,-1,1,60.714,297.57,894.71,1.3048,-1,-1,-1
415,-1,755.53,206.78,170.48,513.45,1.0824,-1,-1,-1
415,-1,655.79,352.65,59.629,180.89,0.2954,-1,-1,-1
415,-1,1103.8,74.517,366.58,1101.8,0.24133,-1,-1,-1
415,-1,896.71,239.86,148.29,446.86,0.16731,-1,-1,-1
415,-1,1012.8,326.82,84.742,256.23,0.02193,-1,-1,-1
415,-1,717.57,180.14,297.57,894.71,-0.21724,-1,-1,-1
415,-1,1480.3,522.41,59.629,180.89,-0.45432,-1,-1,-1
415,-1,552.55,473.76,195.98,589.95,-0.47382,-1,-1,-1
416,-1,1144.7,156.95,258.92,778.76,2.5848,-1,-1,-1
416,-1,321,1,319,959,1.636,-1,-1,-1
416,-1,789.83,206.78,170.48,513.45,1.179,-1,-1,-1
416,-1,1,60.714,297.57,894.71,0.77053,-1,-1,-1
416,-1,655.79,352.65,59.629,180.89,0.667,-1,-1,-1
416,-1,1103.8,74.517,366.58,1101.8,0.42308,-1,-1,-1
416,-1,1031.1,329.43,73.643,222.93,0.35543,-1,-1,-1
416,-1,896.71,239.86,148.29,446.86,0.31641,-1,-1,-1
416,-1,738.38,292.52,84.742,256.23,0.0094418,-1,-1,-1
416,-1,728.78,156.95,258.92,778.76,-0.21795,-1,-1,-1
417,-1,1144.7,156.95,258.92,778.76,2.3792,-1,-1,-1
417,-1,299.57,60.714,297.57,894.71,1.2409,-1,-1,-1
417,-1,772.93,184.79,182.79,550.38,1.1852,-1,-1,-1
417,-1,650.8,338.9,63.98,193.94,0.758,-1,-1,-1
417,-1,892.44,251.72,138.29,416.86,0.61496,-1,-1,-1
417,-1,1,60.714,297.57,894.71,0.35611,-1,-1,-1
417,-1,1103.8,74.517,366.58,1101.8,0.33976,-1,-1,-1
417,-1,1012.8,361.12,41.871,127.61,-0.22857,-1,-1,-1
417,-1,1029.9,326.82,84.742,256.23,-0.26976,-1,-1,-1
417,-1,721.23,292.52,84.742,256.23,-0.30733,-1,-1,-1
417,-1,705,129,319,959,-0.35901,-1,-1,-1
417,-1,1492.5,522.41,59.629,180.89,-0.35943,-1,-1,-1
417,-1,538.43,598.14,148.29,446.86,-0.41988,-1,-1,-1
417,-1,1573.5,221.93,63.98,193.94,-0.48947,-1,-1,-1
418,-1,1144.7,156.95,258.92,778.76,2.4982,-1,-1,-1
418,-1,275.37,1,341.97,1027.9,1.5154,-1,-1,-1
418,-1,755.53,206.78,170.48,513.45,1.4843,-1,-1,-1
418,-1,655.65,335.29,68.644,207.93,1.161,-1,-1,-1
418,-1,896.71,239.86,148.29,446.86,0.48891,-1,-1,-1
418,-1,1103.8,74.517,366.58,1101.8,0.29029,-1,-1,-1
418,-1,-67.594,1,341.97,1027.9,0.28935,-1,-1,-1
418,-1,1031.1,329.43,73.643,222.93,0.20944,-1,-1,-1
418,-1,705,129,319,959,-0.31142,-1,-1,-1
418,-1,1589.5,219.26,59.629,180.89,-0.4016,-1,-1,-1
419,-1,1144.7,156.95,258.92,778.76,2.7915,-1,-1,-1
419,-1,755.53,206.78,170.48,513.45,1.5528,-1,-1,-1
419,-1,275.37,1,341.97,1027.9,1.3876,-1,-1,-1
419,-1,655.65,335.29,68.644,207.93,1.1472,-1,-1,-1
419,-1,896.71,239.86,148.29,446.86,0.6842,-1,-1,-1
419,-1,1103.8,74.517,366.58,1101.8,0.33562,-1,-1,-1
419,-1,1031.1,329.43,73.643,222.93,0.13659,-1,-1,-1
419,-1,705,129,319,959,-0.39154,-1,-1,-1
419,-1,-63,65,319,959,-0.42564,-1,-1,-1
420,-1,1144.7,156.95,258.92,778.76,2.9764,-1,-1,-1
420,-1,221.55,-72.517,366.58,1101.8,1.8121,-1,-1,-1
420,-1,755.53,206.78,170.48,513.45,1.4296,-1,-1,-1
420,-1,655.65,335.29,68.644,207.93,1.1851,-1,-1,-1
420,-1,892.44,251.72,138.29,416.86,0.56637,-1,-1,-1
420,-1,1103.8,74.517,366.58,1101.8,0.50827,-1,-1,-1
420,-1,1012.8,361.12,41.871,127.61,0.49182,-1,-1,-1
420,-1,1031.1,329.43,73.643,222.93,-0.065998,-1,-1,-1
420,-1,705,129,319,959,-0.29501,-1,-1,-1
420,-1,530.29,641.73,138.29,416.86,-0.45131,-1,-1,-1
421,-1,1144.7,156.95,258.92,778.76,2.8397,-1,-1,-1
421,-1,221.55,-72.517,366.58,1101.8,1.6603,-1,-1,-1
421,-1,755.53,206.78,170.48,513.45,1.6072,-1,-1,-1
421,-1,642.93,329.43,73.643,222.93,1.4261,-1,-1,-1
421,-1,1015.5,345.72,48.246,146.74,0.49964,-1,-1,-1
421,-1,1103.8,74.517,366.58,1101.8,0.48494,-1,-1,-1
421,-1,896.71,239.86,148.29,446.86,0.37958,-1,-1,-1
421,-1,1025,321,79,239,-0.40029,-1,-1,-1
421,-1,837,822.07,73.643,222.93,-0.40421,-1,-1,-1
421,-1,1691.9,570.75,44.948,136.84,-0.47394,-1,-1,-1
422,-1,1115.3,112.43,277.58,834.73,2.6128,-1,-1,-1
422,-1,736.17,184.79,182.79,550.38,1.7013,-1,-1,-1
422,-1,221.55,-72.517,366.58,1101.8,1.5431,-1,-1,-1
422,-1,650.8,338.9,63.98,193.94,1.2082,-1,-1,-1
422,-1,892.44,251.72,138.29,416.86,0.24717,-1,-1,-1
422,-1,1015.5,345.72,48.246,146.74,0.15899,-1,-1,-1
422,-1,1104.1,1,392.97,1180.9,-0.34332,-1,-1,-1
423,-1,1115.3,112.43,277.58,834.73,2.9667,-1,-1,-1
423,-1,749.54,197.98,195.98,589.95,2.0223,-1,-1,-1
423,-1,641.73,335.29,68.644,207.93,1.6226,-1,-1,-1
423,-1,221.55,-72.517,366.58,1101.8,1.5199,-1,-1,-1
423,-1,1011.9,350.2,44.948,136.84,0.82439,-1,-1,-1
423,-1,1104.1,1,392.97,1180.9,-0.12776,-1,-1,-1
423,-1,896.71,239.86,148.29,446.86,-0.14598,-1,-1,-1
423,-1,1031.1,329.43,73.643,222.93,-0.38737,-1,-1,-1
423,-1,1724.4,558.32,41.871,127.61,-0.43796,-1,-1,-1
424,-1,1115.3,112.43,277.58,834.73,3.2365,-1,-1,-1
424,-1,755.53,206.78,170.48,513.45,2.2323,-1,-1,-1
424,-1,641.73,335.29,68.644,207.93,1.5624,-1,-1,-1
424,-1,221.55,-72.517,366.58,1101.8,1.1528,-1,-1,-1
424,-1,1005.6,345.72,48.246,146.74,0.53178,-1,-1,-1
424,-1,884.73,260.92,128.96,388.88,0.070736,-1,-1,-1
424,-1,1001,601,39,119,-0.068587,-1,-1,-1
424,-1,1104.1,1,392.97,1180.9,-0.25954,-1,-1,-1
424,-1,670.74,197.98,195.98,589.95,-0.30522,-1,-1,-1
424,-1,1031.1,329.43,73.643,222.93,-0.40974,-1,-1,-1
425,-1,1115.3,112.43,277.58,834.73,3.3827,-1,-1,-1
425,-1,755.53,206.78,170.48,513.45,2.2811,-1,-1,-1
425,-1,628,329.43,73.643,222.93,1.9498,-1,-1,-1
425,-1,158.59,-77.793,392.97,1180.9,1.2827,-1,-1,-1
425,-1,1002.7,350.2,44.948,136.84,1.0018,-1,-1,-1
425,-1,892.44,251.72,138.29,416.86,0.19814,-1,-1,-1
425,-1,670.74,197.98,195.98,589.95,-0.052925,-1,-1,-1
425,-1,1104.1,1,392.97,1180.9,-0.095632,-1,-1,-1
425,-1,1001,601,39,119,-0.16857,-1,-1,-1
425,-1,1031.1,329.43,73.643,222.93,-0.38731,-1,-1,-1
425,-1,559.83,312.9,63.98,193.94,-0.4147,-1,-1,-1
426,-1,1115.3,112.43,277.58,834.73,3.8816,-1,-1,-1
426,-1,736.17,184.79,182.79,550.38,2.3481,-1,-1,-1
426,-1,628,329.43,73.643,222.93,1.7637,-1,-1,-1
426,-1,546.83,312.9,63.98,193.94,0.93061,-1,-1,-1
426,-1,158.59,-77.793,392.97,1180.9,0.67961,-1,-1,-1
426,-1,995.76,345.72,48.246,146.74,0.61617,-1,-1,-1
426,-1,892.44,251.72,138.29,416.86,0.58728,-1,-1,-1
426,-1,1104.1,1,392.97,1180.9,-0.23294,-1,-1,-1
426,-1,910.43,655.79,59.629,180.89,-0.36103,-1,-1,-1
426,-1,1084.4,601.8,23.623,72.869,-0.43425,-1,-1,-1
426,-1,1031.1,329.43,73.643,222.93,-0.45844,-1,-1,-1
427,-1,1115.3,112.43,277.58,834.73,3.9377,-1,-1,-1
427,-1,721.23,206.78,170.48,513.45,2.0865,-1,-1,-1
427,-1,625,321,79,239,1.5181,-1,-1,-1
427,-1,546.66,316.27,59.629,180.89,0.94536,-1,-1,-1
427,-1,896.71,239.86,148.29,446.86,0.65284,-1,-1,-1
427,-1,158.59,-77.793,392.97,1180.9,0.12542,-1,-1,-1
427,-1,1104.1,1,392.97,1180.9,-0.17447,-1,-1,-1
427,-1,1025,321,79,239,-0.27188,-1,-1,-1
427,-1,534,295.07,90.896,274.69,-0.29961,-1,-1,-1
427,-1,1577.3,219.26,59.629,180.89,-0.43316,-1,-1,-1
428,-1,1115.3,112.43,277.58,834.73,3.9887,-1,-1,-1
428,-1,710.14,197.98,195.98,589.95,2.524,-1,-1,-1
428,-1,625,321,79,239,1.0726,-1,-1,-1
428,-1,546.66,316.27,59.629,180.89,0.99635,-1,-1,-1
428,-1,896.71,239.86,148.29,446.86,0.44225,-1,-1,-1
428,-1,79.793,-77.793,392.97,1180.9,-0.049023,-1,-1,-1
428,-1,532.6,309.67,84.742,256.23,-0.20062,-1,-1,-1
428,-1,1104.1,1,392.97,1180.9,-0.22926,-1,-1,-1
428,-1,1025,321,79,239,-0.44987,-1,-1,-1
429,-1,1115.3,112.43,277.58,834.73,4.0717,-1,-1,-1
429,-1,721.23,206.78,170.48,513.45,2.3515,-1,-1,-1
429,-1,533.84,312.9,63.98,193.94,1.5108,-1,-1,-1
429,-1,613.07,329.43,73.643,222.93,1.1148,-1,-1,-1
429,-1,896.71,239.86,148.29,446.86,0.89748,-1,-1,-1
429,-1,85.449,-167.9,421.24,1265.7,-0.10796,-1,-1,-1
429,-1,1104.1,1,392.97,1180.9,-0.16783,-1,-1,-1
429,-1,634.36,169.9,210.12,632.36,-0.3376,-1,-1,-1
430,-1,1115.3,112.43,277.58,834.73,4.1295,-1,-1,-1
430,-1,721.23,206.78,170.48,513.45,2.5412,-1,-1,-1
430,-1,534.53,316.27,59.629,180.89,1.4157,-1,-1,-1
430,-1,613.07,329.43,73.643,222.93,0.88069,-1,-1,-1
430,-1,892.44,223.86,138.29,416.86,0.8639,-1,-1,-1
430,-1,79.793,-77.793,392.97,1180.9,0.10637,-1,-1,-1
430,-1,515.45,309.67,84.742,256.23,-0.080928,-1,-1,-1
430,-1,1016.1,314.5,73.643,222.93,-0.17174,-1,-1,-1
430,-1,634.36,169.9,210.12,632.36,-0.19448,-1,-1,-1
430,-1,1104.1,1,392.97,1180.9,-0.23406,-1,-1,-1
430,-1,1630.1,506.88,41.871,127.61,-0.49215,-1,-1,-1
431,-1,1115.3,112.43,277.58,834.73,3.9852,-1,-1,-1
431,-1,699.41,184.79,182.79,550.38,2.4816,-1,-1,-1
431,-1,520.84,312.9,63.98,193.94,1.0835,-1,-1,-1
431,-1,598.14,329.43,73.643,222.93,0.97575,-1,-1,-1
431,-1,892.44,251.72,138.29,416.86,0.5926,-1,-1,-1
431,-1,60.714,180.14,297.57,894.71,-0.10568,-1,-1,-1
431,-1,1104.1,1,392.97,1180.9,-0.18882,-1,-1,-1
431,-1,993,305,79,239,-0.27344,-1,-1,-1
431,-1,529,353,79,239,-0.39215,-1,-1,-1
431,-1,1,-193.01,484.03,1454.1,-0.4606,-1,-1,-1
432,-1,1115.3,112.43,277.58,834.73,4.0672,-1,-1,-1
432,-1,670.74,197.98,195.98,589.95,1.994,-1,-1,-1
432,-1,520.84,312.9,63.98,193.94,1.7538,-1,-1,-1
432,-1,598.14,329.43,73.643,222.93,1.0419,-1,-1,-1
432,-1,892.44,223.86,138.29,416.86,0.72951,-1,-1,-1
432,-1,993,305,79,239,-0.034666,-1,-1,-1
432,-1,1104.1,1,392.97,1180.9,-0.10422,-1,-1,-1
433,-1,1115.3,112.43,277.58,834.73,3.8051,-1,-1,-1
433,-1,670.74,197.98,195.98,589.95,2.1355,-1,-1,-1
433,-1,598.14,329.43,73.643,222.93,1.3973,-1,-1,-1
433,-1,520.84,312.9,63.98,193.94,1.3689,-1,-1,-1
433,-1,892.44,223.86,138.29,416.86,0.64719,-1,-1,-1
433,-1,993,305,79,239,0.3031,-1,-1,-1
433,-1,1104.1,1,392.97,1180.9,0.078936,-1,-1,-1
433,-1,493.46,296.47,97.492,294.47,-0.20978,-1,-1,-1
434,-1,1115.3,112.43,277.58,834.73,3.8628,-1,-1,-1
434,-1,670.74,197.98,195.98,589.95,2.4212,-1,-1,-1
434,-1,520.84,312.9,63.98,193.94,1.2287,-1,-1,-1
434,-1,593,321,79,239,1.1433,-1,-1,-1
434,-1,892.44,223.86,138.29,416.86,0.63099,-1,-1,-1
434,-1,993,305,79,239,0.36032,-1,-1,-1
434,-1,1104.1,1,392.97,1180.9,0.2713,-1,-1,-1
434,-1,493.46,296.47,97.492,294.47,-0.24891,-1,-1,-1
434,-1,478.71,329.43,148.29,446.86,-0.4838,-1,-1,-1
434,-1,1655.8,498.3,41.871,127.61,-0.49296,-1,-1,-1
435,-1,1115.3,112.43,277.58,834.73,3.9856,-1,-1,-1
435,-1,670.74,197.98,195.98,589.95,2.049,-1,-1,-1
435,-1,507.85,312.9,63.98,193.94,1.2807,-1,-1,-1
435,-1,593,321,79,239,1.2727,-1,-1,-1
435,-1,892.44,223.86,138.29,416.86,0.9314,-1,-1,-1
435,-1,1104.1,1,392.97,1180.9,0.39404,-1,-1,-1
435,-1,993,305,79,239,0.25111,-1,-1,-1
435,-1,497.24,295.07,90.896,274.69,0.21838,-1,-1,-1
435,-1,478.71,329.43,148.29,446.86,-0.42518,-1,-1,-1
436,-1,1115.3,112.43,277.58,834.73,3.8786,-1,-1,-1
436,-1,670.74,197.98,195.98,589.95,1.8406,-1,-1,-1
436,-1,598.82,325.9,63.98,193.94,1.1805,-1,-1,-1
436,-1,507.85,312.9,63.98,193.94,1.118,-1,-1,-1
436,-1,892.44,223.86,138.29,416.86,1.0103,-1,-1,-1
436,-1,1104.1,1,392.97,1180.9,0.39033,-1,-1,-1
436,-1,993,305,79,239,0.33776,-1,-1,-1
436,-1,497.24,295.07,90.896,274.69,0.089216,-1,-1,-1
436,-1,478.71,329.43,148.29,446.86,-0.30007,-1,-1,-1
436,-1,591.95,296.47,97.492,294.47,-0.34591,-1,-1,-1
436,-1,1553.1,207.14,59.629,180.89,-0.43414,-1,-1,-1
437,-1,1115.3,112.43,277.58,834.73,3.6503,-1,-1,-1
437,-1,670.74,158.59,195.98,589.95,1.8267,-1,-1,-1
437,-1,598.14,314.5,73.643,222.93,1.3723,-1,-1,-1
437,-1,507.85,312.9,63.98,193.94,1.0047,-1,-1,-1
437,-1,892.44,223.86,138.29,416.86,0.64773,-1,-1,-1
437,-1,1104.1,1,392.97,1180.9,0.50486,-1,-1,-1
437,-1,1001.2,299.57,73.643,222.93,0.12367,-1,-1,-1
437,-1,497.24,295.07,90.896,274.69,-0.1034,-1,-1,-1
437,-1,1553.1,207.14,59.629,180.89,-0.25465,-1,-1,-1
437,-1,478.71,329.43,148.29,446.86,-0.35472,-1,-1,-1
438,-1,1115.3,112.43,277.58,834.73,3.5021,-1,-1,-1
438,-1,686.94,172.48,170.48,513.45,2.027,-1,-1,-1
438,-1,583.21,314.5,73.643,222.93,1.5408,-1,-1,-1
438,-1,892.44,223.86,138.29,416.86,0.89807,-1,-1,-1
438,-1,822.07,299.57,73.643,222.93,0.74822,-1,-1,-1
438,-1,507.85,312.9,63.98,193.94,0.70925,-1,-1,-1
438,-1,993,289,79,239,0.5998,-1,-1,-1
438,-1,1104.1,1,392.97,1180.9,0.37965,-1,-1,-1
438,-1,497.24,295.07,90.896,274.69,0.031259,-1,-1,-1
438,-1,1553.1,207.14,59.629,180.89,-0.4147,-1,-1,-1
438,-1,478.71,329.43,148.29,446.86,-0.49884,-1,-1,-1
439,-1,1115.3,112.43,277.58,834.73,3.0876,-1,-1,-1
439,-1,806.97,292.52,84.742,256.23,2.3365,-1,-1,-1
439,-1,584.04,309.67,84.742,256.23,1.6999,-1,-1,-1
439,-1,686.94,172.48,170.48,513.45,1.6713,-1,-1,-1
439,-1,507.85,312.9,63.98,193.94,0.98731,-1,-1,-1
439,-1,993,289,79,239,0.95715,-1,-1,-1
439,-1,892.44,223.86,138.29,416.86,0.62711,-1,-1,-1
439,-1,1104.1,1,392.97,1180.9,0.25613,-1,-1,-1
439,-1,497.24,295.07,90.896,274.69,-0.10566,-1,-1,-1
440,-1,1144.7,104.97,258.92,778.76,2.8989,-1,-1,-1
440,-1,806.97,292.52,84.742,256.23,2.1226,-1,-1,-1
440,-1,670.74,158.59,195.98,589.95,1.7639,-1,-1,-1
440,-1,993,289,79,239,1.3964,-1,-1,-1
440,-1,583.21,314.5,73.643,222.93,1.37,-1,-1,-1
440,-1,1103.8,1,366.58,1101.8,0.98492,-1,-1,-1
440,-1,507.85,312.9,63.98,193.94,0.97795,-1,-1,-1
440,-1,892.44,223.86,138.29,416.86,0.59723,-1,-1,-1
440,-1,498.3,343.97,84.742,256.23,-0.030293,-1,-1,-1
440,-1,571.03,275.46,104.56,315.68,-0.31347,-1,-1,-1
440,-1,476.18,159.39,112.14,338.41,-0.32359,-1,-1,-1
440,-1,1685.2,532.85,48.246,146.74,-0.41146,-1,-1,-1
440,-1,1729,553,39,119,-0.49072,-1,-1,-1
441,-1,1115.3,112.43,277.58,834.73,2.9424,-1,-1,-1
441,-1,806.97,292.52,84.742,256.23,1.915,-1,-1,-1
441,-1,686.94,172.48,170.48,513.45,1.5636,-1,-1,-1
441,-1,583.21,314.5,73.643,222.93,1.2187,-1,-1,-1
441,-1,993,289,79,239,1.0774,-1,-1,-1
441,-1,507.85,312.9,63.98,193.94,0.95488,-1,-1,-1
441,-1,896.71,210,148.29,446.86,0.69203,-1,-1,-1
441,-1,497.24,295.07,90.896,274.69,-0.037626,-1,-1,-1
441,-1,1098.8,1,421.24,1265.7,-0.30327,-1,-1,-1
441,-1,571.03,275.46,104.56,315.68,-0.46093,-1,-1,-1
441,-1,476.18,159.39,112.14,338.41,-0.49348,-1,-1,-1
442,-1,1115.3,112.43,277.58,834.73,3.2625,-1,-1,-1
442,-1,806.97,292.52,84.742,256.23,2.0168,-1,-1,-1
442,-1,584.04,309.67,84.742,256.23,1.9655,-1,-1,-1
442,-1,995.61,292.52,84.742,256.23,1.5445,-1,-1,-1
442,-1,686.94,172.48,170.48,513.45,1.4965,-1,-1,-1
442,-1,896.71,210,148.29,446.86,0.85852,-1,-1,-1
442,-1,507.85,312.9,63.98,193.94,0.85573,-1,-1,-1
442,-1,498.3,343.97,84.742,256.23,-0.11383,-1,-1,-1
442,-1,1177.3,1,366.58,1101.8,-0.22525,-1,-1,-1
442,-1,317.68,317.68,51.78,157.34,-0.23707,-1,-1,-1
442,-1,624.81,104.97,258.92,778.76,-0.4578,-1,-1,-1
443,-1,1115.3,112.43,277.58,834.73,3.3016,-1,-1,-1
443,-1,584.04,309.67,84.742,256.23,1.9197,-1,-1,-1
443,-1,817,289,79,239,1.6708,-1,-1,-1
443,-1,995.61,292.52,84.742,256.23,1.4232,-1,-1,-1
443,-1,686.94,172.48,170.48,513.45,1.1424,-1,-1,-1
443,-1,896.71,210,148.29,446.86,1.0476,-1,-1,-1
443,-1,510.28,316.27,59.629,180.89,0.2141,-1,-1,-1
443,-1,1217,65,319,959,-0.040662,-1,-1,-1
443,-1,317.68,317.68,51.78,157.34,-0.15177,-1,-1,-1
443,-1,493.46,335.87,97.492,294.47,-0.28683,-1,-1,-1
443,-1,1737.8,543.19,44.948,136.84,-0.43485,-1,-1,-1
443,-1,265.65,293.5,68.644,207.93,-0.4826,-1,-1,-1
444,-1,1115.3,112.43,277.58,834.73,2.7899,-1,-1,-1
444,-1,824.12,292.52,84.742,256.23,1.7247,-1,-1,-1
444,-1,584.04,309.67,84.742,256.23,1.6412,-1,-1,-1
444,-1,896.71,210,148.29,446.86,1.4971,-1,-1,-1
444,-1,662.65,184.79,182.79,550.38,1.01,-1,-1,-1
444,-1,1012.8,292.52,84.742,256.23,0.88458,-1,-1,-1
444,-1,508.57,299.57,73.643,222.93,0.097983,-1,-1,-1
444,-1,1217,65,319,959,-0.039702,-1,-1,-1
444,-1,316.27,304.14,59.629,180.89,-0.31647,-1,-1,-1
444,-1,1570.1,198.21,41.871,127.61,-0.32868,-1,-1,-1
444,-1,265.65,293.5,68.644,207.93,-0.35486,-1,-1,-1
444,-1,486.58,338.79,104.56,315.68,-0.43814,-1,-1,-1
444,-1,486.03,146.51,120.26,362.77,-0.47296,-1,-1,-1
445,-1,1135.6,60.714,297.57,894.71,2.3895,-1,-1,-1
445,-1,824.12,292.52,84.742,256.23,1.9405,-1,-1,-1
445,-1,584.04,309.67,84.742,256.23,1.8645,-1,-1,-1
445,-1,896.71,210,148.29,446.86,1.5524,-1,-1,-1
445,-1,1009,289,79,239,1.487,-1,-1,-1
445,-1,705,193,159,479,1.337,-1,-1,-1
445,-1,508.57,299.57,73.643,222.93,0.473,-1,-1,-1
445,-1,679.82,136.76,225.27,677.82,0.023694,-1,-1,-1
445,-1,1073,305,79,239,-0.17563,-1,-1,-1
445,-1,261.22,351.72,55.569,168.71,-0.28131,-1,-1,-1
446,-1,1171,112.43,277.58,834.73,2.8216,-1,-1,-1
446,-1,824.12,292.52,84.742,256.23,2.4075,-1,-1,-1
446,-1,593,305,79,239,1.9205,-1,-1,-1
446,-1,699.41,184.79,182.79,550.38,1.5764,-1,-1,-1
446,-1,1011.9,276.69,90.896,274.69,1.4189,-1,-1,-1
446,-1,892.72,206.78,170.48,513.45,1.0073,-1,-1,-1
446,-1,520.84,312.9,63.98,193.94,0.82699,-1,-1,-1
446,-1,498.3,343.97,84.742,256.23,-0.11313,-1,-1,-1
446,-1,1104.1,1,392.97,1180.9,-0.16417,-1,-1,-1
446,-1,1767.3,549.75,41.871,127.61,-0.276,-1,-1,-1
446,-1,267.77,352.65,59.629,180.89,-0.28552,-1,-1,-1
446,-1,825.55,170.76,120.26,362.77,-0.33147,-1,-1,-1
446,-1,486.03,146.51,120.26,362.77,-0.42534,-1,-1,-1
447,-1,1171,112.43,277.58,834.73,2.5449,-1,-1,-1
447,-1,837,299.57,73.643,222.93,2.1693,-1,-1,-1
447,-1,598.14,314.5,73.643,222.93,1.862,-1,-1,-1
447,-1,699.41,184.79,182.79,550.38,1.7857,-1,-1,-1
447,-1,1012.8,292.52,84.742,256.23,1.2879,-1,-1,-1
447,-1,533.84,299.91,63.98,193.94,0.89537,-1,-1,-1
447,-1,926.57,239.86,148.29,446.86,0.67887,-1,-1,-1
447,-1,1575,182.07,68.644,207.93,0.00021292,-1,-1,-1
447,-1,623.81,718.81,51.78,157.34,-0.1084,-1,-1,-1
447,-1,1089,305,79,239,-0.13182,-1,-1,-1
447,-1,513.16,335.87,97.492,294.47,-0.24273,-1,-1,-1
447,-1,825.55,170.76,120.26,362.77,-0.38799,-1,-1,-1
447,-1,676.79,104.97,258.92,778.76,-0.42586,-1,-1,-1
447,-1,592.14,275.46,104.56,315.68,-0.43465,-1,-1,-1
447,-1,314.5,299.57,73.643,222.93,-0.45943,-1,-1,-1
447,-1,1527.6,79.793,48.246,146.74,-0.4643,-1,-1,-1
447,-1,1043.8,195.01,120.26,362.77,-0.47654,-1,-1,-1
448,-1,1171,112.43,277.58,834.73,2.5356,-1,-1,-1
448,-1,841.27,292.52,84.742,256.23,2.0964,-1,-1,-1
448,-1,601.19,309.67,84.742,256.23,1.5925,-1,-1,-1
448,-1,1011.9,276.69,90.896,274.69,1.4558,-1,-1,-1
448,-1,721.23,206.78,170.48,513.45,1.3992,-1,-1,-1
448,-1,534.53,316.27,59.629,180.89,1.0048,-1,-1,-1
448,-1,926.57,210,148.29,446.86,0.78308,-1,-1,-1
448,-1,515.45,292.52,84.742,256.23,-0.06167,-1,-1,-1
448,-1,1089,305,79,239,-0.12962,-1,-1,-1
448,-1,676.79,104.97,258.92,778.76,-0.16824,-1,-1,-1
448,-1,1588.9,182.07,68.644,207.93,-0.24671,-1,-1,-1
448,-1,345.72,316.17,48.246,146.74,-0.29694,-1,-1,-1
448,-1,326.82,369.69,41.871,127.61,-0.48983,-1,-1,-1
449,-1,1171,112.43,277.58,834.73,3.1074,-1,-1,-1
449,-1,841.27,292.52,84.742,256.23,2.5643,-1,-1,-1
449,-1,601.19,309.67,84.742,256.23,2.3696,-1,-1,-1
449,-1,721.23,206.78,170.48,513.45,1.7712,-1,-1,-1
449,-1,1029.9,292.52,84.742,256.23,1.7708,-1,-1,-1
449,-1,546.66,316.27,59.629,180.89,0.64348,-1,-1,-1
449,-1,929,225,159,479,0.48981,-1,-1,-1
449,-1,634.36,169.9,210.12,632.36,0.16924,-1,-1,-1
449,-1,1098.5,309.67,84.742,256.23,0.081093,-1,-1,-1
449,-1,53.78,338.79,51.78,157.34,-0.11433,-1,-1,-1
449,-1,532.6,343.97,84.742,256.23,-0.30571,-1,-1,-1
449,-1,97,273,79,239,-0.33287,-1,-1,-1
449,-1,521.43,159.39,112.14,338.41,-0.35578,-1,-1,-1
449,-1,832.75,156.95,128.96,388.88,-0.36089,-1,-1,-1
449,-1,1583.4,180.14,73.643,222.93,-0.41603,-1,-1,-1
449,-1,340.41,317.78,55.569,168.71,-0.4593,-1,-1,-1
450,-1,1171,112.43,277.58,834.73,3.2102,-1,-1,-1
450,-1,601.19,309.67,84.742,256.23,2.4068,-1,-1,-1
450,-1,721.23,206.78,170.48,513.45,2.1964,-1,-1,-1
450,-1,1030.2,276.69,90.896,274.69,2.0667,-1,-1,-1
450,-1,858.42,292.52,84.742,256.23,1.9637,-1,-1,-1
450,-1,544.22,307.43,68.644,207.93,0.77333,-1,-1,-1
450,-1,926.57,210,148.29,446.86,0.69619,-1,-1,-1
450,-1,1098.5,309.67,84.742,256.23,0.10398,-1,-1,-1
450,-1,85.449,254.35,104.56,315.68,-0.11367,-1,-1,-1
450,-1,849.8,170.76,120.26,362.77,-0.14865,-1,-1,-1
450,-1,815.59,317.78,225.27,677.82,-0.20289,-1,-1,-1
450,-1,645.88,725.08,55.569,168.71,-0.32791,-1,-1,-1
450,-1,676.79,104.97,258.92,778.76,-0.37947,-1,-1,-1
450,-1,534,350.2,90.896,274.69,-0.41585,-1,-1,-1
450,-1,521.43,159.39,112.14,338.41,-0.42821,-1,-1,-1
450,-1,321.36,321.36,68.644,207.93,-0.47146,-1,-1,-1
450,-1,572.83,208.94,128.96,388.88,-0.48929,-1,-1,-1
451,-1,1171,112.43,277.58,834.73,2.8235,-1,-1,-1
451,-1,601.19,309.67,84.742,256.23,2.4956,-1,-1,-1
451,-1,1030.2,276.69,90.896,274.69,2.0404,-1,-1,-1
451,-1,699.41,184.79,182.79,550.38,1.9259,-1,-1,-1
451,-1,865,289,79,239,1.775,-1,-1,-1
451,-1,546.83,312.9,63.98,193.94,0.72794,-1,-1,-1
451,-1,929,193,159,479,0.66095,-1,-1,-1
451,-1,815.59,317.78,225.27,677.82,-0.06708,-1,-1,-1
451,-1,329.43,299.57,73.643,222.93,-0.093501,-1,-1,-1
451,-1,532.6,343.97,84.742,256.23,-0.14643,-1,-1,-1
451,-1,99.492,257.08,97.492,294.47,-0.16508,-1,-1,-1
451,-1,65.98,299.91,63.98,193.94,-0.20662,-1,-1,-1
451,-1,1115.6,309.67,84.742,256.23,-0.29844,-1,-1,-1
451,-1,651.04,739.69,48.246,146.74,-0.39045,-1,-1,-1
451,-1,676.79,104.97,258.92,778.76,-0.47854,-1,-1,-1
